patient_id,home_point_id,home_lat,home_lon,hospital_id,activity_type,appointment_id,slot_time,priority_code,priority_class,theta_p,requirement,appointment_datetime,appointment_minute,appointment_time_hhmm,hospital_stay_min,return_ready_datetime,return_ready_minute,return_ready_time_hhmm,waiting_time_after_treatment_min,return_same_day,max_ride_time_min,direct_distance_est_km,direct_travel_time_est_min,distance_to_assigned_hospital_km,closest_hospital_id,closest_hospital_distance_km,assigned_hospital_is_coherent,home_generation_method,catchment_radius_km,source_quality,source_note
P1,HOME_P1,46.066453047001204,4.101905479590621,H2,dialysis,A0280,08:00,P1,high,2.0,prescription_medicale,2026-05-18 08:10:00,490,08:10,215,2026-05-18 11:45:00,705,11:45,15,1,25,4.303,6.15,4.303,H1,3.358,1,catchment_near_assigned_hospital,8,assumption_to_validate,Renaison dialysis: assumed 30/day.
P2,HOME_P2,45.99602961135652,4.035023472391296,H3,dialysis,A0431,13:00,P1,high,2.0,vsl_required,2026-05-18 13:35:00,815,13:35,235,2026-05-18 17:30:00,1050,17:30,15,1,25,8.226,11.75,8.226,H2,7.635,1,catchment_near_assigned_hospital,8,assumption_to_validate,Third dialysis center: assumed 24/day.
P3,HOME_P3,46.07743915873769,4.206880620912575,H2,other,A0359,08:30,P2,medium,1.5,prescription_medicale,2026-05-18 08:40:00,520,08:40,25,2026-05-18 09:05:00,545,09:05,25,1,35,14.029,20.04,14.029,H1,13.368,1,catchment_near_assigned_hospital,12,assumption_to_validate,Renaison other: assumed 36/day.
P4,HOME_P4,46.11162332997584,4.102470686292185,H2,oncology,A0322,08:00,P1,high,2.0,vsl_required,2026-05-18 08:25:00,505,08:25,250,2026-05-18 12:35:00,755,12:35,15,1,25,9.721,13.89,9.721,H1,8.6,1,catchment_near_assigned_hospital,10,assumption_to_validate,Renaison oncology: assumed 16/day.
P5,HOME_P5,46.09616281830085,4.060202612265351,H1,dialysis,A0018,08:00,P1,high,2.0,vsl_required,2026-05-18 08:05:00,485,08:05,240,2026-05-18 12:05:00,725,12:05,15,1,25,6.078,8.68,6.078,H1,6.078,1,catchment_near_assigned_hospital,8,observed_user_table,"CH Roanne dialysis: 53/day. 26 morning, 23 noon, 4 evening."
P6,HOME_P6,45.920385020017804,3.953624969207701,H1,external,A0253,14:30,P3,low,1.0,prescription_medicale,2026-05-18 14:30:00,870,14:30,30,2026-05-18 15:00:00,900,15:00,35,1,56,21.761,31.09,21.761,H2,20.667,1,catchment_near_assigned_hospital,18,computed_from_user_table,External visits: 75/day * 15% using fleet.
P7,HOME_P7,45.99871108501652,3.989536348375602,H1,oncology,A0137,11:00,P1,high,2.0,vsl_required,2026-05-18 11:50:00,710,11:50,170,2026-05-18 14:40:00,880,14:40,15,1,25,11.045,15.78,11.045,H2,10.059,1,catchment_near_assigned_hospital,10,observed_user_table,CH Roanne chemotherapy: 30/day.
P8,HOME_P8,46.05870847820693,3.9916539325075115,H2,oncology,A0332,13:00,P1,high,2.0,prescription_medicale,2026-05-18 13:30:00,810,13:30,95,2026-05-18 15:05:00,905,15:05,15,1,25,7.658,10.94,7.658,H3,7.653,1,catchment_near_assigned_hospital,10,assumption_to_validate,Renaison oncology: assumed 16/day.
P9,HOME_P9,46.021435076349775,4.11317519168199,H3,dialysis,A0411,08:00,P1,high,2.0,vsl_required,2026-05-18 08:55:00,535,08:55,245,2026-05-18 13:00:00,780,13:00,15,1,25,5.755,8.22,5.755,H2,5.451,1,catchment_near_assigned_hospital,8,assumption_to_validate,Third dialysis center: assumed 24/day.
P10,HOME_P10,46.03478216404287,4.047382124865955,H1,other,A0224,14:00,P2,medium,1.5,standard_assis,2026-05-18 14:10:00,850,14:10,75,2026-05-18 15:25:00,925,15:25,25,1,35,3.548,5.07,3.548,H2,2.564,1,catchment_near_assigned_hospital,12,observed_user_table,CH Roanne other: 49/day.
P11,HOME_P11,46.03097272972535,4.062152547868491,H2,dialysis,A0274,08:00,P1,high,2.0,vsl_required,2026-05-18 08:40:00,520,08:40,215,2026-05-18 12:15:00,735,12:15,15,1,25,2.145,5.0,2.145,H2,2.145,1,catchment_near_assigned_hospital,8,assumption_to_validate,Renaison dialysis: assumed 30/day.
P12,HOME_P12,46.03652364525342,4.07456398229885,H1,dialysis,A0016,08:00,P1,high,2.0,prescription_medicale,2026-05-18 08:55:00,535,08:55,240,2026-05-18 12:55:00,775,12:55,15,1,25,2.339,5.0,2.339,H2,1.391,1,catchment_near_assigned_hospital,8,observed_user_table,"CH Roanne dialysis: 53/day. 26 morning, 23 noon, 4 evening."
P13,HOME_P13,46.12869006026183,4.0337004464522135,H2,other,A0386,14:00,P2,medium,1.5,prescription_medicale,2026-05-18 14:15:00,855,14:15,25,2026-05-18 14:40:00,880,14:40,25,0,35,12.021,17.17,12.021,H1,11.133,1,catchment_near_assigned_hospital,12,assumption_to_validate,Renaison other: assumed 36/day.
P14,HOME_P14,46.10771635674189,4.132429793365764,H1,dialysis,A0021,08:00,P1,high,2.0,vsl_required,2026-05-18 08:40:00,520,08:40,240,2026-05-18 12:40:00,760,12:40,15,1,25,9.506,13.58,9.506,H1,9.506,1,catchment_near_assigned_hospital,8,observed_user_table,"CH Roanne dialysis: 53/day. 26 morning, 23 noon, 4 evening."
P15,HOME_P15,46.05243217165235,4.099477594387542,H1,dialysis,A0047,08:00,P1,high,2.0,vsl_required,2026-05-18 08:05:00,485,08:05,240,2026-05-18 12:05:00,725,12:05,15,1,25,2.586,5.0,2.586,H1,2.586,1,catchment_near_assigned_hospital,8,observed_user_table,"CH Roanne dialysis: 53/day. 26 morning, 23 noon, 4 evening."
P16,HOME_P16,46.09374819995567,4.16257469922126,H2,other,A0398,14:00,P2,medium,1.5,standard_assis,2026-05-18 14:25:00,865,14:25,25,2026-05-18 14:50:00,890,14:50,25,1,35,11.242,16.06,11.242,H1,10.33,1,catchment_near_assigned_hospital,12,assumption_to_validate,Renaison other: assumed 36/day.
P17,HOME_P17,46.00095117716894,4.063826594551585,H3,dialysis,A0435,13:00,P1,high,2.0,prescription_medicale,2026-05-18 13:35:00,815,13:35,245,2026-05-18 17:40:00,1060,17:40,15,1,25,6.843,9.78,6.843,H2,6.238,1,catchment_near_assigned_hospital,8,assumption_to_validate,Third dialysis center: assumed 24/day.
P18,HOME_P18,45.95068065131258,4.088387454460208,H1,other,A0163,08:30,P2,medium,1.5,standard_assis,2026-05-18 09:55:00,595,09:55,120,2026-05-18 11:55:00,715,11:55,25,1,35,14.344,20.49,14.344,H2,13.342,1,catchment_near_assigned_hospital,12,observed_user_table,CH Roanne other: 49/day.
P19,HOME_P19,46.10769530850243,4.00166983714435,H1,other,A0178,08:30,P2,medium,1.5,standard_assis,2026-05-18 09:45:00,585,09:45,75,2026-05-18 11:00:00,660,11:00,25,1,35,10.201,14.57,10.201,H1,10.201,1,catchment_near_assigned_hospital,12,observed_user_table,CH Roanne other: 49/day.
P20,HOME_P20,46.00142593579652,4.159411144129929,H1,other,A0198,10:30,P2,medium,1.5,prescription_medicale,2026-05-18 10:30:00,630,10:30,105,2026-05-18 12:15:00,735,12:15,25,1,35,11.046,15.78,11.046,H2,10.693,1,catchment_near_assigned_hospital,12,observed_user_table,CH Roanne other: 49/day.
P21,HOME_P21,46.11386611691433,4.062837175248286,H2,other,A0402,16:30,P2,medium,1.5,standard_assis,2026-05-18 17:55:00,1075,17:55,30,2026-05-18 18:25:00,1105,18:25,25,1,35,9.492,13.56,9.492,H1,8.472,1,catchment_near_assigned_hospital,12,assumption_to_validate,Renaison other: assumed 36/day.
P22,HOME_P22,46.113820787521625,3.9874611694593525,H2,other,A0348,08:30,P2,medium,1.5,standard_assis,2026-05-18 09:40:00,580,09:40,25,2026-05-18 10:05:00,605,10:05,25,1,35,12.294,17.56,12.294,H1,11.76,1,catchment_near_assigned_hospital,12,assumption_to_validate,Renaison other: assumed 36/day.
P23,HOME_P23,45.95878037624756,4.12983184182261,H1,other,A0170,08:30,P2,medium,1.5,standard_assis,2026-05-18 09:25:00,565,09:25,120,2026-05-18 11:25:00,685,11:25,25,1,35,14.248,20.35,14.248,H2,13.442,1,catchment_near_assigned_hospital,12,observed_user_table,CH Roanne other: 49/day.
P24,HOME_P24,45.96055892111576,3.8950858038153933,H1,external,A0251,13:30,P3,low,1.0,standard_assis,2026-05-18 14:20:00,860,14:20,20,2026-05-18 14:40:00,880,14:40,35,1,56,21.452,30.65,21.452,H2,20.526,1,catchment_near_assigned_hospital,18,computed_from_user_table,External visits: 75/day * 15% using fleet.
P25,HOME_P25,46.0422798194413,4.159826042621555,H1,other,A0159,08:30,P2,medium,1.5,standard_assis,2026-05-18 09:45:00,585,09:45,75,2026-05-18 11:00:00,660,11:00,25,1,35,8.543,12.2,8.543,H1,8.543,1,catchment_near_assigned_hospital,12,observed_user_table,CH Roanne other: 49/day.
P26,HOME_P26,45.991228890556805,4.058850457270661,H1,oncology,A0124,08:00,P1,high,2.0,prescription_medicale,2026-05-18 08:00:00,480,08:00,180,2026-05-18 11:00:00,660,11:00,15,1,25,8.73,12.47,8.73,H2,7.632,1,catchment_near_assigned_hospital,10,observed_user_table,CH Roanne chemotherapy: 30/day.
P27,HOME_P27,46.12886310775595,4.149229262967476,H1,other,A0165,08:30,P2,medium,1.5,standard_assis,2026-05-18 08:45:00,525,08:45,75,2026-05-18 10:00:00,600,10:00,25,1,35,12.835,18.34,12.835,H1,12.835,1,catchment_near_assigned_hospital,12,observed_user_table,CH Roanne other: 49/day.
P28,HOME_P28,46.065989665147335,4.240655930514923,H1,external,A0250,13:30,P3,low,1.0,standard_assis,2026-05-18 14:25:00,865,14:25,30,2026-05-18 14:55:00,895,14:55,35,1,45,16.295,23.28,16.295,H1,16.295,1,catchment_near_assigned_hospital,18,computed_from_user_table,External visits: 75/day * 15% using fleet.
P29,HOME_P29,46.00685362590247,3.9958661161952285,H1,other,A0161,08:30,P2,medium,1.5,standard_assis,2026-05-18 09:35:00,575,09:35,105,2026-05-18 11:20:00,680,11:20,25,1,35,9.831,14.04,9.831,H2,8.871,1,catchment_near_assigned_hospital,12,observed_user_table,CH Roanne other: 49/day.
P30,HOME_P30,46.10287446041825,4.0794278672611,H1,dialysis,A0065,13:00,P1,high,2.0,vsl_required,2026-05-18 13:45:00,825,13:45,240,2026-05-18 17:45:00,1065,17:45,15,1,25,6.921,9.89,6.921,H1,6.921,1,catchment_near_assigned_hospital,8,observed_user_table,"CH Roanne dialysis: 53/day. 26 morning, 23 noon, 4 evening."
P31,HOME_P31,46.0657670612117,4.029718719300133,H1,oncology,A0140,11:00,P1,high,2.0,prescription_medicale,2026-05-18 11:35:00,695,11:35,175,2026-05-18 14:30:00,870,14:30,15,1,25,4.493,6.42,4.493,H3,4.461,1,catchment_near_assigned_hospital,10,observed_user_table,CH Roanne chemotherapy: 30/day.
P32,HOME_P32,46.08038366375509,4.024138380664529,H1,oncology,A0144,11:00,P1,high,2.0,vsl_required,2026-05-18 11:05:00,665,11:05,165,2026-05-18 13:50:00,830,13:50,15,1,25,6.009,8.58,6.009,H1,6.009,1,catchment_near_assigned_hospital,10,observed_user_table,CH Roanne chemotherapy: 30/day.
P33,HOME_P33,46.02472222829925,4.146610788872523,H1,oncology,A0143,11:00,P1,high,2.0,vsl_required,2026-05-18 11:40:00,700,11:40,180,2026-05-18 14:40:00,880,14:40,15,1,25,8.163,11.66,8.163,H2,8.054,1,catchment_near_assigned_hospital,10,observed_user_table,CH Roanne chemotherapy: 30/day.
P34,HOME_P34,46.07643708869408,3.95406376885403,H1,oncology,A0104,08:00,P1,high,2.0,prescription_medicale,2026-05-18 08:25:00,505,08:25,155,2026-05-18 11:00:00,660,11:00,15,1,25,11.885,16.98,11.885,H3,11.77,1,catchment_near_assigned_hospital,10,observed_user_table,CH Roanne chemotherapy: 30/day.
P35,HOME_P35,46.0042112910949,4.123586669631126,H1,oncology,A0123,08:00,P1,high,2.0,vsl_required,2026-05-18 08:00:00,480,08:00,170,2026-05-18 10:50:00,650,10:50,15,1,25,8.406,12.01,8.406,H2,7.824,1,catchment_near_assigned_hospital,10,observed_user_table,CH Roanne chemotherapy: 30/day.
P36,HOME_P36,46.10836413219761,4.079320012013696,H1,dialysis,A0019,08:00,P1,high,2.0,vsl_required,2026-05-18 08:10:00,490,08:10,240,2026-05-18 12:10:00,730,12:10,15,1,25,7.68,10.97,7.68,H1,7.68,1,catchment_near_assigned_hospital,8,observed_user_table,"CH Roanne dialysis: 53/day. 26 morning, 23 noon, 4 evening."
P37,HOME_P37,45.98208417625413,4.083240899867239,H2,dialysis,A0311,13:00,P1,high,2.0,vsl_required,2026-05-18 13:00:00,780,13:00,215,2026-05-18 16:35:00,995,16:35,15,1,25,8.951,12.79,8.951,H2,8.951,1,catchment_near_assigned_hospital,8,assumption_to_validate,Renaison dialysis: assumed 30/day.
P38,HOME_P38,46.01342784354393,4.285576033942813,H1,external,A0256,16:30,P3,low,1.0,standard_assis,2026-05-18 16:40:00,1000,16:40,20,2026-05-18 17:00:00,1020,17:00,35,1,55,21.276,30.39,21.276,H1,21.276,1,catchment_near_assigned_hospital,18,computed_from_user_table,External visits: 75/day * 15% using fleet.
P39,HOME_P39,46.01013432294031,4.074011490350954,H1,dialysis,A0053,13:00,P1,high,2.0,vsl_required,2026-05-18 13:15:00,795,13:15,240,2026-05-18 17:15:00,1035,17:15,15,1,25,6.001,8.57,6.001,H2,4.969,1,catchment_near_assigned_hospital,8,observed_user_table,"CH Roanne dialysis: 53/day. 26 morning, 23 noon, 4 evening."
P40,HOME_P40,46.055707901699726,4.095839342227131,H3,dialysis,A0423,08:00,P1,high,2.0,vsl_required,2026-05-18 08:55:00,535,08:55,240,2026-05-18 12:55:00,775,12:55,15,1,25,2.616,5.0,2.616,H1,2.257,1,catchment_near_assigned_hospital,8,assumption_to_validate,Third dialysis center: assumed 24/day.
P41,HOME_P41,46.02377781728499,3.9644256434712606,H1,oncology,A0113,08:00,P1,high,2.0,vsl_required,2026-05-18 08:55:00,535,08:55,175,2026-05-18 11:50:00,710,11:50,15,1,25,11.224,16.03,11.224,H2,10.522,1,catchment_near_assigned_hospital,10,observed_user_table,CH Roanne chemotherapy: 30/day.
P42,HOME_P42,46.0863145199369,4.016018630827049,H1,dialysis,A0084,13:00,P1,high,2.0,prescription_medicale,2026-05-18 13:00:00,780,13:00,240,2026-05-18 17:00:00,1020,17:00,15,1,25,7.137,10.2,7.137,H1,7.137,1,catchment_near_assigned_hospital,8,observed_user_table,"CH Roanne dialysis: 53/day. 26 morning, 23 noon, 4 evening."
P43,HOME_P43,46.08056308836208,4.071464683622128,H1,dialysis,A0087,13:00,P1,high,2.0,prescription_medicale,2026-05-18 13:05:00,785,13:05,240,2026-05-18 17:05:00,1025,17:05,15,1,25,3.791,5.42,3.791,H1,3.791,1,catchment_near_assigned_hospital,8,observed_user_table,"CH Roanne dialysis: 53/day. 26 morning, 23 noon, 4 evening."
P44,HOME_P44,46.01655668708228,4.056792398914247,H2,other,A0352,08:30,P2,medium,1.5,standard_assis,2026-05-18 08:35:00,515,08:35,25,2026-05-18 09:00:00,540,09:00,25,1,35,4.213,6.02,4.213,H2,4.213,1,catchment_near_assigned_hospital,12,assumption_to_validate,Renaison other: assumed 36/day.
P45,HOME_P45,46.029155600876585,4.045071488020027,H1,dialysis,A0046,08:00,P1,high,2.0,prescription_medicale,2026-05-18 08:15:00,495,08:15,240,2026-05-18 12:15:00,735,12:15,15,1,25,4.286,6.12,4.286,H2,3.245,1,catchment_near_assigned_hospital,8,observed_user_table,"CH Roanne dialysis: 53/day. 26 morning, 23 noon, 4 evening."
P46,HOME_P46,46.01662685020349,4.150627918226068,H2,other,A0361,08:30,P2,medium,1.5,prescription_medicale,2026-05-18 09:20:00,560,09:20,35,2026-05-18 09:55:00,595,09:55,25,1,35,8.87,12.67,8.87,H2,8.87,1,catchment_near_assigned_hospital,12,assumption_to_validate,Renaison other: assumed 36/day.
P47,HOME_P47,46.168849610501965,3.9324557995870277,H1,external,A0259,17:30,P3,low,1.0,standard_assis,2026-05-18 17:55:00,1075,17:55,20,2026-05-18 18:15:00,1095,18:15,35,0,54,20.99,29.99,20.99,H1,20.99,1,catchment_near_assigned_hospital,18,computed_from_user_table,External visits: 75/day * 15% using fleet.
P48,HOME_P48,46.08372019245254,4.047936293291719,H2,other,A0369,10:30,P2,medium,1.5,standard_assis,2026-05-18 11:30:00,690,11:30,35,2026-05-18 12:05:00,725,12:05,25,1,35,5.655,8.08,5.655,H1,4.856,1,catchment_near_assigned_hospital,12,assumption_to_validate,Renaison other: assumed 36/day.
P49,HOME_P49,46.13162298216952,4.002407074951882,H1,other,A0181,08:30,P2,medium,1.5,standard_assis,2026-05-18 09:15:00,555,09:15,70,2026-05-18 10:25:00,625,10:25,25,1,35,12.823,18.32,12.823,H1,12.823,1,catchment_near_assigned_hospital,12,observed_user_table,CH Roanne other: 49/day.
P50,HOME_P50,45.963866759959956,4.080168558559896,H1,other,A0228,14:00,P2,medium,1.5,standard_assis,2026-05-18 14:25:00,865,14:25,70,2026-05-18 15:35:00,935,15:35,25,1,35,12.452,17.79,12.452,H2,11.427,1,catchment_near_assigned_hospital,12,observed_user_table,CH Roanne other: 49/day.
P51,HOME_P51,46.0831267230857,4.021029087011445,H1,dialysis,A0032,08:00,P1,high,2.0,prescription_medicale,2026-05-18 08:00:00,480,08:00,240,2026-05-18 12:00:00,720,12:00,15,1,25,6.482,9.26,6.482,H1,6.482,1,catchment_near_assigned_hospital,8,observed_user_table,"CH Roanne dialysis: 53/day. 26 morning, 23 noon, 4 evening."
P52,HOME_P52,46.014187313740585,4.070215710457935,H1,dialysis,A0088,13:00,P1,high,2.0,vsl_required,2026-05-18 13:40:00,820,13:40,240,2026-05-18 17:40:00,1060,17:40,15,1,25,5.442,7.77,5.442,H2,4.382,1,catchment_near_assigned_hospital,8,observed_user_table,"CH Roanne dialysis: 53/day. 26 morning, 23 noon, 4 evening."
P53,HOME_P53,46.13730348616302,4.03106671922756,H1,other,A0221,14:00,P2,medium,1.5,standard_assis,2026-05-18 14:55:00,895,14:55,95,2026-05-18 16:30:00,990,16:30,25,1,35,12.346,17.64,12.346,H1,12.346,1,catchment_near_assigned_hospital,12,observed_user_table,CH Roanne other: 49/day.
P54,HOME_P54,46.04769286046847,4.102027529939755,H2,dialysis,A0289,13:00,P1,high,2.0,prescription_medicale,2026-05-18 13:30:00,810,13:30,230,2026-05-18 17:20:00,1040,17:20,15,1,25,3.217,5.0,3.217,H1,2.934,1,catchment_near_assigned_hospital,8,assumption_to_validate,Renaison dialysis: assumed 30/day.
P55,HOME_P55,46.08378135091913,4.090335010115533,H1,dialysis,A0033,08:00,P1,high,2.0,prescription_medicale,2026-05-18 08:55:00,535,08:55,240,2026-05-18 12:55:00,775,12:55,15,1,25,4.565,6.52,4.565,H1,4.565,1,catchment_near_assigned_hospital,8,observed_user_table,"CH Roanne dialysis: 53/day. 26 morning, 23 noon, 4 evening."
P56,HOME_P56,45.986419416778936,4.073186693535525,H2,dialysis,A0263,08:00,P1,high,2.0,vsl_required,2026-05-18 08:25:00,505,08:25,245,2026-05-18 12:30:00,750,12:30,15,1,25,8.25,11.79,8.25,H2,8.25,1,catchment_near_assigned_hospital,8,assumption_to_validate,Renaison dialysis: assumed 30/day.
P57,HOME_P57,46.03211543968555,4.182767093527594,H1,other,A0160,08:30,P2,medium,1.5,prescription_medicale,2026-05-18 09:00:00,540,09:00,95,2026-05-18 10:35:00,635,10:35,25,1,35,11.02,15.74,11.02,H1,11.02,1,catchment_near_assigned_hospital,12,observed_user_table,CH Roanne other: 49/day.
P58,HOME_P58,46.07470531911132,4.046736507961602,H1,oncology,A0139,11:00,P1,high,2.0,vsl_required,2026-05-18 11:00:00,660,11:00,150,2026-05-18 13:30:00,810,13:30,15,1,25,3.889,5.56,3.889,H1,3.889,1,catchment_near_assigned_hospital,10,observed_user_table,CH Roanne chemotherapy: 30/day.
P59,HOME_P59,46.03855957632102,4.161020073802513,H1,dialysis,A0014,08:00,P1,high,2.0,vsl_required,2026-05-18 08:50:00,530,08:50,240,2026-05-18 12:50:00,770,12:50,15,1,25,8.763,12.52,8.763,H1,8.763,1,catchment_near_assigned_hospital,8,observed_user_table,"CH Roanne dialysis: 53/day. 26 morning, 23 noon, 4 evening."
P60,HOME_P60,46.08859033895884,4.132659592373868,H3,dialysis,A0426,08:00,P1,high,2.0,vsl_required,2026-05-18 08:10:00,490,08:10,215,2026-05-18 11:45:00,705,11:45,15,1,25,8.08,11.54,8.08,H1,7.582,1,catchment_near_assigned_hospital,8,assumption_to_validate,Third dialysis center: assumed 24/day.
P61,HOME_P61,46.03563037294523,4.09836220902293,H3,dialysis,A0425,08:00,P1,high,2.0,vsl_required,2026-05-18 08:45:00,525,08:45,225,2026-05-18 12:30:00,750,12:30,15,0,25,3.388,5.0,3.388,H2,3.177,1,catchment_near_assigned_hospital,8,assumption_to_validate,Third dialysis center: assumed 24/day.
P62,HOME_P62,46.06269426656704,4.219904174107467,H2,other,A0363,08:30,P2,medium,1.5,standard_assis,2026-05-18 09:15:00,555,09:15,35,2026-05-18 09:50:00,590,09:50,25,1,35,14.765,21.09,14.765,H1,14.258,1,catchment_near_assigned_hospital,12,assumption_to_validate,Renaison other: assumed 36/day.
P63,HOME_P63,45.957192844678296,4.039841411561417,H2,other,A0382,10:30,P2,medium,1.5,standard_assis,2026-05-18 11:30:00,690,11:30,25,2026-05-18 11:55:00,715,11:55,25,1,35,12.616,18.02,12.616,H2,12.616,1,catchment_near_assigned_hospital,12,assumption_to_validate,Renaison other: assumed 36/day.
P64,HOME_P64,46.1060694269158,4.119559979672152,H2,oncology,A0333,13:00,P1,high,2.0,vsl_required,2026-05-18 13:05:00,785,13:05,235,2026-05-18 17:00:00,1020,17:00,15,1,25,9.714,13.88,9.714,H1,8.614,1,catchment_near_assigned_hospital,10,assumption_to_validate,Renaison oncology: assumed 16/day.
P65,HOME_P65,46.00704391546891,3.983590295033609,H2,oncology,A0315,08:00,P1,high,2.0,standard_assis,2026-05-18 08:05:00,485,08:05,200,2026-05-18 11:25:00,685,11:25,15,1,25,9.823,14.03,9.823,H2,9.823,1,catchment_near_assigned_hospital,10,assumption_to_validate,Renaison oncology: assumed 16/day.
P66,HOME_P66,46.02849531734443,4.057484101914905,H2,oncology,A0342,15:00,P1,high,2.0,prescription_medicale,2026-05-18 15:05:00,905,15:05,230,2026-05-18 18:55:00,1135,18:55,15,1,25,2.629,5.0,2.629,H2,2.629,1,catchment_near_assigned_hospital,10,assumption_to_validate,Renaison oncology: assumed 16/day.
P67,HOME_P67,46.135072337803834,4.1333308424361555,H1,other,A0205,10:30,P2,medium,1.5,premium,2026-05-18 10:50:00,650,10:50,70,2026-05-18 12:00:00,720,12:00,25,1,35,12.78,18.26,12.78,H1,12.78,1,catchment_near_assigned_hospital,12,observed_user_table,CH Roanne other: 49/day.
P68,HOME_P68,46.067256493574675,4.068861556516256,H2,dialysis,A0279,08:00,P1,high,2.0,vsl_required,2026-05-18 08:25:00,505,08:25,245,2026-05-18 12:30:00,750,12:30,15,1,25,2.996,5.0,2.996,H1,1.975,1,catchment_near_assigned_hospital,8,assumption_to_validate,Renaison dialysis: assumed 30/day.
P69,HOME_P69,46.016303665531545,4.097329808969189,H1,dialysis,A0068,13:00,P1,high,2.0,vsl_required,2026-05-18 13:45:00,825,13:45,240,2026-05-18 17:45:00,1065,17:45,15,1,25,5.665,8.09,5.665,H2,4.927,1,catchment_near_assigned_hospital,8,observed_user_table,"CH Roanne dialysis: 53/day. 26 morning, 23 noon, 4 evening."
P70,HOME_P70,46.11668376755744,4.086572792908739,H3,dialysis,A0413,08:00,P1,high,2.0,prescription_medicale,2026-05-18 08:35:00,515,08:35,245,2026-05-18 12:40:00,760,12:40,15,1,25,9.405,13.44,9.405,H1,8.911,1,catchment_near_assigned_hospital,8,assumption_to_validate,Third dialysis center: assumed 24/day.
P71,HOME_P71,46.038206877979604,4.116667705376248,H1,other,A0156,08:30,P2,medium,1.5,prescription_medicale,2026-05-18 09:45:00,585,09:45,75,2026-05-18 11:00:00,660,11:00,25,1,35,4.732,6.76,4.732,H1,4.732,1,catchment_near_assigned_hospital,12,observed_user_table,CH Roanne other: 49/day.
P72,HOME_P72,46.023898718894436,4.010995145538494,H1,dialysis,A0020,08:00,P1,high,2.0,vsl_required,2026-05-18 08:20:00,500,08:20,240,2026-05-18 12:20:00,740,12:20,15,1,25,7.221,10.32,7.221,H2,6.348,1,catchment_near_assigned_hospital,8,observed_user_table,"CH Roanne dialysis: 53/day. 26 morning, 23 noon, 4 evening."
P73,HOME_P73,46.05449218364617,4.08271732442726,H3,dialysis,A0437,13:00,P1,high,2.0,vsl_required,2026-05-18 13:10:00,790,13:10,210,2026-05-18 16:40:00,1000,16:40,15,1,25,1.376,5.0,1.376,H1,0.98,1,catchment_near_assigned_hospital,8,assumption_to_validate,Third dialysis center: assumed 24/day.
P74,HOME_P74,46.054922849031676,4.089538276152153,H2,dialysis,A0286,08:00,P1,high,2.0,vsl_required,2026-05-18 08:00:00,480,08:00,220,2026-05-18 11:40:00,700,11:40,15,1,25,2.376,5.0,2.376,H1,1.64,1,catchment_near_assigned_hospital,8,assumption_to_validate,Renaison dialysis: assumed 30/day.
P75,HOME_P75,46.0181347077505,4.005588586244422,H1,dialysis,A0009,08:00,P1,high,2.0,prescription_medicale,2026-05-18 08:40:00,520,08:40,240,2026-05-18 12:40:00,760,12:40,15,1,25,8.113,11.59,8.113,H2,7.203,1,catchment_near_assigned_hospital,8,observed_user_table,"CH Roanne dialysis: 53/day. 26 morning, 23 noon, 4 evening."
P76,HOME_P76,46.099029677867236,3.9823200913235097,H2,other,A0344,08:30,P2,medium,1.5,standard_assis,2026-05-18 08:30:00,510,08:30,40,2026-05-18 09:10:00,550,09:10,25,1,35,11.157,15.94,11.157,H1,10.786,1,catchment_near_assigned_hospital,12,assumption_to_validate,Renaison other: assumed 36/day.
P77,HOME_P77,46.06067554339589,3.9864542235450062,H2,dialysis,A0269,08:00,P1,high,2.0,vsl_required,2026-05-18 08:00:00,480,08:00,210,2026-05-18 11:30:00,690,11:30,15,1,25,8.211,11.73,8.211,H3,8.194,1,catchment_near_assigned_hospital,8,assumption_to_validate,Renaison dialysis: assumed 30/day.
P78,HOME_P78,45.95701363775993,4.011751091683923,H1,other,A0152,08:30,P2,medium,1.5,standard_assis,2026-05-18 08:40:00,520,08:40,65,2026-05-18 09:45:00,585,09:45,25,1,35,14.62,20.89,14.62,H2,13.501,1,catchment_near_assigned_hospital,12,observed_user_table,CH Roanne other: 49/day.
P79,HOME_P79,46.03257564426045,4.084406503276375,H1,dialysis,A0017,08:00,P1,high,2.0,vsl_required,2026-05-18 08:50:00,530,08:50,240,2026-05-18 12:50:00,770,12:50,15,1,25,3.094,5.0,3.094,H2,2.365,1,catchment_near_assigned_hospital,8,observed_user_table,"CH Roanne dialysis: 53/day. 26 morning, 23 noon, 4 evening."
P80,HOME_P80,46.05631896224876,4.0847066259597815,H1,oncology,A0107,08:00,P1,high,2.0,standard_assis,2026-05-18 08:35:00,515,08:35,175,2026-05-18 11:30:00,690,11:30,15,1,25,1.232,5.0,1.232,H1,1.232,1,catchment_near_assigned_hospital,10,observed_user_table,CH Roanne chemotherapy: 30/day.
P81,HOME_P81,46.0386458333416,4.163570270624731,H3,dialysis,A0449,17:00,P1,high,2.0,vsl_required,2026-05-18 17:55:00,1075,17:55,250,2026-05-18 22:05:00,1325,22:05,15,1,25,9.164,13.09,9.164,H1,9.0,1,catchment_near_assigned_hospital,8,assumption_to_validate,Third dialysis center: assumed 24/day.
P82,HOME_P82,45.963061041384165,4.1479035192741085,H2,other,A0406,16:30,P2,medium,1.5,vsl_required,2026-05-18 17:25:00,1045,17:25,30,2026-05-18 17:55:00,1075,17:55,25,1,35,13.793,19.7,13.793,H2,13.793,1,catchment_near_assigned_hospital,12,assumption_to_validate,Renaison other: assumed 36/day.
P83,HOME_P83,46.03979790763618,4.038416949762387,H1,external,A0248,12:30,P3,low,1.0,prescription_medicale,2026-05-18 14:25:00,865,14:25,25,2026-05-18 14:50:00,890,14:50,35,1,45,3.803,5.43,3.803,H2,3.044,1,catchment_near_assigned_hospital,18,computed_from_user_table,External visits: 75/day * 15% using fleet.
P84,HOME_P84,46.10625072348088,4.077069266988043,H1,dialysis,A0073,13:00,P1,high,2.0,vsl_required,2026-05-18 13:20:00,800,13:20,240,2026-05-18 17:20:00,1040,17:20,15,1,25,7.372,10.53,7.372,H1,7.372,1,catchment_near_assigned_hospital,8,observed_user_table,"CH Roanne dialysis: 53/day. 26 morning, 23 noon, 4 evening."
P85,HOME_P85,46.05344330227877,4.056708930870984,H1,dialysis,A0059,13:00,P1,high,2.0,vsl_required,2026-05-18 13:55:00,835,13:55,240,2026-05-18 17:55:00,1075,17:55,15,1,25,1.543,5.0,1.543,H3,1.369,1,catchment_near_assigned_hospital,8,observed_user_table,"CH Roanne dialysis: 53/day. 26 morning, 23 noon, 4 evening."
P86,HOME_P86,46.06912550676409,4.098811290027677,H1,dialysis,A0074,13:00,P1,high,2.0,vsl_required,2026-05-18 13:35:00,815,13:35,240,2026-05-18 17:35:00,1055,17:35,15,1,25,3.344,5.0,3.344,H1,3.344,1,catchment_near_assigned_hospital,8,observed_user_table,"CH Roanne dialysis: 53/day. 26 morning, 23 noon, 4 evening."
P87,HOME_P87,46.136873590512536,4.256449700389284,H1,external,A0252,14:30,P3,low,1.0,prescription_medicale,2026-05-18 14:30:00,870,14:30,20,2026-05-18 14:50:00,890,14:50,35,1,55,21.181,30.26,21.181,H1,21.181,1,catchment_near_assigned_hospital,18,computed_from_user_table,External visits: 75/day * 15% using fleet.
P88,HOME_P88,46.079353836617265,4.087505399147614,H1,external,A0247,11:30,P3,low,1.0,standard_assis,2026-05-18 12:50:00,770,12:50,25,2026-05-18 13:15:00,795,13:15,35,1,45,3.893,5.56,3.893,H1,3.893,1,catchment_near_assigned_hospital,18,computed_from_user_table,External visits: 75/day * 15% using fleet.
P89,HOME_P89,45.95151400951865,4.117178026560369,H1,other,A0150,08:30,P2,medium,1.5,standard_assis,2026-05-18 09:10:00,550,09:10,110,2026-05-18 11:00:00,660,11:00,25,1,35,14.785,21.12,14.785,H2,13.9,1,catchment_near_assigned_hospital,12,observed_user_table,CH Roanne other: 49/day.
P90,HOME_P90,46.06257402967615,4.085966664147252,H1,dialysis,A0095,17:00,P1,high,2.0,vsl_required,2026-05-18 17:50:00,1070,17:50,240,2026-05-18 21:50:00,1310,21:50,15,1,25,1.816,5.0,1.816,H1,1.816,1,catchment_near_assigned_hospital,8,observed_user_table,"CH Roanne dialysis: 53/day. 26 morning, 23 noon, 4 evening."
P91,HOME_P91,46.0900913667372,4.098989166464747,H1,other,A0206,10:30,P2,medium,1.5,standard_assis,2026-05-18 10:35:00,635,10:35,95,2026-05-18 12:10:00,730,12:10,25,1,35,5.708,8.15,5.708,H1,5.708,1,catchment_near_assigned_hospital,12,observed_user_table,CH Roanne other: 49/day.
P92,HOME_P92,46.11850106564531,3.989864364770572,H1,other,A0155,08:30,P2,medium,1.5,vsl_required,2026-05-18 08:40:00,520,08:40,70,2026-05-18 09:50:00,590,09:50,25,1,35,12.079,17.26,12.079,H1,12.079,1,catchment_near_assigned_hospital,12,observed_user_table,CH Roanne other: 49/day.
P93,HOME_P93,46.03299664508234,3.9938143236537584,H3,dialysis,A0439,13:00,P1,high,2.0,prescription_medicale,2026-05-18 13:00:00,780,13:00,210,2026-05-18 16:30:00,990,16:30,15,1,25,7.721,11.03,7.721,H2,7.447,1,catchment_near_assigned_hospital,8,assumption_to_validate,Third dialysis center: assumed 24/day.
P94,HOME_P94,46.0952642273749,4.079925939705325,H2,other,A0356,08:30,P2,medium,1.5,standard_assis,2026-05-18 08:45:00,525,08:45,40,2026-05-18 09:25:00,565,09:25,25,1,35,6.972,9.96,6.972,H1,5.874,1,catchment_near_assigned_hospital,12,assumption_to_validate,Renaison other: assumed 36/day.
P95,HOME_P95,46.03308877405998,4.194104632523251,H2,oncology,A0323,08:00,P1,high,2.0,vsl_required,2026-05-18 08:55:00,535,08:55,225,2026-05-18 12:40:00,760,12:40,15,1,25,12.216,17.45,12.216,H1,12.045,1,catchment_near_assigned_hospital,10,assumption_to_validate,Renaison oncology: assumed 16/day.
P96,HOME_P96,46.060823329773356,4.0412580111450325,H2,other,A0388,14:00,P2,medium,1.5,standard_assis,2026-05-18 14:30:00,870,14:30,35,2026-05-18 15:05:00,905,15:05,25,1,35,3.388,5.0,3.388,H3,3.154,1,catchment_near_assigned_hospital,12,assumption_to_validate,Renaison other: assumed 36/day.
P97,HOME_P97,46.10019950335213,4.120249103725771,H1,dialysis,A0078,13:00,P1,high,2.0,prescription_medicale,2026-05-18 13:35:00,815,13:35,240,2026-05-18 17:35:00,1055,17:35,15,1,25,7.969,11.38,7.969,H1,7.969,1,catchment_near_assigned_hospital,8,observed_user_table,"CH Roanne dialysis: 53/day. 26 morning, 23 noon, 4 evening."
P98,HOME_P98,46.07224618257567,4.084872443618519,H1,dialysis,A0027,08:00,P1,high,2.0,vsl_required,2026-05-18 08:45:00,525,08:45,240,2026-05-18 12:45:00,765,12:45,15,1,25,2.883,5.0,2.883,H1,2.883,1,catchment_near_assigned_hospital,8,observed_user_table,"CH Roanne dialysis: 53/day. 26 morning, 23 noon, 4 evening."
P99,HOME_P99,46.02779495258747,3.918252278339969,H2,other,A0401,16:30,P2,medium,1.5,vsl_required,2026-05-18 16:50:00,1010,16:50,30,2026-05-18 17:20:00,1040,17:20,25,1,35,14.738,21.05,14.738,H2,14.738,1,catchment_near_assigned_hospital,12,assumption_to_validate,Renaison other: assumed 36/day.
P100,HOME_P100,46.028313969268936,3.951409902394446,H1,other,A0171,08:30,P2,medium,1.5,vsl_required,2026-05-18 09:00:00,540,09:00,80,2026-05-18 10:20:00,620,10:20,25,1,35,12.207,17.44,12.207,H2,11.582,1,catchment_near_assigned_hospital,12,observed_user_table,CH Roanne other: 49/day.
P101,HOME_P101,46.013220953984195,4.056638215690088,H1,dialysis,A0034,08:00,P1,high,2.0,vsl_required,2026-05-18 08:00:00,480,08:00,240,2026-05-18 12:00:00,720,12:00,15,1,25,5.782,8.26,5.782,H2,4.664,1,catchment_near_assigned_hospital,8,observed_user_table,"CH Roanne dialysis: 53/day. 26 morning, 23 noon, 4 evening."
P102,HOME_P102,46.02358819052944,4.102374793168224,H1,dialysis,A0038,08:00,P1,high,2.0,prescription_medicale,2026-05-18 08:35:00,515,08:35,240,2026-05-18 12:35:00,755,12:35,15,1,25,5.025,7.18,5.025,H2,4.466,1,catchment_near_assigned_hospital,8,observed_user_table,"CH Roanne dialysis: 53/day. 26 morning, 23 noon, 4 evening."
P103,HOME_P103,46.027937266384114,4.214957557900367,H2,other,A0367,10:30,P2,medium,1.5,standard_assis,2026-05-18 10:45:00,645,10:45,35,2026-05-18 11:20:00,680,11:20,25,1,35,14.317,20.45,14.317,H1,14.171,1,catchment_near_assigned_hospital,12,assumption_to_validate,Renaison other: assumed 36/day.
P104,HOME_P104,46.05964955626381,4.099962288180166,H1,dialysis,A0054,13:00,P1,high,2.0,prescription_medicale,2026-05-18 13:50:00,830,13:50,240,2026-05-18 17:50:00,1070,17:50,15,1,25,2.774,5.0,2.774,H1,2.774,1,catchment_near_assigned_hospital,8,observed_user_table,"CH Roanne dialysis: 53/day. 26 morning, 23 noon, 4 evening."
P105,HOME_P105,46.12849703951172,4.041951633409807,H2,other,A0390,14:00,P2,medium,1.5,standard_assis,2026-05-18 14:35:00,875,14:35,40,2026-05-18 15:15:00,915,15:15,25,1,35,11.796,16.85,11.796,H1,10.864,1,catchment_near_assigned_hospital,12,assumption_to_validate,Renaison other: assumed 36/day.
P106,HOME_P106,45.98559967044438,4.018752412315491,H2,dialysis,A0282,08:00,P1,high,2.0,vsl_required,2026-05-18 08:20:00,500,08:20,270,2026-05-18 12:50:00,770,12:50,15,1,25,9.65,13.79,9.65,H2,9.65,1,catchment_near_assigned_hospital,8,assumption_to_validate,Renaison dialysis: assumed 30/day.
P107,HOME_P107,45.99401757142902,4.113027792973368,H3,dialysis,A0450,17:00,P1,high,2.0,vsl_required,2026-05-18 17:10:00,1030,17:10,220,2026-05-18 20:50:00,1250,20:50,15,1,25,8.82,12.6,8.82,H2,8.356,1,catchment_near_assigned_hospital,8,assumption_to_validate,Third dialysis center: assumed 24/day.
P108,HOME_P108,46.138641545208905,4.169200079817293,H1,external,A0239,08:30,P3,low,1.0,standard_assis,2026-05-18 09:45:00,585,09:45,25,2026-05-18 10:10:00,610,10:10,35,1,45,15.074,21.53,15.074,H1,15.074,1,catchment_near_assigned_hospital,18,computed_from_user_table,External visits: 75/day * 15% using fleet.
P109,HOME_P109,45.99207204257482,3.999191323587821,H2,other,A0404,16:30,P2,medium,1.5,standard_assis,2026-05-18 16:45:00,1005,16:45,30,2026-05-18 17:15:00,1035,17:15,25,1,35,10.035,14.34,10.035,H2,10.035,1,catchment_near_assigned_hospital,12,assumption_to_validate,Renaison other: assumed 36/day.
P110,HOME_P110,45.99089783635561,4.133327570863864,H2,oncology,A0341,15:00,P1,high,2.0,prescription_medicale,2026-05-18 15:55:00,955,15:55,100,2026-05-18 17:35:00,1055,17:35,15,1,25,9.839,14.06,9.839,H2,9.839,1,catchment_near_assigned_hospital,10,assumption_to_validate,Renaison oncology: assumed 16/day.
P111,HOME_P111,46.037933983951,4.06336862363642,H3,dialysis,A0414,08:00,P1,high,2.0,prescription_medicale,2026-05-18 08:05:00,485,08:05,210,2026-05-18 11:35:00,695,11:35,15,1,25,1.795,5.0,1.795,H2,1.2,1,catchment_near_assigned_hospital,8,assumption_to_validate,Third dialysis center: assumed 24/day.
P112,HOME_P112,46.11790676675629,4.0789168405393275,H1,dialysis,A0094,17:00,P1,high,2.0,vsl_required,2026-05-18 17:05:00,1025,17:05,240,2026-05-18 21:05:00,1265,21:05,15,1,25,9.0,12.86,9.0,H1,9.0,1,catchment_near_assigned_hospital,8,observed_user_table,"CH Roanne dialysis: 53/day. 26 morning, 23 noon, 4 evening."
P113,HOME_P113,46.019037949587755,4.108473144595606,H2,dialysis,A0261,08:00,P1,high,2.0,prescription_medicale,2026-05-18 08:15:00,495,08:15,270,2026-05-18 12:45:00,765,12:45,15,1,25,5.328,7.61,5.328,H2,5.328,1,catchment_near_assigned_hospital,8,assumption_to_validate,Renaison dialysis: assumed 30/day.
P114,HOME_P114,46.03357924249592,4.2125916108935995,H1,other,A0176,08:30,P2,medium,1.5,standard_assis,2026-05-18 09:50:00,590,09:50,95,2026-05-18 11:25:00,685,11:25,25,1,35,13.772,19.67,13.772,H1,13.772,1,catchment_near_assigned_hospital,12,observed_user_table,CH Roanne other: 49/day.
P115,HOME_P115,46.046403902819684,4.068593589392327,H3,dialysis,A0433,13:00,P1,high,2.0,vsl_required,2026-05-18 13:05:00,785,13:05,260,2026-05-18 17:25:00,1045,17:25,15,1,25,0.518,5.0,0.518,H2,0.1,1,catchment_near_assigned_hospital,8,assumption_to_validate,Third dialysis center: assumed 24/day.
P116,HOME_P116,46.00052160682228,4.166258946125411,H1,oncology,A0135,11:00,P1,high,2.0,vsl_required,2026-05-18 11:20:00,680,11:20,150,2026-05-18 13:50:00,830,13:50,15,1,25,11.633,16.62,11.633,H2,11.31,1,catchment_near_assigned_hospital,10,observed_user_table,CH Roanne chemotherapy: 30/day.
P117,HOME_P117,46.00472981872137,4.14695640978705,H1,dialysis,A0060,13:00,P1,high,2.0,vsl_required,2026-05-18 13:45:00,825,13:45,240,2026-05-18 17:45:00,1065,17:45,15,1,25,9.845,14.06,9.845,H2,9.451,1,catchment_near_assigned_hospital,8,observed_user_table,"CH Roanne dialysis: 53/day. 26 morning, 23 noon, 4 evening."
P118,HOME_P118,46.09872719007124,4.144408734501183,H1,oncology,A0126,08:00,P1,high,2.0,prescription_medicale,2026-05-18 08:05:00,485,08:05,175,2026-05-18 11:00:00,660,11:00,15,1,25,9.363,13.38,9.363,H1,9.363,1,catchment_near_assigned_hospital,10,observed_user_table,CH Roanne chemotherapy: 30/day.
P119,HOME_P119,46.016166038115145,4.120469910104145,H1,oncology,A0120,08:00,P1,high,2.0,vsl_required,2026-05-18 08:45:00,525,08:45,170,2026-05-18 11:35:00,695,11:35,15,1,25,6.92,9.89,6.92,H2,6.459,1,catchment_near_assigned_hospital,10,observed_user_table,CH Roanne chemotherapy: 30/day.
P120,HOME_P120,46.09317363477245,4.057031376490883,H1,dialysis,A0061,13:00,P1,high,2.0,prescription_medicale,2026-05-18 13:30:00,810,13:30,240,2026-05-18 17:30:00,1050,17:30,15,1,25,5.744,8.21,5.744,H1,5.744,1,catchment_near_assigned_hospital,8,observed_user_table,"CH Roanne dialysis: 53/day. 26 morning, 23 noon, 4 evening."
P121,HOME_P121,46.0001980221904,4.083090267648849,H1,dialysis,A0066,13:00,P1,high,2.0,prescription_medicale,2026-05-18 13:05:00,785,13:05,240,2026-05-18 17:05:00,1025,17:05,15,1,25,7.449,10.64,7.449,H2,6.473,1,catchment_near_assigned_hospital,8,observed_user_table,"CH Roanne dialysis: 53/day. 26 morning, 23 noon, 4 evening."
P122,HOME_P122,45.966683501767115,4.019425881894814,H1,other,A0166,08:30,P2,medium,1.5,standard_assis,2026-05-18 09:15:00,555,09:15,110,2026-05-18 11:05:00,665,11:05,25,1,35,13.092,18.7,13.092,H2,11.973,1,catchment_near_assigned_hospital,12,observed_user_table,CH Roanne other: 49/day.
P123,HOME_P123,46.04513888724083,4.172004454255338,H1,oncology,A0142,11:00,P1,high,2.0,vsl_required,2026-05-18 11:30:00,690,11:30,180,2026-05-18 14:30:00,870,14:30,15,1,25,9.647,13.78,9.647,H1,9.647,1,catchment_near_assigned_hospital,10,observed_user_table,CH Roanne chemotherapy: 30/day.
P124,HOME_P124,46.02926525713717,4.1523026738396185,H2,dialysis,A0262,08:00,P1,high,2.0,vsl_required,2026-05-18 08:05:00,485,08:05,260,2026-05-18 12:25:00,745,12:25,15,1,25,8.375,11.96,8.375,H2,8.375,1,catchment_near_assigned_hospital,8,assumption_to_validate,Renaison dialysis: assumed 30/day.
P125,HOME_P125,46.057271001914465,4.173437697329199,H2,oncology,A0321,08:00,P1,high,2.0,standard_assis,2026-05-18 08:05:00,485,08:05,285,2026-05-18 12:50:00,770,12:50,15,1,25,10.221,14.6,10.221,H1,9.732,1,catchment_near_assigned_hospital,10,assumption_to_validate,Renaison oncology: assumed 16/day.
P126,HOME_P126,46.01746104349592,4.041690916921381,H2,other,A0380,10:30,P2,medium,1.5,standard_assis,2026-05-18 11:30:00,690,11:30,35,2026-05-18 12:05:00,725,12:05,25,1,35,4.717,6.74,4.717,H2,4.717,1,catchment_near_assigned_hospital,12,assumption_to_validate,Renaison other: assumed 36/day.
P127,HOME_P127,46.0097597882593,3.937532172340029,H1,other,A0233,16:00,P2,medium,1.5,standard_assis,2026-05-18 17:25:00,1045,17:25,100,2026-05-18 19:05:00,1145,19:05,25,1,35,14.379,20.54,14.379,H2,13.617,1,catchment_near_assigned_hospital,12,observed_user_table,CH Roanne other: 49/day.
P128,HOME_P128,45.98088760168734,4.060517754728402,H1,other,A0220,14:00,P2,medium,1.5,standard_assis,2026-05-18 14:05:00,845,14:05,115,2026-05-18 16:00:00,960,16:00,25,1,35,10.133,14.48,10.133,H2,9.044,1,catchment_near_assigned_hospital,12,observed_user_table,CH Roanne other: 49/day.
P129,HOME_P129,46.03221528203332,4.0281049221518375,H1,dialysis,A0036,08:00,P1,high,2.0,vsl_required,2026-05-18 08:05:00,485,08:05,240,2026-05-18 12:05:00,725,12:05,15,1,25,5.206,7.44,5.206,H2,4.351,1,catchment_near_assigned_hospital,8,observed_user_table,"CH Roanne dialysis: 53/day. 26 morning, 23 noon, 4 evening."
P130,HOME_P130,46.111303891855314,3.945877646558944,H2,other,A0353,08:30,P2,medium,1.5,standard_assis,2026-05-18 09:05:00,545,09:05,35,2026-05-18 09:40:00,580,09:40,25,1,35,14.954,21.36,14.954,H1,14.646,1,catchment_near_assigned_hospital,12,assumption_to_validate,Renaison other: assumed 36/day.
P131,HOME_P131,46.05121253066763,3.98366294683222,H1,dialysis,A0013,08:00,P1,high,2.0,prescription_medicale,2026-05-18 08:00:00,480,08:00,240,2026-05-18 12:00:00,720,12:00,15,1,25,8.594,12.28,8.594,H2,8.249,1,catchment_near_assigned_hospital,8,observed_user_table,"CH Roanne dialysis: 53/day. 26 morning, 23 noon, 4 evening."
P132,HOME_P132,46.07041900446256,3.9824919211985406,H1,oncology,A0119,08:00,P1,high,2.0,vsl_required,2026-05-18 08:15:00,495,08:15,180,2026-05-18 11:15:00,675,11:15,15,1,25,9.02,12.89,9.02,H3,8.904,1,catchment_near_assigned_hospital,10,observed_user_table,CH Roanne chemotherapy: 30/day.
P133,HOME_P133,46.045660385553504,4.044258225007383,H1,oncology,A0149,14:00,P1,high,2.0,vsl_required,2026-05-18 14:20:00,860,14:20,180,2026-05-18 17:20:00,1040,17:20,15,1,25,2.942,5.0,2.942,H2,2.368,1,catchment_near_assigned_hospital,10,observed_user_table,CH Roanne chemotherapy: 30/day.
P134,HOME_P134,46.0634186819294,4.12756662996309,H1,other,A0232,16:00,P2,medium,1.5,prescription_medicale,2026-05-18 16:05:00,965,16:05,115,2026-05-18 18:00:00,1080,18:00,25,1,35,5.476,7.82,5.476,H1,5.476,1,catchment_near_assigned_hospital,12,observed_user_table,CH Roanne other: 49/day.
P135,HOME_P135,46.076903027772765,4.154601829266167,H1,dialysis,A0044,08:00,P1,high,2.0,prescription_medicale,2026-05-18 08:15:00,495,08:15,240,2026-05-18 12:15:00,735,12:15,15,1,25,8.553,12.22,8.553,H1,8.553,1,catchment_near_assigned_hospital,8,observed_user_table,"CH Roanne dialysis: 53/day. 26 morning, 23 noon, 4 evening."
P136,HOME_P136,46.07500863688596,4.138768971170857,H1,other,A0174,08:30,P2,medium,1.5,standard_assis,2026-05-18 09:25:00,565,09:25,110,2026-05-18 11:15:00,675,11:15,25,1,35,7.05,10.07,7.05,H1,7.05,1,catchment_near_assigned_hospital,12,observed_user_table,CH Roanne other: 49/day.
P137,HOME_P137,46.020388721315555,4.143480057242586,H3,dialysis,A0419,08:00,P1,high,2.0,vsl_required,2026-05-18 08:55:00,535,08:55,255,2026-05-18 13:10:00,790,13:10,15,1,25,8.198,11.71,8.198,H2,8.019,1,catchment_near_assigned_hospital,8,assumption_to_validate,Third dialysis center: assumed 24/day.
P138,HOME_P138,46.034154702411044,4.018795732224333,H1,dialysis,A0022,08:00,P1,high,2.0,vsl_required,2026-05-18 08:05:00,485,08:05,240,2026-05-18 12:05:00,725,12:05,15,1,25,5.842,8.35,5.842,H2,5.084,1,catchment_near_assigned_hospital,8,observed_user_table,"CH Roanne dialysis: 53/day. 26 morning, 23 noon, 4 evening."
P139,HOME_P139,46.04917865087181,4.164438815636081,H1,oncology,A0109,08:00,P1,high,2.0,vsl_required,2026-05-18 08:30:00,510,08:30,170,2026-05-18 11:20:00,680,11:20,15,1,25,8.868,12.67,8.868,H1,8.868,1,catchment_near_assigned_hospital,10,observed_user_table,CH Roanne chemotherapy: 30/day.
P140,HOME_P140,46.05976913873992,4.134318390373468,H2,dialysis,A0299,13:00,P1,high,2.0,vsl_required,2026-05-18 13:30:00,810,13:30,260,2026-05-18 17:50:00,1070,17:50,15,1,25,6.616,9.45,6.616,H1,6.011,1,catchment_near_assigned_hospital,8,assumption_to_validate,Renaison dialysis: assumed 30/day.
P141,HOME_P141,45.92336700805009,4.023867648674772,H1,external,A0254,15:30,P3,low,1.0,prescription_medicale,2026-05-18 16:05:00,965,16:05,30,2026-05-18 16:35:00,995,16:35,35,1,48,18.665,26.66,18.665,H2,17.549,1,catchment_near_assigned_hospital,18,computed_from_user_table,External visits: 75/day * 15% using fleet.
P142,HOME_P142,46.09196768369208,4.057089558907788,H1,dialysis,A0008,08:00,P1,high,2.0,vsl_required,2026-05-18 08:20:00,500,08:20,240,2026-05-18 12:20:00,740,12:20,15,1,25,5.581,7.97,5.581,H1,5.581,1,catchment_near_assigned_hospital,8,observed_user_table,"CH Roanne dialysis: 53/day. 26 morning, 23 noon, 4 evening."
P143,HOME_P143,46.09513757304801,4.075176223760612,H2,dialysis,A0273,08:00,P1,high,2.0,vsl_required,2026-05-18 08:40:00,520,08:40,245,2026-05-18 12:45:00,765,12:45,15,1,25,6.899,9.86,6.899,H1,5.82,1,catchment_near_assigned_hospital,8,assumption_to_validate,Renaison dialysis: assumed 30/day.
P144,HOME_P144,46.01158077366164,4.0710776952523355,H2,oncology,A0339,15:00,P1,high,2.0,vsl_required,2026-05-18 15:10:00,910,15:10,110,2026-05-18 17:00:00,1020,17:00,15,1,25,4.747,6.78,4.747,H2,4.747,1,catchment_near_assigned_hospital,10,assumption_to_validate,Renaison oncology: assumed 16/day.
P145,HOME_P145,46.02761301385818,4.070755020650192,H2,other,A0351,08:30,P2,medium,1.5,premium,2026-05-18 09:10:00,550,09:10,35,2026-05-18 09:45:00,585,09:45,25,1,35,2.521,5.0,2.521,H2,2.521,1,catchment_near_assigned_hospital,12,assumption_to_validate,Renaison other: assumed 36/day.
P146,HOME_P146,46.011781817616395,4.131319587490452,H1,oncology,A0111,08:00,P1,high,2.0,vsl_required,2026-05-18 08:20:00,500,08:20,165,2026-05-18 11:05:00,665,11:05,15,1,25,8.081,11.54,8.081,H2,7.657,1,catchment_near_assigned_hospital,10,observed_user_table,CH Roanne chemotherapy: 30/day.
P147,HOME_P147,46.15304744510266,4.069915947153707,H2,other,A0383,14:00,P2,medium,1.5,prescription_medicale,2026-05-18 15:05:00,905,15:05,40,2026-05-18 15:45:00,945,15:45,25,1,35,14.921,21.32,14.921,H1,13.867,1,catchment_near_assigned_hospital,12,assumption_to_validate,Renaison other: assumed 36/day.
P148,HOME_P148,46.02332014461966,4.029424549403781,H2,dialysis,A0267,08:00,P1,high,2.0,vsl_required,2026-05-18 08:30:00,510,08:30,220,2026-05-18 12:10:00,730,12:10,15,1,25,4.91,7.01,4.91,H2,4.91,1,catchment_near_assigned_hospital,8,assumption_to_validate,Renaison dialysis: assumed 30/day.
P149,HOME_P149,46.06212730912289,4.0247756814831375,H2,dialysis,A0300,13:00,P1,high,2.0,vsl_required,2026-05-18 13:30:00,810,13:30,225,2026-05-18 17:15:00,1035,17:15,15,1,25,4.821,6.89,4.821,H3,4.676,1,catchment_near_assigned_hospital,8,assumption_to_validate,Renaison dialysis: assumed 30/day.
P150,HOME_P150,46.11203384998419,4.024099014696861,H1,dialysis,A0051,13:00,P1,high,2.0,prescription_medicale,2026-05-18 13:00:00,780,13:00,240,2026-05-18 17:00:00,1020,17:00,15,1,25,9.413,13.45,9.413,H1,9.413,1,catchment_near_assigned_hospital,8,observed_user_table,"CH Roanne dialysis: 53/day. 26 morning, 23 noon, 4 evening."
P151,HOME_P151,45.962818579715645,4.063578269258743,H2,other,A0346,08:30,P2,medium,1.5,standard_assis,2026-05-18 09:15:00,555,09:15,30,2026-05-18 09:45:00,585,09:45,25,1,35,11.531,16.47,11.531,H2,11.531,1,catchment_near_assigned_hospital,12,assumption_to_validate,Renaison other: assumed 36/day.
P152,HOME_P152,45.971723258045664,4.167529086754623,H1,external,A0242,09:30,P3,low,1.0,standard_assis,2026-05-18 11:00:00,660,11:00,25,2026-05-18 11:25:00,685,11:25,35,1,45,14.573,20.82,14.573,H2,14.02,1,catchment_near_assigned_hospital,18,computed_from_user_table,External visits: 75/day * 15% using fleet.
P153,HOME_P153,46.08238533956165,3.9892107441555598,H1,dialysis,A0005,08:00,P1,high,2.0,vsl_required,2026-05-18 08:25:00,505,08:25,240,2026-05-18 12:25:00,745,12:25,15,1,25,9.009,12.87,9.009,H3,8.998,1,catchment_near_assigned_hospital,8,observed_user_table,"CH Roanne dialysis: 53/day. 26 morning, 23 noon, 4 evening."
P154,HOME_P154,45.96937422151007,4.170072797639746,H2,other,A0384,14:00,P2,medium,1.5,standard_assis,2026-05-18 15:05:00,905,15:05,30,2026-05-18 15:35:00,935,15:35,25,1,35,14.427,20.61,14.427,H2,14.427,1,catchment_near_assigned_hospital,12,assumption_to_validate,Renaison other: assumed 36/day.
P155,HOME_P155,45.95160946928628,4.252663558189311,H1,external,A0243,09:30,P3,low,1.0,standard_assis,2026-05-18 09:45:00,585,09:45,25,2026-05-18 10:10:00,610,10:10,35,1,58,22.398,32.0,22.398,H2,22.05,1,catchment_near_assigned_hospital,18,computed_from_user_table,External visits: 75/day * 15% using fleet.
P156,HOME_P156,46.02869363590674,4.0086554144847915,H3,dialysis,A0434,13:00,P1,high,2.0,vsl_required,2026-05-18 13:55:00,835,13:55,260,2026-05-18 18:15:00,1095,18:15,15,1,25,6.618,9.45,6.618,H2,6.266,1,catchment_near_assigned_hospital,8,assumption_to_validate,Third dialysis center: assumed 24/day.
P157,HOME_P157,46.0205128417802,4.0380693267099,H1,dialysis,A0003,08:00,P1,high,2.0,prescription_medicale,2026-05-18 08:00:00,480,08:00,240,2026-05-18 12:00:00,720,12:00,15,1,25,5.651,8.07,5.651,H2,4.588,1,catchment_near_assigned_hospital,8,observed_user_table,"CH Roanne dialysis: 53/day. 26 morning, 23 noon, 4 evening."
P158,HOME_P158,46.06046893863087,4.135872643435493,H1,other,A0180,08:30,P2,medium,1.5,standard_assis,2026-05-18 08:40:00,520,08:40,80,2026-05-18 10:00:00,600,10:00,25,1,35,6.174,8.82,6.174,H1,6.174,1,catchment_near_assigned_hospital,12,observed_user_table,CH Roanne other: 49/day.
P159,HOME_P159,46.066568871949855,3.9839164117936803,H2,other,A0368,10:30,P2,medium,1.5,standard_assis,2026-05-18 11:30:00,690,11:30,25,2026-05-18 11:55:00,715,11:55,25,1,35,8.686,12.41,8.686,H3,8.616,1,catchment_near_assigned_hospital,12,assumption_to_validate,Renaison other: assumed 36/day.
P160,HOME_P160,46.121836001982174,4.101844246295308,H1,dialysis,A0089,17:00,P1,high,2.0,vsl_required,2026-05-18 17:15:00,1035,17:15,240,2026-05-18 21:15:00,1275,21:15,15,1,25,9.932,14.19,9.932,H1,9.932,1,catchment_near_assigned_hospital,8,observed_user_table,"CH Roanne dialysis: 53/day. 26 morning, 23 noon, 4 evening."
P161,HOME_P161,46.03973943306451,4.147793764601691,H1,oncology,A0121,08:00,P1,high,2.0,vsl_required,2026-05-18 08:40:00,520,08:40,170,2026-05-18 11:30:00,690,11:30,15,1,25,7.486,10.69,7.486,H1,7.486,1,catchment_near_assigned_hospital,10,observed_user_table,CH Roanne chemotherapy: 30/day.
P162,HOME_P162,46.104315230226355,4.023821721510663,H1,oncology,A0103,08:00,P1,high,2.0,prescription_medicale,2026-05-18 08:40:00,520,08:40,160,2026-05-18 11:20:00,680,11:20,15,1,25,8.514,12.16,8.514,H1,8.514,1,catchment_near_assigned_hospital,10,observed_user_table,CH Roanne chemotherapy: 30/day.
P163,HOME_P163,46.04768358167072,4.159212789223329,H1,dialysis,A0076,13:00,P1,high,2.0,prescription_medicale,2026-05-18 13:00:00,780,13:00,240,2026-05-18 17:00:00,1020,17:00,15,1,25,8.382,11.97,8.382,H1,8.382,1,catchment_near_assigned_hospital,8,observed_user_table,"CH Roanne dialysis: 53/day. 26 morning, 23 noon, 4 evening."
P164,HOME_P164,46.06471846887546,4.034950669328966,H1,dialysis,A0086,13:00,P1,high,2.0,vsl_required,2026-05-18 13:50:00,830,13:50,240,2026-05-18 17:50:00,1070,17:50,15,1,25,3.972,5.67,3.972,H3,3.951,1,catchment_near_assigned_hospital,8,observed_user_table,"CH Roanne dialysis: 53/day. 26 morning, 23 noon, 4 evening."
P165,HOME_P165,46.064276798972784,4.1135339133308175,H2,dialysis,A0272,08:00,P1,high,2.0,vsl_required,2026-05-18 08:35:00,515,08:35,230,2026-05-18 12:25:00,745,12:25,15,1,25,5.028,7.18,5.028,H1,4.224,1,catchment_near_assigned_hospital,8,assumption_to_validate,Renaison dialysis: assumed 30/day.
P166,HOME_P166,46.015067451445695,4.1177307136672345,H2,dialysis,A0310,13:00,P1,high,2.0,vsl_required,2026-05-18 13:50:00,830,13:50,270,2026-05-18 18:20:00,1100,18:20,15,1,25,6.358,9.08,6.358,H2,6.358,1,catchment_near_assigned_hospital,8,assumption_to_validate,Renaison dialysis: assumed 30/day.
P167,HOME_P167,46.06817193940466,4.092994214099967,H1,oncology,A0125,08:00,P1,high,2.0,prescription_medicale,2026-05-18 08:55:00,535,08:55,170,2026-05-18 11:45:00,705,11:45,15,1,25,2.847,5.0,2.847,H1,2.847,1,catchment_near_assigned_hospital,10,observed_user_table,CH Roanne chemotherapy: 30/day.
P168,HOME_P168,46.0851434306318,4.057321998728543,H2,oncology,A0318,08:00,P1,high,2.0,prescription_medicale,2026-05-18 08:50:00,530,08:50,320,2026-05-18 14:10:00,850,14:10,15,1,25,5.593,7.99,5.593,H1,4.668,1,catchment_near_assigned_hospital,10,assumption_to_validate,Renaison oncology: assumed 16/day.
P169,HOME_P169,46.05808438214668,4.032706392386084,H3,dialysis,A0420,08:00,P1,high,2.0,prescription_medicale,2026-05-18 08:10:00,490,08:10,245,2026-05-18 12:15:00,735,12:15,15,1,25,3.769,5.38,3.769,H3,3.769,1,catchment_near_assigned_hospital,8,assumption_to_validate,Third dialysis center: assumed 24/day.
P170,HOME_P170,46.02197497095706,4.032693200132359,H1,dialysis,A0037,08:00,P1,high,2.0,prescription_medicale,2026-05-18 08:50:00,530,08:50,240,2026-05-18 12:50:00,770,12:50,15,1,25,5.819,8.31,5.819,H2,4.797,1,catchment_near_assigned_hospital,8,observed_user_table,"CH Roanne dialysis: 53/day. 26 morning, 23 noon, 4 evening."
P171,HOME_P171,46.0809991947979,3.949741685651629,H1,oncology,A0101,08:00,P1,high,2.0,vsl_required,2026-05-18 08:20:00,500,08:20,160,2026-05-18 11:00:00,660,11:00,15,1,25,12.467,17.81,12.467,H3,12.372,1,catchment_near_assigned_hospital,10,observed_user_table,CH Roanne chemotherapy: 30/day.
P172,HOME_P172,46.099106705500056,4.146288890755929,H1,dialysis,A0039,08:00,P1,high,2.0,prescription_medicale,2026-05-18 08:05:00,485,08:05,240,2026-05-18 12:05:00,725,12:05,15,1,25,9.533,13.62,9.533,H1,9.533,1,catchment_near_assigned_hospital,8,observed_user_table,"CH Roanne dialysis: 53/day. 26 morning, 23 noon, 4 evening."
P173,HOME_P173,46.04607059040466,3.9737866141513445,H1,other,A0218,14:00,P2,medium,1.5,premium,2026-05-18 15:05:00,905,15:05,60,2026-05-18 16:05:00,965,16:05,25,1,35,9.595,13.71,9.595,H2,9.166,1,catchment_near_assigned_hospital,12,observed_user_table,CH Roanne other: 49/day.
P174,HOME_P174,46.07596019615689,4.148768284979606,H3,dialysis,A0440,13:00,P1,high,2.0,vsl_required,2026-05-18 13:25:00,805,13:25,245,2026-05-18 17:30:00,1050,17:30,15,1,25,8.41,12.01,8.41,H1,7.984,1,catchment_near_assigned_hospital,8,assumption_to_validate,Third dialysis center: assumed 24/day.
P175,HOME_P175,46.016117193241456,4.1186345516728435,H1,dialysis,A0049,13:00,P1,high,2.0,vsl_required,2026-05-18 13:10:00,790,13:10,240,2026-05-18 17:10:00,1030,17:10,15,1,25,6.808,9.73,6.808,H2,6.327,1,catchment_near_assigned_hospital,8,observed_user_table,"CH Roanne dialysis: 53/day. 26 morning, 23 noon, 4 evening."
P176,HOME_P176,46.024854409769816,4.0817785968058065,H1,dialysis,A0052,13:00,P1,high,2.0,vsl_required,2026-05-18 13:00:00,780,13:00,240,2026-05-18 17:00:00,1020,17:00,15,1,25,4.05,5.79,4.05,H2,3.156,1,catchment_near_assigned_hospital,8,observed_user_table,"CH Roanne dialysis: 53/day. 26 morning, 23 noon, 4 evening."
P177,HOME_P177,46.02367736328881,3.9683605962483175,H1,other,A0179,08:30,P2,medium,1.5,vsl_required,2026-05-18 08:45:00,525,08:45,95,2026-05-18 10:20:00,620,10:20,25,1,35,10.877,15.54,10.877,H2,10.164,1,catchment_near_assigned_hospital,12,observed_user_table,CH Roanne other: 49/day.
P178,HOME_P178,46.00639961741307,4.07656998160503,H3,dialysis,A0409,08:00,P1,high,2.0,prescription_medicale,2026-05-18 08:00:00,480,08:00,260,2026-05-18 12:20:00,740,12:20,15,1,25,6.093,8.7,6.093,H2,5.514,1,catchment_near_assigned_hospital,8,assumption_to_validate,Third dialysis center: assumed 24/day.
P179,HOME_P179,45.92210715046688,3.937746741931639,H1,external,A0257,16:30,P3,low,1.0,prescription_medicale,2026-05-18 17:35:00,1055,17:35,20,2026-05-18 17:55:00,1075,17:55,35,1,58,22.414,32.02,22.414,H2,21.338,1,catchment_near_assigned_hospital,18,computed_from_user_table,External visits: 75/day * 15% using fleet.
P180,HOME_P180,46.09017304760773,4.0328352082633465,H2,dialysis,A0298,13:00,P1,high,2.0,prescription_medicale,2026-05-18 13:55:00,835,13:55,265,2026-05-18 18:20:00,1100,18:20,15,1,25,7.088,10.13,7.088,H1,6.407,1,catchment_near_assigned_hospital,8,assumption_to_validate,Renaison dialysis: assumed 30/day.
P181,HOME_P181,45.97237928231759,4.178913591086643,H2,other,A0347,08:30,P2,medium,1.5,standard_assis,2026-05-18 09:50:00,590,09:50,30,2026-05-18 10:20:00,620,10:20,25,1,35,14.726,21.04,14.726,H2,14.726,1,catchment_near_assigned_hospital,12,assumption_to_validate,Renaison other: assumed 36/day.
P182,HOME_P182,46.0707249609693,4.018707736482678,H1,dialysis,A0035,08:00,P1,high,2.0,prescription_medicale,2026-05-18 08:15:00,495,08:15,240,2026-05-18 12:15:00,735,12:15,15,1,25,5.743,8.2,5.743,H3,5.725,1,catchment_near_assigned_hospital,8,observed_user_table,"CH Roanne dialysis: 53/day. 26 morning, 23 noon, 4 evening."
P183,HOME_P183,46.018775377786966,3.9829616343816094,H1,dialysis,A0025,08:00,P1,high,2.0,prescription_medicale,2026-05-18 08:25:00,505,08:25,240,2026-05-18 12:25:00,745,12:25,15,1,25,9.9,14.14,9.9,H2,9.089,1,catchment_near_assigned_hospital,8,observed_user_table,"CH Roanne dialysis: 53/day. 26 morning, 23 noon, 4 evening."
P184,HOME_P184,46.05996556001053,4.07645537460315,H2,other,A0393,14:00,P2,medium,1.5,standard_assis,2026-05-18 15:25:00,925,15:25,35,2026-05-18 16:00:00,960,16:00,25,1,35,2.116,5.0,2.116,H1,0.995,1,catchment_near_assigned_hospital,12,assumption_to_validate,Renaison other: assumed 36/day.
P185,HOME_P185,46.00608454383639,4.1166356528280925,H2,dialysis,A0265,08:00,P1,high,2.0,vsl_required,2026-05-18 08:35:00,515,08:35,220,2026-05-18 12:15:00,735,12:15,15,1,25,7.186,10.27,7.186,H2,7.186,1,catchment_near_assigned_hospital,8,assumption_to_validate,Renaison dialysis: assumed 30/day.
P186,HOME_P186,45.9765912685167,3.965321650963533,H1,other,A0189,10:30,P2,medium,1.5,standard_assis,2026-05-18 11:55:00,715,11:55,85,2026-05-18 13:20:00,800,13:20,25,1,35,14.87,21.24,14.87,H2,13.858,1,catchment_near_assigned_hospital,12,observed_user_table,CH Roanne other: 49/day.
P187,HOME_P187,45.9527793502519,4.058860843383638,H1,other,A0162,08:30,P2,medium,1.5,standard_assis,2026-05-18 09:30:00,570,09:30,115,2026-05-18 11:25:00,685,11:25,25,1,35,14.035,20.05,14.035,H2,12.951,1,catchment_near_assigned_hospital,12,observed_user_table,CH Roanne other: 49/day.
P188,HOME_P188,46.112118425560304,4.029989643923148,H1,dialysis,A0006,08:00,P1,high,2.0,vsl_required,2026-05-18 08:30:00,510,08:30,240,2026-05-18 12:30:00,750,12:30,15,1,25,9.154,13.08,9.154,H1,9.154,1,catchment_near_assigned_hospital,8,observed_user_table,"CH Roanne dialysis: 53/day. 26 morning, 23 noon, 4 evening."
P189,HOME_P189,46.06568630230835,4.065063128064667,H2,other,A0395,14:00,P2,medium,1.5,standard_assis,2026-05-18 14:25:00,865,14:25,40,2026-05-18 15:05:00,905,15:05,25,1,35,2.801,5.0,2.801,H1,1.873,1,catchment_near_assigned_hospital,12,assumption_to_validate,Renaison other: assumed 36/day.
P190,HOME_P190,46.069290165115945,4.090938875747105,H1,external,A0244,10:30,P3,low,1.0,standard_assis,2026-05-18 10:55:00,655,10:55,20,2026-05-18 11:15:00,675,11:15,35,1,45,2.834,5.0,2.834,H1,2.834,1,catchment_near_assigned_hospital,18,computed_from_user_table,External visits: 75/day * 15% using fleet.
P191,HOME_P191,46.03071086590295,4.009832543066424,H2,other,A0354,08:30,P2,medium,1.5,standard_assis,2026-05-18 08:35:00,515,08:35,25,2026-05-18 09:00:00,540,09:00,25,1,35,6.059,8.66,6.059,H2,6.059,1,catchment_near_assigned_hospital,12,assumption_to_validate,Renaison other: assumed 36/day.
P192,HOME_P192,45.992972164455914,4.023511097435974,H1,dialysis,A0070,13:00,P1,high,2.0,vsl_required,2026-05-18 13:20:00,800,13:20,240,2026-05-18 17:20:00,1040,17:20,15,1,25,9.636,13.77,9.636,H2,8.533,1,catchment_near_assigned_hospital,8,observed_user_table,"CH Roanne dialysis: 53/day. 26 morning, 23 noon, 4 evening."
P193,HOME_P193,46.003892167722356,4.104523693596175,H2,other,A0407,16:30,P2,medium,1.5,premium,2026-05-18 17:05:00,1025,17:05,40,2026-05-18 17:45:00,1065,17:45,25,1,35,6.757,9.65,6.757,H2,6.757,1,catchment_near_assigned_hospital,12,assumption_to_validate,Renaison other: assumed 36/day.
P194,HOME_P194,46.011135560527094,3.9752834891786653,H1,oncology,A0132,11:00,P1,high,2.0,vsl_required,2026-05-18 11:55:00,715,11:55,170,2026-05-18 14:45:00,885,14:45,15,1,25,11.078,15.83,11.078,H2,10.224,1,catchment_near_assigned_hospital,10,observed_user_table,CH Roanne chemotherapy: 30/day.
P195,HOME_P195,46.01911607268979,4.160868632575675,H1,dialysis,A0007,08:00,P1,high,2.0,vsl_required,2026-05-18 08:05:00,485,08:05,240,2026-05-18 12:05:00,725,12:05,15,1,25,9.744,13.92,9.744,H2,9.622,1,catchment_near_assigned_hospital,8,observed_user_table,"CH Roanne dialysis: 53/day. 26 morning, 23 noon, 4 evening."
P196,HOME_P196,46.068918614617296,4.075189543076376,H2,dialysis,A0312,17:00,P1,high,2.0,prescription_medicale,2026-05-18 17:40:00,1060,17:40,255,2026-05-18 21:55:00,1315,21:55,15,1,25,3.286,5.0,3.286,H1,2.184,1,catchment_near_assigned_hospital,8,assumption_to_validate,Renaison dialysis: assumed 30/day.
P197,HOME_P197,46.11338255732988,3.9955270008266885,H1,oncology,A0100,08:00,P1,high,2.0,standard_assis,2026-05-18 08:50:00,530,08:50,165,2026-05-18 11:35:00,695,11:35,15,1,25,11.185,15.98,11.185,H1,11.185,1,catchment_near_assigned_hospital,10,observed_user_table,CH Roanne chemotherapy: 30/day.
P198,HOME_P198,46.091756215427466,4.145283663930915,H1,other,A0177,08:30,P2,medium,1.5,prescription_medicale,2026-05-18 09:15:00,555,09:15,80,2026-05-18 10:35:00,635,10:35,25,1,35,8.807,12.58,8.807,H1,8.807,1,catchment_near_assigned_hospital,12,observed_user_table,CH Roanne other: 49/day.
P199,HOME_P199,46.104777082207995,4.102089165260996,H2,oncology,A0335,13:00,P1,high,2.0,vsl_required,2026-05-18 13:45:00,825,13:45,315,2026-05-18 19:00:00,1140,19:00,15,1,25,8.816,12.59,8.816,H1,7.696,1,catchment_near_assigned_hospital,10,assumption_to_validate,Renaison oncology: assumed 16/day.
P200,HOME_P200,46.07461171939624,4.171841050153892,H2,other,A0357,08:30,P2,medium,1.5,prescription_medicale,2026-05-18 09:35:00,575,09:35,30,2026-05-18 10:05:00,605,10:05,25,1,35,10.72,15.31,10.72,H1,10.01,1,catchment_near_assigned_hospital,12,assumption_to_validate,Renaison other: assumed 36/day.
P201,HOME_P201,46.11270081612312,4.109376910058463,H3,dialysis,A0436,13:00,P1,high,2.0,vsl_required,2026-05-18 13:50:00,830,13:50,215,2026-05-18 17:25:00,1045,17:25,15,1,25,9.506,13.58,9.506,H1,8.982,1,catchment_near_assigned_hospital,8,assumption_to_validate,Third dialysis center: assumed 24/day.
P202,HOME_P202,46.1067743856333,4.137395383735015,H1,dialysis,A0012,08:00,P1,high,2.0,vsl_required,2026-05-18 08:35:00,515,08:35,240,2026-05-18 12:35:00,755,12:35,15,1,25,9.703,13.86,9.703,H1,9.703,1,catchment_near_assigned_hospital,8,observed_user_table,"CH Roanne dialysis: 53/day. 26 morning, 23 noon, 4 evening."
P203,HOME_P203,46.069020902081874,4.079998608693231,H1,dialysis,A0058,13:00,P1,high,2.0,prescription_medicale,2026-05-18 13:55:00,835,13:55,240,2026-05-18 17:55:00,1075,17:55,15,1,25,2.296,5.0,2.296,H1,2.296,1,catchment_near_assigned_hospital,8,observed_user_table,"CH Roanne dialysis: 53/day. 26 morning, 23 noon, 4 evening."
P204,HOME_P204,46.04134175227513,3.97693587068731,H2,oncology,A0337,13:00,P1,high,2.0,vsl_required,2026-05-18 13:40:00,820,13:40,240,2026-05-18 17:40:00,1060,17:40,15,1,25,8.883,12.69,8.883,H2,8.883,1,catchment_near_assigned_hospital,10,assumption_to_validate,Renaison oncology: assumed 16/day.
P205,HOME_P205,46.047875447466055,4.074032210804401,H1,dialysis,A0091,17:00,P1,high,2.0,prescription_medicale,2026-05-18 17:05:00,1025,17:05,240,2026-05-18 21:05:00,1265,21:05,15,1,25,0.765,5.0,0.765,H3,0.488,1,catchment_near_assigned_hospital,8,observed_user_table,"CH Roanne dialysis: 53/day. 26 morning, 23 noon, 4 evening."
P206,HOME_P206,45.971181781229795,4.143465108348275,H2,other,A0389,14:00,P2,medium,1.5,standard_assis,2026-05-18 14:50:00,890,14:50,35,2026-05-18 15:25:00,925,15:25,25,1,35,12.619,18.03,12.619,H2,12.619,1,catchment_near_assigned_hospital,12,assumption_to_validate,Renaison other: assumed 36/day.
P207,HOME_P207,46.079625159239164,4.035818198926974,H2,other,A0350,08:30,P2,medium,1.5,vsl_required,2026-05-18 09:35:00,575,09:35,40,2026-05-18 10:15:00,615,10:15,25,1,35,5.688,8.13,5.688,H1,5.103,1,catchment_near_assigned_hospital,12,assumption_to_validate,Renaison other: assumed 36/day.
P208,HOME_P208,46.00233795785268,4.042313084936017,H1,dialysis,A0050,13:00,P1,high,2.0,vsl_required,2026-05-18 13:10:00,790,13:10,240,2026-05-18 17:10:00,1030,17:10,15,1,25,7.666,10.95,7.666,H2,6.547,1,catchment_near_assigned_hospital,8,observed_user_table,"CH Roanne dialysis: 53/day. 26 morning, 23 noon, 4 evening."
P209,HOME_P209,45.98520000019442,3.9611113247007816,H1,other,A0157,08:30,P2,medium,1.5,prescription_medicale,2026-05-18 09:55:00,595,09:55,105,2026-05-18 11:40:00,700,11:40,25,1,35,14.339,20.48,14.339,H2,13.37,1,catchment_near_assigned_hospital,12,observed_user_table,CH Roanne other: 49/day.
P210,HOME_P210,45.98281649089604,4.042202545961777,H2,dialysis,A0287,13:00,P1,high,2.0,vsl_required,2026-05-18 13:20:00,800,13:20,230,2026-05-18 17:10:00,1030,17:10,15,1,25,9.11,13.01,9.11,H2,9.11,1,catchment_near_assigned_hospital,8,assumption_to_validate,Renaison dialysis: assumed 30/day.
P211,HOME_P211,46.05071380120238,4.098597531606956,H1,oncology,A0145,14:00,P1,high,2.0,vsl_required,2026-05-18 14:00:00,840,14:00,150,2026-05-18 16:30:00,990,16:30,15,1,25,2.524,5.0,2.524,H1,2.524,1,catchment_near_assigned_hospital,10,observed_user_table,CH Roanne chemotherapy: 30/day.
P212,HOME_P212,46.09464585675956,4.041556976034389,H1,oncology,A0136,11:00,P1,high,2.0,prescription_medicale,2026-05-18 11:25:00,685,11:25,165,2026-05-18 14:10:00,850,14:10,15,1,25,6.484,9.26,6.484,H1,6.484,1,catchment_near_assigned_hospital,10,observed_user_table,CH Roanne chemotherapy: 30/day.
P213,HOME_P213,46.041859494825,4.041320404585405,H1,oncology,A0116,08:00,P1,high,2.0,prescription_medicale,2026-05-18 08:05:00,485,08:05,155,2026-05-18 10:40:00,640,10:40,15,1,25,3.419,5.0,3.419,H2,2.704,1,catchment_near_assigned_hospital,10,observed_user_table,CH Roanne chemotherapy: 30/day.
P214,HOME_P214,46.06891346055211,3.9886949896779824,H2,oncology,A0336,13:00,P1,high,2.0,vsl_required,2026-05-18 13:25:00,805,13:25,250,2026-05-18 17:35:00,1055,17:35,15,1,25,8.373,11.96,8.373,H3,8.271,1,catchment_near_assigned_hospital,10,assumption_to_validate,Renaison oncology: assumed 16/day.
P215,HOME_P215,46.049535532838725,4.096640022282232,H2,other,A0392,14:00,P2,medium,1.5,standard_assis,2026-05-18 14:50:00,890,14:50,30,2026-05-18 15:20:00,920,15:20,25,1,35,2.738,5.0,2.738,H1,2.368,1,catchment_near_assigned_hospital,12,assumption_to_validate,Renaison other: assumed 36/day.
P216,HOME_P216,46.04147137812042,4.084737650575412,H1,dialysis,A0090,17:00,P1,high,2.0,vsl_required,2026-05-18 17:50:00,1070,17:50,240,2026-05-18 21:50:00,1310,21:50,15,1,25,2.013,5.0,2.013,H2,1.646,1,catchment_near_assigned_hospital,8,observed_user_table,"CH Roanne dialysis: 53/day. 26 morning, 23 noon, 4 evening."
P217,HOME_P217,46.03259354858901,4.209765699340432,H2,other,A0372,10:30,P2,medium,1.5,prescription_medicale,2026-05-18 11:30:00,690,11:30,40,2026-05-18 12:10:00,730,12:10,25,1,35,13.722,19.6,13.722,H1,13.533,1,catchment_near_assigned_hospital,12,assumption_to_validate,Renaison other: assumed 36/day.
P218,HOME_P218,46.05054051817201,4.007859013956539,H2,oncology,A0324,08:00,P1,high,2.0,prescription_medicale,2026-05-18 08:15:00,495,08:15,305,2026-05-18 13:20:00,800,13:20,15,1,25,5.917,8.45,5.917,H2,5.917,1,catchment_near_assigned_hospital,10,assumption_to_validate,Renaison oncology: assumed 16/day.
P219,HOME_P219,46.07277593720262,4.115655059733868,H1,dialysis,A0042,08:00,P1,high,2.0,vsl_required,2026-05-18 08:05:00,485,08:05,240,2026-05-18 12:05:00,725,12:05,15,1,25,4.949,7.07,4.949,H1,4.949,1,catchment_near_assigned_hospital,8,observed_user_table,"CH Roanne dialysis: 53/day. 26 morning, 23 noon, 4 evening."
P220,HOME_P220,46.137815037411904,4.039244114381084,H1,other,A0211,14:00,P2,medium,1.5,prescription_medicale,2026-05-18 14:50:00,890,14:50,90,2026-05-18 16:20:00,980,16:20,25,1,35,12.182,17.4,12.182,H1,12.182,1,catchment_near_assigned_hospital,12,observed_user_table,CH Roanne other: 49/day.
P221,HOME_P221,46.064898761217805,4.031617290373304,H2,dialysis,A0307,13:00,P1,high,2.0,vsl_required,2026-05-18 13:40:00,820,13:40,230,2026-05-18 17:30:00,1050,17:30,15,1,25,4.47,6.39,4.47,H3,4.242,1,catchment_near_assigned_hospital,8,assumption_to_validate,Renaison dialysis: assumed 30/day.
P222,HOME_P222,46.101190181454136,4.065736204663337,H2,oncology,A0325,08:00,P1,high,2.0,standard_assis,2026-05-18 08:55:00,535,08:55,195,2026-05-18 12:10:00,730,12:10,15,1,25,7.718,11.03,7.718,H1,6.69,1,catchment_near_assigned_hospital,10,assumption_to_validate,Renaison oncology: assumed 16/day.
P223,HOME_P223,46.05715644239381,3.983228218201649,H1,other,A0235,16:00,P2,medium,1.5,standard_assis,2026-05-18 16:30:00,990,16:30,85,2026-05-18 17:55:00,1075,17:55,25,1,35,8.647,12.35,8.647,H2,8.407,1,catchment_near_assigned_hospital,12,observed_user_table,CH Roanne other: 49/day.
P224,HOME_P224,46.07697073803694,3.967736344998987,H2,other,A0387,14:00,P2,medium,1.5,vsl_required,2026-05-18 15:15:00,915,15:15,35,2026-05-18 15:50:00,950,15:50,25,1,35,10.672,15.25,10.672,H3,10.551,1,catchment_near_assigned_hospital,12,assumption_to_validate,Renaison other: assumed 36/day.
P225,HOME_P225,46.08498077389919,4.043367085488866,H2,dialysis,A0271,08:00,P1,high,2.0,vsl_required,2026-05-18 08:25:00,505,08:25,270,2026-05-18 12:55:00,775,12:55,15,1,25,5.985,8.55,5.985,H1,5.234,1,catchment_near_assigned_hospital,8,assumption_to_validate,Renaison dialysis: assumed 30/day.
P226,HOME_P226,46.041882293774194,3.993071340325001,H2,other,A0385,14:00,P2,medium,1.5,vsl_required,2026-05-18 14:00:00,840,14:00,25,2026-05-18 14:25:00,865,14:25,25,1,35,7.325,10.46,7.325,H2,7.325,1,catchment_near_assigned_hospital,12,assumption_to_validate,Renaison other: assumed 36/day.
P227,HOME_P227,46.08389122013984,4.141215784831791,H1,dialysis,A0002,08:00,P1,high,2.0,vsl_required,2026-05-18 08:50:00,530,08:50,240,2026-05-18 12:50:00,770,12:50,15,1,25,7.857,11.22,7.857,H1,7.857,1,catchment_near_assigned_hospital,8,observed_user_table,"CH Roanne dialysis: 53/day. 26 morning, 23 noon, 4 evening."
P228,HOME_P228,46.03485628357273,4.139660555301598,H2,dialysis,A0306,13:00,P1,high,2.0,prescription_medicale,2026-05-18 13:35:00,815,13:35,225,2026-05-18 17:20:00,1040,17:20,15,1,25,7.001,10.0,7.001,H1,6.95,1,catchment_near_assigned_hospital,8,assumption_to_validate,Renaison dialysis: assumed 30/day.
P229,HOME_P229,46.099088924333735,4.013183568004184,H3,dialysis,A0415,08:00,P1,high,2.0,vsl_required,2026-05-18 08:45:00,525,08:45,230,2026-05-18 12:35:00,755,12:35,15,1,25,8.75,12.5,8.75,H1,8.57,1,catchment_near_assigned_hospital,8,assumption_to_validate,Third dialysis center: assumed 24/day.
P230,HOME_P230,46.085981247071196,4.03220655027044,H1,dialysis,A0093,17:00,P1,high,2.0,vsl_required,2026-05-18 17:10:00,1030,17:10,240,2026-05-18 21:10:00,1270,21:10,15,1,25,5.99,8.56,5.99,H1,5.99,1,catchment_near_assigned_hospital,8,observed_user_table,"CH Roanne dialysis: 53/day. 26 morning, 23 noon, 4 evening."
P231,HOME_P231,46.00160896351189,3.9978026688457513,H3,dialysis,A0412,08:00,P1,high,2.0,vsl_required,2026-05-18 08:35:00,515,08:35,250,2026-05-18 12:45:00,765,12:45,15,1,25,9.684,13.83,9.684,H2,9.193,1,catchment_near_assigned_hospital,8,assumption_to_validate,Third dialysis center: assumed 24/day.
P232,HOME_P232,46.08955541150241,3.996131941919776,H1,other,A0217,14:00,P2,medium,1.5,standard_assis,2026-05-18 14:15:00,855,14:15,105,2026-05-18 16:00:00,960,16:00,25,1,35,8.939,12.77,8.939,H1,8.939,1,catchment_near_assigned_hospital,12,observed_user_table,CH Roanne other: 49/day.
P233,HOME_P233,46.16933647932215,4.113233511952542,H1,external,A0238,08:30,P3,low,1.0,prescription_medicale,2026-05-18 08:45:00,525,08:45,30,2026-05-18 09:15:00,555,09:15,35,1,45,16.595,23.71,16.595,H1,16.595,1,catchment_near_assigned_hospital,18,computed_from_user_table,External visits: 75/day * 15% using fleet.
P234,HOME_P234,46.10405149909462,4.0224330475567935,H3,dialysis,A0448,13:00,P1,high,2.0,vsl_required,2026-05-18 13:40:00,820,13:40,210,2026-05-18 17:10:00,1030,17:10,15,1,25,8.802,12.57,8.802,H1,8.559,1,catchment_near_assigned_hospital,8,assumption_to_validate,Third dialysis center: assumed 24/day.
P235,HOME_P235,45.99552167348754,3.962983076474793,H1,external,A0241,09:30,P3,low,1.0,standard_assis,2026-05-18 11:25:00,685,11:25,25,2026-05-18 11:50:00,710,11:50,35,0,45,13.29,18.99,13.29,H2,12.367,1,catchment_near_assigned_hospital,18,computed_from_user_table,External visits: 75/day * 15% using fleet.
P236,HOME_P236,45.97993498300225,4.05593112477096,H1,oncology,A0147,14:00,P1,high,2.0,prescription_medicale,2026-05-18 14:10:00,850,14:10,150,2026-05-18 16:40:00,1000,16:40,15,1,25,10.325,14.75,10.325,H2,9.225,1,catchment_near_assigned_hospital,10,observed_user_table,CH Roanne chemotherapy: 30/day.
P237,HOME_P237,46.12934372988314,4.084770052585212,H1,other,A0172,08:30,P2,medium,1.5,standard_assis,2026-05-18 09:25:00,565,09:25,120,2026-05-18 11:25:00,685,11:25,25,1,35,10.633,15.19,10.633,H1,10.633,1,catchment_near_assigned_hospital,12,observed_user_table,CH Roanne other: 49/day.
P238,HOME_P238,46.07798317181865,4.098803791308459,H1,dialysis,A0081,13:00,P1,high,2.0,prescription_medicale,2026-05-18 13:00:00,780,13:00,240,2026-05-18 17:00:00,1020,17:00,15,1,25,4.255,6.08,4.255,H1,4.255,1,catchment_near_assigned_hospital,8,observed_user_table,"CH Roanne dialysis: 53/day. 26 morning, 23 noon, 4 evening."
P239,HOME_P239,46.101971134203154,3.9932675633235983,H1,oncology,A0146,14:00,P1,high,2.0,prescription_medicale,2026-05-18 14:00:00,840,14:00,165,2026-05-18 16:45:00,1005,16:45,15,1,25,10.219,14.6,10.219,H1,10.219,1,catchment_near_assigned_hospital,10,observed_user_table,CH Roanne chemotherapy: 30/day.
P240,HOME_P240,45.96674957887353,4.077121998173122,H2,other,A0366,08:30,P2,medium,1.5,standard_assis,2026-05-18 09:45:00,585,09:45,40,2026-05-18 10:25:00,625,10:25,25,1,35,11.003,15.72,11.003,H2,11.003,1,catchment_near_assigned_hospital,12,assumption_to_validate,Renaison other: assumed 36/day.
P241,HOME_P241,45.99086280674088,4.110951941569037,H1,dialysis,A0075,13:00,P1,high,2.0,vsl_required,2026-05-18 13:15:00,795,13:15,240,2026-05-18 17:15:00,1035,17:15,15,1,25,9.431,13.47,9.431,H2,8.64,1,catchment_near_assigned_hospital,8,observed_user_table,"CH Roanne dialysis: 53/day. 26 morning, 23 noon, 4 evening."
P242,HOME_P242,46.05573717697799,3.984408707844524,H1,oncology,A0141,11:00,P1,high,2.0,prescription_medicale,2026-05-18 11:10:00,670,11:10,165,2026-05-18 13:55:00,835,13:55,15,1,25,8.523,12.18,8.523,H2,8.259,1,catchment_near_assigned_hospital,10,observed_user_table,CH Roanne chemotherapy: 30/day.
P243,HOME_P243,46.08423692363824,4.058992129387758,H1,dialysis,A0015,08:00,P1,high,2.0,prescription_medicale,2026-05-18 08:35:00,515,08:35,240,2026-05-18 12:35:00,755,12:35,15,1,25,4.499,6.43,4.499,H1,4.499,1,catchment_near_assigned_hospital,8,observed_user_table,"CH Roanne dialysis: 53/day. 26 morning, 23 noon, 4 evening."
P244,HOME_P244,46.00267937175964,3.9794258324861467,H1,other,A0215,14:00,P2,medium,1.5,prescription_medicale,2026-05-18 14:30:00,870,14:30,115,2026-05-18 16:25:00,985,16:25,25,1,35,11.425,16.32,11.425,H2,10.496,1,catchment_near_assigned_hospital,12,observed_user_table,CH Roanne other: 49/day.
P245,HOME_P245,46.08794722565342,4.0449402894830655,H2,dialysis,A0283,08:00,P1,high,2.0,vsl_required,2026-05-18 08:20:00,500,08:20,215,2026-05-18 11:55:00,715,11:55,15,1,25,6.307,9.01,6.307,H1,5.51,1,catchment_near_assigned_hospital,8,assumption_to_validate,Renaison dialysis: assumed 30/day.
P246,HOME_P246,45.978067321956374,4.08847866369887,H2,dialysis,A0277,08:00,P1,high,2.0,vsl_required,2026-05-18 08:45:00,525,08:45,245,2026-05-18 12:50:00,770,12:50,15,1,25,9.591,13.7,9.591,H2,9.591,1,catchment_near_assigned_hospital,8,assumption_to_validate,Renaison dialysis: assumed 30/day.
P247,HOME_P247,46.00399609146153,4.113032898596032,H1,other,A0204,10:30,P2,medium,1.5,standard_assis,2026-05-18 10:45:00,645,10:45,95,2026-05-18 12:20:00,740,12:20,25,1,35,7.881,11.26,7.881,H2,7.199,1,catchment_near_assigned_hospital,12,observed_user_table,CH Roanne other: 49/day.
P248,HOME_P248,46.025939173184966,4.087764760277259,H3,dialysis,A0427,08:00,P1,high,2.0,prescription_medicale,2026-05-18 08:05:00,485,08:05,245,2026-05-18 12:10:00,730,12:10,15,1,25,3.758,5.37,3.758,H2,3.3,1,catchment_near_assigned_hospital,8,assumption_to_validate,Third dialysis center: assumed 24/day.
P249,HOME_P249,46.0033133766444,4.0522906637469465,H2,dialysis,A0270,08:00,P1,high,2.0,vsl_required,2026-05-18 08:10:00,490,08:10,210,2026-05-18 11:40:00,700,11:40,15,1,25,6.103,8.72,6.103,H2,6.103,1,catchment_near_assigned_hospital,8,assumption_to_validate,Renaison dialysis: assumed 30/day.
P250,HOME_P250,46.107507063491916,4.035675802328912,H2,dialysis,A0304,13:00,P1,high,2.0,vsl_required,2026-05-18 13:20:00,800,13:20,225,2026-05-18 17:05:00,1025,17:05,15,1,25,9.165,13.09,9.165,H1,8.337,1,catchment_near_assigned_hospital,8,assumption_to_validate,Renaison dialysis: assumed 30/day.
P251,HOME_P251,46.005671897683406,3.9886692199846285,H2,dialysis,A0260,08:00,P1,high,2.0,vsl_required,2026-05-18 08:20:00,500,08:20,235,2026-05-18 12:15:00,735,12:15,15,1,25,9.527,13.61,9.527,H2,9.527,1,catchment_near_assigned_hospital,8,assumption_to_validate,Renaison dialysis: assumed 30/day.
P252,HOME_P252,46.13186048193887,4.077815479770092,H1,other,A0202,10:30,P2,medium,1.5,standard_assis,2026-05-18 10:45:00,645,10:45,85,2026-05-18 12:10:00,730,12:10,25,1,35,10.931,15.62,10.931,H1,10.931,1,catchment_near_assigned_hospital,12,observed_user_table,CH Roanne other: 49/day.
P253,HOME_P253,46.01802500356683,4.038279490431679,H1,dialysis,A0001,08:00,P1,high,2.0,prescription_medicale,2026-05-18 08:35:00,515,08:35,240,2026-05-18 12:35:00,755,12:35,15,1,25,5.922,8.46,5.922,H2,4.845,1,catchment_near_assigned_hospital,8,observed_user_table,"CH Roanne dialysis: 53/day. 26 morning, 23 noon, 4 evening."
P254,HOME_P254,46.13066430289821,4.143147685200388,H1,other,A0195,10:30,P2,medium,1.5,standard_assis,2026-05-18 11:15:00,675,11:15,80,2026-05-18 12:35:00,755,12:35,25,1,35,12.718,18.17,12.718,H1,12.718,1,catchment_near_assigned_hospital,12,observed_user_table,CH Roanne other: 49/day.
P255,HOME_P255,46.1171311660739,4.014026238766109,H1,oncology,A0105,08:00,P1,high,2.0,vsl_required,2026-05-18 08:20:00,500,08:20,160,2026-05-18 11:00:00,660,11:00,15,1,25,10.522,15.03,10.522,H1,10.522,1,catchment_near_assigned_hospital,10,observed_user_table,CH Roanne chemotherapy: 30/day.
P256,HOME_P256,46.034490689382736,4.0971923414201195,H1,other,A0175,08:30,P2,medium,1.5,standard_assis,2026-05-18 08:50:00,530,08:50,80,2026-05-18 10:10:00,610,10:10,25,1,35,3.524,5.03,3.524,H2,3.151,1,catchment_near_assigned_hospital,12,observed_user_table,CH Roanne other: 49/day.
P257,HOME_P257,46.10002189515355,4.087456592057617,H1,dialysis,A0041,08:00,P1,high,2.0,vsl_required,2026-05-18 08:35:00,515,08:35,240,2026-05-18 12:35:00,755,12:35,15,1,25,6.648,9.5,6.648,H1,6.648,1,catchment_near_assigned_hospital,8,observed_user_table,"CH Roanne dialysis: 53/day. 26 morning, 23 noon, 4 evening."
P258,HOME_P258,46.07745247213505,4.08635145170163,H1,dialysis,A0010,08:00,P1,high,2.0,vsl_required,2026-05-18 08:45:00,525,08:45,240,2026-05-18 12:45:00,765,12:45,15,1,25,3.606,5.15,3.606,H1,3.606,1,catchment_near_assigned_hospital,8,observed_user_table,"CH Roanne dialysis: 53/day. 26 morning, 23 noon, 4 evening."
P259,HOME_P259,45.97484373352726,4.0358016784666075,H1,oncology,A0128,11:00,P1,high,2.0,prescription_medicale,2026-05-18 11:10:00,670,11:10,160,2026-05-18 13:50:00,830,13:50,15,1,25,11.472,16.39,11.472,H2,10.351,1,catchment_near_assigned_hospital,10,observed_user_table,CH Roanne chemotherapy: 30/day.
P260,HOME_P260,45.92248810347501,4.13176814942381,H1,external,A0240,08:30,P3,low,1.0,prescription_medicale,2026-05-18 10:25:00,625,10:25,25,2026-05-18 10:50:00,650,10:50,35,1,50,19.056,27.22,19.056,H2,18.173,1,catchment_near_assigned_hospital,18,computed_from_user_table,External visits: 75/day * 15% using fleet.
P261,HOME_P261,45.977468587930495,4.111674555596343,H1,other,A0184,10:30,P2,medium,1.5,standard_assis,2026-05-18 11:50:00,710,11:50,100,2026-05-18 13:30:00,810,13:30,25,1,35,11.191,15.99,11.191,H2,10.348,1,catchment_near_assigned_hospital,12,observed_user_table,CH Roanne other: 49/day.
P262,HOME_P262,46.05193178837379,4.082965370996079,H1,other,A0201,10:30,P2,medium,1.5,standard_assis,2026-05-18 11:10:00,670,11:10,105,2026-05-18 12:55:00,775,12:55,25,1,35,1.008,5.0,1.008,H1,1.008,1,catchment_near_assigned_hospital,12,observed_user_table,CH Roanne other: 49/day.
P263,HOME_P263,46.14269174433828,4.055163211521894,H1,other,A0234,16:00,P2,medium,1.5,standard_assis,2026-05-18 16:10:00,970,16:10,100,2026-05-18 17:50:00,1070,17:50,25,1,35,12.539,17.91,12.539,H1,12.539,1,catchment_near_assigned_hospital,12,observed_user_table,CH Roanne other: 49/day.
P264,HOME_P264,46.08538878035973,4.0648931785994495,H1,dialysis,A0077,13:00,P1,high,2.0,vsl_required,2026-05-18 13:45:00,825,13:45,240,2026-05-18 17:45:00,1065,17:45,15,1,25,4.523,6.46,4.523,H1,4.523,1,catchment_near_assigned_hospital,8,observed_user_table,"CH Roanne dialysis: 53/day. 26 morning, 23 noon, 4 evening."
P265,HOME_P265,46.00819754996023,4.05342702320082,H1,dialysis,A0080,13:00,P1,high,2.0,prescription_medicale,2026-05-18 13:00:00,780,13:00,240,2026-05-18 17:00:00,1020,17:00,15,1,25,6.539,9.34,6.539,H2,5.42,1,catchment_near_assigned_hospital,8,observed_user_table,"CH Roanne dialysis: 53/day. 26 morning, 23 noon, 4 evening."
P266,HOME_P266,46.02408464383463,4.202550733446269,H2,other,A0371,10:30,P2,medium,1.5,standard_assis,2026-05-18 11:05:00,665,11:05,25,2026-05-18 11:30:00,690,11:30,25,1,35,13.251,18.93,13.251,H1,13.17,1,catchment_near_assigned_hospital,12,assumption_to_validate,Renaison other: assumed 36/day.
P267,HOME_P267,46.06700826206304,4.060725987558985,H2,other,A0377,10:30,P2,medium,1.5,standard_assis,2026-05-18 11:55:00,715,11:55,30,2026-05-18 12:25:00,745,12:25,25,1,35,3.062,5.0,3.062,H1,2.228,1,catchment_near_assigned_hospital,12,assumption_to_validate,Renaison other: assumed 36/day.
P268,HOME_P268,46.09721929779033,4.061009861770643,H2,oncology,A0331,13:00,P1,high,2.0,prescription_medicale,2026-05-18 13:30:00,810,13:30,345,2026-05-18 19:15:00,1155,19:15,15,1,25,7.2,10.29,7.2,H1,6.208,1,catchment_near_assigned_hospital,10,assumption_to_validate,Renaison oncology: assumed 16/day.
P269,HOME_P269,46.03180638768054,4.06384439308302,H2,dialysis,A0266,08:00,P1,high,2.0,prescription_medicale,2026-05-18 08:30:00,510,08:30,245,2026-05-18 12:35:00,755,12:35,15,1,25,1.989,5.0,1.989,H2,1.989,1,catchment_near_assigned_hospital,8,assumption_to_validate,Renaison dialysis: assumed 30/day.
P270,HOME_P270,46.03693272947322,4.007000629216099,H2,oncology,A0340,15:00,P1,high,2.0,prescription_medicale,2026-05-18 15:20:00,920,15:20,200,2026-05-18 18:40:00,1120,18:40,15,1,25,6.086,8.69,6.086,H2,6.086,1,catchment_near_assigned_hospital,10,assumption_to_validate,Renaison oncology: assumed 16/day.
P271,HOME_P271,45.987284552014195,3.9529716147189013,H1,other,A0196,10:30,P2,medium,1.5,standard_assis,2026-05-18 11:40:00,700,11:40,100,2026-05-18 13:20:00,800,13:20,25,1,35,14.756,21.08,14.756,H2,13.817,1,catchment_near_assigned_hospital,12,observed_user_table,CH Roanne other: 49/day.
P272,HOME_P272,46.101298901044174,4.038676304296403,H1,dialysis,A0023,08:00,P1,high,2.0,prescription_medicale,2026-05-18 08:00:00,480,08:00,240,2026-05-18 12:00:00,720,12:00,15,1,25,7.434,10.62,7.434,H1,7.434,1,catchment_near_assigned_hospital,8,observed_user_table,"CH Roanne dialysis: 53/day. 26 morning, 23 noon, 4 evening."
P273,HOME_P273,46.122729069242304,4.178406992518372,H1,other,A0219,14:00,P2,medium,1.5,standard_assis,2026-05-18 14:10:00,850,14:10,60,2026-05-18 15:10:00,910,15:10,25,1,35,14.034,20.05,14.034,H1,14.034,1,catchment_near_assigned_hospital,12,observed_user_table,CH Roanne other: 49/day.
P274,HOME_P274,46.11601468371049,4.1797652093403865,H2,other,A0399,16:30,P2,medium,1.5,prescription_medicale,2026-05-18 17:55:00,1075,17:55,25,2026-05-18 18:20:00,1100,18:20,25,1,35,14.49,20.7,14.49,H1,13.51,1,catchment_near_assigned_hospital,12,assumption_to_validate,Renaison other: assumed 36/day.
P275,HOME_P275,46.040541323424776,3.9407477435885268,H2,other,A0349,08:30,P2,medium,1.5,standard_assis,2026-05-18 09:35:00,575,09:35,40,2026-05-18 10:15:00,615,10:15,25,1,35,12.375,17.68,12.375,H2,12.375,1,catchment_near_assigned_hospital,12,assumption_to_validate,Renaison other: assumed 36/day.
P276,HOME_P276,46.05367161724111,3.9946059672189644,H1,oncology,A0117,08:00,P1,high,2.0,vsl_required,2026-05-18 08:10:00,490,08:10,160,2026-05-18 10:50:00,650,10:50,15,1,25,7.533,10.76,7.533,H2,7.242,1,catchment_near_assigned_hospital,10,observed_user_table,CH Roanne chemotherapy: 30/day.
P277,HOME_P277,45.96625850345365,4.104210522156407,H2,oncology,A0314,08:00,P1,high,2.0,prescription_medicale,2026-05-18 08:20:00,500,08:20,190,2026-05-18 11:30:00,690,11:30,15,1,25,11.559,16.51,11.559,H2,11.559,1,catchment_near_assigned_hospital,10,assumption_to_validate,Renaison oncology: assumed 16/day.
P278,HOME_P278,46.02345278028688,4.118855354873016,H1,oncology,A0134,11:00,P1,high,2.0,vsl_required,2026-05-18 11:05:00,665,11:05,175,2026-05-18 14:00:00,840,14:00,15,1,25,6.086,8.69,6.086,H2,5.735,1,catchment_near_assigned_hospital,10,observed_user_table,CH Roanne chemotherapy: 30/day.
P279,HOME_P279,46.01714878009503,4.092025876390896,H2,other,A0376,10:30,P2,medium,1.5,standard_assis,2026-05-18 10:35:00,635,10:35,25,2026-05-18 11:00:00,660,11:00,25,1,35,4.558,6.51,4.558,H2,4.558,1,catchment_near_assigned_hospital,12,assumption_to_validate,Renaison other: assumed 36/day.
P280,HOME_P280,46.03284206160471,4.131555279635666,H1,oncology,A0106,08:00,P1,high,2.0,prescription_medicale,2026-05-18 08:55:00,535,08:55,175,2026-05-18 11:50:00,710,11:50,15,1,25,6.35,9.07,6.35,H2,6.313,1,catchment_near_assigned_hospital,10,observed_user_table,CH Roanne chemotherapy: 30/day.
P281,HOME_P281,46.122500416333146,3.9597501648095492,H1,external,A0249,12:30,P3,low,1.0,standard_assis,2026-05-18 13:20:00,800,13:20,25,2026-05-18 13:45:00,825,13:45,35,1,45,14.528,20.75,14.528,H1,14.528,1,catchment_near_assigned_hospital,18,computed_from_user_table,External visits: 75/day * 15% using fleet.
P282,HOME_P282,46.04215104753444,4.12652091491508,H3,dialysis,A0443,13:00,P1,high,2.0,vsl_required,2026-05-18 13:15:00,795,13:15,255,2026-05-18 17:30:00,1050,17:30,15,1,25,5.561,7.94,5.561,H1,5.418,1,catchment_near_assigned_hospital,8,assumption_to_validate,Third dialysis center: assumed 24/day.
P283,HOME_P283,46.063732051109,4.131900167133752,H2,oncology,A0319,08:00,P1,high,2.0,standard_assis,2026-05-18 08:40:00,520,08:40,105,2026-05-18 10:25:00,625,10:25,15,1,25,6.582,9.4,6.582,H1,5.891,1,catchment_near_assigned_hospital,10,assumption_to_validate,Renaison oncology: assumed 16/day.
P284,HOME_P284,46.10218043868397,4.0543792538786345,H1,dialysis,A0045,08:00,P1,high,2.0,vsl_required,2026-05-18 08:20:00,500,08:20,240,2026-05-18 12:20:00,740,12:20,15,1,25,7.02,10.03,7.02,H1,7.02,1,catchment_near_assigned_hospital,8,observed_user_table,"CH Roanne dialysis: 53/day. 26 morning, 23 noon, 4 evening."
P285,HOME_P285,46.02542177563894,4.166727490220065,H2,dialysis,A0295,13:00,P1,high,2.0,vsl_required,2026-05-18 13:10:00,790,13:10,265,2026-05-18 17:35:00,1055,17:35,15,1,25,9.861,14.09,9.861,H2,9.861,1,catchment_near_assigned_hospital,8,assumption_to_validate,Renaison dialysis: assumed 30/day.
P286,HOME_P286,46.03789239541859,4.043038235316986,H1,dialysis,A0062,13:00,P1,high,2.0,prescription_medicale,2026-05-18 13:35:00,815,13:35,240,2026-05-18 17:35:00,1055,17:35,15,1,25,3.574,5.11,3.574,H2,2.712,1,catchment_near_assigned_hospital,8,observed_user_table,"CH Roanne dialysis: 53/day. 26 morning, 23 noon, 4 evening."
P287,HOME_P287,46.10490265874195,4.125824614837379,H1,other,A0203,10:30,P2,medium,1.5,standard_assis,2026-05-18 11:25:00,685,11:25,70,2026-05-18 12:35:00,755,12:35,25,1,35,8.814,12.59,8.814,H1,8.814,1,catchment_near_assigned_hospital,12,observed_user_table,CH Roanne other: 49/day.
P288,HOME_P288,46.07269769211947,4.021429861077418,H3,dialysis,A0441,13:00,P1,high,2.0,vsl_required,2026-05-18 13:30:00,810,13:30,215,2026-05-18 17:05:00,1025,17:05,15,1,25,5.648,8.07,5.648,H1,5.632,1,catchment_near_assigned_hospital,8,assumption_to_validate,Third dialysis center: assumed 24/day.
P289,HOME_P289,46.094492930699374,3.987812183173143,H1,dialysis,A0057,13:00,P1,high,2.0,vsl_required,2026-05-18 13:45:00,825,13:45,240,2026-05-18 17:45:00,1065,17:45,15,1,25,9.989,14.27,9.989,H1,9.989,1,catchment_near_assigned_hospital,8,observed_user_table,"CH Roanne dialysis: 53/day. 26 morning, 23 noon, 4 evening."
P290,HOME_P290,46.10961535381448,4.0128989262809025,H1,dialysis,A0030,08:00,P1,high,2.0,prescription_medicale,2026-05-18 08:35:00,515,08:35,240,2026-05-18 12:35:00,755,12:35,15,1,25,9.722,13.89,9.722,H1,9.722,1,catchment_near_assigned_hospital,8,observed_user_table,"CH Roanne dialysis: 53/day. 26 morning, 23 noon, 4 evening."
P291,HOME_P291,45.939784085059905,4.058327748252353,H2,other,A0364,08:30,P2,medium,1.5,vsl_required,2026-05-18 09:25:00,565,09:25,25,2026-05-18 09:50:00,590,09:50,25,1,35,14.756,21.08,14.756,H2,14.756,1,catchment_near_assigned_hospital,12,assumption_to_validate,Renaison other: assumed 36/day.
P292,HOME_P292,46.130296128302824,4.170713684537014,H1,other,A0191,10:30,P2,medium,1.5,standard_assis,2026-05-18 11:30:00,690,11:30,70,2026-05-18 12:40:00,760,12:40,25,1,35,14.276,20.39,14.276,H1,14.276,1,catchment_near_assigned_hospital,12,observed_user_table,CH Roanne other: 49/day.
P293,HOME_P293,45.980918980095005,4.07983106300102,H3,dialysis,A0445,13:00,P1,high,2.0,vsl_required,2026-05-18 13:50:00,830,13:50,245,2026-05-18 17:55:00,1075,17:55,15,1,25,9.649,13.78,9.649,H2,9.067,1,catchment_near_assigned_hospital,8,assumption_to_validate,Third dialysis center: assumed 24/day.
P294,HOME_P294,46.045484251460806,4.149280385221658,H3,dialysis,A0432,13:00,P1,high,2.0,vsl_required,2026-05-18 13:20:00,800,13:20,265,2026-05-18 17:45:00,1065,17:45,15,1,25,7.674,10.96,7.674,H1,7.467,1,catchment_near_assigned_hospital,8,assumption_to_validate,Third dialysis center: assumed 24/day.
P295,HOME_P295,46.03758339791622,4.184313625704685,H2,oncology,A0334,13:00,P1,high,2.0,vsl_required,2026-05-18 13:10:00,790,13:10,225,2026-05-18 16:55:00,1015,16:55,15,1,25,11.202,16.0,11.202,H1,10.987,1,catchment_near_assigned_hospital,10,assumption_to_validate,Renaison oncology: assumed 16/day.
P296,HOME_P296,45.986287546134754,4.106288726845349,H1,other,A0210,10:30,P2,medium,1.5,standard_assis,2026-05-18 10:50:00,650,10:50,70,2026-05-18 12:00:00,720,12:00,25,1,35,9.862,14.09,9.862,H2,9.016,1,catchment_near_assigned_hospital,12,observed_user_table,CH Roanne other: 49/day.
P297,HOME_P297,45.9865537169285,4.106542541278856,H2,dialysis,A0305,13:00,P1,high,2.0,prescription_medicale,2026-05-18 13:50:00,830,13:50,255,2026-05-18 18:05:00,1085,18:05,15,1,25,8.992,12.85,8.992,H2,8.992,1,catchment_near_assigned_hospital,8,assumption_to_validate,Renaison dialysis: assumed 30/day.
P298,HOME_P298,46.04344423230487,4.076355140927029,H1,other,A0237,16:00,P2,medium,1.5,prescription_medicale,2026-05-18 17:15:00,1035,17:15,75,2026-05-18 18:30:00,1110,18:30,25,1,35,1.415,5.0,1.415,H2,0.793,1,catchment_near_assigned_hospital,12,observed_user_table,CH Roanne other: 49/day.
P299,HOME_P299,46.11310233798497,4.059066243890758,H2,dialysis,A0290,13:00,P1,high,2.0,vsl_required,2026-05-18 13:55:00,835,13:55,235,2026-05-18 17:50:00,1070,17:50,15,1,25,9.415,13.45,9.415,H1,8.415,1,catchment_near_assigned_hospital,8,assumption_to_validate,Renaison dialysis: assumed 30/day.
P300,HOME_P300,46.028576204287155,4.105688684098943,H1,oncology,A0112,08:00,P1,high,2.0,vsl_required,2026-05-18 08:55:00,535,08:55,170,2026-05-18 11:45:00,705,11:45,15,1,25,4.684,6.69,4.684,H2,4.282,1,catchment_near_assigned_hospital,10,observed_user_table,CH Roanne chemotherapy: 30/day.
P301,HOME_P301,46.05714922442817,4.0029309201232435,H2,other,A0397,14:00,P2,medium,1.5,premium,2026-05-18 15:00:00,900,15:00,40,2026-05-18 15:40:00,940,15:40,25,1,35,6.55,9.36,6.55,H3,6.545,1,catchment_near_assigned_hospital,12,assumption_to_validate,Renaison other: assumed 36/day.
P302,HOME_P302,46.06970099451143,4.146608492434872,H2,other,A0360,08:30,P2,medium,1.5,prescription_medicale,2026-05-18 09:15:00,555,09:15,40,2026-05-18 09:55:00,595,09:55,25,1,35,8.213,11.73,8.213,H1,7.484,1,catchment_near_assigned_hospital,12,assumption_to_validate,Renaison other: assumed 36/day.
P303,HOME_P303,46.066001671486454,4.13443645417862,H1,other,A0192,10:30,P2,medium,1.5,prescription_medicale,2026-05-18 11:30:00,690,11:30,90,2026-05-18 13:00:00,780,13:00,25,1,35,6.211,8.87,6.211,H1,6.211,1,catchment_near_assigned_hospital,12,observed_user_table,CH Roanne other: 49/day.
P304,HOME_P304,46.0323718502474,4.085975130682143,H1,other,A0222,14:00,P2,medium,1.5,standard_assis,2026-05-18 15:10:00,910,15:10,80,2026-05-18 16:30:00,990,16:30,25,1,35,3.178,5.0,3.178,H2,2.486,1,catchment_near_assigned_hospital,12,observed_user_table,CH Roanne other: 49/day.
P305,HOME_P305,46.04979829929939,3.9707065597948468,H1,dialysis,A0092,17:00,P1,high,2.0,prescription_medicale,2026-05-18 17:30:00,1050,17:30,240,2026-05-18 21:30:00,1290,21:30,15,1,25,9.851,14.07,9.851,H2,9.48,1,catchment_near_assigned_hospital,8,observed_user_table,"CH Roanne dialysis: 53/day. 26 morning, 23 noon, 4 evening."
P306,HOME_P306,46.09039057934247,4.00342181653468,H3,dialysis,A0408,08:00,P1,high,2.0,prescription_medicale,2026-05-18 08:00:00,480,08:00,260,2026-05-18 12:20:00,740,12:20,15,1,25,8.529,12.18,8.529,H1,8.438,1,catchment_near_assigned_hospital,8,assumption_to_validate,Third dialysis center: assumed 24/day.
P307,HOME_P307,46.047447535446075,4.115591642797452,H3,dialysis,A0428,08:00,P1,high,2.0,vsl_required,2026-05-18 08:25:00,505,08:25,255,2026-05-18 12:40:00,760,12:40,15,1,25,4.412,6.3,4.412,H1,4.217,1,catchment_near_assigned_hospital,8,assumption_to_validate,Third dialysis center: assumed 24/day.
P308,HOME_P308,46.12479242087215,4.113058075843921,H1,other,A0223,14:00,P2,medium,1.5,standard_assis,2026-05-18 15:00:00,900,15:00,100,2026-05-18 16:40:00,1000,16:40,25,1,35,10.671,15.24,10.671,H1,10.671,1,catchment_near_assigned_hospital,12,observed_user_table,CH Roanne other: 49/day.
P309,HOME_P309,46.126838775084806,4.020378140910913,H2,oncology,A0326,08:00,P1,high,2.0,prescription_medicale,2026-05-18 08:30:00,510,08:30,180,2026-05-18 11:30:00,690,11:30,15,1,25,12.206,17.44,12.206,H1,11.398,1,catchment_near_assigned_hospital,10,assumption_to_validate,Renaison oncology: assumed 16/day.
P310,HOME_P310,45.98852703478954,3.990652353258349,H1,oncology,A0122,08:00,P1,high,2.0,standard_assis,2026-05-18 08:50:00,530,08:50,170,2026-05-18 11:40:00,700,11:40,15,1,25,11.99,17.13,11.99,H2,10.957,1,catchment_near_assigned_hospital,10,observed_user_table,CH Roanne chemotherapy: 30/day.
P311,HOME_P311,46.07096713617199,4.117608509628281,H1,oncology,A0115,08:00,P1,high,2.0,vsl_required,2026-05-18 08:20:00,500,08:20,175,2026-05-18 11:15:00,675,11:15,15,1,25,4.979,7.11,4.979,H1,4.979,1,catchment_near_assigned_hospital,10,observed_user_table,CH Roanne chemotherapy: 30/day.
P312,HOME_P312,46.09652667261853,4.007815147556551,H1,oncology,A0114,08:00,P1,high,2.0,vsl_required,2026-05-18 08:20:00,500,08:20,150,2026-05-18 10:50:00,650,10:50,15,1,25,8.674,12.39,8.674,H1,8.674,1,catchment_near_assigned_hospital,10,observed_user_table,CH Roanne chemotherapy: 30/day.
P313,HOME_P313,46.018582319283695,4.111816700934205,H2,dialysis,A0296,13:00,P1,high,2.0,vsl_required,2026-05-18 13:50:00,830,13:50,210,2026-05-18 17:20:00,1040,17:20,15,1,25,5.607,8.01,5.607,H2,5.607,1,catchment_near_assigned_hospital,8,assumption_to_validate,Renaison dialysis: assumed 30/day.
P314,HOME_P314,46.09768068695011,4.19512343741544,H1,other,A0193,10:30,P2,medium,1.5,standard_assis,2026-05-18 11:55:00,715,11:55,90,2026-05-18 13:25:00,805,13:25,25,1,35,13.319,19.03,13.319,H1,13.319,1,catchment_near_assigned_hospital,12,observed_user_table,CH Roanne other: 49/day.
P315,HOME_P315,46.00914815995722,3.992389948951636,H1,dialysis,A0064,13:00,P1,high,2.0,vsl_required,2026-05-18 13:20:00,800,13:20,240,2026-05-18 17:20:00,1040,17:20,15,1,25,9.885,14.12,9.885,H2,8.955,1,catchment_near_assigned_hospital,8,observed_user_table,"CH Roanne dialysis: 53/day. 26 morning, 23 noon, 4 evening."
P316,HOME_P316,46.089419572168374,4.084860511681954,H2,dialysis,A0293,13:00,P1,high,2.0,vsl_required,2026-05-18 13:50:00,830,13:50,270,2026-05-18 18:20:00,1100,18:20,15,1,25,6.271,8.96,6.271,H1,5.156,1,catchment_near_assigned_hospital,8,assumption_to_validate,Renaison dialysis: assumed 30/day.
P317,HOME_P317,46.00052180999489,4.117635009954549,H2,dialysis,A0264,08:00,P1,high,2.0,vsl_required,2026-05-18 08:45:00,525,08:45,255,2026-05-18 13:00:00,780,13:00,15,1,25,7.852,11.22,7.852,H2,7.852,1,catchment_near_assigned_hospital,8,assumption_to_validate,Renaison dialysis: assumed 30/day.
P318,HOME_P318,46.111846505632606,4.089649461926521,H2,other,A0355,08:30,P2,medium,1.5,standard_assis,2026-05-18 09:15:00,555,09:15,35,2026-05-18 09:50:00,590,09:50,25,1,35,9.411,13.44,9.411,H1,8.3,1,catchment_near_assigned_hospital,12,assumption_to_validate,Renaison other: assumed 36/day.
P319,HOME_P319,46.03981429289901,3.979810652865485,H2,other,A0358,08:30,P2,medium,1.5,prescription_medicale,2026-05-18 09:35:00,575,09:35,35,2026-05-18 10:10:00,610,10:10,25,1,35,8.624,12.32,8.624,H2,8.624,1,catchment_near_assigned_hospital,12,assumption_to_validate,Renaison other: assumed 36/day.
P320,HOME_P320,45.98845690483959,4.103935958238444,H2,dialysis,A0301,13:00,P1,high,2.0,vsl_required,2026-05-18 13:30:00,810,13:30,220,2026-05-18 17:10:00,1030,17:10,15,1,25,8.649,12.36,8.649,H2,8.649,1,catchment_near_assigned_hospital,8,assumption_to_validate,Renaison dialysis: assumed 30/day.
P321,HOME_P321,46.03075398470611,4.110339953713175,H1,oncology,A0097,08:00,P1,high,2.0,vsl_required,2026-05-18 08:35:00,515,08:35,165,2026-05-18 11:20:00,680,11:20,15,1,25,4.797,6.85,4.797,H2,4.514,1,catchment_near_assigned_hospital,10,observed_user_table,CH Roanne chemotherapy: 30/day.
P322,HOME_P322,46.073663727944485,4.034251768552593,H1,dialysis,A0083,13:00,P1,high,2.0,vsl_required,2026-05-18 13:10:00,790,13:10,240,2026-05-18 17:10:00,1030,17:10,15,1,25,4.665,6.66,4.665,H1,4.665,1,catchment_near_assigned_hospital,8,observed_user_table,"CH Roanne dialysis: 53/day. 26 morning, 23 noon, 4 evening."
P323,HOME_P323,46.0485863489125,4.17063732527624,H1,dialysis,A0082,13:00,P1,high,2.0,prescription_medicale,2026-05-18 13:55:00,835,13:55,240,2026-05-18 17:55:00,1075,17:55,15,1,25,9.47,13.53,9.47,H1,9.47,1,catchment_near_assigned_hospital,8,observed_user_table,"CH Roanne dialysis: 53/day. 26 morning, 23 noon, 4 evening."
P324,HOME_P324,46.06405803672969,4.2042948799810285,H1,other,A0227,14:00,P2,medium,1.5,premium,2026-05-18 14:05:00,845,14:05,110,2026-05-18 15:55:00,955,15:55,25,1,35,12.78,18.26,12.78,H1,12.78,1,catchment_near_assigned_hospital,12,observed_user_table,CH Roanne other: 49/day.
P325,HOME_P325,46.06739515514157,4.108165936048131,H1,other,A0186,10:30,P2,medium,1.5,standard_assis,2026-05-18 11:30:00,690,11:30,120,2026-05-18 13:30:00,810,13:30,25,1,35,3.942,5.63,3.942,H1,3.942,1,catchment_near_assigned_hospital,12,observed_user_table,CH Roanne other: 49/day.
P326,HOME_P326,46.002377522729226,3.993382824407397,H2,other,A0379,10:30,P2,medium,1.5,standard_assis,2026-05-18 10:30:00,630,10:30,30,2026-05-18 11:00:00,660,11:00,25,1,35,9.447,13.5,9.447,H2,9.447,1,catchment_near_assigned_hospital,12,assumption_to_validate,Renaison other: assumed 36/day.
P327,HOME_P327,46.08741200594029,3.990246570945,H1,dialysis,A0072,13:00,P1,high,2.0,vsl_required,2026-05-18 13:20:00,800,13:20,240,2026-05-18 17:20:00,1040,17:20,15,1,25,9.257,13.22,9.257,H1,9.257,1,catchment_near_assigned_hospital,8,observed_user_table,"CH Roanne dialysis: 53/day. 26 morning, 23 noon, 4 evening."
P328,HOME_P328,46.11763661266631,4.088664393967612,H2,oncology,A0329,08:00,P1,high,2.0,vsl_required,2026-05-18 08:15:00,495,08:15,70,2026-05-18 09:25:00,565,09:25,15,1,25,10.18,14.54,10.18,H1,9.074,1,catchment_near_assigned_hospital,10,assumption_to_validate,Renaison oncology: assumed 16/day.
P329,HOME_P329,46.05392765470907,4.095354255570969,H1,other,A0212,14:00,P2,medium,1.5,standard_assis,2026-05-18 14:00:00,840,14:00,95,2026-05-18 15:35:00,935,15:35,25,1,35,2.187,5.0,2.187,H1,2.187,1,catchment_near_assigned_hospital,12,observed_user_table,CH Roanne other: 49/day.
P330,HOME_P330,46.09470228055117,4.143375975540965,H1,oncology,A0130,11:00,P1,high,2.0,vsl_required,2026-05-18 11:25:00,685,11:25,150,2026-05-18 13:55:00,835,13:55,15,1,25,8.92,12.74,8.92,H1,8.92,1,catchment_near_assigned_hospital,10,observed_user_table,CH Roanne chemotherapy: 30/day.
P331,HOME_P331,46.076474258793404,4.083478352515731,H1,dialysis,A0029,08:00,P1,high,2.0,vsl_required,2026-05-18 08:00:00,480,08:00,240,2026-05-18 12:00:00,720,12:00,15,1,25,3.385,5.0,3.385,H1,3.385,1,catchment_near_assigned_hospital,8,observed_user_table,"CH Roanne dialysis: 53/day. 26 morning, 23 noon, 4 evening."
P332,HOME_P332,45.97717153819747,4.060072384592989,H2,other,A0345,08:30,P2,medium,1.5,standard_assis,2026-05-18 09:10:00,550,09:10,40,2026-05-18 09:50:00,590,09:50,25,1,35,9.562,13.66,9.562,H2,9.562,1,catchment_near_assigned_hospital,12,assumption_to_validate,Renaison other: assumed 36/day.
P333,HOME_P333,46.11755898120499,4.121895814742676,H1,oncology,A0138,11:00,P1,high,2.0,vsl_required,2026-05-18 11:55:00,715,11:55,180,2026-05-18 14:55:00,895,14:55,15,1,25,10.113,14.45,10.113,H1,10.113,1,catchment_near_assigned_hospital,10,observed_user_table,CH Roanne chemotherapy: 30/day.
P334,HOME_P334,46.055475405368995,4.1534659797475095,H1,dialysis,A0063,13:00,P1,high,2.0,vsl_required,2026-05-18 13:40:00,820,13:40,240,2026-05-18 17:40:00,1060,17:40,15,1,25,7.796,11.14,7.796,H1,7.796,1,catchment_near_assigned_hospital,8,observed_user_table,"CH Roanne dialysis: 53/day. 26 morning, 23 noon, 4 evening."
P335,HOME_P335,45.99898564028735,4.013985771211701,H1,other,A0213,14:00,P2,medium,1.5,prescription_medicale,2026-05-18 14:15:00,855,14:15,100,2026-05-18 15:55:00,955,15:55,25,1,35,9.439,13.48,9.439,H2,8.375,1,catchment_near_assigned_hospital,12,observed_user_table,CH Roanne other: 49/day.
P336,HOME_P336,46.07407883703076,4.141401153161023,H1,dialysis,A0040,08:00,P1,high,2.0,vsl_required,2026-05-18 08:30:00,510,08:30,240,2026-05-18 12:30:00,750,12:30,15,1,25,7.228,10.33,7.228,H1,7.228,1,catchment_near_assigned_hospital,8,observed_user_table,"CH Roanne dialysis: 53/day. 26 morning, 23 noon, 4 evening."
P337,HOME_P337,46.049368216565796,3.9790153314710888,H1,other,A0209,10:30,P2,medium,1.5,prescription_medicale,2026-05-18 11:10:00,670,11:10,120,2026-05-18 13:10:00,790,13:10,25,1,35,9.054,12.93,9.054,H2,8.677,1,catchment_near_assigned_hospital,12,observed_user_table,CH Roanne other: 49/day.
P338,HOME_P338,45.996742462547246,4.1223121504705125,H3,dialysis,A0410,08:00,P1,high,2.0,vsl_required,2026-05-18 08:45:00,525,08:45,270,2026-05-18 13:15:00,795,13:15,15,1,25,8.96,12.8,8.96,H2,8.543,1,catchment_near_assigned_hospital,8,assumption_to_validate,Third dialysis center: assumed 24/day.
P339,HOME_P339,45.999378783762694,4.159354228307555,H1,other,A0190,10:30,P2,medium,1.5,standard_assis,2026-05-18 11:45:00,705,11:45,95,2026-05-18 13:20:00,800,13:20,25,1,35,11.23,16.04,11.23,H2,10.855,1,catchment_near_assigned_hospital,12,observed_user_table,CH Roanne other: 49/day.
P340,HOME_P340,46.0126837195296,4.116299888080428,H1,dialysis,A0043,08:00,P1,high,2.0,vsl_required,2026-05-18 08:10:00,490,08:10,240,2026-05-18 12:10:00,730,12:10,15,1,25,7.041,10.06,7.041,H2,6.486,1,catchment_near_assigned_hospital,8,observed_user_table,"CH Roanne dialysis: 53/day. 26 morning, 23 noon, 4 evening."
P341,HOME_P341,46.10846862429812,4.088023332001346,H1,oncology,A0108,08:00,P1,high,2.0,prescription_medicale,2026-05-18 08:50:00,530,08:50,170,2026-05-18 11:40:00,700,11:40,15,1,25,7.809,11.16,7.809,H1,7.809,1,catchment_near_assigned_hospital,10,observed_user_table,CH Roanne chemotherapy: 30/day.
P342,HOME_P342,46.13511016150811,4.0309132964041,H2,other,A0343,08:30,P2,medium,1.5,standard_assis,2026-05-18 08:40:00,520,08:40,25,2026-05-18 09:05:00,545,09:05,25,1,35,12.953,18.5,12.953,H1,12.063,1,catchment_near_assigned_hospital,12,assumption_to_validate,Renaison other: assumed 36/day.
P343,HOME_P343,46.10640704219098,4.082595147253165,H1,other,A0167,08:30,P2,medium,1.5,standard_assis,2026-05-18 09:20:00,560,09:20,85,2026-05-18 10:45:00,645,10:45,25,1,35,7.443,10.63,7.443,H1,7.443,1,catchment_near_assigned_hospital,12,observed_user_table,CH Roanne other: 49/day.
P344,HOME_P344,46.111554186678106,4.037226134495112,H1,other,A0231,16:00,P2,medium,1.5,premium,2026-05-18 16:55:00,1015,16:55,80,2026-05-18 18:15:00,1095,18:15,25,1,35,8.79,12.56,8.79,H1,8.79,1,catchment_near_assigned_hospital,12,observed_user_table,CH Roanne other: 49/day.
P345,HOME_P345,46.02626476214581,4.18739493715822,H1,other,A0208,10:30,P2,medium,1.5,standard_assis,2026-05-18 11:25:00,685,11:25,65,2026-05-18 12:30:00,750,12:30,25,1,35,11.687,16.7,11.687,H1,11.687,1,catchment_near_assigned_hospital,12,observed_user_table,CH Roanne other: 49/day.
P346,HOME_P346,46.08613909902212,4.08891823007878,H1,dialysis,A0069,13:00,P1,high,2.0,vsl_required,2026-05-18 13:30:00,810,13:30,240,2026-05-18 17:30:00,1050,17:30,15,1,25,4.825,6.89,4.825,H1,4.825,1,catchment_near_assigned_hospital,8,observed_user_table,"CH Roanne dialysis: 53/day. 26 morning, 23 noon, 4 evening."
P347,HOME_P347,46.12505439690309,4.268451486889882,H1,external,A0245,10:30,P3,low,1.0,standard_assis,2026-05-18 12:10:00,730,12:10,25,2026-05-18 12:35:00,755,12:35,35,1,55,21.343,30.49,21.343,H1,21.343,1,catchment_near_assigned_hospital,18,computed_from_user_table,External visits: 75/day * 15% using fleet.
P348,HOME_P348,46.07262662532625,3.9801741250349263,H3,dialysis,A0429,13:00,P1,high,2.0,vsl_required,2026-05-18 13:05:00,785,13:05,230,2026-05-18 16:55:00,1015,16:55,15,1,25,9.217,13.17,9.217,H3,9.217,1,catchment_near_assigned_hospital,8,assumption_to_validate,Third dialysis center: assumed 24/day.
P349,HOME_P349,46.020969215730716,4.164185279934241,H1,oncology,A0148,14:00,P1,high,2.0,vsl_required,2026-05-18 14:50:00,890,14:50,180,2026-05-18 17:50:00,1070,17:50,15,1,25,9.905,14.15,9.905,H2,9.825,1,catchment_near_assigned_hospital,10,observed_user_table,CH Roanne chemotherapy: 30/day.
P350,HOME_P350,46.1146528831464,4.0064573873720155,H2,oncology,A0327,08:00,P1,high,2.0,vsl_required,2026-05-18 08:55:00,535,08:55,185,2026-05-18 12:00:00,720,12:00,15,1,25,11.313,16.16,11.313,H1,10.654,1,catchment_near_assigned_hospital,10,assumption_to_validate,Renaison oncology: assumed 16/day.
P351,HOME_P351,46.097909960174526,4.1206753633063125,H1,oncology,A0131,11:00,P1,high,2.0,standard_assis,2026-05-18 11:50:00,710,11:50,170,2026-05-18 14:40:00,880,14:40,15,1,25,7.736,11.05,7.736,H1,7.736,1,catchment_near_assigned_hospital,10,observed_user_table,CH Roanne chemotherapy: 30/day.
P352,HOME_P352,46.07604946624201,4.0779392563011205,H3,dialysis,A0418,08:00,P1,high,2.0,vsl_required,2026-05-18 08:00:00,480,08:00,215,2026-05-18 11:35:00,695,11:35,15,1,25,3.701,5.29,3.701,H1,3.202,1,catchment_near_assigned_hospital,8,assumption_to_validate,Third dialysis center: assumed 24/day.
P353,HOME_P353,46.03874058838477,3.9732196735655934,H2,dialysis,A0313,17:00,P1,high,2.0,vsl_required,2026-05-18 17:00:00,1020,17:00,220,2026-05-18 20:40:00,1240,20:40,15,1,25,9.272,13.25,9.272,H2,9.272,1,catchment_near_assigned_hospital,8,assumption_to_validate,Renaison dialysis: assumed 30/day.
P354,HOME_P354,46.018026107921436,4.1694597370834545,H2,other,A0394,14:00,P2,medium,1.5,standard_assis,2026-05-18 14:55:00,895,14:55,25,2026-05-18 15:20:00,920,15:20,25,1,35,10.447,14.92,10.447,H2,10.447,1,catchment_near_assigned_hospital,12,assumption_to_validate,Renaison other: assumed 36/day.
P355,HOME_P355,46.06794265827236,4.1044672543542084,H2,other,A0403,16:30,P2,medium,1.5,standard_assis,2026-05-18 16:50:00,1010,16:50,40,2026-05-18 17:30:00,1050,17:30,25,1,35,4.625,6.61,4.625,H1,3.678,1,catchment_near_assigned_hospital,12,assumption_to_validate,Renaison other: assumed 36/day.
P356,HOME_P356,46.15964959577928,4.200391080020247,H1,external,A0246,11:30,P3,low,1.0,premium,2026-05-18 12:05:00,725,12:05,25,2026-05-18 12:30:00,750,12:30,35,1,50,19.233,27.48,19.233,H1,19.233,1,catchment_near_assigned_hospital,18,computed_from_user_table,External visits: 75/day * 15% using fleet.
P357,HOME_P357,46.03127095834677,3.9888181054074856,H2,other,A0370,10:30,P2,medium,1.5,standard_assis,2026-05-18 11:05:00,665,11:05,30,2026-05-18 11:35:00,695,11:35,25,1,35,7.973,11.39,7.973,H2,7.973,1,catchment_near_assigned_hospital,12,assumption_to_validate,Renaison other: assumed 36/day.
P358,HOME_P358,45.98630360399965,4.030919322885418,H1,oncology,A0099,08:00,P1,high,2.0,standard_assis,2026-05-18 08:30:00,510,08:30,155,2026-05-18 11:05:00,665,11:05,15,1,25,10.148,14.5,10.148,H2,9.029,1,catchment_near_assigned_hospital,10,observed_user_table,CH Roanne chemotherapy: 30/day.
P359,HOME_P359,46.143369851720784,4.137632257385518,H1,other,A0194,10:30,P2,medium,1.5,standard_assis,2026-05-18 11:10:00,670,11:10,60,2026-05-18 12:10:00,730,12:10,25,1,35,13.996,19.99,13.996,H1,13.996,1,catchment_near_assigned_hospital,12,observed_user_table,CH Roanne other: 49/day.
P360,HOME_P360,46.08915425877255,4.0776976872334485,H1,other,A0226,14:00,P2,medium,1.5,prescription_medicale,2026-05-18 15:20:00,920,15:20,75,2026-05-18 16:35:00,995,16:35,25,1,35,5.007,7.15,5.007,H1,5.007,1,catchment_near_assigned_hospital,12,observed_user_table,CH Roanne other: 49/day.
P361,HOME_P361,45.99612009992394,4.07422992252275,H3,dialysis,A0444,13:00,P1,high,2.0,vsl_required,2026-05-18 13:15:00,795,13:15,230,2026-05-18 17:05:00,1025,17:05,15,1,25,7.5,10.71,7.5,H2,6.911,1,catchment_near_assigned_hospital,8,assumption_to_validate,Third dialysis center: assumed 24/day.
P362,HOME_P362,45.9985343897458,3.9994466826388524,H2,dialysis,A0288,13:00,P1,high,2.0,vsl_required,2026-05-18 13:35:00,815,13:35,225,2026-05-18 17:20:00,1040,17:20,15,1,25,9.369,13.38,9.369,H2,9.369,1,catchment_near_assigned_hospital,8,assumption_to_validate,Renaison dialysis: assumed 30/day.
P363,HOME_P363,46.125677138680985,4.138964187200094,H1,other,A0182,08:30,P2,medium,1.5,standard_assis,2026-05-18 08:30:00,510,08:30,80,2026-05-18 09:50:00,590,09:50,25,1,35,11.917,17.02,11.917,H1,11.917,1,catchment_near_assigned_hospital,12,observed_user_table,CH Roanne other: 49/day.
P364,HOME_P364,46.04731731874947,3.9749591903649715,H3,dialysis,A0422,08:00,P1,high,2.0,prescription_medicale,2026-05-18 08:20:00,500,08:20,215,2026-05-18 11:55:00,715,11:55,15,1,25,9.176,13.11,9.176,H2,9.056,1,catchment_near_assigned_hospital,8,assumption_to_validate,Third dialysis center: assumed 24/day.
P365,HOME_P365,46.05916536837671,4.064513788248791,H1,dialysis,A0024,08:00,P1,high,2.0,vsl_required,2026-05-18 08:35:00,515,08:35,240,2026-05-18 12:35:00,755,12:35,15,1,25,1.135,5.0,1.135,H1,1.135,1,catchment_near_assigned_hospital,8,observed_user_table,"CH Roanne dialysis: 53/day. 26 morning, 23 noon, 4 evening."
P366,HOME_P366,46.014689869933285,4.007879822605885,H1,dialysis,A0028,08:00,P1,high,2.0,vsl_required,2026-05-18 08:00:00,480,08:00,240,2026-05-18 12:00:00,720,12:00,15,1,25,8.241,11.77,8.241,H2,7.29,1,catchment_near_assigned_hospital,8,observed_user_table,"CH Roanne dialysis: 53/day. 26 morning, 23 noon, 4 evening."
P367,HOME_P367,46.12688129348119,4.277489346541693,H1,external,A0255,15:30,P3,low,1.0,prescription_medicale,2026-05-18 15:30:00,930,15:30,25,2026-05-18 15:55:00,955,15:55,35,1,58,22.233,31.76,22.233,H1,22.233,1,catchment_near_assigned_hospital,18,computed_from_user_table,External visits: 75/day * 15% using fleet.
P368,HOME_P368,46.078320953659556,4.154966174486299,H3,dialysis,A0447,13:00,P1,high,2.0,vsl_required,2026-05-18 13:25:00,805,13:25,215,2026-05-18 17:00:00,1020,17:00,15,1,25,9.091,12.99,9.091,H1,8.662,1,catchment_near_assigned_hospital,8,assumption_to_validate,Third dialysis center: assumed 24/day.
P369,HOME_P369,45.99620250055446,4.009374884153029,H1,dialysis,A0031,08:00,P1,high,2.0,vsl_required,2026-05-18 08:10:00,490,08:10,240,2026-05-18 12:10:00,730,12:10,15,1,25,10.017,14.31,10.017,H2,8.957,1,catchment_near_assigned_hospital,8,observed_user_table,"CH Roanne dialysis: 53/day. 26 morning, 23 noon, 4 evening."
P370,HOME_P370,46.11770973514399,4.095296080426813,H1,dialysis,A0048,13:00,P1,high,2.0,vsl_required,2026-05-18 13:10:00,790,13:10,240,2026-05-18 17:10:00,1030,17:10,15,1,25,9.214,13.16,9.214,H1,9.214,1,catchment_near_assigned_hospital,8,observed_user_table,"CH Roanne dialysis: 53/day. 26 morning, 23 noon, 4 evening."
P371,HOME_P371,46.115473284803336,4.07656071546905,H2,dialysis,A0302,13:00,P1,high,2.0,vsl_required,2026-05-18 13:05:00,785,13:05,230,2026-05-18 16:55:00,1015,16:55,15,1,25,9.727,13.9,9.727,H1,8.65,1,catchment_near_assigned_hospital,8,assumption_to_validate,Renaison dialysis: assumed 30/day.
P372,HOME_P372,46.0105642670442,4.105755016497608,H2,dialysis,A0291,13:00,P1,high,2.0,vsl_required,2026-05-18 13:10:00,790,13:10,260,2026-05-18 17:30:00,1050,17:30,15,1,25,6.047,8.64,6.047,H2,6.047,1,catchment_near_assigned_hospital,8,assumption_to_validate,Renaison dialysis: assumed 30/day.
P373,HOME_P373,46.05640055292013,4.122874191066695,H1,dialysis,A0071,13:00,P1,high,2.0,vsl_required,2026-05-18 13:40:00,820,13:40,240,2026-05-18 17:40:00,1060,17:40,15,1,25,4.859,6.94,4.859,H1,4.859,1,catchment_near_assigned_hospital,8,observed_user_table,"CH Roanne dialysis: 53/day. 26 morning, 23 noon, 4 evening."
P374,HOME_P374,46.11047160961243,4.038034155188493,H2,oncology,A0328,08:00,P1,high,2.0,vsl_required,2026-05-18 08:00:00,480,08:00,120,2026-05-18 10:00:00,600,10:00,15,1,25,9.479,13.54,9.479,H1,8.621,1,catchment_near_assigned_hospital,10,assumption_to_validate,Renaison oncology: assumed 16/day.
P375,HOME_P375,46.04814613688027,4.010364861855539,H1,dialysis,A0079,13:00,P1,high,2.0,prescription_medicale,2026-05-18 13:05:00,785,13:05,240,2026-05-18 17:05:00,1025,17:05,15,1,25,6.056,8.65,6.056,H2,5.648,1,catchment_near_assigned_hospital,8,observed_user_table,"CH Roanne dialysis: 53/day. 26 morning, 23 noon, 4 evening."
P376,HOME_P376,46.11152732561822,4.040604828982149,H1,other,A0199,10:30,P2,medium,1.5,standard_assis,2026-05-18 10:40:00,640,10:40,90,2026-05-18 12:10:00,730,12:10,25,1,35,8.665,12.38,8.665,H1,8.665,1,catchment_near_assigned_hospital,12,observed_user_table,CH Roanne other: 49/day.
P377,HOME_P377,46.04706018348101,4.096505288499998,H1,dialysis,A0067,13:00,P1,high,2.0,vsl_required,2026-05-18 13:35:00,815,13:35,240,2026-05-18 17:35:00,1055,17:35,15,1,25,2.455,5.0,2.455,H1,2.455,1,catchment_near_assigned_hospital,8,observed_user_table,"CH Roanne dialysis: 53/day. 26 morning, 23 noon, 4 evening."
P378,HOME_P378,45.99580032830112,4.096546510840241,H2,dialysis,A0284,08:00,P1,high,2.0,vsl_required,2026-05-18 08:55:00,535,08:55,235,2026-05-18 12:50:00,770,12:50,15,1,25,7.435,10.62,7.435,H2,7.435,1,catchment_near_assigned_hospital,8,assumption_to_validate,Renaison dialysis: assumed 30/day.
P379,HOME_P379,46.08326025354104,4.143659000697434,H2,dialysis,A0309,13:00,P1,high,2.0,vsl_required,2026-05-18 13:05:00,785,13:05,220,2026-05-18 16:45:00,1005,16:45,15,1,25,8.909,12.73,8.909,H1,8.01,1,catchment_near_assigned_hospital,8,assumption_to_validate,Renaison dialysis: assumed 30/day.
P380,HOME_P380,46.09230016525218,4.1317546430084215,H3,dialysis,A0438,13:00,P1,high,2.0,vsl_required,2026-05-18 13:20:00,800,13:20,215,2026-05-18 16:55:00,1015,16:55,15,1,25,8.368,11.95,8.368,H1,7.862,1,catchment_near_assigned_hospital,8,assumption_to_validate,Third dialysis center: assumed 24/day.
P381,HOME_P381,46.04697556509899,3.9491155958649538,H1,other,A0187,10:30,P2,medium,1.5,prescription_medicale,2026-05-18 10:45:00,645,10:45,110,2026-05-18 12:35:00,755,12:35,25,1,35,11.954,17.08,11.954,H2,11.548,1,catchment_near_assigned_hospital,12,observed_user_table,CH Roanne other: 49/day.
P382,HOME_P382,45.991601349238394,4.0778809271460945,H1,other,A0214,14:00,P2,medium,1.5,standard_assis,2026-05-18 15:05:00,905,15:05,75,2026-05-18 16:20:00,980,16:20,25,1,35,8.59,12.27,8.59,H2,7.57,1,catchment_near_assigned_hospital,12,observed_user_table,CH Roanne other: 49/day.
P383,HOME_P383,46.0991118323376,4.086997562979264,H1,dialysis,A0056,13:00,P1,high,2.0,vsl_required,2026-05-18 13:30:00,810,13:30,240,2026-05-18 17:30:00,1050,17:30,15,1,25,6.515,9.31,6.515,H1,6.515,1,catchment_near_assigned_hospital,8,observed_user_table,"CH Roanne dialysis: 53/day. 26 morning, 23 noon, 4 evening."
P384,HOME_P384,46.024578997892824,3.9984415167540295,H2,dialysis,A0303,13:00,P1,high,2.0,vsl_required,2026-05-18 13:05:00,785,13:05,235,2026-05-18 17:00:00,1020,17:00,15,1,25,7.397,10.57,7.397,H2,7.397,1,catchment_near_assigned_hospital,8,assumption_to_validate,Renaison dialysis: assumed 30/day.
P385,HOME_P385,46.07445266127769,4.050029677594944,H2,dialysis,A0281,08:00,P1,high,2.0,vsl_required,2026-05-18 08:10:00,490,08:10,250,2026-05-18 12:20:00,740,12:20,15,1,25,4.387,6.27,4.387,H1,3.664,1,catchment_near_assigned_hospital,8,assumption_to_validate,Renaison dialysis: assumed 30/day.
P386,HOME_P386,46.02418815521321,4.060282321610567,H2,oncology,A0330,13:00,P1,high,2.0,vsl_required,2026-05-18 13:45:00,825,13:45,125,2026-05-18 15:50:00,950,15:50,15,1,25,3.101,5.0,3.101,H2,3.101,1,catchment_near_assigned_hospital,10,assumption_to_validate,Renaison oncology: assumed 16/day.
P387,HOME_P387,45.98281306473741,4.071243595666878,H1,other,A0164,08:30,P2,medium,1.5,standard_assis,2026-05-18 09:00:00,540,09:00,90,2026-05-18 10:30:00,630,10:30,25,1,35,9.798,14.0,9.798,H2,8.744,1,catchment_near_assigned_hospital,12,observed_user_table,CH Roanne other: 49/day.
P388,HOME_P388,46.00398956614845,3.996256536981563,H1,other,A0197,10:30,P2,medium,1.5,prescription_medicale,2026-05-18 11:40:00,700,11:40,110,2026-05-18 13:30:00,810,13:30,25,1,35,10.07,14.39,10.07,H2,9.09,1,catchment_near_assigned_hospital,12,observed_user_table,CH Roanne other: 49/day.
P389,HOME_P389,46.0485900943559,4.133470963173628,H1,other,A0154,08:30,P2,medium,1.5,standard_assis,2026-05-18 09:30:00,570,09:30,100,2026-05-18 11:10:00,670,11:10,25,1,35,5.899,8.43,5.899,H1,5.899,1,catchment_near_assigned_hospital,12,observed_user_table,CH Roanne other: 49/day.
P390,HOME_P390,46.02840806165423,4.104183906597773,H1,oncology,A0102,08:00,P1,high,2.0,prescription_medicale,2026-05-18 08:05:00,485,08:05,180,2026-05-18 11:05:00,665,11:05,15,1,25,4.604,6.58,4.604,H2,4.175,1,catchment_near_assigned_hospital,10,observed_user_table,CH Roanne chemotherapy: 30/day.
P391,HOME_P391,46.01945099098682,3.982199750957054,H2,other,A0365,08:30,P2,medium,1.5,premium,2026-05-18 09:00:00,540,09:00,25,2026-05-18 09:25:00,565,09:25,25,1,35,9.118,13.03,9.118,H2,9.118,1,catchment_near_assigned_hospital,12,assumption_to_validate,Renaison other: assumed 36/day.
P392,HOME_P392,46.1105766763358,4.05693706199238,H3,dialysis,A0430,13:00,P1,high,2.0,prescription_medicale,2026-05-18 13:20:00,800,13:20,240,2026-05-18 17:20:00,1040,17:20,15,1,25,8.513,12.16,8.513,H1,8.105,1,catchment_near_assigned_hospital,8,assumption_to_validate,Third dialysis center: assumed 24/day.
P393,HOME_P393,46.05932392366592,3.9710829549563567,H2,oncology,A0320,08:00,P1,high,2.0,vsl_required,2026-05-18 08:35:00,515,08:35,315,2026-05-18 13:50:00,830,13:50,15,1,25,9.614,13.73,9.614,H2,9.614,1,catchment_near_assigned_hospital,10,assumption_to_validate,Renaison oncology: assumed 16/day.
P394,HOME_P394,45.98118609986745,4.078136334663483,H1,oncology,A0110,08:00,P1,high,2.0,standard_assis,2026-05-18 08:40:00,520,08:40,165,2026-05-18 11:25:00,685,11:25,15,1,25,10.037,14.34,10.037,H2,9.012,1,catchment_near_assigned_hospital,10,observed_user_table,CH Roanne chemotherapy: 30/day.
P395,HOME_P395,45.951113392179494,4.054955239122766,H1,other,A0151,08:30,P2,medium,1.5,prescription_medicale,2026-05-18 08:55:00,535,08:55,100,2026-05-18 10:35:00,635,10:35,25,1,35,14.306,20.44,14.306,H2,13.215,1,catchment_near_assigned_hospital,12,observed_user_table,CH Roanne other: 49/day.
P396,HOME_P396,46.10909018478967,4.063412832747412,H2,dialysis,A0278,08:00,P1,high,2.0,vsl_required,2026-05-18 08:00:00,480,08:00,220,2026-05-18 11:40:00,700,11:40,15,1,25,8.826,12.61,8.826,H1,7.806,1,catchment_near_assigned_hospital,8,assumption_to_validate,Renaison dialysis: assumed 30/day.
P397,HOME_P397,46.05745010702737,3.938506981147904,H2,other,A0373,10:30,P2,medium,1.5,standard_assis,2026-05-18 10:35:00,635,10:35,40,2026-05-18 11:15:00,675,11:15,25,1,35,12.674,18.11,12.674,H2,12.674,1,catchment_near_assigned_hospital,12,assumption_to_validate,Renaison other: assumed 36/day.
P398,HOME_P398,46.105612060971524,4.073638537513886,H2,dialysis,A0275,08:00,P1,high,2.0,vsl_required,2026-05-18 08:20:00,500,08:20,240,2026-05-18 12:20:00,740,12:20,15,1,25,8.34,11.91,8.34,H1,7.272,1,catchment_near_assigned_hospital,8,assumption_to_validate,Renaison dialysis: assumed 30/day.
P399,HOME_P399,46.02092763613153,4.056513737240199,H1,dialysis,A0004,08:00,P1,high,2.0,vsl_required,2026-05-18 08:55:00,535,08:55,240,2026-05-18 12:55:00,775,12:55,15,1,25,4.763,6.8,4.763,H2,3.642,1,catchment_near_assigned_hospital,8,observed_user_table,"CH Roanne dialysis: 53/day. 26 morning, 23 noon, 4 evening."
P400,HOME_P400,46.10138430853591,3.981446922843878,H2,oncology,A0317,08:00,P1,high,2.0,vsl_required,2026-05-18 08:10:00,490,08:10,135,2026-05-18 10:25:00,625,10:25,15,1,25,11.439,16.34,11.439,H1,11.049,1,catchment_near_assigned_hospital,10,assumption_to_validate,Renaison oncology: assumed 16/day.
P401,HOME_P401,46.05813997512541,4.0474680065180335,H2,other,A0396,14:00,P2,medium,1.5,vsl_required,2026-05-18 14:20:00,860,14:20,40,2026-05-18 15:00:00,900,15:00,25,1,35,2.688,5.0,2.688,H3,2.45,1,catchment_near_assigned_hospital,12,assumption_to_validate,Renaison other: assumed 36/day.
P402,HOME_P402,46.093895323321746,4.1428161665486405,H3,dialysis,A0446,13:00,P1,high,2.0,vsl_required,2026-05-18 13:40:00,820,13:40,240,2026-05-18 17:40:00,1060,17:40,15,1,25,9.302,13.29,9.302,H1,8.806,1,catchment_near_assigned_hospital,8,assumption_to_validate,Third dialysis center: assumed 24/day.
P403,HOME_P403,46.02915258889385,4.05370065331066,H1,dialysis,A0026,08:00,P1,high,2.0,vsl_required,2026-05-18 08:30:00,510,08:30,240,2026-05-18 12:30:00,750,12:30,15,1,25,3.824,5.46,3.824,H2,2.723,1,catchment_near_assigned_hospital,8,observed_user_table,"CH Roanne dialysis: 53/day. 26 morning, 23 noon, 4 evening."
P404,HOME_P404,46.027611144925906,4.135563063058175,H1,other,A0169,08:30,P2,medium,1.5,prescription_medicale,2026-05-18 09:50:00,590,09:50,100,2026-05-18 11:30:00,690,11:30,25,1,35,7.038,10.05,7.038,H2,6.915,1,catchment_near_assigned_hospital,12,observed_user_table,CH Roanne other: 49/day.
P405,HOME_P405,46.06770065790405,4.142137172864893,H1,oncology,A0129,11:00,P1,high,2.0,prescription_medicale,2026-05-18 11:10:00,670,11:10,175,2026-05-18 14:05:00,845,14:05,15,1,25,6.99,9.99,6.99,H1,6.99,1,catchment_near_assigned_hospital,10,observed_user_table,CH Roanne chemotherapy: 30/day.
P406,HOME_P406,46.019994555112696,4.106089549387315,H2,dialysis,A0285,08:00,P1,high,2.0,prescription_medicale,2026-05-18 08:40:00,520,08:40,230,2026-05-18 12:30:00,750,12:30,15,1,25,5.071,7.24,5.071,H2,5.071,1,catchment_near_assigned_hospital,8,assumption_to_validate,Renaison dialysis: assumed 30/day.
P407,HOME_P407,46.11327425610231,4.184716633532257,H2,other,A0362,08:30,P2,medium,1.5,standard_assis,2026-05-18 09:15:00,555,09:15,25,2026-05-18 09:40:00,580,09:40,25,1,35,14.599,20.86,14.599,H1,13.642,1,catchment_near_assigned_hospital,12,assumption_to_validate,Renaison other: assumed 36/day.
P408,HOME_P408,46.068797628725754,4.00925228969804,H2,dialysis,A0308,13:00,P1,high,2.0,vsl_required,2026-05-18 13:50:00,830,13:50,240,2026-05-18 17:50:00,1070,17:50,15,1,25,6.58,9.4,6.58,H3,6.415,1,catchment_near_assigned_hospital,8,assumption_to_validate,Renaison dialysis: assumed 30/day.
P409,HOME_P409,46.042490191716084,4.116244431736999,H1,other,A0158,08:30,P2,medium,1.5,standard_assis,2026-05-18 09:20:00,560,09:20,85,2026-05-18 10:45:00,645,10:45,25,1,35,4.461,6.37,4.461,H1,4.461,1,catchment_near_assigned_hospital,12,observed_user_table,CH Roanne other: 49/day.
P410,HOME_P410,46.10790289123605,4.108799759910081,H1,oncology,A0133,11:00,P1,high,2.0,vsl_required,2026-05-18 11:45:00,705,11:45,165,2026-05-18 14:30:00,870,14:30,15,1,25,8.349,11.93,8.349,H1,8.349,1,catchment_near_assigned_hospital,10,observed_user_table,CH Roanne chemotherapy: 30/day.
P411,HOME_P411,46.03455695619151,4.125191565995133,H1,other,A0183,08:30,P2,medium,1.5,standard_assis,2026-05-18 09:35:00,575,09:35,90,2026-05-18 11:05:00,665,11:05,25,1,35,5.695,8.14,5.695,H2,5.657,1,catchment_near_assigned_hospital,12,observed_user_table,CH Roanne other: 49/day.
P412,HOME_P412,46.099620925834024,4.001627019180763,H3,dialysis,A0424,08:00,P1,high,2.0,vsl_required,2026-05-18 08:00:00,480,08:00,250,2026-05-18 12:10:00,730,12:10,15,1,25,9.541,13.63,9.541,H1,9.403,1,catchment_near_assigned_hospital,8,assumption_to_validate,Third dialysis center: assumed 24/day.
P413,HOME_P413,45.99762505371062,3.9937506079607297,H2,dialysis,A0297,13:00,P1,high,2.0,prescription_medicale,2026-05-18 13:55:00,835,13:55,210,2026-05-18 17:25:00,1045,17:25,15,1,25,9.855,14.08,9.855,H2,9.855,1,catchment_near_assigned_hospital,8,assumption_to_validate,Renaison dialysis: assumed 30/day.
P414,HOME_P414,46.05916451308989,4.128809573865247,H1,oncology,A0098,08:00,P1,high,2.0,prescription_medicale,2026-05-18 08:40:00,520,08:40,175,2026-05-18 11:35:00,695,11:35,15,1,25,5.473,7.82,5.473,H1,5.473,1,catchment_near_assigned_hospital,10,observed_user_table,CH Roanne chemotherapy: 30/day.
P415,HOME_P415,46.08494010658663,4.10718792559837,H2,other,A0381,10:30,P2,medium,1.5,standard_assis,2026-05-18 11:40:00,700,11:40,35,2026-05-18 12:15:00,735,12:15,25,1,35,6.592,9.42,6.592,H1,5.514,1,catchment_near_assigned_hospital,12,assumption_to_validate,Renaison other: assumed 36/day.
P416,HOME_P416,45.971921660807006,4.019347915438364,H1,other,A0185,10:30,P2,medium,1.5,standard_assis,2026-05-18 11:35:00,695,11:35,115,2026-05-18 13:30:00,810,13:30,25,1,35,12.428,17.75,12.428,H2,11.312,1,catchment_near_assigned_hospital,12,observed_user_table,CH Roanne other: 49/day.
P417,HOME_P417,46.077456387257676,4.034641976286375,H1,other,A0230,16:00,P2,medium,1.5,standard_assis,2026-05-18 16:30:00,990,16:30,80,2026-05-18 17:50:00,1070,17:50,25,1,35,4.974,7.11,4.974,H1,4.974,1,catchment_near_assigned_hospital,12,observed_user_table,CH Roanne other: 49/day.
P418,HOME_P418,45.970410531986,3.9985803679229623,H2,other,A0405,16:30,P2,medium,1.5,standard_assis,2026-05-18 17:50:00,1070,17:50,25,2026-05-18 18:15:00,1095,18:15,25,1,35,12.469,17.81,12.469,H2,12.469,1,catchment_near_assigned_hospital,12,assumption_to_validate,Renaison other: assumed 36/day.
P419,HOME_P419,46.11694281614148,4.009543014158326,H2,other,A0391,14:00,P2,medium,1.5,standard_assis,2026-05-18 15:25:00,925,15:25,30,2026-05-18 15:55:00,955,15:55,25,1,35,11.432,16.33,11.432,H1,10.739,1,catchment_near_assigned_hospital,12,assumption_to_validate,Renaison other: assumed 36/day.
P420,HOME_P420,46.10070320764623,4.165020162517591,H2,other,A0378,10:30,P2,medium,1.5,premium,2026-05-18 11:30:00,690,11:30,35,2026-05-18 12:05:00,725,12:05,25,1,35,12.022,17.17,12.022,H1,11.075,1,catchment_near_assigned_hospital,12,assumption_to_validate,Renaison other: assumed 36/day.
P421,HOME_P421,46.03501501662429,3.9763004734919085,H2,oncology,A0338,13:00,P1,high,2.0,vsl_required,2026-05-18 13:40:00,820,13:40,295,2026-05-18 18:35:00,1115,18:35,15,1,25,9.047,12.92,9.047,H2,9.047,1,catchment_near_assigned_hospital,10,assumption_to_validate,Renaison oncology: assumed 16/day.
P422,HOME_P422,46.0072484416582,4.108287578862218,H1,oncology,A0127,11:00,P1,high,2.0,vsl_required,2026-05-18 11:55:00,715,11:55,180,2026-05-18 14:55:00,895,14:55,15,1,25,7.264,10.38,7.264,H2,6.564,1,catchment_near_assigned_hospital,10,observed_user_table,CH Roanne chemotherapy: 30/day.
P423,HOME_P423,46.05712933391767,4.124230945311227,H2,dialysis,A0268,08:00,P1,high,2.0,vsl_required,2026-05-18 08:10:00,490,08:10,210,2026-05-18 11:40:00,700,11:40,15,1,25,5.578,7.97,5.578,H1,4.999,1,catchment_near_assigned_hospital,8,assumption_to_validate,Renaison dialysis: assumed 30/day.
P424,HOME_P424,45.92750524545815,4.111360029574996,H1,external,A0258,17:30,P3,low,1.0,prescription_medicale,2026-05-18 17:50:00,1070,17:50,25,2026-05-18 18:15:00,1095,18:15,35,1,46,17.879,25.54,17.879,H2,16.935,1,catchment_near_assigned_hospital,18,computed_from_user_table,External visits: 75/day * 15% using fleet.
P425,HOME_P425,46.012454223005456,4.022000702133851,H1,other,A0188,10:30,P2,medium,1.5,premium,2026-05-18 11:40:00,700,11:40,120,2026-05-18 13:40:00,820,13:40,25,1,35,7.494,10.71,7.494,H2,6.461,1,catchment_near_assigned_hospital,12,observed_user_table,CH Roanne other: 49/day.
P426,HOME_P426,46.0852816508445,4.11131670639616,H2,dialysis,A0292,13:00,P1,high,2.0,vsl_required,2026-05-18 13:00:00,780,13:00,250,2026-05-18 17:10:00,1030,17:10,15,1,25,6.861,9.8,6.861,H1,5.799,1,catchment_near_assigned_hospital,8,assumption_to_validate,Renaison dialysis: assumed 30/day.
P427,HOME_P427,46.07810742661135,4.156221477558948,H1,other,A0200,10:30,P2,medium,1.5,vsl_required,2026-05-18 11:20:00,680,11:20,85,2026-05-18 12:45:00,765,12:45,25,1,35,8.762,12.52,8.762,H1,8.762,1,catchment_near_assigned_hospital,12,observed_user_table,CH Roanne other: 49/day.
P428,HOME_P428,46.0658120530849,4.040254845426352,H1,dialysis,A0011,08:00,P1,high,2.0,vsl_required,2026-05-18 08:55:00,535,08:55,240,2026-05-18 12:55:00,775,12:55,15,1,25,3.58,5.11,3.58,H1,3.58,1,catchment_near_assigned_hospital,8,observed_user_table,"CH Roanne dialysis: 53/day. 26 morning, 23 noon, 4 evening."
P429,HOME_P429,46.08384644097144,4.038661109343371,H2,other,A0400,16:30,P2,medium,1.5,standard_assis,2026-05-18 17:50:00,1070,17:50,40,2026-05-18 18:30:00,1110,18:30,25,1,35,6.047,8.64,6.047,H1,5.367,1,catchment_near_assigned_hospital,12,assumption_to_validate,Renaison other: assumed 36/day.
P430,HOME_P430,45.96164630669813,4.102470131776187,H1,other,A0207,10:30,P2,medium,1.5,standard_assis,2026-05-18 11:15:00,675,11:15,85,2026-05-18 12:40:00,760,12:40,25,1,35,13.059,18.66,13.059,H2,12.127,1,catchment_near_assigned_hospital,12,observed_user_table,CH Roanne other: 49/day.
P431,HOME_P431,46.04413230178855,4.141536853927067,H2,other,A0374,10:30,P2,medium,1.5,standard_assis,2026-05-18 11:30:00,690,11:30,35,2026-05-18 12:05:00,725,12:05,25,1,35,7.021,10.03,7.021,H1,6.762,1,catchment_near_assigned_hospital,12,assumption_to_validate,Renaison other: assumed 36/day.
P432,HOME_P432,46.06530729601414,4.146767280047489,H3,dialysis,A0421,08:00,P1,high,2.0,prescription_medicale,2026-05-18 08:05:00,485,08:05,235,2026-05-18 12:00:00,720,12:00,15,1,25,7.704,11.01,7.704,H1,7.336,1,catchment_near_assigned_hospital,8,assumption_to_validate,Third dialysis center: assumed 24/day.
P433,HOME_P433,46.12077933509017,4.0502085253269104,H1,dialysis,A0055,13:00,P1,high,2.0,vsl_required,2026-05-18 13:40:00,820,13:40,240,2026-05-18 17:40:00,1060,17:40,15,1,25,9.627,13.75,9.627,H1,9.627,1,catchment_near_assigned_hospital,8,observed_user_table,"CH Roanne dialysis: 53/day. 26 morning, 23 noon, 4 evening."
P434,HOME_P434,46.04385061284573,3.9830738213105867,H1,other,A0229,16:00,P2,medium,1.5,prescription_medicale,2026-05-18 17:25:00,1045,17:25,120,2026-05-18 19:25:00,1165,19:25,25,1,35,8.745,12.49,8.745,H2,8.274,1,catchment_near_assigned_hospital,12,observed_user_table,CH Roanne other: 49/day.
P435,HOME_P435,45.98387667830994,3.9827603457069505,H2,other,A0375,10:30,P2,medium,1.5,vsl_required,2026-05-18 11:15:00,675,11:15,25,2026-05-18 11:40:00,700,11:40,25,1,35,11.951,17.07,11.951,H2,11.951,1,catchment_near_assigned_hospital,12,assumption_to_validate,Renaison other: assumed 36/day.
P436,HOME_P436,46.04862284334605,4.16352582654899,H2,oncology,A0316,08:00,P1,high,2.0,vsl_required,2026-05-18 08:20:00,500,08:20,255,2026-05-18 12:35:00,755,12:35,15,1,25,9.147,13.07,9.147,H1,8.786,1,catchment_near_assigned_hospital,10,assumption_to_validate,Renaison oncology: assumed 16/day.
P437,HOME_P437,46.06377906876192,4.124889710899275,H3,dialysis,A0417,08:00,P1,high,2.0,vsl_required,2026-05-18 08:20:00,500,08:20,210,2026-05-18 11:50:00,710,11:50,15,1,25,5.63,8.04,5.63,H1,5.24,1,catchment_near_assigned_hospital,8,assumption_to_validate,Third dialysis center: assumed 24/day.
P438,HOME_P438,46.033237305075986,4.001651446893092,H2,dialysis,A0276,08:00,P1,high,2.0,vsl_required,2026-05-18 08:40:00,520,08:40,215,2026-05-18 12:15:00,735,12:15,15,1,25,6.706,9.58,6.706,H2,6.706,1,catchment_near_assigned_hospital,8,assumption_to_validate,Renaison dialysis: assumed 30/day.
P439,HOME_P439,46.05938301319921,4.221535503382292,H1,other,A0173,08:30,P2,medium,1.5,prescription_medicale,2026-05-18 09:05:00,545,09:05,70,2026-05-18 10:15:00,615,10:15,25,1,35,14.381,20.54,14.381,H1,14.381,1,catchment_near_assigned_hospital,12,observed_user_table,CH Roanne other: 49/day.
P440,HOME_P440,46.02220825506896,3.9871223349402314,H1,oncology,A0118,08:00,P1,high,2.0,prescription_medicale,2026-05-18 08:55:00,535,08:55,150,2026-05-18 11:25:00,685,11:25,15,1,25,9.32,13.31,9.32,H2,8.531,1,catchment_near_assigned_hospital,10,observed_user_table,CH Roanne chemotherapy: 30/day.
P441,HOME_P441,46.13914700090383,4.106686801522117,H1,other,A0168,08:30,P2,medium,1.5,standard_assis,2026-05-18 09:35:00,575,09:35,75,2026-05-18 10:50:00,650,10:50,25,1,35,12.374,17.68,12.374,H1,12.374,1,catchment_near_assigned_hospital,12,observed_user_table,CH Roanne other: 49/day.
P442,HOME_P442,46.0704016575349,3.981427442772019,H3,dialysis,A0442,13:00,P1,high,2.0,vsl_required,2026-05-18 13:40:00,820,13:40,245,2026-05-18 17:45:00,1065,17:45,15,1,25,9.001,12.86,9.001,H3,9.001,1,catchment_near_assigned_hospital,8,assumption_to_validate,Third dialysis center: assumed 24/day.
P443,HOME_P443,46.007643815796825,4.059688188860685,H1,other,A0225,14:00,P2,medium,1.5,standard_assis,2026-05-18 15:20:00,920,15:20,85,2026-05-18 16:45:00,1005,16:45,25,1,35,6.469,9.24,6.469,H2,5.362,1,catchment_near_assigned_hospital,12,observed_user_table,CH Roanne other: 49/day.
P444,HOME_P444,46.044428061212294,3.989660596449883,H3,dialysis,A0416,08:00,P1,high,2.0,vsl_required,2026-05-18 08:10:00,490,08:10,245,2026-05-18 12:15:00,735,12:15,15,1,25,7.789,11.13,7.789,H2,7.637,1,catchment_near_assigned_hospital,8,assumption_to_validate,Third dialysis center: assumed 24/day.
P445,HOME_P445,45.99893899152967,4.149266305962844,H1,other,A0153,08:30,P2,medium,1.5,standard_assis,2026-05-18 08:35:00,515,08:35,100,2026-05-18 10:15:00,615,10:15,25,1,35,10.568,15.1,10.568,H2,10.127,1,catchment_near_assigned_hospital,12,observed_user_table,CH Roanne other: 49/day.
P446,HOME_P446,46.05924910828397,4.028571616235392,H2,dialysis,A0294,13:00,P1,high,2.0,vsl_required,2026-05-18 13:35:00,815,13:35,260,2026-05-18 17:55:00,1075,17:55,15,1,25,4.313,6.16,4.313,H3,4.198,1,catchment_near_assigned_hospital,8,assumption_to_validate,Renaison dialysis: assumed 30/day.
P447,HOME_P447,46.0992847019739,4.115950032649252,H1,other,A0236,16:00,P2,medium,1.5,standard_assis,2026-05-18 17:10:00,1030,17:10,115,2026-05-18 19:05:00,1145,19:05,25,1,35,7.632,10.9,7.632,H1,7.632,1,catchment_near_assigned_hospital,12,observed_user_table,CH Roanne other: 49/day.
P448,HOME_P448,45.98947560630288,4.114990122865669,H1,dialysis,A0085,13:00,P1,high,2.0,vsl_required,2026-05-18 13:05:00,785,13:05,240,2026-05-18 17:05:00,1025,17:05,15,1,25,9.765,13.95,9.765,H2,8.997,1,catchment_near_assigned_hospital,8,observed_user_table,"CH Roanne dialysis: 53/day. 26 morning, 23 noon, 4 evening."
P449,HOME_P449,46.03386691809319,3.9983004080958073,H1,oncology,A0096,08:00,P1,high,2.0,standard_assis,2026-05-18 08:30:00,510,08:30,160,2026-05-18 11:10:00,670,11:10,15,1,25,7.669,10.96,7.669,H2,6.998,1,catchment_near_assigned_hospital,10,observed_user_table,CH Roanne chemotherapy: 30/day.
P450,HOME_P450,46.123029227830756,4.190386772830632,H1,other,A0216,14:00,P2,medium,1.5,prescription_medicale,2026-05-18 14:05:00,845,14:05,95,2026-05-18 15:40:00,940,15:40,25,1,35,14.921,21.32,14.921,H1,14.921,1,catchment_near_assigned_hospital,12,observed_user_table,CH Roanne other: 49/day.
