model_node_id,model_node_label,request_id,patient_id,node_role,physical_point_id,lat,lon,service_time_min,q_i,time_window_start_min,time_window_end_min
1,PU_R0001,R0001,P1,pickup,HOME_P1,46.126870608888275,4.058526867583274,5,1,645,693
2,DO_R0001,R0001,P1,dropoff,H2,46.0457,4.0688,5,-1,665,710
3,PU_R0002,R0002,P1,pickup,H2,46.0457,4.0688,5,1,740,765
4,DO_R0002,R0002,P1,dropoff,HOME_P1,46.126870608888275,4.058526867583274,5,-1,740,815
5,PU_R0003,R0003,P2,pickup,HOME_P2,45.991987162492485,4.061948812002961,5,1,435,479
6,DO_R0003,R0003,P2,dropoff,H2,46.0457,4.0688,5,-1,445,490
7,PU_R0004,R0004,P2,pickup,H2,46.0457,4.0688,5,1,705,720
8,DO_R0004,R0004,P2,dropoff,HOME_P2,45.991987162492485,4.061948812002961,5,-1,705,760
9,PU_R0005,R0005,P3,pickup,HOME_P3,46.07895377176476,4.181498978969894,5,1,660,699
10,DO_R0005,R0005,P3,dropoff,H1,46.0533,4.0727,5,-1,670,715
11,PU_R0006,R0006,P3,pickup,H1,46.0533,4.0727,5,1,880,895
12,DO_R0006,R0006,P3,dropoff,HOME_P3,46.07895377176476,4.181498978969894,5,-1,880,935
13,PU_R0007,R0007,P4,pickup,HOME_P4,46.05420451844636,4.090983166230314,5,1,615,675
14,DO_R0007,R0007,P4,dropoff,H1,46.0533,4.0727,5,-1,635,680
15,PU_R0008,R0008,P4,pickup,H1,46.0533,4.0727,5,1,760,785
16,DO_R0008,R0008,P4,dropoff,HOME_P4,46.05420451844636,4.090983166230314,5,-1,760,835
17,PU_R0009,R0009,P5,pickup,HOME_P5,46.09708886249715,4.113808657120399,5,1,615,669
18,DO_R0009,R0009,P5,dropoff,H1,46.0533,4.0727,5,-1,635,680
19,PU_R0010,R0010,P5,pickup,H1,46.0533,4.0727,5,1,770,795
20,DO_R0010,R0010,P5,dropoff,HOME_P5,46.09708886249715,4.113808657120399,5,-1,770,845
21,PU_R0011,R0011,P6,pickup,HOME_P6,45.9873288618695,4.033578602966536,5,1,845,905
22,DO_R0011,R0011,P6,dropoff,H1,46.0533,4.0727,5,-1,875,920
23,PU_R0012,R0012,P7,pickup,HOME_P7,46.11396620113332,4.129889797490745,5,1,940,989
24,DO_R0012,R0012,P7,dropoff,H2,46.0457,4.0688,5,-1,960,1005
25,PU_R0013,R0013,P8,pickup,HOME_P8,45.99267849721925,4.085344127930091,5,1,445,488
26,DO_R0013,R0013,P8,dropoff,H3,46.05,4.07,5,-1,455,500
27,PU_R0014,R0014,P8,pickup,H3,46.05,4.07,5,1,735,750
28,DO_R0014,R0014,P8,dropoff,HOME_P8,45.99267849721925,4.085344127930091,5,-1,735,790
29,PU_R0015,R0015,P9,pickup,HOME_P9,46.02247119273412,4.019497175873181,5,1,780,826
30,DO_R0015,R0015,P9,dropoff,H2,46.0457,4.0688,5,-1,790,835
31,PU_R0016,R0016,P10,pickup,HOME_P10,46.0037451359362,3.982321069922775,5,1,605,644
32,DO_R0016,R0016,P10,dropoff,H1,46.0533,4.0727,5,-1,615,660
33,PU_R0017,R0017,P10,pickup,H1,46.0533,4.0727,5,1,835,850
34,DO_R0017,R0017,P10,dropoff,HOME_P10,46.0037451359362,3.982321069922775,5,-1,835,890
35,PU_R0018,R0018,P11,pickup,HOME_P11,46.00719199885795,4.094720480852712,5,1,650,705
36,DO_R0018,R0018,P11,dropoff,H1,46.0533,4.0727,5,-1,670,715
37,PU_R0019,R0019,P11,pickup,H1,46.0533,4.0727,5,1,800,825
38,DO_R0019,R0019,P11,dropoff,HOME_P11,46.00719199885795,4.094720480852712,5,-1,800,875
39,PU_R0020,R0020,P12,pickup,HOME_P12,46.094327693672206,4.0652734480749935,5,1,450,496
40,DO_R0020,R0020,P12,dropoff,H1,46.0533,4.0727,5,-1,460,505
41,PU_R0021,R0021,P12,pickup,H1,46.0533,4.0727,5,1,660,675
42,DO_R0021,R0021,P12,dropoff,HOME_P12,46.094327693672206,4.0652734480749935,5,-1,660,715
43,PU_R0022,R0022,P13,pickup,HOME_P13,46.08163094507158,4.038139134269771,5,1,755,801
44,DO_R0022,R0022,P13,dropoff,H2,46.0457,4.0688,5,-1,765,810
45,PU_R0023,R0023,P13,pickup,H2,46.0457,4.0688,5,1,1025,1040
46,DO_R0023,R0023,P13,dropoff,HOME_P13,46.08163094507158,4.038139134269771,5,-1,1025,1080
47,PU_R0024,R0024,P14,pickup,HOME_P14,46.11106402871467,3.997975502138705,5,1,635,674
48,DO_R0024,R0024,P14,dropoff,H1,46.0533,4.0727,5,-1,645,690
49,PU_R0025,R0025,P14,pickup,H1,46.0533,4.0727,5,1,855,870
50,DO_R0025,R0025,P14,dropoff,HOME_P14,46.11106402871467,3.997975502138705,5,-1,855,910
51,PU_R0026,R0026,P15,pickup,HOME_P15,46.16868619953205,3.956502752530001,5,1,879,932
52,DO_R0026,R0026,P15,dropoff,H1,46.0533,4.0727,5,-1,915,960
53,PU_R0027,R0027,P16,pickup,HOME_P16,46.09244343832507,4.004016468768341,5,1,830,882
54,DO_R0027,R0027,P16,dropoff,H2,46.0457,4.0688,5,-1,850,895
55,PU_R0028,R0028,P16,pickup,H2,46.0457,4.0688,5,1,935,960
56,DO_R0028,R0028,P16,dropoff,HOME_P16,46.09244343832507,4.004016468768341,5,-1,935,1010
57,PU_R0029,R0029,P17,pickup,HOME_P17,46.04613851938518,3.9865198111325273,5,1,435,478
58,DO_R0029,R0029,P17,dropoff,H1,46.0533,4.0727,5,-1,445,490
59,PU_R0030,R0030,P17,pickup,H1,46.0533,4.0727,5,1,645,660
60,DO_R0030,R0030,P17,dropoff,HOME_P17,46.04613851938518,3.9865198111325273,5,-1,645,700
61,PU_R0031,R0031,P18,pickup,HOME_P18,45.980338574203586,4.088818101070891,5,1,780,820
62,DO_R0031,R0031,P18,dropoff,H3,46.05,4.07,5,-1,790,835
63,PU_R0032,R0032,P19,pickup,HOME_P19,46.14713110434683,4.142825614611424,5,1,925,969
64,DO_R0032,R0032,P19,dropoff,H1,46.0533,4.0727,5,-1,945,990
65,PU_R0033,R0033,P20,pickup,HOME_P20,45.943992546555535,4.097630658428011,5,1,510,554
66,DO_R0033,R0033,P20,dropoff,H2,46.0457,4.0688,5,-1,530,575
67,PU_R0034,R0034,P20,pickup,H2,46.0457,4.0688,5,1,600,625
68,DO_R0034,R0034,P20,dropoff,HOME_P20,45.943992546555535,4.097630658428011,5,-1,600,675
69,PU_R0035,R0035,P21,pickup,HOME_P21,46.12016613391573,4.142546474858747,5,1,445,483
70,DO_R0035,R0035,P21,dropoff,H1,46.0533,4.0727,5,-1,455,500
71,PU_R0036,R0036,P21,pickup,H1,46.0533,4.0727,5,1,680,695
72,DO_R0036,R0036,P21,dropoff,HOME_P21,46.12016613391573,4.142546474858747,5,-1,680,735
73,PU_R0037,R0037,P22,pickup,HOME_P22,46.0400650152343,4.057324076140537,5,1,765,815
74,DO_R0037,R0037,P22,dropoff,H3,46.05,4.07,5,-1,775,820
75,PU_R0038,R0038,P23,pickup,HOME_P23,46.02167433359427,4.008958493558619,5,1,730,774
76,DO_R0038,R0038,P23,dropoff,H1,46.0533,4.0727,5,-1,740,785
77,PU_R0039,R0039,P23,pickup,H1,46.0533,4.0727,5,1,1025,1040
78,DO_R0039,R0039,P23,dropoff,HOME_P23,46.02167433359427,4.008958493558619,5,-1,1025,1080
79,PU_R0040,R0040,P24,pickup,HOME_P24,46.07337045988114,4.164753658682025,5,1,740,780
80,DO_R0040,R0040,P24,dropoff,H2,46.0457,4.0688,5,-1,750,795
81,PU_R0041,R0041,P24,pickup,H2,46.0457,4.0688,5,1,1005,1020
82,DO_R0041,R0041,P24,dropoff,HOME_P24,46.07337045988114,4.164753658682025,5,-1,1005,1060
83,PU_R0042,R0042,P25,pickup,HOME_P25,46.11636873143983,4.026240844709257,5,1,440,480
84,DO_R0042,R0042,P25,dropoff,H1,46.0533,4.0727,5,-1,450,495
85,PU_R0043,R0043,P25,pickup,H1,46.0533,4.0727,5,1,645,660
86,DO_R0043,R0043,P25,dropoff,HOME_P25,46.11636873143983,4.026240844709257,5,-1,645,700
87,PU_R0044,R0044,P26,pickup,HOME_P26,46.02007268605822,3.9473997739057745,5,1,525,571
88,DO_R0044,R0044,P26,dropoff,H1,46.0533,4.0727,5,-1,545,590
89,PU_R0045,R0045,P26,pickup,H1,46.0533,4.0727,5,1,665,690
90,DO_R0045,R0045,P26,dropoff,HOME_P26,46.02007268605822,3.9473997739057745,5,-1,665,740
91,PU_R0046,R0046,P27,pickup,HOME_P27,46.04648884963928,4.048572230022205,5,1,975,1025
92,DO_R0046,R0046,P27,dropoff,H1,46.0533,4.0727,5,-1,985,1030
93,PU_R0047,R0047,P28,pickup,HOME_P28,46.009607703942,3.9514685511844703,5,1,475,521
94,DO_R0047,R0047,P28,dropoff,H1,46.0533,4.0727,5,-1,495,540
95,PU_R0048,R0048,P28,pickup,H1,46.0533,4.0727,5,1,645,670
96,DO_R0048,R0048,P28,dropoff,HOME_P28,46.009607703942,3.9514685511844703,5,-1,645,720
97,PU_R0049,R0049,P29,pickup,HOME_P29,46.064587378880034,4.126853228052025,5,1,480,537
98,DO_R0049,R0049,P29,dropoff,H1,46.0533,4.0727,5,-1,500,545
99,PU_R0050,R0050,P29,pickup,H1,46.0533,4.0727,5,1,625,650
100,DO_R0050,R0050,P29,dropoff,HOME_P29,46.064587378880034,4.126853228052025,5,-1,625,700
101,PU_R0051,R0051,P30,pickup,HOME_P30,46.15350134872589,4.020714001562756,5,1,620,663
102,DO_R0051,R0051,P30,dropoff,H1,46.0533,4.0727,5,-1,640,685
103,PU_R0052,R0052,P30,pickup,H1,46.0533,4.0727,5,1,770,795
104,DO_R0052,R0052,P30,dropoff,HOME_P30,46.15350134872589,4.020714001562756,5,-1,770,845
105,PU_R0053,R0053,P31,pickup,HOME_P31,46.04608807917509,4.003431553618183,5,1,430,475
106,DO_R0053,R0053,P31,dropoff,H1,46.0533,4.0727,5,-1,440,485
107,PU_R0054,R0054,P31,pickup,H1,46.0533,4.0727,5,1,725,740
108,DO_R0054,R0054,P31,dropoff,HOME_P31,46.04608807917509,4.003431553618183,5,-1,725,780
109,PU_R0055,R0055,P32,pickup,HOME_P32,46.0591289242366,3.9725786285689444,5,1,530,581
110,DO_R0055,R0055,P32,dropoff,H2,46.0457,4.0688,5,-1,550,595
111,PU_R0056,R0056,P32,pickup,H2,46.0457,4.0688,5,1,620,645
112,DO_R0056,R0056,P32,dropoff,HOME_P32,46.0591289242366,3.9725786285689444,5,-1,620,695
113,PU_R0057,R0057,P33,pickup,HOME_P33,46.13221767263447,4.043873414676151,5,1,635,683
114,DO_R0057,R0057,P33,dropoff,H1,46.0533,4.0727,5,-1,655,700
115,PU_R0058,R0058,P33,pickup,H1,46.0533,4.0727,5,1,815,840
116,DO_R0058,R0058,P33,dropoff,HOME_P33,46.13221767263447,4.043873414676151,5,-1,815,890
117,PU_R0059,R0059,P34,pickup,HOME_P34,46.145138495679035,4.108652834563383,5,1,805,851
118,DO_R0059,R0059,P34,dropoff,H1,46.0533,4.0727,5,-1,825,870
119,PU_R0060,R0060,P34,pickup,H1,46.0533,4.0727,5,1,970,995
120,DO_R0060,R0060,P34,dropoff,HOME_P34,46.145138495679035,4.108652834563383,5,-1,970,1045
121,PU_R0061,R0061,P35,pickup,HOME_P35,45.98457012046263,4.030827539252248,5,1,430,470
122,DO_R0061,R0061,P35,dropoff,H1,46.0533,4.0727,5,-1,440,485
123,PU_R0062,R0062,P35,pickup,H1,46.0533,4.0727,5,1,640,655
124,DO_R0062,R0062,P35,dropoff,HOME_P35,45.98457012046263,4.030827539252248,5,-1,640,695
125,PU_R0063,R0063,P36,pickup,HOME_P36,46.053268713747514,4.102552901588142,5,1,785,845
126,DO_R0063,R0063,P36,dropoff,H2,46.0457,4.0688,5,-1,805,850
127,PU_R0064,R0064,P36,pickup,H2,46.0457,4.0688,5,1,890,915
128,DO_R0064,R0064,P36,dropoff,HOME_P36,46.053268713747514,4.102552901588142,5,-1,890,965
129,PU_R0065,R0065,P37,pickup,HOME_P37,45.99924076870057,3.9906413232969626,5,1,755,795
130,DO_R0065,R0065,P37,dropoff,H2,46.0457,4.0688,5,-1,765,810
131,PU_R0066,R0066,P38,pickup,HOME_P38,46.0456518708541,4.14548160124721,5,1,455,499
132,DO_R0066,R0066,P38,dropoff,H3,46.05,4.07,5,-1,465,510
133,PU_R0067,R0067,P38,pickup,H3,46.05,4.07,5,1,760,775
134,DO_R0067,R0067,P38,dropoff,HOME_P38,46.0456518708541,4.14548160124721,5,-1,760,815
135,PU_R0068,R0068,P39,pickup,HOME_P39,46.02197099506975,4.079955611256508,5,1,455,505
136,DO_R0068,R0068,P39,dropoff,H2,46.0457,4.0688,5,-1,465,510
137,PU_R0069,R0069,P39,pickup,H2,46.0457,4.0688,5,1,735,750
138,DO_R0069,R0069,P39,dropoff,HOME_P39,46.02197099506975,4.079955611256508,5,-1,735,790
139,PU_R0070,R0070,P40,pickup,HOME_P40,45.994407576808364,4.132276716809373,5,1,610,660
140,DO_R0070,R0070,P40,dropoff,H1,46.0533,4.0727,5,-1,630,675
141,PU_R0071,R0071,P41,pickup,HOME_P41,46.01778599684415,4.027011585866792,5,1,460,506
142,DO_R0071,R0071,P41,dropoff,H3,46.05,4.07,5,-1,470,515
143,PU_R0072,R0072,P41,pickup,H3,46.05,4.07,5,1,755,770
144,DO_R0072,R0072,P41,dropoff,HOME_P41,46.01778599684415,4.027011585866792,5,-1,755,810
145,PU_R0073,R0073,P42,pickup,HOME_P42,46.146447070643916,4.051119113931457,5,1,450,494
146,DO_R0073,R0073,P42,dropoff,H2,46.0457,4.0688,5,-1,470,515
147,PU_R0074,R0074,P43,pickup,HOME_P43,46.04616358221066,4.18617593706104,5,1,440,478
148,DO_R0074,R0074,P43,dropoff,H2,46.0457,4.0688,5,-1,450,495
149,PU_R0075,R0075,P43,pickup,H2,46.0457,4.0688,5,1,810,825
150,DO_R0075,R0075,P43,dropoff,HOME_P43,46.04616358221066,4.18617593706104,5,-1,810,865
151,PU_R0076,R0076,P44,pickup,HOME_P44,46.07249276334134,4.053337140719832,5,1,460,509
152,DO_R0076,R0076,P44,dropoff,H2,46.0457,4.0688,5,-1,470,515
153,PU_R0077,R0077,P44,pickup,H2,46.0457,4.0688,5,1,770,785
154,DO_R0077,R0077,P44,dropoff,HOME_P44,46.07249276334134,4.053337140719832,5,-1,770,825
155,PU_R0078,R0078,P45,pickup,HOME_P45,46.01308480476463,4.04141379796898,5,1,425,472
156,DO_R0078,R0078,P45,dropoff,H2,46.0457,4.0688,5,-1,435,480
157,PU_R0079,R0079,P45,pickup,H2,46.0457,4.0688,5,1,785,800
158,DO_R0079,R0079,P45,dropoff,HOME_P45,46.01308480476463,4.04141379796898,5,-1,785,840
159,PU_R0080,R0080,P46,pickup,HOME_P46,46.01505643109982,4.026200937004941,5,1,440,485
160,DO_R0080,R0080,P46,dropoff,H1,46.0533,4.0727,5,-1,450,495
161,PU_R0081,R0081,P46,pickup,H1,46.0533,4.0727,5,1,645,660
162,DO_R0081,R0081,P46,dropoff,HOME_P46,46.01505643109982,4.026200937004941,5,-1,645,700
163,PU_R0082,R0082,P47,pickup,HOME_P47,45.98292149527825,4.044707719377459,5,1,765,807
164,DO_R0082,R0082,P47,dropoff,H2,46.0457,4.0688,5,-1,775,820
165,PU_R0083,R0083,P48,pickup,HOME_P48,46.04193684147618,4.03731861992165,5,1,845,904
166,DO_R0083,R0083,P48,dropoff,H1,46.0533,4.0727,5,-1,865,910
167,PU_R0084,R0084,P48,pickup,H1,46.0533,4.0727,5,1,980,1005
168,DO_R0084,R0084,P48,dropoff,HOME_P48,46.04193684147618,4.03731861992165,5,-1,980,1055
169,PU_R0085,R0085,P49,pickup,HOME_P49,46.01262492472778,4.066957347837242,5,1,445,491
170,DO_R0085,R0085,P49,dropoff,H1,46.0533,4.0727,5,-1,455,500
171,PU_R0086,R0086,P49,pickup,H1,46.0533,4.0727,5,1,740,755
172,DO_R0086,R0086,P49,dropoff,HOME_P49,46.01262492472778,4.066957347837242,5,-1,740,795
173,PU_R0087,R0087,P50,pickup,HOME_P50,45.94520306336921,4.035452921302129,5,1,965,1009
174,DO_R0087,R0087,P50,dropoff,H2,46.0457,4.0688,5,-1,985,1030
175,PU_R0088,R0088,P51,pickup,HOME_P51,46.09662372072122,3.978414554796499,5,1,460,509
176,DO_R0088,R0088,P51,dropoff,H1,46.0533,4.0727,5,-1,480,525
177,PU_R0089,R0089,P51,pickup,H1,46.0533,4.0727,5,1,600,625
178,DO_R0089,R0089,P51,dropoff,HOME_P51,46.09662372072122,3.978414554796499,5,-1,600,675
179,PU_R0090,R0090,P52,pickup,HOME_P52,46.018379307215554,4.07054021592963,5,1,800,859
180,DO_R0090,R0090,P52,dropoff,H2,46.0457,4.0688,5,-1,820,865
181,PU_R0091,R0091,P52,pickup,H2,46.0457,4.0688,5,1,905,930
182,DO_R0091,R0091,P52,dropoff,HOME_P52,46.018379307215554,4.07054021592963,5,-1,905,980
183,PU_R0092,R0092,P53,pickup,HOME_P53,46.04005622405683,4.06798174404371,5,1,470,520
184,DO_R0092,R0092,P53,dropoff,H1,46.0533,4.0727,5,-1,480,525
185,PU_R0093,R0093,P53,pickup,H1,46.0533,4.0727,5,1,765,780
186,DO_R0093,R0093,P53,dropoff,HOME_P53,46.04005622405683,4.06798174404371,5,-1,765,820
187,PU_R0094,R0094,P54,pickup,HOME_P54,46.054966416443726,4.11606520729687,5,1,500,559
188,DO_R0094,R0094,P54,dropoff,H1,46.0533,4.0727,5,-1,520,565
189,PU_R0095,R0095,P54,pickup,H1,46.0533,4.0727,5,1,670,695
190,DO_R0095,R0095,P54,dropoff,HOME_P54,46.054966416443726,4.11606520729687,5,-1,670,745
191,PU_R0096,R0096,P55,pickup,HOME_P55,46.09796446178907,4.065785672211531,5,1,1005,1049
192,DO_R0096,R0096,P55,dropoff,H2,46.0457,4.0688,5,-1,1015,1060
193,PU_R0097,R0097,P56,pickup,HOME_P56,46.1262842866697,4.172191441562237,5,1,650,695
194,DO_R0097,R0097,P56,dropoff,H1,46.0533,4.0727,5,-1,670,715
195,PU_R0098,R0098,P56,pickup,H1,46.0533,4.0727,5,1,825,850
196,DO_R0098,R0098,P56,dropoff,HOME_P56,46.1262842866697,4.172191441562237,5,-1,825,900
197,PU_R0099,R0099,P57,pickup,HOME_P57,46.0219943982892,4.0938425651811725,5,1,455,504
198,DO_R0099,R0099,P57,dropoff,H2,46.0457,4.0688,5,-1,465,510
199,PU_R0100,R0100,P57,pickup,H2,46.0457,4.0688,5,1,720,735
200,DO_R0100,R0100,P57,dropoff,HOME_P57,46.0219943982892,4.0938425651811725,5,-1,720,775
201,PU_R0101,R0101,P58,pickup,HOME_P58,46.0368383316341,4.161252564724327,5,1,450,492
202,DO_R0101,R0101,P58,dropoff,H1,46.0533,4.0727,5,-1,460,505
203,PU_R0102,R0102,P58,pickup,H1,46.0533,4.0727,5,1,745,760
204,DO_R0102,R0102,P58,dropoff,HOME_P58,46.0368383316341,4.161252564724327,5,-1,745,800
205,PU_R0103,R0103,P59,pickup,HOME_P59,45.984627942397196,4.047435663614855,5,1,440,480
206,DO_R0103,R0103,P59,dropoff,H1,46.0533,4.0727,5,-1,450,495
207,PU_R0104,R0104,P59,pickup,H1,46.0533,4.0727,5,1,660,675
208,DO_R0104,R0104,P59,dropoff,HOME_P59,45.984627942397196,4.047435663614855,5,-1,660,715
209,PU_R0105,R0105,P60,pickup,HOME_P60,45.98170291582248,4.083688354009259,5,1,460,502
210,DO_R0105,R0105,P60,dropoff,H2,46.0457,4.0688,5,-1,470,515
211,PU_R0106,R0106,P60,pickup,H2,46.0457,4.0688,5,1,585,600
212,DO_R0106,R0106,P60,dropoff,HOME_P60,45.98170291582248,4.083688354009259,5,-1,585,640
213,PU_R0107,R0107,P61,pickup,HOME_P61,46.08167749188614,4.094518782301823,5,1,475,523
214,DO_R0107,R0107,P61,dropoff,H1,46.0533,4.0727,5,-1,485,530
215,PU_R0108,R0108,P61,pickup,H1,46.0533,4.0727,5,1,770,785
216,DO_R0108,R0108,P61,dropoff,HOME_P61,46.08167749188614,4.094518782301823,5,-1,770,825
217,PU_R0109,R0109,P62,pickup,HOME_P62,46.11323454277942,4.123291713198884,5,1,970,1011
218,DO_R0109,R0109,P62,dropoff,H1,46.0533,4.0727,5,-1,980,1025
219,PU_R0110,R0110,P63,pickup,HOME_P63,45.963823813643494,4.112386038913632,5,1,600,646
220,DO_R0110,R0110,P63,dropoff,H1,46.0533,4.0727,5,-1,620,665
221,PU_R0111,R0111,P63,pickup,H1,46.0533,4.0727,5,1,765,790
222,DO_R0111,R0111,P63,dropoff,HOME_P63,45.963823813643494,4.112386038913632,5,-1,765,840
223,PU_R0112,R0112,P64,pickup,HOME_P64,46.05851997846353,4.1186959045356115,5,1,450,497
224,DO_R0112,R0112,P64,dropoff,H2,46.0457,4.0688,5,-1,460,505
225,PU_R0113,R0113,P64,pickup,H2,46.0457,4.0688,5,1,725,740
226,DO_R0113,R0113,P64,dropoff,HOME_P64,46.05851997846353,4.1186959045356115,5,-1,725,780
227,PU_R0114,R0114,P65,pickup,HOME_P65,46.104980531081935,4.142788556385966,5,1,480,520
228,DO_R0114,R0114,P65,dropoff,H1,46.0533,4.0727,5,-1,490,535
229,PU_R0115,R0115,P65,pickup,H1,46.0533,4.0727,5,1,775,790
230,DO_R0115,R0115,P65,dropoff,HOME_P65,46.104980531081935,4.142788556385966,5,-1,775,830
231,PU_R0116,R0116,P66,pickup,HOME_P66,45.96821540749978,3.99382907841239,5,1,925,969
232,DO_R0116,R0116,P66,dropoff,H1,46.0533,4.0727,5,-1,945,990
233,PU_R0117,R0117,P67,pickup,HOME_P67,46.065125068608715,4.042740709595129,5,1,725,774
234,DO_R0117,R0117,P67,dropoff,H2,46.0457,4.0688,5,-1,735,780
235,PU_R0118,R0118,P68,pickup,HOME_P68,46.042508069130214,4.170789802067722,5,1,840,891
236,DO_R0118,R0118,P68,dropoff,H1,46.0533,4.0727,5,-1,860,905
237,PU_R0119,R0119,P68,pickup,H1,46.0533,4.0727,5,1,980,1005
238,DO_R0119,R0119,P68,dropoff,HOME_P68,46.042508069130214,4.170789802067722,5,-1,980,1055
239,PU_R0120,R0120,P69,pickup,HOME_P69,46.13707697245058,4.053615038595851,5,1,430,468
240,DO_R0120,R0120,P69,dropoff,H1,46.0533,4.0727,5,-1,440,485
241,PU_R0121,R0121,P69,pickup,H1,46.0533,4.0727,5,1,660,675
242,DO_R0121,R0121,P69,dropoff,HOME_P69,46.13707697245058,4.053615038595851,5,-1,660,715
243,PU_R0122,R0122,P70,pickup,HOME_P70,45.97856065060697,4.059897596097132,5,1,1000,1051
244,DO_R0122,R0122,P70,dropoff,H2,46.0457,4.0688,5,-1,1020,1065
245,PU_R0123,R0123,P71,pickup,HOME_P71,46.02974478695215,4.159690746860482,5,1,475,516
246,DO_R0123,R0123,P71,dropoff,H3,46.05,4.07,5,-1,485,530
247,PU_R0124,R0124,P71,pickup,H3,46.05,4.07,5,1,750,765
248,DO_R0124,R0124,P71,dropoff,HOME_P71,46.02974478695215,4.159690746860482,5,-1,750,805
249,PU_R0125,R0125,P72,pickup,HOME_P72,46.081186668089245,4.169401912211037,5,1,480,530
250,DO_R0125,R0125,P72,dropoff,H1,46.0533,4.0727,5,-1,500,545
251,PU_R0126,R0126,P72,pickup,H1,46.0533,4.0727,5,1,625,650
252,DO_R0126,R0126,P72,dropoff,HOME_P72,46.081186668089245,4.169401912211037,5,-1,625,700
253,PU_R0127,R0127,P73,pickup,HOME_P73,46.089204788637204,4.028641071932653,5,1,470,514
254,DO_R0127,R0127,P73,dropoff,H2,46.0457,4.0688,5,-1,480,525
255,PU_R0128,R0128,P73,pickup,H2,46.0457,4.0688,5,1,730,745
256,DO_R0128,R0128,P73,dropoff,HOME_P73,46.089204788637204,4.028641071932653,5,-1,730,785
257,PU_R0129,R0129,P74,pickup,HOME_P74,46.056531653379366,4.0724960379735835,5,1,780,830
258,DO_R0129,R0129,P74,dropoff,H1,46.0533,4.0727,5,-1,790,835
259,PU_R0130,R0130,P75,pickup,HOME_P75,46.02509425011165,4.0783076567978025,5,1,895,964
260,DO_R0130,R0130,P75,dropoff,H1,46.0533,4.0727,5,-1,925,970
261,PU_R0131,R0131,P76,pickup,HOME_P76,46.083266696599296,4.07845622125703,5,1,435,483
262,DO_R0131,R0131,P76,dropoff,H1,46.0533,4.0727,5,-1,445,490
263,PU_R0132,R0132,P76,pickup,H1,46.0533,4.0727,5,1,730,745
264,DO_R0132,R0132,P76,dropoff,HOME_P76,46.083266696599296,4.07845622125703,5,-1,730,785
265,PU_R0133,R0133,P77,pickup,HOME_P77,46.0129184989373,4.021024976492829,5,1,460,515
266,DO_R0133,R0133,P77,dropoff,H2,46.0457,4.0688,5,-1,480,525
267,PU_R0134,R0134,P77,pickup,H2,46.0457,4.0688,5,1,560,585
268,DO_R0134,R0134,P77,dropoff,HOME_P77,46.0129184989373,4.021024976492829,5,-1,560,635
269,PU_R0135,R0135,P78,pickup,HOME_P78,46.03385670391735,4.123912630259776,5,1,465,511
270,DO_R0135,R0135,P78,dropoff,H3,46.05,4.07,5,-1,475,520
271,PU_R0136,R0136,P78,pickup,H3,46.05,4.07,5,1,770,785
272,DO_R0136,R0136,P78,dropoff,HOME_P78,46.03385670391735,4.123912630259776,5,-1,770,825
273,PU_R0137,R0137,P79,pickup,HOME_P79,45.97779016627184,3.976889183052408,5,1,615,660
274,DO_R0137,R0137,P79,dropoff,H1,46.0533,4.0727,5,-1,635,680
275,PU_R0138,R0138,P79,pickup,H1,46.0533,4.0727,5,1,755,780
276,DO_R0138,R0138,P79,dropoff,HOME_P79,45.97779016627184,3.976889183052408,5,-1,755,830
277,PU_R0139,R0139,P80,pickup,HOME_P80,46.05692123501406,4.050002262062384,5,1,640,690
278,DO_R0139,R0139,P80,dropoff,H1,46.0533,4.0727,5,-1,650,695
279,PU_R0140,R0140,P80,pickup,H1,46.0533,4.0727,5,1,860,875
280,DO_R0140,R0140,P80,dropoff,HOME_P80,46.05692123501406,4.050002262062384,5,-1,860,915
281,PU_R0141,R0141,P81,pickup,HOME_P81,46.11735923875725,4.068232897948711,5,1,765,807
282,DO_R0141,R0141,P81,dropoff,H1,46.0533,4.0727,5,-1,775,820
283,PU_R0142,R0142,P82,pickup,HOME_P82,45.98767533401979,4.077863992623995,5,1,760,803
284,DO_R0142,R0142,P82,dropoff,H2,46.0457,4.0688,5,-1,770,815
285,PU_R0143,R0143,P83,pickup,HOME_P83,46.071571268808675,3.9355943857953353,5,1,485,530
286,DO_R0143,R0143,P83,dropoff,H2,46.0457,4.0688,5,-1,505,550
287,PU_R0144,R0144,P83,pickup,H2,46.0457,4.0688,5,1,575,600
288,DO_R0144,R0144,P83,dropoff,HOME_P83,46.071571268808675,3.9355943857953353,5,-1,575,650
289,PU_R0145,R0145,P84,pickup,HOME_P84,46.03050705483427,4.193912246071919,5,1,660,697
290,DO_R0145,R0145,P84,dropoff,H1,46.0533,4.0727,5,-1,670,715
291,PU_R0146,R0146,P84,pickup,H1,46.0533,4.0727,5,1,865,880
292,DO_R0146,R0146,P84,dropoff,HOME_P84,46.03050705483427,4.193912246071919,5,-1,865,920
293,PU_R0147,R0147,P85,pickup,HOME_P85,46.00156667881916,4.053065997008357,5,1,860,914
294,DO_R0147,R0147,P85,dropoff,H1,46.0533,4.0727,5,-1,880,925
295,PU_R0148,R0148,P86,pickup,HOME_P86,46.09447077038925,4.0530511359336066,5,1,430,476
296,DO_R0148,R0148,P86,dropoff,H1,46.0533,4.0727,5,-1,440,485
297,PU_R0149,R0149,P86,pickup,H1,46.0533,4.0727,5,1,660,675
298,DO_R0149,R0149,P86,dropoff,HOME_P86,46.09447077038925,4.0530511359336066,5,-1,660,715
299,PU_R0150,R0150,P87,pickup,HOME_P87,45.94596210136799,4.07889870441092,5,1,600,645
300,DO_R0150,R0150,P87,dropoff,H2,46.0457,4.0688,5,-1,620,665
301,PU_R0151,R0151,P87,pickup,H2,46.0457,4.0688,5,1,705,730
302,DO_R0151,R0151,P87,dropoff,HOME_P87,45.94596210136799,4.07889870441092,5,-1,705,780
303,PU_R0152,R0152,P88,pickup,HOME_P88,46.08828521373023,4.127821980748649,5,1,645,698
304,DO_R0152,R0152,P88,dropoff,H2,46.0457,4.0688,5,-1,665,710
305,PU_R0153,R0153,P89,pickup,HOME_P89,46.05281836317708,4.0893681815570195,5,1,770,820
306,DO_R0153,R0153,P89,dropoff,H2,46.0457,4.0688,5,-1,780,825
307,PU_R0154,R0154,P90,pickup,HOME_P90,46.049151026886726,4.0098660083428985,5,1,430,476
308,DO_R0154,R0154,P90,dropoff,H1,46.0533,4.0727,5,-1,440,485
309,PU_R0155,R0155,P90,pickup,H1,46.0533,4.0727,5,1,725,740
310,DO_R0155,R0155,P90,dropoff,HOME_P90,46.049151026886726,4.0098660083428985,5,-1,725,780
311,PU_R0156,R0156,P91,pickup,HOME_P91,46.036214829854345,4.017042226775469,5,1,435,482
312,DO_R0156,R0156,P91,dropoff,H3,46.05,4.07,5,-1,445,490
313,PU_R0157,R0157,P91,pickup,H3,46.05,4.07,5,1,760,775
314,DO_R0157,R0157,P91,dropoff,HOME_P91,46.036214829854345,4.017042226775469,5,-1,760,815
315,PU_R0158,R0158,P92,pickup,HOME_P92,46.038354064398135,4.084489690513676,5,1,790,840
316,DO_R0158,R0158,P92,dropoff,H1,46.0533,4.0727,5,-1,800,845
317,PU_R0159,R0159,P92,pickup,H1,46.0533,4.0727,5,1,1000,1015
318,DO_R0159,R0159,P92,dropoff,HOME_P92,46.038354064398135,4.084489690513676,5,-1,1000,1055
319,PU_R0160,R0160,P93,pickup,HOME_P93,46.03570603759651,4.068225082483158,5,1,605,655
320,DO_R0160,R0160,P93,dropoff,H1,46.0533,4.0727,5,-1,615,660
321,PU_R0161,R0161,P93,pickup,H1,46.0533,4.0727,5,1,810,825
322,DO_R0161,R0161,P93,dropoff,HOME_P93,46.03570603759651,4.068225082483158,5,-1,810,865
323,PU_R0162,R0162,P94,pickup,HOME_P94,46.05908206710727,4.150897333271265,5,1,435,478
324,DO_R0162,R0162,P94,dropoff,H2,46.0457,4.0688,5,-1,445,490
325,PU_R0163,R0163,P94,pickup,H2,46.0457,4.0688,5,1,715,730
326,DO_R0163,R0163,P94,dropoff,HOME_P94,46.05908206710727,4.150897333271265,5,-1,715,770
327,PU_R0164,R0164,P95,pickup,HOME_P95,46.10451381444999,4.08319035030285,5,1,770,813
328,DO_R0164,R0164,P95,dropoff,H2,46.0457,4.0688,5,-1,780,825
329,PU_R0165,R0165,P96,pickup,HOME_P96,46.08849075268004,4.216979545718123,5,1,525,568
330,DO_R0165,R0165,P96,dropoff,H1,46.0533,4.0727,5,-1,545,590
331,PU_R0166,R0166,P96,pickup,H1,46.0533,4.0727,5,1,650,675
332,DO_R0166,R0166,P96,dropoff,HOME_P96,46.08849075268004,4.216979545718123,5,-1,650,725
333,PU_R0167,R0167,P97,pickup,HOME_P97,46.066567977467095,3.8431993929290815,5,1,612,668
334,DO_R0167,R0167,P97,dropoff,H1,46.0533,4.0727,5,-1,655,700
335,PU_R0168,R0168,P97,pickup,H1,46.0533,4.0727,5,1,725,760
336,DO_R0168,R0168,P97,dropoff,HOME_P97,46.066567977467095,3.8431993929290815,5,-1,725,833
337,PU_R0169,R0169,P98,pickup,HOME_P98,45.9920891701933,4.09142294547792,5,1,740,782
338,DO_R0169,R0169,P98,dropoff,H1,46.0533,4.0727,5,-1,750,795
339,PU_R0170,R0170,P99,pickup,HOME_P99,46.107204039321324,4.006830312628201,5,1,755,795
340,DO_R0170,R0170,P99,dropoff,H1,46.0533,4.0727,5,-1,765,810
341,PU_R0171,R0171,P100,pickup,HOME_P100,46.10923001851166,4.135026544795724,5,1,850,889
342,DO_R0171,R0171,P100,dropoff,H2,46.0457,4.0688,5,-1,860,905
343,PU_R0172,R0172,P101,pickup,HOME_P101,46.025398519844515,4.076132228928169,5,1,1000,1049
344,DO_R0172,R0172,P101,dropoff,H1,46.0533,4.0727,5,-1,1010,1055
345,PU_R0173,R0173,P102,pickup,HOME_P102,46.03501375161211,4.077494541358272,5,1,765,815
346,DO_R0173,R0173,P102,dropoff,H2,46.0457,4.0688,5,-1,775,820
347,PU_R0174,R0174,P103,pickup,HOME_P103,45.988604365058,4.082157873341217,5,1,735,777
348,DO_R0174,R0174,P103,dropoff,H1,46.0533,4.0727,5,-1,745,790
349,PU_R0175,R0175,P104,pickup,HOME_P104,46.031999999429424,3.967270788663756,5,1,945,994
350,DO_R0175,R0175,P104,dropoff,H1,46.0533,4.0727,5,-1,965,1010
351,PU_R0176,R0176,P105,pickup,HOME_P105,46.01476028949665,4.054477461186023,5,1,435,481
352,DO_R0176,R0176,P105,dropoff,H1,46.0533,4.0727,5,-1,445,490
353,PU_R0177,R0177,P105,pickup,H1,46.0533,4.0727,5,1,730,745
354,DO_R0177,R0177,P105,dropoff,HOME_P105,46.01476028949665,4.054477461186023,5,-1,730,785
355,PU_R0178,R0178,P106,pickup,HOME_P106,46.06648623599003,4.003446411556824,5,1,995,1040
356,DO_R0178,R0178,P106,dropoff,H1,46.0533,4.0727,5,-1,1005,1050
357,PU_R0179,R0179,P107,pickup,HOME_P107,46.15065806823541,4.072957058891185,5,1,465,510
358,DO_R0179,R0179,P107,dropoff,H1,46.0533,4.0727,5,-1,485,530
359,PU_R0180,R0180,P107,pickup,H1,46.0533,4.0727,5,1,645,670
360,DO_R0180,R0180,P107,dropoff,HOME_P107,46.15065806823541,4.072957058891185,5,-1,645,720
361,PU_R0181,R0181,P108,pickup,HOME_P108,46.067481327916184,4.059753826701064,5,1,610,660
362,DO_R0181,R0181,P108,dropoff,H1,46.0533,4.0727,5,-1,620,665
363,PU_R0182,R0182,P108,pickup,H1,46.0533,4.0727,5,1,825,840
364,DO_R0182,R0182,P108,dropoff,HOME_P108,46.067481327916184,4.059753826701064,5,-1,825,880
365,PU_R0183,R0183,P109,pickup,HOME_P109,46.046140264910136,4.03744241535688,5,1,595,654
366,DO_R0183,R0183,P109,dropoff,H1,46.0533,4.0727,5,-1,615,660
367,PU_R0184,R0184,P109,pickup,H1,46.0533,4.0727,5,1,780,805
368,DO_R0184,R0184,P109,dropoff,HOME_P109,46.046140264910136,4.03744241535688,5,-1,780,855
369,PU_R0185,R0185,P110,pickup,HOME_P110,46.10029802952138,4.105952956186694,5,1,805,849
370,DO_R0185,R0185,P110,dropoff,H1,46.0533,4.0727,5,-1,815,860
371,PU_R0186,R0186,P110,pickup,H1,46.0533,4.0727,5,1,1025,1040
372,DO_R0186,R0186,P110,dropoff,HOME_P110,46.10029802952138,4.105952956186694,5,-1,1025,1080
373,PU_R0187,R0187,P111,pickup,HOME_P111,46.05116492795363,4.155946475947771,5,1,450,493
374,DO_R0187,R0187,P111,dropoff,H3,46.05,4.07,5,-1,460,505
375,PU_R0188,R0188,P111,pickup,H3,46.05,4.07,5,1,730,745
376,DO_R0188,R0188,P111,dropoff,HOME_P111,46.05116492795363,4.155946475947771,5,-1,730,785
377,PU_R0189,R0189,P112,pickup,HOME_P112,46.09136954301317,4.052374689910317,5,1,985,1031
378,DO_R0189,R0189,P112,dropoff,H3,46.05,4.07,5,-1,995,1040
379,PU_R0190,R0190,P113,pickup,HOME_P113,46.01983183578308,4.140769446801427,5,1,775,828
380,DO_R0190,R0190,P113,dropoff,H2,46.0457,4.0688,5,-1,795,840
381,PU_R0191,R0191,P113,pickup,H2,46.0457,4.0688,5,1,880,905
382,DO_R0191,R0191,P113,dropoff,HOME_P113,46.01983183578308,4.140769446801427,5,-1,880,955
383,PU_R0192,R0192,P114,pickup,HOME_P114,46.02465751249772,4.0201131825789265,5,1,425,472
384,DO_R0192,R0192,P114,dropoff,H2,46.0457,4.0688,5,-1,435,480
385,PU_R0193,R0193,P114,pickup,H2,46.0457,4.0688,5,1,725,740
386,DO_R0193,R0193,P114,dropoff,HOME_P114,46.02465751249772,4.0201131825789265,5,-1,725,780
387,PU_R0194,R0194,P115,pickup,HOME_P115,46.109242446479136,4.153789186180083,5,1,620,659
388,DO_R0194,R0194,P115,dropoff,H1,46.0533,4.0727,5,-1,630,675
389,PU_R0195,R0195,P115,pickup,H1,46.0533,4.0727,5,1,840,855
390,DO_R0195,R0195,P115,dropoff,HOME_P115,46.109242446479136,4.153789186180083,5,-1,840,895
391,PU_R0196,R0196,P116,pickup,HOME_P116,46.080024758547715,3.993796407883057,5,1,780,822
392,DO_R0196,R0196,P116,dropoff,H1,46.0533,4.0727,5,-1,790,835
393,PU_R0197,R0197,P117,pickup,HOME_P117,46.10210067411547,4.123703746727874,5,1,745,788
394,DO_R0197,R0197,P117,dropoff,H1,46.0533,4.0727,5,-1,755,800
395,PU_R0198,R0198,P118,pickup,HOME_P118,46.00898303746758,4.109685599626499,5,1,770,814
396,DO_R0198,R0198,P118,dropoff,H1,46.0533,4.0727,5,-1,780,825
397,PU_R0199,R0199,P119,pickup,HOME_P119,46.0064734495882,4.097814636356624,5,1,1020,1066
398,DO_R0199,R0199,P119,dropoff,H2,46.0457,4.0688,5,-1,1030,1075
399,PU_R0200,R0200,P120,pickup,HOME_P120,46.11173011923138,4.022333792771589,5,1,765,806
400,DO_R0200,R0200,P120,dropoff,H1,46.0533,4.0727,5,-1,775,820
401,PU_R0201,R0201,P121,pickup,HOME_P121,46.049677666482154,4.197780856559566,5,1,985,1032
402,DO_R0201,R0201,P121,dropoff,H2,46.0457,4.0688,5,-1,1005,1050
403,PU_R0202,R0202,P122,pickup,HOME_P122,46.08920078583404,4.04620973448136,5,1,735,781
404,DO_R0202,R0202,P122,dropoff,H1,46.0533,4.0727,5,-1,745,790
405,PU_R0203,R0203,P123,pickup,HOME_P123,46.09682091358402,4.052205447430759,5,1,620,674
406,DO_R0203,R0203,P123,dropoff,H2,46.0457,4.0688,5,-1,640,685
407,PU_R0204,R0204,P123,pickup,H2,46.0457,4.0688,5,1,710,735
408,DO_R0204,R0204,P123,dropoff,HOME_P123,46.09682091358402,4.052205447430759,5,-1,710,785
409,PU_R0205,R0205,P124,pickup,HOME_P124,46.01372811900041,4.088199011483071,5,1,625,691
410,DO_R0205,R0205,P124,dropoff,H1,46.0533,4.0727,5,-1,655,700
411,PU_R0206,R0206,P124,pickup,H1,46.0533,4.0727,5,1,730,765
412,DO_R0206,R0206,P124,dropoff,HOME_P124,46.01372811900041,4.088199011483071,5,-1,730,825
413,PU_R0207,R0207,P125,pickup,HOME_P125,45.98953144225801,4.084076002833437,5,1,425,468
414,DO_R0207,R0207,P125,dropoff,H2,46.0457,4.0688,5,-1,435,480
415,PU_R0208,R0208,P125,pickup,H2,46.0457,4.0688,5,1,550,565
416,DO_R0208,R0208,P125,dropoff,HOME_P125,45.98953144225801,4.084076002833437,5,-1,550,605
417,PU_R0209,R0209,P126,pickup,HOME_P126,45.97261968335782,4.066009524112143,5,1,585,633
418,DO_R0209,R0209,P126,dropoff,H1,46.0533,4.0727,5,-1,605,650
419,PU_R0210,R0210,P126,pickup,H1,46.0533,4.0727,5,1,735,760
420,DO_R0210,R0210,P126,dropoff,HOME_P126,45.97261968335782,4.066009524112143,5,-1,735,810
421,PU_R0211,R0211,P127,pickup,HOME_P127,45.989553682631964,4.097682650352548,5,1,775,816
422,DO_R0211,R0211,P127,dropoff,H1,46.0533,4.0727,5,-1,785,830
423,PU_R0212,R0212,P128,pickup,HOME_P128,46.11662205671483,4.010049475441314,5,1,625,674
424,DO_R0212,R0212,P128,dropoff,H1,46.0533,4.0727,5,-1,645,690
425,PU_R0213,R0213,P128,pickup,H1,46.0533,4.0727,5,1,795,820
426,DO_R0213,R0213,P128,dropoff,HOME_P128,46.11662205671483,4.010049475441314,5,-1,795,870
427,PU_R0214,R0214,P129,pickup,HOME_P129,46.064192957351445,4.026708523162888,5,1,760,808
428,DO_R0214,R0214,P129,dropoff,H3,46.05,4.07,5,-1,770,815
429,PU_R0215,R0215,P130,pickup,HOME_P130,45.98140966731081,3.975127727377171,5,1,510,555
430,DO_R0215,R0215,P130,dropoff,H1,46.0533,4.0727,5,-1,530,575
431,PU_R0216,R0216,P130,pickup,H1,46.0533,4.0727,5,1,655,680
432,DO_R0216,R0216,P130,dropoff,HOME_P130,45.98140966731081,3.975127727377171,5,-1,655,730
433,PU_R0217,R0217,P131,pickup,HOME_P131,46.12100193250636,4.039750214734358,5,1,995,1044
434,DO_R0217,R0217,P131,dropoff,H2,46.0457,4.0688,5,-1,1015,1060
435,PU_R0218,R0218,P132,pickup,HOME_P132,46.018591528804464,4.0535921445001994,5,1,765,813
436,DO_R0218,R0218,P132,dropoff,H3,46.05,4.07,5,-1,775,820
437,PU_R0219,R0219,P133,pickup,HOME_P133,46.078483987781105,4.090703164622685,5,1,440,489
438,DO_R0219,R0219,P133,dropoff,H1,46.0533,4.0727,5,-1,450,495
439,PU_R0220,R0220,P133,pickup,H1,46.0533,4.0727,5,1,735,750
440,DO_R0220,R0220,P133,dropoff,HOME_P133,46.078483987781105,4.090703164622685,5,-1,735,790
441,PU_R0221,R0221,P134,pickup,HOME_P134,46.10128716867766,4.054677684857951,5,1,465,508
442,DO_R0221,R0221,P134,dropoff,H2,46.0457,4.0688,5,-1,475,520
443,PU_R0222,R0222,P134,pickup,H2,46.0457,4.0688,5,1,770,785
444,DO_R0222,R0222,P134,dropoff,HOME_P134,46.10128716867766,4.054677684857951,5,-1,770,825
445,PU_R0223,R0223,P135,pickup,HOME_P135,46.04142626500911,4.047034913748036,5,1,760,810
446,DO_R0223,R0223,P135,dropoff,H3,46.05,4.07,5,-1,770,815
447,PU_R0224,R0224,P135,pickup,H3,46.05,4.07,5,1,1025,1040
448,DO_R0224,R0224,P135,dropoff,HOME_P135,46.04142626500911,4.047034913748036,5,-1,1025,1080
449,PU_R0225,R0225,P136,pickup,HOME_P136,46.09504177105589,4.051513018825545,5,1,435,480
450,DO_R0225,R0225,P136,dropoff,H3,46.05,4.07,5,-1,445,490
451,PU_R0226,R0226,P136,pickup,H3,46.05,4.07,5,1,750,765
452,DO_R0226,R0226,P136,dropoff,HOME_P136,46.09504177105589,4.051513018825545,5,-1,750,805
453,PU_R0227,R0227,P137,pickup,HOME_P137,46.1096974265761,4.045029277235321,5,1,775,817
454,DO_R0227,R0227,P137,dropoff,H3,46.05,4.07,5,-1,785,830
455,PU_R0228,R0228,P138,pickup,HOME_P138,46.031356006406064,4.046723140319692,5,1,740,789
456,DO_R0228,R0228,P138,dropoff,H1,46.0533,4.0727,5,-1,750,795
457,PU_R0229,R0229,P139,pickup,HOME_P139,46.0471854447028,4.091042334505856,5,1,470,520
458,DO_R0229,R0229,P139,dropoff,H2,46.0457,4.0688,5,-1,480,525
459,PU_R0230,R0230,P139,pickup,H2,46.0457,4.0688,5,1,855,870
460,DO_R0230,R0230,P139,dropoff,HOME_P139,46.0471854447028,4.091042334505856,5,-1,855,910
461,PU_R0231,R0231,P140,pickup,HOME_P140,46.08629619655044,3.99394473169513,5,1,530,582
462,DO_R0231,R0231,P140,dropoff,H1,46.0533,4.0727,5,-1,550,595
463,PU_R0232,R0232,P140,pickup,H1,46.0533,4.0727,5,1,685,710
464,DO_R0232,R0232,P140,dropoff,HOME_P140,46.08629619655044,3.99394473169513,5,-1,685,760
465,PU_R0233,R0233,P141,pickup,HOME_P141,45.98494637316192,4.009009157924414,5,1,475,515
466,DO_R0233,R0233,P141,dropoff,H2,46.0457,4.0688,5,-1,485,530
467,PU_R0234,R0234,P141,pickup,H2,46.0457,4.0688,5,1,715,730
468,DO_R0234,R0234,P141,dropoff,HOME_P141,45.98494637316192,4.009009157924414,5,-1,715,770
469,PU_R0235,R0235,P142,pickup,HOME_P142,45.995687597201936,4.165147545615482,5,1,435,472
470,DO_R0235,R0235,P142,dropoff,H1,46.0533,4.0727,5,-1,445,490
471,PU_R0236,R0236,P142,pickup,H1,46.0533,4.0727,5,1,670,685
472,DO_R0236,R0236,P142,dropoff,HOME_P142,45.995687597201936,4.165147545615482,5,-1,670,725
473,PU_R0237,R0237,P143,pickup,HOME_P143,46.18475816360307,3.979769835611148,5,1,997,1050
474,DO_R0237,R0237,P143,dropoff,H1,46.0533,4.0727,5,-1,1035,1080
475,PU_R0238,R0238,P144,pickup,HOME_P144,45.95516506874359,4.018404336197762,5,1,450,494
476,DO_R0238,R0238,P144,dropoff,H1,46.0533,4.0727,5,-1,470,515
477,PU_R0239,R0239,P144,pickup,H1,46.0533,4.0727,5,1,635,660
478,DO_R0239,R0239,P144,dropoff,HOME_P144,45.95516506874359,4.018404336197762,5,-1,635,710
479,PU_R0240,R0240,P145,pickup,HOME_P145,46.0563603436823,4.152861596317721,5,1,450,493
480,DO_R0240,R0240,P145,dropoff,H2,46.0457,4.0688,5,-1,460,505
481,PU_R0241,R0241,P145,pickup,H2,46.0457,4.0688,5,1,845,860
482,DO_R0241,R0241,P145,dropoff,HOME_P145,46.0563603436823,4.152861596317721,5,-1,845,900
483,PU_R0242,R0242,P146,pickup,HOME_P146,46.078735885149065,4.040250405839559,5,1,780,827
484,DO_R0242,R0242,P146,dropoff,H2,46.0457,4.0688,5,-1,790,835
485,PU_R0243,R0243,P147,pickup,HOME_P147,46.012320360826855,4.019354961228436,5,1,775,829
486,DO_R0243,R0243,P147,dropoff,H1,46.0533,4.0727,5,-1,795,840
487,PU_R0244,R0244,P147,pickup,H1,46.0533,4.0727,5,1,915,940
488,DO_R0244,R0244,P147,dropoff,HOME_P147,46.012320360826855,4.019354961228436,5,-1,915,990
489,PU_R0245,R0245,P148,pickup,HOME_P148,46.045978203337505,3.9831802988165035,5,1,890,933
490,DO_R0245,R0245,P148,dropoff,H2,46.0457,4.0688,5,-1,900,945
491,PU_R0246,R0246,P149,pickup,HOME_P149,46.028503729695956,3.95530186343198,5,1,475,513
492,DO_R0246,R0246,P149,dropoff,H1,46.0533,4.0727,5,-1,485,530
493,PU_R0247,R0247,P149,pickup,H1,46.0533,4.0727,5,1,710,725
494,DO_R0247,R0247,P149,dropoff,HOME_P149,46.028503729695956,3.95530186343198,5,-1,710,765
495,PU_R0248,R0248,P150,pickup,HOME_P150,45.99848822300538,4.120297520621961,5,1,425,468
496,DO_R0248,R0248,P150,dropoff,H2,46.0457,4.0688,5,-1,435,480
497,PU_R0249,R0249,P150,pickup,H2,46.0457,4.0688,5,1,695,710
498,DO_R0249,R0249,P150,dropoff,HOME_P150,45.99848822300538,4.120297520621961,5,-1,695,750
499,PU_R0250,R0250,P151,pickup,HOME_P151,46.01282027016482,4.039628823988105,5,1,475,532
500,DO_R0250,R0250,P151,dropoff,H2,46.0457,4.0688,5,-1,495,540
501,PU_R0251,R0251,P151,pickup,H2,46.0457,4.0688,5,1,580,605
502,DO_R0251,R0251,P151,dropoff,HOME_P151,46.01282027016482,4.039628823988105,5,-1,580,655
503,PU_R0252,R0252,P152,pickup,HOME_P152,46.05140213178732,4.0279447436075495,5,1,585,643
504,DO_R0252,R0252,P152,dropoff,H1,46.0533,4.0727,5,-1,605,650
505,PU_R0253,R0253,P152,pickup,H1,46.0533,4.0727,5,1,750,775
506,DO_R0253,R0253,P152,dropoff,HOME_P152,46.05140213178732,4.0279447436075495,5,-1,750,825
507,PU_R0254,R0254,P153,pickup,HOME_P153,46.087375531792944,4.019397994040119,5,1,425,470
508,DO_R0254,R0254,P153,dropoff,H1,46.0533,4.0727,5,-1,435,480
509,PU_R0255,R0255,P153,pickup,H1,46.0533,4.0727,5,1,635,650
510,DO_R0255,R0255,P153,dropoff,HOME_P153,46.087375531792944,4.019397994040119,5,-1,635,690
511,PU_R0256,R0256,P154,pickup,HOME_P154,46.03166852991421,4.1402906950147536,5,1,745,789
512,DO_R0256,R0256,P154,dropoff,H2,46.0457,4.0688,5,-1,755,800
513,PU_R0257,R0257,P155,pickup,HOME_P155,46.02760533038123,4.218600189302616,5,1,925,969
514,DO_R0257,R0257,P155,dropoff,H1,46.0533,4.0727,5,-1,945,990
515,PU_R0258,R0258,P156,pickup,HOME_P156,46.119117994565,4.099466796475703,5,1,770,811
516,DO_R0258,R0258,P156,dropoff,H1,46.0533,4.0727,5,-1,780,825
517,PU_R0259,R0259,P157,pickup,HOME_P157,46.02507606934255,4.053802913059928,5,1,775,823
518,DO_R0259,R0259,P157,dropoff,H1,46.0533,4.0727,5,-1,785,830
519,PU_R0260,R0260,P158,pickup,HOME_P158,46.08893333086408,4.053565483292264,5,1,760,806
520,DO_R0260,R0260,P158,dropoff,H2,46.0457,4.0688,5,-1,770,815
521,PU_R0261,R0261,P159,pickup,HOME_P159,46.11833438941575,3.9973633174099668,5,1,530,577
522,DO_R0261,R0261,P159,dropoff,H2,46.0457,4.0688,5,-1,550,595
523,PU_R0262,R0262,P159,pickup,H2,46.0457,4.0688,5,1,635,660
524,DO_R0262,R0262,P159,dropoff,HOME_P159,46.11833438941575,3.9973633174099668,5,-1,635,710
525,PU_R0263,R0263,P160,pickup,HOME_P160,46.01988932208193,4.216497151215986,5,1,475,519
526,DO_R0263,R0263,P160,dropoff,H1,46.0533,4.0727,5,-1,495,540
527,PU_R0264,R0264,P160,pickup,H1,46.0533,4.0727,5,1,645,670
528,DO_R0264,R0264,P160,dropoff,HOME_P160,46.01988932208193,4.216497151215986,5,-1,645,720
529,PU_R0265,R0265,P161,pickup,HOME_P161,46.04602691038885,3.954363200437962,5,1,605,643
530,DO_R0265,R0265,P161,dropoff,H1,46.0533,4.0727,5,-1,615,660
531,PU_R0266,R0266,P161,pickup,H1,46.0533,4.0727,5,1,825,840
532,DO_R0266,R0266,P161,dropoff,HOME_P161,46.04602691038885,3.954363200437962,5,-1,825,880
533,PU_R0267,R0267,P162,pickup,HOME_P162,46.00912852020982,4.035076096356076,5,1,470,514
534,DO_R0267,R0267,P162,dropoff,H1,46.0533,4.0727,5,-1,480,525
535,PU_R0268,R0268,P162,pickup,H1,46.0533,4.0727,5,1,765,780
536,DO_R0268,R0268,P162,dropoff,HOME_P162,46.00912852020982,4.035076096356076,5,-1,765,820
537,PU_R0269,R0269,P163,pickup,HOME_P163,46.118824350678885,4.032788533654322,5,1,460,510
538,DO_R0269,R0269,P163,dropoff,H1,46.0533,4.0727,5,-1,480,525
539,PU_R0270,R0270,P163,pickup,H1,46.0533,4.0727,5,1,610,635
540,DO_R0270,R0270,P163,dropoff,HOME_P163,46.118824350678885,4.032788533654322,5,-1,610,685
541,PU_R0271,R0271,P164,pickup,HOME_P164,45.99878151597439,4.101142258461434,5,1,720,783
542,DO_R0271,R0271,P164,dropoff,H1,46.0533,4.0727,5,-1,750,795
543,PU_R0272,R0272,P164,pickup,H1,46.0533,4.0727,5,1,825,860
544,DO_R0272,R0272,P164,dropoff,HOME_P164,45.99878151597439,4.101142258461434,5,-1,825,920
545,PU_R0273,R0273,P165,pickup,HOME_P165,46.04028667698923,4.0261826677135035,5,1,875,924
546,DO_R0273,R0273,P165,dropoff,H2,46.0457,4.0688,5,-1,885,930
547,PU_R0274,R0274,P166,pickup,HOME_P166,45.97209490348061,4.1173394976347675,5,1,750,788
548,DO_R0274,R0274,P166,dropoff,H2,46.0457,4.0688,5,-1,760,805
549,PU_R0275,R0275,P166,pickup,H2,46.0457,4.0688,5,1,1000,1015
550,DO_R0275,R0275,P166,dropoff,HOME_P166,45.97209490348061,4.1173394976347675,5,-1,1000,1055
551,PU_R0276,R0276,P167,pickup,HOME_P167,45.979980865728066,4.070478201766066,5,1,860,910
552,DO_R0276,R0276,P167,dropoff,H1,46.0533,4.0727,5,-1,880,925
553,PU_R0277,R0277,P167,pickup,H1,46.0533,4.0727,5,1,995,1020
554,DO_R0277,R0277,P167,dropoff,HOME_P167,45.979980865728066,4.070478201766066,5,-1,995,1070
555,PU_R0278,R0278,P168,pickup,HOME_P168,46.00310518671035,4.0695571791570675,5,1,470,515
556,DO_R0278,R0278,P168,dropoff,H3,46.05,4.07,5,-1,480,525
557,PU_R0279,R0279,P168,pickup,H3,46.05,4.07,5,1,735,750
558,DO_R0279,R0279,P168,dropoff,HOME_P168,46.00310518671035,4.0695571791570675,5,-1,735,790
559,PU_R0280,R0280,P169,pickup,HOME_P169,46.08116290915246,4.006677064227985,5,1,765,809
560,DO_R0280,R0280,P169,dropoff,H1,46.0533,4.0727,5,-1,775,820
561,PU_R0281,R0281,P170,pickup,HOME_P170,46.078238923129724,4.115962839808589,5,1,470,517
562,DO_R0281,R0281,P170,dropoff,H1,46.0533,4.0727,5,-1,480,525
563,PU_R0282,R0282,P171,pickup,HOME_P171,46.08018078616408,4.144039374110407,5,1,740,783
564,DO_R0282,R0282,P171,dropoff,H1,46.0533,4.0727,5,-1,750,795
565,PU_R0283,R0283,P172,pickup,HOME_P172,46.04783599820772,4.190581168583878,5,1,610,668
566,DO_R0283,R0283,P172,dropoff,H1,46.0533,4.0727,5,-1,640,685
567,PU_R0284,R0284,P173,pickup,HOME_P173,46.0274208144749,4.224649785687919,5,1,480,533
568,DO_R0284,R0284,P173,dropoff,H1,46.0533,4.0727,5,-1,510,555
569,PU_R0285,R0285,P173,pickup,H1,46.0533,4.0727,5,1,575,610
570,DO_R0285,R0285,P173,dropoff,HOME_P173,46.0274208144749,4.224649785687919,5,-1,575,670
571,PU_R0286,R0286,P174,pickup,HOME_P174,46.0298915432183,3.997609467229646,5,1,465,509
572,DO_R0286,R0286,P174,dropoff,H2,46.0457,4.0688,5,-1,475,520
573,PU_R0287,R0287,P174,pickup,H2,46.0457,4.0688,5,1,730,745
574,DO_R0287,R0287,P174,dropoff,HOME_P174,46.0298915432183,3.997609467229646,5,-1,730,785
575,PU_R0288,R0288,P175,pickup,HOME_P175,46.0940116102244,4.128821578091831,5,1,480,523
576,DO_R0288,R0288,P175,dropoff,H1,46.0533,4.0727,5,-1,490,535
577,PU_R0289,R0289,P175,pickup,H1,46.0533,4.0727,5,1,775,790
578,DO_R0289,R0289,P175,dropoff,HOME_P175,46.0940116102244,4.128821578091831,5,-1,775,830
579,PU_R0290,R0290,P176,pickup,HOME_P176,46.072979443091256,4.156838073430677,5,1,465,506
580,DO_R0290,R0290,P176,dropoff,H2,46.0457,4.0688,5,-1,475,520
581,PU_R0291,R0291,P176,pickup,H2,46.0457,4.0688,5,1,735,750
582,DO_R0291,R0291,P176,dropoff,HOME_P176,46.072979443091256,4.156838073430677,5,-1,735,790
583,PU_R0292,R0292,P177,pickup,HOME_P177,46.02556917464633,4.0615473844980725,5,1,480,529
584,DO_R0292,R0292,P177,dropoff,H1,46.0533,4.0727,5,-1,490,535
585,PU_R0293,R0293,P177,pickup,H1,46.0533,4.0727,5,1,775,790
586,DO_R0293,R0293,P177,dropoff,HOME_P177,46.02556917464633,4.0615473844980725,5,-1,775,830
587,PU_R0294,R0294,P178,pickup,HOME_P178,46.026592934894936,3.9733653281863806,5,1,640,680
588,DO_R0294,R0294,P178,dropoff,H1,46.0533,4.0727,5,-1,650,695
589,PU_R0295,R0295,P178,pickup,H1,46.0533,4.0727,5,1,865,880
590,DO_R0295,R0295,P178,dropoff,HOME_P178,46.026592934894936,3.9733653281863806,5,-1,865,920
591,PU_R0296,R0296,P179,pickup,HOME_P179,46.02679336851942,4.130241591092719,5,1,480,525
592,DO_R0296,R0296,P179,dropoff,H2,46.0457,4.0688,5,-1,490,535
593,PU_R0297,R0297,P179,pickup,H2,46.0457,4.0688,5,1,770,785
594,DO_R0297,R0297,P179,dropoff,HOME_P179,46.02679336851942,4.130241591092719,5,-1,770,825
595,PU_R0298,R0298,P180,pickup,HOME_P180,46.024606432732945,4.049692735360718,5,1,480,529
596,DO_R0298,R0298,P180,dropoff,H3,46.05,4.07,5,-1,490,535
597,PU_R0299,R0299,P180,pickup,H3,46.05,4.07,5,1,750,765
598,DO_R0299,R0299,P180,dropoff,HOME_P180,46.024606432732945,4.049692735360718,5,-1,750,805
599,PU_R0300,R0300,P181,pickup,HOME_P181,46.0573360311248,4.152838981730412,5,1,770,813
600,DO_R0300,R0300,P181,dropoff,H1,46.0533,4.0727,5,-1,780,825
601,PU_R0301,R0301,P182,pickup,HOME_P182,46.0419090586045,4.133381120537977,5,1,745,791
602,DO_R0301,R0301,P182,dropoff,H2,46.0457,4.0688,5,-1,755,800
603,PU_R0302,R0302,P183,pickup,HOME_P183,46.03975367166708,4.162219379641917,5,1,730,772
604,DO_R0302,R0302,P183,dropoff,H3,46.05,4.07,5,-1,740,785
605,PU_R0303,R0303,P183,pickup,H3,46.05,4.07,5,1,995,1010
606,DO_R0303,R0303,P183,dropoff,HOME_P183,46.03975367166708,4.162219379641917,5,-1,995,1050
607,PU_R0304,R0304,P184,pickup,HOME_P184,46.08500925144885,4.026088281078617,5,1,740,785
608,DO_R0304,R0304,P184,dropoff,H3,46.05,4.07,5,-1,750,795
609,PU_R0305,R0305,P185,pickup,HOME_P185,46.02144358394889,3.972006085846614,5,1,525,575
610,DO_R0305,R0305,P185,dropoff,H2,46.0457,4.0688,5,-1,545,590
611,PU_R0306,R0306,P185,pickup,H2,46.0457,4.0688,5,1,625,650
612,DO_R0306,R0306,P185,dropoff,HOME_P185,46.02144358394889,3.972006085846614,5,-1,625,700
613,PU_R0307,R0307,P186,pickup,HOME_P186,46.11936886229886,4.142446795119855,5,1,475,522
614,DO_R0307,R0307,P186,dropoff,H2,46.0457,4.0688,5,-1,495,540
615,PU_R0308,R0308,P186,pickup,H2,46.0457,4.0688,5,1,565,590
616,DO_R0308,R0308,P186,dropoff,HOME_P186,46.11936886229886,4.142446795119855,5,-1,565,640
617,PU_R0309,R0309,P187,pickup,HOME_P187,46.05656888571444,4.0014960050455075,5,1,745,790
618,DO_R0309,R0309,P187,dropoff,H1,46.0533,4.0727,5,-1,755,800
619,PU_R0310,R0310,P188,pickup,HOME_P188,46.0896460478324,4.083718837890106,5,1,480,527
620,DO_R0310,R0310,P188,dropoff,H1,46.0533,4.0727,5,-1,490,535
621,PU_R0311,R0311,P188,pickup,H1,46.0533,4.0727,5,1,775,790
622,DO_R0311,R0311,P188,dropoff,HOME_P188,46.0896460478324,4.083718837890106,5,-1,775,830
623,PU_R0312,R0312,P189,pickup,HOME_P189,46.04465749181798,4.098756927439475,5,1,490,550
624,DO_R0312,R0312,P189,dropoff,H2,46.0457,4.0688,5,-1,510,555
625,PU_R0313,R0313,P189,pickup,H2,46.0457,4.0688,5,1,585,610
626,DO_R0313,R0313,P189,dropoff,HOME_P189,46.04465749181798,4.098756927439475,5,-1,585,660
627,PU_R0314,R0314,P190,pickup,HOME_P190,46.066129847687634,4.097874328646187,5,1,850,910
628,DO_R0314,R0314,P190,dropoff,H1,46.0533,4.0727,5,-1,870,915
629,PU_R0315,R0315,P190,pickup,H1,46.0533,4.0727,5,1,980,1005
630,DO_R0315,R0315,P190,dropoff,HOME_P190,46.066129847687634,4.097874328646187,5,-1,980,1055
631,PU_R0316,R0316,P191,pickup,HOME_P191,46.002408283408435,4.111213459081914,5,1,775,829
632,DO_R0316,R0316,P191,dropoff,H2,46.0457,4.0688,5,-1,795,840
633,PU_R0317,R0317,P191,pickup,H2,46.0457,4.0688,5,1,875,900
634,DO_R0317,R0317,P191,dropoff,HOME_P191,46.002408283408435,4.111213459081914,5,-1,875,950
635,PU_R0318,R0318,P192,pickup,HOME_P192,46.06764033396333,3.981885751696699,5,1,455,497
636,DO_R0318,R0318,P192,dropoff,H1,46.0533,4.0727,5,-1,465,510
637,PU_R0319,R0319,P192,pickup,H1,46.0533,4.0727,5,1,750,765
638,DO_R0319,R0319,P192,dropoff,HOME_P192,46.06764033396333,3.981885751696699,5,-1,750,805
639,PU_R0320,R0320,P193,pickup,HOME_P193,45.99159025933063,4.0088643534935455,5,1,440,479
640,DO_R0320,R0320,P193,dropoff,H1,46.0533,4.0727,5,-1,450,495
641,PU_R0321,R0321,P193,pickup,H1,46.0533,4.0727,5,1,675,690
642,DO_R0321,R0321,P193,dropoff,HOME_P193,45.99159025933063,4.0088643534935455,5,-1,675,730
643,PU_R0322,R0322,P194,pickup,HOME_P194,46.18355751454622,3.9855765131810235,5,1,988,1041
644,DO_R0322,R0322,P194,dropoff,H1,46.0533,4.0727,5,-1,1025,1070
645,PU_R0323,R0323,P195,pickup,HOME_P195,46.013297548731,4.020941239221094,5,1,815,869
646,DO_R0323,R0323,P195,dropoff,H1,46.0533,4.0727,5,-1,835,880
647,PU_R0324,R0324,P195,pickup,H1,46.0533,4.0727,5,1,995,1020
648,DO_R0324,R0324,P195,dropoff,HOME_P195,46.013297548731,4.020941239221094,5,-1,995,1070
649,PU_R0325,R0325,P196,pickup,HOME_P196,46.088206938850874,4.091516891629621,5,1,635,690
650,DO_R0325,R0325,P196,dropoff,H2,46.0457,4.0688,5,-1,655,700
651,PU_R0326,R0326,P196,pickup,H2,46.0457,4.0688,5,1,725,750
652,DO_R0326,R0326,P196,dropoff,HOME_P196,46.088206938850874,4.091516891629621,5,-1,725,800
653,PU_R0327,R0327,P197,pickup,HOME_P197,46.059285303910535,3.9833117549396313,5,1,745,787
654,DO_R0327,R0327,P197,dropoff,H2,46.0457,4.0688,5,-1,755,800
655,PU_R0328,R0328,P198,pickup,HOME_P198,46.01311124952963,4.165267552134393,5,1,475,524
656,DO_R0328,R0328,P198,dropoff,H1,46.0533,4.0727,5,-1,495,540
657,PU_R0329,R0329,P198,pickup,H1,46.0533,4.0727,5,1,605,630
658,DO_R0329,R0329,P198,dropoff,HOME_P198,46.01311124952963,4.165267552134393,5,-1,605,680
659,PU_R0330,R0330,P199,pickup,HOME_P199,46.11682204293576,4.162741573753069,5,1,630,677
660,DO_R0330,R0330,P199,dropoff,H1,46.0533,4.0727,5,-1,650,695
661,PU_R0331,R0331,P199,pickup,H1,46.0533,4.0727,5,1,785,810
662,DO_R0331,R0331,P199,dropoff,HOME_P199,46.11682204293576,4.162741573753069,5,-1,785,860
663,PU_R0332,R0332,P200,pickup,HOME_P200,46.0474791533253,4.022009449693718,5,1,735,782
664,DO_R0332,R0332,P200,dropoff,H1,46.0533,4.0727,5,-1,745,790
665,PU_R0333,R0333,P201,pickup,HOME_P201,45.99807354542248,4.188034164575608,5,1,475,520
666,DO_R0333,R0333,P201,dropoff,H1,46.0533,4.0727,5,-1,495,540
667,PU_R0334,R0334,P201,pickup,H1,46.0533,4.0727,5,1,620,645
668,DO_R0334,R0334,P201,dropoff,HOME_P201,45.99807354542248,4.188034164575608,5,-1,620,695
669,PU_R0335,R0335,P202,pickup,HOME_P202,46.076444403789466,4.122440419368695,5,1,770,816
670,DO_R0335,R0335,P202,dropoff,H1,46.0533,4.0727,5,-1,780,825
671,PU_R0336,R0336,P203,pickup,HOME_P203,46.01069517220075,4.067674476199667,5,1,480,527
672,DO_R0336,R0336,P203,dropoff,H3,46.05,4.07,5,-1,490,535
673,PU_R0337,R0337,P203,pickup,H3,46.05,4.07,5,1,805,820
674,DO_R0337,R0337,P203,dropoff,HOME_P203,46.01069517220075,4.067674476199667,5,-1,805,860
675,PU_R0338,R0338,P204,pickup,HOME_P204,46.07267723622769,4.1330813119205505,5,1,745,790
676,DO_R0338,R0338,P204,dropoff,H1,46.0533,4.0727,5,-1,755,800
677,PU_R0339,R0339,P205,pickup,HOME_P205,46.00739714393819,4.047674826844429,5,1,440,485
678,DO_R0339,R0339,P205,dropoff,H1,46.0533,4.0727,5,-1,450,495
679,PU_R0340,R0340,P205,pickup,H1,46.0533,4.0727,5,1,660,675
680,DO_R0340,R0340,P205,dropoff,HOME_P205,46.00739714393819,4.047674826844429,5,-1,660,715
681,PU_R0341,R0341,P206,pickup,HOME_P206,46.111010783035695,3.9970468706709186,5,1,430,468
682,DO_R0341,R0341,P206,dropoff,H2,46.0457,4.0688,5,-1,440,485
683,PU_R0342,R0342,P206,pickup,H2,46.0457,4.0688,5,1,560,575
684,DO_R0342,R0342,P206,dropoff,HOME_P206,46.111010783035695,3.9970468706709186,5,-1,560,615
685,PU_R0343,R0343,P207,pickup,HOME_P207,46.01938035971113,3.948797411482287,5,1,480,526
686,DO_R0343,R0343,P207,dropoff,H1,46.0533,4.0727,5,-1,500,545
687,PU_R0344,R0344,P207,pickup,H1,46.0533,4.0727,5,1,605,630
688,DO_R0344,R0344,P207,dropoff,HOME_P207,46.01938035971113,3.948797411482287,5,-1,605,680
689,PU_R0345,R0345,P208,pickup,HOME_P208,46.04624815872335,4.147760614727248,5,1,435,479
690,DO_R0345,R0345,P208,dropoff,H1,46.0533,4.0727,5,-1,445,490
691,PU_R0346,R0346,P208,pickup,H1,46.0533,4.0727,5,1,730,745
692,DO_R0346,R0346,P208,dropoff,HOME_P208,46.04624815872335,4.147760614727248,5,-1,730,785
693,PU_R0347,R0347,P209,pickup,HOME_P209,46.04575012640146,4.11020536982276,5,1,780,829
694,DO_R0347,R0347,P209,dropoff,H1,46.0533,4.0727,5,-1,790,835
695,PU_R0348,R0348,P210,pickup,HOME_P210,46.110907643822486,4.170422518467129,5,1,510,557
696,DO_R0348,R0348,P210,dropoff,H1,46.0533,4.0727,5,-1,530,575
697,PU_R0349,R0349,P210,pickup,H1,46.0533,4.0727,5,1,655,680
698,DO_R0349,R0349,P210,dropoff,HOME_P210,46.110907643822486,4.170422518467129,5,-1,655,730
699,PU_R0350,R0350,P211,pickup,HOME_P211,46.0190858004264,4.04013366469834,5,1,750,798
700,DO_R0350,R0350,P211,dropoff,H2,46.0457,4.0688,5,-1,760,805
701,PU_R0351,R0351,P212,pickup,HOME_P212,46.04716894422721,4.188670521127044,5,1,630,678
702,DO_R0351,R0351,P212,dropoff,H2,46.0457,4.0688,5,-1,650,695
703,PU_R0352,R0352,P212,pickup,H2,46.0457,4.0688,5,1,720,745
704,DO_R0352,R0352,P212,dropoff,HOME_P212,46.04716894422721,4.188670521127044,5,-1,720,795
705,PU_R0353,R0353,P213,pickup,HOME_P213,46.0136209322086,3.980498028206048,5,1,960,1010
706,DO_R0353,R0353,P213,dropoff,H1,46.0533,4.0727,5,-1,980,1025
707,PU_R0354,R0354,P214,pickup,HOME_P214,46.00975040788813,3.983240285613642,5,1,430,471
708,DO_R0354,R0354,P214,dropoff,H2,46.0457,4.0688,5,-1,440,485
709,PU_R0355,R0355,P214,pickup,H2,46.0457,4.0688,5,1,725,740
710,DO_R0355,R0355,P214,dropoff,HOME_P214,46.00975040788813,3.983240285613642,5,-1,725,780
711,PU_R0356,R0356,P215,pickup,HOME_P215,46.02325561202837,4.17806114961871,5,1,450,489
712,DO_R0356,R0356,P215,dropoff,H2,46.0457,4.0688,5,-1,460,505
713,PU_R0357,R0357,P215,pickup,H2,46.0457,4.0688,5,1,835,850
714,DO_R0357,R0357,P215,dropoff,HOME_P215,46.02325561202837,4.17806114961871,5,-1,835,890
715,PU_R0358,R0358,P216,pickup,HOME_P216,46.11394459684173,4.158729967164413,5,1,445,493
716,DO_R0358,R0358,P216,dropoff,H1,46.0533,4.0727,5,-1,465,510
717,PU_R0359,R0359,P216,pickup,H1,46.0533,4.0727,5,1,630,655
718,DO_R0359,R0359,P216,dropoff,HOME_P216,46.11394459684173,4.158729967164413,5,-1,630,705
719,PU_R0360,R0360,P217,pickup,HOME_P217,46.03426429317753,4.014772528461852,5,1,435,482
720,DO_R0360,R0360,P217,dropoff,H2,46.0457,4.0688,5,-1,445,490
721,PU_R0361,R0361,P217,pickup,H2,46.0457,4.0688,5,1,735,750
722,DO_R0361,R0361,P217,dropoff,HOME_P217,46.03426429317753,4.014772528461852,5,-1,735,790
723,PU_R0362,R0362,P218,pickup,HOME_P218,46.031126363222036,4.079848966151468,5,1,475,525
724,DO_R0362,R0362,P218,dropoff,H1,46.0533,4.0727,5,-1,485,530
725,PU_R0363,R0363,P218,pickup,H1,46.0533,4.0727,5,1,770,785
726,DO_R0363,R0363,P218,dropoff,HOME_P218,46.031126363222036,4.079848966151468,5,-1,770,825
727,PU_R0364,R0364,P219,pickup,HOME_P219,46.01434685128753,4.178365920582068,5,1,785,823
728,DO_R0364,R0364,P219,dropoff,H1,46.0533,4.0727,5,-1,795,840
729,PU_R0365,R0365,P219,pickup,H1,46.0533,4.0727,5,1,1015,1030
730,DO_R0365,R0365,P219,dropoff,HOME_P219,46.01434685128753,4.178365920582068,5,-1,1015,1070
731,PU_R0366,R0366,P220,pickup,HOME_P220,46.12395116736217,3.9919154128078107,5,1,780,826
732,DO_R0366,R0366,P220,dropoff,H2,46.0457,4.0688,5,-1,800,845
733,PU_R0367,R0367,P220,pickup,H2,46.0457,4.0688,5,1,885,910
734,DO_R0367,R0367,P220,dropoff,HOME_P220,46.12395116736217,3.9919154128078107,5,-1,885,960
735,PU_R0368,R0368,P221,pickup,HOME_P221,46.05072556026841,3.995112743723545,5,1,430,474
736,DO_R0368,R0368,P221,dropoff,H1,46.0533,4.0727,5,-1,440,485
737,PU_R0369,R0369,P221,pickup,H1,46.0533,4.0727,5,1,725,740
738,DO_R0369,R0369,P221,dropoff,HOME_P221,46.05072556026841,3.995112743723545,5,-1,725,780
739,PU_R0370,R0370,P222,pickup,HOME_P222,46.079597732698716,4.031562168934461,5,1,780,827
740,DO_R0370,R0370,P222,dropoff,H1,46.0533,4.0727,5,-1,790,835
741,PU_R0371,R0371,P223,pickup,HOME_P223,46.049042271512995,4.179096339801511,5,1,725,764
742,DO_R0371,R0371,P223,dropoff,H2,46.0457,4.0688,5,-1,735,780
743,PU_R0372,R0372,P223,pickup,H2,46.0457,4.0688,5,1,1010,1025
744,DO_R0372,R0372,P223,dropoff,HOME_P223,46.049042271512995,4.179096339801511,5,-1,1010,1065
745,PU_R0373,R0373,P224,pickup,HOME_P224,46.045315576399595,3.9538792535455123,5,1,480,529
746,DO_R0373,R0373,P224,dropoff,H2,46.0457,4.0688,5,-1,500,545
747,PU_R0374,R0374,P224,pickup,H2,46.0457,4.0688,5,1,585,610
748,DO_R0374,R0374,P224,dropoff,HOME_P224,46.045315576399595,3.9538792535455123,5,-1,585,660
749,PU_R0375,R0375,P225,pickup,HOME_P225,46.029775102766756,3.9610095082742407,5,1,475,513
750,DO_R0375,R0375,P225,dropoff,H1,46.0533,4.0727,5,-1,485,530
751,PU_R0376,R0376,P225,pickup,H1,46.0533,4.0727,5,1,695,710
752,DO_R0376,R0376,P225,dropoff,HOME_P225,46.029775102766756,3.9610095082742407,5,-1,695,750
753,PU_R0377,R0377,P226,pickup,HOME_P226,46.06210762439542,4.105054774537853,5,1,435,484
754,DO_R0377,R0377,P226,dropoff,H3,46.05,4.07,5,-1,445,490
755,PU_R0378,R0378,P226,pickup,H3,46.05,4.07,5,1,710,725
756,DO_R0378,R0378,P226,dropoff,HOME_P226,46.06210762439542,4.105054774537853,5,-1,710,765
757,PU_R0379,R0379,P227,pickup,HOME_P227,46.10749395077524,4.128735065722352,5,1,510,561
758,DO_R0379,R0379,P227,dropoff,H1,46.0533,4.0727,5,-1,530,575
759,PU_R0380,R0380,P227,pickup,H1,46.0533,4.0727,5,1,690,715
760,DO_R0380,R0380,P227,dropoff,HOME_P227,46.10749395077524,4.128735065722352,5,-1,690,765
761,PU_R0381,R0381,P228,pickup,HOME_P228,45.99142951771724,4.113878417895617,5,1,475,516
762,DO_R0381,R0381,P228,dropoff,H1,46.0533,4.0727,5,-1,485,530
763,PU_R0382,R0382,P228,pickup,H1,46.0533,4.0727,5,1,770,785
764,DO_R0382,R0382,P228,dropoff,HOME_P228,45.99142951771724,4.113878417895617,5,-1,770,825
765,PU_R0383,R0383,P229,pickup,HOME_P229,46.07959610539485,4.148619775077885,5,1,770,812
766,DO_R0383,R0383,P229,dropoff,H2,46.0457,4.0688,5,-1,780,825
767,PU_R0384,R0384,P229,pickup,H2,46.0457,4.0688,5,1,945,960
768,DO_R0384,R0384,P229,dropoff,HOME_P229,46.07959610539485,4.148619775077885,5,-1,945,1000
769,PU_R0385,R0385,P230,pickup,HOME_P230,45.995541755689445,4.040729525577968,5,1,450,493
770,DO_R0385,R0385,P230,dropoff,H3,46.05,4.07,5,-1,460,505
771,PU_R0386,R0386,P230,pickup,H3,46.05,4.07,5,1,715,730
772,DO_R0386,R0386,P230,dropoff,HOME_P230,45.995541755689445,4.040729525577968,5,-1,715,770
773,PU_R0387,R0387,P231,pickup,HOME_P231,46.118020092682634,4.159217219832353,5,1,635,692
774,DO_R0387,R0387,P231,dropoff,H1,46.0533,4.0727,5,-1,665,710
775,PU_R0388,R0388,P232,pickup,HOME_P232,46.0279099983554,4.1381980333793456,5,1,495,549
776,DO_R0388,R0388,P232,dropoff,H2,46.0457,4.0688,5,-1,515,560
777,PU_R0389,R0389,P232,pickup,H2,46.0457,4.0688,5,1,585,610
778,DO_R0389,R0389,P232,dropoff,HOME_P232,46.0279099983554,4.1381980333793456,5,-1,585,660
779,PU_R0390,R0390,P233,pickup,HOME_P233,46.08367720932253,4.1305161242156805,5,1,755,800
780,DO_R0390,R0390,P233,dropoff,H1,46.0533,4.0727,5,-1,765,810
781,PU_R0391,R0391,P234,pickup,HOME_P234,45.991544919274645,4.022603342421928,5,1,580,632
782,DO_R0391,R0391,P234,dropoff,H2,46.0457,4.0688,5,-1,600,645
783,PU_R0392,R0392,P234,pickup,H2,46.0457,4.0688,5,1,685,710
784,DO_R0392,R0392,P234,dropoff,HOME_P234,45.991544919274645,4.022603342421928,5,-1,685,760
785,PU_R0393,R0393,P235,pickup,HOME_P235,46.070573883573175,4.059592642818646,5,1,460,510
786,DO_R0393,R0393,P235,dropoff,H1,46.0533,4.0727,5,-1,470,515
787,PU_R0394,R0394,P235,pickup,H1,46.0533,4.0727,5,1,755,770
788,DO_R0394,R0394,P235,dropoff,HOME_P235,46.070573883573175,4.059592642818646,5,-1,755,810
789,PU_R0395,R0395,P236,pickup,HOME_P236,46.039388773231835,3.992817328823662,5,1,745,789
790,DO_R0395,R0395,P236,dropoff,H2,46.0457,4.0688,5,-1,755,800
791,PU_R0396,R0396,P237,pickup,HOME_P237,46.01341198074718,4.159375314063813,5,1,465,505
792,DO_R0396,R0396,P237,dropoff,H1,46.0533,4.0727,5,-1,475,520
793,PU_R0397,R0397,P237,pickup,H1,46.0533,4.0727,5,1,685,700
794,DO_R0397,R0397,P237,dropoff,HOME_P237,46.01341198074718,4.159375314063813,5,-1,685,740
795,PU_R0398,R0398,P238,pickup,HOME_P238,45.986485737062104,4.110048502618926,5,1,590,640
796,DO_R0398,R0398,P238,dropoff,H1,46.0533,4.0727,5,-1,610,655
797,PU_R0399,R0399,P238,pickup,H1,46.0533,4.0727,5,1,715,740
798,DO_R0399,R0399,P238,dropoff,HOME_P238,45.986485737062104,4.110048502618926,5,-1,715,790
799,PU_R0400,R0400,P239,pickup,HOME_P239,46.00872661909965,4.154815149211434,5,1,820,860
800,DO_R0400,R0400,P239,dropoff,H1,46.0533,4.0727,5,-1,830,875
801,PU_R0401,R0401,P239,pickup,H1,46.0533,4.0727,5,1,1025,1040
802,DO_R0401,R0401,P239,dropoff,HOME_P239,46.00872661909965,4.154815149211434,5,-1,1025,1080
803,PU_R0402,R0402,P240,pickup,HOME_P240,46.02458011237402,4.126906023483035,5,1,840,895
804,DO_R0402,R0402,P240,dropoff,H2,46.0457,4.0688,5,-1,860,905
805,PU_R0403,R0403,P240,pickup,H2,46.0457,4.0688,5,1,940,965
806,DO_R0403,R0403,P240,dropoff,HOME_P240,46.02458011237402,4.126906023483035,5,-1,940,1015
807,PU_R0404,R0404,P241,pickup,HOME_P241,46.143077262493634,4.024234773305901,5,1,515,559
808,DO_R0404,R0404,P241,dropoff,H2,46.0457,4.0688,5,-1,535,580
809,PU_R0405,R0405,P241,pickup,H2,46.0457,4.0688,5,1,605,630
810,DO_R0405,R0405,P241,dropoff,HOME_P241,46.143077262493634,4.024234773305901,5,-1,605,680
811,PU_R0406,R0406,P242,pickup,HOME_P242,46.09694540900076,4.01686388352153,5,1,1000,1043
812,DO_R0406,R0406,P242,dropoff,H3,46.05,4.07,5,-1,1010,1055
813,PU_R0407,R0407,P243,pickup,HOME_P243,46.10596513749317,4.0942444109417515,5,1,430,472
814,DO_R0407,R0407,P243,dropoff,H2,46.0457,4.0688,5,-1,440,485
815,PU_R0408,R0408,P243,pickup,H2,46.0457,4.0688,5,1,710,725
816,DO_R0408,R0408,P243,dropoff,HOME_P243,46.10596513749317,4.0942444109417515,5,-1,710,765
817,PU_R0409,R0409,P244,pickup,HOME_P244,46.07746391567577,4.103111052842051,5,1,440,488
818,DO_R0409,R0409,P244,dropoff,H1,46.0533,4.0727,5,-1,450,495
819,PU_R0410,R0410,P244,pickup,H1,46.0533,4.0727,5,1,735,750
820,DO_R0410,R0410,P244,dropoff,HOME_P244,46.07746391567577,4.103111052842051,5,-1,735,790
821,PU_R0411,R0411,P245,pickup,HOME_P245,46.05474505921056,4.054307060464813,5,1,585,655
822,DO_R0411,R0411,P245,dropoff,H1,46.0533,4.0727,5,-1,615,660
823,PU_R0412,R0412,P245,pickup,H1,46.0533,4.0727,5,1,690,725
824,DO_R0412,R0412,P245,dropoff,HOME_P245,46.05474505921056,4.054307060464813,5,-1,690,785
825,PU_R0413,R0413,P246,pickup,HOME_P246,46.032537644160016,4.078479945873329,5,1,840,900
826,DO_R0413,R0413,P246,dropoff,H2,46.0457,4.0688,5,-1,860,905
827,PU_R0414,R0414,P246,pickup,H2,46.0457,4.0688,5,1,945,970
828,DO_R0414,R0414,P246,dropoff,HOME_P246,46.032537644160016,4.078479945873329,5,-1,945,1020
829,PU_R0415,R0415,P247,pickup,HOME_P247,46.08091069477783,4.135406310793828,5,1,505,559
830,DO_R0415,R0415,P247,dropoff,H1,46.0533,4.0727,5,-1,525,570
831,PU_R0416,R0416,P247,pickup,H1,46.0533,4.0727,5,1,660,685
832,DO_R0416,R0416,P247,dropoff,HOME_P247,46.08091069477783,4.135406310793828,5,-1,660,735
833,PU_R0417,R0417,P248,pickup,HOME_P248,46.08199055658157,4.135073496701272,5,1,450,504
834,DO_R0417,R0417,P248,dropoff,H1,46.0533,4.0727,5,-1,470,515
835,PU_R0418,R0418,P248,pickup,H1,46.0533,4.0727,5,1,600,625
836,DO_R0418,R0418,P248,dropoff,HOME_P248,46.08199055658157,4.135073496701272,5,-1,600,675
837,PU_R0419,R0419,P249,pickup,HOME_P249,46.0677056212482,4.172049413441227,5,1,825,876
838,DO_R0419,R0419,P249,dropoff,H1,46.0533,4.0727,5,-1,845,890
839,PU_R0420,R0420,P249,pickup,H1,46.0533,4.0727,5,1,995,1020
840,DO_R0420,R0420,P249,dropoff,HOME_P249,46.0677056212482,4.172049413441227,5,-1,995,1070
841,PU_R0421,R0421,P250,pickup,HOME_P250,46.05991434378874,3.983275858327867,5,1,780,822
842,DO_R0421,R0421,P250,dropoff,H2,46.0457,4.0688,5,-1,790,835
843,PU_R0422,R0422,P251,pickup,HOME_P251,46.03257685536098,4.192407030035799,5,1,505,552
844,DO_R0422,R0422,P251,dropoff,H1,46.0533,4.0727,5,-1,525,570
845,PU_R0423,R0423,P251,pickup,H1,46.0533,4.0727,5,1,675,700
846,DO_R0423,R0423,P251,dropoff,HOME_P251,46.03257685536098,4.192407030035799,5,-1,675,750
847,PU_R0424,R0424,P252,pickup,HOME_P252,46.00405882628472,4.121850931900814,5,1,450,493
848,DO_R0424,R0424,P252,dropoff,H1,46.0533,4.0727,5,-1,460,505
849,PU_R0425,R0425,P252,pickup,H1,46.0533,4.0727,5,1,665,680
850,DO_R0425,R0425,P252,dropoff,HOME_P252,46.00405882628472,4.121850931900814,5,-1,665,720
851,PU_R0426,R0426,P253,pickup,HOME_P253,46.09410758233298,4.083060673714298,5,1,445,490
852,DO_R0426,R0426,P253,dropoff,H2,46.0457,4.0688,5,-1,455,500
853,PU_R0427,R0427,P253,pickup,H2,46.0457,4.0688,5,1,710,725
854,DO_R0427,R0427,P253,dropoff,HOME_P253,46.09410758233298,4.083060673714298,5,-1,710,765
855,PU_R0428,R0428,P254,pickup,HOME_P254,46.08966708760166,4.063247946443202,5,1,780,827
856,DO_R0428,R0428,P254,dropoff,H3,46.05,4.07,5,-1,790,835
857,PU_R0429,R0429,P255,pickup,HOME_P255,46.08582556869413,3.940743159390651,5,1,645,690
858,DO_R0429,R0429,P255,dropoff,H2,46.0457,4.0688,5,-1,665,710
859,PU_R0430,R0430,P255,pickup,H2,46.0457,4.0688,5,1,740,765
860,DO_R0430,R0430,P255,dropoff,HOME_P255,46.08582556869413,3.940743159390651,5,-1,740,815
861,PU_R0431,R0431,P256,pickup,HOME_P256,45.98432467650904,4.190931405067686,5,1,465,509
862,DO_R0431,R0431,P256,dropoff,H2,46.0457,4.0688,5,-1,485,530
863,PU_R0432,R0432,P256,pickup,H2,46.0457,4.0688,5,1,565,590
864,DO_R0432,R0432,P256,dropoff,HOME_P256,45.98432467650904,4.190931405067686,5,-1,565,640
865,PU_R0433,R0433,P257,pickup,HOME_P257,46.01576903902903,3.9900195889082646,5,1,605,657
866,DO_R0433,R0433,P257,dropoff,H2,46.0457,4.0688,5,-1,625,670
867,PU_R0434,R0434,P257,pickup,H2,46.0457,4.0688,5,1,705,730
868,DO_R0434,R0434,P257,dropoff,HOME_P257,46.01576903902903,3.9900195889082646,5,-1,705,780
869,PU_R0435,R0435,P258,pickup,HOME_P258,46.03204531440665,4.132717121313691,5,1,780,825
870,DO_R0435,R0435,P258,dropoff,H1,46.0533,4.0727,5,-1,790,835
871,PU_R0436,R0436,P259,pickup,HOME_P259,46.107959921076684,4.069283449482642,5,1,480,522
872,DO_R0436,R0436,P259,dropoff,H2,46.0457,4.0688,5,-1,490,535
873,PU_R0437,R0437,P259,pickup,H2,46.0457,4.0688,5,1,820,835
874,DO_R0437,R0437,P259,dropoff,HOME_P259,46.107959921076684,4.069283449482642,5,-1,820,875
875,PU_R0438,R0438,P260,pickup,HOME_P260,46.02466329442873,4.06199229968317,5,1,840,899
876,DO_R0438,R0438,P260,dropoff,H1,46.0533,4.0727,5,-1,860,905
877,PU_R0439,R0439,P260,pickup,H1,46.0533,4.0727,5,1,1000,1025
878,DO_R0439,R0439,P260,dropoff,HOME_P260,46.02466329442873,4.06199229968317,5,-1,1000,1075
879,PU_R0440,R0440,P261,pickup,HOME_P261,46.055998137772846,4.088651417825933,5,1,475,525
880,DO_R0440,R0440,P261,dropoff,H1,46.0533,4.0727,5,-1,485,530
881,PU_R0441,R0441,P261,pickup,H1,46.0533,4.0727,5,1,770,785
882,DO_R0441,R0441,P261,dropoff,HOME_P261,46.055998137772846,4.088651417825933,5,-1,770,825
883,PU_R0442,R0442,P262,pickup,HOME_P262,46.027328749973975,4.052909262083466,5,1,760,809
884,DO_R0442,R0442,P262,dropoff,H1,46.0533,4.0727,5,-1,770,815
885,PU_R0443,R0443,P263,pickup,HOME_P263,46.072920304933234,3.9348547244356675,5,1,595,640
886,DO_R0443,R0443,P263,dropoff,H1,46.0533,4.0727,5,-1,615,660
887,PU_R0444,R0444,P263,pickup,H1,46.0533,4.0727,5,1,720,745
888,DO_R0444,R0444,P263,dropoff,HOME_P263,46.072920304933234,3.9348547244356675,5,-1,720,795
889,PU_R0445,R0445,P264,pickup,HOME_P264,46.07401605783854,3.963236722214404,5,1,495,544
890,DO_R0445,R0445,P264,dropoff,H1,46.0533,4.0727,5,-1,515,560
891,PU_R0446,R0446,P264,pickup,H1,46.0533,4.0727,5,1,620,645
892,DO_R0446,R0446,P264,dropoff,HOME_P264,46.07401605783854,3.963236722214404,5,-1,620,695
893,PU_R0447,R0447,P265,pickup,HOME_P265,46.08362500666561,4.020461926723615,5,1,775,819
894,DO_R0447,R0447,P265,dropoff,H2,46.0457,4.0688,5,-1,785,830
895,PU_R0448,R0448,P265,pickup,H2,46.0457,4.0688,5,1,985,1000
896,DO_R0448,R0448,P265,dropoff,HOME_P265,46.08362500666561,4.020461926723615,5,-1,985,1040
897,PU_R0449,R0449,P266,pickup,HOME_P266,45.935455715255955,4.203948853748108,5,1,531,585
898,DO_R0449,R0449,P266,dropoff,H1,46.0533,4.0727,5,-1,570,615
899,PU_R0450,R0450,P266,pickup,H1,46.0533,4.0727,5,1,635,670
900,DO_R0450,R0450,P266,dropoff,HOME_P266,45.935455715255955,4.203948853748108,5,-1,635,739
901,PU_R0451,R0451,P267,pickup,HOME_P267,46.051395375887864,4.050990145652333,5,1,485,545
902,DO_R0451,R0451,P267,dropoff,H1,46.0533,4.0727,5,-1,505,550
903,PU_R0452,R0452,P267,pickup,H1,46.0533,4.0727,5,1,650,675
904,DO_R0452,R0452,P267,dropoff,HOME_P267,46.051395375887864,4.050990145652333,5,-1,650,725
905,PU_R0453,R0453,P268,pickup,HOME_P268,46.12449725192129,4.053641745749063,5,1,650,700
906,DO_R0453,R0453,P268,dropoff,H1,46.0533,4.0727,5,-1,670,715
907,PU_R0454,R0454,P268,pickup,H1,46.0533,4.0727,5,1,835,860
908,DO_R0454,R0454,P268,dropoff,HOME_P268,46.12449725192129,4.053641745749063,5,-1,835,910
909,PU_R0455,R0455,P269,pickup,HOME_P269,45.9810000214554,4.096279630384109,5,1,835,886
910,DO_R0455,R0455,P269,dropoff,H2,46.0457,4.0688,5,-1,855,900
911,PU_R0456,R0456,P269,pickup,H2,46.0457,4.0688,5,1,940,965
912,DO_R0456,R0456,P269,dropoff,HOME_P269,45.9810000214554,4.096279630384109,5,-1,940,1015
913,PU_R0457,R0457,P270,pickup,HOME_P270,46.08183844016208,4.057314541091086,5,1,735,782
914,DO_R0457,R0457,P270,dropoff,H2,46.0457,4.0688,5,-1,745,790
915,PU_R0458,R0458,P270,pickup,H2,46.0457,4.0688,5,1,1025,1040
916,DO_R0458,R0458,P270,dropoff,HOME_P270,46.08183844016208,4.057314541091086,5,-1,1025,1080
917,PU_R0459,R0459,P271,pickup,HOME_P271,46.064967697897856,4.0923673819855395,5,1,450,499
918,DO_R0459,R0459,P271,dropoff,H2,46.0457,4.0688,5,-1,460,505
919,PU_R0460,R0460,P271,pickup,H2,46.0457,4.0688,5,1,755,770
920,DO_R0460,R0460,P271,dropoff,HOME_P271,46.064967697897856,4.0923673819855395,5,-1,755,810
921,PU_R0461,R0461,P272,pickup,HOME_P272,46.1297148883063,4.031776169796179,5,1,920,968
922,DO_R0461,R0461,P272,dropoff,H1,46.0533,4.0727,5,-1,940,985
923,PU_R0462,R0462,P273,pickup,HOME_P273,46.02877827604984,3.9592905417192363,5,1,975,1024
924,DO_R0462,R0462,P273,dropoff,H2,46.0457,4.0688,5,-1,995,1040
925,PU_R0463,R0463,P274,pickup,HOME_P274,46.05310091777812,4.035060501016182,5,1,435,484
926,DO_R0463,R0463,P274,dropoff,H1,46.0533,4.0727,5,-1,445,490
927,PU_R0464,R0464,P274,pickup,H1,46.0533,4.0727,5,1,730,745
928,DO_R0464,R0464,P274,dropoff,HOME_P274,46.05310091777812,4.035060501016182,5,-1,730,785
929,PU_R0465,R0465,P275,pickup,HOME_P275,46.062500540077124,3.99418243502009,5,1,895,959
930,DO_R0465,R0465,P275,dropoff,H1,46.0533,4.0727,5,-1,925,970
931,PU_R0466,R0466,P276,pickup,HOME_P276,45.99434547303559,4.104085798504126,5,1,815,867
932,DO_R0466,R0466,P276,dropoff,H1,46.0533,4.0727,5,-1,835,880
933,PU_R0467,R0467,P276,pickup,H1,46.0533,4.0727,5,1,990,1015
934,DO_R0467,R0467,P276,dropoff,HOME_P276,45.99434547303559,4.104085798504126,5,-1,990,1065
935,PU_R0468,R0468,P277,pickup,HOME_P277,46.01719214739038,4.0031131305195355,5,1,445,488
936,DO_R0468,R0468,P277,dropoff,H1,46.0533,4.0727,5,-1,455,500
937,PU_R0469,R0469,P277,pickup,H1,46.0533,4.0727,5,1,740,755
938,DO_R0469,R0469,P277,dropoff,HOME_P277,46.01719214739038,4.0031131305195355,5,-1,740,795
939,PU_R0470,R0470,P278,pickup,HOME_P278,45.99667609105159,4.068257795087462,5,1,730,774
940,DO_R0470,R0470,P278,dropoff,H3,46.05,4.07,5,-1,740,785
941,PU_R0471,R0471,P278,pickup,H3,46.05,4.07,5,1,995,1010
942,DO_R0471,R0471,P278,dropoff,HOME_P278,45.99667609105159,4.068257795087462,5,-1,995,1050
943,PU_R0472,R0472,P279,pickup,HOME_P279,46.077267965163664,3.989082270872763,5,1,450,492
944,DO_R0472,R0472,P279,dropoff,H1,46.0533,4.0727,5,-1,460,505
945,PU_R0473,R0473,P279,pickup,H1,46.0533,4.0727,5,1,745,760
946,DO_R0473,R0473,P279,dropoff,HOME_P279,46.077267965163664,3.989082270872763,5,-1,745,800
947,PU_R0474,R0474,P280,pickup,HOME_P280,46.09262575880416,4.145899433034171,5,1,475,517
948,DO_R0474,R0474,P280,dropoff,H1,46.0533,4.0727,5,-1,485,530
949,PU_R0475,R0475,P280,pickup,H1,46.0533,4.0727,5,1,770,785
950,DO_R0475,R0475,P280,dropoff,HOME_P280,46.09262575880416,4.145899433034171,5,-1,770,825
951,PU_R0476,R0476,P281,pickup,HOME_P281,46.14453836867998,4.050181101705351,5,1,570,615
952,DO_R0476,R0476,P281,dropoff,H2,46.0457,4.0688,5,-1,590,635
953,PU_R0477,R0477,P281,pickup,H2,46.0457,4.0688,5,1,665,690
954,DO_R0477,R0477,P281,dropoff,HOME_P281,46.14453836867998,4.050181101705351,5,-1,665,740
955,PU_R0478,R0478,P282,pickup,HOME_P282,46.05064861703848,4.091995489092521,5,1,470,520
956,DO_R0478,R0478,P282,dropoff,H1,46.0533,4.0727,5,-1,480,525
957,PU_R0479,R0479,P282,pickup,H1,46.0533,4.0727,5,1,680,695
958,DO_R0479,R0479,P282,dropoff,HOME_P282,46.05064861703848,4.091995489092521,5,-1,680,735
959,PU_R0480,R0480,P283,pickup,HOME_P283,46.10813478429962,4.136251714631993,5,1,460,501
960,DO_R0480,R0480,P283,dropoff,H1,46.0533,4.0727,5,-1,470,515
961,PU_R0481,R0481,P283,pickup,H1,46.0533,4.0727,5,1,755,770
962,DO_R0481,R0481,P283,dropoff,HOME_P283,46.10813478429962,4.136251714631993,5,-1,755,810
963,PU_R0482,R0482,P284,pickup,HOME_P284,46.09856599005405,4.043564111506701,5,1,460,505
964,DO_R0482,R0482,P284,dropoff,H1,46.0533,4.0727,5,-1,470,515
965,PU_R0483,R0483,P284,pickup,H1,46.0533,4.0727,5,1,685,700
966,DO_R0483,R0483,P284,dropoff,HOME_P284,46.09856599005405,4.043564111506701,5,-1,685,740
967,PU_R0484,R0484,P285,pickup,HOME_P285,46.05541833491354,4.115519945769427,5,1,425,474
968,DO_R0484,R0484,P285,dropoff,H1,46.0533,4.0727,5,-1,435,480
969,PU_R0485,R0485,P285,pickup,H1,46.0533,4.0727,5,1,720,735
970,DO_R0485,R0485,P285,dropoff,HOME_P285,46.05541833491354,4.115519945769427,5,-1,720,775
971,PU_R0486,R0486,P286,pickup,HOME_P286,46.051979457914605,4.099734893246609,5,1,1010,1060
972,DO_R0486,R0486,P286,dropoff,H1,46.0533,4.0727,5,-1,1020,1065
973,PU_R0487,R0487,P287,pickup,HOME_P287,46.02590679384967,4.01188499323809,5,1,925,980
974,DO_R0487,R0487,P287,dropoff,H1,46.0533,4.0727,5,-1,945,990
975,PU_R0488,R0488,P288,pickup,HOME_P288,46.05650554096176,4.185631699863077,5,1,650,689
976,DO_R0488,R0488,P288,dropoff,H1,46.0533,4.0727,5,-1,660,705
977,PU_R0489,R0489,P288,pickup,H1,46.0533,4.0727,5,1,870,885
978,DO_R0489,R0489,P288,dropoff,HOME_P288,46.05650554096176,4.185631699863077,5,-1,870,925
979,PU_R0490,R0490,P289,pickup,HOME_P289,46.05786823877081,4.108176385942796,5,1,470,520
980,DO_R0490,R0490,P289,dropoff,H1,46.0533,4.0727,5,-1,480,525
981,PU_R0491,R0491,P289,pickup,H1,46.0533,4.0727,5,1,685,700
982,DO_R0491,R0491,P289,dropoff,HOME_P289,46.05786823877081,4.108176385942796,5,-1,685,740
983,PU_R0492,R0492,P290,pickup,HOME_P290,46.05308680645324,4.020249854650553,5,1,635,682
984,DO_R0492,R0492,P290,dropoff,H1,46.0533,4.0727,5,-1,645,690
985,PU_R0493,R0493,P290,pickup,H1,46.0533,4.0727,5,1,865,880
986,DO_R0493,R0493,P290,dropoff,HOME_P290,46.05308680645324,4.020249854650553,5,-1,865,920
987,PU_R0494,R0494,P291,pickup,HOME_P291,46.02328287662607,3.9530587359519416,5,1,1000,1048
988,DO_R0494,R0494,P291,dropoff,H2,46.0457,4.0688,5,-1,1020,1065
989,PU_R0495,R0495,P292,pickup,HOME_P292,45.996607471654656,4.030693847544483,5,1,480,522
990,DO_R0495,R0495,P292,dropoff,H1,46.0533,4.0727,5,-1,490,535
991,PU_R0496,R0496,P292,pickup,H1,46.0533,4.0727,5,1,775,790
992,DO_R0496,R0496,P292,dropoff,HOME_P292,45.996607471654656,4.030693847544483,5,-1,775,830
993,PU_R0497,R0497,P293,pickup,HOME_P293,46.030144055568286,4.162924295143945,5,1,730,771
994,DO_R0497,R0497,P293,dropoff,H2,46.0457,4.0688,5,-1,740,785
995,PU_R0498,R0498,P294,pickup,HOME_P294,46.040479854645724,4.098795178030169,5,1,435,485
996,DO_R0498,R0498,P294,dropoff,H2,46.0457,4.0688,5,-1,445,490
997,PU_R0499,R0499,P294,pickup,H2,46.0457,4.0688,5,1,770,785
998,DO_R0499,R0499,P294,dropoff,HOME_P294,46.040479854645724,4.098795178030169,5,-1,770,825
999,PU_R0500,R0500,P295,pickup,HOME_P295,46.05466679736229,3.9912613877345775,5,1,755,798
1000,DO_R0500,R0500,P295,dropoff,H1,46.0533,4.0727,5,-1,765,810
1001,PU_R0501,R0501,P296,pickup,HOME_P296,46.038206208942846,4.125225428434683,5,1,455,502
1002,DO_R0501,R0501,P296,dropoff,H3,46.05,4.07,5,-1,465,510
1003,PU_R0502,R0502,P296,pickup,H3,46.05,4.07,5,1,760,775
1004,DO_R0502,R0502,P296,dropoff,HOME_P296,46.038206208942846,4.125225428434683,5,-1,760,815
1005,PU_R0503,R0503,P297,pickup,HOME_P297,46.109859838311735,4.117295555316003,5,1,760,802
1006,DO_R0503,R0503,P297,dropoff,H1,46.0533,4.0727,5,-1,770,815
1007,PU_R0504,R0504,P298,pickup,HOME_P298,46.09626072058311,4.141253583983603,5,1,590,640
1008,DO_R0504,R0504,P298,dropoff,H2,46.0457,4.0688,5,-1,610,655
1009,PU_R0505,R0505,P298,pickup,H2,46.0457,4.0688,5,1,695,720
1010,DO_R0505,R0505,P298,dropoff,HOME_P298,46.09626072058311,4.141253583983603,5,-1,695,770
1011,PU_R0506,R0506,P299,pickup,HOME_P299,46.03317365209813,4.183898243180901,5,1,575,634
1012,DO_R0506,R0506,P299,dropoff,H1,46.0533,4.0727,5,-1,605,650
1013,PU_R0507,R0507,P300,pickup,HOME_P300,46.05936774857883,3.9419555798938104,5,1,495,542
1014,DO_R0507,R0507,P300,dropoff,H2,46.0457,4.0688,5,-1,515,560
1015,PU_R0508,R0508,P300,pickup,H2,46.0457,4.0688,5,1,590,615
1016,DO_R0508,R0508,P300,dropoff,HOME_P300,46.05936774857883,3.9419555798938104,5,-1,590,665
1017,PU_R0509,R0509,P301,pickup,HOME_P301,46.06400724410604,3.971513628166686,5,1,645,685
1018,DO_R0509,R0509,P301,dropoff,H1,46.0533,4.0727,5,-1,655,700
1019,PU_R0510,R0510,P301,pickup,H1,46.0533,4.0727,5,1,855,870
1020,DO_R0510,R0510,P301,dropoff,HOME_P301,46.06400724410604,3.971513628166686,5,-1,855,910
1021,PU_R0511,R0511,P302,pickup,HOME_P302,45.91252370080063,3.9589298738583207,5,1,682,737
1022,DO_R0511,R0511,P302,dropoff,H1,46.0533,4.0727,5,-1,725,770
1023,PU_R0512,R0512,P302,pickup,H1,46.0533,4.0727,5,1,795,830
1024,DO_R0512,R0512,P302,dropoff,HOME_P302,45.91252370080063,3.9589298738583207,5,-1,795,903
1025,PU_R0513,R0513,P303,pickup,HOME_P303,46.067995409286205,4.065213527558933,5,1,780,830
1026,DO_R0513,R0513,P303,dropoff,H1,46.0533,4.0727,5,-1,790,835
1027,PU_R0514,R0514,P304,pickup,HOME_P304,46.08870242583163,4.032846412583926,5,1,765,811
1028,DO_R0514,R0514,P304,dropoff,H1,46.0533,4.0727,5,-1,775,820
1029,PU_R0515,R0515,P305,pickup,HOME_P305,45.983858821325555,4.085444207673153,5,1,440,481
1030,DO_R0515,R0515,P305,dropoff,H3,46.05,4.07,5,-1,450,495
1031,PU_R0516,R0516,P305,pickup,H3,46.05,4.07,5,1,740,755
1032,DO_R0516,R0516,P305,dropoff,HOME_P305,45.983858821325555,4.085444207673153,5,-1,740,795
1033,PU_R0517,R0517,P306,pickup,HOME_P306,46.02171294061789,4.125232775059099,5,1,835,890
1034,DO_R0517,R0517,P306,dropoff,H2,46.0457,4.0688,5,-1,855,900
1035,PU_R0518,R0518,P306,pickup,H2,46.0457,4.0688,5,1,940,965
1036,DO_R0518,R0518,P306,dropoff,HOME_P306,46.02171294061789,4.125232775059099,5,-1,940,1015
1037,PU_R0519,R0519,P307,pickup,HOME_P307,46.113355503931416,4.097250872891039,5,1,845,897
1038,DO_R0519,R0519,P307,dropoff,H1,46.0533,4.0727,5,-1,865,910
1039,PU_R0520,R0520,P308,pickup,HOME_P308,46.02952083404703,4.032256186418125,5,1,520,579
1040,DO_R0520,R0520,P308,dropoff,H2,46.0457,4.0688,5,-1,540,585
1041,PU_R0521,R0521,P308,pickup,H2,46.0457,4.0688,5,1,620,645
1042,DO_R0521,R0521,P308,dropoff,HOME_P308,46.02952083404703,4.032256186418125,5,-1,620,695
1043,PU_R0522,R0522,P309,pickup,HOME_P309,45.978424617434094,4.142789127796664,5,1,645,692
1044,DO_R0522,R0522,P309,dropoff,H1,46.0533,4.0727,5,-1,665,710
1045,PU_R0523,R0523,P309,pickup,H1,46.0533,4.0727,5,1,830,855
1046,DO_R0523,R0523,P309,dropoff,HOME_P309,45.978424617434094,4.142789127796664,5,-1,830,905
1047,PU_R0524,R0524,P310,pickup,HOME_P310,45.973294638146854,4.160871971438957,5,1,490,535
1048,DO_R0524,R0524,P310,dropoff,H2,46.0457,4.0688,5,-1,510,555
1049,PU_R0525,R0525,P310,pickup,H2,46.0457,4.0688,5,1,595,620
1050,DO_R0525,R0525,P310,dropoff,HOME_P310,45.973294638146854,4.160871971438957,5,-1,595,670
1051,PU_R0526,R0526,P311,pickup,HOME_P311,46.06297660625729,4.084995165787474,5,1,585,645
1052,DO_R0526,R0526,P311,dropoff,H1,46.0533,4.0727,5,-1,605,650
1053,PU_R0527,R0527,P311,pickup,H1,46.0533,4.0727,5,1,725,750
1054,DO_R0527,R0527,P311,dropoff,HOME_P311,46.06297660625729,4.084995165787474,5,-1,725,800
1055,PU_R0528,R0528,P312,pickup,HOME_P312,46.00689140263553,3.961635854812135,5,1,660,697
1056,DO_R0528,R0528,P312,dropoff,H1,46.0533,4.0727,5,-1,670,715
1057,PU_R0529,R0529,P312,pickup,H1,46.0533,4.0727,5,1,885,900
1058,DO_R0529,R0529,P312,dropoff,HOME_P312,46.00689140263553,3.961635854812135,5,-1,885,940
1059,PU_R0530,R0530,P313,pickup,HOME_P313,46.1062654169291,4.085210347117619,5,1,425,467
1060,DO_R0530,R0530,P313,dropoff,H2,46.0457,4.0688,5,-1,435,480
1061,PU_R0531,R0531,P313,pickup,H2,46.0457,4.0688,5,1,750,765
1062,DO_R0531,R0531,P313,dropoff,HOME_P313,46.1062654169291,4.085210347117619,5,-1,750,805
1063,PU_R0532,R0532,P314,pickup,HOME_P314,46.102613840802135,4.061271018347364,5,1,810,863
1064,DO_R0532,R0532,P314,dropoff,H2,46.0457,4.0688,5,-1,830,875
1065,PU_R0533,R0533,P314,pickup,H2,46.0457,4.0688,5,1,910,935
1066,DO_R0533,R0533,P314,dropoff,HOME_P314,46.102613840802135,4.061271018347364,5,-1,910,985
1067,PU_R0534,R0534,P315,pickup,HOME_P315,46.067710705354656,3.9736586224192414,5,1,475,516
1068,DO_R0534,R0534,P315,dropoff,H2,46.0457,4.0688,5,-1,485,530
1069,PU_R0535,R0535,P315,pickup,H2,46.0457,4.0688,5,1,755,770
1070,DO_R0535,R0535,P315,dropoff,HOME_P315,46.067710705354656,3.9736586224192414,5,-1,755,810
1071,PU_R0536,R0536,P316,pickup,HOME_P316,46.02041255739903,3.9866016046292154,5,1,475,517
1072,DO_R0536,R0536,P316,dropoff,H2,46.0457,4.0688,5,-1,485,530
1073,PU_R0537,R0537,P316,pickup,H2,46.0457,4.0688,5,1,740,755
1074,DO_R0537,R0537,P316,dropoff,HOME_P316,46.02041255739903,3.9866016046292154,5,-1,740,795
1075,PU_R0538,R0538,P317,pickup,HOME_P317,46.07743370641039,4.012742660397887,5,1,580,635
1076,DO_R0538,R0538,P317,dropoff,H1,46.0533,4.0727,5,-1,600,645
1077,PU_R0539,R0539,P318,pickup,HOME_P318,45.94432192590671,4.242500550860051,5,1,542,598
1078,DO_R0539,R0539,P318,dropoff,H1,46.0533,4.0727,5,-1,585,630
1079,PU_R0540,R0540,P318,pickup,H1,46.0533,4.0727,5,1,655,690
1080,DO_R0540,R0540,P318,dropoff,HOME_P318,45.94432192590671,4.242500550860051,5,-1,655,763
1081,PU_R0541,R0541,P319,pickup,HOME_P319,46.06985975668972,4.2141781502381495,5,1,445,489
1082,DO_R0541,R0541,P319,dropoff,H2,46.0457,4.0688,5,-1,465,510
1083,PU_R0542,R0542,P319,pickup,H2,46.0457,4.0688,5,1,540,565
1084,DO_R0542,R0542,P319,dropoff,HOME_P319,46.06985975668972,4.2141781502381495,5,-1,540,615
1085,PU_R0543,R0543,P320,pickup,HOME_P320,46.02089776773913,3.9899789187000336,5,1,745,786
1086,DO_R0543,R0543,P320,dropoff,H1,46.0533,4.0727,5,-1,755,800
1087,PU_R0544,R0544,P321,pickup,HOME_P321,46.09433180968323,4.0110699033261925,5,1,460,503
1088,DO_R0544,R0544,P321,dropoff,H1,46.0533,4.0727,5,-1,470,515
1089,PU_R0545,R0545,P321,pickup,H1,46.0533,4.0727,5,1,755,770
1090,DO_R0545,R0545,P321,dropoff,HOME_P321,46.09433180968323,4.0110699033261925,5,-1,755,810
1091,PU_R0546,R0546,P322,pickup,HOME_P322,46.003212821316026,4.066823199009207,5,1,730,775
1092,DO_R0546,R0546,P322,dropoff,H3,46.05,4.07,5,-1,740,785
1093,PU_R0547,R0547,P323,pickup,HOME_P323,46.116379510246254,4.075145164529039,5,1,735,777
1094,DO_R0547,R0547,P323,dropoff,H1,46.0533,4.0727,5,-1,745,790
1095,PU_R0548,R0548,P324,pickup,HOME_P324,46.09920317545136,4.006455445153571,5,1,580,631
1096,DO_R0548,R0548,P324,dropoff,H2,46.0457,4.0688,5,-1,600,645
1097,PU_R0549,R0549,P324,pickup,H2,46.0457,4.0688,5,1,685,710
1098,DO_R0549,R0549,P324,dropoff,HOME_P324,46.09920317545136,4.006455445153571,5,-1,685,760
1099,PU_R0550,R0550,P325,pickup,HOME_P325,46.04672688720616,4.020759804368238,5,1,765,813
1100,DO_R0550,R0550,P325,dropoff,H2,46.0457,4.0688,5,-1,775,820
1101,PU_R0551,R0551,P326,pickup,HOME_P326,46.04891938348027,3.9477605498201402,5,1,820,867
1102,DO_R0551,R0551,P326,dropoff,H1,46.0533,4.0727,5,-1,840,885
1103,PU_R0552,R0552,P326,pickup,H1,46.0533,4.0727,5,1,980,1005
1104,DO_R0552,R0552,P326,dropoff,HOME_P326,46.04891938348027,3.9477605498201402,5,-1,980,1055
1105,PU_R0553,R0553,P327,pickup,HOME_P327,46.11607659528948,3.9563910526140518,5,1,785,829
1106,DO_R0553,R0553,P327,dropoff,H2,46.0457,4.0688,5,-1,805,850
1107,PU_R0554,R0554,P327,pickup,H2,46.0457,4.0688,5,1,890,915
1108,DO_R0554,R0554,P327,dropoff,HOME_P327,46.11607659528948,3.9563910526140518,5,-1,890,965
1109,PU_R0555,R0555,P328,pickup,HOME_P328,46.06937711775575,4.1263293938755865,5,1,745,791
1110,DO_R0555,R0555,P328,dropoff,H3,46.05,4.07,5,-1,755,800
1111,PU_R0556,R0556,P329,pickup,HOME_P329,46.010947611432954,4.151415558556886,5,1,965,1016
1112,DO_R0556,R0556,P329,dropoff,H1,46.0533,4.0727,5,-1,985,1030
1113,PU_R0557,R0557,P330,pickup,HOME_P330,45.98974941308209,4.0061991462740325,5,1,735,775
1114,DO_R0557,R0557,P330,dropoff,H2,46.0457,4.0688,5,-1,745,790
1115,PU_R0558,R0558,P331,pickup,HOME_P331,46.04277076087396,4.049995583047876,5,1,445,495
1116,DO_R0558,R0558,P331,dropoff,H1,46.0533,4.0727,5,-1,455,500
1117,PU_R0559,R0559,P331,pickup,H1,46.0533,4.0727,5,1,740,755
1118,DO_R0559,R0559,P331,dropoff,HOME_P331,46.04277076087396,4.049995583047876,5,-1,740,795
1119,PU_R0560,R0560,P332,pickup,HOME_P332,46.07144554543968,4.020193538160695,5,1,455,501
1120,DO_R0560,R0560,P332,dropoff,H1,46.0533,4.0727,5,-1,465,510
1121,PU_R0561,R0561,P332,pickup,H1,46.0533,4.0727,5,1,750,765
1122,DO_R0561,R0561,P332,dropoff,HOME_P332,46.07144554543968,4.020193538160695,5,-1,750,805
1123,PU_R0562,R0562,P333,pickup,HOME_P333,46.059526866841644,4.092110889413778,5,1,435,485
1124,DO_R0562,R0562,P333,dropoff,H3,46.05,4.07,5,-1,445,490
1125,PU_R0563,R0563,P333,pickup,H3,46.05,4.07,5,1,760,775
1126,DO_R0563,R0563,P333,dropoff,HOME_P333,46.059526866841644,4.092110889413778,5,-1,760,815
1127,PU_R0564,R0564,P334,pickup,HOME_P334,46.052102662665355,4.071814760057126,5,1,735,785
1128,DO_R0564,R0564,P334,dropoff,H1,46.0533,4.0727,5,-1,745,790
1129,PU_R0565,R0565,P335,pickup,HOME_P335,46.04420344589721,4.065904385085247,5,1,610,670
1130,DO_R0565,R0565,P335,dropoff,H1,46.0533,4.0727,5,-1,630,675
1131,PU_R0566,R0566,P336,pickup,HOME_P336,45.98995250858782,4.003239328434935,5,1,430,469
1132,DO_R0566,R0566,P336,dropoff,H1,46.0533,4.0727,5,-1,440,485
1133,PU_R0567,R0567,P336,pickup,H1,46.0533,4.0727,5,1,650,665
1134,DO_R0567,R0567,P336,dropoff,HOME_P336,45.98995250858782,4.003239328434935,5,-1,650,705
1135,PU_R0568,R0568,P337,pickup,HOME_P337,46.048548392160285,4.089266819546715,5,1,760,810
1136,DO_R0568,R0568,P337,dropoff,H2,46.0457,4.0688,5,-1,770,815
1137,PU_R0569,R0569,P338,pickup,HOME_P338,46.02826777506378,3.989144257950337,5,1,740,783
1138,DO_R0569,R0569,P338,dropoff,H3,46.05,4.07,5,-1,750,795
1139,PU_R0570,R0570,P339,pickup,HOME_P339,46.04352968935389,4.15261424633803,5,1,440,483
1140,DO_R0570,R0570,P339,dropoff,H3,46.05,4.07,5,-1,450,495
1141,PU_R0571,R0571,P339,pickup,H3,46.05,4.07,5,1,735,750
1142,DO_R0571,R0571,P339,dropoff,HOME_P339,46.04352968935389,4.15261424633803,5,-1,735,790
1143,PU_R0572,R0572,P340,pickup,HOME_P340,46.027669590985965,4.144150703946936,5,1,425,468
1144,DO_R0572,R0572,P340,dropoff,H3,46.05,4.07,5,-1,435,480
1145,PU_R0573,R0573,P340,pickup,H3,46.05,4.07,5,1,715,730
1146,DO_R0573,R0573,P340,dropoff,HOME_P340,46.027669590985965,4.144150703946936,5,-1,715,770
1147,PU_R0574,R0574,P341,pickup,HOME_P341,46.09081307361353,4.008049956823057,5,1,860,913
1148,DO_R0574,R0574,P341,dropoff,H1,46.0533,4.0727,5,-1,880,925
1149,PU_R0575,R0575,P342,pickup,HOME_P342,46.07899970369028,4.187067424859598,5,1,590,638
1150,DO_R0575,R0575,P342,dropoff,H1,46.0533,4.0727,5,-1,610,655
1151,PU_R0576,R0576,P342,pickup,H1,46.0533,4.0727,5,1,715,740
1152,DO_R0576,R0576,P342,dropoff,HOME_P342,46.07899970369028,4.187067424859598,5,-1,715,790
1153,PU_R0577,R0577,P343,pickup,HOME_P343,46.06971136036992,4.19250742573073,5,1,435,473
1154,DO_R0577,R0577,P343,dropoff,H1,46.0533,4.0727,5,-1,445,490
1155,PU_R0578,R0578,P343,pickup,H1,46.0533,4.0727,5,1,655,670
1156,DO_R0578,R0578,P343,dropoff,HOME_P343,46.06971136036992,4.19250742573073,5,-1,655,710
1157,PU_R0579,R0579,P344,pickup,HOME_P344,46.0556536954827,4.0190001751844635,5,1,520,577
1158,DO_R0579,R0579,P344,dropoff,H2,46.0457,4.0688,5,-1,540,585
1159,PU_R0580,R0580,P344,pickup,H2,46.0457,4.0688,5,1,625,650
1160,DO_R0580,R0580,P344,dropoff,HOME_P344,46.0556536954827,4.0190001751844635,5,-1,625,700
1161,PU_R0581,R0581,P345,pickup,HOME_P345,46.05268963545382,4.038654943055549,5,1,730,780
1162,DO_R0581,R0581,P345,dropoff,H3,46.05,4.07,5,-1,740,785
1163,PU_R0582,R0582,P346,pickup,HOME_P346,46.00518136507736,3.8969820907420716,5,1,763,813
1164,DO_R0582,R0582,P346,dropoff,H1,46.0533,4.0727,5,-1,795,840
1165,PU_R0583,R0583,P346,pickup,H1,46.0533,4.0727,5,1,860,895
1166,DO_R0583,R0583,P346,dropoff,HOME_P346,46.00518136507736,3.8969820907420716,5,-1,860,957
1167,PU_R0584,R0584,P347,pickup,HOME_P347,46.019898493616694,3.9560116935726506,5,1,475,512
1168,DO_R0584,R0584,P347,dropoff,H1,46.0533,4.0727,5,-1,485,530
1169,PU_R0585,R0585,P347,pickup,H1,46.0533,4.0727,5,1,690,705
1170,DO_R0585,R0585,P347,dropoff,HOME_P347,46.019898493616694,3.9560116935726506,5,-1,690,745
1171,PU_R0586,R0586,P348,pickup,HOME_P348,46.084428136475815,4.0886391820555135,5,1,470,518
1172,DO_R0586,R0586,P348,dropoff,H1,46.0533,4.0727,5,-1,480,525
1173,PU_R0587,R0587,P348,pickup,H1,46.0533,4.0727,5,1,765,780
1174,DO_R0587,R0587,P348,dropoff,HOME_P348,46.084428136475815,4.0886391820555135,5,-1,765,820
1175,PU_R0588,R0588,P349,pickup,HOME_P349,46.02769887351522,4.094956529057613,5,1,480,529
1176,DO_R0588,R0588,P349,dropoff,H1,46.0533,4.0727,5,-1,490,535
1177,PU_R0589,R0589,P349,pickup,H1,46.0533,4.0727,5,1,775,790
1178,DO_R0589,R0589,P349,dropoff,HOME_P349,46.02769887351522,4.094956529057613,5,-1,775,830
1179,PU_R0590,R0590,P350,pickup,HOME_P350,46.09330889669459,4.099252381537033,5,1,465,511
1180,DO_R0590,R0590,P350,dropoff,H1,46.0533,4.0727,5,-1,475,520
1181,PU_R0591,R0591,P350,pickup,H1,46.0533,4.0727,5,1,760,775
1182,DO_R0591,R0591,P350,dropoff,HOME_P350,46.09330889669459,4.099252381537033,5,-1,760,815
1183,PU_R0592,R0592,P351,pickup,HOME_P351,45.99739976871323,4.0486123716880345,5,1,575,628
1184,DO_R0592,R0592,P351,dropoff,H1,46.0533,4.0727,5,-1,595,640
1185,PU_R0593,R0593,P352,pickup,HOME_P352,46.05227641267825,4.095680648893785,5,1,725,775
1186,DO_R0593,R0593,P352,dropoff,H3,46.05,4.07,5,-1,735,780
1187,PU_R0594,R0594,P352,pickup,H3,46.05,4.07,5,1,990,1005
1188,DO_R0594,R0594,P352,dropoff,HOME_P352,46.05227641267825,4.095680648893785,5,-1,990,1045
1189,PU_R0595,R0595,P353,pickup,HOME_P353,46.072043257909336,4.102380055691308,5,1,660,709
1190,DO_R0595,R0595,P353,dropoff,H1,46.0533,4.0727,5,-1,670,715
1191,PU_R0596,R0596,P353,pickup,H1,46.0533,4.0727,5,1,875,890
1192,DO_R0596,R0596,P353,dropoff,HOME_P353,46.072043257909336,4.102380055691308,5,-1,875,930
1193,PU_R0597,R0597,P354,pickup,HOME_P354,45.996451503093645,3.9834183186867,5,1,520,568
1194,DO_R0597,R0597,P354,dropoff,H1,46.0533,4.0727,5,-1,540,585
1195,PU_R0598,R0598,P354,pickup,H1,46.0533,4.0727,5,1,660,685
1196,DO_R0598,R0598,P354,dropoff,HOME_P354,45.996451503093645,3.9834183186867,5,-1,660,735
1197,PU_R0599,R0599,P355,pickup,HOME_P355,46.117696242079774,4.071904278352067,5,1,430,470
1198,DO_R0599,R0599,P355,dropoff,H2,46.0457,4.0688,5,-1,440,485
1199,PU_R0600,R0600,P355,pickup,H2,46.0457,4.0688,5,1,735,750
1200,DO_R0600,R0600,P355,dropoff,HOME_P355,46.117696242079774,4.071904278352067,5,-1,735,790
1201,PU_R0601,R0601,P356,pickup,HOME_P356,46.08945791332771,4.054252987201289,5,1,460,506
1202,DO_R0601,R0601,P356,dropoff,H2,46.0457,4.0688,5,-1,470,515
1203,PU_R0602,R0602,P356,pickup,H2,46.0457,4.0688,5,1,740,755
1204,DO_R0602,R0602,P356,dropoff,HOME_P356,46.08945791332771,4.054252987201289,5,-1,740,795
1205,PU_R0603,R0603,P357,pickup,HOME_P357,46.00636426889657,4.006978087161214,5,1,760,802
1206,DO_R0603,R0603,P357,dropoff,H1,46.0533,4.0727,5,-1,770,815
1207,PU_R0604,R0604,P358,pickup,HOME_P358,46.02830056841056,3.9416908502191395,5,1,520,566
1208,DO_R0604,R0604,P358,dropoff,H1,46.0533,4.0727,5,-1,540,585
1209,PU_R0605,R0605,P358,pickup,H1,46.0533,4.0727,5,1,675,700
1210,DO_R0605,R0605,P358,dropoff,HOME_P358,46.02830056841056,3.9416908502191395,5,-1,675,750
1211,PU_R0606,R0606,P359,pickup,HOME_P359,45.99150108558251,4.0118166252942045,5,1,435,476
1212,DO_R0606,R0606,P359,dropoff,H2,46.0457,4.0688,5,-1,445,490
1213,PU_R0607,R0607,P359,pickup,H2,46.0457,4.0688,5,1,690,705
1214,DO_R0607,R0607,P359,dropoff,HOME_P359,45.99150108558251,4.0118166252942045,5,-1,690,745
1215,PU_R0608,R0608,P360,pickup,HOME_P360,46.01239312537057,4.033872707113525,5,1,610,666
1216,DO_R0608,R0608,P360,dropoff,H2,46.0457,4.0688,5,-1,630,675
1217,PU_R0609,R0609,P360,pickup,H2,46.0457,4.0688,5,1,705,730
1218,DO_R0609,R0609,P360,dropoff,HOME_P360,46.01239312537057,4.033872707113525,5,-1,705,780
1219,PU_R0610,R0610,P361,pickup,HOME_P361,45.9728343819254,4.064234558854729,5,1,460,508
1220,DO_R0610,R0610,P361,dropoff,H1,46.0533,4.0727,5,-1,480,525
1221,PU_R0611,R0611,P361,pickup,H1,46.0533,4.0727,5,1,595,620
1222,DO_R0611,R0611,P361,dropoff,HOME_P361,45.9728343819254,4.064234558854729,5,-1,595,670
1223,PU_R0612,R0612,P362,pickup,HOME_P362,46.016142695609865,4.031991335473153,5,1,765,811
1224,DO_R0612,R0612,P362,dropoff,H3,46.05,4.07,5,-1,775,820
1225,PU_R0613,R0613,P363,pickup,HOME_P363,46.034969725695056,4.194320619241762,5,1,805,852
1226,DO_R0613,R0613,P363,dropoff,H2,46.0457,4.0688,5,-1,825,870
1227,PU_R0614,R0614,P363,pickup,H2,46.0457,4.0688,5,1,905,930
1228,DO_R0614,R0614,P363,dropoff,HOME_P363,46.034969725695056,4.194320619241762,5,-1,905,980
1229,PU_R0615,R0615,P364,pickup,HOME_P364,46.07121223904869,4.122605072690438,5,1,445,492
1230,DO_R0615,R0615,P364,dropoff,H1,46.0533,4.0727,5,-1,455,500
1231,PU_R0616,R0616,P364,pickup,H1,46.0533,4.0727,5,1,670,685
1232,DO_R0616,R0616,P364,dropoff,HOME_P364,46.07121223904869,4.122605072690438,5,-1,670,725
1233,PU_R0617,R0617,P365,pickup,HOME_P365,46.068452200235036,4.13989912514671,5,1,775,819
1234,DO_R0617,R0617,P365,dropoff,H2,46.0457,4.0688,5,-1,785,830
1235,PU_R0618,R0618,P365,pickup,H2,46.0457,4.0688,5,1,1020,1035
1236,DO_R0618,R0618,P365,dropoff,HOME_P365,46.068452200235036,4.13989912514671,5,-1,1020,1075
1237,PU_R0619,R0619,P366,pickup,HOME_P366,46.06881128748191,3.9890293187514345,5,1,550,613
1238,DO_R0619,R0619,P366,dropoff,H1,46.0533,4.0727,5,-1,580,625
1239,PU_R0620,R0620,P366,pickup,H1,46.0533,4.0727,5,1,650,685
1240,DO_R0620,R0620,P366,dropoff,HOME_P366,46.06881128748191,3.9890293187514345,5,-1,650,745
1241,PU_R0621,R0621,P367,pickup,HOME_P367,46.030485345250696,4.129093463935922,5,1,450,496
1242,DO_R0621,R0621,P367,dropoff,H2,46.0457,4.0688,5,-1,460,505
1243,PU_R0622,R0622,P367,pickup,H2,46.0457,4.0688,5,1,735,750
1244,DO_R0622,R0622,P367,dropoff,HOME_P367,46.030485345250696,4.129093463935922,5,-1,735,790
1245,PU_R0623,R0623,P368,pickup,HOME_P368,46.01873177061793,4.048515978761703,5,1,590,647
1246,DO_R0623,R0623,P368,dropoff,H1,46.0533,4.0727,5,-1,610,655
1247,PU_R0624,R0624,P368,pickup,H1,46.0533,4.0727,5,1,760,785
1248,DO_R0624,R0624,P368,dropoff,HOME_P368,46.01873177061793,4.048515978761703,5,-1,760,835
1249,PU_R0625,R0625,P369,pickup,HOME_P369,46.07147711317638,4.117271054584966,5,1,480,527
1250,DO_R0625,R0625,P369,dropoff,H1,46.0533,4.0727,5,-1,490,535
1251,PU_R0626,R0626,P369,pickup,H1,46.0533,4.0727,5,1,705,720
1252,DO_R0626,R0626,P369,dropoff,HOME_P369,46.07147711317638,4.117271054584966,5,-1,705,760
1253,PU_R0627,R0627,P370,pickup,HOME_P370,46.03933581114048,4.1357471370200445,5,1,480,525
1254,DO_R0627,R0627,P370,dropoff,H2,46.0457,4.0688,5,-1,490,535
1255,PU_R0628,R0628,P370,pickup,H2,46.0457,4.0688,5,1,780,795
1256,DO_R0628,R0628,P370,dropoff,HOME_P370,46.03933581114048,4.1357471370200445,5,-1,780,835
1257,PU_R0629,R0629,P371,pickup,HOME_P371,46.072117773042635,4.062265932844635,5,1,465,515
1258,DO_R0629,R0629,P371,dropoff,H1,46.0533,4.0727,5,-1,475,520
1259,PU_R0630,R0630,P371,pickup,H1,46.0533,4.0727,5,1,700,715
1260,DO_R0630,R0630,P371,dropoff,HOME_P371,46.072117773042635,4.062265932844635,5,-1,700,755
1261,PU_R0631,R0631,P372,pickup,HOME_P372,46.12512617626131,4.0648571253067125,5,1,1010,1050
1262,DO_R0631,R0631,P372,dropoff,H1,46.0533,4.0727,5,-1,1020,1065
1263,PU_R0632,R0632,P373,pickup,HOME_P373,46.14586545628812,4.033334475138826,5,1,850,895
1264,DO_R0632,R0632,P373,dropoff,H1,46.0533,4.0727,5,-1,870,915
1265,PU_R0633,R0633,P373,pickup,H1,46.0533,4.0727,5,1,1000,1025
1266,DO_R0633,R0633,P373,dropoff,HOME_P373,46.14586545628812,4.033334475138826,5,-1,1000,1075
1267,PU_R0634,R0634,P374,pickup,HOME_P374,46.07078803955404,4.032893666421961,5,1,465,513
1268,DO_R0634,R0634,P374,dropoff,H1,46.0533,4.0727,5,-1,475,520
1269,PU_R0635,R0635,P374,pickup,H1,46.0533,4.0727,5,1,760,775
1270,DO_R0635,R0635,P374,dropoff,HOME_P374,46.07078803955404,4.032893666421961,5,-1,760,815
1271,PU_R0636,R0636,P375,pickup,HOME_P375,46.116146315807164,4.176496859886833,5,1,470,516
1272,DO_R0636,R0636,P375,dropoff,H1,46.0533,4.0727,5,-1,490,535
1273,PU_R0637,R0637,P375,pickup,H1,46.0533,4.0727,5,1,635,660
1274,DO_R0637,R0637,P375,dropoff,HOME_P375,46.116146315807164,4.176496859886833,5,-1,635,710
1275,PU_R0638,R0638,P376,pickup,HOME_P376,46.03500241109251,4.118010146796374,5,1,480,527
1276,DO_R0638,R0638,P376,dropoff,H3,46.05,4.07,5,-1,490,535
1277,PU_R0639,R0639,P376,pickup,H3,46.05,4.07,5,1,755,770
1278,DO_R0639,R0639,P376,dropoff,HOME_P376,46.03500241109251,4.118010146796374,5,-1,755,810
1279,PU_R0640,R0640,P377,pickup,HOME_P377,46.05090534109352,4.05634651804824,5,1,775,825
1280,DO_R0640,R0640,P377,dropoff,H1,46.0533,4.0727,5,-1,785,830
1281,PU_R0641,R0641,P378,pickup,HOME_P378,46.06726977559951,4.17013892311915,5,1,465,506
1282,DO_R0641,R0641,P378,dropoff,H1,46.0533,4.0727,5,-1,475,520
1283,PU_R0642,R0642,P378,pickup,H1,46.0533,4.0727,5,1,760,775
1284,DO_R0642,R0642,P378,dropoff,HOME_P378,46.06726977559951,4.17013892311915,5,-1,760,815
1285,PU_R0643,R0643,P379,pickup,HOME_P379,46.03093421998994,3.9976717346522657,5,1,430,473
1286,DO_R0643,R0643,P379,dropoff,H1,46.0533,4.0727,5,-1,440,485
1287,PU_R0644,R0644,P379,pickup,H1,46.0533,4.0727,5,1,725,740
1288,DO_R0644,R0644,P379,dropoff,HOME_P379,46.03093421998994,3.9976717346522657,5,-1,725,780
1289,PU_R0645,R0645,P380,pickup,HOME_P380,46.08770305644057,4.04700620475214,5,1,455,501
1290,DO_R0645,R0645,P380,dropoff,H2,46.0457,4.0688,5,-1,465,510
1291,PU_R0646,R0646,P380,pickup,H2,46.0457,4.0688,5,1,725,740
1292,DO_R0646,R0646,P380,dropoff,HOME_P380,46.08770305644057,4.04700620475214,5,-1,725,780
1293,PU_R0647,R0647,P381,pickup,HOME_P381,46.067753114782896,4.042111705467102,5,1,480,529
1294,DO_R0647,R0647,P381,dropoff,H1,46.0533,4.0727,5,-1,490,535
1295,PU_R0648,R0648,P381,pickup,H1,46.0533,4.0727,5,1,775,790
1296,DO_R0648,R0648,P381,dropoff,HOME_P381,46.067753114782896,4.042111705467102,5,-1,775,830
1297,PU_R0649,R0649,P382,pickup,HOME_P382,46.022029810066655,4.108484766965961,5,1,950,1007
1298,DO_R0649,R0649,P382,dropoff,H2,46.0457,4.0688,5,-1,970,1015
1299,PU_R0650,R0650,P383,pickup,HOME_P383,46.00912126624095,4.212804739195436,5,1,510,553
1300,DO_R0650,R0650,P383,dropoff,H2,46.0457,4.0688,5,-1,530,575
1301,PU_R0651,R0651,P383,pickup,H2,46.0457,4.0688,5,1,615,640
1302,DO_R0651,R0651,P383,dropoff,HOME_P383,46.00912126624095,4.212804739195436,5,-1,615,690
1303,PU_R0652,R0652,P384,pickup,HOME_P384,45.98613665781135,4.066337488540488,5,1,605,646
1304,DO_R0652,R0652,P384,dropoff,H1,46.0533,4.0727,5,-1,615,660
1305,PU_R0653,R0653,P384,pickup,H1,46.0533,4.0727,5,1,835,850
1306,DO_R0653,R0653,P384,dropoff,HOME_P384,45.98613665781135,4.066337488540488,5,-1,835,890
1307,PU_R0654,R0654,P385,pickup,HOME_P385,46.09979526090861,4.098973000037829,5,1,745,790
1308,DO_R0654,R0654,P385,dropoff,H1,46.0533,4.0727,5,-1,755,800
1309,PU_R0655,R0655,P386,pickup,HOME_P386,46.01242634332328,4.102891735107679,5,1,750,796
1310,DO_R0655,R0655,P386,dropoff,H3,46.05,4.07,5,-1,760,805
1311,PU_R0656,R0656,P387,pickup,HOME_P387,46.069926451722765,4.068638017031265,5,1,435,485
1312,DO_R0656,R0656,P387,dropoff,H1,46.0533,4.0727,5,-1,445,490
1313,PU_R0657,R0657,P387,pickup,H1,46.0533,4.0727,5,1,640,655
1314,DO_R0657,R0657,P387,dropoff,HOME_P387,46.069926451722765,4.068638017031265,5,-1,640,695
1315,PU_R0658,R0658,P388,pickup,HOME_P388,46.04841125900024,4.131519735504843,5,1,610,666
1316,DO_R0658,R0658,P388,dropoff,H2,46.0457,4.0688,5,-1,630,675
1317,PU_R0659,R0659,P388,pickup,H2,46.0457,4.0688,5,1,715,740
1318,DO_R0659,R0659,P388,dropoff,HOME_P388,46.04841125900024,4.131519735504843,5,-1,715,790
1319,PU_R0660,R0660,P389,pickup,HOME_P389,45.9915479946848,4.092398963656316,5,1,440,482
1320,DO_R0660,R0660,P389,dropoff,H1,46.0533,4.0727,5,-1,450,495
1321,PU_R0661,R0661,P389,pickup,H1,46.0533,4.0727,5,1,735,750
1322,DO_R0661,R0661,P389,dropoff,HOME_P389,45.9915479946848,4.092398963656316,5,-1,735,790
1323,PU_R0662,R0662,P390,pickup,HOME_P390,45.998965051090494,3.938543570915032,5,1,515,558
1324,DO_R0662,R0662,P390,dropoff,H1,46.0533,4.0727,5,-1,535,580
1325,PU_R0663,R0663,P390,pickup,H1,46.0533,4.0727,5,1,695,720
1326,DO_R0663,R0663,P390,dropoff,HOME_P390,45.998965051090494,3.938543570915032,5,-1,695,770
1327,PU_R0664,R0664,P391,pickup,HOME_P391,46.06737835015635,3.990767805992173,5,1,460,503
1328,DO_R0664,R0664,P391,dropoff,H2,46.0457,4.0688,5,-1,470,515
1329,PU_R0665,R0665,P391,pickup,H2,46.0457,4.0688,5,1,740,755
1330,DO_R0665,R0665,P391,dropoff,HOME_P391,46.06737835015635,3.990767805992173,5,-1,740,795
1331,PU_R0666,R0666,P392,pickup,HOME_P392,46.017703243379884,4.005586426975666,5,1,780,824
1332,DO_R0666,R0666,P392,dropoff,H2,46.0457,4.0688,5,-1,790,835
1333,PU_R0667,R0667,P393,pickup,HOME_P393,46.07685137258589,4.087055951663866,5,1,425,474
1334,DO_R0667,R0667,P393,dropoff,H1,46.0533,4.0727,5,-1,435,480
1335,PU_R0668,R0668,P393,pickup,H1,46.0533,4.0727,5,1,720,735
1336,DO_R0668,R0668,P393,dropoff,HOME_P393,46.07685137258589,4.087055951663866,5,-1,720,775
1337,PU_R0669,R0669,P394,pickup,HOME_P394,45.95314716771581,4.082047797437999,5,1,530,575
1338,DO_R0669,R0669,P394,dropoff,H1,46.0533,4.0727,5,-1,550,595
1339,PU_R0670,R0670,P395,pickup,HOME_P395,46.07479643765133,4.100311822465614,5,1,730,777
1340,DO_R0670,R0670,P395,dropoff,H2,46.0457,4.0688,5,-1,740,785
1341,PU_R0671,R0671,P395,pickup,H2,46.0457,4.0688,5,1,1000,1015
1342,DO_R0671,R0671,P395,dropoff,HOME_P395,46.07479643765133,4.100311822465614,5,-1,1000,1055
1343,PU_R0672,R0672,P396,pickup,HOME_P396,45.982527748702,4.068653956804197,5,1,820,860
1344,DO_R0672,R0672,P396,dropoff,H1,46.0533,4.0727,5,-1,830,875
1345,PU_R0673,R0673,P397,pickup,HOME_P397,46.093714929340614,4.161566806976237,5,1,490,539
1346,DO_R0673,R0673,P397,dropoff,H2,46.0457,4.0688,5,-1,510,555
1347,PU_R0674,R0674,P397,pickup,H2,46.0457,4.0688,5,1,590,615
1348,DO_R0674,R0674,P397,dropoff,HOME_P397,46.093714929340614,4.161566806976237,5,-1,590,665
1349,PU_R0675,R0675,P398,pickup,HOME_P398,46.00574083371613,4.035806147373683,5,1,830,884
1350,DO_R0675,R0675,P398,dropoff,H1,46.0533,4.0727,5,-1,850,895
1351,PU_R0676,R0676,P398,pickup,H1,46.0533,4.0727,5,1,955,980
1352,DO_R0676,R0676,P398,dropoff,HOME_P398,46.00574083371613,4.035806147373683,5,-1,955,1030
1353,PU_R0677,R0677,P399,pickup,HOME_P399,46.02788804556145,4.089617601975386,5,1,475,534
1354,DO_R0677,R0677,P399,dropoff,H1,46.0533,4.0727,5,-1,495,540
1355,PU_R0678,R0678,P399,pickup,H1,46.0533,4.0727,5,1,615,640
1356,DO_R0678,R0678,P399,dropoff,HOME_P399,46.02788804556145,4.089617601975386,5,-1,615,690
1357,PU_R0679,R0679,P400,pickup,HOME_P400,46.03889913722367,4.128846214684291,5,1,835,891
1358,DO_R0679,R0679,P400,dropoff,H2,46.0457,4.0688,5,-1,855,900
1359,PU_R0680,R0680,P400,pickup,H2,46.0457,4.0688,5,1,935,960
1360,DO_R0680,R0680,P400,dropoff,HOME_P400,46.03889913722367,4.128846214684291,5,-1,935,1010
