model_node_id,model_node_label,request_id,patient_id,node_role,physical_point_id,lat,lon,service_time_min,q_i,time_window_start_min,time_window_end_min
1,PU_R0001,R0001,P1,pickup,HOME_P1,46.083121189343984,4.206491444961558,5,1,940,985
2,DO_R0001,R0001,P1,dropoff,H1,46.0533,4.0727,5,-1,960,1005
3,PU_R0002,R0002,P2,pickup,HOME_P2,46.08502806252943,4.015369281594777,5,1,645,699
4,DO_R0002,R0002,P2,dropoff,H2,46.0457,4.0688,5,-1,665,710
5,PU_R0003,R0003,P2,pickup,H2,46.0457,4.0688,5,1,735,760
6,DO_R0003,R0003,P2,dropoff,HOME_P2,46.08502806252943,4.015369281594777,5,-1,735,810
7,PU_R0004,R0004,P3,pickup,HOME_P3,46.044617654684444,4.167782852351015,5,1,450,491
8,DO_R0004,R0004,P3,dropoff,H1,46.0533,4.0727,5,-1,460,505
9,PU_R0005,R0005,P3,pickup,H1,46.0533,4.0727,5,1,745,760
10,DO_R0005,R0005,P3,dropoff,HOME_P3,46.044617654684444,4.167782852351015,5,-1,745,800
11,PU_R0006,R0006,P4,pickup,HOME_P4,46.139158488710045,4.056853690415643,5,1,820,867
12,DO_R0006,R0006,P4,dropoff,H1,46.0533,4.0727,5,-1,840,885
13,PU_R0007,R0007,P4,pickup,H1,46.0533,4.0727,5,1,990,1015
14,DO_R0007,R0007,P4,dropoff,HOME_P4,46.139158488710045,4.056853690415643,5,-1,990,1065
15,PU_R0008,R0008,P5,pickup,HOME_P5,46.08360716393141,4.093950116432557,5,1,740,786
16,DO_R0008,R0008,P5,dropoff,H2,46.0457,4.0688,5,-1,750,795
17,PU_R0009,R0009,P6,pickup,HOME_P6,46.00270941056301,4.0805149739775155,5,1,780,826
18,DO_R0009,R0009,P6,dropoff,H2,46.0457,4.0688,5,-1,790,835
19,PU_R0010,R0010,P7,pickup,HOME_P7,45.949504642935196,4.0945229989307075,5,1,970,1015
20,DO_R0010,R0010,P7,dropoff,H2,46.0457,4.0688,5,-1,990,1035
21,PU_R0011,R0011,P8,pickup,HOME_P8,46.07507810890467,4.063179527949609,5,1,445,495
22,DO_R0011,R0011,P8,dropoff,H1,46.0533,4.0727,5,-1,455,500
23,PU_R0012,R0012,P8,pickup,H1,46.0533,4.0727,5,1,740,755
24,DO_R0012,R0012,P8,dropoff,HOME_P8,46.07507810890467,4.063179527949609,5,-1,740,795
25,PU_R0013,R0013,P9,pickup,HOME_P9,46.03291489441849,4.222850977662138,5,1,530,573
26,DO_R0013,R0013,P9,dropoff,H2,46.0457,4.0688,5,-1,550,595
27,PU_R0014,R0014,P9,pickup,H2,46.0457,4.0688,5,1,625,650
28,DO_R0014,R0014,P9,dropoff,HOME_P9,46.03291489441849,4.222850977662138,5,-1,625,700
29,PU_R0015,R0015,P10,pickup,HOME_P10,46.140875582699906,3.9977421660853105,5,1,460,503
30,DO_R0015,R0015,P10,dropoff,H2,46.0457,4.0688,5,-1,480,525
31,PU_R0016,R0016,P10,pickup,H2,46.0457,4.0688,5,1,560,585
32,DO_R0016,R0016,P10,dropoff,HOME_P10,46.140875582699906,3.9977421660853105,5,-1,560,635
33,PU_R0017,R0017,P11,pickup,HOME_P11,46.03311720043059,4.12287160979671,5,1,435,482
34,DO_R0017,R0017,P11,dropoff,H2,46.0457,4.0688,5,-1,445,490
35,PU_R0018,R0018,P11,pickup,H2,46.0457,4.0688,5,1,605,620
36,DO_R0018,R0018,P11,dropoff,HOME_P11,46.03311720043059,4.12287160979671,5,-1,605,660
37,PU_R0019,R0019,P12,pickup,HOME_P12,46.0700883988093,4.143241843444363,5,1,425,468
38,DO_R0019,R0019,P12,dropoff,H2,46.0457,4.0688,5,-1,435,480
39,PU_R0020,R0020,P12,pickup,H2,46.0457,4.0688,5,1,575,590
40,DO_R0020,R0020,P12,dropoff,HOME_P12,46.0700883988093,4.143241843444363,5,-1,575,630
41,PU_R0021,R0021,P13,pickup,HOME_P13,46.05606718979469,4.156093933400023,5,1,430,473
42,DO_R0021,R0021,P13,dropoff,H1,46.0533,4.0727,5,-1,440,485
43,PU_R0022,R0022,P13,pickup,H1,46.0533,4.0727,5,1,725,740
44,DO_R0022,R0022,P13,dropoff,HOME_P13,46.05606718979469,4.156093933400023,5,-1,725,780
45,PU_R0023,R0023,P14,pickup,HOME_P14,46.03195788506561,4.050778028496098,5,1,435,485
46,DO_R0023,R0023,P14,dropoff,H2,46.0457,4.0688,5,-1,445,490
47,PU_R0024,R0024,P14,pickup,H2,46.0457,4.0688,5,1,710,725
48,DO_R0024,R0024,P14,dropoff,HOME_P14,46.03195788506561,4.050778028496098,5,-1,710,765
49,PU_R0025,R0025,P15,pickup,HOME_P15,46.06092183863166,3.943051557985857,5,1,615,662
50,DO_R0025,R0025,P15,dropoff,H1,46.0533,4.0727,5,-1,635,680
51,PU_R0026,R0026,P15,pickup,H1,46.0533,4.0727,5,1,790,815
52,DO_R0026,R0026,P15,dropoff,HOME_P15,46.06092183863166,3.943051557985857,5,-1,790,865
53,PU_R0027,R0027,P16,pickup,HOME_P16,46.00668739383136,4.087382438677877,5,1,775,821
54,DO_R0027,R0027,P16,dropoff,H3,46.05,4.07,5,-1,785,830
55,PU_R0028,R0028,P17,pickup,HOME_P17,46.051942413261365,4.005208810426336,5,1,605,650
56,DO_R0028,R0028,P17,dropoff,H1,46.0533,4.0727,5,-1,615,660
57,PU_R0029,R0029,P17,pickup,H1,46.0533,4.0727,5,1,835,850
58,DO_R0029,R0029,P17,dropoff,HOME_P17,46.051942413261365,4.005208810426336,5,-1,835,890
59,PU_R0030,R0030,P18,pickup,HOME_P18,46.005590235961115,3.9985652981138147,5,1,430,472
60,DO_R0030,R0030,P18,dropoff,H2,46.0457,4.0688,5,-1,440,485
61,PU_R0031,R0031,P18,pickup,H2,46.0457,4.0688,5,1,845,860
62,DO_R0031,R0031,P18,dropoff,HOME_P18,46.005590235961115,3.9985652981138147,5,-1,845,900
63,PU_R0032,R0032,P19,pickup,HOME_P19,46.11072924827292,4.057940587675722,5,1,755,798
64,DO_R0032,R0032,P19,dropoff,H1,46.0533,4.0727,5,-1,765,810
65,PU_R0033,R0033,P20,pickup,HOME_P20,46.06872794866569,4.158695638397737,5,1,1000,1041
66,DO_R0033,R0033,P20,dropoff,H2,46.0457,4.0688,5,-1,1010,1055
67,PU_R0034,R0034,P21,pickup,HOME_P21,46.001914074929125,4.0421497625667415,5,1,425,468
68,DO_R0034,R0034,P21,dropoff,H1,46.0533,4.0727,5,-1,435,480
69,PU_R0035,R0035,P21,pickup,H1,46.0533,4.0727,5,1,720,735
70,DO_R0035,R0035,P21,dropoff,HOME_P21,46.001914074929125,4.0421497625667415,5,-1,720,775
71,PU_R0036,R0036,P22,pickup,HOME_P22,46.08147411098502,4.192285365021521,5,1,645,692
72,DO_R0036,R0036,P22,dropoff,H1,46.0533,4.0727,5,-1,665,710
73,PU_R0037,R0037,P22,pickup,H1,46.0533,4.0727,5,1,815,840
74,DO_R0037,R0037,P22,dropoff,HOME_P22,46.08147411098502,4.192285365021521,5,-1,815,890
75,PU_R0038,R0038,P23,pickup,HOME_P23,45.99131687425441,3.965383172801938,5,1,565,610
76,DO_R0038,R0038,P23,dropoff,H1,46.0533,4.0727,5,-1,585,630
77,PU_R0039,R0039,P23,pickup,H1,46.0533,4.0727,5,1,720,745
78,DO_R0039,R0039,P23,dropoff,HOME_P23,45.99131687425441,3.965383172801938,5,-1,720,795
79,PU_R0040,R0040,P24,pickup,HOME_P24,46.105482022543555,3.9204669487211468,5,1,440,491
80,DO_R0040,R0040,P24,dropoff,H1,46.0533,4.0727,5,-1,470,515
81,PU_R0041,R0041,P24,pickup,H1,46.0533,4.0727,5,1,545,580
82,DO_R0041,R0041,P24,dropoff,HOME_P24,46.105482022543555,3.9204669487211468,5,-1,545,640
83,PU_R0042,R0042,P25,pickup,HOME_P25,45.98494112569212,4.0953029243470676,5,1,475,517
84,DO_R0042,R0042,P25,dropoff,H2,46.0457,4.0688,5,-1,485,530
85,PU_R0043,R0043,P25,pickup,H2,46.0457,4.0688,5,1,785,800
86,DO_R0043,R0043,P25,dropoff,HOME_P25,45.98494112569212,4.0953029243470676,5,-1,785,840
87,PU_R0044,R0044,P26,pickup,HOME_P26,46.04235021411893,3.9845839928139317,5,1,510,562
88,DO_R0044,R0044,P26,dropoff,H1,46.0533,4.0727,5,-1,530,575
89,PU_R0045,R0045,P26,pickup,H1,46.0533,4.0727,5,1,670,695
90,DO_R0045,R0045,P26,dropoff,HOME_P26,46.04235021411893,3.9845839928139317,5,-1,670,745
91,PU_R0046,R0046,P27,pickup,HOME_P27,46.14090281690359,4.01263539217278,5,1,625,670
92,DO_R0046,R0046,P27,dropoff,H1,46.0533,4.0727,5,-1,645,690
93,PU_R0047,R0047,P27,pickup,H1,46.0533,4.0727,5,1,805,830
94,DO_R0047,R0047,P27,dropoff,HOME_P27,46.14090281690359,4.01263539217278,5,-1,805,880
95,PU_R0048,R0048,P28,pickup,HOME_P28,46.12510468851296,4.102926325000325,5,1,440,480
96,DO_R0048,R0048,P28,dropoff,H1,46.0533,4.0727,5,-1,450,495
97,PU_R0049,R0049,P28,pickup,H1,46.0533,4.0727,5,1,665,680
98,DO_R0049,R0049,P28,dropoff,HOME_P28,46.12510468851296,4.102926325000325,5,-1,665,720
99,PU_R0050,R0050,P29,pickup,HOME_P29,46.05864859161667,4.067949227327018,5,1,430,480
100,DO_R0050,R0050,P29,dropoff,H1,46.0533,4.0727,5,-1,440,485
101,PU_R0051,R0051,P29,pickup,H1,46.0533,4.0727,5,1,725,740
102,DO_R0051,R0051,P29,dropoff,HOME_P29,46.05864859161667,4.067949227327018,5,-1,725,780
103,PU_R0052,R0052,P30,pickup,HOME_P30,46.029387585929825,3.9603295488940597,5,1,615,663
104,DO_R0052,R0052,P30,dropoff,H1,46.0533,4.0727,5,-1,635,680
105,PU_R0053,R0053,P30,pickup,H1,46.0533,4.0727,5,1,750,775
106,DO_R0053,R0053,P30,dropoff,HOME_P30,46.029387585929825,3.9603295488940597,5,-1,750,825
107,PU_R0054,R0054,P31,pickup,HOME_P31,46.095043455637736,3.9741776431797664,5,1,645,693
108,DO_R0054,R0054,P31,dropoff,H2,46.0457,4.0688,5,-1,665,710
109,PU_R0055,R0055,P31,pickup,H2,46.0457,4.0688,5,1,750,775
110,DO_R0055,R0055,P31,dropoff,HOME_P31,46.095043455637736,3.9741776431797664,5,-1,750,825
111,PU_R0056,R0056,P32,pickup,HOME_P32,46.105559224190905,4.039757699448942,5,1,455,498
112,DO_R0056,R0056,P32,dropoff,H3,46.05,4.07,5,-1,465,510
113,PU_R0057,R0057,P32,pickup,H3,46.05,4.07,5,1,735,750
114,DO_R0057,R0057,P32,dropoff,HOME_P32,46.105559224190905,4.039757699448942,5,-1,735,790
115,PU_R0058,R0058,P33,pickup,HOME_P33,46.05618586128939,4.039926627691189,5,1,760,810
116,DO_R0058,R0058,P33,dropoff,H3,46.05,4.07,5,-1,770,815
117,PU_R0059,R0059,P34,pickup,HOME_P34,45.95469823641843,4.082676069984931,5,1,480,525
118,DO_R0059,R0059,P34,dropoff,H1,46.0533,4.0727,5,-1,500,545
119,PU_R0060,R0060,P34,pickup,H1,46.0533,4.0727,5,1,640,665
120,DO_R0060,R0060,P34,dropoff,HOME_P34,45.95469823641843,4.082676069984931,5,-1,640,715
121,PU_R0061,R0061,P35,pickup,HOME_P35,46.06185901714086,4.041529409149463,5,1,780,830
122,DO_R0061,R0061,P35,dropoff,H2,46.0457,4.0688,5,-1,790,835
123,PU_R0062,R0062,P36,pickup,HOME_P36,46.055650852423064,3.9718653087209774,5,1,435,476
124,DO_R0062,R0062,P36,dropoff,H1,46.0533,4.0727,5,-1,445,490
125,PU_R0063,R0063,P36,pickup,H1,46.0533,4.0727,5,1,730,745
126,DO_R0063,R0063,P36,dropoff,HOME_P36,46.055650852423064,3.9718653087209774,5,-1,730,785
127,PU_R0064,R0064,P37,pickup,HOME_P37,46.03638847726503,4.0392267881978015,5,1,435,484
128,DO_R0064,R0064,P37,dropoff,H1,46.0533,4.0727,5,-1,445,490
129,PU_R0065,R0065,P37,pickup,H1,46.0533,4.0727,5,1,730,745
130,DO_R0065,R0065,P37,dropoff,HOME_P37,46.03638847726503,4.0392267881978015,5,-1,730,785
131,PU_R0066,R0066,P38,pickup,HOME_P38,46.077503689907964,3.9899982654128263,5,1,970,1012
132,DO_R0066,R0066,P38,dropoff,H1,46.0533,4.0727,5,-1,980,1025
133,PU_R0067,R0067,P39,pickup,HOME_P39,46.10189286103881,4.037976704704624,5,1,440,484
134,DO_R0067,R0067,P39,dropoff,H1,46.0533,4.0727,5,-1,450,495
135,PU_R0068,R0068,P39,pickup,H1,46.0533,4.0727,5,1,735,750
136,DO_R0068,R0068,P39,dropoff,HOME_P39,46.10189286103881,4.037976704704624,5,-1,735,790
137,PU_R0069,R0069,P40,pickup,HOME_P40,46.10038703814771,4.087460846505925,5,1,450,495
138,DO_R0069,R0069,P40,dropoff,H1,46.0533,4.0727,5,-1,460,505
139,PU_R0070,R0070,P40,pickup,H1,46.0533,4.0727,5,1,660,675
140,DO_R0070,R0070,P40,dropoff,HOME_P40,46.10038703814771,4.087460846505925,5,-1,660,715
141,PU_R0071,R0071,P41,pickup,HOME_P41,46.05569904530168,4.092391824600335,5,1,1000,1050
142,DO_R0071,R0071,P41,dropoff,H1,46.0533,4.0727,5,-1,1010,1055
143,PU_R0072,R0072,P42,pickup,HOME_P42,46.02814888031132,4.003903452689449,5,1,745,789
144,DO_R0072,R0072,P42,dropoff,H3,46.05,4.07,5,-1,755,800
145,PU_R0073,R0073,P42,pickup,H3,46.05,4.07,5,1,1015,1030
146,DO_R0073,R0073,P42,dropoff,HOME_P42,46.02814888031132,4.003903452689449,5,-1,1015,1070
147,PU_R0074,R0074,P43,pickup,HOME_P43,46.04931518079383,4.021691601677757,5,1,475,522
148,DO_R0074,R0074,P43,dropoff,H1,46.0533,4.0727,5,-1,485,530
149,PU_R0075,R0075,P43,pickup,H1,46.0533,4.0727,5,1,680,695
150,DO_R0075,R0075,P43,dropoff,HOME_P43,46.04931518079383,4.021691601677757,5,-1,680,735
151,PU_R0076,R0076,P44,pickup,HOME_P44,46.07607323836587,4.018771408628962,5,1,880,925
152,DO_R0076,R0076,P44,dropoff,H2,46.0457,4.0688,5,-1,890,935
153,PU_R0077,R0077,P45,pickup,HOME_P45,46.055004520116,3.977937814216113,5,1,430,472
154,DO_R0077,R0077,P45,dropoff,H3,46.05,4.07,5,-1,440,485
155,PU_R0078,R0078,P45,pickup,H3,46.05,4.07,5,1,710,725
156,DO_R0078,R0078,P45,dropoff,HOME_P45,46.055004520116,3.977937814216113,5,-1,710,765
157,PU_R0079,R0079,P46,pickup,HOME_P46,46.09852965178234,4.0850861684557636,5,1,430,475
158,DO_R0079,R0079,P46,dropoff,H3,46.05,4.07,5,-1,440,485
159,PU_R0080,R0080,P46,pickup,H3,46.05,4.07,5,1,715,730
160,DO_R0080,R0080,P46,dropoff,HOME_P46,46.09852965178234,4.0850861684557636,5,-1,715,770
161,PU_R0081,R0081,P47,pickup,HOME_P47,46.0873822453775,4.134062452539657,5,1,735,777
162,DO_R0081,R0081,P47,dropoff,H2,46.0457,4.0688,5,-1,745,790
163,PU_R0082,R0082,P47,pickup,H2,46.0457,4.0688,5,1,1020,1035
164,DO_R0082,R0082,P47,dropoff,HOME_P47,46.0873822453775,4.134062452539657,5,-1,1020,1075
165,PU_R0083,R0083,P48,pickup,HOME_P48,46.10760834183834,4.024813185750124,5,1,460,501
166,DO_R0083,R0083,P48,dropoff,H2,46.0457,4.0688,5,-1,470,515
167,PU_R0084,R0084,P48,pickup,H2,46.0457,4.0688,5,1,745,760
168,DO_R0084,R0084,P48,dropoff,HOME_P48,46.10760834183834,4.024813185750124,5,-1,745,800
169,PU_R0085,R0085,P49,pickup,HOME_P49,46.08230211762502,4.046156655492294,5,1,765,813
170,DO_R0085,R0085,P49,dropoff,H1,46.0533,4.0727,5,-1,775,820
171,PU_R0086,R0086,P50,pickup,HOME_P50,46.04258945804289,4.08786375374586,5,1,990,1040
172,DO_R0086,R0086,P50,dropoff,H3,46.05,4.07,5,-1,1000,1045
173,PU_R0087,R0087,P51,pickup,HOME_P51,45.9891944500382,4.190208822821673,5,1,795,839
174,DO_R0087,R0087,P51,dropoff,H2,46.0457,4.0688,5,-1,815,860
175,PU_R0088,R0088,P51,pickup,H2,46.0457,4.0688,5,1,890,915
176,DO_R0088,R0088,P51,dropoff,HOME_P51,45.9891944500382,4.190208822821673,5,-1,890,965
177,PU_R0089,R0089,P52,pickup,HOME_P52,45.987670809850634,4.0087403725223485,5,1,655,694
178,DO_R0089,R0089,P52,dropoff,H1,46.0533,4.0727,5,-1,665,710
179,PU_R0090,R0090,P52,pickup,H1,46.0533,4.0727,5,1,865,880
180,DO_R0090,R0090,P52,dropoff,HOME_P52,45.987670809850634,4.0087403725223485,5,-1,865,920
181,PU_R0091,R0091,P53,pickup,HOME_P53,46.10843621298252,4.101948747091308,5,1,480,521
182,DO_R0091,R0091,P53,dropoff,H2,46.0457,4.0688,5,-1,490,535
183,PU_R0092,R0092,P53,pickup,H2,46.0457,4.0688,5,1,760,775
184,DO_R0092,R0092,P53,dropoff,HOME_P53,46.10843621298252,4.101948747091308,5,-1,760,815
185,PU_R0093,R0093,P54,pickup,HOME_P54,45.95001628554096,4.015405386339301,5,1,525,569
186,DO_R0093,R0093,P54,dropoff,H2,46.0457,4.0688,5,-1,545,590
187,PU_R0094,R0094,P54,pickup,H2,46.0457,4.0688,5,1,615,640
188,DO_R0094,R0094,P54,dropoff,HOME_P54,45.95001628554096,4.015405386339301,5,-1,615,690
189,PU_R0095,R0095,P55,pickup,HOME_P55,46.08044737377606,4.12296738522932,5,1,610,666
190,DO_R0095,R0095,P55,dropoff,H1,46.0533,4.0727,5,-1,630,675
191,PU_R0096,R0096,P55,pickup,H1,46.0533,4.0727,5,1,795,820
192,DO_R0096,R0096,P55,dropoff,HOME_P55,46.08044737377606,4.12296738522932,5,-1,795,870
193,PU_R0097,R0097,P56,pickup,HOME_P56,46.020876814564744,4.040836254879852,5,1,735,783
194,DO_R0097,R0097,P56,dropoff,H2,46.0457,4.0688,5,-1,745,790
195,PU_R0098,R0098,P57,pickup,HOME_P57,46.06672698192677,4.02774501906384,5,1,445,492
196,DO_R0098,R0098,P57,dropoff,H2,46.0457,4.0688,5,-1,455,500
197,PU_R0099,R0099,P57,pickup,H2,46.0457,4.0688,5,1,760,775
198,DO_R0099,R0099,P57,dropoff,HOME_P57,46.06672698192677,4.02774501906384,5,-1,760,815
199,PU_R0100,R0100,P58,pickup,HOME_P58,45.986049945479685,4.014192995505059,5,1,525,575
200,DO_R0100,R0100,P58,dropoff,H2,46.0457,4.0688,5,-1,545,590
201,PU_R0101,R0101,P58,pickup,H2,46.0457,4.0688,5,1,620,645
202,DO_R0101,R0101,P58,dropoff,HOME_P58,45.986049945479685,4.014192995505059,5,-1,620,695
203,PU_R0102,R0102,P59,pickup,HOME_P59,46.079612158821284,4.05660063507952,5,1,505,564
204,DO_R0102,R0102,P59,dropoff,H1,46.0533,4.0727,5,-1,525,570
205,PU_R0103,R0103,P59,pickup,H1,46.0533,4.0727,5,1,675,700
206,DO_R0103,R0103,P59,dropoff,HOME_P59,46.079612158821284,4.05660063507952,5,-1,675,750
207,PU_R0104,R0104,P60,pickup,HOME_P60,46.083603973215304,4.1599679402183485,5,1,455,496
208,DO_R0104,R0104,P60,dropoff,H1,46.0533,4.0727,5,-1,465,510
209,PU_R0105,R0105,P60,pickup,H1,46.0533,4.0727,5,1,750,765
210,DO_R0105,R0105,P60,dropoff,HOME_P60,46.083603973215304,4.1599679402183485,5,-1,750,805
211,PU_R0106,R0106,P61,pickup,HOME_P61,46.06457344827511,4.007615300842754,5,1,440,485
212,DO_R0106,R0106,P61,dropoff,H1,46.0533,4.0727,5,-1,450,495
213,PU_R0107,R0107,P61,pickup,H1,46.0533,4.0727,5,1,650,665
214,DO_R0107,R0107,P61,dropoff,HOME_P61,46.06457344827511,4.007615300842754,5,-1,650,705
215,PU_R0108,R0108,P62,pickup,HOME_P62,46.03296605703457,4.172584984058522,5,1,460,500
216,DO_R0108,R0108,P62,dropoff,H1,46.0533,4.0727,5,-1,470,515
217,PU_R0109,R0109,P62,pickup,H1,46.0533,4.0727,5,1,675,690
218,DO_R0109,R0109,P62,dropoff,HOME_P62,46.03296605703457,4.172584984058522,5,-1,675,730
219,PU_R0110,R0110,P63,pickup,HOME_P63,46.105398932764125,3.9502134740237107,5,1,445,490
220,DO_R0110,R0110,P63,dropoff,H1,46.0533,4.0727,5,-1,465,510
221,PU_R0111,R0111,P63,pickup,H1,46.0533,4.0727,5,1,615,640
222,DO_R0111,R0111,P63,dropoff,HOME_P63,46.105398932764125,3.9502134740237107,5,-1,615,690
223,PU_R0112,R0112,P64,pickup,HOME_P64,46.039341954535494,4.093628586645996,5,1,600,660
224,DO_R0112,R0112,P64,dropoff,H1,46.0533,4.0727,5,-1,620,665
225,PU_R0113,R0113,P64,pickup,H1,46.0533,4.0727,5,1,775,800
226,DO_R0113,R0113,P64,dropoff,HOME_P64,46.039341954535494,4.093628586645996,5,-1,775,850
227,PU_R0114,R0114,P65,pickup,HOME_P65,46.046238409426884,4.0448641990294965,5,1,735,785
228,DO_R0114,R0114,P65,dropoff,H1,46.0533,4.0727,5,-1,745,790
229,PU_R0115,R0115,P66,pickup,HOME_P66,46.049787073604215,4.165662579047252,5,1,530,592
230,DO_R0115,R0115,P66,dropoff,H1,46.0533,4.0727,5,-1,560,605
231,PU_R0116,R0116,P66,pickup,H1,46.0533,4.0727,5,1,635,670
232,DO_R0116,R0116,P66,dropoff,HOME_P66,46.049787073604215,4.165662579047252,5,-1,635,730
233,PU_R0117,R0117,P67,pickup,HOME_P67,46.074845004749484,4.182972465081029,5,1,815,864
234,DO_R0117,R0117,P67,dropoff,H1,46.0533,4.0727,5,-1,835,880
235,PU_R0118,R0118,P67,pickup,H1,46.0533,4.0727,5,1,955,980
236,DO_R0118,R0118,P67,dropoff,HOME_P67,46.074845004749484,4.182972465081029,5,-1,955,1030
237,PU_R0119,R0119,P68,pickup,HOME_P68,46.131380041503114,4.014431056049052,5,1,520,567
238,DO_R0119,R0119,P68,dropoff,H1,46.0533,4.0727,5,-1,540,585
239,PU_R0120,R0120,P68,pickup,H1,46.0533,4.0727,5,1,675,700
240,DO_R0120,R0120,P68,dropoff,HOME_P68,46.131380041503114,4.014431056049052,5,-1,675,750
241,PU_R0121,R0121,P69,pickup,HOME_P69,46.1130948829941,4.033977005613932,5,1,445,485
242,DO_R0121,R0121,P69,dropoff,H2,46.0457,4.0688,5,-1,455,500
243,PU_R0122,R0122,P69,pickup,H2,46.0457,4.0688,5,1,760,775
244,DO_R0122,R0122,P69,dropoff,HOME_P69,46.1130948829941,4.033977005613932,5,-1,760,815
245,PU_R0123,R0123,P70,pickup,HOME_P70,46.044386333218505,4.024556663162198,5,1,465,513
246,DO_R0123,R0123,P70,dropoff,H1,46.0533,4.0727,5,-1,475,520
247,PU_R0124,R0124,P70,pickup,H1,46.0533,4.0727,5,1,680,695
248,DO_R0124,R0124,P70,dropoff,HOME_P70,46.044386333218505,4.024556663162198,5,-1,680,735
249,PU_R0125,R0125,P71,pickup,HOME_P71,46.04663557554625,4.050085013030811,5,1,515,575
250,DO_R0125,R0125,P71,dropoff,H1,46.0533,4.0727,5,-1,535,580
251,PU_R0126,R0126,P72,pickup,HOME_P72,46.00357953141685,4.067889022980723,5,1,770,816
252,DO_R0126,R0126,P72,dropoff,H2,46.0457,4.0688,5,-1,780,825
253,PU_R0127,R0127,P73,pickup,HOME_P73,46.0926327680416,4.071731307380422,5,1,770,816
254,DO_R0127,R0127,P73,dropoff,H3,46.05,4.07,5,-1,780,825
255,PU_R0128,R0128,P74,pickup,HOME_P74,45.96375955328286,4.032281340171639,5,1,825,872
256,DO_R0128,R0128,P74,dropoff,H2,46.0457,4.0688,5,-1,845,890
257,PU_R0129,R0129,P74,pickup,H2,46.0457,4.0688,5,1,915,940
258,DO_R0129,R0129,P74,dropoff,HOME_P74,45.96375955328286,4.032281340171639,5,-1,915,990
259,PU_R0130,R0130,P75,pickup,HOME_P75,46.080877053321565,4.134574001376961,5,1,480,524
260,DO_R0130,R0130,P75,dropoff,H1,46.0533,4.0727,5,-1,490,535
261,PU_R0131,R0131,P75,pickup,H1,46.0533,4.0727,5,1,700,715
262,DO_R0131,R0131,P75,dropoff,HOME_P75,46.080877053321565,4.134574001376961,5,-1,700,755
263,PU_R0132,R0132,P76,pickup,HOME_P76,46.11645120496681,4.095763958352744,5,1,605,655
264,DO_R0132,R0132,P76,dropoff,H2,46.0457,4.0688,5,-1,625,670
265,PU_R0133,R0133,P76,pickup,H2,46.0457,4.0688,5,1,710,735
266,DO_R0133,R0133,P76,dropoff,HOME_P76,46.11645120496681,4.095763958352744,5,-1,710,785
267,PU_R0134,R0134,P77,pickup,HOME_P77,46.07679040684293,4.153796760650726,5,1,995,1046
268,DO_R0134,R0134,P77,dropoff,H2,46.0457,4.0688,5,-1,1015,1060
269,PU_R0135,R0135,P78,pickup,HOME_P78,46.120329861365846,4.054789534441827,5,1,565,615
270,DO_R0135,R0135,P78,dropoff,H2,46.0457,4.0688,5,-1,585,630
271,PU_R0136,R0136,P78,pickup,H2,46.0457,4.0688,5,1,660,685
272,DO_R0136,R0136,P78,dropoff,HOME_P78,46.120329861365846,4.054789534441827,5,-1,660,735
273,PU_R0137,R0137,P79,pickup,HOME_P79,46.09353450198803,3.9769699954904465,5,1,460,499
274,DO_R0137,R0137,P79,dropoff,H1,46.0533,4.0727,5,-1,470,515
275,PU_R0138,R0138,P79,pickup,H1,46.0533,4.0727,5,1,685,700
276,DO_R0138,R0138,P79,dropoff,HOME_P79,46.09353450198803,3.9769699954904465,5,-1,685,740
277,PU_R0139,R0139,P80,pickup,HOME_P80,46.00922585240325,4.078353160385529,5,1,440,486
278,DO_R0139,R0139,P80,dropoff,H1,46.0533,4.0727,5,-1,450,495
279,PU_R0140,R0140,P80,pickup,H1,46.0533,4.0727,5,1,735,750
280,DO_R0140,R0140,P80,dropoff,HOME_P80,46.00922585240325,4.078353160385529,5,-1,735,790
281,PU_R0141,R0141,P81,pickup,HOME_P81,45.98044836143227,4.020697753006183,5,1,515,563
282,DO_R0141,R0141,P81,dropoff,H1,46.0533,4.0727,5,-1,535,580
283,PU_R0142,R0142,P81,pickup,H1,46.0533,4.0727,5,1,685,710
284,DO_R0142,R0142,P81,dropoff,HOME_P81,45.98044836143227,4.020697753006183,5,-1,685,760
285,PU_R0143,R0143,P82,pickup,HOME_P82,45.997549634053186,4.099329549028328,5,1,740,783
286,DO_R0143,R0143,P82,dropoff,H3,46.05,4.07,5,-1,750,795
287,PU_R0144,R0144,P83,pickup,HOME_P83,46.07693328207144,3.9569927594019076,5,1,490,538
288,DO_R0144,R0144,P83,dropoff,H1,46.0533,4.0727,5,-1,510,555
289,PU_R0145,R0145,P83,pickup,H1,46.0533,4.0727,5,1,615,640
290,DO_R0145,R0145,P83,dropoff,HOME_P83,46.07693328207144,3.9569927594019076,5,-1,615,690
291,PU_R0146,R0146,P84,pickup,HOME_P84,46.040493605927765,4.07416662373983,5,1,615,675
292,DO_R0146,R0146,P84,dropoff,H1,46.0533,4.0727,5,-1,635,680
293,PU_R0147,R0147,P85,pickup,HOME_P85,46.04489850335873,4.000174087228137,5,1,425,469
294,DO_R0147,R0147,P85,dropoff,H1,46.0533,4.0727,5,-1,435,480
295,PU_R0148,R0148,P85,pickup,H1,46.0533,4.0727,5,1,720,735
296,DO_R0148,R0148,P85,dropoff,HOME_P85,46.04489850335873,4.000174087228137,5,-1,720,775
297,PU_R0149,R0149,P86,pickup,HOME_P86,46.06404842776978,4.036956106786034,5,1,770,819
298,DO_R0149,R0149,P86,dropoff,H1,46.0533,4.0727,5,-1,780,825
299,PU_R0150,R0150,P87,pickup,HOME_P87,46.04122319039985,4.047284192963223,5,1,810,870
300,DO_R0150,R0150,P87,dropoff,H2,46.0457,4.0688,5,-1,830,875
301,PU_R0151,R0151,P87,pickup,H2,46.0457,4.0688,5,1,915,940
302,DO_R0151,R0151,P87,dropoff,HOME_P87,46.04122319039985,4.047284192963223,5,-1,915,990
303,PU_R0152,R0152,P88,pickup,HOME_P88,46.091643918099805,4.1713752037473055,5,1,585,634
304,DO_R0152,R0152,P88,dropoff,H1,46.0533,4.0727,5,-1,605,650
305,PU_R0153,R0153,P88,pickup,H1,46.0533,4.0727,5,1,760,785
306,DO_R0153,R0153,P88,dropoff,HOME_P88,46.091643918099805,4.1713752037473055,5,-1,760,835
307,PU_R0154,R0154,P89,pickup,HOME_P89,46.05230845792178,4.0249757718452726,5,1,730,778
308,DO_R0154,R0154,P89,dropoff,H3,46.05,4.07,5,-1,740,785
309,PU_R0155,R0155,P89,pickup,H3,46.05,4.07,5,1,1025,1040
310,DO_R0155,R0155,P89,dropoff,HOME_P89,46.05230845792178,4.0249757718452726,5,-1,1025,1080
311,PU_R0156,R0156,P90,pickup,HOME_P90,46.00528265389221,4.002005169808283,5,1,645,686
312,DO_R0156,R0156,P90,dropoff,H1,46.0533,4.0727,5,-1,655,700
313,PU_R0157,R0157,P90,pickup,H1,46.0533,4.0727,5,1,875,890
314,DO_R0157,R0157,P90,dropoff,HOME_P90,46.00528265389221,4.002005169808283,5,-1,875,930
315,PU_R0158,R0158,P91,pickup,HOME_P91,46.11424490322558,4.085595227687351,5,1,490,541
316,DO_R0158,R0158,P91,dropoff,H2,46.0457,4.0688,5,-1,510,555
317,PU_R0159,R0159,P92,pickup,HOME_P92,46.044017062630175,4.102986639616198,5,1,615,665
318,DO_R0159,R0159,P92,dropoff,H1,46.0533,4.0727,5,-1,625,670
319,PU_R0160,R0160,P92,pickup,H1,46.0533,4.0727,5,1,830,845
320,DO_R0160,R0160,P92,dropoff,HOME_P92,46.044017062630175,4.102986639616198,5,-1,830,885
321,PU_R0161,R0161,P93,pickup,HOME_P93,46.075344217266654,4.076559704220815,5,1,435,484
322,DO_R0161,R0161,P93,dropoff,H3,46.05,4.07,5,-1,445,490
323,PU_R0162,R0162,P93,pickup,H3,46.05,4.07,5,1,760,775
324,DO_R0162,R0162,P93,dropoff,HOME_P93,46.075344217266654,4.076559704220815,5,-1,760,815
325,PU_R0163,R0163,P94,pickup,HOME_P94,46.0532290756972,4.00840593728606,5,1,480,526
326,DO_R0163,R0163,P94,dropoff,H1,46.0533,4.0727,5,-1,490,535
327,PU_R0164,R0164,P94,pickup,H1,46.0533,4.0727,5,1,775,790
328,DO_R0164,R0164,P94,dropoff,HOME_P94,46.0532290756972,4.00840593728606,5,-1,775,830
329,PU_R0165,R0165,P95,pickup,HOME_P95,46.10242183752461,4.012097200328157,5,1,475,516
330,DO_R0165,R0165,P95,dropoff,H2,46.0457,4.0688,5,-1,485,530
331,PU_R0166,R0166,P95,pickup,H2,46.0457,4.0688,5,1,775,790
332,DO_R0166,R0166,P95,dropoff,HOME_P95,46.10242183752461,4.012097200328157,5,-1,775,830
333,PU_R0167,R0167,P96,pickup,HOME_P96,46.104419817827655,4.086069420394828,5,1,450,493
334,DO_R0167,R0167,P96,dropoff,H2,46.0457,4.0688,5,-1,460,505
335,PU_R0168,R0168,P96,pickup,H2,46.0457,4.0688,5,1,700,715
336,DO_R0168,R0168,P96,dropoff,HOME_P96,46.104419817827655,4.086069420394828,5,-1,700,755
337,PU_R0169,R0169,P97,pickup,HOME_P97,46.038364198016104,4.019940397359042,5,1,480,527
338,DO_R0169,R0169,P97,dropoff,H1,46.0533,4.0727,5,-1,490,535
339,PU_R0170,R0170,P97,pickup,H1,46.0533,4.0727,5,1,695,710
340,DO_R0170,R0170,P97,dropoff,HOME_P97,46.038364198016104,4.019940397359042,5,-1,695,750
341,PU_R0171,R0171,P98,pickup,HOME_P98,46.010699090405765,4.049222399743561,5,1,450,496
342,DO_R0171,R0171,P98,dropoff,H3,46.05,4.07,5,-1,460,505
343,PU_R0172,R0172,P98,pickup,H3,46.05,4.07,5,1,735,750
344,DO_R0172,R0172,P98,dropoff,HOME_P98,46.010699090405765,4.049222399743561,5,-1,735,790
345,PU_R0173,R0173,P99,pickup,HOME_P99,46.063035361734904,4.222176281796811,5,1,840,884
346,DO_R0173,R0173,P99,dropoff,H1,46.0533,4.0727,5,-1,860,905
347,PU_R0174,R0174,P99,pickup,H1,46.0533,4.0727,5,1,970,995
348,DO_R0174,R0174,P99,dropoff,HOME_P99,46.063035361734904,4.222176281796811,5,-1,970,1045
349,PU_R0175,R0175,P100,pickup,HOME_P100,46.107802218530644,4.046644534787561,5,1,465,508
350,DO_R0175,R0175,P100,dropoff,H1,46.0533,4.0727,5,-1,475,520
351,PU_R0176,R0176,P100,pickup,H1,46.0533,4.0727,5,1,700,715
352,DO_R0176,R0176,P100,dropoff,HOME_P100,46.107802218530644,4.046644534787561,5,-1,700,755
353,PU_R0177,R0177,P101,pickup,HOME_P101,46.10411488703882,4.139819654481252,5,1,630,671
354,DO_R0177,R0177,P101,dropoff,H1,46.0533,4.0727,5,-1,640,685
355,PU_R0178,R0178,P101,pickup,H1,46.0533,4.0727,5,1,840,855
356,DO_R0178,R0178,P101,dropoff,HOME_P101,46.10411488703882,4.139819654481252,5,-1,840,895
357,PU_R0179,R0179,P102,pickup,HOME_P102,46.12249096266325,4.106303043109659,5,1,860,910
358,DO_R0179,R0179,P102,dropoff,H1,46.0533,4.0727,5,-1,880,925
359,PU_R0180,R0180,P103,pickup,HOME_P103,46.057894606378504,4.050360507056912,5,1,740,790
360,DO_R0180,R0180,P103,dropoff,H1,46.0533,4.0727,5,-1,750,795
361,PU_R0181,R0181,P104,pickup,HOME_P104,46.054888218577375,4.224478300271688,5,1,935,979
362,DO_R0181,R0181,P104,dropoff,H1,46.0533,4.0727,5,-1,955,1000
363,PU_R0182,R0182,P105,pickup,HOME_P105,46.02608194692385,4.053341225188095,5,1,645,705
364,DO_R0182,R0182,P105,dropoff,H2,46.0457,4.0688,5,-1,665,710
365,PU_R0183,R0183,P105,pickup,H2,46.0457,4.0688,5,1,740,765
366,DO_R0183,R0183,P105,dropoff,HOME_P105,46.02608194692385,4.053341225188095,5,-1,740,815
367,PU_R0184,R0184,P106,pickup,HOME_P106,46.00203498033664,4.138787397572229,5,1,755,796
368,DO_R0184,R0184,P106,dropoff,H1,46.0533,4.0727,5,-1,765,810
369,PU_R0185,R0185,P107,pickup,HOME_P107,46.001420677863486,4.1559523767385835,5,1,525,574
370,DO_R0185,R0185,P107,dropoff,H1,46.0533,4.0727,5,-1,545,590
371,PU_R0186,R0186,P107,pickup,H1,46.0533,4.0727,5,1,680,705
372,DO_R0186,R0186,P107,dropoff,HOME_P107,46.001420677863486,4.1559523767385835,5,-1,680,755
373,PU_R0187,R0187,P108,pickup,HOME_P108,46.01408758753065,4.098019689089226,5,1,980,1027
374,DO_R0187,R0187,P108,dropoff,H2,46.0457,4.0688,5,-1,990,1035
375,PU_R0188,R0188,P109,pickup,HOME_P109,46.055790710996625,4.092224315875165,5,1,730,780
376,DO_R0188,R0188,P109,dropoff,H3,46.05,4.07,5,-1,740,785
377,PU_R0189,R0189,P109,pickup,H3,46.05,4.07,5,1,1010,1025
378,DO_R0189,R0189,P109,dropoff,HOME_P109,46.055790710996625,4.092224315875165,5,-1,1010,1065
379,PU_R0190,R0190,P110,pickup,HOME_P110,46.08516470187657,4.010965028824152,5,1,460,504
380,DO_R0190,R0190,P110,dropoff,H1,46.0533,4.0727,5,-1,470,515
381,PU_R0191,R0191,P110,pickup,H1,46.0533,4.0727,5,1,755,770
382,DO_R0191,R0191,P110,dropoff,HOME_P110,46.08516470187657,4.010965028824152,5,-1,755,810
383,PU_R0192,R0192,P111,pickup,HOME_P111,46.105459825368804,4.098344713324493,5,1,460,503
384,DO_R0192,R0192,P111,dropoff,H3,46.05,4.07,5,-1,470,515
385,PU_R0193,R0193,P111,pickup,H3,46.05,4.07,5,1,725,740
386,DO_R0193,R0193,P111,dropoff,HOME_P111,46.105459825368804,4.098344713324493,5,-1,725,780
387,PU_R0194,R0194,P112,pickup,HOME_P112,46.08278573981853,4.041459856906872,5,1,635,682
388,DO_R0194,R0194,P112,dropoff,H1,46.0533,4.0727,5,-1,645,690
389,PU_R0195,R0195,P112,pickup,H1,46.0533,4.0727,5,1,870,885
390,DO_R0195,R0195,P112,dropoff,HOME_P112,46.08278573981853,4.041459856906872,5,-1,870,925
391,PU_R0196,R0196,P113,pickup,HOME_P113,46.08074812489227,4.08743624057996,5,1,740,788
392,DO_R0196,R0196,P113,dropoff,H3,46.05,4.07,5,-1,750,795
393,PU_R0197,R0197,P113,pickup,H3,46.05,4.07,5,1,1025,1040
394,DO_R0197,R0197,P113,dropoff,HOME_P113,46.08074812489227,4.08743624057996,5,-1,1025,1080
395,PU_R0198,R0198,P114,pickup,HOME_P114,46.11950042960246,4.163529265329181,5,1,800,845
396,DO_R0198,R0198,P114,dropoff,H2,46.0457,4.0688,5,-1,820,865
397,PU_R0199,R0199,P114,pickup,H2,46.0457,4.0688,5,1,900,925
398,DO_R0199,R0199,P114,dropoff,HOME_P114,46.11950042960246,4.163529265329181,5,-1,900,975
399,PU_R0200,R0200,P115,pickup,HOME_P115,45.9990405849252,4.07945327535057,5,1,565,629
400,DO_R0200,R0200,P115,dropoff,H1,46.0533,4.0727,5,-1,595,640
401,PU_R0201,R0201,P115,pickup,H1,46.0533,4.0727,5,1,670,705
402,DO_R0201,R0201,P115,dropoff,HOME_P115,45.9990405849252,4.07945327535057,5,-1,670,765
403,PU_R0202,R0202,P116,pickup,HOME_P116,46.10797240155124,3.9643805578988163,5,1,835,881
404,DO_R0202,R0202,P116,dropoff,H2,46.0457,4.0688,5,-1,855,900
405,PU_R0203,R0203,P116,pickup,H2,46.0457,4.0688,5,1,940,965
406,DO_R0203,R0203,P116,dropoff,HOME_P116,46.10797240155124,3.9643805578988163,5,-1,940,1015
407,PU_R0204,R0204,P117,pickup,HOME_P117,46.057383982851114,4.040214624155392,5,1,450,500
408,DO_R0204,R0204,P117,dropoff,H2,46.0457,4.0688,5,-1,460,505
409,PU_R0205,R0205,P117,pickup,H2,46.0457,4.0688,5,1,830,845
410,DO_R0205,R0205,P117,dropoff,HOME_P117,46.057383982851114,4.040214624155392,5,-1,830,885
411,PU_R0206,R0206,P118,pickup,HOME_P118,46.03551693509843,4.151059960307205,5,1,525,578
412,DO_R0206,R0206,P118,dropoff,H1,46.0533,4.0727,5,-1,545,590
413,PU_R0207,R0207,P118,pickup,H1,46.0533,4.0727,5,1,700,725
414,DO_R0207,R0207,P118,dropoff,HOME_P118,46.03551693509843,4.151059960307205,5,-1,700,775
415,PU_R0208,R0208,P119,pickup,HOME_P119,46.007656067281744,4.0554024442281085,5,1,590,647
416,DO_R0208,R0208,P119,dropoff,H2,46.0457,4.0688,5,-1,610,655
417,PU_R0209,R0209,P119,pickup,H2,46.0457,4.0688,5,1,685,710
418,DO_R0209,R0209,P119,dropoff,HOME_P119,46.007656067281744,4.0554024442281085,5,-1,685,760
419,PU_R0210,R0210,P120,pickup,HOME_P120,46.007180441318425,4.000678589017859,5,1,735,777
420,DO_R0210,R0210,P120,dropoff,H2,46.0457,4.0688,5,-1,745,790
421,PU_R0211,R0211,P120,pickup,H2,46.0457,4.0688,5,1,1010,1025
422,DO_R0211,R0211,P120,dropoff,HOME_P120,46.007180441318425,4.000678589017859,5,-1,1010,1065
423,PU_R0212,R0212,P121,pickup,HOME_P121,45.99804228535558,4.122429769783295,5,1,780,822
424,DO_R0212,R0212,P121,dropoff,H1,46.0533,4.0727,5,-1,790,835
425,PU_R0213,R0213,P122,pickup,HOME_P122,46.080728262292,3.98074478609141,5,1,465,506
426,DO_R0213,R0213,P122,dropoff,H3,46.05,4.07,5,-1,475,520
427,PU_R0214,R0214,P122,pickup,H3,46.05,4.07,5,1,765,780
428,DO_R0214,R0214,P122,dropoff,HOME_P122,46.080728262292,3.98074478609141,5,-1,765,820
429,PU_R0215,R0215,P123,pickup,HOME_P123,46.093401525132464,4.144540319204906,5,1,430,472
430,DO_R0215,R0215,P123,dropoff,H1,46.0533,4.0727,5,-1,440,485
431,PU_R0216,R0216,P123,pickup,H1,46.0533,4.0727,5,1,725,740
432,DO_R0216,R0216,P123,dropoff,HOME_P123,46.093401525132464,4.144540319204906,5,-1,725,780
433,PU_R0217,R0217,P124,pickup,HOME_P124,46.02532795302812,4.195196636266787,5,1,785,832
434,DO_R0217,R0217,P124,dropoff,H1,46.0533,4.0727,5,-1,805,850
435,PU_R0218,R0218,P124,pickup,H1,46.0533,4.0727,5,1,910,935
436,DO_R0218,R0218,P124,dropoff,HOME_P124,46.02532795302812,4.195196636266787,5,-1,910,985
437,PU_R0219,R0219,P125,pickup,HOME_P125,46.06850003277747,3.9513513992305924,5,1,630,668
438,DO_R0219,R0219,P125,dropoff,H1,46.0533,4.0727,5,-1,640,685
439,PU_R0220,R0220,P125,pickup,H1,46.0533,4.0727,5,1,850,865
440,DO_R0220,R0220,P125,dropoff,HOME_P125,46.06850003277747,3.9513513992305924,5,-1,850,905
441,PU_R0221,R0221,P126,pickup,HOME_P126,46.06328455525849,4.1183214084082085,5,1,645,693
442,DO_R0221,R0221,P126,dropoff,H1,46.0533,4.0727,5,-1,655,700
443,PU_R0222,R0222,P126,pickup,H1,46.0533,4.0727,5,1,875,890
444,DO_R0222,R0222,P126,dropoff,HOME_P126,46.06328455525849,4.1183214084082085,5,-1,875,930
445,PU_R0223,R0223,P127,pickup,HOME_P127,46.02086640047113,3.9744571366657926,5,1,770,811
446,DO_R0223,R0223,P127,dropoff,H2,46.0457,4.0688,5,-1,780,825
447,PU_R0224,R0224,P128,pickup,HOME_P128,45.99852857382064,4.108500288921176,5,1,800,843
448,DO_R0224,R0224,P128,dropoff,H1,46.0533,4.0727,5,-1,810,855
449,PU_R0225,R0225,P128,pickup,H1,46.0533,4.0727,5,1,1025,1040
450,DO_R0225,R0225,P128,dropoff,HOME_P128,45.99852857382064,4.108500288921176,5,-1,1025,1080
451,PU_R0226,R0226,P129,pickup,HOME_P129,46.04791362101591,4.073894844405447,5,1,810,860
452,DO_R0226,R0226,P129,dropoff,H1,46.0533,4.0727,5,-1,820,865
453,PU_R0227,R0227,P130,pickup,HOME_P130,46.076287008841916,4.109445701933681,5,1,540,608
454,DO_R0227,R0227,P130,dropoff,H1,46.0533,4.0727,5,-1,570,615
455,PU_R0228,R0228,P130,pickup,H1,46.0533,4.0727,5,1,645,680
456,DO_R0228,R0228,P130,dropoff,HOME_P130,46.076287008841916,4.109445701933681,5,-1,645,740
457,PU_R0229,R0229,P131,pickup,HOME_P131,46.071550804390306,4.045052494979195,5,1,775,834
458,DO_R0229,R0229,P131,dropoff,H1,46.0533,4.0727,5,-1,795,840
459,PU_R0230,R0230,P131,pickup,H1,46.0533,4.0727,5,1,915,940
460,DO_R0230,R0230,P131,dropoff,HOME_P131,46.071550804390306,4.045052494979195,5,-1,915,990
461,PU_R0231,R0231,P132,pickup,HOME_P132,46.002958661633635,4.066218225719688,5,1,750,794
462,DO_R0231,R0231,P132,dropoff,H1,46.0533,4.0727,5,-1,760,805
463,PU_R0232,R0232,P133,pickup,HOME_P133,45.91198330402563,3.981333756711396,5,1,689,744
464,DO_R0232,R0232,P133,dropoff,H1,46.0533,4.0727,5,-1,730,775
465,PU_R0233,R0233,P133,pickup,H1,46.0533,4.0727,5,1,805,840
466,DO_R0233,R0233,P133,dropoff,HOME_P133,45.91198330402563,3.981333756711396,5,-1,805,911
467,PU_R0234,R0234,P134,pickup,HOME_P134,46.103314126944355,4.083433781641769,5,1,430,474
468,DO_R0234,R0234,P134,dropoff,H1,46.0533,4.0727,5,-1,440,485
469,PU_R0235,R0235,P134,pickup,H1,46.0533,4.0727,5,1,665,680
470,DO_R0235,R0235,P134,dropoff,HOME_P134,46.103314126944355,4.083433781641769,5,-1,665,720
471,PU_R0236,R0236,P135,pickup,HOME_P135,46.15233561376207,4.113811568293891,5,1,800,844
472,DO_R0236,R0236,P135,dropoff,H1,46.0533,4.0727,5,-1,820,865
473,PU_R0237,R0237,P135,pickup,H1,46.0533,4.0727,5,1,925,950
474,DO_R0237,R0237,P135,dropoff,HOME_P135,46.15233561376207,4.113811568293891,5,-1,925,1000
475,PU_R0238,R0238,P136,pickup,HOME_P136,46.20532394243525,3.9930304305279423,5,1,777,832
476,DO_R0238,R0238,P136,dropoff,H1,46.0533,4.0727,5,-1,820,865
477,PU_R0239,R0239,P136,pickup,H1,46.0533,4.0727,5,1,895,930
478,DO_R0239,R0239,P136,dropoff,HOME_P136,46.20532394243525,3.9930304305279423,5,-1,895,1003
479,PU_R0240,R0240,P137,pickup,HOME_P137,46.02236635495506,4.0518366015083815,5,1,965,1024
480,DO_R0240,R0240,P137,dropoff,H2,46.0457,4.0688,5,-1,985,1030
481,PU_R0241,R0241,P138,pickup,HOME_P138,46.07375036909243,4.091230216935013,5,1,965,1023
482,DO_R0241,R0241,P138,dropoff,H2,46.0457,4.0688,5,-1,985,1030
483,PU_R0242,R0242,P139,pickup,HOME_P139,45.99982359399993,4.025593145967134,5,1,755,799
484,DO_R0242,R0242,P139,dropoff,H2,46.0457,4.0688,5,-1,765,810
485,PU_R0243,R0243,P139,pickup,H2,46.0457,4.0688,5,1,1020,1035
486,DO_R0243,R0243,P139,dropoff,HOME_P139,45.99982359399993,4.025593145967134,5,-1,1020,1075
487,PU_R0244,R0244,P140,pickup,HOME_P140,46.02208397345463,4.0432254014856275,5,1,740,789
488,DO_R0244,R0244,P140,dropoff,H2,46.0457,4.0688,5,-1,750,795
489,PU_R0245,R0245,P140,pickup,H2,46.0457,4.0688,5,1,955,970
490,DO_R0245,R0245,P140,dropoff,HOME_P140,46.02208397345463,4.0432254014856275,5,-1,955,1010
491,PU_R0246,R0246,P141,pickup,HOME_P141,46.042841075950804,3.9449727090809468,5,1,460,497
492,DO_R0246,R0246,P141,dropoff,H1,46.0533,4.0727,5,-1,470,515
493,PU_R0247,R0247,P141,pickup,H1,46.0533,4.0727,5,1,690,705
494,DO_R0247,R0247,P141,dropoff,HOME_P141,46.042841075950804,3.9449727090809468,5,-1,690,745
495,PU_R0248,R0248,P142,pickup,HOME_P142,45.910200902650956,4.050095211864013,5,1,643,696
496,DO_R0248,R0248,P142,dropoff,H1,46.0533,4.0727,5,-1,680,725
497,PU_R0249,R0249,P143,pickup,HOME_P143,46.037990935977625,4.023067563549749,5,1,570,627
498,DO_R0249,R0249,P143,dropoff,H1,46.0533,4.0727,5,-1,590,635
499,PU_R0250,R0250,P143,pickup,H1,46.0533,4.0727,5,1,710,735
500,DO_R0250,R0250,P143,dropoff,HOME_P143,46.037990935977625,4.023067563549749,5,-1,710,785
501,PU_R0251,R0251,P144,pickup,HOME_P144,46.02913136453999,4.081446584278736,5,1,620,680
502,DO_R0251,R0251,P144,dropoff,H1,46.0533,4.0727,5,-1,640,685
503,PU_R0252,R0252,P144,pickup,H1,46.0533,4.0727,5,1,750,775
504,DO_R0252,R0252,P144,dropoff,HOME_P144,46.02913136453999,4.081446584278736,5,-1,750,825
505,PU_R0253,R0253,P145,pickup,HOME_P145,45.99843509123094,4.038804815825266,5,1,740,783
506,DO_R0253,R0253,P145,dropoff,H1,46.0533,4.0727,5,-1,750,795
507,PU_R0254,R0254,P146,pickup,HOME_P146,46.007341872950064,4.017784984695773,5,1,635,678
508,DO_R0254,R0254,P146,dropoff,H1,46.0533,4.0727,5,-1,645,690
509,PU_R0255,R0255,P146,pickup,H1,46.0533,4.0727,5,1,850,865
510,DO_R0255,R0255,P146,dropoff,HOME_P146,46.007341872950064,4.017784984695773,5,-1,850,905
511,PU_R0256,R0256,P147,pickup,HOME_P147,45.98326646017988,4.072573165278856,5,1,480,521
512,DO_R0256,R0256,P147,dropoff,H1,46.0533,4.0727,5,-1,490,535
513,PU_R0257,R0257,P147,pickup,H1,46.0533,4.0727,5,1,775,790
514,DO_R0257,R0257,P147,dropoff,HOME_P147,45.98326646017988,4.072573165278856,5,-1,775,830
515,PU_R0258,R0258,P148,pickup,HOME_P148,45.97608210970542,4.139566119506031,5,1,645,682
516,DO_R0258,R0258,P148,dropoff,H1,46.0533,4.0727,5,-1,655,700
517,PU_R0259,R0259,P148,pickup,H1,46.0533,4.0727,5,1,870,885
518,DO_R0259,R0259,P148,dropoff,HOME_P148,45.97608210970542,4.139566119506031,5,-1,870,925
519,PU_R0260,R0260,P149,pickup,HOME_P149,46.04356567905836,4.178684099713655,5,1,430,469
520,DO_R0260,R0260,P149,dropoff,H2,46.0457,4.0688,5,-1,440,485
521,PU_R0261,R0261,P149,pickup,H2,46.0457,4.0688,5,1,755,770
522,DO_R0261,R0261,P149,dropoff,HOME_P149,46.04356567905836,4.178684099713655,5,-1,755,810
523,PU_R0262,R0262,P150,pickup,HOME_P150,46.105232335828674,4.061415886805105,5,1,745,789
524,DO_R0262,R0262,P150,dropoff,H1,46.0533,4.0727,5,-1,755,800
525,PU_R0263,R0263,P151,pickup,HOME_P151,46.04938629094341,4.158538013392099,5,1,465,517
526,DO_R0263,R0263,P151,dropoff,H2,46.0457,4.0688,5,-1,485,530
527,PU_R0264,R0264,P151,pickup,H2,46.0457,4.0688,5,1,560,585
528,DO_R0264,R0264,P151,dropoff,HOME_P151,46.04938629094341,4.158538013392099,5,-1,560,635
529,PU_R0265,R0265,P152,pickup,HOME_P152,46.01089464831046,3.9470508860274705,5,1,775,820
530,DO_R0265,R0265,P152,dropoff,H1,46.0533,4.0727,5,-1,795,840
531,PU_R0266,R0266,P152,pickup,H1,46.0533,4.0727,5,1,950,975
532,DO_R0266,R0266,P152,dropoff,HOME_P152,46.01089464831046,3.9470508860274705,5,-1,950,1025
533,PU_R0267,R0267,P153,pickup,HOME_P153,45.992146345427145,4.131182188119803,5,1,465,506
534,DO_R0267,R0267,P153,dropoff,H2,46.0457,4.0688,5,-1,475,520
535,PU_R0268,R0268,P153,pickup,H2,46.0457,4.0688,5,1,790,805
536,DO_R0268,R0268,P153,dropoff,HOME_P153,45.992146345427145,4.131182188119803,5,-1,790,845
537,PU_R0269,R0269,P154,pickup,HOME_P154,46.09111720402654,4.156175051191523,5,1,770,811
538,DO_R0269,R0269,P154,dropoff,H1,46.0533,4.0727,5,-1,780,825
539,PU_R0270,R0270,P155,pickup,HOME_P155,46.08316342998935,3.9903854205079377,5,1,850,901
540,DO_R0270,R0270,P155,dropoff,H2,46.0457,4.0688,5,-1,870,915
541,PU_R0271,R0271,P155,pickup,H2,46.0457,4.0688,5,1,945,970
542,DO_R0271,R0271,P155,dropoff,HOME_P155,46.08316342998935,3.9903854205079377,5,-1,945,1020
543,PU_R0272,R0272,P156,pickup,HOME_P156,46.00822768141756,4.04255922652426,5,1,465,510
544,DO_R0272,R0272,P156,dropoff,H1,46.0533,4.0727,5,-1,475,520
545,PU_R0273,R0273,P156,pickup,H1,46.0533,4.0727,5,1,760,775
546,DO_R0273,R0273,P156,dropoff,HOME_P156,46.00822768141756,4.04255922652426,5,-1,760,815
547,PU_R0274,R0274,P157,pickup,HOME_P157,46.07852847559815,4.057777621631216,5,1,435,484
548,DO_R0274,R0274,P157,dropoff,H1,46.0533,4.0727,5,-1,445,490
549,PU_R0275,R0275,P157,pickup,H1,46.0533,4.0727,5,1,730,745
550,DO_R0275,R0275,P157,dropoff,HOME_P157,46.07852847559815,4.057777621631216,5,-1,730,785
551,PU_R0276,R0276,P158,pickup,HOME_P158,46.06535652837344,3.9732895453678907,5,1,595,646
552,DO_R0276,R0276,P158,dropoff,H1,46.0533,4.0727,5,-1,615,660
553,PU_R0277,R0277,P158,pickup,H1,46.0533,4.0727,5,1,775,800
554,DO_R0277,R0277,P158,dropoff,HOME_P158,46.06535652837344,3.9732895453678907,5,-1,775,850
555,PU_R0278,R0278,P159,pickup,HOME_P159,46.09166264398426,4.048619897707212,5,1,425,471
556,DO_R0278,R0278,P159,dropoff,H1,46.0533,4.0727,5,-1,435,480
557,PU_R0279,R0279,P159,pickup,H1,46.0533,4.0727,5,1,660,675
558,DO_R0279,R0279,P159,dropoff,HOME_P159,46.09166264398426,4.048619897707212,5,-1,660,715
559,PU_R0280,R0280,P160,pickup,HOME_P160,46.089934007924356,4.028360091527235,5,1,1000,1045
560,DO_R0280,R0280,P160,dropoff,H1,46.0533,4.0727,5,-1,1010,1055
561,PU_R0281,R0281,P161,pickup,HOME_P161,46.060066879883244,4.167915719276458,5,1,750,791
562,DO_R0281,R0281,P161,dropoff,H3,46.05,4.07,5,-1,760,805
563,PU_R0282,R0282,P161,pickup,H3,46.05,4.07,5,1,1025,1040
564,DO_R0282,R0282,P161,dropoff,HOME_P161,46.060066879883244,4.167915719276458,5,-1,1025,1080
565,PU_R0283,R0283,P162,pickup,HOME_P162,46.050231356398086,4.0121003043530425,5,1,435,481
566,DO_R0283,R0283,P162,dropoff,H1,46.0533,4.0727,5,-1,445,490
567,PU_R0284,R0284,P162,pickup,H1,46.0533,4.0727,5,1,650,665
568,DO_R0284,R0284,P162,dropoff,HOME_P162,46.050231356398086,4.0121003043530425,5,-1,650,705
569,PU_R0285,R0285,P163,pickup,HOME_P163,46.09957189274661,4.076043027790493,5,1,765,809
570,DO_R0285,R0285,P163,dropoff,H2,46.0457,4.0688,5,-1,775,820
571,PU_R0286,R0286,P164,pickup,HOME_P164,46.07305824246087,3.9925680012447415,5,1,435,478
572,DO_R0286,R0286,P164,dropoff,H1,46.0533,4.0727,5,-1,445,490
573,PU_R0287,R0287,P164,pickup,H1,46.0533,4.0727,5,1,730,745
574,DO_R0287,R0287,P164,dropoff,HOME_P164,46.07305824246087,3.9925680012447415,5,-1,730,785
575,PU_R0288,R0288,P165,pickup,HOME_P165,46.00361865686785,3.9702728522219664,5,1,615,664
576,DO_R0288,R0288,P165,dropoff,H2,46.0457,4.0688,5,-1,635,680
577,PU_R0289,R0289,P165,pickup,H2,46.0457,4.0688,5,1,710,735
578,DO_R0289,R0289,P165,dropoff,HOME_P165,46.00361865686785,3.9702728522219664,5,-1,710,785
579,PU_R0290,R0290,P166,pickup,HOME_P166,46.13954629368177,4.062685969519886,5,1,515,561
580,DO_R0290,R0290,P166,dropoff,H2,46.0457,4.0688,5,-1,535,580
581,PU_R0291,R0291,P166,pickup,H2,46.0457,4.0688,5,1,605,630
582,DO_R0291,R0291,P166,dropoff,HOME_P166,46.13954629368177,4.062685969519886,5,-1,605,680
583,PU_R0292,R0292,P167,pickup,HOME_P167,46.05122373368853,3.9557736891804423,5,1,790,828
584,DO_R0292,R0292,P167,dropoff,H1,46.0533,4.0727,5,-1,800,845
585,PU_R0293,R0293,P167,pickup,H1,46.0533,4.0727,5,1,1000,1015
586,DO_R0293,R0293,P167,dropoff,HOME_P167,46.05122373368853,3.9557736891804423,5,-1,1000,1055
587,PU_R0294,R0294,P168,pickup,HOME_P168,46.050174096004795,4.109358422413842,5,1,750,799
588,DO_R0294,R0294,P168,dropoff,H2,46.0457,4.0688,5,-1,760,805
589,PU_R0295,R0295,P169,pickup,HOME_P169,46.109543175510495,4.0107872388607495,5,1,570,620
590,DO_R0295,R0295,P169,dropoff,H1,46.0533,4.0727,5,-1,590,635
591,PU_R0296,R0296,P169,pickup,H1,46.0533,4.0727,5,1,730,755
592,DO_R0296,R0296,P169,dropoff,HOME_P169,46.109543175510495,4.0107872388607495,5,-1,730,805
593,PU_R0297,R0297,P170,pickup,HOME_P170,46.10232480273781,4.051190592625884,5,1,445,489
594,DO_R0297,R0297,P170,dropoff,H1,46.0533,4.0727,5,-1,455,500
595,PU_R0298,R0298,P170,pickup,H1,46.0533,4.0727,5,1,740,755
596,DO_R0298,R0298,P170,dropoff,HOME_P170,46.10232480273781,4.051190592625884,5,-1,740,795
597,PU_R0299,R0299,P171,pickup,HOME_P171,46.027935736142204,4.013375478038283,5,1,455,501
598,DO_R0299,R0299,P171,dropoff,H2,46.0457,4.0688,5,-1,465,510
599,PU_R0300,R0300,P171,pickup,H2,46.0457,4.0688,5,1,740,755
600,DO_R0300,R0300,P171,dropoff,HOME_P171,46.027935736142204,4.013375478038283,5,-1,740,795
601,PU_R0301,R0301,P172,pickup,HOME_P172,46.051320102043775,3.972173246711359,5,1,440,481
602,DO_R0301,R0301,P172,dropoff,H1,46.0533,4.0727,5,-1,450,495
603,PU_R0302,R0302,P172,pickup,H1,46.0533,4.0727,5,1,735,750
604,DO_R0302,R0302,P172,dropoff,HOME_P172,46.051320102043775,3.972173246711359,5,-1,735,790
605,PU_R0303,R0303,P173,pickup,HOME_P173,46.08235312267709,4.039872428301068,5,1,805,852
606,DO_R0303,R0303,P173,dropoff,H1,46.0533,4.0727,5,-1,815,860
607,PU_R0304,R0304,P173,pickup,H1,46.0533,4.0727,5,1,1015,1030
608,DO_R0304,R0304,P173,dropoff,HOME_P173,46.08235312267709,4.039872428301068,5,-1,1015,1070
609,PU_R0305,R0305,P174,pickup,HOME_P174,46.12168033328071,4.15631195892196,5,1,520,567
610,DO_R0305,R0305,P174,dropoff,H1,46.0533,4.0727,5,-1,540,585
611,PU_R0306,R0306,P174,pickup,H1,46.0533,4.0727,5,1,705,730
612,DO_R0306,R0306,P174,dropoff,HOME_P174,46.12168033328071,4.15631195892196,5,-1,705,780
613,PU_R0307,R0307,P175,pickup,HOME_P175,46.01470178027293,3.961433590586546,5,1,865,903
614,DO_R0307,R0307,P175,dropoff,H2,46.0457,4.0688,5,-1,875,920
615,PU_R0308,R0308,P176,pickup,HOME_P176,46.06298640950699,4.054893568913903,5,1,440,490
616,DO_R0308,R0308,P176,dropoff,H1,46.0533,4.0727,5,-1,450,495
617,PU_R0309,R0309,P176,pickup,H1,46.0533,4.0727,5,1,735,750
618,DO_R0309,R0309,P176,dropoff,HOME_P176,46.06298640950699,4.054893568913903,5,-1,735,790
619,PU_R0310,R0310,P177,pickup,HOME_P177,46.02914729657357,4.056129811608828,5,1,755,804
620,DO_R0310,R0310,P177,dropoff,H1,46.0533,4.0727,5,-1,765,810
621,PU_R0311,R0311,P178,pickup,HOME_P178,46.01702705687929,4.06709665983596,5,1,435,484
622,DO_R0311,R0311,P178,dropoff,H2,46.0457,4.0688,5,-1,445,490
623,PU_R0312,R0312,P178,pickup,H2,46.0457,4.0688,5,1,720,735
624,DO_R0312,R0312,P178,dropoff,HOME_P178,46.01702705687929,4.06709665983596,5,-1,720,775
625,PU_R0313,R0313,P179,pickup,HOME_P179,45.98567111764375,3.996465059586328,5,1,800,849
626,DO_R0313,R0313,P179,dropoff,H2,46.0457,4.0688,5,-1,820,865
627,PU_R0314,R0314,P179,pickup,H2,46.0457,4.0688,5,1,895,920
628,DO_R0314,R0314,P179,dropoff,HOME_P179,45.98567111764375,3.996465059586328,5,-1,895,970
629,PU_R0315,R0315,P180,pickup,HOME_P180,46.040653472573375,4.045125181018402,5,1,775,825
630,DO_R0315,R0315,P180,dropoff,H1,46.0533,4.0727,5,-1,785,830
631,PU_R0316,R0316,P181,pickup,HOME_P181,46.01327360812611,4.109710753885931,5,1,770,815
632,DO_R0316,R0316,P181,dropoff,H1,46.0533,4.0727,5,-1,780,825
633,PU_R0317,R0317,P182,pickup,HOME_P182,46.099948721987985,4.1209697590041,5,1,980,1023
634,DO_R0317,R0317,P182,dropoff,H1,46.0533,4.0727,5,-1,990,1035
635,PU_R0318,R0318,P183,pickup,HOME_P183,46.071005970603814,4.12404885271024,5,1,620,677
636,DO_R0318,R0318,P183,dropoff,H1,46.0533,4.0727,5,-1,640,685
637,PU_R0319,R0319,P183,pickup,H1,46.0533,4.0727,5,1,800,825
638,DO_R0319,R0319,P183,dropoff,HOME_P183,46.071005970603814,4.12404885271024,5,-1,800,875
639,PU_R0320,R0320,P184,pickup,HOME_P184,46.05212626756418,4.141547323601694,5,1,620,665
640,DO_R0320,R0320,P184,dropoff,H1,46.0533,4.0727,5,-1,630,675
641,PU_R0321,R0321,P184,pickup,H1,46.0533,4.0727,5,1,845,860
642,DO_R0321,R0321,P184,dropoff,HOME_P184,46.05212626756418,4.141547323601694,5,-1,845,900
643,PU_R0322,R0322,P185,pickup,HOME_P185,46.08906220161785,3.9835725233761186,5,1,430,470
644,DO_R0322,R0322,P185,dropoff,H2,46.0457,4.0688,5,-1,440,485
645,PU_R0323,R0323,P185,pickup,H2,46.0457,4.0688,5,1,650,665
646,DO_R0323,R0323,P185,dropoff,HOME_P185,46.08906220161785,3.9835725233761186,5,-1,650,705
647,PU_R0324,R0324,P186,pickup,HOME_P186,46.05377187181075,4.007208325020835,5,1,820,865
648,DO_R0324,R0324,P186,dropoff,H1,46.0533,4.0727,5,-1,830,875
649,PU_R0325,R0325,P187,pickup,HOME_P187,46.12383042506961,3.980920429823823,5,1,515,560
650,DO_R0325,R0325,P187,dropoff,H2,46.0457,4.0688,5,-1,535,580
651,PU_R0326,R0326,P187,pickup,H2,46.0457,4.0688,5,1,615,640
652,DO_R0326,R0326,P187,dropoff,HOME_P187,46.12383042506961,3.980920429823823,5,-1,615,690
653,PU_R0327,R0327,P188,pickup,HOME_P188,45.956444903553574,4.089883213749015,5,1,490,535
654,DO_R0327,R0327,P188,dropoff,H1,46.0533,4.0727,5,-1,510,555
655,PU_R0328,R0328,P188,pickup,H1,46.0533,4.0727,5,1,655,680
656,DO_R0328,R0328,P188,dropoff,HOME_P188,45.956444903553574,4.089883213749015,5,-1,655,730
657,PU_R0329,R0329,P189,pickup,HOME_P189,46.142401613466305,4.022198482799576,5,1,525,569
658,DO_R0329,R0329,P189,dropoff,H2,46.0457,4.0688,5,-1,545,590
659,PU_R0330,R0330,P189,pickup,H2,46.0457,4.0688,5,1,615,640
660,DO_R0330,R0330,P189,dropoff,HOME_P189,46.142401613466305,4.022198482799576,5,-1,615,690
661,PU_R0331,R0331,P190,pickup,HOME_P190,46.03696696404757,4.144917265064026,5,1,985,1029
662,DO_R0331,R0331,P190,dropoff,H3,46.05,4.07,5,-1,995,1040
663,PU_R0332,R0332,P191,pickup,HOME_P191,46.02870714634209,4.06554659958752,5,1,445,495
664,DO_R0332,R0332,P191,dropoff,H2,46.0457,4.0688,5,-1,455,500
665,PU_R0333,R0333,P191,pickup,H2,46.0457,4.0688,5,1,670,685
666,DO_R0333,R0333,P191,dropoff,HOME_P191,46.02870714634209,4.06554659958752,5,-1,670,725
667,PU_R0334,R0334,P192,pickup,HOME_P192,46.10776861132143,3.968802314190248,5,1,455,502
668,DO_R0334,R0334,P192,dropoff,H1,46.0533,4.0727,5,-1,475,520
669,PU_R0335,R0335,P192,pickup,H1,46.0533,4.0727,5,1,635,660
670,DO_R0335,R0335,P192,dropoff,HOME_P192,46.10776861132143,3.968802314190248,5,-1,635,710
671,PU_R0336,R0336,P193,pickup,HOME_P193,46.090761627841,3.998614530150905,5,1,770,812
672,DO_R0336,R0336,P193,dropoff,H3,46.05,4.07,5,-1,780,825
673,PU_R0337,R0337,P194,pickup,HOME_P194,46.11230994719058,4.011834056294854,5,1,485,535
674,DO_R0337,R0337,P194,dropoff,H1,46.0533,4.0727,5,-1,505,550
675,PU_R0338,R0338,P194,pickup,H1,46.0533,4.0727,5,1,620,645
676,DO_R0338,R0338,P194,dropoff,HOME_P194,46.11230994719058,4.011834056294854,5,-1,620,695
677,PU_R0339,R0339,P195,pickup,HOME_P195,46.0285694712027,4.083830912576785,5,1,745,794
678,DO_R0339,R0339,P195,dropoff,H1,46.0533,4.0727,5,-1,755,800
679,PU_R0340,R0340,P196,pickup,HOME_P196,46.0573681539156,4.129754227075177,5,1,630,677
680,DO_R0340,R0340,P196,dropoff,H1,46.0533,4.0727,5,-1,640,685
681,PU_R0341,R0341,P196,pickup,H1,46.0533,4.0727,5,1,845,860
682,DO_R0341,R0341,P196,dropoff,HOME_P196,46.0573681539156,4.129754227075177,5,-1,845,900
683,PU_R0342,R0342,P197,pickup,HOME_P197,46.02858034879744,3.9764151075590233,5,1,950,1000
684,DO_R0342,R0342,P197,dropoff,H1,46.0533,4.0727,5,-1,970,1015
685,PU_R0343,R0343,P198,pickup,HOME_P198,46.20094822682076,4.163946483480865,5,1,792,848
686,DO_R0343,R0343,P198,dropoff,H1,46.0533,4.0727,5,-1,835,880
687,PU_R0344,R0344,P198,pickup,H1,46.0533,4.0727,5,1,905,940
688,DO_R0344,R0344,P198,dropoff,HOME_P198,46.20094822682076,4.163946483480865,5,-1,905,1013
689,PU_R0345,R0345,P199,pickup,HOME_P199,46.0442975073918,4.199374789427347,5,1,435,472
690,DO_R0345,R0345,P199,dropoff,H1,46.0533,4.0727,5,-1,445,490
691,PU_R0346,R0346,P199,pickup,H1,46.0533,4.0727,5,1,660,675
692,DO_R0346,R0346,P199,dropoff,HOME_P199,46.0442975073918,4.199374789427347,5,-1,660,715
693,PU_R0347,R0347,P200,pickup,HOME_P200,46.12377894353791,3.9978600549870134,5,1,465,512
694,DO_R0347,R0347,P200,dropoff,H1,46.0533,4.0727,5,-1,485,530
695,PU_R0348,R0348,P200,pickup,H1,46.0533,4.0727,5,1,615,640
696,DO_R0348,R0348,P200,dropoff,HOME_P200,46.12377894353791,3.9978600549870134,5,-1,615,690
697,PU_R0349,R0349,P201,pickup,HOME_P201,46.05706186627033,4.175315881298352,5,1,465,505
698,DO_R0349,R0349,P201,dropoff,H1,46.0533,4.0727,5,-1,475,520
699,PU_R0350,R0350,P201,pickup,H1,46.0533,4.0727,5,1,685,700
700,DO_R0350,R0350,P201,dropoff,HOME_P201,46.05706186627033,4.175315881298352,5,-1,685,740
701,PU_R0351,R0351,P202,pickup,HOME_P202,46.072186634344995,3.9731256770574936,5,1,625,675
702,DO_R0351,R0351,P202,dropoff,H1,46.0533,4.0727,5,-1,645,690
703,PU_R0352,R0352,P202,pickup,H1,46.0533,4.0727,5,1,795,820
704,DO_R0352,R0352,P202,dropoff,HOME_P202,46.072186634344995,3.9731256770574936,5,-1,795,870
705,PU_R0353,R0353,P203,pickup,HOME_P203,46.026211630180335,4.078363726216041,5,1,635,684
706,DO_R0353,R0353,P203,dropoff,H1,46.0533,4.0727,5,-1,645,690
707,PU_R0354,R0354,P203,pickup,H1,46.0533,4.0727,5,1,855,870
708,DO_R0354,R0354,P203,dropoff,HOME_P203,46.026211630180335,4.078363726216041,5,-1,855,910
709,PU_R0355,R0355,P204,pickup,HOME_P204,46.05231163367077,4.105485451981361,5,1,425,474
710,DO_R0355,R0355,P204,dropoff,H2,46.0457,4.0688,5,-1,435,480
711,PU_R0356,R0356,P204,pickup,H2,46.0457,4.0688,5,1,685,700
712,DO_R0356,R0356,P204,dropoff,HOME_P204,46.05231163367077,4.105485451981361,5,-1,685,740
713,PU_R0357,R0357,P205,pickup,HOME_P205,46.01050336838309,4.012658130167661,5,1,460,504
714,DO_R0357,R0357,P205,dropoff,H2,46.0457,4.0688,5,-1,470,515
715,PU_R0358,R0358,P205,pickup,H2,46.0457,4.0688,5,1,780,795
716,DO_R0358,R0358,P205,dropoff,HOME_P205,46.01050336838309,4.012658130167661,5,-1,780,835
717,PU_R0359,R0359,P206,pickup,HOME_P206,45.96740099194462,4.133610378527975,5,1,460,505
718,DO_R0359,R0359,P206,dropoff,H1,46.0533,4.0727,5,-1,480,525
719,PU_R0360,R0360,P206,pickup,H1,46.0533,4.0727,5,1,600,625
720,DO_R0360,R0360,P206,dropoff,HOME_P206,45.96740099194462,4.133610378527975,5,-1,600,675
721,PU_R0361,R0361,P207,pickup,HOME_P207,46.02041677989181,4.148246935643305,5,1,480,522
722,DO_R0361,R0361,P207,dropoff,H2,46.0457,4.0688,5,-1,490,535
723,PU_R0362,R0362,P207,pickup,H2,46.0457,4.0688,5,1,800,815
724,DO_R0362,R0362,P207,dropoff,HOME_P207,46.02041677989181,4.148246935643305,5,-1,800,855
725,PU_R0363,R0363,P208,pickup,HOME_P208,46.004964515143136,3.9972064734680397,5,1,765,807
726,DO_R0363,R0363,P208,dropoff,H2,46.0457,4.0688,5,-1,775,820
727,PU_R0364,R0364,P209,pickup,HOME_P209,46.07588862213858,3.9667382365665147,5,1,465,504
728,DO_R0364,R0364,P209,dropoff,H2,46.0457,4.0688,5,-1,475,520
729,PU_R0365,R0365,P209,pickup,H2,46.0457,4.0688,5,1,840,855
730,DO_R0365,R0365,P209,dropoff,HOME_P209,46.07588862213858,3.9667382365665147,5,-1,840,895
731,PU_R0366,R0366,P210,pickup,HOME_P210,46.155055713135226,4.058434636190644,5,1,625,669
732,DO_R0366,R0366,P210,dropoff,H1,46.0533,4.0727,5,-1,645,690
733,PU_R0367,R0367,P210,pickup,H1,46.0533,4.0727,5,1,750,775
734,DO_R0367,R0367,P210,dropoff,HOME_P210,46.155055713135226,4.058434636190644,5,-1,750,825
735,PU_R0368,R0368,P211,pickup,HOME_P211,46.10142599006727,4.036758686040453,5,1,825,879
736,DO_R0368,R0368,P211,dropoff,H1,46.0533,4.0727,5,-1,845,890
737,PU_R0369,R0369,P211,pickup,H1,46.0533,4.0727,5,1,1005,1030
738,DO_R0369,R0369,P211,dropoff,HOME_P211,46.10142599006727,4.036758686040453,5,-1,1005,1080
739,PU_R0370,R0370,P212,pickup,HOME_P212,46.00977904791198,4.006353051559647,5,1,735,778
740,DO_R0370,R0370,P212,dropoff,H3,46.05,4.07,5,-1,745,790
741,PU_R0371,R0371,P213,pickup,HOME_P213,46.034129164357694,4.056183014627694,5,1,750,800
742,DO_R0371,R0371,P213,dropoff,H1,46.0533,4.0727,5,-1,760,805
743,PU_R0372,R0372,P214,pickup,HOME_P214,46.07570431329722,4.015787276011878,5,1,500,555
744,DO_R0372,R0372,P214,dropoff,H2,46.0457,4.0688,5,-1,520,565
745,PU_R0373,R0373,P214,pickup,H2,46.0457,4.0688,5,1,605,630
746,DO_R0373,R0373,P214,dropoff,HOME_P214,46.07570431329722,4.015787276011878,5,-1,605,680
747,PU_R0374,R0374,P215,pickup,HOME_P215,46.07991358167169,4.074012573034427,5,1,760,808
748,DO_R0374,R0374,P215,dropoff,H2,46.0457,4.0688,5,-1,770,815
749,PU_R0375,R0375,P216,pickup,HOME_P216,46.04050259157334,4.003849676803359,5,1,755,800
750,DO_R0375,R0375,P216,dropoff,H1,46.0533,4.0727,5,-1,765,810
751,PU_R0376,R0376,P217,pickup,HOME_P217,46.014405666701684,4.042949721883293,5,1,760,806
752,DO_R0376,R0376,P217,dropoff,H1,46.0533,4.0727,5,-1,770,815
753,PU_R0377,R0377,P218,pickup,HOME_P218,45.9678318411221,4.081731124814384,5,1,445,482
754,DO_R0377,R0377,P218,dropoff,H1,46.0533,4.0727,5,-1,455,500
755,PU_R0378,R0378,P218,pickup,H1,46.0533,4.0727,5,1,650,665
756,DO_R0378,R0378,P218,dropoff,HOME_P218,45.9678318411221,4.081731124814384,5,-1,650,705
757,PU_R0379,R0379,P219,pickup,HOME_P219,46.00459495095865,4.145546181886446,5,1,440,481
758,DO_R0379,R0379,P219,dropoff,H3,46.05,4.07,5,-1,450,495
759,PU_R0380,R0380,P219,pickup,H3,46.05,4.07,5,1,735,750
760,DO_R0380,R0380,P219,dropoff,HOME_P219,46.00459495095865,4.145546181886446,5,-1,735,790
761,PU_R0381,R0381,P220,pickup,HOME_P220,46.10424885795131,3.9937791973362002,5,1,855,905
762,DO_R0381,R0381,P220,dropoff,H1,46.0533,4.0727,5,-1,875,920
763,PU_R0382,R0382,P221,pickup,HOME_P221,46.07940156069082,4.119966062290608,5,1,765,811
764,DO_R0382,R0382,P221,dropoff,H1,46.0533,4.0727,5,-1,775,820
765,PU_R0383,R0383,P222,pickup,HOME_P222,46.05072962837952,4.126383440216454,5,1,745,792
766,DO_R0383,R0383,P222,dropoff,H2,46.0457,4.0688,5,-1,755,800
767,PU_R0384,R0384,P223,pickup,HOME_P223,46.050438736804146,4.0685962037278145,5,1,455,505
768,DO_R0384,R0384,P223,dropoff,H1,46.0533,4.0727,5,-1,465,510
769,PU_R0385,R0385,P224,pickup,HOME_P224,45.986045396578255,4.091517199929468,5,1,740,781
770,DO_R0385,R0385,P224,dropoff,H1,46.0533,4.0727,5,-1,750,795
771,PU_R0386,R0386,P225,pickup,HOME_P225,46.105088859556055,4.025370977978651,5,1,860,922
772,DO_R0386,R0386,P225,dropoff,H1,46.0533,4.0727,5,-1,890,935
773,PU_R0387,R0387,P225,pickup,H1,46.0533,4.0727,5,1,960,995
774,DO_R0387,R0387,P225,dropoff,HOME_P225,46.105088859556055,4.025370977978651,5,-1,960,1055
775,PU_R0388,R0388,P226,pickup,HOME_P226,46.035753719966294,4.088502984015174,5,1,735,785
776,DO_R0388,R0388,P226,dropoff,H2,46.0457,4.0688,5,-1,745,790
777,PU_R0389,R0389,P226,pickup,H2,46.0457,4.0688,5,1,1025,1040
778,DO_R0389,R0389,P226,dropoff,HOME_P226,46.035753719966294,4.088502984015174,5,-1,1025,1080
779,PU_R0390,R0390,P227,pickup,HOME_P227,46.06186988309033,4.003301422142038,5,1,450,495
780,DO_R0390,R0390,P227,dropoff,H2,46.0457,4.0688,5,-1,460,505
781,PU_R0391,R0391,P227,pickup,H2,46.0457,4.0688,5,1,775,790
782,DO_R0391,R0391,P227,dropoff,HOME_P227,46.06186988309033,4.003301422142038,5,-1,775,830
783,PU_R0392,R0392,P228,pickup,HOME_P228,46.007001779168114,3.9944603773332013,5,1,575,627
784,DO_R0392,R0392,P228,dropoff,H2,46.0457,4.0688,5,-1,595,640
785,PU_R0393,R0393,P228,pickup,H2,46.0457,4.0688,5,1,675,700
786,DO_R0393,R0393,P228,dropoff,HOME_P228,46.007001779168114,3.9944603773332013,5,-1,675,750
787,PU_R0394,R0394,P229,pickup,HOME_P229,46.03044503237942,4.059745114426287,5,1,425,475
788,DO_R0394,R0394,P229,dropoff,H1,46.0533,4.0727,5,-1,435,480
789,PU_R0395,R0395,P229,pickup,H1,46.0533,4.0727,5,1,720,735
790,DO_R0395,R0395,P229,dropoff,HOME_P229,46.03044503237942,4.059745114426287,5,-1,720,775
791,PU_R0396,R0396,P230,pickup,HOME_P230,46.06528533989252,4.096970769260516,5,1,480,539
792,DO_R0396,R0396,P230,dropoff,H2,46.0457,4.0688,5,-1,500,545
793,PU_R0397,R0397,P230,pickup,H2,46.0457,4.0688,5,1,580,605
794,DO_R0397,R0397,P230,dropoff,HOME_P230,46.06528533989252,4.096970769260516,5,-1,580,655
795,PU_R0398,R0398,P231,pickup,HOME_P231,46.001460278542126,3.990397199076135,5,1,445,496
796,DO_R0398,R0398,P231,dropoff,H2,46.0457,4.0688,5,-1,465,510
797,PU_R0399,R0399,P231,pickup,H2,46.0457,4.0688,5,1,545,570
798,DO_R0399,R0399,P231,dropoff,HOME_P231,46.001460278542126,3.990397199076135,5,-1,545,620
799,PU_R0400,R0400,P232,pickup,HOME_P232,46.01731016782602,4.049356454522416,5,1,770,817
800,DO_R0400,R0400,P232,dropoff,H1,46.0533,4.0727,5,-1,780,825
801,PU_R0401,R0401,P233,pickup,HOME_P233,46.03560249521152,4.060737004474322,5,1,470,520
802,DO_R0401,R0401,P233,dropoff,H3,46.05,4.07,5,-1,480,525
803,PU_R0402,R0402,P233,pickup,H3,46.05,4.07,5,1,745,760
804,DO_R0402,R0402,P233,dropoff,HOME_P233,46.03560249521152,4.060737004474322,5,-1,745,800
805,PU_R0403,R0403,P234,pickup,HOME_P234,46.166878214661004,4.095043870906529,5,1,575,627
806,DO_R0403,R0403,P234,dropoff,H1,46.0533,4.0727,5,-1,605,650
807,PU_R0404,R0404,P234,pickup,H1,46.0533,4.0727,5,1,680,715
808,DO_R0404,R0404,P234,dropoff,HOME_P234,46.166878214661004,4.095043870906529,5,-1,680,775
809,PU_R0405,R0405,P235,pickup,HOME_P235,46.09121391884741,4.047309325840996,5,1,465,510
810,DO_R0405,R0405,P235,dropoff,H2,46.0457,4.0688,5,-1,475,520
811,PU_R0406,R0406,P235,pickup,H2,46.0457,4.0688,5,1,765,780
812,DO_R0406,R0406,P235,dropoff,HOME_P235,46.09121391884741,4.047309325840996,5,-1,765,820
813,PU_R0407,R0407,P236,pickup,HOME_P236,46.110080338024524,3.962959024164389,5,1,485,531
814,DO_R0407,R0407,P236,dropoff,H1,46.0533,4.0727,5,-1,505,550
815,PU_R0408,R0408,P236,pickup,H1,46.0533,4.0727,5,1,615,640
816,DO_R0408,R0408,P236,dropoff,HOME_P236,46.110080338024524,3.962959024164389,5,-1,615,690
817,PU_R0409,R0409,P237,pickup,HOME_P237,46.02680594613617,4.044105139916335,5,1,435,483
818,DO_R0409,R0409,P237,dropoff,H1,46.0533,4.0727,5,-1,445,490
819,PU_R0410,R0410,P238,pickup,HOME_P238,45.97679118749267,4.03520491933904,5,1,625,663
820,DO_R0410,R0410,P238,dropoff,H1,46.0533,4.0727,5,-1,635,680
821,PU_R0411,R0411,P238,pickup,H1,46.0533,4.0727,5,1,860,875
822,DO_R0411,R0411,P238,dropoff,HOME_P238,45.97679118749267,4.03520491933904,5,-1,860,915
823,PU_R0412,R0412,P239,pickup,HOME_P239,46.054840492231655,4.089417467340174,5,1,440,490
824,DO_R0412,R0412,P239,dropoff,H1,46.0533,4.0727,5,-1,450,495
825,PU_R0413,R0413,P239,pickup,H1,46.0533,4.0727,5,1,735,750
826,DO_R0413,R0413,P239,dropoff,HOME_P239,46.054840492231655,4.089417467340174,5,-1,735,790
827,PU_R0414,R0414,P240,pickup,HOME_P240,46.11792885998922,4.114316052430162,5,1,750,789
828,DO_R0414,R0414,P240,dropoff,H2,46.0457,4.0688,5,-1,760,805
829,PU_R0415,R0415,P241,pickup,HOME_P241,46.03495201072597,4.049762539451124,5,1,455,505
830,DO_R0415,R0415,P241,dropoff,H1,46.0533,4.0727,5,-1,465,510
831,PU_R0416,R0416,P241,pickup,H1,46.0533,4.0727,5,1,680,695
832,DO_R0416,R0416,P241,dropoff,HOME_P241,46.03495201072597,4.049762539451124,5,-1,680,735
833,PU_R0417,R0417,P242,pickup,HOME_P242,46.051193527072,4.082849534794195,5,1,450,500
834,DO_R0417,R0417,P242,dropoff,H1,46.0533,4.0727,5,-1,460,505
835,PU_R0418,R0418,P242,pickup,H1,46.0533,4.0727,5,1,745,760
836,DO_R0418,R0418,P242,dropoff,HOME_P242,46.051193527072,4.082849534794195,5,-1,745,800
837,PU_R0419,R0419,P243,pickup,HOME_P243,46.03384135122574,4.0761845866737225,5,1,760,810
838,DO_R0419,R0419,P243,dropoff,H2,46.0457,4.0688,5,-1,770,815
839,PU_R0420,R0420,P244,pickup,HOME_P244,46.038911187610815,3.975829541140461,5,1,835,886
840,DO_R0420,R0420,P244,dropoff,H1,46.0533,4.0727,5,-1,855,900
841,PU_R0421,R0421,P244,pickup,H1,46.0533,4.0727,5,1,970,995
842,DO_R0421,R0421,P244,dropoff,HOME_P244,46.038911187610815,3.975829541140461,5,-1,970,1045
843,PU_R0422,R0422,P245,pickup,HOME_P245,45.99368129580793,4.149773066190389,5,1,975,1024
844,DO_R0422,R0422,P245,dropoff,H1,46.0533,4.0727,5,-1,995,1040
845,PU_R0423,R0423,P246,pickup,HOME_P246,46.03915590082614,4.094195230893241,5,1,480,530
846,DO_R0423,R0423,P246,dropoff,H1,46.0533,4.0727,5,-1,490,535
847,PU_R0424,R0424,P246,pickup,H1,46.0533,4.0727,5,1,775,790
848,DO_R0424,R0424,P246,dropoff,HOME_P246,46.03915590082614,4.094195230893241,5,-1,775,830
849,PU_R0425,R0425,P247,pickup,HOME_P247,46.20774781865047,4.093101544412894,5,1,569,624
850,DO_R0425,R0425,P247,dropoff,H1,46.0533,4.0727,5,-1,610,655
851,PU_R0426,R0426,P247,pickup,H1,46.0533,4.0727,5,1,680,715
852,DO_R0426,R0426,P247,dropoff,HOME_P247,46.20774781865047,4.093101544412894,5,-1,680,786
853,PU_R0427,R0427,P248,pickup,HOME_P248,46.02195753809451,3.988432770274167,5,1,435,476
854,DO_R0427,R0427,P248,dropoff,H1,46.0533,4.0727,5,-1,445,490
855,PU_R0428,R0428,P248,pickup,H1,46.0533,4.0727,5,1,730,745
856,DO_R0428,R0428,P248,dropoff,HOME_P248,46.02195753809451,3.988432770274167,5,-1,730,785
857,PU_R0429,R0429,P249,pickup,HOME_P249,45.96030631261002,4.107660879576809,5,1,970,1017
858,DO_R0429,R0429,P249,dropoff,H2,46.0457,4.0688,5,-1,990,1035
859,PU_R0430,R0430,P250,pickup,HOME_P250,46.084574868674046,4.1255800526442306,5,1,730,774
860,DO_R0430,R0430,P250,dropoff,H2,46.0457,4.0688,5,-1,740,785
861,PU_R0431,R0431,P250,pickup,H2,46.0457,4.0688,5,1,945,960
862,DO_R0431,R0431,P250,dropoff,HOME_P250,46.084574868674046,4.1255800526442306,5,-1,945,1000
863,PU_R0432,R0432,P251,pickup,HOME_P251,46.00106818153138,4.125502653628305,5,1,475,517
864,DO_R0432,R0432,P251,dropoff,H1,46.0533,4.0727,5,-1,485,530
865,PU_R0433,R0433,P251,pickup,H1,46.0533,4.0727,5,1,770,785
866,DO_R0433,R0433,P251,dropoff,HOME_P251,46.00106818153138,4.125502653628305,5,-1,770,825
867,PU_R0434,R0434,P252,pickup,HOME_P252,46.08177204193071,3.994531268820672,5,1,775,817
868,DO_R0434,R0434,P252,dropoff,H1,46.0533,4.0727,5,-1,785,830
869,PU_R0435,R0435,P253,pickup,HOME_P253,45.997968066994076,4.093358657232099,5,1,505,558
870,DO_R0435,R0435,P253,dropoff,H1,46.0533,4.0727,5,-1,525,570
871,PU_R0436,R0436,P253,pickup,H1,46.0533,4.0727,5,1,645,670
872,DO_R0436,R0436,P253,dropoff,HOME_P253,45.997968066994076,4.093358657232099,5,-1,645,720
873,PU_R0437,R0437,P254,pickup,HOME_P254,46.089686699099936,3.99210736291747,5,1,510,561
874,DO_R0437,R0437,P254,dropoff,H1,46.0533,4.0727,5,-1,530,575
875,PU_R0438,R0438,P254,pickup,H1,46.0533,4.0727,5,1,645,670
876,DO_R0438,R0438,P254,dropoff,HOME_P254,46.089686699099936,3.99210736291747,5,-1,645,720
877,PU_R0439,R0439,P255,pickup,HOME_P255,46.00682785573718,4.086200167429615,5,1,775,821
878,DO_R0439,R0439,P255,dropoff,H2,46.0457,4.0688,5,-1,785,830
879,PU_R0440,R0440,P256,pickup,HOME_P256,46.02724776473152,4.058715582875932,5,1,970,1019
880,DO_R0440,R0440,P256,dropoff,H1,46.0533,4.0727,5,-1,980,1025
881,PU_R0441,R0441,P257,pickup,HOME_P257,45.99031605510105,4.023305436349059,5,1,810,860
882,DO_R0441,R0441,P257,dropoff,H1,46.0533,4.0727,5,-1,830,875
883,PU_R0442,R0442,P257,pickup,H1,46.0533,4.0727,5,1,940,965
884,DO_R0442,R0442,P257,dropoff,HOME_P257,45.99031605510105,4.023305436349059,5,-1,940,1015
885,PU_R0443,R0443,P258,pickup,HOME_P258,46.106383062619145,4.126393663704957,5,1,520,570
886,DO_R0443,R0443,P258,dropoff,H2,46.0457,4.0688,5,-1,540,585
887,PU_R0444,R0444,P258,pickup,H2,46.0457,4.0688,5,1,620,645
888,DO_R0444,R0444,P258,dropoff,HOME_P258,46.106383062619145,4.126393663704957,5,-1,620,695
889,PU_R0445,R0445,P259,pickup,HOME_P259,46.062131464238526,4.006496739444359,5,1,455,500
890,DO_R0445,R0445,P259,dropoff,H2,46.0457,4.0688,5,-1,465,510
891,PU_R0446,R0446,P259,pickup,H2,46.0457,4.0688,5,1,745,760
892,DO_R0446,R0446,P259,dropoff,HOME_P259,46.062131464238526,4.006496739444359,5,-1,745,800
893,PU_R0447,R0447,P260,pickup,HOME_P260,46.09561546822218,4.119716555375946,5,1,735,777
894,DO_R0447,R0447,P260,dropoff,H2,46.0457,4.0688,5,-1,745,790
895,PU_R0448,R0448,P261,pickup,HOME_P261,46.07081519191006,3.974030430963553,5,1,460,501
896,DO_R0448,R0448,P261,dropoff,H2,46.0457,4.0688,5,-1,470,515
897,PU_R0449,R0449,P261,pickup,H2,46.0457,4.0688,5,1,755,770
898,DO_R0449,R0449,P261,dropoff,HOME_P261,46.07081519191006,3.974030430963553,5,-1,755,810
899,PU_R0450,R0450,P262,pickup,HOME_P262,46.034572744927154,4.119214751882646,5,1,425,472
900,DO_R0450,R0450,P262,dropoff,H1,46.0533,4.0727,5,-1,435,480
901,PU_R0451,R0451,P262,pickup,H1,46.0533,4.0727,5,1,720,735
902,DO_R0451,R0451,P262,dropoff,HOME_P262,46.034572744927154,4.119214751882646,5,-1,720,775
903,PU_R0452,R0452,P263,pickup,HOME_P263,46.044770057312704,4.021093451806121,5,1,430,477
904,DO_R0452,R0452,P263,dropoff,H1,46.0533,4.0727,5,-1,440,485
905,PU_R0453,R0453,P263,pickup,H1,46.0533,4.0727,5,1,725,740
906,DO_R0453,R0453,P263,dropoff,HOME_P263,46.044770057312704,4.021093451806121,5,-1,725,780
907,PU_R0454,R0454,P264,pickup,HOME_P264,45.963158251216875,4.104396967587208,5,1,430,467
908,DO_R0454,R0454,P264,dropoff,H2,46.0457,4.0688,5,-1,440,485
909,PU_R0455,R0455,P264,pickup,H2,46.0457,4.0688,5,1,730,745
910,DO_R0455,R0455,P264,dropoff,HOME_P264,45.963158251216875,4.104396967587208,5,-1,730,785
911,PU_R0456,R0456,P265,pickup,HOME_P265,46.088843771364246,4.10355626765563,5,1,1015,1060
912,DO_R0456,R0456,P265,dropoff,H2,46.0457,4.0688,5,-1,1025,1070
913,PU_R0457,R0457,P266,pickup,HOME_P266,46.102463596535195,4.118869180172182,5,1,825,878
914,DO_R0457,R0457,P266,dropoff,H1,46.0533,4.0727,5,-1,845,890
915,PU_R0458,R0458,P266,pickup,H1,46.0533,4.0727,5,1,955,980
916,DO_R0458,R0458,P266,dropoff,HOME_P266,46.102463596535195,4.118869180172182,5,-1,955,1030
917,PU_R0459,R0459,P267,pickup,HOME_P267,45.982927323235025,4.125771003941178,5,1,795,845
918,DO_R0459,R0459,P267,dropoff,H2,46.0457,4.0688,5,-1,815,860
919,PU_R0460,R0460,P267,pickup,H2,46.0457,4.0688,5,1,900,925
920,DO_R0460,R0460,P267,dropoff,HOME_P267,45.982927323235025,4.125771003941178,5,-1,900,975
921,PU_R0461,R0461,P268,pickup,HOME_P268,46.079489966141935,3.976539712345269,5,1,445,495
922,DO_R0461,R0461,P268,dropoff,H2,46.0457,4.0688,5,-1,465,510
923,PU_R0462,R0462,P268,pickup,H2,46.0457,4.0688,5,1,545,570
924,DO_R0462,R0462,P268,dropoff,HOME_P268,46.079489966141935,3.976539712345269,5,-1,545,620
925,PU_R0463,R0463,P269,pickup,HOME_P269,46.072945578672105,4.103841895879975,5,1,435,482
926,DO_R0463,R0463,P269,dropoff,H2,46.0457,4.0688,5,-1,445,490
927,PU_R0464,R0464,P269,pickup,H2,46.0457,4.0688,5,1,750,765
928,DO_R0464,R0464,P269,dropoff,HOME_P269,46.072945578672105,4.103841895879975,5,-1,750,805
929,PU_R0465,R0465,P270,pickup,HOME_P270,46.05488435621794,4.153320549849737,5,1,1010,1063
930,DO_R0465,R0465,P270,dropoff,H2,46.0457,4.0688,5,-1,1030,1075
931,PU_R0466,R0466,P271,pickup,HOME_P271,46.01836227656343,3.9959307129780273,5,1,460,502
932,DO_R0466,R0466,P271,dropoff,H1,46.0533,4.0727,5,-1,470,515
933,PU_R0467,R0467,P271,pickup,H1,46.0533,4.0727,5,1,670,685
934,DO_R0467,R0467,P271,dropoff,HOME_P271,46.01836227656343,3.9959307129780273,5,-1,670,725
935,PU_R0468,R0468,P272,pickup,HOME_P272,45.98497350170266,4.100949039860207,5,1,735,776
936,DO_R0468,R0468,P272,dropoff,H3,46.05,4.07,5,-1,745,790
937,PU_R0469,R0469,P273,pickup,HOME_P273,45.919834726121785,4.149495270362915,5,1,603,656
938,DO_R0469,R0469,P273,dropoff,H1,46.0533,4.0727,5,-1,640,685
939,PU_R0470,R0470,P273,pickup,H1,46.0533,4.0727,5,1,710,745
940,DO_R0470,R0470,P273,dropoff,HOME_P273,45.919834726121785,4.149495270362915,5,-1,710,812
941,PU_R0471,R0471,P274,pickup,HOME_P274,46.10881035684323,4.061730278122106,5,1,640,693
942,DO_R0471,R0471,P274,dropoff,H1,46.0533,4.0727,5,-1,660,705
943,PU_R0472,R0472,P274,pickup,H1,46.0533,4.0727,5,1,775,800
944,DO_R0472,R0472,P274,dropoff,HOME_P274,46.10881035684323,4.061730278122106,5,-1,775,850
945,PU_R0473,R0473,P275,pickup,HOME_P275,46.07596087993425,4.104584321406531,5,1,765,813
946,DO_R0473,R0473,P275,dropoff,H1,46.0533,4.0727,5,-1,775,820
947,PU_R0474,R0474,P276,pickup,HOME_P276,46.04638561281892,4.065296796480203,5,1,485,545
948,DO_R0474,R0474,P276,dropoff,H2,46.0457,4.0688,5,-1,505,550
949,PU_R0475,R0475,P276,pickup,H2,46.0457,4.0688,5,1,575,600
950,DO_R0475,R0475,P276,dropoff,HOME_P276,46.04638561281892,4.065296796480203,5,-1,575,650
951,PU_R0476,R0476,P277,pickup,HOME_P277,46.113665902243895,4.114106613106848,5,1,425,466
952,DO_R0476,R0476,P277,dropoff,H1,46.0533,4.0727,5,-1,435,480
953,PU_R0477,R0477,P277,pickup,H1,46.0533,4.0727,5,1,720,735
954,DO_R0477,R0477,P277,dropoff,HOME_P277,46.113665902243895,4.114106613106848,5,-1,720,775
955,PU_R0478,R0478,P278,pickup,HOME_P278,45.96379697510055,4.072318678828587,5,1,470,507
956,DO_R0478,R0478,P278,dropoff,H1,46.0533,4.0727,5,-1,480,525
957,PU_R0479,R0479,P278,pickup,H1,46.0533,4.0727,5,1,705,720
958,DO_R0479,R0479,P278,dropoff,HOME_P278,45.96379697510055,4.072318678828587,5,-1,705,760
959,PU_R0480,R0480,P279,pickup,HOME_P279,46.08736531649701,4.028188822625568,5,1,480,525
960,DO_R0480,R0480,P279,dropoff,H1,46.0533,4.0727,5,-1,490,535
961,PU_R0481,R0481,P279,pickup,H1,46.0533,4.0727,5,1,775,790
962,DO_R0481,R0481,P279,dropoff,HOME_P279,46.08736531649701,4.028188822625568,5,-1,775,830
963,PU_R0482,R0482,P280,pickup,HOME_P280,46.116496876304474,4.08608887666976,5,1,765,805
964,DO_R0482,R0482,P280,dropoff,H2,46.0457,4.0688,5,-1,775,820
965,PU_R0483,R0483,P281,pickup,HOME_P281,45.96734416885071,4.147675081039019,5,1,520,565
966,DO_R0483,R0483,P281,dropoff,H1,46.0533,4.0727,5,-1,540,585
967,PU_R0484,R0484,P281,pickup,H1,46.0533,4.0727,5,1,645,670
968,DO_R0484,R0484,P281,dropoff,HOME_P281,45.96734416885071,4.147675081039019,5,-1,645,720
969,PU_R0485,R0485,P282,pickup,HOME_P282,46.05813564371698,4.150245260643947,5,1,820,874
970,DO_R0485,R0485,P282,dropoff,H1,46.0533,4.0727,5,-1,840,885
971,PU_R0486,R0486,P282,pickup,H1,46.0533,4.0727,5,1,950,975
972,DO_R0486,R0486,P282,dropoff,HOME_P282,46.05813564371698,4.150245260643947,5,-1,950,1025
973,PU_R0487,R0487,P283,pickup,HOME_P283,46.054577396894906,4.079542720967553,5,1,430,480
974,DO_R0487,R0487,P283,dropoff,H1,46.0533,4.0727,5,-1,440,485
975,PU_R0488,R0488,P283,pickup,H1,46.0533,4.0727,5,1,725,740
976,DO_R0488,R0488,P283,dropoff,HOME_P283,46.054577396894906,4.079542720967553,5,-1,725,780
977,PU_R0489,R0489,P284,pickup,HOME_P284,46.10306619164409,4.172673721218768,5,1,515,561
978,DO_R0489,R0489,P284,dropoff,H2,46.0457,4.0688,5,-1,535,580
979,PU_R0490,R0490,P284,pickup,H2,46.0457,4.0688,5,1,605,630
980,DO_R0490,R0490,P284,dropoff,HOME_P284,46.10306619164409,4.172673721218768,5,-1,605,680
981,PU_R0491,R0491,P285,pickup,HOME_P285,46.10164242415021,4.143169724678502,5,1,965,1016
982,DO_R0491,R0491,P285,dropoff,H1,46.0533,4.0727,5,-1,985,1030
983,PU_R0492,R0492,P286,pickup,HOME_P286,46.02622569467539,4.026110013223117,5,1,435,482
984,DO_R0492,R0492,P286,dropoff,H2,46.0457,4.0688,5,-1,445,490
985,PU_R0493,R0493,P286,pickup,H2,46.0457,4.0688,5,1,750,765
986,DO_R0493,R0493,P286,dropoff,HOME_P286,46.02622569467539,4.026110013223117,5,-1,750,805
987,PU_R0494,R0494,P287,pickup,HOME_P287,46.02384109081686,4.033358273045946,5,1,445,493
988,DO_R0494,R0494,P287,dropoff,H2,46.0457,4.0688,5,-1,455,500
989,PU_R0495,R0495,P287,pickup,H2,46.0457,4.0688,5,1,735,750
990,DO_R0495,R0495,P287,dropoff,HOME_P287,46.02384109081686,4.033358273045946,5,-1,735,790
991,PU_R0496,R0496,P288,pickup,HOME_P288,45.960313784551076,4.091651112188795,5,1,610,657
992,DO_R0496,R0496,P288,dropoff,H2,46.0457,4.0688,5,-1,630,675
993,PU_R0497,R0497,P288,pickup,H2,46.0457,4.0688,5,1,710,735
994,DO_R0497,R0497,P288,dropoff,HOME_P288,45.960313784551076,4.091651112188795,5,-1,710,785
995,PU_R0498,R0498,P289,pickup,HOME_P289,46.10331999712911,4.034133908522102,5,1,475,518
996,DO_R0498,R0498,P289,dropoff,H3,46.05,4.07,5,-1,485,530
997,PU_R0499,R0499,P289,pickup,H3,46.05,4.07,5,1,760,775
998,DO_R0499,R0499,P289,dropoff,HOME_P289,46.10331999712911,4.034133908522102,5,-1,760,815
999,PU_R0500,R0500,P290,pickup,HOME_P290,46.02452879129439,4.055284640666821,5,1,480,538
1000,DO_R0500,R0500,P290,dropoff,H1,46.0533,4.0727,5,-1,500,545
1001,PU_R0501,R0501,P290,pickup,H1,46.0533,4.0727,5,1,665,690
1002,DO_R0501,R0501,P290,dropoff,HOME_P290,46.02452879129439,4.055284640666821,5,-1,665,740
1003,PU_R0502,R0502,P291,pickup,HOME_P291,45.97611567203763,4.041215268675311,5,1,595,644
1004,DO_R0502,R0502,P291,dropoff,H1,46.0533,4.0727,5,-1,615,660
1005,PU_R0503,R0503,P291,pickup,H1,46.0533,4.0727,5,1,750,775
1006,DO_R0503,R0503,P291,dropoff,HOME_P291,45.97611567203763,4.041215268675311,5,-1,750,825
1007,PU_R0504,R0504,P292,pickup,HOME_P292,45.988980024684246,4.148464855206591,5,1,620,668
1008,DO_R0504,R0504,P292,dropoff,H1,46.0533,4.0727,5,-1,640,685
1009,PU_R0505,R0505,P292,pickup,H1,46.0533,4.0727,5,1,765,790
1010,DO_R0505,R0505,P292,dropoff,HOME_P292,45.988980024684246,4.148464855206591,5,-1,765,840
1011,PU_R0506,R0506,P293,pickup,HOME_P293,46.11910739883252,4.069877898869718,5,1,975,1016
1012,DO_R0506,R0506,P293,dropoff,H1,46.0533,4.0727,5,-1,985,1030
1013,PU_R0507,R0507,P294,pickup,HOME_P294,46.04590543916524,4.007741952038243,5,1,990,1046
1014,DO_R0507,R0507,P294,dropoff,H2,46.0457,4.0688,5,-1,1010,1055
1015,PU_R0508,R0508,P295,pickup,HOME_P295,46.020842066167845,4.01095823972058,5,1,465,509
1016,DO_R0508,R0508,P295,dropoff,H1,46.0533,4.0727,5,-1,475,520
1017,PU_R0509,R0509,P295,pickup,H1,46.0533,4.0727,5,1,690,705
1018,DO_R0509,R0509,P295,dropoff,HOME_P295,46.020842066167845,4.01095823972058,5,-1,690,745
1019,PU_R0510,R0510,P296,pickup,HOME_P296,46.014389981774855,4.000541395953547,5,1,765,808
1020,DO_R0510,R0510,P296,dropoff,H3,46.05,4.07,5,-1,775,820
1021,PU_R0511,R0511,P297,pickup,HOME_P297,46.04633880247882,4.074143835375292,5,1,440,490
1022,DO_R0511,R0511,P297,dropoff,H2,46.0457,4.0688,5,-1,450,495
1023,PU_R0512,R0512,P297,pickup,H2,46.0457,4.0688,5,1,715,730
1024,DO_R0512,R0512,P297,dropoff,HOME_P297,46.04633880247882,4.074143835375292,5,-1,715,770
1025,PU_R0513,R0513,P298,pickup,HOME_P298,46.045870876105006,4.095630543486392,5,1,735,785
1026,DO_R0513,R0513,P298,dropoff,H2,46.0457,4.0688,5,-1,745,790
1027,PU_R0514,R0514,P298,pickup,H2,46.0457,4.0688,5,1,920,935
1028,DO_R0514,R0514,P298,dropoff,HOME_P298,46.045870876105006,4.095630543486392,5,-1,920,975
1029,PU_R0515,R0515,P299,pickup,HOME_P299,46.040080767816946,4.146892117074423,5,1,495,549
1030,DO_R0515,R0515,P299,dropoff,H1,46.0533,4.0727,5,-1,515,560
1031,PU_R0516,R0516,P299,pickup,H1,46.0533,4.0727,5,1,665,690
1032,DO_R0516,R0516,P299,dropoff,HOME_P299,46.040080767816946,4.146892117074423,5,-1,665,740
1033,PU_R0517,R0517,P300,pickup,HOME_P300,46.06062827673118,4.02213967034271,5,1,775,822
1034,DO_R0517,R0517,P300,dropoff,H2,46.0457,4.0688,5,-1,785,830
1035,PU_R0518,R0518,P301,pickup,HOME_P301,46.06710374009341,3.962463165171504,5,1,615,654
1036,DO_R0518,R0518,P301,dropoff,H1,46.0533,4.0727,5,-1,625,670
1037,PU_R0519,R0519,P301,pickup,H1,46.0533,4.0727,5,1,850,865
1038,DO_R0519,R0519,P301,dropoff,HOME_P301,46.06710374009341,3.962463165171504,5,-1,850,905
1039,PU_R0520,R0520,P302,pickup,HOME_P302,46.10131407780897,4.166459410936977,5,1,610,648
1040,DO_R0520,R0520,P302,dropoff,H1,46.0533,4.0727,5,-1,620,665
1041,PU_R0521,R0521,P302,pickup,H1,46.0533,4.0727,5,1,825,840
1042,DO_R0521,R0521,P302,dropoff,HOME_P302,46.10131407780897,4.166459410936977,5,-1,825,880
1043,PU_R0522,R0522,P303,pickup,HOME_P303,46.11137357345322,4.128844460564151,5,1,475,524
1044,DO_R0522,R0522,P303,dropoff,H2,46.0457,4.0688,5,-1,495,540
1045,PU_R0523,R0523,P303,pickup,H2,46.0457,4.0688,5,1,570,595
1046,DO_R0523,R0523,P303,dropoff,HOME_P303,46.11137357345322,4.128844460564151,5,-1,570,645
1047,PU_R0524,R0524,P304,pickup,HOME_P304,46.01615669477118,4.0485327238297995,5,1,500,556
1048,DO_R0524,R0524,P304,dropoff,H1,46.0533,4.0727,5,-1,520,565
1049,PU_R0525,R0525,P304,pickup,H1,46.0533,4.0727,5,1,635,660
1050,DO_R0525,R0525,P304,dropoff,HOME_P304,46.01615669477118,4.0485327238297995,5,-1,635,710
1051,PU_R0526,R0526,P305,pickup,HOME_P305,46.12087330752896,3.9900544534041114,5,1,430,467
1052,DO_R0526,R0526,P305,dropoff,H1,46.0533,4.0727,5,-1,440,485
1053,PU_R0527,R0527,P305,pickup,H1,46.0533,4.0727,5,1,645,660
1054,DO_R0527,R0527,P305,dropoff,HOME_P305,46.12087330752896,3.9900544534041114,5,-1,645,700
1055,PU_R0528,R0528,P306,pickup,HOME_P306,46.00141022300825,4.040166265585954,5,1,755,799
1056,DO_R0528,R0528,P306,dropoff,H3,46.05,4.07,5,-1,765,810
1057,PU_R0529,R0529,P307,pickup,HOME_P307,46.09115742050881,3.9472664357253606,5,1,505,550
1058,DO_R0529,R0529,P307,dropoff,H2,46.0457,4.0688,5,-1,525,570
1059,PU_R0530,R0530,P307,pickup,H2,46.0457,4.0688,5,1,610,635
1060,DO_R0530,R0530,P307,dropoff,HOME_P307,46.09115742050881,3.9472664357253606,5,-1,610,685
1061,PU_R0531,R0531,P308,pickup,HOME_P308,46.01395801371816,4.058657799023426,5,1,475,533
1062,DO_R0531,R0531,P308,dropoff,H2,46.0457,4.0688,5,-1,495,540
1063,PU_R0532,R0532,P308,pickup,H2,46.0457,4.0688,5,1,565,590
1064,DO_R0532,R0532,P308,dropoff,HOME_P308,46.01395801371816,4.058657799023426,5,-1,565,640
1065,PU_R0533,R0533,P309,pickup,HOME_P309,46.04167604332546,4.007579158755364,5,1,760,806
1066,DO_R0533,R0533,P309,dropoff,H3,46.05,4.07,5,-1,770,815
1067,PU_R0534,R0534,P310,pickup,HOME_P310,46.033404042202534,4.1238763347708485,5,1,740,787
1068,DO_R0534,R0534,P310,dropoff,H2,46.0457,4.0688,5,-1,750,795
1069,PU_R0535,R0535,P311,pickup,HOME_P311,46.003471163091255,4.0882409050698705,5,1,445,491
1070,DO_R0535,R0535,P311,dropoff,H2,46.0457,4.0688,5,-1,455,500
1071,PU_R0536,R0536,P311,pickup,H2,46.0457,4.0688,5,1,710,725
1072,DO_R0536,R0536,P311,dropoff,HOME_P311,46.003471163091255,4.0882409050698705,5,-1,710,765
1073,PU_R0537,R0537,P312,pickup,HOME_P312,46.10275339311249,4.115480527474066,5,1,965,1018
1074,DO_R0537,R0537,P312,dropoff,H1,46.0533,4.0727,5,-1,985,1030
1075,PU_R0538,R0538,P313,pickup,HOME_P313,46.071052909440944,3.909278307250892,5,1,900,952
1076,DO_R0538,R0538,P313,dropoff,H1,46.0533,4.0727,5,-1,930,975
1077,PU_R0539,R0539,P314,pickup,HOME_P314,45.99061837142513,4.040345708270281,5,1,615,666
1078,DO_R0539,R0539,P314,dropoff,H1,46.0533,4.0727,5,-1,635,680
1079,PU_R0540,R0540,P314,pickup,H1,46.0533,4.0727,5,1,745,770
1080,DO_R0540,R0540,P314,dropoff,HOME_P314,45.99061837142513,4.040345708270281,5,-1,745,820
1081,PU_R0541,R0541,P315,pickup,HOME_P315,46.01992774930976,3.996092951070884,5,1,735,778
1082,DO_R0541,R0541,P315,dropoff,H2,46.0457,4.0688,5,-1,745,790
1083,PU_R0542,R0542,P316,pickup,HOME_P316,46.0639464080798,4.115281626336232,5,1,430,478
1084,DO_R0542,R0542,P316,dropoff,H1,46.0533,4.0727,5,-1,440,485
1085,PU_R0543,R0543,P316,pickup,H1,46.0533,4.0727,5,1,725,740
1086,DO_R0543,R0543,P316,dropoff,HOME_P316,46.0639464080798,4.115281626336232,5,-1,725,780
1087,PU_R0544,R0544,P317,pickup,HOME_P317,46.00315179499264,4.047491910447174,5,1,470,514
1088,DO_R0544,R0544,P317,dropoff,H1,46.0533,4.0727,5,-1,480,525
1089,PU_R0545,R0545,P317,pickup,H1,46.0533,4.0727,5,1,765,780
1090,DO_R0545,R0545,P317,dropoff,HOME_P317,46.00315179499264,4.047491910447174,5,-1,765,820
1091,PU_R0546,R0546,P318,pickup,HOME_P318,46.01726489604874,4.132512818588153,5,1,1010,1054
1092,DO_R0546,R0546,P318,dropoff,H1,46.0533,4.0727,5,-1,1020,1065
1093,PU_R0547,R0547,P319,pickup,HOME_P319,46.05481172914387,4.109119294247151,5,1,745,794
1094,DO_R0547,R0547,P319,dropoff,H3,46.05,4.07,5,-1,755,800
1095,PU_R0548,R0548,P319,pickup,H3,46.05,4.07,5,1,1020,1035
1096,DO_R0548,R0548,P319,dropoff,HOME_P319,46.05481172914387,4.109119294247151,5,-1,1020,1075
1097,PU_R0549,R0549,P320,pickup,HOME_P320,46.01569904171861,4.118146688384709,5,1,440,485
1098,DO_R0549,R0549,P320,dropoff,H1,46.0533,4.0727,5,-1,450,495
1099,PU_R0550,R0550,P320,pickup,H1,46.0533,4.0727,5,1,735,750
1100,DO_R0550,R0550,P320,dropoff,HOME_P320,46.01569904171861,4.118146688384709,5,-1,735,790
1101,PU_R0551,R0551,P321,pickup,HOME_P321,46.02287717277502,4.050548906121365,5,1,755,804
1102,DO_R0551,R0551,P321,dropoff,H2,46.0457,4.0688,5,-1,765,810
1103,PU_R0552,R0552,P322,pickup,HOME_P322,46.08199027887233,4.203002432641777,5,1,590,635
1104,DO_R0552,R0552,P322,dropoff,H2,46.0457,4.0688,5,-1,610,655
1105,PU_R0553,R0553,P322,pickup,H2,46.0457,4.0688,5,1,690,715
1106,DO_R0553,R0553,P322,dropoff,HOME_P322,46.08199027887233,4.203002432641777,5,-1,690,765
1107,PU_R0554,R0554,P323,pickup,HOME_P323,45.99386333161124,4.047206352801827,5,1,780,823
1108,DO_R0554,R0554,P323,dropoff,H3,46.05,4.07,5,-1,790,835
1109,PU_R0555,R0555,P324,pickup,HOME_P324,46.0906174540815,4.079112582712547,5,1,745,790
1110,DO_R0555,R0555,P324,dropoff,H2,46.0457,4.0688,5,-1,755,800
1111,PU_R0556,R0556,P324,pickup,H2,46.0457,4.0688,5,1,965,980
1112,DO_R0556,R0556,P324,dropoff,HOME_P324,46.0906174540815,4.079112582712547,5,-1,965,1020
1113,PU_R0557,R0557,P325,pickup,HOME_P325,46.08182190329036,4.013676174654714,5,1,465,509
1114,DO_R0557,R0557,P325,dropoff,H2,46.0457,4.0688,5,-1,475,520
1115,PU_R0558,R0558,P325,pickup,H2,46.0457,4.0688,5,1,785,800
1116,DO_R0558,R0558,P325,dropoff,HOME_P325,46.08182190329036,4.013676174654714,5,-1,785,840
1117,PU_R0559,R0559,P326,pickup,HOME_P326,46.03286129407744,4.12300309172939,5,1,450,496
1118,DO_R0559,R0559,P326,dropoff,H1,46.0533,4.0727,5,-1,460,505
1119,PU_R0560,R0560,P326,pickup,H1,46.0533,4.0727,5,1,745,760
1120,DO_R0560,R0560,P326,dropoff,HOME_P326,46.03286129407744,4.12300309172939,5,-1,745,800
1121,PU_R0561,R0561,P327,pickup,HOME_P327,46.05500711028895,3.993047769341712,5,1,760,804
1122,DO_R0561,R0561,P327,dropoff,H1,46.0533,4.0727,5,-1,770,815
1123,PU_R0562,R0562,P328,pickup,HOME_P328,46.02676916496623,4.041765618038043,5,1,740,789
1124,DO_R0562,R0562,P328,dropoff,H2,46.0457,4.0688,5,-1,750,795
1125,PU_R0563,R0563,P328,pickup,H2,46.0457,4.0688,5,1,985,1000
1126,DO_R0563,R0563,P328,dropoff,HOME_P328,46.02676916496623,4.041765618038043,5,-1,985,1040
1127,PU_R0564,R0564,P329,pickup,HOME_P329,46.07430307741113,4.135099558555893,5,1,730,774
1128,DO_R0564,R0564,P329,dropoff,H3,46.05,4.07,5,-1,740,785
1129,PU_R0565,R0565,P329,pickup,H3,46.05,4.07,5,1,1020,1035
1130,DO_R0565,R0565,P329,dropoff,HOME_P329,46.07430307741113,4.135099558555893,5,-1,1020,1075
1131,PU_R0566,R0566,P330,pickup,HOME_P330,46.048858052285716,4.057635537300294,5,1,810,870
1132,DO_R0566,R0566,P330,dropoff,H1,46.0533,4.0727,5,-1,830,875
1133,PU_R0567,R0567,P330,pickup,H1,46.0533,4.0727,5,1,970,995
1134,DO_R0567,R0567,P330,dropoff,HOME_P330,46.048858052285716,4.057635537300294,5,-1,970,1045
1135,PU_R0568,R0568,P331,pickup,HOME_P331,46.13115113527506,4.040847003721044,5,1,575,623
1136,DO_R0568,R0568,P331,dropoff,H1,46.0533,4.0727,5,-1,595,640
1137,PU_R0569,R0569,P332,pickup,HOME_P332,45.95518850836334,4.03956454045992,5,1,795,839
1138,DO_R0569,R0569,P332,dropoff,H1,46.0533,4.0727,5,-1,815,860
1139,PU_R0570,R0570,P332,pickup,H1,46.0533,4.0727,5,1,945,970
1140,DO_R0570,R0570,P332,dropoff,HOME_P332,45.95518850836334,4.03956454045992,5,-1,945,1020
1141,PU_R0571,R0571,P333,pickup,HOME_P333,46.14083160288548,4.0969656694214995,5,1,460,505
1142,DO_R0571,R0571,P333,dropoff,H2,46.0457,4.0688,5,-1,480,525
1143,PU_R0572,R0572,P333,pickup,H2,46.0457,4.0688,5,1,555,580
1144,DO_R0572,R0572,P333,dropoff,HOME_P333,46.14083160288548,4.0969656694214995,5,-1,555,630
1145,PU_R0573,R0573,P334,pickup,HOME_P334,46.08949118091763,4.131243281938115,5,1,775,818
1146,DO_R0573,R0573,P334,dropoff,H3,46.05,4.07,5,-1,785,830
1147,PU_R0574,R0574,P335,pickup,HOME_P335,46.039424136474324,4.099727995181191,5,1,740,790
1148,DO_R0574,R0574,P335,dropoff,H3,46.05,4.07,5,-1,750,795
1149,PU_R0575,R0575,P335,pickup,H3,46.05,4.07,5,1,1020,1035
1150,DO_R0575,R0575,P335,dropoff,HOME_P335,46.039424136474324,4.099727995181191,5,-1,1020,1075
1151,PU_R0576,R0576,P336,pickup,HOME_P336,45.99270797190844,4.0247350596342,5,1,435,476
1152,DO_R0576,R0576,P336,dropoff,H1,46.0533,4.0727,5,-1,445,490
1153,PU_R0577,R0577,P336,pickup,H1,46.0533,4.0727,5,1,730,745
1154,DO_R0577,R0577,P336,dropoff,HOME_P336,45.99270797190844,4.0247350596342,5,-1,730,785
1155,PU_R0578,R0578,P337,pickup,HOME_P337,46.046165927203646,3.994150310103717,5,1,525,579
1156,DO_R0578,R0578,P337,dropoff,H1,46.0533,4.0727,5,-1,545,590
1157,PU_R0579,R0579,P337,pickup,H1,46.0533,4.0727,5,1,650,675
1158,DO_R0579,R0579,P337,dropoff,HOME_P337,46.046165927203646,3.994150310103717,5,-1,650,725
1159,PU_R0580,R0580,P338,pickup,HOME_P338,46.03071014425342,4.046013561723421,5,1,515,584
1160,DO_R0580,R0580,P338,dropoff,H1,46.0533,4.0727,5,-1,545,590
1161,PU_R0581,R0581,P338,pickup,H1,46.0533,4.0727,5,1,620,655
1162,DO_R0581,R0581,P338,dropoff,HOME_P338,46.03071014425342,4.046013561723421,5,-1,620,715
1163,PU_R0582,R0582,P339,pickup,HOME_P339,46.05362317913542,4.02646577144403,5,1,425,473
1164,DO_R0582,R0582,P339,dropoff,H3,46.05,4.07,5,-1,435,480
1165,PU_R0583,R0583,P339,pickup,H3,46.05,4.07,5,1,725,740
1166,DO_R0583,R0583,P339,dropoff,HOME_P339,46.05362317913542,4.02646577144403,5,-1,725,780
1167,PU_R0584,R0584,P340,pickup,HOME_P340,46.11658875637791,4.116713214032569,5,1,470,511
1168,DO_R0584,R0584,P340,dropoff,H1,46.0533,4.0727,5,-1,480,525
1169,PU_R0585,R0585,P340,pickup,H1,46.0533,4.0727,5,1,765,780
1170,DO_R0585,R0585,P340,dropoff,HOME_P340,46.11658875637791,4.116713214032569,5,-1,765,820
1171,PU_R0586,R0586,P341,pickup,HOME_P341,45.973549480982264,3.968793236775655,5,1,800,843
1172,DO_R0586,R0586,P341,dropoff,H1,46.0533,4.0727,5,-1,820,865
1173,PU_R0587,R0587,P341,pickup,H1,46.0533,4.0727,5,1,930,955
1174,DO_R0587,R0587,P341,dropoff,HOME_P341,45.973549480982264,3.968793236775655,5,-1,930,1005
1175,PU_R0588,R0588,P342,pickup,HOME_P342,46.08077880544653,4.121347180607029,5,1,735,779
1176,DO_R0588,R0588,P342,dropoff,H2,46.0457,4.0688,5,-1,745,790
1177,PU_R0589,R0589,P342,pickup,H2,46.0457,4.0688,5,1,1015,1030
1178,DO_R0589,R0589,P342,dropoff,HOME_P342,46.08077880544653,4.121347180607029,5,-1,1015,1070
1179,PU_R0590,R0590,P343,pickup,HOME_P343,46.12319482171012,3.968585467807763,5,1,500,545
1180,DO_R0590,R0590,P343,dropoff,H1,46.0533,4.0727,5,-1,520,565
1181,PU_R0591,R0591,P343,pickup,H1,46.0533,4.0727,5,1,635,660
1182,DO_R0591,R0591,P343,dropoff,HOME_P343,46.12319482171012,3.968585467807763,5,-1,635,710
1183,PU_R0592,R0592,P344,pickup,HOME_P344,46.092321278375884,4.012472771244386,5,1,515,568
1184,DO_R0592,R0592,P344,dropoff,H1,46.0533,4.0727,5,-1,535,580
1185,PU_R0593,R0593,P344,pickup,H1,46.0533,4.0727,5,1,690,715
1186,DO_R0593,R0593,P344,dropoff,HOME_P344,46.092321278375884,4.012472771244386,5,-1,690,765
1187,PU_R0594,R0594,P345,pickup,HOME_P345,46.10328409345484,4.168195113396679,5,1,610,658
1188,DO_R0594,R0594,P345,dropoff,H1,46.0533,4.0727,5,-1,630,675
1189,PU_R0595,R0595,P345,pickup,H1,46.0533,4.0727,5,1,745,770
1190,DO_R0595,R0595,P345,dropoff,HOME_P345,46.10328409345484,4.168195113396679,5,-1,745,820
1191,PU_R0596,R0596,P346,pickup,HOME_P346,46.02075182335786,4.149381306284929,5,1,510,562
1192,DO_R0596,R0596,P346,dropoff,H1,46.0533,4.0727,5,-1,530,575
1193,PU_R0597,R0597,P346,pickup,H1,46.0533,4.0727,5,1,660,685
1194,DO_R0597,R0597,P346,dropoff,HOME_P346,46.02075182335786,4.149381306284929,5,-1,660,735
1195,PU_R0598,R0598,P347,pickup,HOME_P347,46.01807209413615,4.128764481666868,5,1,760,804
1196,DO_R0598,R0598,P347,dropoff,H1,46.0533,4.0727,5,-1,770,815
1197,PU_R0599,R0599,P348,pickup,HOME_P348,46.091549341621224,4.099190118799889,5,1,980,1046
1198,DO_R0599,R0599,P348,dropoff,H1,46.0533,4.0727,5,-1,1010,1055
1199,PU_R0600,R0600,P349,pickup,HOME_P349,46.107271811653774,4.13372746134206,5,1,430,471
1200,DO_R0600,R0600,P349,dropoff,H1,46.0533,4.0727,5,-1,440,485
1201,PU_R0601,R0601,P349,pickup,H1,46.0533,4.0727,5,1,725,740
1202,DO_R0601,R0601,P349,dropoff,HOME_P349,46.107271811653774,4.13372746134206,5,-1,725,780
1203,PU_R0602,R0602,P350,pickup,HOME_P350,46.02120768004438,4.037117992202046,5,1,740,786
1204,DO_R0602,R0602,P350,dropoff,H1,46.0533,4.0727,5,-1,750,795
1205,PU_R0603,R0603,P351,pickup,HOME_P351,46.108117663488215,4.023967552807752,5,1,760,802
1206,DO_R0603,R0603,P351,dropoff,H1,46.0533,4.0727,5,-1,770,815
1207,PU_R0604,R0604,P352,pickup,HOME_P352,46.09483717704776,4.036369810771069,5,1,875,919
1208,DO_R0604,R0604,P352,dropoff,H2,46.0457,4.0688,5,-1,885,930
1209,PU_R0605,R0605,P353,pickup,HOME_P353,46.0356666879695,4.102260703277347,5,1,770,819
1210,DO_R0605,R0605,P353,dropoff,H3,46.05,4.07,5,-1,780,825
1211,PU_R0606,R0606,P354,pickup,HOME_P354,46.04144505750731,3.98140639561986,5,1,450,492
1212,DO_R0606,R0606,P354,dropoff,H2,46.0457,4.0688,5,-1,460,505
1213,PU_R0607,R0607,P354,pickup,H2,46.0457,4.0688,5,1,750,765
1214,DO_R0607,R0607,P354,dropoff,HOME_P354,46.04144505750731,3.98140639561986,5,-1,750,805
1215,PU_R0608,R0608,P355,pickup,HOME_P355,45.9831796054149,4.084205247003099,5,1,750,792
1216,DO_R0608,R0608,P355,dropoff,H2,46.0457,4.0688,5,-1,760,805
1217,PU_R0609,R0609,P355,pickup,H2,46.0457,4.0688,5,1,930,945
1218,DO_R0609,R0609,P355,dropoff,HOME_P355,45.9831796054149,4.084205247003099,5,-1,930,985
1219,PU_R0610,R0610,P356,pickup,HOME_P356,46.018133240856514,3.934049535059522,5,1,995,1040
1220,DO_R0610,R0610,P356,dropoff,H2,46.0457,4.0688,5,-1,1015,1060
1221,PU_R0611,R0611,P357,pickup,HOME_P357,46.10531469933545,4.0416730986970295,5,1,770,813
1222,DO_R0611,R0611,P357,dropoff,H1,46.0533,4.0727,5,-1,780,825
1223,PU_R0612,R0612,P358,pickup,HOME_P358,46.02719262375544,4.173138927468446,5,1,445,485
1224,DO_R0612,R0612,P358,dropoff,H2,46.0457,4.0688,5,-1,455,500
1225,PU_R0613,R0613,P358,pickup,H2,46.0457,4.0688,5,1,835,850
1226,DO_R0613,R0613,P358,dropoff,HOME_P358,46.02719262375544,4.173138927468446,5,-1,835,890
1227,PU_R0614,R0614,P359,pickup,HOME_P359,46.046009127693175,4.173458440720028,5,1,440,480
1228,DO_R0614,R0614,P359,dropoff,H3,46.05,4.07,5,-1,450,495
1229,PU_R0615,R0615,P359,pickup,H3,46.05,4.07,5,1,750,765
1230,DO_R0615,R0615,P359,dropoff,HOME_P359,46.046009127693175,4.173458440720028,5,-1,750,805
1231,PU_R0616,R0616,P360,pickup,HOME_P360,46.00512018695391,4.13034141098832,5,1,760,803
1232,DO_R0616,R0616,P360,dropoff,H2,46.0457,4.0688,5,-1,770,815
1233,PU_R0617,R0617,P361,pickup,HOME_P361,46.019635960587046,4.065697170213628,5,1,855,914
1234,DO_R0617,R0617,P361,dropoff,H2,46.0457,4.0688,5,-1,875,920
1235,PU_R0618,R0618,P361,pickup,H2,46.0457,4.0688,5,1,950,975
1236,DO_R0618,R0618,P361,dropoff,HOME_P361,46.019635960587046,4.065697170213628,5,-1,950,1025
1237,PU_R0619,R0619,P362,pickup,HOME_P362,45.99349077852638,4.077560746635302,5,1,775,819
1238,DO_R0619,R0619,P362,dropoff,H2,46.0457,4.0688,5,-1,785,830
1239,PU_R0620,R0620,P363,pickup,HOME_P363,46.08853123380304,4.211346191730203,5,1,580,623
1240,DO_R0620,R0620,P363,dropoff,H2,46.0457,4.0688,5,-1,600,645
1241,PU_R0621,R0621,P363,pickup,H2,46.0457,4.0688,5,1,685,710
1242,DO_R0621,R0621,P363,dropoff,HOME_P363,46.08853123380304,4.211346191730203,5,-1,685,760
1243,PU_R0622,R0622,P364,pickup,HOME_P364,46.13855229545222,4.030958028398033,5,1,625,672
1244,DO_R0622,R0622,P364,dropoff,H1,46.0533,4.0727,5,-1,645,690
1245,PU_R0623,R0623,P364,pickup,H1,46.0533,4.0727,5,1,810,835
1246,DO_R0623,R0623,P364,dropoff,HOME_P364,46.13855229545222,4.030958028398033,5,-1,810,885
1247,PU_R0624,R0624,P365,pickup,HOME_P365,46.1453871643456,4.148878631646394,5,1,520,563
1248,DO_R0624,R0624,P365,dropoff,H1,46.0533,4.0727,5,-1,540,585
1249,PU_R0625,R0625,P365,pickup,H1,46.0533,4.0727,5,1,675,700
1250,DO_R0625,R0625,P365,dropoff,HOME_P365,46.1453871643456,4.148878631646394,5,-1,675,750
1251,PU_R0626,R0626,P366,pickup,HOME_P366,46.157104365285235,4.105837266702968,5,1,830,873
1252,DO_R0626,R0626,P366,dropoff,H1,46.0533,4.0727,5,-1,850,895
1253,PU_R0627,R0627,P366,pickup,H1,46.0533,4.0727,5,1,975,1000
1254,DO_R0627,R0627,P366,dropoff,HOME_P366,46.157104365285235,4.105837266702968,5,-1,975,1050
1255,PU_R0628,R0628,P367,pickup,HOME_P367,46.0355870937973,3.9577207111226955,5,1,790,838
1256,DO_R0628,R0628,P367,dropoff,H1,46.0533,4.0727,5,-1,810,855
1257,PU_R0629,R0629,P367,pickup,H1,46.0533,4.0727,5,1,960,985
1258,DO_R0629,R0629,P367,dropoff,HOME_P367,46.0355870937973,3.9577207111226955,5,-1,960,1035
1259,PU_R0630,R0630,P368,pickup,HOME_P368,46.02543258718671,4.091874113895793,5,1,585,644
1260,DO_R0630,R0630,P368,dropoff,H2,46.0457,4.0688,5,-1,605,650
1261,PU_R0631,R0631,P368,pickup,H2,46.0457,4.0688,5,1,685,710
1262,DO_R0631,R0631,P368,dropoff,HOME_P368,46.02543258718671,4.091874113895793,5,-1,685,760
1263,PU_R0632,R0632,P369,pickup,HOME_P369,46.061894191811454,4.138732751784841,5,1,445,489
1264,DO_R0632,R0632,P369,dropoff,H2,46.0457,4.0688,5,-1,455,500
1265,PU_R0633,R0633,P369,pickup,H2,46.0457,4.0688,5,1,735,750
1266,DO_R0633,R0633,P369,dropoff,HOME_P369,46.061894191811454,4.138732751784841,5,-1,735,790
1267,PU_R0634,R0634,P370,pickup,HOME_P370,46.046803035891806,4.203314754364033,5,1,450,496
1268,DO_R0634,R0634,P370,dropoff,H1,46.0533,4.0727,5,-1,470,515
1269,PU_R0635,R0635,P370,pickup,H1,46.0533,4.0727,5,1,620,645
1270,DO_R0635,R0635,P370,dropoff,HOME_P370,46.046803035891806,4.203314754364033,5,-1,620,695
1271,PU_R0636,R0636,P371,pickup,HOME_P371,46.05908546712522,4.017048635285117,5,1,745,792
1272,DO_R0636,R0636,P371,dropoff,H2,46.0457,4.0688,5,-1,755,800
1273,PU_R0637,R0637,P372,pickup,HOME_P372,46.10990581332726,4.076724929054616,5,1,495,548
1274,DO_R0637,R0637,P372,dropoff,H1,46.0533,4.0727,5,-1,515,560
1275,PU_R0638,R0638,P372,pickup,H1,46.0533,4.0727,5,1,675,700
1276,DO_R0638,R0638,P372,dropoff,HOME_P372,46.10990581332726,4.076724929054616,5,-1,675,750
1277,PU_R0639,R0639,P373,pickup,HOME_P373,46.063147997662405,4.165870999558241,5,1,425,466
1278,DO_R0639,R0639,P373,dropoff,H2,46.0457,4.0688,5,-1,435,480
1279,PU_R0640,R0640,P373,pickup,H2,46.0457,4.0688,5,1,700,715
1280,DO_R0640,R0640,P373,dropoff,HOME_P373,46.063147997662405,4.165870999558241,5,-1,700,755
1281,PU_R0641,R0641,P374,pickup,HOME_P374,46.01499597288778,3.9672116088770975,5,1,620,669
1282,DO_R0641,R0641,P374,dropoff,H2,46.0457,4.0688,5,-1,640,685
1283,PU_R0642,R0642,P375,pickup,HOME_P375,46.02329482033511,4.0710613719030855,5,1,750,799
1284,DO_R0642,R0642,P375,dropoff,H1,46.0533,4.0727,5,-1,760,805
1285,PU_R0643,R0643,P376,pickup,HOME_P376,46.065831067536806,4.0117202944471995,5,1,430,476
1286,DO_R0643,R0643,P376,dropoff,H1,46.0533,4.0727,5,-1,440,485
1287,PU_R0644,R0644,P376,pickup,H1,46.0533,4.0727,5,1,725,740
1288,DO_R0644,R0644,P376,dropoff,HOME_P376,46.065831067536806,4.0117202944471995,5,-1,725,780
1289,PU_R0645,R0645,P377,pickup,HOME_P377,45.96558866971112,3.9679193726762207,5,1,595,638
1290,DO_R0645,R0645,P377,dropoff,H2,46.0457,4.0688,5,-1,615,660
1291,PU_R0646,R0646,P378,pickup,HOME_P378,46.01816683486797,4.2501065448326445,5,1,554,604
1292,DO_R0646,R0646,P378,dropoff,H1,46.0533,4.0727,5,-1,585,630
1293,PU_R0647,R0647,P378,pickup,H1,46.0533,4.0727,5,1,655,690
1294,DO_R0647,R0647,P378,dropoff,HOME_P378,46.01816683486797,4.2501065448326445,5,-1,655,751
1295,PU_R0648,R0648,P379,pickup,HOME_P379,46.054130216800225,4.085392974561696,5,1,620,680
1296,DO_R0648,R0648,P379,dropoff,H1,46.0533,4.0727,5,-1,640,685
1297,PU_R0649,R0649,P379,pickup,H1,46.0533,4.0727,5,1,800,825
1298,DO_R0649,R0649,P379,dropoff,HOME_P379,46.054130216800225,4.085392974561696,5,-1,800,875
1299,PU_R0650,R0650,P380,pickup,HOME_P380,46.04963362557511,3.9334680884748123,5,1,445,490
1300,DO_R0650,R0650,P380,dropoff,H1,46.0533,4.0727,5,-1,465,510
1301,PU_R0651,R0651,P380,pickup,H1,46.0533,4.0727,5,1,610,635
1302,DO_R0651,R0651,P380,dropoff,HOME_P380,46.04963362557511,3.9334680884748123,5,-1,610,685
1303,PU_R0652,R0652,P381,pickup,HOME_P381,46.0026633628831,4.130152946110385,5,1,465,507
1304,DO_R0652,R0652,P381,dropoff,H2,46.0457,4.0688,5,-1,475,520
1305,PU_R0653,R0653,P381,pickup,H2,46.0457,4.0688,5,1,745,760
1306,DO_R0653,R0653,P381,dropoff,HOME_P381,46.0026633628831,4.130152946110385,5,-1,745,800
1307,PU_R0654,R0654,P382,pickup,HOME_P382,46.14181318374097,4.0486149451261655,5,1,755,812
1308,DO_R0654,R0654,P382,dropoff,H1,46.0533,4.0727,5,-1,785,830
1309,PU_R0655,R0655,P382,pickup,H1,46.0533,4.0727,5,1,855,890
1310,DO_R0655,R0655,P382,dropoff,HOME_P382,46.14181318374097,4.0486149451261655,5,-1,855,950
1311,PU_R0656,R0656,P383,pickup,HOME_P383,46.168924448896966,3.9646349733738417,5,1,965,1017
1312,DO_R0656,R0656,P383,dropoff,H1,46.0533,4.0727,5,-1,1000,1045
1313,PU_R0657,R0657,P384,pickup,HOME_P384,46.0802452201631,4.132615948013118,5,1,425,469
1314,DO_R0657,R0657,P384,dropoff,H3,46.05,4.07,5,-1,435,480
1315,PU_R0658,R0658,P384,pickup,H3,46.05,4.07,5,1,735,750
1316,DO_R0658,R0658,P384,dropoff,HOME_P384,46.0802452201631,4.132615948013118,5,-1,735,790
1317,PU_R0659,R0659,P385,pickup,HOME_P385,46.088829726329045,4.117039002988419,5,1,765,810
1318,DO_R0659,R0659,P385,dropoff,H1,46.0533,4.0727,5,-1,775,820
1319,PU_R0660,R0660,P386,pickup,HOME_P386,46.102211307926545,4.047152112771211,5,1,430,473
1320,DO_R0660,R0660,P386,dropoff,H2,46.0457,4.0688,5,-1,440,485
1321,PU_R0661,R0661,P386,pickup,H2,46.0457,4.0688,5,1,730,745
1322,DO_R0661,R0661,P386,dropoff,HOME_P386,46.102211307926545,4.047152112771211,5,-1,730,785
1323,PU_R0662,R0662,P387,pickup,HOME_P387,46.028713905866,4.092169599022982,5,1,725,774
1324,DO_R0662,R0662,P387,dropoff,H1,46.0533,4.0727,5,-1,735,780
1325,PU_R0663,R0663,P387,pickup,H1,46.0533,4.0727,5,1,1020,1035
1326,DO_R0663,R0663,P387,dropoff,HOME_P387,46.028713905866,4.092169599022982,5,-1,1020,1075
1327,PU_R0664,R0664,P388,pickup,HOME_P388,46.058050098648984,4.062048700687109,5,1,470,520
1328,DO_R0664,R0664,P388,dropoff,H3,46.05,4.07,5,-1,480,525
1329,PU_R0665,R0665,P388,pickup,H3,46.05,4.07,5,1,795,810
1330,DO_R0665,R0665,P388,dropoff,HOME_P388,46.058050098648984,4.062048700687109,5,-1,795,850
1331,PU_R0666,R0666,P389,pickup,HOME_P389,45.993828221957045,4.15121166820079,5,1,480,519
1332,DO_R0666,R0666,P389,dropoff,H2,46.0457,4.0688,5,-1,490,535
1333,PU_R0667,R0667,P389,pickup,H2,46.0457,4.0688,5,1,730,745
1334,DO_R0667,R0667,P389,dropoff,HOME_P389,45.993828221957045,4.15121166820079,5,-1,730,785
1335,PU_R0668,R0668,P390,pickup,HOME_P390,46.067683014684114,4.179380024708694,5,1,460,499
1336,DO_R0668,R0668,P390,dropoff,H2,46.0457,4.0688,5,-1,470,515
1337,PU_R0669,R0669,P390,pickup,H2,46.0457,4.0688,5,1,615,630
1338,DO_R0669,R0669,P390,dropoff,HOME_P390,46.067683014684114,4.179380024708694,5,-1,615,670
1339,PU_R0670,R0670,P391,pickup,HOME_P391,45.997431324973014,3.948522709507283,5,1,580,624
1340,DO_R0670,R0670,P391,dropoff,H1,46.0533,4.0727,5,-1,600,645
1341,PU_R0671,R0671,P391,pickup,H1,46.0533,4.0727,5,1,760,785
1342,DO_R0671,R0671,P391,dropoff,HOME_P391,45.997431324973014,3.948522709507283,5,-1,760,835
1343,PU_R0672,R0672,P392,pickup,HOME_P392,46.04800509230847,4.017905764130791,5,1,735,782
1344,DO_R0672,R0672,P392,dropoff,H2,46.0457,4.0688,5,-1,745,790
1345,PU_R0673,R0673,P392,pickup,H2,46.0457,4.0688,5,1,1010,1025
1346,DO_R0673,R0673,P392,dropoff,HOME_P392,46.04800509230847,4.017905764130791,5,-1,1010,1065
1347,PU_R0674,R0674,P393,pickup,HOME_P393,46.014527185377666,4.024226413067927,5,1,475,520
1348,DO_R0674,R0674,P393,dropoff,H3,46.05,4.07,5,-1,485,530
1349,PU_R0675,R0675,P393,pickup,H3,46.05,4.07,5,1,745,760
1350,DO_R0675,R0675,P393,dropoff,HOME_P393,46.014527185377666,4.024226413067927,5,-1,745,800
1351,PU_R0676,R0676,P394,pickup,HOME_P394,46.017101907288364,4.123726361998665,5,1,440,485
1352,DO_R0676,R0676,P394,dropoff,H2,46.0457,4.0688,5,-1,450,495
1353,PU_R0677,R0677,P394,pickup,H2,46.0457,4.0688,5,1,750,765
1354,DO_R0677,R0677,P394,dropoff,HOME_P394,46.017101907288364,4.123726361998665,5,-1,750,805
1355,PU_R0678,R0678,P395,pickup,HOME_P395,46.05641759115199,3.935830130555946,5,1,565,611
1356,DO_R0678,R0678,P395,dropoff,H1,46.0533,4.0727,5,-1,585,630
1357,PU_R0679,R0679,P395,pickup,H1,46.0533,4.0727,5,1,705,730
1358,DO_R0679,R0679,P395,dropoff,HOME_P395,46.05641759115199,3.935830130555946,5,-1,705,780
1359,PU_R0680,R0680,P396,pickup,HOME_P396,46.04319073603105,3.9697342672988487,5,1,480,521
1360,DO_R0680,R0680,P396,dropoff,H2,46.0457,4.0688,5,-1,490,535
1361,PU_R0681,R0681,P396,pickup,H2,46.0457,4.0688,5,1,760,775
1362,DO_R0681,R0681,P396,dropoff,HOME_P396,46.04319073603105,3.9697342672988487,5,-1,760,815
1363,PU_R0682,R0682,P397,pickup,HOME_P397,46.086088042291024,3.962577587060314,5,1,585,633
1364,DO_R0682,R0682,P397,dropoff,H1,46.0533,4.0727,5,-1,605,650
1365,PU_R0683,R0683,P397,pickup,H1,46.0533,4.0727,5,1,715,740
1366,DO_R0683,R0683,P397,dropoff,HOME_P397,46.086088042291024,3.962577587060314,5,-1,715,790
1367,PU_R0684,R0684,P398,pickup,HOME_P398,46.03268526139367,4.13597760118797,5,1,460,505
1368,DO_R0684,R0684,P398,dropoff,H2,46.0457,4.0688,5,-1,470,515
1369,PU_R0685,R0685,P398,pickup,H2,46.0457,4.0688,5,1,870,885
1370,DO_R0685,R0685,P398,dropoff,HOME_P398,46.03268526139367,4.13597760118797,5,-1,870,925
1371,PU_R0686,R0686,P399,pickup,HOME_P399,46.039887652743396,4.181308334908131,5,1,960,1009
1372,DO_R0686,R0686,P399,dropoff,H1,46.0533,4.0727,5,-1,980,1025
1373,PU_R0687,R0687,P400,pickup,HOME_P400,46.03725620155598,4.000437454056893,5,1,465,510
1374,DO_R0687,R0687,P400,dropoff,H2,46.0457,4.0688,5,-1,475,520
1375,PU_R0688,R0688,P400,pickup,H2,46.0457,4.0688,5,1,790,805
1376,DO_R0688,R0688,P400,dropoff,HOME_P400,46.03725620155598,4.000437454056893,5,-1,790,845
1377,PU_R0689,R0689,P401,pickup,HOME_P401,46.0055630476909,4.060130422888359,5,1,450,496
1378,DO_R0689,R0689,P401,dropoff,H3,46.05,4.07,5,-1,460,505
1379,PU_R0690,R0690,P401,pickup,H3,46.05,4.07,5,1,760,775
1380,DO_R0690,R0690,P401,dropoff,HOME_P401,46.0055630476909,4.060130422888359,5,-1,760,815
1381,PU_R0691,R0691,P402,pickup,HOME_P402,46.11243850245781,4.053708360989153,5,1,425,467
1382,DO_R0691,R0691,P402,dropoff,H1,46.0533,4.0727,5,-1,435,480
1383,PU_R0692,R0692,P402,pickup,H1,46.0533,4.0727,5,1,660,675
1384,DO_R0692,R0692,P402,dropoff,HOME_P402,46.11243850245781,4.053708360989153,5,-1,660,715
1385,PU_R0693,R0693,P403,pickup,HOME_P403,45.99702315308438,4.272569432081741,5,1,851,905
1386,DO_R0693,R0693,P403,dropoff,H1,46.0533,4.0727,5,-1,890,935
1387,PU_R0694,R0694,P403,pickup,H1,46.0533,4.0727,5,1,960,995
1388,DO_R0694,R0694,P403,dropoff,HOME_P403,45.99702315308438,4.272569432081741,5,-1,960,1064
1389,PU_R0695,R0695,P404,pickup,HOME_P404,46.03457559471534,4.1722483365358904,5,1,760,800
1390,DO_R0695,R0695,P404,dropoff,H1,46.0533,4.0727,5,-1,770,815
1391,PU_R0696,R0696,P405,pickup,HOME_P405,46.08600485655711,4.027669496941268,5,1,815,861
1392,DO_R0696,R0696,P405,dropoff,H1,46.0533,4.0727,5,-1,825,870
1393,PU_R0697,R0697,P406,pickup,HOME_P406,46.010091162075824,4.054870282739563,5,1,460,507
1394,DO_R0697,R0697,P406,dropoff,H2,46.0457,4.0688,5,-1,470,515
1395,PU_R0698,R0698,P406,pickup,H2,46.0457,4.0688,5,1,725,740
1396,DO_R0698,R0698,P406,dropoff,HOME_P406,46.010091162075824,4.054870282739563,5,-1,725,780
1397,PU_R0699,R0699,P407,pickup,HOME_P407,45.99569368915565,4.147497525858507,5,1,805,844
1398,DO_R0699,R0699,P407,dropoff,H1,46.0533,4.0727,5,-1,815,860
1399,PU_R0700,R0700,P407,pickup,H1,46.0533,4.0727,5,1,1025,1040
1400,DO_R0700,R0700,P407,dropoff,HOME_P407,45.99569368915565,4.147497525858507,5,-1,1025,1080
1401,PU_R0701,R0701,P408,pickup,HOME_P408,45.96750448520969,4.096652641316945,5,1,800,837
1402,DO_R0701,R0701,P408,dropoff,H1,46.0533,4.0727,5,-1,810,855
1403,PU_R0702,R0702,P408,pickup,H1,46.0533,4.0727,5,1,1010,1025
1404,DO_R0702,R0702,P408,dropoff,HOME_P408,45.96750448520969,4.096652641316945,5,-1,1010,1065
1405,PU_R0703,R0703,P409,pickup,HOME_P409,46.10710266745319,4.185201527264867,5,1,955,999
1406,DO_R0703,R0703,P409,dropoff,H2,46.0457,4.0688,5,-1,975,1020
1407,PU_R0704,R0704,P410,pickup,HOME_P410,46.077533036435085,4.019874375110761,5,1,480,526
1408,DO_R0704,R0704,P410,dropoff,H1,46.0533,4.0727,5,-1,490,535
1409,PU_R0705,R0705,P410,pickup,H1,46.0533,4.0727,5,1,685,700
1410,DO_R0705,R0705,P410,dropoff,HOME_P410,46.077533036435085,4.019874375110761,5,-1,685,740
1411,PU_R0706,R0706,P411,pickup,HOME_P411,46.01979138946499,4.027436771734798,5,1,725,771
1412,DO_R0706,R0706,P411,dropoff,H3,46.05,4.07,5,-1,735,780
1413,PU_R0707,R0707,P411,pickup,H3,46.05,4.07,5,1,995,1010
1414,DO_R0707,R0707,P411,dropoff,HOME_P411,46.01979138946499,4.027436771734798,5,-1,995,1050
1415,PU_R0708,R0708,P412,pickup,HOME_P412,46.06620665864322,4.19595799378047,5,1,465,512
1416,DO_R0708,R0708,P412,dropoff,H1,46.0533,4.0727,5,-1,485,530
1417,PU_R0709,R0709,P412,pickup,H1,46.0533,4.0727,5,1,635,660
1418,DO_R0709,R0709,P412,dropoff,HOME_P412,46.06620665864322,4.19595799378047,5,-1,635,710
1419,PU_R0710,R0710,P413,pickup,HOME_P413,46.07861930039949,4.099665124631696,5,1,755,803
1420,DO_R0710,R0710,P413,dropoff,H1,46.0533,4.0727,5,-1,765,810
1421,PU_R0711,R0711,P414,pickup,HOME_P414,46.02709890473884,4.036592735833386,5,1,455,504
1422,DO_R0711,R0711,P414,dropoff,H2,46.0457,4.0688,5,-1,465,510
1423,PU_R0712,R0712,P414,pickup,H2,46.0457,4.0688,5,1,770,785
1424,DO_R0712,R0712,P414,dropoff,HOME_P414,46.02709890473884,4.036592735833386,5,-1,770,825
1425,PU_R0713,R0713,P415,pickup,HOME_P415,45.99617570161024,4.117625101206585,5,1,465,507
1426,DO_R0713,R0713,P415,dropoff,H1,46.0533,4.0727,5,-1,475,520
1427,PU_R0714,R0714,P415,pickup,H1,46.0533,4.0727,5,1,760,775
1428,DO_R0714,R0714,P415,dropoff,HOME_P415,45.99617570161024,4.117625101206585,5,-1,760,815
1429,PU_R0715,R0715,P416,pickup,HOME_P416,46.113044291885956,4.0552657747701275,5,1,600,651
1430,DO_R0715,R0715,P416,dropoff,H2,46.0457,4.0688,5,-1,620,665
1431,PU_R0716,R0716,P416,pickup,H2,46.0457,4.0688,5,1,705,730
1432,DO_R0716,R0716,P416,dropoff,HOME_P416,46.113044291885956,4.0552657747701275,5,-1,705,780
1433,PU_R0717,R0717,P417,pickup,HOME_P417,46.081793969608924,4.04043962841083,5,1,460,506
1434,DO_R0717,R0717,P417,dropoff,H2,46.0457,4.0688,5,-1,470,515
1435,PU_R0718,R0718,P417,pickup,H2,46.0457,4.0688,5,1,755,770
1436,DO_R0718,R0718,P417,dropoff,HOME_P417,46.081793969608924,4.04043962841083,5,-1,755,810
1437,PU_R0719,R0719,P418,pickup,HOME_P418,45.96446809126033,4.026868681944194,5,1,640,687
1438,DO_R0719,R0719,P418,dropoff,H2,46.0457,4.0688,5,-1,660,705
1439,PU_R0720,R0720,P418,pickup,H2,46.0457,4.0688,5,1,730,755
1440,DO_R0720,R0720,P418,dropoff,HOME_P418,45.96446809126033,4.026868681944194,5,-1,730,805
1441,PU_R0721,R0721,P419,pickup,HOME_P419,46.031333854494946,3.9979420771183736,5,1,740,783
1442,DO_R0721,R0721,P419,dropoff,H1,46.0533,4.0727,5,-1,750,795
1443,PU_R0722,R0722,P420,pickup,HOME_P420,46.0767416769435,3.9387353634327944,5,1,505,551
1444,DO_R0722,R0722,P420,dropoff,H2,46.0457,4.0688,5,-1,525,570
1445,PU_R0723,R0723,P420,pickup,H2,46.0457,4.0688,5,1,605,630
1446,DO_R0723,R0723,P420,dropoff,HOME_P420,46.0767416769435,3.9387353634327944,5,-1,605,680
1447,PU_R0724,R0724,P421,pickup,HOME_P421,46.02700766176313,4.0931398441884825,5,1,740,789
1448,DO_R0724,R0724,P421,dropoff,H3,46.05,4.07,5,-1,750,795
1449,PU_R0725,R0725,P422,pickup,HOME_P422,46.08659415805258,4.170255944407928,5,1,860,908
1450,DO_R0725,R0725,P422,dropoff,H2,46.0457,4.0688,5,-1,880,925
1451,PU_R0726,R0726,P422,pickup,H2,46.0457,4.0688,5,1,965,990
1452,DO_R0726,R0726,P422,dropoff,HOME_P422,46.08659415805258,4.170255944407928,5,-1,965,1040
1453,PU_R0727,R0727,P423,pickup,HOME_P423,46.08199345259365,4.019188077231777,5,1,740,785
1454,DO_R0727,R0727,P423,dropoff,H3,46.05,4.07,5,-1,750,795
1455,PU_R0728,R0728,P423,pickup,H3,46.05,4.07,5,1,1005,1020
1456,DO_R0728,R0728,P423,dropoff,HOME_P423,46.08199345259365,4.019188077231777,5,-1,1005,1060
1457,PU_R0729,R0729,P424,pickup,HOME_P424,45.99122697318073,3.9603012995343927,5,1,505,550
1458,DO_R0729,R0729,P424,dropoff,H1,46.0533,4.0727,5,-1,525,570
1459,PU_R0730,R0730,P424,pickup,H1,46.0533,4.0727,5,1,665,690
1460,DO_R0730,R0730,P424,dropoff,HOME_P424,45.99122697318073,3.9603012995343927,5,-1,665,740
1461,PU_R0731,R0731,P425,pickup,HOME_P425,46.045193332962185,4.160093423336863,5,1,825,877
1462,DO_R0731,R0731,P425,dropoff,H1,46.0533,4.0727,5,-1,845,890
1463,PU_R0732,R0732,P425,pickup,H1,46.0533,4.0727,5,1,965,990
1464,DO_R0732,R0732,P425,dropoff,HOME_P425,46.045193332962185,4.160093423336863,5,-1,965,1040
1465,PU_R0733,R0733,P426,pickup,HOME_P426,45.984813029754044,4.052249029324067,5,1,960,1011
1466,DO_R0733,R0733,P426,dropoff,H1,46.0533,4.0727,5,-1,980,1025
1467,PU_R0734,R0734,P427,pickup,HOME_P427,46.039581268668236,3.9482949434740804,5,1,770,808
1468,DO_R0734,R0734,P427,dropoff,H2,46.0457,4.0688,5,-1,780,825
1469,PU_R0735,R0735,P428,pickup,HOME_P428,46.051467268805425,4.022333963156384,5,1,740,788
1470,DO_R0735,R0735,P428,dropoff,H2,46.0457,4.0688,5,-1,750,795
1471,PU_R0736,R0736,P428,pickup,H2,46.0457,4.0688,5,1,1010,1025
1472,DO_R0736,R0736,P428,dropoff,HOME_P428,46.051467268805425,4.022333963156384,5,-1,1010,1065
1473,PU_R0737,R0737,P429,pickup,HOME_P429,46.09264877904026,4.061154053495665,5,1,830,885
1474,DO_R0737,R0737,P429,dropoff,H2,46.0457,4.0688,5,-1,850,895
1475,PU_R0738,R0738,P429,pickup,H2,46.0457,4.0688,5,1,935,960
1476,DO_R0738,R0738,P429,dropoff,HOME_P429,46.09264877904026,4.061154053495665,5,-1,935,1010
1477,PU_R0739,R0739,P430,pickup,HOME_P430,46.09394982481956,4.053746123847066,5,1,750,796
1478,DO_R0739,R0739,P430,dropoff,H1,46.0533,4.0727,5,-1,760,805
1479,PU_R0740,R0740,P431,pickup,HOME_P431,46.06273457531133,4.003089756800952,5,1,460,515
1480,DO_R0740,R0740,P431,dropoff,H2,46.0457,4.0688,5,-1,480,525
1481,PU_R0741,R0741,P431,pickup,H2,46.0457,4.0688,5,1,555,580
1482,DO_R0741,R0741,P431,dropoff,HOME_P431,46.06273457531133,4.003089756800952,5,-1,555,630
1483,PU_R0742,R0742,P432,pickup,HOME_P432,46.14509068063762,4.128551143528073,5,1,550,605
1484,DO_R0742,R0742,P432,dropoff,H1,46.0533,4.0727,5,-1,580,625
1485,PU_R0743,R0743,P432,pickup,H1,46.0533,4.0727,5,1,655,690
1486,DO_R0743,R0743,P432,dropoff,HOME_P432,46.14509068063762,4.128551143528073,5,-1,655,750
1487,PU_R0744,R0744,P433,pickup,HOME_P433,46.05074205944851,3.9945323735342178,5,1,895,949
1488,DO_R0744,R0744,P433,dropoff,H1,46.0533,4.0727,5,-1,915,960
1489,PU_R0745,R0745,P434,pickup,HOME_P434,46.06173900335574,4.045131199360313,5,1,780,830
1490,DO_R0745,R0745,P434,dropoff,H1,46.0533,4.0727,5,-1,790,835
1491,PU_R0746,R0746,P435,pickup,HOME_P435,46.08915641767155,4.005283958363661,5,1,450,493
1492,DO_R0746,R0746,P435,dropoff,H1,46.0533,4.0727,5,-1,460,505
1493,PU_R0747,R0747,P435,pickup,H1,46.0533,4.0727,5,1,670,685
1494,DO_R0747,R0747,P435,dropoff,HOME_P435,46.08915641767155,4.005283958363661,5,-1,670,725
1495,PU_R0748,R0748,P436,pickup,HOME_P436,45.99180215009131,4.163013846553025,5,1,445,482
1496,DO_R0748,R0748,P436,dropoff,H1,46.0533,4.0727,5,-1,455,500
1497,PU_R0749,R0749,P436,pickup,H1,46.0533,4.0727,5,1,650,665
1498,DO_R0749,R0749,P436,dropoff,HOME_P436,45.99180215009131,4.163013846553025,5,-1,650,705
1499,PU_R0750,R0750,P437,pickup,HOME_P437,46.140323744688956,4.15857904623865,5,1,475,529
1500,DO_R0750,R0750,P437,dropoff,H1,46.0533,4.0727,5,-1,505,550
1501,PU_R0751,R0751,P437,pickup,H1,46.0533,4.0727,5,1,575,610
1502,DO_R0751,R0751,P437,dropoff,HOME_P437,46.140323744688956,4.15857904623865,5,-1,575,670
1503,PU_R0752,R0752,P438,pickup,HOME_P438,46.05638315611905,4.134208692401761,5,1,750,796
1504,DO_R0752,R0752,P438,dropoff,H1,46.0533,4.0727,5,-1,760,805
1505,PU_R0753,R0753,P439,pickup,HOME_P439,46.047545259785394,4.048841541837726,5,1,730,780
1506,DO_R0753,R0753,P439,dropoff,H1,46.0533,4.0727,5,-1,740,785
1507,PU_R0754,R0754,P439,pickup,H1,46.0533,4.0727,5,1,1025,1040
1508,DO_R0754,R0754,P439,dropoff,HOME_P439,46.047545259785394,4.048841541837726,5,-1,1025,1080
1509,PU_R0755,R0755,P440,pickup,HOME_P440,46.116160624608625,4.063650730445494,5,1,765,805
1510,DO_R0755,R0755,P440,dropoff,H2,46.0457,4.0688,5,-1,775,820
1511,PU_R0756,R0756,P441,pickup,HOME_P441,45.89236286119476,4.073666775923937,5,1,752,808
1512,DO_R0756,R0756,P441,dropoff,H1,46.0533,4.0727,5,-1,795,840
1513,PU_R0757,R0757,P442,pickup,HOME_P442,46.19532269271733,4.09508401080997,5,1,713,766
1514,DO_R0757,R0757,P442,dropoff,H1,46.0533,4.0727,5,-1,750,795
1515,PU_R0758,R0758,P442,pickup,H1,46.0533,4.0727,5,1,820,855
1516,DO_R0758,R0758,P442,dropoff,HOME_P442,46.19532269271733,4.09508401080997,5,-1,820,922
1517,PU_R0759,R0759,P443,pickup,HOME_P443,46.12704759084964,4.091841559902229,5,1,785,833
1518,DO_R0759,R0759,P443,dropoff,H2,46.0457,4.0688,5,-1,805,850
1519,PU_R0760,R0760,P443,pickup,H2,46.0457,4.0688,5,1,880,905
1520,DO_R0760,R0760,P443,dropoff,HOME_P443,46.12704759084964,4.091841559902229,5,-1,880,955
1521,PU_R0761,R0761,P444,pickup,HOME_P444,45.994788907672586,4.046763994219454,5,1,445,487
1522,DO_R0761,R0761,P444,dropoff,H1,46.0533,4.0727,5,-1,455,500
1523,PU_R0762,R0762,P444,pickup,H1,46.0533,4.0727,5,1,740,755
1524,DO_R0762,R0762,P444,dropoff,HOME_P444,45.994788907672586,4.046763994219454,5,-1,740,795
1525,PU_R0763,R0763,P445,pickup,HOME_P445,46.153292425477304,4.104240104796849,5,1,610,654
1526,DO_R0763,R0763,P445,dropoff,H1,46.0533,4.0727,5,-1,630,675
1527,PU_R0764,R0764,P445,pickup,H1,46.0533,4.0727,5,1,770,795
1528,DO_R0764,R0764,P445,dropoff,HOME_P445,46.153292425477304,4.104240104796849,5,-1,770,845
1529,PU_R0765,R0765,P446,pickup,HOME_P446,46.01066958726539,4.210856964471127,5,1,625,669
1530,DO_R0765,R0765,P446,dropoff,H2,46.0457,4.0688,5,-1,645,690
1531,PU_R0766,R0766,P446,pickup,H2,46.0457,4.0688,5,1,715,740
1532,DO_R0766,R0766,P446,dropoff,HOME_P446,46.01066958726539,4.210856964471127,5,-1,715,790
1533,PU_R0767,R0767,P447,pickup,HOME_P447,46.012572212157444,4.104137557819531,5,1,755,800
1534,DO_R0767,R0767,P447,dropoff,H1,46.0533,4.0727,5,-1,765,810
1535,PU_R0768,R0768,P448,pickup,HOME_P448,46.08338875892401,4.179779985652021,5,1,450,489
1536,DO_R0768,R0768,P448,dropoff,H1,46.0533,4.0727,5,-1,460,505
1537,PU_R0769,R0769,P448,pickup,H1,46.0533,4.0727,5,1,680,695
1538,DO_R0769,R0769,P448,dropoff,HOME_P448,46.08338875892401,4.179779985652021,5,-1,680,735
1539,PU_R0770,R0770,P449,pickup,HOME_P449,46.06144515042036,4.055298631736902,5,1,740,790
1540,DO_R0770,R0770,P449,dropoff,H1,46.0533,4.0727,5,-1,750,795
1541,PU_R0771,R0771,P450,pickup,HOME_P450,46.01963067813291,4.104506190696007,5,1,435,482
1542,DO_R0771,R0771,P450,dropoff,H1,46.0533,4.0727,5,-1,445,490
1543,PU_R0772,R0772,P450,pickup,H1,46.0533,4.0727,5,1,730,745
1544,DO_R0772,R0772,P450,dropoff,HOME_P450,46.01963067813291,4.104506190696007,5,-1,730,785
1545,PU_R0773,R0773,P451,pickup,HOME_P451,46.10518831709499,4.0181069249446475,5,1,445,487
1546,DO_R0773,R0773,P451,dropoff,H1,46.0533,4.0727,5,-1,455,500
1547,PU_R0774,R0774,P451,pickup,H1,46.0533,4.0727,5,1,740,755
1548,DO_R0774,R0774,P451,dropoff,HOME_P451,46.10518831709499,4.0181069249446475,5,-1,740,795
1549,PU_R0775,R0775,P452,pickup,HOME_P452,45.99204961322213,4.113494074149279,5,1,915,966
1550,DO_R0775,R0775,P452,dropoff,H1,46.0533,4.0727,5,-1,935,980
1551,PU_R0776,R0776,P453,pickup,HOME_P453,46.042192638614075,3.9479211116486117,5,1,620,657
1552,DO_R0776,R0776,P453,dropoff,H1,46.0533,4.0727,5,-1,630,675
1553,PU_R0777,R0777,P453,pickup,H1,46.0533,4.0727,5,1,840,855
1554,DO_R0777,R0777,P453,dropoff,HOME_P453,46.042192638614075,3.9479211116486117,5,-1,840,895
1555,PU_R0778,R0778,P454,pickup,HOME_P454,46.07901360378976,4.14294938757052,5,1,485,539
1556,DO_R0778,R0778,P454,dropoff,H1,46.0533,4.0727,5,-1,505,550
1557,PU_R0779,R0779,P454,pickup,H1,46.0533,4.0727,5,1,630,655
1558,DO_R0779,R0779,P454,dropoff,HOME_P454,46.07901360378976,4.14294938757052,5,-1,630,705
1559,PU_R0780,R0780,P455,pickup,HOME_P455,46.023838716472255,4.187872317601808,5,1,650,698
1560,DO_R0780,R0780,P455,dropoff,H2,46.0457,4.0688,5,-1,670,715
1561,PU_R0781,R0781,P456,pickup,HOME_P456,46.1031078726619,4.018924588382205,5,1,425,467
1562,DO_R0781,R0781,P456,dropoff,H1,46.0533,4.0727,5,-1,435,480
1563,PU_R0782,R0782,P456,pickup,H1,46.0533,4.0727,5,1,720,735
1564,DO_R0782,R0782,P456,dropoff,HOME_P456,46.1031078726619,4.018924588382205,5,-1,720,775
1565,PU_R0783,R0783,P457,pickup,HOME_P457,46.032790204950956,4.070312800383583,5,1,725,775
1566,DO_R0783,R0783,P457,dropoff,H3,46.05,4.07,5,-1,735,780
1567,PU_R0784,R0784,P458,pickup,HOME_P458,46.06983042637981,4.130645160624463,5,1,450,495
1568,DO_R0784,R0784,P458,dropoff,H2,46.0457,4.0688,5,-1,460,505
1569,PU_R0785,R0785,P458,pickup,H2,46.0457,4.0688,5,1,775,790
1570,DO_R0785,R0785,P458,dropoff,HOME_P458,46.06983042637981,4.130645160624463,5,-1,775,830
1571,PU_R0786,R0786,P459,pickup,HOME_P459,46.059058535824576,4.089840870302725,5,1,475,525
1572,DO_R0786,R0786,P459,dropoff,H1,46.0533,4.0727,5,-1,485,530
1573,PU_R0787,R0787,P459,pickup,H1,46.0533,4.0727,5,1,710,725
1574,DO_R0787,R0787,P459,dropoff,HOME_P459,46.059058535824576,4.089840870302725,5,-1,710,765
1575,PU_R0788,R0788,P460,pickup,HOME_P460,46.03906406026419,3.972396233411105,5,1,470,510
1576,DO_R0788,R0788,P460,dropoff,H1,46.0533,4.0727,5,-1,480,525
1577,PU_R0789,R0789,P460,pickup,H1,46.0533,4.0727,5,1,765,780
1578,DO_R0789,R0789,P460,dropoff,HOME_P460,46.03906406026419,3.972396233411105,5,-1,765,820
1579,PU_R0790,R0790,P461,pickup,HOME_P461,46.059486242967914,4.083010652142857,5,1,435,485
1580,DO_R0790,R0790,P461,dropoff,H1,46.0533,4.0727,5,-1,445,490
1581,PU_R0791,R0791,P461,pickup,H1,46.0533,4.0727,5,1,660,675
1582,DO_R0791,R0791,P461,dropoff,HOME_P461,46.059486242967914,4.083010652142857,5,-1,660,715
1583,PU_R0792,R0792,P462,pickup,HOME_P462,46.034938408294025,4.116862295890363,5,1,470,527
1584,DO_R0792,R0792,P462,dropoff,H1,46.0533,4.0727,5,-1,490,535
1585,PU_R0793,R0793,P462,pickup,H1,46.0533,4.0727,5,1,630,655
1586,DO_R0793,R0793,P462,dropoff,HOME_P462,46.034938408294025,4.116862295890363,5,-1,630,705
1587,PU_R0794,R0794,P463,pickup,HOME_P463,46.087851336312774,4.059625286092191,5,1,460,506
1588,DO_R0794,R0794,P463,dropoff,H2,46.0457,4.0688,5,-1,470,515
1589,PU_R0795,R0795,P463,pickup,H2,46.0457,4.0688,5,1,765,780
1590,DO_R0795,R0795,P463,dropoff,HOME_P463,46.087851336312774,4.059625286092191,5,-1,765,820
1591,PU_R0796,R0796,P464,pickup,HOME_P464,46.0485759018603,3.965823293816822,5,1,525,575
1592,DO_R0796,R0796,P464,dropoff,H1,46.0533,4.0727,5,-1,545,590
1593,PU_R0797,R0797,P464,pickup,H1,46.0533,4.0727,5,1,675,700
1594,DO_R0797,R0797,P464,dropoff,HOME_P464,46.0485759018603,3.965823293816822,5,-1,675,750
1595,PU_R0798,R0798,P465,pickup,HOME_P465,46.01257801655325,4.077509777904342,5,1,445,501
1596,DO_R0798,R0798,P465,dropoff,H1,46.0533,4.0727,5,-1,465,510
1597,PU_R0799,R0799,P465,pickup,H1,46.0533,4.0727,5,1,570,595
1598,DO_R0799,R0799,P465,dropoff,HOME_P465,46.01257801655325,4.077509777904342,5,-1,570,645
1599,PU_R0800,R0800,P466,pickup,HOME_P466,46.03231178305789,3.9891719921515816,5,1,520,572
1600,DO_R0800,R0800,P466,dropoff,H1,46.0533,4.0727,5,-1,540,585
1601,PU_R0801,R0801,P466,pickup,H1,46.0533,4.0727,5,1,660,685
1602,DO_R0801,R0801,P466,dropoff,HOME_P466,46.03231178305789,3.9891719921515816,5,-1,660,735
1603,PU_R0802,R0802,P467,pickup,HOME_P467,46.05231105791892,4.051277114224101,5,1,455,505
1604,DO_R0802,R0802,P467,dropoff,H1,46.0533,4.0727,5,-1,465,510
1605,PU_R0803,R0803,P467,pickup,H1,46.0533,4.0727,5,1,675,690
1606,DO_R0803,R0803,P467,dropoff,HOME_P467,46.05231105791892,4.051277114224101,5,-1,675,730
1607,PU_R0804,R0804,P468,pickup,HOME_P468,46.12194059296955,4.00073518714412,5,1,585,633
1608,DO_R0804,R0804,P468,dropoff,H1,46.0533,4.0727,5,-1,605,650
1609,PU_R0805,R0805,P468,pickup,H1,46.0533,4.0727,5,1,745,770
1610,DO_R0805,R0805,P468,dropoff,HOME_P468,46.12194059296955,4.00073518714412,5,-1,745,820
1611,PU_R0806,R0806,P469,pickup,HOME_P469,46.113993968998734,4.071103050269798,5,1,430,472
1612,DO_R0806,R0806,P469,dropoff,H1,46.0533,4.0727,5,-1,440,485
1613,PU_R0807,R0807,P469,pickup,H1,46.0533,4.0727,5,1,725,740
1614,DO_R0807,R0807,P469,dropoff,HOME_P469,46.113993968998734,4.071103050269798,5,-1,725,780
1615,PU_R0808,R0808,P470,pickup,HOME_P470,46.00213619607584,4.063052661899527,5,1,1015,1060
1616,DO_R0808,R0808,P470,dropoff,H3,46.05,4.07,5,-1,1025,1070
1617,PU_R0809,R0809,P471,pickup,HOME_P471,45.949957067471956,4.098897356108485,5,1,940,984
1618,DO_R0809,R0809,P471,dropoff,H1,46.0533,4.0727,5,-1,960,1005
1619,PU_R0810,R0810,P472,pickup,HOME_P472,46.06754039568563,3.980160574169176,5,1,620,661
1620,DO_R0810,R0810,P472,dropoff,H1,46.0533,4.0727,5,-1,630,675
1621,PU_R0811,R0811,P472,pickup,H1,46.0533,4.0727,5,1,830,845
1622,DO_R0811,R0811,P472,dropoff,HOME_P472,46.06754039568563,3.980160574169176,5,-1,830,885
1623,PU_R0812,R0812,P473,pickup,HOME_P473,46.12635620147011,4.0386176338011515,5,1,635,684
1624,DO_R0812,R0812,P473,dropoff,H1,46.0533,4.0727,5,-1,655,700
1625,PU_R0813,R0813,P473,pickup,H1,46.0533,4.0727,5,1,815,840
1626,DO_R0813,R0813,P473,dropoff,HOME_P473,46.12635620147011,4.0386176338011515,5,-1,815,890
1627,PU_R0814,R0814,P474,pickup,HOME_P474,46.08345865224221,4.123234377908278,5,1,1010,1064
1628,DO_R0814,R0814,P474,dropoff,H2,46.0457,4.0688,5,-1,1030,1075
1629,PU_R0815,R0815,P475,pickup,HOME_P475,46.08329731593567,4.029141425346777,5,1,430,476
1630,DO_R0815,R0815,P475,dropoff,H1,46.0533,4.0727,5,-1,440,485
1631,PU_R0816,R0816,P475,pickup,H1,46.0533,4.0727,5,1,725,740
1632,DO_R0816,R0816,P475,dropoff,HOME_P475,46.08329731593567,4.029141425346777,5,-1,725,780
1633,PU_R0817,R0817,P476,pickup,HOME_P476,46.06598934400345,4.087016008976713,5,1,435,485
1634,DO_R0817,R0817,P476,dropoff,H1,46.0533,4.0727,5,-1,445,490
1635,PU_R0818,R0818,P476,pickup,H1,46.0533,4.0727,5,1,665,680
1636,DO_R0818,R0818,P476,dropoff,HOME_P476,46.06598934400345,4.087016008976713,5,-1,665,720
1637,PU_R0819,R0819,P477,pickup,HOME_P477,46.08981030779798,4.133386194124789,5,1,890,932
1638,DO_R0819,R0819,P477,dropoff,H2,46.0457,4.0688,5,-1,900,945
1639,PU_R0820,R0820,P478,pickup,HOME_P478,46.067408087218695,4.205669385833788,5,1,520,565
1640,DO_R0820,R0820,P478,dropoff,H2,46.0457,4.0688,5,-1,540,585
1641,PU_R0821,R0821,P479,pickup,HOME_P479,46.038215208936876,4.003009440125206,5,1,445,489
1642,DO_R0821,R0821,P479,dropoff,H1,46.0533,4.0727,5,-1,455,500
1643,PU_R0822,R0822,P479,pickup,H1,46.0533,4.0727,5,1,655,670
1644,DO_R0822,R0822,P479,dropoff,HOME_P479,46.038215208936876,4.003009440125206,5,-1,655,710
1645,PU_R0823,R0823,P480,pickup,HOME_P480,46.088538760301766,4.131750514822528,5,1,640,694
1646,DO_R0823,R0823,P480,dropoff,H1,46.0533,4.0727,5,-1,660,705
1647,PU_R0824,R0824,P480,pickup,H1,46.0533,4.0727,5,1,795,820
1648,DO_R0824,R0824,P480,dropoff,HOME_P480,46.088538760301766,4.131750514822528,5,-1,795,870
1649,PU_R0825,R0825,P481,pickup,HOME_P481,46.12834943424926,4.125942602677164,5,1,475,523
1650,DO_R0825,R0825,P481,dropoff,H1,46.0533,4.0727,5,-1,495,540
1651,PU_R0826,R0826,P481,pickup,H1,46.0533,4.0727,5,1,615,640
1652,DO_R0826,R0826,P481,dropoff,HOME_P481,46.12834943424926,4.125942602677164,5,-1,615,690
1653,PU_R0827,R0827,P482,pickup,HOME_P482,45.957495502564136,4.095590119431209,5,1,515,560
1654,DO_R0827,R0827,P482,dropoff,H1,46.0533,4.0727,5,-1,535,580
1655,PU_R0828,R0828,P482,pickup,H1,46.0533,4.0727,5,1,670,695
1656,DO_R0828,R0828,P482,dropoff,HOME_P482,45.957495502564136,4.095590119431209,5,-1,670,745
1657,PU_R0829,R0829,P483,pickup,HOME_P483,45.99329634869701,4.145688189172742,5,1,465,505
1658,DO_R0829,R0829,P483,dropoff,H2,46.0457,4.0688,5,-1,475,520
1659,PU_R0830,R0830,P483,pickup,H2,46.0457,4.0688,5,1,645,660
1660,DO_R0830,R0830,P483,dropoff,HOME_P483,45.99329634869701,4.145688189172742,5,-1,645,700
1661,PU_R0831,R0831,P484,pickup,HOME_P484,46.07946202645033,4.144421271061419,5,1,500,552
1662,DO_R0831,R0831,P484,dropoff,H2,46.0457,4.0688,5,-1,520,565
1663,PU_R0832,R0832,P484,pickup,H2,46.0457,4.0688,5,1,600,625
1664,DO_R0832,R0832,P484,dropoff,HOME_P484,46.07946202645033,4.144421271061419,5,-1,600,675
1665,PU_R0833,R0833,P485,pickup,HOME_P485,46.06979691681134,4.045192330862283,5,1,815,874
1666,DO_R0833,R0833,P485,dropoff,H1,46.0533,4.0727,5,-1,835,880
1667,PU_R0834,R0834,P485,pickup,H1,46.0533,4.0727,5,1,960,985
1668,DO_R0834,R0834,P485,dropoff,HOME_P485,46.06979691681134,4.045192330862283,5,-1,960,1035
1669,PU_R0835,R0835,P486,pickup,HOME_P486,46.00130694271656,4.033826743189068,5,1,445,488
1670,DO_R0835,R0835,P486,dropoff,H1,46.0533,4.0727,5,-1,455,500
1671,PU_R0836,R0836,P486,pickup,H1,46.0533,4.0727,5,1,740,755
1672,DO_R0836,R0836,P486,dropoff,HOME_P486,46.00130694271656,4.033826743189068,5,-1,740,795
1673,PU_R0837,R0837,P487,pickup,HOME_P487,46.08551319588928,4.07874875390174,5,1,435,481
1674,DO_R0837,R0837,P487,dropoff,H2,46.0457,4.0688,5,-1,445,490
1675,PU_R0838,R0838,P487,pickup,H2,46.0457,4.0688,5,1,645,660
1676,DO_R0838,R0838,P487,dropoff,HOME_P487,46.08551319588928,4.07874875390174,5,-1,645,700
1677,PU_R0839,R0839,P488,pickup,HOME_P488,46.032062033447296,4.096022716766198,5,1,835,895
1678,DO_R0839,R0839,P488,dropoff,H2,46.0457,4.0688,5,-1,855,900
1679,PU_R0840,R0840,P488,pickup,H2,46.0457,4.0688,5,1,940,965
1680,DO_R0840,R0840,P488,dropoff,HOME_P488,46.032062033447296,4.096022716766198,5,-1,940,1015
1681,PU_R0841,R0841,P489,pickup,HOME_P489,46.068716749490115,3.998393133890723,5,1,450,494
1682,DO_R0841,R0841,P489,dropoff,H3,46.05,4.07,5,-1,460,505
1683,PU_R0842,R0842,P489,pickup,H3,46.05,4.07,5,1,725,740
1684,DO_R0842,R0842,P489,dropoff,HOME_P489,46.068716749490115,3.998393133890723,5,-1,725,780
1685,PU_R0843,R0843,P490,pickup,HOME_P490,46.07119642114795,3.947042451324743,5,1,480,517
1686,DO_R0843,R0843,P490,dropoff,H2,46.0457,4.0688,5,-1,490,535
1687,PU_R0844,R0844,P490,pickup,H2,46.0457,4.0688,5,1,605,620
1688,DO_R0844,R0844,P490,dropoff,HOME_P490,46.07119642114795,3.947042451324743,5,-1,605,660
1689,PU_R0845,R0845,P491,pickup,HOME_P491,46.02453844394661,4.066840586962386,5,1,455,504
1690,DO_R0845,R0845,P491,dropoff,H3,46.05,4.07,5,-1,465,510
1691,PU_R0846,R0846,P491,pickup,H3,46.05,4.07,5,1,760,775
1692,DO_R0846,R0846,P491,dropoff,HOME_P491,46.02453844394661,4.066840586962386,5,-1,760,815
1693,PU_R0847,R0847,P492,pickup,HOME_P492,46.02537139268215,4.036717074437034,5,1,450,499
1694,DO_R0847,R0847,P492,dropoff,H2,46.0457,4.0688,5,-1,460,505
1695,PU_R0848,R0848,P492,pickup,H2,46.0457,4.0688,5,1,590,605
1696,DO_R0848,R0848,P492,dropoff,HOME_P492,46.02537139268215,4.036717074437034,5,-1,590,645
1697,PU_R0849,R0849,P493,pickup,HOME_P493,46.04496623522334,4.019439548884192,5,1,435,483
1698,DO_R0849,R0849,P493,dropoff,H2,46.0457,4.0688,5,-1,445,490
1699,PU_R0850,R0850,P493,pickup,H2,46.0457,4.0688,5,1,550,565
1700,DO_R0850,R0850,P493,dropoff,HOME_P493,46.04496623522334,4.019439548884192,5,-1,550,605
1701,PU_R0851,R0851,P494,pickup,HOME_P494,46.11527779067251,4.015933698985705,5,1,430,470
1702,DO_R0851,R0851,P494,dropoff,H1,46.0533,4.0727,5,-1,440,485
1703,PU_R0852,R0852,P494,pickup,H1,46.0533,4.0727,5,1,645,660
1704,DO_R0852,R0852,P494,dropoff,HOME_P494,46.11527779067251,4.015933698985705,5,-1,645,700
1705,PU_R0853,R0853,P495,pickup,HOME_P495,46.043137957461475,4.1753547805616655,5,1,745,785
1706,DO_R0853,R0853,P495,dropoff,H1,46.0533,4.0727,5,-1,755,800
1707,PU_R0854,R0854,P496,pickup,HOME_P496,46.00124116564403,4.058523191547214,5,1,470,514
1708,DO_R0854,R0854,P496,dropoff,H1,46.0533,4.0727,5,-1,480,525
1709,PU_R0855,R0855,P496,pickup,H1,46.0533,4.0727,5,1,685,700
1710,DO_R0855,R0855,P496,dropoff,HOME_P496,46.00124116564403,4.058523191547214,5,-1,685,740
1711,PU_R0856,R0856,P497,pickup,HOME_P497,46.11206265482894,4.029198105048715,5,1,770,810
1712,DO_R0856,R0856,P497,dropoff,H2,46.0457,4.0688,5,-1,780,825
1713,PU_R0857,R0857,P498,pickup,HOME_P498,46.04186210364348,4.017812040187289,5,1,505,562
1714,DO_R0857,R0857,P498,dropoff,H1,46.0533,4.0727,5,-1,525,570
1715,PU_R0858,R0858,P498,pickup,H1,46.0533,4.0727,5,1,655,680
1716,DO_R0858,R0858,P498,dropoff,HOME_P498,46.04186210364348,4.017812040187289,5,-1,655,730
1717,PU_R0859,R0859,P499,pickup,HOME_P499,46.05611595390198,3.9354382839012523,5,1,640,686
1718,DO_R0859,R0859,P499,dropoff,H2,46.0457,4.0688,5,-1,660,705
1719,PU_R0860,R0860,P499,pickup,H2,46.0457,4.0688,5,1,735,760
1720,DO_R0860,R0860,P499,dropoff,HOME_P499,46.05611595390198,3.9354382839012523,5,-1,735,810
1721,PU_R0861,R0861,P500,pickup,HOME_P500,46.04062417095114,3.9906333891056827,5,1,965,1008
1722,DO_R0861,R0861,P500,dropoff,H1,46.0533,4.0727,5,-1,975,1020
1723,PU_R0862,R0862,P501,pickup,HOME_P501,46.08535900789025,3.9817972011492957,5,1,630,680
1724,DO_R0862,R0862,P501,dropoff,H1,46.0533,4.0727,5,-1,650,695
1725,PU_R0863,R0863,P501,pickup,H1,46.0533,4.0727,5,1,760,785
1726,DO_R0863,R0863,P501,dropoff,HOME_P501,46.08535900789025,3.9817972011492957,5,-1,760,835
1727,PU_R0864,R0864,P502,pickup,HOME_P502,45.99334556331163,4.087410557800617,5,1,455,497
1728,DO_R0864,R0864,P502,dropoff,H1,46.0533,4.0727,5,-1,465,510
1729,PU_R0865,R0865,P502,pickup,H1,46.0533,4.0727,5,1,750,765
1730,DO_R0865,R0865,P502,dropoff,HOME_P502,45.99334556331163,4.087410557800617,5,-1,750,805
1731,PU_R0866,R0866,P503,pickup,HOME_P503,46.0772542279007,4.011597999650676,5,1,480,525
1732,DO_R0866,R0866,P503,dropoff,H1,46.0533,4.0727,5,-1,490,535
1733,PU_R0867,R0867,P503,pickup,H1,46.0533,4.0727,5,1,775,790
1734,DO_R0867,R0867,P503,dropoff,HOME_P503,46.0772542279007,4.011597999650676,5,-1,775,830
1735,PU_R0868,R0868,P504,pickup,HOME_P504,45.970607357833025,3.9441958919211633,5,1,875,925
1736,DO_R0868,R0868,P504,dropoff,H1,46.0533,4.0727,5,-1,905,950
1737,PU_R0869,R0869,P504,pickup,H1,46.0533,4.0727,5,1,980,1015
1738,DO_R0869,R0869,P504,dropoff,HOME_P504,45.970607357833025,3.9441958919211633,5,-1,980,1075
1739,PU_R0870,R0870,P505,pickup,HOME_P505,45.900077753704785,4.067663159492543,5,1,500,554
1740,DO_R0870,R0870,P505,dropoff,H1,46.0533,4.0727,5,-1,540,585
1741,PU_R0871,R0871,P506,pickup,HOME_P506,46.0349875079105,4.043194105867833,5,1,455,505
1742,DO_R0871,R0871,P506,dropoff,H2,46.0457,4.0688,5,-1,465,510
1743,PU_R0872,R0872,P506,pickup,H2,46.0457,4.0688,5,1,855,870
1744,DO_R0872,R0872,P506,dropoff,HOME_P506,46.0349875079105,4.043194105867833,5,-1,855,910
1745,PU_R0873,R0873,P507,pickup,HOME_P507,46.08970890207231,3.974928792076563,5,1,980,1029
1746,DO_R0873,R0873,P507,dropoff,H2,46.0457,4.0688,5,-1,1000,1045
1747,PU_R0874,R0874,P508,pickup,HOME_P508,46.10214951314435,4.065061457720453,5,1,785,840
1748,DO_R0874,R0874,P508,dropoff,H1,46.0533,4.0727,5,-1,805,850
1749,PU_R0875,R0875,P508,pickup,H1,46.0533,4.0727,5,1,955,980
1750,DO_R0875,R0875,P508,dropoff,HOME_P508,46.10214951314435,4.065061457720453,5,-1,955,1030
1751,PU_R0876,R0876,P509,pickup,HOME_P509,46.059117676472866,4.154507636838583,5,1,770,813
1752,DO_R0876,R0876,P509,dropoff,H1,46.0533,4.0727,5,-1,780,825
1753,PU_R0877,R0877,P510,pickup,HOME_P510,46.09066249065924,4.105482041840062,5,1,460,506
1754,DO_R0877,R0877,P510,dropoff,H1,46.0533,4.0727,5,-1,470,515
1755,PU_R0878,R0878,P510,pickup,H1,46.0533,4.0727,5,1,755,770
1756,DO_R0878,R0878,P510,dropoff,HOME_P510,46.09066249065924,4.105482041840062,5,-1,755,810
1757,PU_R0879,R0879,P511,pickup,HOME_P511,46.08533411905296,4.024802275790014,5,1,735,780
1758,DO_R0879,R0879,P511,dropoff,H1,46.0533,4.0727,5,-1,745,790
1759,PU_R0880,R0880,P512,pickup,HOME_P512,46.09161122072512,4.02431242586574,5,1,460,504
1760,DO_R0880,R0880,P512,dropoff,H3,46.05,4.07,5,-1,470,515
1761,PU_R0881,R0881,P512,pickup,H3,46.05,4.07,5,1,725,740
1762,DO_R0881,R0881,P512,dropoff,HOME_P512,46.09161122072512,4.02431242586574,5,-1,725,780
1763,PU_R0882,R0882,P513,pickup,HOME_P513,46.018834005437654,4.114839866497635,5,1,440,486
1764,DO_R0882,R0882,P513,dropoff,H1,46.0533,4.0727,5,-1,450,495
1765,PU_R0883,R0883,P513,pickup,H1,46.0533,4.0727,5,1,735,750
1766,DO_R0883,R0883,P513,dropoff,HOME_P513,46.018834005437654,4.114839866497635,5,-1,735,790
1767,PU_R0884,R0884,P514,pickup,HOME_P514,46.09376325440095,4.120132608938696,5,1,725,768
1768,DO_R0884,R0884,P514,dropoff,H3,46.05,4.07,5,-1,735,780
1769,PU_R0885,R0885,P514,pickup,H3,46.05,4.07,5,1,1025,1040
1770,DO_R0885,R0885,P514,dropoff,HOME_P514,46.09376325440095,4.120132608938696,5,-1,1025,1080
1771,PU_R0886,R0886,P515,pickup,HOME_P515,46.04442773611038,4.048769494979465,5,1,440,490
1772,DO_R0886,R0886,P515,dropoff,H1,46.0533,4.0727,5,-1,450,495
1773,PU_R0887,R0887,P515,pickup,H1,46.0533,4.0727,5,1,675,690
1774,DO_R0887,R0887,P515,dropoff,HOME_P515,46.04442773611038,4.048769494979465,5,-1,675,730
1775,PU_R0888,R0888,P516,pickup,HOME_P516,45.996271258532396,4.135925858785971,5,1,735,775
1776,DO_R0888,R0888,P516,dropoff,H1,46.0533,4.0727,5,-1,745,790
1777,PU_R0889,R0889,P517,pickup,HOME_P517,46.07698026207133,4.035436603935478,5,1,435,482
1778,DO_R0889,R0889,P517,dropoff,H2,46.0457,4.0688,5,-1,445,490
1779,PU_R0890,R0890,P517,pickup,H2,46.0457,4.0688,5,1,760,775
1780,DO_R0890,R0890,P517,dropoff,HOME_P517,46.07698026207133,4.035436603935478,5,-1,760,815
1781,PU_R0891,R0891,P518,pickup,HOME_P518,46.11225403866726,4.164899532774413,5,1,660,697
1782,DO_R0891,R0891,P518,dropoff,H1,46.0533,4.0727,5,-1,670,715
1783,PU_R0892,R0892,P518,pickup,H1,46.0533,4.0727,5,1,890,905
1784,DO_R0892,R0892,P518,dropoff,HOME_P518,46.11225403866726,4.164899532774413,5,-1,890,945
1785,PU_R0893,R0893,P519,pickup,HOME_P519,46.14518231563679,4.113120107108407,5,1,990,1034
1786,DO_R0893,R0893,P519,dropoff,H2,46.0457,4.0688,5,-1,1010,1055
1787,PU_R0894,R0894,P520,pickup,HOME_P520,46.01883613333545,4.0675138248308,5,1,605,663
1788,DO_R0894,R0894,P520,dropoff,H1,46.0533,4.0727,5,-1,625,670
1789,PU_R0895,R0895,P520,pickup,H1,46.0533,4.0727,5,1,745,770
1790,DO_R0895,R0895,P520,dropoff,HOME_P520,46.01883613333545,4.0675138248308,5,-1,745,820
1791,PU_R0896,R0896,P521,pickup,HOME_P521,46.11706597348014,4.09119019107167,5,1,950,1002
1792,DO_R0896,R0896,P521,dropoff,H1,46.0533,4.0727,5,-1,970,1015
1793,PU_R0897,R0897,P522,pickup,HOME_P522,46.063287611602156,4.100638697089321,5,1,780,830
1794,DO_R0897,R0897,P522,dropoff,H1,46.0533,4.0727,5,-1,790,835
1795,PU_R0898,R0898,P523,pickup,HOME_P523,46.054345136720606,4.005380094359474,5,1,775,820
1796,DO_R0898,R0898,P523,dropoff,H1,46.0533,4.0727,5,-1,785,830
1797,PU_R0899,R0899,P524,pickup,HOME_P524,46.010239458288105,4.038786639049879,5,1,470,515
1798,DO_R0899,R0899,P524,dropoff,H1,46.0533,4.0727,5,-1,480,525
1799,PU_R0900,R0900,P524,pickup,H1,46.0533,4.0727,5,1,765,780
1800,DO_R0900,R0900,P524,dropoff,HOME_P524,46.010239458288105,4.038786639049879,5,-1,765,820
1801,PU_R0901,R0901,P525,pickup,HOME_P525,46.024507061259285,4.1631328126466745,5,1,935,986
1802,DO_R0901,R0901,P525,dropoff,H1,46.0533,4.0727,5,-1,955,1000
1803,PU_R0902,R0902,P526,pickup,HOME_P526,46.00390743629561,4.064373768982049,5,1,630,685
1804,DO_R0902,R0902,P526,dropoff,H1,46.0533,4.0727,5,-1,650,695
1805,PU_R0903,R0903,P527,pickup,HOME_P527,46.02238115903282,3.9874515750966526,5,1,485,537
1806,DO_R0903,R0903,P527,dropoff,H2,46.0457,4.0688,5,-1,505,550
1807,PU_R0904,R0904,P527,pickup,H2,46.0457,4.0688,5,1,585,610
1808,DO_R0904,R0904,P527,dropoff,HOME_P527,46.02238115903282,3.9874515750966526,5,-1,585,660
1809,PU_R0905,R0905,P528,pickup,HOME_P528,46.01576521001517,4.085296603236717,5,1,470,518
1810,DO_R0905,R0905,P528,dropoff,H2,46.0457,4.0688,5,-1,480,525
1811,PU_R0906,R0906,P528,pickup,H2,46.0457,4.0688,5,1,735,750
1812,DO_R0906,R0906,P528,dropoff,HOME_P528,46.01576521001517,4.085296603236717,5,-1,735,790
1813,PU_R0907,R0907,P529,pickup,HOME_P529,46.122666372795415,4.0944706573318586,5,1,735,775
1814,DO_R0907,R0907,P529,dropoff,H1,46.0533,4.0727,5,-1,745,790
1815,PU_R0908,R0908,P530,pickup,HOME_P530,46.14492949150496,4.033785449914994,5,1,845,889
1816,DO_R0908,R0908,P530,dropoff,H2,46.0457,4.0688,5,-1,865,910
1817,PU_R0909,R0909,P530,pickup,H2,46.0457,4.0688,5,1,945,970
1818,DO_R0909,R0909,P530,dropoff,HOME_P530,46.14492949150496,4.033785449914994,5,-1,945,1020
1819,PU_R0910,R0910,P531,pickup,HOME_P531,45.99305514464972,4.085626530386302,5,1,735,778
1820,DO_R0910,R0910,P531,dropoff,H3,46.05,4.07,5,-1,745,790
1821,PU_R0911,R0911,P532,pickup,HOME_P532,46.0694319401693,4.086980229730405,5,1,445,495
1822,DO_R0911,R0911,P532,dropoff,H3,46.05,4.07,5,-1,455,500
1823,PU_R0912,R0912,P532,pickup,H3,46.05,4.07,5,1,760,775
1824,DO_R0912,R0912,P532,dropoff,HOME_P532,46.0694319401693,4.086980229730405,5,-1,760,815
1825,PU_R0913,R0913,P533,pickup,HOME_P533,46.02522472936291,4.120788272111842,5,1,730,776
1826,DO_R0913,R0913,P533,dropoff,H1,46.0533,4.0727,5,-1,740,785
1827,PU_R0914,R0914,P533,pickup,H1,46.0533,4.0727,5,1,1025,1040
1828,DO_R0914,R0914,P533,dropoff,HOME_P533,46.02522472936291,4.120788272111842,5,-1,1025,1080
1829,PU_R0915,R0915,P534,pickup,HOME_P534,46.029753027009846,3.996619049939534,5,1,795,849
1830,DO_R0915,R0915,P534,dropoff,H2,46.0457,4.0688,5,-1,815,860
1831,PU_R0916,R0916,P534,pickup,H2,46.0457,4.0688,5,1,895,920
1832,DO_R0916,R0916,P534,dropoff,HOME_P534,46.029753027009846,3.996619049939534,5,-1,895,970
1833,PU_R0917,R0917,P535,pickup,HOME_P535,46.11066649804593,4.041226333781496,5,1,470,521
1834,DO_R0917,R0917,P535,dropoff,H2,46.0457,4.0688,5,-1,490,535
1835,PU_R0918,R0918,P535,pickup,H2,46.0457,4.0688,5,1,575,600
1836,DO_R0918,R0918,P535,dropoff,HOME_P535,46.11066649804593,4.041226333781496,5,-1,575,650
1837,PU_R0919,R0919,P536,pickup,HOME_P536,46.06269974807602,4.071946491299084,5,1,800,860
1838,DO_R0919,R0919,P536,dropoff,H2,46.0457,4.0688,5,-1,820,865
1839,PU_R0920,R0920,P536,pickup,H2,46.0457,4.0688,5,1,905,930
1840,DO_R0920,R0920,P536,dropoff,HOME_P536,46.06269974807602,4.071946491299084,5,-1,905,980
1841,PU_R0921,R0921,P537,pickup,HOME_P537,46.064514136310244,4.086537208459864,5,1,825,885
1842,DO_R0921,R0921,P537,dropoff,H2,46.0457,4.0688,5,-1,845,890
1843,PU_R0922,R0922,P537,pickup,H2,46.0457,4.0688,5,1,925,950
1844,DO_R0922,R0922,P537,dropoff,HOME_P537,46.064514136310244,4.086537208459864,5,-1,925,1000
1845,PU_R0923,R0923,P538,pickup,HOME_P538,46.03065690999183,4.080351819134589,5,1,725,775
1846,DO_R0923,R0923,P538,dropoff,H2,46.0457,4.0688,5,-1,735,780
1847,PU_R0924,R0924,P538,pickup,H2,46.0457,4.0688,5,1,1000,1015
1848,DO_R0924,R0924,P538,dropoff,HOME_P538,46.03065690999183,4.080351819134589,5,-1,1000,1055
1849,PU_R0925,R0925,P539,pickup,HOME_P539,46.141440702403315,4.066238502956508,5,1,825,872
1850,DO_R0925,R0925,P539,dropoff,H1,46.0533,4.0727,5,-1,845,890
1851,PU_R0926,R0926,P539,pickup,H1,46.0533,4.0727,5,1,975,1000
1852,DO_R0926,R0926,P539,dropoff,HOME_P539,46.141440702403315,4.066238502956508,5,-1,975,1050
1853,PU_R0927,R0927,P540,pickup,HOME_P540,46.13876833265407,4.054345165657049,5,1,785,831
1854,DO_R0927,R0927,P540,dropoff,H2,46.0457,4.0688,5,-1,805,850
1855,PU_R0928,R0928,P540,pickup,H2,46.0457,4.0688,5,1,875,900
1856,DO_R0928,R0928,P540,dropoff,HOME_P540,46.13876833265407,4.054345165657049,5,-1,875,950
1857,PU_R0929,R0929,P541,pickup,HOME_P541,46.069777616802135,4.04142446551131,5,1,425,474
1858,DO_R0929,R0929,P541,dropoff,H1,46.0533,4.0727,5,-1,435,480
1859,PU_R0930,R0930,P541,pickup,H1,46.0533,4.0727,5,1,720,735
1860,DO_R0930,R0930,P541,dropoff,HOME_P541,46.069777616802135,4.04142446551131,5,-1,720,775
1861,PU_R0931,R0931,P542,pickup,HOME_P542,45.997955757572534,4.046319682112449,5,1,460,504
1862,DO_R0931,R0931,P542,dropoff,H3,46.05,4.07,5,-1,470,515
1863,PU_R0932,R0932,P542,pickup,H3,46.05,4.07,5,1,730,745
1864,DO_R0932,R0932,P542,dropoff,HOME_P542,45.997955757572534,4.046319682112449,5,-1,730,785
1865,PU_R0933,R0933,P543,pickup,HOME_P543,46.02688413570769,4.033101717817889,5,1,430,478
1866,DO_R0933,R0933,P543,dropoff,H3,46.05,4.07,5,-1,440,485
1867,PU_R0934,R0934,P543,pickup,H3,46.05,4.07,5,1,715,730
1868,DO_R0934,R0934,P543,dropoff,HOME_P543,46.02688413570769,4.033101717817889,5,-1,715,770
1869,PU_R0935,R0935,P544,pickup,HOME_P544,46.07930290185835,4.044678842745185,5,1,475,523
1870,DO_R0935,R0935,P544,dropoff,H1,46.0533,4.0727,5,-1,485,530
1871,PU_R0936,R0936,P544,pickup,H1,46.0533,4.0727,5,1,770,785
1872,DO_R0936,R0936,P544,dropoff,HOME_P544,46.07930290185835,4.044678842745185,5,-1,770,825
1873,PU_R0937,R0937,P545,pickup,HOME_P545,46.01659411561429,4.128839536282162,5,1,620,664
1874,DO_R0937,R0937,P545,dropoff,H1,46.0533,4.0727,5,-1,630,675
1875,PU_R0938,R0938,P545,pickup,H1,46.0533,4.0727,5,1,855,870
1876,DO_R0938,R0938,P545,dropoff,HOME_P545,46.01659411561429,4.128839536282162,5,-1,855,910
1877,PU_R0939,R0939,P546,pickup,HOME_P546,46.03775173280279,3.925273760432671,5,1,860,914
1878,DO_R0939,R0939,P546,dropoff,H1,46.0533,4.0727,5,-1,890,935
1879,PU_R0940,R0940,P546,pickup,H1,46.0533,4.0727,5,1,965,1000
1880,DO_R0940,R0940,P546,dropoff,HOME_P546,46.03775173280279,3.925273760432671,5,-1,965,1060
1881,PU_R0941,R0941,P547,pickup,HOME_P547,46.04804796319777,4.128660452078108,5,1,635,682
1882,DO_R0941,R0941,P547,dropoff,H1,46.0533,4.0727,5,-1,645,690
1883,PU_R0942,R0942,P547,pickup,H1,46.0533,4.0727,5,1,850,865
1884,DO_R0942,R0942,P547,dropoff,HOME_P547,46.04804796319777,4.128660452078108,5,-1,850,905
1885,PU_R0943,R0943,P548,pickup,HOME_P548,46.10408012975901,4.064575495970821,5,1,455,499
1886,DO_R0943,R0943,P548,dropoff,H3,46.05,4.07,5,-1,465,510
1887,PU_R0944,R0944,P548,pickup,H3,46.05,4.07,5,1,780,795
1888,DO_R0944,R0944,P548,dropoff,HOME_P548,46.10408012975901,4.064575495970821,5,-1,780,835
1889,PU_R0945,R0945,P549,pickup,HOME_P549,46.018800619497384,4.123042497385806,5,1,755,800
1890,DO_R0945,R0945,P549,dropoff,H1,46.0533,4.0727,5,-1,765,810
1891,PU_R0946,R0946,P550,pickup,HOME_P550,46.11298016880431,4.1526591528516965,5,1,605,643
1892,DO_R0946,R0946,P550,dropoff,H1,46.0533,4.0727,5,-1,615,660
1893,PU_R0947,R0947,P551,pickup,HOME_P551,46.11019377623944,4.098321243245742,5,1,750,793
1894,DO_R0947,R0947,P551,dropoff,H1,46.0533,4.0727,5,-1,760,805
1895,PU_R0948,R0948,P552,pickup,HOME_P552,46.012853292521456,4.0468789029063785,5,1,425,471
1896,DO_R0948,R0948,P552,dropoff,H1,46.0533,4.0727,5,-1,435,480
1897,PU_R0949,R0949,P552,pickup,H1,46.0533,4.0727,5,1,655,670
1898,DO_R0949,R0949,P552,dropoff,HOME_P552,46.012853292521456,4.0468789029063785,5,-1,655,710
1899,PU_R0950,R0950,P553,pickup,HOME_P553,46.056838140068734,4.116461013940896,5,1,425,473
1900,DO_R0950,R0950,P553,dropoff,H1,46.0533,4.0727,5,-1,435,480
1901,PU_R0951,R0951,P553,pickup,H1,46.0533,4.0727,5,1,720,735
1902,DO_R0951,R0951,P553,dropoff,HOME_P553,46.056838140068734,4.116461013940896,5,-1,720,775
1903,PU_R0952,R0952,P554,pickup,HOME_P554,46.07315198991916,4.1566430105825205,5,1,730,772
1904,DO_R0952,R0952,P554,dropoff,H1,46.0533,4.0727,5,-1,740,785
1905,PU_R0953,R0953,P554,pickup,H1,46.0533,4.0727,5,1,1025,1040
1906,DO_R0953,R0953,P554,dropoff,HOME_P554,46.07315198991916,4.1566430105825205,5,-1,1025,1080
1907,PU_R0954,R0954,P555,pickup,HOME_P555,46.135597195065095,3.9924689700243907,5,1,980,1024
1908,DO_R0954,R0954,P555,dropoff,H2,46.0457,4.0688,5,-1,1000,1045
1909,PU_R0955,R0955,P556,pickup,HOME_P556,46.111218713003055,3.9957147735661764,5,1,435,474
1910,DO_R0955,R0955,P556,dropoff,H1,46.0533,4.0727,5,-1,445,490
1911,PU_R0956,R0956,P556,pickup,H1,46.0533,4.0727,5,1,665,680
1912,DO_R0956,R0956,P556,dropoff,HOME_P556,46.111218713003055,3.9957147735661764,5,-1,665,720
1913,PU_R0957,R0957,P557,pickup,HOME_P557,46.04853491756683,4.116656387026063,5,1,725,773
1914,DO_R0957,R0957,P557,dropoff,H2,46.0457,4.0688,5,-1,735,780
1915,PU_R0958,R0958,P557,pickup,H2,46.0457,4.0688,5,1,990,1005
1916,DO_R0958,R0958,P557,dropoff,HOME_P557,46.04853491756683,4.116656387026063,5,-1,990,1045
1917,PU_R0959,R0959,P558,pickup,HOME_P558,46.0536853504306,4.1062793789627285,5,1,745,794
1918,DO_R0959,R0959,P558,dropoff,H2,46.0457,4.0688,5,-1,755,800
1919,PU_R0960,R0960,P559,pickup,HOME_P559,45.99574565784093,4.151057243734737,5,1,455,494
1920,DO_R0960,R0960,P559,dropoff,H1,46.0533,4.0727,5,-1,465,510
1921,PU_R0961,R0961,P559,pickup,H1,46.0533,4.0727,5,1,685,700
1922,DO_R0961,R0961,P559,dropoff,HOME_P559,45.99574565784093,4.151057243734737,5,-1,685,740
1923,PU_R0962,R0962,P560,pickup,HOME_P560,46.10785648805953,4.0252984411398325,5,1,765,807
1924,DO_R0962,R0962,P560,dropoff,H1,46.0533,4.0727,5,-1,775,820
1925,PU_R0963,R0963,P561,pickup,HOME_P561,46.04850324154922,3.97714551031702,5,1,620,661
1926,DO_R0963,R0963,P561,dropoff,H1,46.0533,4.0727,5,-1,630,675
1927,PU_R0964,R0964,P561,pickup,H1,46.0533,4.0727,5,1,850,865
1928,DO_R0964,R0964,P561,dropoff,HOME_P561,46.04850324154922,3.97714551031702,5,-1,850,905
1929,PU_R0965,R0965,P562,pickup,HOME_P562,46.01183599314872,4.258075132241666,5,1,996,1048
1930,DO_R0965,R0965,P562,dropoff,H1,46.0533,4.0727,5,-1,1030,1075
1931,PU_R0966,R0966,P563,pickup,HOME_P563,46.111571440990225,4.092797227577621,5,1,470,513
1932,DO_R0966,R0966,P563,dropoff,H1,46.0533,4.0727,5,-1,480,525
1933,PU_R0967,R0967,P563,pickup,H1,46.0533,4.0727,5,1,765,780
1934,DO_R0967,R0967,P563,dropoff,HOME_P563,46.111571440990225,4.092797227577621,5,-1,765,820
1935,PU_R0968,R0968,P564,pickup,HOME_P564,46.062616795106265,4.116577443377692,5,1,730,778
1936,DO_R0968,R0968,P564,dropoff,H1,46.0533,4.0727,5,-1,740,785
1937,PU_R0969,R0969,P564,pickup,H1,46.0533,4.0727,5,1,1025,1040
1938,DO_R0969,R0969,P564,dropoff,HOME_P564,46.062616795106265,4.116577443377692,5,-1,1025,1080
1939,PU_R0970,R0970,P565,pickup,HOME_P565,46.088311852449074,3.9856729816744645,5,1,505,556
1940,DO_R0970,R0970,P565,dropoff,H1,46.0533,4.0727,5,-1,525,570
1941,PU_R0971,R0971,P565,pickup,H1,46.0533,4.0727,5,1,660,685
1942,DO_R0971,R0971,P565,dropoff,HOME_P565,46.088311852449074,3.9856729816744645,5,-1,660,735
1943,PU_R0972,R0972,P566,pickup,HOME_P566,46.06128276076167,4.137425416737522,5,1,530,585
1944,DO_R0972,R0972,P566,dropoff,H1,46.0533,4.0727,5,-1,550,595
1945,PU_R0973,R0973,P567,pickup,HOME_P567,45.989240466046155,4.020398211200929,5,1,425,465
1946,DO_R0973,R0973,P567,dropoff,H1,46.0533,4.0727,5,-1,435,480
1947,PU_R0974,R0974,P567,pickup,H1,46.0533,4.0727,5,1,640,655
1948,DO_R0974,R0974,P567,dropoff,HOME_P567,45.989240466046155,4.020398211200929,5,-1,640,695
1949,PU_R0975,R0975,P568,pickup,HOME_P568,45.97611106718451,4.138615420105697,5,1,440,477
1950,DO_R0975,R0975,P568,dropoff,H1,46.0533,4.0727,5,-1,450,495
1951,PU_R0976,R0976,P568,pickup,H1,46.0533,4.0727,5,1,645,660
1952,DO_R0976,R0976,P568,dropoff,HOME_P568,45.97611106718451,4.138615420105697,5,-1,645,700
1953,PU_R0977,R0977,P569,pickup,HOME_P569,46.0229288483761,4.193754793172012,5,1,510,557
1954,DO_R0977,R0977,P569,dropoff,H1,46.0533,4.0727,5,-1,530,575
1955,PU_R0978,R0978,P569,pickup,H1,46.0533,4.0727,5,1,675,700
1956,DO_R0978,R0978,P569,dropoff,HOME_P569,46.0229288483761,4.193754793172012,5,-1,675,750
1957,PU_R0979,R0979,P570,pickup,HOME_P570,46.00247216149205,4.069624081401541,5,1,465,510
1958,DO_R0979,R0979,P570,dropoff,H3,46.05,4.07,5,-1,475,520
1959,PU_R0980,R0980,P570,pickup,H3,46.05,4.07,5,1,790,805
1960,DO_R0980,R0980,P570,dropoff,HOME_P570,46.00247216149205,4.069624081401541,5,-1,790,845
1961,PU_R0981,R0981,P571,pickup,HOME_P571,46.03934526186505,4.120393318479553,5,1,425,472
1962,DO_R0981,R0981,P571,dropoff,H2,46.0457,4.0688,5,-1,435,480
1963,PU_R0982,R0982,P571,pickup,H2,46.0457,4.0688,5,1,750,765
1964,DO_R0982,R0982,P571,dropoff,HOME_P571,46.03934526186505,4.120393318479553,5,-1,750,805
1965,PU_R0983,R0983,P572,pickup,HOME_P572,46.11410267213469,4.0445653165492015,5,1,450,491
1966,DO_R0983,R0983,P572,dropoff,H3,46.05,4.07,5,-1,460,505
1967,PU_R0984,R0984,P572,pickup,H3,46.05,4.07,5,1,750,765
1968,DO_R0984,R0984,P572,dropoff,HOME_P572,46.11410267213469,4.0445653165492015,5,-1,750,805
1969,PU_R0985,R0985,P573,pickup,HOME_P573,46.05101466605865,4.005195050531845,5,1,445,490
1970,DO_R0985,R0985,P573,dropoff,H1,46.0533,4.0727,5,-1,455,500
1971,PU_R0986,R0986,P573,pickup,H1,46.0533,4.0727,5,1,675,690
1972,DO_R0986,R0986,P573,dropoff,HOME_P573,46.05101466605865,4.005195050531845,5,-1,675,730
1973,PU_R0987,R0987,P574,pickup,HOME_P574,46.036375735049134,4.051858026871963,5,1,430,480
1974,DO_R0987,R0987,P574,dropoff,H3,46.05,4.07,5,-1,440,485
1975,PU_R0988,R0988,P574,pickup,H3,46.05,4.07,5,1,695,710
1976,DO_R0988,R0988,P574,dropoff,HOME_P574,46.036375735049134,4.051858026871963,5,-1,695,750
1977,PU_R0989,R0989,P575,pickup,HOME_P575,46.12094282661911,4.158439238886989,5,1,495,542
1978,DO_R0989,R0989,P575,dropoff,H1,46.0533,4.0727,5,-1,515,560
1979,PU_R0990,R0990,P575,pickup,H1,46.0533,4.0727,5,1,655,680
1980,DO_R0990,R0990,P575,dropoff,HOME_P575,46.12094282661911,4.158439238886989,5,-1,655,730
1981,PU_R0991,R0991,P576,pickup,HOME_P576,46.04454940363907,4.206562294567533,5,1,835,881
1982,DO_R0991,R0991,P576,dropoff,H1,46.0533,4.0727,5,-1,855,900
1983,PU_R0992,R0992,P576,pickup,H1,46.0533,4.0727,5,1,985,1010
1984,DO_R0992,R0992,P576,dropoff,HOME_P576,46.04454940363907,4.206562294567533,5,-1,985,1060
1985,PU_R0993,R0993,P577,pickup,HOME_P577,46.05052230910886,3.931121211066814,5,1,845,891
1986,DO_R0993,R0993,P577,dropoff,H2,46.0457,4.0688,5,-1,865,910
1987,PU_R0994,R0994,P577,pickup,H2,46.0457,4.0688,5,1,940,965
1988,DO_R0994,R0994,P577,dropoff,HOME_P577,46.05052230910886,3.931121211066814,5,-1,940,1015
1989,PU_R0995,R0995,P578,pickup,HOME_P578,46.055836686876525,4.0486233239733265,5,1,730,780
1990,DO_R0995,R0995,P578,dropoff,H3,46.05,4.07,5,-1,740,785
1991,PU_R0996,R0996,P579,pickup,HOME_P579,46.01848933476588,3.9906867018393437,5,1,445,486
1992,DO_R0996,R0996,P579,dropoff,H1,46.0533,4.0727,5,-1,455,500
1993,PU_R0997,R0997,P579,pickup,H1,46.0533,4.0727,5,1,740,755
1994,DO_R0997,R0997,P579,dropoff,HOME_P579,46.01848933476588,3.9906867018393437,5,-1,740,795
1995,PU_R0998,R0998,P580,pickup,HOME_P580,46.104532476526316,4.010540890074325,5,1,755,796
1996,DO_R0998,R0998,P580,dropoff,H1,46.0533,4.0727,5,-1,765,810
1997,PU_R0999,R0999,P581,pickup,HOME_P581,46.03572478981381,4.121068089963989,5,1,440,487
1998,DO_R0999,R0999,P581,dropoff,H1,46.0533,4.0727,5,-1,450,495
1999,PU_R1000,R1000,P581,pickup,H1,46.0533,4.0727,5,1,665,680
2000,DO_R1000,R1000,P581,dropoff,HOME_P581,46.03572478981381,4.121068089963989,5,-1,665,720
2001,PU_R1001,R1001,P582,pickup,HOME_P582,46.10107092919496,4.112291507363124,5,1,450,494
2002,DO_R1001,R1001,P582,dropoff,H1,46.0533,4.0727,5,-1,460,505
2003,PU_R1002,R1002,P582,pickup,H1,46.0533,4.0727,5,1,745,760
2004,DO_R1002,R1002,P582,dropoff,HOME_P582,46.10107092919496,4.112291507363124,5,-1,745,800
2005,PU_R1003,R1003,P583,pickup,HOME_P583,46.112757474773396,4.029168966911987,5,1,425,466
2006,DO_R1003,R1003,P583,dropoff,H1,46.0533,4.0727,5,-1,435,480
2007,PU_R1004,R1004,P583,pickup,H1,46.0533,4.0727,5,1,720,735
2008,DO_R1004,R1004,P583,dropoff,HOME_P583,46.112757474773396,4.029168966911987,5,-1,720,775
2009,PU_R1005,R1005,P584,pickup,HOME_P584,46.03569644771998,4.153548136204082,5,1,775,818
2010,DO_R1005,R1005,P584,dropoff,H2,46.0457,4.0688,5,-1,785,830
2011,PU_R1006,R1006,P584,pickup,H2,46.0457,4.0688,5,1,980,995
2012,DO_R1006,R1006,P584,dropoff,HOME_P584,46.03569644771998,4.153548136204082,5,-1,980,1035
2013,PU_R1007,R1007,P585,pickup,HOME_P585,46.06253572633747,4.214851537634154,5,1,530,574
2014,DO_R1007,R1007,P585,dropoff,H2,46.0457,4.0688,5,-1,550,595
2015,PU_R1008,R1008,P585,pickup,H2,46.0457,4.0688,5,1,635,660
2016,DO_R1008,R1008,P585,dropoff,HOME_P585,46.06253572633747,4.214851537634154,5,-1,635,710
2017,PU_R1009,R1009,P586,pickup,HOME_P586,46.05347022559408,4.056222982462782,5,1,470,520
2018,DO_R1009,R1009,P586,dropoff,H1,46.0533,4.0727,5,-1,480,525
2019,PU_R1010,R1010,P586,pickup,H1,46.0533,4.0727,5,1,695,710
2020,DO_R1010,R1010,P586,dropoff,HOME_P586,46.05347022559408,4.056222982462782,5,-1,695,750
2021,PU_R1011,R1011,P587,pickup,HOME_P587,46.05006938889305,4.139876256221005,5,1,480,535
2022,DO_R1011,R1011,P587,dropoff,H2,46.0457,4.0688,5,-1,500,545
2023,PU_R1012,R1012,P587,pickup,H2,46.0457,4.0688,5,1,585,610
2024,DO_R1012,R1012,P587,dropoff,HOME_P587,46.05006938889305,4.139876256221005,5,-1,585,660
2025,PU_R1013,R1013,P588,pickup,HOME_P588,46.045546150524316,3.970505070355752,5,1,445,486
2026,DO_R1013,R1013,P588,dropoff,H3,46.05,4.07,5,-1,455,500
2027,PU_R1014,R1014,P588,pickup,H3,46.05,4.07,5,1,765,780
2028,DO_R1014,R1014,P588,dropoff,HOME_P588,46.045546150524316,3.970505070355752,5,-1,765,820
2029,PU_R1015,R1015,P589,pickup,HOME_P589,46.05590262001377,4.067218473989077,5,1,610,670
2030,DO_R1015,R1015,P589,dropoff,H2,46.0457,4.0688,5,-1,630,675
2031,PU_R1016,R1016,P589,pickup,H2,46.0457,4.0688,5,1,700,725
2032,DO_R1016,R1016,P589,dropoff,HOME_P589,46.05590262001377,4.067218473989077,5,-1,700,775
2033,PU_R1017,R1017,P590,pickup,HOME_P590,45.95253322186037,4.121724518947498,5,1,610,655
2034,DO_R1017,R1017,P590,dropoff,H2,46.0457,4.0688,5,-1,630,675
2035,PU_R1018,R1018,P590,pickup,H2,46.0457,4.0688,5,1,710,735
2036,DO_R1018,R1018,P590,dropoff,HOME_P590,45.95253322186037,4.121724518947498,5,-1,710,785
2037,PU_R1019,R1019,P591,pickup,HOME_P591,46.06795263315162,4.049848278416657,5,1,505,565
2038,DO_R1019,R1019,P591,dropoff,H1,46.0533,4.0727,5,-1,525,570
2039,PU_R1020,R1020,P591,pickup,H1,46.0533,4.0727,5,1,630,655
2040,DO_R1020,R1020,P591,dropoff,HOME_P591,46.06795263315162,4.049848278416657,5,-1,630,705
2041,PU_R1021,R1021,P592,pickup,HOME_P592,46.12741223858489,4.153422110843514,5,1,600,646
2042,DO_R1021,R1021,P592,dropoff,H1,46.0533,4.0727,5,-1,620,665
2043,PU_R1022,R1022,P592,pickup,H1,46.0533,4.0727,5,1,755,780
2044,DO_R1022,R1022,P592,dropoff,HOME_P592,46.12741223858489,4.153422110843514,5,-1,755,830
2045,PU_R1023,R1023,P593,pickup,HOME_P593,45.98521361715387,4.073302284061433,5,1,775,817
2046,DO_R1023,R1023,P593,dropoff,H2,46.0457,4.0688,5,-1,785,830
2047,PU_R1024,R1024,P594,pickup,HOME_P594,46.06665793094801,3.9783831283586912,5,1,660,701
2048,DO_R1024,R1024,P594,dropoff,H1,46.0533,4.0727,5,-1,670,715
2049,PU_R1025,R1025,P594,pickup,H1,46.0533,4.0727,5,1,890,905
2050,DO_R1025,R1025,P594,dropoff,HOME_P594,46.06665793094801,3.9783831283586912,5,-1,890,945
2051,PU_R1026,R1026,P595,pickup,HOME_P595,46.092240808972996,4.0181116678371485,5,1,600,653
2052,DO_R1026,R1026,P595,dropoff,H2,46.0457,4.0688,5,-1,620,665
2053,PU_R1027,R1027,P596,pickup,HOME_P596,46.14421881606026,4.092858389533961,5,1,465,510
2054,DO_R1027,R1027,P596,dropoff,H2,46.0457,4.0688,5,-1,485,530
2055,PU_R1028,R1028,P597,pickup,HOME_P597,46.09757934046895,4.073021033801302,5,1,430,476
2056,DO_R1028,R1028,P597,dropoff,H1,46.0533,4.0727,5,-1,440,485
2057,PU_R1029,R1029,P597,pickup,H1,46.0533,4.0727,5,1,725,740
2058,DO_R1029,R1029,P597,dropoff,HOME_P597,46.09757934046895,4.073021033801302,5,-1,725,780
2059,PU_R1030,R1030,P598,pickup,HOME_P598,46.0710111018667,4.146571686989023,5,1,430,474
2060,DO_R1030,R1030,P598,dropoff,H1,46.0533,4.0727,5,-1,440,485
2061,PU_R1031,R1031,P598,pickup,H1,46.0533,4.0727,5,1,725,740
2062,DO_R1031,R1031,P598,dropoff,HOME_P598,46.0710111018667,4.146571686989023,5,-1,725,780
2063,PU_R1032,R1032,P599,pickup,HOME_P599,46.04649256842213,4.121156930320927,5,1,855,902
2064,DO_R1032,R1032,P599,dropoff,H2,46.0457,4.0688,5,-1,865,910
2065,PU_R1033,R1033,P600,pickup,HOME_P600,46.04561922661968,4.111888680354267,5,1,635,684
2066,DO_R1033,R1033,P600,dropoff,H1,46.0533,4.0727,5,-1,645,690
2067,PU_R1034,R1034,P600,pickup,H1,46.0533,4.0727,5,1,845,860
2068,DO_R1034,R1034,P600,dropoff,HOME_P600,46.04561922661968,4.111888680354267,5,-1,845,900
2069,PU_R1035,R1035,P601,pickup,HOME_P601,46.13030968162462,4.1444448887561975,5,1,785,830
2070,DO_R1035,R1035,P601,dropoff,H2,46.0457,4.0688,5,-1,805,850
2071,PU_R1036,R1036,P602,pickup,HOME_P602,46.042001388737674,4.177173063984468,5,1,475,525
2072,DO_R1036,R1036,P602,dropoff,H1,46.0533,4.0727,5,-1,495,540
2073,PU_R1037,R1037,P602,pickup,H1,46.0533,4.0727,5,1,650,675
2074,DO_R1037,R1037,P602,dropoff,HOME_P602,46.042001388737674,4.177173063984468,5,-1,650,725
2075,PU_R1038,R1038,P603,pickup,HOME_P603,46.0412406312834,4.220520140549587,5,1,490,534
2076,DO_R1038,R1038,P603,dropoff,H1,46.0533,4.0727,5,-1,510,555
2077,PU_R1039,R1039,P603,pickup,H1,46.0533,4.0727,5,1,655,680
2078,DO_R1039,R1039,P603,dropoff,HOME_P603,46.0412406312834,4.220520140549587,5,-1,655,730
2079,PU_R1040,R1040,P604,pickup,HOME_P604,46.05072798745913,3.959838102714798,5,1,595,644
2080,DO_R1040,R1040,P604,dropoff,H1,46.0533,4.0727,5,-1,615,660
2081,PU_R1041,R1041,P604,pickup,H1,46.0533,4.0727,5,1,750,775
2082,DO_R1041,R1041,P604,dropoff,HOME_P604,46.05072798745913,3.959838102714798,5,-1,750,825
2083,PU_R1042,R1042,P605,pickup,HOME_P605,46.03563632009066,4.013595464551713,5,1,775,822
2084,DO_R1042,R1042,P605,dropoff,H2,46.0457,4.0688,5,-1,785,830
2085,PU_R1043,R1043,P606,pickup,HOME_P606,46.083284137173415,4.046717484978763,5,1,440,486
2086,DO_R1043,R1043,P606,dropoff,H2,46.0457,4.0688,5,-1,450,495
2087,PU_R1044,R1044,P606,pickup,H2,46.0457,4.0688,5,1,735,750
2088,DO_R1044,R1044,P606,dropoff,HOME_P606,46.083284137173415,4.046717484978763,5,-1,735,790
2089,PU_R1045,R1045,P607,pickup,HOME_P607,46.020666486361165,3.9386230016883665,5,1,505,551
2090,DO_R1045,R1045,P607,dropoff,H2,46.0457,4.0688,5,-1,525,570
2091,PU_R1046,R1046,P607,pickup,H2,46.0457,4.0688,5,1,595,620
2092,DO_R1046,R1046,P607,dropoff,HOME_P607,46.020666486361165,3.9386230016883665,5,-1,595,670
2093,PU_R1047,R1047,P608,pickup,HOME_P608,46.09127744123579,4.046870941475276,5,1,585,641
2094,DO_R1047,R1047,P608,dropoff,H1,46.0533,4.0727,5,-1,605,650
2095,PU_R1048,R1048,P608,pickup,H1,46.0533,4.0727,5,1,750,775
2096,DO_R1048,R1048,P608,dropoff,HOME_P608,46.09127744123579,4.046870941475276,5,-1,750,825
2097,PU_R1049,R1049,P609,pickup,HOME_P609,45.968015411790454,4.107579735701681,5,1,620,657
2098,DO_R1049,R1049,P609,dropoff,H1,46.0533,4.0727,5,-1,630,675
2099,PU_R1050,R1050,P609,pickup,H1,46.0533,4.0727,5,1,825,840
2100,DO_R1050,R1050,P609,dropoff,HOME_P609,45.968015411790454,4.107579735701681,5,-1,825,880
2101,PU_R1051,R1051,P610,pickup,HOME_P610,45.99349662755438,4.045815047580548,5,1,445,499
2102,DO_R1051,R1051,P610,dropoff,H2,46.0457,4.0688,5,-1,465,510
2103,PU_R1052,R1052,P610,pickup,H2,46.0457,4.0688,5,1,545,570
2104,DO_R1052,R1052,P610,dropoff,HOME_P610,45.99349662755438,4.045815047580548,5,-1,545,620
2105,PU_R1053,R1053,P611,pickup,HOME_P611,46.06070183634965,3.965313500813507,5,1,445,495
2106,DO_R1053,R1053,P611,dropoff,H2,46.0457,4.0688,5,-1,465,510
2107,PU_R1054,R1054,P611,pickup,H2,46.0457,4.0688,5,1,540,565
2108,DO_R1054,R1054,P611,dropoff,HOME_P611,46.06070183634965,3.965313500813507,5,-1,540,615
2109,PU_R1055,R1055,P612,pickup,HOME_P612,46.059598113755165,4.067863776891933,5,1,475,525
2110,DO_R1055,R1055,P612,dropoff,H2,46.0457,4.0688,5,-1,485,530
2111,PU_R1056,R1056,P612,pickup,H2,46.0457,4.0688,5,1,740,755
2112,DO_R1056,R1056,P612,dropoff,HOME_P612,46.059598113755165,4.067863776891933,5,-1,740,795
2113,PU_R1057,R1057,P613,pickup,HOME_P613,46.029428587390214,4.057345533335034,5,1,970,1019
2114,DO_R1057,R1057,P613,dropoff,H1,46.0533,4.0727,5,-1,980,1025
2115,PU_R1058,R1058,P614,pickup,HOME_P614,46.07315424500692,4.160169512514975,5,1,770,812
2116,DO_R1058,R1058,P614,dropoff,H1,46.0533,4.0727,5,-1,780,825
2117,PU_R1059,R1059,P615,pickup,HOME_P615,46.06602441759832,4.006247415060648,5,1,760,805
2118,DO_R1059,R1059,P615,dropoff,H2,46.0457,4.0688,5,-1,770,815
2119,PU_R1060,R1060,P616,pickup,HOME_P616,45.9838289264113,4.047304259946999,5,1,780,820
2120,DO_R1060,R1060,P616,dropoff,H1,46.0533,4.0727,5,-1,790,835
2121,PU_R1061,R1061,P617,pickup,HOME_P617,46.053948061655284,3.929823820789816,5,1,650,695
2122,DO_R1061,R1061,P617,dropoff,H1,46.0533,4.0727,5,-1,670,715
2123,PU_R1062,R1062,P617,pickup,H1,46.0533,4.0727,5,1,785,810
2124,DO_R1062,R1062,P617,dropoff,HOME_P617,46.053948061655284,3.929823820789816,5,-1,785,860
2125,PU_R1063,R1063,P618,pickup,HOME_P618,46.072712650263874,3.9898128969433917,5,1,735,777
2126,DO_R1063,R1063,P618,dropoff,H2,46.0457,4.0688,5,-1,745,790
2127,PU_R1064,R1064,P619,pickup,HOME_P619,46.09727612618929,3.944600402298312,5,1,950,1005
2128,DO_R1064,R1064,P619,dropoff,H1,46.0533,4.0727,5,-1,980,1025
2129,PU_R1065,R1065,P620,pickup,HOME_P620,46.10413960502536,4.004055968133691,5,1,445,486
2130,DO_R1065,R1065,P620,dropoff,H1,46.0533,4.0727,5,-1,455,500
2131,PU_R1066,R1066,P620,pickup,H1,46.0533,4.0727,5,1,740,755
2132,DO_R1066,R1066,P620,dropoff,HOME_P620,46.10413960502536,4.004055968133691,5,-1,740,795
2133,PU_R1067,R1067,P621,pickup,HOME_P621,46.09026247993595,4.104729232371147,5,1,770,816
2134,DO_R1067,R1067,P621,dropoff,H1,46.0533,4.0727,5,-1,780,825
2135,PU_R1068,R1068,P622,pickup,HOME_P622,46.07138969860717,4.0038825740886885,5,1,460,504
2136,DO_R1068,R1068,P622,dropoff,H2,46.0457,4.0688,5,-1,470,515
2137,PU_R1069,R1069,P622,pickup,H2,46.0457,4.0688,5,1,740,755
2138,DO_R1069,R1069,P622,dropoff,HOME_P622,46.07138969860717,4.0038825740886885,5,-1,740,795
2139,PU_R1070,R1070,P623,pickup,HOME_P623,46.0805030773656,4.130162152262661,5,1,730,795
2140,DO_R1070,R1070,P623,dropoff,H1,46.0533,4.0727,5,-1,760,805
2141,PU_R1071,R1071,P623,pickup,H1,46.0533,4.0727,5,1,825,860
2142,DO_R1071,R1071,P623,dropoff,HOME_P623,46.0805030773656,4.130162152262661,5,-1,825,920
2143,PU_R1072,R1072,P624,pickup,HOME_P624,46.0625387386246,4.168801112534062,5,1,465,506
2144,DO_R1072,R1072,P624,dropoff,H3,46.05,4.07,5,-1,475,520
2145,PU_R1073,R1073,P624,pickup,H3,46.05,4.07,5,1,790,805
2146,DO_R1073,R1073,P624,dropoff,HOME_P624,46.0625387386246,4.168801112534062,5,-1,790,845
2147,PU_R1074,R1074,P625,pickup,HOME_P625,46.081511488874774,3.9871970902875224,5,1,525,576
2148,DO_R1074,R1074,P625,dropoff,H2,46.0457,4.0688,5,-1,545,590
2149,PU_R1075,R1075,P625,pickup,H2,46.0457,4.0688,5,1,625,650
2150,DO_R1075,R1075,P625,dropoff,HOME_P625,46.081511488874774,3.9871970902875224,5,-1,625,700
2151,PU_R1076,R1076,P626,pickup,HOME_P626,45.98360885106537,3.882143962334562,5,1,571,625
2152,DO_R1076,R1076,P626,dropoff,H1,46.0533,4.0727,5,-1,610,655
2153,PU_R1077,R1077,P626,pickup,H1,46.0533,4.0727,5,1,680,715
2154,DO_R1077,R1077,P626,dropoff,HOME_P626,45.98360885106537,3.882143962334562,5,-1,680,784
2155,PU_R1078,R1078,P627,pickup,HOME_P627,46.09310342754182,4.07881958060998,5,1,640,697
2156,DO_R1078,R1078,P627,dropoff,H1,46.0533,4.0727,5,-1,660,705
2157,PU_R1079,R1079,P627,pickup,H1,46.0533,4.0727,5,1,820,845
2158,DO_R1079,R1079,P627,dropoff,HOME_P627,46.09310342754182,4.07881958060998,5,-1,820,895
2159,PU_R1080,R1080,P628,pickup,HOME_P628,46.07849008617414,4.094497505608372,5,1,755,804
2160,DO_R1080,R1080,P628,dropoff,H1,46.0533,4.0727,5,-1,765,810
2161,PU_R1081,R1081,P629,pickup,HOME_P629,46.11261342808093,4.065982719542054,5,1,435,478
2162,DO_R1081,R1081,P629,dropoff,H1,46.0533,4.0727,5,-1,445,490
2163,PU_R1082,R1082,P629,pickup,H1,46.0533,4.0727,5,1,730,745
2164,DO_R1082,R1082,P629,dropoff,HOME_P629,46.11261342808093,4.065982719542054,5,-1,730,785
2165,PU_R1083,R1083,P630,pickup,HOME_P630,46.03388330819994,4.100506831148093,5,1,480,529
2166,DO_R1083,R1083,P630,dropoff,H1,46.0533,4.0727,5,-1,490,535
2167,PU_R1084,R1084,P631,pickup,HOME_P631,45.985953693932174,4.073842702670786,5,1,770,811
2168,DO_R1084,R1084,P631,dropoff,H1,46.0533,4.0727,5,-1,780,825
2169,PU_R1085,R1085,P632,pickup,HOME_P632,46.00858471563358,3.9947859502743635,5,1,755,797
2170,DO_R1085,R1085,P632,dropoff,H2,46.0457,4.0688,5,-1,765,810
2171,PU_R1086,R1086,P633,pickup,HOME_P633,46.08293051299859,4.077024088128598,5,1,735,783
2172,DO_R1086,R1086,P633,dropoff,H3,46.05,4.07,5,-1,745,790
2173,PU_R1087,R1087,P634,pickup,HOME_P634,46.0976755114793,4.027881801040033,5,1,770,814
2174,DO_R1087,R1087,P634,dropoff,H1,46.0533,4.0727,5,-1,780,825
2175,PU_R1088,R1088,P635,pickup,HOME_P635,46.05117596775961,3.9307343928282723,5,1,800,845
2176,DO_R1088,R1088,P635,dropoff,H2,46.0457,4.0688,5,-1,820,865
2177,PU_R1089,R1089,P635,pickup,H2,46.0457,4.0688,5,1,890,915
2178,DO_R1089,R1089,P635,dropoff,HOME_P635,46.05117596775961,3.9307343928282723,5,-1,890,965
2179,PU_R1090,R1090,P636,pickup,HOME_P636,46.08321002884594,4.119950424500722,5,1,435,480
2180,DO_R1090,R1090,P636,dropoff,H3,46.05,4.07,5,-1,445,490
2181,PU_R1091,R1091,P636,pickup,H3,46.05,4.07,5,1,710,725
2182,DO_R1091,R1091,P636,dropoff,HOME_P636,46.08321002884594,4.119950424500722,5,-1,710,765
2183,PU_R1092,R1092,P637,pickup,HOME_P637,46.08685667273554,4.075017813162279,5,1,475,521
2184,DO_R1092,R1092,P637,dropoff,H2,46.0457,4.0688,5,-1,485,530
2185,PU_R1093,R1093,P637,pickup,H2,46.0457,4.0688,5,1,760,775
2186,DO_R1093,R1093,P637,dropoff,HOME_P637,46.08685667273554,4.075017813162279,5,-1,760,815
2187,PU_R1094,R1094,P638,pickup,HOME_P638,46.027788544856186,4.125800616938613,5,1,480,536
2188,DO_R1094,R1094,P638,dropoff,H1,46.0533,4.0727,5,-1,500,545
2189,PU_R1095,R1095,P638,pickup,H1,46.0533,4.0727,5,1,650,675
2190,DO_R1095,R1095,P638,dropoff,HOME_P638,46.027788544856186,4.125800616938613,5,-1,650,725
2191,PU_R1096,R1096,P639,pickup,HOME_P639,46.06481910389338,3.94969759133896,5,1,490,538
2192,DO_R1096,R1096,P639,dropoff,H2,46.0457,4.0688,5,-1,510,555
2193,PU_R1097,R1097,P639,pickup,H2,46.0457,4.0688,5,1,580,605
2194,DO_R1097,R1097,P639,dropoff,HOME_P639,46.06481910389338,3.94969759133896,5,-1,580,655
2195,PU_R1098,R1098,P640,pickup,HOME_P640,45.98316069704803,3.9866610880814637,5,1,780,826
2196,DO_R1098,R1098,P640,dropoff,H1,46.0533,4.0727,5,-1,800,845
2197,PU_R1099,R1099,P640,pickup,H1,46.0533,4.0727,5,1,915,940
2198,DO_R1099,R1099,P640,dropoff,HOME_P640,45.98316069704803,3.9866610880814637,5,-1,915,990
2199,PU_R1100,R1100,P641,pickup,HOME_P641,46.06062418463461,4.186133904002239,5,1,845,894
2200,DO_R1100,R1100,P641,dropoff,H1,46.0533,4.0727,5,-1,865,910
2201,PU_R1101,R1101,P642,pickup,HOME_P642,46.017403103852,3.9941988105033146,5,1,1020,1062
2202,DO_R1101,R1101,P642,dropoff,H1,46.0533,4.0727,5,-1,1030,1075
2203,PU_R1102,R1102,P643,pickup,HOME_P643,46.031918051892426,4.149196838075535,5,1,440,483
2204,DO_R1102,R1102,P643,dropoff,H3,46.05,4.07,5,-1,450,495
2205,PU_R1103,R1103,P643,pickup,H3,46.05,4.07,5,1,725,740
2206,DO_R1103,R1103,P643,dropoff,HOME_P643,46.031918051892426,4.149196838075535,5,-1,725,780
2207,PU_R1104,R1104,P644,pickup,HOME_P644,46.01220677959889,4.068078797312014,5,1,750,798
2208,DO_R1104,R1104,P644,dropoff,H2,46.0457,4.0688,5,-1,760,805
2209,PU_R1105,R1105,P644,pickup,H2,46.0457,4.0688,5,1,1020,1035
2210,DO_R1105,R1105,P644,dropoff,HOME_P644,46.01220677959889,4.068078797312014,5,-1,1020,1075
2211,PU_R1106,R1106,P645,pickup,HOME_P645,46.08467439706957,4.085225347029894,5,1,625,681
2212,DO_R1106,R1106,P645,dropoff,H2,46.0457,4.0688,5,-1,645,690
2213,PU_R1107,R1107,P645,pickup,H2,46.0457,4.0688,5,1,730,755
2214,DO_R1107,R1107,P645,dropoff,HOME_P645,46.08467439706957,4.085225347029894,5,-1,730,805
2215,PU_R1108,R1108,P646,pickup,HOME_P646,46.10412701055747,4.084896729439723,5,1,465,509
2216,DO_R1108,R1108,P646,dropoff,H3,46.05,4.07,5,-1,475,520
2217,PU_R1109,R1109,P646,pickup,H3,46.05,4.07,5,1,765,780
2218,DO_R1109,R1109,P646,dropoff,HOME_P646,46.10412701055747,4.084896729439723,5,-1,765,820
2219,PU_R1110,R1110,P647,pickup,HOME_P647,46.08068301529742,4.011151720794084,5,1,780,834
2220,DO_R1110,R1110,P647,dropoff,H2,46.0457,4.0688,5,-1,800,845
2221,PU_R1111,R1111,P647,pickup,H2,46.0457,4.0688,5,1,870,895
2222,DO_R1111,R1111,P647,dropoff,HOME_P647,46.08068301529742,4.011151720794084,5,-1,870,945
2223,PU_R1112,R1112,P648,pickup,HOME_P648,46.04149132751606,3.9668528343678497,5,1,795,845
2224,DO_R1112,R1112,P648,dropoff,H2,46.0457,4.0688,5,-1,815,860
2225,PU_R1113,R1113,P648,pickup,H2,46.0457,4.0688,5,1,895,920
2226,DO_R1113,R1113,P648,dropoff,HOME_P648,46.04149132751606,3.9668528343678497,5,-1,895,970
2227,PU_R1114,R1114,P649,pickup,HOME_P649,46.07305288279045,4.152616893759697,5,1,480,523
2228,DO_R1114,R1114,P649,dropoff,H1,46.0533,4.0727,5,-1,490,535
2229,PU_R1115,R1115,P649,pickup,H1,46.0533,4.0727,5,1,690,705
2230,DO_R1115,R1115,P649,dropoff,HOME_P649,46.07305288279045,4.152616893759697,5,-1,690,745
2231,PU_R1116,R1116,P650,pickup,HOME_P650,46.075140092441835,4.301659096877361,5,1,797,853
2232,DO_R1116,R1116,P650,dropoff,H1,46.0533,4.0727,5,-1,840,885
2233,PU_R1117,R1117,P650,pickup,H1,46.0533,4.0727,5,1,915,950
2234,DO_R1117,R1117,P650,dropoff,HOME_P650,46.075140092441835,4.301659096877361,5,-1,915,1023
