patient_id,vehicle_id,vehicle_type,service_phase_phi,requirement,alpha_pvk_phi
P1,V1,taxi_conventionne,O,standard_assis,1
P1,V1,taxi_conventionne,B,standard_assis,1
P1,V2,taxi_conventionne,O,standard_assis,1
P1,V2,taxi_conventionne,B,standard_assis,1
P1,V3,taxi_conventionne,O,standard_assis,1
P1,V3,taxi_conventionne,B,standard_assis,1
P1,V4,taxi_conventionne,O,standard_assis,1
P1,V4,taxi_conventionne,B,standard_assis,1
P1,V5,taxi_conventionne,O,standard_assis,1
P1,V5,taxi_conventionne,B,standard_assis,1
P1,V6,taxi_conventionne,O,standard_assis,1
P1,V6,taxi_conventionne,B,standard_assis,1
P1,V7,taxi_conventionne,O,standard_assis,1
P1,V7,taxi_conventionne,B,standard_assis,1
P1,V8,taxi_conventionne,O,standard_assis,1
P1,V8,taxi_conventionne,B,standard_assis,1
P1,V9,taxi_conventionne,O,standard_assis,1
P1,V9,taxi_conventionne,B,standard_assis,1
P1,V10,taxi_conventionne,O,standard_assis,1
P1,V10,taxi_conventionne,B,standard_assis,1
P1,V11,vsl,O,standard_assis,1
P1,V11,vsl,B,standard_assis,1
P1,V12,vsl,O,standard_assis,1
P1,V12,vsl,B,standard_assis,1
P1,V13,vsl,O,standard_assis,1
P1,V13,vsl,B,standard_assis,1
P1,V14,vsl,O,standard_assis,1
P1,V14,vsl,B,standard_assis,1
P1,V15,vsl,O,standard_assis,1
P1,V15,vsl,B,standard_assis,1
P1,V16,vsl,O,standard_assis,1
P1,V16,vsl,B,standard_assis,1
P1,V17,vsl,O,standard_assis,1
P1,V17,vsl,B,standard_assis,1
P1,V18,vtc_premium,O,standard_assis,1
P1,V18,vtc_premium,B,standard_assis,1
P1,V19,vtc_premium,O,standard_assis,1
P1,V19,vtc_premium,B,standard_assis,1
P1,V20,vtc_premium,O,standard_assis,1
P1,V20,vtc_premium,B,standard_assis,1
P2,V1,taxi_conventionne,O,prescription_medicale,1
P2,V1,taxi_conventionne,B,prescription_medicale,1
P2,V2,taxi_conventionne,O,prescription_medicale,1
P2,V2,taxi_conventionne,B,prescription_medicale,1
P2,V3,taxi_conventionne,O,prescription_medicale,1
P2,V3,taxi_conventionne,B,prescription_medicale,1
P2,V4,taxi_conventionne,O,prescription_medicale,1
P2,V4,taxi_conventionne,B,prescription_medicale,1
P2,V5,taxi_conventionne,O,prescription_medicale,1
P2,V5,taxi_conventionne,B,prescription_medicale,1
P2,V6,taxi_conventionne,O,prescription_medicale,1
P2,V6,taxi_conventionne,B,prescription_medicale,1
P2,V7,taxi_conventionne,O,prescription_medicale,1
P2,V7,taxi_conventionne,B,prescription_medicale,1
P2,V8,taxi_conventionne,O,prescription_medicale,1
P2,V8,taxi_conventionne,B,prescription_medicale,1
P2,V9,taxi_conventionne,O,prescription_medicale,1
P2,V9,taxi_conventionne,B,prescription_medicale,1
P2,V10,taxi_conventionne,O,prescription_medicale,1
P2,V10,taxi_conventionne,B,prescription_medicale,1
P2,V11,vsl,O,prescription_medicale,1
P2,V11,vsl,B,prescription_medicale,1
P2,V12,vsl,O,prescription_medicale,1
P2,V12,vsl,B,prescription_medicale,1
P2,V13,vsl,O,prescription_medicale,1
P2,V13,vsl,B,prescription_medicale,1
P2,V14,vsl,O,prescription_medicale,1
P2,V14,vsl,B,prescription_medicale,1
P2,V15,vsl,O,prescription_medicale,1
P2,V15,vsl,B,prescription_medicale,1
P2,V16,vsl,O,prescription_medicale,1
P2,V16,vsl,B,prescription_medicale,1
P2,V17,vsl,O,prescription_medicale,1
P2,V17,vsl,B,prescription_medicale,1
P2,V18,vtc_premium,O,prescription_medicale,0
P2,V18,vtc_premium,B,prescription_medicale,0
P2,V19,vtc_premium,O,prescription_medicale,0
P2,V19,vtc_premium,B,prescription_medicale,0
P2,V20,vtc_premium,O,prescription_medicale,0
P2,V20,vtc_premium,B,prescription_medicale,0
P3,V1,taxi_conventionne,O,standard_assis,1
P3,V1,taxi_conventionne,B,standard_assis,1
P3,V2,taxi_conventionne,O,standard_assis,1
P3,V2,taxi_conventionne,B,standard_assis,1
P3,V3,taxi_conventionne,O,standard_assis,1
P3,V3,taxi_conventionne,B,standard_assis,1
P3,V4,taxi_conventionne,O,standard_assis,1
P3,V4,taxi_conventionne,B,standard_assis,1
P3,V5,taxi_conventionne,O,standard_assis,1
P3,V5,taxi_conventionne,B,standard_assis,1
P3,V6,taxi_conventionne,O,standard_assis,1
P3,V6,taxi_conventionne,B,standard_assis,1
P3,V7,taxi_conventionne,O,standard_assis,1
P3,V7,taxi_conventionne,B,standard_assis,1
P3,V8,taxi_conventionne,O,standard_assis,1
P3,V8,taxi_conventionne,B,standard_assis,1
P3,V9,taxi_conventionne,O,standard_assis,1
P3,V9,taxi_conventionne,B,standard_assis,1
P3,V10,taxi_conventionne,O,standard_assis,1
P3,V10,taxi_conventionne,B,standard_assis,1
P3,V11,vsl,O,standard_assis,1
P3,V11,vsl,B,standard_assis,1
P3,V12,vsl,O,standard_assis,1
P3,V12,vsl,B,standard_assis,1
P3,V13,vsl,O,standard_assis,1
P3,V13,vsl,B,standard_assis,1
P3,V14,vsl,O,standard_assis,1
P3,V14,vsl,B,standard_assis,1
P3,V15,vsl,O,standard_assis,1
P3,V15,vsl,B,standard_assis,1
P3,V16,vsl,O,standard_assis,1
P3,V16,vsl,B,standard_assis,1
P3,V17,vsl,O,standard_assis,1
P3,V17,vsl,B,standard_assis,1
P3,V18,vtc_premium,O,standard_assis,1
P3,V18,vtc_premium,B,standard_assis,1
P3,V19,vtc_premium,O,standard_assis,1
P3,V19,vtc_premium,B,standard_assis,1
P3,V20,vtc_premium,O,standard_assis,1
P3,V20,vtc_premium,B,standard_assis,1
P4,V1,taxi_conventionne,O,standard_assis,1
P4,V1,taxi_conventionne,B,standard_assis,1
P4,V2,taxi_conventionne,O,standard_assis,1
P4,V2,taxi_conventionne,B,standard_assis,1
P4,V3,taxi_conventionne,O,standard_assis,1
P4,V3,taxi_conventionne,B,standard_assis,1
P4,V4,taxi_conventionne,O,standard_assis,1
P4,V4,taxi_conventionne,B,standard_assis,1
P4,V5,taxi_conventionne,O,standard_assis,1
P4,V5,taxi_conventionne,B,standard_assis,1
P4,V6,taxi_conventionne,O,standard_assis,1
P4,V6,taxi_conventionne,B,standard_assis,1
P4,V7,taxi_conventionne,O,standard_assis,1
P4,V7,taxi_conventionne,B,standard_assis,1
P4,V8,taxi_conventionne,O,standard_assis,1
P4,V8,taxi_conventionne,B,standard_assis,1
P4,V9,taxi_conventionne,O,standard_assis,1
P4,V9,taxi_conventionne,B,standard_assis,1
P4,V10,taxi_conventionne,O,standard_assis,1
P4,V10,taxi_conventionne,B,standard_assis,1
P4,V11,vsl,O,standard_assis,1
P4,V11,vsl,B,standard_assis,1
P4,V12,vsl,O,standard_assis,1
P4,V12,vsl,B,standard_assis,1
P4,V13,vsl,O,standard_assis,1
P4,V13,vsl,B,standard_assis,1
P4,V14,vsl,O,standard_assis,1
P4,V14,vsl,B,standard_assis,1
P4,V15,vsl,O,standard_assis,1
P4,V15,vsl,B,standard_assis,1
P4,V16,vsl,O,standard_assis,1
P4,V16,vsl,B,standard_assis,1
P4,V17,vsl,O,standard_assis,1
P4,V17,vsl,B,standard_assis,1
P4,V18,vtc_premium,O,standard_assis,1
P4,V18,vtc_premium,B,standard_assis,1
P4,V19,vtc_premium,O,standard_assis,1
P4,V19,vtc_premium,B,standard_assis,1
P4,V20,vtc_premium,O,standard_assis,1
P4,V20,vtc_premium,B,standard_assis,1
P5,V1,taxi_conventionne,O,standard_assis,1
P5,V1,taxi_conventionne,B,standard_assis,1
P5,V2,taxi_conventionne,O,standard_assis,1
P5,V2,taxi_conventionne,B,standard_assis,1
P5,V3,taxi_conventionne,O,standard_assis,1
P5,V3,taxi_conventionne,B,standard_assis,1
P5,V4,taxi_conventionne,O,standard_assis,1
P5,V4,taxi_conventionne,B,standard_assis,1
P5,V5,taxi_conventionne,O,standard_assis,1
P5,V5,taxi_conventionne,B,standard_assis,1
P5,V6,taxi_conventionne,O,standard_assis,1
P5,V6,taxi_conventionne,B,standard_assis,1
P5,V7,taxi_conventionne,O,standard_assis,1
P5,V7,taxi_conventionne,B,standard_assis,1
P5,V8,taxi_conventionne,O,standard_assis,1
P5,V8,taxi_conventionne,B,standard_assis,1
P5,V9,taxi_conventionne,O,standard_assis,1
P5,V9,taxi_conventionne,B,standard_assis,1
P5,V10,taxi_conventionne,O,standard_assis,1
P5,V10,taxi_conventionne,B,standard_assis,1
P5,V11,vsl,O,standard_assis,1
P5,V11,vsl,B,standard_assis,1
P5,V12,vsl,O,standard_assis,1
P5,V12,vsl,B,standard_assis,1
P5,V13,vsl,O,standard_assis,1
P5,V13,vsl,B,standard_assis,1
P5,V14,vsl,O,standard_assis,1
P5,V14,vsl,B,standard_assis,1
P5,V15,vsl,O,standard_assis,1
P5,V15,vsl,B,standard_assis,1
P5,V16,vsl,O,standard_assis,1
P5,V16,vsl,B,standard_assis,1
P5,V17,vsl,O,standard_assis,1
P5,V17,vsl,B,standard_assis,1
P5,V18,vtc_premium,O,standard_assis,1
P5,V18,vtc_premium,B,standard_assis,1
P5,V19,vtc_premium,O,standard_assis,1
P5,V19,vtc_premium,B,standard_assis,1
P5,V20,vtc_premium,O,standard_assis,1
P5,V20,vtc_premium,B,standard_assis,1
P6,V1,taxi_conventionne,O,vsl_required,0
P6,V1,taxi_conventionne,B,vsl_required,0
P6,V2,taxi_conventionne,O,vsl_required,0
P6,V2,taxi_conventionne,B,vsl_required,0
P6,V3,taxi_conventionne,O,vsl_required,0
P6,V3,taxi_conventionne,B,vsl_required,0
P6,V4,taxi_conventionne,O,vsl_required,0
P6,V4,taxi_conventionne,B,vsl_required,0
P6,V5,taxi_conventionne,O,vsl_required,0
P6,V5,taxi_conventionne,B,vsl_required,0
P6,V6,taxi_conventionne,O,vsl_required,0
P6,V6,taxi_conventionne,B,vsl_required,0
P6,V7,taxi_conventionne,O,vsl_required,0
P6,V7,taxi_conventionne,B,vsl_required,0
P6,V8,taxi_conventionne,O,vsl_required,0
P6,V8,taxi_conventionne,B,vsl_required,0
P6,V9,taxi_conventionne,O,vsl_required,0
P6,V9,taxi_conventionne,B,vsl_required,0
P6,V10,taxi_conventionne,O,vsl_required,0
P6,V10,taxi_conventionne,B,vsl_required,0
P6,V11,vsl,O,vsl_required,1
P6,V11,vsl,B,vsl_required,1
P6,V12,vsl,O,vsl_required,1
P6,V12,vsl,B,vsl_required,1
P6,V13,vsl,O,vsl_required,1
P6,V13,vsl,B,vsl_required,1
P6,V14,vsl,O,vsl_required,1
P6,V14,vsl,B,vsl_required,1
P6,V15,vsl,O,vsl_required,1
P6,V15,vsl,B,vsl_required,1
P6,V16,vsl,O,vsl_required,1
P6,V16,vsl,B,vsl_required,1
P6,V17,vsl,O,vsl_required,1
P6,V17,vsl,B,vsl_required,1
P6,V18,vtc_premium,O,vsl_required,0
P6,V18,vtc_premium,B,vsl_required,0
P6,V19,vtc_premium,O,vsl_required,0
P6,V19,vtc_premium,B,vsl_required,0
P6,V20,vtc_premium,O,vsl_required,0
P6,V20,vtc_premium,B,vsl_required,0
P7,V1,taxi_conventionne,O,standard_assis,1
P7,V1,taxi_conventionne,B,standard_assis,1
P7,V2,taxi_conventionne,O,standard_assis,1
P7,V2,taxi_conventionne,B,standard_assis,1
P7,V3,taxi_conventionne,O,standard_assis,1
P7,V3,taxi_conventionne,B,standard_assis,1
P7,V4,taxi_conventionne,O,standard_assis,1
P7,V4,taxi_conventionne,B,standard_assis,1
P7,V5,taxi_conventionne,O,standard_assis,1
P7,V5,taxi_conventionne,B,standard_assis,1
P7,V6,taxi_conventionne,O,standard_assis,1
P7,V6,taxi_conventionne,B,standard_assis,1
P7,V7,taxi_conventionne,O,standard_assis,1
P7,V7,taxi_conventionne,B,standard_assis,1
P7,V8,taxi_conventionne,O,standard_assis,1
P7,V8,taxi_conventionne,B,standard_assis,1
P7,V9,taxi_conventionne,O,standard_assis,1
P7,V9,taxi_conventionne,B,standard_assis,1
P7,V10,taxi_conventionne,O,standard_assis,1
P7,V10,taxi_conventionne,B,standard_assis,1
P7,V11,vsl,O,standard_assis,1
P7,V11,vsl,B,standard_assis,1
P7,V12,vsl,O,standard_assis,1
P7,V12,vsl,B,standard_assis,1
P7,V13,vsl,O,standard_assis,1
P7,V13,vsl,B,standard_assis,1
P7,V14,vsl,O,standard_assis,1
P7,V14,vsl,B,standard_assis,1
P7,V15,vsl,O,standard_assis,1
P7,V15,vsl,B,standard_assis,1
P7,V16,vsl,O,standard_assis,1
P7,V16,vsl,B,standard_assis,1
P7,V17,vsl,O,standard_assis,1
P7,V17,vsl,B,standard_assis,1
P7,V18,vtc_premium,O,standard_assis,1
P7,V18,vtc_premium,B,standard_assis,1
P7,V19,vtc_premium,O,standard_assis,1
P7,V19,vtc_premium,B,standard_assis,1
P7,V20,vtc_premium,O,standard_assis,1
P7,V20,vtc_premium,B,standard_assis,1
P8,V1,taxi_conventionne,O,standard_assis,1
P8,V1,taxi_conventionne,B,standard_assis,1
P8,V2,taxi_conventionne,O,standard_assis,1
P8,V2,taxi_conventionne,B,standard_assis,1
P8,V3,taxi_conventionne,O,standard_assis,1
P8,V3,taxi_conventionne,B,standard_assis,1
P8,V4,taxi_conventionne,O,standard_assis,1
P8,V4,taxi_conventionne,B,standard_assis,1
P8,V5,taxi_conventionne,O,standard_assis,1
P8,V5,taxi_conventionne,B,standard_assis,1
P8,V6,taxi_conventionne,O,standard_assis,1
P8,V6,taxi_conventionne,B,standard_assis,1
P8,V7,taxi_conventionne,O,standard_assis,1
P8,V7,taxi_conventionne,B,standard_assis,1
P8,V8,taxi_conventionne,O,standard_assis,1
P8,V8,taxi_conventionne,B,standard_assis,1
P8,V9,taxi_conventionne,O,standard_assis,1
P8,V9,taxi_conventionne,B,standard_assis,1
P8,V10,taxi_conventionne,O,standard_assis,1
P8,V10,taxi_conventionne,B,standard_assis,1
P8,V11,vsl,O,standard_assis,1
P8,V11,vsl,B,standard_assis,1
P8,V12,vsl,O,standard_assis,1
P8,V12,vsl,B,standard_assis,1
P8,V13,vsl,O,standard_assis,1
P8,V13,vsl,B,standard_assis,1
P8,V14,vsl,O,standard_assis,1
P8,V14,vsl,B,standard_assis,1
P8,V15,vsl,O,standard_assis,1
P8,V15,vsl,B,standard_assis,1
P8,V16,vsl,O,standard_assis,1
P8,V16,vsl,B,standard_assis,1
P8,V17,vsl,O,standard_assis,1
P8,V17,vsl,B,standard_assis,1
P8,V18,vtc_premium,O,standard_assis,1
P8,V18,vtc_premium,B,standard_assis,1
P8,V19,vtc_premium,O,standard_assis,1
P8,V19,vtc_premium,B,standard_assis,1
P8,V20,vtc_premium,O,standard_assis,1
P8,V20,vtc_premium,B,standard_assis,1
P9,V1,taxi_conventionne,O,vsl_required,0
P9,V1,taxi_conventionne,B,vsl_required,0
P9,V2,taxi_conventionne,O,vsl_required,0
P9,V2,taxi_conventionne,B,vsl_required,0
P9,V3,taxi_conventionne,O,vsl_required,0
P9,V3,taxi_conventionne,B,vsl_required,0
P9,V4,taxi_conventionne,O,vsl_required,0
P9,V4,taxi_conventionne,B,vsl_required,0
P9,V5,taxi_conventionne,O,vsl_required,0
P9,V5,taxi_conventionne,B,vsl_required,0
P9,V6,taxi_conventionne,O,vsl_required,0
P9,V6,taxi_conventionne,B,vsl_required,0
P9,V7,taxi_conventionne,O,vsl_required,0
P9,V7,taxi_conventionne,B,vsl_required,0
P9,V8,taxi_conventionne,O,vsl_required,0
P9,V8,taxi_conventionne,B,vsl_required,0
P9,V9,taxi_conventionne,O,vsl_required,0
P9,V9,taxi_conventionne,B,vsl_required,0
P9,V10,taxi_conventionne,O,vsl_required,0
P9,V10,taxi_conventionne,B,vsl_required,0
P9,V11,vsl,O,vsl_required,1
P9,V11,vsl,B,vsl_required,1
P9,V12,vsl,O,vsl_required,1
P9,V12,vsl,B,vsl_required,1
P9,V13,vsl,O,vsl_required,1
P9,V13,vsl,B,vsl_required,1
P9,V14,vsl,O,vsl_required,1
P9,V14,vsl,B,vsl_required,1
P9,V15,vsl,O,vsl_required,1
P9,V15,vsl,B,vsl_required,1
P9,V16,vsl,O,vsl_required,1
P9,V16,vsl,B,vsl_required,1
P9,V17,vsl,O,vsl_required,1
P9,V17,vsl,B,vsl_required,1
P9,V18,vtc_premium,O,vsl_required,0
P9,V18,vtc_premium,B,vsl_required,0
P9,V19,vtc_premium,O,vsl_required,0
P9,V19,vtc_premium,B,vsl_required,0
P9,V20,vtc_premium,O,vsl_required,0
P9,V20,vtc_premium,B,vsl_required,0
P10,V1,taxi_conventionne,O,vsl_required,0
P10,V1,taxi_conventionne,B,vsl_required,0
P10,V2,taxi_conventionne,O,vsl_required,0
P10,V2,taxi_conventionne,B,vsl_required,0
P10,V3,taxi_conventionne,O,vsl_required,0
P10,V3,taxi_conventionne,B,vsl_required,0
P10,V4,taxi_conventionne,O,vsl_required,0
P10,V4,taxi_conventionne,B,vsl_required,0
P10,V5,taxi_conventionne,O,vsl_required,0
P10,V5,taxi_conventionne,B,vsl_required,0
P10,V6,taxi_conventionne,O,vsl_required,0
P10,V6,taxi_conventionne,B,vsl_required,0
P10,V7,taxi_conventionne,O,vsl_required,0
P10,V7,taxi_conventionne,B,vsl_required,0
P10,V8,taxi_conventionne,O,vsl_required,0
P10,V8,taxi_conventionne,B,vsl_required,0
P10,V9,taxi_conventionne,O,vsl_required,0
P10,V9,taxi_conventionne,B,vsl_required,0
P10,V10,taxi_conventionne,O,vsl_required,0
P10,V10,taxi_conventionne,B,vsl_required,0
P10,V11,vsl,O,vsl_required,1
P10,V11,vsl,B,vsl_required,1
P10,V12,vsl,O,vsl_required,1
P10,V12,vsl,B,vsl_required,1
P10,V13,vsl,O,vsl_required,1
P10,V13,vsl,B,vsl_required,1
P10,V14,vsl,O,vsl_required,1
P10,V14,vsl,B,vsl_required,1
P10,V15,vsl,O,vsl_required,1
P10,V15,vsl,B,vsl_required,1
P10,V16,vsl,O,vsl_required,1
P10,V16,vsl,B,vsl_required,1
P10,V17,vsl,O,vsl_required,1
P10,V17,vsl,B,vsl_required,1
P10,V18,vtc_premium,O,vsl_required,0
P10,V18,vtc_premium,B,vsl_required,0
P10,V19,vtc_premium,O,vsl_required,0
P10,V19,vtc_premium,B,vsl_required,0
P10,V20,vtc_premium,O,vsl_required,0
P10,V20,vtc_premium,B,vsl_required,0
P11,V1,taxi_conventionne,O,vsl_required,0
P11,V1,taxi_conventionne,B,vsl_required,0
P11,V2,taxi_conventionne,O,vsl_required,0
P11,V2,taxi_conventionne,B,vsl_required,0
P11,V3,taxi_conventionne,O,vsl_required,0
P11,V3,taxi_conventionne,B,vsl_required,0
P11,V4,taxi_conventionne,O,vsl_required,0
P11,V4,taxi_conventionne,B,vsl_required,0
P11,V5,taxi_conventionne,O,vsl_required,0
P11,V5,taxi_conventionne,B,vsl_required,0
P11,V6,taxi_conventionne,O,vsl_required,0
P11,V6,taxi_conventionne,B,vsl_required,0
P11,V7,taxi_conventionne,O,vsl_required,0
P11,V7,taxi_conventionne,B,vsl_required,0
P11,V8,taxi_conventionne,O,vsl_required,0
P11,V8,taxi_conventionne,B,vsl_required,0
P11,V9,taxi_conventionne,O,vsl_required,0
P11,V9,taxi_conventionne,B,vsl_required,0
P11,V10,taxi_conventionne,O,vsl_required,0
P11,V10,taxi_conventionne,B,vsl_required,0
P11,V11,vsl,O,vsl_required,1
P11,V11,vsl,B,vsl_required,1
P11,V12,vsl,O,vsl_required,1
P11,V12,vsl,B,vsl_required,1
P11,V13,vsl,O,vsl_required,1
P11,V13,vsl,B,vsl_required,1
P11,V14,vsl,O,vsl_required,1
P11,V14,vsl,B,vsl_required,1
P11,V15,vsl,O,vsl_required,1
P11,V15,vsl,B,vsl_required,1
P11,V16,vsl,O,vsl_required,1
P11,V16,vsl,B,vsl_required,1
P11,V17,vsl,O,vsl_required,1
P11,V17,vsl,B,vsl_required,1
P11,V18,vtc_premium,O,vsl_required,0
P11,V18,vtc_premium,B,vsl_required,0
P11,V19,vtc_premium,O,vsl_required,0
P11,V19,vtc_premium,B,vsl_required,0
P11,V20,vtc_premium,O,vsl_required,0
P11,V20,vtc_premium,B,vsl_required,0
P12,V1,taxi_conventionne,O,vsl_required,0
P12,V1,taxi_conventionne,B,vsl_required,0
P12,V2,taxi_conventionne,O,vsl_required,0
P12,V2,taxi_conventionne,B,vsl_required,0
P12,V3,taxi_conventionne,O,vsl_required,0
P12,V3,taxi_conventionne,B,vsl_required,0
P12,V4,taxi_conventionne,O,vsl_required,0
P12,V4,taxi_conventionne,B,vsl_required,0
P12,V5,taxi_conventionne,O,vsl_required,0
P12,V5,taxi_conventionne,B,vsl_required,0
P12,V6,taxi_conventionne,O,vsl_required,0
P12,V6,taxi_conventionne,B,vsl_required,0
P12,V7,taxi_conventionne,O,vsl_required,0
P12,V7,taxi_conventionne,B,vsl_required,0
P12,V8,taxi_conventionne,O,vsl_required,0
P12,V8,taxi_conventionne,B,vsl_required,0
P12,V9,taxi_conventionne,O,vsl_required,0
P12,V9,taxi_conventionne,B,vsl_required,0
P12,V10,taxi_conventionne,O,vsl_required,0
P12,V10,taxi_conventionne,B,vsl_required,0
P12,V11,vsl,O,vsl_required,1
P12,V11,vsl,B,vsl_required,1
P12,V12,vsl,O,vsl_required,1
P12,V12,vsl,B,vsl_required,1
P12,V13,vsl,O,vsl_required,1
P12,V13,vsl,B,vsl_required,1
P12,V14,vsl,O,vsl_required,1
P12,V14,vsl,B,vsl_required,1
P12,V15,vsl,O,vsl_required,1
P12,V15,vsl,B,vsl_required,1
P12,V16,vsl,O,vsl_required,1
P12,V16,vsl,B,vsl_required,1
P12,V17,vsl,O,vsl_required,1
P12,V17,vsl,B,vsl_required,1
P12,V18,vtc_premium,O,vsl_required,0
P12,V18,vtc_premium,B,vsl_required,0
P12,V19,vtc_premium,O,vsl_required,0
P12,V19,vtc_premium,B,vsl_required,0
P12,V20,vtc_premium,O,vsl_required,0
P12,V20,vtc_premium,B,vsl_required,0
P13,V1,taxi_conventionne,O,standard_assis,1
P13,V1,taxi_conventionne,B,standard_assis,1
P13,V2,taxi_conventionne,O,standard_assis,1
P13,V2,taxi_conventionne,B,standard_assis,1
P13,V3,taxi_conventionne,O,standard_assis,1
P13,V3,taxi_conventionne,B,standard_assis,1
P13,V4,taxi_conventionne,O,standard_assis,1
P13,V4,taxi_conventionne,B,standard_assis,1
P13,V5,taxi_conventionne,O,standard_assis,1
P13,V5,taxi_conventionne,B,standard_assis,1
P13,V6,taxi_conventionne,O,standard_assis,1
P13,V6,taxi_conventionne,B,standard_assis,1
P13,V7,taxi_conventionne,O,standard_assis,1
P13,V7,taxi_conventionne,B,standard_assis,1
P13,V8,taxi_conventionne,O,standard_assis,1
P13,V8,taxi_conventionne,B,standard_assis,1
P13,V9,taxi_conventionne,O,standard_assis,1
P13,V9,taxi_conventionne,B,standard_assis,1
P13,V10,taxi_conventionne,O,standard_assis,1
P13,V10,taxi_conventionne,B,standard_assis,1
P13,V11,vsl,O,standard_assis,1
P13,V11,vsl,B,standard_assis,1
P13,V12,vsl,O,standard_assis,1
P13,V12,vsl,B,standard_assis,1
P13,V13,vsl,O,standard_assis,1
P13,V13,vsl,B,standard_assis,1
P13,V14,vsl,O,standard_assis,1
P13,V14,vsl,B,standard_assis,1
P13,V15,vsl,O,standard_assis,1
P13,V15,vsl,B,standard_assis,1
P13,V16,vsl,O,standard_assis,1
P13,V16,vsl,B,standard_assis,1
P13,V17,vsl,O,standard_assis,1
P13,V17,vsl,B,standard_assis,1
P13,V18,vtc_premium,O,standard_assis,1
P13,V18,vtc_premium,B,standard_assis,1
P13,V19,vtc_premium,O,standard_assis,1
P13,V19,vtc_premium,B,standard_assis,1
P13,V20,vtc_premium,O,standard_assis,1
P13,V20,vtc_premium,B,standard_assis,1
P14,V1,taxi_conventionne,O,vsl_required,0
P14,V1,taxi_conventionne,B,vsl_required,0
P14,V2,taxi_conventionne,O,vsl_required,0
P14,V2,taxi_conventionne,B,vsl_required,0
P14,V3,taxi_conventionne,O,vsl_required,0
P14,V3,taxi_conventionne,B,vsl_required,0
P14,V4,taxi_conventionne,O,vsl_required,0
P14,V4,taxi_conventionne,B,vsl_required,0
P14,V5,taxi_conventionne,O,vsl_required,0
P14,V5,taxi_conventionne,B,vsl_required,0
P14,V6,taxi_conventionne,O,vsl_required,0
P14,V6,taxi_conventionne,B,vsl_required,0
P14,V7,taxi_conventionne,O,vsl_required,0
P14,V7,taxi_conventionne,B,vsl_required,0
P14,V8,taxi_conventionne,O,vsl_required,0
P14,V8,taxi_conventionne,B,vsl_required,0
P14,V9,taxi_conventionne,O,vsl_required,0
P14,V9,taxi_conventionne,B,vsl_required,0
P14,V10,taxi_conventionne,O,vsl_required,0
P14,V10,taxi_conventionne,B,vsl_required,0
P14,V11,vsl,O,vsl_required,1
P14,V11,vsl,B,vsl_required,1
P14,V12,vsl,O,vsl_required,1
P14,V12,vsl,B,vsl_required,1
P14,V13,vsl,O,vsl_required,1
P14,V13,vsl,B,vsl_required,1
P14,V14,vsl,O,vsl_required,1
P14,V14,vsl,B,vsl_required,1
P14,V15,vsl,O,vsl_required,1
P14,V15,vsl,B,vsl_required,1
P14,V16,vsl,O,vsl_required,1
P14,V16,vsl,B,vsl_required,1
P14,V17,vsl,O,vsl_required,1
P14,V17,vsl,B,vsl_required,1
P14,V18,vtc_premium,O,vsl_required,0
P14,V18,vtc_premium,B,vsl_required,0
P14,V19,vtc_premium,O,vsl_required,0
P14,V19,vtc_premium,B,vsl_required,0
P14,V20,vtc_premium,O,vsl_required,0
P14,V20,vtc_premium,B,vsl_required,0
P15,V1,taxi_conventionne,O,vsl_required,0
P15,V1,taxi_conventionne,B,vsl_required,0
P15,V2,taxi_conventionne,O,vsl_required,0
P15,V2,taxi_conventionne,B,vsl_required,0
P15,V3,taxi_conventionne,O,vsl_required,0
P15,V3,taxi_conventionne,B,vsl_required,0
P15,V4,taxi_conventionne,O,vsl_required,0
P15,V4,taxi_conventionne,B,vsl_required,0
P15,V5,taxi_conventionne,O,vsl_required,0
P15,V5,taxi_conventionne,B,vsl_required,0
P15,V6,taxi_conventionne,O,vsl_required,0
P15,V6,taxi_conventionne,B,vsl_required,0
P15,V7,taxi_conventionne,O,vsl_required,0
P15,V7,taxi_conventionne,B,vsl_required,0
P15,V8,taxi_conventionne,O,vsl_required,0
P15,V8,taxi_conventionne,B,vsl_required,0
P15,V9,taxi_conventionne,O,vsl_required,0
P15,V9,taxi_conventionne,B,vsl_required,0
P15,V10,taxi_conventionne,O,vsl_required,0
P15,V10,taxi_conventionne,B,vsl_required,0
P15,V11,vsl,O,vsl_required,1
P15,V11,vsl,B,vsl_required,1
P15,V12,vsl,O,vsl_required,1
P15,V12,vsl,B,vsl_required,1
P15,V13,vsl,O,vsl_required,1
P15,V13,vsl,B,vsl_required,1
P15,V14,vsl,O,vsl_required,1
P15,V14,vsl,B,vsl_required,1
P15,V15,vsl,O,vsl_required,1
P15,V15,vsl,B,vsl_required,1
P15,V16,vsl,O,vsl_required,1
P15,V16,vsl,B,vsl_required,1
P15,V17,vsl,O,vsl_required,1
P15,V17,vsl,B,vsl_required,1
P15,V18,vtc_premium,O,vsl_required,0
P15,V18,vtc_premium,B,vsl_required,0
P15,V19,vtc_premium,O,vsl_required,0
P15,V19,vtc_premium,B,vsl_required,0
P15,V20,vtc_premium,O,vsl_required,0
P15,V20,vtc_premium,B,vsl_required,0
P16,V1,taxi_conventionne,O,prescription_medicale,1
P16,V1,taxi_conventionne,B,prescription_medicale,1
P16,V2,taxi_conventionne,O,prescription_medicale,1
P16,V2,taxi_conventionne,B,prescription_medicale,1
P16,V3,taxi_conventionne,O,prescription_medicale,1
P16,V3,taxi_conventionne,B,prescription_medicale,1
P16,V4,taxi_conventionne,O,prescription_medicale,1
P16,V4,taxi_conventionne,B,prescription_medicale,1
P16,V5,taxi_conventionne,O,prescription_medicale,1
P16,V5,taxi_conventionne,B,prescription_medicale,1
P16,V6,taxi_conventionne,O,prescription_medicale,1
P16,V6,taxi_conventionne,B,prescription_medicale,1
P16,V7,taxi_conventionne,O,prescription_medicale,1
P16,V7,taxi_conventionne,B,prescription_medicale,1
P16,V8,taxi_conventionne,O,prescription_medicale,1
P16,V8,taxi_conventionne,B,prescription_medicale,1
P16,V9,taxi_conventionne,O,prescription_medicale,1
P16,V9,taxi_conventionne,B,prescription_medicale,1
P16,V10,taxi_conventionne,O,prescription_medicale,1
P16,V10,taxi_conventionne,B,prescription_medicale,1
P16,V11,vsl,O,prescription_medicale,1
P16,V11,vsl,B,prescription_medicale,1
P16,V12,vsl,O,prescription_medicale,1
P16,V12,vsl,B,prescription_medicale,1
P16,V13,vsl,O,prescription_medicale,1
P16,V13,vsl,B,prescription_medicale,1
P16,V14,vsl,O,prescription_medicale,1
P16,V14,vsl,B,prescription_medicale,1
P16,V15,vsl,O,prescription_medicale,1
P16,V15,vsl,B,prescription_medicale,1
P16,V16,vsl,O,prescription_medicale,1
P16,V16,vsl,B,prescription_medicale,1
P16,V17,vsl,O,prescription_medicale,1
P16,V17,vsl,B,prescription_medicale,1
P16,V18,vtc_premium,O,prescription_medicale,0
P16,V18,vtc_premium,B,prescription_medicale,0
P16,V19,vtc_premium,O,prescription_medicale,0
P16,V19,vtc_premium,B,prescription_medicale,0
P16,V20,vtc_premium,O,prescription_medicale,0
P16,V20,vtc_premium,B,prescription_medicale,0
P17,V1,taxi_conventionne,O,standard_assis,1
P17,V1,taxi_conventionne,B,standard_assis,1
P17,V2,taxi_conventionne,O,standard_assis,1
P17,V2,taxi_conventionne,B,standard_assis,1
P17,V3,taxi_conventionne,O,standard_assis,1
P17,V3,taxi_conventionne,B,standard_assis,1
P17,V4,taxi_conventionne,O,standard_assis,1
P17,V4,taxi_conventionne,B,standard_assis,1
P17,V5,taxi_conventionne,O,standard_assis,1
P17,V5,taxi_conventionne,B,standard_assis,1
P17,V6,taxi_conventionne,O,standard_assis,1
P17,V6,taxi_conventionne,B,standard_assis,1
P17,V7,taxi_conventionne,O,standard_assis,1
P17,V7,taxi_conventionne,B,standard_assis,1
P17,V8,taxi_conventionne,O,standard_assis,1
P17,V8,taxi_conventionne,B,standard_assis,1
P17,V9,taxi_conventionne,O,standard_assis,1
P17,V9,taxi_conventionne,B,standard_assis,1
P17,V10,taxi_conventionne,O,standard_assis,1
P17,V10,taxi_conventionne,B,standard_assis,1
P17,V11,vsl,O,standard_assis,1
P17,V11,vsl,B,standard_assis,1
P17,V12,vsl,O,standard_assis,1
P17,V12,vsl,B,standard_assis,1
P17,V13,vsl,O,standard_assis,1
P17,V13,vsl,B,standard_assis,1
P17,V14,vsl,O,standard_assis,1
P17,V14,vsl,B,standard_assis,1
P17,V15,vsl,O,standard_assis,1
P17,V15,vsl,B,standard_assis,1
P17,V16,vsl,O,standard_assis,1
P17,V16,vsl,B,standard_assis,1
P17,V17,vsl,O,standard_assis,1
P17,V17,vsl,B,standard_assis,1
P17,V18,vtc_premium,O,standard_assis,1
P17,V18,vtc_premium,B,standard_assis,1
P17,V19,vtc_premium,O,standard_assis,1
P17,V19,vtc_premium,B,standard_assis,1
P17,V20,vtc_premium,O,standard_assis,1
P17,V20,vtc_premium,B,standard_assis,1
P18,V1,taxi_conventionne,O,vsl_required,0
P18,V1,taxi_conventionne,B,vsl_required,0
P18,V2,taxi_conventionne,O,vsl_required,0
P18,V2,taxi_conventionne,B,vsl_required,0
P18,V3,taxi_conventionne,O,vsl_required,0
P18,V3,taxi_conventionne,B,vsl_required,0
P18,V4,taxi_conventionne,O,vsl_required,0
P18,V4,taxi_conventionne,B,vsl_required,0
P18,V5,taxi_conventionne,O,vsl_required,0
P18,V5,taxi_conventionne,B,vsl_required,0
P18,V6,taxi_conventionne,O,vsl_required,0
P18,V6,taxi_conventionne,B,vsl_required,0
P18,V7,taxi_conventionne,O,vsl_required,0
P18,V7,taxi_conventionne,B,vsl_required,0
P18,V8,taxi_conventionne,O,vsl_required,0
P18,V8,taxi_conventionne,B,vsl_required,0
P18,V9,taxi_conventionne,O,vsl_required,0
P18,V9,taxi_conventionne,B,vsl_required,0
P18,V10,taxi_conventionne,O,vsl_required,0
P18,V10,taxi_conventionne,B,vsl_required,0
P18,V11,vsl,O,vsl_required,1
P18,V11,vsl,B,vsl_required,1
P18,V12,vsl,O,vsl_required,1
P18,V12,vsl,B,vsl_required,1
P18,V13,vsl,O,vsl_required,1
P18,V13,vsl,B,vsl_required,1
P18,V14,vsl,O,vsl_required,1
P18,V14,vsl,B,vsl_required,1
P18,V15,vsl,O,vsl_required,1
P18,V15,vsl,B,vsl_required,1
P18,V16,vsl,O,vsl_required,1
P18,V16,vsl,B,vsl_required,1
P18,V17,vsl,O,vsl_required,1
P18,V17,vsl,B,vsl_required,1
P18,V18,vtc_premium,O,vsl_required,0
P18,V18,vtc_premium,B,vsl_required,0
P18,V19,vtc_premium,O,vsl_required,0
P18,V19,vtc_premium,B,vsl_required,0
P18,V20,vtc_premium,O,vsl_required,0
P18,V20,vtc_premium,B,vsl_required,0
P19,V1,taxi_conventionne,O,prescription_medicale,1
P19,V1,taxi_conventionne,B,prescription_medicale,1
P19,V2,taxi_conventionne,O,prescription_medicale,1
P19,V2,taxi_conventionne,B,prescription_medicale,1
P19,V3,taxi_conventionne,O,prescription_medicale,1
P19,V3,taxi_conventionne,B,prescription_medicale,1
P19,V4,taxi_conventionne,O,prescription_medicale,1
P19,V4,taxi_conventionne,B,prescription_medicale,1
P19,V5,taxi_conventionne,O,prescription_medicale,1
P19,V5,taxi_conventionne,B,prescription_medicale,1
P19,V6,taxi_conventionne,O,prescription_medicale,1
P19,V6,taxi_conventionne,B,prescription_medicale,1
P19,V7,taxi_conventionne,O,prescription_medicale,1
P19,V7,taxi_conventionne,B,prescription_medicale,1
P19,V8,taxi_conventionne,O,prescription_medicale,1
P19,V8,taxi_conventionne,B,prescription_medicale,1
P19,V9,taxi_conventionne,O,prescription_medicale,1
P19,V9,taxi_conventionne,B,prescription_medicale,1
P19,V10,taxi_conventionne,O,prescription_medicale,1
P19,V10,taxi_conventionne,B,prescription_medicale,1
P19,V11,vsl,O,prescription_medicale,1
P19,V11,vsl,B,prescription_medicale,1
P19,V12,vsl,O,prescription_medicale,1
P19,V12,vsl,B,prescription_medicale,1
P19,V13,vsl,O,prescription_medicale,1
P19,V13,vsl,B,prescription_medicale,1
P19,V14,vsl,O,prescription_medicale,1
P19,V14,vsl,B,prescription_medicale,1
P19,V15,vsl,O,prescription_medicale,1
P19,V15,vsl,B,prescription_medicale,1
P19,V16,vsl,O,prescription_medicale,1
P19,V16,vsl,B,prescription_medicale,1
P19,V17,vsl,O,prescription_medicale,1
P19,V17,vsl,B,prescription_medicale,1
P19,V18,vtc_premium,O,prescription_medicale,0
P19,V18,vtc_premium,B,prescription_medicale,0
P19,V19,vtc_premium,O,prescription_medicale,0
P19,V19,vtc_premium,B,prescription_medicale,0
P19,V20,vtc_premium,O,prescription_medicale,0
P19,V20,vtc_premium,B,prescription_medicale,0
P20,V1,taxi_conventionne,O,vsl_required,0
P20,V1,taxi_conventionne,B,vsl_required,0
P20,V2,taxi_conventionne,O,vsl_required,0
P20,V2,taxi_conventionne,B,vsl_required,0
P20,V3,taxi_conventionne,O,vsl_required,0
P20,V3,taxi_conventionne,B,vsl_required,0
P20,V4,taxi_conventionne,O,vsl_required,0
P20,V4,taxi_conventionne,B,vsl_required,0
P20,V5,taxi_conventionne,O,vsl_required,0
P20,V5,taxi_conventionne,B,vsl_required,0
P20,V6,taxi_conventionne,O,vsl_required,0
P20,V6,taxi_conventionne,B,vsl_required,0
P20,V7,taxi_conventionne,O,vsl_required,0
P20,V7,taxi_conventionne,B,vsl_required,0
P20,V8,taxi_conventionne,O,vsl_required,0
P20,V8,taxi_conventionne,B,vsl_required,0
P20,V9,taxi_conventionne,O,vsl_required,0
P20,V9,taxi_conventionne,B,vsl_required,0
P20,V10,taxi_conventionne,O,vsl_required,0
P20,V10,taxi_conventionne,B,vsl_required,0
P20,V11,vsl,O,vsl_required,1
P20,V11,vsl,B,vsl_required,1
P20,V12,vsl,O,vsl_required,1
P20,V12,vsl,B,vsl_required,1
P20,V13,vsl,O,vsl_required,1
P20,V13,vsl,B,vsl_required,1
P20,V14,vsl,O,vsl_required,1
P20,V14,vsl,B,vsl_required,1
P20,V15,vsl,O,vsl_required,1
P20,V15,vsl,B,vsl_required,1
P20,V16,vsl,O,vsl_required,1
P20,V16,vsl,B,vsl_required,1
P20,V17,vsl,O,vsl_required,1
P20,V17,vsl,B,vsl_required,1
P20,V18,vtc_premium,O,vsl_required,0
P20,V18,vtc_premium,B,vsl_required,0
P20,V19,vtc_premium,O,vsl_required,0
P20,V19,vtc_premium,B,vsl_required,0
P20,V20,vtc_premium,O,vsl_required,0
P20,V20,vtc_premium,B,vsl_required,0
P21,V1,taxi_conventionne,O,vsl_required,0
P21,V1,taxi_conventionne,B,vsl_required,0
P21,V2,taxi_conventionne,O,vsl_required,0
P21,V2,taxi_conventionne,B,vsl_required,0
P21,V3,taxi_conventionne,O,vsl_required,0
P21,V3,taxi_conventionne,B,vsl_required,0
P21,V4,taxi_conventionne,O,vsl_required,0
P21,V4,taxi_conventionne,B,vsl_required,0
P21,V5,taxi_conventionne,O,vsl_required,0
P21,V5,taxi_conventionne,B,vsl_required,0
P21,V6,taxi_conventionne,O,vsl_required,0
P21,V6,taxi_conventionne,B,vsl_required,0
P21,V7,taxi_conventionne,O,vsl_required,0
P21,V7,taxi_conventionne,B,vsl_required,0
P21,V8,taxi_conventionne,O,vsl_required,0
P21,V8,taxi_conventionne,B,vsl_required,0
P21,V9,taxi_conventionne,O,vsl_required,0
P21,V9,taxi_conventionne,B,vsl_required,0
P21,V10,taxi_conventionne,O,vsl_required,0
P21,V10,taxi_conventionne,B,vsl_required,0
P21,V11,vsl,O,vsl_required,1
P21,V11,vsl,B,vsl_required,1
P21,V12,vsl,O,vsl_required,1
P21,V12,vsl,B,vsl_required,1
P21,V13,vsl,O,vsl_required,1
P21,V13,vsl,B,vsl_required,1
P21,V14,vsl,O,vsl_required,1
P21,V14,vsl,B,vsl_required,1
P21,V15,vsl,O,vsl_required,1
P21,V15,vsl,B,vsl_required,1
P21,V16,vsl,O,vsl_required,1
P21,V16,vsl,B,vsl_required,1
P21,V17,vsl,O,vsl_required,1
P21,V17,vsl,B,vsl_required,1
P21,V18,vtc_premium,O,vsl_required,0
P21,V18,vtc_premium,B,vsl_required,0
P21,V19,vtc_premium,O,vsl_required,0
P21,V19,vtc_premium,B,vsl_required,0
P21,V20,vtc_premium,O,vsl_required,0
P21,V20,vtc_premium,B,vsl_required,0
P22,V1,taxi_conventionne,O,prescription_medicale,1
P22,V1,taxi_conventionne,B,prescription_medicale,1
P22,V2,taxi_conventionne,O,prescription_medicale,1
P22,V2,taxi_conventionne,B,prescription_medicale,1
P22,V3,taxi_conventionne,O,prescription_medicale,1
P22,V3,taxi_conventionne,B,prescription_medicale,1
P22,V4,taxi_conventionne,O,prescription_medicale,1
P22,V4,taxi_conventionne,B,prescription_medicale,1
P22,V5,taxi_conventionne,O,prescription_medicale,1
P22,V5,taxi_conventionne,B,prescription_medicale,1
P22,V6,taxi_conventionne,O,prescription_medicale,1
P22,V6,taxi_conventionne,B,prescription_medicale,1
P22,V7,taxi_conventionne,O,prescription_medicale,1
P22,V7,taxi_conventionne,B,prescription_medicale,1
P22,V8,taxi_conventionne,O,prescription_medicale,1
P22,V8,taxi_conventionne,B,prescription_medicale,1
P22,V9,taxi_conventionne,O,prescription_medicale,1
P22,V9,taxi_conventionne,B,prescription_medicale,1
P22,V10,taxi_conventionne,O,prescription_medicale,1
P22,V10,taxi_conventionne,B,prescription_medicale,1
P22,V11,vsl,O,prescription_medicale,1
P22,V11,vsl,B,prescription_medicale,1
P22,V12,vsl,O,prescription_medicale,1
P22,V12,vsl,B,prescription_medicale,1
P22,V13,vsl,O,prescription_medicale,1
P22,V13,vsl,B,prescription_medicale,1
P22,V14,vsl,O,prescription_medicale,1
P22,V14,vsl,B,prescription_medicale,1
P22,V15,vsl,O,prescription_medicale,1
P22,V15,vsl,B,prescription_medicale,1
P22,V16,vsl,O,prescription_medicale,1
P22,V16,vsl,B,prescription_medicale,1
P22,V17,vsl,O,prescription_medicale,1
P22,V17,vsl,B,prescription_medicale,1
P22,V18,vtc_premium,O,prescription_medicale,0
P22,V18,vtc_premium,B,prescription_medicale,0
P22,V19,vtc_premium,O,prescription_medicale,0
P22,V19,vtc_premium,B,prescription_medicale,0
P22,V20,vtc_premium,O,prescription_medicale,0
P22,V20,vtc_premium,B,prescription_medicale,0
P23,V1,taxi_conventionne,O,standard_assis,1
P23,V1,taxi_conventionne,B,standard_assis,1
P23,V2,taxi_conventionne,O,standard_assis,1
P23,V2,taxi_conventionne,B,standard_assis,1
P23,V3,taxi_conventionne,O,standard_assis,1
P23,V3,taxi_conventionne,B,standard_assis,1
P23,V4,taxi_conventionne,O,standard_assis,1
P23,V4,taxi_conventionne,B,standard_assis,1
P23,V5,taxi_conventionne,O,standard_assis,1
P23,V5,taxi_conventionne,B,standard_assis,1
P23,V6,taxi_conventionne,O,standard_assis,1
P23,V6,taxi_conventionne,B,standard_assis,1
P23,V7,taxi_conventionne,O,standard_assis,1
P23,V7,taxi_conventionne,B,standard_assis,1
P23,V8,taxi_conventionne,O,standard_assis,1
P23,V8,taxi_conventionne,B,standard_assis,1
P23,V9,taxi_conventionne,O,standard_assis,1
P23,V9,taxi_conventionne,B,standard_assis,1
P23,V10,taxi_conventionne,O,standard_assis,1
P23,V10,taxi_conventionne,B,standard_assis,1
P23,V11,vsl,O,standard_assis,1
P23,V11,vsl,B,standard_assis,1
P23,V12,vsl,O,standard_assis,1
P23,V12,vsl,B,standard_assis,1
P23,V13,vsl,O,standard_assis,1
P23,V13,vsl,B,standard_assis,1
P23,V14,vsl,O,standard_assis,1
P23,V14,vsl,B,standard_assis,1
P23,V15,vsl,O,standard_assis,1
P23,V15,vsl,B,standard_assis,1
P23,V16,vsl,O,standard_assis,1
P23,V16,vsl,B,standard_assis,1
P23,V17,vsl,O,standard_assis,1
P23,V17,vsl,B,standard_assis,1
P23,V18,vtc_premium,O,standard_assis,1
P23,V18,vtc_premium,B,standard_assis,1
P23,V19,vtc_premium,O,standard_assis,1
P23,V19,vtc_premium,B,standard_assis,1
P23,V20,vtc_premium,O,standard_assis,1
P23,V20,vtc_premium,B,standard_assis,1
P24,V1,taxi_conventionne,O,premium,1
P24,V1,taxi_conventionne,B,premium,1
P24,V2,taxi_conventionne,O,premium,1
P24,V2,taxi_conventionne,B,premium,1
P24,V3,taxi_conventionne,O,premium,1
P24,V3,taxi_conventionne,B,premium,1
P24,V4,taxi_conventionne,O,premium,1
P24,V4,taxi_conventionne,B,premium,1
P24,V5,taxi_conventionne,O,premium,1
P24,V5,taxi_conventionne,B,premium,1
P24,V6,taxi_conventionne,O,premium,1
P24,V6,taxi_conventionne,B,premium,1
P24,V7,taxi_conventionne,O,premium,1
P24,V7,taxi_conventionne,B,premium,1
P24,V8,taxi_conventionne,O,premium,1
P24,V8,taxi_conventionne,B,premium,1
P24,V9,taxi_conventionne,O,premium,1
P24,V9,taxi_conventionne,B,premium,1
P24,V10,taxi_conventionne,O,premium,1
P24,V10,taxi_conventionne,B,premium,1
P24,V11,vsl,O,premium,0
P24,V11,vsl,B,premium,0
P24,V12,vsl,O,premium,0
P24,V12,vsl,B,premium,0
P24,V13,vsl,O,premium,0
P24,V13,vsl,B,premium,0
P24,V14,vsl,O,premium,0
P24,V14,vsl,B,premium,0
P24,V15,vsl,O,premium,0
P24,V15,vsl,B,premium,0
P24,V16,vsl,O,premium,0
P24,V16,vsl,B,premium,0
P24,V17,vsl,O,premium,0
P24,V17,vsl,B,premium,0
P24,V18,vtc_premium,O,premium,1
P24,V18,vtc_premium,B,premium,1
P24,V19,vtc_premium,O,premium,1
P24,V19,vtc_premium,B,premium,1
P24,V20,vtc_premium,O,premium,1
P24,V20,vtc_premium,B,premium,1
P25,V1,taxi_conventionne,O,standard_assis,1
P25,V1,taxi_conventionne,B,standard_assis,1
P25,V2,taxi_conventionne,O,standard_assis,1
P25,V2,taxi_conventionne,B,standard_assis,1
P25,V3,taxi_conventionne,O,standard_assis,1
P25,V3,taxi_conventionne,B,standard_assis,1
P25,V4,taxi_conventionne,O,standard_assis,1
P25,V4,taxi_conventionne,B,standard_assis,1
P25,V5,taxi_conventionne,O,standard_assis,1
P25,V5,taxi_conventionne,B,standard_assis,1
P25,V6,taxi_conventionne,O,standard_assis,1
P25,V6,taxi_conventionne,B,standard_assis,1
P25,V7,taxi_conventionne,O,standard_assis,1
P25,V7,taxi_conventionne,B,standard_assis,1
P25,V8,taxi_conventionne,O,standard_assis,1
P25,V8,taxi_conventionne,B,standard_assis,1
P25,V9,taxi_conventionne,O,standard_assis,1
P25,V9,taxi_conventionne,B,standard_assis,1
P25,V10,taxi_conventionne,O,standard_assis,1
P25,V10,taxi_conventionne,B,standard_assis,1
P25,V11,vsl,O,standard_assis,1
P25,V11,vsl,B,standard_assis,1
P25,V12,vsl,O,standard_assis,1
P25,V12,vsl,B,standard_assis,1
P25,V13,vsl,O,standard_assis,1
P25,V13,vsl,B,standard_assis,1
P25,V14,vsl,O,standard_assis,1
P25,V14,vsl,B,standard_assis,1
P25,V15,vsl,O,standard_assis,1
P25,V15,vsl,B,standard_assis,1
P25,V16,vsl,O,standard_assis,1
P25,V16,vsl,B,standard_assis,1
P25,V17,vsl,O,standard_assis,1
P25,V17,vsl,B,standard_assis,1
P25,V18,vtc_premium,O,standard_assis,1
P25,V18,vtc_premium,B,standard_assis,1
P25,V19,vtc_premium,O,standard_assis,1
P25,V19,vtc_premium,B,standard_assis,1
P25,V20,vtc_premium,O,standard_assis,1
P25,V20,vtc_premium,B,standard_assis,1
P26,V1,taxi_conventionne,O,standard_assis,1
P26,V1,taxi_conventionne,B,standard_assis,1
P26,V2,taxi_conventionne,O,standard_assis,1
P26,V2,taxi_conventionne,B,standard_assis,1
P26,V3,taxi_conventionne,O,standard_assis,1
P26,V3,taxi_conventionne,B,standard_assis,1
P26,V4,taxi_conventionne,O,standard_assis,1
P26,V4,taxi_conventionne,B,standard_assis,1
P26,V5,taxi_conventionne,O,standard_assis,1
P26,V5,taxi_conventionne,B,standard_assis,1
P26,V6,taxi_conventionne,O,standard_assis,1
P26,V6,taxi_conventionne,B,standard_assis,1
P26,V7,taxi_conventionne,O,standard_assis,1
P26,V7,taxi_conventionne,B,standard_assis,1
P26,V8,taxi_conventionne,O,standard_assis,1
P26,V8,taxi_conventionne,B,standard_assis,1
P26,V9,taxi_conventionne,O,standard_assis,1
P26,V9,taxi_conventionne,B,standard_assis,1
P26,V10,taxi_conventionne,O,standard_assis,1
P26,V10,taxi_conventionne,B,standard_assis,1
P26,V11,vsl,O,standard_assis,1
P26,V11,vsl,B,standard_assis,1
P26,V12,vsl,O,standard_assis,1
P26,V12,vsl,B,standard_assis,1
P26,V13,vsl,O,standard_assis,1
P26,V13,vsl,B,standard_assis,1
P26,V14,vsl,O,standard_assis,1
P26,V14,vsl,B,standard_assis,1
P26,V15,vsl,O,standard_assis,1
P26,V15,vsl,B,standard_assis,1
P26,V16,vsl,O,standard_assis,1
P26,V16,vsl,B,standard_assis,1
P26,V17,vsl,O,standard_assis,1
P26,V17,vsl,B,standard_assis,1
P26,V18,vtc_premium,O,standard_assis,1
P26,V18,vtc_premium,B,standard_assis,1
P26,V19,vtc_premium,O,standard_assis,1
P26,V19,vtc_premium,B,standard_assis,1
P26,V20,vtc_premium,O,standard_assis,1
P26,V20,vtc_premium,B,standard_assis,1
P27,V1,taxi_conventionne,O,prescription_medicale,1
P27,V1,taxi_conventionne,B,prescription_medicale,1
P27,V2,taxi_conventionne,O,prescription_medicale,1
P27,V2,taxi_conventionne,B,prescription_medicale,1
P27,V3,taxi_conventionne,O,prescription_medicale,1
P27,V3,taxi_conventionne,B,prescription_medicale,1
P27,V4,taxi_conventionne,O,prescription_medicale,1
P27,V4,taxi_conventionne,B,prescription_medicale,1
P27,V5,taxi_conventionne,O,prescription_medicale,1
P27,V5,taxi_conventionne,B,prescription_medicale,1
P27,V6,taxi_conventionne,O,prescription_medicale,1
P27,V6,taxi_conventionne,B,prescription_medicale,1
P27,V7,taxi_conventionne,O,prescription_medicale,1
P27,V7,taxi_conventionne,B,prescription_medicale,1
P27,V8,taxi_conventionne,O,prescription_medicale,1
P27,V8,taxi_conventionne,B,prescription_medicale,1
P27,V9,taxi_conventionne,O,prescription_medicale,1
P27,V9,taxi_conventionne,B,prescription_medicale,1
P27,V10,taxi_conventionne,O,prescription_medicale,1
P27,V10,taxi_conventionne,B,prescription_medicale,1
P27,V11,vsl,O,prescription_medicale,1
P27,V11,vsl,B,prescription_medicale,1
P27,V12,vsl,O,prescription_medicale,1
P27,V12,vsl,B,prescription_medicale,1
P27,V13,vsl,O,prescription_medicale,1
P27,V13,vsl,B,prescription_medicale,1
P27,V14,vsl,O,prescription_medicale,1
P27,V14,vsl,B,prescription_medicale,1
P27,V15,vsl,O,prescription_medicale,1
P27,V15,vsl,B,prescription_medicale,1
P27,V16,vsl,O,prescription_medicale,1
P27,V16,vsl,B,prescription_medicale,1
P27,V17,vsl,O,prescription_medicale,1
P27,V17,vsl,B,prescription_medicale,1
P27,V18,vtc_premium,O,prescription_medicale,0
P27,V18,vtc_premium,B,prescription_medicale,0
P27,V19,vtc_premium,O,prescription_medicale,0
P27,V19,vtc_premium,B,prescription_medicale,0
P27,V20,vtc_premium,O,prescription_medicale,0
P27,V20,vtc_premium,B,prescription_medicale,0
P28,V1,taxi_conventionne,O,prescription_medicale,1
P28,V1,taxi_conventionne,B,prescription_medicale,1
P28,V2,taxi_conventionne,O,prescription_medicale,1
P28,V2,taxi_conventionne,B,prescription_medicale,1
P28,V3,taxi_conventionne,O,prescription_medicale,1
P28,V3,taxi_conventionne,B,prescription_medicale,1
P28,V4,taxi_conventionne,O,prescription_medicale,1
P28,V4,taxi_conventionne,B,prescription_medicale,1
P28,V5,taxi_conventionne,O,prescription_medicale,1
P28,V5,taxi_conventionne,B,prescription_medicale,1
P28,V6,taxi_conventionne,O,prescription_medicale,1
P28,V6,taxi_conventionne,B,prescription_medicale,1
P28,V7,taxi_conventionne,O,prescription_medicale,1
P28,V7,taxi_conventionne,B,prescription_medicale,1
P28,V8,taxi_conventionne,O,prescription_medicale,1
P28,V8,taxi_conventionne,B,prescription_medicale,1
P28,V9,taxi_conventionne,O,prescription_medicale,1
P28,V9,taxi_conventionne,B,prescription_medicale,1
P28,V10,taxi_conventionne,O,prescription_medicale,1
P28,V10,taxi_conventionne,B,prescription_medicale,1
P28,V11,vsl,O,prescription_medicale,1
P28,V11,vsl,B,prescription_medicale,1
P28,V12,vsl,O,prescription_medicale,1
P28,V12,vsl,B,prescription_medicale,1
P28,V13,vsl,O,prescription_medicale,1
P28,V13,vsl,B,prescription_medicale,1
P28,V14,vsl,O,prescription_medicale,1
P28,V14,vsl,B,prescription_medicale,1
P28,V15,vsl,O,prescription_medicale,1
P28,V15,vsl,B,prescription_medicale,1
P28,V16,vsl,O,prescription_medicale,1
P28,V16,vsl,B,prescription_medicale,1
P28,V17,vsl,O,prescription_medicale,1
P28,V17,vsl,B,prescription_medicale,1
P28,V18,vtc_premium,O,prescription_medicale,0
P28,V18,vtc_premium,B,prescription_medicale,0
P28,V19,vtc_premium,O,prescription_medicale,0
P28,V19,vtc_premium,B,prescription_medicale,0
P28,V20,vtc_premium,O,prescription_medicale,0
P28,V20,vtc_premium,B,prescription_medicale,0
P29,V1,taxi_conventionne,O,standard_assis,1
P29,V1,taxi_conventionne,B,standard_assis,1
P29,V2,taxi_conventionne,O,standard_assis,1
P29,V2,taxi_conventionne,B,standard_assis,1
P29,V3,taxi_conventionne,O,standard_assis,1
P29,V3,taxi_conventionne,B,standard_assis,1
P29,V4,taxi_conventionne,O,standard_assis,1
P29,V4,taxi_conventionne,B,standard_assis,1
P29,V5,taxi_conventionne,O,standard_assis,1
P29,V5,taxi_conventionne,B,standard_assis,1
P29,V6,taxi_conventionne,O,standard_assis,1
P29,V6,taxi_conventionne,B,standard_assis,1
P29,V7,taxi_conventionne,O,standard_assis,1
P29,V7,taxi_conventionne,B,standard_assis,1
P29,V8,taxi_conventionne,O,standard_assis,1
P29,V8,taxi_conventionne,B,standard_assis,1
P29,V9,taxi_conventionne,O,standard_assis,1
P29,V9,taxi_conventionne,B,standard_assis,1
P29,V10,taxi_conventionne,O,standard_assis,1
P29,V10,taxi_conventionne,B,standard_assis,1
P29,V11,vsl,O,standard_assis,1
P29,V11,vsl,B,standard_assis,1
P29,V12,vsl,O,standard_assis,1
P29,V12,vsl,B,standard_assis,1
P29,V13,vsl,O,standard_assis,1
P29,V13,vsl,B,standard_assis,1
P29,V14,vsl,O,standard_assis,1
P29,V14,vsl,B,standard_assis,1
P29,V15,vsl,O,standard_assis,1
P29,V15,vsl,B,standard_assis,1
P29,V16,vsl,O,standard_assis,1
P29,V16,vsl,B,standard_assis,1
P29,V17,vsl,O,standard_assis,1
P29,V17,vsl,B,standard_assis,1
P29,V18,vtc_premium,O,standard_assis,1
P29,V18,vtc_premium,B,standard_assis,1
P29,V19,vtc_premium,O,standard_assis,1
P29,V19,vtc_premium,B,standard_assis,1
P29,V20,vtc_premium,O,standard_assis,1
P29,V20,vtc_premium,B,standard_assis,1
P30,V1,taxi_conventionne,O,vsl_required,0
P30,V1,taxi_conventionne,B,vsl_required,0
P30,V2,taxi_conventionne,O,vsl_required,0
P30,V2,taxi_conventionne,B,vsl_required,0
P30,V3,taxi_conventionne,O,vsl_required,0
P30,V3,taxi_conventionne,B,vsl_required,0
P30,V4,taxi_conventionne,O,vsl_required,0
P30,V4,taxi_conventionne,B,vsl_required,0
P30,V5,taxi_conventionne,O,vsl_required,0
P30,V5,taxi_conventionne,B,vsl_required,0
P30,V6,taxi_conventionne,O,vsl_required,0
P30,V6,taxi_conventionne,B,vsl_required,0
P30,V7,taxi_conventionne,O,vsl_required,0
P30,V7,taxi_conventionne,B,vsl_required,0
P30,V8,taxi_conventionne,O,vsl_required,0
P30,V8,taxi_conventionne,B,vsl_required,0
P30,V9,taxi_conventionne,O,vsl_required,0
P30,V9,taxi_conventionne,B,vsl_required,0
P30,V10,taxi_conventionne,O,vsl_required,0
P30,V10,taxi_conventionne,B,vsl_required,0
P30,V11,vsl,O,vsl_required,1
P30,V11,vsl,B,vsl_required,1
P30,V12,vsl,O,vsl_required,1
P30,V12,vsl,B,vsl_required,1
P30,V13,vsl,O,vsl_required,1
P30,V13,vsl,B,vsl_required,1
P30,V14,vsl,O,vsl_required,1
P30,V14,vsl,B,vsl_required,1
P30,V15,vsl,O,vsl_required,1
P30,V15,vsl,B,vsl_required,1
P30,V16,vsl,O,vsl_required,1
P30,V16,vsl,B,vsl_required,1
P30,V17,vsl,O,vsl_required,1
P30,V17,vsl,B,vsl_required,1
P30,V18,vtc_premium,O,vsl_required,0
P30,V18,vtc_premium,B,vsl_required,0
P30,V19,vtc_premium,O,vsl_required,0
P30,V19,vtc_premium,B,vsl_required,0
P30,V20,vtc_premium,O,vsl_required,0
P30,V20,vtc_premium,B,vsl_required,0
P31,V1,taxi_conventionne,O,standard_assis,1
P31,V1,taxi_conventionne,B,standard_assis,1
P31,V2,taxi_conventionne,O,standard_assis,1
P31,V2,taxi_conventionne,B,standard_assis,1
P31,V3,taxi_conventionne,O,standard_assis,1
P31,V3,taxi_conventionne,B,standard_assis,1
P31,V4,taxi_conventionne,O,standard_assis,1
P31,V4,taxi_conventionne,B,standard_assis,1
P31,V5,taxi_conventionne,O,standard_assis,1
P31,V5,taxi_conventionne,B,standard_assis,1
P31,V6,taxi_conventionne,O,standard_assis,1
P31,V6,taxi_conventionne,B,standard_assis,1
P31,V7,taxi_conventionne,O,standard_assis,1
P31,V7,taxi_conventionne,B,standard_assis,1
P31,V8,taxi_conventionne,O,standard_assis,1
P31,V8,taxi_conventionne,B,standard_assis,1
P31,V9,taxi_conventionne,O,standard_assis,1
P31,V9,taxi_conventionne,B,standard_assis,1
P31,V10,taxi_conventionne,O,standard_assis,1
P31,V10,taxi_conventionne,B,standard_assis,1
P31,V11,vsl,O,standard_assis,1
P31,V11,vsl,B,standard_assis,1
P31,V12,vsl,O,standard_assis,1
P31,V12,vsl,B,standard_assis,1
P31,V13,vsl,O,standard_assis,1
P31,V13,vsl,B,standard_assis,1
P31,V14,vsl,O,standard_assis,1
P31,V14,vsl,B,standard_assis,1
P31,V15,vsl,O,standard_assis,1
P31,V15,vsl,B,standard_assis,1
P31,V16,vsl,O,standard_assis,1
P31,V16,vsl,B,standard_assis,1
P31,V17,vsl,O,standard_assis,1
P31,V17,vsl,B,standard_assis,1
P31,V18,vtc_premium,O,standard_assis,1
P31,V18,vtc_premium,B,standard_assis,1
P31,V19,vtc_premium,O,standard_assis,1
P31,V19,vtc_premium,B,standard_assis,1
P31,V20,vtc_premium,O,standard_assis,1
P31,V20,vtc_premium,B,standard_assis,1
P32,V1,taxi_conventionne,O,standard_assis,1
P32,V1,taxi_conventionne,B,standard_assis,1
P32,V2,taxi_conventionne,O,standard_assis,1
P32,V2,taxi_conventionne,B,standard_assis,1
P32,V3,taxi_conventionne,O,standard_assis,1
P32,V3,taxi_conventionne,B,standard_assis,1
P32,V4,taxi_conventionne,O,standard_assis,1
P32,V4,taxi_conventionne,B,standard_assis,1
P32,V5,taxi_conventionne,O,standard_assis,1
P32,V5,taxi_conventionne,B,standard_assis,1
P32,V6,taxi_conventionne,O,standard_assis,1
P32,V6,taxi_conventionne,B,standard_assis,1
P32,V7,taxi_conventionne,O,standard_assis,1
P32,V7,taxi_conventionne,B,standard_assis,1
P32,V8,taxi_conventionne,O,standard_assis,1
P32,V8,taxi_conventionne,B,standard_assis,1
P32,V9,taxi_conventionne,O,standard_assis,1
P32,V9,taxi_conventionne,B,standard_assis,1
P32,V10,taxi_conventionne,O,standard_assis,1
P32,V10,taxi_conventionne,B,standard_assis,1
P32,V11,vsl,O,standard_assis,1
P32,V11,vsl,B,standard_assis,1
P32,V12,vsl,O,standard_assis,1
P32,V12,vsl,B,standard_assis,1
P32,V13,vsl,O,standard_assis,1
P32,V13,vsl,B,standard_assis,1
P32,V14,vsl,O,standard_assis,1
P32,V14,vsl,B,standard_assis,1
P32,V15,vsl,O,standard_assis,1
P32,V15,vsl,B,standard_assis,1
P32,V16,vsl,O,standard_assis,1
P32,V16,vsl,B,standard_assis,1
P32,V17,vsl,O,standard_assis,1
P32,V17,vsl,B,standard_assis,1
P32,V18,vtc_premium,O,standard_assis,1
P32,V18,vtc_premium,B,standard_assis,1
P32,V19,vtc_premium,O,standard_assis,1
P32,V19,vtc_premium,B,standard_assis,1
P32,V20,vtc_premium,O,standard_assis,1
P32,V20,vtc_premium,B,standard_assis,1
P33,V1,taxi_conventionne,O,premium,1
P33,V1,taxi_conventionne,B,premium,1
P33,V2,taxi_conventionne,O,premium,1
P33,V2,taxi_conventionne,B,premium,1
P33,V3,taxi_conventionne,O,premium,1
P33,V3,taxi_conventionne,B,premium,1
P33,V4,taxi_conventionne,O,premium,1
P33,V4,taxi_conventionne,B,premium,1
P33,V5,taxi_conventionne,O,premium,1
P33,V5,taxi_conventionne,B,premium,1
P33,V6,taxi_conventionne,O,premium,1
P33,V6,taxi_conventionne,B,premium,1
P33,V7,taxi_conventionne,O,premium,1
P33,V7,taxi_conventionne,B,premium,1
P33,V8,taxi_conventionne,O,premium,1
P33,V8,taxi_conventionne,B,premium,1
P33,V9,taxi_conventionne,O,premium,1
P33,V9,taxi_conventionne,B,premium,1
P33,V10,taxi_conventionne,O,premium,1
P33,V10,taxi_conventionne,B,premium,1
P33,V11,vsl,O,premium,0
P33,V11,vsl,B,premium,0
P33,V12,vsl,O,premium,0
P33,V12,vsl,B,premium,0
P33,V13,vsl,O,premium,0
P33,V13,vsl,B,premium,0
P33,V14,vsl,O,premium,0
P33,V14,vsl,B,premium,0
P33,V15,vsl,O,premium,0
P33,V15,vsl,B,premium,0
P33,V16,vsl,O,premium,0
P33,V16,vsl,B,premium,0
P33,V17,vsl,O,premium,0
P33,V17,vsl,B,premium,0
P33,V18,vtc_premium,O,premium,1
P33,V18,vtc_premium,B,premium,1
P33,V19,vtc_premium,O,premium,1
P33,V19,vtc_premium,B,premium,1
P33,V20,vtc_premium,O,premium,1
P33,V20,vtc_premium,B,premium,1
P34,V1,taxi_conventionne,O,prescription_medicale,1
P34,V1,taxi_conventionne,B,prescription_medicale,1
P34,V2,taxi_conventionne,O,prescription_medicale,1
P34,V2,taxi_conventionne,B,prescription_medicale,1
P34,V3,taxi_conventionne,O,prescription_medicale,1
P34,V3,taxi_conventionne,B,prescription_medicale,1
P34,V4,taxi_conventionne,O,prescription_medicale,1
P34,V4,taxi_conventionne,B,prescription_medicale,1
P34,V5,taxi_conventionne,O,prescription_medicale,1
P34,V5,taxi_conventionne,B,prescription_medicale,1
P34,V6,taxi_conventionne,O,prescription_medicale,1
P34,V6,taxi_conventionne,B,prescription_medicale,1
P34,V7,taxi_conventionne,O,prescription_medicale,1
P34,V7,taxi_conventionne,B,prescription_medicale,1
P34,V8,taxi_conventionne,O,prescription_medicale,1
P34,V8,taxi_conventionne,B,prescription_medicale,1
P34,V9,taxi_conventionne,O,prescription_medicale,1
P34,V9,taxi_conventionne,B,prescription_medicale,1
P34,V10,taxi_conventionne,O,prescription_medicale,1
P34,V10,taxi_conventionne,B,prescription_medicale,1
P34,V11,vsl,O,prescription_medicale,1
P34,V11,vsl,B,prescription_medicale,1
P34,V12,vsl,O,prescription_medicale,1
P34,V12,vsl,B,prescription_medicale,1
P34,V13,vsl,O,prescription_medicale,1
P34,V13,vsl,B,prescription_medicale,1
P34,V14,vsl,O,prescription_medicale,1
P34,V14,vsl,B,prescription_medicale,1
P34,V15,vsl,O,prescription_medicale,1
P34,V15,vsl,B,prescription_medicale,1
P34,V16,vsl,O,prescription_medicale,1
P34,V16,vsl,B,prescription_medicale,1
P34,V17,vsl,O,prescription_medicale,1
P34,V17,vsl,B,prescription_medicale,1
P34,V18,vtc_premium,O,prescription_medicale,0
P34,V18,vtc_premium,B,prescription_medicale,0
P34,V19,vtc_premium,O,prescription_medicale,0
P34,V19,vtc_premium,B,prescription_medicale,0
P34,V20,vtc_premium,O,prescription_medicale,0
P34,V20,vtc_premium,B,prescription_medicale,0
P35,V1,taxi_conventionne,O,prescription_medicale,1
P35,V1,taxi_conventionne,B,prescription_medicale,1
P35,V2,taxi_conventionne,O,prescription_medicale,1
P35,V2,taxi_conventionne,B,prescription_medicale,1
P35,V3,taxi_conventionne,O,prescription_medicale,1
P35,V3,taxi_conventionne,B,prescription_medicale,1
P35,V4,taxi_conventionne,O,prescription_medicale,1
P35,V4,taxi_conventionne,B,prescription_medicale,1
P35,V5,taxi_conventionne,O,prescription_medicale,1
P35,V5,taxi_conventionne,B,prescription_medicale,1
P35,V6,taxi_conventionne,O,prescription_medicale,1
P35,V6,taxi_conventionne,B,prescription_medicale,1
P35,V7,taxi_conventionne,O,prescription_medicale,1
P35,V7,taxi_conventionne,B,prescription_medicale,1
P35,V8,taxi_conventionne,O,prescription_medicale,1
P35,V8,taxi_conventionne,B,prescription_medicale,1
P35,V9,taxi_conventionne,O,prescription_medicale,1
P35,V9,taxi_conventionne,B,prescription_medicale,1
P35,V10,taxi_conventionne,O,prescription_medicale,1
P35,V10,taxi_conventionne,B,prescription_medicale,1
P35,V11,vsl,O,prescription_medicale,1
P35,V11,vsl,B,prescription_medicale,1
P35,V12,vsl,O,prescription_medicale,1
P35,V12,vsl,B,prescription_medicale,1
P35,V13,vsl,O,prescription_medicale,1
P35,V13,vsl,B,prescription_medicale,1
P35,V14,vsl,O,prescription_medicale,1
P35,V14,vsl,B,prescription_medicale,1
P35,V15,vsl,O,prescription_medicale,1
P35,V15,vsl,B,prescription_medicale,1
P35,V16,vsl,O,prescription_medicale,1
P35,V16,vsl,B,prescription_medicale,1
P35,V17,vsl,O,prescription_medicale,1
P35,V17,vsl,B,prescription_medicale,1
P35,V18,vtc_premium,O,prescription_medicale,0
P35,V18,vtc_premium,B,prescription_medicale,0
P35,V19,vtc_premium,O,prescription_medicale,0
P35,V19,vtc_premium,B,prescription_medicale,0
P35,V20,vtc_premium,O,prescription_medicale,0
P35,V20,vtc_premium,B,prescription_medicale,0
P36,V1,taxi_conventionne,O,vsl_required,0
P36,V1,taxi_conventionne,B,vsl_required,0
P36,V2,taxi_conventionne,O,vsl_required,0
P36,V2,taxi_conventionne,B,vsl_required,0
P36,V3,taxi_conventionne,O,vsl_required,0
P36,V3,taxi_conventionne,B,vsl_required,0
P36,V4,taxi_conventionne,O,vsl_required,0
P36,V4,taxi_conventionne,B,vsl_required,0
P36,V5,taxi_conventionne,O,vsl_required,0
P36,V5,taxi_conventionne,B,vsl_required,0
P36,V6,taxi_conventionne,O,vsl_required,0
P36,V6,taxi_conventionne,B,vsl_required,0
P36,V7,taxi_conventionne,O,vsl_required,0
P36,V7,taxi_conventionne,B,vsl_required,0
P36,V8,taxi_conventionne,O,vsl_required,0
P36,V8,taxi_conventionne,B,vsl_required,0
P36,V9,taxi_conventionne,O,vsl_required,0
P36,V9,taxi_conventionne,B,vsl_required,0
P36,V10,taxi_conventionne,O,vsl_required,0
P36,V10,taxi_conventionne,B,vsl_required,0
P36,V11,vsl,O,vsl_required,1
P36,V11,vsl,B,vsl_required,1
P36,V12,vsl,O,vsl_required,1
P36,V12,vsl,B,vsl_required,1
P36,V13,vsl,O,vsl_required,1
P36,V13,vsl,B,vsl_required,1
P36,V14,vsl,O,vsl_required,1
P36,V14,vsl,B,vsl_required,1
P36,V15,vsl,O,vsl_required,1
P36,V15,vsl,B,vsl_required,1
P36,V16,vsl,O,vsl_required,1
P36,V16,vsl,B,vsl_required,1
P36,V17,vsl,O,vsl_required,1
P36,V17,vsl,B,vsl_required,1
P36,V18,vtc_premium,O,vsl_required,0
P36,V18,vtc_premium,B,vsl_required,0
P36,V19,vtc_premium,O,vsl_required,0
P36,V19,vtc_premium,B,vsl_required,0
P36,V20,vtc_premium,O,vsl_required,0
P36,V20,vtc_premium,B,vsl_required,0
P37,V1,taxi_conventionne,O,standard_assis,1
P37,V1,taxi_conventionne,B,standard_assis,1
P37,V2,taxi_conventionne,O,standard_assis,1
P37,V2,taxi_conventionne,B,standard_assis,1
P37,V3,taxi_conventionne,O,standard_assis,1
P37,V3,taxi_conventionne,B,standard_assis,1
P37,V4,taxi_conventionne,O,standard_assis,1
P37,V4,taxi_conventionne,B,standard_assis,1
P37,V5,taxi_conventionne,O,standard_assis,1
P37,V5,taxi_conventionne,B,standard_assis,1
P37,V6,taxi_conventionne,O,standard_assis,1
P37,V6,taxi_conventionne,B,standard_assis,1
P37,V7,taxi_conventionne,O,standard_assis,1
P37,V7,taxi_conventionne,B,standard_assis,1
P37,V8,taxi_conventionne,O,standard_assis,1
P37,V8,taxi_conventionne,B,standard_assis,1
P37,V9,taxi_conventionne,O,standard_assis,1
P37,V9,taxi_conventionne,B,standard_assis,1
P37,V10,taxi_conventionne,O,standard_assis,1
P37,V10,taxi_conventionne,B,standard_assis,1
P37,V11,vsl,O,standard_assis,1
P37,V11,vsl,B,standard_assis,1
P37,V12,vsl,O,standard_assis,1
P37,V12,vsl,B,standard_assis,1
P37,V13,vsl,O,standard_assis,1
P37,V13,vsl,B,standard_assis,1
P37,V14,vsl,O,standard_assis,1
P37,V14,vsl,B,standard_assis,1
P37,V15,vsl,O,standard_assis,1
P37,V15,vsl,B,standard_assis,1
P37,V16,vsl,O,standard_assis,1
P37,V16,vsl,B,standard_assis,1
P37,V17,vsl,O,standard_assis,1
P37,V17,vsl,B,standard_assis,1
P37,V18,vtc_premium,O,standard_assis,1
P37,V18,vtc_premium,B,standard_assis,1
P37,V19,vtc_premium,O,standard_assis,1
P37,V19,vtc_premium,B,standard_assis,1
P37,V20,vtc_premium,O,standard_assis,1
P37,V20,vtc_premium,B,standard_assis,1
P38,V1,taxi_conventionne,O,standard_assis,1
P38,V1,taxi_conventionne,B,standard_assis,1
P38,V2,taxi_conventionne,O,standard_assis,1
P38,V2,taxi_conventionne,B,standard_assis,1
P38,V3,taxi_conventionne,O,standard_assis,1
P38,V3,taxi_conventionne,B,standard_assis,1
P38,V4,taxi_conventionne,O,standard_assis,1
P38,V4,taxi_conventionne,B,standard_assis,1
P38,V5,taxi_conventionne,O,standard_assis,1
P38,V5,taxi_conventionne,B,standard_assis,1
P38,V6,taxi_conventionne,O,standard_assis,1
P38,V6,taxi_conventionne,B,standard_assis,1
P38,V7,taxi_conventionne,O,standard_assis,1
P38,V7,taxi_conventionne,B,standard_assis,1
P38,V8,taxi_conventionne,O,standard_assis,1
P38,V8,taxi_conventionne,B,standard_assis,1
P38,V9,taxi_conventionne,O,standard_assis,1
P38,V9,taxi_conventionne,B,standard_assis,1
P38,V10,taxi_conventionne,O,standard_assis,1
P38,V10,taxi_conventionne,B,standard_assis,1
P38,V11,vsl,O,standard_assis,1
P38,V11,vsl,B,standard_assis,1
P38,V12,vsl,O,standard_assis,1
P38,V12,vsl,B,standard_assis,1
P38,V13,vsl,O,standard_assis,1
P38,V13,vsl,B,standard_assis,1
P38,V14,vsl,O,standard_assis,1
P38,V14,vsl,B,standard_assis,1
P38,V15,vsl,O,standard_assis,1
P38,V15,vsl,B,standard_assis,1
P38,V16,vsl,O,standard_assis,1
P38,V16,vsl,B,standard_assis,1
P38,V17,vsl,O,standard_assis,1
P38,V17,vsl,B,standard_assis,1
P38,V18,vtc_premium,O,standard_assis,1
P38,V18,vtc_premium,B,standard_assis,1
P38,V19,vtc_premium,O,standard_assis,1
P38,V19,vtc_premium,B,standard_assis,1
P38,V20,vtc_premium,O,standard_assis,1
P38,V20,vtc_premium,B,standard_assis,1
P39,V1,taxi_conventionne,O,vsl_required,0
P39,V1,taxi_conventionne,B,vsl_required,0
P39,V2,taxi_conventionne,O,vsl_required,0
P39,V2,taxi_conventionne,B,vsl_required,0
P39,V3,taxi_conventionne,O,vsl_required,0
P39,V3,taxi_conventionne,B,vsl_required,0
P39,V4,taxi_conventionne,O,vsl_required,0
P39,V4,taxi_conventionne,B,vsl_required,0
P39,V5,taxi_conventionne,O,vsl_required,0
P39,V5,taxi_conventionne,B,vsl_required,0
P39,V6,taxi_conventionne,O,vsl_required,0
P39,V6,taxi_conventionne,B,vsl_required,0
P39,V7,taxi_conventionne,O,vsl_required,0
P39,V7,taxi_conventionne,B,vsl_required,0
P39,V8,taxi_conventionne,O,vsl_required,0
P39,V8,taxi_conventionne,B,vsl_required,0
P39,V9,taxi_conventionne,O,vsl_required,0
P39,V9,taxi_conventionne,B,vsl_required,0
P39,V10,taxi_conventionne,O,vsl_required,0
P39,V10,taxi_conventionne,B,vsl_required,0
P39,V11,vsl,O,vsl_required,1
P39,V11,vsl,B,vsl_required,1
P39,V12,vsl,O,vsl_required,1
P39,V12,vsl,B,vsl_required,1
P39,V13,vsl,O,vsl_required,1
P39,V13,vsl,B,vsl_required,1
P39,V14,vsl,O,vsl_required,1
P39,V14,vsl,B,vsl_required,1
P39,V15,vsl,O,vsl_required,1
P39,V15,vsl,B,vsl_required,1
P39,V16,vsl,O,vsl_required,1
P39,V16,vsl,B,vsl_required,1
P39,V17,vsl,O,vsl_required,1
P39,V17,vsl,B,vsl_required,1
P39,V18,vtc_premium,O,vsl_required,0
P39,V18,vtc_premium,B,vsl_required,0
P39,V19,vtc_premium,O,vsl_required,0
P39,V19,vtc_premium,B,vsl_required,0
P39,V20,vtc_premium,O,vsl_required,0
P39,V20,vtc_premium,B,vsl_required,0
P40,V1,taxi_conventionne,O,standard_assis,1
P40,V1,taxi_conventionne,B,standard_assis,1
P40,V2,taxi_conventionne,O,standard_assis,1
P40,V2,taxi_conventionne,B,standard_assis,1
P40,V3,taxi_conventionne,O,standard_assis,1
P40,V3,taxi_conventionne,B,standard_assis,1
P40,V4,taxi_conventionne,O,standard_assis,1
P40,V4,taxi_conventionne,B,standard_assis,1
P40,V5,taxi_conventionne,O,standard_assis,1
P40,V5,taxi_conventionne,B,standard_assis,1
P40,V6,taxi_conventionne,O,standard_assis,1
P40,V6,taxi_conventionne,B,standard_assis,1
P40,V7,taxi_conventionne,O,standard_assis,1
P40,V7,taxi_conventionne,B,standard_assis,1
P40,V8,taxi_conventionne,O,standard_assis,1
P40,V8,taxi_conventionne,B,standard_assis,1
P40,V9,taxi_conventionne,O,standard_assis,1
P40,V9,taxi_conventionne,B,standard_assis,1
P40,V10,taxi_conventionne,O,standard_assis,1
P40,V10,taxi_conventionne,B,standard_assis,1
P40,V11,vsl,O,standard_assis,1
P40,V11,vsl,B,standard_assis,1
P40,V12,vsl,O,standard_assis,1
P40,V12,vsl,B,standard_assis,1
P40,V13,vsl,O,standard_assis,1
P40,V13,vsl,B,standard_assis,1
P40,V14,vsl,O,standard_assis,1
P40,V14,vsl,B,standard_assis,1
P40,V15,vsl,O,standard_assis,1
P40,V15,vsl,B,standard_assis,1
P40,V16,vsl,O,standard_assis,1
P40,V16,vsl,B,standard_assis,1
P40,V17,vsl,O,standard_assis,1
P40,V17,vsl,B,standard_assis,1
P40,V18,vtc_premium,O,standard_assis,1
P40,V18,vtc_premium,B,standard_assis,1
P40,V19,vtc_premium,O,standard_assis,1
P40,V19,vtc_premium,B,standard_assis,1
P40,V20,vtc_premium,O,standard_assis,1
P40,V20,vtc_premium,B,standard_assis,1
P41,V1,taxi_conventionne,O,premium,1
P41,V1,taxi_conventionne,B,premium,1
P41,V2,taxi_conventionne,O,premium,1
P41,V2,taxi_conventionne,B,premium,1
P41,V3,taxi_conventionne,O,premium,1
P41,V3,taxi_conventionne,B,premium,1
P41,V4,taxi_conventionne,O,premium,1
P41,V4,taxi_conventionne,B,premium,1
P41,V5,taxi_conventionne,O,premium,1
P41,V5,taxi_conventionne,B,premium,1
P41,V6,taxi_conventionne,O,premium,1
P41,V6,taxi_conventionne,B,premium,1
P41,V7,taxi_conventionne,O,premium,1
P41,V7,taxi_conventionne,B,premium,1
P41,V8,taxi_conventionne,O,premium,1
P41,V8,taxi_conventionne,B,premium,1
P41,V9,taxi_conventionne,O,premium,1
P41,V9,taxi_conventionne,B,premium,1
P41,V10,taxi_conventionne,O,premium,1
P41,V10,taxi_conventionne,B,premium,1
P41,V11,vsl,O,premium,0
P41,V11,vsl,B,premium,0
P41,V12,vsl,O,premium,0
P41,V12,vsl,B,premium,0
P41,V13,vsl,O,premium,0
P41,V13,vsl,B,premium,0
P41,V14,vsl,O,premium,0
P41,V14,vsl,B,premium,0
P41,V15,vsl,O,premium,0
P41,V15,vsl,B,premium,0
P41,V16,vsl,O,premium,0
P41,V16,vsl,B,premium,0
P41,V17,vsl,O,premium,0
P41,V17,vsl,B,premium,0
P41,V18,vtc_premium,O,premium,1
P41,V18,vtc_premium,B,premium,1
P41,V19,vtc_premium,O,premium,1
P41,V19,vtc_premium,B,premium,1
P41,V20,vtc_premium,O,premium,1
P41,V20,vtc_premium,B,premium,1
P42,V1,taxi_conventionne,O,vsl_required,0
P42,V1,taxi_conventionne,B,vsl_required,0
P42,V2,taxi_conventionne,O,vsl_required,0
P42,V2,taxi_conventionne,B,vsl_required,0
P42,V3,taxi_conventionne,O,vsl_required,0
P42,V3,taxi_conventionne,B,vsl_required,0
P42,V4,taxi_conventionne,O,vsl_required,0
P42,V4,taxi_conventionne,B,vsl_required,0
P42,V5,taxi_conventionne,O,vsl_required,0
P42,V5,taxi_conventionne,B,vsl_required,0
P42,V6,taxi_conventionne,O,vsl_required,0
P42,V6,taxi_conventionne,B,vsl_required,0
P42,V7,taxi_conventionne,O,vsl_required,0
P42,V7,taxi_conventionne,B,vsl_required,0
P42,V8,taxi_conventionne,O,vsl_required,0
P42,V8,taxi_conventionne,B,vsl_required,0
P42,V9,taxi_conventionne,O,vsl_required,0
P42,V9,taxi_conventionne,B,vsl_required,0
P42,V10,taxi_conventionne,O,vsl_required,0
P42,V10,taxi_conventionne,B,vsl_required,0
P42,V11,vsl,O,vsl_required,1
P42,V11,vsl,B,vsl_required,1
P42,V12,vsl,O,vsl_required,1
P42,V12,vsl,B,vsl_required,1
P42,V13,vsl,O,vsl_required,1
P42,V13,vsl,B,vsl_required,1
P42,V14,vsl,O,vsl_required,1
P42,V14,vsl,B,vsl_required,1
P42,V15,vsl,O,vsl_required,1
P42,V15,vsl,B,vsl_required,1
P42,V16,vsl,O,vsl_required,1
P42,V16,vsl,B,vsl_required,1
P42,V17,vsl,O,vsl_required,1
P42,V17,vsl,B,vsl_required,1
P42,V18,vtc_premium,O,vsl_required,0
P42,V18,vtc_premium,B,vsl_required,0
P42,V19,vtc_premium,O,vsl_required,0
P42,V19,vtc_premium,B,vsl_required,0
P42,V20,vtc_premium,O,vsl_required,0
P42,V20,vtc_premium,B,vsl_required,0
P43,V1,taxi_conventionne,O,vsl_required,0
P43,V1,taxi_conventionne,B,vsl_required,0
P43,V2,taxi_conventionne,O,vsl_required,0
P43,V2,taxi_conventionne,B,vsl_required,0
P43,V3,taxi_conventionne,O,vsl_required,0
P43,V3,taxi_conventionne,B,vsl_required,0
P43,V4,taxi_conventionne,O,vsl_required,0
P43,V4,taxi_conventionne,B,vsl_required,0
P43,V5,taxi_conventionne,O,vsl_required,0
P43,V5,taxi_conventionne,B,vsl_required,0
P43,V6,taxi_conventionne,O,vsl_required,0
P43,V6,taxi_conventionne,B,vsl_required,0
P43,V7,taxi_conventionne,O,vsl_required,0
P43,V7,taxi_conventionne,B,vsl_required,0
P43,V8,taxi_conventionne,O,vsl_required,0
P43,V8,taxi_conventionne,B,vsl_required,0
P43,V9,taxi_conventionne,O,vsl_required,0
P43,V9,taxi_conventionne,B,vsl_required,0
P43,V10,taxi_conventionne,O,vsl_required,0
P43,V10,taxi_conventionne,B,vsl_required,0
P43,V11,vsl,O,vsl_required,1
P43,V11,vsl,B,vsl_required,1
P43,V12,vsl,O,vsl_required,1
P43,V12,vsl,B,vsl_required,1
P43,V13,vsl,O,vsl_required,1
P43,V13,vsl,B,vsl_required,1
P43,V14,vsl,O,vsl_required,1
P43,V14,vsl,B,vsl_required,1
P43,V15,vsl,O,vsl_required,1
P43,V15,vsl,B,vsl_required,1
P43,V16,vsl,O,vsl_required,1
P43,V16,vsl,B,vsl_required,1
P43,V17,vsl,O,vsl_required,1
P43,V17,vsl,B,vsl_required,1
P43,V18,vtc_premium,O,vsl_required,0
P43,V18,vtc_premium,B,vsl_required,0
P43,V19,vtc_premium,O,vsl_required,0
P43,V19,vtc_premium,B,vsl_required,0
P43,V20,vtc_premium,O,vsl_required,0
P43,V20,vtc_premium,B,vsl_required,0
P44,V1,taxi_conventionne,O,vsl_required,0
P44,V1,taxi_conventionne,B,vsl_required,0
P44,V2,taxi_conventionne,O,vsl_required,0
P44,V2,taxi_conventionne,B,vsl_required,0
P44,V3,taxi_conventionne,O,vsl_required,0
P44,V3,taxi_conventionne,B,vsl_required,0
P44,V4,taxi_conventionne,O,vsl_required,0
P44,V4,taxi_conventionne,B,vsl_required,0
P44,V5,taxi_conventionne,O,vsl_required,0
P44,V5,taxi_conventionne,B,vsl_required,0
P44,V6,taxi_conventionne,O,vsl_required,0
P44,V6,taxi_conventionne,B,vsl_required,0
P44,V7,taxi_conventionne,O,vsl_required,0
P44,V7,taxi_conventionne,B,vsl_required,0
P44,V8,taxi_conventionne,O,vsl_required,0
P44,V8,taxi_conventionne,B,vsl_required,0
P44,V9,taxi_conventionne,O,vsl_required,0
P44,V9,taxi_conventionne,B,vsl_required,0
P44,V10,taxi_conventionne,O,vsl_required,0
P44,V10,taxi_conventionne,B,vsl_required,0
P44,V11,vsl,O,vsl_required,1
P44,V11,vsl,B,vsl_required,1
P44,V12,vsl,O,vsl_required,1
P44,V12,vsl,B,vsl_required,1
P44,V13,vsl,O,vsl_required,1
P44,V13,vsl,B,vsl_required,1
P44,V14,vsl,O,vsl_required,1
P44,V14,vsl,B,vsl_required,1
P44,V15,vsl,O,vsl_required,1
P44,V15,vsl,B,vsl_required,1
P44,V16,vsl,O,vsl_required,1
P44,V16,vsl,B,vsl_required,1
P44,V17,vsl,O,vsl_required,1
P44,V17,vsl,B,vsl_required,1
P44,V18,vtc_premium,O,vsl_required,0
P44,V18,vtc_premium,B,vsl_required,0
P44,V19,vtc_premium,O,vsl_required,0
P44,V19,vtc_premium,B,vsl_required,0
P44,V20,vtc_premium,O,vsl_required,0
P44,V20,vtc_premium,B,vsl_required,0
P45,V1,taxi_conventionne,O,vsl_required,0
P45,V1,taxi_conventionne,B,vsl_required,0
P45,V2,taxi_conventionne,O,vsl_required,0
P45,V2,taxi_conventionne,B,vsl_required,0
P45,V3,taxi_conventionne,O,vsl_required,0
P45,V3,taxi_conventionne,B,vsl_required,0
P45,V4,taxi_conventionne,O,vsl_required,0
P45,V4,taxi_conventionne,B,vsl_required,0
P45,V5,taxi_conventionne,O,vsl_required,0
P45,V5,taxi_conventionne,B,vsl_required,0
P45,V6,taxi_conventionne,O,vsl_required,0
P45,V6,taxi_conventionne,B,vsl_required,0
P45,V7,taxi_conventionne,O,vsl_required,0
P45,V7,taxi_conventionne,B,vsl_required,0
P45,V8,taxi_conventionne,O,vsl_required,0
P45,V8,taxi_conventionne,B,vsl_required,0
P45,V9,taxi_conventionne,O,vsl_required,0
P45,V9,taxi_conventionne,B,vsl_required,0
P45,V10,taxi_conventionne,O,vsl_required,0
P45,V10,taxi_conventionne,B,vsl_required,0
P45,V11,vsl,O,vsl_required,1
P45,V11,vsl,B,vsl_required,1
P45,V12,vsl,O,vsl_required,1
P45,V12,vsl,B,vsl_required,1
P45,V13,vsl,O,vsl_required,1
P45,V13,vsl,B,vsl_required,1
P45,V14,vsl,O,vsl_required,1
P45,V14,vsl,B,vsl_required,1
P45,V15,vsl,O,vsl_required,1
P45,V15,vsl,B,vsl_required,1
P45,V16,vsl,O,vsl_required,1
P45,V16,vsl,B,vsl_required,1
P45,V17,vsl,O,vsl_required,1
P45,V17,vsl,B,vsl_required,1
P45,V18,vtc_premium,O,vsl_required,0
P45,V18,vtc_premium,B,vsl_required,0
P45,V19,vtc_premium,O,vsl_required,0
P45,V19,vtc_premium,B,vsl_required,0
P45,V20,vtc_premium,O,vsl_required,0
P45,V20,vtc_premium,B,vsl_required,0
P46,V1,taxi_conventionne,O,vsl_required,0
P46,V1,taxi_conventionne,B,vsl_required,0
P46,V2,taxi_conventionne,O,vsl_required,0
P46,V2,taxi_conventionne,B,vsl_required,0
P46,V3,taxi_conventionne,O,vsl_required,0
P46,V3,taxi_conventionne,B,vsl_required,0
P46,V4,taxi_conventionne,O,vsl_required,0
P46,V4,taxi_conventionne,B,vsl_required,0
P46,V5,taxi_conventionne,O,vsl_required,0
P46,V5,taxi_conventionne,B,vsl_required,0
P46,V6,taxi_conventionne,O,vsl_required,0
P46,V6,taxi_conventionne,B,vsl_required,0
P46,V7,taxi_conventionne,O,vsl_required,0
P46,V7,taxi_conventionne,B,vsl_required,0
P46,V8,taxi_conventionne,O,vsl_required,0
P46,V8,taxi_conventionne,B,vsl_required,0
P46,V9,taxi_conventionne,O,vsl_required,0
P46,V9,taxi_conventionne,B,vsl_required,0
P46,V10,taxi_conventionne,O,vsl_required,0
P46,V10,taxi_conventionne,B,vsl_required,0
P46,V11,vsl,O,vsl_required,1
P46,V11,vsl,B,vsl_required,1
P46,V12,vsl,O,vsl_required,1
P46,V12,vsl,B,vsl_required,1
P46,V13,vsl,O,vsl_required,1
P46,V13,vsl,B,vsl_required,1
P46,V14,vsl,O,vsl_required,1
P46,V14,vsl,B,vsl_required,1
P46,V15,vsl,O,vsl_required,1
P46,V15,vsl,B,vsl_required,1
P46,V16,vsl,O,vsl_required,1
P46,V16,vsl,B,vsl_required,1
P46,V17,vsl,O,vsl_required,1
P46,V17,vsl,B,vsl_required,1
P46,V18,vtc_premium,O,vsl_required,0
P46,V18,vtc_premium,B,vsl_required,0
P46,V19,vtc_premium,O,vsl_required,0
P46,V19,vtc_premium,B,vsl_required,0
P46,V20,vtc_premium,O,vsl_required,0
P46,V20,vtc_premium,B,vsl_required,0
P47,V1,taxi_conventionne,O,prescription_medicale,1
P47,V1,taxi_conventionne,B,prescription_medicale,1
P47,V2,taxi_conventionne,O,prescription_medicale,1
P47,V2,taxi_conventionne,B,prescription_medicale,1
P47,V3,taxi_conventionne,O,prescription_medicale,1
P47,V3,taxi_conventionne,B,prescription_medicale,1
P47,V4,taxi_conventionne,O,prescription_medicale,1
P47,V4,taxi_conventionne,B,prescription_medicale,1
P47,V5,taxi_conventionne,O,prescription_medicale,1
P47,V5,taxi_conventionne,B,prescription_medicale,1
P47,V6,taxi_conventionne,O,prescription_medicale,1
P47,V6,taxi_conventionne,B,prescription_medicale,1
P47,V7,taxi_conventionne,O,prescription_medicale,1
P47,V7,taxi_conventionne,B,prescription_medicale,1
P47,V8,taxi_conventionne,O,prescription_medicale,1
P47,V8,taxi_conventionne,B,prescription_medicale,1
P47,V9,taxi_conventionne,O,prescription_medicale,1
P47,V9,taxi_conventionne,B,prescription_medicale,1
P47,V10,taxi_conventionne,O,prescription_medicale,1
P47,V10,taxi_conventionne,B,prescription_medicale,1
P47,V11,vsl,O,prescription_medicale,1
P47,V11,vsl,B,prescription_medicale,1
P47,V12,vsl,O,prescription_medicale,1
P47,V12,vsl,B,prescription_medicale,1
P47,V13,vsl,O,prescription_medicale,1
P47,V13,vsl,B,prescription_medicale,1
P47,V14,vsl,O,prescription_medicale,1
P47,V14,vsl,B,prescription_medicale,1
P47,V15,vsl,O,prescription_medicale,1
P47,V15,vsl,B,prescription_medicale,1
P47,V16,vsl,O,prescription_medicale,1
P47,V16,vsl,B,prescription_medicale,1
P47,V17,vsl,O,prescription_medicale,1
P47,V17,vsl,B,prescription_medicale,1
P47,V18,vtc_premium,O,prescription_medicale,0
P47,V18,vtc_premium,B,prescription_medicale,0
P47,V19,vtc_premium,O,prescription_medicale,0
P47,V19,vtc_premium,B,prescription_medicale,0
P47,V20,vtc_premium,O,prescription_medicale,0
P47,V20,vtc_premium,B,prescription_medicale,0
P48,V1,taxi_conventionne,O,standard_assis,1
P48,V1,taxi_conventionne,B,standard_assis,1
P48,V2,taxi_conventionne,O,standard_assis,1
P48,V2,taxi_conventionne,B,standard_assis,1
P48,V3,taxi_conventionne,O,standard_assis,1
P48,V3,taxi_conventionne,B,standard_assis,1
P48,V4,taxi_conventionne,O,standard_assis,1
P48,V4,taxi_conventionne,B,standard_assis,1
P48,V5,taxi_conventionne,O,standard_assis,1
P48,V5,taxi_conventionne,B,standard_assis,1
P48,V6,taxi_conventionne,O,standard_assis,1
P48,V6,taxi_conventionne,B,standard_assis,1
P48,V7,taxi_conventionne,O,standard_assis,1
P48,V7,taxi_conventionne,B,standard_assis,1
P48,V8,taxi_conventionne,O,standard_assis,1
P48,V8,taxi_conventionne,B,standard_assis,1
P48,V9,taxi_conventionne,O,standard_assis,1
P48,V9,taxi_conventionne,B,standard_assis,1
P48,V10,taxi_conventionne,O,standard_assis,1
P48,V10,taxi_conventionne,B,standard_assis,1
P48,V11,vsl,O,standard_assis,1
P48,V11,vsl,B,standard_assis,1
P48,V12,vsl,O,standard_assis,1
P48,V12,vsl,B,standard_assis,1
P48,V13,vsl,O,standard_assis,1
P48,V13,vsl,B,standard_assis,1
P48,V14,vsl,O,standard_assis,1
P48,V14,vsl,B,standard_assis,1
P48,V15,vsl,O,standard_assis,1
P48,V15,vsl,B,standard_assis,1
P48,V16,vsl,O,standard_assis,1
P48,V16,vsl,B,standard_assis,1
P48,V17,vsl,O,standard_assis,1
P48,V17,vsl,B,standard_assis,1
P48,V18,vtc_premium,O,standard_assis,1
P48,V18,vtc_premium,B,standard_assis,1
P48,V19,vtc_premium,O,standard_assis,1
P48,V19,vtc_premium,B,standard_assis,1
P48,V20,vtc_premium,O,standard_assis,1
P48,V20,vtc_premium,B,standard_assis,1
P49,V1,taxi_conventionne,O,vsl_required,0
P49,V1,taxi_conventionne,B,vsl_required,0
P49,V2,taxi_conventionne,O,vsl_required,0
P49,V2,taxi_conventionne,B,vsl_required,0
P49,V3,taxi_conventionne,O,vsl_required,0
P49,V3,taxi_conventionne,B,vsl_required,0
P49,V4,taxi_conventionne,O,vsl_required,0
P49,V4,taxi_conventionne,B,vsl_required,0
P49,V5,taxi_conventionne,O,vsl_required,0
P49,V5,taxi_conventionne,B,vsl_required,0
P49,V6,taxi_conventionne,O,vsl_required,0
P49,V6,taxi_conventionne,B,vsl_required,0
P49,V7,taxi_conventionne,O,vsl_required,0
P49,V7,taxi_conventionne,B,vsl_required,0
P49,V8,taxi_conventionne,O,vsl_required,0
P49,V8,taxi_conventionne,B,vsl_required,0
P49,V9,taxi_conventionne,O,vsl_required,0
P49,V9,taxi_conventionne,B,vsl_required,0
P49,V10,taxi_conventionne,O,vsl_required,0
P49,V10,taxi_conventionne,B,vsl_required,0
P49,V11,vsl,O,vsl_required,1
P49,V11,vsl,B,vsl_required,1
P49,V12,vsl,O,vsl_required,1
P49,V12,vsl,B,vsl_required,1
P49,V13,vsl,O,vsl_required,1
P49,V13,vsl,B,vsl_required,1
P49,V14,vsl,O,vsl_required,1
P49,V14,vsl,B,vsl_required,1
P49,V15,vsl,O,vsl_required,1
P49,V15,vsl,B,vsl_required,1
P49,V16,vsl,O,vsl_required,1
P49,V16,vsl,B,vsl_required,1
P49,V17,vsl,O,vsl_required,1
P49,V17,vsl,B,vsl_required,1
P49,V18,vtc_premium,O,vsl_required,0
P49,V18,vtc_premium,B,vsl_required,0
P49,V19,vtc_premium,O,vsl_required,0
P49,V19,vtc_premium,B,vsl_required,0
P49,V20,vtc_premium,O,vsl_required,0
P49,V20,vtc_premium,B,vsl_required,0
P50,V1,taxi_conventionne,O,prescription_medicale,1
P50,V1,taxi_conventionne,B,prescription_medicale,1
P50,V2,taxi_conventionne,O,prescription_medicale,1
P50,V2,taxi_conventionne,B,prescription_medicale,1
P50,V3,taxi_conventionne,O,prescription_medicale,1
P50,V3,taxi_conventionne,B,prescription_medicale,1
P50,V4,taxi_conventionne,O,prescription_medicale,1
P50,V4,taxi_conventionne,B,prescription_medicale,1
P50,V5,taxi_conventionne,O,prescription_medicale,1
P50,V5,taxi_conventionne,B,prescription_medicale,1
P50,V6,taxi_conventionne,O,prescription_medicale,1
P50,V6,taxi_conventionne,B,prescription_medicale,1
P50,V7,taxi_conventionne,O,prescription_medicale,1
P50,V7,taxi_conventionne,B,prescription_medicale,1
P50,V8,taxi_conventionne,O,prescription_medicale,1
P50,V8,taxi_conventionne,B,prescription_medicale,1
P50,V9,taxi_conventionne,O,prescription_medicale,1
P50,V9,taxi_conventionne,B,prescription_medicale,1
P50,V10,taxi_conventionne,O,prescription_medicale,1
P50,V10,taxi_conventionne,B,prescription_medicale,1
P50,V11,vsl,O,prescription_medicale,1
P50,V11,vsl,B,prescription_medicale,1
P50,V12,vsl,O,prescription_medicale,1
P50,V12,vsl,B,prescription_medicale,1
P50,V13,vsl,O,prescription_medicale,1
P50,V13,vsl,B,prescription_medicale,1
P50,V14,vsl,O,prescription_medicale,1
P50,V14,vsl,B,prescription_medicale,1
P50,V15,vsl,O,prescription_medicale,1
P50,V15,vsl,B,prescription_medicale,1
P50,V16,vsl,O,prescription_medicale,1
P50,V16,vsl,B,prescription_medicale,1
P50,V17,vsl,O,prescription_medicale,1
P50,V17,vsl,B,prescription_medicale,1
P50,V18,vtc_premium,O,prescription_medicale,0
P50,V18,vtc_premium,B,prescription_medicale,0
P50,V19,vtc_premium,O,prescription_medicale,0
P50,V19,vtc_premium,B,prescription_medicale,0
P50,V20,vtc_premium,O,prescription_medicale,0
P50,V20,vtc_premium,B,prescription_medicale,0
P51,V1,taxi_conventionne,O,vsl_required,0
P51,V1,taxi_conventionne,B,vsl_required,0
P51,V2,taxi_conventionne,O,vsl_required,0
P51,V2,taxi_conventionne,B,vsl_required,0
P51,V3,taxi_conventionne,O,vsl_required,0
P51,V3,taxi_conventionne,B,vsl_required,0
P51,V4,taxi_conventionne,O,vsl_required,0
P51,V4,taxi_conventionne,B,vsl_required,0
P51,V5,taxi_conventionne,O,vsl_required,0
P51,V5,taxi_conventionne,B,vsl_required,0
P51,V6,taxi_conventionne,O,vsl_required,0
P51,V6,taxi_conventionne,B,vsl_required,0
P51,V7,taxi_conventionne,O,vsl_required,0
P51,V7,taxi_conventionne,B,vsl_required,0
P51,V8,taxi_conventionne,O,vsl_required,0
P51,V8,taxi_conventionne,B,vsl_required,0
P51,V9,taxi_conventionne,O,vsl_required,0
P51,V9,taxi_conventionne,B,vsl_required,0
P51,V10,taxi_conventionne,O,vsl_required,0
P51,V10,taxi_conventionne,B,vsl_required,0
P51,V11,vsl,O,vsl_required,1
P51,V11,vsl,B,vsl_required,1
P51,V12,vsl,O,vsl_required,1
P51,V12,vsl,B,vsl_required,1
P51,V13,vsl,O,vsl_required,1
P51,V13,vsl,B,vsl_required,1
P51,V14,vsl,O,vsl_required,1
P51,V14,vsl,B,vsl_required,1
P51,V15,vsl,O,vsl_required,1
P51,V15,vsl,B,vsl_required,1
P51,V16,vsl,O,vsl_required,1
P51,V16,vsl,B,vsl_required,1
P51,V17,vsl,O,vsl_required,1
P51,V17,vsl,B,vsl_required,1
P51,V18,vtc_premium,O,vsl_required,0
P51,V18,vtc_premium,B,vsl_required,0
P51,V19,vtc_premium,O,vsl_required,0
P51,V19,vtc_premium,B,vsl_required,0
P51,V20,vtc_premium,O,vsl_required,0
P51,V20,vtc_premium,B,vsl_required,0
P52,V1,taxi_conventionne,O,standard_assis,1
P52,V1,taxi_conventionne,B,standard_assis,1
P52,V2,taxi_conventionne,O,standard_assis,1
P52,V2,taxi_conventionne,B,standard_assis,1
P52,V3,taxi_conventionne,O,standard_assis,1
P52,V3,taxi_conventionne,B,standard_assis,1
P52,V4,taxi_conventionne,O,standard_assis,1
P52,V4,taxi_conventionne,B,standard_assis,1
P52,V5,taxi_conventionne,O,standard_assis,1
P52,V5,taxi_conventionne,B,standard_assis,1
P52,V6,taxi_conventionne,O,standard_assis,1
P52,V6,taxi_conventionne,B,standard_assis,1
P52,V7,taxi_conventionne,O,standard_assis,1
P52,V7,taxi_conventionne,B,standard_assis,1
P52,V8,taxi_conventionne,O,standard_assis,1
P52,V8,taxi_conventionne,B,standard_assis,1
P52,V9,taxi_conventionne,O,standard_assis,1
P52,V9,taxi_conventionne,B,standard_assis,1
P52,V10,taxi_conventionne,O,standard_assis,1
P52,V10,taxi_conventionne,B,standard_assis,1
P52,V11,vsl,O,standard_assis,1
P52,V11,vsl,B,standard_assis,1
P52,V12,vsl,O,standard_assis,1
P52,V12,vsl,B,standard_assis,1
P52,V13,vsl,O,standard_assis,1
P52,V13,vsl,B,standard_assis,1
P52,V14,vsl,O,standard_assis,1
P52,V14,vsl,B,standard_assis,1
P52,V15,vsl,O,standard_assis,1
P52,V15,vsl,B,standard_assis,1
P52,V16,vsl,O,standard_assis,1
P52,V16,vsl,B,standard_assis,1
P52,V17,vsl,O,standard_assis,1
P52,V17,vsl,B,standard_assis,1
P52,V18,vtc_premium,O,standard_assis,1
P52,V18,vtc_premium,B,standard_assis,1
P52,V19,vtc_premium,O,standard_assis,1
P52,V19,vtc_premium,B,standard_assis,1
P52,V20,vtc_premium,O,standard_assis,1
P52,V20,vtc_premium,B,standard_assis,1
P53,V1,taxi_conventionne,O,vsl_required,0
P53,V1,taxi_conventionne,B,vsl_required,0
P53,V2,taxi_conventionne,O,vsl_required,0
P53,V2,taxi_conventionne,B,vsl_required,0
P53,V3,taxi_conventionne,O,vsl_required,0
P53,V3,taxi_conventionne,B,vsl_required,0
P53,V4,taxi_conventionne,O,vsl_required,0
P53,V4,taxi_conventionne,B,vsl_required,0
P53,V5,taxi_conventionne,O,vsl_required,0
P53,V5,taxi_conventionne,B,vsl_required,0
P53,V6,taxi_conventionne,O,vsl_required,0
P53,V6,taxi_conventionne,B,vsl_required,0
P53,V7,taxi_conventionne,O,vsl_required,0
P53,V7,taxi_conventionne,B,vsl_required,0
P53,V8,taxi_conventionne,O,vsl_required,0
P53,V8,taxi_conventionne,B,vsl_required,0
P53,V9,taxi_conventionne,O,vsl_required,0
P53,V9,taxi_conventionne,B,vsl_required,0
P53,V10,taxi_conventionne,O,vsl_required,0
P53,V10,taxi_conventionne,B,vsl_required,0
P53,V11,vsl,O,vsl_required,1
P53,V11,vsl,B,vsl_required,1
P53,V12,vsl,O,vsl_required,1
P53,V12,vsl,B,vsl_required,1
P53,V13,vsl,O,vsl_required,1
P53,V13,vsl,B,vsl_required,1
P53,V14,vsl,O,vsl_required,1
P53,V14,vsl,B,vsl_required,1
P53,V15,vsl,O,vsl_required,1
P53,V15,vsl,B,vsl_required,1
P53,V16,vsl,O,vsl_required,1
P53,V16,vsl,B,vsl_required,1
P53,V17,vsl,O,vsl_required,1
P53,V17,vsl,B,vsl_required,1
P53,V18,vtc_premium,O,vsl_required,0
P53,V18,vtc_premium,B,vsl_required,0
P53,V19,vtc_premium,O,vsl_required,0
P53,V19,vtc_premium,B,vsl_required,0
P53,V20,vtc_premium,O,vsl_required,0
P53,V20,vtc_premium,B,vsl_required,0
P54,V1,taxi_conventionne,O,standard_assis,1
P54,V1,taxi_conventionne,B,standard_assis,1
P54,V2,taxi_conventionne,O,standard_assis,1
P54,V2,taxi_conventionne,B,standard_assis,1
P54,V3,taxi_conventionne,O,standard_assis,1
P54,V3,taxi_conventionne,B,standard_assis,1
P54,V4,taxi_conventionne,O,standard_assis,1
P54,V4,taxi_conventionne,B,standard_assis,1
P54,V5,taxi_conventionne,O,standard_assis,1
P54,V5,taxi_conventionne,B,standard_assis,1
P54,V6,taxi_conventionne,O,standard_assis,1
P54,V6,taxi_conventionne,B,standard_assis,1
P54,V7,taxi_conventionne,O,standard_assis,1
P54,V7,taxi_conventionne,B,standard_assis,1
P54,V8,taxi_conventionne,O,standard_assis,1
P54,V8,taxi_conventionne,B,standard_assis,1
P54,V9,taxi_conventionne,O,standard_assis,1
P54,V9,taxi_conventionne,B,standard_assis,1
P54,V10,taxi_conventionne,O,standard_assis,1
P54,V10,taxi_conventionne,B,standard_assis,1
P54,V11,vsl,O,standard_assis,1
P54,V11,vsl,B,standard_assis,1
P54,V12,vsl,O,standard_assis,1
P54,V12,vsl,B,standard_assis,1
P54,V13,vsl,O,standard_assis,1
P54,V13,vsl,B,standard_assis,1
P54,V14,vsl,O,standard_assis,1
P54,V14,vsl,B,standard_assis,1
P54,V15,vsl,O,standard_assis,1
P54,V15,vsl,B,standard_assis,1
P54,V16,vsl,O,standard_assis,1
P54,V16,vsl,B,standard_assis,1
P54,V17,vsl,O,standard_assis,1
P54,V17,vsl,B,standard_assis,1
P54,V18,vtc_premium,O,standard_assis,1
P54,V18,vtc_premium,B,standard_assis,1
P54,V19,vtc_premium,O,standard_assis,1
P54,V19,vtc_premium,B,standard_assis,1
P54,V20,vtc_premium,O,standard_assis,1
P54,V20,vtc_premium,B,standard_assis,1
P55,V1,taxi_conventionne,O,standard_assis,1
P55,V1,taxi_conventionne,B,standard_assis,1
P55,V2,taxi_conventionne,O,standard_assis,1
P55,V2,taxi_conventionne,B,standard_assis,1
P55,V3,taxi_conventionne,O,standard_assis,1
P55,V3,taxi_conventionne,B,standard_assis,1
P55,V4,taxi_conventionne,O,standard_assis,1
P55,V4,taxi_conventionne,B,standard_assis,1
P55,V5,taxi_conventionne,O,standard_assis,1
P55,V5,taxi_conventionne,B,standard_assis,1
P55,V6,taxi_conventionne,O,standard_assis,1
P55,V6,taxi_conventionne,B,standard_assis,1
P55,V7,taxi_conventionne,O,standard_assis,1
P55,V7,taxi_conventionne,B,standard_assis,1
P55,V8,taxi_conventionne,O,standard_assis,1
P55,V8,taxi_conventionne,B,standard_assis,1
P55,V9,taxi_conventionne,O,standard_assis,1
P55,V9,taxi_conventionne,B,standard_assis,1
P55,V10,taxi_conventionne,O,standard_assis,1
P55,V10,taxi_conventionne,B,standard_assis,1
P55,V11,vsl,O,standard_assis,1
P55,V11,vsl,B,standard_assis,1
P55,V12,vsl,O,standard_assis,1
P55,V12,vsl,B,standard_assis,1
P55,V13,vsl,O,standard_assis,1
P55,V13,vsl,B,standard_assis,1
P55,V14,vsl,O,standard_assis,1
P55,V14,vsl,B,standard_assis,1
P55,V15,vsl,O,standard_assis,1
P55,V15,vsl,B,standard_assis,1
P55,V16,vsl,O,standard_assis,1
P55,V16,vsl,B,standard_assis,1
P55,V17,vsl,O,standard_assis,1
P55,V17,vsl,B,standard_assis,1
P55,V18,vtc_premium,O,standard_assis,1
P55,V18,vtc_premium,B,standard_assis,1
P55,V19,vtc_premium,O,standard_assis,1
P55,V19,vtc_premium,B,standard_assis,1
P55,V20,vtc_premium,O,standard_assis,1
P55,V20,vtc_premium,B,standard_assis,1
P56,V1,taxi_conventionne,O,standard_assis,1
P56,V1,taxi_conventionne,B,standard_assis,1
P56,V2,taxi_conventionne,O,standard_assis,1
P56,V2,taxi_conventionne,B,standard_assis,1
P56,V3,taxi_conventionne,O,standard_assis,1
P56,V3,taxi_conventionne,B,standard_assis,1
P56,V4,taxi_conventionne,O,standard_assis,1
P56,V4,taxi_conventionne,B,standard_assis,1
P56,V5,taxi_conventionne,O,standard_assis,1
P56,V5,taxi_conventionne,B,standard_assis,1
P56,V6,taxi_conventionne,O,standard_assis,1
P56,V6,taxi_conventionne,B,standard_assis,1
P56,V7,taxi_conventionne,O,standard_assis,1
P56,V7,taxi_conventionne,B,standard_assis,1
P56,V8,taxi_conventionne,O,standard_assis,1
P56,V8,taxi_conventionne,B,standard_assis,1
P56,V9,taxi_conventionne,O,standard_assis,1
P56,V9,taxi_conventionne,B,standard_assis,1
P56,V10,taxi_conventionne,O,standard_assis,1
P56,V10,taxi_conventionne,B,standard_assis,1
P56,V11,vsl,O,standard_assis,1
P56,V11,vsl,B,standard_assis,1
P56,V12,vsl,O,standard_assis,1
P56,V12,vsl,B,standard_assis,1
P56,V13,vsl,O,standard_assis,1
P56,V13,vsl,B,standard_assis,1
P56,V14,vsl,O,standard_assis,1
P56,V14,vsl,B,standard_assis,1
P56,V15,vsl,O,standard_assis,1
P56,V15,vsl,B,standard_assis,1
P56,V16,vsl,O,standard_assis,1
P56,V16,vsl,B,standard_assis,1
P56,V17,vsl,O,standard_assis,1
P56,V17,vsl,B,standard_assis,1
P56,V18,vtc_premium,O,standard_assis,1
P56,V18,vtc_premium,B,standard_assis,1
P56,V19,vtc_premium,O,standard_assis,1
P56,V19,vtc_premium,B,standard_assis,1
P56,V20,vtc_premium,O,standard_assis,1
P56,V20,vtc_premium,B,standard_assis,1
P57,V1,taxi_conventionne,O,vsl_required,0
P57,V1,taxi_conventionne,B,vsl_required,0
P57,V2,taxi_conventionne,O,vsl_required,0
P57,V2,taxi_conventionne,B,vsl_required,0
P57,V3,taxi_conventionne,O,vsl_required,0
P57,V3,taxi_conventionne,B,vsl_required,0
P57,V4,taxi_conventionne,O,vsl_required,0
P57,V4,taxi_conventionne,B,vsl_required,0
P57,V5,taxi_conventionne,O,vsl_required,0
P57,V5,taxi_conventionne,B,vsl_required,0
P57,V6,taxi_conventionne,O,vsl_required,0
P57,V6,taxi_conventionne,B,vsl_required,0
P57,V7,taxi_conventionne,O,vsl_required,0
P57,V7,taxi_conventionne,B,vsl_required,0
P57,V8,taxi_conventionne,O,vsl_required,0
P57,V8,taxi_conventionne,B,vsl_required,0
P57,V9,taxi_conventionne,O,vsl_required,0
P57,V9,taxi_conventionne,B,vsl_required,0
P57,V10,taxi_conventionne,O,vsl_required,0
P57,V10,taxi_conventionne,B,vsl_required,0
P57,V11,vsl,O,vsl_required,1
P57,V11,vsl,B,vsl_required,1
P57,V12,vsl,O,vsl_required,1
P57,V12,vsl,B,vsl_required,1
P57,V13,vsl,O,vsl_required,1
P57,V13,vsl,B,vsl_required,1
P57,V14,vsl,O,vsl_required,1
P57,V14,vsl,B,vsl_required,1
P57,V15,vsl,O,vsl_required,1
P57,V15,vsl,B,vsl_required,1
P57,V16,vsl,O,vsl_required,1
P57,V16,vsl,B,vsl_required,1
P57,V17,vsl,O,vsl_required,1
P57,V17,vsl,B,vsl_required,1
P57,V18,vtc_premium,O,vsl_required,0
P57,V18,vtc_premium,B,vsl_required,0
P57,V19,vtc_premium,O,vsl_required,0
P57,V19,vtc_premium,B,vsl_required,0
P57,V20,vtc_premium,O,vsl_required,0
P57,V20,vtc_premium,B,vsl_required,0
P58,V1,taxi_conventionne,O,vsl_required,0
P58,V1,taxi_conventionne,B,vsl_required,0
P58,V2,taxi_conventionne,O,vsl_required,0
P58,V2,taxi_conventionne,B,vsl_required,0
P58,V3,taxi_conventionne,O,vsl_required,0
P58,V3,taxi_conventionne,B,vsl_required,0
P58,V4,taxi_conventionne,O,vsl_required,0
P58,V4,taxi_conventionne,B,vsl_required,0
P58,V5,taxi_conventionne,O,vsl_required,0
P58,V5,taxi_conventionne,B,vsl_required,0
P58,V6,taxi_conventionne,O,vsl_required,0
P58,V6,taxi_conventionne,B,vsl_required,0
P58,V7,taxi_conventionne,O,vsl_required,0
P58,V7,taxi_conventionne,B,vsl_required,0
P58,V8,taxi_conventionne,O,vsl_required,0
P58,V8,taxi_conventionne,B,vsl_required,0
P58,V9,taxi_conventionne,O,vsl_required,0
P58,V9,taxi_conventionne,B,vsl_required,0
P58,V10,taxi_conventionne,O,vsl_required,0
P58,V10,taxi_conventionne,B,vsl_required,0
P58,V11,vsl,O,vsl_required,1
P58,V11,vsl,B,vsl_required,1
P58,V12,vsl,O,vsl_required,1
P58,V12,vsl,B,vsl_required,1
P58,V13,vsl,O,vsl_required,1
P58,V13,vsl,B,vsl_required,1
P58,V14,vsl,O,vsl_required,1
P58,V14,vsl,B,vsl_required,1
P58,V15,vsl,O,vsl_required,1
P58,V15,vsl,B,vsl_required,1
P58,V16,vsl,O,vsl_required,1
P58,V16,vsl,B,vsl_required,1
P58,V17,vsl,O,vsl_required,1
P58,V17,vsl,B,vsl_required,1
P58,V18,vtc_premium,O,vsl_required,0
P58,V18,vtc_premium,B,vsl_required,0
P58,V19,vtc_premium,O,vsl_required,0
P58,V19,vtc_premium,B,vsl_required,0
P58,V20,vtc_premium,O,vsl_required,0
P58,V20,vtc_premium,B,vsl_required,0
P59,V1,taxi_conventionne,O,prescription_medicale,1
P59,V1,taxi_conventionne,B,prescription_medicale,1
P59,V2,taxi_conventionne,O,prescription_medicale,1
P59,V2,taxi_conventionne,B,prescription_medicale,1
P59,V3,taxi_conventionne,O,prescription_medicale,1
P59,V3,taxi_conventionne,B,prescription_medicale,1
P59,V4,taxi_conventionne,O,prescription_medicale,1
P59,V4,taxi_conventionne,B,prescription_medicale,1
P59,V5,taxi_conventionne,O,prescription_medicale,1
P59,V5,taxi_conventionne,B,prescription_medicale,1
P59,V6,taxi_conventionne,O,prescription_medicale,1
P59,V6,taxi_conventionne,B,prescription_medicale,1
P59,V7,taxi_conventionne,O,prescription_medicale,1
P59,V7,taxi_conventionne,B,prescription_medicale,1
P59,V8,taxi_conventionne,O,prescription_medicale,1
P59,V8,taxi_conventionne,B,prescription_medicale,1
P59,V9,taxi_conventionne,O,prescription_medicale,1
P59,V9,taxi_conventionne,B,prescription_medicale,1
P59,V10,taxi_conventionne,O,prescription_medicale,1
P59,V10,taxi_conventionne,B,prescription_medicale,1
P59,V11,vsl,O,prescription_medicale,1
P59,V11,vsl,B,prescription_medicale,1
P59,V12,vsl,O,prescription_medicale,1
P59,V12,vsl,B,prescription_medicale,1
P59,V13,vsl,O,prescription_medicale,1
P59,V13,vsl,B,prescription_medicale,1
P59,V14,vsl,O,prescription_medicale,1
P59,V14,vsl,B,prescription_medicale,1
P59,V15,vsl,O,prescription_medicale,1
P59,V15,vsl,B,prescription_medicale,1
P59,V16,vsl,O,prescription_medicale,1
P59,V16,vsl,B,prescription_medicale,1
P59,V17,vsl,O,prescription_medicale,1
P59,V17,vsl,B,prescription_medicale,1
P59,V18,vtc_premium,O,prescription_medicale,0
P59,V18,vtc_premium,B,prescription_medicale,0
P59,V19,vtc_premium,O,prescription_medicale,0
P59,V19,vtc_premium,B,prescription_medicale,0
P59,V20,vtc_premium,O,prescription_medicale,0
P59,V20,vtc_premium,B,prescription_medicale,0
P60,V1,taxi_conventionne,O,prescription_medicale,1
P60,V1,taxi_conventionne,B,prescription_medicale,1
P60,V2,taxi_conventionne,O,prescription_medicale,1
P60,V2,taxi_conventionne,B,prescription_medicale,1
P60,V3,taxi_conventionne,O,prescription_medicale,1
P60,V3,taxi_conventionne,B,prescription_medicale,1
P60,V4,taxi_conventionne,O,prescription_medicale,1
P60,V4,taxi_conventionne,B,prescription_medicale,1
P60,V5,taxi_conventionne,O,prescription_medicale,1
P60,V5,taxi_conventionne,B,prescription_medicale,1
P60,V6,taxi_conventionne,O,prescription_medicale,1
P60,V6,taxi_conventionne,B,prescription_medicale,1
P60,V7,taxi_conventionne,O,prescription_medicale,1
P60,V7,taxi_conventionne,B,prescription_medicale,1
P60,V8,taxi_conventionne,O,prescription_medicale,1
P60,V8,taxi_conventionne,B,prescription_medicale,1
P60,V9,taxi_conventionne,O,prescription_medicale,1
P60,V9,taxi_conventionne,B,prescription_medicale,1
P60,V10,taxi_conventionne,O,prescription_medicale,1
P60,V10,taxi_conventionne,B,prescription_medicale,1
P60,V11,vsl,O,prescription_medicale,1
P60,V11,vsl,B,prescription_medicale,1
P60,V12,vsl,O,prescription_medicale,1
P60,V12,vsl,B,prescription_medicale,1
P60,V13,vsl,O,prescription_medicale,1
P60,V13,vsl,B,prescription_medicale,1
P60,V14,vsl,O,prescription_medicale,1
P60,V14,vsl,B,prescription_medicale,1
P60,V15,vsl,O,prescription_medicale,1
P60,V15,vsl,B,prescription_medicale,1
P60,V16,vsl,O,prescription_medicale,1
P60,V16,vsl,B,prescription_medicale,1
P60,V17,vsl,O,prescription_medicale,1
P60,V17,vsl,B,prescription_medicale,1
P60,V18,vtc_premium,O,prescription_medicale,0
P60,V18,vtc_premium,B,prescription_medicale,0
P60,V19,vtc_premium,O,prescription_medicale,0
P60,V19,vtc_premium,B,prescription_medicale,0
P60,V20,vtc_premium,O,prescription_medicale,0
P60,V20,vtc_premium,B,prescription_medicale,0
P61,V1,taxi_conventionne,O,standard_assis,1
P61,V1,taxi_conventionne,B,standard_assis,1
P61,V2,taxi_conventionne,O,standard_assis,1
P61,V2,taxi_conventionne,B,standard_assis,1
P61,V3,taxi_conventionne,O,standard_assis,1
P61,V3,taxi_conventionne,B,standard_assis,1
P61,V4,taxi_conventionne,O,standard_assis,1
P61,V4,taxi_conventionne,B,standard_assis,1
P61,V5,taxi_conventionne,O,standard_assis,1
P61,V5,taxi_conventionne,B,standard_assis,1
P61,V6,taxi_conventionne,O,standard_assis,1
P61,V6,taxi_conventionne,B,standard_assis,1
P61,V7,taxi_conventionne,O,standard_assis,1
P61,V7,taxi_conventionne,B,standard_assis,1
P61,V8,taxi_conventionne,O,standard_assis,1
P61,V8,taxi_conventionne,B,standard_assis,1
P61,V9,taxi_conventionne,O,standard_assis,1
P61,V9,taxi_conventionne,B,standard_assis,1
P61,V10,taxi_conventionne,O,standard_assis,1
P61,V10,taxi_conventionne,B,standard_assis,1
P61,V11,vsl,O,standard_assis,1
P61,V11,vsl,B,standard_assis,1
P61,V12,vsl,O,standard_assis,1
P61,V12,vsl,B,standard_assis,1
P61,V13,vsl,O,standard_assis,1
P61,V13,vsl,B,standard_assis,1
P61,V14,vsl,O,standard_assis,1
P61,V14,vsl,B,standard_assis,1
P61,V15,vsl,O,standard_assis,1
P61,V15,vsl,B,standard_assis,1
P61,V16,vsl,O,standard_assis,1
P61,V16,vsl,B,standard_assis,1
P61,V17,vsl,O,standard_assis,1
P61,V17,vsl,B,standard_assis,1
P61,V18,vtc_premium,O,standard_assis,1
P61,V18,vtc_premium,B,standard_assis,1
P61,V19,vtc_premium,O,standard_assis,1
P61,V19,vtc_premium,B,standard_assis,1
P61,V20,vtc_premium,O,standard_assis,1
P61,V20,vtc_premium,B,standard_assis,1
P62,V1,taxi_conventionne,O,vsl_required,0
P62,V1,taxi_conventionne,B,vsl_required,0
P62,V2,taxi_conventionne,O,vsl_required,0
P62,V2,taxi_conventionne,B,vsl_required,0
P62,V3,taxi_conventionne,O,vsl_required,0
P62,V3,taxi_conventionne,B,vsl_required,0
P62,V4,taxi_conventionne,O,vsl_required,0
P62,V4,taxi_conventionne,B,vsl_required,0
P62,V5,taxi_conventionne,O,vsl_required,0
P62,V5,taxi_conventionne,B,vsl_required,0
P62,V6,taxi_conventionne,O,vsl_required,0
P62,V6,taxi_conventionne,B,vsl_required,0
P62,V7,taxi_conventionne,O,vsl_required,0
P62,V7,taxi_conventionne,B,vsl_required,0
P62,V8,taxi_conventionne,O,vsl_required,0
P62,V8,taxi_conventionne,B,vsl_required,0
P62,V9,taxi_conventionne,O,vsl_required,0
P62,V9,taxi_conventionne,B,vsl_required,0
P62,V10,taxi_conventionne,O,vsl_required,0
P62,V10,taxi_conventionne,B,vsl_required,0
P62,V11,vsl,O,vsl_required,1
P62,V11,vsl,B,vsl_required,1
P62,V12,vsl,O,vsl_required,1
P62,V12,vsl,B,vsl_required,1
P62,V13,vsl,O,vsl_required,1
P62,V13,vsl,B,vsl_required,1
P62,V14,vsl,O,vsl_required,1
P62,V14,vsl,B,vsl_required,1
P62,V15,vsl,O,vsl_required,1
P62,V15,vsl,B,vsl_required,1
P62,V16,vsl,O,vsl_required,1
P62,V16,vsl,B,vsl_required,1
P62,V17,vsl,O,vsl_required,1
P62,V17,vsl,B,vsl_required,1
P62,V18,vtc_premium,O,vsl_required,0
P62,V18,vtc_premium,B,vsl_required,0
P62,V19,vtc_premium,O,vsl_required,0
P62,V19,vtc_premium,B,vsl_required,0
P62,V20,vtc_premium,O,vsl_required,0
P62,V20,vtc_premium,B,vsl_required,0
P63,V1,taxi_conventionne,O,vsl_required,0
P63,V1,taxi_conventionne,B,vsl_required,0
P63,V2,taxi_conventionne,O,vsl_required,0
P63,V2,taxi_conventionne,B,vsl_required,0
P63,V3,taxi_conventionne,O,vsl_required,0
P63,V3,taxi_conventionne,B,vsl_required,0
P63,V4,taxi_conventionne,O,vsl_required,0
P63,V4,taxi_conventionne,B,vsl_required,0
P63,V5,taxi_conventionne,O,vsl_required,0
P63,V5,taxi_conventionne,B,vsl_required,0
P63,V6,taxi_conventionne,O,vsl_required,0
P63,V6,taxi_conventionne,B,vsl_required,0
P63,V7,taxi_conventionne,O,vsl_required,0
P63,V7,taxi_conventionne,B,vsl_required,0
P63,V8,taxi_conventionne,O,vsl_required,0
P63,V8,taxi_conventionne,B,vsl_required,0
P63,V9,taxi_conventionne,O,vsl_required,0
P63,V9,taxi_conventionne,B,vsl_required,0
P63,V10,taxi_conventionne,O,vsl_required,0
P63,V10,taxi_conventionne,B,vsl_required,0
P63,V11,vsl,O,vsl_required,1
P63,V11,vsl,B,vsl_required,1
P63,V12,vsl,O,vsl_required,1
P63,V12,vsl,B,vsl_required,1
P63,V13,vsl,O,vsl_required,1
P63,V13,vsl,B,vsl_required,1
P63,V14,vsl,O,vsl_required,1
P63,V14,vsl,B,vsl_required,1
P63,V15,vsl,O,vsl_required,1
P63,V15,vsl,B,vsl_required,1
P63,V16,vsl,O,vsl_required,1
P63,V16,vsl,B,vsl_required,1
P63,V17,vsl,O,vsl_required,1
P63,V17,vsl,B,vsl_required,1
P63,V18,vtc_premium,O,vsl_required,0
P63,V18,vtc_premium,B,vsl_required,0
P63,V19,vtc_premium,O,vsl_required,0
P63,V19,vtc_premium,B,vsl_required,0
P63,V20,vtc_premium,O,vsl_required,0
P63,V20,vtc_premium,B,vsl_required,0
P64,V1,taxi_conventionne,O,prescription_medicale,1
P64,V1,taxi_conventionne,B,prescription_medicale,1
P64,V2,taxi_conventionne,O,prescription_medicale,1
P64,V2,taxi_conventionne,B,prescription_medicale,1
P64,V3,taxi_conventionne,O,prescription_medicale,1
P64,V3,taxi_conventionne,B,prescription_medicale,1
P64,V4,taxi_conventionne,O,prescription_medicale,1
P64,V4,taxi_conventionne,B,prescription_medicale,1
P64,V5,taxi_conventionne,O,prescription_medicale,1
P64,V5,taxi_conventionne,B,prescription_medicale,1
P64,V6,taxi_conventionne,O,prescription_medicale,1
P64,V6,taxi_conventionne,B,prescription_medicale,1
P64,V7,taxi_conventionne,O,prescription_medicale,1
P64,V7,taxi_conventionne,B,prescription_medicale,1
P64,V8,taxi_conventionne,O,prescription_medicale,1
P64,V8,taxi_conventionne,B,prescription_medicale,1
P64,V9,taxi_conventionne,O,prescription_medicale,1
P64,V9,taxi_conventionne,B,prescription_medicale,1
P64,V10,taxi_conventionne,O,prescription_medicale,1
P64,V10,taxi_conventionne,B,prescription_medicale,1
P64,V11,vsl,O,prescription_medicale,1
P64,V11,vsl,B,prescription_medicale,1
P64,V12,vsl,O,prescription_medicale,1
P64,V12,vsl,B,prescription_medicale,1
P64,V13,vsl,O,prescription_medicale,1
P64,V13,vsl,B,prescription_medicale,1
P64,V14,vsl,O,prescription_medicale,1
P64,V14,vsl,B,prescription_medicale,1
P64,V15,vsl,O,prescription_medicale,1
P64,V15,vsl,B,prescription_medicale,1
P64,V16,vsl,O,prescription_medicale,1
P64,V16,vsl,B,prescription_medicale,1
P64,V17,vsl,O,prescription_medicale,1
P64,V17,vsl,B,prescription_medicale,1
P64,V18,vtc_premium,O,prescription_medicale,0
P64,V18,vtc_premium,B,prescription_medicale,0
P64,V19,vtc_premium,O,prescription_medicale,0
P64,V19,vtc_premium,B,prescription_medicale,0
P64,V20,vtc_premium,O,prescription_medicale,0
P64,V20,vtc_premium,B,prescription_medicale,0
P65,V1,taxi_conventionne,O,vsl_required,0
P65,V1,taxi_conventionne,B,vsl_required,0
P65,V2,taxi_conventionne,O,vsl_required,0
P65,V2,taxi_conventionne,B,vsl_required,0
P65,V3,taxi_conventionne,O,vsl_required,0
P65,V3,taxi_conventionne,B,vsl_required,0
P65,V4,taxi_conventionne,O,vsl_required,0
P65,V4,taxi_conventionne,B,vsl_required,0
P65,V5,taxi_conventionne,O,vsl_required,0
P65,V5,taxi_conventionne,B,vsl_required,0
P65,V6,taxi_conventionne,O,vsl_required,0
P65,V6,taxi_conventionne,B,vsl_required,0
P65,V7,taxi_conventionne,O,vsl_required,0
P65,V7,taxi_conventionne,B,vsl_required,0
P65,V8,taxi_conventionne,O,vsl_required,0
P65,V8,taxi_conventionne,B,vsl_required,0
P65,V9,taxi_conventionne,O,vsl_required,0
P65,V9,taxi_conventionne,B,vsl_required,0
P65,V10,taxi_conventionne,O,vsl_required,0
P65,V10,taxi_conventionne,B,vsl_required,0
P65,V11,vsl,O,vsl_required,1
P65,V11,vsl,B,vsl_required,1
P65,V12,vsl,O,vsl_required,1
P65,V12,vsl,B,vsl_required,1
P65,V13,vsl,O,vsl_required,1
P65,V13,vsl,B,vsl_required,1
P65,V14,vsl,O,vsl_required,1
P65,V14,vsl,B,vsl_required,1
P65,V15,vsl,O,vsl_required,1
P65,V15,vsl,B,vsl_required,1
P65,V16,vsl,O,vsl_required,1
P65,V16,vsl,B,vsl_required,1
P65,V17,vsl,O,vsl_required,1
P65,V17,vsl,B,vsl_required,1
P65,V18,vtc_premium,O,vsl_required,0
P65,V18,vtc_premium,B,vsl_required,0
P65,V19,vtc_premium,O,vsl_required,0
P65,V19,vtc_premium,B,vsl_required,0
P65,V20,vtc_premium,O,vsl_required,0
P65,V20,vtc_premium,B,vsl_required,0
P66,V1,taxi_conventionne,O,premium,1
P66,V1,taxi_conventionne,B,premium,1
P66,V2,taxi_conventionne,O,premium,1
P66,V2,taxi_conventionne,B,premium,1
P66,V3,taxi_conventionne,O,premium,1
P66,V3,taxi_conventionne,B,premium,1
P66,V4,taxi_conventionne,O,premium,1
P66,V4,taxi_conventionne,B,premium,1
P66,V5,taxi_conventionne,O,premium,1
P66,V5,taxi_conventionne,B,premium,1
P66,V6,taxi_conventionne,O,premium,1
P66,V6,taxi_conventionne,B,premium,1
P66,V7,taxi_conventionne,O,premium,1
P66,V7,taxi_conventionne,B,premium,1
P66,V8,taxi_conventionne,O,premium,1
P66,V8,taxi_conventionne,B,premium,1
P66,V9,taxi_conventionne,O,premium,1
P66,V9,taxi_conventionne,B,premium,1
P66,V10,taxi_conventionne,O,premium,1
P66,V10,taxi_conventionne,B,premium,1
P66,V11,vsl,O,premium,0
P66,V11,vsl,B,premium,0
P66,V12,vsl,O,premium,0
P66,V12,vsl,B,premium,0
P66,V13,vsl,O,premium,0
P66,V13,vsl,B,premium,0
P66,V14,vsl,O,premium,0
P66,V14,vsl,B,premium,0
P66,V15,vsl,O,premium,0
P66,V15,vsl,B,premium,0
P66,V16,vsl,O,premium,0
P66,V16,vsl,B,premium,0
P66,V17,vsl,O,premium,0
P66,V17,vsl,B,premium,0
P66,V18,vtc_premium,O,premium,1
P66,V18,vtc_premium,B,premium,1
P66,V19,vtc_premium,O,premium,1
P66,V19,vtc_premium,B,premium,1
P66,V20,vtc_premium,O,premium,1
P66,V20,vtc_premium,B,premium,1
P67,V1,taxi_conventionne,O,prescription_medicale,1
P67,V1,taxi_conventionne,B,prescription_medicale,1
P67,V2,taxi_conventionne,O,prescription_medicale,1
P67,V2,taxi_conventionne,B,prescription_medicale,1
P67,V3,taxi_conventionne,O,prescription_medicale,1
P67,V3,taxi_conventionne,B,prescription_medicale,1
P67,V4,taxi_conventionne,O,prescription_medicale,1
P67,V4,taxi_conventionne,B,prescription_medicale,1
P67,V5,taxi_conventionne,O,prescription_medicale,1
P67,V5,taxi_conventionne,B,prescription_medicale,1
P67,V6,taxi_conventionne,O,prescription_medicale,1
P67,V6,taxi_conventionne,B,prescription_medicale,1
P67,V7,taxi_conventionne,O,prescription_medicale,1
P67,V7,taxi_conventionne,B,prescription_medicale,1
P67,V8,taxi_conventionne,O,prescription_medicale,1
P67,V8,taxi_conventionne,B,prescription_medicale,1
P67,V9,taxi_conventionne,O,prescription_medicale,1
P67,V9,taxi_conventionne,B,prescription_medicale,1
P67,V10,taxi_conventionne,O,prescription_medicale,1
P67,V10,taxi_conventionne,B,prescription_medicale,1
P67,V11,vsl,O,prescription_medicale,1
P67,V11,vsl,B,prescription_medicale,1
P67,V12,vsl,O,prescription_medicale,1
P67,V12,vsl,B,prescription_medicale,1
P67,V13,vsl,O,prescription_medicale,1
P67,V13,vsl,B,prescription_medicale,1
P67,V14,vsl,O,prescription_medicale,1
P67,V14,vsl,B,prescription_medicale,1
P67,V15,vsl,O,prescription_medicale,1
P67,V15,vsl,B,prescription_medicale,1
P67,V16,vsl,O,prescription_medicale,1
P67,V16,vsl,B,prescription_medicale,1
P67,V17,vsl,O,prescription_medicale,1
P67,V17,vsl,B,prescription_medicale,1
P67,V18,vtc_premium,O,prescription_medicale,0
P67,V18,vtc_premium,B,prescription_medicale,0
P67,V19,vtc_premium,O,prescription_medicale,0
P67,V19,vtc_premium,B,prescription_medicale,0
P67,V20,vtc_premium,O,prescription_medicale,0
P67,V20,vtc_premium,B,prescription_medicale,0
P68,V1,taxi_conventionne,O,vsl_required,0
P68,V1,taxi_conventionne,B,vsl_required,0
P68,V2,taxi_conventionne,O,vsl_required,0
P68,V2,taxi_conventionne,B,vsl_required,0
P68,V3,taxi_conventionne,O,vsl_required,0
P68,V3,taxi_conventionne,B,vsl_required,0
P68,V4,taxi_conventionne,O,vsl_required,0
P68,V4,taxi_conventionne,B,vsl_required,0
P68,V5,taxi_conventionne,O,vsl_required,0
P68,V5,taxi_conventionne,B,vsl_required,0
P68,V6,taxi_conventionne,O,vsl_required,0
P68,V6,taxi_conventionne,B,vsl_required,0
P68,V7,taxi_conventionne,O,vsl_required,0
P68,V7,taxi_conventionne,B,vsl_required,0
P68,V8,taxi_conventionne,O,vsl_required,0
P68,V8,taxi_conventionne,B,vsl_required,0
P68,V9,taxi_conventionne,O,vsl_required,0
P68,V9,taxi_conventionne,B,vsl_required,0
P68,V10,taxi_conventionne,O,vsl_required,0
P68,V10,taxi_conventionne,B,vsl_required,0
P68,V11,vsl,O,vsl_required,1
P68,V11,vsl,B,vsl_required,1
P68,V12,vsl,O,vsl_required,1
P68,V12,vsl,B,vsl_required,1
P68,V13,vsl,O,vsl_required,1
P68,V13,vsl,B,vsl_required,1
P68,V14,vsl,O,vsl_required,1
P68,V14,vsl,B,vsl_required,1
P68,V15,vsl,O,vsl_required,1
P68,V15,vsl,B,vsl_required,1
P68,V16,vsl,O,vsl_required,1
P68,V16,vsl,B,vsl_required,1
P68,V17,vsl,O,vsl_required,1
P68,V17,vsl,B,vsl_required,1
P68,V18,vtc_premium,O,vsl_required,0
P68,V18,vtc_premium,B,vsl_required,0
P68,V19,vtc_premium,O,vsl_required,0
P68,V19,vtc_premium,B,vsl_required,0
P68,V20,vtc_premium,O,vsl_required,0
P68,V20,vtc_premium,B,vsl_required,0
P69,V1,taxi_conventionne,O,standard_assis,1
P69,V1,taxi_conventionne,B,standard_assis,1
P69,V2,taxi_conventionne,O,standard_assis,1
P69,V2,taxi_conventionne,B,standard_assis,1
P69,V3,taxi_conventionne,O,standard_assis,1
P69,V3,taxi_conventionne,B,standard_assis,1
P69,V4,taxi_conventionne,O,standard_assis,1
P69,V4,taxi_conventionne,B,standard_assis,1
P69,V5,taxi_conventionne,O,standard_assis,1
P69,V5,taxi_conventionne,B,standard_assis,1
P69,V6,taxi_conventionne,O,standard_assis,1
P69,V6,taxi_conventionne,B,standard_assis,1
P69,V7,taxi_conventionne,O,standard_assis,1
P69,V7,taxi_conventionne,B,standard_assis,1
P69,V8,taxi_conventionne,O,standard_assis,1
P69,V8,taxi_conventionne,B,standard_assis,1
P69,V9,taxi_conventionne,O,standard_assis,1
P69,V9,taxi_conventionne,B,standard_assis,1
P69,V10,taxi_conventionne,O,standard_assis,1
P69,V10,taxi_conventionne,B,standard_assis,1
P69,V11,vsl,O,standard_assis,1
P69,V11,vsl,B,standard_assis,1
P69,V12,vsl,O,standard_assis,1
P69,V12,vsl,B,standard_assis,1
P69,V13,vsl,O,standard_assis,1
P69,V13,vsl,B,standard_assis,1
P69,V14,vsl,O,standard_assis,1
P69,V14,vsl,B,standard_assis,1
P69,V15,vsl,O,standard_assis,1
P69,V15,vsl,B,standard_assis,1
P69,V16,vsl,O,standard_assis,1
P69,V16,vsl,B,standard_assis,1
P69,V17,vsl,O,standard_assis,1
P69,V17,vsl,B,standard_assis,1
P69,V18,vtc_premium,O,standard_assis,1
P69,V18,vtc_premium,B,standard_assis,1
P69,V19,vtc_premium,O,standard_assis,1
P69,V19,vtc_premium,B,standard_assis,1
P69,V20,vtc_premium,O,standard_assis,1
P69,V20,vtc_premium,B,standard_assis,1
P70,V1,taxi_conventionne,O,prescription_medicale,1
P70,V1,taxi_conventionne,B,prescription_medicale,1
P70,V2,taxi_conventionne,O,prescription_medicale,1
P70,V2,taxi_conventionne,B,prescription_medicale,1
P70,V3,taxi_conventionne,O,prescription_medicale,1
P70,V3,taxi_conventionne,B,prescription_medicale,1
P70,V4,taxi_conventionne,O,prescription_medicale,1
P70,V4,taxi_conventionne,B,prescription_medicale,1
P70,V5,taxi_conventionne,O,prescription_medicale,1
P70,V5,taxi_conventionne,B,prescription_medicale,1
P70,V6,taxi_conventionne,O,prescription_medicale,1
P70,V6,taxi_conventionne,B,prescription_medicale,1
P70,V7,taxi_conventionne,O,prescription_medicale,1
P70,V7,taxi_conventionne,B,prescription_medicale,1
P70,V8,taxi_conventionne,O,prescription_medicale,1
P70,V8,taxi_conventionne,B,prescription_medicale,1
P70,V9,taxi_conventionne,O,prescription_medicale,1
P70,V9,taxi_conventionne,B,prescription_medicale,1
P70,V10,taxi_conventionne,O,prescription_medicale,1
P70,V10,taxi_conventionne,B,prescription_medicale,1
P70,V11,vsl,O,prescription_medicale,1
P70,V11,vsl,B,prescription_medicale,1
P70,V12,vsl,O,prescription_medicale,1
P70,V12,vsl,B,prescription_medicale,1
P70,V13,vsl,O,prescription_medicale,1
P70,V13,vsl,B,prescription_medicale,1
P70,V14,vsl,O,prescription_medicale,1
P70,V14,vsl,B,prescription_medicale,1
P70,V15,vsl,O,prescription_medicale,1
P70,V15,vsl,B,prescription_medicale,1
P70,V16,vsl,O,prescription_medicale,1
P70,V16,vsl,B,prescription_medicale,1
P70,V17,vsl,O,prescription_medicale,1
P70,V17,vsl,B,prescription_medicale,1
P70,V18,vtc_premium,O,prescription_medicale,0
P70,V18,vtc_premium,B,prescription_medicale,0
P70,V19,vtc_premium,O,prescription_medicale,0
P70,V19,vtc_premium,B,prescription_medicale,0
P70,V20,vtc_premium,O,prescription_medicale,0
P70,V20,vtc_premium,B,prescription_medicale,0
P71,V1,taxi_conventionne,O,vsl_required,0
P71,V1,taxi_conventionne,B,vsl_required,0
P71,V2,taxi_conventionne,O,vsl_required,0
P71,V2,taxi_conventionne,B,vsl_required,0
P71,V3,taxi_conventionne,O,vsl_required,0
P71,V3,taxi_conventionne,B,vsl_required,0
P71,V4,taxi_conventionne,O,vsl_required,0
P71,V4,taxi_conventionne,B,vsl_required,0
P71,V5,taxi_conventionne,O,vsl_required,0
P71,V5,taxi_conventionne,B,vsl_required,0
P71,V6,taxi_conventionne,O,vsl_required,0
P71,V6,taxi_conventionne,B,vsl_required,0
P71,V7,taxi_conventionne,O,vsl_required,0
P71,V7,taxi_conventionne,B,vsl_required,0
P71,V8,taxi_conventionne,O,vsl_required,0
P71,V8,taxi_conventionne,B,vsl_required,0
P71,V9,taxi_conventionne,O,vsl_required,0
P71,V9,taxi_conventionne,B,vsl_required,0
P71,V10,taxi_conventionne,O,vsl_required,0
P71,V10,taxi_conventionne,B,vsl_required,0
P71,V11,vsl,O,vsl_required,1
P71,V11,vsl,B,vsl_required,1
P71,V12,vsl,O,vsl_required,1
P71,V12,vsl,B,vsl_required,1
P71,V13,vsl,O,vsl_required,1
P71,V13,vsl,B,vsl_required,1
P71,V14,vsl,O,vsl_required,1
P71,V14,vsl,B,vsl_required,1
P71,V15,vsl,O,vsl_required,1
P71,V15,vsl,B,vsl_required,1
P71,V16,vsl,O,vsl_required,1
P71,V16,vsl,B,vsl_required,1
P71,V17,vsl,O,vsl_required,1
P71,V17,vsl,B,vsl_required,1
P71,V18,vtc_premium,O,vsl_required,0
P71,V18,vtc_premium,B,vsl_required,0
P71,V19,vtc_premium,O,vsl_required,0
P71,V19,vtc_premium,B,vsl_required,0
P71,V20,vtc_premium,O,vsl_required,0
P71,V20,vtc_premium,B,vsl_required,0
P72,V1,taxi_conventionne,O,premium,1
P72,V1,taxi_conventionne,B,premium,1
P72,V2,taxi_conventionne,O,premium,1
P72,V2,taxi_conventionne,B,premium,1
P72,V3,taxi_conventionne,O,premium,1
P72,V3,taxi_conventionne,B,premium,1
P72,V4,taxi_conventionne,O,premium,1
P72,V4,taxi_conventionne,B,premium,1
P72,V5,taxi_conventionne,O,premium,1
P72,V5,taxi_conventionne,B,premium,1
P72,V6,taxi_conventionne,O,premium,1
P72,V6,taxi_conventionne,B,premium,1
P72,V7,taxi_conventionne,O,premium,1
P72,V7,taxi_conventionne,B,premium,1
P72,V8,taxi_conventionne,O,premium,1
P72,V8,taxi_conventionne,B,premium,1
P72,V9,taxi_conventionne,O,premium,1
P72,V9,taxi_conventionne,B,premium,1
P72,V10,taxi_conventionne,O,premium,1
P72,V10,taxi_conventionne,B,premium,1
P72,V11,vsl,O,premium,0
P72,V11,vsl,B,premium,0
P72,V12,vsl,O,premium,0
P72,V12,vsl,B,premium,0
P72,V13,vsl,O,premium,0
P72,V13,vsl,B,premium,0
P72,V14,vsl,O,premium,0
P72,V14,vsl,B,premium,0
P72,V15,vsl,O,premium,0
P72,V15,vsl,B,premium,0
P72,V16,vsl,O,premium,0
P72,V16,vsl,B,premium,0
P72,V17,vsl,O,premium,0
P72,V17,vsl,B,premium,0
P72,V18,vtc_premium,O,premium,1
P72,V18,vtc_premium,B,premium,1
P72,V19,vtc_premium,O,premium,1
P72,V19,vtc_premium,B,premium,1
P72,V20,vtc_premium,O,premium,1
P72,V20,vtc_premium,B,premium,1
P73,V1,taxi_conventionne,O,prescription_medicale,1
P73,V1,taxi_conventionne,B,prescription_medicale,1
P73,V2,taxi_conventionne,O,prescription_medicale,1
P73,V2,taxi_conventionne,B,prescription_medicale,1
P73,V3,taxi_conventionne,O,prescription_medicale,1
P73,V3,taxi_conventionne,B,prescription_medicale,1
P73,V4,taxi_conventionne,O,prescription_medicale,1
P73,V4,taxi_conventionne,B,prescription_medicale,1
P73,V5,taxi_conventionne,O,prescription_medicale,1
P73,V5,taxi_conventionne,B,prescription_medicale,1
P73,V6,taxi_conventionne,O,prescription_medicale,1
P73,V6,taxi_conventionne,B,prescription_medicale,1
P73,V7,taxi_conventionne,O,prescription_medicale,1
P73,V7,taxi_conventionne,B,prescription_medicale,1
P73,V8,taxi_conventionne,O,prescription_medicale,1
P73,V8,taxi_conventionne,B,prescription_medicale,1
P73,V9,taxi_conventionne,O,prescription_medicale,1
P73,V9,taxi_conventionne,B,prescription_medicale,1
P73,V10,taxi_conventionne,O,prescription_medicale,1
P73,V10,taxi_conventionne,B,prescription_medicale,1
P73,V11,vsl,O,prescription_medicale,1
P73,V11,vsl,B,prescription_medicale,1
P73,V12,vsl,O,prescription_medicale,1
P73,V12,vsl,B,prescription_medicale,1
P73,V13,vsl,O,prescription_medicale,1
P73,V13,vsl,B,prescription_medicale,1
P73,V14,vsl,O,prescription_medicale,1
P73,V14,vsl,B,prescription_medicale,1
P73,V15,vsl,O,prescription_medicale,1
P73,V15,vsl,B,prescription_medicale,1
P73,V16,vsl,O,prescription_medicale,1
P73,V16,vsl,B,prescription_medicale,1
P73,V17,vsl,O,prescription_medicale,1
P73,V17,vsl,B,prescription_medicale,1
P73,V18,vtc_premium,O,prescription_medicale,0
P73,V18,vtc_premium,B,prescription_medicale,0
P73,V19,vtc_premium,O,prescription_medicale,0
P73,V19,vtc_premium,B,prescription_medicale,0
P73,V20,vtc_premium,O,prescription_medicale,0
P73,V20,vtc_premium,B,prescription_medicale,0
P74,V1,taxi_conventionne,O,prescription_medicale,1
P74,V1,taxi_conventionne,B,prescription_medicale,1
P74,V2,taxi_conventionne,O,prescription_medicale,1
P74,V2,taxi_conventionne,B,prescription_medicale,1
P74,V3,taxi_conventionne,O,prescription_medicale,1
P74,V3,taxi_conventionne,B,prescription_medicale,1
P74,V4,taxi_conventionne,O,prescription_medicale,1
P74,V4,taxi_conventionne,B,prescription_medicale,1
P74,V5,taxi_conventionne,O,prescription_medicale,1
P74,V5,taxi_conventionne,B,prescription_medicale,1
P74,V6,taxi_conventionne,O,prescription_medicale,1
P74,V6,taxi_conventionne,B,prescription_medicale,1
P74,V7,taxi_conventionne,O,prescription_medicale,1
P74,V7,taxi_conventionne,B,prescription_medicale,1
P74,V8,taxi_conventionne,O,prescription_medicale,1
P74,V8,taxi_conventionne,B,prescription_medicale,1
P74,V9,taxi_conventionne,O,prescription_medicale,1
P74,V9,taxi_conventionne,B,prescription_medicale,1
P74,V10,taxi_conventionne,O,prescription_medicale,1
P74,V10,taxi_conventionne,B,prescription_medicale,1
P74,V11,vsl,O,prescription_medicale,1
P74,V11,vsl,B,prescription_medicale,1
P74,V12,vsl,O,prescription_medicale,1
P74,V12,vsl,B,prescription_medicale,1
P74,V13,vsl,O,prescription_medicale,1
P74,V13,vsl,B,prescription_medicale,1
P74,V14,vsl,O,prescription_medicale,1
P74,V14,vsl,B,prescription_medicale,1
P74,V15,vsl,O,prescription_medicale,1
P74,V15,vsl,B,prescription_medicale,1
P74,V16,vsl,O,prescription_medicale,1
P74,V16,vsl,B,prescription_medicale,1
P74,V17,vsl,O,prescription_medicale,1
P74,V17,vsl,B,prescription_medicale,1
P74,V18,vtc_premium,O,prescription_medicale,0
P74,V18,vtc_premium,B,prescription_medicale,0
P74,V19,vtc_premium,O,prescription_medicale,0
P74,V19,vtc_premium,B,prescription_medicale,0
P74,V20,vtc_premium,O,prescription_medicale,0
P74,V20,vtc_premium,B,prescription_medicale,0
P75,V1,taxi_conventionne,O,prescription_medicale,1
P75,V1,taxi_conventionne,B,prescription_medicale,1
P75,V2,taxi_conventionne,O,prescription_medicale,1
P75,V2,taxi_conventionne,B,prescription_medicale,1
P75,V3,taxi_conventionne,O,prescription_medicale,1
P75,V3,taxi_conventionne,B,prescription_medicale,1
P75,V4,taxi_conventionne,O,prescription_medicale,1
P75,V4,taxi_conventionne,B,prescription_medicale,1
P75,V5,taxi_conventionne,O,prescription_medicale,1
P75,V5,taxi_conventionne,B,prescription_medicale,1
P75,V6,taxi_conventionne,O,prescription_medicale,1
P75,V6,taxi_conventionne,B,prescription_medicale,1
P75,V7,taxi_conventionne,O,prescription_medicale,1
P75,V7,taxi_conventionne,B,prescription_medicale,1
P75,V8,taxi_conventionne,O,prescription_medicale,1
P75,V8,taxi_conventionne,B,prescription_medicale,1
P75,V9,taxi_conventionne,O,prescription_medicale,1
P75,V9,taxi_conventionne,B,prescription_medicale,1
P75,V10,taxi_conventionne,O,prescription_medicale,1
P75,V10,taxi_conventionne,B,prescription_medicale,1
P75,V11,vsl,O,prescription_medicale,1
P75,V11,vsl,B,prescription_medicale,1
P75,V12,vsl,O,prescription_medicale,1
P75,V12,vsl,B,prescription_medicale,1
P75,V13,vsl,O,prescription_medicale,1
P75,V13,vsl,B,prescription_medicale,1
P75,V14,vsl,O,prescription_medicale,1
P75,V14,vsl,B,prescription_medicale,1
P75,V15,vsl,O,prescription_medicale,1
P75,V15,vsl,B,prescription_medicale,1
P75,V16,vsl,O,prescription_medicale,1
P75,V16,vsl,B,prescription_medicale,1
P75,V17,vsl,O,prescription_medicale,1
P75,V17,vsl,B,prescription_medicale,1
P75,V18,vtc_premium,O,prescription_medicale,0
P75,V18,vtc_premium,B,prescription_medicale,0
P75,V19,vtc_premium,O,prescription_medicale,0
P75,V19,vtc_premium,B,prescription_medicale,0
P75,V20,vtc_premium,O,prescription_medicale,0
P75,V20,vtc_premium,B,prescription_medicale,0
P76,V1,taxi_conventionne,O,prescription_medicale,1
P76,V1,taxi_conventionne,B,prescription_medicale,1
P76,V2,taxi_conventionne,O,prescription_medicale,1
P76,V2,taxi_conventionne,B,prescription_medicale,1
P76,V3,taxi_conventionne,O,prescription_medicale,1
P76,V3,taxi_conventionne,B,prescription_medicale,1
P76,V4,taxi_conventionne,O,prescription_medicale,1
P76,V4,taxi_conventionne,B,prescription_medicale,1
P76,V5,taxi_conventionne,O,prescription_medicale,1
P76,V5,taxi_conventionne,B,prescription_medicale,1
P76,V6,taxi_conventionne,O,prescription_medicale,1
P76,V6,taxi_conventionne,B,prescription_medicale,1
P76,V7,taxi_conventionne,O,prescription_medicale,1
P76,V7,taxi_conventionne,B,prescription_medicale,1
P76,V8,taxi_conventionne,O,prescription_medicale,1
P76,V8,taxi_conventionne,B,prescription_medicale,1
P76,V9,taxi_conventionne,O,prescription_medicale,1
P76,V9,taxi_conventionne,B,prescription_medicale,1
P76,V10,taxi_conventionne,O,prescription_medicale,1
P76,V10,taxi_conventionne,B,prescription_medicale,1
P76,V11,vsl,O,prescription_medicale,1
P76,V11,vsl,B,prescription_medicale,1
P76,V12,vsl,O,prescription_medicale,1
P76,V12,vsl,B,prescription_medicale,1
P76,V13,vsl,O,prescription_medicale,1
P76,V13,vsl,B,prescription_medicale,1
P76,V14,vsl,O,prescription_medicale,1
P76,V14,vsl,B,prescription_medicale,1
P76,V15,vsl,O,prescription_medicale,1
P76,V15,vsl,B,prescription_medicale,1
P76,V16,vsl,O,prescription_medicale,1
P76,V16,vsl,B,prescription_medicale,1
P76,V17,vsl,O,prescription_medicale,1
P76,V17,vsl,B,prescription_medicale,1
P76,V18,vtc_premium,O,prescription_medicale,0
P76,V18,vtc_premium,B,prescription_medicale,0
P76,V19,vtc_premium,O,prescription_medicale,0
P76,V19,vtc_premium,B,prescription_medicale,0
P76,V20,vtc_premium,O,prescription_medicale,0
P76,V20,vtc_premium,B,prescription_medicale,0
P77,V1,taxi_conventionne,O,vsl_required,0
P77,V1,taxi_conventionne,B,vsl_required,0
P77,V2,taxi_conventionne,O,vsl_required,0
P77,V2,taxi_conventionne,B,vsl_required,0
P77,V3,taxi_conventionne,O,vsl_required,0
P77,V3,taxi_conventionne,B,vsl_required,0
P77,V4,taxi_conventionne,O,vsl_required,0
P77,V4,taxi_conventionne,B,vsl_required,0
P77,V5,taxi_conventionne,O,vsl_required,0
P77,V5,taxi_conventionne,B,vsl_required,0
P77,V6,taxi_conventionne,O,vsl_required,0
P77,V6,taxi_conventionne,B,vsl_required,0
P77,V7,taxi_conventionne,O,vsl_required,0
P77,V7,taxi_conventionne,B,vsl_required,0
P77,V8,taxi_conventionne,O,vsl_required,0
P77,V8,taxi_conventionne,B,vsl_required,0
P77,V9,taxi_conventionne,O,vsl_required,0
P77,V9,taxi_conventionne,B,vsl_required,0
P77,V10,taxi_conventionne,O,vsl_required,0
P77,V10,taxi_conventionne,B,vsl_required,0
P77,V11,vsl,O,vsl_required,1
P77,V11,vsl,B,vsl_required,1
P77,V12,vsl,O,vsl_required,1
P77,V12,vsl,B,vsl_required,1
P77,V13,vsl,O,vsl_required,1
P77,V13,vsl,B,vsl_required,1
P77,V14,vsl,O,vsl_required,1
P77,V14,vsl,B,vsl_required,1
P77,V15,vsl,O,vsl_required,1
P77,V15,vsl,B,vsl_required,1
P77,V16,vsl,O,vsl_required,1
P77,V16,vsl,B,vsl_required,1
P77,V17,vsl,O,vsl_required,1
P77,V17,vsl,B,vsl_required,1
P77,V18,vtc_premium,O,vsl_required,0
P77,V18,vtc_premium,B,vsl_required,0
P77,V19,vtc_premium,O,vsl_required,0
P77,V19,vtc_premium,B,vsl_required,0
P77,V20,vtc_premium,O,vsl_required,0
P77,V20,vtc_premium,B,vsl_required,0
P78,V1,taxi_conventionne,O,standard_assis,1
P78,V1,taxi_conventionne,B,standard_assis,1
P78,V2,taxi_conventionne,O,standard_assis,1
P78,V2,taxi_conventionne,B,standard_assis,1
P78,V3,taxi_conventionne,O,standard_assis,1
P78,V3,taxi_conventionne,B,standard_assis,1
P78,V4,taxi_conventionne,O,standard_assis,1
P78,V4,taxi_conventionne,B,standard_assis,1
P78,V5,taxi_conventionne,O,standard_assis,1
P78,V5,taxi_conventionne,B,standard_assis,1
P78,V6,taxi_conventionne,O,standard_assis,1
P78,V6,taxi_conventionne,B,standard_assis,1
P78,V7,taxi_conventionne,O,standard_assis,1
P78,V7,taxi_conventionne,B,standard_assis,1
P78,V8,taxi_conventionne,O,standard_assis,1
P78,V8,taxi_conventionne,B,standard_assis,1
P78,V9,taxi_conventionne,O,standard_assis,1
P78,V9,taxi_conventionne,B,standard_assis,1
P78,V10,taxi_conventionne,O,standard_assis,1
P78,V10,taxi_conventionne,B,standard_assis,1
P78,V11,vsl,O,standard_assis,1
P78,V11,vsl,B,standard_assis,1
P78,V12,vsl,O,standard_assis,1
P78,V12,vsl,B,standard_assis,1
P78,V13,vsl,O,standard_assis,1
P78,V13,vsl,B,standard_assis,1
P78,V14,vsl,O,standard_assis,1
P78,V14,vsl,B,standard_assis,1
P78,V15,vsl,O,standard_assis,1
P78,V15,vsl,B,standard_assis,1
P78,V16,vsl,O,standard_assis,1
P78,V16,vsl,B,standard_assis,1
P78,V17,vsl,O,standard_assis,1
P78,V17,vsl,B,standard_assis,1
P78,V18,vtc_premium,O,standard_assis,1
P78,V18,vtc_premium,B,standard_assis,1
P78,V19,vtc_premium,O,standard_assis,1
P78,V19,vtc_premium,B,standard_assis,1
P78,V20,vtc_premium,O,standard_assis,1
P78,V20,vtc_premium,B,standard_assis,1
P79,V1,taxi_conventionne,O,vsl_required,0
P79,V1,taxi_conventionne,B,vsl_required,0
P79,V2,taxi_conventionne,O,vsl_required,0
P79,V2,taxi_conventionne,B,vsl_required,0
P79,V3,taxi_conventionne,O,vsl_required,0
P79,V3,taxi_conventionne,B,vsl_required,0
P79,V4,taxi_conventionne,O,vsl_required,0
P79,V4,taxi_conventionne,B,vsl_required,0
P79,V5,taxi_conventionne,O,vsl_required,0
P79,V5,taxi_conventionne,B,vsl_required,0
P79,V6,taxi_conventionne,O,vsl_required,0
P79,V6,taxi_conventionne,B,vsl_required,0
P79,V7,taxi_conventionne,O,vsl_required,0
P79,V7,taxi_conventionne,B,vsl_required,0
P79,V8,taxi_conventionne,O,vsl_required,0
P79,V8,taxi_conventionne,B,vsl_required,0
P79,V9,taxi_conventionne,O,vsl_required,0
P79,V9,taxi_conventionne,B,vsl_required,0
P79,V10,taxi_conventionne,O,vsl_required,0
P79,V10,taxi_conventionne,B,vsl_required,0
P79,V11,vsl,O,vsl_required,1
P79,V11,vsl,B,vsl_required,1
P79,V12,vsl,O,vsl_required,1
P79,V12,vsl,B,vsl_required,1
P79,V13,vsl,O,vsl_required,1
P79,V13,vsl,B,vsl_required,1
P79,V14,vsl,O,vsl_required,1
P79,V14,vsl,B,vsl_required,1
P79,V15,vsl,O,vsl_required,1
P79,V15,vsl,B,vsl_required,1
P79,V16,vsl,O,vsl_required,1
P79,V16,vsl,B,vsl_required,1
P79,V17,vsl,O,vsl_required,1
P79,V17,vsl,B,vsl_required,1
P79,V18,vtc_premium,O,vsl_required,0
P79,V18,vtc_premium,B,vsl_required,0
P79,V19,vtc_premium,O,vsl_required,0
P79,V19,vtc_premium,B,vsl_required,0
P79,V20,vtc_premium,O,vsl_required,0
P79,V20,vtc_premium,B,vsl_required,0
P80,V1,taxi_conventionne,O,standard_assis,1
P80,V1,taxi_conventionne,B,standard_assis,1
P80,V2,taxi_conventionne,O,standard_assis,1
P80,V2,taxi_conventionne,B,standard_assis,1
P80,V3,taxi_conventionne,O,standard_assis,1
P80,V3,taxi_conventionne,B,standard_assis,1
P80,V4,taxi_conventionne,O,standard_assis,1
P80,V4,taxi_conventionne,B,standard_assis,1
P80,V5,taxi_conventionne,O,standard_assis,1
P80,V5,taxi_conventionne,B,standard_assis,1
P80,V6,taxi_conventionne,O,standard_assis,1
P80,V6,taxi_conventionne,B,standard_assis,1
P80,V7,taxi_conventionne,O,standard_assis,1
P80,V7,taxi_conventionne,B,standard_assis,1
P80,V8,taxi_conventionne,O,standard_assis,1
P80,V8,taxi_conventionne,B,standard_assis,1
P80,V9,taxi_conventionne,O,standard_assis,1
P80,V9,taxi_conventionne,B,standard_assis,1
P80,V10,taxi_conventionne,O,standard_assis,1
P80,V10,taxi_conventionne,B,standard_assis,1
P80,V11,vsl,O,standard_assis,1
P80,V11,vsl,B,standard_assis,1
P80,V12,vsl,O,standard_assis,1
P80,V12,vsl,B,standard_assis,1
P80,V13,vsl,O,standard_assis,1
P80,V13,vsl,B,standard_assis,1
P80,V14,vsl,O,standard_assis,1
P80,V14,vsl,B,standard_assis,1
P80,V15,vsl,O,standard_assis,1
P80,V15,vsl,B,standard_assis,1
P80,V16,vsl,O,standard_assis,1
P80,V16,vsl,B,standard_assis,1
P80,V17,vsl,O,standard_assis,1
P80,V17,vsl,B,standard_assis,1
P80,V18,vtc_premium,O,standard_assis,1
P80,V18,vtc_premium,B,standard_assis,1
P80,V19,vtc_premium,O,standard_assis,1
P80,V19,vtc_premium,B,standard_assis,1
P80,V20,vtc_premium,O,standard_assis,1
P80,V20,vtc_premium,B,standard_assis,1
P81,V1,taxi_conventionne,O,standard_assis,1
P81,V1,taxi_conventionne,B,standard_assis,1
P81,V2,taxi_conventionne,O,standard_assis,1
P81,V2,taxi_conventionne,B,standard_assis,1
P81,V3,taxi_conventionne,O,standard_assis,1
P81,V3,taxi_conventionne,B,standard_assis,1
P81,V4,taxi_conventionne,O,standard_assis,1
P81,V4,taxi_conventionne,B,standard_assis,1
P81,V5,taxi_conventionne,O,standard_assis,1
P81,V5,taxi_conventionne,B,standard_assis,1
P81,V6,taxi_conventionne,O,standard_assis,1
P81,V6,taxi_conventionne,B,standard_assis,1
P81,V7,taxi_conventionne,O,standard_assis,1
P81,V7,taxi_conventionne,B,standard_assis,1
P81,V8,taxi_conventionne,O,standard_assis,1
P81,V8,taxi_conventionne,B,standard_assis,1
P81,V9,taxi_conventionne,O,standard_assis,1
P81,V9,taxi_conventionne,B,standard_assis,1
P81,V10,taxi_conventionne,O,standard_assis,1
P81,V10,taxi_conventionne,B,standard_assis,1
P81,V11,vsl,O,standard_assis,1
P81,V11,vsl,B,standard_assis,1
P81,V12,vsl,O,standard_assis,1
P81,V12,vsl,B,standard_assis,1
P81,V13,vsl,O,standard_assis,1
P81,V13,vsl,B,standard_assis,1
P81,V14,vsl,O,standard_assis,1
P81,V14,vsl,B,standard_assis,1
P81,V15,vsl,O,standard_assis,1
P81,V15,vsl,B,standard_assis,1
P81,V16,vsl,O,standard_assis,1
P81,V16,vsl,B,standard_assis,1
P81,V17,vsl,O,standard_assis,1
P81,V17,vsl,B,standard_assis,1
P81,V18,vtc_premium,O,standard_assis,1
P81,V18,vtc_premium,B,standard_assis,1
P81,V19,vtc_premium,O,standard_assis,1
P81,V19,vtc_premium,B,standard_assis,1
P81,V20,vtc_premium,O,standard_assis,1
P81,V20,vtc_premium,B,standard_assis,1
P82,V1,taxi_conventionne,O,prescription_medicale,1
P82,V1,taxi_conventionne,B,prescription_medicale,1
P82,V2,taxi_conventionne,O,prescription_medicale,1
P82,V2,taxi_conventionne,B,prescription_medicale,1
P82,V3,taxi_conventionne,O,prescription_medicale,1
P82,V3,taxi_conventionne,B,prescription_medicale,1
P82,V4,taxi_conventionne,O,prescription_medicale,1
P82,V4,taxi_conventionne,B,prescription_medicale,1
P82,V5,taxi_conventionne,O,prescription_medicale,1
P82,V5,taxi_conventionne,B,prescription_medicale,1
P82,V6,taxi_conventionne,O,prescription_medicale,1
P82,V6,taxi_conventionne,B,prescription_medicale,1
P82,V7,taxi_conventionne,O,prescription_medicale,1
P82,V7,taxi_conventionne,B,prescription_medicale,1
P82,V8,taxi_conventionne,O,prescription_medicale,1
P82,V8,taxi_conventionne,B,prescription_medicale,1
P82,V9,taxi_conventionne,O,prescription_medicale,1
P82,V9,taxi_conventionne,B,prescription_medicale,1
P82,V10,taxi_conventionne,O,prescription_medicale,1
P82,V10,taxi_conventionne,B,prescription_medicale,1
P82,V11,vsl,O,prescription_medicale,1
P82,V11,vsl,B,prescription_medicale,1
P82,V12,vsl,O,prescription_medicale,1
P82,V12,vsl,B,prescription_medicale,1
P82,V13,vsl,O,prescription_medicale,1
P82,V13,vsl,B,prescription_medicale,1
P82,V14,vsl,O,prescription_medicale,1
P82,V14,vsl,B,prescription_medicale,1
P82,V15,vsl,O,prescription_medicale,1
P82,V15,vsl,B,prescription_medicale,1
P82,V16,vsl,O,prescription_medicale,1
P82,V16,vsl,B,prescription_medicale,1
P82,V17,vsl,O,prescription_medicale,1
P82,V17,vsl,B,prescription_medicale,1
P82,V18,vtc_premium,O,prescription_medicale,0
P82,V18,vtc_premium,B,prescription_medicale,0
P82,V19,vtc_premium,O,prescription_medicale,0
P82,V19,vtc_premium,B,prescription_medicale,0
P82,V20,vtc_premium,O,prescription_medicale,0
P82,V20,vtc_premium,B,prescription_medicale,0
P83,V1,taxi_conventionne,O,prescription_medicale,1
P83,V1,taxi_conventionne,B,prescription_medicale,1
P83,V2,taxi_conventionne,O,prescription_medicale,1
P83,V2,taxi_conventionne,B,prescription_medicale,1
P83,V3,taxi_conventionne,O,prescription_medicale,1
P83,V3,taxi_conventionne,B,prescription_medicale,1
P83,V4,taxi_conventionne,O,prescription_medicale,1
P83,V4,taxi_conventionne,B,prescription_medicale,1
P83,V5,taxi_conventionne,O,prescription_medicale,1
P83,V5,taxi_conventionne,B,prescription_medicale,1
P83,V6,taxi_conventionne,O,prescription_medicale,1
P83,V6,taxi_conventionne,B,prescription_medicale,1
P83,V7,taxi_conventionne,O,prescription_medicale,1
P83,V7,taxi_conventionne,B,prescription_medicale,1
P83,V8,taxi_conventionne,O,prescription_medicale,1
P83,V8,taxi_conventionne,B,prescription_medicale,1
P83,V9,taxi_conventionne,O,prescription_medicale,1
P83,V9,taxi_conventionne,B,prescription_medicale,1
P83,V10,taxi_conventionne,O,prescription_medicale,1
P83,V10,taxi_conventionne,B,prescription_medicale,1
P83,V11,vsl,O,prescription_medicale,1
P83,V11,vsl,B,prescription_medicale,1
P83,V12,vsl,O,prescription_medicale,1
P83,V12,vsl,B,prescription_medicale,1
P83,V13,vsl,O,prescription_medicale,1
P83,V13,vsl,B,prescription_medicale,1
P83,V14,vsl,O,prescription_medicale,1
P83,V14,vsl,B,prescription_medicale,1
P83,V15,vsl,O,prescription_medicale,1
P83,V15,vsl,B,prescription_medicale,1
P83,V16,vsl,O,prescription_medicale,1
P83,V16,vsl,B,prescription_medicale,1
P83,V17,vsl,O,prescription_medicale,1
P83,V17,vsl,B,prescription_medicale,1
P83,V18,vtc_premium,O,prescription_medicale,0
P83,V18,vtc_premium,B,prescription_medicale,0
P83,V19,vtc_premium,O,prescription_medicale,0
P83,V19,vtc_premium,B,prescription_medicale,0
P83,V20,vtc_premium,O,prescription_medicale,0
P83,V20,vtc_premium,B,prescription_medicale,0
P84,V1,taxi_conventionne,O,vsl_required,0
P84,V1,taxi_conventionne,B,vsl_required,0
P84,V2,taxi_conventionne,O,vsl_required,0
P84,V2,taxi_conventionne,B,vsl_required,0
P84,V3,taxi_conventionne,O,vsl_required,0
P84,V3,taxi_conventionne,B,vsl_required,0
P84,V4,taxi_conventionne,O,vsl_required,0
P84,V4,taxi_conventionne,B,vsl_required,0
P84,V5,taxi_conventionne,O,vsl_required,0
P84,V5,taxi_conventionne,B,vsl_required,0
P84,V6,taxi_conventionne,O,vsl_required,0
P84,V6,taxi_conventionne,B,vsl_required,0
P84,V7,taxi_conventionne,O,vsl_required,0
P84,V7,taxi_conventionne,B,vsl_required,0
P84,V8,taxi_conventionne,O,vsl_required,0
P84,V8,taxi_conventionne,B,vsl_required,0
P84,V9,taxi_conventionne,O,vsl_required,0
P84,V9,taxi_conventionne,B,vsl_required,0
P84,V10,taxi_conventionne,O,vsl_required,0
P84,V10,taxi_conventionne,B,vsl_required,0
P84,V11,vsl,O,vsl_required,1
P84,V11,vsl,B,vsl_required,1
P84,V12,vsl,O,vsl_required,1
P84,V12,vsl,B,vsl_required,1
P84,V13,vsl,O,vsl_required,1
P84,V13,vsl,B,vsl_required,1
P84,V14,vsl,O,vsl_required,1
P84,V14,vsl,B,vsl_required,1
P84,V15,vsl,O,vsl_required,1
P84,V15,vsl,B,vsl_required,1
P84,V16,vsl,O,vsl_required,1
P84,V16,vsl,B,vsl_required,1
P84,V17,vsl,O,vsl_required,1
P84,V17,vsl,B,vsl_required,1
P84,V18,vtc_premium,O,vsl_required,0
P84,V18,vtc_premium,B,vsl_required,0
P84,V19,vtc_premium,O,vsl_required,0
P84,V19,vtc_premium,B,vsl_required,0
P84,V20,vtc_premium,O,vsl_required,0
P84,V20,vtc_premium,B,vsl_required,0
P85,V1,taxi_conventionne,O,vsl_required,0
P85,V1,taxi_conventionne,B,vsl_required,0
P85,V2,taxi_conventionne,O,vsl_required,0
P85,V2,taxi_conventionne,B,vsl_required,0
P85,V3,taxi_conventionne,O,vsl_required,0
P85,V3,taxi_conventionne,B,vsl_required,0
P85,V4,taxi_conventionne,O,vsl_required,0
P85,V4,taxi_conventionne,B,vsl_required,0
P85,V5,taxi_conventionne,O,vsl_required,0
P85,V5,taxi_conventionne,B,vsl_required,0
P85,V6,taxi_conventionne,O,vsl_required,0
P85,V6,taxi_conventionne,B,vsl_required,0
P85,V7,taxi_conventionne,O,vsl_required,0
P85,V7,taxi_conventionne,B,vsl_required,0
P85,V8,taxi_conventionne,O,vsl_required,0
P85,V8,taxi_conventionne,B,vsl_required,0
P85,V9,taxi_conventionne,O,vsl_required,0
P85,V9,taxi_conventionne,B,vsl_required,0
P85,V10,taxi_conventionne,O,vsl_required,0
P85,V10,taxi_conventionne,B,vsl_required,0
P85,V11,vsl,O,vsl_required,1
P85,V11,vsl,B,vsl_required,1
P85,V12,vsl,O,vsl_required,1
P85,V12,vsl,B,vsl_required,1
P85,V13,vsl,O,vsl_required,1
P85,V13,vsl,B,vsl_required,1
P85,V14,vsl,O,vsl_required,1
P85,V14,vsl,B,vsl_required,1
P85,V15,vsl,O,vsl_required,1
P85,V15,vsl,B,vsl_required,1
P85,V16,vsl,O,vsl_required,1
P85,V16,vsl,B,vsl_required,1
P85,V17,vsl,O,vsl_required,1
P85,V17,vsl,B,vsl_required,1
P85,V18,vtc_premium,O,vsl_required,0
P85,V18,vtc_premium,B,vsl_required,0
P85,V19,vtc_premium,O,vsl_required,0
P85,V19,vtc_premium,B,vsl_required,0
P85,V20,vtc_premium,O,vsl_required,0
P85,V20,vtc_premium,B,vsl_required,0
P86,V1,taxi_conventionne,O,vsl_required,0
P86,V1,taxi_conventionne,B,vsl_required,0
P86,V2,taxi_conventionne,O,vsl_required,0
P86,V2,taxi_conventionne,B,vsl_required,0
P86,V3,taxi_conventionne,O,vsl_required,0
P86,V3,taxi_conventionne,B,vsl_required,0
P86,V4,taxi_conventionne,O,vsl_required,0
P86,V4,taxi_conventionne,B,vsl_required,0
P86,V5,taxi_conventionne,O,vsl_required,0
P86,V5,taxi_conventionne,B,vsl_required,0
P86,V6,taxi_conventionne,O,vsl_required,0
P86,V6,taxi_conventionne,B,vsl_required,0
P86,V7,taxi_conventionne,O,vsl_required,0
P86,V7,taxi_conventionne,B,vsl_required,0
P86,V8,taxi_conventionne,O,vsl_required,0
P86,V8,taxi_conventionne,B,vsl_required,0
P86,V9,taxi_conventionne,O,vsl_required,0
P86,V9,taxi_conventionne,B,vsl_required,0
P86,V10,taxi_conventionne,O,vsl_required,0
P86,V10,taxi_conventionne,B,vsl_required,0
P86,V11,vsl,O,vsl_required,1
P86,V11,vsl,B,vsl_required,1
P86,V12,vsl,O,vsl_required,1
P86,V12,vsl,B,vsl_required,1
P86,V13,vsl,O,vsl_required,1
P86,V13,vsl,B,vsl_required,1
P86,V14,vsl,O,vsl_required,1
P86,V14,vsl,B,vsl_required,1
P86,V15,vsl,O,vsl_required,1
P86,V15,vsl,B,vsl_required,1
P86,V16,vsl,O,vsl_required,1
P86,V16,vsl,B,vsl_required,1
P86,V17,vsl,O,vsl_required,1
P86,V17,vsl,B,vsl_required,1
P86,V18,vtc_premium,O,vsl_required,0
P86,V18,vtc_premium,B,vsl_required,0
P86,V19,vtc_premium,O,vsl_required,0
P86,V19,vtc_premium,B,vsl_required,0
P86,V20,vtc_premium,O,vsl_required,0
P86,V20,vtc_premium,B,vsl_required,0
P87,V1,taxi_conventionne,O,vsl_required,0
P87,V1,taxi_conventionne,B,vsl_required,0
P87,V2,taxi_conventionne,O,vsl_required,0
P87,V2,taxi_conventionne,B,vsl_required,0
P87,V3,taxi_conventionne,O,vsl_required,0
P87,V3,taxi_conventionne,B,vsl_required,0
P87,V4,taxi_conventionne,O,vsl_required,0
P87,V4,taxi_conventionne,B,vsl_required,0
P87,V5,taxi_conventionne,O,vsl_required,0
P87,V5,taxi_conventionne,B,vsl_required,0
P87,V6,taxi_conventionne,O,vsl_required,0
P87,V6,taxi_conventionne,B,vsl_required,0
P87,V7,taxi_conventionne,O,vsl_required,0
P87,V7,taxi_conventionne,B,vsl_required,0
P87,V8,taxi_conventionne,O,vsl_required,0
P87,V8,taxi_conventionne,B,vsl_required,0
P87,V9,taxi_conventionne,O,vsl_required,0
P87,V9,taxi_conventionne,B,vsl_required,0
P87,V10,taxi_conventionne,O,vsl_required,0
P87,V10,taxi_conventionne,B,vsl_required,0
P87,V11,vsl,O,vsl_required,1
P87,V11,vsl,B,vsl_required,1
P87,V12,vsl,O,vsl_required,1
P87,V12,vsl,B,vsl_required,1
P87,V13,vsl,O,vsl_required,1
P87,V13,vsl,B,vsl_required,1
P87,V14,vsl,O,vsl_required,1
P87,V14,vsl,B,vsl_required,1
P87,V15,vsl,O,vsl_required,1
P87,V15,vsl,B,vsl_required,1
P87,V16,vsl,O,vsl_required,1
P87,V16,vsl,B,vsl_required,1
P87,V17,vsl,O,vsl_required,1
P87,V17,vsl,B,vsl_required,1
P87,V18,vtc_premium,O,vsl_required,0
P87,V18,vtc_premium,B,vsl_required,0
P87,V19,vtc_premium,O,vsl_required,0
P87,V19,vtc_premium,B,vsl_required,0
P87,V20,vtc_premium,O,vsl_required,0
P87,V20,vtc_premium,B,vsl_required,0
P88,V1,taxi_conventionne,O,standard_assis,1
P88,V1,taxi_conventionne,B,standard_assis,1
P88,V2,taxi_conventionne,O,standard_assis,1
P88,V2,taxi_conventionne,B,standard_assis,1
P88,V3,taxi_conventionne,O,standard_assis,1
P88,V3,taxi_conventionne,B,standard_assis,1
P88,V4,taxi_conventionne,O,standard_assis,1
P88,V4,taxi_conventionne,B,standard_assis,1
P88,V5,taxi_conventionne,O,standard_assis,1
P88,V5,taxi_conventionne,B,standard_assis,1
P88,V6,taxi_conventionne,O,standard_assis,1
P88,V6,taxi_conventionne,B,standard_assis,1
P88,V7,taxi_conventionne,O,standard_assis,1
P88,V7,taxi_conventionne,B,standard_assis,1
P88,V8,taxi_conventionne,O,standard_assis,1
P88,V8,taxi_conventionne,B,standard_assis,1
P88,V9,taxi_conventionne,O,standard_assis,1
P88,V9,taxi_conventionne,B,standard_assis,1
P88,V10,taxi_conventionne,O,standard_assis,1
P88,V10,taxi_conventionne,B,standard_assis,1
P88,V11,vsl,O,standard_assis,1
P88,V11,vsl,B,standard_assis,1
P88,V12,vsl,O,standard_assis,1
P88,V12,vsl,B,standard_assis,1
P88,V13,vsl,O,standard_assis,1
P88,V13,vsl,B,standard_assis,1
P88,V14,vsl,O,standard_assis,1
P88,V14,vsl,B,standard_assis,1
P88,V15,vsl,O,standard_assis,1
P88,V15,vsl,B,standard_assis,1
P88,V16,vsl,O,standard_assis,1
P88,V16,vsl,B,standard_assis,1
P88,V17,vsl,O,standard_assis,1
P88,V17,vsl,B,standard_assis,1
P88,V18,vtc_premium,O,standard_assis,1
P88,V18,vtc_premium,B,standard_assis,1
P88,V19,vtc_premium,O,standard_assis,1
P88,V19,vtc_premium,B,standard_assis,1
P88,V20,vtc_premium,O,standard_assis,1
P88,V20,vtc_premium,B,standard_assis,1
P89,V1,taxi_conventionne,O,standard_assis,1
P89,V1,taxi_conventionne,B,standard_assis,1
P89,V2,taxi_conventionne,O,standard_assis,1
P89,V2,taxi_conventionne,B,standard_assis,1
P89,V3,taxi_conventionne,O,standard_assis,1
P89,V3,taxi_conventionne,B,standard_assis,1
P89,V4,taxi_conventionne,O,standard_assis,1
P89,V4,taxi_conventionne,B,standard_assis,1
P89,V5,taxi_conventionne,O,standard_assis,1
P89,V5,taxi_conventionne,B,standard_assis,1
P89,V6,taxi_conventionne,O,standard_assis,1
P89,V6,taxi_conventionne,B,standard_assis,1
P89,V7,taxi_conventionne,O,standard_assis,1
P89,V7,taxi_conventionne,B,standard_assis,1
P89,V8,taxi_conventionne,O,standard_assis,1
P89,V8,taxi_conventionne,B,standard_assis,1
P89,V9,taxi_conventionne,O,standard_assis,1
P89,V9,taxi_conventionne,B,standard_assis,1
P89,V10,taxi_conventionne,O,standard_assis,1
P89,V10,taxi_conventionne,B,standard_assis,1
P89,V11,vsl,O,standard_assis,1
P89,V11,vsl,B,standard_assis,1
P89,V12,vsl,O,standard_assis,1
P89,V12,vsl,B,standard_assis,1
P89,V13,vsl,O,standard_assis,1
P89,V13,vsl,B,standard_assis,1
P89,V14,vsl,O,standard_assis,1
P89,V14,vsl,B,standard_assis,1
P89,V15,vsl,O,standard_assis,1
P89,V15,vsl,B,standard_assis,1
P89,V16,vsl,O,standard_assis,1
P89,V16,vsl,B,standard_assis,1
P89,V17,vsl,O,standard_assis,1
P89,V17,vsl,B,standard_assis,1
P89,V18,vtc_premium,O,standard_assis,1
P89,V18,vtc_premium,B,standard_assis,1
P89,V19,vtc_premium,O,standard_assis,1
P89,V19,vtc_premium,B,standard_assis,1
P89,V20,vtc_premium,O,standard_assis,1
P89,V20,vtc_premium,B,standard_assis,1
P90,V1,taxi_conventionne,O,standard_assis,1
P90,V1,taxi_conventionne,B,standard_assis,1
P90,V2,taxi_conventionne,O,standard_assis,1
P90,V2,taxi_conventionne,B,standard_assis,1
P90,V3,taxi_conventionne,O,standard_assis,1
P90,V3,taxi_conventionne,B,standard_assis,1
P90,V4,taxi_conventionne,O,standard_assis,1
P90,V4,taxi_conventionne,B,standard_assis,1
P90,V5,taxi_conventionne,O,standard_assis,1
P90,V5,taxi_conventionne,B,standard_assis,1
P90,V6,taxi_conventionne,O,standard_assis,1
P90,V6,taxi_conventionne,B,standard_assis,1
P90,V7,taxi_conventionne,O,standard_assis,1
P90,V7,taxi_conventionne,B,standard_assis,1
P90,V8,taxi_conventionne,O,standard_assis,1
P90,V8,taxi_conventionne,B,standard_assis,1
P90,V9,taxi_conventionne,O,standard_assis,1
P90,V9,taxi_conventionne,B,standard_assis,1
P90,V10,taxi_conventionne,O,standard_assis,1
P90,V10,taxi_conventionne,B,standard_assis,1
P90,V11,vsl,O,standard_assis,1
P90,V11,vsl,B,standard_assis,1
P90,V12,vsl,O,standard_assis,1
P90,V12,vsl,B,standard_assis,1
P90,V13,vsl,O,standard_assis,1
P90,V13,vsl,B,standard_assis,1
P90,V14,vsl,O,standard_assis,1
P90,V14,vsl,B,standard_assis,1
P90,V15,vsl,O,standard_assis,1
P90,V15,vsl,B,standard_assis,1
P90,V16,vsl,O,standard_assis,1
P90,V16,vsl,B,standard_assis,1
P90,V17,vsl,O,standard_assis,1
P90,V17,vsl,B,standard_assis,1
P90,V18,vtc_premium,O,standard_assis,1
P90,V18,vtc_premium,B,standard_assis,1
P90,V19,vtc_premium,O,standard_assis,1
P90,V19,vtc_premium,B,standard_assis,1
P90,V20,vtc_premium,O,standard_assis,1
P90,V20,vtc_premium,B,standard_assis,1
P91,V1,taxi_conventionne,O,standard_assis,1
P91,V1,taxi_conventionne,B,standard_assis,1
P91,V2,taxi_conventionne,O,standard_assis,1
P91,V2,taxi_conventionne,B,standard_assis,1
P91,V3,taxi_conventionne,O,standard_assis,1
P91,V3,taxi_conventionne,B,standard_assis,1
P91,V4,taxi_conventionne,O,standard_assis,1
P91,V4,taxi_conventionne,B,standard_assis,1
P91,V5,taxi_conventionne,O,standard_assis,1
P91,V5,taxi_conventionne,B,standard_assis,1
P91,V6,taxi_conventionne,O,standard_assis,1
P91,V6,taxi_conventionne,B,standard_assis,1
P91,V7,taxi_conventionne,O,standard_assis,1
P91,V7,taxi_conventionne,B,standard_assis,1
P91,V8,taxi_conventionne,O,standard_assis,1
P91,V8,taxi_conventionne,B,standard_assis,1
P91,V9,taxi_conventionne,O,standard_assis,1
P91,V9,taxi_conventionne,B,standard_assis,1
P91,V10,taxi_conventionne,O,standard_assis,1
P91,V10,taxi_conventionne,B,standard_assis,1
P91,V11,vsl,O,standard_assis,1
P91,V11,vsl,B,standard_assis,1
P91,V12,vsl,O,standard_assis,1
P91,V12,vsl,B,standard_assis,1
P91,V13,vsl,O,standard_assis,1
P91,V13,vsl,B,standard_assis,1
P91,V14,vsl,O,standard_assis,1
P91,V14,vsl,B,standard_assis,1
P91,V15,vsl,O,standard_assis,1
P91,V15,vsl,B,standard_assis,1
P91,V16,vsl,O,standard_assis,1
P91,V16,vsl,B,standard_assis,1
P91,V17,vsl,O,standard_assis,1
P91,V17,vsl,B,standard_assis,1
P91,V18,vtc_premium,O,standard_assis,1
P91,V18,vtc_premium,B,standard_assis,1
P91,V19,vtc_premium,O,standard_assis,1
P91,V19,vtc_premium,B,standard_assis,1
P91,V20,vtc_premium,O,standard_assis,1
P91,V20,vtc_premium,B,standard_assis,1
P92,V1,taxi_conventionne,O,standard_assis,1
P92,V1,taxi_conventionne,B,standard_assis,1
P92,V2,taxi_conventionne,O,standard_assis,1
P92,V2,taxi_conventionne,B,standard_assis,1
P92,V3,taxi_conventionne,O,standard_assis,1
P92,V3,taxi_conventionne,B,standard_assis,1
P92,V4,taxi_conventionne,O,standard_assis,1
P92,V4,taxi_conventionne,B,standard_assis,1
P92,V5,taxi_conventionne,O,standard_assis,1
P92,V5,taxi_conventionne,B,standard_assis,1
P92,V6,taxi_conventionne,O,standard_assis,1
P92,V6,taxi_conventionne,B,standard_assis,1
P92,V7,taxi_conventionne,O,standard_assis,1
P92,V7,taxi_conventionne,B,standard_assis,1
P92,V8,taxi_conventionne,O,standard_assis,1
P92,V8,taxi_conventionne,B,standard_assis,1
P92,V9,taxi_conventionne,O,standard_assis,1
P92,V9,taxi_conventionne,B,standard_assis,1
P92,V10,taxi_conventionne,O,standard_assis,1
P92,V10,taxi_conventionne,B,standard_assis,1
P92,V11,vsl,O,standard_assis,1
P92,V11,vsl,B,standard_assis,1
P92,V12,vsl,O,standard_assis,1
P92,V12,vsl,B,standard_assis,1
P92,V13,vsl,O,standard_assis,1
P92,V13,vsl,B,standard_assis,1
P92,V14,vsl,O,standard_assis,1
P92,V14,vsl,B,standard_assis,1
P92,V15,vsl,O,standard_assis,1
P92,V15,vsl,B,standard_assis,1
P92,V16,vsl,O,standard_assis,1
P92,V16,vsl,B,standard_assis,1
P92,V17,vsl,O,standard_assis,1
P92,V17,vsl,B,standard_assis,1
P92,V18,vtc_premium,O,standard_assis,1
P92,V18,vtc_premium,B,standard_assis,1
P92,V19,vtc_premium,O,standard_assis,1
P92,V19,vtc_premium,B,standard_assis,1
P92,V20,vtc_premium,O,standard_assis,1
P92,V20,vtc_premium,B,standard_assis,1
P93,V1,taxi_conventionne,O,vsl_required,0
P93,V1,taxi_conventionne,B,vsl_required,0
P93,V2,taxi_conventionne,O,vsl_required,0
P93,V2,taxi_conventionne,B,vsl_required,0
P93,V3,taxi_conventionne,O,vsl_required,0
P93,V3,taxi_conventionne,B,vsl_required,0
P93,V4,taxi_conventionne,O,vsl_required,0
P93,V4,taxi_conventionne,B,vsl_required,0
P93,V5,taxi_conventionne,O,vsl_required,0
P93,V5,taxi_conventionne,B,vsl_required,0
P93,V6,taxi_conventionne,O,vsl_required,0
P93,V6,taxi_conventionne,B,vsl_required,0
P93,V7,taxi_conventionne,O,vsl_required,0
P93,V7,taxi_conventionne,B,vsl_required,0
P93,V8,taxi_conventionne,O,vsl_required,0
P93,V8,taxi_conventionne,B,vsl_required,0
P93,V9,taxi_conventionne,O,vsl_required,0
P93,V9,taxi_conventionne,B,vsl_required,0
P93,V10,taxi_conventionne,O,vsl_required,0
P93,V10,taxi_conventionne,B,vsl_required,0
P93,V11,vsl,O,vsl_required,1
P93,V11,vsl,B,vsl_required,1
P93,V12,vsl,O,vsl_required,1
P93,V12,vsl,B,vsl_required,1
P93,V13,vsl,O,vsl_required,1
P93,V13,vsl,B,vsl_required,1
P93,V14,vsl,O,vsl_required,1
P93,V14,vsl,B,vsl_required,1
P93,V15,vsl,O,vsl_required,1
P93,V15,vsl,B,vsl_required,1
P93,V16,vsl,O,vsl_required,1
P93,V16,vsl,B,vsl_required,1
P93,V17,vsl,O,vsl_required,1
P93,V17,vsl,B,vsl_required,1
P93,V18,vtc_premium,O,vsl_required,0
P93,V18,vtc_premium,B,vsl_required,0
P93,V19,vtc_premium,O,vsl_required,0
P93,V19,vtc_premium,B,vsl_required,0
P93,V20,vtc_premium,O,vsl_required,0
P93,V20,vtc_premium,B,vsl_required,0
P94,V1,taxi_conventionne,O,vsl_required,0
P94,V1,taxi_conventionne,B,vsl_required,0
P94,V2,taxi_conventionne,O,vsl_required,0
P94,V2,taxi_conventionne,B,vsl_required,0
P94,V3,taxi_conventionne,O,vsl_required,0
P94,V3,taxi_conventionne,B,vsl_required,0
P94,V4,taxi_conventionne,O,vsl_required,0
P94,V4,taxi_conventionne,B,vsl_required,0
P94,V5,taxi_conventionne,O,vsl_required,0
P94,V5,taxi_conventionne,B,vsl_required,0
P94,V6,taxi_conventionne,O,vsl_required,0
P94,V6,taxi_conventionne,B,vsl_required,0
P94,V7,taxi_conventionne,O,vsl_required,0
P94,V7,taxi_conventionne,B,vsl_required,0
P94,V8,taxi_conventionne,O,vsl_required,0
P94,V8,taxi_conventionne,B,vsl_required,0
P94,V9,taxi_conventionne,O,vsl_required,0
P94,V9,taxi_conventionne,B,vsl_required,0
P94,V10,taxi_conventionne,O,vsl_required,0
P94,V10,taxi_conventionne,B,vsl_required,0
P94,V11,vsl,O,vsl_required,1
P94,V11,vsl,B,vsl_required,1
P94,V12,vsl,O,vsl_required,1
P94,V12,vsl,B,vsl_required,1
P94,V13,vsl,O,vsl_required,1
P94,V13,vsl,B,vsl_required,1
P94,V14,vsl,O,vsl_required,1
P94,V14,vsl,B,vsl_required,1
P94,V15,vsl,O,vsl_required,1
P94,V15,vsl,B,vsl_required,1
P94,V16,vsl,O,vsl_required,1
P94,V16,vsl,B,vsl_required,1
P94,V17,vsl,O,vsl_required,1
P94,V17,vsl,B,vsl_required,1
P94,V18,vtc_premium,O,vsl_required,0
P94,V18,vtc_premium,B,vsl_required,0
P94,V19,vtc_premium,O,vsl_required,0
P94,V19,vtc_premium,B,vsl_required,0
P94,V20,vtc_premium,O,vsl_required,0
P94,V20,vtc_premium,B,vsl_required,0
P95,V1,taxi_conventionne,O,prescription_medicale,1
P95,V1,taxi_conventionne,B,prescription_medicale,1
P95,V2,taxi_conventionne,O,prescription_medicale,1
P95,V2,taxi_conventionne,B,prescription_medicale,1
P95,V3,taxi_conventionne,O,prescription_medicale,1
P95,V3,taxi_conventionne,B,prescription_medicale,1
P95,V4,taxi_conventionne,O,prescription_medicale,1
P95,V4,taxi_conventionne,B,prescription_medicale,1
P95,V5,taxi_conventionne,O,prescription_medicale,1
P95,V5,taxi_conventionne,B,prescription_medicale,1
P95,V6,taxi_conventionne,O,prescription_medicale,1
P95,V6,taxi_conventionne,B,prescription_medicale,1
P95,V7,taxi_conventionne,O,prescription_medicale,1
P95,V7,taxi_conventionne,B,prescription_medicale,1
P95,V8,taxi_conventionne,O,prescription_medicale,1
P95,V8,taxi_conventionne,B,prescription_medicale,1
P95,V9,taxi_conventionne,O,prescription_medicale,1
P95,V9,taxi_conventionne,B,prescription_medicale,1
P95,V10,taxi_conventionne,O,prescription_medicale,1
P95,V10,taxi_conventionne,B,prescription_medicale,1
P95,V11,vsl,O,prescription_medicale,1
P95,V11,vsl,B,prescription_medicale,1
P95,V12,vsl,O,prescription_medicale,1
P95,V12,vsl,B,prescription_medicale,1
P95,V13,vsl,O,prescription_medicale,1
P95,V13,vsl,B,prescription_medicale,1
P95,V14,vsl,O,prescription_medicale,1
P95,V14,vsl,B,prescription_medicale,1
P95,V15,vsl,O,prescription_medicale,1
P95,V15,vsl,B,prescription_medicale,1
P95,V16,vsl,O,prescription_medicale,1
P95,V16,vsl,B,prescription_medicale,1
P95,V17,vsl,O,prescription_medicale,1
P95,V17,vsl,B,prescription_medicale,1
P95,V18,vtc_premium,O,prescription_medicale,0
P95,V18,vtc_premium,B,prescription_medicale,0
P95,V19,vtc_premium,O,prescription_medicale,0
P95,V19,vtc_premium,B,prescription_medicale,0
P95,V20,vtc_premium,O,prescription_medicale,0
P95,V20,vtc_premium,B,prescription_medicale,0
P96,V1,taxi_conventionne,O,prescription_medicale,1
P96,V1,taxi_conventionne,B,prescription_medicale,1
P96,V2,taxi_conventionne,O,prescription_medicale,1
P96,V2,taxi_conventionne,B,prescription_medicale,1
P96,V3,taxi_conventionne,O,prescription_medicale,1
P96,V3,taxi_conventionne,B,prescription_medicale,1
P96,V4,taxi_conventionne,O,prescription_medicale,1
P96,V4,taxi_conventionne,B,prescription_medicale,1
P96,V5,taxi_conventionne,O,prescription_medicale,1
P96,V5,taxi_conventionne,B,prescription_medicale,1
P96,V6,taxi_conventionne,O,prescription_medicale,1
P96,V6,taxi_conventionne,B,prescription_medicale,1
P96,V7,taxi_conventionne,O,prescription_medicale,1
P96,V7,taxi_conventionne,B,prescription_medicale,1
P96,V8,taxi_conventionne,O,prescription_medicale,1
P96,V8,taxi_conventionne,B,prescription_medicale,1
P96,V9,taxi_conventionne,O,prescription_medicale,1
P96,V9,taxi_conventionne,B,prescription_medicale,1
P96,V10,taxi_conventionne,O,prescription_medicale,1
P96,V10,taxi_conventionne,B,prescription_medicale,1
P96,V11,vsl,O,prescription_medicale,1
P96,V11,vsl,B,prescription_medicale,1
P96,V12,vsl,O,prescription_medicale,1
P96,V12,vsl,B,prescription_medicale,1
P96,V13,vsl,O,prescription_medicale,1
P96,V13,vsl,B,prescription_medicale,1
P96,V14,vsl,O,prescription_medicale,1
P96,V14,vsl,B,prescription_medicale,1
P96,V15,vsl,O,prescription_medicale,1
P96,V15,vsl,B,prescription_medicale,1
P96,V16,vsl,O,prescription_medicale,1
P96,V16,vsl,B,prescription_medicale,1
P96,V17,vsl,O,prescription_medicale,1
P96,V17,vsl,B,prescription_medicale,1
P96,V18,vtc_premium,O,prescription_medicale,0
P96,V18,vtc_premium,B,prescription_medicale,0
P96,V19,vtc_premium,O,prescription_medicale,0
P96,V19,vtc_premium,B,prescription_medicale,0
P96,V20,vtc_premium,O,prescription_medicale,0
P96,V20,vtc_premium,B,prescription_medicale,0
P97,V1,taxi_conventionne,O,vsl_required,0
P97,V1,taxi_conventionne,B,vsl_required,0
P97,V2,taxi_conventionne,O,vsl_required,0
P97,V2,taxi_conventionne,B,vsl_required,0
P97,V3,taxi_conventionne,O,vsl_required,0
P97,V3,taxi_conventionne,B,vsl_required,0
P97,V4,taxi_conventionne,O,vsl_required,0
P97,V4,taxi_conventionne,B,vsl_required,0
P97,V5,taxi_conventionne,O,vsl_required,0
P97,V5,taxi_conventionne,B,vsl_required,0
P97,V6,taxi_conventionne,O,vsl_required,0
P97,V6,taxi_conventionne,B,vsl_required,0
P97,V7,taxi_conventionne,O,vsl_required,0
P97,V7,taxi_conventionne,B,vsl_required,0
P97,V8,taxi_conventionne,O,vsl_required,0
P97,V8,taxi_conventionne,B,vsl_required,0
P97,V9,taxi_conventionne,O,vsl_required,0
P97,V9,taxi_conventionne,B,vsl_required,0
P97,V10,taxi_conventionne,O,vsl_required,0
P97,V10,taxi_conventionne,B,vsl_required,0
P97,V11,vsl,O,vsl_required,1
P97,V11,vsl,B,vsl_required,1
P97,V12,vsl,O,vsl_required,1
P97,V12,vsl,B,vsl_required,1
P97,V13,vsl,O,vsl_required,1
P97,V13,vsl,B,vsl_required,1
P97,V14,vsl,O,vsl_required,1
P97,V14,vsl,B,vsl_required,1
P97,V15,vsl,O,vsl_required,1
P97,V15,vsl,B,vsl_required,1
P97,V16,vsl,O,vsl_required,1
P97,V16,vsl,B,vsl_required,1
P97,V17,vsl,O,vsl_required,1
P97,V17,vsl,B,vsl_required,1
P97,V18,vtc_premium,O,vsl_required,0
P97,V18,vtc_premium,B,vsl_required,0
P97,V19,vtc_premium,O,vsl_required,0
P97,V19,vtc_premium,B,vsl_required,0
P97,V20,vtc_premium,O,vsl_required,0
P97,V20,vtc_premium,B,vsl_required,0
P98,V1,taxi_conventionne,O,standard_assis,1
P98,V1,taxi_conventionne,B,standard_assis,1
P98,V2,taxi_conventionne,O,standard_assis,1
P98,V2,taxi_conventionne,B,standard_assis,1
P98,V3,taxi_conventionne,O,standard_assis,1
P98,V3,taxi_conventionne,B,standard_assis,1
P98,V4,taxi_conventionne,O,standard_assis,1
P98,V4,taxi_conventionne,B,standard_assis,1
P98,V5,taxi_conventionne,O,standard_assis,1
P98,V5,taxi_conventionne,B,standard_assis,1
P98,V6,taxi_conventionne,O,standard_assis,1
P98,V6,taxi_conventionne,B,standard_assis,1
P98,V7,taxi_conventionne,O,standard_assis,1
P98,V7,taxi_conventionne,B,standard_assis,1
P98,V8,taxi_conventionne,O,standard_assis,1
P98,V8,taxi_conventionne,B,standard_assis,1
P98,V9,taxi_conventionne,O,standard_assis,1
P98,V9,taxi_conventionne,B,standard_assis,1
P98,V10,taxi_conventionne,O,standard_assis,1
P98,V10,taxi_conventionne,B,standard_assis,1
P98,V11,vsl,O,standard_assis,1
P98,V11,vsl,B,standard_assis,1
P98,V12,vsl,O,standard_assis,1
P98,V12,vsl,B,standard_assis,1
P98,V13,vsl,O,standard_assis,1
P98,V13,vsl,B,standard_assis,1
P98,V14,vsl,O,standard_assis,1
P98,V14,vsl,B,standard_assis,1
P98,V15,vsl,O,standard_assis,1
P98,V15,vsl,B,standard_assis,1
P98,V16,vsl,O,standard_assis,1
P98,V16,vsl,B,standard_assis,1
P98,V17,vsl,O,standard_assis,1
P98,V17,vsl,B,standard_assis,1
P98,V18,vtc_premium,O,standard_assis,1
P98,V18,vtc_premium,B,standard_assis,1
P98,V19,vtc_premium,O,standard_assis,1
P98,V19,vtc_premium,B,standard_assis,1
P98,V20,vtc_premium,O,standard_assis,1
P98,V20,vtc_premium,B,standard_assis,1
P99,V1,taxi_conventionne,O,vsl_required,0
P99,V1,taxi_conventionne,B,vsl_required,0
P99,V2,taxi_conventionne,O,vsl_required,0
P99,V2,taxi_conventionne,B,vsl_required,0
P99,V3,taxi_conventionne,O,vsl_required,0
P99,V3,taxi_conventionne,B,vsl_required,0
P99,V4,taxi_conventionne,O,vsl_required,0
P99,V4,taxi_conventionne,B,vsl_required,0
P99,V5,taxi_conventionne,O,vsl_required,0
P99,V5,taxi_conventionne,B,vsl_required,0
P99,V6,taxi_conventionne,O,vsl_required,0
P99,V6,taxi_conventionne,B,vsl_required,0
P99,V7,taxi_conventionne,O,vsl_required,0
P99,V7,taxi_conventionne,B,vsl_required,0
P99,V8,taxi_conventionne,O,vsl_required,0
P99,V8,taxi_conventionne,B,vsl_required,0
P99,V9,taxi_conventionne,O,vsl_required,0
P99,V9,taxi_conventionne,B,vsl_required,0
P99,V10,taxi_conventionne,O,vsl_required,0
P99,V10,taxi_conventionne,B,vsl_required,0
P99,V11,vsl,O,vsl_required,1
P99,V11,vsl,B,vsl_required,1
P99,V12,vsl,O,vsl_required,1
P99,V12,vsl,B,vsl_required,1
P99,V13,vsl,O,vsl_required,1
P99,V13,vsl,B,vsl_required,1
P99,V14,vsl,O,vsl_required,1
P99,V14,vsl,B,vsl_required,1
P99,V15,vsl,O,vsl_required,1
P99,V15,vsl,B,vsl_required,1
P99,V16,vsl,O,vsl_required,1
P99,V16,vsl,B,vsl_required,1
P99,V17,vsl,O,vsl_required,1
P99,V17,vsl,B,vsl_required,1
P99,V18,vtc_premium,O,vsl_required,0
P99,V18,vtc_premium,B,vsl_required,0
P99,V19,vtc_premium,O,vsl_required,0
P99,V19,vtc_premium,B,vsl_required,0
P99,V20,vtc_premium,O,vsl_required,0
P99,V20,vtc_premium,B,vsl_required,0
P100,V1,taxi_conventionne,O,vsl_required,0
P100,V1,taxi_conventionne,B,vsl_required,0
P100,V2,taxi_conventionne,O,vsl_required,0
P100,V2,taxi_conventionne,B,vsl_required,0
P100,V3,taxi_conventionne,O,vsl_required,0
P100,V3,taxi_conventionne,B,vsl_required,0
P100,V4,taxi_conventionne,O,vsl_required,0
P100,V4,taxi_conventionne,B,vsl_required,0
P100,V5,taxi_conventionne,O,vsl_required,0
P100,V5,taxi_conventionne,B,vsl_required,0
P100,V6,taxi_conventionne,O,vsl_required,0
P100,V6,taxi_conventionne,B,vsl_required,0
P100,V7,taxi_conventionne,O,vsl_required,0
P100,V7,taxi_conventionne,B,vsl_required,0
P100,V8,taxi_conventionne,O,vsl_required,0
P100,V8,taxi_conventionne,B,vsl_required,0
P100,V9,taxi_conventionne,O,vsl_required,0
P100,V9,taxi_conventionne,B,vsl_required,0
P100,V10,taxi_conventionne,O,vsl_required,0
P100,V10,taxi_conventionne,B,vsl_required,0
P100,V11,vsl,O,vsl_required,1
P100,V11,vsl,B,vsl_required,1
P100,V12,vsl,O,vsl_required,1
P100,V12,vsl,B,vsl_required,1
P100,V13,vsl,O,vsl_required,1
P100,V13,vsl,B,vsl_required,1
P100,V14,vsl,O,vsl_required,1
P100,V14,vsl,B,vsl_required,1
P100,V15,vsl,O,vsl_required,1
P100,V15,vsl,B,vsl_required,1
P100,V16,vsl,O,vsl_required,1
P100,V16,vsl,B,vsl_required,1
P100,V17,vsl,O,vsl_required,1
P100,V17,vsl,B,vsl_required,1
P100,V18,vtc_premium,O,vsl_required,0
P100,V18,vtc_premium,B,vsl_required,0
P100,V19,vtc_premium,O,vsl_required,0
P100,V19,vtc_premium,B,vsl_required,0
P100,V20,vtc_premium,O,vsl_required,0
P100,V20,vtc_premium,B,vsl_required,0
P101,V1,taxi_conventionne,O,prescription_medicale,1
P101,V1,taxi_conventionne,B,prescription_medicale,1
P101,V2,taxi_conventionne,O,prescription_medicale,1
P101,V2,taxi_conventionne,B,prescription_medicale,1
P101,V3,taxi_conventionne,O,prescription_medicale,1
P101,V3,taxi_conventionne,B,prescription_medicale,1
P101,V4,taxi_conventionne,O,prescription_medicale,1
P101,V4,taxi_conventionne,B,prescription_medicale,1
P101,V5,taxi_conventionne,O,prescription_medicale,1
P101,V5,taxi_conventionne,B,prescription_medicale,1
P101,V6,taxi_conventionne,O,prescription_medicale,1
P101,V6,taxi_conventionne,B,prescription_medicale,1
P101,V7,taxi_conventionne,O,prescription_medicale,1
P101,V7,taxi_conventionne,B,prescription_medicale,1
P101,V8,taxi_conventionne,O,prescription_medicale,1
P101,V8,taxi_conventionne,B,prescription_medicale,1
P101,V9,taxi_conventionne,O,prescription_medicale,1
P101,V9,taxi_conventionne,B,prescription_medicale,1
P101,V10,taxi_conventionne,O,prescription_medicale,1
P101,V10,taxi_conventionne,B,prescription_medicale,1
P101,V11,vsl,O,prescription_medicale,1
P101,V11,vsl,B,prescription_medicale,1
P101,V12,vsl,O,prescription_medicale,1
P101,V12,vsl,B,prescription_medicale,1
P101,V13,vsl,O,prescription_medicale,1
P101,V13,vsl,B,prescription_medicale,1
P101,V14,vsl,O,prescription_medicale,1
P101,V14,vsl,B,prescription_medicale,1
P101,V15,vsl,O,prescription_medicale,1
P101,V15,vsl,B,prescription_medicale,1
P101,V16,vsl,O,prescription_medicale,1
P101,V16,vsl,B,prescription_medicale,1
P101,V17,vsl,O,prescription_medicale,1
P101,V17,vsl,B,prescription_medicale,1
P101,V18,vtc_premium,O,prescription_medicale,0
P101,V18,vtc_premium,B,prescription_medicale,0
P101,V19,vtc_premium,O,prescription_medicale,0
P101,V19,vtc_premium,B,prescription_medicale,0
P101,V20,vtc_premium,O,prescription_medicale,0
P101,V20,vtc_premium,B,prescription_medicale,0
P102,V1,taxi_conventionne,O,prescription_medicale,1
P102,V1,taxi_conventionne,B,prescription_medicale,1
P102,V2,taxi_conventionne,O,prescription_medicale,1
P102,V2,taxi_conventionne,B,prescription_medicale,1
P102,V3,taxi_conventionne,O,prescription_medicale,1
P102,V3,taxi_conventionne,B,prescription_medicale,1
P102,V4,taxi_conventionne,O,prescription_medicale,1
P102,V4,taxi_conventionne,B,prescription_medicale,1
P102,V5,taxi_conventionne,O,prescription_medicale,1
P102,V5,taxi_conventionne,B,prescription_medicale,1
P102,V6,taxi_conventionne,O,prescription_medicale,1
P102,V6,taxi_conventionne,B,prescription_medicale,1
P102,V7,taxi_conventionne,O,prescription_medicale,1
P102,V7,taxi_conventionne,B,prescription_medicale,1
P102,V8,taxi_conventionne,O,prescription_medicale,1
P102,V8,taxi_conventionne,B,prescription_medicale,1
P102,V9,taxi_conventionne,O,prescription_medicale,1
P102,V9,taxi_conventionne,B,prescription_medicale,1
P102,V10,taxi_conventionne,O,prescription_medicale,1
P102,V10,taxi_conventionne,B,prescription_medicale,1
P102,V11,vsl,O,prescription_medicale,1
P102,V11,vsl,B,prescription_medicale,1
P102,V12,vsl,O,prescription_medicale,1
P102,V12,vsl,B,prescription_medicale,1
P102,V13,vsl,O,prescription_medicale,1
P102,V13,vsl,B,prescription_medicale,1
P102,V14,vsl,O,prescription_medicale,1
P102,V14,vsl,B,prescription_medicale,1
P102,V15,vsl,O,prescription_medicale,1
P102,V15,vsl,B,prescription_medicale,1
P102,V16,vsl,O,prescription_medicale,1
P102,V16,vsl,B,prescription_medicale,1
P102,V17,vsl,O,prescription_medicale,1
P102,V17,vsl,B,prescription_medicale,1
P102,V18,vtc_premium,O,prescription_medicale,0
P102,V18,vtc_premium,B,prescription_medicale,0
P102,V19,vtc_premium,O,prescription_medicale,0
P102,V19,vtc_premium,B,prescription_medicale,0
P102,V20,vtc_premium,O,prescription_medicale,0
P102,V20,vtc_premium,B,prescription_medicale,0
P103,V1,taxi_conventionne,O,vsl_required,0
P103,V1,taxi_conventionne,B,vsl_required,0
P103,V2,taxi_conventionne,O,vsl_required,0
P103,V2,taxi_conventionne,B,vsl_required,0
P103,V3,taxi_conventionne,O,vsl_required,0
P103,V3,taxi_conventionne,B,vsl_required,0
P103,V4,taxi_conventionne,O,vsl_required,0
P103,V4,taxi_conventionne,B,vsl_required,0
P103,V5,taxi_conventionne,O,vsl_required,0
P103,V5,taxi_conventionne,B,vsl_required,0
P103,V6,taxi_conventionne,O,vsl_required,0
P103,V6,taxi_conventionne,B,vsl_required,0
P103,V7,taxi_conventionne,O,vsl_required,0
P103,V7,taxi_conventionne,B,vsl_required,0
P103,V8,taxi_conventionne,O,vsl_required,0
P103,V8,taxi_conventionne,B,vsl_required,0
P103,V9,taxi_conventionne,O,vsl_required,0
P103,V9,taxi_conventionne,B,vsl_required,0
P103,V10,taxi_conventionne,O,vsl_required,0
P103,V10,taxi_conventionne,B,vsl_required,0
P103,V11,vsl,O,vsl_required,1
P103,V11,vsl,B,vsl_required,1
P103,V12,vsl,O,vsl_required,1
P103,V12,vsl,B,vsl_required,1
P103,V13,vsl,O,vsl_required,1
P103,V13,vsl,B,vsl_required,1
P103,V14,vsl,O,vsl_required,1
P103,V14,vsl,B,vsl_required,1
P103,V15,vsl,O,vsl_required,1
P103,V15,vsl,B,vsl_required,1
P103,V16,vsl,O,vsl_required,1
P103,V16,vsl,B,vsl_required,1
P103,V17,vsl,O,vsl_required,1
P103,V17,vsl,B,vsl_required,1
P103,V18,vtc_premium,O,vsl_required,0
P103,V18,vtc_premium,B,vsl_required,0
P103,V19,vtc_premium,O,vsl_required,0
P103,V19,vtc_premium,B,vsl_required,0
P103,V20,vtc_premium,O,vsl_required,0
P103,V20,vtc_premium,B,vsl_required,0
P104,V1,taxi_conventionne,O,vsl_required,0
P104,V1,taxi_conventionne,B,vsl_required,0
P104,V2,taxi_conventionne,O,vsl_required,0
P104,V2,taxi_conventionne,B,vsl_required,0
P104,V3,taxi_conventionne,O,vsl_required,0
P104,V3,taxi_conventionne,B,vsl_required,0
P104,V4,taxi_conventionne,O,vsl_required,0
P104,V4,taxi_conventionne,B,vsl_required,0
P104,V5,taxi_conventionne,O,vsl_required,0
P104,V5,taxi_conventionne,B,vsl_required,0
P104,V6,taxi_conventionne,O,vsl_required,0
P104,V6,taxi_conventionne,B,vsl_required,0
P104,V7,taxi_conventionne,O,vsl_required,0
P104,V7,taxi_conventionne,B,vsl_required,0
P104,V8,taxi_conventionne,O,vsl_required,0
P104,V8,taxi_conventionne,B,vsl_required,0
P104,V9,taxi_conventionne,O,vsl_required,0
P104,V9,taxi_conventionne,B,vsl_required,0
P104,V10,taxi_conventionne,O,vsl_required,0
P104,V10,taxi_conventionne,B,vsl_required,0
P104,V11,vsl,O,vsl_required,1
P104,V11,vsl,B,vsl_required,1
P104,V12,vsl,O,vsl_required,1
P104,V12,vsl,B,vsl_required,1
P104,V13,vsl,O,vsl_required,1
P104,V13,vsl,B,vsl_required,1
P104,V14,vsl,O,vsl_required,1
P104,V14,vsl,B,vsl_required,1
P104,V15,vsl,O,vsl_required,1
P104,V15,vsl,B,vsl_required,1
P104,V16,vsl,O,vsl_required,1
P104,V16,vsl,B,vsl_required,1
P104,V17,vsl,O,vsl_required,1
P104,V17,vsl,B,vsl_required,1
P104,V18,vtc_premium,O,vsl_required,0
P104,V18,vtc_premium,B,vsl_required,0
P104,V19,vtc_premium,O,vsl_required,0
P104,V19,vtc_premium,B,vsl_required,0
P104,V20,vtc_premium,O,vsl_required,0
P104,V20,vtc_premium,B,vsl_required,0
P105,V1,taxi_conventionne,O,premium,1
P105,V1,taxi_conventionne,B,premium,1
P105,V2,taxi_conventionne,O,premium,1
P105,V2,taxi_conventionne,B,premium,1
P105,V3,taxi_conventionne,O,premium,1
P105,V3,taxi_conventionne,B,premium,1
P105,V4,taxi_conventionne,O,premium,1
P105,V4,taxi_conventionne,B,premium,1
P105,V5,taxi_conventionne,O,premium,1
P105,V5,taxi_conventionne,B,premium,1
P105,V6,taxi_conventionne,O,premium,1
P105,V6,taxi_conventionne,B,premium,1
P105,V7,taxi_conventionne,O,premium,1
P105,V7,taxi_conventionne,B,premium,1
P105,V8,taxi_conventionne,O,premium,1
P105,V8,taxi_conventionne,B,premium,1
P105,V9,taxi_conventionne,O,premium,1
P105,V9,taxi_conventionne,B,premium,1
P105,V10,taxi_conventionne,O,premium,1
P105,V10,taxi_conventionne,B,premium,1
P105,V11,vsl,O,premium,0
P105,V11,vsl,B,premium,0
P105,V12,vsl,O,premium,0
P105,V12,vsl,B,premium,0
P105,V13,vsl,O,premium,0
P105,V13,vsl,B,premium,0
P105,V14,vsl,O,premium,0
P105,V14,vsl,B,premium,0
P105,V15,vsl,O,premium,0
P105,V15,vsl,B,premium,0
P105,V16,vsl,O,premium,0
P105,V16,vsl,B,premium,0
P105,V17,vsl,O,premium,0
P105,V17,vsl,B,premium,0
P105,V18,vtc_premium,O,premium,1
P105,V18,vtc_premium,B,premium,1
P105,V19,vtc_premium,O,premium,1
P105,V19,vtc_premium,B,premium,1
P105,V20,vtc_premium,O,premium,1
P105,V20,vtc_premium,B,premium,1
P106,V1,taxi_conventionne,O,vsl_required,0
P106,V1,taxi_conventionne,B,vsl_required,0
P106,V2,taxi_conventionne,O,vsl_required,0
P106,V2,taxi_conventionne,B,vsl_required,0
P106,V3,taxi_conventionne,O,vsl_required,0
P106,V3,taxi_conventionne,B,vsl_required,0
P106,V4,taxi_conventionne,O,vsl_required,0
P106,V4,taxi_conventionne,B,vsl_required,0
P106,V5,taxi_conventionne,O,vsl_required,0
P106,V5,taxi_conventionne,B,vsl_required,0
P106,V6,taxi_conventionne,O,vsl_required,0
P106,V6,taxi_conventionne,B,vsl_required,0
P106,V7,taxi_conventionne,O,vsl_required,0
P106,V7,taxi_conventionne,B,vsl_required,0
P106,V8,taxi_conventionne,O,vsl_required,0
P106,V8,taxi_conventionne,B,vsl_required,0
P106,V9,taxi_conventionne,O,vsl_required,0
P106,V9,taxi_conventionne,B,vsl_required,0
P106,V10,taxi_conventionne,O,vsl_required,0
P106,V10,taxi_conventionne,B,vsl_required,0
P106,V11,vsl,O,vsl_required,1
P106,V11,vsl,B,vsl_required,1
P106,V12,vsl,O,vsl_required,1
P106,V12,vsl,B,vsl_required,1
P106,V13,vsl,O,vsl_required,1
P106,V13,vsl,B,vsl_required,1
P106,V14,vsl,O,vsl_required,1
P106,V14,vsl,B,vsl_required,1
P106,V15,vsl,O,vsl_required,1
P106,V15,vsl,B,vsl_required,1
P106,V16,vsl,O,vsl_required,1
P106,V16,vsl,B,vsl_required,1
P106,V17,vsl,O,vsl_required,1
P106,V17,vsl,B,vsl_required,1
P106,V18,vtc_premium,O,vsl_required,0
P106,V18,vtc_premium,B,vsl_required,0
P106,V19,vtc_premium,O,vsl_required,0
P106,V19,vtc_premium,B,vsl_required,0
P106,V20,vtc_premium,O,vsl_required,0
P106,V20,vtc_premium,B,vsl_required,0
P107,V1,taxi_conventionne,O,vsl_required,0
P107,V1,taxi_conventionne,B,vsl_required,0
P107,V2,taxi_conventionne,O,vsl_required,0
P107,V2,taxi_conventionne,B,vsl_required,0
P107,V3,taxi_conventionne,O,vsl_required,0
P107,V3,taxi_conventionne,B,vsl_required,0
P107,V4,taxi_conventionne,O,vsl_required,0
P107,V4,taxi_conventionne,B,vsl_required,0
P107,V5,taxi_conventionne,O,vsl_required,0
P107,V5,taxi_conventionne,B,vsl_required,0
P107,V6,taxi_conventionne,O,vsl_required,0
P107,V6,taxi_conventionne,B,vsl_required,0
P107,V7,taxi_conventionne,O,vsl_required,0
P107,V7,taxi_conventionne,B,vsl_required,0
P107,V8,taxi_conventionne,O,vsl_required,0
P107,V8,taxi_conventionne,B,vsl_required,0
P107,V9,taxi_conventionne,O,vsl_required,0
P107,V9,taxi_conventionne,B,vsl_required,0
P107,V10,taxi_conventionne,O,vsl_required,0
P107,V10,taxi_conventionne,B,vsl_required,0
P107,V11,vsl,O,vsl_required,1
P107,V11,vsl,B,vsl_required,1
P107,V12,vsl,O,vsl_required,1
P107,V12,vsl,B,vsl_required,1
P107,V13,vsl,O,vsl_required,1
P107,V13,vsl,B,vsl_required,1
P107,V14,vsl,O,vsl_required,1
P107,V14,vsl,B,vsl_required,1
P107,V15,vsl,O,vsl_required,1
P107,V15,vsl,B,vsl_required,1
P107,V16,vsl,O,vsl_required,1
P107,V16,vsl,B,vsl_required,1
P107,V17,vsl,O,vsl_required,1
P107,V17,vsl,B,vsl_required,1
P107,V18,vtc_premium,O,vsl_required,0
P107,V18,vtc_premium,B,vsl_required,0
P107,V19,vtc_premium,O,vsl_required,0
P107,V19,vtc_premium,B,vsl_required,0
P107,V20,vtc_premium,O,vsl_required,0
P107,V20,vtc_premium,B,vsl_required,0
P108,V1,taxi_conventionne,O,prescription_medicale,1
P108,V1,taxi_conventionne,B,prescription_medicale,1
P108,V2,taxi_conventionne,O,prescription_medicale,1
P108,V2,taxi_conventionne,B,prescription_medicale,1
P108,V3,taxi_conventionne,O,prescription_medicale,1
P108,V3,taxi_conventionne,B,prescription_medicale,1
P108,V4,taxi_conventionne,O,prescription_medicale,1
P108,V4,taxi_conventionne,B,prescription_medicale,1
P108,V5,taxi_conventionne,O,prescription_medicale,1
P108,V5,taxi_conventionne,B,prescription_medicale,1
P108,V6,taxi_conventionne,O,prescription_medicale,1
P108,V6,taxi_conventionne,B,prescription_medicale,1
P108,V7,taxi_conventionne,O,prescription_medicale,1
P108,V7,taxi_conventionne,B,prescription_medicale,1
P108,V8,taxi_conventionne,O,prescription_medicale,1
P108,V8,taxi_conventionne,B,prescription_medicale,1
P108,V9,taxi_conventionne,O,prescription_medicale,1
P108,V9,taxi_conventionne,B,prescription_medicale,1
P108,V10,taxi_conventionne,O,prescription_medicale,1
P108,V10,taxi_conventionne,B,prescription_medicale,1
P108,V11,vsl,O,prescription_medicale,1
P108,V11,vsl,B,prescription_medicale,1
P108,V12,vsl,O,prescription_medicale,1
P108,V12,vsl,B,prescription_medicale,1
P108,V13,vsl,O,prescription_medicale,1
P108,V13,vsl,B,prescription_medicale,1
P108,V14,vsl,O,prescription_medicale,1
P108,V14,vsl,B,prescription_medicale,1
P108,V15,vsl,O,prescription_medicale,1
P108,V15,vsl,B,prescription_medicale,1
P108,V16,vsl,O,prescription_medicale,1
P108,V16,vsl,B,prescription_medicale,1
P108,V17,vsl,O,prescription_medicale,1
P108,V17,vsl,B,prescription_medicale,1
P108,V18,vtc_premium,O,prescription_medicale,0
P108,V18,vtc_premium,B,prescription_medicale,0
P108,V19,vtc_premium,O,prescription_medicale,0
P108,V19,vtc_premium,B,prescription_medicale,0
P108,V20,vtc_premium,O,prescription_medicale,0
P108,V20,vtc_premium,B,prescription_medicale,0
P109,V1,taxi_conventionne,O,standard_assis,1
P109,V1,taxi_conventionne,B,standard_assis,1
P109,V2,taxi_conventionne,O,standard_assis,1
P109,V2,taxi_conventionne,B,standard_assis,1
P109,V3,taxi_conventionne,O,standard_assis,1
P109,V3,taxi_conventionne,B,standard_assis,1
P109,V4,taxi_conventionne,O,standard_assis,1
P109,V4,taxi_conventionne,B,standard_assis,1
P109,V5,taxi_conventionne,O,standard_assis,1
P109,V5,taxi_conventionne,B,standard_assis,1
P109,V6,taxi_conventionne,O,standard_assis,1
P109,V6,taxi_conventionne,B,standard_assis,1
P109,V7,taxi_conventionne,O,standard_assis,1
P109,V7,taxi_conventionne,B,standard_assis,1
P109,V8,taxi_conventionne,O,standard_assis,1
P109,V8,taxi_conventionne,B,standard_assis,1
P109,V9,taxi_conventionne,O,standard_assis,1
P109,V9,taxi_conventionne,B,standard_assis,1
P109,V10,taxi_conventionne,O,standard_assis,1
P109,V10,taxi_conventionne,B,standard_assis,1
P109,V11,vsl,O,standard_assis,1
P109,V11,vsl,B,standard_assis,1
P109,V12,vsl,O,standard_assis,1
P109,V12,vsl,B,standard_assis,1
P109,V13,vsl,O,standard_assis,1
P109,V13,vsl,B,standard_assis,1
P109,V14,vsl,O,standard_assis,1
P109,V14,vsl,B,standard_assis,1
P109,V15,vsl,O,standard_assis,1
P109,V15,vsl,B,standard_assis,1
P109,V16,vsl,O,standard_assis,1
P109,V16,vsl,B,standard_assis,1
P109,V17,vsl,O,standard_assis,1
P109,V17,vsl,B,standard_assis,1
P109,V18,vtc_premium,O,standard_assis,1
P109,V18,vtc_premium,B,standard_assis,1
P109,V19,vtc_premium,O,standard_assis,1
P109,V19,vtc_premium,B,standard_assis,1
P109,V20,vtc_premium,O,standard_assis,1
P109,V20,vtc_premium,B,standard_assis,1
P110,V1,taxi_conventionne,O,vsl_required,0
P110,V1,taxi_conventionne,B,vsl_required,0
P110,V2,taxi_conventionne,O,vsl_required,0
P110,V2,taxi_conventionne,B,vsl_required,0
P110,V3,taxi_conventionne,O,vsl_required,0
P110,V3,taxi_conventionne,B,vsl_required,0
P110,V4,taxi_conventionne,O,vsl_required,0
P110,V4,taxi_conventionne,B,vsl_required,0
P110,V5,taxi_conventionne,O,vsl_required,0
P110,V5,taxi_conventionne,B,vsl_required,0
P110,V6,taxi_conventionne,O,vsl_required,0
P110,V6,taxi_conventionne,B,vsl_required,0
P110,V7,taxi_conventionne,O,vsl_required,0
P110,V7,taxi_conventionne,B,vsl_required,0
P110,V8,taxi_conventionne,O,vsl_required,0
P110,V8,taxi_conventionne,B,vsl_required,0
P110,V9,taxi_conventionne,O,vsl_required,0
P110,V9,taxi_conventionne,B,vsl_required,0
P110,V10,taxi_conventionne,O,vsl_required,0
P110,V10,taxi_conventionne,B,vsl_required,0
P110,V11,vsl,O,vsl_required,1
P110,V11,vsl,B,vsl_required,1
P110,V12,vsl,O,vsl_required,1
P110,V12,vsl,B,vsl_required,1
P110,V13,vsl,O,vsl_required,1
P110,V13,vsl,B,vsl_required,1
P110,V14,vsl,O,vsl_required,1
P110,V14,vsl,B,vsl_required,1
P110,V15,vsl,O,vsl_required,1
P110,V15,vsl,B,vsl_required,1
P110,V16,vsl,O,vsl_required,1
P110,V16,vsl,B,vsl_required,1
P110,V17,vsl,O,vsl_required,1
P110,V17,vsl,B,vsl_required,1
P110,V18,vtc_premium,O,vsl_required,0
P110,V18,vtc_premium,B,vsl_required,0
P110,V19,vtc_premium,O,vsl_required,0
P110,V19,vtc_premium,B,vsl_required,0
P110,V20,vtc_premium,O,vsl_required,0
P110,V20,vtc_premium,B,vsl_required,0
P111,V1,taxi_conventionne,O,vsl_required,0
P111,V1,taxi_conventionne,B,vsl_required,0
P111,V2,taxi_conventionne,O,vsl_required,0
P111,V2,taxi_conventionne,B,vsl_required,0
P111,V3,taxi_conventionne,O,vsl_required,0
P111,V3,taxi_conventionne,B,vsl_required,0
P111,V4,taxi_conventionne,O,vsl_required,0
P111,V4,taxi_conventionne,B,vsl_required,0
P111,V5,taxi_conventionne,O,vsl_required,0
P111,V5,taxi_conventionne,B,vsl_required,0
P111,V6,taxi_conventionne,O,vsl_required,0
P111,V6,taxi_conventionne,B,vsl_required,0
P111,V7,taxi_conventionne,O,vsl_required,0
P111,V7,taxi_conventionne,B,vsl_required,0
P111,V8,taxi_conventionne,O,vsl_required,0
P111,V8,taxi_conventionne,B,vsl_required,0
P111,V9,taxi_conventionne,O,vsl_required,0
P111,V9,taxi_conventionne,B,vsl_required,0
P111,V10,taxi_conventionne,O,vsl_required,0
P111,V10,taxi_conventionne,B,vsl_required,0
P111,V11,vsl,O,vsl_required,1
P111,V11,vsl,B,vsl_required,1
P111,V12,vsl,O,vsl_required,1
P111,V12,vsl,B,vsl_required,1
P111,V13,vsl,O,vsl_required,1
P111,V13,vsl,B,vsl_required,1
P111,V14,vsl,O,vsl_required,1
P111,V14,vsl,B,vsl_required,1
P111,V15,vsl,O,vsl_required,1
P111,V15,vsl,B,vsl_required,1
P111,V16,vsl,O,vsl_required,1
P111,V16,vsl,B,vsl_required,1
P111,V17,vsl,O,vsl_required,1
P111,V17,vsl,B,vsl_required,1
P111,V18,vtc_premium,O,vsl_required,0
P111,V18,vtc_premium,B,vsl_required,0
P111,V19,vtc_premium,O,vsl_required,0
P111,V19,vtc_premium,B,vsl_required,0
P111,V20,vtc_premium,O,vsl_required,0
P111,V20,vtc_premium,B,vsl_required,0
P112,V1,taxi_conventionne,O,vsl_required,0
P112,V1,taxi_conventionne,B,vsl_required,0
P112,V2,taxi_conventionne,O,vsl_required,0
P112,V2,taxi_conventionne,B,vsl_required,0
P112,V3,taxi_conventionne,O,vsl_required,0
P112,V3,taxi_conventionne,B,vsl_required,0
P112,V4,taxi_conventionne,O,vsl_required,0
P112,V4,taxi_conventionne,B,vsl_required,0
P112,V5,taxi_conventionne,O,vsl_required,0
P112,V5,taxi_conventionne,B,vsl_required,0
P112,V6,taxi_conventionne,O,vsl_required,0
P112,V6,taxi_conventionne,B,vsl_required,0
P112,V7,taxi_conventionne,O,vsl_required,0
P112,V7,taxi_conventionne,B,vsl_required,0
P112,V8,taxi_conventionne,O,vsl_required,0
P112,V8,taxi_conventionne,B,vsl_required,0
P112,V9,taxi_conventionne,O,vsl_required,0
P112,V9,taxi_conventionne,B,vsl_required,0
P112,V10,taxi_conventionne,O,vsl_required,0
P112,V10,taxi_conventionne,B,vsl_required,0
P112,V11,vsl,O,vsl_required,1
P112,V11,vsl,B,vsl_required,1
P112,V12,vsl,O,vsl_required,1
P112,V12,vsl,B,vsl_required,1
P112,V13,vsl,O,vsl_required,1
P112,V13,vsl,B,vsl_required,1
P112,V14,vsl,O,vsl_required,1
P112,V14,vsl,B,vsl_required,1
P112,V15,vsl,O,vsl_required,1
P112,V15,vsl,B,vsl_required,1
P112,V16,vsl,O,vsl_required,1
P112,V16,vsl,B,vsl_required,1
P112,V17,vsl,O,vsl_required,1
P112,V17,vsl,B,vsl_required,1
P112,V18,vtc_premium,O,vsl_required,0
P112,V18,vtc_premium,B,vsl_required,0
P112,V19,vtc_premium,O,vsl_required,0
P112,V19,vtc_premium,B,vsl_required,0
P112,V20,vtc_premium,O,vsl_required,0
P112,V20,vtc_premium,B,vsl_required,0
P113,V1,taxi_conventionne,O,prescription_medicale,1
P113,V1,taxi_conventionne,B,prescription_medicale,1
P113,V2,taxi_conventionne,O,prescription_medicale,1
P113,V2,taxi_conventionne,B,prescription_medicale,1
P113,V3,taxi_conventionne,O,prescription_medicale,1
P113,V3,taxi_conventionne,B,prescription_medicale,1
P113,V4,taxi_conventionne,O,prescription_medicale,1
P113,V4,taxi_conventionne,B,prescription_medicale,1
P113,V5,taxi_conventionne,O,prescription_medicale,1
P113,V5,taxi_conventionne,B,prescription_medicale,1
P113,V6,taxi_conventionne,O,prescription_medicale,1
P113,V6,taxi_conventionne,B,prescription_medicale,1
P113,V7,taxi_conventionne,O,prescription_medicale,1
P113,V7,taxi_conventionne,B,prescription_medicale,1
P113,V8,taxi_conventionne,O,prescription_medicale,1
P113,V8,taxi_conventionne,B,prescription_medicale,1
P113,V9,taxi_conventionne,O,prescription_medicale,1
P113,V9,taxi_conventionne,B,prescription_medicale,1
P113,V10,taxi_conventionne,O,prescription_medicale,1
P113,V10,taxi_conventionne,B,prescription_medicale,1
P113,V11,vsl,O,prescription_medicale,1
P113,V11,vsl,B,prescription_medicale,1
P113,V12,vsl,O,prescription_medicale,1
P113,V12,vsl,B,prescription_medicale,1
P113,V13,vsl,O,prescription_medicale,1
P113,V13,vsl,B,prescription_medicale,1
P113,V14,vsl,O,prescription_medicale,1
P113,V14,vsl,B,prescription_medicale,1
P113,V15,vsl,O,prescription_medicale,1
P113,V15,vsl,B,prescription_medicale,1
P113,V16,vsl,O,prescription_medicale,1
P113,V16,vsl,B,prescription_medicale,1
P113,V17,vsl,O,prescription_medicale,1
P113,V17,vsl,B,prescription_medicale,1
P113,V18,vtc_premium,O,prescription_medicale,0
P113,V18,vtc_premium,B,prescription_medicale,0
P113,V19,vtc_premium,O,prescription_medicale,0
P113,V19,vtc_premium,B,prescription_medicale,0
P113,V20,vtc_premium,O,prescription_medicale,0
P113,V20,vtc_premium,B,prescription_medicale,0
P114,V1,taxi_conventionne,O,vsl_required,0
P114,V1,taxi_conventionne,B,vsl_required,0
P114,V2,taxi_conventionne,O,vsl_required,0
P114,V2,taxi_conventionne,B,vsl_required,0
P114,V3,taxi_conventionne,O,vsl_required,0
P114,V3,taxi_conventionne,B,vsl_required,0
P114,V4,taxi_conventionne,O,vsl_required,0
P114,V4,taxi_conventionne,B,vsl_required,0
P114,V5,taxi_conventionne,O,vsl_required,0
P114,V5,taxi_conventionne,B,vsl_required,0
P114,V6,taxi_conventionne,O,vsl_required,0
P114,V6,taxi_conventionne,B,vsl_required,0
P114,V7,taxi_conventionne,O,vsl_required,0
P114,V7,taxi_conventionne,B,vsl_required,0
P114,V8,taxi_conventionne,O,vsl_required,0
P114,V8,taxi_conventionne,B,vsl_required,0
P114,V9,taxi_conventionne,O,vsl_required,0
P114,V9,taxi_conventionne,B,vsl_required,0
P114,V10,taxi_conventionne,O,vsl_required,0
P114,V10,taxi_conventionne,B,vsl_required,0
P114,V11,vsl,O,vsl_required,1
P114,V11,vsl,B,vsl_required,1
P114,V12,vsl,O,vsl_required,1
P114,V12,vsl,B,vsl_required,1
P114,V13,vsl,O,vsl_required,1
P114,V13,vsl,B,vsl_required,1
P114,V14,vsl,O,vsl_required,1
P114,V14,vsl,B,vsl_required,1
P114,V15,vsl,O,vsl_required,1
P114,V15,vsl,B,vsl_required,1
P114,V16,vsl,O,vsl_required,1
P114,V16,vsl,B,vsl_required,1
P114,V17,vsl,O,vsl_required,1
P114,V17,vsl,B,vsl_required,1
P114,V18,vtc_premium,O,vsl_required,0
P114,V18,vtc_premium,B,vsl_required,0
P114,V19,vtc_premium,O,vsl_required,0
P114,V19,vtc_premium,B,vsl_required,0
P114,V20,vtc_premium,O,vsl_required,0
P114,V20,vtc_premium,B,vsl_required,0
P115,V1,taxi_conventionne,O,vsl_required,0
P115,V1,taxi_conventionne,B,vsl_required,0
P115,V2,taxi_conventionne,O,vsl_required,0
P115,V2,taxi_conventionne,B,vsl_required,0
P115,V3,taxi_conventionne,O,vsl_required,0
P115,V3,taxi_conventionne,B,vsl_required,0
P115,V4,taxi_conventionne,O,vsl_required,0
P115,V4,taxi_conventionne,B,vsl_required,0
P115,V5,taxi_conventionne,O,vsl_required,0
P115,V5,taxi_conventionne,B,vsl_required,0
P115,V6,taxi_conventionne,O,vsl_required,0
P115,V6,taxi_conventionne,B,vsl_required,0
P115,V7,taxi_conventionne,O,vsl_required,0
P115,V7,taxi_conventionne,B,vsl_required,0
P115,V8,taxi_conventionne,O,vsl_required,0
P115,V8,taxi_conventionne,B,vsl_required,0
P115,V9,taxi_conventionne,O,vsl_required,0
P115,V9,taxi_conventionne,B,vsl_required,0
P115,V10,taxi_conventionne,O,vsl_required,0
P115,V10,taxi_conventionne,B,vsl_required,0
P115,V11,vsl,O,vsl_required,1
P115,V11,vsl,B,vsl_required,1
P115,V12,vsl,O,vsl_required,1
P115,V12,vsl,B,vsl_required,1
P115,V13,vsl,O,vsl_required,1
P115,V13,vsl,B,vsl_required,1
P115,V14,vsl,O,vsl_required,1
P115,V14,vsl,B,vsl_required,1
P115,V15,vsl,O,vsl_required,1
P115,V15,vsl,B,vsl_required,1
P115,V16,vsl,O,vsl_required,1
P115,V16,vsl,B,vsl_required,1
P115,V17,vsl,O,vsl_required,1
P115,V17,vsl,B,vsl_required,1
P115,V18,vtc_premium,O,vsl_required,0
P115,V18,vtc_premium,B,vsl_required,0
P115,V19,vtc_premium,O,vsl_required,0
P115,V19,vtc_premium,B,vsl_required,0
P115,V20,vtc_premium,O,vsl_required,0
P115,V20,vtc_premium,B,vsl_required,0
P116,V1,taxi_conventionne,O,vsl_required,0
P116,V1,taxi_conventionne,B,vsl_required,0
P116,V2,taxi_conventionne,O,vsl_required,0
P116,V2,taxi_conventionne,B,vsl_required,0
P116,V3,taxi_conventionne,O,vsl_required,0
P116,V3,taxi_conventionne,B,vsl_required,0
P116,V4,taxi_conventionne,O,vsl_required,0
P116,V4,taxi_conventionne,B,vsl_required,0
P116,V5,taxi_conventionne,O,vsl_required,0
P116,V5,taxi_conventionne,B,vsl_required,0
P116,V6,taxi_conventionne,O,vsl_required,0
P116,V6,taxi_conventionne,B,vsl_required,0
P116,V7,taxi_conventionne,O,vsl_required,0
P116,V7,taxi_conventionne,B,vsl_required,0
P116,V8,taxi_conventionne,O,vsl_required,0
P116,V8,taxi_conventionne,B,vsl_required,0
P116,V9,taxi_conventionne,O,vsl_required,0
P116,V9,taxi_conventionne,B,vsl_required,0
P116,V10,taxi_conventionne,O,vsl_required,0
P116,V10,taxi_conventionne,B,vsl_required,0
P116,V11,vsl,O,vsl_required,1
P116,V11,vsl,B,vsl_required,1
P116,V12,vsl,O,vsl_required,1
P116,V12,vsl,B,vsl_required,1
P116,V13,vsl,O,vsl_required,1
P116,V13,vsl,B,vsl_required,1
P116,V14,vsl,O,vsl_required,1
P116,V14,vsl,B,vsl_required,1
P116,V15,vsl,O,vsl_required,1
P116,V15,vsl,B,vsl_required,1
P116,V16,vsl,O,vsl_required,1
P116,V16,vsl,B,vsl_required,1
P116,V17,vsl,O,vsl_required,1
P116,V17,vsl,B,vsl_required,1
P116,V18,vtc_premium,O,vsl_required,0
P116,V18,vtc_premium,B,vsl_required,0
P116,V19,vtc_premium,O,vsl_required,0
P116,V19,vtc_premium,B,vsl_required,0
P116,V20,vtc_premium,O,vsl_required,0
P116,V20,vtc_premium,B,vsl_required,0
P117,V1,taxi_conventionne,O,standard_assis,1
P117,V1,taxi_conventionne,B,standard_assis,1
P117,V2,taxi_conventionne,O,standard_assis,1
P117,V2,taxi_conventionne,B,standard_assis,1
P117,V3,taxi_conventionne,O,standard_assis,1
P117,V3,taxi_conventionne,B,standard_assis,1
P117,V4,taxi_conventionne,O,standard_assis,1
P117,V4,taxi_conventionne,B,standard_assis,1
P117,V5,taxi_conventionne,O,standard_assis,1
P117,V5,taxi_conventionne,B,standard_assis,1
P117,V6,taxi_conventionne,O,standard_assis,1
P117,V6,taxi_conventionne,B,standard_assis,1
P117,V7,taxi_conventionne,O,standard_assis,1
P117,V7,taxi_conventionne,B,standard_assis,1
P117,V8,taxi_conventionne,O,standard_assis,1
P117,V8,taxi_conventionne,B,standard_assis,1
P117,V9,taxi_conventionne,O,standard_assis,1
P117,V9,taxi_conventionne,B,standard_assis,1
P117,V10,taxi_conventionne,O,standard_assis,1
P117,V10,taxi_conventionne,B,standard_assis,1
P117,V11,vsl,O,standard_assis,1
P117,V11,vsl,B,standard_assis,1
P117,V12,vsl,O,standard_assis,1
P117,V12,vsl,B,standard_assis,1
P117,V13,vsl,O,standard_assis,1
P117,V13,vsl,B,standard_assis,1
P117,V14,vsl,O,standard_assis,1
P117,V14,vsl,B,standard_assis,1
P117,V15,vsl,O,standard_assis,1
P117,V15,vsl,B,standard_assis,1
P117,V16,vsl,O,standard_assis,1
P117,V16,vsl,B,standard_assis,1
P117,V17,vsl,O,standard_assis,1
P117,V17,vsl,B,standard_assis,1
P117,V18,vtc_premium,O,standard_assis,1
P117,V18,vtc_premium,B,standard_assis,1
P117,V19,vtc_premium,O,standard_assis,1
P117,V19,vtc_premium,B,standard_assis,1
P117,V20,vtc_premium,O,standard_assis,1
P117,V20,vtc_premium,B,standard_assis,1
P118,V1,taxi_conventionne,O,prescription_medicale,1
P118,V1,taxi_conventionne,B,prescription_medicale,1
P118,V2,taxi_conventionne,O,prescription_medicale,1
P118,V2,taxi_conventionne,B,prescription_medicale,1
P118,V3,taxi_conventionne,O,prescription_medicale,1
P118,V3,taxi_conventionne,B,prescription_medicale,1
P118,V4,taxi_conventionne,O,prescription_medicale,1
P118,V4,taxi_conventionne,B,prescription_medicale,1
P118,V5,taxi_conventionne,O,prescription_medicale,1
P118,V5,taxi_conventionne,B,prescription_medicale,1
P118,V6,taxi_conventionne,O,prescription_medicale,1
P118,V6,taxi_conventionne,B,prescription_medicale,1
P118,V7,taxi_conventionne,O,prescription_medicale,1
P118,V7,taxi_conventionne,B,prescription_medicale,1
P118,V8,taxi_conventionne,O,prescription_medicale,1
P118,V8,taxi_conventionne,B,prescription_medicale,1
P118,V9,taxi_conventionne,O,prescription_medicale,1
P118,V9,taxi_conventionne,B,prescription_medicale,1
P118,V10,taxi_conventionne,O,prescription_medicale,1
P118,V10,taxi_conventionne,B,prescription_medicale,1
P118,V11,vsl,O,prescription_medicale,1
P118,V11,vsl,B,prescription_medicale,1
P118,V12,vsl,O,prescription_medicale,1
P118,V12,vsl,B,prescription_medicale,1
P118,V13,vsl,O,prescription_medicale,1
P118,V13,vsl,B,prescription_medicale,1
P118,V14,vsl,O,prescription_medicale,1
P118,V14,vsl,B,prescription_medicale,1
P118,V15,vsl,O,prescription_medicale,1
P118,V15,vsl,B,prescription_medicale,1
P118,V16,vsl,O,prescription_medicale,1
P118,V16,vsl,B,prescription_medicale,1
P118,V17,vsl,O,prescription_medicale,1
P118,V17,vsl,B,prescription_medicale,1
P118,V18,vtc_premium,O,prescription_medicale,0
P118,V18,vtc_premium,B,prescription_medicale,0
P118,V19,vtc_premium,O,prescription_medicale,0
P118,V19,vtc_premium,B,prescription_medicale,0
P118,V20,vtc_premium,O,prescription_medicale,0
P118,V20,vtc_premium,B,prescription_medicale,0
P119,V1,taxi_conventionne,O,vsl_required,0
P119,V1,taxi_conventionne,B,vsl_required,0
P119,V2,taxi_conventionne,O,vsl_required,0
P119,V2,taxi_conventionne,B,vsl_required,0
P119,V3,taxi_conventionne,O,vsl_required,0
P119,V3,taxi_conventionne,B,vsl_required,0
P119,V4,taxi_conventionne,O,vsl_required,0
P119,V4,taxi_conventionne,B,vsl_required,0
P119,V5,taxi_conventionne,O,vsl_required,0
P119,V5,taxi_conventionne,B,vsl_required,0
P119,V6,taxi_conventionne,O,vsl_required,0
P119,V6,taxi_conventionne,B,vsl_required,0
P119,V7,taxi_conventionne,O,vsl_required,0
P119,V7,taxi_conventionne,B,vsl_required,0
P119,V8,taxi_conventionne,O,vsl_required,0
P119,V8,taxi_conventionne,B,vsl_required,0
P119,V9,taxi_conventionne,O,vsl_required,0
P119,V9,taxi_conventionne,B,vsl_required,0
P119,V10,taxi_conventionne,O,vsl_required,0
P119,V10,taxi_conventionne,B,vsl_required,0
P119,V11,vsl,O,vsl_required,1
P119,V11,vsl,B,vsl_required,1
P119,V12,vsl,O,vsl_required,1
P119,V12,vsl,B,vsl_required,1
P119,V13,vsl,O,vsl_required,1
P119,V13,vsl,B,vsl_required,1
P119,V14,vsl,O,vsl_required,1
P119,V14,vsl,B,vsl_required,1
P119,V15,vsl,O,vsl_required,1
P119,V15,vsl,B,vsl_required,1
P119,V16,vsl,O,vsl_required,1
P119,V16,vsl,B,vsl_required,1
P119,V17,vsl,O,vsl_required,1
P119,V17,vsl,B,vsl_required,1
P119,V18,vtc_premium,O,vsl_required,0
P119,V18,vtc_premium,B,vsl_required,0
P119,V19,vtc_premium,O,vsl_required,0
P119,V19,vtc_premium,B,vsl_required,0
P119,V20,vtc_premium,O,vsl_required,0
P119,V20,vtc_premium,B,vsl_required,0
P120,V1,taxi_conventionne,O,vsl_required,0
P120,V1,taxi_conventionne,B,vsl_required,0
P120,V2,taxi_conventionne,O,vsl_required,0
P120,V2,taxi_conventionne,B,vsl_required,0
P120,V3,taxi_conventionne,O,vsl_required,0
P120,V3,taxi_conventionne,B,vsl_required,0
P120,V4,taxi_conventionne,O,vsl_required,0
P120,V4,taxi_conventionne,B,vsl_required,0
P120,V5,taxi_conventionne,O,vsl_required,0
P120,V5,taxi_conventionne,B,vsl_required,0
P120,V6,taxi_conventionne,O,vsl_required,0
P120,V6,taxi_conventionne,B,vsl_required,0
P120,V7,taxi_conventionne,O,vsl_required,0
P120,V7,taxi_conventionne,B,vsl_required,0
P120,V8,taxi_conventionne,O,vsl_required,0
P120,V8,taxi_conventionne,B,vsl_required,0
P120,V9,taxi_conventionne,O,vsl_required,0
P120,V9,taxi_conventionne,B,vsl_required,0
P120,V10,taxi_conventionne,O,vsl_required,0
P120,V10,taxi_conventionne,B,vsl_required,0
P120,V11,vsl,O,vsl_required,1
P120,V11,vsl,B,vsl_required,1
P120,V12,vsl,O,vsl_required,1
P120,V12,vsl,B,vsl_required,1
P120,V13,vsl,O,vsl_required,1
P120,V13,vsl,B,vsl_required,1
P120,V14,vsl,O,vsl_required,1
P120,V14,vsl,B,vsl_required,1
P120,V15,vsl,O,vsl_required,1
P120,V15,vsl,B,vsl_required,1
P120,V16,vsl,O,vsl_required,1
P120,V16,vsl,B,vsl_required,1
P120,V17,vsl,O,vsl_required,1
P120,V17,vsl,B,vsl_required,1
P120,V18,vtc_premium,O,vsl_required,0
P120,V18,vtc_premium,B,vsl_required,0
P120,V19,vtc_premium,O,vsl_required,0
P120,V19,vtc_premium,B,vsl_required,0
P120,V20,vtc_premium,O,vsl_required,0
P120,V20,vtc_premium,B,vsl_required,0
P121,V1,taxi_conventionne,O,standard_assis,1
P121,V1,taxi_conventionne,B,standard_assis,1
P121,V2,taxi_conventionne,O,standard_assis,1
P121,V2,taxi_conventionne,B,standard_assis,1
P121,V3,taxi_conventionne,O,standard_assis,1
P121,V3,taxi_conventionne,B,standard_assis,1
P121,V4,taxi_conventionne,O,standard_assis,1
P121,V4,taxi_conventionne,B,standard_assis,1
P121,V5,taxi_conventionne,O,standard_assis,1
P121,V5,taxi_conventionne,B,standard_assis,1
P121,V6,taxi_conventionne,O,standard_assis,1
P121,V6,taxi_conventionne,B,standard_assis,1
P121,V7,taxi_conventionne,O,standard_assis,1
P121,V7,taxi_conventionne,B,standard_assis,1
P121,V8,taxi_conventionne,O,standard_assis,1
P121,V8,taxi_conventionne,B,standard_assis,1
P121,V9,taxi_conventionne,O,standard_assis,1
P121,V9,taxi_conventionne,B,standard_assis,1
P121,V10,taxi_conventionne,O,standard_assis,1
P121,V10,taxi_conventionne,B,standard_assis,1
P121,V11,vsl,O,standard_assis,1
P121,V11,vsl,B,standard_assis,1
P121,V12,vsl,O,standard_assis,1
P121,V12,vsl,B,standard_assis,1
P121,V13,vsl,O,standard_assis,1
P121,V13,vsl,B,standard_assis,1
P121,V14,vsl,O,standard_assis,1
P121,V14,vsl,B,standard_assis,1
P121,V15,vsl,O,standard_assis,1
P121,V15,vsl,B,standard_assis,1
P121,V16,vsl,O,standard_assis,1
P121,V16,vsl,B,standard_assis,1
P121,V17,vsl,O,standard_assis,1
P121,V17,vsl,B,standard_assis,1
P121,V18,vtc_premium,O,standard_assis,1
P121,V18,vtc_premium,B,standard_assis,1
P121,V19,vtc_premium,O,standard_assis,1
P121,V19,vtc_premium,B,standard_assis,1
P121,V20,vtc_premium,O,standard_assis,1
P121,V20,vtc_premium,B,standard_assis,1
P122,V1,taxi_conventionne,O,vsl_required,0
P122,V1,taxi_conventionne,B,vsl_required,0
P122,V2,taxi_conventionne,O,vsl_required,0
P122,V2,taxi_conventionne,B,vsl_required,0
P122,V3,taxi_conventionne,O,vsl_required,0
P122,V3,taxi_conventionne,B,vsl_required,0
P122,V4,taxi_conventionne,O,vsl_required,0
P122,V4,taxi_conventionne,B,vsl_required,0
P122,V5,taxi_conventionne,O,vsl_required,0
P122,V5,taxi_conventionne,B,vsl_required,0
P122,V6,taxi_conventionne,O,vsl_required,0
P122,V6,taxi_conventionne,B,vsl_required,0
P122,V7,taxi_conventionne,O,vsl_required,0
P122,V7,taxi_conventionne,B,vsl_required,0
P122,V8,taxi_conventionne,O,vsl_required,0
P122,V8,taxi_conventionne,B,vsl_required,0
P122,V9,taxi_conventionne,O,vsl_required,0
P122,V9,taxi_conventionne,B,vsl_required,0
P122,V10,taxi_conventionne,O,vsl_required,0
P122,V10,taxi_conventionne,B,vsl_required,0
P122,V11,vsl,O,vsl_required,1
P122,V11,vsl,B,vsl_required,1
P122,V12,vsl,O,vsl_required,1
P122,V12,vsl,B,vsl_required,1
P122,V13,vsl,O,vsl_required,1
P122,V13,vsl,B,vsl_required,1
P122,V14,vsl,O,vsl_required,1
P122,V14,vsl,B,vsl_required,1
P122,V15,vsl,O,vsl_required,1
P122,V15,vsl,B,vsl_required,1
P122,V16,vsl,O,vsl_required,1
P122,V16,vsl,B,vsl_required,1
P122,V17,vsl,O,vsl_required,1
P122,V17,vsl,B,vsl_required,1
P122,V18,vtc_premium,O,vsl_required,0
P122,V18,vtc_premium,B,vsl_required,0
P122,V19,vtc_premium,O,vsl_required,0
P122,V19,vtc_premium,B,vsl_required,0
P122,V20,vtc_premium,O,vsl_required,0
P122,V20,vtc_premium,B,vsl_required,0
P123,V1,taxi_conventionne,O,prescription_medicale,1
P123,V1,taxi_conventionne,B,prescription_medicale,1
P123,V2,taxi_conventionne,O,prescription_medicale,1
P123,V2,taxi_conventionne,B,prescription_medicale,1
P123,V3,taxi_conventionne,O,prescription_medicale,1
P123,V3,taxi_conventionne,B,prescription_medicale,1
P123,V4,taxi_conventionne,O,prescription_medicale,1
P123,V4,taxi_conventionne,B,prescription_medicale,1
P123,V5,taxi_conventionne,O,prescription_medicale,1
P123,V5,taxi_conventionne,B,prescription_medicale,1
P123,V6,taxi_conventionne,O,prescription_medicale,1
P123,V6,taxi_conventionne,B,prescription_medicale,1
P123,V7,taxi_conventionne,O,prescription_medicale,1
P123,V7,taxi_conventionne,B,prescription_medicale,1
P123,V8,taxi_conventionne,O,prescription_medicale,1
P123,V8,taxi_conventionne,B,prescription_medicale,1
P123,V9,taxi_conventionne,O,prescription_medicale,1
P123,V9,taxi_conventionne,B,prescription_medicale,1
P123,V10,taxi_conventionne,O,prescription_medicale,1
P123,V10,taxi_conventionne,B,prescription_medicale,1
P123,V11,vsl,O,prescription_medicale,1
P123,V11,vsl,B,prescription_medicale,1
P123,V12,vsl,O,prescription_medicale,1
P123,V12,vsl,B,prescription_medicale,1
P123,V13,vsl,O,prescription_medicale,1
P123,V13,vsl,B,prescription_medicale,1
P123,V14,vsl,O,prescription_medicale,1
P123,V14,vsl,B,prescription_medicale,1
P123,V15,vsl,O,prescription_medicale,1
P123,V15,vsl,B,prescription_medicale,1
P123,V16,vsl,O,prescription_medicale,1
P123,V16,vsl,B,prescription_medicale,1
P123,V17,vsl,O,prescription_medicale,1
P123,V17,vsl,B,prescription_medicale,1
P123,V18,vtc_premium,O,prescription_medicale,0
P123,V18,vtc_premium,B,prescription_medicale,0
P123,V19,vtc_premium,O,prescription_medicale,0
P123,V19,vtc_premium,B,prescription_medicale,0
P123,V20,vtc_premium,O,prescription_medicale,0
P123,V20,vtc_premium,B,prescription_medicale,0
P124,V1,taxi_conventionne,O,prescription_medicale,1
P124,V1,taxi_conventionne,B,prescription_medicale,1
P124,V2,taxi_conventionne,O,prescription_medicale,1
P124,V2,taxi_conventionne,B,prescription_medicale,1
P124,V3,taxi_conventionne,O,prescription_medicale,1
P124,V3,taxi_conventionne,B,prescription_medicale,1
P124,V4,taxi_conventionne,O,prescription_medicale,1
P124,V4,taxi_conventionne,B,prescription_medicale,1
P124,V5,taxi_conventionne,O,prescription_medicale,1
P124,V5,taxi_conventionne,B,prescription_medicale,1
P124,V6,taxi_conventionne,O,prescription_medicale,1
P124,V6,taxi_conventionne,B,prescription_medicale,1
P124,V7,taxi_conventionne,O,prescription_medicale,1
P124,V7,taxi_conventionne,B,prescription_medicale,1
P124,V8,taxi_conventionne,O,prescription_medicale,1
P124,V8,taxi_conventionne,B,prescription_medicale,1
P124,V9,taxi_conventionne,O,prescription_medicale,1
P124,V9,taxi_conventionne,B,prescription_medicale,1
P124,V10,taxi_conventionne,O,prescription_medicale,1
P124,V10,taxi_conventionne,B,prescription_medicale,1
P124,V11,vsl,O,prescription_medicale,1
P124,V11,vsl,B,prescription_medicale,1
P124,V12,vsl,O,prescription_medicale,1
P124,V12,vsl,B,prescription_medicale,1
P124,V13,vsl,O,prescription_medicale,1
P124,V13,vsl,B,prescription_medicale,1
P124,V14,vsl,O,prescription_medicale,1
P124,V14,vsl,B,prescription_medicale,1
P124,V15,vsl,O,prescription_medicale,1
P124,V15,vsl,B,prescription_medicale,1
P124,V16,vsl,O,prescription_medicale,1
P124,V16,vsl,B,prescription_medicale,1
P124,V17,vsl,O,prescription_medicale,1
P124,V17,vsl,B,prescription_medicale,1
P124,V18,vtc_premium,O,prescription_medicale,0
P124,V18,vtc_premium,B,prescription_medicale,0
P124,V19,vtc_premium,O,prescription_medicale,0
P124,V19,vtc_premium,B,prescription_medicale,0
P124,V20,vtc_premium,O,prescription_medicale,0
P124,V20,vtc_premium,B,prescription_medicale,0
P125,V1,taxi_conventionne,O,vsl_required,0
P125,V1,taxi_conventionne,B,vsl_required,0
P125,V2,taxi_conventionne,O,vsl_required,0
P125,V2,taxi_conventionne,B,vsl_required,0
P125,V3,taxi_conventionne,O,vsl_required,0
P125,V3,taxi_conventionne,B,vsl_required,0
P125,V4,taxi_conventionne,O,vsl_required,0
P125,V4,taxi_conventionne,B,vsl_required,0
P125,V5,taxi_conventionne,O,vsl_required,0
P125,V5,taxi_conventionne,B,vsl_required,0
P125,V6,taxi_conventionne,O,vsl_required,0
P125,V6,taxi_conventionne,B,vsl_required,0
P125,V7,taxi_conventionne,O,vsl_required,0
P125,V7,taxi_conventionne,B,vsl_required,0
P125,V8,taxi_conventionne,O,vsl_required,0
P125,V8,taxi_conventionne,B,vsl_required,0
P125,V9,taxi_conventionne,O,vsl_required,0
P125,V9,taxi_conventionne,B,vsl_required,0
P125,V10,taxi_conventionne,O,vsl_required,0
P125,V10,taxi_conventionne,B,vsl_required,0
P125,V11,vsl,O,vsl_required,1
P125,V11,vsl,B,vsl_required,1
P125,V12,vsl,O,vsl_required,1
P125,V12,vsl,B,vsl_required,1
P125,V13,vsl,O,vsl_required,1
P125,V13,vsl,B,vsl_required,1
P125,V14,vsl,O,vsl_required,1
P125,V14,vsl,B,vsl_required,1
P125,V15,vsl,O,vsl_required,1
P125,V15,vsl,B,vsl_required,1
P125,V16,vsl,O,vsl_required,1
P125,V16,vsl,B,vsl_required,1
P125,V17,vsl,O,vsl_required,1
P125,V17,vsl,B,vsl_required,1
P125,V18,vtc_premium,O,vsl_required,0
P125,V18,vtc_premium,B,vsl_required,0
P125,V19,vtc_premium,O,vsl_required,0
P125,V19,vtc_premium,B,vsl_required,0
P125,V20,vtc_premium,O,vsl_required,0
P125,V20,vtc_premium,B,vsl_required,0
P126,V1,taxi_conventionne,O,standard_assis,1
P126,V1,taxi_conventionne,B,standard_assis,1
P126,V2,taxi_conventionne,O,standard_assis,1
P126,V2,taxi_conventionne,B,standard_assis,1
P126,V3,taxi_conventionne,O,standard_assis,1
P126,V3,taxi_conventionne,B,standard_assis,1
P126,V4,taxi_conventionne,O,standard_assis,1
P126,V4,taxi_conventionne,B,standard_assis,1
P126,V5,taxi_conventionne,O,standard_assis,1
P126,V5,taxi_conventionne,B,standard_assis,1
P126,V6,taxi_conventionne,O,standard_assis,1
P126,V6,taxi_conventionne,B,standard_assis,1
P126,V7,taxi_conventionne,O,standard_assis,1
P126,V7,taxi_conventionne,B,standard_assis,1
P126,V8,taxi_conventionne,O,standard_assis,1
P126,V8,taxi_conventionne,B,standard_assis,1
P126,V9,taxi_conventionne,O,standard_assis,1
P126,V9,taxi_conventionne,B,standard_assis,1
P126,V10,taxi_conventionne,O,standard_assis,1
P126,V10,taxi_conventionne,B,standard_assis,1
P126,V11,vsl,O,standard_assis,1
P126,V11,vsl,B,standard_assis,1
P126,V12,vsl,O,standard_assis,1
P126,V12,vsl,B,standard_assis,1
P126,V13,vsl,O,standard_assis,1
P126,V13,vsl,B,standard_assis,1
P126,V14,vsl,O,standard_assis,1
P126,V14,vsl,B,standard_assis,1
P126,V15,vsl,O,standard_assis,1
P126,V15,vsl,B,standard_assis,1
P126,V16,vsl,O,standard_assis,1
P126,V16,vsl,B,standard_assis,1
P126,V17,vsl,O,standard_assis,1
P126,V17,vsl,B,standard_assis,1
P126,V18,vtc_premium,O,standard_assis,1
P126,V18,vtc_premium,B,standard_assis,1
P126,V19,vtc_premium,O,standard_assis,1
P126,V19,vtc_premium,B,standard_assis,1
P126,V20,vtc_premium,O,standard_assis,1
P126,V20,vtc_premium,B,standard_assis,1
P127,V1,taxi_conventionne,O,vsl_required,0
P127,V1,taxi_conventionne,B,vsl_required,0
P127,V2,taxi_conventionne,O,vsl_required,0
P127,V2,taxi_conventionne,B,vsl_required,0
P127,V3,taxi_conventionne,O,vsl_required,0
P127,V3,taxi_conventionne,B,vsl_required,0
P127,V4,taxi_conventionne,O,vsl_required,0
P127,V4,taxi_conventionne,B,vsl_required,0
P127,V5,taxi_conventionne,O,vsl_required,0
P127,V5,taxi_conventionne,B,vsl_required,0
P127,V6,taxi_conventionne,O,vsl_required,0
P127,V6,taxi_conventionne,B,vsl_required,0
P127,V7,taxi_conventionne,O,vsl_required,0
P127,V7,taxi_conventionne,B,vsl_required,0
P127,V8,taxi_conventionne,O,vsl_required,0
P127,V8,taxi_conventionne,B,vsl_required,0
P127,V9,taxi_conventionne,O,vsl_required,0
P127,V9,taxi_conventionne,B,vsl_required,0
P127,V10,taxi_conventionne,O,vsl_required,0
P127,V10,taxi_conventionne,B,vsl_required,0
P127,V11,vsl,O,vsl_required,1
P127,V11,vsl,B,vsl_required,1
P127,V12,vsl,O,vsl_required,1
P127,V12,vsl,B,vsl_required,1
P127,V13,vsl,O,vsl_required,1
P127,V13,vsl,B,vsl_required,1
P127,V14,vsl,O,vsl_required,1
P127,V14,vsl,B,vsl_required,1
P127,V15,vsl,O,vsl_required,1
P127,V15,vsl,B,vsl_required,1
P127,V16,vsl,O,vsl_required,1
P127,V16,vsl,B,vsl_required,1
P127,V17,vsl,O,vsl_required,1
P127,V17,vsl,B,vsl_required,1
P127,V18,vtc_premium,O,vsl_required,0
P127,V18,vtc_premium,B,vsl_required,0
P127,V19,vtc_premium,O,vsl_required,0
P127,V19,vtc_premium,B,vsl_required,0
P127,V20,vtc_premium,O,vsl_required,0
P127,V20,vtc_premium,B,vsl_required,0
P128,V1,taxi_conventionne,O,vsl_required,0
P128,V1,taxi_conventionne,B,vsl_required,0
P128,V2,taxi_conventionne,O,vsl_required,0
P128,V2,taxi_conventionne,B,vsl_required,0
P128,V3,taxi_conventionne,O,vsl_required,0
P128,V3,taxi_conventionne,B,vsl_required,0
P128,V4,taxi_conventionne,O,vsl_required,0
P128,V4,taxi_conventionne,B,vsl_required,0
P128,V5,taxi_conventionne,O,vsl_required,0
P128,V5,taxi_conventionne,B,vsl_required,0
P128,V6,taxi_conventionne,O,vsl_required,0
P128,V6,taxi_conventionne,B,vsl_required,0
P128,V7,taxi_conventionne,O,vsl_required,0
P128,V7,taxi_conventionne,B,vsl_required,0
P128,V8,taxi_conventionne,O,vsl_required,0
P128,V8,taxi_conventionne,B,vsl_required,0
P128,V9,taxi_conventionne,O,vsl_required,0
P128,V9,taxi_conventionne,B,vsl_required,0
P128,V10,taxi_conventionne,O,vsl_required,0
P128,V10,taxi_conventionne,B,vsl_required,0
P128,V11,vsl,O,vsl_required,1
P128,V11,vsl,B,vsl_required,1
P128,V12,vsl,O,vsl_required,1
P128,V12,vsl,B,vsl_required,1
P128,V13,vsl,O,vsl_required,1
P128,V13,vsl,B,vsl_required,1
P128,V14,vsl,O,vsl_required,1
P128,V14,vsl,B,vsl_required,1
P128,V15,vsl,O,vsl_required,1
P128,V15,vsl,B,vsl_required,1
P128,V16,vsl,O,vsl_required,1
P128,V16,vsl,B,vsl_required,1
P128,V17,vsl,O,vsl_required,1
P128,V17,vsl,B,vsl_required,1
P128,V18,vtc_premium,O,vsl_required,0
P128,V18,vtc_premium,B,vsl_required,0
P128,V19,vtc_premium,O,vsl_required,0
P128,V19,vtc_premium,B,vsl_required,0
P128,V20,vtc_premium,O,vsl_required,0
P128,V20,vtc_premium,B,vsl_required,0
P129,V1,taxi_conventionne,O,standard_assis,1
P129,V1,taxi_conventionne,B,standard_assis,1
P129,V2,taxi_conventionne,O,standard_assis,1
P129,V2,taxi_conventionne,B,standard_assis,1
P129,V3,taxi_conventionne,O,standard_assis,1
P129,V3,taxi_conventionne,B,standard_assis,1
P129,V4,taxi_conventionne,O,standard_assis,1
P129,V4,taxi_conventionne,B,standard_assis,1
P129,V5,taxi_conventionne,O,standard_assis,1
P129,V5,taxi_conventionne,B,standard_assis,1
P129,V6,taxi_conventionne,O,standard_assis,1
P129,V6,taxi_conventionne,B,standard_assis,1
P129,V7,taxi_conventionne,O,standard_assis,1
P129,V7,taxi_conventionne,B,standard_assis,1
P129,V8,taxi_conventionne,O,standard_assis,1
P129,V8,taxi_conventionne,B,standard_assis,1
P129,V9,taxi_conventionne,O,standard_assis,1
P129,V9,taxi_conventionne,B,standard_assis,1
P129,V10,taxi_conventionne,O,standard_assis,1
P129,V10,taxi_conventionne,B,standard_assis,1
P129,V11,vsl,O,standard_assis,1
P129,V11,vsl,B,standard_assis,1
P129,V12,vsl,O,standard_assis,1
P129,V12,vsl,B,standard_assis,1
P129,V13,vsl,O,standard_assis,1
P129,V13,vsl,B,standard_assis,1
P129,V14,vsl,O,standard_assis,1
P129,V14,vsl,B,standard_assis,1
P129,V15,vsl,O,standard_assis,1
P129,V15,vsl,B,standard_assis,1
P129,V16,vsl,O,standard_assis,1
P129,V16,vsl,B,standard_assis,1
P129,V17,vsl,O,standard_assis,1
P129,V17,vsl,B,standard_assis,1
P129,V18,vtc_premium,O,standard_assis,1
P129,V18,vtc_premium,B,standard_assis,1
P129,V19,vtc_premium,O,standard_assis,1
P129,V19,vtc_premium,B,standard_assis,1
P129,V20,vtc_premium,O,standard_assis,1
P129,V20,vtc_premium,B,standard_assis,1
P130,V1,taxi_conventionne,O,prescription_medicale,1
P130,V1,taxi_conventionne,B,prescription_medicale,1
P130,V2,taxi_conventionne,O,prescription_medicale,1
P130,V2,taxi_conventionne,B,prescription_medicale,1
P130,V3,taxi_conventionne,O,prescription_medicale,1
P130,V3,taxi_conventionne,B,prescription_medicale,1
P130,V4,taxi_conventionne,O,prescription_medicale,1
P130,V4,taxi_conventionne,B,prescription_medicale,1
P130,V5,taxi_conventionne,O,prescription_medicale,1
P130,V5,taxi_conventionne,B,prescription_medicale,1
P130,V6,taxi_conventionne,O,prescription_medicale,1
P130,V6,taxi_conventionne,B,prescription_medicale,1
P130,V7,taxi_conventionne,O,prescription_medicale,1
P130,V7,taxi_conventionne,B,prescription_medicale,1
P130,V8,taxi_conventionne,O,prescription_medicale,1
P130,V8,taxi_conventionne,B,prescription_medicale,1
P130,V9,taxi_conventionne,O,prescription_medicale,1
P130,V9,taxi_conventionne,B,prescription_medicale,1
P130,V10,taxi_conventionne,O,prescription_medicale,1
P130,V10,taxi_conventionne,B,prescription_medicale,1
P130,V11,vsl,O,prescription_medicale,1
P130,V11,vsl,B,prescription_medicale,1
P130,V12,vsl,O,prescription_medicale,1
P130,V12,vsl,B,prescription_medicale,1
P130,V13,vsl,O,prescription_medicale,1
P130,V13,vsl,B,prescription_medicale,1
P130,V14,vsl,O,prescription_medicale,1
P130,V14,vsl,B,prescription_medicale,1
P130,V15,vsl,O,prescription_medicale,1
P130,V15,vsl,B,prescription_medicale,1
P130,V16,vsl,O,prescription_medicale,1
P130,V16,vsl,B,prescription_medicale,1
P130,V17,vsl,O,prescription_medicale,1
P130,V17,vsl,B,prescription_medicale,1
P130,V18,vtc_premium,O,prescription_medicale,0
P130,V18,vtc_premium,B,prescription_medicale,0
P130,V19,vtc_premium,O,prescription_medicale,0
P130,V19,vtc_premium,B,prescription_medicale,0
P130,V20,vtc_premium,O,prescription_medicale,0
P130,V20,vtc_premium,B,prescription_medicale,0
P131,V1,taxi_conventionne,O,standard_assis,1
P131,V1,taxi_conventionne,B,standard_assis,1
P131,V2,taxi_conventionne,O,standard_assis,1
P131,V2,taxi_conventionne,B,standard_assis,1
P131,V3,taxi_conventionne,O,standard_assis,1
P131,V3,taxi_conventionne,B,standard_assis,1
P131,V4,taxi_conventionne,O,standard_assis,1
P131,V4,taxi_conventionne,B,standard_assis,1
P131,V5,taxi_conventionne,O,standard_assis,1
P131,V5,taxi_conventionne,B,standard_assis,1
P131,V6,taxi_conventionne,O,standard_assis,1
P131,V6,taxi_conventionne,B,standard_assis,1
P131,V7,taxi_conventionne,O,standard_assis,1
P131,V7,taxi_conventionne,B,standard_assis,1
P131,V8,taxi_conventionne,O,standard_assis,1
P131,V8,taxi_conventionne,B,standard_assis,1
P131,V9,taxi_conventionne,O,standard_assis,1
P131,V9,taxi_conventionne,B,standard_assis,1
P131,V10,taxi_conventionne,O,standard_assis,1
P131,V10,taxi_conventionne,B,standard_assis,1
P131,V11,vsl,O,standard_assis,1
P131,V11,vsl,B,standard_assis,1
P131,V12,vsl,O,standard_assis,1
P131,V12,vsl,B,standard_assis,1
P131,V13,vsl,O,standard_assis,1
P131,V13,vsl,B,standard_assis,1
P131,V14,vsl,O,standard_assis,1
P131,V14,vsl,B,standard_assis,1
P131,V15,vsl,O,standard_assis,1
P131,V15,vsl,B,standard_assis,1
P131,V16,vsl,O,standard_assis,1
P131,V16,vsl,B,standard_assis,1
P131,V17,vsl,O,standard_assis,1
P131,V17,vsl,B,standard_assis,1
P131,V18,vtc_premium,O,standard_assis,1
P131,V18,vtc_premium,B,standard_assis,1
P131,V19,vtc_premium,O,standard_assis,1
P131,V19,vtc_premium,B,standard_assis,1
P131,V20,vtc_premium,O,standard_assis,1
P131,V20,vtc_premium,B,standard_assis,1
P132,V1,taxi_conventionne,O,vsl_required,0
P132,V1,taxi_conventionne,B,vsl_required,0
P132,V2,taxi_conventionne,O,vsl_required,0
P132,V2,taxi_conventionne,B,vsl_required,0
P132,V3,taxi_conventionne,O,vsl_required,0
P132,V3,taxi_conventionne,B,vsl_required,0
P132,V4,taxi_conventionne,O,vsl_required,0
P132,V4,taxi_conventionne,B,vsl_required,0
P132,V5,taxi_conventionne,O,vsl_required,0
P132,V5,taxi_conventionne,B,vsl_required,0
P132,V6,taxi_conventionne,O,vsl_required,0
P132,V6,taxi_conventionne,B,vsl_required,0
P132,V7,taxi_conventionne,O,vsl_required,0
P132,V7,taxi_conventionne,B,vsl_required,0
P132,V8,taxi_conventionne,O,vsl_required,0
P132,V8,taxi_conventionne,B,vsl_required,0
P132,V9,taxi_conventionne,O,vsl_required,0
P132,V9,taxi_conventionne,B,vsl_required,0
P132,V10,taxi_conventionne,O,vsl_required,0
P132,V10,taxi_conventionne,B,vsl_required,0
P132,V11,vsl,O,vsl_required,1
P132,V11,vsl,B,vsl_required,1
P132,V12,vsl,O,vsl_required,1
P132,V12,vsl,B,vsl_required,1
P132,V13,vsl,O,vsl_required,1
P132,V13,vsl,B,vsl_required,1
P132,V14,vsl,O,vsl_required,1
P132,V14,vsl,B,vsl_required,1
P132,V15,vsl,O,vsl_required,1
P132,V15,vsl,B,vsl_required,1
P132,V16,vsl,O,vsl_required,1
P132,V16,vsl,B,vsl_required,1
P132,V17,vsl,O,vsl_required,1
P132,V17,vsl,B,vsl_required,1
P132,V18,vtc_premium,O,vsl_required,0
P132,V18,vtc_premium,B,vsl_required,0
P132,V19,vtc_premium,O,vsl_required,0
P132,V19,vtc_premium,B,vsl_required,0
P132,V20,vtc_premium,O,vsl_required,0
P132,V20,vtc_premium,B,vsl_required,0
P133,V1,taxi_conventionne,O,prescription_medicale,1
P133,V1,taxi_conventionne,B,prescription_medicale,1
P133,V2,taxi_conventionne,O,prescription_medicale,1
P133,V2,taxi_conventionne,B,prescription_medicale,1
P133,V3,taxi_conventionne,O,prescription_medicale,1
P133,V3,taxi_conventionne,B,prescription_medicale,1
P133,V4,taxi_conventionne,O,prescription_medicale,1
P133,V4,taxi_conventionne,B,prescription_medicale,1
P133,V5,taxi_conventionne,O,prescription_medicale,1
P133,V5,taxi_conventionne,B,prescription_medicale,1
P133,V6,taxi_conventionne,O,prescription_medicale,1
P133,V6,taxi_conventionne,B,prescription_medicale,1
P133,V7,taxi_conventionne,O,prescription_medicale,1
P133,V7,taxi_conventionne,B,prescription_medicale,1
P133,V8,taxi_conventionne,O,prescription_medicale,1
P133,V8,taxi_conventionne,B,prescription_medicale,1
P133,V9,taxi_conventionne,O,prescription_medicale,1
P133,V9,taxi_conventionne,B,prescription_medicale,1
P133,V10,taxi_conventionne,O,prescription_medicale,1
P133,V10,taxi_conventionne,B,prescription_medicale,1
P133,V11,vsl,O,prescription_medicale,1
P133,V11,vsl,B,prescription_medicale,1
P133,V12,vsl,O,prescription_medicale,1
P133,V12,vsl,B,prescription_medicale,1
P133,V13,vsl,O,prescription_medicale,1
P133,V13,vsl,B,prescription_medicale,1
P133,V14,vsl,O,prescription_medicale,1
P133,V14,vsl,B,prescription_medicale,1
P133,V15,vsl,O,prescription_medicale,1
P133,V15,vsl,B,prescription_medicale,1
P133,V16,vsl,O,prescription_medicale,1
P133,V16,vsl,B,prescription_medicale,1
P133,V17,vsl,O,prescription_medicale,1
P133,V17,vsl,B,prescription_medicale,1
P133,V18,vtc_premium,O,prescription_medicale,0
P133,V18,vtc_premium,B,prescription_medicale,0
P133,V19,vtc_premium,O,prescription_medicale,0
P133,V19,vtc_premium,B,prescription_medicale,0
P133,V20,vtc_premium,O,prescription_medicale,0
P133,V20,vtc_premium,B,prescription_medicale,0
P134,V1,taxi_conventionne,O,prescription_medicale,1
P134,V1,taxi_conventionne,B,prescription_medicale,1
P134,V2,taxi_conventionne,O,prescription_medicale,1
P134,V2,taxi_conventionne,B,prescription_medicale,1
P134,V3,taxi_conventionne,O,prescription_medicale,1
P134,V3,taxi_conventionne,B,prescription_medicale,1
P134,V4,taxi_conventionne,O,prescription_medicale,1
P134,V4,taxi_conventionne,B,prescription_medicale,1
P134,V5,taxi_conventionne,O,prescription_medicale,1
P134,V5,taxi_conventionne,B,prescription_medicale,1
P134,V6,taxi_conventionne,O,prescription_medicale,1
P134,V6,taxi_conventionne,B,prescription_medicale,1
P134,V7,taxi_conventionne,O,prescription_medicale,1
P134,V7,taxi_conventionne,B,prescription_medicale,1
P134,V8,taxi_conventionne,O,prescription_medicale,1
P134,V8,taxi_conventionne,B,prescription_medicale,1
P134,V9,taxi_conventionne,O,prescription_medicale,1
P134,V9,taxi_conventionne,B,prescription_medicale,1
P134,V10,taxi_conventionne,O,prescription_medicale,1
P134,V10,taxi_conventionne,B,prescription_medicale,1
P134,V11,vsl,O,prescription_medicale,1
P134,V11,vsl,B,prescription_medicale,1
P134,V12,vsl,O,prescription_medicale,1
P134,V12,vsl,B,prescription_medicale,1
P134,V13,vsl,O,prescription_medicale,1
P134,V13,vsl,B,prescription_medicale,1
P134,V14,vsl,O,prescription_medicale,1
P134,V14,vsl,B,prescription_medicale,1
P134,V15,vsl,O,prescription_medicale,1
P134,V15,vsl,B,prescription_medicale,1
P134,V16,vsl,O,prescription_medicale,1
P134,V16,vsl,B,prescription_medicale,1
P134,V17,vsl,O,prescription_medicale,1
P134,V17,vsl,B,prescription_medicale,1
P134,V18,vtc_premium,O,prescription_medicale,0
P134,V18,vtc_premium,B,prescription_medicale,0
P134,V19,vtc_premium,O,prescription_medicale,0
P134,V19,vtc_premium,B,prescription_medicale,0
P134,V20,vtc_premium,O,prescription_medicale,0
P134,V20,vtc_premium,B,prescription_medicale,0
P135,V1,taxi_conventionne,O,standard_assis,1
P135,V1,taxi_conventionne,B,standard_assis,1
P135,V2,taxi_conventionne,O,standard_assis,1
P135,V2,taxi_conventionne,B,standard_assis,1
P135,V3,taxi_conventionne,O,standard_assis,1
P135,V3,taxi_conventionne,B,standard_assis,1
P135,V4,taxi_conventionne,O,standard_assis,1
P135,V4,taxi_conventionne,B,standard_assis,1
P135,V5,taxi_conventionne,O,standard_assis,1
P135,V5,taxi_conventionne,B,standard_assis,1
P135,V6,taxi_conventionne,O,standard_assis,1
P135,V6,taxi_conventionne,B,standard_assis,1
P135,V7,taxi_conventionne,O,standard_assis,1
P135,V7,taxi_conventionne,B,standard_assis,1
P135,V8,taxi_conventionne,O,standard_assis,1
P135,V8,taxi_conventionne,B,standard_assis,1
P135,V9,taxi_conventionne,O,standard_assis,1
P135,V9,taxi_conventionne,B,standard_assis,1
P135,V10,taxi_conventionne,O,standard_assis,1
P135,V10,taxi_conventionne,B,standard_assis,1
P135,V11,vsl,O,standard_assis,1
P135,V11,vsl,B,standard_assis,1
P135,V12,vsl,O,standard_assis,1
P135,V12,vsl,B,standard_assis,1
P135,V13,vsl,O,standard_assis,1
P135,V13,vsl,B,standard_assis,1
P135,V14,vsl,O,standard_assis,1
P135,V14,vsl,B,standard_assis,1
P135,V15,vsl,O,standard_assis,1
P135,V15,vsl,B,standard_assis,1
P135,V16,vsl,O,standard_assis,1
P135,V16,vsl,B,standard_assis,1
P135,V17,vsl,O,standard_assis,1
P135,V17,vsl,B,standard_assis,1
P135,V18,vtc_premium,O,standard_assis,1
P135,V18,vtc_premium,B,standard_assis,1
P135,V19,vtc_premium,O,standard_assis,1
P135,V19,vtc_premium,B,standard_assis,1
P135,V20,vtc_premium,O,standard_assis,1
P135,V20,vtc_premium,B,standard_assis,1
P136,V1,taxi_conventionne,O,standard_assis,1
P136,V1,taxi_conventionne,B,standard_assis,1
P136,V2,taxi_conventionne,O,standard_assis,1
P136,V2,taxi_conventionne,B,standard_assis,1
P136,V3,taxi_conventionne,O,standard_assis,1
P136,V3,taxi_conventionne,B,standard_assis,1
P136,V4,taxi_conventionne,O,standard_assis,1
P136,V4,taxi_conventionne,B,standard_assis,1
P136,V5,taxi_conventionne,O,standard_assis,1
P136,V5,taxi_conventionne,B,standard_assis,1
P136,V6,taxi_conventionne,O,standard_assis,1
P136,V6,taxi_conventionne,B,standard_assis,1
P136,V7,taxi_conventionne,O,standard_assis,1
P136,V7,taxi_conventionne,B,standard_assis,1
P136,V8,taxi_conventionne,O,standard_assis,1
P136,V8,taxi_conventionne,B,standard_assis,1
P136,V9,taxi_conventionne,O,standard_assis,1
P136,V9,taxi_conventionne,B,standard_assis,1
P136,V10,taxi_conventionne,O,standard_assis,1
P136,V10,taxi_conventionne,B,standard_assis,1
P136,V11,vsl,O,standard_assis,1
P136,V11,vsl,B,standard_assis,1
P136,V12,vsl,O,standard_assis,1
P136,V12,vsl,B,standard_assis,1
P136,V13,vsl,O,standard_assis,1
P136,V13,vsl,B,standard_assis,1
P136,V14,vsl,O,standard_assis,1
P136,V14,vsl,B,standard_assis,1
P136,V15,vsl,O,standard_assis,1
P136,V15,vsl,B,standard_assis,1
P136,V16,vsl,O,standard_assis,1
P136,V16,vsl,B,standard_assis,1
P136,V17,vsl,O,standard_assis,1
P136,V17,vsl,B,standard_assis,1
P136,V18,vtc_premium,O,standard_assis,1
P136,V18,vtc_premium,B,standard_assis,1
P136,V19,vtc_premium,O,standard_assis,1
P136,V19,vtc_premium,B,standard_assis,1
P136,V20,vtc_premium,O,standard_assis,1
P136,V20,vtc_premium,B,standard_assis,1
P137,V1,taxi_conventionne,O,standard_assis,1
P137,V1,taxi_conventionne,B,standard_assis,1
P137,V2,taxi_conventionne,O,standard_assis,1
P137,V2,taxi_conventionne,B,standard_assis,1
P137,V3,taxi_conventionne,O,standard_assis,1
P137,V3,taxi_conventionne,B,standard_assis,1
P137,V4,taxi_conventionne,O,standard_assis,1
P137,V4,taxi_conventionne,B,standard_assis,1
P137,V5,taxi_conventionne,O,standard_assis,1
P137,V5,taxi_conventionne,B,standard_assis,1
P137,V6,taxi_conventionne,O,standard_assis,1
P137,V6,taxi_conventionne,B,standard_assis,1
P137,V7,taxi_conventionne,O,standard_assis,1
P137,V7,taxi_conventionne,B,standard_assis,1
P137,V8,taxi_conventionne,O,standard_assis,1
P137,V8,taxi_conventionne,B,standard_assis,1
P137,V9,taxi_conventionne,O,standard_assis,1
P137,V9,taxi_conventionne,B,standard_assis,1
P137,V10,taxi_conventionne,O,standard_assis,1
P137,V10,taxi_conventionne,B,standard_assis,1
P137,V11,vsl,O,standard_assis,1
P137,V11,vsl,B,standard_assis,1
P137,V12,vsl,O,standard_assis,1
P137,V12,vsl,B,standard_assis,1
P137,V13,vsl,O,standard_assis,1
P137,V13,vsl,B,standard_assis,1
P137,V14,vsl,O,standard_assis,1
P137,V14,vsl,B,standard_assis,1
P137,V15,vsl,O,standard_assis,1
P137,V15,vsl,B,standard_assis,1
P137,V16,vsl,O,standard_assis,1
P137,V16,vsl,B,standard_assis,1
P137,V17,vsl,O,standard_assis,1
P137,V17,vsl,B,standard_assis,1
P137,V18,vtc_premium,O,standard_assis,1
P137,V18,vtc_premium,B,standard_assis,1
P137,V19,vtc_premium,O,standard_assis,1
P137,V19,vtc_premium,B,standard_assis,1
P137,V20,vtc_premium,O,standard_assis,1
P137,V20,vtc_premium,B,standard_assis,1
P138,V1,taxi_conventionne,O,prescription_medicale,1
P138,V1,taxi_conventionne,B,prescription_medicale,1
P138,V2,taxi_conventionne,O,prescription_medicale,1
P138,V2,taxi_conventionne,B,prescription_medicale,1
P138,V3,taxi_conventionne,O,prescription_medicale,1
P138,V3,taxi_conventionne,B,prescription_medicale,1
P138,V4,taxi_conventionne,O,prescription_medicale,1
P138,V4,taxi_conventionne,B,prescription_medicale,1
P138,V5,taxi_conventionne,O,prescription_medicale,1
P138,V5,taxi_conventionne,B,prescription_medicale,1
P138,V6,taxi_conventionne,O,prescription_medicale,1
P138,V6,taxi_conventionne,B,prescription_medicale,1
P138,V7,taxi_conventionne,O,prescription_medicale,1
P138,V7,taxi_conventionne,B,prescription_medicale,1
P138,V8,taxi_conventionne,O,prescription_medicale,1
P138,V8,taxi_conventionne,B,prescription_medicale,1
P138,V9,taxi_conventionne,O,prescription_medicale,1
P138,V9,taxi_conventionne,B,prescription_medicale,1
P138,V10,taxi_conventionne,O,prescription_medicale,1
P138,V10,taxi_conventionne,B,prescription_medicale,1
P138,V11,vsl,O,prescription_medicale,1
P138,V11,vsl,B,prescription_medicale,1
P138,V12,vsl,O,prescription_medicale,1
P138,V12,vsl,B,prescription_medicale,1
P138,V13,vsl,O,prescription_medicale,1
P138,V13,vsl,B,prescription_medicale,1
P138,V14,vsl,O,prescription_medicale,1
P138,V14,vsl,B,prescription_medicale,1
P138,V15,vsl,O,prescription_medicale,1
P138,V15,vsl,B,prescription_medicale,1
P138,V16,vsl,O,prescription_medicale,1
P138,V16,vsl,B,prescription_medicale,1
P138,V17,vsl,O,prescription_medicale,1
P138,V17,vsl,B,prescription_medicale,1
P138,V18,vtc_premium,O,prescription_medicale,0
P138,V18,vtc_premium,B,prescription_medicale,0
P138,V19,vtc_premium,O,prescription_medicale,0
P138,V19,vtc_premium,B,prescription_medicale,0
P138,V20,vtc_premium,O,prescription_medicale,0
P138,V20,vtc_premium,B,prescription_medicale,0
P139,V1,taxi_conventionne,O,standard_assis,1
P139,V1,taxi_conventionne,B,standard_assis,1
P139,V2,taxi_conventionne,O,standard_assis,1
P139,V2,taxi_conventionne,B,standard_assis,1
P139,V3,taxi_conventionne,O,standard_assis,1
P139,V3,taxi_conventionne,B,standard_assis,1
P139,V4,taxi_conventionne,O,standard_assis,1
P139,V4,taxi_conventionne,B,standard_assis,1
P139,V5,taxi_conventionne,O,standard_assis,1
P139,V5,taxi_conventionne,B,standard_assis,1
P139,V6,taxi_conventionne,O,standard_assis,1
P139,V6,taxi_conventionne,B,standard_assis,1
P139,V7,taxi_conventionne,O,standard_assis,1
P139,V7,taxi_conventionne,B,standard_assis,1
P139,V8,taxi_conventionne,O,standard_assis,1
P139,V8,taxi_conventionne,B,standard_assis,1
P139,V9,taxi_conventionne,O,standard_assis,1
P139,V9,taxi_conventionne,B,standard_assis,1
P139,V10,taxi_conventionne,O,standard_assis,1
P139,V10,taxi_conventionne,B,standard_assis,1
P139,V11,vsl,O,standard_assis,1
P139,V11,vsl,B,standard_assis,1
P139,V12,vsl,O,standard_assis,1
P139,V12,vsl,B,standard_assis,1
P139,V13,vsl,O,standard_assis,1
P139,V13,vsl,B,standard_assis,1
P139,V14,vsl,O,standard_assis,1
P139,V14,vsl,B,standard_assis,1
P139,V15,vsl,O,standard_assis,1
P139,V15,vsl,B,standard_assis,1
P139,V16,vsl,O,standard_assis,1
P139,V16,vsl,B,standard_assis,1
P139,V17,vsl,O,standard_assis,1
P139,V17,vsl,B,standard_assis,1
P139,V18,vtc_premium,O,standard_assis,1
P139,V18,vtc_premium,B,standard_assis,1
P139,V19,vtc_premium,O,standard_assis,1
P139,V19,vtc_premium,B,standard_assis,1
P139,V20,vtc_premium,O,standard_assis,1
P139,V20,vtc_premium,B,standard_assis,1
P140,V1,taxi_conventionne,O,standard_assis,1
P140,V1,taxi_conventionne,B,standard_assis,1
P140,V2,taxi_conventionne,O,standard_assis,1
P140,V2,taxi_conventionne,B,standard_assis,1
P140,V3,taxi_conventionne,O,standard_assis,1
P140,V3,taxi_conventionne,B,standard_assis,1
P140,V4,taxi_conventionne,O,standard_assis,1
P140,V4,taxi_conventionne,B,standard_assis,1
P140,V5,taxi_conventionne,O,standard_assis,1
P140,V5,taxi_conventionne,B,standard_assis,1
P140,V6,taxi_conventionne,O,standard_assis,1
P140,V6,taxi_conventionne,B,standard_assis,1
P140,V7,taxi_conventionne,O,standard_assis,1
P140,V7,taxi_conventionne,B,standard_assis,1
P140,V8,taxi_conventionne,O,standard_assis,1
P140,V8,taxi_conventionne,B,standard_assis,1
P140,V9,taxi_conventionne,O,standard_assis,1
P140,V9,taxi_conventionne,B,standard_assis,1
P140,V10,taxi_conventionne,O,standard_assis,1
P140,V10,taxi_conventionne,B,standard_assis,1
P140,V11,vsl,O,standard_assis,1
P140,V11,vsl,B,standard_assis,1
P140,V12,vsl,O,standard_assis,1
P140,V12,vsl,B,standard_assis,1
P140,V13,vsl,O,standard_assis,1
P140,V13,vsl,B,standard_assis,1
P140,V14,vsl,O,standard_assis,1
P140,V14,vsl,B,standard_assis,1
P140,V15,vsl,O,standard_assis,1
P140,V15,vsl,B,standard_assis,1
P140,V16,vsl,O,standard_assis,1
P140,V16,vsl,B,standard_assis,1
P140,V17,vsl,O,standard_assis,1
P140,V17,vsl,B,standard_assis,1
P140,V18,vtc_premium,O,standard_assis,1
P140,V18,vtc_premium,B,standard_assis,1
P140,V19,vtc_premium,O,standard_assis,1
P140,V19,vtc_premium,B,standard_assis,1
P140,V20,vtc_premium,O,standard_assis,1
P140,V20,vtc_premium,B,standard_assis,1
P141,V1,taxi_conventionne,O,vsl_required,0
P141,V1,taxi_conventionne,B,vsl_required,0
P141,V2,taxi_conventionne,O,vsl_required,0
P141,V2,taxi_conventionne,B,vsl_required,0
P141,V3,taxi_conventionne,O,vsl_required,0
P141,V3,taxi_conventionne,B,vsl_required,0
P141,V4,taxi_conventionne,O,vsl_required,0
P141,V4,taxi_conventionne,B,vsl_required,0
P141,V5,taxi_conventionne,O,vsl_required,0
P141,V5,taxi_conventionne,B,vsl_required,0
P141,V6,taxi_conventionne,O,vsl_required,0
P141,V6,taxi_conventionne,B,vsl_required,0
P141,V7,taxi_conventionne,O,vsl_required,0
P141,V7,taxi_conventionne,B,vsl_required,0
P141,V8,taxi_conventionne,O,vsl_required,0
P141,V8,taxi_conventionne,B,vsl_required,0
P141,V9,taxi_conventionne,O,vsl_required,0
P141,V9,taxi_conventionne,B,vsl_required,0
P141,V10,taxi_conventionne,O,vsl_required,0
P141,V10,taxi_conventionne,B,vsl_required,0
P141,V11,vsl,O,vsl_required,1
P141,V11,vsl,B,vsl_required,1
P141,V12,vsl,O,vsl_required,1
P141,V12,vsl,B,vsl_required,1
P141,V13,vsl,O,vsl_required,1
P141,V13,vsl,B,vsl_required,1
P141,V14,vsl,O,vsl_required,1
P141,V14,vsl,B,vsl_required,1
P141,V15,vsl,O,vsl_required,1
P141,V15,vsl,B,vsl_required,1
P141,V16,vsl,O,vsl_required,1
P141,V16,vsl,B,vsl_required,1
P141,V17,vsl,O,vsl_required,1
P141,V17,vsl,B,vsl_required,1
P141,V18,vtc_premium,O,vsl_required,0
P141,V18,vtc_premium,B,vsl_required,0
P141,V19,vtc_premium,O,vsl_required,0
P141,V19,vtc_premium,B,vsl_required,0
P141,V20,vtc_premium,O,vsl_required,0
P141,V20,vtc_premium,B,vsl_required,0
P142,V1,taxi_conventionne,O,prescription_medicale,1
P142,V1,taxi_conventionne,B,prescription_medicale,1
P142,V2,taxi_conventionne,O,prescription_medicale,1
P142,V2,taxi_conventionne,B,prescription_medicale,1
P142,V3,taxi_conventionne,O,prescription_medicale,1
P142,V3,taxi_conventionne,B,prescription_medicale,1
P142,V4,taxi_conventionne,O,prescription_medicale,1
P142,V4,taxi_conventionne,B,prescription_medicale,1
P142,V5,taxi_conventionne,O,prescription_medicale,1
P142,V5,taxi_conventionne,B,prescription_medicale,1
P142,V6,taxi_conventionne,O,prescription_medicale,1
P142,V6,taxi_conventionne,B,prescription_medicale,1
P142,V7,taxi_conventionne,O,prescription_medicale,1
P142,V7,taxi_conventionne,B,prescription_medicale,1
P142,V8,taxi_conventionne,O,prescription_medicale,1
P142,V8,taxi_conventionne,B,prescription_medicale,1
P142,V9,taxi_conventionne,O,prescription_medicale,1
P142,V9,taxi_conventionne,B,prescription_medicale,1
P142,V10,taxi_conventionne,O,prescription_medicale,1
P142,V10,taxi_conventionne,B,prescription_medicale,1
P142,V11,vsl,O,prescription_medicale,1
P142,V11,vsl,B,prescription_medicale,1
P142,V12,vsl,O,prescription_medicale,1
P142,V12,vsl,B,prescription_medicale,1
P142,V13,vsl,O,prescription_medicale,1
P142,V13,vsl,B,prescription_medicale,1
P142,V14,vsl,O,prescription_medicale,1
P142,V14,vsl,B,prescription_medicale,1
P142,V15,vsl,O,prescription_medicale,1
P142,V15,vsl,B,prescription_medicale,1
P142,V16,vsl,O,prescription_medicale,1
P142,V16,vsl,B,prescription_medicale,1
P142,V17,vsl,O,prescription_medicale,1
P142,V17,vsl,B,prescription_medicale,1
P142,V18,vtc_premium,O,prescription_medicale,0
P142,V18,vtc_premium,B,prescription_medicale,0
P142,V19,vtc_premium,O,prescription_medicale,0
P142,V19,vtc_premium,B,prescription_medicale,0
P142,V20,vtc_premium,O,prescription_medicale,0
P142,V20,vtc_premium,B,prescription_medicale,0
P143,V1,taxi_conventionne,O,vsl_required,0
P143,V1,taxi_conventionne,B,vsl_required,0
P143,V2,taxi_conventionne,O,vsl_required,0
P143,V2,taxi_conventionne,B,vsl_required,0
P143,V3,taxi_conventionne,O,vsl_required,0
P143,V3,taxi_conventionne,B,vsl_required,0
P143,V4,taxi_conventionne,O,vsl_required,0
P143,V4,taxi_conventionne,B,vsl_required,0
P143,V5,taxi_conventionne,O,vsl_required,0
P143,V5,taxi_conventionne,B,vsl_required,0
P143,V6,taxi_conventionne,O,vsl_required,0
P143,V6,taxi_conventionne,B,vsl_required,0
P143,V7,taxi_conventionne,O,vsl_required,0
P143,V7,taxi_conventionne,B,vsl_required,0
P143,V8,taxi_conventionne,O,vsl_required,0
P143,V8,taxi_conventionne,B,vsl_required,0
P143,V9,taxi_conventionne,O,vsl_required,0
P143,V9,taxi_conventionne,B,vsl_required,0
P143,V10,taxi_conventionne,O,vsl_required,0
P143,V10,taxi_conventionne,B,vsl_required,0
P143,V11,vsl,O,vsl_required,1
P143,V11,vsl,B,vsl_required,1
P143,V12,vsl,O,vsl_required,1
P143,V12,vsl,B,vsl_required,1
P143,V13,vsl,O,vsl_required,1
P143,V13,vsl,B,vsl_required,1
P143,V14,vsl,O,vsl_required,1
P143,V14,vsl,B,vsl_required,1
P143,V15,vsl,O,vsl_required,1
P143,V15,vsl,B,vsl_required,1
P143,V16,vsl,O,vsl_required,1
P143,V16,vsl,B,vsl_required,1
P143,V17,vsl,O,vsl_required,1
P143,V17,vsl,B,vsl_required,1
P143,V18,vtc_premium,O,vsl_required,0
P143,V18,vtc_premium,B,vsl_required,0
P143,V19,vtc_premium,O,vsl_required,0
P143,V19,vtc_premium,B,vsl_required,0
P143,V20,vtc_premium,O,vsl_required,0
P143,V20,vtc_premium,B,vsl_required,0
P144,V1,taxi_conventionne,O,standard_assis,1
P144,V1,taxi_conventionne,B,standard_assis,1
P144,V2,taxi_conventionne,O,standard_assis,1
P144,V2,taxi_conventionne,B,standard_assis,1
P144,V3,taxi_conventionne,O,standard_assis,1
P144,V3,taxi_conventionne,B,standard_assis,1
P144,V4,taxi_conventionne,O,standard_assis,1
P144,V4,taxi_conventionne,B,standard_assis,1
P144,V5,taxi_conventionne,O,standard_assis,1
P144,V5,taxi_conventionne,B,standard_assis,1
P144,V6,taxi_conventionne,O,standard_assis,1
P144,V6,taxi_conventionne,B,standard_assis,1
P144,V7,taxi_conventionne,O,standard_assis,1
P144,V7,taxi_conventionne,B,standard_assis,1
P144,V8,taxi_conventionne,O,standard_assis,1
P144,V8,taxi_conventionne,B,standard_assis,1
P144,V9,taxi_conventionne,O,standard_assis,1
P144,V9,taxi_conventionne,B,standard_assis,1
P144,V10,taxi_conventionne,O,standard_assis,1
P144,V10,taxi_conventionne,B,standard_assis,1
P144,V11,vsl,O,standard_assis,1
P144,V11,vsl,B,standard_assis,1
P144,V12,vsl,O,standard_assis,1
P144,V12,vsl,B,standard_assis,1
P144,V13,vsl,O,standard_assis,1
P144,V13,vsl,B,standard_assis,1
P144,V14,vsl,O,standard_assis,1
P144,V14,vsl,B,standard_assis,1
P144,V15,vsl,O,standard_assis,1
P144,V15,vsl,B,standard_assis,1
P144,V16,vsl,O,standard_assis,1
P144,V16,vsl,B,standard_assis,1
P144,V17,vsl,O,standard_assis,1
P144,V17,vsl,B,standard_assis,1
P144,V18,vtc_premium,O,standard_assis,1
P144,V18,vtc_premium,B,standard_assis,1
P144,V19,vtc_premium,O,standard_assis,1
P144,V19,vtc_premium,B,standard_assis,1
P144,V20,vtc_premium,O,standard_assis,1
P144,V20,vtc_premium,B,standard_assis,1
P145,V1,taxi_conventionne,O,prescription_medicale,1
P145,V1,taxi_conventionne,B,prescription_medicale,1
P145,V2,taxi_conventionne,O,prescription_medicale,1
P145,V2,taxi_conventionne,B,prescription_medicale,1
P145,V3,taxi_conventionne,O,prescription_medicale,1
P145,V3,taxi_conventionne,B,prescription_medicale,1
P145,V4,taxi_conventionne,O,prescription_medicale,1
P145,V4,taxi_conventionne,B,prescription_medicale,1
P145,V5,taxi_conventionne,O,prescription_medicale,1
P145,V5,taxi_conventionne,B,prescription_medicale,1
P145,V6,taxi_conventionne,O,prescription_medicale,1
P145,V6,taxi_conventionne,B,prescription_medicale,1
P145,V7,taxi_conventionne,O,prescription_medicale,1
P145,V7,taxi_conventionne,B,prescription_medicale,1
P145,V8,taxi_conventionne,O,prescription_medicale,1
P145,V8,taxi_conventionne,B,prescription_medicale,1
P145,V9,taxi_conventionne,O,prescription_medicale,1
P145,V9,taxi_conventionne,B,prescription_medicale,1
P145,V10,taxi_conventionne,O,prescription_medicale,1
P145,V10,taxi_conventionne,B,prescription_medicale,1
P145,V11,vsl,O,prescription_medicale,1
P145,V11,vsl,B,prescription_medicale,1
P145,V12,vsl,O,prescription_medicale,1
P145,V12,vsl,B,prescription_medicale,1
P145,V13,vsl,O,prescription_medicale,1
P145,V13,vsl,B,prescription_medicale,1
P145,V14,vsl,O,prescription_medicale,1
P145,V14,vsl,B,prescription_medicale,1
P145,V15,vsl,O,prescription_medicale,1
P145,V15,vsl,B,prescription_medicale,1
P145,V16,vsl,O,prescription_medicale,1
P145,V16,vsl,B,prescription_medicale,1
P145,V17,vsl,O,prescription_medicale,1
P145,V17,vsl,B,prescription_medicale,1
P145,V18,vtc_premium,O,prescription_medicale,0
P145,V18,vtc_premium,B,prescription_medicale,0
P145,V19,vtc_premium,O,prescription_medicale,0
P145,V19,vtc_premium,B,prescription_medicale,0
P145,V20,vtc_premium,O,prescription_medicale,0
P145,V20,vtc_premium,B,prescription_medicale,0
P146,V1,taxi_conventionne,O,prescription_medicale,1
P146,V1,taxi_conventionne,B,prescription_medicale,1
P146,V2,taxi_conventionne,O,prescription_medicale,1
P146,V2,taxi_conventionne,B,prescription_medicale,1
P146,V3,taxi_conventionne,O,prescription_medicale,1
P146,V3,taxi_conventionne,B,prescription_medicale,1
P146,V4,taxi_conventionne,O,prescription_medicale,1
P146,V4,taxi_conventionne,B,prescription_medicale,1
P146,V5,taxi_conventionne,O,prescription_medicale,1
P146,V5,taxi_conventionne,B,prescription_medicale,1
P146,V6,taxi_conventionne,O,prescription_medicale,1
P146,V6,taxi_conventionne,B,prescription_medicale,1
P146,V7,taxi_conventionne,O,prescription_medicale,1
P146,V7,taxi_conventionne,B,prescription_medicale,1
P146,V8,taxi_conventionne,O,prescription_medicale,1
P146,V8,taxi_conventionne,B,prescription_medicale,1
P146,V9,taxi_conventionne,O,prescription_medicale,1
P146,V9,taxi_conventionne,B,prescription_medicale,1
P146,V10,taxi_conventionne,O,prescription_medicale,1
P146,V10,taxi_conventionne,B,prescription_medicale,1
P146,V11,vsl,O,prescription_medicale,1
P146,V11,vsl,B,prescription_medicale,1
P146,V12,vsl,O,prescription_medicale,1
P146,V12,vsl,B,prescription_medicale,1
P146,V13,vsl,O,prescription_medicale,1
P146,V13,vsl,B,prescription_medicale,1
P146,V14,vsl,O,prescription_medicale,1
P146,V14,vsl,B,prescription_medicale,1
P146,V15,vsl,O,prescription_medicale,1
P146,V15,vsl,B,prescription_medicale,1
P146,V16,vsl,O,prescription_medicale,1
P146,V16,vsl,B,prescription_medicale,1
P146,V17,vsl,O,prescription_medicale,1
P146,V17,vsl,B,prescription_medicale,1
P146,V18,vtc_premium,O,prescription_medicale,0
P146,V18,vtc_premium,B,prescription_medicale,0
P146,V19,vtc_premium,O,prescription_medicale,0
P146,V19,vtc_premium,B,prescription_medicale,0
P146,V20,vtc_premium,O,prescription_medicale,0
P146,V20,vtc_premium,B,prescription_medicale,0
P147,V1,taxi_conventionne,O,prescription_medicale,1
P147,V1,taxi_conventionne,B,prescription_medicale,1
P147,V2,taxi_conventionne,O,prescription_medicale,1
P147,V2,taxi_conventionne,B,prescription_medicale,1
P147,V3,taxi_conventionne,O,prescription_medicale,1
P147,V3,taxi_conventionne,B,prescription_medicale,1
P147,V4,taxi_conventionne,O,prescription_medicale,1
P147,V4,taxi_conventionne,B,prescription_medicale,1
P147,V5,taxi_conventionne,O,prescription_medicale,1
P147,V5,taxi_conventionne,B,prescription_medicale,1
P147,V6,taxi_conventionne,O,prescription_medicale,1
P147,V6,taxi_conventionne,B,prescription_medicale,1
P147,V7,taxi_conventionne,O,prescription_medicale,1
P147,V7,taxi_conventionne,B,prescription_medicale,1
P147,V8,taxi_conventionne,O,prescription_medicale,1
P147,V8,taxi_conventionne,B,prescription_medicale,1
P147,V9,taxi_conventionne,O,prescription_medicale,1
P147,V9,taxi_conventionne,B,prescription_medicale,1
P147,V10,taxi_conventionne,O,prescription_medicale,1
P147,V10,taxi_conventionne,B,prescription_medicale,1
P147,V11,vsl,O,prescription_medicale,1
P147,V11,vsl,B,prescription_medicale,1
P147,V12,vsl,O,prescription_medicale,1
P147,V12,vsl,B,prescription_medicale,1
P147,V13,vsl,O,prescription_medicale,1
P147,V13,vsl,B,prescription_medicale,1
P147,V14,vsl,O,prescription_medicale,1
P147,V14,vsl,B,prescription_medicale,1
P147,V15,vsl,O,prescription_medicale,1
P147,V15,vsl,B,prescription_medicale,1
P147,V16,vsl,O,prescription_medicale,1
P147,V16,vsl,B,prescription_medicale,1
P147,V17,vsl,O,prescription_medicale,1
P147,V17,vsl,B,prescription_medicale,1
P147,V18,vtc_premium,O,prescription_medicale,0
P147,V18,vtc_premium,B,prescription_medicale,0
P147,V19,vtc_premium,O,prescription_medicale,0
P147,V19,vtc_premium,B,prescription_medicale,0
P147,V20,vtc_premium,O,prescription_medicale,0
P147,V20,vtc_premium,B,prescription_medicale,0
P148,V1,taxi_conventionne,O,vsl_required,0
P148,V1,taxi_conventionne,B,vsl_required,0
P148,V2,taxi_conventionne,O,vsl_required,0
P148,V2,taxi_conventionne,B,vsl_required,0
P148,V3,taxi_conventionne,O,vsl_required,0
P148,V3,taxi_conventionne,B,vsl_required,0
P148,V4,taxi_conventionne,O,vsl_required,0
P148,V4,taxi_conventionne,B,vsl_required,0
P148,V5,taxi_conventionne,O,vsl_required,0
P148,V5,taxi_conventionne,B,vsl_required,0
P148,V6,taxi_conventionne,O,vsl_required,0
P148,V6,taxi_conventionne,B,vsl_required,0
P148,V7,taxi_conventionne,O,vsl_required,0
P148,V7,taxi_conventionne,B,vsl_required,0
P148,V8,taxi_conventionne,O,vsl_required,0
P148,V8,taxi_conventionne,B,vsl_required,0
P148,V9,taxi_conventionne,O,vsl_required,0
P148,V9,taxi_conventionne,B,vsl_required,0
P148,V10,taxi_conventionne,O,vsl_required,0
P148,V10,taxi_conventionne,B,vsl_required,0
P148,V11,vsl,O,vsl_required,1
P148,V11,vsl,B,vsl_required,1
P148,V12,vsl,O,vsl_required,1
P148,V12,vsl,B,vsl_required,1
P148,V13,vsl,O,vsl_required,1
P148,V13,vsl,B,vsl_required,1
P148,V14,vsl,O,vsl_required,1
P148,V14,vsl,B,vsl_required,1
P148,V15,vsl,O,vsl_required,1
P148,V15,vsl,B,vsl_required,1
P148,V16,vsl,O,vsl_required,1
P148,V16,vsl,B,vsl_required,1
P148,V17,vsl,O,vsl_required,1
P148,V17,vsl,B,vsl_required,1
P148,V18,vtc_premium,O,vsl_required,0
P148,V18,vtc_premium,B,vsl_required,0
P148,V19,vtc_premium,O,vsl_required,0
P148,V19,vtc_premium,B,vsl_required,0
P148,V20,vtc_premium,O,vsl_required,0
P148,V20,vtc_premium,B,vsl_required,0
P149,V1,taxi_conventionne,O,standard_assis,1
P149,V1,taxi_conventionne,B,standard_assis,1
P149,V2,taxi_conventionne,O,standard_assis,1
P149,V2,taxi_conventionne,B,standard_assis,1
P149,V3,taxi_conventionne,O,standard_assis,1
P149,V3,taxi_conventionne,B,standard_assis,1
P149,V4,taxi_conventionne,O,standard_assis,1
P149,V4,taxi_conventionne,B,standard_assis,1
P149,V5,taxi_conventionne,O,standard_assis,1
P149,V5,taxi_conventionne,B,standard_assis,1
P149,V6,taxi_conventionne,O,standard_assis,1
P149,V6,taxi_conventionne,B,standard_assis,1
P149,V7,taxi_conventionne,O,standard_assis,1
P149,V7,taxi_conventionne,B,standard_assis,1
P149,V8,taxi_conventionne,O,standard_assis,1
P149,V8,taxi_conventionne,B,standard_assis,1
P149,V9,taxi_conventionne,O,standard_assis,1
P149,V9,taxi_conventionne,B,standard_assis,1
P149,V10,taxi_conventionne,O,standard_assis,1
P149,V10,taxi_conventionne,B,standard_assis,1
P149,V11,vsl,O,standard_assis,1
P149,V11,vsl,B,standard_assis,1
P149,V12,vsl,O,standard_assis,1
P149,V12,vsl,B,standard_assis,1
P149,V13,vsl,O,standard_assis,1
P149,V13,vsl,B,standard_assis,1
P149,V14,vsl,O,standard_assis,1
P149,V14,vsl,B,standard_assis,1
P149,V15,vsl,O,standard_assis,1
P149,V15,vsl,B,standard_assis,1
P149,V16,vsl,O,standard_assis,1
P149,V16,vsl,B,standard_assis,1
P149,V17,vsl,O,standard_assis,1
P149,V17,vsl,B,standard_assis,1
P149,V18,vtc_premium,O,standard_assis,1
P149,V18,vtc_premium,B,standard_assis,1
P149,V19,vtc_premium,O,standard_assis,1
P149,V19,vtc_premium,B,standard_assis,1
P149,V20,vtc_premium,O,standard_assis,1
P149,V20,vtc_premium,B,standard_assis,1
P150,V1,taxi_conventionne,O,premium,1
P150,V1,taxi_conventionne,B,premium,1
P150,V2,taxi_conventionne,O,premium,1
P150,V2,taxi_conventionne,B,premium,1
P150,V3,taxi_conventionne,O,premium,1
P150,V3,taxi_conventionne,B,premium,1
P150,V4,taxi_conventionne,O,premium,1
P150,V4,taxi_conventionne,B,premium,1
P150,V5,taxi_conventionne,O,premium,1
P150,V5,taxi_conventionne,B,premium,1
P150,V6,taxi_conventionne,O,premium,1
P150,V6,taxi_conventionne,B,premium,1
P150,V7,taxi_conventionne,O,premium,1
P150,V7,taxi_conventionne,B,premium,1
P150,V8,taxi_conventionne,O,premium,1
P150,V8,taxi_conventionne,B,premium,1
P150,V9,taxi_conventionne,O,premium,1
P150,V9,taxi_conventionne,B,premium,1
P150,V10,taxi_conventionne,O,premium,1
P150,V10,taxi_conventionne,B,premium,1
P150,V11,vsl,O,premium,0
P150,V11,vsl,B,premium,0
P150,V12,vsl,O,premium,0
P150,V12,vsl,B,premium,0
P150,V13,vsl,O,premium,0
P150,V13,vsl,B,premium,0
P150,V14,vsl,O,premium,0
P150,V14,vsl,B,premium,0
P150,V15,vsl,O,premium,0
P150,V15,vsl,B,premium,0
P150,V16,vsl,O,premium,0
P150,V16,vsl,B,premium,0
P150,V17,vsl,O,premium,0
P150,V17,vsl,B,premium,0
P150,V18,vtc_premium,O,premium,1
P150,V18,vtc_premium,B,premium,1
P150,V19,vtc_premium,O,premium,1
P150,V19,vtc_premium,B,premium,1
P150,V20,vtc_premium,O,premium,1
P150,V20,vtc_premium,B,premium,1
P151,V1,taxi_conventionne,O,vsl_required,0
P151,V1,taxi_conventionne,B,vsl_required,0
P151,V2,taxi_conventionne,O,vsl_required,0
P151,V2,taxi_conventionne,B,vsl_required,0
P151,V3,taxi_conventionne,O,vsl_required,0
P151,V3,taxi_conventionne,B,vsl_required,0
P151,V4,taxi_conventionne,O,vsl_required,0
P151,V4,taxi_conventionne,B,vsl_required,0
P151,V5,taxi_conventionne,O,vsl_required,0
P151,V5,taxi_conventionne,B,vsl_required,0
P151,V6,taxi_conventionne,O,vsl_required,0
P151,V6,taxi_conventionne,B,vsl_required,0
P151,V7,taxi_conventionne,O,vsl_required,0
P151,V7,taxi_conventionne,B,vsl_required,0
P151,V8,taxi_conventionne,O,vsl_required,0
P151,V8,taxi_conventionne,B,vsl_required,0
P151,V9,taxi_conventionne,O,vsl_required,0
P151,V9,taxi_conventionne,B,vsl_required,0
P151,V10,taxi_conventionne,O,vsl_required,0
P151,V10,taxi_conventionne,B,vsl_required,0
P151,V11,vsl,O,vsl_required,1
P151,V11,vsl,B,vsl_required,1
P151,V12,vsl,O,vsl_required,1
P151,V12,vsl,B,vsl_required,1
P151,V13,vsl,O,vsl_required,1
P151,V13,vsl,B,vsl_required,1
P151,V14,vsl,O,vsl_required,1
P151,V14,vsl,B,vsl_required,1
P151,V15,vsl,O,vsl_required,1
P151,V15,vsl,B,vsl_required,1
P151,V16,vsl,O,vsl_required,1
P151,V16,vsl,B,vsl_required,1
P151,V17,vsl,O,vsl_required,1
P151,V17,vsl,B,vsl_required,1
P151,V18,vtc_premium,O,vsl_required,0
P151,V18,vtc_premium,B,vsl_required,0
P151,V19,vtc_premium,O,vsl_required,0
P151,V19,vtc_premium,B,vsl_required,0
P151,V20,vtc_premium,O,vsl_required,0
P151,V20,vtc_premium,B,vsl_required,0
P152,V1,taxi_conventionne,O,standard_assis,1
P152,V1,taxi_conventionne,B,standard_assis,1
P152,V2,taxi_conventionne,O,standard_assis,1
P152,V2,taxi_conventionne,B,standard_assis,1
P152,V3,taxi_conventionne,O,standard_assis,1
P152,V3,taxi_conventionne,B,standard_assis,1
P152,V4,taxi_conventionne,O,standard_assis,1
P152,V4,taxi_conventionne,B,standard_assis,1
P152,V5,taxi_conventionne,O,standard_assis,1
P152,V5,taxi_conventionne,B,standard_assis,1
P152,V6,taxi_conventionne,O,standard_assis,1
P152,V6,taxi_conventionne,B,standard_assis,1
P152,V7,taxi_conventionne,O,standard_assis,1
P152,V7,taxi_conventionne,B,standard_assis,1
P152,V8,taxi_conventionne,O,standard_assis,1
P152,V8,taxi_conventionne,B,standard_assis,1
P152,V9,taxi_conventionne,O,standard_assis,1
P152,V9,taxi_conventionne,B,standard_assis,1
P152,V10,taxi_conventionne,O,standard_assis,1
P152,V10,taxi_conventionne,B,standard_assis,1
P152,V11,vsl,O,standard_assis,1
P152,V11,vsl,B,standard_assis,1
P152,V12,vsl,O,standard_assis,1
P152,V12,vsl,B,standard_assis,1
P152,V13,vsl,O,standard_assis,1
P152,V13,vsl,B,standard_assis,1
P152,V14,vsl,O,standard_assis,1
P152,V14,vsl,B,standard_assis,1
P152,V15,vsl,O,standard_assis,1
P152,V15,vsl,B,standard_assis,1
P152,V16,vsl,O,standard_assis,1
P152,V16,vsl,B,standard_assis,1
P152,V17,vsl,O,standard_assis,1
P152,V17,vsl,B,standard_assis,1
P152,V18,vtc_premium,O,standard_assis,1
P152,V18,vtc_premium,B,standard_assis,1
P152,V19,vtc_premium,O,standard_assis,1
P152,V19,vtc_premium,B,standard_assis,1
P152,V20,vtc_premium,O,standard_assis,1
P152,V20,vtc_premium,B,standard_assis,1
P153,V1,taxi_conventionne,O,standard_assis,1
P153,V1,taxi_conventionne,B,standard_assis,1
P153,V2,taxi_conventionne,O,standard_assis,1
P153,V2,taxi_conventionne,B,standard_assis,1
P153,V3,taxi_conventionne,O,standard_assis,1
P153,V3,taxi_conventionne,B,standard_assis,1
P153,V4,taxi_conventionne,O,standard_assis,1
P153,V4,taxi_conventionne,B,standard_assis,1
P153,V5,taxi_conventionne,O,standard_assis,1
P153,V5,taxi_conventionne,B,standard_assis,1
P153,V6,taxi_conventionne,O,standard_assis,1
P153,V6,taxi_conventionne,B,standard_assis,1
P153,V7,taxi_conventionne,O,standard_assis,1
P153,V7,taxi_conventionne,B,standard_assis,1
P153,V8,taxi_conventionne,O,standard_assis,1
P153,V8,taxi_conventionne,B,standard_assis,1
P153,V9,taxi_conventionne,O,standard_assis,1
P153,V9,taxi_conventionne,B,standard_assis,1
P153,V10,taxi_conventionne,O,standard_assis,1
P153,V10,taxi_conventionne,B,standard_assis,1
P153,V11,vsl,O,standard_assis,1
P153,V11,vsl,B,standard_assis,1
P153,V12,vsl,O,standard_assis,1
P153,V12,vsl,B,standard_assis,1
P153,V13,vsl,O,standard_assis,1
P153,V13,vsl,B,standard_assis,1
P153,V14,vsl,O,standard_assis,1
P153,V14,vsl,B,standard_assis,1
P153,V15,vsl,O,standard_assis,1
P153,V15,vsl,B,standard_assis,1
P153,V16,vsl,O,standard_assis,1
P153,V16,vsl,B,standard_assis,1
P153,V17,vsl,O,standard_assis,1
P153,V17,vsl,B,standard_assis,1
P153,V18,vtc_premium,O,standard_assis,1
P153,V18,vtc_premium,B,standard_assis,1
P153,V19,vtc_premium,O,standard_assis,1
P153,V19,vtc_premium,B,standard_assis,1
P153,V20,vtc_premium,O,standard_assis,1
P153,V20,vtc_premium,B,standard_assis,1
P154,V1,taxi_conventionne,O,standard_assis,1
P154,V1,taxi_conventionne,B,standard_assis,1
P154,V2,taxi_conventionne,O,standard_assis,1
P154,V2,taxi_conventionne,B,standard_assis,1
P154,V3,taxi_conventionne,O,standard_assis,1
P154,V3,taxi_conventionne,B,standard_assis,1
P154,V4,taxi_conventionne,O,standard_assis,1
P154,V4,taxi_conventionne,B,standard_assis,1
P154,V5,taxi_conventionne,O,standard_assis,1
P154,V5,taxi_conventionne,B,standard_assis,1
P154,V6,taxi_conventionne,O,standard_assis,1
P154,V6,taxi_conventionne,B,standard_assis,1
P154,V7,taxi_conventionne,O,standard_assis,1
P154,V7,taxi_conventionne,B,standard_assis,1
P154,V8,taxi_conventionne,O,standard_assis,1
P154,V8,taxi_conventionne,B,standard_assis,1
P154,V9,taxi_conventionne,O,standard_assis,1
P154,V9,taxi_conventionne,B,standard_assis,1
P154,V10,taxi_conventionne,O,standard_assis,1
P154,V10,taxi_conventionne,B,standard_assis,1
P154,V11,vsl,O,standard_assis,1
P154,V11,vsl,B,standard_assis,1
P154,V12,vsl,O,standard_assis,1
P154,V12,vsl,B,standard_assis,1
P154,V13,vsl,O,standard_assis,1
P154,V13,vsl,B,standard_assis,1
P154,V14,vsl,O,standard_assis,1
P154,V14,vsl,B,standard_assis,1
P154,V15,vsl,O,standard_assis,1
P154,V15,vsl,B,standard_assis,1
P154,V16,vsl,O,standard_assis,1
P154,V16,vsl,B,standard_assis,1
P154,V17,vsl,O,standard_assis,1
P154,V17,vsl,B,standard_assis,1
P154,V18,vtc_premium,O,standard_assis,1
P154,V18,vtc_premium,B,standard_assis,1
P154,V19,vtc_premium,O,standard_assis,1
P154,V19,vtc_premium,B,standard_assis,1
P154,V20,vtc_premium,O,standard_assis,1
P154,V20,vtc_premium,B,standard_assis,1
P155,V1,taxi_conventionne,O,prescription_medicale,1
P155,V1,taxi_conventionne,B,prescription_medicale,1
P155,V2,taxi_conventionne,O,prescription_medicale,1
P155,V2,taxi_conventionne,B,prescription_medicale,1
P155,V3,taxi_conventionne,O,prescription_medicale,1
P155,V3,taxi_conventionne,B,prescription_medicale,1
P155,V4,taxi_conventionne,O,prescription_medicale,1
P155,V4,taxi_conventionne,B,prescription_medicale,1
P155,V5,taxi_conventionne,O,prescription_medicale,1
P155,V5,taxi_conventionne,B,prescription_medicale,1
P155,V6,taxi_conventionne,O,prescription_medicale,1
P155,V6,taxi_conventionne,B,prescription_medicale,1
P155,V7,taxi_conventionne,O,prescription_medicale,1
P155,V7,taxi_conventionne,B,prescription_medicale,1
P155,V8,taxi_conventionne,O,prescription_medicale,1
P155,V8,taxi_conventionne,B,prescription_medicale,1
P155,V9,taxi_conventionne,O,prescription_medicale,1
P155,V9,taxi_conventionne,B,prescription_medicale,1
P155,V10,taxi_conventionne,O,prescription_medicale,1
P155,V10,taxi_conventionne,B,prescription_medicale,1
P155,V11,vsl,O,prescription_medicale,1
P155,V11,vsl,B,prescription_medicale,1
P155,V12,vsl,O,prescription_medicale,1
P155,V12,vsl,B,prescription_medicale,1
P155,V13,vsl,O,prescription_medicale,1
P155,V13,vsl,B,prescription_medicale,1
P155,V14,vsl,O,prescription_medicale,1
P155,V14,vsl,B,prescription_medicale,1
P155,V15,vsl,O,prescription_medicale,1
P155,V15,vsl,B,prescription_medicale,1
P155,V16,vsl,O,prescription_medicale,1
P155,V16,vsl,B,prescription_medicale,1
P155,V17,vsl,O,prescription_medicale,1
P155,V17,vsl,B,prescription_medicale,1
P155,V18,vtc_premium,O,prescription_medicale,0
P155,V18,vtc_premium,B,prescription_medicale,0
P155,V19,vtc_premium,O,prescription_medicale,0
P155,V19,vtc_premium,B,prescription_medicale,0
P155,V20,vtc_premium,O,prescription_medicale,0
P155,V20,vtc_premium,B,prescription_medicale,0
P156,V1,taxi_conventionne,O,vsl_required,0
P156,V1,taxi_conventionne,B,vsl_required,0
P156,V2,taxi_conventionne,O,vsl_required,0
P156,V2,taxi_conventionne,B,vsl_required,0
P156,V3,taxi_conventionne,O,vsl_required,0
P156,V3,taxi_conventionne,B,vsl_required,0
P156,V4,taxi_conventionne,O,vsl_required,0
P156,V4,taxi_conventionne,B,vsl_required,0
P156,V5,taxi_conventionne,O,vsl_required,0
P156,V5,taxi_conventionne,B,vsl_required,0
P156,V6,taxi_conventionne,O,vsl_required,0
P156,V6,taxi_conventionne,B,vsl_required,0
P156,V7,taxi_conventionne,O,vsl_required,0
P156,V7,taxi_conventionne,B,vsl_required,0
P156,V8,taxi_conventionne,O,vsl_required,0
P156,V8,taxi_conventionne,B,vsl_required,0
P156,V9,taxi_conventionne,O,vsl_required,0
P156,V9,taxi_conventionne,B,vsl_required,0
P156,V10,taxi_conventionne,O,vsl_required,0
P156,V10,taxi_conventionne,B,vsl_required,0
P156,V11,vsl,O,vsl_required,1
P156,V11,vsl,B,vsl_required,1
P156,V12,vsl,O,vsl_required,1
P156,V12,vsl,B,vsl_required,1
P156,V13,vsl,O,vsl_required,1
P156,V13,vsl,B,vsl_required,1
P156,V14,vsl,O,vsl_required,1
P156,V14,vsl,B,vsl_required,1
P156,V15,vsl,O,vsl_required,1
P156,V15,vsl,B,vsl_required,1
P156,V16,vsl,O,vsl_required,1
P156,V16,vsl,B,vsl_required,1
P156,V17,vsl,O,vsl_required,1
P156,V17,vsl,B,vsl_required,1
P156,V18,vtc_premium,O,vsl_required,0
P156,V18,vtc_premium,B,vsl_required,0
P156,V19,vtc_premium,O,vsl_required,0
P156,V19,vtc_premium,B,vsl_required,0
P156,V20,vtc_premium,O,vsl_required,0
P156,V20,vtc_premium,B,vsl_required,0
P157,V1,taxi_conventionne,O,vsl_required,0
P157,V1,taxi_conventionne,B,vsl_required,0
P157,V2,taxi_conventionne,O,vsl_required,0
P157,V2,taxi_conventionne,B,vsl_required,0
P157,V3,taxi_conventionne,O,vsl_required,0
P157,V3,taxi_conventionne,B,vsl_required,0
P157,V4,taxi_conventionne,O,vsl_required,0
P157,V4,taxi_conventionne,B,vsl_required,0
P157,V5,taxi_conventionne,O,vsl_required,0
P157,V5,taxi_conventionne,B,vsl_required,0
P157,V6,taxi_conventionne,O,vsl_required,0
P157,V6,taxi_conventionne,B,vsl_required,0
P157,V7,taxi_conventionne,O,vsl_required,0
P157,V7,taxi_conventionne,B,vsl_required,0
P157,V8,taxi_conventionne,O,vsl_required,0
P157,V8,taxi_conventionne,B,vsl_required,0
P157,V9,taxi_conventionne,O,vsl_required,0
P157,V9,taxi_conventionne,B,vsl_required,0
P157,V10,taxi_conventionne,O,vsl_required,0
P157,V10,taxi_conventionne,B,vsl_required,0
P157,V11,vsl,O,vsl_required,1
P157,V11,vsl,B,vsl_required,1
P157,V12,vsl,O,vsl_required,1
P157,V12,vsl,B,vsl_required,1
P157,V13,vsl,O,vsl_required,1
P157,V13,vsl,B,vsl_required,1
P157,V14,vsl,O,vsl_required,1
P157,V14,vsl,B,vsl_required,1
P157,V15,vsl,O,vsl_required,1
P157,V15,vsl,B,vsl_required,1
P157,V16,vsl,O,vsl_required,1
P157,V16,vsl,B,vsl_required,1
P157,V17,vsl,O,vsl_required,1
P157,V17,vsl,B,vsl_required,1
P157,V18,vtc_premium,O,vsl_required,0
P157,V18,vtc_premium,B,vsl_required,0
P157,V19,vtc_premium,O,vsl_required,0
P157,V19,vtc_premium,B,vsl_required,0
P157,V20,vtc_premium,O,vsl_required,0
P157,V20,vtc_premium,B,vsl_required,0
P158,V1,taxi_conventionne,O,standard_assis,1
P158,V1,taxi_conventionne,B,standard_assis,1
P158,V2,taxi_conventionne,O,standard_assis,1
P158,V2,taxi_conventionne,B,standard_assis,1
P158,V3,taxi_conventionne,O,standard_assis,1
P158,V3,taxi_conventionne,B,standard_assis,1
P158,V4,taxi_conventionne,O,standard_assis,1
P158,V4,taxi_conventionne,B,standard_assis,1
P158,V5,taxi_conventionne,O,standard_assis,1
P158,V5,taxi_conventionne,B,standard_assis,1
P158,V6,taxi_conventionne,O,standard_assis,1
P158,V6,taxi_conventionne,B,standard_assis,1
P158,V7,taxi_conventionne,O,standard_assis,1
P158,V7,taxi_conventionne,B,standard_assis,1
P158,V8,taxi_conventionne,O,standard_assis,1
P158,V8,taxi_conventionne,B,standard_assis,1
P158,V9,taxi_conventionne,O,standard_assis,1
P158,V9,taxi_conventionne,B,standard_assis,1
P158,V10,taxi_conventionne,O,standard_assis,1
P158,V10,taxi_conventionne,B,standard_assis,1
P158,V11,vsl,O,standard_assis,1
P158,V11,vsl,B,standard_assis,1
P158,V12,vsl,O,standard_assis,1
P158,V12,vsl,B,standard_assis,1
P158,V13,vsl,O,standard_assis,1
P158,V13,vsl,B,standard_assis,1
P158,V14,vsl,O,standard_assis,1
P158,V14,vsl,B,standard_assis,1
P158,V15,vsl,O,standard_assis,1
P158,V15,vsl,B,standard_assis,1
P158,V16,vsl,O,standard_assis,1
P158,V16,vsl,B,standard_assis,1
P158,V17,vsl,O,standard_assis,1
P158,V17,vsl,B,standard_assis,1
P158,V18,vtc_premium,O,standard_assis,1
P158,V18,vtc_premium,B,standard_assis,1
P158,V19,vtc_premium,O,standard_assis,1
P158,V19,vtc_premium,B,standard_assis,1
P158,V20,vtc_premium,O,standard_assis,1
P158,V20,vtc_premium,B,standard_assis,1
P159,V1,taxi_conventionne,O,vsl_required,0
P159,V1,taxi_conventionne,B,vsl_required,0
P159,V2,taxi_conventionne,O,vsl_required,0
P159,V2,taxi_conventionne,B,vsl_required,0
P159,V3,taxi_conventionne,O,vsl_required,0
P159,V3,taxi_conventionne,B,vsl_required,0
P159,V4,taxi_conventionne,O,vsl_required,0
P159,V4,taxi_conventionne,B,vsl_required,0
P159,V5,taxi_conventionne,O,vsl_required,0
P159,V5,taxi_conventionne,B,vsl_required,0
P159,V6,taxi_conventionne,O,vsl_required,0
P159,V6,taxi_conventionne,B,vsl_required,0
P159,V7,taxi_conventionne,O,vsl_required,0
P159,V7,taxi_conventionne,B,vsl_required,0
P159,V8,taxi_conventionne,O,vsl_required,0
P159,V8,taxi_conventionne,B,vsl_required,0
P159,V9,taxi_conventionne,O,vsl_required,0
P159,V9,taxi_conventionne,B,vsl_required,0
P159,V10,taxi_conventionne,O,vsl_required,0
P159,V10,taxi_conventionne,B,vsl_required,0
P159,V11,vsl,O,vsl_required,1
P159,V11,vsl,B,vsl_required,1
P159,V12,vsl,O,vsl_required,1
P159,V12,vsl,B,vsl_required,1
P159,V13,vsl,O,vsl_required,1
P159,V13,vsl,B,vsl_required,1
P159,V14,vsl,O,vsl_required,1
P159,V14,vsl,B,vsl_required,1
P159,V15,vsl,O,vsl_required,1
P159,V15,vsl,B,vsl_required,1
P159,V16,vsl,O,vsl_required,1
P159,V16,vsl,B,vsl_required,1
P159,V17,vsl,O,vsl_required,1
P159,V17,vsl,B,vsl_required,1
P159,V18,vtc_premium,O,vsl_required,0
P159,V18,vtc_premium,B,vsl_required,0
P159,V19,vtc_premium,O,vsl_required,0
P159,V19,vtc_premium,B,vsl_required,0
P159,V20,vtc_premium,O,vsl_required,0
P159,V20,vtc_premium,B,vsl_required,0
P160,V1,taxi_conventionne,O,vsl_required,0
P160,V1,taxi_conventionne,B,vsl_required,0
P160,V2,taxi_conventionne,O,vsl_required,0
P160,V2,taxi_conventionne,B,vsl_required,0
P160,V3,taxi_conventionne,O,vsl_required,0
P160,V3,taxi_conventionne,B,vsl_required,0
P160,V4,taxi_conventionne,O,vsl_required,0
P160,V4,taxi_conventionne,B,vsl_required,0
P160,V5,taxi_conventionne,O,vsl_required,0
P160,V5,taxi_conventionne,B,vsl_required,0
P160,V6,taxi_conventionne,O,vsl_required,0
P160,V6,taxi_conventionne,B,vsl_required,0
P160,V7,taxi_conventionne,O,vsl_required,0
P160,V7,taxi_conventionne,B,vsl_required,0
P160,V8,taxi_conventionne,O,vsl_required,0
P160,V8,taxi_conventionne,B,vsl_required,0
P160,V9,taxi_conventionne,O,vsl_required,0
P160,V9,taxi_conventionne,B,vsl_required,0
P160,V10,taxi_conventionne,O,vsl_required,0
P160,V10,taxi_conventionne,B,vsl_required,0
P160,V11,vsl,O,vsl_required,1
P160,V11,vsl,B,vsl_required,1
P160,V12,vsl,O,vsl_required,1
P160,V12,vsl,B,vsl_required,1
P160,V13,vsl,O,vsl_required,1
P160,V13,vsl,B,vsl_required,1
P160,V14,vsl,O,vsl_required,1
P160,V14,vsl,B,vsl_required,1
P160,V15,vsl,O,vsl_required,1
P160,V15,vsl,B,vsl_required,1
P160,V16,vsl,O,vsl_required,1
P160,V16,vsl,B,vsl_required,1
P160,V17,vsl,O,vsl_required,1
P160,V17,vsl,B,vsl_required,1
P160,V18,vtc_premium,O,vsl_required,0
P160,V18,vtc_premium,B,vsl_required,0
P160,V19,vtc_premium,O,vsl_required,0
P160,V19,vtc_premium,B,vsl_required,0
P160,V20,vtc_premium,O,vsl_required,0
P160,V20,vtc_premium,B,vsl_required,0
P161,V1,taxi_conventionne,O,vsl_required,0
P161,V1,taxi_conventionne,B,vsl_required,0
P161,V2,taxi_conventionne,O,vsl_required,0
P161,V2,taxi_conventionne,B,vsl_required,0
P161,V3,taxi_conventionne,O,vsl_required,0
P161,V3,taxi_conventionne,B,vsl_required,0
P161,V4,taxi_conventionne,O,vsl_required,0
P161,V4,taxi_conventionne,B,vsl_required,0
P161,V5,taxi_conventionne,O,vsl_required,0
P161,V5,taxi_conventionne,B,vsl_required,0
P161,V6,taxi_conventionne,O,vsl_required,0
P161,V6,taxi_conventionne,B,vsl_required,0
P161,V7,taxi_conventionne,O,vsl_required,0
P161,V7,taxi_conventionne,B,vsl_required,0
P161,V8,taxi_conventionne,O,vsl_required,0
P161,V8,taxi_conventionne,B,vsl_required,0
P161,V9,taxi_conventionne,O,vsl_required,0
P161,V9,taxi_conventionne,B,vsl_required,0
P161,V10,taxi_conventionne,O,vsl_required,0
P161,V10,taxi_conventionne,B,vsl_required,0
P161,V11,vsl,O,vsl_required,1
P161,V11,vsl,B,vsl_required,1
P161,V12,vsl,O,vsl_required,1
P161,V12,vsl,B,vsl_required,1
P161,V13,vsl,O,vsl_required,1
P161,V13,vsl,B,vsl_required,1
P161,V14,vsl,O,vsl_required,1
P161,V14,vsl,B,vsl_required,1
P161,V15,vsl,O,vsl_required,1
P161,V15,vsl,B,vsl_required,1
P161,V16,vsl,O,vsl_required,1
P161,V16,vsl,B,vsl_required,1
P161,V17,vsl,O,vsl_required,1
P161,V17,vsl,B,vsl_required,1
P161,V18,vtc_premium,O,vsl_required,0
P161,V18,vtc_premium,B,vsl_required,0
P161,V19,vtc_premium,O,vsl_required,0
P161,V19,vtc_premium,B,vsl_required,0
P161,V20,vtc_premium,O,vsl_required,0
P161,V20,vtc_premium,B,vsl_required,0
P162,V1,taxi_conventionne,O,vsl_required,0
P162,V1,taxi_conventionne,B,vsl_required,0
P162,V2,taxi_conventionne,O,vsl_required,0
P162,V2,taxi_conventionne,B,vsl_required,0
P162,V3,taxi_conventionne,O,vsl_required,0
P162,V3,taxi_conventionne,B,vsl_required,0
P162,V4,taxi_conventionne,O,vsl_required,0
P162,V4,taxi_conventionne,B,vsl_required,0
P162,V5,taxi_conventionne,O,vsl_required,0
P162,V5,taxi_conventionne,B,vsl_required,0
P162,V6,taxi_conventionne,O,vsl_required,0
P162,V6,taxi_conventionne,B,vsl_required,0
P162,V7,taxi_conventionne,O,vsl_required,0
P162,V7,taxi_conventionne,B,vsl_required,0
P162,V8,taxi_conventionne,O,vsl_required,0
P162,V8,taxi_conventionne,B,vsl_required,0
P162,V9,taxi_conventionne,O,vsl_required,0
P162,V9,taxi_conventionne,B,vsl_required,0
P162,V10,taxi_conventionne,O,vsl_required,0
P162,V10,taxi_conventionne,B,vsl_required,0
P162,V11,vsl,O,vsl_required,1
P162,V11,vsl,B,vsl_required,1
P162,V12,vsl,O,vsl_required,1
P162,V12,vsl,B,vsl_required,1
P162,V13,vsl,O,vsl_required,1
P162,V13,vsl,B,vsl_required,1
P162,V14,vsl,O,vsl_required,1
P162,V14,vsl,B,vsl_required,1
P162,V15,vsl,O,vsl_required,1
P162,V15,vsl,B,vsl_required,1
P162,V16,vsl,O,vsl_required,1
P162,V16,vsl,B,vsl_required,1
P162,V17,vsl,O,vsl_required,1
P162,V17,vsl,B,vsl_required,1
P162,V18,vtc_premium,O,vsl_required,0
P162,V18,vtc_premium,B,vsl_required,0
P162,V19,vtc_premium,O,vsl_required,0
P162,V19,vtc_premium,B,vsl_required,0
P162,V20,vtc_premium,O,vsl_required,0
P162,V20,vtc_premium,B,vsl_required,0
P163,V1,taxi_conventionne,O,vsl_required,0
P163,V1,taxi_conventionne,B,vsl_required,0
P163,V2,taxi_conventionne,O,vsl_required,0
P163,V2,taxi_conventionne,B,vsl_required,0
P163,V3,taxi_conventionne,O,vsl_required,0
P163,V3,taxi_conventionne,B,vsl_required,0
P163,V4,taxi_conventionne,O,vsl_required,0
P163,V4,taxi_conventionne,B,vsl_required,0
P163,V5,taxi_conventionne,O,vsl_required,0
P163,V5,taxi_conventionne,B,vsl_required,0
P163,V6,taxi_conventionne,O,vsl_required,0
P163,V6,taxi_conventionne,B,vsl_required,0
P163,V7,taxi_conventionne,O,vsl_required,0
P163,V7,taxi_conventionne,B,vsl_required,0
P163,V8,taxi_conventionne,O,vsl_required,0
P163,V8,taxi_conventionne,B,vsl_required,0
P163,V9,taxi_conventionne,O,vsl_required,0
P163,V9,taxi_conventionne,B,vsl_required,0
P163,V10,taxi_conventionne,O,vsl_required,0
P163,V10,taxi_conventionne,B,vsl_required,0
P163,V11,vsl,O,vsl_required,1
P163,V11,vsl,B,vsl_required,1
P163,V12,vsl,O,vsl_required,1
P163,V12,vsl,B,vsl_required,1
P163,V13,vsl,O,vsl_required,1
P163,V13,vsl,B,vsl_required,1
P163,V14,vsl,O,vsl_required,1
P163,V14,vsl,B,vsl_required,1
P163,V15,vsl,O,vsl_required,1
P163,V15,vsl,B,vsl_required,1
P163,V16,vsl,O,vsl_required,1
P163,V16,vsl,B,vsl_required,1
P163,V17,vsl,O,vsl_required,1
P163,V17,vsl,B,vsl_required,1
P163,V18,vtc_premium,O,vsl_required,0
P163,V18,vtc_premium,B,vsl_required,0
P163,V19,vtc_premium,O,vsl_required,0
P163,V19,vtc_premium,B,vsl_required,0
P163,V20,vtc_premium,O,vsl_required,0
P163,V20,vtc_premium,B,vsl_required,0
P164,V1,taxi_conventionne,O,standard_assis,1
P164,V1,taxi_conventionne,B,standard_assis,1
P164,V2,taxi_conventionne,O,standard_assis,1
P164,V2,taxi_conventionne,B,standard_assis,1
P164,V3,taxi_conventionne,O,standard_assis,1
P164,V3,taxi_conventionne,B,standard_assis,1
P164,V4,taxi_conventionne,O,standard_assis,1
P164,V4,taxi_conventionne,B,standard_assis,1
P164,V5,taxi_conventionne,O,standard_assis,1
P164,V5,taxi_conventionne,B,standard_assis,1
P164,V6,taxi_conventionne,O,standard_assis,1
P164,V6,taxi_conventionne,B,standard_assis,1
P164,V7,taxi_conventionne,O,standard_assis,1
P164,V7,taxi_conventionne,B,standard_assis,1
P164,V8,taxi_conventionne,O,standard_assis,1
P164,V8,taxi_conventionne,B,standard_assis,1
P164,V9,taxi_conventionne,O,standard_assis,1
P164,V9,taxi_conventionne,B,standard_assis,1
P164,V10,taxi_conventionne,O,standard_assis,1
P164,V10,taxi_conventionne,B,standard_assis,1
P164,V11,vsl,O,standard_assis,1
P164,V11,vsl,B,standard_assis,1
P164,V12,vsl,O,standard_assis,1
P164,V12,vsl,B,standard_assis,1
P164,V13,vsl,O,standard_assis,1
P164,V13,vsl,B,standard_assis,1
P164,V14,vsl,O,standard_assis,1
P164,V14,vsl,B,standard_assis,1
P164,V15,vsl,O,standard_assis,1
P164,V15,vsl,B,standard_assis,1
P164,V16,vsl,O,standard_assis,1
P164,V16,vsl,B,standard_assis,1
P164,V17,vsl,O,standard_assis,1
P164,V17,vsl,B,standard_assis,1
P164,V18,vtc_premium,O,standard_assis,1
P164,V18,vtc_premium,B,standard_assis,1
P164,V19,vtc_premium,O,standard_assis,1
P164,V19,vtc_premium,B,standard_assis,1
P164,V20,vtc_premium,O,standard_assis,1
P164,V20,vtc_premium,B,standard_assis,1
P165,V1,taxi_conventionne,O,vsl_required,0
P165,V1,taxi_conventionne,B,vsl_required,0
P165,V2,taxi_conventionne,O,vsl_required,0
P165,V2,taxi_conventionne,B,vsl_required,0
P165,V3,taxi_conventionne,O,vsl_required,0
P165,V3,taxi_conventionne,B,vsl_required,0
P165,V4,taxi_conventionne,O,vsl_required,0
P165,V4,taxi_conventionne,B,vsl_required,0
P165,V5,taxi_conventionne,O,vsl_required,0
P165,V5,taxi_conventionne,B,vsl_required,0
P165,V6,taxi_conventionne,O,vsl_required,0
P165,V6,taxi_conventionne,B,vsl_required,0
P165,V7,taxi_conventionne,O,vsl_required,0
P165,V7,taxi_conventionne,B,vsl_required,0
P165,V8,taxi_conventionne,O,vsl_required,0
P165,V8,taxi_conventionne,B,vsl_required,0
P165,V9,taxi_conventionne,O,vsl_required,0
P165,V9,taxi_conventionne,B,vsl_required,0
P165,V10,taxi_conventionne,O,vsl_required,0
P165,V10,taxi_conventionne,B,vsl_required,0
P165,V11,vsl,O,vsl_required,1
P165,V11,vsl,B,vsl_required,1
P165,V12,vsl,O,vsl_required,1
P165,V12,vsl,B,vsl_required,1
P165,V13,vsl,O,vsl_required,1
P165,V13,vsl,B,vsl_required,1
P165,V14,vsl,O,vsl_required,1
P165,V14,vsl,B,vsl_required,1
P165,V15,vsl,O,vsl_required,1
P165,V15,vsl,B,vsl_required,1
P165,V16,vsl,O,vsl_required,1
P165,V16,vsl,B,vsl_required,1
P165,V17,vsl,O,vsl_required,1
P165,V17,vsl,B,vsl_required,1
P165,V18,vtc_premium,O,vsl_required,0
P165,V18,vtc_premium,B,vsl_required,0
P165,V19,vtc_premium,O,vsl_required,0
P165,V19,vtc_premium,B,vsl_required,0
P165,V20,vtc_premium,O,vsl_required,0
P165,V20,vtc_premium,B,vsl_required,0
P166,V1,taxi_conventionne,O,vsl_required,0
P166,V1,taxi_conventionne,B,vsl_required,0
P166,V2,taxi_conventionne,O,vsl_required,0
P166,V2,taxi_conventionne,B,vsl_required,0
P166,V3,taxi_conventionne,O,vsl_required,0
P166,V3,taxi_conventionne,B,vsl_required,0
P166,V4,taxi_conventionne,O,vsl_required,0
P166,V4,taxi_conventionne,B,vsl_required,0
P166,V5,taxi_conventionne,O,vsl_required,0
P166,V5,taxi_conventionne,B,vsl_required,0
P166,V6,taxi_conventionne,O,vsl_required,0
P166,V6,taxi_conventionne,B,vsl_required,0
P166,V7,taxi_conventionne,O,vsl_required,0
P166,V7,taxi_conventionne,B,vsl_required,0
P166,V8,taxi_conventionne,O,vsl_required,0
P166,V8,taxi_conventionne,B,vsl_required,0
P166,V9,taxi_conventionne,O,vsl_required,0
P166,V9,taxi_conventionne,B,vsl_required,0
P166,V10,taxi_conventionne,O,vsl_required,0
P166,V10,taxi_conventionne,B,vsl_required,0
P166,V11,vsl,O,vsl_required,1
P166,V11,vsl,B,vsl_required,1
P166,V12,vsl,O,vsl_required,1
P166,V12,vsl,B,vsl_required,1
P166,V13,vsl,O,vsl_required,1
P166,V13,vsl,B,vsl_required,1
P166,V14,vsl,O,vsl_required,1
P166,V14,vsl,B,vsl_required,1
P166,V15,vsl,O,vsl_required,1
P166,V15,vsl,B,vsl_required,1
P166,V16,vsl,O,vsl_required,1
P166,V16,vsl,B,vsl_required,1
P166,V17,vsl,O,vsl_required,1
P166,V17,vsl,B,vsl_required,1
P166,V18,vtc_premium,O,vsl_required,0
P166,V18,vtc_premium,B,vsl_required,0
P166,V19,vtc_premium,O,vsl_required,0
P166,V19,vtc_premium,B,vsl_required,0
P166,V20,vtc_premium,O,vsl_required,0
P166,V20,vtc_premium,B,vsl_required,0
P167,V1,taxi_conventionne,O,vsl_required,0
P167,V1,taxi_conventionne,B,vsl_required,0
P167,V2,taxi_conventionne,O,vsl_required,0
P167,V2,taxi_conventionne,B,vsl_required,0
P167,V3,taxi_conventionne,O,vsl_required,0
P167,V3,taxi_conventionne,B,vsl_required,0
P167,V4,taxi_conventionne,O,vsl_required,0
P167,V4,taxi_conventionne,B,vsl_required,0
P167,V5,taxi_conventionne,O,vsl_required,0
P167,V5,taxi_conventionne,B,vsl_required,0
P167,V6,taxi_conventionne,O,vsl_required,0
P167,V6,taxi_conventionne,B,vsl_required,0
P167,V7,taxi_conventionne,O,vsl_required,0
P167,V7,taxi_conventionne,B,vsl_required,0
P167,V8,taxi_conventionne,O,vsl_required,0
P167,V8,taxi_conventionne,B,vsl_required,0
P167,V9,taxi_conventionne,O,vsl_required,0
P167,V9,taxi_conventionne,B,vsl_required,0
P167,V10,taxi_conventionne,O,vsl_required,0
P167,V10,taxi_conventionne,B,vsl_required,0
P167,V11,vsl,O,vsl_required,1
P167,V11,vsl,B,vsl_required,1
P167,V12,vsl,O,vsl_required,1
P167,V12,vsl,B,vsl_required,1
P167,V13,vsl,O,vsl_required,1
P167,V13,vsl,B,vsl_required,1
P167,V14,vsl,O,vsl_required,1
P167,V14,vsl,B,vsl_required,1
P167,V15,vsl,O,vsl_required,1
P167,V15,vsl,B,vsl_required,1
P167,V16,vsl,O,vsl_required,1
P167,V16,vsl,B,vsl_required,1
P167,V17,vsl,O,vsl_required,1
P167,V17,vsl,B,vsl_required,1
P167,V18,vtc_premium,O,vsl_required,0
P167,V18,vtc_premium,B,vsl_required,0
P167,V19,vtc_premium,O,vsl_required,0
P167,V19,vtc_premium,B,vsl_required,0
P167,V20,vtc_premium,O,vsl_required,0
P167,V20,vtc_premium,B,vsl_required,0
P168,V1,taxi_conventionne,O,prescription_medicale,1
P168,V1,taxi_conventionne,B,prescription_medicale,1
P168,V2,taxi_conventionne,O,prescription_medicale,1
P168,V2,taxi_conventionne,B,prescription_medicale,1
P168,V3,taxi_conventionne,O,prescription_medicale,1
P168,V3,taxi_conventionne,B,prescription_medicale,1
P168,V4,taxi_conventionne,O,prescription_medicale,1
P168,V4,taxi_conventionne,B,prescription_medicale,1
P168,V5,taxi_conventionne,O,prescription_medicale,1
P168,V5,taxi_conventionne,B,prescription_medicale,1
P168,V6,taxi_conventionne,O,prescription_medicale,1
P168,V6,taxi_conventionne,B,prescription_medicale,1
P168,V7,taxi_conventionne,O,prescription_medicale,1
P168,V7,taxi_conventionne,B,prescription_medicale,1
P168,V8,taxi_conventionne,O,prescription_medicale,1
P168,V8,taxi_conventionne,B,prescription_medicale,1
P168,V9,taxi_conventionne,O,prescription_medicale,1
P168,V9,taxi_conventionne,B,prescription_medicale,1
P168,V10,taxi_conventionne,O,prescription_medicale,1
P168,V10,taxi_conventionne,B,prescription_medicale,1
P168,V11,vsl,O,prescription_medicale,1
P168,V11,vsl,B,prescription_medicale,1
P168,V12,vsl,O,prescription_medicale,1
P168,V12,vsl,B,prescription_medicale,1
P168,V13,vsl,O,prescription_medicale,1
P168,V13,vsl,B,prescription_medicale,1
P168,V14,vsl,O,prescription_medicale,1
P168,V14,vsl,B,prescription_medicale,1
P168,V15,vsl,O,prescription_medicale,1
P168,V15,vsl,B,prescription_medicale,1
P168,V16,vsl,O,prescription_medicale,1
P168,V16,vsl,B,prescription_medicale,1
P168,V17,vsl,O,prescription_medicale,1
P168,V17,vsl,B,prescription_medicale,1
P168,V18,vtc_premium,O,prescription_medicale,0
P168,V18,vtc_premium,B,prescription_medicale,0
P168,V19,vtc_premium,O,prescription_medicale,0
P168,V19,vtc_premium,B,prescription_medicale,0
P168,V20,vtc_premium,O,prescription_medicale,0
P168,V20,vtc_premium,B,prescription_medicale,0
P169,V1,taxi_conventionne,O,vsl_required,0
P169,V1,taxi_conventionne,B,vsl_required,0
P169,V2,taxi_conventionne,O,vsl_required,0
P169,V2,taxi_conventionne,B,vsl_required,0
P169,V3,taxi_conventionne,O,vsl_required,0
P169,V3,taxi_conventionne,B,vsl_required,0
P169,V4,taxi_conventionne,O,vsl_required,0
P169,V4,taxi_conventionne,B,vsl_required,0
P169,V5,taxi_conventionne,O,vsl_required,0
P169,V5,taxi_conventionne,B,vsl_required,0
P169,V6,taxi_conventionne,O,vsl_required,0
P169,V6,taxi_conventionne,B,vsl_required,0
P169,V7,taxi_conventionne,O,vsl_required,0
P169,V7,taxi_conventionne,B,vsl_required,0
P169,V8,taxi_conventionne,O,vsl_required,0
P169,V8,taxi_conventionne,B,vsl_required,0
P169,V9,taxi_conventionne,O,vsl_required,0
P169,V9,taxi_conventionne,B,vsl_required,0
P169,V10,taxi_conventionne,O,vsl_required,0
P169,V10,taxi_conventionne,B,vsl_required,0
P169,V11,vsl,O,vsl_required,1
P169,V11,vsl,B,vsl_required,1
P169,V12,vsl,O,vsl_required,1
P169,V12,vsl,B,vsl_required,1
P169,V13,vsl,O,vsl_required,1
P169,V13,vsl,B,vsl_required,1
P169,V14,vsl,O,vsl_required,1
P169,V14,vsl,B,vsl_required,1
P169,V15,vsl,O,vsl_required,1
P169,V15,vsl,B,vsl_required,1
P169,V16,vsl,O,vsl_required,1
P169,V16,vsl,B,vsl_required,1
P169,V17,vsl,O,vsl_required,1
P169,V17,vsl,B,vsl_required,1
P169,V18,vtc_premium,O,vsl_required,0
P169,V18,vtc_premium,B,vsl_required,0
P169,V19,vtc_premium,O,vsl_required,0
P169,V19,vtc_premium,B,vsl_required,0
P169,V20,vtc_premium,O,vsl_required,0
P169,V20,vtc_premium,B,vsl_required,0
P170,V1,taxi_conventionne,O,prescription_medicale,1
P170,V1,taxi_conventionne,B,prescription_medicale,1
P170,V2,taxi_conventionne,O,prescription_medicale,1
P170,V2,taxi_conventionne,B,prescription_medicale,1
P170,V3,taxi_conventionne,O,prescription_medicale,1
P170,V3,taxi_conventionne,B,prescription_medicale,1
P170,V4,taxi_conventionne,O,prescription_medicale,1
P170,V4,taxi_conventionne,B,prescription_medicale,1
P170,V5,taxi_conventionne,O,prescription_medicale,1
P170,V5,taxi_conventionne,B,prescription_medicale,1
P170,V6,taxi_conventionne,O,prescription_medicale,1
P170,V6,taxi_conventionne,B,prescription_medicale,1
P170,V7,taxi_conventionne,O,prescription_medicale,1
P170,V7,taxi_conventionne,B,prescription_medicale,1
P170,V8,taxi_conventionne,O,prescription_medicale,1
P170,V8,taxi_conventionne,B,prescription_medicale,1
P170,V9,taxi_conventionne,O,prescription_medicale,1
P170,V9,taxi_conventionne,B,prescription_medicale,1
P170,V10,taxi_conventionne,O,prescription_medicale,1
P170,V10,taxi_conventionne,B,prescription_medicale,1
P170,V11,vsl,O,prescription_medicale,1
P170,V11,vsl,B,prescription_medicale,1
P170,V12,vsl,O,prescription_medicale,1
P170,V12,vsl,B,prescription_medicale,1
P170,V13,vsl,O,prescription_medicale,1
P170,V13,vsl,B,prescription_medicale,1
P170,V14,vsl,O,prescription_medicale,1
P170,V14,vsl,B,prescription_medicale,1
P170,V15,vsl,O,prescription_medicale,1
P170,V15,vsl,B,prescription_medicale,1
P170,V16,vsl,O,prescription_medicale,1
P170,V16,vsl,B,prescription_medicale,1
P170,V17,vsl,O,prescription_medicale,1
P170,V17,vsl,B,prescription_medicale,1
P170,V18,vtc_premium,O,prescription_medicale,0
P170,V18,vtc_premium,B,prescription_medicale,0
P170,V19,vtc_premium,O,prescription_medicale,0
P170,V19,vtc_premium,B,prescription_medicale,0
P170,V20,vtc_premium,O,prescription_medicale,0
P170,V20,vtc_premium,B,prescription_medicale,0
P171,V1,taxi_conventionne,O,standard_assis,1
P171,V1,taxi_conventionne,B,standard_assis,1
P171,V2,taxi_conventionne,O,standard_assis,1
P171,V2,taxi_conventionne,B,standard_assis,1
P171,V3,taxi_conventionne,O,standard_assis,1
P171,V3,taxi_conventionne,B,standard_assis,1
P171,V4,taxi_conventionne,O,standard_assis,1
P171,V4,taxi_conventionne,B,standard_assis,1
P171,V5,taxi_conventionne,O,standard_assis,1
P171,V5,taxi_conventionne,B,standard_assis,1
P171,V6,taxi_conventionne,O,standard_assis,1
P171,V6,taxi_conventionne,B,standard_assis,1
P171,V7,taxi_conventionne,O,standard_assis,1
P171,V7,taxi_conventionne,B,standard_assis,1
P171,V8,taxi_conventionne,O,standard_assis,1
P171,V8,taxi_conventionne,B,standard_assis,1
P171,V9,taxi_conventionne,O,standard_assis,1
P171,V9,taxi_conventionne,B,standard_assis,1
P171,V10,taxi_conventionne,O,standard_assis,1
P171,V10,taxi_conventionne,B,standard_assis,1
P171,V11,vsl,O,standard_assis,1
P171,V11,vsl,B,standard_assis,1
P171,V12,vsl,O,standard_assis,1
P171,V12,vsl,B,standard_assis,1
P171,V13,vsl,O,standard_assis,1
P171,V13,vsl,B,standard_assis,1
P171,V14,vsl,O,standard_assis,1
P171,V14,vsl,B,standard_assis,1
P171,V15,vsl,O,standard_assis,1
P171,V15,vsl,B,standard_assis,1
P171,V16,vsl,O,standard_assis,1
P171,V16,vsl,B,standard_assis,1
P171,V17,vsl,O,standard_assis,1
P171,V17,vsl,B,standard_assis,1
P171,V18,vtc_premium,O,standard_assis,1
P171,V18,vtc_premium,B,standard_assis,1
P171,V19,vtc_premium,O,standard_assis,1
P171,V19,vtc_premium,B,standard_assis,1
P171,V20,vtc_premium,O,standard_assis,1
P171,V20,vtc_premium,B,standard_assis,1
P172,V1,taxi_conventionne,O,standard_assis,1
P172,V1,taxi_conventionne,B,standard_assis,1
P172,V2,taxi_conventionne,O,standard_assis,1
P172,V2,taxi_conventionne,B,standard_assis,1
P172,V3,taxi_conventionne,O,standard_assis,1
P172,V3,taxi_conventionne,B,standard_assis,1
P172,V4,taxi_conventionne,O,standard_assis,1
P172,V4,taxi_conventionne,B,standard_assis,1
P172,V5,taxi_conventionne,O,standard_assis,1
P172,V5,taxi_conventionne,B,standard_assis,1
P172,V6,taxi_conventionne,O,standard_assis,1
P172,V6,taxi_conventionne,B,standard_assis,1
P172,V7,taxi_conventionne,O,standard_assis,1
P172,V7,taxi_conventionne,B,standard_assis,1
P172,V8,taxi_conventionne,O,standard_assis,1
P172,V8,taxi_conventionne,B,standard_assis,1
P172,V9,taxi_conventionne,O,standard_assis,1
P172,V9,taxi_conventionne,B,standard_assis,1
P172,V10,taxi_conventionne,O,standard_assis,1
P172,V10,taxi_conventionne,B,standard_assis,1
P172,V11,vsl,O,standard_assis,1
P172,V11,vsl,B,standard_assis,1
P172,V12,vsl,O,standard_assis,1
P172,V12,vsl,B,standard_assis,1
P172,V13,vsl,O,standard_assis,1
P172,V13,vsl,B,standard_assis,1
P172,V14,vsl,O,standard_assis,1
P172,V14,vsl,B,standard_assis,1
P172,V15,vsl,O,standard_assis,1
P172,V15,vsl,B,standard_assis,1
P172,V16,vsl,O,standard_assis,1
P172,V16,vsl,B,standard_assis,1
P172,V17,vsl,O,standard_assis,1
P172,V17,vsl,B,standard_assis,1
P172,V18,vtc_premium,O,standard_assis,1
P172,V18,vtc_premium,B,standard_assis,1
P172,V19,vtc_premium,O,standard_assis,1
P172,V19,vtc_premium,B,standard_assis,1
P172,V20,vtc_premium,O,standard_assis,1
P172,V20,vtc_premium,B,standard_assis,1
P173,V1,taxi_conventionne,O,prescription_medicale,1
P173,V1,taxi_conventionne,B,prescription_medicale,1
P173,V2,taxi_conventionne,O,prescription_medicale,1
P173,V2,taxi_conventionne,B,prescription_medicale,1
P173,V3,taxi_conventionne,O,prescription_medicale,1
P173,V3,taxi_conventionne,B,prescription_medicale,1
P173,V4,taxi_conventionne,O,prescription_medicale,1
P173,V4,taxi_conventionne,B,prescription_medicale,1
P173,V5,taxi_conventionne,O,prescription_medicale,1
P173,V5,taxi_conventionne,B,prescription_medicale,1
P173,V6,taxi_conventionne,O,prescription_medicale,1
P173,V6,taxi_conventionne,B,prescription_medicale,1
P173,V7,taxi_conventionne,O,prescription_medicale,1
P173,V7,taxi_conventionne,B,prescription_medicale,1
P173,V8,taxi_conventionne,O,prescription_medicale,1
P173,V8,taxi_conventionne,B,prescription_medicale,1
P173,V9,taxi_conventionne,O,prescription_medicale,1
P173,V9,taxi_conventionne,B,prescription_medicale,1
P173,V10,taxi_conventionne,O,prescription_medicale,1
P173,V10,taxi_conventionne,B,prescription_medicale,1
P173,V11,vsl,O,prescription_medicale,1
P173,V11,vsl,B,prescription_medicale,1
P173,V12,vsl,O,prescription_medicale,1
P173,V12,vsl,B,prescription_medicale,1
P173,V13,vsl,O,prescription_medicale,1
P173,V13,vsl,B,prescription_medicale,1
P173,V14,vsl,O,prescription_medicale,1
P173,V14,vsl,B,prescription_medicale,1
P173,V15,vsl,O,prescription_medicale,1
P173,V15,vsl,B,prescription_medicale,1
P173,V16,vsl,O,prescription_medicale,1
P173,V16,vsl,B,prescription_medicale,1
P173,V17,vsl,O,prescription_medicale,1
P173,V17,vsl,B,prescription_medicale,1
P173,V18,vtc_premium,O,prescription_medicale,0
P173,V18,vtc_premium,B,prescription_medicale,0
P173,V19,vtc_premium,O,prescription_medicale,0
P173,V19,vtc_premium,B,prescription_medicale,0
P173,V20,vtc_premium,O,prescription_medicale,0
P173,V20,vtc_premium,B,prescription_medicale,0
P174,V1,taxi_conventionne,O,vsl_required,0
P174,V1,taxi_conventionne,B,vsl_required,0
P174,V2,taxi_conventionne,O,vsl_required,0
P174,V2,taxi_conventionne,B,vsl_required,0
P174,V3,taxi_conventionne,O,vsl_required,0
P174,V3,taxi_conventionne,B,vsl_required,0
P174,V4,taxi_conventionne,O,vsl_required,0
P174,V4,taxi_conventionne,B,vsl_required,0
P174,V5,taxi_conventionne,O,vsl_required,0
P174,V5,taxi_conventionne,B,vsl_required,0
P174,V6,taxi_conventionne,O,vsl_required,0
P174,V6,taxi_conventionne,B,vsl_required,0
P174,V7,taxi_conventionne,O,vsl_required,0
P174,V7,taxi_conventionne,B,vsl_required,0
P174,V8,taxi_conventionne,O,vsl_required,0
P174,V8,taxi_conventionne,B,vsl_required,0
P174,V9,taxi_conventionne,O,vsl_required,0
P174,V9,taxi_conventionne,B,vsl_required,0
P174,V10,taxi_conventionne,O,vsl_required,0
P174,V10,taxi_conventionne,B,vsl_required,0
P174,V11,vsl,O,vsl_required,1
P174,V11,vsl,B,vsl_required,1
P174,V12,vsl,O,vsl_required,1
P174,V12,vsl,B,vsl_required,1
P174,V13,vsl,O,vsl_required,1
P174,V13,vsl,B,vsl_required,1
P174,V14,vsl,O,vsl_required,1
P174,V14,vsl,B,vsl_required,1
P174,V15,vsl,O,vsl_required,1
P174,V15,vsl,B,vsl_required,1
P174,V16,vsl,O,vsl_required,1
P174,V16,vsl,B,vsl_required,1
P174,V17,vsl,O,vsl_required,1
P174,V17,vsl,B,vsl_required,1
P174,V18,vtc_premium,O,vsl_required,0
P174,V18,vtc_premium,B,vsl_required,0
P174,V19,vtc_premium,O,vsl_required,0
P174,V19,vtc_premium,B,vsl_required,0
P174,V20,vtc_premium,O,vsl_required,0
P174,V20,vtc_premium,B,vsl_required,0
P175,V1,taxi_conventionne,O,vsl_required,0
P175,V1,taxi_conventionne,B,vsl_required,0
P175,V2,taxi_conventionne,O,vsl_required,0
P175,V2,taxi_conventionne,B,vsl_required,0
P175,V3,taxi_conventionne,O,vsl_required,0
P175,V3,taxi_conventionne,B,vsl_required,0
P175,V4,taxi_conventionne,O,vsl_required,0
P175,V4,taxi_conventionne,B,vsl_required,0
P175,V5,taxi_conventionne,O,vsl_required,0
P175,V5,taxi_conventionne,B,vsl_required,0
P175,V6,taxi_conventionne,O,vsl_required,0
P175,V6,taxi_conventionne,B,vsl_required,0
P175,V7,taxi_conventionne,O,vsl_required,0
P175,V7,taxi_conventionne,B,vsl_required,0
P175,V8,taxi_conventionne,O,vsl_required,0
P175,V8,taxi_conventionne,B,vsl_required,0
P175,V9,taxi_conventionne,O,vsl_required,0
P175,V9,taxi_conventionne,B,vsl_required,0
P175,V10,taxi_conventionne,O,vsl_required,0
P175,V10,taxi_conventionne,B,vsl_required,0
P175,V11,vsl,O,vsl_required,1
P175,V11,vsl,B,vsl_required,1
P175,V12,vsl,O,vsl_required,1
P175,V12,vsl,B,vsl_required,1
P175,V13,vsl,O,vsl_required,1
P175,V13,vsl,B,vsl_required,1
P175,V14,vsl,O,vsl_required,1
P175,V14,vsl,B,vsl_required,1
P175,V15,vsl,O,vsl_required,1
P175,V15,vsl,B,vsl_required,1
P175,V16,vsl,O,vsl_required,1
P175,V16,vsl,B,vsl_required,1
P175,V17,vsl,O,vsl_required,1
P175,V17,vsl,B,vsl_required,1
P175,V18,vtc_premium,O,vsl_required,0
P175,V18,vtc_premium,B,vsl_required,0
P175,V19,vtc_premium,O,vsl_required,0
P175,V19,vtc_premium,B,vsl_required,0
P175,V20,vtc_premium,O,vsl_required,0
P175,V20,vtc_premium,B,vsl_required,0
P176,V1,taxi_conventionne,O,vsl_required,0
P176,V1,taxi_conventionne,B,vsl_required,0
P176,V2,taxi_conventionne,O,vsl_required,0
P176,V2,taxi_conventionne,B,vsl_required,0
P176,V3,taxi_conventionne,O,vsl_required,0
P176,V3,taxi_conventionne,B,vsl_required,0
P176,V4,taxi_conventionne,O,vsl_required,0
P176,V4,taxi_conventionne,B,vsl_required,0
P176,V5,taxi_conventionne,O,vsl_required,0
P176,V5,taxi_conventionne,B,vsl_required,0
P176,V6,taxi_conventionne,O,vsl_required,0
P176,V6,taxi_conventionne,B,vsl_required,0
P176,V7,taxi_conventionne,O,vsl_required,0
P176,V7,taxi_conventionne,B,vsl_required,0
P176,V8,taxi_conventionne,O,vsl_required,0
P176,V8,taxi_conventionne,B,vsl_required,0
P176,V9,taxi_conventionne,O,vsl_required,0
P176,V9,taxi_conventionne,B,vsl_required,0
P176,V10,taxi_conventionne,O,vsl_required,0
P176,V10,taxi_conventionne,B,vsl_required,0
P176,V11,vsl,O,vsl_required,1
P176,V11,vsl,B,vsl_required,1
P176,V12,vsl,O,vsl_required,1
P176,V12,vsl,B,vsl_required,1
P176,V13,vsl,O,vsl_required,1
P176,V13,vsl,B,vsl_required,1
P176,V14,vsl,O,vsl_required,1
P176,V14,vsl,B,vsl_required,1
P176,V15,vsl,O,vsl_required,1
P176,V15,vsl,B,vsl_required,1
P176,V16,vsl,O,vsl_required,1
P176,V16,vsl,B,vsl_required,1
P176,V17,vsl,O,vsl_required,1
P176,V17,vsl,B,vsl_required,1
P176,V18,vtc_premium,O,vsl_required,0
P176,V18,vtc_premium,B,vsl_required,0
P176,V19,vtc_premium,O,vsl_required,0
P176,V19,vtc_premium,B,vsl_required,0
P176,V20,vtc_premium,O,vsl_required,0
P176,V20,vtc_premium,B,vsl_required,0
P177,V1,taxi_conventionne,O,vsl_required,0
P177,V1,taxi_conventionne,B,vsl_required,0
P177,V2,taxi_conventionne,O,vsl_required,0
P177,V2,taxi_conventionne,B,vsl_required,0
P177,V3,taxi_conventionne,O,vsl_required,0
P177,V3,taxi_conventionne,B,vsl_required,0
P177,V4,taxi_conventionne,O,vsl_required,0
P177,V4,taxi_conventionne,B,vsl_required,0
P177,V5,taxi_conventionne,O,vsl_required,0
P177,V5,taxi_conventionne,B,vsl_required,0
P177,V6,taxi_conventionne,O,vsl_required,0
P177,V6,taxi_conventionne,B,vsl_required,0
P177,V7,taxi_conventionne,O,vsl_required,0
P177,V7,taxi_conventionne,B,vsl_required,0
P177,V8,taxi_conventionne,O,vsl_required,0
P177,V8,taxi_conventionne,B,vsl_required,0
P177,V9,taxi_conventionne,O,vsl_required,0
P177,V9,taxi_conventionne,B,vsl_required,0
P177,V10,taxi_conventionne,O,vsl_required,0
P177,V10,taxi_conventionne,B,vsl_required,0
P177,V11,vsl,O,vsl_required,1
P177,V11,vsl,B,vsl_required,1
P177,V12,vsl,O,vsl_required,1
P177,V12,vsl,B,vsl_required,1
P177,V13,vsl,O,vsl_required,1
P177,V13,vsl,B,vsl_required,1
P177,V14,vsl,O,vsl_required,1
P177,V14,vsl,B,vsl_required,1
P177,V15,vsl,O,vsl_required,1
P177,V15,vsl,B,vsl_required,1
P177,V16,vsl,O,vsl_required,1
P177,V16,vsl,B,vsl_required,1
P177,V17,vsl,O,vsl_required,1
P177,V17,vsl,B,vsl_required,1
P177,V18,vtc_premium,O,vsl_required,0
P177,V18,vtc_premium,B,vsl_required,0
P177,V19,vtc_premium,O,vsl_required,0
P177,V19,vtc_premium,B,vsl_required,0
P177,V20,vtc_premium,O,vsl_required,0
P177,V20,vtc_premium,B,vsl_required,0
P178,V1,taxi_conventionne,O,prescription_medicale,1
P178,V1,taxi_conventionne,B,prescription_medicale,1
P178,V2,taxi_conventionne,O,prescription_medicale,1
P178,V2,taxi_conventionne,B,prescription_medicale,1
P178,V3,taxi_conventionne,O,prescription_medicale,1
P178,V3,taxi_conventionne,B,prescription_medicale,1
P178,V4,taxi_conventionne,O,prescription_medicale,1
P178,V4,taxi_conventionne,B,prescription_medicale,1
P178,V5,taxi_conventionne,O,prescription_medicale,1
P178,V5,taxi_conventionne,B,prescription_medicale,1
P178,V6,taxi_conventionne,O,prescription_medicale,1
P178,V6,taxi_conventionne,B,prescription_medicale,1
P178,V7,taxi_conventionne,O,prescription_medicale,1
P178,V7,taxi_conventionne,B,prescription_medicale,1
P178,V8,taxi_conventionne,O,prescription_medicale,1
P178,V8,taxi_conventionne,B,prescription_medicale,1
P178,V9,taxi_conventionne,O,prescription_medicale,1
P178,V9,taxi_conventionne,B,prescription_medicale,1
P178,V10,taxi_conventionne,O,prescription_medicale,1
P178,V10,taxi_conventionne,B,prescription_medicale,1
P178,V11,vsl,O,prescription_medicale,1
P178,V11,vsl,B,prescription_medicale,1
P178,V12,vsl,O,prescription_medicale,1
P178,V12,vsl,B,prescription_medicale,1
P178,V13,vsl,O,prescription_medicale,1
P178,V13,vsl,B,prescription_medicale,1
P178,V14,vsl,O,prescription_medicale,1
P178,V14,vsl,B,prescription_medicale,1
P178,V15,vsl,O,prescription_medicale,1
P178,V15,vsl,B,prescription_medicale,1
P178,V16,vsl,O,prescription_medicale,1
P178,V16,vsl,B,prescription_medicale,1
P178,V17,vsl,O,prescription_medicale,1
P178,V17,vsl,B,prescription_medicale,1
P178,V18,vtc_premium,O,prescription_medicale,0
P178,V18,vtc_premium,B,prescription_medicale,0
P178,V19,vtc_premium,O,prescription_medicale,0
P178,V19,vtc_premium,B,prescription_medicale,0
P178,V20,vtc_premium,O,prescription_medicale,0
P178,V20,vtc_premium,B,prescription_medicale,0
P179,V1,taxi_conventionne,O,vsl_required,0
P179,V1,taxi_conventionne,B,vsl_required,0
P179,V2,taxi_conventionne,O,vsl_required,0
P179,V2,taxi_conventionne,B,vsl_required,0
P179,V3,taxi_conventionne,O,vsl_required,0
P179,V3,taxi_conventionne,B,vsl_required,0
P179,V4,taxi_conventionne,O,vsl_required,0
P179,V4,taxi_conventionne,B,vsl_required,0
P179,V5,taxi_conventionne,O,vsl_required,0
P179,V5,taxi_conventionne,B,vsl_required,0
P179,V6,taxi_conventionne,O,vsl_required,0
P179,V6,taxi_conventionne,B,vsl_required,0
P179,V7,taxi_conventionne,O,vsl_required,0
P179,V7,taxi_conventionne,B,vsl_required,0
P179,V8,taxi_conventionne,O,vsl_required,0
P179,V8,taxi_conventionne,B,vsl_required,0
P179,V9,taxi_conventionne,O,vsl_required,0
P179,V9,taxi_conventionne,B,vsl_required,0
P179,V10,taxi_conventionne,O,vsl_required,0
P179,V10,taxi_conventionne,B,vsl_required,0
P179,V11,vsl,O,vsl_required,1
P179,V11,vsl,B,vsl_required,1
P179,V12,vsl,O,vsl_required,1
P179,V12,vsl,B,vsl_required,1
P179,V13,vsl,O,vsl_required,1
P179,V13,vsl,B,vsl_required,1
P179,V14,vsl,O,vsl_required,1
P179,V14,vsl,B,vsl_required,1
P179,V15,vsl,O,vsl_required,1
P179,V15,vsl,B,vsl_required,1
P179,V16,vsl,O,vsl_required,1
P179,V16,vsl,B,vsl_required,1
P179,V17,vsl,O,vsl_required,1
P179,V17,vsl,B,vsl_required,1
P179,V18,vtc_premium,O,vsl_required,0
P179,V18,vtc_premium,B,vsl_required,0
P179,V19,vtc_premium,O,vsl_required,0
P179,V19,vtc_premium,B,vsl_required,0
P179,V20,vtc_premium,O,vsl_required,0
P179,V20,vtc_premium,B,vsl_required,0
P180,V1,taxi_conventionne,O,prescription_medicale,1
P180,V1,taxi_conventionne,B,prescription_medicale,1
P180,V2,taxi_conventionne,O,prescription_medicale,1
P180,V2,taxi_conventionne,B,prescription_medicale,1
P180,V3,taxi_conventionne,O,prescription_medicale,1
P180,V3,taxi_conventionne,B,prescription_medicale,1
P180,V4,taxi_conventionne,O,prescription_medicale,1
P180,V4,taxi_conventionne,B,prescription_medicale,1
P180,V5,taxi_conventionne,O,prescription_medicale,1
P180,V5,taxi_conventionne,B,prescription_medicale,1
P180,V6,taxi_conventionne,O,prescription_medicale,1
P180,V6,taxi_conventionne,B,prescription_medicale,1
P180,V7,taxi_conventionne,O,prescription_medicale,1
P180,V7,taxi_conventionne,B,prescription_medicale,1
P180,V8,taxi_conventionne,O,prescription_medicale,1
P180,V8,taxi_conventionne,B,prescription_medicale,1
P180,V9,taxi_conventionne,O,prescription_medicale,1
P180,V9,taxi_conventionne,B,prescription_medicale,1
P180,V10,taxi_conventionne,O,prescription_medicale,1
P180,V10,taxi_conventionne,B,prescription_medicale,1
P180,V11,vsl,O,prescription_medicale,1
P180,V11,vsl,B,prescription_medicale,1
P180,V12,vsl,O,prescription_medicale,1
P180,V12,vsl,B,prescription_medicale,1
P180,V13,vsl,O,prescription_medicale,1
P180,V13,vsl,B,prescription_medicale,1
P180,V14,vsl,O,prescription_medicale,1
P180,V14,vsl,B,prescription_medicale,1
P180,V15,vsl,O,prescription_medicale,1
P180,V15,vsl,B,prescription_medicale,1
P180,V16,vsl,O,prescription_medicale,1
P180,V16,vsl,B,prescription_medicale,1
P180,V17,vsl,O,prescription_medicale,1
P180,V17,vsl,B,prescription_medicale,1
P180,V18,vtc_premium,O,prescription_medicale,0
P180,V18,vtc_premium,B,prescription_medicale,0
P180,V19,vtc_premium,O,prescription_medicale,0
P180,V19,vtc_premium,B,prescription_medicale,0
P180,V20,vtc_premium,O,prescription_medicale,0
P180,V20,vtc_premium,B,prescription_medicale,0
P181,V1,taxi_conventionne,O,vsl_required,0
P181,V1,taxi_conventionne,B,vsl_required,0
P181,V2,taxi_conventionne,O,vsl_required,0
P181,V2,taxi_conventionne,B,vsl_required,0
P181,V3,taxi_conventionne,O,vsl_required,0
P181,V3,taxi_conventionne,B,vsl_required,0
P181,V4,taxi_conventionne,O,vsl_required,0
P181,V4,taxi_conventionne,B,vsl_required,0
P181,V5,taxi_conventionne,O,vsl_required,0
P181,V5,taxi_conventionne,B,vsl_required,0
P181,V6,taxi_conventionne,O,vsl_required,0
P181,V6,taxi_conventionne,B,vsl_required,0
P181,V7,taxi_conventionne,O,vsl_required,0
P181,V7,taxi_conventionne,B,vsl_required,0
P181,V8,taxi_conventionne,O,vsl_required,0
P181,V8,taxi_conventionne,B,vsl_required,0
P181,V9,taxi_conventionne,O,vsl_required,0
P181,V9,taxi_conventionne,B,vsl_required,0
P181,V10,taxi_conventionne,O,vsl_required,0
P181,V10,taxi_conventionne,B,vsl_required,0
P181,V11,vsl,O,vsl_required,1
P181,V11,vsl,B,vsl_required,1
P181,V12,vsl,O,vsl_required,1
P181,V12,vsl,B,vsl_required,1
P181,V13,vsl,O,vsl_required,1
P181,V13,vsl,B,vsl_required,1
P181,V14,vsl,O,vsl_required,1
P181,V14,vsl,B,vsl_required,1
P181,V15,vsl,O,vsl_required,1
P181,V15,vsl,B,vsl_required,1
P181,V16,vsl,O,vsl_required,1
P181,V16,vsl,B,vsl_required,1
P181,V17,vsl,O,vsl_required,1
P181,V17,vsl,B,vsl_required,1
P181,V18,vtc_premium,O,vsl_required,0
P181,V18,vtc_premium,B,vsl_required,0
P181,V19,vtc_premium,O,vsl_required,0
P181,V19,vtc_premium,B,vsl_required,0
P181,V20,vtc_premium,O,vsl_required,0
P181,V20,vtc_premium,B,vsl_required,0
P182,V1,taxi_conventionne,O,prescription_medicale,1
P182,V1,taxi_conventionne,B,prescription_medicale,1
P182,V2,taxi_conventionne,O,prescription_medicale,1
P182,V2,taxi_conventionne,B,prescription_medicale,1
P182,V3,taxi_conventionne,O,prescription_medicale,1
P182,V3,taxi_conventionne,B,prescription_medicale,1
P182,V4,taxi_conventionne,O,prescription_medicale,1
P182,V4,taxi_conventionne,B,prescription_medicale,1
P182,V5,taxi_conventionne,O,prescription_medicale,1
P182,V5,taxi_conventionne,B,prescription_medicale,1
P182,V6,taxi_conventionne,O,prescription_medicale,1
P182,V6,taxi_conventionne,B,prescription_medicale,1
P182,V7,taxi_conventionne,O,prescription_medicale,1
P182,V7,taxi_conventionne,B,prescription_medicale,1
P182,V8,taxi_conventionne,O,prescription_medicale,1
P182,V8,taxi_conventionne,B,prescription_medicale,1
P182,V9,taxi_conventionne,O,prescription_medicale,1
P182,V9,taxi_conventionne,B,prescription_medicale,1
P182,V10,taxi_conventionne,O,prescription_medicale,1
P182,V10,taxi_conventionne,B,prescription_medicale,1
P182,V11,vsl,O,prescription_medicale,1
P182,V11,vsl,B,prescription_medicale,1
P182,V12,vsl,O,prescription_medicale,1
P182,V12,vsl,B,prescription_medicale,1
P182,V13,vsl,O,prescription_medicale,1
P182,V13,vsl,B,prescription_medicale,1
P182,V14,vsl,O,prescription_medicale,1
P182,V14,vsl,B,prescription_medicale,1
P182,V15,vsl,O,prescription_medicale,1
P182,V15,vsl,B,prescription_medicale,1
P182,V16,vsl,O,prescription_medicale,1
P182,V16,vsl,B,prescription_medicale,1
P182,V17,vsl,O,prescription_medicale,1
P182,V17,vsl,B,prescription_medicale,1
P182,V18,vtc_premium,O,prescription_medicale,0
P182,V18,vtc_premium,B,prescription_medicale,0
P182,V19,vtc_premium,O,prescription_medicale,0
P182,V19,vtc_premium,B,prescription_medicale,0
P182,V20,vtc_premium,O,prescription_medicale,0
P182,V20,vtc_premium,B,prescription_medicale,0
P183,V1,taxi_conventionne,O,vsl_required,0
P183,V1,taxi_conventionne,B,vsl_required,0
P183,V2,taxi_conventionne,O,vsl_required,0
P183,V2,taxi_conventionne,B,vsl_required,0
P183,V3,taxi_conventionne,O,vsl_required,0
P183,V3,taxi_conventionne,B,vsl_required,0
P183,V4,taxi_conventionne,O,vsl_required,0
P183,V4,taxi_conventionne,B,vsl_required,0
P183,V5,taxi_conventionne,O,vsl_required,0
P183,V5,taxi_conventionne,B,vsl_required,0
P183,V6,taxi_conventionne,O,vsl_required,0
P183,V6,taxi_conventionne,B,vsl_required,0
P183,V7,taxi_conventionne,O,vsl_required,0
P183,V7,taxi_conventionne,B,vsl_required,0
P183,V8,taxi_conventionne,O,vsl_required,0
P183,V8,taxi_conventionne,B,vsl_required,0
P183,V9,taxi_conventionne,O,vsl_required,0
P183,V9,taxi_conventionne,B,vsl_required,0
P183,V10,taxi_conventionne,O,vsl_required,0
P183,V10,taxi_conventionne,B,vsl_required,0
P183,V11,vsl,O,vsl_required,1
P183,V11,vsl,B,vsl_required,1
P183,V12,vsl,O,vsl_required,1
P183,V12,vsl,B,vsl_required,1
P183,V13,vsl,O,vsl_required,1
P183,V13,vsl,B,vsl_required,1
P183,V14,vsl,O,vsl_required,1
P183,V14,vsl,B,vsl_required,1
P183,V15,vsl,O,vsl_required,1
P183,V15,vsl,B,vsl_required,1
P183,V16,vsl,O,vsl_required,1
P183,V16,vsl,B,vsl_required,1
P183,V17,vsl,O,vsl_required,1
P183,V17,vsl,B,vsl_required,1
P183,V18,vtc_premium,O,vsl_required,0
P183,V18,vtc_premium,B,vsl_required,0
P183,V19,vtc_premium,O,vsl_required,0
P183,V19,vtc_premium,B,vsl_required,0
P183,V20,vtc_premium,O,vsl_required,0
P183,V20,vtc_premium,B,vsl_required,0
P184,V1,taxi_conventionne,O,vsl_required,0
P184,V1,taxi_conventionne,B,vsl_required,0
P184,V2,taxi_conventionne,O,vsl_required,0
P184,V2,taxi_conventionne,B,vsl_required,0
P184,V3,taxi_conventionne,O,vsl_required,0
P184,V3,taxi_conventionne,B,vsl_required,0
P184,V4,taxi_conventionne,O,vsl_required,0
P184,V4,taxi_conventionne,B,vsl_required,0
P184,V5,taxi_conventionne,O,vsl_required,0
P184,V5,taxi_conventionne,B,vsl_required,0
P184,V6,taxi_conventionne,O,vsl_required,0
P184,V6,taxi_conventionne,B,vsl_required,0
P184,V7,taxi_conventionne,O,vsl_required,0
P184,V7,taxi_conventionne,B,vsl_required,0
P184,V8,taxi_conventionne,O,vsl_required,0
P184,V8,taxi_conventionne,B,vsl_required,0
P184,V9,taxi_conventionne,O,vsl_required,0
P184,V9,taxi_conventionne,B,vsl_required,0
P184,V10,taxi_conventionne,O,vsl_required,0
P184,V10,taxi_conventionne,B,vsl_required,0
P184,V11,vsl,O,vsl_required,1
P184,V11,vsl,B,vsl_required,1
P184,V12,vsl,O,vsl_required,1
P184,V12,vsl,B,vsl_required,1
P184,V13,vsl,O,vsl_required,1
P184,V13,vsl,B,vsl_required,1
P184,V14,vsl,O,vsl_required,1
P184,V14,vsl,B,vsl_required,1
P184,V15,vsl,O,vsl_required,1
P184,V15,vsl,B,vsl_required,1
P184,V16,vsl,O,vsl_required,1
P184,V16,vsl,B,vsl_required,1
P184,V17,vsl,O,vsl_required,1
P184,V17,vsl,B,vsl_required,1
P184,V18,vtc_premium,O,vsl_required,0
P184,V18,vtc_premium,B,vsl_required,0
P184,V19,vtc_premium,O,vsl_required,0
P184,V19,vtc_premium,B,vsl_required,0
P184,V20,vtc_premium,O,vsl_required,0
P184,V20,vtc_premium,B,vsl_required,0
P185,V1,taxi_conventionne,O,vsl_required,0
P185,V1,taxi_conventionne,B,vsl_required,0
P185,V2,taxi_conventionne,O,vsl_required,0
P185,V2,taxi_conventionne,B,vsl_required,0
P185,V3,taxi_conventionne,O,vsl_required,0
P185,V3,taxi_conventionne,B,vsl_required,0
P185,V4,taxi_conventionne,O,vsl_required,0
P185,V4,taxi_conventionne,B,vsl_required,0
P185,V5,taxi_conventionne,O,vsl_required,0
P185,V5,taxi_conventionne,B,vsl_required,0
P185,V6,taxi_conventionne,O,vsl_required,0
P185,V6,taxi_conventionne,B,vsl_required,0
P185,V7,taxi_conventionne,O,vsl_required,0
P185,V7,taxi_conventionne,B,vsl_required,0
P185,V8,taxi_conventionne,O,vsl_required,0
P185,V8,taxi_conventionne,B,vsl_required,0
P185,V9,taxi_conventionne,O,vsl_required,0
P185,V9,taxi_conventionne,B,vsl_required,0
P185,V10,taxi_conventionne,O,vsl_required,0
P185,V10,taxi_conventionne,B,vsl_required,0
P185,V11,vsl,O,vsl_required,1
P185,V11,vsl,B,vsl_required,1
P185,V12,vsl,O,vsl_required,1
P185,V12,vsl,B,vsl_required,1
P185,V13,vsl,O,vsl_required,1
P185,V13,vsl,B,vsl_required,1
P185,V14,vsl,O,vsl_required,1
P185,V14,vsl,B,vsl_required,1
P185,V15,vsl,O,vsl_required,1
P185,V15,vsl,B,vsl_required,1
P185,V16,vsl,O,vsl_required,1
P185,V16,vsl,B,vsl_required,1
P185,V17,vsl,O,vsl_required,1
P185,V17,vsl,B,vsl_required,1
P185,V18,vtc_premium,O,vsl_required,0
P185,V18,vtc_premium,B,vsl_required,0
P185,V19,vtc_premium,O,vsl_required,0
P185,V19,vtc_premium,B,vsl_required,0
P185,V20,vtc_premium,O,vsl_required,0
P185,V20,vtc_premium,B,vsl_required,0
P186,V1,taxi_conventionne,O,prescription_medicale,1
P186,V1,taxi_conventionne,B,prescription_medicale,1
P186,V2,taxi_conventionne,O,prescription_medicale,1
P186,V2,taxi_conventionne,B,prescription_medicale,1
P186,V3,taxi_conventionne,O,prescription_medicale,1
P186,V3,taxi_conventionne,B,prescription_medicale,1
P186,V4,taxi_conventionne,O,prescription_medicale,1
P186,V4,taxi_conventionne,B,prescription_medicale,1
P186,V5,taxi_conventionne,O,prescription_medicale,1
P186,V5,taxi_conventionne,B,prescription_medicale,1
P186,V6,taxi_conventionne,O,prescription_medicale,1
P186,V6,taxi_conventionne,B,prescription_medicale,1
P186,V7,taxi_conventionne,O,prescription_medicale,1
P186,V7,taxi_conventionne,B,prescription_medicale,1
P186,V8,taxi_conventionne,O,prescription_medicale,1
P186,V8,taxi_conventionne,B,prescription_medicale,1
P186,V9,taxi_conventionne,O,prescription_medicale,1
P186,V9,taxi_conventionne,B,prescription_medicale,1
P186,V10,taxi_conventionne,O,prescription_medicale,1
P186,V10,taxi_conventionne,B,prescription_medicale,1
P186,V11,vsl,O,prescription_medicale,1
P186,V11,vsl,B,prescription_medicale,1
P186,V12,vsl,O,prescription_medicale,1
P186,V12,vsl,B,prescription_medicale,1
P186,V13,vsl,O,prescription_medicale,1
P186,V13,vsl,B,prescription_medicale,1
P186,V14,vsl,O,prescription_medicale,1
P186,V14,vsl,B,prescription_medicale,1
P186,V15,vsl,O,prescription_medicale,1
P186,V15,vsl,B,prescription_medicale,1
P186,V16,vsl,O,prescription_medicale,1
P186,V16,vsl,B,prescription_medicale,1
P186,V17,vsl,O,prescription_medicale,1
P186,V17,vsl,B,prescription_medicale,1
P186,V18,vtc_premium,O,prescription_medicale,0
P186,V18,vtc_premium,B,prescription_medicale,0
P186,V19,vtc_premium,O,prescription_medicale,0
P186,V19,vtc_premium,B,prescription_medicale,0
P186,V20,vtc_premium,O,prescription_medicale,0
P186,V20,vtc_premium,B,prescription_medicale,0
P187,V1,taxi_conventionne,O,vsl_required,0
P187,V1,taxi_conventionne,B,vsl_required,0
P187,V2,taxi_conventionne,O,vsl_required,0
P187,V2,taxi_conventionne,B,vsl_required,0
P187,V3,taxi_conventionne,O,vsl_required,0
P187,V3,taxi_conventionne,B,vsl_required,0
P187,V4,taxi_conventionne,O,vsl_required,0
P187,V4,taxi_conventionne,B,vsl_required,0
P187,V5,taxi_conventionne,O,vsl_required,0
P187,V5,taxi_conventionne,B,vsl_required,0
P187,V6,taxi_conventionne,O,vsl_required,0
P187,V6,taxi_conventionne,B,vsl_required,0
P187,V7,taxi_conventionne,O,vsl_required,0
P187,V7,taxi_conventionne,B,vsl_required,0
P187,V8,taxi_conventionne,O,vsl_required,0
P187,V8,taxi_conventionne,B,vsl_required,0
P187,V9,taxi_conventionne,O,vsl_required,0
P187,V9,taxi_conventionne,B,vsl_required,0
P187,V10,taxi_conventionne,O,vsl_required,0
P187,V10,taxi_conventionne,B,vsl_required,0
P187,V11,vsl,O,vsl_required,1
P187,V11,vsl,B,vsl_required,1
P187,V12,vsl,O,vsl_required,1
P187,V12,vsl,B,vsl_required,1
P187,V13,vsl,O,vsl_required,1
P187,V13,vsl,B,vsl_required,1
P187,V14,vsl,O,vsl_required,1
P187,V14,vsl,B,vsl_required,1
P187,V15,vsl,O,vsl_required,1
P187,V15,vsl,B,vsl_required,1
P187,V16,vsl,O,vsl_required,1
P187,V16,vsl,B,vsl_required,1
P187,V17,vsl,O,vsl_required,1
P187,V17,vsl,B,vsl_required,1
P187,V18,vtc_premium,O,vsl_required,0
P187,V18,vtc_premium,B,vsl_required,0
P187,V19,vtc_premium,O,vsl_required,0
P187,V19,vtc_premium,B,vsl_required,0
P187,V20,vtc_premium,O,vsl_required,0
P187,V20,vtc_premium,B,vsl_required,0
P188,V1,taxi_conventionne,O,vsl_required,0
P188,V1,taxi_conventionne,B,vsl_required,0
P188,V2,taxi_conventionne,O,vsl_required,0
P188,V2,taxi_conventionne,B,vsl_required,0
P188,V3,taxi_conventionne,O,vsl_required,0
P188,V3,taxi_conventionne,B,vsl_required,0
P188,V4,taxi_conventionne,O,vsl_required,0
P188,V4,taxi_conventionne,B,vsl_required,0
P188,V5,taxi_conventionne,O,vsl_required,0
P188,V5,taxi_conventionne,B,vsl_required,0
P188,V6,taxi_conventionne,O,vsl_required,0
P188,V6,taxi_conventionne,B,vsl_required,0
P188,V7,taxi_conventionne,O,vsl_required,0
P188,V7,taxi_conventionne,B,vsl_required,0
P188,V8,taxi_conventionne,O,vsl_required,0
P188,V8,taxi_conventionne,B,vsl_required,0
P188,V9,taxi_conventionne,O,vsl_required,0
P188,V9,taxi_conventionne,B,vsl_required,0
P188,V10,taxi_conventionne,O,vsl_required,0
P188,V10,taxi_conventionne,B,vsl_required,0
P188,V11,vsl,O,vsl_required,1
P188,V11,vsl,B,vsl_required,1
P188,V12,vsl,O,vsl_required,1
P188,V12,vsl,B,vsl_required,1
P188,V13,vsl,O,vsl_required,1
P188,V13,vsl,B,vsl_required,1
P188,V14,vsl,O,vsl_required,1
P188,V14,vsl,B,vsl_required,1
P188,V15,vsl,O,vsl_required,1
P188,V15,vsl,B,vsl_required,1
P188,V16,vsl,O,vsl_required,1
P188,V16,vsl,B,vsl_required,1
P188,V17,vsl,O,vsl_required,1
P188,V17,vsl,B,vsl_required,1
P188,V18,vtc_premium,O,vsl_required,0
P188,V18,vtc_premium,B,vsl_required,0
P188,V19,vtc_premium,O,vsl_required,0
P188,V19,vtc_premium,B,vsl_required,0
P188,V20,vtc_premium,O,vsl_required,0
P188,V20,vtc_premium,B,vsl_required,0
P189,V1,taxi_conventionne,O,prescription_medicale,1
P189,V1,taxi_conventionne,B,prescription_medicale,1
P189,V2,taxi_conventionne,O,prescription_medicale,1
P189,V2,taxi_conventionne,B,prescription_medicale,1
P189,V3,taxi_conventionne,O,prescription_medicale,1
P189,V3,taxi_conventionne,B,prescription_medicale,1
P189,V4,taxi_conventionne,O,prescription_medicale,1
P189,V4,taxi_conventionne,B,prescription_medicale,1
P189,V5,taxi_conventionne,O,prescription_medicale,1
P189,V5,taxi_conventionne,B,prescription_medicale,1
P189,V6,taxi_conventionne,O,prescription_medicale,1
P189,V6,taxi_conventionne,B,prescription_medicale,1
P189,V7,taxi_conventionne,O,prescription_medicale,1
P189,V7,taxi_conventionne,B,prescription_medicale,1
P189,V8,taxi_conventionne,O,prescription_medicale,1
P189,V8,taxi_conventionne,B,prescription_medicale,1
P189,V9,taxi_conventionne,O,prescription_medicale,1
P189,V9,taxi_conventionne,B,prescription_medicale,1
P189,V10,taxi_conventionne,O,prescription_medicale,1
P189,V10,taxi_conventionne,B,prescription_medicale,1
P189,V11,vsl,O,prescription_medicale,1
P189,V11,vsl,B,prescription_medicale,1
P189,V12,vsl,O,prescription_medicale,1
P189,V12,vsl,B,prescription_medicale,1
P189,V13,vsl,O,prescription_medicale,1
P189,V13,vsl,B,prescription_medicale,1
P189,V14,vsl,O,prescription_medicale,1
P189,V14,vsl,B,prescription_medicale,1
P189,V15,vsl,O,prescription_medicale,1
P189,V15,vsl,B,prescription_medicale,1
P189,V16,vsl,O,prescription_medicale,1
P189,V16,vsl,B,prescription_medicale,1
P189,V17,vsl,O,prescription_medicale,1
P189,V17,vsl,B,prescription_medicale,1
P189,V18,vtc_premium,O,prescription_medicale,0
P189,V18,vtc_premium,B,prescription_medicale,0
P189,V19,vtc_premium,O,prescription_medicale,0
P189,V19,vtc_premium,B,prescription_medicale,0
P189,V20,vtc_premium,O,prescription_medicale,0
P189,V20,vtc_premium,B,prescription_medicale,0
P190,V1,taxi_conventionne,O,vsl_required,0
P190,V1,taxi_conventionne,B,vsl_required,0
P190,V2,taxi_conventionne,O,vsl_required,0
P190,V2,taxi_conventionne,B,vsl_required,0
P190,V3,taxi_conventionne,O,vsl_required,0
P190,V3,taxi_conventionne,B,vsl_required,0
P190,V4,taxi_conventionne,O,vsl_required,0
P190,V4,taxi_conventionne,B,vsl_required,0
P190,V5,taxi_conventionne,O,vsl_required,0
P190,V5,taxi_conventionne,B,vsl_required,0
P190,V6,taxi_conventionne,O,vsl_required,0
P190,V6,taxi_conventionne,B,vsl_required,0
P190,V7,taxi_conventionne,O,vsl_required,0
P190,V7,taxi_conventionne,B,vsl_required,0
P190,V8,taxi_conventionne,O,vsl_required,0
P190,V8,taxi_conventionne,B,vsl_required,0
P190,V9,taxi_conventionne,O,vsl_required,0
P190,V9,taxi_conventionne,B,vsl_required,0
P190,V10,taxi_conventionne,O,vsl_required,0
P190,V10,taxi_conventionne,B,vsl_required,0
P190,V11,vsl,O,vsl_required,1
P190,V11,vsl,B,vsl_required,1
P190,V12,vsl,O,vsl_required,1
P190,V12,vsl,B,vsl_required,1
P190,V13,vsl,O,vsl_required,1
P190,V13,vsl,B,vsl_required,1
P190,V14,vsl,O,vsl_required,1
P190,V14,vsl,B,vsl_required,1
P190,V15,vsl,O,vsl_required,1
P190,V15,vsl,B,vsl_required,1
P190,V16,vsl,O,vsl_required,1
P190,V16,vsl,B,vsl_required,1
P190,V17,vsl,O,vsl_required,1
P190,V17,vsl,B,vsl_required,1
P190,V18,vtc_premium,O,vsl_required,0
P190,V18,vtc_premium,B,vsl_required,0
P190,V19,vtc_premium,O,vsl_required,0
P190,V19,vtc_premium,B,vsl_required,0
P190,V20,vtc_premium,O,vsl_required,0
P190,V20,vtc_premium,B,vsl_required,0
P191,V1,taxi_conventionne,O,vsl_required,0
P191,V1,taxi_conventionne,B,vsl_required,0
P191,V2,taxi_conventionne,O,vsl_required,0
P191,V2,taxi_conventionne,B,vsl_required,0
P191,V3,taxi_conventionne,O,vsl_required,0
P191,V3,taxi_conventionne,B,vsl_required,0
P191,V4,taxi_conventionne,O,vsl_required,0
P191,V4,taxi_conventionne,B,vsl_required,0
P191,V5,taxi_conventionne,O,vsl_required,0
P191,V5,taxi_conventionne,B,vsl_required,0
P191,V6,taxi_conventionne,O,vsl_required,0
P191,V6,taxi_conventionne,B,vsl_required,0
P191,V7,taxi_conventionne,O,vsl_required,0
P191,V7,taxi_conventionne,B,vsl_required,0
P191,V8,taxi_conventionne,O,vsl_required,0
P191,V8,taxi_conventionne,B,vsl_required,0
P191,V9,taxi_conventionne,O,vsl_required,0
P191,V9,taxi_conventionne,B,vsl_required,0
P191,V10,taxi_conventionne,O,vsl_required,0
P191,V10,taxi_conventionne,B,vsl_required,0
P191,V11,vsl,O,vsl_required,1
P191,V11,vsl,B,vsl_required,1
P191,V12,vsl,O,vsl_required,1
P191,V12,vsl,B,vsl_required,1
P191,V13,vsl,O,vsl_required,1
P191,V13,vsl,B,vsl_required,1
P191,V14,vsl,O,vsl_required,1
P191,V14,vsl,B,vsl_required,1
P191,V15,vsl,O,vsl_required,1
P191,V15,vsl,B,vsl_required,1
P191,V16,vsl,O,vsl_required,1
P191,V16,vsl,B,vsl_required,1
P191,V17,vsl,O,vsl_required,1
P191,V17,vsl,B,vsl_required,1
P191,V18,vtc_premium,O,vsl_required,0
P191,V18,vtc_premium,B,vsl_required,0
P191,V19,vtc_premium,O,vsl_required,0
P191,V19,vtc_premium,B,vsl_required,0
P191,V20,vtc_premium,O,vsl_required,0
P191,V20,vtc_premium,B,vsl_required,0
P192,V1,taxi_conventionne,O,vsl_required,0
P192,V1,taxi_conventionne,B,vsl_required,0
P192,V2,taxi_conventionne,O,vsl_required,0
P192,V2,taxi_conventionne,B,vsl_required,0
P192,V3,taxi_conventionne,O,vsl_required,0
P192,V3,taxi_conventionne,B,vsl_required,0
P192,V4,taxi_conventionne,O,vsl_required,0
P192,V4,taxi_conventionne,B,vsl_required,0
P192,V5,taxi_conventionne,O,vsl_required,0
P192,V5,taxi_conventionne,B,vsl_required,0
P192,V6,taxi_conventionne,O,vsl_required,0
P192,V6,taxi_conventionne,B,vsl_required,0
P192,V7,taxi_conventionne,O,vsl_required,0
P192,V7,taxi_conventionne,B,vsl_required,0
P192,V8,taxi_conventionne,O,vsl_required,0
P192,V8,taxi_conventionne,B,vsl_required,0
P192,V9,taxi_conventionne,O,vsl_required,0
P192,V9,taxi_conventionne,B,vsl_required,0
P192,V10,taxi_conventionne,O,vsl_required,0
P192,V10,taxi_conventionne,B,vsl_required,0
P192,V11,vsl,O,vsl_required,1
P192,V11,vsl,B,vsl_required,1
P192,V12,vsl,O,vsl_required,1
P192,V12,vsl,B,vsl_required,1
P192,V13,vsl,O,vsl_required,1
P192,V13,vsl,B,vsl_required,1
P192,V14,vsl,O,vsl_required,1
P192,V14,vsl,B,vsl_required,1
P192,V15,vsl,O,vsl_required,1
P192,V15,vsl,B,vsl_required,1
P192,V16,vsl,O,vsl_required,1
P192,V16,vsl,B,vsl_required,1
P192,V17,vsl,O,vsl_required,1
P192,V17,vsl,B,vsl_required,1
P192,V18,vtc_premium,O,vsl_required,0
P192,V18,vtc_premium,B,vsl_required,0
P192,V19,vtc_premium,O,vsl_required,0
P192,V19,vtc_premium,B,vsl_required,0
P192,V20,vtc_premium,O,vsl_required,0
P192,V20,vtc_premium,B,vsl_required,0
P193,V1,taxi_conventionne,O,standard_assis,1
P193,V1,taxi_conventionne,B,standard_assis,1
P193,V2,taxi_conventionne,O,standard_assis,1
P193,V2,taxi_conventionne,B,standard_assis,1
P193,V3,taxi_conventionne,O,standard_assis,1
P193,V3,taxi_conventionne,B,standard_assis,1
P193,V4,taxi_conventionne,O,standard_assis,1
P193,V4,taxi_conventionne,B,standard_assis,1
P193,V5,taxi_conventionne,O,standard_assis,1
P193,V5,taxi_conventionne,B,standard_assis,1
P193,V6,taxi_conventionne,O,standard_assis,1
P193,V6,taxi_conventionne,B,standard_assis,1
P193,V7,taxi_conventionne,O,standard_assis,1
P193,V7,taxi_conventionne,B,standard_assis,1
P193,V8,taxi_conventionne,O,standard_assis,1
P193,V8,taxi_conventionne,B,standard_assis,1
P193,V9,taxi_conventionne,O,standard_assis,1
P193,V9,taxi_conventionne,B,standard_assis,1
P193,V10,taxi_conventionne,O,standard_assis,1
P193,V10,taxi_conventionne,B,standard_assis,1
P193,V11,vsl,O,standard_assis,1
P193,V11,vsl,B,standard_assis,1
P193,V12,vsl,O,standard_assis,1
P193,V12,vsl,B,standard_assis,1
P193,V13,vsl,O,standard_assis,1
P193,V13,vsl,B,standard_assis,1
P193,V14,vsl,O,standard_assis,1
P193,V14,vsl,B,standard_assis,1
P193,V15,vsl,O,standard_assis,1
P193,V15,vsl,B,standard_assis,1
P193,V16,vsl,O,standard_assis,1
P193,V16,vsl,B,standard_assis,1
P193,V17,vsl,O,standard_assis,1
P193,V17,vsl,B,standard_assis,1
P193,V18,vtc_premium,O,standard_assis,1
P193,V18,vtc_premium,B,standard_assis,1
P193,V19,vtc_premium,O,standard_assis,1
P193,V19,vtc_premium,B,standard_assis,1
P193,V20,vtc_premium,O,standard_assis,1
P193,V20,vtc_premium,B,standard_assis,1
P194,V1,taxi_conventionne,O,standard_assis,1
P194,V1,taxi_conventionne,B,standard_assis,1
P194,V2,taxi_conventionne,O,standard_assis,1
P194,V2,taxi_conventionne,B,standard_assis,1
P194,V3,taxi_conventionne,O,standard_assis,1
P194,V3,taxi_conventionne,B,standard_assis,1
P194,V4,taxi_conventionne,O,standard_assis,1
P194,V4,taxi_conventionne,B,standard_assis,1
P194,V5,taxi_conventionne,O,standard_assis,1
P194,V5,taxi_conventionne,B,standard_assis,1
P194,V6,taxi_conventionne,O,standard_assis,1
P194,V6,taxi_conventionne,B,standard_assis,1
P194,V7,taxi_conventionne,O,standard_assis,1
P194,V7,taxi_conventionne,B,standard_assis,1
P194,V8,taxi_conventionne,O,standard_assis,1
P194,V8,taxi_conventionne,B,standard_assis,1
P194,V9,taxi_conventionne,O,standard_assis,1
P194,V9,taxi_conventionne,B,standard_assis,1
P194,V10,taxi_conventionne,O,standard_assis,1
P194,V10,taxi_conventionne,B,standard_assis,1
P194,V11,vsl,O,standard_assis,1
P194,V11,vsl,B,standard_assis,1
P194,V12,vsl,O,standard_assis,1
P194,V12,vsl,B,standard_assis,1
P194,V13,vsl,O,standard_assis,1
P194,V13,vsl,B,standard_assis,1
P194,V14,vsl,O,standard_assis,1
P194,V14,vsl,B,standard_assis,1
P194,V15,vsl,O,standard_assis,1
P194,V15,vsl,B,standard_assis,1
P194,V16,vsl,O,standard_assis,1
P194,V16,vsl,B,standard_assis,1
P194,V17,vsl,O,standard_assis,1
P194,V17,vsl,B,standard_assis,1
P194,V18,vtc_premium,O,standard_assis,1
P194,V18,vtc_premium,B,standard_assis,1
P194,V19,vtc_premium,O,standard_assis,1
P194,V19,vtc_premium,B,standard_assis,1
P194,V20,vtc_premium,O,standard_assis,1
P194,V20,vtc_premium,B,standard_assis,1
P195,V1,taxi_conventionne,O,standard_assis,1
P195,V1,taxi_conventionne,B,standard_assis,1
P195,V2,taxi_conventionne,O,standard_assis,1
P195,V2,taxi_conventionne,B,standard_assis,1
P195,V3,taxi_conventionne,O,standard_assis,1
P195,V3,taxi_conventionne,B,standard_assis,1
P195,V4,taxi_conventionne,O,standard_assis,1
P195,V4,taxi_conventionne,B,standard_assis,1
P195,V5,taxi_conventionne,O,standard_assis,1
P195,V5,taxi_conventionne,B,standard_assis,1
P195,V6,taxi_conventionne,O,standard_assis,1
P195,V6,taxi_conventionne,B,standard_assis,1
P195,V7,taxi_conventionne,O,standard_assis,1
P195,V7,taxi_conventionne,B,standard_assis,1
P195,V8,taxi_conventionne,O,standard_assis,1
P195,V8,taxi_conventionne,B,standard_assis,1
P195,V9,taxi_conventionne,O,standard_assis,1
P195,V9,taxi_conventionne,B,standard_assis,1
P195,V10,taxi_conventionne,O,standard_assis,1
P195,V10,taxi_conventionne,B,standard_assis,1
P195,V11,vsl,O,standard_assis,1
P195,V11,vsl,B,standard_assis,1
P195,V12,vsl,O,standard_assis,1
P195,V12,vsl,B,standard_assis,1
P195,V13,vsl,O,standard_assis,1
P195,V13,vsl,B,standard_assis,1
P195,V14,vsl,O,standard_assis,1
P195,V14,vsl,B,standard_assis,1
P195,V15,vsl,O,standard_assis,1
P195,V15,vsl,B,standard_assis,1
P195,V16,vsl,O,standard_assis,1
P195,V16,vsl,B,standard_assis,1
P195,V17,vsl,O,standard_assis,1
P195,V17,vsl,B,standard_assis,1
P195,V18,vtc_premium,O,standard_assis,1
P195,V18,vtc_premium,B,standard_assis,1
P195,V19,vtc_premium,O,standard_assis,1
P195,V19,vtc_premium,B,standard_assis,1
P195,V20,vtc_premium,O,standard_assis,1
P195,V20,vtc_premium,B,standard_assis,1
P196,V1,taxi_conventionne,O,standard_assis,1
P196,V1,taxi_conventionne,B,standard_assis,1
P196,V2,taxi_conventionne,O,standard_assis,1
P196,V2,taxi_conventionne,B,standard_assis,1
P196,V3,taxi_conventionne,O,standard_assis,1
P196,V3,taxi_conventionne,B,standard_assis,1
P196,V4,taxi_conventionne,O,standard_assis,1
P196,V4,taxi_conventionne,B,standard_assis,1
P196,V5,taxi_conventionne,O,standard_assis,1
P196,V5,taxi_conventionne,B,standard_assis,1
P196,V6,taxi_conventionne,O,standard_assis,1
P196,V6,taxi_conventionne,B,standard_assis,1
P196,V7,taxi_conventionne,O,standard_assis,1
P196,V7,taxi_conventionne,B,standard_assis,1
P196,V8,taxi_conventionne,O,standard_assis,1
P196,V8,taxi_conventionne,B,standard_assis,1
P196,V9,taxi_conventionne,O,standard_assis,1
P196,V9,taxi_conventionne,B,standard_assis,1
P196,V10,taxi_conventionne,O,standard_assis,1
P196,V10,taxi_conventionne,B,standard_assis,1
P196,V11,vsl,O,standard_assis,1
P196,V11,vsl,B,standard_assis,1
P196,V12,vsl,O,standard_assis,1
P196,V12,vsl,B,standard_assis,1
P196,V13,vsl,O,standard_assis,1
P196,V13,vsl,B,standard_assis,1
P196,V14,vsl,O,standard_assis,1
P196,V14,vsl,B,standard_assis,1
P196,V15,vsl,O,standard_assis,1
P196,V15,vsl,B,standard_assis,1
P196,V16,vsl,O,standard_assis,1
P196,V16,vsl,B,standard_assis,1
P196,V17,vsl,O,standard_assis,1
P196,V17,vsl,B,standard_assis,1
P196,V18,vtc_premium,O,standard_assis,1
P196,V18,vtc_premium,B,standard_assis,1
P196,V19,vtc_premium,O,standard_assis,1
P196,V19,vtc_premium,B,standard_assis,1
P196,V20,vtc_premium,O,standard_assis,1
P196,V20,vtc_premium,B,standard_assis,1
P197,V1,taxi_conventionne,O,standard_assis,1
P197,V1,taxi_conventionne,B,standard_assis,1
P197,V2,taxi_conventionne,O,standard_assis,1
P197,V2,taxi_conventionne,B,standard_assis,1
P197,V3,taxi_conventionne,O,standard_assis,1
P197,V3,taxi_conventionne,B,standard_assis,1
P197,V4,taxi_conventionne,O,standard_assis,1
P197,V4,taxi_conventionne,B,standard_assis,1
P197,V5,taxi_conventionne,O,standard_assis,1
P197,V5,taxi_conventionne,B,standard_assis,1
P197,V6,taxi_conventionne,O,standard_assis,1
P197,V6,taxi_conventionne,B,standard_assis,1
P197,V7,taxi_conventionne,O,standard_assis,1
P197,V7,taxi_conventionne,B,standard_assis,1
P197,V8,taxi_conventionne,O,standard_assis,1
P197,V8,taxi_conventionne,B,standard_assis,1
P197,V9,taxi_conventionne,O,standard_assis,1
P197,V9,taxi_conventionne,B,standard_assis,1
P197,V10,taxi_conventionne,O,standard_assis,1
P197,V10,taxi_conventionne,B,standard_assis,1
P197,V11,vsl,O,standard_assis,1
P197,V11,vsl,B,standard_assis,1
P197,V12,vsl,O,standard_assis,1
P197,V12,vsl,B,standard_assis,1
P197,V13,vsl,O,standard_assis,1
P197,V13,vsl,B,standard_assis,1
P197,V14,vsl,O,standard_assis,1
P197,V14,vsl,B,standard_assis,1
P197,V15,vsl,O,standard_assis,1
P197,V15,vsl,B,standard_assis,1
P197,V16,vsl,O,standard_assis,1
P197,V16,vsl,B,standard_assis,1
P197,V17,vsl,O,standard_assis,1
P197,V17,vsl,B,standard_assis,1
P197,V18,vtc_premium,O,standard_assis,1
P197,V18,vtc_premium,B,standard_assis,1
P197,V19,vtc_premium,O,standard_assis,1
P197,V19,vtc_premium,B,standard_assis,1
P197,V20,vtc_premium,O,standard_assis,1
P197,V20,vtc_premium,B,standard_assis,1
P198,V1,taxi_conventionne,O,prescription_medicale,1
P198,V1,taxi_conventionne,B,prescription_medicale,1
P198,V2,taxi_conventionne,O,prescription_medicale,1
P198,V2,taxi_conventionne,B,prescription_medicale,1
P198,V3,taxi_conventionne,O,prescription_medicale,1
P198,V3,taxi_conventionne,B,prescription_medicale,1
P198,V4,taxi_conventionne,O,prescription_medicale,1
P198,V4,taxi_conventionne,B,prescription_medicale,1
P198,V5,taxi_conventionne,O,prescription_medicale,1
P198,V5,taxi_conventionne,B,prescription_medicale,1
P198,V6,taxi_conventionne,O,prescription_medicale,1
P198,V6,taxi_conventionne,B,prescription_medicale,1
P198,V7,taxi_conventionne,O,prescription_medicale,1
P198,V7,taxi_conventionne,B,prescription_medicale,1
P198,V8,taxi_conventionne,O,prescription_medicale,1
P198,V8,taxi_conventionne,B,prescription_medicale,1
P198,V9,taxi_conventionne,O,prescription_medicale,1
P198,V9,taxi_conventionne,B,prescription_medicale,1
P198,V10,taxi_conventionne,O,prescription_medicale,1
P198,V10,taxi_conventionne,B,prescription_medicale,1
P198,V11,vsl,O,prescription_medicale,1
P198,V11,vsl,B,prescription_medicale,1
P198,V12,vsl,O,prescription_medicale,1
P198,V12,vsl,B,prescription_medicale,1
P198,V13,vsl,O,prescription_medicale,1
P198,V13,vsl,B,prescription_medicale,1
P198,V14,vsl,O,prescription_medicale,1
P198,V14,vsl,B,prescription_medicale,1
P198,V15,vsl,O,prescription_medicale,1
P198,V15,vsl,B,prescription_medicale,1
P198,V16,vsl,O,prescription_medicale,1
P198,V16,vsl,B,prescription_medicale,1
P198,V17,vsl,O,prescription_medicale,1
P198,V17,vsl,B,prescription_medicale,1
P198,V18,vtc_premium,O,prescription_medicale,0
P198,V18,vtc_premium,B,prescription_medicale,0
P198,V19,vtc_premium,O,prescription_medicale,0
P198,V19,vtc_premium,B,prescription_medicale,0
P198,V20,vtc_premium,O,prescription_medicale,0
P198,V20,vtc_premium,B,prescription_medicale,0
P199,V1,taxi_conventionne,O,vsl_required,0
P199,V1,taxi_conventionne,B,vsl_required,0
P199,V2,taxi_conventionne,O,vsl_required,0
P199,V2,taxi_conventionne,B,vsl_required,0
P199,V3,taxi_conventionne,O,vsl_required,0
P199,V3,taxi_conventionne,B,vsl_required,0
P199,V4,taxi_conventionne,O,vsl_required,0
P199,V4,taxi_conventionne,B,vsl_required,0
P199,V5,taxi_conventionne,O,vsl_required,0
P199,V5,taxi_conventionne,B,vsl_required,0
P199,V6,taxi_conventionne,O,vsl_required,0
P199,V6,taxi_conventionne,B,vsl_required,0
P199,V7,taxi_conventionne,O,vsl_required,0
P199,V7,taxi_conventionne,B,vsl_required,0
P199,V8,taxi_conventionne,O,vsl_required,0
P199,V8,taxi_conventionne,B,vsl_required,0
P199,V9,taxi_conventionne,O,vsl_required,0
P199,V9,taxi_conventionne,B,vsl_required,0
P199,V10,taxi_conventionne,O,vsl_required,0
P199,V10,taxi_conventionne,B,vsl_required,0
P199,V11,vsl,O,vsl_required,1
P199,V11,vsl,B,vsl_required,1
P199,V12,vsl,O,vsl_required,1
P199,V12,vsl,B,vsl_required,1
P199,V13,vsl,O,vsl_required,1
P199,V13,vsl,B,vsl_required,1
P199,V14,vsl,O,vsl_required,1
P199,V14,vsl,B,vsl_required,1
P199,V15,vsl,O,vsl_required,1
P199,V15,vsl,B,vsl_required,1
P199,V16,vsl,O,vsl_required,1
P199,V16,vsl,B,vsl_required,1
P199,V17,vsl,O,vsl_required,1
P199,V17,vsl,B,vsl_required,1
P199,V18,vtc_premium,O,vsl_required,0
P199,V18,vtc_premium,B,vsl_required,0
P199,V19,vtc_premium,O,vsl_required,0
P199,V19,vtc_premium,B,vsl_required,0
P199,V20,vtc_premium,O,vsl_required,0
P199,V20,vtc_premium,B,vsl_required,0
P200,V1,taxi_conventionne,O,prescription_medicale,1
P200,V1,taxi_conventionne,B,prescription_medicale,1
P200,V2,taxi_conventionne,O,prescription_medicale,1
P200,V2,taxi_conventionne,B,prescription_medicale,1
P200,V3,taxi_conventionne,O,prescription_medicale,1
P200,V3,taxi_conventionne,B,prescription_medicale,1
P200,V4,taxi_conventionne,O,prescription_medicale,1
P200,V4,taxi_conventionne,B,prescription_medicale,1
P200,V5,taxi_conventionne,O,prescription_medicale,1
P200,V5,taxi_conventionne,B,prescription_medicale,1
P200,V6,taxi_conventionne,O,prescription_medicale,1
P200,V6,taxi_conventionne,B,prescription_medicale,1
P200,V7,taxi_conventionne,O,prescription_medicale,1
P200,V7,taxi_conventionne,B,prescription_medicale,1
P200,V8,taxi_conventionne,O,prescription_medicale,1
P200,V8,taxi_conventionne,B,prescription_medicale,1
P200,V9,taxi_conventionne,O,prescription_medicale,1
P200,V9,taxi_conventionne,B,prescription_medicale,1
P200,V10,taxi_conventionne,O,prescription_medicale,1
P200,V10,taxi_conventionne,B,prescription_medicale,1
P200,V11,vsl,O,prescription_medicale,1
P200,V11,vsl,B,prescription_medicale,1
P200,V12,vsl,O,prescription_medicale,1
P200,V12,vsl,B,prescription_medicale,1
P200,V13,vsl,O,prescription_medicale,1
P200,V13,vsl,B,prescription_medicale,1
P200,V14,vsl,O,prescription_medicale,1
P200,V14,vsl,B,prescription_medicale,1
P200,V15,vsl,O,prescription_medicale,1
P200,V15,vsl,B,prescription_medicale,1
P200,V16,vsl,O,prescription_medicale,1
P200,V16,vsl,B,prescription_medicale,1
P200,V17,vsl,O,prescription_medicale,1
P200,V17,vsl,B,prescription_medicale,1
P200,V18,vtc_premium,O,prescription_medicale,0
P200,V18,vtc_premium,B,prescription_medicale,0
P200,V19,vtc_premium,O,prescription_medicale,0
P200,V19,vtc_premium,B,prescription_medicale,0
P200,V20,vtc_premium,O,prescription_medicale,0
P200,V20,vtc_premium,B,prescription_medicale,0
P201,V1,taxi_conventionne,O,prescription_medicale,1
P201,V1,taxi_conventionne,B,prescription_medicale,1
P201,V2,taxi_conventionne,O,prescription_medicale,1
P201,V2,taxi_conventionne,B,prescription_medicale,1
P201,V3,taxi_conventionne,O,prescription_medicale,1
P201,V3,taxi_conventionne,B,prescription_medicale,1
P201,V4,taxi_conventionne,O,prescription_medicale,1
P201,V4,taxi_conventionne,B,prescription_medicale,1
P201,V5,taxi_conventionne,O,prescription_medicale,1
P201,V5,taxi_conventionne,B,prescription_medicale,1
P201,V6,taxi_conventionne,O,prescription_medicale,1
P201,V6,taxi_conventionne,B,prescription_medicale,1
P201,V7,taxi_conventionne,O,prescription_medicale,1
P201,V7,taxi_conventionne,B,prescription_medicale,1
P201,V8,taxi_conventionne,O,prescription_medicale,1
P201,V8,taxi_conventionne,B,prescription_medicale,1
P201,V9,taxi_conventionne,O,prescription_medicale,1
P201,V9,taxi_conventionne,B,prescription_medicale,1
P201,V10,taxi_conventionne,O,prescription_medicale,1
P201,V10,taxi_conventionne,B,prescription_medicale,1
P201,V11,vsl,O,prescription_medicale,1
P201,V11,vsl,B,prescription_medicale,1
P201,V12,vsl,O,prescription_medicale,1
P201,V12,vsl,B,prescription_medicale,1
P201,V13,vsl,O,prescription_medicale,1
P201,V13,vsl,B,prescription_medicale,1
P201,V14,vsl,O,prescription_medicale,1
P201,V14,vsl,B,prescription_medicale,1
P201,V15,vsl,O,prescription_medicale,1
P201,V15,vsl,B,prescription_medicale,1
P201,V16,vsl,O,prescription_medicale,1
P201,V16,vsl,B,prescription_medicale,1
P201,V17,vsl,O,prescription_medicale,1
P201,V17,vsl,B,prescription_medicale,1
P201,V18,vtc_premium,O,prescription_medicale,0
P201,V18,vtc_premium,B,prescription_medicale,0
P201,V19,vtc_premium,O,prescription_medicale,0
P201,V19,vtc_premium,B,prescription_medicale,0
P201,V20,vtc_premium,O,prescription_medicale,0
P201,V20,vtc_premium,B,prescription_medicale,0
P202,V1,taxi_conventionne,O,vsl_required,0
P202,V1,taxi_conventionne,B,vsl_required,0
P202,V2,taxi_conventionne,O,vsl_required,0
P202,V2,taxi_conventionne,B,vsl_required,0
P202,V3,taxi_conventionne,O,vsl_required,0
P202,V3,taxi_conventionne,B,vsl_required,0
P202,V4,taxi_conventionne,O,vsl_required,0
P202,V4,taxi_conventionne,B,vsl_required,0
P202,V5,taxi_conventionne,O,vsl_required,0
P202,V5,taxi_conventionne,B,vsl_required,0
P202,V6,taxi_conventionne,O,vsl_required,0
P202,V6,taxi_conventionne,B,vsl_required,0
P202,V7,taxi_conventionne,O,vsl_required,0
P202,V7,taxi_conventionne,B,vsl_required,0
P202,V8,taxi_conventionne,O,vsl_required,0
P202,V8,taxi_conventionne,B,vsl_required,0
P202,V9,taxi_conventionne,O,vsl_required,0
P202,V9,taxi_conventionne,B,vsl_required,0
P202,V10,taxi_conventionne,O,vsl_required,0
P202,V10,taxi_conventionne,B,vsl_required,0
P202,V11,vsl,O,vsl_required,1
P202,V11,vsl,B,vsl_required,1
P202,V12,vsl,O,vsl_required,1
P202,V12,vsl,B,vsl_required,1
P202,V13,vsl,O,vsl_required,1
P202,V13,vsl,B,vsl_required,1
P202,V14,vsl,O,vsl_required,1
P202,V14,vsl,B,vsl_required,1
P202,V15,vsl,O,vsl_required,1
P202,V15,vsl,B,vsl_required,1
P202,V16,vsl,O,vsl_required,1
P202,V16,vsl,B,vsl_required,1
P202,V17,vsl,O,vsl_required,1
P202,V17,vsl,B,vsl_required,1
P202,V18,vtc_premium,O,vsl_required,0
P202,V18,vtc_premium,B,vsl_required,0
P202,V19,vtc_premium,O,vsl_required,0
P202,V19,vtc_premium,B,vsl_required,0
P202,V20,vtc_premium,O,vsl_required,0
P202,V20,vtc_premium,B,vsl_required,0
P203,V1,taxi_conventionne,O,standard_assis,1
P203,V1,taxi_conventionne,B,standard_assis,1
P203,V2,taxi_conventionne,O,standard_assis,1
P203,V2,taxi_conventionne,B,standard_assis,1
P203,V3,taxi_conventionne,O,standard_assis,1
P203,V3,taxi_conventionne,B,standard_assis,1
P203,V4,taxi_conventionne,O,standard_assis,1
P203,V4,taxi_conventionne,B,standard_assis,1
P203,V5,taxi_conventionne,O,standard_assis,1
P203,V5,taxi_conventionne,B,standard_assis,1
P203,V6,taxi_conventionne,O,standard_assis,1
P203,V6,taxi_conventionne,B,standard_assis,1
P203,V7,taxi_conventionne,O,standard_assis,1
P203,V7,taxi_conventionne,B,standard_assis,1
P203,V8,taxi_conventionne,O,standard_assis,1
P203,V8,taxi_conventionne,B,standard_assis,1
P203,V9,taxi_conventionne,O,standard_assis,1
P203,V9,taxi_conventionne,B,standard_assis,1
P203,V10,taxi_conventionne,O,standard_assis,1
P203,V10,taxi_conventionne,B,standard_assis,1
P203,V11,vsl,O,standard_assis,1
P203,V11,vsl,B,standard_assis,1
P203,V12,vsl,O,standard_assis,1
P203,V12,vsl,B,standard_assis,1
P203,V13,vsl,O,standard_assis,1
P203,V13,vsl,B,standard_assis,1
P203,V14,vsl,O,standard_assis,1
P203,V14,vsl,B,standard_assis,1
P203,V15,vsl,O,standard_assis,1
P203,V15,vsl,B,standard_assis,1
P203,V16,vsl,O,standard_assis,1
P203,V16,vsl,B,standard_assis,1
P203,V17,vsl,O,standard_assis,1
P203,V17,vsl,B,standard_assis,1
P203,V18,vtc_premium,O,standard_assis,1
P203,V18,vtc_premium,B,standard_assis,1
P203,V19,vtc_premium,O,standard_assis,1
P203,V19,vtc_premium,B,standard_assis,1
P203,V20,vtc_premium,O,standard_assis,1
P203,V20,vtc_premium,B,standard_assis,1
P204,V1,taxi_conventionne,O,vsl_required,0
P204,V1,taxi_conventionne,B,vsl_required,0
P204,V2,taxi_conventionne,O,vsl_required,0
P204,V2,taxi_conventionne,B,vsl_required,0
P204,V3,taxi_conventionne,O,vsl_required,0
P204,V3,taxi_conventionne,B,vsl_required,0
P204,V4,taxi_conventionne,O,vsl_required,0
P204,V4,taxi_conventionne,B,vsl_required,0
P204,V5,taxi_conventionne,O,vsl_required,0
P204,V5,taxi_conventionne,B,vsl_required,0
P204,V6,taxi_conventionne,O,vsl_required,0
P204,V6,taxi_conventionne,B,vsl_required,0
P204,V7,taxi_conventionne,O,vsl_required,0
P204,V7,taxi_conventionne,B,vsl_required,0
P204,V8,taxi_conventionne,O,vsl_required,0
P204,V8,taxi_conventionne,B,vsl_required,0
P204,V9,taxi_conventionne,O,vsl_required,0
P204,V9,taxi_conventionne,B,vsl_required,0
P204,V10,taxi_conventionne,O,vsl_required,0
P204,V10,taxi_conventionne,B,vsl_required,0
P204,V11,vsl,O,vsl_required,1
P204,V11,vsl,B,vsl_required,1
P204,V12,vsl,O,vsl_required,1
P204,V12,vsl,B,vsl_required,1
P204,V13,vsl,O,vsl_required,1
P204,V13,vsl,B,vsl_required,1
P204,V14,vsl,O,vsl_required,1
P204,V14,vsl,B,vsl_required,1
P204,V15,vsl,O,vsl_required,1
P204,V15,vsl,B,vsl_required,1
P204,V16,vsl,O,vsl_required,1
P204,V16,vsl,B,vsl_required,1
P204,V17,vsl,O,vsl_required,1
P204,V17,vsl,B,vsl_required,1
P204,V18,vtc_premium,O,vsl_required,0
P204,V18,vtc_premium,B,vsl_required,0
P204,V19,vtc_premium,O,vsl_required,0
P204,V19,vtc_premium,B,vsl_required,0
P204,V20,vtc_premium,O,vsl_required,0
P204,V20,vtc_premium,B,vsl_required,0
P205,V1,taxi_conventionne,O,standard_assis,1
P205,V1,taxi_conventionne,B,standard_assis,1
P205,V2,taxi_conventionne,O,standard_assis,1
P205,V2,taxi_conventionne,B,standard_assis,1
P205,V3,taxi_conventionne,O,standard_assis,1
P205,V3,taxi_conventionne,B,standard_assis,1
P205,V4,taxi_conventionne,O,standard_assis,1
P205,V4,taxi_conventionne,B,standard_assis,1
P205,V5,taxi_conventionne,O,standard_assis,1
P205,V5,taxi_conventionne,B,standard_assis,1
P205,V6,taxi_conventionne,O,standard_assis,1
P205,V6,taxi_conventionne,B,standard_assis,1
P205,V7,taxi_conventionne,O,standard_assis,1
P205,V7,taxi_conventionne,B,standard_assis,1
P205,V8,taxi_conventionne,O,standard_assis,1
P205,V8,taxi_conventionne,B,standard_assis,1
P205,V9,taxi_conventionne,O,standard_assis,1
P205,V9,taxi_conventionne,B,standard_assis,1
P205,V10,taxi_conventionne,O,standard_assis,1
P205,V10,taxi_conventionne,B,standard_assis,1
P205,V11,vsl,O,standard_assis,1
P205,V11,vsl,B,standard_assis,1
P205,V12,vsl,O,standard_assis,1
P205,V12,vsl,B,standard_assis,1
P205,V13,vsl,O,standard_assis,1
P205,V13,vsl,B,standard_assis,1
P205,V14,vsl,O,standard_assis,1
P205,V14,vsl,B,standard_assis,1
P205,V15,vsl,O,standard_assis,1
P205,V15,vsl,B,standard_assis,1
P205,V16,vsl,O,standard_assis,1
P205,V16,vsl,B,standard_assis,1
P205,V17,vsl,O,standard_assis,1
P205,V17,vsl,B,standard_assis,1
P205,V18,vtc_premium,O,standard_assis,1
P205,V18,vtc_premium,B,standard_assis,1
P205,V19,vtc_premium,O,standard_assis,1
P205,V19,vtc_premium,B,standard_assis,1
P205,V20,vtc_premium,O,standard_assis,1
P205,V20,vtc_premium,B,standard_assis,1
P206,V1,taxi_conventionne,O,standard_assis,1
P206,V1,taxi_conventionne,B,standard_assis,1
P206,V2,taxi_conventionne,O,standard_assis,1
P206,V2,taxi_conventionne,B,standard_assis,1
P206,V3,taxi_conventionne,O,standard_assis,1
P206,V3,taxi_conventionne,B,standard_assis,1
P206,V4,taxi_conventionne,O,standard_assis,1
P206,V4,taxi_conventionne,B,standard_assis,1
P206,V5,taxi_conventionne,O,standard_assis,1
P206,V5,taxi_conventionne,B,standard_assis,1
P206,V6,taxi_conventionne,O,standard_assis,1
P206,V6,taxi_conventionne,B,standard_assis,1
P206,V7,taxi_conventionne,O,standard_assis,1
P206,V7,taxi_conventionne,B,standard_assis,1
P206,V8,taxi_conventionne,O,standard_assis,1
P206,V8,taxi_conventionne,B,standard_assis,1
P206,V9,taxi_conventionne,O,standard_assis,1
P206,V9,taxi_conventionne,B,standard_assis,1
P206,V10,taxi_conventionne,O,standard_assis,1
P206,V10,taxi_conventionne,B,standard_assis,1
P206,V11,vsl,O,standard_assis,1
P206,V11,vsl,B,standard_assis,1
P206,V12,vsl,O,standard_assis,1
P206,V12,vsl,B,standard_assis,1
P206,V13,vsl,O,standard_assis,1
P206,V13,vsl,B,standard_assis,1
P206,V14,vsl,O,standard_assis,1
P206,V14,vsl,B,standard_assis,1
P206,V15,vsl,O,standard_assis,1
P206,V15,vsl,B,standard_assis,1
P206,V16,vsl,O,standard_assis,1
P206,V16,vsl,B,standard_assis,1
P206,V17,vsl,O,standard_assis,1
P206,V17,vsl,B,standard_assis,1
P206,V18,vtc_premium,O,standard_assis,1
P206,V18,vtc_premium,B,standard_assis,1
P206,V19,vtc_premium,O,standard_assis,1
P206,V19,vtc_premium,B,standard_assis,1
P206,V20,vtc_premium,O,standard_assis,1
P206,V20,vtc_premium,B,standard_assis,1
P207,V1,taxi_conventionne,O,standard_assis,1
P207,V1,taxi_conventionne,B,standard_assis,1
P207,V2,taxi_conventionne,O,standard_assis,1
P207,V2,taxi_conventionne,B,standard_assis,1
P207,V3,taxi_conventionne,O,standard_assis,1
P207,V3,taxi_conventionne,B,standard_assis,1
P207,V4,taxi_conventionne,O,standard_assis,1
P207,V4,taxi_conventionne,B,standard_assis,1
P207,V5,taxi_conventionne,O,standard_assis,1
P207,V5,taxi_conventionne,B,standard_assis,1
P207,V6,taxi_conventionne,O,standard_assis,1
P207,V6,taxi_conventionne,B,standard_assis,1
P207,V7,taxi_conventionne,O,standard_assis,1
P207,V7,taxi_conventionne,B,standard_assis,1
P207,V8,taxi_conventionne,O,standard_assis,1
P207,V8,taxi_conventionne,B,standard_assis,1
P207,V9,taxi_conventionne,O,standard_assis,1
P207,V9,taxi_conventionne,B,standard_assis,1
P207,V10,taxi_conventionne,O,standard_assis,1
P207,V10,taxi_conventionne,B,standard_assis,1
P207,V11,vsl,O,standard_assis,1
P207,V11,vsl,B,standard_assis,1
P207,V12,vsl,O,standard_assis,1
P207,V12,vsl,B,standard_assis,1
P207,V13,vsl,O,standard_assis,1
P207,V13,vsl,B,standard_assis,1
P207,V14,vsl,O,standard_assis,1
P207,V14,vsl,B,standard_assis,1
P207,V15,vsl,O,standard_assis,1
P207,V15,vsl,B,standard_assis,1
P207,V16,vsl,O,standard_assis,1
P207,V16,vsl,B,standard_assis,1
P207,V17,vsl,O,standard_assis,1
P207,V17,vsl,B,standard_assis,1
P207,V18,vtc_premium,O,standard_assis,1
P207,V18,vtc_premium,B,standard_assis,1
P207,V19,vtc_premium,O,standard_assis,1
P207,V19,vtc_premium,B,standard_assis,1
P207,V20,vtc_premium,O,standard_assis,1
P207,V20,vtc_premium,B,standard_assis,1
P208,V1,taxi_conventionne,O,vsl_required,0
P208,V1,taxi_conventionne,B,vsl_required,0
P208,V2,taxi_conventionne,O,vsl_required,0
P208,V2,taxi_conventionne,B,vsl_required,0
P208,V3,taxi_conventionne,O,vsl_required,0
P208,V3,taxi_conventionne,B,vsl_required,0
P208,V4,taxi_conventionne,O,vsl_required,0
P208,V4,taxi_conventionne,B,vsl_required,0
P208,V5,taxi_conventionne,O,vsl_required,0
P208,V5,taxi_conventionne,B,vsl_required,0
P208,V6,taxi_conventionne,O,vsl_required,0
P208,V6,taxi_conventionne,B,vsl_required,0
P208,V7,taxi_conventionne,O,vsl_required,0
P208,V7,taxi_conventionne,B,vsl_required,0
P208,V8,taxi_conventionne,O,vsl_required,0
P208,V8,taxi_conventionne,B,vsl_required,0
P208,V9,taxi_conventionne,O,vsl_required,0
P208,V9,taxi_conventionne,B,vsl_required,0
P208,V10,taxi_conventionne,O,vsl_required,0
P208,V10,taxi_conventionne,B,vsl_required,0
P208,V11,vsl,O,vsl_required,1
P208,V11,vsl,B,vsl_required,1
P208,V12,vsl,O,vsl_required,1
P208,V12,vsl,B,vsl_required,1
P208,V13,vsl,O,vsl_required,1
P208,V13,vsl,B,vsl_required,1
P208,V14,vsl,O,vsl_required,1
P208,V14,vsl,B,vsl_required,1
P208,V15,vsl,O,vsl_required,1
P208,V15,vsl,B,vsl_required,1
P208,V16,vsl,O,vsl_required,1
P208,V16,vsl,B,vsl_required,1
P208,V17,vsl,O,vsl_required,1
P208,V17,vsl,B,vsl_required,1
P208,V18,vtc_premium,O,vsl_required,0
P208,V18,vtc_premium,B,vsl_required,0
P208,V19,vtc_premium,O,vsl_required,0
P208,V19,vtc_premium,B,vsl_required,0
P208,V20,vtc_premium,O,vsl_required,0
P208,V20,vtc_premium,B,vsl_required,0
P209,V1,taxi_conventionne,O,vsl_required,0
P209,V1,taxi_conventionne,B,vsl_required,0
P209,V2,taxi_conventionne,O,vsl_required,0
P209,V2,taxi_conventionne,B,vsl_required,0
P209,V3,taxi_conventionne,O,vsl_required,0
P209,V3,taxi_conventionne,B,vsl_required,0
P209,V4,taxi_conventionne,O,vsl_required,0
P209,V4,taxi_conventionne,B,vsl_required,0
P209,V5,taxi_conventionne,O,vsl_required,0
P209,V5,taxi_conventionne,B,vsl_required,0
P209,V6,taxi_conventionne,O,vsl_required,0
P209,V6,taxi_conventionne,B,vsl_required,0
P209,V7,taxi_conventionne,O,vsl_required,0
P209,V7,taxi_conventionne,B,vsl_required,0
P209,V8,taxi_conventionne,O,vsl_required,0
P209,V8,taxi_conventionne,B,vsl_required,0
P209,V9,taxi_conventionne,O,vsl_required,0
P209,V9,taxi_conventionne,B,vsl_required,0
P209,V10,taxi_conventionne,O,vsl_required,0
P209,V10,taxi_conventionne,B,vsl_required,0
P209,V11,vsl,O,vsl_required,1
P209,V11,vsl,B,vsl_required,1
P209,V12,vsl,O,vsl_required,1
P209,V12,vsl,B,vsl_required,1
P209,V13,vsl,O,vsl_required,1
P209,V13,vsl,B,vsl_required,1
P209,V14,vsl,O,vsl_required,1
P209,V14,vsl,B,vsl_required,1
P209,V15,vsl,O,vsl_required,1
P209,V15,vsl,B,vsl_required,1
P209,V16,vsl,O,vsl_required,1
P209,V16,vsl,B,vsl_required,1
P209,V17,vsl,O,vsl_required,1
P209,V17,vsl,B,vsl_required,1
P209,V18,vtc_premium,O,vsl_required,0
P209,V18,vtc_premium,B,vsl_required,0
P209,V19,vtc_premium,O,vsl_required,0
P209,V19,vtc_premium,B,vsl_required,0
P209,V20,vtc_premium,O,vsl_required,0
P209,V20,vtc_premium,B,vsl_required,0
P210,V1,taxi_conventionne,O,vsl_required,0
P210,V1,taxi_conventionne,B,vsl_required,0
P210,V2,taxi_conventionne,O,vsl_required,0
P210,V2,taxi_conventionne,B,vsl_required,0
P210,V3,taxi_conventionne,O,vsl_required,0
P210,V3,taxi_conventionne,B,vsl_required,0
P210,V4,taxi_conventionne,O,vsl_required,0
P210,V4,taxi_conventionne,B,vsl_required,0
P210,V5,taxi_conventionne,O,vsl_required,0
P210,V5,taxi_conventionne,B,vsl_required,0
P210,V6,taxi_conventionne,O,vsl_required,0
P210,V6,taxi_conventionne,B,vsl_required,0
P210,V7,taxi_conventionne,O,vsl_required,0
P210,V7,taxi_conventionne,B,vsl_required,0
P210,V8,taxi_conventionne,O,vsl_required,0
P210,V8,taxi_conventionne,B,vsl_required,0
P210,V9,taxi_conventionne,O,vsl_required,0
P210,V9,taxi_conventionne,B,vsl_required,0
P210,V10,taxi_conventionne,O,vsl_required,0
P210,V10,taxi_conventionne,B,vsl_required,0
P210,V11,vsl,O,vsl_required,1
P210,V11,vsl,B,vsl_required,1
P210,V12,vsl,O,vsl_required,1
P210,V12,vsl,B,vsl_required,1
P210,V13,vsl,O,vsl_required,1
P210,V13,vsl,B,vsl_required,1
P210,V14,vsl,O,vsl_required,1
P210,V14,vsl,B,vsl_required,1
P210,V15,vsl,O,vsl_required,1
P210,V15,vsl,B,vsl_required,1
P210,V16,vsl,O,vsl_required,1
P210,V16,vsl,B,vsl_required,1
P210,V17,vsl,O,vsl_required,1
P210,V17,vsl,B,vsl_required,1
P210,V18,vtc_premium,O,vsl_required,0
P210,V18,vtc_premium,B,vsl_required,0
P210,V19,vtc_premium,O,vsl_required,0
P210,V19,vtc_premium,B,vsl_required,0
P210,V20,vtc_premium,O,vsl_required,0
P210,V20,vtc_premium,B,vsl_required,0
P211,V1,taxi_conventionne,O,prescription_medicale,1
P211,V1,taxi_conventionne,B,prescription_medicale,1
P211,V2,taxi_conventionne,O,prescription_medicale,1
P211,V2,taxi_conventionne,B,prescription_medicale,1
P211,V3,taxi_conventionne,O,prescription_medicale,1
P211,V3,taxi_conventionne,B,prescription_medicale,1
P211,V4,taxi_conventionne,O,prescription_medicale,1
P211,V4,taxi_conventionne,B,prescription_medicale,1
P211,V5,taxi_conventionne,O,prescription_medicale,1
P211,V5,taxi_conventionne,B,prescription_medicale,1
P211,V6,taxi_conventionne,O,prescription_medicale,1
P211,V6,taxi_conventionne,B,prescription_medicale,1
P211,V7,taxi_conventionne,O,prescription_medicale,1
P211,V7,taxi_conventionne,B,prescription_medicale,1
P211,V8,taxi_conventionne,O,prescription_medicale,1
P211,V8,taxi_conventionne,B,prescription_medicale,1
P211,V9,taxi_conventionne,O,prescription_medicale,1
P211,V9,taxi_conventionne,B,prescription_medicale,1
P211,V10,taxi_conventionne,O,prescription_medicale,1
P211,V10,taxi_conventionne,B,prescription_medicale,1
P211,V11,vsl,O,prescription_medicale,1
P211,V11,vsl,B,prescription_medicale,1
P211,V12,vsl,O,prescription_medicale,1
P211,V12,vsl,B,prescription_medicale,1
P211,V13,vsl,O,prescription_medicale,1
P211,V13,vsl,B,prescription_medicale,1
P211,V14,vsl,O,prescription_medicale,1
P211,V14,vsl,B,prescription_medicale,1
P211,V15,vsl,O,prescription_medicale,1
P211,V15,vsl,B,prescription_medicale,1
P211,V16,vsl,O,prescription_medicale,1
P211,V16,vsl,B,prescription_medicale,1
P211,V17,vsl,O,prescription_medicale,1
P211,V17,vsl,B,prescription_medicale,1
P211,V18,vtc_premium,O,prescription_medicale,0
P211,V18,vtc_premium,B,prescription_medicale,0
P211,V19,vtc_premium,O,prescription_medicale,0
P211,V19,vtc_premium,B,prescription_medicale,0
P211,V20,vtc_premium,O,prescription_medicale,0
P211,V20,vtc_premium,B,prescription_medicale,0
P212,V1,taxi_conventionne,O,standard_assis,1
P212,V1,taxi_conventionne,B,standard_assis,1
P212,V2,taxi_conventionne,O,standard_assis,1
P212,V2,taxi_conventionne,B,standard_assis,1
P212,V3,taxi_conventionne,O,standard_assis,1
P212,V3,taxi_conventionne,B,standard_assis,1
P212,V4,taxi_conventionne,O,standard_assis,1
P212,V4,taxi_conventionne,B,standard_assis,1
P212,V5,taxi_conventionne,O,standard_assis,1
P212,V5,taxi_conventionne,B,standard_assis,1
P212,V6,taxi_conventionne,O,standard_assis,1
P212,V6,taxi_conventionne,B,standard_assis,1
P212,V7,taxi_conventionne,O,standard_assis,1
P212,V7,taxi_conventionne,B,standard_assis,1
P212,V8,taxi_conventionne,O,standard_assis,1
P212,V8,taxi_conventionne,B,standard_assis,1
P212,V9,taxi_conventionne,O,standard_assis,1
P212,V9,taxi_conventionne,B,standard_assis,1
P212,V10,taxi_conventionne,O,standard_assis,1
P212,V10,taxi_conventionne,B,standard_assis,1
P212,V11,vsl,O,standard_assis,1
P212,V11,vsl,B,standard_assis,1
P212,V12,vsl,O,standard_assis,1
P212,V12,vsl,B,standard_assis,1
P212,V13,vsl,O,standard_assis,1
P212,V13,vsl,B,standard_assis,1
P212,V14,vsl,O,standard_assis,1
P212,V14,vsl,B,standard_assis,1
P212,V15,vsl,O,standard_assis,1
P212,V15,vsl,B,standard_assis,1
P212,V16,vsl,O,standard_assis,1
P212,V16,vsl,B,standard_assis,1
P212,V17,vsl,O,standard_assis,1
P212,V17,vsl,B,standard_assis,1
P212,V18,vtc_premium,O,standard_assis,1
P212,V18,vtc_premium,B,standard_assis,1
P212,V19,vtc_premium,O,standard_assis,1
P212,V19,vtc_premium,B,standard_assis,1
P212,V20,vtc_premium,O,standard_assis,1
P212,V20,vtc_premium,B,standard_assis,1
P213,V1,taxi_conventionne,O,prescription_medicale,1
P213,V1,taxi_conventionne,B,prescription_medicale,1
P213,V2,taxi_conventionne,O,prescription_medicale,1
P213,V2,taxi_conventionne,B,prescription_medicale,1
P213,V3,taxi_conventionne,O,prescription_medicale,1
P213,V3,taxi_conventionne,B,prescription_medicale,1
P213,V4,taxi_conventionne,O,prescription_medicale,1
P213,V4,taxi_conventionne,B,prescription_medicale,1
P213,V5,taxi_conventionne,O,prescription_medicale,1
P213,V5,taxi_conventionne,B,prescription_medicale,1
P213,V6,taxi_conventionne,O,prescription_medicale,1
P213,V6,taxi_conventionne,B,prescription_medicale,1
P213,V7,taxi_conventionne,O,prescription_medicale,1
P213,V7,taxi_conventionne,B,prescription_medicale,1
P213,V8,taxi_conventionne,O,prescription_medicale,1
P213,V8,taxi_conventionne,B,prescription_medicale,1
P213,V9,taxi_conventionne,O,prescription_medicale,1
P213,V9,taxi_conventionne,B,prescription_medicale,1
P213,V10,taxi_conventionne,O,prescription_medicale,1
P213,V10,taxi_conventionne,B,prescription_medicale,1
P213,V11,vsl,O,prescription_medicale,1
P213,V11,vsl,B,prescription_medicale,1
P213,V12,vsl,O,prescription_medicale,1
P213,V12,vsl,B,prescription_medicale,1
P213,V13,vsl,O,prescription_medicale,1
P213,V13,vsl,B,prescription_medicale,1
P213,V14,vsl,O,prescription_medicale,1
P213,V14,vsl,B,prescription_medicale,1
P213,V15,vsl,O,prescription_medicale,1
P213,V15,vsl,B,prescription_medicale,1
P213,V16,vsl,O,prescription_medicale,1
P213,V16,vsl,B,prescription_medicale,1
P213,V17,vsl,O,prescription_medicale,1
P213,V17,vsl,B,prescription_medicale,1
P213,V18,vtc_premium,O,prescription_medicale,0
P213,V18,vtc_premium,B,prescription_medicale,0
P213,V19,vtc_premium,O,prescription_medicale,0
P213,V19,vtc_premium,B,prescription_medicale,0
P213,V20,vtc_premium,O,prescription_medicale,0
P213,V20,vtc_premium,B,prescription_medicale,0
P214,V1,taxi_conventionne,O,vsl_required,0
P214,V1,taxi_conventionne,B,vsl_required,0
P214,V2,taxi_conventionne,O,vsl_required,0
P214,V2,taxi_conventionne,B,vsl_required,0
P214,V3,taxi_conventionne,O,vsl_required,0
P214,V3,taxi_conventionne,B,vsl_required,0
P214,V4,taxi_conventionne,O,vsl_required,0
P214,V4,taxi_conventionne,B,vsl_required,0
P214,V5,taxi_conventionne,O,vsl_required,0
P214,V5,taxi_conventionne,B,vsl_required,0
P214,V6,taxi_conventionne,O,vsl_required,0
P214,V6,taxi_conventionne,B,vsl_required,0
P214,V7,taxi_conventionne,O,vsl_required,0
P214,V7,taxi_conventionne,B,vsl_required,0
P214,V8,taxi_conventionne,O,vsl_required,0
P214,V8,taxi_conventionne,B,vsl_required,0
P214,V9,taxi_conventionne,O,vsl_required,0
P214,V9,taxi_conventionne,B,vsl_required,0
P214,V10,taxi_conventionne,O,vsl_required,0
P214,V10,taxi_conventionne,B,vsl_required,0
P214,V11,vsl,O,vsl_required,1
P214,V11,vsl,B,vsl_required,1
P214,V12,vsl,O,vsl_required,1
P214,V12,vsl,B,vsl_required,1
P214,V13,vsl,O,vsl_required,1
P214,V13,vsl,B,vsl_required,1
P214,V14,vsl,O,vsl_required,1
P214,V14,vsl,B,vsl_required,1
P214,V15,vsl,O,vsl_required,1
P214,V15,vsl,B,vsl_required,1
P214,V16,vsl,O,vsl_required,1
P214,V16,vsl,B,vsl_required,1
P214,V17,vsl,O,vsl_required,1
P214,V17,vsl,B,vsl_required,1
P214,V18,vtc_premium,O,vsl_required,0
P214,V18,vtc_premium,B,vsl_required,0
P214,V19,vtc_premium,O,vsl_required,0
P214,V19,vtc_premium,B,vsl_required,0
P214,V20,vtc_premium,O,vsl_required,0
P214,V20,vtc_premium,B,vsl_required,0
P215,V1,taxi_conventionne,O,vsl_required,0
P215,V1,taxi_conventionne,B,vsl_required,0
P215,V2,taxi_conventionne,O,vsl_required,0
P215,V2,taxi_conventionne,B,vsl_required,0
P215,V3,taxi_conventionne,O,vsl_required,0
P215,V3,taxi_conventionne,B,vsl_required,0
P215,V4,taxi_conventionne,O,vsl_required,0
P215,V4,taxi_conventionne,B,vsl_required,0
P215,V5,taxi_conventionne,O,vsl_required,0
P215,V5,taxi_conventionne,B,vsl_required,0
P215,V6,taxi_conventionne,O,vsl_required,0
P215,V6,taxi_conventionne,B,vsl_required,0
P215,V7,taxi_conventionne,O,vsl_required,0
P215,V7,taxi_conventionne,B,vsl_required,0
P215,V8,taxi_conventionne,O,vsl_required,0
P215,V8,taxi_conventionne,B,vsl_required,0
P215,V9,taxi_conventionne,O,vsl_required,0
P215,V9,taxi_conventionne,B,vsl_required,0
P215,V10,taxi_conventionne,O,vsl_required,0
P215,V10,taxi_conventionne,B,vsl_required,0
P215,V11,vsl,O,vsl_required,1
P215,V11,vsl,B,vsl_required,1
P215,V12,vsl,O,vsl_required,1
P215,V12,vsl,B,vsl_required,1
P215,V13,vsl,O,vsl_required,1
P215,V13,vsl,B,vsl_required,1
P215,V14,vsl,O,vsl_required,1
P215,V14,vsl,B,vsl_required,1
P215,V15,vsl,O,vsl_required,1
P215,V15,vsl,B,vsl_required,1
P215,V16,vsl,O,vsl_required,1
P215,V16,vsl,B,vsl_required,1
P215,V17,vsl,O,vsl_required,1
P215,V17,vsl,B,vsl_required,1
P215,V18,vtc_premium,O,vsl_required,0
P215,V18,vtc_premium,B,vsl_required,0
P215,V19,vtc_premium,O,vsl_required,0
P215,V19,vtc_premium,B,vsl_required,0
P215,V20,vtc_premium,O,vsl_required,0
P215,V20,vtc_premium,B,vsl_required,0
P216,V1,taxi_conventionne,O,standard_assis,1
P216,V1,taxi_conventionne,B,standard_assis,1
P216,V2,taxi_conventionne,O,standard_assis,1
P216,V2,taxi_conventionne,B,standard_assis,1
P216,V3,taxi_conventionne,O,standard_assis,1
P216,V3,taxi_conventionne,B,standard_assis,1
P216,V4,taxi_conventionne,O,standard_assis,1
P216,V4,taxi_conventionne,B,standard_assis,1
P216,V5,taxi_conventionne,O,standard_assis,1
P216,V5,taxi_conventionne,B,standard_assis,1
P216,V6,taxi_conventionne,O,standard_assis,1
P216,V6,taxi_conventionne,B,standard_assis,1
P216,V7,taxi_conventionne,O,standard_assis,1
P216,V7,taxi_conventionne,B,standard_assis,1
P216,V8,taxi_conventionne,O,standard_assis,1
P216,V8,taxi_conventionne,B,standard_assis,1
P216,V9,taxi_conventionne,O,standard_assis,1
P216,V9,taxi_conventionne,B,standard_assis,1
P216,V10,taxi_conventionne,O,standard_assis,1
P216,V10,taxi_conventionne,B,standard_assis,1
P216,V11,vsl,O,standard_assis,1
P216,V11,vsl,B,standard_assis,1
P216,V12,vsl,O,standard_assis,1
P216,V12,vsl,B,standard_assis,1
P216,V13,vsl,O,standard_assis,1
P216,V13,vsl,B,standard_assis,1
P216,V14,vsl,O,standard_assis,1
P216,V14,vsl,B,standard_assis,1
P216,V15,vsl,O,standard_assis,1
P216,V15,vsl,B,standard_assis,1
P216,V16,vsl,O,standard_assis,1
P216,V16,vsl,B,standard_assis,1
P216,V17,vsl,O,standard_assis,1
P216,V17,vsl,B,standard_assis,1
P216,V18,vtc_premium,O,standard_assis,1
P216,V18,vtc_premium,B,standard_assis,1
P216,V19,vtc_premium,O,standard_assis,1
P216,V19,vtc_premium,B,standard_assis,1
P216,V20,vtc_premium,O,standard_assis,1
P216,V20,vtc_premium,B,standard_assis,1
P217,V1,taxi_conventionne,O,prescription_medicale,1
P217,V1,taxi_conventionne,B,prescription_medicale,1
P217,V2,taxi_conventionne,O,prescription_medicale,1
P217,V2,taxi_conventionne,B,prescription_medicale,1
P217,V3,taxi_conventionne,O,prescription_medicale,1
P217,V3,taxi_conventionne,B,prescription_medicale,1
P217,V4,taxi_conventionne,O,prescription_medicale,1
P217,V4,taxi_conventionne,B,prescription_medicale,1
P217,V5,taxi_conventionne,O,prescription_medicale,1
P217,V5,taxi_conventionne,B,prescription_medicale,1
P217,V6,taxi_conventionne,O,prescription_medicale,1
P217,V6,taxi_conventionne,B,prescription_medicale,1
P217,V7,taxi_conventionne,O,prescription_medicale,1
P217,V7,taxi_conventionne,B,prescription_medicale,1
P217,V8,taxi_conventionne,O,prescription_medicale,1
P217,V8,taxi_conventionne,B,prescription_medicale,1
P217,V9,taxi_conventionne,O,prescription_medicale,1
P217,V9,taxi_conventionne,B,prescription_medicale,1
P217,V10,taxi_conventionne,O,prescription_medicale,1
P217,V10,taxi_conventionne,B,prescription_medicale,1
P217,V11,vsl,O,prescription_medicale,1
P217,V11,vsl,B,prescription_medicale,1
P217,V12,vsl,O,prescription_medicale,1
P217,V12,vsl,B,prescription_medicale,1
P217,V13,vsl,O,prescription_medicale,1
P217,V13,vsl,B,prescription_medicale,1
P217,V14,vsl,O,prescription_medicale,1
P217,V14,vsl,B,prescription_medicale,1
P217,V15,vsl,O,prescription_medicale,1
P217,V15,vsl,B,prescription_medicale,1
P217,V16,vsl,O,prescription_medicale,1
P217,V16,vsl,B,prescription_medicale,1
P217,V17,vsl,O,prescription_medicale,1
P217,V17,vsl,B,prescription_medicale,1
P217,V18,vtc_premium,O,prescription_medicale,0
P217,V18,vtc_premium,B,prescription_medicale,0
P217,V19,vtc_premium,O,prescription_medicale,0
P217,V19,vtc_premium,B,prescription_medicale,0
P217,V20,vtc_premium,O,prescription_medicale,0
P217,V20,vtc_premium,B,prescription_medicale,0
P218,V1,taxi_conventionne,O,prescription_medicale,1
P218,V1,taxi_conventionne,B,prescription_medicale,1
P218,V2,taxi_conventionne,O,prescription_medicale,1
P218,V2,taxi_conventionne,B,prescription_medicale,1
P218,V3,taxi_conventionne,O,prescription_medicale,1
P218,V3,taxi_conventionne,B,prescription_medicale,1
P218,V4,taxi_conventionne,O,prescription_medicale,1
P218,V4,taxi_conventionne,B,prescription_medicale,1
P218,V5,taxi_conventionne,O,prescription_medicale,1
P218,V5,taxi_conventionne,B,prescription_medicale,1
P218,V6,taxi_conventionne,O,prescription_medicale,1
P218,V6,taxi_conventionne,B,prescription_medicale,1
P218,V7,taxi_conventionne,O,prescription_medicale,1
P218,V7,taxi_conventionne,B,prescription_medicale,1
P218,V8,taxi_conventionne,O,prescription_medicale,1
P218,V8,taxi_conventionne,B,prescription_medicale,1
P218,V9,taxi_conventionne,O,prescription_medicale,1
P218,V9,taxi_conventionne,B,prescription_medicale,1
P218,V10,taxi_conventionne,O,prescription_medicale,1
P218,V10,taxi_conventionne,B,prescription_medicale,1
P218,V11,vsl,O,prescription_medicale,1
P218,V11,vsl,B,prescription_medicale,1
P218,V12,vsl,O,prescription_medicale,1
P218,V12,vsl,B,prescription_medicale,1
P218,V13,vsl,O,prescription_medicale,1
P218,V13,vsl,B,prescription_medicale,1
P218,V14,vsl,O,prescription_medicale,1
P218,V14,vsl,B,prescription_medicale,1
P218,V15,vsl,O,prescription_medicale,1
P218,V15,vsl,B,prescription_medicale,1
P218,V16,vsl,O,prescription_medicale,1
P218,V16,vsl,B,prescription_medicale,1
P218,V17,vsl,O,prescription_medicale,1
P218,V17,vsl,B,prescription_medicale,1
P218,V18,vtc_premium,O,prescription_medicale,0
P218,V18,vtc_premium,B,prescription_medicale,0
P218,V19,vtc_premium,O,prescription_medicale,0
P218,V19,vtc_premium,B,prescription_medicale,0
P218,V20,vtc_premium,O,prescription_medicale,0
P218,V20,vtc_premium,B,prescription_medicale,0
P219,V1,taxi_conventionne,O,standard_assis,1
P219,V1,taxi_conventionne,B,standard_assis,1
P219,V2,taxi_conventionne,O,standard_assis,1
P219,V2,taxi_conventionne,B,standard_assis,1
P219,V3,taxi_conventionne,O,standard_assis,1
P219,V3,taxi_conventionne,B,standard_assis,1
P219,V4,taxi_conventionne,O,standard_assis,1
P219,V4,taxi_conventionne,B,standard_assis,1
P219,V5,taxi_conventionne,O,standard_assis,1
P219,V5,taxi_conventionne,B,standard_assis,1
P219,V6,taxi_conventionne,O,standard_assis,1
P219,V6,taxi_conventionne,B,standard_assis,1
P219,V7,taxi_conventionne,O,standard_assis,1
P219,V7,taxi_conventionne,B,standard_assis,1
P219,V8,taxi_conventionne,O,standard_assis,1
P219,V8,taxi_conventionne,B,standard_assis,1
P219,V9,taxi_conventionne,O,standard_assis,1
P219,V9,taxi_conventionne,B,standard_assis,1
P219,V10,taxi_conventionne,O,standard_assis,1
P219,V10,taxi_conventionne,B,standard_assis,1
P219,V11,vsl,O,standard_assis,1
P219,V11,vsl,B,standard_assis,1
P219,V12,vsl,O,standard_assis,1
P219,V12,vsl,B,standard_assis,1
P219,V13,vsl,O,standard_assis,1
P219,V13,vsl,B,standard_assis,1
P219,V14,vsl,O,standard_assis,1
P219,V14,vsl,B,standard_assis,1
P219,V15,vsl,O,standard_assis,1
P219,V15,vsl,B,standard_assis,1
P219,V16,vsl,O,standard_assis,1
P219,V16,vsl,B,standard_assis,1
P219,V17,vsl,O,standard_assis,1
P219,V17,vsl,B,standard_assis,1
P219,V18,vtc_premium,O,standard_assis,1
P219,V18,vtc_premium,B,standard_assis,1
P219,V19,vtc_premium,O,standard_assis,1
P219,V19,vtc_premium,B,standard_assis,1
P219,V20,vtc_premium,O,standard_assis,1
P219,V20,vtc_premium,B,standard_assis,1
P220,V1,taxi_conventionne,O,vsl_required,0
P220,V1,taxi_conventionne,B,vsl_required,0
P220,V2,taxi_conventionne,O,vsl_required,0
P220,V2,taxi_conventionne,B,vsl_required,0
P220,V3,taxi_conventionne,O,vsl_required,0
P220,V3,taxi_conventionne,B,vsl_required,0
P220,V4,taxi_conventionne,O,vsl_required,0
P220,V4,taxi_conventionne,B,vsl_required,0
P220,V5,taxi_conventionne,O,vsl_required,0
P220,V5,taxi_conventionne,B,vsl_required,0
P220,V6,taxi_conventionne,O,vsl_required,0
P220,V6,taxi_conventionne,B,vsl_required,0
P220,V7,taxi_conventionne,O,vsl_required,0
P220,V7,taxi_conventionne,B,vsl_required,0
P220,V8,taxi_conventionne,O,vsl_required,0
P220,V8,taxi_conventionne,B,vsl_required,0
P220,V9,taxi_conventionne,O,vsl_required,0
P220,V9,taxi_conventionne,B,vsl_required,0
P220,V10,taxi_conventionne,O,vsl_required,0
P220,V10,taxi_conventionne,B,vsl_required,0
P220,V11,vsl,O,vsl_required,1
P220,V11,vsl,B,vsl_required,1
P220,V12,vsl,O,vsl_required,1
P220,V12,vsl,B,vsl_required,1
P220,V13,vsl,O,vsl_required,1
P220,V13,vsl,B,vsl_required,1
P220,V14,vsl,O,vsl_required,1
P220,V14,vsl,B,vsl_required,1
P220,V15,vsl,O,vsl_required,1
P220,V15,vsl,B,vsl_required,1
P220,V16,vsl,O,vsl_required,1
P220,V16,vsl,B,vsl_required,1
P220,V17,vsl,O,vsl_required,1
P220,V17,vsl,B,vsl_required,1
P220,V18,vtc_premium,O,vsl_required,0
P220,V18,vtc_premium,B,vsl_required,0
P220,V19,vtc_premium,O,vsl_required,0
P220,V19,vtc_premium,B,vsl_required,0
P220,V20,vtc_premium,O,vsl_required,0
P220,V20,vtc_premium,B,vsl_required,0
P221,V1,taxi_conventionne,O,vsl_required,0
P221,V1,taxi_conventionne,B,vsl_required,0
P221,V2,taxi_conventionne,O,vsl_required,0
P221,V2,taxi_conventionne,B,vsl_required,0
P221,V3,taxi_conventionne,O,vsl_required,0
P221,V3,taxi_conventionne,B,vsl_required,0
P221,V4,taxi_conventionne,O,vsl_required,0
P221,V4,taxi_conventionne,B,vsl_required,0
P221,V5,taxi_conventionne,O,vsl_required,0
P221,V5,taxi_conventionne,B,vsl_required,0
P221,V6,taxi_conventionne,O,vsl_required,0
P221,V6,taxi_conventionne,B,vsl_required,0
P221,V7,taxi_conventionne,O,vsl_required,0
P221,V7,taxi_conventionne,B,vsl_required,0
P221,V8,taxi_conventionne,O,vsl_required,0
P221,V8,taxi_conventionne,B,vsl_required,0
P221,V9,taxi_conventionne,O,vsl_required,0
P221,V9,taxi_conventionne,B,vsl_required,0
P221,V10,taxi_conventionne,O,vsl_required,0
P221,V10,taxi_conventionne,B,vsl_required,0
P221,V11,vsl,O,vsl_required,1
P221,V11,vsl,B,vsl_required,1
P221,V12,vsl,O,vsl_required,1
P221,V12,vsl,B,vsl_required,1
P221,V13,vsl,O,vsl_required,1
P221,V13,vsl,B,vsl_required,1
P221,V14,vsl,O,vsl_required,1
P221,V14,vsl,B,vsl_required,1
P221,V15,vsl,O,vsl_required,1
P221,V15,vsl,B,vsl_required,1
P221,V16,vsl,O,vsl_required,1
P221,V16,vsl,B,vsl_required,1
P221,V17,vsl,O,vsl_required,1
P221,V17,vsl,B,vsl_required,1
P221,V18,vtc_premium,O,vsl_required,0
P221,V18,vtc_premium,B,vsl_required,0
P221,V19,vtc_premium,O,vsl_required,0
P221,V19,vtc_premium,B,vsl_required,0
P221,V20,vtc_premium,O,vsl_required,0
P221,V20,vtc_premium,B,vsl_required,0
P222,V1,taxi_conventionne,O,prescription_medicale,1
P222,V1,taxi_conventionne,B,prescription_medicale,1
P222,V2,taxi_conventionne,O,prescription_medicale,1
P222,V2,taxi_conventionne,B,prescription_medicale,1
P222,V3,taxi_conventionne,O,prescription_medicale,1
P222,V3,taxi_conventionne,B,prescription_medicale,1
P222,V4,taxi_conventionne,O,prescription_medicale,1
P222,V4,taxi_conventionne,B,prescription_medicale,1
P222,V5,taxi_conventionne,O,prescription_medicale,1
P222,V5,taxi_conventionne,B,prescription_medicale,1
P222,V6,taxi_conventionne,O,prescription_medicale,1
P222,V6,taxi_conventionne,B,prescription_medicale,1
P222,V7,taxi_conventionne,O,prescription_medicale,1
P222,V7,taxi_conventionne,B,prescription_medicale,1
P222,V8,taxi_conventionne,O,prescription_medicale,1
P222,V8,taxi_conventionne,B,prescription_medicale,1
P222,V9,taxi_conventionne,O,prescription_medicale,1
P222,V9,taxi_conventionne,B,prescription_medicale,1
P222,V10,taxi_conventionne,O,prescription_medicale,1
P222,V10,taxi_conventionne,B,prescription_medicale,1
P222,V11,vsl,O,prescription_medicale,1
P222,V11,vsl,B,prescription_medicale,1
P222,V12,vsl,O,prescription_medicale,1
P222,V12,vsl,B,prescription_medicale,1
P222,V13,vsl,O,prescription_medicale,1
P222,V13,vsl,B,prescription_medicale,1
P222,V14,vsl,O,prescription_medicale,1
P222,V14,vsl,B,prescription_medicale,1
P222,V15,vsl,O,prescription_medicale,1
P222,V15,vsl,B,prescription_medicale,1
P222,V16,vsl,O,prescription_medicale,1
P222,V16,vsl,B,prescription_medicale,1
P222,V17,vsl,O,prescription_medicale,1
P222,V17,vsl,B,prescription_medicale,1
P222,V18,vtc_premium,O,prescription_medicale,0
P222,V18,vtc_premium,B,prescription_medicale,0
P222,V19,vtc_premium,O,prescription_medicale,0
P222,V19,vtc_premium,B,prescription_medicale,0
P222,V20,vtc_premium,O,prescription_medicale,0
P222,V20,vtc_premium,B,prescription_medicale,0
P223,V1,taxi_conventionne,O,vsl_required,0
P223,V1,taxi_conventionne,B,vsl_required,0
P223,V2,taxi_conventionne,O,vsl_required,0
P223,V2,taxi_conventionne,B,vsl_required,0
P223,V3,taxi_conventionne,O,vsl_required,0
P223,V3,taxi_conventionne,B,vsl_required,0
P223,V4,taxi_conventionne,O,vsl_required,0
P223,V4,taxi_conventionne,B,vsl_required,0
P223,V5,taxi_conventionne,O,vsl_required,0
P223,V5,taxi_conventionne,B,vsl_required,0
P223,V6,taxi_conventionne,O,vsl_required,0
P223,V6,taxi_conventionne,B,vsl_required,0
P223,V7,taxi_conventionne,O,vsl_required,0
P223,V7,taxi_conventionne,B,vsl_required,0
P223,V8,taxi_conventionne,O,vsl_required,0
P223,V8,taxi_conventionne,B,vsl_required,0
P223,V9,taxi_conventionne,O,vsl_required,0
P223,V9,taxi_conventionne,B,vsl_required,0
P223,V10,taxi_conventionne,O,vsl_required,0
P223,V10,taxi_conventionne,B,vsl_required,0
P223,V11,vsl,O,vsl_required,1
P223,V11,vsl,B,vsl_required,1
P223,V12,vsl,O,vsl_required,1
P223,V12,vsl,B,vsl_required,1
P223,V13,vsl,O,vsl_required,1
P223,V13,vsl,B,vsl_required,1
P223,V14,vsl,O,vsl_required,1
P223,V14,vsl,B,vsl_required,1
P223,V15,vsl,O,vsl_required,1
P223,V15,vsl,B,vsl_required,1
P223,V16,vsl,O,vsl_required,1
P223,V16,vsl,B,vsl_required,1
P223,V17,vsl,O,vsl_required,1
P223,V17,vsl,B,vsl_required,1
P223,V18,vtc_premium,O,vsl_required,0
P223,V18,vtc_premium,B,vsl_required,0
P223,V19,vtc_premium,O,vsl_required,0
P223,V19,vtc_premium,B,vsl_required,0
P223,V20,vtc_premium,O,vsl_required,0
P223,V20,vtc_premium,B,vsl_required,0
P224,V1,taxi_conventionne,O,standard_assis,1
P224,V1,taxi_conventionne,B,standard_assis,1
P224,V2,taxi_conventionne,O,standard_assis,1
P224,V2,taxi_conventionne,B,standard_assis,1
P224,V3,taxi_conventionne,O,standard_assis,1
P224,V3,taxi_conventionne,B,standard_assis,1
P224,V4,taxi_conventionne,O,standard_assis,1
P224,V4,taxi_conventionne,B,standard_assis,1
P224,V5,taxi_conventionne,O,standard_assis,1
P224,V5,taxi_conventionne,B,standard_assis,1
P224,V6,taxi_conventionne,O,standard_assis,1
P224,V6,taxi_conventionne,B,standard_assis,1
P224,V7,taxi_conventionne,O,standard_assis,1
P224,V7,taxi_conventionne,B,standard_assis,1
P224,V8,taxi_conventionne,O,standard_assis,1
P224,V8,taxi_conventionne,B,standard_assis,1
P224,V9,taxi_conventionne,O,standard_assis,1
P224,V9,taxi_conventionne,B,standard_assis,1
P224,V10,taxi_conventionne,O,standard_assis,1
P224,V10,taxi_conventionne,B,standard_assis,1
P224,V11,vsl,O,standard_assis,1
P224,V11,vsl,B,standard_assis,1
P224,V12,vsl,O,standard_assis,1
P224,V12,vsl,B,standard_assis,1
P224,V13,vsl,O,standard_assis,1
P224,V13,vsl,B,standard_assis,1
P224,V14,vsl,O,standard_assis,1
P224,V14,vsl,B,standard_assis,1
P224,V15,vsl,O,standard_assis,1
P224,V15,vsl,B,standard_assis,1
P224,V16,vsl,O,standard_assis,1
P224,V16,vsl,B,standard_assis,1
P224,V17,vsl,O,standard_assis,1
P224,V17,vsl,B,standard_assis,1
P224,V18,vtc_premium,O,standard_assis,1
P224,V18,vtc_premium,B,standard_assis,1
P224,V19,vtc_premium,O,standard_assis,1
P224,V19,vtc_premium,B,standard_assis,1
P224,V20,vtc_premium,O,standard_assis,1
P224,V20,vtc_premium,B,standard_assis,1
P225,V1,taxi_conventionne,O,standard_assis,1
P225,V1,taxi_conventionne,B,standard_assis,1
P225,V2,taxi_conventionne,O,standard_assis,1
P225,V2,taxi_conventionne,B,standard_assis,1
P225,V3,taxi_conventionne,O,standard_assis,1
P225,V3,taxi_conventionne,B,standard_assis,1
P225,V4,taxi_conventionne,O,standard_assis,1
P225,V4,taxi_conventionne,B,standard_assis,1
P225,V5,taxi_conventionne,O,standard_assis,1
P225,V5,taxi_conventionne,B,standard_assis,1
P225,V6,taxi_conventionne,O,standard_assis,1
P225,V6,taxi_conventionne,B,standard_assis,1
P225,V7,taxi_conventionne,O,standard_assis,1
P225,V7,taxi_conventionne,B,standard_assis,1
P225,V8,taxi_conventionne,O,standard_assis,1
P225,V8,taxi_conventionne,B,standard_assis,1
P225,V9,taxi_conventionne,O,standard_assis,1
P225,V9,taxi_conventionne,B,standard_assis,1
P225,V10,taxi_conventionne,O,standard_assis,1
P225,V10,taxi_conventionne,B,standard_assis,1
P225,V11,vsl,O,standard_assis,1
P225,V11,vsl,B,standard_assis,1
P225,V12,vsl,O,standard_assis,1
P225,V12,vsl,B,standard_assis,1
P225,V13,vsl,O,standard_assis,1
P225,V13,vsl,B,standard_assis,1
P225,V14,vsl,O,standard_assis,1
P225,V14,vsl,B,standard_assis,1
P225,V15,vsl,O,standard_assis,1
P225,V15,vsl,B,standard_assis,1
P225,V16,vsl,O,standard_assis,1
P225,V16,vsl,B,standard_assis,1
P225,V17,vsl,O,standard_assis,1
P225,V17,vsl,B,standard_assis,1
P225,V18,vtc_premium,O,standard_assis,1
P225,V18,vtc_premium,B,standard_assis,1
P225,V19,vtc_premium,O,standard_assis,1
P225,V19,vtc_premium,B,standard_assis,1
P225,V20,vtc_premium,O,standard_assis,1
P225,V20,vtc_premium,B,standard_assis,1
P226,V1,taxi_conventionne,O,vsl_required,0
P226,V1,taxi_conventionne,B,vsl_required,0
P226,V2,taxi_conventionne,O,vsl_required,0
P226,V2,taxi_conventionne,B,vsl_required,0
P226,V3,taxi_conventionne,O,vsl_required,0
P226,V3,taxi_conventionne,B,vsl_required,0
P226,V4,taxi_conventionne,O,vsl_required,0
P226,V4,taxi_conventionne,B,vsl_required,0
P226,V5,taxi_conventionne,O,vsl_required,0
P226,V5,taxi_conventionne,B,vsl_required,0
P226,V6,taxi_conventionne,O,vsl_required,0
P226,V6,taxi_conventionne,B,vsl_required,0
P226,V7,taxi_conventionne,O,vsl_required,0
P226,V7,taxi_conventionne,B,vsl_required,0
P226,V8,taxi_conventionne,O,vsl_required,0
P226,V8,taxi_conventionne,B,vsl_required,0
P226,V9,taxi_conventionne,O,vsl_required,0
P226,V9,taxi_conventionne,B,vsl_required,0
P226,V10,taxi_conventionne,O,vsl_required,0
P226,V10,taxi_conventionne,B,vsl_required,0
P226,V11,vsl,O,vsl_required,1
P226,V11,vsl,B,vsl_required,1
P226,V12,vsl,O,vsl_required,1
P226,V12,vsl,B,vsl_required,1
P226,V13,vsl,O,vsl_required,1
P226,V13,vsl,B,vsl_required,1
P226,V14,vsl,O,vsl_required,1
P226,V14,vsl,B,vsl_required,1
P226,V15,vsl,O,vsl_required,1
P226,V15,vsl,B,vsl_required,1
P226,V16,vsl,O,vsl_required,1
P226,V16,vsl,B,vsl_required,1
P226,V17,vsl,O,vsl_required,1
P226,V17,vsl,B,vsl_required,1
P226,V18,vtc_premium,O,vsl_required,0
P226,V18,vtc_premium,B,vsl_required,0
P226,V19,vtc_premium,O,vsl_required,0
P226,V19,vtc_premium,B,vsl_required,0
P226,V20,vtc_premium,O,vsl_required,0
P226,V20,vtc_premium,B,vsl_required,0
P227,V1,taxi_conventionne,O,standard_assis,1
P227,V1,taxi_conventionne,B,standard_assis,1
P227,V2,taxi_conventionne,O,standard_assis,1
P227,V2,taxi_conventionne,B,standard_assis,1
P227,V3,taxi_conventionne,O,standard_assis,1
P227,V3,taxi_conventionne,B,standard_assis,1
P227,V4,taxi_conventionne,O,standard_assis,1
P227,V4,taxi_conventionne,B,standard_assis,1
P227,V5,taxi_conventionne,O,standard_assis,1
P227,V5,taxi_conventionne,B,standard_assis,1
P227,V6,taxi_conventionne,O,standard_assis,1
P227,V6,taxi_conventionne,B,standard_assis,1
P227,V7,taxi_conventionne,O,standard_assis,1
P227,V7,taxi_conventionne,B,standard_assis,1
P227,V8,taxi_conventionne,O,standard_assis,1
P227,V8,taxi_conventionne,B,standard_assis,1
P227,V9,taxi_conventionne,O,standard_assis,1
P227,V9,taxi_conventionne,B,standard_assis,1
P227,V10,taxi_conventionne,O,standard_assis,1
P227,V10,taxi_conventionne,B,standard_assis,1
P227,V11,vsl,O,standard_assis,1
P227,V11,vsl,B,standard_assis,1
P227,V12,vsl,O,standard_assis,1
P227,V12,vsl,B,standard_assis,1
P227,V13,vsl,O,standard_assis,1
P227,V13,vsl,B,standard_assis,1
P227,V14,vsl,O,standard_assis,1
P227,V14,vsl,B,standard_assis,1
P227,V15,vsl,O,standard_assis,1
P227,V15,vsl,B,standard_assis,1
P227,V16,vsl,O,standard_assis,1
P227,V16,vsl,B,standard_assis,1
P227,V17,vsl,O,standard_assis,1
P227,V17,vsl,B,standard_assis,1
P227,V18,vtc_premium,O,standard_assis,1
P227,V18,vtc_premium,B,standard_assis,1
P227,V19,vtc_premium,O,standard_assis,1
P227,V19,vtc_premium,B,standard_assis,1
P227,V20,vtc_premium,O,standard_assis,1
P227,V20,vtc_premium,B,standard_assis,1
P228,V1,taxi_conventionne,O,vsl_required,0
P228,V1,taxi_conventionne,B,vsl_required,0
P228,V2,taxi_conventionne,O,vsl_required,0
P228,V2,taxi_conventionne,B,vsl_required,0
P228,V3,taxi_conventionne,O,vsl_required,0
P228,V3,taxi_conventionne,B,vsl_required,0
P228,V4,taxi_conventionne,O,vsl_required,0
P228,V4,taxi_conventionne,B,vsl_required,0
P228,V5,taxi_conventionne,O,vsl_required,0
P228,V5,taxi_conventionne,B,vsl_required,0
P228,V6,taxi_conventionne,O,vsl_required,0
P228,V6,taxi_conventionne,B,vsl_required,0
P228,V7,taxi_conventionne,O,vsl_required,0
P228,V7,taxi_conventionne,B,vsl_required,0
P228,V8,taxi_conventionne,O,vsl_required,0
P228,V8,taxi_conventionne,B,vsl_required,0
P228,V9,taxi_conventionne,O,vsl_required,0
P228,V9,taxi_conventionne,B,vsl_required,0
P228,V10,taxi_conventionne,O,vsl_required,0
P228,V10,taxi_conventionne,B,vsl_required,0
P228,V11,vsl,O,vsl_required,1
P228,V11,vsl,B,vsl_required,1
P228,V12,vsl,O,vsl_required,1
P228,V12,vsl,B,vsl_required,1
P228,V13,vsl,O,vsl_required,1
P228,V13,vsl,B,vsl_required,1
P228,V14,vsl,O,vsl_required,1
P228,V14,vsl,B,vsl_required,1
P228,V15,vsl,O,vsl_required,1
P228,V15,vsl,B,vsl_required,1
P228,V16,vsl,O,vsl_required,1
P228,V16,vsl,B,vsl_required,1
P228,V17,vsl,O,vsl_required,1
P228,V17,vsl,B,vsl_required,1
P228,V18,vtc_premium,O,vsl_required,0
P228,V18,vtc_premium,B,vsl_required,0
P228,V19,vtc_premium,O,vsl_required,0
P228,V19,vtc_premium,B,vsl_required,0
P228,V20,vtc_premium,O,vsl_required,0
P228,V20,vtc_premium,B,vsl_required,0
P229,V1,taxi_conventionne,O,vsl_required,0
P229,V1,taxi_conventionne,B,vsl_required,0
P229,V2,taxi_conventionne,O,vsl_required,0
P229,V2,taxi_conventionne,B,vsl_required,0
P229,V3,taxi_conventionne,O,vsl_required,0
P229,V3,taxi_conventionne,B,vsl_required,0
P229,V4,taxi_conventionne,O,vsl_required,0
P229,V4,taxi_conventionne,B,vsl_required,0
P229,V5,taxi_conventionne,O,vsl_required,0
P229,V5,taxi_conventionne,B,vsl_required,0
P229,V6,taxi_conventionne,O,vsl_required,0
P229,V6,taxi_conventionne,B,vsl_required,0
P229,V7,taxi_conventionne,O,vsl_required,0
P229,V7,taxi_conventionne,B,vsl_required,0
P229,V8,taxi_conventionne,O,vsl_required,0
P229,V8,taxi_conventionne,B,vsl_required,0
P229,V9,taxi_conventionne,O,vsl_required,0
P229,V9,taxi_conventionne,B,vsl_required,0
P229,V10,taxi_conventionne,O,vsl_required,0
P229,V10,taxi_conventionne,B,vsl_required,0
P229,V11,vsl,O,vsl_required,1
P229,V11,vsl,B,vsl_required,1
P229,V12,vsl,O,vsl_required,1
P229,V12,vsl,B,vsl_required,1
P229,V13,vsl,O,vsl_required,1
P229,V13,vsl,B,vsl_required,1
P229,V14,vsl,O,vsl_required,1
P229,V14,vsl,B,vsl_required,1
P229,V15,vsl,O,vsl_required,1
P229,V15,vsl,B,vsl_required,1
P229,V16,vsl,O,vsl_required,1
P229,V16,vsl,B,vsl_required,1
P229,V17,vsl,O,vsl_required,1
P229,V17,vsl,B,vsl_required,1
P229,V18,vtc_premium,O,vsl_required,0
P229,V18,vtc_premium,B,vsl_required,0
P229,V19,vtc_premium,O,vsl_required,0
P229,V19,vtc_premium,B,vsl_required,0
P229,V20,vtc_premium,O,vsl_required,0
P229,V20,vtc_premium,B,vsl_required,0
P230,V1,taxi_conventionne,O,standard_assis,1
P230,V1,taxi_conventionne,B,standard_assis,1
P230,V2,taxi_conventionne,O,standard_assis,1
P230,V2,taxi_conventionne,B,standard_assis,1
P230,V3,taxi_conventionne,O,standard_assis,1
P230,V3,taxi_conventionne,B,standard_assis,1
P230,V4,taxi_conventionne,O,standard_assis,1
P230,V4,taxi_conventionne,B,standard_assis,1
P230,V5,taxi_conventionne,O,standard_assis,1
P230,V5,taxi_conventionne,B,standard_assis,1
P230,V6,taxi_conventionne,O,standard_assis,1
P230,V6,taxi_conventionne,B,standard_assis,1
P230,V7,taxi_conventionne,O,standard_assis,1
P230,V7,taxi_conventionne,B,standard_assis,1
P230,V8,taxi_conventionne,O,standard_assis,1
P230,V8,taxi_conventionne,B,standard_assis,1
P230,V9,taxi_conventionne,O,standard_assis,1
P230,V9,taxi_conventionne,B,standard_assis,1
P230,V10,taxi_conventionne,O,standard_assis,1
P230,V10,taxi_conventionne,B,standard_assis,1
P230,V11,vsl,O,standard_assis,1
P230,V11,vsl,B,standard_assis,1
P230,V12,vsl,O,standard_assis,1
P230,V12,vsl,B,standard_assis,1
P230,V13,vsl,O,standard_assis,1
P230,V13,vsl,B,standard_assis,1
P230,V14,vsl,O,standard_assis,1
P230,V14,vsl,B,standard_assis,1
P230,V15,vsl,O,standard_assis,1
P230,V15,vsl,B,standard_assis,1
P230,V16,vsl,O,standard_assis,1
P230,V16,vsl,B,standard_assis,1
P230,V17,vsl,O,standard_assis,1
P230,V17,vsl,B,standard_assis,1
P230,V18,vtc_premium,O,standard_assis,1
P230,V18,vtc_premium,B,standard_assis,1
P230,V19,vtc_premium,O,standard_assis,1
P230,V19,vtc_premium,B,standard_assis,1
P230,V20,vtc_premium,O,standard_assis,1
P230,V20,vtc_premium,B,standard_assis,1
P231,V1,taxi_conventionne,O,standard_assis,1
P231,V1,taxi_conventionne,B,standard_assis,1
P231,V2,taxi_conventionne,O,standard_assis,1
P231,V2,taxi_conventionne,B,standard_assis,1
P231,V3,taxi_conventionne,O,standard_assis,1
P231,V3,taxi_conventionne,B,standard_assis,1
P231,V4,taxi_conventionne,O,standard_assis,1
P231,V4,taxi_conventionne,B,standard_assis,1
P231,V5,taxi_conventionne,O,standard_assis,1
P231,V5,taxi_conventionne,B,standard_assis,1
P231,V6,taxi_conventionne,O,standard_assis,1
P231,V6,taxi_conventionne,B,standard_assis,1
P231,V7,taxi_conventionne,O,standard_assis,1
P231,V7,taxi_conventionne,B,standard_assis,1
P231,V8,taxi_conventionne,O,standard_assis,1
P231,V8,taxi_conventionne,B,standard_assis,1
P231,V9,taxi_conventionne,O,standard_assis,1
P231,V9,taxi_conventionne,B,standard_assis,1
P231,V10,taxi_conventionne,O,standard_assis,1
P231,V10,taxi_conventionne,B,standard_assis,1
P231,V11,vsl,O,standard_assis,1
P231,V11,vsl,B,standard_assis,1
P231,V12,vsl,O,standard_assis,1
P231,V12,vsl,B,standard_assis,1
P231,V13,vsl,O,standard_assis,1
P231,V13,vsl,B,standard_assis,1
P231,V14,vsl,O,standard_assis,1
P231,V14,vsl,B,standard_assis,1
P231,V15,vsl,O,standard_assis,1
P231,V15,vsl,B,standard_assis,1
P231,V16,vsl,O,standard_assis,1
P231,V16,vsl,B,standard_assis,1
P231,V17,vsl,O,standard_assis,1
P231,V17,vsl,B,standard_assis,1
P231,V18,vtc_premium,O,standard_assis,1
P231,V18,vtc_premium,B,standard_assis,1
P231,V19,vtc_premium,O,standard_assis,1
P231,V19,vtc_premium,B,standard_assis,1
P231,V20,vtc_premium,O,standard_assis,1
P231,V20,vtc_premium,B,standard_assis,1
P232,V1,taxi_conventionne,O,prescription_medicale,1
P232,V1,taxi_conventionne,B,prescription_medicale,1
P232,V2,taxi_conventionne,O,prescription_medicale,1
P232,V2,taxi_conventionne,B,prescription_medicale,1
P232,V3,taxi_conventionne,O,prescription_medicale,1
P232,V3,taxi_conventionne,B,prescription_medicale,1
P232,V4,taxi_conventionne,O,prescription_medicale,1
P232,V4,taxi_conventionne,B,prescription_medicale,1
P232,V5,taxi_conventionne,O,prescription_medicale,1
P232,V5,taxi_conventionne,B,prescription_medicale,1
P232,V6,taxi_conventionne,O,prescription_medicale,1
P232,V6,taxi_conventionne,B,prescription_medicale,1
P232,V7,taxi_conventionne,O,prescription_medicale,1
P232,V7,taxi_conventionne,B,prescription_medicale,1
P232,V8,taxi_conventionne,O,prescription_medicale,1
P232,V8,taxi_conventionne,B,prescription_medicale,1
P232,V9,taxi_conventionne,O,prescription_medicale,1
P232,V9,taxi_conventionne,B,prescription_medicale,1
P232,V10,taxi_conventionne,O,prescription_medicale,1
P232,V10,taxi_conventionne,B,prescription_medicale,1
P232,V11,vsl,O,prescription_medicale,1
P232,V11,vsl,B,prescription_medicale,1
P232,V12,vsl,O,prescription_medicale,1
P232,V12,vsl,B,prescription_medicale,1
P232,V13,vsl,O,prescription_medicale,1
P232,V13,vsl,B,prescription_medicale,1
P232,V14,vsl,O,prescription_medicale,1
P232,V14,vsl,B,prescription_medicale,1
P232,V15,vsl,O,prescription_medicale,1
P232,V15,vsl,B,prescription_medicale,1
P232,V16,vsl,O,prescription_medicale,1
P232,V16,vsl,B,prescription_medicale,1
P232,V17,vsl,O,prescription_medicale,1
P232,V17,vsl,B,prescription_medicale,1
P232,V18,vtc_premium,O,prescription_medicale,0
P232,V18,vtc_premium,B,prescription_medicale,0
P232,V19,vtc_premium,O,prescription_medicale,0
P232,V19,vtc_premium,B,prescription_medicale,0
P232,V20,vtc_premium,O,prescription_medicale,0
P232,V20,vtc_premium,B,prescription_medicale,0
P233,V1,taxi_conventionne,O,vsl_required,0
P233,V1,taxi_conventionne,B,vsl_required,0
P233,V2,taxi_conventionne,O,vsl_required,0
P233,V2,taxi_conventionne,B,vsl_required,0
P233,V3,taxi_conventionne,O,vsl_required,0
P233,V3,taxi_conventionne,B,vsl_required,0
P233,V4,taxi_conventionne,O,vsl_required,0
P233,V4,taxi_conventionne,B,vsl_required,0
P233,V5,taxi_conventionne,O,vsl_required,0
P233,V5,taxi_conventionne,B,vsl_required,0
P233,V6,taxi_conventionne,O,vsl_required,0
P233,V6,taxi_conventionne,B,vsl_required,0
P233,V7,taxi_conventionne,O,vsl_required,0
P233,V7,taxi_conventionne,B,vsl_required,0
P233,V8,taxi_conventionne,O,vsl_required,0
P233,V8,taxi_conventionne,B,vsl_required,0
P233,V9,taxi_conventionne,O,vsl_required,0
P233,V9,taxi_conventionne,B,vsl_required,0
P233,V10,taxi_conventionne,O,vsl_required,0
P233,V10,taxi_conventionne,B,vsl_required,0
P233,V11,vsl,O,vsl_required,1
P233,V11,vsl,B,vsl_required,1
P233,V12,vsl,O,vsl_required,1
P233,V12,vsl,B,vsl_required,1
P233,V13,vsl,O,vsl_required,1
P233,V13,vsl,B,vsl_required,1
P233,V14,vsl,O,vsl_required,1
P233,V14,vsl,B,vsl_required,1
P233,V15,vsl,O,vsl_required,1
P233,V15,vsl,B,vsl_required,1
P233,V16,vsl,O,vsl_required,1
P233,V16,vsl,B,vsl_required,1
P233,V17,vsl,O,vsl_required,1
P233,V17,vsl,B,vsl_required,1
P233,V18,vtc_premium,O,vsl_required,0
P233,V18,vtc_premium,B,vsl_required,0
P233,V19,vtc_premium,O,vsl_required,0
P233,V19,vtc_premium,B,vsl_required,0
P233,V20,vtc_premium,O,vsl_required,0
P233,V20,vtc_premium,B,vsl_required,0
P234,V1,taxi_conventionne,O,prescription_medicale,1
P234,V1,taxi_conventionne,B,prescription_medicale,1
P234,V2,taxi_conventionne,O,prescription_medicale,1
P234,V2,taxi_conventionne,B,prescription_medicale,1
P234,V3,taxi_conventionne,O,prescription_medicale,1
P234,V3,taxi_conventionne,B,prescription_medicale,1
P234,V4,taxi_conventionne,O,prescription_medicale,1
P234,V4,taxi_conventionne,B,prescription_medicale,1
P234,V5,taxi_conventionne,O,prescription_medicale,1
P234,V5,taxi_conventionne,B,prescription_medicale,1
P234,V6,taxi_conventionne,O,prescription_medicale,1
P234,V6,taxi_conventionne,B,prescription_medicale,1
P234,V7,taxi_conventionne,O,prescription_medicale,1
P234,V7,taxi_conventionne,B,prescription_medicale,1
P234,V8,taxi_conventionne,O,prescription_medicale,1
P234,V8,taxi_conventionne,B,prescription_medicale,1
P234,V9,taxi_conventionne,O,prescription_medicale,1
P234,V9,taxi_conventionne,B,prescription_medicale,1
P234,V10,taxi_conventionne,O,prescription_medicale,1
P234,V10,taxi_conventionne,B,prescription_medicale,1
P234,V11,vsl,O,prescription_medicale,1
P234,V11,vsl,B,prescription_medicale,1
P234,V12,vsl,O,prescription_medicale,1
P234,V12,vsl,B,prescription_medicale,1
P234,V13,vsl,O,prescription_medicale,1
P234,V13,vsl,B,prescription_medicale,1
P234,V14,vsl,O,prescription_medicale,1
P234,V14,vsl,B,prescription_medicale,1
P234,V15,vsl,O,prescription_medicale,1
P234,V15,vsl,B,prescription_medicale,1
P234,V16,vsl,O,prescription_medicale,1
P234,V16,vsl,B,prescription_medicale,1
P234,V17,vsl,O,prescription_medicale,1
P234,V17,vsl,B,prescription_medicale,1
P234,V18,vtc_premium,O,prescription_medicale,0
P234,V18,vtc_premium,B,prescription_medicale,0
P234,V19,vtc_premium,O,prescription_medicale,0
P234,V19,vtc_premium,B,prescription_medicale,0
P234,V20,vtc_premium,O,prescription_medicale,0
P234,V20,vtc_premium,B,prescription_medicale,0
P235,V1,taxi_conventionne,O,prescription_medicale,1
P235,V1,taxi_conventionne,B,prescription_medicale,1
P235,V2,taxi_conventionne,O,prescription_medicale,1
P235,V2,taxi_conventionne,B,prescription_medicale,1
P235,V3,taxi_conventionne,O,prescription_medicale,1
P235,V3,taxi_conventionne,B,prescription_medicale,1
P235,V4,taxi_conventionne,O,prescription_medicale,1
P235,V4,taxi_conventionne,B,prescription_medicale,1
P235,V5,taxi_conventionne,O,prescription_medicale,1
P235,V5,taxi_conventionne,B,prescription_medicale,1
P235,V6,taxi_conventionne,O,prescription_medicale,1
P235,V6,taxi_conventionne,B,prescription_medicale,1
P235,V7,taxi_conventionne,O,prescription_medicale,1
P235,V7,taxi_conventionne,B,prescription_medicale,1
P235,V8,taxi_conventionne,O,prescription_medicale,1
P235,V8,taxi_conventionne,B,prescription_medicale,1
P235,V9,taxi_conventionne,O,prescription_medicale,1
P235,V9,taxi_conventionne,B,prescription_medicale,1
P235,V10,taxi_conventionne,O,prescription_medicale,1
P235,V10,taxi_conventionne,B,prescription_medicale,1
P235,V11,vsl,O,prescription_medicale,1
P235,V11,vsl,B,prescription_medicale,1
P235,V12,vsl,O,prescription_medicale,1
P235,V12,vsl,B,prescription_medicale,1
P235,V13,vsl,O,prescription_medicale,1
P235,V13,vsl,B,prescription_medicale,1
P235,V14,vsl,O,prescription_medicale,1
P235,V14,vsl,B,prescription_medicale,1
P235,V15,vsl,O,prescription_medicale,1
P235,V15,vsl,B,prescription_medicale,1
P235,V16,vsl,O,prescription_medicale,1
P235,V16,vsl,B,prescription_medicale,1
P235,V17,vsl,O,prescription_medicale,1
P235,V17,vsl,B,prescription_medicale,1
P235,V18,vtc_premium,O,prescription_medicale,0
P235,V18,vtc_premium,B,prescription_medicale,0
P235,V19,vtc_premium,O,prescription_medicale,0
P235,V19,vtc_premium,B,prescription_medicale,0
P235,V20,vtc_premium,O,prescription_medicale,0
P235,V20,vtc_premium,B,prescription_medicale,0
P236,V1,taxi_conventionne,O,vsl_required,0
P236,V1,taxi_conventionne,B,vsl_required,0
P236,V2,taxi_conventionne,O,vsl_required,0
P236,V2,taxi_conventionne,B,vsl_required,0
P236,V3,taxi_conventionne,O,vsl_required,0
P236,V3,taxi_conventionne,B,vsl_required,0
P236,V4,taxi_conventionne,O,vsl_required,0
P236,V4,taxi_conventionne,B,vsl_required,0
P236,V5,taxi_conventionne,O,vsl_required,0
P236,V5,taxi_conventionne,B,vsl_required,0
P236,V6,taxi_conventionne,O,vsl_required,0
P236,V6,taxi_conventionne,B,vsl_required,0
P236,V7,taxi_conventionne,O,vsl_required,0
P236,V7,taxi_conventionne,B,vsl_required,0
P236,V8,taxi_conventionne,O,vsl_required,0
P236,V8,taxi_conventionne,B,vsl_required,0
P236,V9,taxi_conventionne,O,vsl_required,0
P236,V9,taxi_conventionne,B,vsl_required,0
P236,V10,taxi_conventionne,O,vsl_required,0
P236,V10,taxi_conventionne,B,vsl_required,0
P236,V11,vsl,O,vsl_required,1
P236,V11,vsl,B,vsl_required,1
P236,V12,vsl,O,vsl_required,1
P236,V12,vsl,B,vsl_required,1
P236,V13,vsl,O,vsl_required,1
P236,V13,vsl,B,vsl_required,1
P236,V14,vsl,O,vsl_required,1
P236,V14,vsl,B,vsl_required,1
P236,V15,vsl,O,vsl_required,1
P236,V15,vsl,B,vsl_required,1
P236,V16,vsl,O,vsl_required,1
P236,V16,vsl,B,vsl_required,1
P236,V17,vsl,O,vsl_required,1
P236,V17,vsl,B,vsl_required,1
P236,V18,vtc_premium,O,vsl_required,0
P236,V18,vtc_premium,B,vsl_required,0
P236,V19,vtc_premium,O,vsl_required,0
P236,V19,vtc_premium,B,vsl_required,0
P236,V20,vtc_premium,O,vsl_required,0
P236,V20,vtc_premium,B,vsl_required,0
P237,V1,taxi_conventionne,O,prescription_medicale,1
P237,V1,taxi_conventionne,B,prescription_medicale,1
P237,V2,taxi_conventionne,O,prescription_medicale,1
P237,V2,taxi_conventionne,B,prescription_medicale,1
P237,V3,taxi_conventionne,O,prescription_medicale,1
P237,V3,taxi_conventionne,B,prescription_medicale,1
P237,V4,taxi_conventionne,O,prescription_medicale,1
P237,V4,taxi_conventionne,B,prescription_medicale,1
P237,V5,taxi_conventionne,O,prescription_medicale,1
P237,V5,taxi_conventionne,B,prescription_medicale,1
P237,V6,taxi_conventionne,O,prescription_medicale,1
P237,V6,taxi_conventionne,B,prescription_medicale,1
P237,V7,taxi_conventionne,O,prescription_medicale,1
P237,V7,taxi_conventionne,B,prescription_medicale,1
P237,V8,taxi_conventionne,O,prescription_medicale,1
P237,V8,taxi_conventionne,B,prescription_medicale,1
P237,V9,taxi_conventionne,O,prescription_medicale,1
P237,V9,taxi_conventionne,B,prescription_medicale,1
P237,V10,taxi_conventionne,O,prescription_medicale,1
P237,V10,taxi_conventionne,B,prescription_medicale,1
P237,V11,vsl,O,prescription_medicale,1
P237,V11,vsl,B,prescription_medicale,1
P237,V12,vsl,O,prescription_medicale,1
P237,V12,vsl,B,prescription_medicale,1
P237,V13,vsl,O,prescription_medicale,1
P237,V13,vsl,B,prescription_medicale,1
P237,V14,vsl,O,prescription_medicale,1
P237,V14,vsl,B,prescription_medicale,1
P237,V15,vsl,O,prescription_medicale,1
P237,V15,vsl,B,prescription_medicale,1
P237,V16,vsl,O,prescription_medicale,1
P237,V16,vsl,B,prescription_medicale,1
P237,V17,vsl,O,prescription_medicale,1
P237,V17,vsl,B,prescription_medicale,1
P237,V18,vtc_premium,O,prescription_medicale,0
P237,V18,vtc_premium,B,prescription_medicale,0
P237,V19,vtc_premium,O,prescription_medicale,0
P237,V19,vtc_premium,B,prescription_medicale,0
P237,V20,vtc_premium,O,prescription_medicale,0
P237,V20,vtc_premium,B,prescription_medicale,0
P238,V1,taxi_conventionne,O,vsl_required,0
P238,V1,taxi_conventionne,B,vsl_required,0
P238,V2,taxi_conventionne,O,vsl_required,0
P238,V2,taxi_conventionne,B,vsl_required,0
P238,V3,taxi_conventionne,O,vsl_required,0
P238,V3,taxi_conventionne,B,vsl_required,0
P238,V4,taxi_conventionne,O,vsl_required,0
P238,V4,taxi_conventionne,B,vsl_required,0
P238,V5,taxi_conventionne,O,vsl_required,0
P238,V5,taxi_conventionne,B,vsl_required,0
P238,V6,taxi_conventionne,O,vsl_required,0
P238,V6,taxi_conventionne,B,vsl_required,0
P238,V7,taxi_conventionne,O,vsl_required,0
P238,V7,taxi_conventionne,B,vsl_required,0
P238,V8,taxi_conventionne,O,vsl_required,0
P238,V8,taxi_conventionne,B,vsl_required,0
P238,V9,taxi_conventionne,O,vsl_required,0
P238,V9,taxi_conventionne,B,vsl_required,0
P238,V10,taxi_conventionne,O,vsl_required,0
P238,V10,taxi_conventionne,B,vsl_required,0
P238,V11,vsl,O,vsl_required,1
P238,V11,vsl,B,vsl_required,1
P238,V12,vsl,O,vsl_required,1
P238,V12,vsl,B,vsl_required,1
P238,V13,vsl,O,vsl_required,1
P238,V13,vsl,B,vsl_required,1
P238,V14,vsl,O,vsl_required,1
P238,V14,vsl,B,vsl_required,1
P238,V15,vsl,O,vsl_required,1
P238,V15,vsl,B,vsl_required,1
P238,V16,vsl,O,vsl_required,1
P238,V16,vsl,B,vsl_required,1
P238,V17,vsl,O,vsl_required,1
P238,V17,vsl,B,vsl_required,1
P238,V18,vtc_premium,O,vsl_required,0
P238,V18,vtc_premium,B,vsl_required,0
P238,V19,vtc_premium,O,vsl_required,0
P238,V19,vtc_premium,B,vsl_required,0
P238,V20,vtc_premium,O,vsl_required,0
P238,V20,vtc_premium,B,vsl_required,0
P239,V1,taxi_conventionne,O,premium,1
P239,V1,taxi_conventionne,B,premium,1
P239,V2,taxi_conventionne,O,premium,1
P239,V2,taxi_conventionne,B,premium,1
P239,V3,taxi_conventionne,O,premium,1
P239,V3,taxi_conventionne,B,premium,1
P239,V4,taxi_conventionne,O,premium,1
P239,V4,taxi_conventionne,B,premium,1
P239,V5,taxi_conventionne,O,premium,1
P239,V5,taxi_conventionne,B,premium,1
P239,V6,taxi_conventionne,O,premium,1
P239,V6,taxi_conventionne,B,premium,1
P239,V7,taxi_conventionne,O,premium,1
P239,V7,taxi_conventionne,B,premium,1
P239,V8,taxi_conventionne,O,premium,1
P239,V8,taxi_conventionne,B,premium,1
P239,V9,taxi_conventionne,O,premium,1
P239,V9,taxi_conventionne,B,premium,1
P239,V10,taxi_conventionne,O,premium,1
P239,V10,taxi_conventionne,B,premium,1
P239,V11,vsl,O,premium,0
P239,V11,vsl,B,premium,0
P239,V12,vsl,O,premium,0
P239,V12,vsl,B,premium,0
P239,V13,vsl,O,premium,0
P239,V13,vsl,B,premium,0
P239,V14,vsl,O,premium,0
P239,V14,vsl,B,premium,0
P239,V15,vsl,O,premium,0
P239,V15,vsl,B,premium,0
P239,V16,vsl,O,premium,0
P239,V16,vsl,B,premium,0
P239,V17,vsl,O,premium,0
P239,V17,vsl,B,premium,0
P239,V18,vtc_premium,O,premium,1
P239,V18,vtc_premium,B,premium,1
P239,V19,vtc_premium,O,premium,1
P239,V19,vtc_premium,B,premium,1
P239,V20,vtc_premium,O,premium,1
P239,V20,vtc_premium,B,premium,1
P240,V1,taxi_conventionne,O,standard_assis,1
P240,V1,taxi_conventionne,B,standard_assis,1
P240,V2,taxi_conventionne,O,standard_assis,1
P240,V2,taxi_conventionne,B,standard_assis,1
P240,V3,taxi_conventionne,O,standard_assis,1
P240,V3,taxi_conventionne,B,standard_assis,1
P240,V4,taxi_conventionne,O,standard_assis,1
P240,V4,taxi_conventionne,B,standard_assis,1
P240,V5,taxi_conventionne,O,standard_assis,1
P240,V5,taxi_conventionne,B,standard_assis,1
P240,V6,taxi_conventionne,O,standard_assis,1
P240,V6,taxi_conventionne,B,standard_assis,1
P240,V7,taxi_conventionne,O,standard_assis,1
P240,V7,taxi_conventionne,B,standard_assis,1
P240,V8,taxi_conventionne,O,standard_assis,1
P240,V8,taxi_conventionne,B,standard_assis,1
P240,V9,taxi_conventionne,O,standard_assis,1
P240,V9,taxi_conventionne,B,standard_assis,1
P240,V10,taxi_conventionne,O,standard_assis,1
P240,V10,taxi_conventionne,B,standard_assis,1
P240,V11,vsl,O,standard_assis,1
P240,V11,vsl,B,standard_assis,1
P240,V12,vsl,O,standard_assis,1
P240,V12,vsl,B,standard_assis,1
P240,V13,vsl,O,standard_assis,1
P240,V13,vsl,B,standard_assis,1
P240,V14,vsl,O,standard_assis,1
P240,V14,vsl,B,standard_assis,1
P240,V15,vsl,O,standard_assis,1
P240,V15,vsl,B,standard_assis,1
P240,V16,vsl,O,standard_assis,1
P240,V16,vsl,B,standard_assis,1
P240,V17,vsl,O,standard_assis,1
P240,V17,vsl,B,standard_assis,1
P240,V18,vtc_premium,O,standard_assis,1
P240,V18,vtc_premium,B,standard_assis,1
P240,V19,vtc_premium,O,standard_assis,1
P240,V19,vtc_premium,B,standard_assis,1
P240,V20,vtc_premium,O,standard_assis,1
P240,V20,vtc_premium,B,standard_assis,1
P241,V1,taxi_conventionne,O,vsl_required,0
P241,V1,taxi_conventionne,B,vsl_required,0
P241,V2,taxi_conventionne,O,vsl_required,0
P241,V2,taxi_conventionne,B,vsl_required,0
P241,V3,taxi_conventionne,O,vsl_required,0
P241,V3,taxi_conventionne,B,vsl_required,0
P241,V4,taxi_conventionne,O,vsl_required,0
P241,V4,taxi_conventionne,B,vsl_required,0
P241,V5,taxi_conventionne,O,vsl_required,0
P241,V5,taxi_conventionne,B,vsl_required,0
P241,V6,taxi_conventionne,O,vsl_required,0
P241,V6,taxi_conventionne,B,vsl_required,0
P241,V7,taxi_conventionne,O,vsl_required,0
P241,V7,taxi_conventionne,B,vsl_required,0
P241,V8,taxi_conventionne,O,vsl_required,0
P241,V8,taxi_conventionne,B,vsl_required,0
P241,V9,taxi_conventionne,O,vsl_required,0
P241,V9,taxi_conventionne,B,vsl_required,0
P241,V10,taxi_conventionne,O,vsl_required,0
P241,V10,taxi_conventionne,B,vsl_required,0
P241,V11,vsl,O,vsl_required,1
P241,V11,vsl,B,vsl_required,1
P241,V12,vsl,O,vsl_required,1
P241,V12,vsl,B,vsl_required,1
P241,V13,vsl,O,vsl_required,1
P241,V13,vsl,B,vsl_required,1
P241,V14,vsl,O,vsl_required,1
P241,V14,vsl,B,vsl_required,1
P241,V15,vsl,O,vsl_required,1
P241,V15,vsl,B,vsl_required,1
P241,V16,vsl,O,vsl_required,1
P241,V16,vsl,B,vsl_required,1
P241,V17,vsl,O,vsl_required,1
P241,V17,vsl,B,vsl_required,1
P241,V18,vtc_premium,O,vsl_required,0
P241,V18,vtc_premium,B,vsl_required,0
P241,V19,vtc_premium,O,vsl_required,0
P241,V19,vtc_premium,B,vsl_required,0
P241,V20,vtc_premium,O,vsl_required,0
P241,V20,vtc_premium,B,vsl_required,0
P242,V1,taxi_conventionne,O,vsl_required,0
P242,V1,taxi_conventionne,B,vsl_required,0
P242,V2,taxi_conventionne,O,vsl_required,0
P242,V2,taxi_conventionne,B,vsl_required,0
P242,V3,taxi_conventionne,O,vsl_required,0
P242,V3,taxi_conventionne,B,vsl_required,0
P242,V4,taxi_conventionne,O,vsl_required,0
P242,V4,taxi_conventionne,B,vsl_required,0
P242,V5,taxi_conventionne,O,vsl_required,0
P242,V5,taxi_conventionne,B,vsl_required,0
P242,V6,taxi_conventionne,O,vsl_required,0
P242,V6,taxi_conventionne,B,vsl_required,0
P242,V7,taxi_conventionne,O,vsl_required,0
P242,V7,taxi_conventionne,B,vsl_required,0
P242,V8,taxi_conventionne,O,vsl_required,0
P242,V8,taxi_conventionne,B,vsl_required,0
P242,V9,taxi_conventionne,O,vsl_required,0
P242,V9,taxi_conventionne,B,vsl_required,0
P242,V10,taxi_conventionne,O,vsl_required,0
P242,V10,taxi_conventionne,B,vsl_required,0
P242,V11,vsl,O,vsl_required,1
P242,V11,vsl,B,vsl_required,1
P242,V12,vsl,O,vsl_required,1
P242,V12,vsl,B,vsl_required,1
P242,V13,vsl,O,vsl_required,1
P242,V13,vsl,B,vsl_required,1
P242,V14,vsl,O,vsl_required,1
P242,V14,vsl,B,vsl_required,1
P242,V15,vsl,O,vsl_required,1
P242,V15,vsl,B,vsl_required,1
P242,V16,vsl,O,vsl_required,1
P242,V16,vsl,B,vsl_required,1
P242,V17,vsl,O,vsl_required,1
P242,V17,vsl,B,vsl_required,1
P242,V18,vtc_premium,O,vsl_required,0
P242,V18,vtc_premium,B,vsl_required,0
P242,V19,vtc_premium,O,vsl_required,0
P242,V19,vtc_premium,B,vsl_required,0
P242,V20,vtc_premium,O,vsl_required,0
P242,V20,vtc_premium,B,vsl_required,0
P243,V1,taxi_conventionne,O,vsl_required,0
P243,V1,taxi_conventionne,B,vsl_required,0
P243,V2,taxi_conventionne,O,vsl_required,0
P243,V2,taxi_conventionne,B,vsl_required,0
P243,V3,taxi_conventionne,O,vsl_required,0
P243,V3,taxi_conventionne,B,vsl_required,0
P243,V4,taxi_conventionne,O,vsl_required,0
P243,V4,taxi_conventionne,B,vsl_required,0
P243,V5,taxi_conventionne,O,vsl_required,0
P243,V5,taxi_conventionne,B,vsl_required,0
P243,V6,taxi_conventionne,O,vsl_required,0
P243,V6,taxi_conventionne,B,vsl_required,0
P243,V7,taxi_conventionne,O,vsl_required,0
P243,V7,taxi_conventionne,B,vsl_required,0
P243,V8,taxi_conventionne,O,vsl_required,0
P243,V8,taxi_conventionne,B,vsl_required,0
P243,V9,taxi_conventionne,O,vsl_required,0
P243,V9,taxi_conventionne,B,vsl_required,0
P243,V10,taxi_conventionne,O,vsl_required,0
P243,V10,taxi_conventionne,B,vsl_required,0
P243,V11,vsl,O,vsl_required,1
P243,V11,vsl,B,vsl_required,1
P243,V12,vsl,O,vsl_required,1
P243,V12,vsl,B,vsl_required,1
P243,V13,vsl,O,vsl_required,1
P243,V13,vsl,B,vsl_required,1
P243,V14,vsl,O,vsl_required,1
P243,V14,vsl,B,vsl_required,1
P243,V15,vsl,O,vsl_required,1
P243,V15,vsl,B,vsl_required,1
P243,V16,vsl,O,vsl_required,1
P243,V16,vsl,B,vsl_required,1
P243,V17,vsl,O,vsl_required,1
P243,V17,vsl,B,vsl_required,1
P243,V18,vtc_premium,O,vsl_required,0
P243,V18,vtc_premium,B,vsl_required,0
P243,V19,vtc_premium,O,vsl_required,0
P243,V19,vtc_premium,B,vsl_required,0
P243,V20,vtc_premium,O,vsl_required,0
P243,V20,vtc_premium,B,vsl_required,0
P244,V1,taxi_conventionne,O,standard_assis,1
P244,V1,taxi_conventionne,B,standard_assis,1
P244,V2,taxi_conventionne,O,standard_assis,1
P244,V2,taxi_conventionne,B,standard_assis,1
P244,V3,taxi_conventionne,O,standard_assis,1
P244,V3,taxi_conventionne,B,standard_assis,1
P244,V4,taxi_conventionne,O,standard_assis,1
P244,V4,taxi_conventionne,B,standard_assis,1
P244,V5,taxi_conventionne,O,standard_assis,1
P244,V5,taxi_conventionne,B,standard_assis,1
P244,V6,taxi_conventionne,O,standard_assis,1
P244,V6,taxi_conventionne,B,standard_assis,1
P244,V7,taxi_conventionne,O,standard_assis,1
P244,V7,taxi_conventionne,B,standard_assis,1
P244,V8,taxi_conventionne,O,standard_assis,1
P244,V8,taxi_conventionne,B,standard_assis,1
P244,V9,taxi_conventionne,O,standard_assis,1
P244,V9,taxi_conventionne,B,standard_assis,1
P244,V10,taxi_conventionne,O,standard_assis,1
P244,V10,taxi_conventionne,B,standard_assis,1
P244,V11,vsl,O,standard_assis,1
P244,V11,vsl,B,standard_assis,1
P244,V12,vsl,O,standard_assis,1
P244,V12,vsl,B,standard_assis,1
P244,V13,vsl,O,standard_assis,1
P244,V13,vsl,B,standard_assis,1
P244,V14,vsl,O,standard_assis,1
P244,V14,vsl,B,standard_assis,1
P244,V15,vsl,O,standard_assis,1
P244,V15,vsl,B,standard_assis,1
P244,V16,vsl,O,standard_assis,1
P244,V16,vsl,B,standard_assis,1
P244,V17,vsl,O,standard_assis,1
P244,V17,vsl,B,standard_assis,1
P244,V18,vtc_premium,O,standard_assis,1
P244,V18,vtc_premium,B,standard_assis,1
P244,V19,vtc_premium,O,standard_assis,1
P244,V19,vtc_premium,B,standard_assis,1
P244,V20,vtc_premium,O,standard_assis,1
P244,V20,vtc_premium,B,standard_assis,1
P245,V1,taxi_conventionne,O,prescription_medicale,1
P245,V1,taxi_conventionne,B,prescription_medicale,1
P245,V2,taxi_conventionne,O,prescription_medicale,1
P245,V2,taxi_conventionne,B,prescription_medicale,1
P245,V3,taxi_conventionne,O,prescription_medicale,1
P245,V3,taxi_conventionne,B,prescription_medicale,1
P245,V4,taxi_conventionne,O,prescription_medicale,1
P245,V4,taxi_conventionne,B,prescription_medicale,1
P245,V5,taxi_conventionne,O,prescription_medicale,1
P245,V5,taxi_conventionne,B,prescription_medicale,1
P245,V6,taxi_conventionne,O,prescription_medicale,1
P245,V6,taxi_conventionne,B,prescription_medicale,1
P245,V7,taxi_conventionne,O,prescription_medicale,1
P245,V7,taxi_conventionne,B,prescription_medicale,1
P245,V8,taxi_conventionne,O,prescription_medicale,1
P245,V8,taxi_conventionne,B,prescription_medicale,1
P245,V9,taxi_conventionne,O,prescription_medicale,1
P245,V9,taxi_conventionne,B,prescription_medicale,1
P245,V10,taxi_conventionne,O,prescription_medicale,1
P245,V10,taxi_conventionne,B,prescription_medicale,1
P245,V11,vsl,O,prescription_medicale,1
P245,V11,vsl,B,prescription_medicale,1
P245,V12,vsl,O,prescription_medicale,1
P245,V12,vsl,B,prescription_medicale,1
P245,V13,vsl,O,prescription_medicale,1
P245,V13,vsl,B,prescription_medicale,1
P245,V14,vsl,O,prescription_medicale,1
P245,V14,vsl,B,prescription_medicale,1
P245,V15,vsl,O,prescription_medicale,1
P245,V15,vsl,B,prescription_medicale,1
P245,V16,vsl,O,prescription_medicale,1
P245,V16,vsl,B,prescription_medicale,1
P245,V17,vsl,O,prescription_medicale,1
P245,V17,vsl,B,prescription_medicale,1
P245,V18,vtc_premium,O,prescription_medicale,0
P245,V18,vtc_premium,B,prescription_medicale,0
P245,V19,vtc_premium,O,prescription_medicale,0
P245,V19,vtc_premium,B,prescription_medicale,0
P245,V20,vtc_premium,O,prescription_medicale,0
P245,V20,vtc_premium,B,prescription_medicale,0
P246,V1,taxi_conventionne,O,vsl_required,0
P246,V1,taxi_conventionne,B,vsl_required,0
P246,V2,taxi_conventionne,O,vsl_required,0
P246,V2,taxi_conventionne,B,vsl_required,0
P246,V3,taxi_conventionne,O,vsl_required,0
P246,V3,taxi_conventionne,B,vsl_required,0
P246,V4,taxi_conventionne,O,vsl_required,0
P246,V4,taxi_conventionne,B,vsl_required,0
P246,V5,taxi_conventionne,O,vsl_required,0
P246,V5,taxi_conventionne,B,vsl_required,0
P246,V6,taxi_conventionne,O,vsl_required,0
P246,V6,taxi_conventionne,B,vsl_required,0
P246,V7,taxi_conventionne,O,vsl_required,0
P246,V7,taxi_conventionne,B,vsl_required,0
P246,V8,taxi_conventionne,O,vsl_required,0
P246,V8,taxi_conventionne,B,vsl_required,0
P246,V9,taxi_conventionne,O,vsl_required,0
P246,V9,taxi_conventionne,B,vsl_required,0
P246,V10,taxi_conventionne,O,vsl_required,0
P246,V10,taxi_conventionne,B,vsl_required,0
P246,V11,vsl,O,vsl_required,1
P246,V11,vsl,B,vsl_required,1
P246,V12,vsl,O,vsl_required,1
P246,V12,vsl,B,vsl_required,1
P246,V13,vsl,O,vsl_required,1
P246,V13,vsl,B,vsl_required,1
P246,V14,vsl,O,vsl_required,1
P246,V14,vsl,B,vsl_required,1
P246,V15,vsl,O,vsl_required,1
P246,V15,vsl,B,vsl_required,1
P246,V16,vsl,O,vsl_required,1
P246,V16,vsl,B,vsl_required,1
P246,V17,vsl,O,vsl_required,1
P246,V17,vsl,B,vsl_required,1
P246,V18,vtc_premium,O,vsl_required,0
P246,V18,vtc_premium,B,vsl_required,0
P246,V19,vtc_premium,O,vsl_required,0
P246,V19,vtc_premium,B,vsl_required,0
P246,V20,vtc_premium,O,vsl_required,0
P246,V20,vtc_premium,B,vsl_required,0
P247,V1,taxi_conventionne,O,standard_assis,1
P247,V1,taxi_conventionne,B,standard_assis,1
P247,V2,taxi_conventionne,O,standard_assis,1
P247,V2,taxi_conventionne,B,standard_assis,1
P247,V3,taxi_conventionne,O,standard_assis,1
P247,V3,taxi_conventionne,B,standard_assis,1
P247,V4,taxi_conventionne,O,standard_assis,1
P247,V4,taxi_conventionne,B,standard_assis,1
P247,V5,taxi_conventionne,O,standard_assis,1
P247,V5,taxi_conventionne,B,standard_assis,1
P247,V6,taxi_conventionne,O,standard_assis,1
P247,V6,taxi_conventionne,B,standard_assis,1
P247,V7,taxi_conventionne,O,standard_assis,1
P247,V7,taxi_conventionne,B,standard_assis,1
P247,V8,taxi_conventionne,O,standard_assis,1
P247,V8,taxi_conventionne,B,standard_assis,1
P247,V9,taxi_conventionne,O,standard_assis,1
P247,V9,taxi_conventionne,B,standard_assis,1
P247,V10,taxi_conventionne,O,standard_assis,1
P247,V10,taxi_conventionne,B,standard_assis,1
P247,V11,vsl,O,standard_assis,1
P247,V11,vsl,B,standard_assis,1
P247,V12,vsl,O,standard_assis,1
P247,V12,vsl,B,standard_assis,1
P247,V13,vsl,O,standard_assis,1
P247,V13,vsl,B,standard_assis,1
P247,V14,vsl,O,standard_assis,1
P247,V14,vsl,B,standard_assis,1
P247,V15,vsl,O,standard_assis,1
P247,V15,vsl,B,standard_assis,1
P247,V16,vsl,O,standard_assis,1
P247,V16,vsl,B,standard_assis,1
P247,V17,vsl,O,standard_assis,1
P247,V17,vsl,B,standard_assis,1
P247,V18,vtc_premium,O,standard_assis,1
P247,V18,vtc_premium,B,standard_assis,1
P247,V19,vtc_premium,O,standard_assis,1
P247,V19,vtc_premium,B,standard_assis,1
P247,V20,vtc_premium,O,standard_assis,1
P247,V20,vtc_premium,B,standard_assis,1
P248,V1,taxi_conventionne,O,vsl_required,0
P248,V1,taxi_conventionne,B,vsl_required,0
P248,V2,taxi_conventionne,O,vsl_required,0
P248,V2,taxi_conventionne,B,vsl_required,0
P248,V3,taxi_conventionne,O,vsl_required,0
P248,V3,taxi_conventionne,B,vsl_required,0
P248,V4,taxi_conventionne,O,vsl_required,0
P248,V4,taxi_conventionne,B,vsl_required,0
P248,V5,taxi_conventionne,O,vsl_required,0
P248,V5,taxi_conventionne,B,vsl_required,0
P248,V6,taxi_conventionne,O,vsl_required,0
P248,V6,taxi_conventionne,B,vsl_required,0
P248,V7,taxi_conventionne,O,vsl_required,0
P248,V7,taxi_conventionne,B,vsl_required,0
P248,V8,taxi_conventionne,O,vsl_required,0
P248,V8,taxi_conventionne,B,vsl_required,0
P248,V9,taxi_conventionne,O,vsl_required,0
P248,V9,taxi_conventionne,B,vsl_required,0
P248,V10,taxi_conventionne,O,vsl_required,0
P248,V10,taxi_conventionne,B,vsl_required,0
P248,V11,vsl,O,vsl_required,1
P248,V11,vsl,B,vsl_required,1
P248,V12,vsl,O,vsl_required,1
P248,V12,vsl,B,vsl_required,1
P248,V13,vsl,O,vsl_required,1
P248,V13,vsl,B,vsl_required,1
P248,V14,vsl,O,vsl_required,1
P248,V14,vsl,B,vsl_required,1
P248,V15,vsl,O,vsl_required,1
P248,V15,vsl,B,vsl_required,1
P248,V16,vsl,O,vsl_required,1
P248,V16,vsl,B,vsl_required,1
P248,V17,vsl,O,vsl_required,1
P248,V17,vsl,B,vsl_required,1
P248,V18,vtc_premium,O,vsl_required,0
P248,V18,vtc_premium,B,vsl_required,0
P248,V19,vtc_premium,O,vsl_required,0
P248,V19,vtc_premium,B,vsl_required,0
P248,V20,vtc_premium,O,vsl_required,0
P248,V20,vtc_premium,B,vsl_required,0
P249,V1,taxi_conventionne,O,prescription_medicale,1
P249,V1,taxi_conventionne,B,prescription_medicale,1
P249,V2,taxi_conventionne,O,prescription_medicale,1
P249,V2,taxi_conventionne,B,prescription_medicale,1
P249,V3,taxi_conventionne,O,prescription_medicale,1
P249,V3,taxi_conventionne,B,prescription_medicale,1
P249,V4,taxi_conventionne,O,prescription_medicale,1
P249,V4,taxi_conventionne,B,prescription_medicale,1
P249,V5,taxi_conventionne,O,prescription_medicale,1
P249,V5,taxi_conventionne,B,prescription_medicale,1
P249,V6,taxi_conventionne,O,prescription_medicale,1
P249,V6,taxi_conventionne,B,prescription_medicale,1
P249,V7,taxi_conventionne,O,prescription_medicale,1
P249,V7,taxi_conventionne,B,prescription_medicale,1
P249,V8,taxi_conventionne,O,prescription_medicale,1
P249,V8,taxi_conventionne,B,prescription_medicale,1
P249,V9,taxi_conventionne,O,prescription_medicale,1
P249,V9,taxi_conventionne,B,prescription_medicale,1
P249,V10,taxi_conventionne,O,prescription_medicale,1
P249,V10,taxi_conventionne,B,prescription_medicale,1
P249,V11,vsl,O,prescription_medicale,1
P249,V11,vsl,B,prescription_medicale,1
P249,V12,vsl,O,prescription_medicale,1
P249,V12,vsl,B,prescription_medicale,1
P249,V13,vsl,O,prescription_medicale,1
P249,V13,vsl,B,prescription_medicale,1
P249,V14,vsl,O,prescription_medicale,1
P249,V14,vsl,B,prescription_medicale,1
P249,V15,vsl,O,prescription_medicale,1
P249,V15,vsl,B,prescription_medicale,1
P249,V16,vsl,O,prescription_medicale,1
P249,V16,vsl,B,prescription_medicale,1
P249,V17,vsl,O,prescription_medicale,1
P249,V17,vsl,B,prescription_medicale,1
P249,V18,vtc_premium,O,prescription_medicale,0
P249,V18,vtc_premium,B,prescription_medicale,0
P249,V19,vtc_premium,O,prescription_medicale,0
P249,V19,vtc_premium,B,prescription_medicale,0
P249,V20,vtc_premium,O,prescription_medicale,0
P249,V20,vtc_premium,B,prescription_medicale,0
P250,V1,taxi_conventionne,O,prescription_medicale,1
P250,V1,taxi_conventionne,B,prescription_medicale,1
P250,V2,taxi_conventionne,O,prescription_medicale,1
P250,V2,taxi_conventionne,B,prescription_medicale,1
P250,V3,taxi_conventionne,O,prescription_medicale,1
P250,V3,taxi_conventionne,B,prescription_medicale,1
P250,V4,taxi_conventionne,O,prescription_medicale,1
P250,V4,taxi_conventionne,B,prescription_medicale,1
P250,V5,taxi_conventionne,O,prescription_medicale,1
P250,V5,taxi_conventionne,B,prescription_medicale,1
P250,V6,taxi_conventionne,O,prescription_medicale,1
P250,V6,taxi_conventionne,B,prescription_medicale,1
P250,V7,taxi_conventionne,O,prescription_medicale,1
P250,V7,taxi_conventionne,B,prescription_medicale,1
P250,V8,taxi_conventionne,O,prescription_medicale,1
P250,V8,taxi_conventionne,B,prescription_medicale,1
P250,V9,taxi_conventionne,O,prescription_medicale,1
P250,V9,taxi_conventionne,B,prescription_medicale,1
P250,V10,taxi_conventionne,O,prescription_medicale,1
P250,V10,taxi_conventionne,B,prescription_medicale,1
P250,V11,vsl,O,prescription_medicale,1
P250,V11,vsl,B,prescription_medicale,1
P250,V12,vsl,O,prescription_medicale,1
P250,V12,vsl,B,prescription_medicale,1
P250,V13,vsl,O,prescription_medicale,1
P250,V13,vsl,B,prescription_medicale,1
P250,V14,vsl,O,prescription_medicale,1
P250,V14,vsl,B,prescription_medicale,1
P250,V15,vsl,O,prescription_medicale,1
P250,V15,vsl,B,prescription_medicale,1
P250,V16,vsl,O,prescription_medicale,1
P250,V16,vsl,B,prescription_medicale,1
P250,V17,vsl,O,prescription_medicale,1
P250,V17,vsl,B,prescription_medicale,1
P250,V18,vtc_premium,O,prescription_medicale,0
P250,V18,vtc_premium,B,prescription_medicale,0
P250,V19,vtc_premium,O,prescription_medicale,0
P250,V19,vtc_premium,B,prescription_medicale,0
P250,V20,vtc_premium,O,prescription_medicale,0
P250,V20,vtc_premium,B,prescription_medicale,0
P251,V1,taxi_conventionne,O,standard_assis,1
P251,V1,taxi_conventionne,B,standard_assis,1
P251,V2,taxi_conventionne,O,standard_assis,1
P251,V2,taxi_conventionne,B,standard_assis,1
P251,V3,taxi_conventionne,O,standard_assis,1
P251,V3,taxi_conventionne,B,standard_assis,1
P251,V4,taxi_conventionne,O,standard_assis,1
P251,V4,taxi_conventionne,B,standard_assis,1
P251,V5,taxi_conventionne,O,standard_assis,1
P251,V5,taxi_conventionne,B,standard_assis,1
P251,V6,taxi_conventionne,O,standard_assis,1
P251,V6,taxi_conventionne,B,standard_assis,1
P251,V7,taxi_conventionne,O,standard_assis,1
P251,V7,taxi_conventionne,B,standard_assis,1
P251,V8,taxi_conventionne,O,standard_assis,1
P251,V8,taxi_conventionne,B,standard_assis,1
P251,V9,taxi_conventionne,O,standard_assis,1
P251,V9,taxi_conventionne,B,standard_assis,1
P251,V10,taxi_conventionne,O,standard_assis,1
P251,V10,taxi_conventionne,B,standard_assis,1
P251,V11,vsl,O,standard_assis,1
P251,V11,vsl,B,standard_assis,1
P251,V12,vsl,O,standard_assis,1
P251,V12,vsl,B,standard_assis,1
P251,V13,vsl,O,standard_assis,1
P251,V13,vsl,B,standard_assis,1
P251,V14,vsl,O,standard_assis,1
P251,V14,vsl,B,standard_assis,1
P251,V15,vsl,O,standard_assis,1
P251,V15,vsl,B,standard_assis,1
P251,V16,vsl,O,standard_assis,1
P251,V16,vsl,B,standard_assis,1
P251,V17,vsl,O,standard_assis,1
P251,V17,vsl,B,standard_assis,1
P251,V18,vtc_premium,O,standard_assis,1
P251,V18,vtc_premium,B,standard_assis,1
P251,V19,vtc_premium,O,standard_assis,1
P251,V19,vtc_premium,B,standard_assis,1
P251,V20,vtc_premium,O,standard_assis,1
P251,V20,vtc_premium,B,standard_assis,1
P252,V1,taxi_conventionne,O,prescription_medicale,1
P252,V1,taxi_conventionne,B,prescription_medicale,1
P252,V2,taxi_conventionne,O,prescription_medicale,1
P252,V2,taxi_conventionne,B,prescription_medicale,1
P252,V3,taxi_conventionne,O,prescription_medicale,1
P252,V3,taxi_conventionne,B,prescription_medicale,1
P252,V4,taxi_conventionne,O,prescription_medicale,1
P252,V4,taxi_conventionne,B,prescription_medicale,1
P252,V5,taxi_conventionne,O,prescription_medicale,1
P252,V5,taxi_conventionne,B,prescription_medicale,1
P252,V6,taxi_conventionne,O,prescription_medicale,1
P252,V6,taxi_conventionne,B,prescription_medicale,1
P252,V7,taxi_conventionne,O,prescription_medicale,1
P252,V7,taxi_conventionne,B,prescription_medicale,1
P252,V8,taxi_conventionne,O,prescription_medicale,1
P252,V8,taxi_conventionne,B,prescription_medicale,1
P252,V9,taxi_conventionne,O,prescription_medicale,1
P252,V9,taxi_conventionne,B,prescription_medicale,1
P252,V10,taxi_conventionne,O,prescription_medicale,1
P252,V10,taxi_conventionne,B,prescription_medicale,1
P252,V11,vsl,O,prescription_medicale,1
P252,V11,vsl,B,prescription_medicale,1
P252,V12,vsl,O,prescription_medicale,1
P252,V12,vsl,B,prescription_medicale,1
P252,V13,vsl,O,prescription_medicale,1
P252,V13,vsl,B,prescription_medicale,1
P252,V14,vsl,O,prescription_medicale,1
P252,V14,vsl,B,prescription_medicale,1
P252,V15,vsl,O,prescription_medicale,1
P252,V15,vsl,B,prescription_medicale,1
P252,V16,vsl,O,prescription_medicale,1
P252,V16,vsl,B,prescription_medicale,1
P252,V17,vsl,O,prescription_medicale,1
P252,V17,vsl,B,prescription_medicale,1
P252,V18,vtc_premium,O,prescription_medicale,0
P252,V18,vtc_premium,B,prescription_medicale,0
P252,V19,vtc_premium,O,prescription_medicale,0
P252,V19,vtc_premium,B,prescription_medicale,0
P252,V20,vtc_premium,O,prescription_medicale,0
P252,V20,vtc_premium,B,prescription_medicale,0
P253,V1,taxi_conventionne,O,vsl_required,0
P253,V1,taxi_conventionne,B,vsl_required,0
P253,V2,taxi_conventionne,O,vsl_required,0
P253,V2,taxi_conventionne,B,vsl_required,0
P253,V3,taxi_conventionne,O,vsl_required,0
P253,V3,taxi_conventionne,B,vsl_required,0
P253,V4,taxi_conventionne,O,vsl_required,0
P253,V4,taxi_conventionne,B,vsl_required,0
P253,V5,taxi_conventionne,O,vsl_required,0
P253,V5,taxi_conventionne,B,vsl_required,0
P253,V6,taxi_conventionne,O,vsl_required,0
P253,V6,taxi_conventionne,B,vsl_required,0
P253,V7,taxi_conventionne,O,vsl_required,0
P253,V7,taxi_conventionne,B,vsl_required,0
P253,V8,taxi_conventionne,O,vsl_required,0
P253,V8,taxi_conventionne,B,vsl_required,0
P253,V9,taxi_conventionne,O,vsl_required,0
P253,V9,taxi_conventionne,B,vsl_required,0
P253,V10,taxi_conventionne,O,vsl_required,0
P253,V10,taxi_conventionne,B,vsl_required,0
P253,V11,vsl,O,vsl_required,1
P253,V11,vsl,B,vsl_required,1
P253,V12,vsl,O,vsl_required,1
P253,V12,vsl,B,vsl_required,1
P253,V13,vsl,O,vsl_required,1
P253,V13,vsl,B,vsl_required,1
P253,V14,vsl,O,vsl_required,1
P253,V14,vsl,B,vsl_required,1
P253,V15,vsl,O,vsl_required,1
P253,V15,vsl,B,vsl_required,1
P253,V16,vsl,O,vsl_required,1
P253,V16,vsl,B,vsl_required,1
P253,V17,vsl,O,vsl_required,1
P253,V17,vsl,B,vsl_required,1
P253,V18,vtc_premium,O,vsl_required,0
P253,V18,vtc_premium,B,vsl_required,0
P253,V19,vtc_premium,O,vsl_required,0
P253,V19,vtc_premium,B,vsl_required,0
P253,V20,vtc_premium,O,vsl_required,0
P253,V20,vtc_premium,B,vsl_required,0
P254,V1,taxi_conventionne,O,vsl_required,0
P254,V1,taxi_conventionne,B,vsl_required,0
P254,V2,taxi_conventionne,O,vsl_required,0
P254,V2,taxi_conventionne,B,vsl_required,0
P254,V3,taxi_conventionne,O,vsl_required,0
P254,V3,taxi_conventionne,B,vsl_required,0
P254,V4,taxi_conventionne,O,vsl_required,0
P254,V4,taxi_conventionne,B,vsl_required,0
P254,V5,taxi_conventionne,O,vsl_required,0
P254,V5,taxi_conventionne,B,vsl_required,0
P254,V6,taxi_conventionne,O,vsl_required,0
P254,V6,taxi_conventionne,B,vsl_required,0
P254,V7,taxi_conventionne,O,vsl_required,0
P254,V7,taxi_conventionne,B,vsl_required,0
P254,V8,taxi_conventionne,O,vsl_required,0
P254,V8,taxi_conventionne,B,vsl_required,0
P254,V9,taxi_conventionne,O,vsl_required,0
P254,V9,taxi_conventionne,B,vsl_required,0
P254,V10,taxi_conventionne,O,vsl_required,0
P254,V10,taxi_conventionne,B,vsl_required,0
P254,V11,vsl,O,vsl_required,1
P254,V11,vsl,B,vsl_required,1
P254,V12,vsl,O,vsl_required,1
P254,V12,vsl,B,vsl_required,1
P254,V13,vsl,O,vsl_required,1
P254,V13,vsl,B,vsl_required,1
P254,V14,vsl,O,vsl_required,1
P254,V14,vsl,B,vsl_required,1
P254,V15,vsl,O,vsl_required,1
P254,V15,vsl,B,vsl_required,1
P254,V16,vsl,O,vsl_required,1
P254,V16,vsl,B,vsl_required,1
P254,V17,vsl,O,vsl_required,1
P254,V17,vsl,B,vsl_required,1
P254,V18,vtc_premium,O,vsl_required,0
P254,V18,vtc_premium,B,vsl_required,0
P254,V19,vtc_premium,O,vsl_required,0
P254,V19,vtc_premium,B,vsl_required,0
P254,V20,vtc_premium,O,vsl_required,0
P254,V20,vtc_premium,B,vsl_required,0
P255,V1,taxi_conventionne,O,standard_assis,1
P255,V1,taxi_conventionne,B,standard_assis,1
P255,V2,taxi_conventionne,O,standard_assis,1
P255,V2,taxi_conventionne,B,standard_assis,1
P255,V3,taxi_conventionne,O,standard_assis,1
P255,V3,taxi_conventionne,B,standard_assis,1
P255,V4,taxi_conventionne,O,standard_assis,1
P255,V4,taxi_conventionne,B,standard_assis,1
P255,V5,taxi_conventionne,O,standard_assis,1
P255,V5,taxi_conventionne,B,standard_assis,1
P255,V6,taxi_conventionne,O,standard_assis,1
P255,V6,taxi_conventionne,B,standard_assis,1
P255,V7,taxi_conventionne,O,standard_assis,1
P255,V7,taxi_conventionne,B,standard_assis,1
P255,V8,taxi_conventionne,O,standard_assis,1
P255,V8,taxi_conventionne,B,standard_assis,1
P255,V9,taxi_conventionne,O,standard_assis,1
P255,V9,taxi_conventionne,B,standard_assis,1
P255,V10,taxi_conventionne,O,standard_assis,1
P255,V10,taxi_conventionne,B,standard_assis,1
P255,V11,vsl,O,standard_assis,1
P255,V11,vsl,B,standard_assis,1
P255,V12,vsl,O,standard_assis,1
P255,V12,vsl,B,standard_assis,1
P255,V13,vsl,O,standard_assis,1
P255,V13,vsl,B,standard_assis,1
P255,V14,vsl,O,standard_assis,1
P255,V14,vsl,B,standard_assis,1
P255,V15,vsl,O,standard_assis,1
P255,V15,vsl,B,standard_assis,1
P255,V16,vsl,O,standard_assis,1
P255,V16,vsl,B,standard_assis,1
P255,V17,vsl,O,standard_assis,1
P255,V17,vsl,B,standard_assis,1
P255,V18,vtc_premium,O,standard_assis,1
P255,V18,vtc_premium,B,standard_assis,1
P255,V19,vtc_premium,O,standard_assis,1
P255,V19,vtc_premium,B,standard_assis,1
P255,V20,vtc_premium,O,standard_assis,1
P255,V20,vtc_premium,B,standard_assis,1
P256,V1,taxi_conventionne,O,premium,1
P256,V1,taxi_conventionne,B,premium,1
P256,V2,taxi_conventionne,O,premium,1
P256,V2,taxi_conventionne,B,premium,1
P256,V3,taxi_conventionne,O,premium,1
P256,V3,taxi_conventionne,B,premium,1
P256,V4,taxi_conventionne,O,premium,1
P256,V4,taxi_conventionne,B,premium,1
P256,V5,taxi_conventionne,O,premium,1
P256,V5,taxi_conventionne,B,premium,1
P256,V6,taxi_conventionne,O,premium,1
P256,V6,taxi_conventionne,B,premium,1
P256,V7,taxi_conventionne,O,premium,1
P256,V7,taxi_conventionne,B,premium,1
P256,V8,taxi_conventionne,O,premium,1
P256,V8,taxi_conventionne,B,premium,1
P256,V9,taxi_conventionne,O,premium,1
P256,V9,taxi_conventionne,B,premium,1
P256,V10,taxi_conventionne,O,premium,1
P256,V10,taxi_conventionne,B,premium,1
P256,V11,vsl,O,premium,0
P256,V11,vsl,B,premium,0
P256,V12,vsl,O,premium,0
P256,V12,vsl,B,premium,0
P256,V13,vsl,O,premium,0
P256,V13,vsl,B,premium,0
P256,V14,vsl,O,premium,0
P256,V14,vsl,B,premium,0
P256,V15,vsl,O,premium,0
P256,V15,vsl,B,premium,0
P256,V16,vsl,O,premium,0
P256,V16,vsl,B,premium,0
P256,V17,vsl,O,premium,0
P256,V17,vsl,B,premium,0
P256,V18,vtc_premium,O,premium,1
P256,V18,vtc_premium,B,premium,1
P256,V19,vtc_premium,O,premium,1
P256,V19,vtc_premium,B,premium,1
P256,V20,vtc_premium,O,premium,1
P256,V20,vtc_premium,B,premium,1
P257,V1,taxi_conventionne,O,standard_assis,1
P257,V1,taxi_conventionne,B,standard_assis,1
P257,V2,taxi_conventionne,O,standard_assis,1
P257,V2,taxi_conventionne,B,standard_assis,1
P257,V3,taxi_conventionne,O,standard_assis,1
P257,V3,taxi_conventionne,B,standard_assis,1
P257,V4,taxi_conventionne,O,standard_assis,1
P257,V4,taxi_conventionne,B,standard_assis,1
P257,V5,taxi_conventionne,O,standard_assis,1
P257,V5,taxi_conventionne,B,standard_assis,1
P257,V6,taxi_conventionne,O,standard_assis,1
P257,V6,taxi_conventionne,B,standard_assis,1
P257,V7,taxi_conventionne,O,standard_assis,1
P257,V7,taxi_conventionne,B,standard_assis,1
P257,V8,taxi_conventionne,O,standard_assis,1
P257,V8,taxi_conventionne,B,standard_assis,1
P257,V9,taxi_conventionne,O,standard_assis,1
P257,V9,taxi_conventionne,B,standard_assis,1
P257,V10,taxi_conventionne,O,standard_assis,1
P257,V10,taxi_conventionne,B,standard_assis,1
P257,V11,vsl,O,standard_assis,1
P257,V11,vsl,B,standard_assis,1
P257,V12,vsl,O,standard_assis,1
P257,V12,vsl,B,standard_assis,1
P257,V13,vsl,O,standard_assis,1
P257,V13,vsl,B,standard_assis,1
P257,V14,vsl,O,standard_assis,1
P257,V14,vsl,B,standard_assis,1
P257,V15,vsl,O,standard_assis,1
P257,V15,vsl,B,standard_assis,1
P257,V16,vsl,O,standard_assis,1
P257,V16,vsl,B,standard_assis,1
P257,V17,vsl,O,standard_assis,1
P257,V17,vsl,B,standard_assis,1
P257,V18,vtc_premium,O,standard_assis,1
P257,V18,vtc_premium,B,standard_assis,1
P257,V19,vtc_premium,O,standard_assis,1
P257,V19,vtc_premium,B,standard_assis,1
P257,V20,vtc_premium,O,standard_assis,1
P257,V20,vtc_premium,B,standard_assis,1
P258,V1,taxi_conventionne,O,vsl_required,0
P258,V1,taxi_conventionne,B,vsl_required,0
P258,V2,taxi_conventionne,O,vsl_required,0
P258,V2,taxi_conventionne,B,vsl_required,0
P258,V3,taxi_conventionne,O,vsl_required,0
P258,V3,taxi_conventionne,B,vsl_required,0
P258,V4,taxi_conventionne,O,vsl_required,0
P258,V4,taxi_conventionne,B,vsl_required,0
P258,V5,taxi_conventionne,O,vsl_required,0
P258,V5,taxi_conventionne,B,vsl_required,0
P258,V6,taxi_conventionne,O,vsl_required,0
P258,V6,taxi_conventionne,B,vsl_required,0
P258,V7,taxi_conventionne,O,vsl_required,0
P258,V7,taxi_conventionne,B,vsl_required,0
P258,V8,taxi_conventionne,O,vsl_required,0
P258,V8,taxi_conventionne,B,vsl_required,0
P258,V9,taxi_conventionne,O,vsl_required,0
P258,V9,taxi_conventionne,B,vsl_required,0
P258,V10,taxi_conventionne,O,vsl_required,0
P258,V10,taxi_conventionne,B,vsl_required,0
P258,V11,vsl,O,vsl_required,1
P258,V11,vsl,B,vsl_required,1
P258,V12,vsl,O,vsl_required,1
P258,V12,vsl,B,vsl_required,1
P258,V13,vsl,O,vsl_required,1
P258,V13,vsl,B,vsl_required,1
P258,V14,vsl,O,vsl_required,1
P258,V14,vsl,B,vsl_required,1
P258,V15,vsl,O,vsl_required,1
P258,V15,vsl,B,vsl_required,1
P258,V16,vsl,O,vsl_required,1
P258,V16,vsl,B,vsl_required,1
P258,V17,vsl,O,vsl_required,1
P258,V17,vsl,B,vsl_required,1
P258,V18,vtc_premium,O,vsl_required,0
P258,V18,vtc_premium,B,vsl_required,0
P258,V19,vtc_premium,O,vsl_required,0
P258,V19,vtc_premium,B,vsl_required,0
P258,V20,vtc_premium,O,vsl_required,0
P258,V20,vtc_premium,B,vsl_required,0
P259,V1,taxi_conventionne,O,standard_assis,1
P259,V1,taxi_conventionne,B,standard_assis,1
P259,V2,taxi_conventionne,O,standard_assis,1
P259,V2,taxi_conventionne,B,standard_assis,1
P259,V3,taxi_conventionne,O,standard_assis,1
P259,V3,taxi_conventionne,B,standard_assis,1
P259,V4,taxi_conventionne,O,standard_assis,1
P259,V4,taxi_conventionne,B,standard_assis,1
P259,V5,taxi_conventionne,O,standard_assis,1
P259,V5,taxi_conventionne,B,standard_assis,1
P259,V6,taxi_conventionne,O,standard_assis,1
P259,V6,taxi_conventionne,B,standard_assis,1
P259,V7,taxi_conventionne,O,standard_assis,1
P259,V7,taxi_conventionne,B,standard_assis,1
P259,V8,taxi_conventionne,O,standard_assis,1
P259,V8,taxi_conventionne,B,standard_assis,1
P259,V9,taxi_conventionne,O,standard_assis,1
P259,V9,taxi_conventionne,B,standard_assis,1
P259,V10,taxi_conventionne,O,standard_assis,1
P259,V10,taxi_conventionne,B,standard_assis,1
P259,V11,vsl,O,standard_assis,1
P259,V11,vsl,B,standard_assis,1
P259,V12,vsl,O,standard_assis,1
P259,V12,vsl,B,standard_assis,1
P259,V13,vsl,O,standard_assis,1
P259,V13,vsl,B,standard_assis,1
P259,V14,vsl,O,standard_assis,1
P259,V14,vsl,B,standard_assis,1
P259,V15,vsl,O,standard_assis,1
P259,V15,vsl,B,standard_assis,1
P259,V16,vsl,O,standard_assis,1
P259,V16,vsl,B,standard_assis,1
P259,V17,vsl,O,standard_assis,1
P259,V17,vsl,B,standard_assis,1
P259,V18,vtc_premium,O,standard_assis,1
P259,V18,vtc_premium,B,standard_assis,1
P259,V19,vtc_premium,O,standard_assis,1
P259,V19,vtc_premium,B,standard_assis,1
P259,V20,vtc_premium,O,standard_assis,1
P259,V20,vtc_premium,B,standard_assis,1
P260,V1,taxi_conventionne,O,vsl_required,0
P260,V1,taxi_conventionne,B,vsl_required,0
P260,V2,taxi_conventionne,O,vsl_required,0
P260,V2,taxi_conventionne,B,vsl_required,0
P260,V3,taxi_conventionne,O,vsl_required,0
P260,V3,taxi_conventionne,B,vsl_required,0
P260,V4,taxi_conventionne,O,vsl_required,0
P260,V4,taxi_conventionne,B,vsl_required,0
P260,V5,taxi_conventionne,O,vsl_required,0
P260,V5,taxi_conventionne,B,vsl_required,0
P260,V6,taxi_conventionne,O,vsl_required,0
P260,V6,taxi_conventionne,B,vsl_required,0
P260,V7,taxi_conventionne,O,vsl_required,0
P260,V7,taxi_conventionne,B,vsl_required,0
P260,V8,taxi_conventionne,O,vsl_required,0
P260,V8,taxi_conventionne,B,vsl_required,0
P260,V9,taxi_conventionne,O,vsl_required,0
P260,V9,taxi_conventionne,B,vsl_required,0
P260,V10,taxi_conventionne,O,vsl_required,0
P260,V10,taxi_conventionne,B,vsl_required,0
P260,V11,vsl,O,vsl_required,1
P260,V11,vsl,B,vsl_required,1
P260,V12,vsl,O,vsl_required,1
P260,V12,vsl,B,vsl_required,1
P260,V13,vsl,O,vsl_required,1
P260,V13,vsl,B,vsl_required,1
P260,V14,vsl,O,vsl_required,1
P260,V14,vsl,B,vsl_required,1
P260,V15,vsl,O,vsl_required,1
P260,V15,vsl,B,vsl_required,1
P260,V16,vsl,O,vsl_required,1
P260,V16,vsl,B,vsl_required,1
P260,V17,vsl,O,vsl_required,1
P260,V17,vsl,B,vsl_required,1
P260,V18,vtc_premium,O,vsl_required,0
P260,V18,vtc_premium,B,vsl_required,0
P260,V19,vtc_premium,O,vsl_required,0
P260,V19,vtc_premium,B,vsl_required,0
P260,V20,vtc_premium,O,vsl_required,0
P260,V20,vtc_premium,B,vsl_required,0
P261,V1,taxi_conventionne,O,standard_assis,1
P261,V1,taxi_conventionne,B,standard_assis,1
P261,V2,taxi_conventionne,O,standard_assis,1
P261,V2,taxi_conventionne,B,standard_assis,1
P261,V3,taxi_conventionne,O,standard_assis,1
P261,V3,taxi_conventionne,B,standard_assis,1
P261,V4,taxi_conventionne,O,standard_assis,1
P261,V4,taxi_conventionne,B,standard_assis,1
P261,V5,taxi_conventionne,O,standard_assis,1
P261,V5,taxi_conventionne,B,standard_assis,1
P261,V6,taxi_conventionne,O,standard_assis,1
P261,V6,taxi_conventionne,B,standard_assis,1
P261,V7,taxi_conventionne,O,standard_assis,1
P261,V7,taxi_conventionne,B,standard_assis,1
P261,V8,taxi_conventionne,O,standard_assis,1
P261,V8,taxi_conventionne,B,standard_assis,1
P261,V9,taxi_conventionne,O,standard_assis,1
P261,V9,taxi_conventionne,B,standard_assis,1
P261,V10,taxi_conventionne,O,standard_assis,1
P261,V10,taxi_conventionne,B,standard_assis,1
P261,V11,vsl,O,standard_assis,1
P261,V11,vsl,B,standard_assis,1
P261,V12,vsl,O,standard_assis,1
P261,V12,vsl,B,standard_assis,1
P261,V13,vsl,O,standard_assis,1
P261,V13,vsl,B,standard_assis,1
P261,V14,vsl,O,standard_assis,1
P261,V14,vsl,B,standard_assis,1
P261,V15,vsl,O,standard_assis,1
P261,V15,vsl,B,standard_assis,1
P261,V16,vsl,O,standard_assis,1
P261,V16,vsl,B,standard_assis,1
P261,V17,vsl,O,standard_assis,1
P261,V17,vsl,B,standard_assis,1
P261,V18,vtc_premium,O,standard_assis,1
P261,V18,vtc_premium,B,standard_assis,1
P261,V19,vtc_premium,O,standard_assis,1
P261,V19,vtc_premium,B,standard_assis,1
P261,V20,vtc_premium,O,standard_assis,1
P261,V20,vtc_premium,B,standard_assis,1
P262,V1,taxi_conventionne,O,prescription_medicale,1
P262,V1,taxi_conventionne,B,prescription_medicale,1
P262,V2,taxi_conventionne,O,prescription_medicale,1
P262,V2,taxi_conventionne,B,prescription_medicale,1
P262,V3,taxi_conventionne,O,prescription_medicale,1
P262,V3,taxi_conventionne,B,prescription_medicale,1
P262,V4,taxi_conventionne,O,prescription_medicale,1
P262,V4,taxi_conventionne,B,prescription_medicale,1
P262,V5,taxi_conventionne,O,prescription_medicale,1
P262,V5,taxi_conventionne,B,prescription_medicale,1
P262,V6,taxi_conventionne,O,prescription_medicale,1
P262,V6,taxi_conventionne,B,prescription_medicale,1
P262,V7,taxi_conventionne,O,prescription_medicale,1
P262,V7,taxi_conventionne,B,prescription_medicale,1
P262,V8,taxi_conventionne,O,prescription_medicale,1
P262,V8,taxi_conventionne,B,prescription_medicale,1
P262,V9,taxi_conventionne,O,prescription_medicale,1
P262,V9,taxi_conventionne,B,prescription_medicale,1
P262,V10,taxi_conventionne,O,prescription_medicale,1
P262,V10,taxi_conventionne,B,prescription_medicale,1
P262,V11,vsl,O,prescription_medicale,1
P262,V11,vsl,B,prescription_medicale,1
P262,V12,vsl,O,prescription_medicale,1
P262,V12,vsl,B,prescription_medicale,1
P262,V13,vsl,O,prescription_medicale,1
P262,V13,vsl,B,prescription_medicale,1
P262,V14,vsl,O,prescription_medicale,1
P262,V14,vsl,B,prescription_medicale,1
P262,V15,vsl,O,prescription_medicale,1
P262,V15,vsl,B,prescription_medicale,1
P262,V16,vsl,O,prescription_medicale,1
P262,V16,vsl,B,prescription_medicale,1
P262,V17,vsl,O,prescription_medicale,1
P262,V17,vsl,B,prescription_medicale,1
P262,V18,vtc_premium,O,prescription_medicale,0
P262,V18,vtc_premium,B,prescription_medicale,0
P262,V19,vtc_premium,O,prescription_medicale,0
P262,V19,vtc_premium,B,prescription_medicale,0
P262,V20,vtc_premium,O,prescription_medicale,0
P262,V20,vtc_premium,B,prescription_medicale,0
P263,V1,taxi_conventionne,O,prescription_medicale,1
P263,V1,taxi_conventionne,B,prescription_medicale,1
P263,V2,taxi_conventionne,O,prescription_medicale,1
P263,V2,taxi_conventionne,B,prescription_medicale,1
P263,V3,taxi_conventionne,O,prescription_medicale,1
P263,V3,taxi_conventionne,B,prescription_medicale,1
P263,V4,taxi_conventionne,O,prescription_medicale,1
P263,V4,taxi_conventionne,B,prescription_medicale,1
P263,V5,taxi_conventionne,O,prescription_medicale,1
P263,V5,taxi_conventionne,B,prescription_medicale,1
P263,V6,taxi_conventionne,O,prescription_medicale,1
P263,V6,taxi_conventionne,B,prescription_medicale,1
P263,V7,taxi_conventionne,O,prescription_medicale,1
P263,V7,taxi_conventionne,B,prescription_medicale,1
P263,V8,taxi_conventionne,O,prescription_medicale,1
P263,V8,taxi_conventionne,B,prescription_medicale,1
P263,V9,taxi_conventionne,O,prescription_medicale,1
P263,V9,taxi_conventionne,B,prescription_medicale,1
P263,V10,taxi_conventionne,O,prescription_medicale,1
P263,V10,taxi_conventionne,B,prescription_medicale,1
P263,V11,vsl,O,prescription_medicale,1
P263,V11,vsl,B,prescription_medicale,1
P263,V12,vsl,O,prescription_medicale,1
P263,V12,vsl,B,prescription_medicale,1
P263,V13,vsl,O,prescription_medicale,1
P263,V13,vsl,B,prescription_medicale,1
P263,V14,vsl,O,prescription_medicale,1
P263,V14,vsl,B,prescription_medicale,1
P263,V15,vsl,O,prescription_medicale,1
P263,V15,vsl,B,prescription_medicale,1
P263,V16,vsl,O,prescription_medicale,1
P263,V16,vsl,B,prescription_medicale,1
P263,V17,vsl,O,prescription_medicale,1
P263,V17,vsl,B,prescription_medicale,1
P263,V18,vtc_premium,O,prescription_medicale,0
P263,V18,vtc_premium,B,prescription_medicale,0
P263,V19,vtc_premium,O,prescription_medicale,0
P263,V19,vtc_premium,B,prescription_medicale,0
P263,V20,vtc_premium,O,prescription_medicale,0
P263,V20,vtc_premium,B,prescription_medicale,0
P264,V1,taxi_conventionne,O,vsl_required,0
P264,V1,taxi_conventionne,B,vsl_required,0
P264,V2,taxi_conventionne,O,vsl_required,0
P264,V2,taxi_conventionne,B,vsl_required,0
P264,V3,taxi_conventionne,O,vsl_required,0
P264,V3,taxi_conventionne,B,vsl_required,0
P264,V4,taxi_conventionne,O,vsl_required,0
P264,V4,taxi_conventionne,B,vsl_required,0
P264,V5,taxi_conventionne,O,vsl_required,0
P264,V5,taxi_conventionne,B,vsl_required,0
P264,V6,taxi_conventionne,O,vsl_required,0
P264,V6,taxi_conventionne,B,vsl_required,0
P264,V7,taxi_conventionne,O,vsl_required,0
P264,V7,taxi_conventionne,B,vsl_required,0
P264,V8,taxi_conventionne,O,vsl_required,0
P264,V8,taxi_conventionne,B,vsl_required,0
P264,V9,taxi_conventionne,O,vsl_required,0
P264,V9,taxi_conventionne,B,vsl_required,0
P264,V10,taxi_conventionne,O,vsl_required,0
P264,V10,taxi_conventionne,B,vsl_required,0
P264,V11,vsl,O,vsl_required,1
P264,V11,vsl,B,vsl_required,1
P264,V12,vsl,O,vsl_required,1
P264,V12,vsl,B,vsl_required,1
P264,V13,vsl,O,vsl_required,1
P264,V13,vsl,B,vsl_required,1
P264,V14,vsl,O,vsl_required,1
P264,V14,vsl,B,vsl_required,1
P264,V15,vsl,O,vsl_required,1
P264,V15,vsl,B,vsl_required,1
P264,V16,vsl,O,vsl_required,1
P264,V16,vsl,B,vsl_required,1
P264,V17,vsl,O,vsl_required,1
P264,V17,vsl,B,vsl_required,1
P264,V18,vtc_premium,O,vsl_required,0
P264,V18,vtc_premium,B,vsl_required,0
P264,V19,vtc_premium,O,vsl_required,0
P264,V19,vtc_premium,B,vsl_required,0
P264,V20,vtc_premium,O,vsl_required,0
P264,V20,vtc_premium,B,vsl_required,0
P265,V1,taxi_conventionne,O,vsl_required,0
P265,V1,taxi_conventionne,B,vsl_required,0
P265,V2,taxi_conventionne,O,vsl_required,0
P265,V2,taxi_conventionne,B,vsl_required,0
P265,V3,taxi_conventionne,O,vsl_required,0
P265,V3,taxi_conventionne,B,vsl_required,0
P265,V4,taxi_conventionne,O,vsl_required,0
P265,V4,taxi_conventionne,B,vsl_required,0
P265,V5,taxi_conventionne,O,vsl_required,0
P265,V5,taxi_conventionne,B,vsl_required,0
P265,V6,taxi_conventionne,O,vsl_required,0
P265,V6,taxi_conventionne,B,vsl_required,0
P265,V7,taxi_conventionne,O,vsl_required,0
P265,V7,taxi_conventionne,B,vsl_required,0
P265,V8,taxi_conventionne,O,vsl_required,0
P265,V8,taxi_conventionne,B,vsl_required,0
P265,V9,taxi_conventionne,O,vsl_required,0
P265,V9,taxi_conventionne,B,vsl_required,0
P265,V10,taxi_conventionne,O,vsl_required,0
P265,V10,taxi_conventionne,B,vsl_required,0
P265,V11,vsl,O,vsl_required,1
P265,V11,vsl,B,vsl_required,1
P265,V12,vsl,O,vsl_required,1
P265,V12,vsl,B,vsl_required,1
P265,V13,vsl,O,vsl_required,1
P265,V13,vsl,B,vsl_required,1
P265,V14,vsl,O,vsl_required,1
P265,V14,vsl,B,vsl_required,1
P265,V15,vsl,O,vsl_required,1
P265,V15,vsl,B,vsl_required,1
P265,V16,vsl,O,vsl_required,1
P265,V16,vsl,B,vsl_required,1
P265,V17,vsl,O,vsl_required,1
P265,V17,vsl,B,vsl_required,1
P265,V18,vtc_premium,O,vsl_required,0
P265,V18,vtc_premium,B,vsl_required,0
P265,V19,vtc_premium,O,vsl_required,0
P265,V19,vtc_premium,B,vsl_required,0
P265,V20,vtc_premium,O,vsl_required,0
P265,V20,vtc_premium,B,vsl_required,0
P266,V1,taxi_conventionne,O,vsl_required,0
P266,V1,taxi_conventionne,B,vsl_required,0
P266,V2,taxi_conventionne,O,vsl_required,0
P266,V2,taxi_conventionne,B,vsl_required,0
P266,V3,taxi_conventionne,O,vsl_required,0
P266,V3,taxi_conventionne,B,vsl_required,0
P266,V4,taxi_conventionne,O,vsl_required,0
P266,V4,taxi_conventionne,B,vsl_required,0
P266,V5,taxi_conventionne,O,vsl_required,0
P266,V5,taxi_conventionne,B,vsl_required,0
P266,V6,taxi_conventionne,O,vsl_required,0
P266,V6,taxi_conventionne,B,vsl_required,0
P266,V7,taxi_conventionne,O,vsl_required,0
P266,V7,taxi_conventionne,B,vsl_required,0
P266,V8,taxi_conventionne,O,vsl_required,0
P266,V8,taxi_conventionne,B,vsl_required,0
P266,V9,taxi_conventionne,O,vsl_required,0
P266,V9,taxi_conventionne,B,vsl_required,0
P266,V10,taxi_conventionne,O,vsl_required,0
P266,V10,taxi_conventionne,B,vsl_required,0
P266,V11,vsl,O,vsl_required,1
P266,V11,vsl,B,vsl_required,1
P266,V12,vsl,O,vsl_required,1
P266,V12,vsl,B,vsl_required,1
P266,V13,vsl,O,vsl_required,1
P266,V13,vsl,B,vsl_required,1
P266,V14,vsl,O,vsl_required,1
P266,V14,vsl,B,vsl_required,1
P266,V15,vsl,O,vsl_required,1
P266,V15,vsl,B,vsl_required,1
P266,V16,vsl,O,vsl_required,1
P266,V16,vsl,B,vsl_required,1
P266,V17,vsl,O,vsl_required,1
P266,V17,vsl,B,vsl_required,1
P266,V18,vtc_premium,O,vsl_required,0
P266,V18,vtc_premium,B,vsl_required,0
P266,V19,vtc_premium,O,vsl_required,0
P266,V19,vtc_premium,B,vsl_required,0
P266,V20,vtc_premium,O,vsl_required,0
P266,V20,vtc_premium,B,vsl_required,0
P267,V1,taxi_conventionne,O,standard_assis,1
P267,V1,taxi_conventionne,B,standard_assis,1
P267,V2,taxi_conventionne,O,standard_assis,1
P267,V2,taxi_conventionne,B,standard_assis,1
P267,V3,taxi_conventionne,O,standard_assis,1
P267,V3,taxi_conventionne,B,standard_assis,1
P267,V4,taxi_conventionne,O,standard_assis,1
P267,V4,taxi_conventionne,B,standard_assis,1
P267,V5,taxi_conventionne,O,standard_assis,1
P267,V5,taxi_conventionne,B,standard_assis,1
P267,V6,taxi_conventionne,O,standard_assis,1
P267,V6,taxi_conventionne,B,standard_assis,1
P267,V7,taxi_conventionne,O,standard_assis,1
P267,V7,taxi_conventionne,B,standard_assis,1
P267,V8,taxi_conventionne,O,standard_assis,1
P267,V8,taxi_conventionne,B,standard_assis,1
P267,V9,taxi_conventionne,O,standard_assis,1
P267,V9,taxi_conventionne,B,standard_assis,1
P267,V10,taxi_conventionne,O,standard_assis,1
P267,V10,taxi_conventionne,B,standard_assis,1
P267,V11,vsl,O,standard_assis,1
P267,V11,vsl,B,standard_assis,1
P267,V12,vsl,O,standard_assis,1
P267,V12,vsl,B,standard_assis,1
P267,V13,vsl,O,standard_assis,1
P267,V13,vsl,B,standard_assis,1
P267,V14,vsl,O,standard_assis,1
P267,V14,vsl,B,standard_assis,1
P267,V15,vsl,O,standard_assis,1
P267,V15,vsl,B,standard_assis,1
P267,V16,vsl,O,standard_assis,1
P267,V16,vsl,B,standard_assis,1
P267,V17,vsl,O,standard_assis,1
P267,V17,vsl,B,standard_assis,1
P267,V18,vtc_premium,O,standard_assis,1
P267,V18,vtc_premium,B,standard_assis,1
P267,V19,vtc_premium,O,standard_assis,1
P267,V19,vtc_premium,B,standard_assis,1
P267,V20,vtc_premium,O,standard_assis,1
P267,V20,vtc_premium,B,standard_assis,1
P268,V1,taxi_conventionne,O,standard_assis,1
P268,V1,taxi_conventionne,B,standard_assis,1
P268,V2,taxi_conventionne,O,standard_assis,1
P268,V2,taxi_conventionne,B,standard_assis,1
P268,V3,taxi_conventionne,O,standard_assis,1
P268,V3,taxi_conventionne,B,standard_assis,1
P268,V4,taxi_conventionne,O,standard_assis,1
P268,V4,taxi_conventionne,B,standard_assis,1
P268,V5,taxi_conventionne,O,standard_assis,1
P268,V5,taxi_conventionne,B,standard_assis,1
P268,V6,taxi_conventionne,O,standard_assis,1
P268,V6,taxi_conventionne,B,standard_assis,1
P268,V7,taxi_conventionne,O,standard_assis,1
P268,V7,taxi_conventionne,B,standard_assis,1
P268,V8,taxi_conventionne,O,standard_assis,1
P268,V8,taxi_conventionne,B,standard_assis,1
P268,V9,taxi_conventionne,O,standard_assis,1
P268,V9,taxi_conventionne,B,standard_assis,1
P268,V10,taxi_conventionne,O,standard_assis,1
P268,V10,taxi_conventionne,B,standard_assis,1
P268,V11,vsl,O,standard_assis,1
P268,V11,vsl,B,standard_assis,1
P268,V12,vsl,O,standard_assis,1
P268,V12,vsl,B,standard_assis,1
P268,V13,vsl,O,standard_assis,1
P268,V13,vsl,B,standard_assis,1
P268,V14,vsl,O,standard_assis,1
P268,V14,vsl,B,standard_assis,1
P268,V15,vsl,O,standard_assis,1
P268,V15,vsl,B,standard_assis,1
P268,V16,vsl,O,standard_assis,1
P268,V16,vsl,B,standard_assis,1
P268,V17,vsl,O,standard_assis,1
P268,V17,vsl,B,standard_assis,1
P268,V18,vtc_premium,O,standard_assis,1
P268,V18,vtc_premium,B,standard_assis,1
P268,V19,vtc_premium,O,standard_assis,1
P268,V19,vtc_premium,B,standard_assis,1
P268,V20,vtc_premium,O,standard_assis,1
P268,V20,vtc_premium,B,standard_assis,1
P269,V1,taxi_conventionne,O,vsl_required,0
P269,V1,taxi_conventionne,B,vsl_required,0
P269,V2,taxi_conventionne,O,vsl_required,0
P269,V2,taxi_conventionne,B,vsl_required,0
P269,V3,taxi_conventionne,O,vsl_required,0
P269,V3,taxi_conventionne,B,vsl_required,0
P269,V4,taxi_conventionne,O,vsl_required,0
P269,V4,taxi_conventionne,B,vsl_required,0
P269,V5,taxi_conventionne,O,vsl_required,0
P269,V5,taxi_conventionne,B,vsl_required,0
P269,V6,taxi_conventionne,O,vsl_required,0
P269,V6,taxi_conventionne,B,vsl_required,0
P269,V7,taxi_conventionne,O,vsl_required,0
P269,V7,taxi_conventionne,B,vsl_required,0
P269,V8,taxi_conventionne,O,vsl_required,0
P269,V8,taxi_conventionne,B,vsl_required,0
P269,V9,taxi_conventionne,O,vsl_required,0
P269,V9,taxi_conventionne,B,vsl_required,0
P269,V10,taxi_conventionne,O,vsl_required,0
P269,V10,taxi_conventionne,B,vsl_required,0
P269,V11,vsl,O,vsl_required,1
P269,V11,vsl,B,vsl_required,1
P269,V12,vsl,O,vsl_required,1
P269,V12,vsl,B,vsl_required,1
P269,V13,vsl,O,vsl_required,1
P269,V13,vsl,B,vsl_required,1
P269,V14,vsl,O,vsl_required,1
P269,V14,vsl,B,vsl_required,1
P269,V15,vsl,O,vsl_required,1
P269,V15,vsl,B,vsl_required,1
P269,V16,vsl,O,vsl_required,1
P269,V16,vsl,B,vsl_required,1
P269,V17,vsl,O,vsl_required,1
P269,V17,vsl,B,vsl_required,1
P269,V18,vtc_premium,O,vsl_required,0
P269,V18,vtc_premium,B,vsl_required,0
P269,V19,vtc_premium,O,vsl_required,0
P269,V19,vtc_premium,B,vsl_required,0
P269,V20,vtc_premium,O,vsl_required,0
P269,V20,vtc_premium,B,vsl_required,0
P270,V1,taxi_conventionne,O,vsl_required,0
P270,V1,taxi_conventionne,B,vsl_required,0
P270,V2,taxi_conventionne,O,vsl_required,0
P270,V2,taxi_conventionne,B,vsl_required,0
P270,V3,taxi_conventionne,O,vsl_required,0
P270,V3,taxi_conventionne,B,vsl_required,0
P270,V4,taxi_conventionne,O,vsl_required,0
P270,V4,taxi_conventionne,B,vsl_required,0
P270,V5,taxi_conventionne,O,vsl_required,0
P270,V5,taxi_conventionne,B,vsl_required,0
P270,V6,taxi_conventionne,O,vsl_required,0
P270,V6,taxi_conventionne,B,vsl_required,0
P270,V7,taxi_conventionne,O,vsl_required,0
P270,V7,taxi_conventionne,B,vsl_required,0
P270,V8,taxi_conventionne,O,vsl_required,0
P270,V8,taxi_conventionne,B,vsl_required,0
P270,V9,taxi_conventionne,O,vsl_required,0
P270,V9,taxi_conventionne,B,vsl_required,0
P270,V10,taxi_conventionne,O,vsl_required,0
P270,V10,taxi_conventionne,B,vsl_required,0
P270,V11,vsl,O,vsl_required,1
P270,V11,vsl,B,vsl_required,1
P270,V12,vsl,O,vsl_required,1
P270,V12,vsl,B,vsl_required,1
P270,V13,vsl,O,vsl_required,1
P270,V13,vsl,B,vsl_required,1
P270,V14,vsl,O,vsl_required,1
P270,V14,vsl,B,vsl_required,1
P270,V15,vsl,O,vsl_required,1
P270,V15,vsl,B,vsl_required,1
P270,V16,vsl,O,vsl_required,1
P270,V16,vsl,B,vsl_required,1
P270,V17,vsl,O,vsl_required,1
P270,V17,vsl,B,vsl_required,1
P270,V18,vtc_premium,O,vsl_required,0
P270,V18,vtc_premium,B,vsl_required,0
P270,V19,vtc_premium,O,vsl_required,0
P270,V19,vtc_premium,B,vsl_required,0
P270,V20,vtc_premium,O,vsl_required,0
P270,V20,vtc_premium,B,vsl_required,0
P271,V1,taxi_conventionne,O,vsl_required,0
P271,V1,taxi_conventionne,B,vsl_required,0
P271,V2,taxi_conventionne,O,vsl_required,0
P271,V2,taxi_conventionne,B,vsl_required,0
P271,V3,taxi_conventionne,O,vsl_required,0
P271,V3,taxi_conventionne,B,vsl_required,0
P271,V4,taxi_conventionne,O,vsl_required,0
P271,V4,taxi_conventionne,B,vsl_required,0
P271,V5,taxi_conventionne,O,vsl_required,0
P271,V5,taxi_conventionne,B,vsl_required,0
P271,V6,taxi_conventionne,O,vsl_required,0
P271,V6,taxi_conventionne,B,vsl_required,0
P271,V7,taxi_conventionne,O,vsl_required,0
P271,V7,taxi_conventionne,B,vsl_required,0
P271,V8,taxi_conventionne,O,vsl_required,0
P271,V8,taxi_conventionne,B,vsl_required,0
P271,V9,taxi_conventionne,O,vsl_required,0
P271,V9,taxi_conventionne,B,vsl_required,0
P271,V10,taxi_conventionne,O,vsl_required,0
P271,V10,taxi_conventionne,B,vsl_required,0
P271,V11,vsl,O,vsl_required,1
P271,V11,vsl,B,vsl_required,1
P271,V12,vsl,O,vsl_required,1
P271,V12,vsl,B,vsl_required,1
P271,V13,vsl,O,vsl_required,1
P271,V13,vsl,B,vsl_required,1
P271,V14,vsl,O,vsl_required,1
P271,V14,vsl,B,vsl_required,1
P271,V15,vsl,O,vsl_required,1
P271,V15,vsl,B,vsl_required,1
P271,V16,vsl,O,vsl_required,1
P271,V16,vsl,B,vsl_required,1
P271,V17,vsl,O,vsl_required,1
P271,V17,vsl,B,vsl_required,1
P271,V18,vtc_premium,O,vsl_required,0
P271,V18,vtc_premium,B,vsl_required,0
P271,V19,vtc_premium,O,vsl_required,0
P271,V19,vtc_premium,B,vsl_required,0
P271,V20,vtc_premium,O,vsl_required,0
P271,V20,vtc_premium,B,vsl_required,0
P272,V1,taxi_conventionne,O,prescription_medicale,1
P272,V1,taxi_conventionne,B,prescription_medicale,1
P272,V2,taxi_conventionne,O,prescription_medicale,1
P272,V2,taxi_conventionne,B,prescription_medicale,1
P272,V3,taxi_conventionne,O,prescription_medicale,1
P272,V3,taxi_conventionne,B,prescription_medicale,1
P272,V4,taxi_conventionne,O,prescription_medicale,1
P272,V4,taxi_conventionne,B,prescription_medicale,1
P272,V5,taxi_conventionne,O,prescription_medicale,1
P272,V5,taxi_conventionne,B,prescription_medicale,1
P272,V6,taxi_conventionne,O,prescription_medicale,1
P272,V6,taxi_conventionne,B,prescription_medicale,1
P272,V7,taxi_conventionne,O,prescription_medicale,1
P272,V7,taxi_conventionne,B,prescription_medicale,1
P272,V8,taxi_conventionne,O,prescription_medicale,1
P272,V8,taxi_conventionne,B,prescription_medicale,1
P272,V9,taxi_conventionne,O,prescription_medicale,1
P272,V9,taxi_conventionne,B,prescription_medicale,1
P272,V10,taxi_conventionne,O,prescription_medicale,1
P272,V10,taxi_conventionne,B,prescription_medicale,1
P272,V11,vsl,O,prescription_medicale,1
P272,V11,vsl,B,prescription_medicale,1
P272,V12,vsl,O,prescription_medicale,1
P272,V12,vsl,B,prescription_medicale,1
P272,V13,vsl,O,prescription_medicale,1
P272,V13,vsl,B,prescription_medicale,1
P272,V14,vsl,O,prescription_medicale,1
P272,V14,vsl,B,prescription_medicale,1
P272,V15,vsl,O,prescription_medicale,1
P272,V15,vsl,B,prescription_medicale,1
P272,V16,vsl,O,prescription_medicale,1
P272,V16,vsl,B,prescription_medicale,1
P272,V17,vsl,O,prescription_medicale,1
P272,V17,vsl,B,prescription_medicale,1
P272,V18,vtc_premium,O,prescription_medicale,0
P272,V18,vtc_premium,B,prescription_medicale,0
P272,V19,vtc_premium,O,prescription_medicale,0
P272,V19,vtc_premium,B,prescription_medicale,0
P272,V20,vtc_premium,O,prescription_medicale,0
P272,V20,vtc_premium,B,prescription_medicale,0
P273,V1,taxi_conventionne,O,vsl_required,0
P273,V1,taxi_conventionne,B,vsl_required,0
P273,V2,taxi_conventionne,O,vsl_required,0
P273,V2,taxi_conventionne,B,vsl_required,0
P273,V3,taxi_conventionne,O,vsl_required,0
P273,V3,taxi_conventionne,B,vsl_required,0
P273,V4,taxi_conventionne,O,vsl_required,0
P273,V4,taxi_conventionne,B,vsl_required,0
P273,V5,taxi_conventionne,O,vsl_required,0
P273,V5,taxi_conventionne,B,vsl_required,0
P273,V6,taxi_conventionne,O,vsl_required,0
P273,V6,taxi_conventionne,B,vsl_required,0
P273,V7,taxi_conventionne,O,vsl_required,0
P273,V7,taxi_conventionne,B,vsl_required,0
P273,V8,taxi_conventionne,O,vsl_required,0
P273,V8,taxi_conventionne,B,vsl_required,0
P273,V9,taxi_conventionne,O,vsl_required,0
P273,V9,taxi_conventionne,B,vsl_required,0
P273,V10,taxi_conventionne,O,vsl_required,0
P273,V10,taxi_conventionne,B,vsl_required,0
P273,V11,vsl,O,vsl_required,1
P273,V11,vsl,B,vsl_required,1
P273,V12,vsl,O,vsl_required,1
P273,V12,vsl,B,vsl_required,1
P273,V13,vsl,O,vsl_required,1
P273,V13,vsl,B,vsl_required,1
P273,V14,vsl,O,vsl_required,1
P273,V14,vsl,B,vsl_required,1
P273,V15,vsl,O,vsl_required,1
P273,V15,vsl,B,vsl_required,1
P273,V16,vsl,O,vsl_required,1
P273,V16,vsl,B,vsl_required,1
P273,V17,vsl,O,vsl_required,1
P273,V17,vsl,B,vsl_required,1
P273,V18,vtc_premium,O,vsl_required,0
P273,V18,vtc_premium,B,vsl_required,0
P273,V19,vtc_premium,O,vsl_required,0
P273,V19,vtc_premium,B,vsl_required,0
P273,V20,vtc_premium,O,vsl_required,0
P273,V20,vtc_premium,B,vsl_required,0
P274,V1,taxi_conventionne,O,vsl_required,0
P274,V1,taxi_conventionne,B,vsl_required,0
P274,V2,taxi_conventionne,O,vsl_required,0
P274,V2,taxi_conventionne,B,vsl_required,0
P274,V3,taxi_conventionne,O,vsl_required,0
P274,V3,taxi_conventionne,B,vsl_required,0
P274,V4,taxi_conventionne,O,vsl_required,0
P274,V4,taxi_conventionne,B,vsl_required,0
P274,V5,taxi_conventionne,O,vsl_required,0
P274,V5,taxi_conventionne,B,vsl_required,0
P274,V6,taxi_conventionne,O,vsl_required,0
P274,V6,taxi_conventionne,B,vsl_required,0
P274,V7,taxi_conventionne,O,vsl_required,0
P274,V7,taxi_conventionne,B,vsl_required,0
P274,V8,taxi_conventionne,O,vsl_required,0
P274,V8,taxi_conventionne,B,vsl_required,0
P274,V9,taxi_conventionne,O,vsl_required,0
P274,V9,taxi_conventionne,B,vsl_required,0
P274,V10,taxi_conventionne,O,vsl_required,0
P274,V10,taxi_conventionne,B,vsl_required,0
P274,V11,vsl,O,vsl_required,1
P274,V11,vsl,B,vsl_required,1
P274,V12,vsl,O,vsl_required,1
P274,V12,vsl,B,vsl_required,1
P274,V13,vsl,O,vsl_required,1
P274,V13,vsl,B,vsl_required,1
P274,V14,vsl,O,vsl_required,1
P274,V14,vsl,B,vsl_required,1
P274,V15,vsl,O,vsl_required,1
P274,V15,vsl,B,vsl_required,1
P274,V16,vsl,O,vsl_required,1
P274,V16,vsl,B,vsl_required,1
P274,V17,vsl,O,vsl_required,1
P274,V17,vsl,B,vsl_required,1
P274,V18,vtc_premium,O,vsl_required,0
P274,V18,vtc_premium,B,vsl_required,0
P274,V19,vtc_premium,O,vsl_required,0
P274,V19,vtc_premium,B,vsl_required,0
P274,V20,vtc_premium,O,vsl_required,0
P274,V20,vtc_premium,B,vsl_required,0
P275,V1,taxi_conventionne,O,prescription_medicale,1
P275,V1,taxi_conventionne,B,prescription_medicale,1
P275,V2,taxi_conventionne,O,prescription_medicale,1
P275,V2,taxi_conventionne,B,prescription_medicale,1
P275,V3,taxi_conventionne,O,prescription_medicale,1
P275,V3,taxi_conventionne,B,prescription_medicale,1
P275,V4,taxi_conventionne,O,prescription_medicale,1
P275,V4,taxi_conventionne,B,prescription_medicale,1
P275,V5,taxi_conventionne,O,prescription_medicale,1
P275,V5,taxi_conventionne,B,prescription_medicale,1
P275,V6,taxi_conventionne,O,prescription_medicale,1
P275,V6,taxi_conventionne,B,prescription_medicale,1
P275,V7,taxi_conventionne,O,prescription_medicale,1
P275,V7,taxi_conventionne,B,prescription_medicale,1
P275,V8,taxi_conventionne,O,prescription_medicale,1
P275,V8,taxi_conventionne,B,prescription_medicale,1
P275,V9,taxi_conventionne,O,prescription_medicale,1
P275,V9,taxi_conventionne,B,prescription_medicale,1
P275,V10,taxi_conventionne,O,prescription_medicale,1
P275,V10,taxi_conventionne,B,prescription_medicale,1
P275,V11,vsl,O,prescription_medicale,1
P275,V11,vsl,B,prescription_medicale,1
P275,V12,vsl,O,prescription_medicale,1
P275,V12,vsl,B,prescription_medicale,1
P275,V13,vsl,O,prescription_medicale,1
P275,V13,vsl,B,prescription_medicale,1
P275,V14,vsl,O,prescription_medicale,1
P275,V14,vsl,B,prescription_medicale,1
P275,V15,vsl,O,prescription_medicale,1
P275,V15,vsl,B,prescription_medicale,1
P275,V16,vsl,O,prescription_medicale,1
P275,V16,vsl,B,prescription_medicale,1
P275,V17,vsl,O,prescription_medicale,1
P275,V17,vsl,B,prescription_medicale,1
P275,V18,vtc_premium,O,prescription_medicale,0
P275,V18,vtc_premium,B,prescription_medicale,0
P275,V19,vtc_premium,O,prescription_medicale,0
P275,V19,vtc_premium,B,prescription_medicale,0
P275,V20,vtc_premium,O,prescription_medicale,0
P275,V20,vtc_premium,B,prescription_medicale,0
P276,V1,taxi_conventionne,O,vsl_required,0
P276,V1,taxi_conventionne,B,vsl_required,0
P276,V2,taxi_conventionne,O,vsl_required,0
P276,V2,taxi_conventionne,B,vsl_required,0
P276,V3,taxi_conventionne,O,vsl_required,0
P276,V3,taxi_conventionne,B,vsl_required,0
P276,V4,taxi_conventionne,O,vsl_required,0
P276,V4,taxi_conventionne,B,vsl_required,0
P276,V5,taxi_conventionne,O,vsl_required,0
P276,V5,taxi_conventionne,B,vsl_required,0
P276,V6,taxi_conventionne,O,vsl_required,0
P276,V6,taxi_conventionne,B,vsl_required,0
P276,V7,taxi_conventionne,O,vsl_required,0
P276,V7,taxi_conventionne,B,vsl_required,0
P276,V8,taxi_conventionne,O,vsl_required,0
P276,V8,taxi_conventionne,B,vsl_required,0
P276,V9,taxi_conventionne,O,vsl_required,0
P276,V9,taxi_conventionne,B,vsl_required,0
P276,V10,taxi_conventionne,O,vsl_required,0
P276,V10,taxi_conventionne,B,vsl_required,0
P276,V11,vsl,O,vsl_required,1
P276,V11,vsl,B,vsl_required,1
P276,V12,vsl,O,vsl_required,1
P276,V12,vsl,B,vsl_required,1
P276,V13,vsl,O,vsl_required,1
P276,V13,vsl,B,vsl_required,1
P276,V14,vsl,O,vsl_required,1
P276,V14,vsl,B,vsl_required,1
P276,V15,vsl,O,vsl_required,1
P276,V15,vsl,B,vsl_required,1
P276,V16,vsl,O,vsl_required,1
P276,V16,vsl,B,vsl_required,1
P276,V17,vsl,O,vsl_required,1
P276,V17,vsl,B,vsl_required,1
P276,V18,vtc_premium,O,vsl_required,0
P276,V18,vtc_premium,B,vsl_required,0
P276,V19,vtc_premium,O,vsl_required,0
P276,V19,vtc_premium,B,vsl_required,0
P276,V20,vtc_premium,O,vsl_required,0
P276,V20,vtc_premium,B,vsl_required,0
P277,V1,taxi_conventionne,O,prescription_medicale,1
P277,V1,taxi_conventionne,B,prescription_medicale,1
P277,V2,taxi_conventionne,O,prescription_medicale,1
P277,V2,taxi_conventionne,B,prescription_medicale,1
P277,V3,taxi_conventionne,O,prescription_medicale,1
P277,V3,taxi_conventionne,B,prescription_medicale,1
P277,V4,taxi_conventionne,O,prescription_medicale,1
P277,V4,taxi_conventionne,B,prescription_medicale,1
P277,V5,taxi_conventionne,O,prescription_medicale,1
P277,V5,taxi_conventionne,B,prescription_medicale,1
P277,V6,taxi_conventionne,O,prescription_medicale,1
P277,V6,taxi_conventionne,B,prescription_medicale,1
P277,V7,taxi_conventionne,O,prescription_medicale,1
P277,V7,taxi_conventionne,B,prescription_medicale,1
P277,V8,taxi_conventionne,O,prescription_medicale,1
P277,V8,taxi_conventionne,B,prescription_medicale,1
P277,V9,taxi_conventionne,O,prescription_medicale,1
P277,V9,taxi_conventionne,B,prescription_medicale,1
P277,V10,taxi_conventionne,O,prescription_medicale,1
P277,V10,taxi_conventionne,B,prescription_medicale,1
P277,V11,vsl,O,prescription_medicale,1
P277,V11,vsl,B,prescription_medicale,1
P277,V12,vsl,O,prescription_medicale,1
P277,V12,vsl,B,prescription_medicale,1
P277,V13,vsl,O,prescription_medicale,1
P277,V13,vsl,B,prescription_medicale,1
P277,V14,vsl,O,prescription_medicale,1
P277,V14,vsl,B,prescription_medicale,1
P277,V15,vsl,O,prescription_medicale,1
P277,V15,vsl,B,prescription_medicale,1
P277,V16,vsl,O,prescription_medicale,1
P277,V16,vsl,B,prescription_medicale,1
P277,V17,vsl,O,prescription_medicale,1
P277,V17,vsl,B,prescription_medicale,1
P277,V18,vtc_premium,O,prescription_medicale,0
P277,V18,vtc_premium,B,prescription_medicale,0
P277,V19,vtc_premium,O,prescription_medicale,0
P277,V19,vtc_premium,B,prescription_medicale,0
P277,V20,vtc_premium,O,prescription_medicale,0
P277,V20,vtc_premium,B,prescription_medicale,0
P278,V1,taxi_conventionne,O,prescription_medicale,1
P278,V1,taxi_conventionne,B,prescription_medicale,1
P278,V2,taxi_conventionne,O,prescription_medicale,1
P278,V2,taxi_conventionne,B,prescription_medicale,1
P278,V3,taxi_conventionne,O,prescription_medicale,1
P278,V3,taxi_conventionne,B,prescription_medicale,1
P278,V4,taxi_conventionne,O,prescription_medicale,1
P278,V4,taxi_conventionne,B,prescription_medicale,1
P278,V5,taxi_conventionne,O,prescription_medicale,1
P278,V5,taxi_conventionne,B,prescription_medicale,1
P278,V6,taxi_conventionne,O,prescription_medicale,1
P278,V6,taxi_conventionne,B,prescription_medicale,1
P278,V7,taxi_conventionne,O,prescription_medicale,1
P278,V7,taxi_conventionne,B,prescription_medicale,1
P278,V8,taxi_conventionne,O,prescription_medicale,1
P278,V8,taxi_conventionne,B,prescription_medicale,1
P278,V9,taxi_conventionne,O,prescription_medicale,1
P278,V9,taxi_conventionne,B,prescription_medicale,1
P278,V10,taxi_conventionne,O,prescription_medicale,1
P278,V10,taxi_conventionne,B,prescription_medicale,1
P278,V11,vsl,O,prescription_medicale,1
P278,V11,vsl,B,prescription_medicale,1
P278,V12,vsl,O,prescription_medicale,1
P278,V12,vsl,B,prescription_medicale,1
P278,V13,vsl,O,prescription_medicale,1
P278,V13,vsl,B,prescription_medicale,1
P278,V14,vsl,O,prescription_medicale,1
P278,V14,vsl,B,prescription_medicale,1
P278,V15,vsl,O,prescription_medicale,1
P278,V15,vsl,B,prescription_medicale,1
P278,V16,vsl,O,prescription_medicale,1
P278,V16,vsl,B,prescription_medicale,1
P278,V17,vsl,O,prescription_medicale,1
P278,V17,vsl,B,prescription_medicale,1
P278,V18,vtc_premium,O,prescription_medicale,0
P278,V18,vtc_premium,B,prescription_medicale,0
P278,V19,vtc_premium,O,prescription_medicale,0
P278,V19,vtc_premium,B,prescription_medicale,0
P278,V20,vtc_premium,O,prescription_medicale,0
P278,V20,vtc_premium,B,prescription_medicale,0
P279,V1,taxi_conventionne,O,standard_assis,1
P279,V1,taxi_conventionne,B,standard_assis,1
P279,V2,taxi_conventionne,O,standard_assis,1
P279,V2,taxi_conventionne,B,standard_assis,1
P279,V3,taxi_conventionne,O,standard_assis,1
P279,V3,taxi_conventionne,B,standard_assis,1
P279,V4,taxi_conventionne,O,standard_assis,1
P279,V4,taxi_conventionne,B,standard_assis,1
P279,V5,taxi_conventionne,O,standard_assis,1
P279,V5,taxi_conventionne,B,standard_assis,1
P279,V6,taxi_conventionne,O,standard_assis,1
P279,V6,taxi_conventionne,B,standard_assis,1
P279,V7,taxi_conventionne,O,standard_assis,1
P279,V7,taxi_conventionne,B,standard_assis,1
P279,V8,taxi_conventionne,O,standard_assis,1
P279,V8,taxi_conventionne,B,standard_assis,1
P279,V9,taxi_conventionne,O,standard_assis,1
P279,V9,taxi_conventionne,B,standard_assis,1
P279,V10,taxi_conventionne,O,standard_assis,1
P279,V10,taxi_conventionne,B,standard_assis,1
P279,V11,vsl,O,standard_assis,1
P279,V11,vsl,B,standard_assis,1
P279,V12,vsl,O,standard_assis,1
P279,V12,vsl,B,standard_assis,1
P279,V13,vsl,O,standard_assis,1
P279,V13,vsl,B,standard_assis,1
P279,V14,vsl,O,standard_assis,1
P279,V14,vsl,B,standard_assis,1
P279,V15,vsl,O,standard_assis,1
P279,V15,vsl,B,standard_assis,1
P279,V16,vsl,O,standard_assis,1
P279,V16,vsl,B,standard_assis,1
P279,V17,vsl,O,standard_assis,1
P279,V17,vsl,B,standard_assis,1
P279,V18,vtc_premium,O,standard_assis,1
P279,V18,vtc_premium,B,standard_assis,1
P279,V19,vtc_premium,O,standard_assis,1
P279,V19,vtc_premium,B,standard_assis,1
P279,V20,vtc_premium,O,standard_assis,1
P279,V20,vtc_premium,B,standard_assis,1
P280,V1,taxi_conventionne,O,prescription_medicale,1
P280,V1,taxi_conventionne,B,prescription_medicale,1
P280,V2,taxi_conventionne,O,prescription_medicale,1
P280,V2,taxi_conventionne,B,prescription_medicale,1
P280,V3,taxi_conventionne,O,prescription_medicale,1
P280,V3,taxi_conventionne,B,prescription_medicale,1
P280,V4,taxi_conventionne,O,prescription_medicale,1
P280,V4,taxi_conventionne,B,prescription_medicale,1
P280,V5,taxi_conventionne,O,prescription_medicale,1
P280,V5,taxi_conventionne,B,prescription_medicale,1
P280,V6,taxi_conventionne,O,prescription_medicale,1
P280,V6,taxi_conventionne,B,prescription_medicale,1
P280,V7,taxi_conventionne,O,prescription_medicale,1
P280,V7,taxi_conventionne,B,prescription_medicale,1
P280,V8,taxi_conventionne,O,prescription_medicale,1
P280,V8,taxi_conventionne,B,prescription_medicale,1
P280,V9,taxi_conventionne,O,prescription_medicale,1
P280,V9,taxi_conventionne,B,prescription_medicale,1
P280,V10,taxi_conventionne,O,prescription_medicale,1
P280,V10,taxi_conventionne,B,prescription_medicale,1
P280,V11,vsl,O,prescription_medicale,1
P280,V11,vsl,B,prescription_medicale,1
P280,V12,vsl,O,prescription_medicale,1
P280,V12,vsl,B,prescription_medicale,1
P280,V13,vsl,O,prescription_medicale,1
P280,V13,vsl,B,prescription_medicale,1
P280,V14,vsl,O,prescription_medicale,1
P280,V14,vsl,B,prescription_medicale,1
P280,V15,vsl,O,prescription_medicale,1
P280,V15,vsl,B,prescription_medicale,1
P280,V16,vsl,O,prescription_medicale,1
P280,V16,vsl,B,prescription_medicale,1
P280,V17,vsl,O,prescription_medicale,1
P280,V17,vsl,B,prescription_medicale,1
P280,V18,vtc_premium,O,prescription_medicale,0
P280,V18,vtc_premium,B,prescription_medicale,0
P280,V19,vtc_premium,O,prescription_medicale,0
P280,V19,vtc_premium,B,prescription_medicale,0
P280,V20,vtc_premium,O,prescription_medicale,0
P280,V20,vtc_premium,B,prescription_medicale,0
P281,V1,taxi_conventionne,O,prescription_medicale,1
P281,V1,taxi_conventionne,B,prescription_medicale,1
P281,V2,taxi_conventionne,O,prescription_medicale,1
P281,V2,taxi_conventionne,B,prescription_medicale,1
P281,V3,taxi_conventionne,O,prescription_medicale,1
P281,V3,taxi_conventionne,B,prescription_medicale,1
P281,V4,taxi_conventionne,O,prescription_medicale,1
P281,V4,taxi_conventionne,B,prescription_medicale,1
P281,V5,taxi_conventionne,O,prescription_medicale,1
P281,V5,taxi_conventionne,B,prescription_medicale,1
P281,V6,taxi_conventionne,O,prescription_medicale,1
P281,V6,taxi_conventionne,B,prescription_medicale,1
P281,V7,taxi_conventionne,O,prescription_medicale,1
P281,V7,taxi_conventionne,B,prescription_medicale,1
P281,V8,taxi_conventionne,O,prescription_medicale,1
P281,V8,taxi_conventionne,B,prescription_medicale,1
P281,V9,taxi_conventionne,O,prescription_medicale,1
P281,V9,taxi_conventionne,B,prescription_medicale,1
P281,V10,taxi_conventionne,O,prescription_medicale,1
P281,V10,taxi_conventionne,B,prescription_medicale,1
P281,V11,vsl,O,prescription_medicale,1
P281,V11,vsl,B,prescription_medicale,1
P281,V12,vsl,O,prescription_medicale,1
P281,V12,vsl,B,prescription_medicale,1
P281,V13,vsl,O,prescription_medicale,1
P281,V13,vsl,B,prescription_medicale,1
P281,V14,vsl,O,prescription_medicale,1
P281,V14,vsl,B,prescription_medicale,1
P281,V15,vsl,O,prescription_medicale,1
P281,V15,vsl,B,prescription_medicale,1
P281,V16,vsl,O,prescription_medicale,1
P281,V16,vsl,B,prescription_medicale,1
P281,V17,vsl,O,prescription_medicale,1
P281,V17,vsl,B,prescription_medicale,1
P281,V18,vtc_premium,O,prescription_medicale,0
P281,V18,vtc_premium,B,prescription_medicale,0
P281,V19,vtc_premium,O,prescription_medicale,0
P281,V19,vtc_premium,B,prescription_medicale,0
P281,V20,vtc_premium,O,prescription_medicale,0
P281,V20,vtc_premium,B,prescription_medicale,0
P282,V1,taxi_conventionne,O,vsl_required,0
P282,V1,taxi_conventionne,B,vsl_required,0
P282,V2,taxi_conventionne,O,vsl_required,0
P282,V2,taxi_conventionne,B,vsl_required,0
P282,V3,taxi_conventionne,O,vsl_required,0
P282,V3,taxi_conventionne,B,vsl_required,0
P282,V4,taxi_conventionne,O,vsl_required,0
P282,V4,taxi_conventionne,B,vsl_required,0
P282,V5,taxi_conventionne,O,vsl_required,0
P282,V5,taxi_conventionne,B,vsl_required,0
P282,V6,taxi_conventionne,O,vsl_required,0
P282,V6,taxi_conventionne,B,vsl_required,0
P282,V7,taxi_conventionne,O,vsl_required,0
P282,V7,taxi_conventionne,B,vsl_required,0
P282,V8,taxi_conventionne,O,vsl_required,0
P282,V8,taxi_conventionne,B,vsl_required,0
P282,V9,taxi_conventionne,O,vsl_required,0
P282,V9,taxi_conventionne,B,vsl_required,0
P282,V10,taxi_conventionne,O,vsl_required,0
P282,V10,taxi_conventionne,B,vsl_required,0
P282,V11,vsl,O,vsl_required,1
P282,V11,vsl,B,vsl_required,1
P282,V12,vsl,O,vsl_required,1
P282,V12,vsl,B,vsl_required,1
P282,V13,vsl,O,vsl_required,1
P282,V13,vsl,B,vsl_required,1
P282,V14,vsl,O,vsl_required,1
P282,V14,vsl,B,vsl_required,1
P282,V15,vsl,O,vsl_required,1
P282,V15,vsl,B,vsl_required,1
P282,V16,vsl,O,vsl_required,1
P282,V16,vsl,B,vsl_required,1
P282,V17,vsl,O,vsl_required,1
P282,V17,vsl,B,vsl_required,1
P282,V18,vtc_premium,O,vsl_required,0
P282,V18,vtc_premium,B,vsl_required,0
P282,V19,vtc_premium,O,vsl_required,0
P282,V19,vtc_premium,B,vsl_required,0
P282,V20,vtc_premium,O,vsl_required,0
P282,V20,vtc_premium,B,vsl_required,0
P283,V1,taxi_conventionne,O,vsl_required,0
P283,V1,taxi_conventionne,B,vsl_required,0
P283,V2,taxi_conventionne,O,vsl_required,0
P283,V2,taxi_conventionne,B,vsl_required,0
P283,V3,taxi_conventionne,O,vsl_required,0
P283,V3,taxi_conventionne,B,vsl_required,0
P283,V4,taxi_conventionne,O,vsl_required,0
P283,V4,taxi_conventionne,B,vsl_required,0
P283,V5,taxi_conventionne,O,vsl_required,0
P283,V5,taxi_conventionne,B,vsl_required,0
P283,V6,taxi_conventionne,O,vsl_required,0
P283,V6,taxi_conventionne,B,vsl_required,0
P283,V7,taxi_conventionne,O,vsl_required,0
P283,V7,taxi_conventionne,B,vsl_required,0
P283,V8,taxi_conventionne,O,vsl_required,0
P283,V8,taxi_conventionne,B,vsl_required,0
P283,V9,taxi_conventionne,O,vsl_required,0
P283,V9,taxi_conventionne,B,vsl_required,0
P283,V10,taxi_conventionne,O,vsl_required,0
P283,V10,taxi_conventionne,B,vsl_required,0
P283,V11,vsl,O,vsl_required,1
P283,V11,vsl,B,vsl_required,1
P283,V12,vsl,O,vsl_required,1
P283,V12,vsl,B,vsl_required,1
P283,V13,vsl,O,vsl_required,1
P283,V13,vsl,B,vsl_required,1
P283,V14,vsl,O,vsl_required,1
P283,V14,vsl,B,vsl_required,1
P283,V15,vsl,O,vsl_required,1
P283,V15,vsl,B,vsl_required,1
P283,V16,vsl,O,vsl_required,1
P283,V16,vsl,B,vsl_required,1
P283,V17,vsl,O,vsl_required,1
P283,V17,vsl,B,vsl_required,1
P283,V18,vtc_premium,O,vsl_required,0
P283,V18,vtc_premium,B,vsl_required,0
P283,V19,vtc_premium,O,vsl_required,0
P283,V19,vtc_premium,B,vsl_required,0
P283,V20,vtc_premium,O,vsl_required,0
P283,V20,vtc_premium,B,vsl_required,0
P284,V1,taxi_conventionne,O,prescription_medicale,1
P284,V1,taxi_conventionne,B,prescription_medicale,1
P284,V2,taxi_conventionne,O,prescription_medicale,1
P284,V2,taxi_conventionne,B,prescription_medicale,1
P284,V3,taxi_conventionne,O,prescription_medicale,1
P284,V3,taxi_conventionne,B,prescription_medicale,1
P284,V4,taxi_conventionne,O,prescription_medicale,1
P284,V4,taxi_conventionne,B,prescription_medicale,1
P284,V5,taxi_conventionne,O,prescription_medicale,1
P284,V5,taxi_conventionne,B,prescription_medicale,1
P284,V6,taxi_conventionne,O,prescription_medicale,1
P284,V6,taxi_conventionne,B,prescription_medicale,1
P284,V7,taxi_conventionne,O,prescription_medicale,1
P284,V7,taxi_conventionne,B,prescription_medicale,1
P284,V8,taxi_conventionne,O,prescription_medicale,1
P284,V8,taxi_conventionne,B,prescription_medicale,1
P284,V9,taxi_conventionne,O,prescription_medicale,1
P284,V9,taxi_conventionne,B,prescription_medicale,1
P284,V10,taxi_conventionne,O,prescription_medicale,1
P284,V10,taxi_conventionne,B,prescription_medicale,1
P284,V11,vsl,O,prescription_medicale,1
P284,V11,vsl,B,prescription_medicale,1
P284,V12,vsl,O,prescription_medicale,1
P284,V12,vsl,B,prescription_medicale,1
P284,V13,vsl,O,prescription_medicale,1
P284,V13,vsl,B,prescription_medicale,1
P284,V14,vsl,O,prescription_medicale,1
P284,V14,vsl,B,prescription_medicale,1
P284,V15,vsl,O,prescription_medicale,1
P284,V15,vsl,B,prescription_medicale,1
P284,V16,vsl,O,prescription_medicale,1
P284,V16,vsl,B,prescription_medicale,1
P284,V17,vsl,O,prescription_medicale,1
P284,V17,vsl,B,prescription_medicale,1
P284,V18,vtc_premium,O,prescription_medicale,0
P284,V18,vtc_premium,B,prescription_medicale,0
P284,V19,vtc_premium,O,prescription_medicale,0
P284,V19,vtc_premium,B,prescription_medicale,0
P284,V20,vtc_premium,O,prescription_medicale,0
P284,V20,vtc_premium,B,prescription_medicale,0
P285,V1,taxi_conventionne,O,vsl_required,0
P285,V1,taxi_conventionne,B,vsl_required,0
P285,V2,taxi_conventionne,O,vsl_required,0
P285,V2,taxi_conventionne,B,vsl_required,0
P285,V3,taxi_conventionne,O,vsl_required,0
P285,V3,taxi_conventionne,B,vsl_required,0
P285,V4,taxi_conventionne,O,vsl_required,0
P285,V4,taxi_conventionne,B,vsl_required,0
P285,V5,taxi_conventionne,O,vsl_required,0
P285,V5,taxi_conventionne,B,vsl_required,0
P285,V6,taxi_conventionne,O,vsl_required,0
P285,V6,taxi_conventionne,B,vsl_required,0
P285,V7,taxi_conventionne,O,vsl_required,0
P285,V7,taxi_conventionne,B,vsl_required,0
P285,V8,taxi_conventionne,O,vsl_required,0
P285,V8,taxi_conventionne,B,vsl_required,0
P285,V9,taxi_conventionne,O,vsl_required,0
P285,V9,taxi_conventionne,B,vsl_required,0
P285,V10,taxi_conventionne,O,vsl_required,0
P285,V10,taxi_conventionne,B,vsl_required,0
P285,V11,vsl,O,vsl_required,1
P285,V11,vsl,B,vsl_required,1
P285,V12,vsl,O,vsl_required,1
P285,V12,vsl,B,vsl_required,1
P285,V13,vsl,O,vsl_required,1
P285,V13,vsl,B,vsl_required,1
P285,V14,vsl,O,vsl_required,1
P285,V14,vsl,B,vsl_required,1
P285,V15,vsl,O,vsl_required,1
P285,V15,vsl,B,vsl_required,1
P285,V16,vsl,O,vsl_required,1
P285,V16,vsl,B,vsl_required,1
P285,V17,vsl,O,vsl_required,1
P285,V17,vsl,B,vsl_required,1
P285,V18,vtc_premium,O,vsl_required,0
P285,V18,vtc_premium,B,vsl_required,0
P285,V19,vtc_premium,O,vsl_required,0
P285,V19,vtc_premium,B,vsl_required,0
P285,V20,vtc_premium,O,vsl_required,0
P285,V20,vtc_premium,B,vsl_required,0
P286,V1,taxi_conventionne,O,prescription_medicale,1
P286,V1,taxi_conventionne,B,prescription_medicale,1
P286,V2,taxi_conventionne,O,prescription_medicale,1
P286,V2,taxi_conventionne,B,prescription_medicale,1
P286,V3,taxi_conventionne,O,prescription_medicale,1
P286,V3,taxi_conventionne,B,prescription_medicale,1
P286,V4,taxi_conventionne,O,prescription_medicale,1
P286,V4,taxi_conventionne,B,prescription_medicale,1
P286,V5,taxi_conventionne,O,prescription_medicale,1
P286,V5,taxi_conventionne,B,prescription_medicale,1
P286,V6,taxi_conventionne,O,prescription_medicale,1
P286,V6,taxi_conventionne,B,prescription_medicale,1
P286,V7,taxi_conventionne,O,prescription_medicale,1
P286,V7,taxi_conventionne,B,prescription_medicale,1
P286,V8,taxi_conventionne,O,prescription_medicale,1
P286,V8,taxi_conventionne,B,prescription_medicale,1
P286,V9,taxi_conventionne,O,prescription_medicale,1
P286,V9,taxi_conventionne,B,prescription_medicale,1
P286,V10,taxi_conventionne,O,prescription_medicale,1
P286,V10,taxi_conventionne,B,prescription_medicale,1
P286,V11,vsl,O,prescription_medicale,1
P286,V11,vsl,B,prescription_medicale,1
P286,V12,vsl,O,prescription_medicale,1
P286,V12,vsl,B,prescription_medicale,1
P286,V13,vsl,O,prescription_medicale,1
P286,V13,vsl,B,prescription_medicale,1
P286,V14,vsl,O,prescription_medicale,1
P286,V14,vsl,B,prescription_medicale,1
P286,V15,vsl,O,prescription_medicale,1
P286,V15,vsl,B,prescription_medicale,1
P286,V16,vsl,O,prescription_medicale,1
P286,V16,vsl,B,prescription_medicale,1
P286,V17,vsl,O,prescription_medicale,1
P286,V17,vsl,B,prescription_medicale,1
P286,V18,vtc_premium,O,prescription_medicale,0
P286,V18,vtc_premium,B,prescription_medicale,0
P286,V19,vtc_premium,O,prescription_medicale,0
P286,V19,vtc_premium,B,prescription_medicale,0
P286,V20,vtc_premium,O,prescription_medicale,0
P286,V20,vtc_premium,B,prescription_medicale,0
P287,V1,taxi_conventionne,O,vsl_required,0
P287,V1,taxi_conventionne,B,vsl_required,0
P287,V2,taxi_conventionne,O,vsl_required,0
P287,V2,taxi_conventionne,B,vsl_required,0
P287,V3,taxi_conventionne,O,vsl_required,0
P287,V3,taxi_conventionne,B,vsl_required,0
P287,V4,taxi_conventionne,O,vsl_required,0
P287,V4,taxi_conventionne,B,vsl_required,0
P287,V5,taxi_conventionne,O,vsl_required,0
P287,V5,taxi_conventionne,B,vsl_required,0
P287,V6,taxi_conventionne,O,vsl_required,0
P287,V6,taxi_conventionne,B,vsl_required,0
P287,V7,taxi_conventionne,O,vsl_required,0
P287,V7,taxi_conventionne,B,vsl_required,0
P287,V8,taxi_conventionne,O,vsl_required,0
P287,V8,taxi_conventionne,B,vsl_required,0
P287,V9,taxi_conventionne,O,vsl_required,0
P287,V9,taxi_conventionne,B,vsl_required,0
P287,V10,taxi_conventionne,O,vsl_required,0
P287,V10,taxi_conventionne,B,vsl_required,0
P287,V11,vsl,O,vsl_required,1
P287,V11,vsl,B,vsl_required,1
P287,V12,vsl,O,vsl_required,1
P287,V12,vsl,B,vsl_required,1
P287,V13,vsl,O,vsl_required,1
P287,V13,vsl,B,vsl_required,1
P287,V14,vsl,O,vsl_required,1
P287,V14,vsl,B,vsl_required,1
P287,V15,vsl,O,vsl_required,1
P287,V15,vsl,B,vsl_required,1
P287,V16,vsl,O,vsl_required,1
P287,V16,vsl,B,vsl_required,1
P287,V17,vsl,O,vsl_required,1
P287,V17,vsl,B,vsl_required,1
P287,V18,vtc_premium,O,vsl_required,0
P287,V18,vtc_premium,B,vsl_required,0
P287,V19,vtc_premium,O,vsl_required,0
P287,V19,vtc_premium,B,vsl_required,0
P287,V20,vtc_premium,O,vsl_required,0
P287,V20,vtc_premium,B,vsl_required,0
P288,V1,taxi_conventionne,O,vsl_required,0
P288,V1,taxi_conventionne,B,vsl_required,0
P288,V2,taxi_conventionne,O,vsl_required,0
P288,V2,taxi_conventionne,B,vsl_required,0
P288,V3,taxi_conventionne,O,vsl_required,0
P288,V3,taxi_conventionne,B,vsl_required,0
P288,V4,taxi_conventionne,O,vsl_required,0
P288,V4,taxi_conventionne,B,vsl_required,0
P288,V5,taxi_conventionne,O,vsl_required,0
P288,V5,taxi_conventionne,B,vsl_required,0
P288,V6,taxi_conventionne,O,vsl_required,0
P288,V6,taxi_conventionne,B,vsl_required,0
P288,V7,taxi_conventionne,O,vsl_required,0
P288,V7,taxi_conventionne,B,vsl_required,0
P288,V8,taxi_conventionne,O,vsl_required,0
P288,V8,taxi_conventionne,B,vsl_required,0
P288,V9,taxi_conventionne,O,vsl_required,0
P288,V9,taxi_conventionne,B,vsl_required,0
P288,V10,taxi_conventionne,O,vsl_required,0
P288,V10,taxi_conventionne,B,vsl_required,0
P288,V11,vsl,O,vsl_required,1
P288,V11,vsl,B,vsl_required,1
P288,V12,vsl,O,vsl_required,1
P288,V12,vsl,B,vsl_required,1
P288,V13,vsl,O,vsl_required,1
P288,V13,vsl,B,vsl_required,1
P288,V14,vsl,O,vsl_required,1
P288,V14,vsl,B,vsl_required,1
P288,V15,vsl,O,vsl_required,1
P288,V15,vsl,B,vsl_required,1
P288,V16,vsl,O,vsl_required,1
P288,V16,vsl,B,vsl_required,1
P288,V17,vsl,O,vsl_required,1
P288,V17,vsl,B,vsl_required,1
P288,V18,vtc_premium,O,vsl_required,0
P288,V18,vtc_premium,B,vsl_required,0
P288,V19,vtc_premium,O,vsl_required,0
P288,V19,vtc_premium,B,vsl_required,0
P288,V20,vtc_premium,O,vsl_required,0
P288,V20,vtc_premium,B,vsl_required,0
P289,V1,taxi_conventionne,O,vsl_required,0
P289,V1,taxi_conventionne,B,vsl_required,0
P289,V2,taxi_conventionne,O,vsl_required,0
P289,V2,taxi_conventionne,B,vsl_required,0
P289,V3,taxi_conventionne,O,vsl_required,0
P289,V3,taxi_conventionne,B,vsl_required,0
P289,V4,taxi_conventionne,O,vsl_required,0
P289,V4,taxi_conventionne,B,vsl_required,0
P289,V5,taxi_conventionne,O,vsl_required,0
P289,V5,taxi_conventionne,B,vsl_required,0
P289,V6,taxi_conventionne,O,vsl_required,0
P289,V6,taxi_conventionne,B,vsl_required,0
P289,V7,taxi_conventionne,O,vsl_required,0
P289,V7,taxi_conventionne,B,vsl_required,0
P289,V8,taxi_conventionne,O,vsl_required,0
P289,V8,taxi_conventionne,B,vsl_required,0
P289,V9,taxi_conventionne,O,vsl_required,0
P289,V9,taxi_conventionne,B,vsl_required,0
P289,V10,taxi_conventionne,O,vsl_required,0
P289,V10,taxi_conventionne,B,vsl_required,0
P289,V11,vsl,O,vsl_required,1
P289,V11,vsl,B,vsl_required,1
P289,V12,vsl,O,vsl_required,1
P289,V12,vsl,B,vsl_required,1
P289,V13,vsl,O,vsl_required,1
P289,V13,vsl,B,vsl_required,1
P289,V14,vsl,O,vsl_required,1
P289,V14,vsl,B,vsl_required,1
P289,V15,vsl,O,vsl_required,1
P289,V15,vsl,B,vsl_required,1
P289,V16,vsl,O,vsl_required,1
P289,V16,vsl,B,vsl_required,1
P289,V17,vsl,O,vsl_required,1
P289,V17,vsl,B,vsl_required,1
P289,V18,vtc_premium,O,vsl_required,0
P289,V18,vtc_premium,B,vsl_required,0
P289,V19,vtc_premium,O,vsl_required,0
P289,V19,vtc_premium,B,vsl_required,0
P289,V20,vtc_premium,O,vsl_required,0
P289,V20,vtc_premium,B,vsl_required,0
P290,V1,taxi_conventionne,O,vsl_required,0
P290,V1,taxi_conventionne,B,vsl_required,0
P290,V2,taxi_conventionne,O,vsl_required,0
P290,V2,taxi_conventionne,B,vsl_required,0
P290,V3,taxi_conventionne,O,vsl_required,0
P290,V3,taxi_conventionne,B,vsl_required,0
P290,V4,taxi_conventionne,O,vsl_required,0
P290,V4,taxi_conventionne,B,vsl_required,0
P290,V5,taxi_conventionne,O,vsl_required,0
P290,V5,taxi_conventionne,B,vsl_required,0
P290,V6,taxi_conventionne,O,vsl_required,0
P290,V6,taxi_conventionne,B,vsl_required,0
P290,V7,taxi_conventionne,O,vsl_required,0
P290,V7,taxi_conventionne,B,vsl_required,0
P290,V8,taxi_conventionne,O,vsl_required,0
P290,V8,taxi_conventionne,B,vsl_required,0
P290,V9,taxi_conventionne,O,vsl_required,0
P290,V9,taxi_conventionne,B,vsl_required,0
P290,V10,taxi_conventionne,O,vsl_required,0
P290,V10,taxi_conventionne,B,vsl_required,0
P290,V11,vsl,O,vsl_required,1
P290,V11,vsl,B,vsl_required,1
P290,V12,vsl,O,vsl_required,1
P290,V12,vsl,B,vsl_required,1
P290,V13,vsl,O,vsl_required,1
P290,V13,vsl,B,vsl_required,1
P290,V14,vsl,O,vsl_required,1
P290,V14,vsl,B,vsl_required,1
P290,V15,vsl,O,vsl_required,1
P290,V15,vsl,B,vsl_required,1
P290,V16,vsl,O,vsl_required,1
P290,V16,vsl,B,vsl_required,1
P290,V17,vsl,O,vsl_required,1
P290,V17,vsl,B,vsl_required,1
P290,V18,vtc_premium,O,vsl_required,0
P290,V18,vtc_premium,B,vsl_required,0
P290,V19,vtc_premium,O,vsl_required,0
P290,V19,vtc_premium,B,vsl_required,0
P290,V20,vtc_premium,O,vsl_required,0
P290,V20,vtc_premium,B,vsl_required,0
P291,V1,taxi_conventionne,O,prescription_medicale,1
P291,V1,taxi_conventionne,B,prescription_medicale,1
P291,V2,taxi_conventionne,O,prescription_medicale,1
P291,V2,taxi_conventionne,B,prescription_medicale,1
P291,V3,taxi_conventionne,O,prescription_medicale,1
P291,V3,taxi_conventionne,B,prescription_medicale,1
P291,V4,taxi_conventionne,O,prescription_medicale,1
P291,V4,taxi_conventionne,B,prescription_medicale,1
P291,V5,taxi_conventionne,O,prescription_medicale,1
P291,V5,taxi_conventionne,B,prescription_medicale,1
P291,V6,taxi_conventionne,O,prescription_medicale,1
P291,V6,taxi_conventionne,B,prescription_medicale,1
P291,V7,taxi_conventionne,O,prescription_medicale,1
P291,V7,taxi_conventionne,B,prescription_medicale,1
P291,V8,taxi_conventionne,O,prescription_medicale,1
P291,V8,taxi_conventionne,B,prescription_medicale,1
P291,V9,taxi_conventionne,O,prescription_medicale,1
P291,V9,taxi_conventionne,B,prescription_medicale,1
P291,V10,taxi_conventionne,O,prescription_medicale,1
P291,V10,taxi_conventionne,B,prescription_medicale,1
P291,V11,vsl,O,prescription_medicale,1
P291,V11,vsl,B,prescription_medicale,1
P291,V12,vsl,O,prescription_medicale,1
P291,V12,vsl,B,prescription_medicale,1
P291,V13,vsl,O,prescription_medicale,1
P291,V13,vsl,B,prescription_medicale,1
P291,V14,vsl,O,prescription_medicale,1
P291,V14,vsl,B,prescription_medicale,1
P291,V15,vsl,O,prescription_medicale,1
P291,V15,vsl,B,prescription_medicale,1
P291,V16,vsl,O,prescription_medicale,1
P291,V16,vsl,B,prescription_medicale,1
P291,V17,vsl,O,prescription_medicale,1
P291,V17,vsl,B,prescription_medicale,1
P291,V18,vtc_premium,O,prescription_medicale,0
P291,V18,vtc_premium,B,prescription_medicale,0
P291,V19,vtc_premium,O,prescription_medicale,0
P291,V19,vtc_premium,B,prescription_medicale,0
P291,V20,vtc_premium,O,prescription_medicale,0
P291,V20,vtc_premium,B,prescription_medicale,0
P292,V1,taxi_conventionne,O,vsl_required,0
P292,V1,taxi_conventionne,B,vsl_required,0
P292,V2,taxi_conventionne,O,vsl_required,0
P292,V2,taxi_conventionne,B,vsl_required,0
P292,V3,taxi_conventionne,O,vsl_required,0
P292,V3,taxi_conventionne,B,vsl_required,0
P292,V4,taxi_conventionne,O,vsl_required,0
P292,V4,taxi_conventionne,B,vsl_required,0
P292,V5,taxi_conventionne,O,vsl_required,0
P292,V5,taxi_conventionne,B,vsl_required,0
P292,V6,taxi_conventionne,O,vsl_required,0
P292,V6,taxi_conventionne,B,vsl_required,0
P292,V7,taxi_conventionne,O,vsl_required,0
P292,V7,taxi_conventionne,B,vsl_required,0
P292,V8,taxi_conventionne,O,vsl_required,0
P292,V8,taxi_conventionne,B,vsl_required,0
P292,V9,taxi_conventionne,O,vsl_required,0
P292,V9,taxi_conventionne,B,vsl_required,0
P292,V10,taxi_conventionne,O,vsl_required,0
P292,V10,taxi_conventionne,B,vsl_required,0
P292,V11,vsl,O,vsl_required,1
P292,V11,vsl,B,vsl_required,1
P292,V12,vsl,O,vsl_required,1
P292,V12,vsl,B,vsl_required,1
P292,V13,vsl,O,vsl_required,1
P292,V13,vsl,B,vsl_required,1
P292,V14,vsl,O,vsl_required,1
P292,V14,vsl,B,vsl_required,1
P292,V15,vsl,O,vsl_required,1
P292,V15,vsl,B,vsl_required,1
P292,V16,vsl,O,vsl_required,1
P292,V16,vsl,B,vsl_required,1
P292,V17,vsl,O,vsl_required,1
P292,V17,vsl,B,vsl_required,1
P292,V18,vtc_premium,O,vsl_required,0
P292,V18,vtc_premium,B,vsl_required,0
P292,V19,vtc_premium,O,vsl_required,0
P292,V19,vtc_premium,B,vsl_required,0
P292,V20,vtc_premium,O,vsl_required,0
P292,V20,vtc_premium,B,vsl_required,0
P293,V1,taxi_conventionne,O,standard_assis,1
P293,V1,taxi_conventionne,B,standard_assis,1
P293,V2,taxi_conventionne,O,standard_assis,1
P293,V2,taxi_conventionne,B,standard_assis,1
P293,V3,taxi_conventionne,O,standard_assis,1
P293,V3,taxi_conventionne,B,standard_assis,1
P293,V4,taxi_conventionne,O,standard_assis,1
P293,V4,taxi_conventionne,B,standard_assis,1
P293,V5,taxi_conventionne,O,standard_assis,1
P293,V5,taxi_conventionne,B,standard_assis,1
P293,V6,taxi_conventionne,O,standard_assis,1
P293,V6,taxi_conventionne,B,standard_assis,1
P293,V7,taxi_conventionne,O,standard_assis,1
P293,V7,taxi_conventionne,B,standard_assis,1
P293,V8,taxi_conventionne,O,standard_assis,1
P293,V8,taxi_conventionne,B,standard_assis,1
P293,V9,taxi_conventionne,O,standard_assis,1
P293,V9,taxi_conventionne,B,standard_assis,1
P293,V10,taxi_conventionne,O,standard_assis,1
P293,V10,taxi_conventionne,B,standard_assis,1
P293,V11,vsl,O,standard_assis,1
P293,V11,vsl,B,standard_assis,1
P293,V12,vsl,O,standard_assis,1
P293,V12,vsl,B,standard_assis,1
P293,V13,vsl,O,standard_assis,1
P293,V13,vsl,B,standard_assis,1
P293,V14,vsl,O,standard_assis,1
P293,V14,vsl,B,standard_assis,1
P293,V15,vsl,O,standard_assis,1
P293,V15,vsl,B,standard_assis,1
P293,V16,vsl,O,standard_assis,1
P293,V16,vsl,B,standard_assis,1
P293,V17,vsl,O,standard_assis,1
P293,V17,vsl,B,standard_assis,1
P293,V18,vtc_premium,O,standard_assis,1
P293,V18,vtc_premium,B,standard_assis,1
P293,V19,vtc_premium,O,standard_assis,1
P293,V19,vtc_premium,B,standard_assis,1
P293,V20,vtc_premium,O,standard_assis,1
P293,V20,vtc_premium,B,standard_assis,1
P294,V1,taxi_conventionne,O,standard_assis,1
P294,V1,taxi_conventionne,B,standard_assis,1
P294,V2,taxi_conventionne,O,standard_assis,1
P294,V2,taxi_conventionne,B,standard_assis,1
P294,V3,taxi_conventionne,O,standard_assis,1
P294,V3,taxi_conventionne,B,standard_assis,1
P294,V4,taxi_conventionne,O,standard_assis,1
P294,V4,taxi_conventionne,B,standard_assis,1
P294,V5,taxi_conventionne,O,standard_assis,1
P294,V5,taxi_conventionne,B,standard_assis,1
P294,V6,taxi_conventionne,O,standard_assis,1
P294,V6,taxi_conventionne,B,standard_assis,1
P294,V7,taxi_conventionne,O,standard_assis,1
P294,V7,taxi_conventionne,B,standard_assis,1
P294,V8,taxi_conventionne,O,standard_assis,1
P294,V8,taxi_conventionne,B,standard_assis,1
P294,V9,taxi_conventionne,O,standard_assis,1
P294,V9,taxi_conventionne,B,standard_assis,1
P294,V10,taxi_conventionne,O,standard_assis,1
P294,V10,taxi_conventionne,B,standard_assis,1
P294,V11,vsl,O,standard_assis,1
P294,V11,vsl,B,standard_assis,1
P294,V12,vsl,O,standard_assis,1
P294,V12,vsl,B,standard_assis,1
P294,V13,vsl,O,standard_assis,1
P294,V13,vsl,B,standard_assis,1
P294,V14,vsl,O,standard_assis,1
P294,V14,vsl,B,standard_assis,1
P294,V15,vsl,O,standard_assis,1
P294,V15,vsl,B,standard_assis,1
P294,V16,vsl,O,standard_assis,1
P294,V16,vsl,B,standard_assis,1
P294,V17,vsl,O,standard_assis,1
P294,V17,vsl,B,standard_assis,1
P294,V18,vtc_premium,O,standard_assis,1
P294,V18,vtc_premium,B,standard_assis,1
P294,V19,vtc_premium,O,standard_assis,1
P294,V19,vtc_premium,B,standard_assis,1
P294,V20,vtc_premium,O,standard_assis,1
P294,V20,vtc_premium,B,standard_assis,1
P295,V1,taxi_conventionne,O,vsl_required,0
P295,V1,taxi_conventionne,B,vsl_required,0
P295,V2,taxi_conventionne,O,vsl_required,0
P295,V2,taxi_conventionne,B,vsl_required,0
P295,V3,taxi_conventionne,O,vsl_required,0
P295,V3,taxi_conventionne,B,vsl_required,0
P295,V4,taxi_conventionne,O,vsl_required,0
P295,V4,taxi_conventionne,B,vsl_required,0
P295,V5,taxi_conventionne,O,vsl_required,0
P295,V5,taxi_conventionne,B,vsl_required,0
P295,V6,taxi_conventionne,O,vsl_required,0
P295,V6,taxi_conventionne,B,vsl_required,0
P295,V7,taxi_conventionne,O,vsl_required,0
P295,V7,taxi_conventionne,B,vsl_required,0
P295,V8,taxi_conventionne,O,vsl_required,0
P295,V8,taxi_conventionne,B,vsl_required,0
P295,V9,taxi_conventionne,O,vsl_required,0
P295,V9,taxi_conventionne,B,vsl_required,0
P295,V10,taxi_conventionne,O,vsl_required,0
P295,V10,taxi_conventionne,B,vsl_required,0
P295,V11,vsl,O,vsl_required,1
P295,V11,vsl,B,vsl_required,1
P295,V12,vsl,O,vsl_required,1
P295,V12,vsl,B,vsl_required,1
P295,V13,vsl,O,vsl_required,1
P295,V13,vsl,B,vsl_required,1
P295,V14,vsl,O,vsl_required,1
P295,V14,vsl,B,vsl_required,1
P295,V15,vsl,O,vsl_required,1
P295,V15,vsl,B,vsl_required,1
P295,V16,vsl,O,vsl_required,1
P295,V16,vsl,B,vsl_required,1
P295,V17,vsl,O,vsl_required,1
P295,V17,vsl,B,vsl_required,1
P295,V18,vtc_premium,O,vsl_required,0
P295,V18,vtc_premium,B,vsl_required,0
P295,V19,vtc_premium,O,vsl_required,0
P295,V19,vtc_premium,B,vsl_required,0
P295,V20,vtc_premium,O,vsl_required,0
P295,V20,vtc_premium,B,vsl_required,0
P296,V1,taxi_conventionne,O,prescription_medicale,1
P296,V1,taxi_conventionne,B,prescription_medicale,1
P296,V2,taxi_conventionne,O,prescription_medicale,1
P296,V2,taxi_conventionne,B,prescription_medicale,1
P296,V3,taxi_conventionne,O,prescription_medicale,1
P296,V3,taxi_conventionne,B,prescription_medicale,1
P296,V4,taxi_conventionne,O,prescription_medicale,1
P296,V4,taxi_conventionne,B,prescription_medicale,1
P296,V5,taxi_conventionne,O,prescription_medicale,1
P296,V5,taxi_conventionne,B,prescription_medicale,1
P296,V6,taxi_conventionne,O,prescription_medicale,1
P296,V6,taxi_conventionne,B,prescription_medicale,1
P296,V7,taxi_conventionne,O,prescription_medicale,1
P296,V7,taxi_conventionne,B,prescription_medicale,1
P296,V8,taxi_conventionne,O,prescription_medicale,1
P296,V8,taxi_conventionne,B,prescription_medicale,1
P296,V9,taxi_conventionne,O,prescription_medicale,1
P296,V9,taxi_conventionne,B,prescription_medicale,1
P296,V10,taxi_conventionne,O,prescription_medicale,1
P296,V10,taxi_conventionne,B,prescription_medicale,1
P296,V11,vsl,O,prescription_medicale,1
P296,V11,vsl,B,prescription_medicale,1
P296,V12,vsl,O,prescription_medicale,1
P296,V12,vsl,B,prescription_medicale,1
P296,V13,vsl,O,prescription_medicale,1
P296,V13,vsl,B,prescription_medicale,1
P296,V14,vsl,O,prescription_medicale,1
P296,V14,vsl,B,prescription_medicale,1
P296,V15,vsl,O,prescription_medicale,1
P296,V15,vsl,B,prescription_medicale,1
P296,V16,vsl,O,prescription_medicale,1
P296,V16,vsl,B,prescription_medicale,1
P296,V17,vsl,O,prescription_medicale,1
P296,V17,vsl,B,prescription_medicale,1
P296,V18,vtc_premium,O,prescription_medicale,0
P296,V18,vtc_premium,B,prescription_medicale,0
P296,V19,vtc_premium,O,prescription_medicale,0
P296,V19,vtc_premium,B,prescription_medicale,0
P296,V20,vtc_premium,O,prescription_medicale,0
P296,V20,vtc_premium,B,prescription_medicale,0
P297,V1,taxi_conventionne,O,prescription_medicale,1
P297,V1,taxi_conventionne,B,prescription_medicale,1
P297,V2,taxi_conventionne,O,prescription_medicale,1
P297,V2,taxi_conventionne,B,prescription_medicale,1
P297,V3,taxi_conventionne,O,prescription_medicale,1
P297,V3,taxi_conventionne,B,prescription_medicale,1
P297,V4,taxi_conventionne,O,prescription_medicale,1
P297,V4,taxi_conventionne,B,prescription_medicale,1
P297,V5,taxi_conventionne,O,prescription_medicale,1
P297,V5,taxi_conventionne,B,prescription_medicale,1
P297,V6,taxi_conventionne,O,prescription_medicale,1
P297,V6,taxi_conventionne,B,prescription_medicale,1
P297,V7,taxi_conventionne,O,prescription_medicale,1
P297,V7,taxi_conventionne,B,prescription_medicale,1
P297,V8,taxi_conventionne,O,prescription_medicale,1
P297,V8,taxi_conventionne,B,prescription_medicale,1
P297,V9,taxi_conventionne,O,prescription_medicale,1
P297,V9,taxi_conventionne,B,prescription_medicale,1
P297,V10,taxi_conventionne,O,prescription_medicale,1
P297,V10,taxi_conventionne,B,prescription_medicale,1
P297,V11,vsl,O,prescription_medicale,1
P297,V11,vsl,B,prescription_medicale,1
P297,V12,vsl,O,prescription_medicale,1
P297,V12,vsl,B,prescription_medicale,1
P297,V13,vsl,O,prescription_medicale,1
P297,V13,vsl,B,prescription_medicale,1
P297,V14,vsl,O,prescription_medicale,1
P297,V14,vsl,B,prescription_medicale,1
P297,V15,vsl,O,prescription_medicale,1
P297,V15,vsl,B,prescription_medicale,1
P297,V16,vsl,O,prescription_medicale,1
P297,V16,vsl,B,prescription_medicale,1
P297,V17,vsl,O,prescription_medicale,1
P297,V17,vsl,B,prescription_medicale,1
P297,V18,vtc_premium,O,prescription_medicale,0
P297,V18,vtc_premium,B,prescription_medicale,0
P297,V19,vtc_premium,O,prescription_medicale,0
P297,V19,vtc_premium,B,prescription_medicale,0
P297,V20,vtc_premium,O,prescription_medicale,0
P297,V20,vtc_premium,B,prescription_medicale,0
P298,V1,taxi_conventionne,O,standard_assis,1
P298,V1,taxi_conventionne,B,standard_assis,1
P298,V2,taxi_conventionne,O,standard_assis,1
P298,V2,taxi_conventionne,B,standard_assis,1
P298,V3,taxi_conventionne,O,standard_assis,1
P298,V3,taxi_conventionne,B,standard_assis,1
P298,V4,taxi_conventionne,O,standard_assis,1
P298,V4,taxi_conventionne,B,standard_assis,1
P298,V5,taxi_conventionne,O,standard_assis,1
P298,V5,taxi_conventionne,B,standard_assis,1
P298,V6,taxi_conventionne,O,standard_assis,1
P298,V6,taxi_conventionne,B,standard_assis,1
P298,V7,taxi_conventionne,O,standard_assis,1
P298,V7,taxi_conventionne,B,standard_assis,1
P298,V8,taxi_conventionne,O,standard_assis,1
P298,V8,taxi_conventionne,B,standard_assis,1
P298,V9,taxi_conventionne,O,standard_assis,1
P298,V9,taxi_conventionne,B,standard_assis,1
P298,V10,taxi_conventionne,O,standard_assis,1
P298,V10,taxi_conventionne,B,standard_assis,1
P298,V11,vsl,O,standard_assis,1
P298,V11,vsl,B,standard_assis,1
P298,V12,vsl,O,standard_assis,1
P298,V12,vsl,B,standard_assis,1
P298,V13,vsl,O,standard_assis,1
P298,V13,vsl,B,standard_assis,1
P298,V14,vsl,O,standard_assis,1
P298,V14,vsl,B,standard_assis,1
P298,V15,vsl,O,standard_assis,1
P298,V15,vsl,B,standard_assis,1
P298,V16,vsl,O,standard_assis,1
P298,V16,vsl,B,standard_assis,1
P298,V17,vsl,O,standard_assis,1
P298,V17,vsl,B,standard_assis,1
P298,V18,vtc_premium,O,standard_assis,1
P298,V18,vtc_premium,B,standard_assis,1
P298,V19,vtc_premium,O,standard_assis,1
P298,V19,vtc_premium,B,standard_assis,1
P298,V20,vtc_premium,O,standard_assis,1
P298,V20,vtc_premium,B,standard_assis,1
P299,V1,taxi_conventionne,O,standard_assis,1
P299,V1,taxi_conventionne,B,standard_assis,1
P299,V2,taxi_conventionne,O,standard_assis,1
P299,V2,taxi_conventionne,B,standard_assis,1
P299,V3,taxi_conventionne,O,standard_assis,1
P299,V3,taxi_conventionne,B,standard_assis,1
P299,V4,taxi_conventionne,O,standard_assis,1
P299,V4,taxi_conventionne,B,standard_assis,1
P299,V5,taxi_conventionne,O,standard_assis,1
P299,V5,taxi_conventionne,B,standard_assis,1
P299,V6,taxi_conventionne,O,standard_assis,1
P299,V6,taxi_conventionne,B,standard_assis,1
P299,V7,taxi_conventionne,O,standard_assis,1
P299,V7,taxi_conventionne,B,standard_assis,1
P299,V8,taxi_conventionne,O,standard_assis,1
P299,V8,taxi_conventionne,B,standard_assis,1
P299,V9,taxi_conventionne,O,standard_assis,1
P299,V9,taxi_conventionne,B,standard_assis,1
P299,V10,taxi_conventionne,O,standard_assis,1
P299,V10,taxi_conventionne,B,standard_assis,1
P299,V11,vsl,O,standard_assis,1
P299,V11,vsl,B,standard_assis,1
P299,V12,vsl,O,standard_assis,1
P299,V12,vsl,B,standard_assis,1
P299,V13,vsl,O,standard_assis,1
P299,V13,vsl,B,standard_assis,1
P299,V14,vsl,O,standard_assis,1
P299,V14,vsl,B,standard_assis,1
P299,V15,vsl,O,standard_assis,1
P299,V15,vsl,B,standard_assis,1
P299,V16,vsl,O,standard_assis,1
P299,V16,vsl,B,standard_assis,1
P299,V17,vsl,O,standard_assis,1
P299,V17,vsl,B,standard_assis,1
P299,V18,vtc_premium,O,standard_assis,1
P299,V18,vtc_premium,B,standard_assis,1
P299,V19,vtc_premium,O,standard_assis,1
P299,V19,vtc_premium,B,standard_assis,1
P299,V20,vtc_premium,O,standard_assis,1
P299,V20,vtc_premium,B,standard_assis,1
P300,V1,taxi_conventionne,O,vsl_required,0
P300,V1,taxi_conventionne,B,vsl_required,0
P300,V2,taxi_conventionne,O,vsl_required,0
P300,V2,taxi_conventionne,B,vsl_required,0
P300,V3,taxi_conventionne,O,vsl_required,0
P300,V3,taxi_conventionne,B,vsl_required,0
P300,V4,taxi_conventionne,O,vsl_required,0
P300,V4,taxi_conventionne,B,vsl_required,0
P300,V5,taxi_conventionne,O,vsl_required,0
P300,V5,taxi_conventionne,B,vsl_required,0
P300,V6,taxi_conventionne,O,vsl_required,0
P300,V6,taxi_conventionne,B,vsl_required,0
P300,V7,taxi_conventionne,O,vsl_required,0
P300,V7,taxi_conventionne,B,vsl_required,0
P300,V8,taxi_conventionne,O,vsl_required,0
P300,V8,taxi_conventionne,B,vsl_required,0
P300,V9,taxi_conventionne,O,vsl_required,0
P300,V9,taxi_conventionne,B,vsl_required,0
P300,V10,taxi_conventionne,O,vsl_required,0
P300,V10,taxi_conventionne,B,vsl_required,0
P300,V11,vsl,O,vsl_required,1
P300,V11,vsl,B,vsl_required,1
P300,V12,vsl,O,vsl_required,1
P300,V12,vsl,B,vsl_required,1
P300,V13,vsl,O,vsl_required,1
P300,V13,vsl,B,vsl_required,1
P300,V14,vsl,O,vsl_required,1
P300,V14,vsl,B,vsl_required,1
P300,V15,vsl,O,vsl_required,1
P300,V15,vsl,B,vsl_required,1
P300,V16,vsl,O,vsl_required,1
P300,V16,vsl,B,vsl_required,1
P300,V17,vsl,O,vsl_required,1
P300,V17,vsl,B,vsl_required,1
P300,V18,vtc_premium,O,vsl_required,0
P300,V18,vtc_premium,B,vsl_required,0
P300,V19,vtc_premium,O,vsl_required,0
P300,V19,vtc_premium,B,vsl_required,0
P300,V20,vtc_premium,O,vsl_required,0
P300,V20,vtc_premium,B,vsl_required,0
P301,V1,taxi_conventionne,O,vsl_required,0
P301,V1,taxi_conventionne,B,vsl_required,0
P301,V2,taxi_conventionne,O,vsl_required,0
P301,V2,taxi_conventionne,B,vsl_required,0
P301,V3,taxi_conventionne,O,vsl_required,0
P301,V3,taxi_conventionne,B,vsl_required,0
P301,V4,taxi_conventionne,O,vsl_required,0
P301,V4,taxi_conventionne,B,vsl_required,0
P301,V5,taxi_conventionne,O,vsl_required,0
P301,V5,taxi_conventionne,B,vsl_required,0
P301,V6,taxi_conventionne,O,vsl_required,0
P301,V6,taxi_conventionne,B,vsl_required,0
P301,V7,taxi_conventionne,O,vsl_required,0
P301,V7,taxi_conventionne,B,vsl_required,0
P301,V8,taxi_conventionne,O,vsl_required,0
P301,V8,taxi_conventionne,B,vsl_required,0
P301,V9,taxi_conventionne,O,vsl_required,0
P301,V9,taxi_conventionne,B,vsl_required,0
P301,V10,taxi_conventionne,O,vsl_required,0
P301,V10,taxi_conventionne,B,vsl_required,0
P301,V11,vsl,O,vsl_required,1
P301,V11,vsl,B,vsl_required,1
P301,V12,vsl,O,vsl_required,1
P301,V12,vsl,B,vsl_required,1
P301,V13,vsl,O,vsl_required,1
P301,V13,vsl,B,vsl_required,1
P301,V14,vsl,O,vsl_required,1
P301,V14,vsl,B,vsl_required,1
P301,V15,vsl,O,vsl_required,1
P301,V15,vsl,B,vsl_required,1
P301,V16,vsl,O,vsl_required,1
P301,V16,vsl,B,vsl_required,1
P301,V17,vsl,O,vsl_required,1
P301,V17,vsl,B,vsl_required,1
P301,V18,vtc_premium,O,vsl_required,0
P301,V18,vtc_premium,B,vsl_required,0
P301,V19,vtc_premium,O,vsl_required,0
P301,V19,vtc_premium,B,vsl_required,0
P301,V20,vtc_premium,O,vsl_required,0
P301,V20,vtc_premium,B,vsl_required,0
P302,V1,taxi_conventionne,O,vsl_required,0
P302,V1,taxi_conventionne,B,vsl_required,0
P302,V2,taxi_conventionne,O,vsl_required,0
P302,V2,taxi_conventionne,B,vsl_required,0
P302,V3,taxi_conventionne,O,vsl_required,0
P302,V3,taxi_conventionne,B,vsl_required,0
P302,V4,taxi_conventionne,O,vsl_required,0
P302,V4,taxi_conventionne,B,vsl_required,0
P302,V5,taxi_conventionne,O,vsl_required,0
P302,V5,taxi_conventionne,B,vsl_required,0
P302,V6,taxi_conventionne,O,vsl_required,0
P302,V6,taxi_conventionne,B,vsl_required,0
P302,V7,taxi_conventionne,O,vsl_required,0
P302,V7,taxi_conventionne,B,vsl_required,0
P302,V8,taxi_conventionne,O,vsl_required,0
P302,V8,taxi_conventionne,B,vsl_required,0
P302,V9,taxi_conventionne,O,vsl_required,0
P302,V9,taxi_conventionne,B,vsl_required,0
P302,V10,taxi_conventionne,O,vsl_required,0
P302,V10,taxi_conventionne,B,vsl_required,0
P302,V11,vsl,O,vsl_required,1
P302,V11,vsl,B,vsl_required,1
P302,V12,vsl,O,vsl_required,1
P302,V12,vsl,B,vsl_required,1
P302,V13,vsl,O,vsl_required,1
P302,V13,vsl,B,vsl_required,1
P302,V14,vsl,O,vsl_required,1
P302,V14,vsl,B,vsl_required,1
P302,V15,vsl,O,vsl_required,1
P302,V15,vsl,B,vsl_required,1
P302,V16,vsl,O,vsl_required,1
P302,V16,vsl,B,vsl_required,1
P302,V17,vsl,O,vsl_required,1
P302,V17,vsl,B,vsl_required,1
P302,V18,vtc_premium,O,vsl_required,0
P302,V18,vtc_premium,B,vsl_required,0
P302,V19,vtc_premium,O,vsl_required,0
P302,V19,vtc_premium,B,vsl_required,0
P302,V20,vtc_premium,O,vsl_required,0
P302,V20,vtc_premium,B,vsl_required,0
P303,V1,taxi_conventionne,O,standard_assis,1
P303,V1,taxi_conventionne,B,standard_assis,1
P303,V2,taxi_conventionne,O,standard_assis,1
P303,V2,taxi_conventionne,B,standard_assis,1
P303,V3,taxi_conventionne,O,standard_assis,1
P303,V3,taxi_conventionne,B,standard_assis,1
P303,V4,taxi_conventionne,O,standard_assis,1
P303,V4,taxi_conventionne,B,standard_assis,1
P303,V5,taxi_conventionne,O,standard_assis,1
P303,V5,taxi_conventionne,B,standard_assis,1
P303,V6,taxi_conventionne,O,standard_assis,1
P303,V6,taxi_conventionne,B,standard_assis,1
P303,V7,taxi_conventionne,O,standard_assis,1
P303,V7,taxi_conventionne,B,standard_assis,1
P303,V8,taxi_conventionne,O,standard_assis,1
P303,V8,taxi_conventionne,B,standard_assis,1
P303,V9,taxi_conventionne,O,standard_assis,1
P303,V9,taxi_conventionne,B,standard_assis,1
P303,V10,taxi_conventionne,O,standard_assis,1
P303,V10,taxi_conventionne,B,standard_assis,1
P303,V11,vsl,O,standard_assis,1
P303,V11,vsl,B,standard_assis,1
P303,V12,vsl,O,standard_assis,1
P303,V12,vsl,B,standard_assis,1
P303,V13,vsl,O,standard_assis,1
P303,V13,vsl,B,standard_assis,1
P303,V14,vsl,O,standard_assis,1
P303,V14,vsl,B,standard_assis,1
P303,V15,vsl,O,standard_assis,1
P303,V15,vsl,B,standard_assis,1
P303,V16,vsl,O,standard_assis,1
P303,V16,vsl,B,standard_assis,1
P303,V17,vsl,O,standard_assis,1
P303,V17,vsl,B,standard_assis,1
P303,V18,vtc_premium,O,standard_assis,1
P303,V18,vtc_premium,B,standard_assis,1
P303,V19,vtc_premium,O,standard_assis,1
P303,V19,vtc_premium,B,standard_assis,1
P303,V20,vtc_premium,O,standard_assis,1
P303,V20,vtc_premium,B,standard_assis,1
P304,V1,taxi_conventionne,O,premium,1
P304,V1,taxi_conventionne,B,premium,1
P304,V2,taxi_conventionne,O,premium,1
P304,V2,taxi_conventionne,B,premium,1
P304,V3,taxi_conventionne,O,premium,1
P304,V3,taxi_conventionne,B,premium,1
P304,V4,taxi_conventionne,O,premium,1
P304,V4,taxi_conventionne,B,premium,1
P304,V5,taxi_conventionne,O,premium,1
P304,V5,taxi_conventionne,B,premium,1
P304,V6,taxi_conventionne,O,premium,1
P304,V6,taxi_conventionne,B,premium,1
P304,V7,taxi_conventionne,O,premium,1
P304,V7,taxi_conventionne,B,premium,1
P304,V8,taxi_conventionne,O,premium,1
P304,V8,taxi_conventionne,B,premium,1
P304,V9,taxi_conventionne,O,premium,1
P304,V9,taxi_conventionne,B,premium,1
P304,V10,taxi_conventionne,O,premium,1
P304,V10,taxi_conventionne,B,premium,1
P304,V11,vsl,O,premium,0
P304,V11,vsl,B,premium,0
P304,V12,vsl,O,premium,0
P304,V12,vsl,B,premium,0
P304,V13,vsl,O,premium,0
P304,V13,vsl,B,premium,0
P304,V14,vsl,O,premium,0
P304,V14,vsl,B,premium,0
P304,V15,vsl,O,premium,0
P304,V15,vsl,B,premium,0
P304,V16,vsl,O,premium,0
P304,V16,vsl,B,premium,0
P304,V17,vsl,O,premium,0
P304,V17,vsl,B,premium,0
P304,V18,vtc_premium,O,premium,1
P304,V18,vtc_premium,B,premium,1
P304,V19,vtc_premium,O,premium,1
P304,V19,vtc_premium,B,premium,1
P304,V20,vtc_premium,O,premium,1
P304,V20,vtc_premium,B,premium,1
P305,V1,taxi_conventionne,O,standard_assis,1
P305,V1,taxi_conventionne,B,standard_assis,1
P305,V2,taxi_conventionne,O,standard_assis,1
P305,V2,taxi_conventionne,B,standard_assis,1
P305,V3,taxi_conventionne,O,standard_assis,1
P305,V3,taxi_conventionne,B,standard_assis,1
P305,V4,taxi_conventionne,O,standard_assis,1
P305,V4,taxi_conventionne,B,standard_assis,1
P305,V5,taxi_conventionne,O,standard_assis,1
P305,V5,taxi_conventionne,B,standard_assis,1
P305,V6,taxi_conventionne,O,standard_assis,1
P305,V6,taxi_conventionne,B,standard_assis,1
P305,V7,taxi_conventionne,O,standard_assis,1
P305,V7,taxi_conventionne,B,standard_assis,1
P305,V8,taxi_conventionne,O,standard_assis,1
P305,V8,taxi_conventionne,B,standard_assis,1
P305,V9,taxi_conventionne,O,standard_assis,1
P305,V9,taxi_conventionne,B,standard_assis,1
P305,V10,taxi_conventionne,O,standard_assis,1
P305,V10,taxi_conventionne,B,standard_assis,1
P305,V11,vsl,O,standard_assis,1
P305,V11,vsl,B,standard_assis,1
P305,V12,vsl,O,standard_assis,1
P305,V12,vsl,B,standard_assis,1
P305,V13,vsl,O,standard_assis,1
P305,V13,vsl,B,standard_assis,1
P305,V14,vsl,O,standard_assis,1
P305,V14,vsl,B,standard_assis,1
P305,V15,vsl,O,standard_assis,1
P305,V15,vsl,B,standard_assis,1
P305,V16,vsl,O,standard_assis,1
P305,V16,vsl,B,standard_assis,1
P305,V17,vsl,O,standard_assis,1
P305,V17,vsl,B,standard_assis,1
P305,V18,vtc_premium,O,standard_assis,1
P305,V18,vtc_premium,B,standard_assis,1
P305,V19,vtc_premium,O,standard_assis,1
P305,V19,vtc_premium,B,standard_assis,1
P305,V20,vtc_premium,O,standard_assis,1
P305,V20,vtc_premium,B,standard_assis,1
P306,V1,taxi_conventionne,O,premium,1
P306,V1,taxi_conventionne,B,premium,1
P306,V2,taxi_conventionne,O,premium,1
P306,V2,taxi_conventionne,B,premium,1
P306,V3,taxi_conventionne,O,premium,1
P306,V3,taxi_conventionne,B,premium,1
P306,V4,taxi_conventionne,O,premium,1
P306,V4,taxi_conventionne,B,premium,1
P306,V5,taxi_conventionne,O,premium,1
P306,V5,taxi_conventionne,B,premium,1
P306,V6,taxi_conventionne,O,premium,1
P306,V6,taxi_conventionne,B,premium,1
P306,V7,taxi_conventionne,O,premium,1
P306,V7,taxi_conventionne,B,premium,1
P306,V8,taxi_conventionne,O,premium,1
P306,V8,taxi_conventionne,B,premium,1
P306,V9,taxi_conventionne,O,premium,1
P306,V9,taxi_conventionne,B,premium,1
P306,V10,taxi_conventionne,O,premium,1
P306,V10,taxi_conventionne,B,premium,1
P306,V11,vsl,O,premium,0
P306,V11,vsl,B,premium,0
P306,V12,vsl,O,premium,0
P306,V12,vsl,B,premium,0
P306,V13,vsl,O,premium,0
P306,V13,vsl,B,premium,0
P306,V14,vsl,O,premium,0
P306,V14,vsl,B,premium,0
P306,V15,vsl,O,premium,0
P306,V15,vsl,B,premium,0
P306,V16,vsl,O,premium,0
P306,V16,vsl,B,premium,0
P306,V17,vsl,O,premium,0
P306,V17,vsl,B,premium,0
P306,V18,vtc_premium,O,premium,1
P306,V18,vtc_premium,B,premium,1
P306,V19,vtc_premium,O,premium,1
P306,V19,vtc_premium,B,premium,1
P306,V20,vtc_premium,O,premium,1
P306,V20,vtc_premium,B,premium,1
P307,V1,taxi_conventionne,O,standard_assis,1
P307,V1,taxi_conventionne,B,standard_assis,1
P307,V2,taxi_conventionne,O,standard_assis,1
P307,V2,taxi_conventionne,B,standard_assis,1
P307,V3,taxi_conventionne,O,standard_assis,1
P307,V3,taxi_conventionne,B,standard_assis,1
P307,V4,taxi_conventionne,O,standard_assis,1
P307,V4,taxi_conventionne,B,standard_assis,1
P307,V5,taxi_conventionne,O,standard_assis,1
P307,V5,taxi_conventionne,B,standard_assis,1
P307,V6,taxi_conventionne,O,standard_assis,1
P307,V6,taxi_conventionne,B,standard_assis,1
P307,V7,taxi_conventionne,O,standard_assis,1
P307,V7,taxi_conventionne,B,standard_assis,1
P307,V8,taxi_conventionne,O,standard_assis,1
P307,V8,taxi_conventionne,B,standard_assis,1
P307,V9,taxi_conventionne,O,standard_assis,1
P307,V9,taxi_conventionne,B,standard_assis,1
P307,V10,taxi_conventionne,O,standard_assis,1
P307,V10,taxi_conventionne,B,standard_assis,1
P307,V11,vsl,O,standard_assis,1
P307,V11,vsl,B,standard_assis,1
P307,V12,vsl,O,standard_assis,1
P307,V12,vsl,B,standard_assis,1
P307,V13,vsl,O,standard_assis,1
P307,V13,vsl,B,standard_assis,1
P307,V14,vsl,O,standard_assis,1
P307,V14,vsl,B,standard_assis,1
P307,V15,vsl,O,standard_assis,1
P307,V15,vsl,B,standard_assis,1
P307,V16,vsl,O,standard_assis,1
P307,V16,vsl,B,standard_assis,1
P307,V17,vsl,O,standard_assis,1
P307,V17,vsl,B,standard_assis,1
P307,V18,vtc_premium,O,standard_assis,1
P307,V18,vtc_premium,B,standard_assis,1
P307,V19,vtc_premium,O,standard_assis,1
P307,V19,vtc_premium,B,standard_assis,1
P307,V20,vtc_premium,O,standard_assis,1
P307,V20,vtc_premium,B,standard_assis,1
P308,V1,taxi_conventionne,O,prescription_medicale,1
P308,V1,taxi_conventionne,B,prescription_medicale,1
P308,V2,taxi_conventionne,O,prescription_medicale,1
P308,V2,taxi_conventionne,B,prescription_medicale,1
P308,V3,taxi_conventionne,O,prescription_medicale,1
P308,V3,taxi_conventionne,B,prescription_medicale,1
P308,V4,taxi_conventionne,O,prescription_medicale,1
P308,V4,taxi_conventionne,B,prescription_medicale,1
P308,V5,taxi_conventionne,O,prescription_medicale,1
P308,V5,taxi_conventionne,B,prescription_medicale,1
P308,V6,taxi_conventionne,O,prescription_medicale,1
P308,V6,taxi_conventionne,B,prescription_medicale,1
P308,V7,taxi_conventionne,O,prescription_medicale,1
P308,V7,taxi_conventionne,B,prescription_medicale,1
P308,V8,taxi_conventionne,O,prescription_medicale,1
P308,V8,taxi_conventionne,B,prescription_medicale,1
P308,V9,taxi_conventionne,O,prescription_medicale,1
P308,V9,taxi_conventionne,B,prescription_medicale,1
P308,V10,taxi_conventionne,O,prescription_medicale,1
P308,V10,taxi_conventionne,B,prescription_medicale,1
P308,V11,vsl,O,prescription_medicale,1
P308,V11,vsl,B,prescription_medicale,1
P308,V12,vsl,O,prescription_medicale,1
P308,V12,vsl,B,prescription_medicale,1
P308,V13,vsl,O,prescription_medicale,1
P308,V13,vsl,B,prescription_medicale,1
P308,V14,vsl,O,prescription_medicale,1
P308,V14,vsl,B,prescription_medicale,1
P308,V15,vsl,O,prescription_medicale,1
P308,V15,vsl,B,prescription_medicale,1
P308,V16,vsl,O,prescription_medicale,1
P308,V16,vsl,B,prescription_medicale,1
P308,V17,vsl,O,prescription_medicale,1
P308,V17,vsl,B,prescription_medicale,1
P308,V18,vtc_premium,O,prescription_medicale,0
P308,V18,vtc_premium,B,prescription_medicale,0
P308,V19,vtc_premium,O,prescription_medicale,0
P308,V19,vtc_premium,B,prescription_medicale,0
P308,V20,vtc_premium,O,prescription_medicale,0
P308,V20,vtc_premium,B,prescription_medicale,0
P309,V1,taxi_conventionne,O,vsl_required,0
P309,V1,taxi_conventionne,B,vsl_required,0
P309,V2,taxi_conventionne,O,vsl_required,0
P309,V2,taxi_conventionne,B,vsl_required,0
P309,V3,taxi_conventionne,O,vsl_required,0
P309,V3,taxi_conventionne,B,vsl_required,0
P309,V4,taxi_conventionne,O,vsl_required,0
P309,V4,taxi_conventionne,B,vsl_required,0
P309,V5,taxi_conventionne,O,vsl_required,0
P309,V5,taxi_conventionne,B,vsl_required,0
P309,V6,taxi_conventionne,O,vsl_required,0
P309,V6,taxi_conventionne,B,vsl_required,0
P309,V7,taxi_conventionne,O,vsl_required,0
P309,V7,taxi_conventionne,B,vsl_required,0
P309,V8,taxi_conventionne,O,vsl_required,0
P309,V8,taxi_conventionne,B,vsl_required,0
P309,V9,taxi_conventionne,O,vsl_required,0
P309,V9,taxi_conventionne,B,vsl_required,0
P309,V10,taxi_conventionne,O,vsl_required,0
P309,V10,taxi_conventionne,B,vsl_required,0
P309,V11,vsl,O,vsl_required,1
P309,V11,vsl,B,vsl_required,1
P309,V12,vsl,O,vsl_required,1
P309,V12,vsl,B,vsl_required,1
P309,V13,vsl,O,vsl_required,1
P309,V13,vsl,B,vsl_required,1
P309,V14,vsl,O,vsl_required,1
P309,V14,vsl,B,vsl_required,1
P309,V15,vsl,O,vsl_required,1
P309,V15,vsl,B,vsl_required,1
P309,V16,vsl,O,vsl_required,1
P309,V16,vsl,B,vsl_required,1
P309,V17,vsl,O,vsl_required,1
P309,V17,vsl,B,vsl_required,1
P309,V18,vtc_premium,O,vsl_required,0
P309,V18,vtc_premium,B,vsl_required,0
P309,V19,vtc_premium,O,vsl_required,0
P309,V19,vtc_premium,B,vsl_required,0
P309,V20,vtc_premium,O,vsl_required,0
P309,V20,vtc_premium,B,vsl_required,0
P310,V1,taxi_conventionne,O,prescription_medicale,1
P310,V1,taxi_conventionne,B,prescription_medicale,1
P310,V2,taxi_conventionne,O,prescription_medicale,1
P310,V2,taxi_conventionne,B,prescription_medicale,1
P310,V3,taxi_conventionne,O,prescription_medicale,1
P310,V3,taxi_conventionne,B,prescription_medicale,1
P310,V4,taxi_conventionne,O,prescription_medicale,1
P310,V4,taxi_conventionne,B,prescription_medicale,1
P310,V5,taxi_conventionne,O,prescription_medicale,1
P310,V5,taxi_conventionne,B,prescription_medicale,1
P310,V6,taxi_conventionne,O,prescription_medicale,1
P310,V6,taxi_conventionne,B,prescription_medicale,1
P310,V7,taxi_conventionne,O,prescription_medicale,1
P310,V7,taxi_conventionne,B,prescription_medicale,1
P310,V8,taxi_conventionne,O,prescription_medicale,1
P310,V8,taxi_conventionne,B,prescription_medicale,1
P310,V9,taxi_conventionne,O,prescription_medicale,1
P310,V9,taxi_conventionne,B,prescription_medicale,1
P310,V10,taxi_conventionne,O,prescription_medicale,1
P310,V10,taxi_conventionne,B,prescription_medicale,1
P310,V11,vsl,O,prescription_medicale,1
P310,V11,vsl,B,prescription_medicale,1
P310,V12,vsl,O,prescription_medicale,1
P310,V12,vsl,B,prescription_medicale,1
P310,V13,vsl,O,prescription_medicale,1
P310,V13,vsl,B,prescription_medicale,1
P310,V14,vsl,O,prescription_medicale,1
P310,V14,vsl,B,prescription_medicale,1
P310,V15,vsl,O,prescription_medicale,1
P310,V15,vsl,B,prescription_medicale,1
P310,V16,vsl,O,prescription_medicale,1
P310,V16,vsl,B,prescription_medicale,1
P310,V17,vsl,O,prescription_medicale,1
P310,V17,vsl,B,prescription_medicale,1
P310,V18,vtc_premium,O,prescription_medicale,0
P310,V18,vtc_premium,B,prescription_medicale,0
P310,V19,vtc_premium,O,prescription_medicale,0
P310,V19,vtc_premium,B,prescription_medicale,0
P310,V20,vtc_premium,O,prescription_medicale,0
P310,V20,vtc_premium,B,prescription_medicale,0
P311,V1,taxi_conventionne,O,vsl_required,0
P311,V1,taxi_conventionne,B,vsl_required,0
P311,V2,taxi_conventionne,O,vsl_required,0
P311,V2,taxi_conventionne,B,vsl_required,0
P311,V3,taxi_conventionne,O,vsl_required,0
P311,V3,taxi_conventionne,B,vsl_required,0
P311,V4,taxi_conventionne,O,vsl_required,0
P311,V4,taxi_conventionne,B,vsl_required,0
P311,V5,taxi_conventionne,O,vsl_required,0
P311,V5,taxi_conventionne,B,vsl_required,0
P311,V6,taxi_conventionne,O,vsl_required,0
P311,V6,taxi_conventionne,B,vsl_required,0
P311,V7,taxi_conventionne,O,vsl_required,0
P311,V7,taxi_conventionne,B,vsl_required,0
P311,V8,taxi_conventionne,O,vsl_required,0
P311,V8,taxi_conventionne,B,vsl_required,0
P311,V9,taxi_conventionne,O,vsl_required,0
P311,V9,taxi_conventionne,B,vsl_required,0
P311,V10,taxi_conventionne,O,vsl_required,0
P311,V10,taxi_conventionne,B,vsl_required,0
P311,V11,vsl,O,vsl_required,1
P311,V11,vsl,B,vsl_required,1
P311,V12,vsl,O,vsl_required,1
P311,V12,vsl,B,vsl_required,1
P311,V13,vsl,O,vsl_required,1
P311,V13,vsl,B,vsl_required,1
P311,V14,vsl,O,vsl_required,1
P311,V14,vsl,B,vsl_required,1
P311,V15,vsl,O,vsl_required,1
P311,V15,vsl,B,vsl_required,1
P311,V16,vsl,O,vsl_required,1
P311,V16,vsl,B,vsl_required,1
P311,V17,vsl,O,vsl_required,1
P311,V17,vsl,B,vsl_required,1
P311,V18,vtc_premium,O,vsl_required,0
P311,V18,vtc_premium,B,vsl_required,0
P311,V19,vtc_premium,O,vsl_required,0
P311,V19,vtc_premium,B,vsl_required,0
P311,V20,vtc_premium,O,vsl_required,0
P311,V20,vtc_premium,B,vsl_required,0
P312,V1,taxi_conventionne,O,prescription_medicale,1
P312,V1,taxi_conventionne,B,prescription_medicale,1
P312,V2,taxi_conventionne,O,prescription_medicale,1
P312,V2,taxi_conventionne,B,prescription_medicale,1
P312,V3,taxi_conventionne,O,prescription_medicale,1
P312,V3,taxi_conventionne,B,prescription_medicale,1
P312,V4,taxi_conventionne,O,prescription_medicale,1
P312,V4,taxi_conventionne,B,prescription_medicale,1
P312,V5,taxi_conventionne,O,prescription_medicale,1
P312,V5,taxi_conventionne,B,prescription_medicale,1
P312,V6,taxi_conventionne,O,prescription_medicale,1
P312,V6,taxi_conventionne,B,prescription_medicale,1
P312,V7,taxi_conventionne,O,prescription_medicale,1
P312,V7,taxi_conventionne,B,prescription_medicale,1
P312,V8,taxi_conventionne,O,prescription_medicale,1
P312,V8,taxi_conventionne,B,prescription_medicale,1
P312,V9,taxi_conventionne,O,prescription_medicale,1
P312,V9,taxi_conventionne,B,prescription_medicale,1
P312,V10,taxi_conventionne,O,prescription_medicale,1
P312,V10,taxi_conventionne,B,prescription_medicale,1
P312,V11,vsl,O,prescription_medicale,1
P312,V11,vsl,B,prescription_medicale,1
P312,V12,vsl,O,prescription_medicale,1
P312,V12,vsl,B,prescription_medicale,1
P312,V13,vsl,O,prescription_medicale,1
P312,V13,vsl,B,prescription_medicale,1
P312,V14,vsl,O,prescription_medicale,1
P312,V14,vsl,B,prescription_medicale,1
P312,V15,vsl,O,prescription_medicale,1
P312,V15,vsl,B,prescription_medicale,1
P312,V16,vsl,O,prescription_medicale,1
P312,V16,vsl,B,prescription_medicale,1
P312,V17,vsl,O,prescription_medicale,1
P312,V17,vsl,B,prescription_medicale,1
P312,V18,vtc_premium,O,prescription_medicale,0
P312,V18,vtc_premium,B,prescription_medicale,0
P312,V19,vtc_premium,O,prescription_medicale,0
P312,V19,vtc_premium,B,prescription_medicale,0
P312,V20,vtc_premium,O,prescription_medicale,0
P312,V20,vtc_premium,B,prescription_medicale,0
P313,V1,taxi_conventionne,O,vsl_required,0
P313,V1,taxi_conventionne,B,vsl_required,0
P313,V2,taxi_conventionne,O,vsl_required,0
P313,V2,taxi_conventionne,B,vsl_required,0
P313,V3,taxi_conventionne,O,vsl_required,0
P313,V3,taxi_conventionne,B,vsl_required,0
P313,V4,taxi_conventionne,O,vsl_required,0
P313,V4,taxi_conventionne,B,vsl_required,0
P313,V5,taxi_conventionne,O,vsl_required,0
P313,V5,taxi_conventionne,B,vsl_required,0
P313,V6,taxi_conventionne,O,vsl_required,0
P313,V6,taxi_conventionne,B,vsl_required,0
P313,V7,taxi_conventionne,O,vsl_required,0
P313,V7,taxi_conventionne,B,vsl_required,0
P313,V8,taxi_conventionne,O,vsl_required,0
P313,V8,taxi_conventionne,B,vsl_required,0
P313,V9,taxi_conventionne,O,vsl_required,0
P313,V9,taxi_conventionne,B,vsl_required,0
P313,V10,taxi_conventionne,O,vsl_required,0
P313,V10,taxi_conventionne,B,vsl_required,0
P313,V11,vsl,O,vsl_required,1
P313,V11,vsl,B,vsl_required,1
P313,V12,vsl,O,vsl_required,1
P313,V12,vsl,B,vsl_required,1
P313,V13,vsl,O,vsl_required,1
P313,V13,vsl,B,vsl_required,1
P313,V14,vsl,O,vsl_required,1
P313,V14,vsl,B,vsl_required,1
P313,V15,vsl,O,vsl_required,1
P313,V15,vsl,B,vsl_required,1
P313,V16,vsl,O,vsl_required,1
P313,V16,vsl,B,vsl_required,1
P313,V17,vsl,O,vsl_required,1
P313,V17,vsl,B,vsl_required,1
P313,V18,vtc_premium,O,vsl_required,0
P313,V18,vtc_premium,B,vsl_required,0
P313,V19,vtc_premium,O,vsl_required,0
P313,V19,vtc_premium,B,vsl_required,0
P313,V20,vtc_premium,O,vsl_required,0
P313,V20,vtc_premium,B,vsl_required,0
P314,V1,taxi_conventionne,O,prescription_medicale,1
P314,V1,taxi_conventionne,B,prescription_medicale,1
P314,V2,taxi_conventionne,O,prescription_medicale,1
P314,V2,taxi_conventionne,B,prescription_medicale,1
P314,V3,taxi_conventionne,O,prescription_medicale,1
P314,V3,taxi_conventionne,B,prescription_medicale,1
P314,V4,taxi_conventionne,O,prescription_medicale,1
P314,V4,taxi_conventionne,B,prescription_medicale,1
P314,V5,taxi_conventionne,O,prescription_medicale,1
P314,V5,taxi_conventionne,B,prescription_medicale,1
P314,V6,taxi_conventionne,O,prescription_medicale,1
P314,V6,taxi_conventionne,B,prescription_medicale,1
P314,V7,taxi_conventionne,O,prescription_medicale,1
P314,V7,taxi_conventionne,B,prescription_medicale,1
P314,V8,taxi_conventionne,O,prescription_medicale,1
P314,V8,taxi_conventionne,B,prescription_medicale,1
P314,V9,taxi_conventionne,O,prescription_medicale,1
P314,V9,taxi_conventionne,B,prescription_medicale,1
P314,V10,taxi_conventionne,O,prescription_medicale,1
P314,V10,taxi_conventionne,B,prescription_medicale,1
P314,V11,vsl,O,prescription_medicale,1
P314,V11,vsl,B,prescription_medicale,1
P314,V12,vsl,O,prescription_medicale,1
P314,V12,vsl,B,prescription_medicale,1
P314,V13,vsl,O,prescription_medicale,1
P314,V13,vsl,B,prescription_medicale,1
P314,V14,vsl,O,prescription_medicale,1
P314,V14,vsl,B,prescription_medicale,1
P314,V15,vsl,O,prescription_medicale,1
P314,V15,vsl,B,prescription_medicale,1
P314,V16,vsl,O,prescription_medicale,1
P314,V16,vsl,B,prescription_medicale,1
P314,V17,vsl,O,prescription_medicale,1
P314,V17,vsl,B,prescription_medicale,1
P314,V18,vtc_premium,O,prescription_medicale,0
P314,V18,vtc_premium,B,prescription_medicale,0
P314,V19,vtc_premium,O,prescription_medicale,0
P314,V19,vtc_premium,B,prescription_medicale,0
P314,V20,vtc_premium,O,prescription_medicale,0
P314,V20,vtc_premium,B,prescription_medicale,0
P315,V1,taxi_conventionne,O,vsl_required,0
P315,V1,taxi_conventionne,B,vsl_required,0
P315,V2,taxi_conventionne,O,vsl_required,0
P315,V2,taxi_conventionne,B,vsl_required,0
P315,V3,taxi_conventionne,O,vsl_required,0
P315,V3,taxi_conventionne,B,vsl_required,0
P315,V4,taxi_conventionne,O,vsl_required,0
P315,V4,taxi_conventionne,B,vsl_required,0
P315,V5,taxi_conventionne,O,vsl_required,0
P315,V5,taxi_conventionne,B,vsl_required,0
P315,V6,taxi_conventionne,O,vsl_required,0
P315,V6,taxi_conventionne,B,vsl_required,0
P315,V7,taxi_conventionne,O,vsl_required,0
P315,V7,taxi_conventionne,B,vsl_required,0
P315,V8,taxi_conventionne,O,vsl_required,0
P315,V8,taxi_conventionne,B,vsl_required,0
P315,V9,taxi_conventionne,O,vsl_required,0
P315,V9,taxi_conventionne,B,vsl_required,0
P315,V10,taxi_conventionne,O,vsl_required,0
P315,V10,taxi_conventionne,B,vsl_required,0
P315,V11,vsl,O,vsl_required,1
P315,V11,vsl,B,vsl_required,1
P315,V12,vsl,O,vsl_required,1
P315,V12,vsl,B,vsl_required,1
P315,V13,vsl,O,vsl_required,1
P315,V13,vsl,B,vsl_required,1
P315,V14,vsl,O,vsl_required,1
P315,V14,vsl,B,vsl_required,1
P315,V15,vsl,O,vsl_required,1
P315,V15,vsl,B,vsl_required,1
P315,V16,vsl,O,vsl_required,1
P315,V16,vsl,B,vsl_required,1
P315,V17,vsl,O,vsl_required,1
P315,V17,vsl,B,vsl_required,1
P315,V18,vtc_premium,O,vsl_required,0
P315,V18,vtc_premium,B,vsl_required,0
P315,V19,vtc_premium,O,vsl_required,0
P315,V19,vtc_premium,B,vsl_required,0
P315,V20,vtc_premium,O,vsl_required,0
P315,V20,vtc_premium,B,vsl_required,0
P316,V1,taxi_conventionne,O,vsl_required,0
P316,V1,taxi_conventionne,B,vsl_required,0
P316,V2,taxi_conventionne,O,vsl_required,0
P316,V2,taxi_conventionne,B,vsl_required,0
P316,V3,taxi_conventionne,O,vsl_required,0
P316,V3,taxi_conventionne,B,vsl_required,0
P316,V4,taxi_conventionne,O,vsl_required,0
P316,V4,taxi_conventionne,B,vsl_required,0
P316,V5,taxi_conventionne,O,vsl_required,0
P316,V5,taxi_conventionne,B,vsl_required,0
P316,V6,taxi_conventionne,O,vsl_required,0
P316,V6,taxi_conventionne,B,vsl_required,0
P316,V7,taxi_conventionne,O,vsl_required,0
P316,V7,taxi_conventionne,B,vsl_required,0
P316,V8,taxi_conventionne,O,vsl_required,0
P316,V8,taxi_conventionne,B,vsl_required,0
P316,V9,taxi_conventionne,O,vsl_required,0
P316,V9,taxi_conventionne,B,vsl_required,0
P316,V10,taxi_conventionne,O,vsl_required,0
P316,V10,taxi_conventionne,B,vsl_required,0
P316,V11,vsl,O,vsl_required,1
P316,V11,vsl,B,vsl_required,1
P316,V12,vsl,O,vsl_required,1
P316,V12,vsl,B,vsl_required,1
P316,V13,vsl,O,vsl_required,1
P316,V13,vsl,B,vsl_required,1
P316,V14,vsl,O,vsl_required,1
P316,V14,vsl,B,vsl_required,1
P316,V15,vsl,O,vsl_required,1
P316,V15,vsl,B,vsl_required,1
P316,V16,vsl,O,vsl_required,1
P316,V16,vsl,B,vsl_required,1
P316,V17,vsl,O,vsl_required,1
P316,V17,vsl,B,vsl_required,1
P316,V18,vtc_premium,O,vsl_required,0
P316,V18,vtc_premium,B,vsl_required,0
P316,V19,vtc_premium,O,vsl_required,0
P316,V19,vtc_premium,B,vsl_required,0
P316,V20,vtc_premium,O,vsl_required,0
P316,V20,vtc_premium,B,vsl_required,0
P317,V1,taxi_conventionne,O,vsl_required,0
P317,V1,taxi_conventionne,B,vsl_required,0
P317,V2,taxi_conventionne,O,vsl_required,0
P317,V2,taxi_conventionne,B,vsl_required,0
P317,V3,taxi_conventionne,O,vsl_required,0
P317,V3,taxi_conventionne,B,vsl_required,0
P317,V4,taxi_conventionne,O,vsl_required,0
P317,V4,taxi_conventionne,B,vsl_required,0
P317,V5,taxi_conventionne,O,vsl_required,0
P317,V5,taxi_conventionne,B,vsl_required,0
P317,V6,taxi_conventionne,O,vsl_required,0
P317,V6,taxi_conventionne,B,vsl_required,0
P317,V7,taxi_conventionne,O,vsl_required,0
P317,V7,taxi_conventionne,B,vsl_required,0
P317,V8,taxi_conventionne,O,vsl_required,0
P317,V8,taxi_conventionne,B,vsl_required,0
P317,V9,taxi_conventionne,O,vsl_required,0
P317,V9,taxi_conventionne,B,vsl_required,0
P317,V10,taxi_conventionne,O,vsl_required,0
P317,V10,taxi_conventionne,B,vsl_required,0
P317,V11,vsl,O,vsl_required,1
P317,V11,vsl,B,vsl_required,1
P317,V12,vsl,O,vsl_required,1
P317,V12,vsl,B,vsl_required,1
P317,V13,vsl,O,vsl_required,1
P317,V13,vsl,B,vsl_required,1
P317,V14,vsl,O,vsl_required,1
P317,V14,vsl,B,vsl_required,1
P317,V15,vsl,O,vsl_required,1
P317,V15,vsl,B,vsl_required,1
P317,V16,vsl,O,vsl_required,1
P317,V16,vsl,B,vsl_required,1
P317,V17,vsl,O,vsl_required,1
P317,V17,vsl,B,vsl_required,1
P317,V18,vtc_premium,O,vsl_required,0
P317,V18,vtc_premium,B,vsl_required,0
P317,V19,vtc_premium,O,vsl_required,0
P317,V19,vtc_premium,B,vsl_required,0
P317,V20,vtc_premium,O,vsl_required,0
P317,V20,vtc_premium,B,vsl_required,0
P318,V1,taxi_conventionne,O,standard_assis,1
P318,V1,taxi_conventionne,B,standard_assis,1
P318,V2,taxi_conventionne,O,standard_assis,1
P318,V2,taxi_conventionne,B,standard_assis,1
P318,V3,taxi_conventionne,O,standard_assis,1
P318,V3,taxi_conventionne,B,standard_assis,1
P318,V4,taxi_conventionne,O,standard_assis,1
P318,V4,taxi_conventionne,B,standard_assis,1
P318,V5,taxi_conventionne,O,standard_assis,1
P318,V5,taxi_conventionne,B,standard_assis,1
P318,V6,taxi_conventionne,O,standard_assis,1
P318,V6,taxi_conventionne,B,standard_assis,1
P318,V7,taxi_conventionne,O,standard_assis,1
P318,V7,taxi_conventionne,B,standard_assis,1
P318,V8,taxi_conventionne,O,standard_assis,1
P318,V8,taxi_conventionne,B,standard_assis,1
P318,V9,taxi_conventionne,O,standard_assis,1
P318,V9,taxi_conventionne,B,standard_assis,1
P318,V10,taxi_conventionne,O,standard_assis,1
P318,V10,taxi_conventionne,B,standard_assis,1
P318,V11,vsl,O,standard_assis,1
P318,V11,vsl,B,standard_assis,1
P318,V12,vsl,O,standard_assis,1
P318,V12,vsl,B,standard_assis,1
P318,V13,vsl,O,standard_assis,1
P318,V13,vsl,B,standard_assis,1
P318,V14,vsl,O,standard_assis,1
P318,V14,vsl,B,standard_assis,1
P318,V15,vsl,O,standard_assis,1
P318,V15,vsl,B,standard_assis,1
P318,V16,vsl,O,standard_assis,1
P318,V16,vsl,B,standard_assis,1
P318,V17,vsl,O,standard_assis,1
P318,V17,vsl,B,standard_assis,1
P318,V18,vtc_premium,O,standard_assis,1
P318,V18,vtc_premium,B,standard_assis,1
P318,V19,vtc_premium,O,standard_assis,1
P318,V19,vtc_premium,B,standard_assis,1
P318,V20,vtc_premium,O,standard_assis,1
P318,V20,vtc_premium,B,standard_assis,1
P319,V1,taxi_conventionne,O,vsl_required,0
P319,V1,taxi_conventionne,B,vsl_required,0
P319,V2,taxi_conventionne,O,vsl_required,0
P319,V2,taxi_conventionne,B,vsl_required,0
P319,V3,taxi_conventionne,O,vsl_required,0
P319,V3,taxi_conventionne,B,vsl_required,0
P319,V4,taxi_conventionne,O,vsl_required,0
P319,V4,taxi_conventionne,B,vsl_required,0
P319,V5,taxi_conventionne,O,vsl_required,0
P319,V5,taxi_conventionne,B,vsl_required,0
P319,V6,taxi_conventionne,O,vsl_required,0
P319,V6,taxi_conventionne,B,vsl_required,0
P319,V7,taxi_conventionne,O,vsl_required,0
P319,V7,taxi_conventionne,B,vsl_required,0
P319,V8,taxi_conventionne,O,vsl_required,0
P319,V8,taxi_conventionne,B,vsl_required,0
P319,V9,taxi_conventionne,O,vsl_required,0
P319,V9,taxi_conventionne,B,vsl_required,0
P319,V10,taxi_conventionne,O,vsl_required,0
P319,V10,taxi_conventionne,B,vsl_required,0
P319,V11,vsl,O,vsl_required,1
P319,V11,vsl,B,vsl_required,1
P319,V12,vsl,O,vsl_required,1
P319,V12,vsl,B,vsl_required,1
P319,V13,vsl,O,vsl_required,1
P319,V13,vsl,B,vsl_required,1
P319,V14,vsl,O,vsl_required,1
P319,V14,vsl,B,vsl_required,1
P319,V15,vsl,O,vsl_required,1
P319,V15,vsl,B,vsl_required,1
P319,V16,vsl,O,vsl_required,1
P319,V16,vsl,B,vsl_required,1
P319,V17,vsl,O,vsl_required,1
P319,V17,vsl,B,vsl_required,1
P319,V18,vtc_premium,O,vsl_required,0
P319,V18,vtc_premium,B,vsl_required,0
P319,V19,vtc_premium,O,vsl_required,0
P319,V19,vtc_premium,B,vsl_required,0
P319,V20,vtc_premium,O,vsl_required,0
P319,V20,vtc_premium,B,vsl_required,0
P320,V1,taxi_conventionne,O,vsl_required,0
P320,V1,taxi_conventionne,B,vsl_required,0
P320,V2,taxi_conventionne,O,vsl_required,0
P320,V2,taxi_conventionne,B,vsl_required,0
P320,V3,taxi_conventionne,O,vsl_required,0
P320,V3,taxi_conventionne,B,vsl_required,0
P320,V4,taxi_conventionne,O,vsl_required,0
P320,V4,taxi_conventionne,B,vsl_required,0
P320,V5,taxi_conventionne,O,vsl_required,0
P320,V5,taxi_conventionne,B,vsl_required,0
P320,V6,taxi_conventionne,O,vsl_required,0
P320,V6,taxi_conventionne,B,vsl_required,0
P320,V7,taxi_conventionne,O,vsl_required,0
P320,V7,taxi_conventionne,B,vsl_required,0
P320,V8,taxi_conventionne,O,vsl_required,0
P320,V8,taxi_conventionne,B,vsl_required,0
P320,V9,taxi_conventionne,O,vsl_required,0
P320,V9,taxi_conventionne,B,vsl_required,0
P320,V10,taxi_conventionne,O,vsl_required,0
P320,V10,taxi_conventionne,B,vsl_required,0
P320,V11,vsl,O,vsl_required,1
P320,V11,vsl,B,vsl_required,1
P320,V12,vsl,O,vsl_required,1
P320,V12,vsl,B,vsl_required,1
P320,V13,vsl,O,vsl_required,1
P320,V13,vsl,B,vsl_required,1
P320,V14,vsl,O,vsl_required,1
P320,V14,vsl,B,vsl_required,1
P320,V15,vsl,O,vsl_required,1
P320,V15,vsl,B,vsl_required,1
P320,V16,vsl,O,vsl_required,1
P320,V16,vsl,B,vsl_required,1
P320,V17,vsl,O,vsl_required,1
P320,V17,vsl,B,vsl_required,1
P320,V18,vtc_premium,O,vsl_required,0
P320,V18,vtc_premium,B,vsl_required,0
P320,V19,vtc_premium,O,vsl_required,0
P320,V19,vtc_premium,B,vsl_required,0
P320,V20,vtc_premium,O,vsl_required,0
P320,V20,vtc_premium,B,vsl_required,0
P321,V1,taxi_conventionne,O,standard_assis,1
P321,V1,taxi_conventionne,B,standard_assis,1
P321,V2,taxi_conventionne,O,standard_assis,1
P321,V2,taxi_conventionne,B,standard_assis,1
P321,V3,taxi_conventionne,O,standard_assis,1
P321,V3,taxi_conventionne,B,standard_assis,1
P321,V4,taxi_conventionne,O,standard_assis,1
P321,V4,taxi_conventionne,B,standard_assis,1
P321,V5,taxi_conventionne,O,standard_assis,1
P321,V5,taxi_conventionne,B,standard_assis,1
P321,V6,taxi_conventionne,O,standard_assis,1
P321,V6,taxi_conventionne,B,standard_assis,1
P321,V7,taxi_conventionne,O,standard_assis,1
P321,V7,taxi_conventionne,B,standard_assis,1
P321,V8,taxi_conventionne,O,standard_assis,1
P321,V8,taxi_conventionne,B,standard_assis,1
P321,V9,taxi_conventionne,O,standard_assis,1
P321,V9,taxi_conventionne,B,standard_assis,1
P321,V10,taxi_conventionne,O,standard_assis,1
P321,V10,taxi_conventionne,B,standard_assis,1
P321,V11,vsl,O,standard_assis,1
P321,V11,vsl,B,standard_assis,1
P321,V12,vsl,O,standard_assis,1
P321,V12,vsl,B,standard_assis,1
P321,V13,vsl,O,standard_assis,1
P321,V13,vsl,B,standard_assis,1
P321,V14,vsl,O,standard_assis,1
P321,V14,vsl,B,standard_assis,1
P321,V15,vsl,O,standard_assis,1
P321,V15,vsl,B,standard_assis,1
P321,V16,vsl,O,standard_assis,1
P321,V16,vsl,B,standard_assis,1
P321,V17,vsl,O,standard_assis,1
P321,V17,vsl,B,standard_assis,1
P321,V18,vtc_premium,O,standard_assis,1
P321,V18,vtc_premium,B,standard_assis,1
P321,V19,vtc_premium,O,standard_assis,1
P321,V19,vtc_premium,B,standard_assis,1
P321,V20,vtc_premium,O,standard_assis,1
P321,V20,vtc_premium,B,standard_assis,1
P322,V1,taxi_conventionne,O,vsl_required,0
P322,V1,taxi_conventionne,B,vsl_required,0
P322,V2,taxi_conventionne,O,vsl_required,0
P322,V2,taxi_conventionne,B,vsl_required,0
P322,V3,taxi_conventionne,O,vsl_required,0
P322,V3,taxi_conventionne,B,vsl_required,0
P322,V4,taxi_conventionne,O,vsl_required,0
P322,V4,taxi_conventionne,B,vsl_required,0
P322,V5,taxi_conventionne,O,vsl_required,0
P322,V5,taxi_conventionne,B,vsl_required,0
P322,V6,taxi_conventionne,O,vsl_required,0
P322,V6,taxi_conventionne,B,vsl_required,0
P322,V7,taxi_conventionne,O,vsl_required,0
P322,V7,taxi_conventionne,B,vsl_required,0
P322,V8,taxi_conventionne,O,vsl_required,0
P322,V8,taxi_conventionne,B,vsl_required,0
P322,V9,taxi_conventionne,O,vsl_required,0
P322,V9,taxi_conventionne,B,vsl_required,0
P322,V10,taxi_conventionne,O,vsl_required,0
P322,V10,taxi_conventionne,B,vsl_required,0
P322,V11,vsl,O,vsl_required,1
P322,V11,vsl,B,vsl_required,1
P322,V12,vsl,O,vsl_required,1
P322,V12,vsl,B,vsl_required,1
P322,V13,vsl,O,vsl_required,1
P322,V13,vsl,B,vsl_required,1
P322,V14,vsl,O,vsl_required,1
P322,V14,vsl,B,vsl_required,1
P322,V15,vsl,O,vsl_required,1
P322,V15,vsl,B,vsl_required,1
P322,V16,vsl,O,vsl_required,1
P322,V16,vsl,B,vsl_required,1
P322,V17,vsl,O,vsl_required,1
P322,V17,vsl,B,vsl_required,1
P322,V18,vtc_premium,O,vsl_required,0
P322,V18,vtc_premium,B,vsl_required,0
P322,V19,vtc_premium,O,vsl_required,0
P322,V19,vtc_premium,B,vsl_required,0
P322,V20,vtc_premium,O,vsl_required,0
P322,V20,vtc_premium,B,vsl_required,0
P323,V1,taxi_conventionne,O,vsl_required,0
P323,V1,taxi_conventionne,B,vsl_required,0
P323,V2,taxi_conventionne,O,vsl_required,0
P323,V2,taxi_conventionne,B,vsl_required,0
P323,V3,taxi_conventionne,O,vsl_required,0
P323,V3,taxi_conventionne,B,vsl_required,0
P323,V4,taxi_conventionne,O,vsl_required,0
P323,V4,taxi_conventionne,B,vsl_required,0
P323,V5,taxi_conventionne,O,vsl_required,0
P323,V5,taxi_conventionne,B,vsl_required,0
P323,V6,taxi_conventionne,O,vsl_required,0
P323,V6,taxi_conventionne,B,vsl_required,0
P323,V7,taxi_conventionne,O,vsl_required,0
P323,V7,taxi_conventionne,B,vsl_required,0
P323,V8,taxi_conventionne,O,vsl_required,0
P323,V8,taxi_conventionne,B,vsl_required,0
P323,V9,taxi_conventionne,O,vsl_required,0
P323,V9,taxi_conventionne,B,vsl_required,0
P323,V10,taxi_conventionne,O,vsl_required,0
P323,V10,taxi_conventionne,B,vsl_required,0
P323,V11,vsl,O,vsl_required,1
P323,V11,vsl,B,vsl_required,1
P323,V12,vsl,O,vsl_required,1
P323,V12,vsl,B,vsl_required,1
P323,V13,vsl,O,vsl_required,1
P323,V13,vsl,B,vsl_required,1
P323,V14,vsl,O,vsl_required,1
P323,V14,vsl,B,vsl_required,1
P323,V15,vsl,O,vsl_required,1
P323,V15,vsl,B,vsl_required,1
P323,V16,vsl,O,vsl_required,1
P323,V16,vsl,B,vsl_required,1
P323,V17,vsl,O,vsl_required,1
P323,V17,vsl,B,vsl_required,1
P323,V18,vtc_premium,O,vsl_required,0
P323,V18,vtc_premium,B,vsl_required,0
P323,V19,vtc_premium,O,vsl_required,0
P323,V19,vtc_premium,B,vsl_required,0
P323,V20,vtc_premium,O,vsl_required,0
P323,V20,vtc_premium,B,vsl_required,0
P324,V1,taxi_conventionne,O,vsl_required,0
P324,V1,taxi_conventionne,B,vsl_required,0
P324,V2,taxi_conventionne,O,vsl_required,0
P324,V2,taxi_conventionne,B,vsl_required,0
P324,V3,taxi_conventionne,O,vsl_required,0
P324,V3,taxi_conventionne,B,vsl_required,0
P324,V4,taxi_conventionne,O,vsl_required,0
P324,V4,taxi_conventionne,B,vsl_required,0
P324,V5,taxi_conventionne,O,vsl_required,0
P324,V5,taxi_conventionne,B,vsl_required,0
P324,V6,taxi_conventionne,O,vsl_required,0
P324,V6,taxi_conventionne,B,vsl_required,0
P324,V7,taxi_conventionne,O,vsl_required,0
P324,V7,taxi_conventionne,B,vsl_required,0
P324,V8,taxi_conventionne,O,vsl_required,0
P324,V8,taxi_conventionne,B,vsl_required,0
P324,V9,taxi_conventionne,O,vsl_required,0
P324,V9,taxi_conventionne,B,vsl_required,0
P324,V10,taxi_conventionne,O,vsl_required,0
P324,V10,taxi_conventionne,B,vsl_required,0
P324,V11,vsl,O,vsl_required,1
P324,V11,vsl,B,vsl_required,1
P324,V12,vsl,O,vsl_required,1
P324,V12,vsl,B,vsl_required,1
P324,V13,vsl,O,vsl_required,1
P324,V13,vsl,B,vsl_required,1
P324,V14,vsl,O,vsl_required,1
P324,V14,vsl,B,vsl_required,1
P324,V15,vsl,O,vsl_required,1
P324,V15,vsl,B,vsl_required,1
P324,V16,vsl,O,vsl_required,1
P324,V16,vsl,B,vsl_required,1
P324,V17,vsl,O,vsl_required,1
P324,V17,vsl,B,vsl_required,1
P324,V18,vtc_premium,O,vsl_required,0
P324,V18,vtc_premium,B,vsl_required,0
P324,V19,vtc_premium,O,vsl_required,0
P324,V19,vtc_premium,B,vsl_required,0
P324,V20,vtc_premium,O,vsl_required,0
P324,V20,vtc_premium,B,vsl_required,0
P325,V1,taxi_conventionne,O,standard_assis,1
P325,V1,taxi_conventionne,B,standard_assis,1
P325,V2,taxi_conventionne,O,standard_assis,1
P325,V2,taxi_conventionne,B,standard_assis,1
P325,V3,taxi_conventionne,O,standard_assis,1
P325,V3,taxi_conventionne,B,standard_assis,1
P325,V4,taxi_conventionne,O,standard_assis,1
P325,V4,taxi_conventionne,B,standard_assis,1
P325,V5,taxi_conventionne,O,standard_assis,1
P325,V5,taxi_conventionne,B,standard_assis,1
P325,V6,taxi_conventionne,O,standard_assis,1
P325,V6,taxi_conventionne,B,standard_assis,1
P325,V7,taxi_conventionne,O,standard_assis,1
P325,V7,taxi_conventionne,B,standard_assis,1
P325,V8,taxi_conventionne,O,standard_assis,1
P325,V8,taxi_conventionne,B,standard_assis,1
P325,V9,taxi_conventionne,O,standard_assis,1
P325,V9,taxi_conventionne,B,standard_assis,1
P325,V10,taxi_conventionne,O,standard_assis,1
P325,V10,taxi_conventionne,B,standard_assis,1
P325,V11,vsl,O,standard_assis,1
P325,V11,vsl,B,standard_assis,1
P325,V12,vsl,O,standard_assis,1
P325,V12,vsl,B,standard_assis,1
P325,V13,vsl,O,standard_assis,1
P325,V13,vsl,B,standard_assis,1
P325,V14,vsl,O,standard_assis,1
P325,V14,vsl,B,standard_assis,1
P325,V15,vsl,O,standard_assis,1
P325,V15,vsl,B,standard_assis,1
P325,V16,vsl,O,standard_assis,1
P325,V16,vsl,B,standard_assis,1
P325,V17,vsl,O,standard_assis,1
P325,V17,vsl,B,standard_assis,1
P325,V18,vtc_premium,O,standard_assis,1
P325,V18,vtc_premium,B,standard_assis,1
P325,V19,vtc_premium,O,standard_assis,1
P325,V19,vtc_premium,B,standard_assis,1
P325,V20,vtc_premium,O,standard_assis,1
P325,V20,vtc_premium,B,standard_assis,1
P326,V1,taxi_conventionne,O,prescription_medicale,1
P326,V1,taxi_conventionne,B,prescription_medicale,1
P326,V2,taxi_conventionne,O,prescription_medicale,1
P326,V2,taxi_conventionne,B,prescription_medicale,1
P326,V3,taxi_conventionne,O,prescription_medicale,1
P326,V3,taxi_conventionne,B,prescription_medicale,1
P326,V4,taxi_conventionne,O,prescription_medicale,1
P326,V4,taxi_conventionne,B,prescription_medicale,1
P326,V5,taxi_conventionne,O,prescription_medicale,1
P326,V5,taxi_conventionne,B,prescription_medicale,1
P326,V6,taxi_conventionne,O,prescription_medicale,1
P326,V6,taxi_conventionne,B,prescription_medicale,1
P326,V7,taxi_conventionne,O,prescription_medicale,1
P326,V7,taxi_conventionne,B,prescription_medicale,1
P326,V8,taxi_conventionne,O,prescription_medicale,1
P326,V8,taxi_conventionne,B,prescription_medicale,1
P326,V9,taxi_conventionne,O,prescription_medicale,1
P326,V9,taxi_conventionne,B,prescription_medicale,1
P326,V10,taxi_conventionne,O,prescription_medicale,1
P326,V10,taxi_conventionne,B,prescription_medicale,1
P326,V11,vsl,O,prescription_medicale,1
P326,V11,vsl,B,prescription_medicale,1
P326,V12,vsl,O,prescription_medicale,1
P326,V12,vsl,B,prescription_medicale,1
P326,V13,vsl,O,prescription_medicale,1
P326,V13,vsl,B,prescription_medicale,1
P326,V14,vsl,O,prescription_medicale,1
P326,V14,vsl,B,prescription_medicale,1
P326,V15,vsl,O,prescription_medicale,1
P326,V15,vsl,B,prescription_medicale,1
P326,V16,vsl,O,prescription_medicale,1
P326,V16,vsl,B,prescription_medicale,1
P326,V17,vsl,O,prescription_medicale,1
P326,V17,vsl,B,prescription_medicale,1
P326,V18,vtc_premium,O,prescription_medicale,0
P326,V18,vtc_premium,B,prescription_medicale,0
P326,V19,vtc_premium,O,prescription_medicale,0
P326,V19,vtc_premium,B,prescription_medicale,0
P326,V20,vtc_premium,O,prescription_medicale,0
P326,V20,vtc_premium,B,prescription_medicale,0
P327,V1,taxi_conventionne,O,standard_assis,1
P327,V1,taxi_conventionne,B,standard_assis,1
P327,V2,taxi_conventionne,O,standard_assis,1
P327,V2,taxi_conventionne,B,standard_assis,1
P327,V3,taxi_conventionne,O,standard_assis,1
P327,V3,taxi_conventionne,B,standard_assis,1
P327,V4,taxi_conventionne,O,standard_assis,1
P327,V4,taxi_conventionne,B,standard_assis,1
P327,V5,taxi_conventionne,O,standard_assis,1
P327,V5,taxi_conventionne,B,standard_assis,1
P327,V6,taxi_conventionne,O,standard_assis,1
P327,V6,taxi_conventionne,B,standard_assis,1
P327,V7,taxi_conventionne,O,standard_assis,1
P327,V7,taxi_conventionne,B,standard_assis,1
P327,V8,taxi_conventionne,O,standard_assis,1
P327,V8,taxi_conventionne,B,standard_assis,1
P327,V9,taxi_conventionne,O,standard_assis,1
P327,V9,taxi_conventionne,B,standard_assis,1
P327,V10,taxi_conventionne,O,standard_assis,1
P327,V10,taxi_conventionne,B,standard_assis,1
P327,V11,vsl,O,standard_assis,1
P327,V11,vsl,B,standard_assis,1
P327,V12,vsl,O,standard_assis,1
P327,V12,vsl,B,standard_assis,1
P327,V13,vsl,O,standard_assis,1
P327,V13,vsl,B,standard_assis,1
P327,V14,vsl,O,standard_assis,1
P327,V14,vsl,B,standard_assis,1
P327,V15,vsl,O,standard_assis,1
P327,V15,vsl,B,standard_assis,1
P327,V16,vsl,O,standard_assis,1
P327,V16,vsl,B,standard_assis,1
P327,V17,vsl,O,standard_assis,1
P327,V17,vsl,B,standard_assis,1
P327,V18,vtc_premium,O,standard_assis,1
P327,V18,vtc_premium,B,standard_assis,1
P327,V19,vtc_premium,O,standard_assis,1
P327,V19,vtc_premium,B,standard_assis,1
P327,V20,vtc_premium,O,standard_assis,1
P327,V20,vtc_premium,B,standard_assis,1
P328,V1,taxi_conventionne,O,prescription_medicale,1
P328,V1,taxi_conventionne,B,prescription_medicale,1
P328,V2,taxi_conventionne,O,prescription_medicale,1
P328,V2,taxi_conventionne,B,prescription_medicale,1
P328,V3,taxi_conventionne,O,prescription_medicale,1
P328,V3,taxi_conventionne,B,prescription_medicale,1
P328,V4,taxi_conventionne,O,prescription_medicale,1
P328,V4,taxi_conventionne,B,prescription_medicale,1
P328,V5,taxi_conventionne,O,prescription_medicale,1
P328,V5,taxi_conventionne,B,prescription_medicale,1
P328,V6,taxi_conventionne,O,prescription_medicale,1
P328,V6,taxi_conventionne,B,prescription_medicale,1
P328,V7,taxi_conventionne,O,prescription_medicale,1
P328,V7,taxi_conventionne,B,prescription_medicale,1
P328,V8,taxi_conventionne,O,prescription_medicale,1
P328,V8,taxi_conventionne,B,prescription_medicale,1
P328,V9,taxi_conventionne,O,prescription_medicale,1
P328,V9,taxi_conventionne,B,prescription_medicale,1
P328,V10,taxi_conventionne,O,prescription_medicale,1
P328,V10,taxi_conventionne,B,prescription_medicale,1
P328,V11,vsl,O,prescription_medicale,1
P328,V11,vsl,B,prescription_medicale,1
P328,V12,vsl,O,prescription_medicale,1
P328,V12,vsl,B,prescription_medicale,1
P328,V13,vsl,O,prescription_medicale,1
P328,V13,vsl,B,prescription_medicale,1
P328,V14,vsl,O,prescription_medicale,1
P328,V14,vsl,B,prescription_medicale,1
P328,V15,vsl,O,prescription_medicale,1
P328,V15,vsl,B,prescription_medicale,1
P328,V16,vsl,O,prescription_medicale,1
P328,V16,vsl,B,prescription_medicale,1
P328,V17,vsl,O,prescription_medicale,1
P328,V17,vsl,B,prescription_medicale,1
P328,V18,vtc_premium,O,prescription_medicale,0
P328,V18,vtc_premium,B,prescription_medicale,0
P328,V19,vtc_premium,O,prescription_medicale,0
P328,V19,vtc_premium,B,prescription_medicale,0
P328,V20,vtc_premium,O,prescription_medicale,0
P328,V20,vtc_premium,B,prescription_medicale,0
P329,V1,taxi_conventionne,O,prescription_medicale,1
P329,V1,taxi_conventionne,B,prescription_medicale,1
P329,V2,taxi_conventionne,O,prescription_medicale,1
P329,V2,taxi_conventionne,B,prescription_medicale,1
P329,V3,taxi_conventionne,O,prescription_medicale,1
P329,V3,taxi_conventionne,B,prescription_medicale,1
P329,V4,taxi_conventionne,O,prescription_medicale,1
P329,V4,taxi_conventionne,B,prescription_medicale,1
P329,V5,taxi_conventionne,O,prescription_medicale,1
P329,V5,taxi_conventionne,B,prescription_medicale,1
P329,V6,taxi_conventionne,O,prescription_medicale,1
P329,V6,taxi_conventionne,B,prescription_medicale,1
P329,V7,taxi_conventionne,O,prescription_medicale,1
P329,V7,taxi_conventionne,B,prescription_medicale,1
P329,V8,taxi_conventionne,O,prescription_medicale,1
P329,V8,taxi_conventionne,B,prescription_medicale,1
P329,V9,taxi_conventionne,O,prescription_medicale,1
P329,V9,taxi_conventionne,B,prescription_medicale,1
P329,V10,taxi_conventionne,O,prescription_medicale,1
P329,V10,taxi_conventionne,B,prescription_medicale,1
P329,V11,vsl,O,prescription_medicale,1
P329,V11,vsl,B,prescription_medicale,1
P329,V12,vsl,O,prescription_medicale,1
P329,V12,vsl,B,prescription_medicale,1
P329,V13,vsl,O,prescription_medicale,1
P329,V13,vsl,B,prescription_medicale,1
P329,V14,vsl,O,prescription_medicale,1
P329,V14,vsl,B,prescription_medicale,1
P329,V15,vsl,O,prescription_medicale,1
P329,V15,vsl,B,prescription_medicale,1
P329,V16,vsl,O,prescription_medicale,1
P329,V16,vsl,B,prescription_medicale,1
P329,V17,vsl,O,prescription_medicale,1
P329,V17,vsl,B,prescription_medicale,1
P329,V18,vtc_premium,O,prescription_medicale,0
P329,V18,vtc_premium,B,prescription_medicale,0
P329,V19,vtc_premium,O,prescription_medicale,0
P329,V19,vtc_premium,B,prescription_medicale,0
P329,V20,vtc_premium,O,prescription_medicale,0
P329,V20,vtc_premium,B,prescription_medicale,0
P330,V1,taxi_conventionne,O,vsl_required,0
P330,V1,taxi_conventionne,B,vsl_required,0
P330,V2,taxi_conventionne,O,vsl_required,0
P330,V2,taxi_conventionne,B,vsl_required,0
P330,V3,taxi_conventionne,O,vsl_required,0
P330,V3,taxi_conventionne,B,vsl_required,0
P330,V4,taxi_conventionne,O,vsl_required,0
P330,V4,taxi_conventionne,B,vsl_required,0
P330,V5,taxi_conventionne,O,vsl_required,0
P330,V5,taxi_conventionne,B,vsl_required,0
P330,V6,taxi_conventionne,O,vsl_required,0
P330,V6,taxi_conventionne,B,vsl_required,0
P330,V7,taxi_conventionne,O,vsl_required,0
P330,V7,taxi_conventionne,B,vsl_required,0
P330,V8,taxi_conventionne,O,vsl_required,0
P330,V8,taxi_conventionne,B,vsl_required,0
P330,V9,taxi_conventionne,O,vsl_required,0
P330,V9,taxi_conventionne,B,vsl_required,0
P330,V10,taxi_conventionne,O,vsl_required,0
P330,V10,taxi_conventionne,B,vsl_required,0
P330,V11,vsl,O,vsl_required,1
P330,V11,vsl,B,vsl_required,1
P330,V12,vsl,O,vsl_required,1
P330,V12,vsl,B,vsl_required,1
P330,V13,vsl,O,vsl_required,1
P330,V13,vsl,B,vsl_required,1
P330,V14,vsl,O,vsl_required,1
P330,V14,vsl,B,vsl_required,1
P330,V15,vsl,O,vsl_required,1
P330,V15,vsl,B,vsl_required,1
P330,V16,vsl,O,vsl_required,1
P330,V16,vsl,B,vsl_required,1
P330,V17,vsl,O,vsl_required,1
P330,V17,vsl,B,vsl_required,1
P330,V18,vtc_premium,O,vsl_required,0
P330,V18,vtc_premium,B,vsl_required,0
P330,V19,vtc_premium,O,vsl_required,0
P330,V19,vtc_premium,B,vsl_required,0
P330,V20,vtc_premium,O,vsl_required,0
P330,V20,vtc_premium,B,vsl_required,0
P331,V1,taxi_conventionne,O,prescription_medicale,1
P331,V1,taxi_conventionne,B,prescription_medicale,1
P331,V2,taxi_conventionne,O,prescription_medicale,1
P331,V2,taxi_conventionne,B,prescription_medicale,1
P331,V3,taxi_conventionne,O,prescription_medicale,1
P331,V3,taxi_conventionne,B,prescription_medicale,1
P331,V4,taxi_conventionne,O,prescription_medicale,1
P331,V4,taxi_conventionne,B,prescription_medicale,1
P331,V5,taxi_conventionne,O,prescription_medicale,1
P331,V5,taxi_conventionne,B,prescription_medicale,1
P331,V6,taxi_conventionne,O,prescription_medicale,1
P331,V6,taxi_conventionne,B,prescription_medicale,1
P331,V7,taxi_conventionne,O,prescription_medicale,1
P331,V7,taxi_conventionne,B,prescription_medicale,1
P331,V8,taxi_conventionne,O,prescription_medicale,1
P331,V8,taxi_conventionne,B,prescription_medicale,1
P331,V9,taxi_conventionne,O,prescription_medicale,1
P331,V9,taxi_conventionne,B,prescription_medicale,1
P331,V10,taxi_conventionne,O,prescription_medicale,1
P331,V10,taxi_conventionne,B,prescription_medicale,1
P331,V11,vsl,O,prescription_medicale,1
P331,V11,vsl,B,prescription_medicale,1
P331,V12,vsl,O,prescription_medicale,1
P331,V12,vsl,B,prescription_medicale,1
P331,V13,vsl,O,prescription_medicale,1
P331,V13,vsl,B,prescription_medicale,1
P331,V14,vsl,O,prescription_medicale,1
P331,V14,vsl,B,prescription_medicale,1
P331,V15,vsl,O,prescription_medicale,1
P331,V15,vsl,B,prescription_medicale,1
P331,V16,vsl,O,prescription_medicale,1
P331,V16,vsl,B,prescription_medicale,1
P331,V17,vsl,O,prescription_medicale,1
P331,V17,vsl,B,prescription_medicale,1
P331,V18,vtc_premium,O,prescription_medicale,0
P331,V18,vtc_premium,B,prescription_medicale,0
P331,V19,vtc_premium,O,prescription_medicale,0
P331,V19,vtc_premium,B,prescription_medicale,0
P331,V20,vtc_premium,O,prescription_medicale,0
P331,V20,vtc_premium,B,prescription_medicale,0
P332,V1,taxi_conventionne,O,standard_assis,1
P332,V1,taxi_conventionne,B,standard_assis,1
P332,V2,taxi_conventionne,O,standard_assis,1
P332,V2,taxi_conventionne,B,standard_assis,1
P332,V3,taxi_conventionne,O,standard_assis,1
P332,V3,taxi_conventionne,B,standard_assis,1
P332,V4,taxi_conventionne,O,standard_assis,1
P332,V4,taxi_conventionne,B,standard_assis,1
P332,V5,taxi_conventionne,O,standard_assis,1
P332,V5,taxi_conventionne,B,standard_assis,1
P332,V6,taxi_conventionne,O,standard_assis,1
P332,V6,taxi_conventionne,B,standard_assis,1
P332,V7,taxi_conventionne,O,standard_assis,1
P332,V7,taxi_conventionne,B,standard_assis,1
P332,V8,taxi_conventionne,O,standard_assis,1
P332,V8,taxi_conventionne,B,standard_assis,1
P332,V9,taxi_conventionne,O,standard_assis,1
P332,V9,taxi_conventionne,B,standard_assis,1
P332,V10,taxi_conventionne,O,standard_assis,1
P332,V10,taxi_conventionne,B,standard_assis,1
P332,V11,vsl,O,standard_assis,1
P332,V11,vsl,B,standard_assis,1
P332,V12,vsl,O,standard_assis,1
P332,V12,vsl,B,standard_assis,1
P332,V13,vsl,O,standard_assis,1
P332,V13,vsl,B,standard_assis,1
P332,V14,vsl,O,standard_assis,1
P332,V14,vsl,B,standard_assis,1
P332,V15,vsl,O,standard_assis,1
P332,V15,vsl,B,standard_assis,1
P332,V16,vsl,O,standard_assis,1
P332,V16,vsl,B,standard_assis,1
P332,V17,vsl,O,standard_assis,1
P332,V17,vsl,B,standard_assis,1
P332,V18,vtc_premium,O,standard_assis,1
P332,V18,vtc_premium,B,standard_assis,1
P332,V19,vtc_premium,O,standard_assis,1
P332,V19,vtc_premium,B,standard_assis,1
P332,V20,vtc_premium,O,standard_assis,1
P332,V20,vtc_premium,B,standard_assis,1
P333,V1,taxi_conventionne,O,vsl_required,0
P333,V1,taxi_conventionne,B,vsl_required,0
P333,V2,taxi_conventionne,O,vsl_required,0
P333,V2,taxi_conventionne,B,vsl_required,0
P333,V3,taxi_conventionne,O,vsl_required,0
P333,V3,taxi_conventionne,B,vsl_required,0
P333,V4,taxi_conventionne,O,vsl_required,0
P333,V4,taxi_conventionne,B,vsl_required,0
P333,V5,taxi_conventionne,O,vsl_required,0
P333,V5,taxi_conventionne,B,vsl_required,0
P333,V6,taxi_conventionne,O,vsl_required,0
P333,V6,taxi_conventionne,B,vsl_required,0
P333,V7,taxi_conventionne,O,vsl_required,0
P333,V7,taxi_conventionne,B,vsl_required,0
P333,V8,taxi_conventionne,O,vsl_required,0
P333,V8,taxi_conventionne,B,vsl_required,0
P333,V9,taxi_conventionne,O,vsl_required,0
P333,V9,taxi_conventionne,B,vsl_required,0
P333,V10,taxi_conventionne,O,vsl_required,0
P333,V10,taxi_conventionne,B,vsl_required,0
P333,V11,vsl,O,vsl_required,1
P333,V11,vsl,B,vsl_required,1
P333,V12,vsl,O,vsl_required,1
P333,V12,vsl,B,vsl_required,1
P333,V13,vsl,O,vsl_required,1
P333,V13,vsl,B,vsl_required,1
P333,V14,vsl,O,vsl_required,1
P333,V14,vsl,B,vsl_required,1
P333,V15,vsl,O,vsl_required,1
P333,V15,vsl,B,vsl_required,1
P333,V16,vsl,O,vsl_required,1
P333,V16,vsl,B,vsl_required,1
P333,V17,vsl,O,vsl_required,1
P333,V17,vsl,B,vsl_required,1
P333,V18,vtc_premium,O,vsl_required,0
P333,V18,vtc_premium,B,vsl_required,0
P333,V19,vtc_premium,O,vsl_required,0
P333,V19,vtc_premium,B,vsl_required,0
P333,V20,vtc_premium,O,vsl_required,0
P333,V20,vtc_premium,B,vsl_required,0
P334,V1,taxi_conventionne,O,prescription_medicale,1
P334,V1,taxi_conventionne,B,prescription_medicale,1
P334,V2,taxi_conventionne,O,prescription_medicale,1
P334,V2,taxi_conventionne,B,prescription_medicale,1
P334,V3,taxi_conventionne,O,prescription_medicale,1
P334,V3,taxi_conventionne,B,prescription_medicale,1
P334,V4,taxi_conventionne,O,prescription_medicale,1
P334,V4,taxi_conventionne,B,prescription_medicale,1
P334,V5,taxi_conventionne,O,prescription_medicale,1
P334,V5,taxi_conventionne,B,prescription_medicale,1
P334,V6,taxi_conventionne,O,prescription_medicale,1
P334,V6,taxi_conventionne,B,prescription_medicale,1
P334,V7,taxi_conventionne,O,prescription_medicale,1
P334,V7,taxi_conventionne,B,prescription_medicale,1
P334,V8,taxi_conventionne,O,prescription_medicale,1
P334,V8,taxi_conventionne,B,prescription_medicale,1
P334,V9,taxi_conventionne,O,prescription_medicale,1
P334,V9,taxi_conventionne,B,prescription_medicale,1
P334,V10,taxi_conventionne,O,prescription_medicale,1
P334,V10,taxi_conventionne,B,prescription_medicale,1
P334,V11,vsl,O,prescription_medicale,1
P334,V11,vsl,B,prescription_medicale,1
P334,V12,vsl,O,prescription_medicale,1
P334,V12,vsl,B,prescription_medicale,1
P334,V13,vsl,O,prescription_medicale,1
P334,V13,vsl,B,prescription_medicale,1
P334,V14,vsl,O,prescription_medicale,1
P334,V14,vsl,B,prescription_medicale,1
P334,V15,vsl,O,prescription_medicale,1
P334,V15,vsl,B,prescription_medicale,1
P334,V16,vsl,O,prescription_medicale,1
P334,V16,vsl,B,prescription_medicale,1
P334,V17,vsl,O,prescription_medicale,1
P334,V17,vsl,B,prescription_medicale,1
P334,V18,vtc_premium,O,prescription_medicale,0
P334,V18,vtc_premium,B,prescription_medicale,0
P334,V19,vtc_premium,O,prescription_medicale,0
P334,V19,vtc_premium,B,prescription_medicale,0
P334,V20,vtc_premium,O,prescription_medicale,0
P334,V20,vtc_premium,B,prescription_medicale,0
P335,V1,taxi_conventionne,O,prescription_medicale,1
P335,V1,taxi_conventionne,B,prescription_medicale,1
P335,V2,taxi_conventionne,O,prescription_medicale,1
P335,V2,taxi_conventionne,B,prescription_medicale,1
P335,V3,taxi_conventionne,O,prescription_medicale,1
P335,V3,taxi_conventionne,B,prescription_medicale,1
P335,V4,taxi_conventionne,O,prescription_medicale,1
P335,V4,taxi_conventionne,B,prescription_medicale,1
P335,V5,taxi_conventionne,O,prescription_medicale,1
P335,V5,taxi_conventionne,B,prescription_medicale,1
P335,V6,taxi_conventionne,O,prescription_medicale,1
P335,V6,taxi_conventionne,B,prescription_medicale,1
P335,V7,taxi_conventionne,O,prescription_medicale,1
P335,V7,taxi_conventionne,B,prescription_medicale,1
P335,V8,taxi_conventionne,O,prescription_medicale,1
P335,V8,taxi_conventionne,B,prescription_medicale,1
P335,V9,taxi_conventionne,O,prescription_medicale,1
P335,V9,taxi_conventionne,B,prescription_medicale,1
P335,V10,taxi_conventionne,O,prescription_medicale,1
P335,V10,taxi_conventionne,B,prescription_medicale,1
P335,V11,vsl,O,prescription_medicale,1
P335,V11,vsl,B,prescription_medicale,1
P335,V12,vsl,O,prescription_medicale,1
P335,V12,vsl,B,prescription_medicale,1
P335,V13,vsl,O,prescription_medicale,1
P335,V13,vsl,B,prescription_medicale,1
P335,V14,vsl,O,prescription_medicale,1
P335,V14,vsl,B,prescription_medicale,1
P335,V15,vsl,O,prescription_medicale,1
P335,V15,vsl,B,prescription_medicale,1
P335,V16,vsl,O,prescription_medicale,1
P335,V16,vsl,B,prescription_medicale,1
P335,V17,vsl,O,prescription_medicale,1
P335,V17,vsl,B,prescription_medicale,1
P335,V18,vtc_premium,O,prescription_medicale,0
P335,V18,vtc_premium,B,prescription_medicale,0
P335,V19,vtc_premium,O,prescription_medicale,0
P335,V19,vtc_premium,B,prescription_medicale,0
P335,V20,vtc_premium,O,prescription_medicale,0
P335,V20,vtc_premium,B,prescription_medicale,0
P336,V1,taxi_conventionne,O,vsl_required,0
P336,V1,taxi_conventionne,B,vsl_required,0
P336,V2,taxi_conventionne,O,vsl_required,0
P336,V2,taxi_conventionne,B,vsl_required,0
P336,V3,taxi_conventionne,O,vsl_required,0
P336,V3,taxi_conventionne,B,vsl_required,0
P336,V4,taxi_conventionne,O,vsl_required,0
P336,V4,taxi_conventionne,B,vsl_required,0
P336,V5,taxi_conventionne,O,vsl_required,0
P336,V5,taxi_conventionne,B,vsl_required,0
P336,V6,taxi_conventionne,O,vsl_required,0
P336,V6,taxi_conventionne,B,vsl_required,0
P336,V7,taxi_conventionne,O,vsl_required,0
P336,V7,taxi_conventionne,B,vsl_required,0
P336,V8,taxi_conventionne,O,vsl_required,0
P336,V8,taxi_conventionne,B,vsl_required,0
P336,V9,taxi_conventionne,O,vsl_required,0
P336,V9,taxi_conventionne,B,vsl_required,0
P336,V10,taxi_conventionne,O,vsl_required,0
P336,V10,taxi_conventionne,B,vsl_required,0
P336,V11,vsl,O,vsl_required,1
P336,V11,vsl,B,vsl_required,1
P336,V12,vsl,O,vsl_required,1
P336,V12,vsl,B,vsl_required,1
P336,V13,vsl,O,vsl_required,1
P336,V13,vsl,B,vsl_required,1
P336,V14,vsl,O,vsl_required,1
P336,V14,vsl,B,vsl_required,1
P336,V15,vsl,O,vsl_required,1
P336,V15,vsl,B,vsl_required,1
P336,V16,vsl,O,vsl_required,1
P336,V16,vsl,B,vsl_required,1
P336,V17,vsl,O,vsl_required,1
P336,V17,vsl,B,vsl_required,1
P336,V18,vtc_premium,O,vsl_required,0
P336,V18,vtc_premium,B,vsl_required,0
P336,V19,vtc_premium,O,vsl_required,0
P336,V19,vtc_premium,B,vsl_required,0
P336,V20,vtc_premium,O,vsl_required,0
P336,V20,vtc_premium,B,vsl_required,0
P337,V1,taxi_conventionne,O,standard_assis,1
P337,V1,taxi_conventionne,B,standard_assis,1
P337,V2,taxi_conventionne,O,standard_assis,1
P337,V2,taxi_conventionne,B,standard_assis,1
P337,V3,taxi_conventionne,O,standard_assis,1
P337,V3,taxi_conventionne,B,standard_assis,1
P337,V4,taxi_conventionne,O,standard_assis,1
P337,V4,taxi_conventionne,B,standard_assis,1
P337,V5,taxi_conventionne,O,standard_assis,1
P337,V5,taxi_conventionne,B,standard_assis,1
P337,V6,taxi_conventionne,O,standard_assis,1
P337,V6,taxi_conventionne,B,standard_assis,1
P337,V7,taxi_conventionne,O,standard_assis,1
P337,V7,taxi_conventionne,B,standard_assis,1
P337,V8,taxi_conventionne,O,standard_assis,1
P337,V8,taxi_conventionne,B,standard_assis,1
P337,V9,taxi_conventionne,O,standard_assis,1
P337,V9,taxi_conventionne,B,standard_assis,1
P337,V10,taxi_conventionne,O,standard_assis,1
P337,V10,taxi_conventionne,B,standard_assis,1
P337,V11,vsl,O,standard_assis,1
P337,V11,vsl,B,standard_assis,1
P337,V12,vsl,O,standard_assis,1
P337,V12,vsl,B,standard_assis,1
P337,V13,vsl,O,standard_assis,1
P337,V13,vsl,B,standard_assis,1
P337,V14,vsl,O,standard_assis,1
P337,V14,vsl,B,standard_assis,1
P337,V15,vsl,O,standard_assis,1
P337,V15,vsl,B,standard_assis,1
P337,V16,vsl,O,standard_assis,1
P337,V16,vsl,B,standard_assis,1
P337,V17,vsl,O,standard_assis,1
P337,V17,vsl,B,standard_assis,1
P337,V18,vtc_premium,O,standard_assis,1
P337,V18,vtc_premium,B,standard_assis,1
P337,V19,vtc_premium,O,standard_assis,1
P337,V19,vtc_premium,B,standard_assis,1
P337,V20,vtc_premium,O,standard_assis,1
P337,V20,vtc_premium,B,standard_assis,1
P338,V1,taxi_conventionne,O,standard_assis,1
P338,V1,taxi_conventionne,B,standard_assis,1
P338,V2,taxi_conventionne,O,standard_assis,1
P338,V2,taxi_conventionne,B,standard_assis,1
P338,V3,taxi_conventionne,O,standard_assis,1
P338,V3,taxi_conventionne,B,standard_assis,1
P338,V4,taxi_conventionne,O,standard_assis,1
P338,V4,taxi_conventionne,B,standard_assis,1
P338,V5,taxi_conventionne,O,standard_assis,1
P338,V5,taxi_conventionne,B,standard_assis,1
P338,V6,taxi_conventionne,O,standard_assis,1
P338,V6,taxi_conventionne,B,standard_assis,1
P338,V7,taxi_conventionne,O,standard_assis,1
P338,V7,taxi_conventionne,B,standard_assis,1
P338,V8,taxi_conventionne,O,standard_assis,1
P338,V8,taxi_conventionne,B,standard_assis,1
P338,V9,taxi_conventionne,O,standard_assis,1
P338,V9,taxi_conventionne,B,standard_assis,1
P338,V10,taxi_conventionne,O,standard_assis,1
P338,V10,taxi_conventionne,B,standard_assis,1
P338,V11,vsl,O,standard_assis,1
P338,V11,vsl,B,standard_assis,1
P338,V12,vsl,O,standard_assis,1
P338,V12,vsl,B,standard_assis,1
P338,V13,vsl,O,standard_assis,1
P338,V13,vsl,B,standard_assis,1
P338,V14,vsl,O,standard_assis,1
P338,V14,vsl,B,standard_assis,1
P338,V15,vsl,O,standard_assis,1
P338,V15,vsl,B,standard_assis,1
P338,V16,vsl,O,standard_assis,1
P338,V16,vsl,B,standard_assis,1
P338,V17,vsl,O,standard_assis,1
P338,V17,vsl,B,standard_assis,1
P338,V18,vtc_premium,O,standard_assis,1
P338,V18,vtc_premium,B,standard_assis,1
P338,V19,vtc_premium,O,standard_assis,1
P338,V19,vtc_premium,B,standard_assis,1
P338,V20,vtc_premium,O,standard_assis,1
P338,V20,vtc_premium,B,standard_assis,1
P339,V1,taxi_conventionne,O,prescription_medicale,1
P339,V1,taxi_conventionne,B,prescription_medicale,1
P339,V2,taxi_conventionne,O,prescription_medicale,1
P339,V2,taxi_conventionne,B,prescription_medicale,1
P339,V3,taxi_conventionne,O,prescription_medicale,1
P339,V3,taxi_conventionne,B,prescription_medicale,1
P339,V4,taxi_conventionne,O,prescription_medicale,1
P339,V4,taxi_conventionne,B,prescription_medicale,1
P339,V5,taxi_conventionne,O,prescription_medicale,1
P339,V5,taxi_conventionne,B,prescription_medicale,1
P339,V6,taxi_conventionne,O,prescription_medicale,1
P339,V6,taxi_conventionne,B,prescription_medicale,1
P339,V7,taxi_conventionne,O,prescription_medicale,1
P339,V7,taxi_conventionne,B,prescription_medicale,1
P339,V8,taxi_conventionne,O,prescription_medicale,1
P339,V8,taxi_conventionne,B,prescription_medicale,1
P339,V9,taxi_conventionne,O,prescription_medicale,1
P339,V9,taxi_conventionne,B,prescription_medicale,1
P339,V10,taxi_conventionne,O,prescription_medicale,1
P339,V10,taxi_conventionne,B,prescription_medicale,1
P339,V11,vsl,O,prescription_medicale,1
P339,V11,vsl,B,prescription_medicale,1
P339,V12,vsl,O,prescription_medicale,1
P339,V12,vsl,B,prescription_medicale,1
P339,V13,vsl,O,prescription_medicale,1
P339,V13,vsl,B,prescription_medicale,1
P339,V14,vsl,O,prescription_medicale,1
P339,V14,vsl,B,prescription_medicale,1
P339,V15,vsl,O,prescription_medicale,1
P339,V15,vsl,B,prescription_medicale,1
P339,V16,vsl,O,prescription_medicale,1
P339,V16,vsl,B,prescription_medicale,1
P339,V17,vsl,O,prescription_medicale,1
P339,V17,vsl,B,prescription_medicale,1
P339,V18,vtc_premium,O,prescription_medicale,0
P339,V18,vtc_premium,B,prescription_medicale,0
P339,V19,vtc_premium,O,prescription_medicale,0
P339,V19,vtc_premium,B,prescription_medicale,0
P339,V20,vtc_premium,O,prescription_medicale,0
P339,V20,vtc_premium,B,prescription_medicale,0
P340,V1,taxi_conventionne,O,prescription_medicale,1
P340,V1,taxi_conventionne,B,prescription_medicale,1
P340,V2,taxi_conventionne,O,prescription_medicale,1
P340,V2,taxi_conventionne,B,prescription_medicale,1
P340,V3,taxi_conventionne,O,prescription_medicale,1
P340,V3,taxi_conventionne,B,prescription_medicale,1
P340,V4,taxi_conventionne,O,prescription_medicale,1
P340,V4,taxi_conventionne,B,prescription_medicale,1
P340,V5,taxi_conventionne,O,prescription_medicale,1
P340,V5,taxi_conventionne,B,prescription_medicale,1
P340,V6,taxi_conventionne,O,prescription_medicale,1
P340,V6,taxi_conventionne,B,prescription_medicale,1
P340,V7,taxi_conventionne,O,prescription_medicale,1
P340,V7,taxi_conventionne,B,prescription_medicale,1
P340,V8,taxi_conventionne,O,prescription_medicale,1
P340,V8,taxi_conventionne,B,prescription_medicale,1
P340,V9,taxi_conventionne,O,prescription_medicale,1
P340,V9,taxi_conventionne,B,prescription_medicale,1
P340,V10,taxi_conventionne,O,prescription_medicale,1
P340,V10,taxi_conventionne,B,prescription_medicale,1
P340,V11,vsl,O,prescription_medicale,1
P340,V11,vsl,B,prescription_medicale,1
P340,V12,vsl,O,prescription_medicale,1
P340,V12,vsl,B,prescription_medicale,1
P340,V13,vsl,O,prescription_medicale,1
P340,V13,vsl,B,prescription_medicale,1
P340,V14,vsl,O,prescription_medicale,1
P340,V14,vsl,B,prescription_medicale,1
P340,V15,vsl,O,prescription_medicale,1
P340,V15,vsl,B,prescription_medicale,1
P340,V16,vsl,O,prescription_medicale,1
P340,V16,vsl,B,prescription_medicale,1
P340,V17,vsl,O,prescription_medicale,1
P340,V17,vsl,B,prescription_medicale,1
P340,V18,vtc_premium,O,prescription_medicale,0
P340,V18,vtc_premium,B,prescription_medicale,0
P340,V19,vtc_premium,O,prescription_medicale,0
P340,V19,vtc_premium,B,prescription_medicale,0
P340,V20,vtc_premium,O,prescription_medicale,0
P340,V20,vtc_premium,B,prescription_medicale,0
P341,V1,taxi_conventionne,O,prescription_medicale,1
P341,V1,taxi_conventionne,B,prescription_medicale,1
P341,V2,taxi_conventionne,O,prescription_medicale,1
P341,V2,taxi_conventionne,B,prescription_medicale,1
P341,V3,taxi_conventionne,O,prescription_medicale,1
P341,V3,taxi_conventionne,B,prescription_medicale,1
P341,V4,taxi_conventionne,O,prescription_medicale,1
P341,V4,taxi_conventionne,B,prescription_medicale,1
P341,V5,taxi_conventionne,O,prescription_medicale,1
P341,V5,taxi_conventionne,B,prescription_medicale,1
P341,V6,taxi_conventionne,O,prescription_medicale,1
P341,V6,taxi_conventionne,B,prescription_medicale,1
P341,V7,taxi_conventionne,O,prescription_medicale,1
P341,V7,taxi_conventionne,B,prescription_medicale,1
P341,V8,taxi_conventionne,O,prescription_medicale,1
P341,V8,taxi_conventionne,B,prescription_medicale,1
P341,V9,taxi_conventionne,O,prescription_medicale,1
P341,V9,taxi_conventionne,B,prescription_medicale,1
P341,V10,taxi_conventionne,O,prescription_medicale,1
P341,V10,taxi_conventionne,B,prescription_medicale,1
P341,V11,vsl,O,prescription_medicale,1
P341,V11,vsl,B,prescription_medicale,1
P341,V12,vsl,O,prescription_medicale,1
P341,V12,vsl,B,prescription_medicale,1
P341,V13,vsl,O,prescription_medicale,1
P341,V13,vsl,B,prescription_medicale,1
P341,V14,vsl,O,prescription_medicale,1
P341,V14,vsl,B,prescription_medicale,1
P341,V15,vsl,O,prescription_medicale,1
P341,V15,vsl,B,prescription_medicale,1
P341,V16,vsl,O,prescription_medicale,1
P341,V16,vsl,B,prescription_medicale,1
P341,V17,vsl,O,prescription_medicale,1
P341,V17,vsl,B,prescription_medicale,1
P341,V18,vtc_premium,O,prescription_medicale,0
P341,V18,vtc_premium,B,prescription_medicale,0
P341,V19,vtc_premium,O,prescription_medicale,0
P341,V19,vtc_premium,B,prescription_medicale,0
P341,V20,vtc_premium,O,prescription_medicale,0
P341,V20,vtc_premium,B,prescription_medicale,0
P342,V1,taxi_conventionne,O,vsl_required,0
P342,V1,taxi_conventionne,B,vsl_required,0
P342,V2,taxi_conventionne,O,vsl_required,0
P342,V2,taxi_conventionne,B,vsl_required,0
P342,V3,taxi_conventionne,O,vsl_required,0
P342,V3,taxi_conventionne,B,vsl_required,0
P342,V4,taxi_conventionne,O,vsl_required,0
P342,V4,taxi_conventionne,B,vsl_required,0
P342,V5,taxi_conventionne,O,vsl_required,0
P342,V5,taxi_conventionne,B,vsl_required,0
P342,V6,taxi_conventionne,O,vsl_required,0
P342,V6,taxi_conventionne,B,vsl_required,0
P342,V7,taxi_conventionne,O,vsl_required,0
P342,V7,taxi_conventionne,B,vsl_required,0
P342,V8,taxi_conventionne,O,vsl_required,0
P342,V8,taxi_conventionne,B,vsl_required,0
P342,V9,taxi_conventionne,O,vsl_required,0
P342,V9,taxi_conventionne,B,vsl_required,0
P342,V10,taxi_conventionne,O,vsl_required,0
P342,V10,taxi_conventionne,B,vsl_required,0
P342,V11,vsl,O,vsl_required,1
P342,V11,vsl,B,vsl_required,1
P342,V12,vsl,O,vsl_required,1
P342,V12,vsl,B,vsl_required,1
P342,V13,vsl,O,vsl_required,1
P342,V13,vsl,B,vsl_required,1
P342,V14,vsl,O,vsl_required,1
P342,V14,vsl,B,vsl_required,1
P342,V15,vsl,O,vsl_required,1
P342,V15,vsl,B,vsl_required,1
P342,V16,vsl,O,vsl_required,1
P342,V16,vsl,B,vsl_required,1
P342,V17,vsl,O,vsl_required,1
P342,V17,vsl,B,vsl_required,1
P342,V18,vtc_premium,O,vsl_required,0
P342,V18,vtc_premium,B,vsl_required,0
P342,V19,vtc_premium,O,vsl_required,0
P342,V19,vtc_premium,B,vsl_required,0
P342,V20,vtc_premium,O,vsl_required,0
P342,V20,vtc_premium,B,vsl_required,0
P343,V1,taxi_conventionne,O,vsl_required,0
P343,V1,taxi_conventionne,B,vsl_required,0
P343,V2,taxi_conventionne,O,vsl_required,0
P343,V2,taxi_conventionne,B,vsl_required,0
P343,V3,taxi_conventionne,O,vsl_required,0
P343,V3,taxi_conventionne,B,vsl_required,0
P343,V4,taxi_conventionne,O,vsl_required,0
P343,V4,taxi_conventionne,B,vsl_required,0
P343,V5,taxi_conventionne,O,vsl_required,0
P343,V5,taxi_conventionne,B,vsl_required,0
P343,V6,taxi_conventionne,O,vsl_required,0
P343,V6,taxi_conventionne,B,vsl_required,0
P343,V7,taxi_conventionne,O,vsl_required,0
P343,V7,taxi_conventionne,B,vsl_required,0
P343,V8,taxi_conventionne,O,vsl_required,0
P343,V8,taxi_conventionne,B,vsl_required,0
P343,V9,taxi_conventionne,O,vsl_required,0
P343,V9,taxi_conventionne,B,vsl_required,0
P343,V10,taxi_conventionne,O,vsl_required,0
P343,V10,taxi_conventionne,B,vsl_required,0
P343,V11,vsl,O,vsl_required,1
P343,V11,vsl,B,vsl_required,1
P343,V12,vsl,O,vsl_required,1
P343,V12,vsl,B,vsl_required,1
P343,V13,vsl,O,vsl_required,1
P343,V13,vsl,B,vsl_required,1
P343,V14,vsl,O,vsl_required,1
P343,V14,vsl,B,vsl_required,1
P343,V15,vsl,O,vsl_required,1
P343,V15,vsl,B,vsl_required,1
P343,V16,vsl,O,vsl_required,1
P343,V16,vsl,B,vsl_required,1
P343,V17,vsl,O,vsl_required,1
P343,V17,vsl,B,vsl_required,1
P343,V18,vtc_premium,O,vsl_required,0
P343,V18,vtc_premium,B,vsl_required,0
P343,V19,vtc_premium,O,vsl_required,0
P343,V19,vtc_premium,B,vsl_required,0
P343,V20,vtc_premium,O,vsl_required,0
P343,V20,vtc_premium,B,vsl_required,0
P344,V1,taxi_conventionne,O,premium,1
P344,V1,taxi_conventionne,B,premium,1
P344,V2,taxi_conventionne,O,premium,1
P344,V2,taxi_conventionne,B,premium,1
P344,V3,taxi_conventionne,O,premium,1
P344,V3,taxi_conventionne,B,premium,1
P344,V4,taxi_conventionne,O,premium,1
P344,V4,taxi_conventionne,B,premium,1
P344,V5,taxi_conventionne,O,premium,1
P344,V5,taxi_conventionne,B,premium,1
P344,V6,taxi_conventionne,O,premium,1
P344,V6,taxi_conventionne,B,premium,1
P344,V7,taxi_conventionne,O,premium,1
P344,V7,taxi_conventionne,B,premium,1
P344,V8,taxi_conventionne,O,premium,1
P344,V8,taxi_conventionne,B,premium,1
P344,V9,taxi_conventionne,O,premium,1
P344,V9,taxi_conventionne,B,premium,1
P344,V10,taxi_conventionne,O,premium,1
P344,V10,taxi_conventionne,B,premium,1
P344,V11,vsl,O,premium,0
P344,V11,vsl,B,premium,0
P344,V12,vsl,O,premium,0
P344,V12,vsl,B,premium,0
P344,V13,vsl,O,premium,0
P344,V13,vsl,B,premium,0
P344,V14,vsl,O,premium,0
P344,V14,vsl,B,premium,0
P344,V15,vsl,O,premium,0
P344,V15,vsl,B,premium,0
P344,V16,vsl,O,premium,0
P344,V16,vsl,B,premium,0
P344,V17,vsl,O,premium,0
P344,V17,vsl,B,premium,0
P344,V18,vtc_premium,O,premium,1
P344,V18,vtc_premium,B,premium,1
P344,V19,vtc_premium,O,premium,1
P344,V19,vtc_premium,B,premium,1
P344,V20,vtc_premium,O,premium,1
P344,V20,vtc_premium,B,premium,1
P345,V1,taxi_conventionne,O,vsl_required,0
P345,V1,taxi_conventionne,B,vsl_required,0
P345,V2,taxi_conventionne,O,vsl_required,0
P345,V2,taxi_conventionne,B,vsl_required,0
P345,V3,taxi_conventionne,O,vsl_required,0
P345,V3,taxi_conventionne,B,vsl_required,0
P345,V4,taxi_conventionne,O,vsl_required,0
P345,V4,taxi_conventionne,B,vsl_required,0
P345,V5,taxi_conventionne,O,vsl_required,0
P345,V5,taxi_conventionne,B,vsl_required,0
P345,V6,taxi_conventionne,O,vsl_required,0
P345,V6,taxi_conventionne,B,vsl_required,0
P345,V7,taxi_conventionne,O,vsl_required,0
P345,V7,taxi_conventionne,B,vsl_required,0
P345,V8,taxi_conventionne,O,vsl_required,0
P345,V8,taxi_conventionne,B,vsl_required,0
P345,V9,taxi_conventionne,O,vsl_required,0
P345,V9,taxi_conventionne,B,vsl_required,0
P345,V10,taxi_conventionne,O,vsl_required,0
P345,V10,taxi_conventionne,B,vsl_required,0
P345,V11,vsl,O,vsl_required,1
P345,V11,vsl,B,vsl_required,1
P345,V12,vsl,O,vsl_required,1
P345,V12,vsl,B,vsl_required,1
P345,V13,vsl,O,vsl_required,1
P345,V13,vsl,B,vsl_required,1
P345,V14,vsl,O,vsl_required,1
P345,V14,vsl,B,vsl_required,1
P345,V15,vsl,O,vsl_required,1
P345,V15,vsl,B,vsl_required,1
P345,V16,vsl,O,vsl_required,1
P345,V16,vsl,B,vsl_required,1
P345,V17,vsl,O,vsl_required,1
P345,V17,vsl,B,vsl_required,1
P345,V18,vtc_premium,O,vsl_required,0
P345,V18,vtc_premium,B,vsl_required,0
P345,V19,vtc_premium,O,vsl_required,0
P345,V19,vtc_premium,B,vsl_required,0
P345,V20,vtc_premium,O,vsl_required,0
P345,V20,vtc_premium,B,vsl_required,0
P346,V1,taxi_conventionne,O,vsl_required,0
P346,V1,taxi_conventionne,B,vsl_required,0
P346,V2,taxi_conventionne,O,vsl_required,0
P346,V2,taxi_conventionne,B,vsl_required,0
P346,V3,taxi_conventionne,O,vsl_required,0
P346,V3,taxi_conventionne,B,vsl_required,0
P346,V4,taxi_conventionne,O,vsl_required,0
P346,V4,taxi_conventionne,B,vsl_required,0
P346,V5,taxi_conventionne,O,vsl_required,0
P346,V5,taxi_conventionne,B,vsl_required,0
P346,V6,taxi_conventionne,O,vsl_required,0
P346,V6,taxi_conventionne,B,vsl_required,0
P346,V7,taxi_conventionne,O,vsl_required,0
P346,V7,taxi_conventionne,B,vsl_required,0
P346,V8,taxi_conventionne,O,vsl_required,0
P346,V8,taxi_conventionne,B,vsl_required,0
P346,V9,taxi_conventionne,O,vsl_required,0
P346,V9,taxi_conventionne,B,vsl_required,0
P346,V10,taxi_conventionne,O,vsl_required,0
P346,V10,taxi_conventionne,B,vsl_required,0
P346,V11,vsl,O,vsl_required,1
P346,V11,vsl,B,vsl_required,1
P346,V12,vsl,O,vsl_required,1
P346,V12,vsl,B,vsl_required,1
P346,V13,vsl,O,vsl_required,1
P346,V13,vsl,B,vsl_required,1
P346,V14,vsl,O,vsl_required,1
P346,V14,vsl,B,vsl_required,1
P346,V15,vsl,O,vsl_required,1
P346,V15,vsl,B,vsl_required,1
P346,V16,vsl,O,vsl_required,1
P346,V16,vsl,B,vsl_required,1
P346,V17,vsl,O,vsl_required,1
P346,V17,vsl,B,vsl_required,1
P346,V18,vtc_premium,O,vsl_required,0
P346,V18,vtc_premium,B,vsl_required,0
P346,V19,vtc_premium,O,vsl_required,0
P346,V19,vtc_premium,B,vsl_required,0
P346,V20,vtc_premium,O,vsl_required,0
P346,V20,vtc_premium,B,vsl_required,0
P347,V1,taxi_conventionne,O,standard_assis,1
P347,V1,taxi_conventionne,B,standard_assis,1
P347,V2,taxi_conventionne,O,standard_assis,1
P347,V2,taxi_conventionne,B,standard_assis,1
P347,V3,taxi_conventionne,O,standard_assis,1
P347,V3,taxi_conventionne,B,standard_assis,1
P347,V4,taxi_conventionne,O,standard_assis,1
P347,V4,taxi_conventionne,B,standard_assis,1
P347,V5,taxi_conventionne,O,standard_assis,1
P347,V5,taxi_conventionne,B,standard_assis,1
P347,V6,taxi_conventionne,O,standard_assis,1
P347,V6,taxi_conventionne,B,standard_assis,1
P347,V7,taxi_conventionne,O,standard_assis,1
P347,V7,taxi_conventionne,B,standard_assis,1
P347,V8,taxi_conventionne,O,standard_assis,1
P347,V8,taxi_conventionne,B,standard_assis,1
P347,V9,taxi_conventionne,O,standard_assis,1
P347,V9,taxi_conventionne,B,standard_assis,1
P347,V10,taxi_conventionne,O,standard_assis,1
P347,V10,taxi_conventionne,B,standard_assis,1
P347,V11,vsl,O,standard_assis,1
P347,V11,vsl,B,standard_assis,1
P347,V12,vsl,O,standard_assis,1
P347,V12,vsl,B,standard_assis,1
P347,V13,vsl,O,standard_assis,1
P347,V13,vsl,B,standard_assis,1
P347,V14,vsl,O,standard_assis,1
P347,V14,vsl,B,standard_assis,1
P347,V15,vsl,O,standard_assis,1
P347,V15,vsl,B,standard_assis,1
P347,V16,vsl,O,standard_assis,1
P347,V16,vsl,B,standard_assis,1
P347,V17,vsl,O,standard_assis,1
P347,V17,vsl,B,standard_assis,1
P347,V18,vtc_premium,O,standard_assis,1
P347,V18,vtc_premium,B,standard_assis,1
P347,V19,vtc_premium,O,standard_assis,1
P347,V19,vtc_premium,B,standard_assis,1
P347,V20,vtc_premium,O,standard_assis,1
P347,V20,vtc_premium,B,standard_assis,1
P348,V1,taxi_conventionne,O,vsl_required,0
P348,V1,taxi_conventionne,B,vsl_required,0
P348,V2,taxi_conventionne,O,vsl_required,0
P348,V2,taxi_conventionne,B,vsl_required,0
P348,V3,taxi_conventionne,O,vsl_required,0
P348,V3,taxi_conventionne,B,vsl_required,0
P348,V4,taxi_conventionne,O,vsl_required,0
P348,V4,taxi_conventionne,B,vsl_required,0
P348,V5,taxi_conventionne,O,vsl_required,0
P348,V5,taxi_conventionne,B,vsl_required,0
P348,V6,taxi_conventionne,O,vsl_required,0
P348,V6,taxi_conventionne,B,vsl_required,0
P348,V7,taxi_conventionne,O,vsl_required,0
P348,V7,taxi_conventionne,B,vsl_required,0
P348,V8,taxi_conventionne,O,vsl_required,0
P348,V8,taxi_conventionne,B,vsl_required,0
P348,V9,taxi_conventionne,O,vsl_required,0
P348,V9,taxi_conventionne,B,vsl_required,0
P348,V10,taxi_conventionne,O,vsl_required,0
P348,V10,taxi_conventionne,B,vsl_required,0
P348,V11,vsl,O,vsl_required,1
P348,V11,vsl,B,vsl_required,1
P348,V12,vsl,O,vsl_required,1
P348,V12,vsl,B,vsl_required,1
P348,V13,vsl,O,vsl_required,1
P348,V13,vsl,B,vsl_required,1
P348,V14,vsl,O,vsl_required,1
P348,V14,vsl,B,vsl_required,1
P348,V15,vsl,O,vsl_required,1
P348,V15,vsl,B,vsl_required,1
P348,V16,vsl,O,vsl_required,1
P348,V16,vsl,B,vsl_required,1
P348,V17,vsl,O,vsl_required,1
P348,V17,vsl,B,vsl_required,1
P348,V18,vtc_premium,O,vsl_required,0
P348,V18,vtc_premium,B,vsl_required,0
P348,V19,vtc_premium,O,vsl_required,0
P348,V19,vtc_premium,B,vsl_required,0
P348,V20,vtc_premium,O,vsl_required,0
P348,V20,vtc_premium,B,vsl_required,0
P349,V1,taxi_conventionne,O,vsl_required,0
P349,V1,taxi_conventionne,B,vsl_required,0
P349,V2,taxi_conventionne,O,vsl_required,0
P349,V2,taxi_conventionne,B,vsl_required,0
P349,V3,taxi_conventionne,O,vsl_required,0
P349,V3,taxi_conventionne,B,vsl_required,0
P349,V4,taxi_conventionne,O,vsl_required,0
P349,V4,taxi_conventionne,B,vsl_required,0
P349,V5,taxi_conventionne,O,vsl_required,0
P349,V5,taxi_conventionne,B,vsl_required,0
P349,V6,taxi_conventionne,O,vsl_required,0
P349,V6,taxi_conventionne,B,vsl_required,0
P349,V7,taxi_conventionne,O,vsl_required,0
P349,V7,taxi_conventionne,B,vsl_required,0
P349,V8,taxi_conventionne,O,vsl_required,0
P349,V8,taxi_conventionne,B,vsl_required,0
P349,V9,taxi_conventionne,O,vsl_required,0
P349,V9,taxi_conventionne,B,vsl_required,0
P349,V10,taxi_conventionne,O,vsl_required,0
P349,V10,taxi_conventionne,B,vsl_required,0
P349,V11,vsl,O,vsl_required,1
P349,V11,vsl,B,vsl_required,1
P349,V12,vsl,O,vsl_required,1
P349,V12,vsl,B,vsl_required,1
P349,V13,vsl,O,vsl_required,1
P349,V13,vsl,B,vsl_required,1
P349,V14,vsl,O,vsl_required,1
P349,V14,vsl,B,vsl_required,1
P349,V15,vsl,O,vsl_required,1
P349,V15,vsl,B,vsl_required,1
P349,V16,vsl,O,vsl_required,1
P349,V16,vsl,B,vsl_required,1
P349,V17,vsl,O,vsl_required,1
P349,V17,vsl,B,vsl_required,1
P349,V18,vtc_premium,O,vsl_required,0
P349,V18,vtc_premium,B,vsl_required,0
P349,V19,vtc_premium,O,vsl_required,0
P349,V19,vtc_premium,B,vsl_required,0
P349,V20,vtc_premium,O,vsl_required,0
P349,V20,vtc_premium,B,vsl_required,0
P350,V1,taxi_conventionne,O,prescription_medicale,1
P350,V1,taxi_conventionne,B,prescription_medicale,1
P350,V2,taxi_conventionne,O,prescription_medicale,1
P350,V2,taxi_conventionne,B,prescription_medicale,1
P350,V3,taxi_conventionne,O,prescription_medicale,1
P350,V3,taxi_conventionne,B,prescription_medicale,1
P350,V4,taxi_conventionne,O,prescription_medicale,1
P350,V4,taxi_conventionne,B,prescription_medicale,1
P350,V5,taxi_conventionne,O,prescription_medicale,1
P350,V5,taxi_conventionne,B,prescription_medicale,1
P350,V6,taxi_conventionne,O,prescription_medicale,1
P350,V6,taxi_conventionne,B,prescription_medicale,1
P350,V7,taxi_conventionne,O,prescription_medicale,1
P350,V7,taxi_conventionne,B,prescription_medicale,1
P350,V8,taxi_conventionne,O,prescription_medicale,1
P350,V8,taxi_conventionne,B,prescription_medicale,1
P350,V9,taxi_conventionne,O,prescription_medicale,1
P350,V9,taxi_conventionne,B,prescription_medicale,1
P350,V10,taxi_conventionne,O,prescription_medicale,1
P350,V10,taxi_conventionne,B,prescription_medicale,1
P350,V11,vsl,O,prescription_medicale,1
P350,V11,vsl,B,prescription_medicale,1
P350,V12,vsl,O,prescription_medicale,1
P350,V12,vsl,B,prescription_medicale,1
P350,V13,vsl,O,prescription_medicale,1
P350,V13,vsl,B,prescription_medicale,1
P350,V14,vsl,O,prescription_medicale,1
P350,V14,vsl,B,prescription_medicale,1
P350,V15,vsl,O,prescription_medicale,1
P350,V15,vsl,B,prescription_medicale,1
P350,V16,vsl,O,prescription_medicale,1
P350,V16,vsl,B,prescription_medicale,1
P350,V17,vsl,O,prescription_medicale,1
P350,V17,vsl,B,prescription_medicale,1
P350,V18,vtc_premium,O,prescription_medicale,0
P350,V18,vtc_premium,B,prescription_medicale,0
P350,V19,vtc_premium,O,prescription_medicale,0
P350,V19,vtc_premium,B,prescription_medicale,0
P350,V20,vtc_premium,O,prescription_medicale,0
P350,V20,vtc_premium,B,prescription_medicale,0
