model_node_id,model_node_label,request_id,patient_id,node_role,physical_point_id,lat,lon,service_time_min,q_i,time_window_start_min,time_window_end_min
1,PU_R0001,R0001,P1,pickup,HOME_P1,46.099048303929344,4.097275451593295,5,1,780,825
2,DO_R0001,R0001,P1,dropoff,H1,46.0533,4.0727,5,-1,790,835
3,PU_R0002,R0002,P2,pickup,HOME_P2,46.04914186992871,4.043567584907285,5,1,635,685
4,DO_R0002,R0002,P2,dropoff,H1,46.0533,4.0727,5,-1,645,690
5,PU_R0003,R0003,P2,pickup,H1,46.0533,4.0727,5,1,855,870
6,DO_R0003,R0003,P2,dropoff,HOME_P2,46.04914186992871,4.043567584907285,5,-1,855,910
7,PU_R0004,R0004,P3,pickup,HOME_P3,46.06688077562382,4.171890317894605,5,1,470,511
8,DO_R0004,R0004,P3,dropoff,H1,46.0533,4.0727,5,-1,480,525
9,PU_R0005,R0005,P3,pickup,H1,46.0533,4.0727,5,1,700,715
10,DO_R0005,R0005,P3,dropoff,HOME_P3,46.06688077562382,4.171890317894605,5,-1,700,755
11,PU_R0006,R0006,P4,pickup,HOME_P4,46.061309472601664,4.083733544460654,5,1,460,510
12,DO_R0006,R0006,P4,dropoff,H1,46.0533,4.0727,5,-1,470,515
13,PU_R0007,R0007,P4,pickup,H1,46.0533,4.0727,5,1,755,770
14,DO_R0007,R0007,P4,dropoff,HOME_P4,46.061309472601664,4.083733544460654,5,-1,755,810
15,PU_R0008,R0008,P5,pickup,HOME_P5,46.039067214427654,4.155855984031386,5,1,745,787
16,DO_R0008,R0008,P5,dropoff,H2,46.0457,4.0688,5,-1,755,800
17,PU_R0009,R0009,P6,pickup,HOME_P6,46.03666644933939,4.132670983634377,5,1,780,826
18,DO_R0009,R0009,P6,dropoff,H2,46.0457,4.0688,5,-1,790,835
19,PU_R0010,R0010,P7,pickup,HOME_P7,45.98032563567948,4.106417556483976,5,1,430,471
20,DO_R0010,R0010,P7,dropoff,H2,46.0457,4.0688,5,-1,440,485
21,PU_R0011,R0011,P7,pickup,H2,46.0457,4.0688,5,1,670,685
22,DO_R0011,R0011,P7,dropoff,HOME_P7,45.98032563567948,4.106417556483976,5,-1,670,725
23,PU_R0012,R0012,P8,pickup,HOME_P8,46.11169177298161,4.029979431268988,5,1,740,781
24,DO_R0012,R0012,P8,dropoff,H1,46.0533,4.0727,5,-1,750,795
25,PU_R0013,R0013,P9,pickup,HOME_P9,46.02205374600595,4.035585996777958,5,1,745,791
26,DO_R0013,R0013,P9,dropoff,H1,46.0533,4.0727,5,-1,755,800
27,PU_R0014,R0014,P10,pickup,HOME_P10,46.046682898838675,4.18821280648229,5,1,760,798
28,DO_R0014,R0014,P10,dropoff,H2,46.0457,4.0688,5,-1,770,815
29,PU_R0015,R0015,P10,pickup,H2,46.0457,4.0688,5,1,925,940
30,DO_R0015,R0015,P10,dropoff,HOME_P10,46.046682898838675,4.18821280648229,5,-1,925,980
31,PU_R0016,R0016,P11,pickup,HOME_P11,45.976809058481656,3.9914253497050005,5,1,530,577
32,DO_R0016,R0016,P11,dropoff,H2,46.0457,4.0688,5,-1,550,595
33,PU_R0017,R0017,P11,pickup,H2,46.0457,4.0688,5,1,625,650
34,DO_R0017,R0017,P11,dropoff,HOME_P11,45.976809058481656,3.9914253497050005,5,-1,625,700
35,PU_R0018,R0018,P12,pickup,HOME_P12,46.05597194763988,4.08488295904444,5,1,750,800
36,DO_R0018,R0018,P12,dropoff,H2,46.0457,4.0688,5,-1,760,805
37,PU_R0019,R0019,P12,pickup,H2,46.0457,4.0688,5,1,1020,1035
38,DO_R0019,R0019,P12,dropoff,HOME_P12,46.05597194763988,4.08488295904444,5,-1,1020,1075
39,PU_R0020,R0020,P13,pickup,HOME_P13,46.045405801535885,3.991772429038892,5,1,470,514
40,DO_R0020,R0020,P13,dropoff,H2,46.0457,4.0688,5,-1,480,525
41,PU_R0021,R0021,P13,pickup,H2,46.0457,4.0688,5,1,785,800
42,DO_R0021,R0021,P13,dropoff,HOME_P13,46.045405801535885,3.991772429038892,5,-1,785,840
43,PU_R0022,R0022,P14,pickup,HOME_P14,46.13540656553656,4.030015974025565,5,1,435,472
44,DO_R0022,R0022,P14,dropoff,H1,46.0533,4.0727,5,-1,445,490
45,PU_R0023,R0023,P14,pickup,H1,46.0533,4.0727,5,1,660,675
46,DO_R0023,R0023,P14,dropoff,HOME_P14,46.13540656553656,4.030015974025565,5,-1,660,715
47,PU_R0024,R0024,P15,pickup,HOME_P15,46.02880950335406,3.9930602042578602,5,1,475,518
48,DO_R0024,R0024,P15,dropoff,H3,46.05,4.07,5,-1,485,530
49,PU_R0025,R0025,P15,pickup,H3,46.05,4.07,5,1,795,810
50,DO_R0025,R0025,P15,dropoff,HOME_P15,46.02880950335406,3.9930602042578602,5,-1,795,850
51,PU_R0026,R0026,P16,pickup,HOME_P16,46.04041265568018,4.020774441324111,5,1,775,823
52,DO_R0026,R0026,P16,dropoff,H2,46.0457,4.0688,5,-1,785,830
53,PU_R0027,R0027,P17,pickup,HOME_P17,46.16832073853379,4.088726042021295,5,1,525,577
54,DO_R0027,R0027,P17,dropoff,H1,46.0533,4.0727,5,-1,555,600
55,PU_R0028,R0028,P17,pickup,H1,46.0533,4.0727,5,1,625,660
56,DO_R0028,R0028,P17,dropoff,HOME_P17,46.16832073853379,4.088726042021295,5,-1,625,720
57,PU_R0029,R0029,P18,pickup,HOME_P18,46.006912370983045,4.0421105411832725,5,1,430,474
58,DO_R0029,R0029,P18,dropoff,H1,46.0533,4.0727,5,-1,440,485
59,PU_R0030,R0030,P18,pickup,H1,46.0533,4.0727,5,1,645,660
60,DO_R0030,R0030,P18,dropoff,HOME_P18,46.006912370983045,4.0421105411832725,5,-1,645,700
61,PU_R0031,R0031,P19,pickup,HOME_P19,46.10362179150346,4.030029592981109,5,1,430,472
62,DO_R0031,R0031,P19,dropoff,H2,46.0457,4.0688,5,-1,440,485
63,PU_R0032,R0032,P19,pickup,H2,46.0457,4.0688,5,1,725,740
64,DO_R0032,R0032,P19,dropoff,HOME_P19,46.10362179150346,4.030029592981109,5,-1,725,780
65,PU_R0033,R0033,P20,pickup,HOME_P20,46.13404220495868,4.039785343710948,5,1,480,518
66,DO_R0033,R0033,P20,dropoff,H1,46.0533,4.0727,5,-1,490,535
67,PU_R0034,R0034,P20,pickup,H1,46.0533,4.0727,5,1,710,725
68,DO_R0034,R0034,P20,dropoff,HOME_P20,46.13404220495868,4.039785343710948,5,-1,710,765
69,PU_R0035,R0035,P21,pickup,HOME_P21,46.07315735891867,4.100101713259381,5,1,605,654
70,DO_R0035,R0035,P21,dropoff,H1,46.0533,4.0727,5,-1,615,660
71,PU_R0036,R0036,P21,pickup,H1,46.0533,4.0727,5,1,835,850
72,DO_R0036,R0036,P21,dropoff,HOME_P21,46.07315735891867,4.100101713259381,5,-1,835,890
73,PU_R0037,R0037,P22,pickup,HOME_P22,46.09600966789764,4.1976993614897795,5,1,500,544
74,DO_R0037,R0037,P22,dropoff,H2,46.0457,4.0688,5,-1,520,565
75,PU_R0038,R0038,P22,pickup,H2,46.0457,4.0688,5,1,600,625
76,DO_R0038,R0038,P22,dropoff,HOME_P22,46.09600966789764,4.1976993614897795,5,-1,600,675
77,PU_R0039,R0039,P23,pickup,HOME_P23,46.101015562222386,4.019388268480995,5,1,510,563
78,DO_R0039,R0039,P23,dropoff,H1,46.0533,4.0727,5,-1,530,575
79,PU_R0040,R0040,P23,pickup,H1,46.0533,4.0727,5,1,675,700
80,DO_R0040,R0040,P23,dropoff,HOME_P23,46.101015562222386,4.019388268480995,5,-1,675,750
81,PU_R0041,R0041,P24,pickup,HOME_P24,46.02934146420243,4.02322331505371,5,1,660,706
82,DO_R0041,R0041,P24,dropoff,H1,46.0533,4.0727,5,-1,670,715
83,PU_R0042,R0042,P24,pickup,H1,46.0533,4.0727,5,1,875,890
84,DO_R0042,R0042,P24,dropoff,HOME_P24,46.02934146420243,4.02322331505371,5,-1,875,930
85,PU_R0043,R0043,P25,pickup,HOME_P25,46.11123133695265,4.049761005764723,5,1,465,508
86,DO_R0043,R0043,P25,dropoff,H1,46.0533,4.0727,5,-1,475,520
87,PU_R0044,R0044,P25,pickup,H1,46.0533,4.0727,5,1,690,705
88,DO_R0044,R0044,P25,dropoff,HOME_P25,46.11123133695265,4.049761005764723,5,-1,690,745
89,PU_R0045,R0045,P26,pickup,HOME_P26,46.02878368407362,4.058639990368837,5,1,760,810
90,DO_R0045,R0045,P26,dropoff,H2,46.0457,4.0688,5,-1,770,815
91,PU_R0046,R0046,P27,pickup,HOME_P27,45.9909913992431,4.0693583148480394,5,1,745,787
92,DO_R0046,R0046,P27,dropoff,H1,46.0533,4.0727,5,-1,755,800
93,PU_R0047,R0047,P28,pickup,HOME_P28,46.03216601801766,4.011745434962536,5,1,735,781
94,DO_R0047,R0047,P28,dropoff,H2,46.0457,4.0688,5,-1,745,790
95,PU_R0048,R0048,P28,pickup,H2,46.0457,4.0688,5,1,1015,1030
96,DO_R0048,R0048,P28,dropoff,HOME_P28,46.03216601801766,4.011745434962536,5,-1,1015,1070
97,PU_R0049,R0049,P29,pickup,HOME_P29,46.13565515417415,4.054950135334371,5,1,465,503
98,DO_R0049,R0049,P29,dropoff,H1,46.0533,4.0727,5,-1,475,520
99,PU_R0050,R0050,P29,pickup,H1,46.0533,4.0727,5,1,680,695
100,DO_R0050,R0050,P29,dropoff,HOME_P29,46.13565515417415,4.054950135334371,5,-1,680,735
101,PU_R0051,R0051,P30,pickup,HOME_P30,46.087460931129144,4.124358921643606,5,1,510,565
102,DO_R0051,R0051,P30,dropoff,H1,46.0533,4.0727,5,-1,530,575
103,PU_R0052,R0052,P30,pickup,H1,46.0533,4.0727,5,1,675,700
104,DO_R0052,R0052,P30,dropoff,HOME_P30,46.087460931129144,4.124358921643606,5,-1,675,750
105,PU_R0053,R0053,P31,pickup,HOME_P31,46.08193223613048,3.9801332466224584,5,1,435,475
106,DO_R0053,R0053,P31,dropoff,H2,46.0457,4.0688,5,-1,445,490
107,PU_R0054,R0054,P31,pickup,H2,46.0457,4.0688,5,1,730,745
108,DO_R0054,R0054,P31,dropoff,HOME_P31,46.08193223613048,3.9801332466224584,5,-1,730,785
109,PU_R0055,R0055,P32,pickup,HOME_P32,46.06847026290135,4.094895701282388,5,1,445,495
110,DO_R0055,R0055,P32,dropoff,H1,46.0533,4.0727,5,-1,455,500
111,PU_R0056,R0056,P32,pickup,H1,46.0533,4.0727,5,1,740,755
112,DO_R0056,R0056,P32,dropoff,HOME_P32,46.06847026290135,4.094895701282388,5,-1,740,795
113,PU_R0057,R0057,P33,pickup,HOME_P33,46.03070853438691,4.0860038144267214,5,1,475,525
114,DO_R0057,R0057,P33,dropoff,H2,46.0457,4.0688,5,-1,485,530
115,PU_R0058,R0058,P33,pickup,H2,46.0457,4.0688,5,1,755,770
116,DO_R0058,R0058,P33,dropoff,HOME_P33,46.03070853438691,4.0860038144267214,5,-1,755,810
117,PU_R0059,R0059,P34,pickup,HOME_P34,46.04439925449677,3.94848345726817,5,1,640,687
118,DO_R0059,R0059,P34,dropoff,H1,46.0533,4.0727,5,-1,660,705
119,PU_R0060,R0060,P34,pickup,H1,46.0533,4.0727,5,1,800,825
120,DO_R0060,R0060,P34,dropoff,HOME_P34,46.04439925449677,3.94848345726817,5,-1,800,875
121,PU_R0061,R0061,P35,pickup,HOME_P35,46.13796573855822,4.147935491016276,5,1,820,865
122,DO_R0061,R0061,P35,dropoff,H1,46.0533,4.0727,5,-1,840,885
123,PU_R0062,R0062,P35,pickup,H1,46.0533,4.0727,5,1,980,1005
124,DO_R0062,R0062,P35,dropoff,HOME_P35,46.13796573855822,4.147935491016276,5,-1,980,1055
125,PU_R0063,R0063,P36,pickup,HOME_P36,46.01601844998313,3.853370642440418,5,1,538,593
126,DO_R0063,R0063,P36,dropoff,H1,46.0533,4.0727,5,-1,580,625
127,PU_R0064,R0064,P36,pickup,H1,46.0533,4.0727,5,1,655,690
128,DO_R0064,R0064,P36,dropoff,HOME_P36,46.01601844998313,3.853370642440418,5,-1,655,762
129,PU_R0065,R0065,P37,pickup,HOME_P37,46.00350004855194,4.1724847780360435,5,1,455,493
130,DO_R0065,R0065,P37,dropoff,H2,46.0457,4.0688,5,-1,465,510
131,PU_R0066,R0066,P37,pickup,H2,46.0457,4.0688,5,1,680,695
132,DO_R0066,R0066,P37,dropoff,HOME_P37,46.00350004855194,4.1724847780360435,5,-1,680,735
133,PU_R0067,R0067,P38,pickup,HOME_P38,46.008186726131406,4.011513254686173,5,1,540,602
134,DO_R0067,R0067,P38,dropoff,H1,46.0533,4.0727,5,-1,570,615
135,PU_R0068,R0068,P38,pickup,H1,46.0533,4.0727,5,1,640,675
136,DO_R0068,R0068,P38,dropoff,HOME_P38,46.008186726131406,4.011513254686173,5,-1,640,735
137,PU_R0069,R0069,P39,pickup,HOME_P39,46.107051208811214,4.010308275021664,5,1,755,796
138,DO_R0069,R0069,P39,dropoff,H3,46.05,4.07,5,-1,765,810
139,PU_R0070,R0070,P40,pickup,HOME_P40,46.05312426794745,4.039601694418742,5,1,780,830
140,DO_R0070,R0070,P40,dropoff,H3,46.05,4.07,5,-1,790,835
141,PU_R0071,R0071,P41,pickup,HOME_P41,46.0601538288187,4.077016361892442,5,1,820,870
142,DO_R0071,R0071,P41,dropoff,H1,46.0533,4.0727,5,-1,830,875
143,PU_R0072,R0072,P42,pickup,HOME_P42,46.012950793750335,4.118524005841976,5,1,605,660
144,DO_R0072,R0072,P42,dropoff,H2,46.0457,4.0688,5,-1,625,670
145,PU_R0073,R0073,P42,pickup,H2,46.0457,4.0688,5,1,705,730
146,DO_R0073,R0073,P42,dropoff,HOME_P42,46.012950793750335,4.118524005841976,5,-1,705,780
147,PU_R0074,R0074,P43,pickup,HOME_P43,46.07092031582534,4.017062677464345,5,1,740,786
148,DO_R0074,R0074,P43,dropoff,H3,46.05,4.07,5,-1,750,795
149,PU_R0075,R0075,P43,pickup,H3,46.05,4.07,5,1,1025,1040
150,DO_R0075,R0075,P43,dropoff,HOME_P43,46.07092031582534,4.017062677464345,5,-1,1025,1080
151,PU_R0076,R0076,P44,pickup,HOME_P44,46.00954432646514,4.13338842130012,5,1,985,1027
152,DO_R0076,R0076,P44,dropoff,H1,46.0533,4.0727,5,-1,995,1040
153,PU_R0077,R0077,P45,pickup,HOME_P45,46.009740625837615,4.024483261784425,5,1,730,775
154,DO_R0077,R0077,P45,dropoff,H2,46.0457,4.0688,5,-1,740,785
155,PU_R0078,R0078,P46,pickup,HOME_P46,46.18733255496673,4.124894478407734,5,1,910,962
156,DO_R0078,R0078,P46,dropoff,H1,46.0533,4.0727,5,-1,945,990
157,PU_R0079,R0079,P47,pickup,HOME_P47,45.99747938142539,4.147908429258819,5,1,600,649
158,DO_R0079,R0079,P47,dropoff,H1,46.0533,4.0727,5,-1,620,665
159,PU_R0080,R0080,P47,pickup,H1,46.0533,4.0727,5,1,750,775
160,DO_R0080,R0080,P47,dropoff,HOME_P47,45.99747938142539,4.147908429258819,5,-1,750,825
161,PU_R0081,R0081,P48,pickup,HOME_P48,46.0475173586544,4.177156912207247,5,1,460,500
162,DO_R0081,R0081,P48,dropoff,H1,46.0533,4.0727,5,-1,470,515
163,PU_R0082,R0082,P48,pickup,H1,46.0533,4.0727,5,1,665,680
164,DO_R0082,R0082,P48,dropoff,HOME_P48,46.0475173586544,4.177156912207247,5,-1,665,720
165,PU_R0083,R0083,P49,pickup,HOME_P49,46.080190609605175,4.042052693851139,5,1,480,528
166,DO_R0083,R0083,P49,dropoff,H1,46.0533,4.0727,5,-1,490,535
167,PU_R0084,R0084,P49,pickup,H1,46.0533,4.0727,5,1,695,710
168,DO_R0084,R0084,P49,dropoff,HOME_P49,46.080190609605175,4.042052693851139,5,-1,695,750
169,PU_R0085,R0085,P50,pickup,HOME_P50,46.02212720699053,4.122674779633128,5,1,455,501
170,DO_R0085,R0085,P50,dropoff,H2,46.0457,4.0688,5,-1,465,510
171,PU_R0086,R0086,P50,pickup,H2,46.0457,4.0688,5,1,870,885
172,DO_R0086,R0086,P50,dropoff,HOME_P50,46.02212720699053,4.122674779633128,5,-1,870,925
173,PU_R0087,R0087,P51,pickup,HOME_P51,45.9992283117637,4.023416042742893,5,1,560,622
174,DO_R0087,R0087,P51,dropoff,H1,46.0533,4.0727,5,-1,590,635
175,PU_R0088,R0088,P52,pickup,HOME_P52,46.07707616623581,4.075294823123584,5,1,520,578
176,DO_R0088,R0088,P52,dropoff,H2,46.0457,4.0688,5,-1,540,585
177,PU_R0089,R0089,P52,pickup,H2,46.0457,4.0688,5,1,625,650
178,DO_R0089,R0089,P52,dropoff,HOME_P52,46.07707616623581,4.075294823123584,5,-1,625,700
179,PU_R0090,R0090,P53,pickup,HOME_P53,46.053536212637695,4.015251423697042,5,1,745,792
180,DO_R0090,R0090,P53,dropoff,H1,46.0533,4.0727,5,-1,755,800
181,PU_R0091,R0091,P54,pickup,HOME_P54,46.0158024977518,3.994936227274658,5,1,1000,1043
182,DO_R0091,R0091,P54,dropoff,H2,46.0457,4.0688,5,-1,1010,1055
183,PU_R0092,R0092,P55,pickup,HOME_P55,46.05623376079521,4.106801828010139,5,1,755,805
184,DO_R0092,R0092,P55,dropoff,H1,46.0533,4.0727,5,-1,765,810
185,PU_R0093,R0093,P56,pickup,HOME_P56,46.05790334068298,4.088013268038379,5,1,770,820
186,DO_R0093,R0093,P56,dropoff,H1,46.0533,4.0727,5,-1,780,825
187,PU_R0094,R0094,P57,pickup,HOME_P57,46.104905333127796,3.984044430084103,5,1,580,628
188,DO_R0094,R0094,P57,dropoff,H2,46.0457,4.0688,5,-1,600,645
189,PU_R0095,R0095,P57,pickup,H2,46.0457,4.0688,5,1,675,700
190,DO_R0095,R0095,P57,dropoff,HOME_P57,46.104905333127796,3.984044430084103,5,-1,675,750
191,PU_R0096,R0096,P58,pickup,HOME_P58,46.03711610287281,4.148165256624128,5,1,475,518
192,DO_R0096,R0096,P58,dropoff,H2,46.0457,4.0688,5,-1,485,530
193,PU_R0097,R0097,P58,pickup,H2,46.0457,4.0688,5,1,845,860
194,DO_R0097,R0097,P58,dropoff,HOME_P58,46.03711610287281,4.148165256624128,5,-1,845,900
195,PU_R0098,R0098,P59,pickup,HOME_P59,46.076535021129416,4.186045045313588,5,1,455,493
196,DO_R0098,R0098,P59,dropoff,H1,46.0533,4.0727,5,-1,465,510
197,PU_R0099,R0099,P59,pickup,H1,46.0533,4.0727,5,1,690,705
198,DO_R0099,R0099,P59,dropoff,HOME_P59,46.076535021129416,4.186045045313588,5,-1,690,745
199,PU_R0100,R0100,P60,pickup,HOME_P60,46.003141329436076,4.080556804563326,5,1,745,789
200,DO_R0100,R0100,P60,dropoff,H1,46.0533,4.0727,5,-1,755,800
201,PU_R0101,R0101,P61,pickup,HOME_P61,46.06924542251618,4.1629303825537365,5,1,470,511
202,DO_R0101,R0101,P61,dropoff,H3,46.05,4.07,5,-1,480,525
203,PU_R0102,R0102,P61,pickup,H3,46.05,4.07,5,1,750,765
204,DO_R0102,R0102,P61,dropoff,HOME_P61,46.06924542251618,4.1629303825537365,5,-1,750,805
205,PU_R0103,R0103,P62,pickup,HOME_P62,46.09970805217292,4.074483148768077,5,1,595,650
206,DO_R0103,R0103,P62,dropoff,H1,46.0533,4.0727,5,-1,615,660
207,PU_R0104,R0104,P62,pickup,H1,46.0533,4.0727,5,1,725,750
208,DO_R0104,R0104,P62,dropoff,HOME_P62,46.09970805217292,4.074483148768077,5,-1,725,800
209,PU_R0105,R0105,P63,pickup,HOME_P63,46.02567637579719,4.056348202479325,5,1,840,899
210,DO_R0105,R0105,P63,dropoff,H1,46.0533,4.0727,5,-1,860,905
211,PU_R0106,R0106,P63,pickup,H1,46.0533,4.0727,5,1,1005,1030
212,DO_R0106,R0106,P63,dropoff,HOME_P63,46.02567637579719,4.056348202479325,5,-1,1005,1080
213,PU_R0107,R0107,P64,pickup,HOME_P64,46.03277227674443,4.063003700085942,5,1,440,490
214,DO_R0107,R0107,P64,dropoff,H2,46.0457,4.0688,5,-1,450,495
215,PU_R0108,R0108,P64,pickup,H2,46.0457,4.0688,5,1,760,775
216,DO_R0108,R0108,P64,dropoff,HOME_P64,46.03277227674443,4.063003700085942,5,-1,760,815
217,PU_R0109,R0109,P65,pickup,HOME_P65,46.080681919116714,4.1209608007387,5,1,985,1031
218,DO_R0109,R0109,P65,dropoff,H1,46.0533,4.0727,5,-1,995,1040
219,PU_R0110,R0110,P66,pickup,HOME_P66,46.0399205056691,4.07659121010246,5,1,730,780
220,DO_R0110,R0110,P66,dropoff,H3,46.05,4.07,5,-1,740,785
221,PU_R0111,R0111,P66,pickup,H3,46.05,4.07,5,1,1005,1020
222,DO_R0111,R0111,P66,dropoff,HOME_P66,46.0399205056691,4.07659121010246,5,-1,1005,1060
223,PU_R0112,R0112,P67,pickup,HOME_P67,45.999099570989365,4.073800730663769,5,1,450,494
224,DO_R0112,R0112,P67,dropoff,H3,46.05,4.07,5,-1,460,505
225,PU_R0113,R0113,P67,pickup,H3,46.05,4.07,5,1,745,760
226,DO_R0113,R0113,P67,dropoff,HOME_P67,45.999099570989365,4.073800730663769,5,-1,745,800
227,PU_R0114,R0114,P68,pickup,HOME_P68,46.046900151038564,4.113910006669555,5,1,505,564
228,DO_R0114,R0114,P68,dropoff,H1,46.0533,4.0727,5,-1,525,570
229,PU_R0115,R0115,P68,pickup,H1,46.0533,4.0727,5,1,660,685
230,DO_R0115,R0115,P68,dropoff,HOME_P68,46.046900151038564,4.113910006669555,5,-1,660,735
231,PU_R0116,R0116,P69,pickup,HOME_P69,46.09877715056247,4.035253277203066,5,1,725,769
232,DO_R0116,R0116,P69,dropoff,H3,46.05,4.07,5,-1,735,780
233,PU_R0117,R0117,P69,pickup,H3,46.05,4.07,5,1,1005,1020
234,DO_R0117,R0117,P69,dropoff,HOME_P69,46.09877715056247,4.035253277203066,5,-1,1005,1060
235,PU_R0118,R0118,P70,pickup,HOME_P70,46.104962248666794,4.10361523838207,5,1,430,473
236,DO_R0118,R0118,P70,dropoff,H1,46.0533,4.0727,5,-1,440,485
237,PU_R0119,R0119,P70,pickup,H1,46.0533,4.0727,5,1,725,740
238,DO_R0119,R0119,P70,dropoff,HOME_P70,46.104962248666794,4.10361523838207,5,-1,725,780
239,PU_R0120,R0120,P71,pickup,HOME_P71,46.04335902238297,4.066813092935492,5,1,455,505
240,DO_R0120,R0120,P71,dropoff,H2,46.0457,4.0688,5,-1,465,510
241,PU_R0121,R0121,P71,pickup,H2,46.0457,4.0688,5,1,745,760
242,DO_R0121,R0121,P71,dropoff,HOME_P71,46.04335902238297,4.066813092935492,5,-1,745,800
243,PU_R0122,R0122,P72,pickup,HOME_P72,46.047543028069875,4.006979909374133,5,1,435,480
244,DO_R0122,R0122,P72,dropoff,H1,46.0533,4.0727,5,-1,445,490
245,PU_R0123,R0123,P72,pickup,H1,46.0533,4.0727,5,1,645,660
246,DO_R0123,R0123,P72,dropoff,HOME_P72,46.047543028069875,4.006979909374133,5,-1,645,700
247,PU_R0124,R0124,P73,pickup,HOME_P73,46.121680391927896,4.091246894879414,5,1,590,641
248,DO_R0124,R0124,P73,dropoff,H1,46.0533,4.0727,5,-1,610,655
249,PU_R0125,R0125,P73,pickup,H1,46.0533,4.0727,5,1,735,760
250,DO_R0125,R0125,P73,dropoff,HOME_P73,46.121680391927896,4.091246894879414,5,-1,735,810
251,PU_R0126,R0126,P74,pickup,HOME_P74,46.066529717342355,4.04756804003565,5,1,985,1055
252,DO_R0126,R0126,P74,dropoff,H1,46.0533,4.0727,5,-1,1015,1060
253,PU_R0127,R0127,P75,pickup,HOME_P75,46.13165859506779,4.040343595185833,5,1,575,623
254,DO_R0127,R0127,P75,dropoff,H1,46.0533,4.0727,5,-1,595,640
255,PU_R0128,R0128,P75,pickup,H1,46.0533,4.0727,5,1,760,785
256,DO_R0128,R0128,P75,dropoff,HOME_P75,46.13165859506779,4.040343595185833,5,-1,760,835
257,PU_R0129,R0129,P76,pickup,HOME_P76,46.06896772661533,3.9781626374662267,5,1,765,806
258,DO_R0129,R0129,P76,dropoff,H2,46.0457,4.0688,5,-1,775,820
259,PU_R0130,R0130,P77,pickup,HOME_P77,46.01405740729758,4.1212510953198365,5,1,780,824
260,DO_R0130,R0130,P77,dropoff,H1,46.0533,4.0727,5,-1,790,835
261,PU_R0131,R0131,P78,pickup,HOME_P78,46.02775223914805,4.1800467965453265,5,1,795,854
262,DO_R0131,R0131,P78,dropoff,H1,46.0533,4.0727,5,-1,825,870
263,PU_R0132,R0132,P78,pickup,H1,46.0533,4.0727,5,1,900,935
264,DO_R0132,R0132,P78,dropoff,HOME_P78,46.02775223914805,4.1800467965453265,5,-1,900,995
265,PU_R0133,R0133,P79,pickup,HOME_P79,46.10276811287397,4.03462907423462,5,1,465,507
266,DO_R0133,R0133,P79,dropoff,H2,46.0457,4.0688,5,-1,475,520
267,PU_R0134,R0134,P79,pickup,H2,46.0457,4.0688,5,1,785,800
268,DO_R0134,R0134,P79,dropoff,HOME_P79,46.10276811287397,4.03462907423462,5,-1,785,840
269,PU_R0135,R0135,P80,pickup,HOME_P80,46.000209233610406,4.049954267810464,5,1,455,500
270,DO_R0135,R0135,P80,dropoff,H2,46.0457,4.0688,5,-1,465,510
271,PU_R0136,R0136,P80,pickup,H2,46.0457,4.0688,5,1,735,750
272,DO_R0136,R0136,P80,dropoff,HOME_P80,46.000209233610406,4.049954267810464,5,-1,735,790
273,PU_R0137,R0137,P81,pickup,HOME_P81,46.00753227061231,4.057739691551811,5,1,480,527
274,DO_R0137,R0137,P81,dropoff,H2,46.0457,4.0688,5,-1,490,535
275,PU_R0138,R0138,P81,pickup,H2,46.0457,4.0688,5,1,635,650
276,DO_R0138,R0138,P81,dropoff,HOME_P81,46.00753227061231,4.057739691551811,5,-1,635,690
277,PU_R0139,R0139,P82,pickup,HOME_P82,45.99002975716949,4.070922028106293,5,1,860,912
278,DO_R0139,R0139,P82,dropoff,H1,46.0533,4.0727,5,-1,880,925
279,PU_R0140,R0140,P82,pickup,H1,46.0533,4.0727,5,1,990,1015
280,DO_R0140,R0140,P82,dropoff,HOME_P82,45.99002975716949,4.070922028106293,5,-1,990,1065
281,PU_R0141,R0141,P83,pickup,HOME_P83,46.0453544919304,4.148290915052273,5,1,730,774
282,DO_R0141,R0141,P83,dropoff,H1,46.0533,4.0727,5,-1,740,785
283,PU_R0142,R0142,P83,pickup,H1,46.0533,4.0727,5,1,1025,1040
284,DO_R0142,R0142,P83,dropoff,HOME_P83,46.0453544919304,4.148290915052273,5,-1,1025,1080
285,PU_R0143,R0143,P84,pickup,HOME_P84,45.95042443889007,4.140289159626226,5,1,495,538
286,DO_R0143,R0143,P84,dropoff,H2,46.0457,4.0688,5,-1,515,560
287,PU_R0144,R0144,P84,pickup,H2,46.0457,4.0688,5,1,600,625
288,DO_R0144,R0144,P84,dropoff,HOME_P84,45.95042443889007,4.140289159626226,5,-1,600,675
289,PU_R0145,R0145,P85,pickup,HOME_P85,46.062271243626284,4.070490904551971,5,1,780,840
290,DO_R0145,R0145,P85,dropoff,H1,46.0533,4.0727,5,-1,800,845
291,PU_R0146,R0146,P85,pickup,H1,46.0533,4.0727,5,1,915,940
292,DO_R0146,R0146,P85,dropoff,HOME_P85,46.062271243626284,4.070490904551971,5,-1,915,990
293,PU_R0147,R0147,P86,pickup,HOME_P86,46.014959694007175,3.9994458067832555,5,1,725,768
294,DO_R0147,R0147,P86,dropoff,H3,46.05,4.07,5,-1,735,780
295,PU_R0148,R0148,P87,pickup,HOME_P87,46.10549203067771,4.083106530718316,5,1,845,899
296,DO_R0148,R0148,P87,dropoff,H1,46.0533,4.0727,5,-1,865,910
297,PU_R0149,R0149,P88,pickup,HOME_P88,46.07112006944893,4.059403481544853,5,1,775,825
298,DO_R0149,R0149,P88,dropoff,H1,46.0533,4.0727,5,-1,785,830
299,PU_R0150,R0150,P89,pickup,HOME_P89,45.962902991433204,4.073737963674052,5,1,620,668
300,DO_R0150,R0150,P89,dropoff,H2,46.0457,4.0688,5,-1,640,685
301,PU_R0151,R0151,P89,pickup,H2,46.0457,4.0688,5,1,710,735
302,DO_R0151,R0151,P89,dropoff,HOME_P89,45.962902991433204,4.073737963674052,5,-1,710,785
303,PU_R0152,R0152,P90,pickup,HOME_P90,46.03657174462542,4.1518729801406185,5,1,470,513
304,DO_R0152,R0152,P90,dropoff,H1,46.0533,4.0727,5,-1,480,525
305,PU_R0153,R0153,P90,pickup,H1,46.0533,4.0727,5,1,765,780
306,DO_R0153,R0153,P90,dropoff,HOME_P90,46.03657174462542,4.1518729801406185,5,-1,765,820
307,PU_R0154,R0154,P91,pickup,HOME_P91,46.02959579886344,4.125543504378914,5,1,440,486
308,DO_R0154,R0154,P91,dropoff,H3,46.05,4.07,5,-1,450,495
309,PU_R0155,R0155,P91,pickup,H3,46.05,4.07,5,1,730,745
310,DO_R0155,R0155,P91,dropoff,HOME_P91,46.02959579886344,4.125543504378914,5,-1,730,785
311,PU_R0156,R0156,P92,pickup,HOME_P92,46.11607224609809,4.066353605539254,5,1,755,797
312,DO_R0156,R0156,P92,dropoff,H1,46.0533,4.0727,5,-1,765,810
313,PU_R0157,R0157,P93,pickup,HOME_P93,46.0662889871669,4.079068954304385,5,1,505,565
314,DO_R0157,R0157,P93,dropoff,H1,46.0533,4.0727,5,-1,525,570
315,PU_R0158,R0158,P93,pickup,H1,46.0533,4.0727,5,1,665,690
316,DO_R0158,R0158,P93,dropoff,HOME_P93,46.0662889871669,4.079068954304385,5,-1,665,740
317,PU_R0159,R0159,P94,pickup,HOME_P94,45.97022805373166,4.119342300994756,5,1,440,477
318,DO_R0159,R0159,P94,dropoff,H1,46.0533,4.0727,5,-1,450,495
319,PU_R0160,R0160,P94,pickup,H1,46.0533,4.0727,5,1,665,680
320,DO_R0160,R0160,P94,dropoff,HOME_P94,45.97022805373166,4.119342300994756,5,-1,665,720
321,PU_R0161,R0161,P95,pickup,HOME_P95,46.04484765273966,4.110928147548546,5,1,845,904
322,DO_R0161,R0161,P95,dropoff,H1,46.0533,4.0727,5,-1,865,910
323,PU_R0162,R0162,P96,pickup,HOME_P96,46.03760811005324,4.09489699830617,5,1,735,785
324,DO_R0162,R0162,P96,dropoff,H1,46.0533,4.0727,5,-1,745,790
325,PU_R0163,R0163,P97,pickup,HOME_P97,46.10086526914439,4.182402467237829,5,1,965,1012
326,DO_R0163,R0163,P97,dropoff,H1,46.0533,4.0727,5,-1,985,1030
327,PU_R0164,R0164,P98,pickup,HOME_P98,45.96193234649264,4.060575205804828,5,1,510,556
328,DO_R0164,R0164,P98,dropoff,H1,46.0533,4.0727,5,-1,530,575
329,PU_R0165,R0165,P98,pickup,H1,46.0533,4.0727,5,1,640,665
330,DO_R0165,R0165,P98,dropoff,HOME_P98,45.96193234649264,4.060575205804828,5,-1,640,715
331,PU_R0166,R0166,P99,pickup,HOME_P99,45.961769399818856,4.134768305362116,5,1,640,684
332,DO_R0166,R0166,P99,dropoff,H1,46.0533,4.0727,5,-1,660,705
333,PU_R0167,R0167,P99,pickup,H1,46.0533,4.0727,5,1,810,835
334,DO_R0167,R0167,P99,dropoff,HOME_P99,45.961769399818856,4.134768305362116,5,-1,810,885
335,PU_R0168,R0168,P100,pickup,HOME_P100,45.99547102799844,4.0148074242491925,5,1,470,521
336,DO_R0168,R0168,P100,dropoff,H1,46.0533,4.0727,5,-1,490,535
337,PU_R0169,R0169,P100,pickup,H1,46.0533,4.0727,5,1,635,660
338,DO_R0169,R0169,P100,dropoff,HOME_P100,45.99547102799844,4.0148074242491925,5,-1,635,710
339,PU_R0170,R0170,P101,pickup,HOME_P101,46.1182273019327,4.004890177602023,5,1,450,489
340,DO_R0170,R0170,P101,dropoff,H1,46.0533,4.0727,5,-1,460,505
341,PU_R0171,R0171,P101,pickup,H1,46.0533,4.0727,5,1,670,685
342,DO_R0171,R0171,P101,dropoff,HOME_P101,46.1182273019327,4.004890177602023,5,-1,670,725
343,PU_R0172,R0172,P102,pickup,HOME_P102,46.08184014849252,4.15882878932132,5,1,725,766
344,DO_R0172,R0172,P102,dropoff,H1,46.0533,4.0727,5,-1,735,780
345,PU_R0173,R0173,P102,pickup,H1,46.0533,4.0727,5,1,1020,1035
346,DO_R0173,R0173,P102,dropoff,HOME_P102,46.08184014849252,4.15882878932132,5,-1,1020,1075
347,PU_R0174,R0174,P103,pickup,HOME_P103,46.08224682584855,4.084995095284629,5,1,895,954
348,DO_R0174,R0174,P103,dropoff,H1,46.0533,4.0727,5,-1,915,960
349,PU_R0175,R0175,P104,pickup,HOME_P104,46.06810251657934,4.012689385253516,5,1,630,676
350,DO_R0175,R0175,P104,dropoff,H1,46.0533,4.0727,5,-1,640,685
351,PU_R0176,R0176,P104,pickup,H1,46.0533,4.0727,5,1,855,870
352,DO_R0176,R0176,P104,dropoff,HOME_P104,46.06810251657934,4.012689385253516,5,-1,855,910
353,PU_R0177,R0177,P105,pickup,HOME_P105,46.022649213306586,3.971062460902229,5,1,760,800
354,DO_R0177,R0177,P105,dropoff,H2,46.0457,4.0688,5,-1,770,815
355,PU_R0178,R0178,P106,pickup,HOME_P106,46.03410735011775,4.176777682014125,5,1,525,575
356,DO_R0178,R0178,P106,dropoff,H1,46.0533,4.0727,5,-1,545,590
357,PU_R0179,R0179,P106,pickup,H1,46.0533,4.0727,5,1,685,710
358,DO_R0179,R0179,P106,dropoff,HOME_P106,46.03410735011775,4.176777682014125,5,-1,685,760
359,PU_R0180,R0180,P107,pickup,HOME_P107,46.08553529286434,4.14127907249895,5,1,660,703
360,DO_R0180,R0180,P107,dropoff,H1,46.0533,4.0727,5,-1,670,715
361,PU_R0181,R0181,P107,pickup,H1,46.0533,4.0727,5,1,890,905
362,DO_R0181,R0181,P107,dropoff,HOME_P107,46.08553529286434,4.14127907249895,5,-1,890,945
363,PU_R0182,R0182,P108,pickup,HOME_P108,46.09445548652061,4.182845247213698,5,1,475,521
364,DO_R0182,R0182,P108,dropoff,H2,46.0457,4.0688,5,-1,495,540
365,PU_R0183,R0183,P108,pickup,H2,46.0457,4.0688,5,1,570,595
366,DO_R0183,R0183,P108,dropoff,HOME_P108,46.09445548652061,4.182845247213698,5,-1,570,645
367,PU_R0184,R0184,P109,pickup,HOME_P109,46.006575975710156,3.9857965981495718,5,1,750,791
368,DO_R0184,R0184,P109,dropoff,H2,46.0457,4.0688,5,-1,760,805
369,PU_R0185,R0185,P110,pickup,HOME_P110,46.03405117230787,4.057845319177237,5,1,815,875
370,DO_R0185,R0185,P110,dropoff,H2,46.0457,4.0688,5,-1,835,880
371,PU_R0186,R0186,P110,pickup,H2,46.0457,4.0688,5,1,905,930
372,DO_R0186,R0186,P110,dropoff,HOME_P110,46.03405117230787,4.057845319177237,5,-1,905,980
373,PU_R0187,R0187,P111,pickup,HOME_P111,46.11411029264541,4.059690708427218,5,1,470,522
374,DO_R0187,R0187,P111,dropoff,H1,46.0533,4.0727,5,-1,490,535
375,PU_R0188,R0188,P112,pickup,HOME_P112,45.994153688893306,4.0147356571130635,5,1,735,777
376,DO_R0188,R0188,P112,dropoff,H2,46.0457,4.0688,5,-1,745,790
377,PU_R0189,R0189,P113,pickup,HOME_P113,46.01016629970648,4.140310291442961,5,1,445,487
378,DO_R0189,R0189,P113,dropoff,H3,46.05,4.07,5,-1,455,500
379,PU_R0190,R0190,P113,pickup,H3,46.05,4.07,5,1,770,785
380,DO_R0190,R0190,P113,dropoff,HOME_P113,46.01016629970648,4.140310291442961,5,-1,770,825
381,PU_R0191,R0191,P114,pickup,HOME_P114,46.08116283662839,4.1138927844228474,5,1,590,647
382,DO_R0191,R0191,P114,dropoff,H1,46.0533,4.0727,5,-1,610,655
383,PU_R0192,R0192,P114,pickup,H1,46.0533,4.0727,5,1,765,790
384,DO_R0192,R0192,P114,dropoff,HOME_P114,46.08116283662839,4.1138927844228474,5,-1,765,840
385,PU_R0193,R0193,P115,pickup,HOME_P115,45.975404011851104,4.101614769004761,5,1,855,905
386,DO_R0193,R0193,P115,dropoff,H2,46.0457,4.0688,5,-1,875,920
387,PU_R0194,R0194,P115,pickup,H2,46.0457,4.0688,5,1,945,970
388,DO_R0194,R0194,P115,dropoff,HOME_P115,45.975404011851104,4.101614769004761,5,-1,945,1020
389,PU_R0195,R0195,P116,pickup,HOME_P116,46.119384635213926,4.041933406332312,5,1,760,800
390,DO_R0195,R0195,P116,dropoff,H3,46.05,4.07,5,-1,770,815
391,PU_R0196,R0196,P117,pickup,HOME_P117,46.02248346400354,4.052133524091548,5,1,730,779
392,DO_R0196,R0196,P117,dropoff,H3,46.05,4.07,5,-1,740,785
393,PU_R0197,R0197,P118,pickup,HOME_P118,46.092484481597126,4.0388093479958105,5,1,620,665
394,DO_R0197,R0197,P118,dropoff,H1,46.0533,4.0727,5,-1,630,675
395,PU_R0198,R0198,P118,pickup,H1,46.0533,4.0727,5,1,835,850
396,DO_R0198,R0198,P118,dropoff,HOME_P118,46.092484481597126,4.0388093479958105,5,-1,835,890
397,PU_R0199,R0199,P119,pickup,HOME_P119,46.05059774246356,4.0657118789743265,5,1,455,505
398,DO_R0199,R0199,P119,dropoff,H1,46.0533,4.0727,5,-1,465,510
399,PU_R0200,R0200,P119,pickup,H1,46.0533,4.0727,5,1,750,765
400,DO_R0200,R0200,P119,dropoff,HOME_P119,46.05059774246356,4.0657118789743265,5,-1,750,805
401,PU_R0201,R0201,P120,pickup,HOME_P120,46.10341538118502,3.962218423415136,5,1,930,976
402,DO_R0201,R0201,P120,dropoff,H1,46.0533,4.0727,5,-1,950,995
403,PU_R0202,R0202,P121,pickup,HOME_P121,46.138941462625,4.1268902166166335,5,1,505,551
404,DO_R0202,R0202,P121,dropoff,H1,46.0533,4.0727,5,-1,525,570
405,PU_R0203,R0203,P121,pickup,H1,46.0533,4.0727,5,1,670,695
406,DO_R0203,R0203,P121,dropoff,HOME_P121,46.138941462625,4.1268902166166335,5,-1,670,745
407,PU_R0204,R0204,P122,pickup,HOME_P122,46.01958192013613,4.132124280316976,5,1,440,484
408,DO_R0204,R0204,P122,dropoff,H3,46.05,4.07,5,-1,450,495
409,PU_R0205,R0205,P123,pickup,HOME_P123,46.074197544874515,3.8919130956165824,5,1,964,1014
410,DO_R0205,R0205,P123,dropoff,H1,46.0533,4.0727,5,-1,995,1040
411,PU_R0206,R0206,P124,pickup,HOME_P124,46.01237254974489,4.029076502760768,5,1,745,790
412,DO_R0206,R0206,P124,dropoff,H3,46.05,4.07,5,-1,755,800
413,PU_R0207,R0207,P124,pickup,H3,46.05,4.07,5,1,1010,1025
414,DO_R0207,R0207,P124,dropoff,HOME_P124,46.01237254974489,4.029076502760768,5,-1,1010,1065
415,PU_R0208,R0208,P125,pickup,HOME_P125,46.08020757681865,4.005549093296732,5,1,770,813
416,DO_R0208,R0208,P125,dropoff,H2,46.0457,4.0688,5,-1,780,825
417,PU_R0209,R0209,P126,pickup,HOME_P126,46.07534779046053,4.174714459222994,5,1,900,960
418,DO_R0209,R0209,P126,dropoff,H1,46.0533,4.0727,5,-1,930,975
419,PU_R0210,R0210,P127,pickup,HOME_P127,46.028770908825315,3.956929387927549,5,1,585,633
420,DO_R0210,R0210,P127,dropoff,H1,46.0533,4.0727,5,-1,605,650
421,PU_R0211,R0211,P127,pickup,H1,46.0533,4.0727,5,1,710,735
422,DO_R0211,R0211,P127,dropoff,HOME_P127,46.028770908825315,3.956929387927549,5,-1,710,785
423,PU_R0212,R0212,P128,pickup,HOME_P128,46.07298892438235,4.017933926886107,5,1,455,501
424,DO_R0212,R0212,P128,dropoff,H2,46.0457,4.0688,5,-1,465,510
425,PU_R0213,R0213,P128,pickup,H2,46.0457,4.0688,5,1,760,775
426,DO_R0213,R0213,P128,dropoff,HOME_P128,46.07298892438235,4.017933926886107,5,-1,760,815
427,PU_R0214,R0214,P129,pickup,HOME_P129,46.021288441760305,4.068010125754407,5,1,510,570
428,DO_R0214,R0214,P129,dropoff,H2,46.0457,4.0688,5,-1,530,575
429,PU_R0215,R0215,P129,pickup,H2,46.0457,4.0688,5,1,600,625
430,DO_R0215,R0215,P129,dropoff,HOME_P129,46.021288441760305,4.068010125754407,5,-1,600,675
431,PU_R0216,R0216,P130,pickup,HOME_P130,46.01862737248082,4.183918417606322,5,1,620,658
432,DO_R0216,R0216,P130,dropoff,H1,46.0533,4.0727,5,-1,630,675
433,PU_R0217,R0217,P130,pickup,H1,46.0533,4.0727,5,1,845,860
434,DO_R0217,R0217,P130,dropoff,HOME_P130,46.01862737248082,4.183918417606322,5,-1,845,900
435,PU_R0218,R0218,P131,pickup,HOME_P131,46.007107015526735,3.9869733303047736,5,1,645,685
436,DO_R0218,R0218,P131,dropoff,H1,46.0533,4.0727,5,-1,655,700
437,PU_R0219,R0219,P131,pickup,H1,46.0533,4.0727,5,1,865,880
438,DO_R0219,R0219,P131,dropoff,HOME_P131,46.007107015526735,3.9869733303047736,5,-1,865,920
439,PU_R0220,R0220,P132,pickup,HOME_P132,46.00933460539295,4.147976041667708,5,1,450,491
440,DO_R0220,R0220,P132,dropoff,H1,46.0533,4.0727,5,-1,460,505
441,PU_R0221,R0221,P132,pickup,H1,46.0533,4.0727,5,1,745,760
442,DO_R0221,R0221,P132,dropoff,HOME_P132,46.00933460539295,4.147976041667708,5,-1,745,800
443,PU_R0222,R0222,P133,pickup,HOME_P133,46.07232654363025,4.103888320651809,5,1,825,874
444,DO_R0222,R0222,P133,dropoff,H1,46.0533,4.0727,5,-1,835,880
445,PU_R0223,R0223,P134,pickup,HOME_P134,46.008097411056575,4.001117055276647,5,1,515,568
446,DO_R0223,R0223,P134,dropoff,H2,46.0457,4.0688,5,-1,535,580
447,PU_R0224,R0224,P134,pickup,H2,46.0457,4.0688,5,1,605,630
448,DO_R0224,R0224,P134,dropoff,HOME_P134,46.008097411056575,4.001117055276647,5,-1,605,680
449,PU_R0225,R0225,P135,pickup,HOME_P135,46.02997540397637,4.104143327797093,5,1,455,503
450,DO_R0225,R0225,P135,dropoff,H1,46.0533,4.0727,5,-1,465,510
451,PU_R0226,R0226,P135,pickup,H1,46.0533,4.0727,5,1,750,765
452,DO_R0226,R0226,P135,dropoff,HOME_P135,46.02997540397637,4.104143327797093,5,-1,750,805
453,PU_R0227,R0227,P136,pickup,HOME_P136,46.06225204571868,4.0647570198020455,5,1,450,500
454,DO_R0227,R0227,P136,dropoff,H1,46.0533,4.0727,5,-1,460,505
455,PU_R0228,R0228,P136,pickup,H1,46.0533,4.0727,5,1,745,760
456,DO_R0228,R0228,P136,dropoff,HOME_P136,46.06225204571868,4.0647570198020455,5,-1,745,800
457,PU_R0229,R0229,P137,pickup,HOME_P137,46.01222603763471,4.141627502329981,5,1,755,797
458,DO_R0229,R0229,P137,dropoff,H2,46.0457,4.0688,5,-1,765,810
459,PU_R0230,R0230,P138,pickup,HOME_P138,45.99406549581715,4.0174455361827395,5,1,625,675
460,DO_R0230,R0230,P138,dropoff,H1,46.0533,4.0727,5,-1,645,690
461,PU_R0231,R0231,P138,pickup,H1,46.0533,4.0727,5,1,795,820
462,DO_R0231,R0231,P138,dropoff,HOME_P138,45.99406549581715,4.0174455361827395,5,-1,795,870
463,PU_R0232,R0232,P139,pickup,HOME_P139,46.105310195790665,4.124958118507158,5,1,470,512
464,DO_R0232,R0232,P139,dropoff,H1,46.0533,4.0727,5,-1,480,525
465,PU_R0233,R0233,P139,pickup,H1,46.0533,4.0727,5,1,765,780
466,DO_R0233,R0233,P139,dropoff,HOME_P139,46.105310195790665,4.124958118507158,5,-1,765,820
467,PU_R0234,R0234,P140,pickup,HOME_P140,46.10896053043587,4.088173105399133,5,1,570,623
468,DO_R0234,R0234,P140,dropoff,H1,46.0533,4.0727,5,-1,590,635
469,PU_R0235,R0235,P140,pickup,H1,46.0533,4.0727,5,1,720,745
470,DO_R0235,R0235,P140,dropoff,HOME_P140,46.10896053043587,4.088173105399133,5,-1,720,795
471,PU_R0236,R0236,P141,pickup,HOME_P141,45.98160648474675,4.014983521875054,5,1,565,615
472,DO_R0236,R0236,P141,dropoff,H2,46.0457,4.0688,5,-1,585,630
473,PU_R0237,R0237,P141,pickup,H2,46.0457,4.0688,5,1,655,680
474,DO_R0237,R0237,P141,dropoff,HOME_P141,45.98160648474675,4.014983521875054,5,-1,655,730
475,PU_R0238,R0238,P142,pickup,HOME_P142,46.084049396451675,3.9242590086981632,5,1,600,643
476,DO_R0238,R0238,P142,dropoff,H2,46.0457,4.0688,5,-1,620,665
477,PU_R0239,R0239,P142,pickup,H2,46.0457,4.0688,5,1,705,730
478,DO_R0239,R0239,P142,dropoff,HOME_P142,46.084049396451675,3.9242590086981632,5,-1,705,780
479,PU_R0240,R0240,P143,pickup,HOME_P143,46.09909237295027,4.0422120634674465,5,1,440,484
480,DO_R0240,R0240,P143,dropoff,H1,46.0533,4.0727,5,-1,450,495
481,PU_R0241,R0241,P143,pickup,H1,46.0533,4.0727,5,1,735,750
482,DO_R0241,R0241,P143,dropoff,HOME_P143,46.09909237295027,4.0422120634674465,5,-1,735,790
483,PU_R0242,R0242,P144,pickup,HOME_P144,46.097982246784454,3.984652643523255,5,1,790,839
484,DO_R0242,R0242,P144,dropoff,H2,46.0457,4.0688,5,-1,810,855
485,PU_R0243,R0243,P144,pickup,H2,46.0457,4.0688,5,1,895,920
486,DO_R0243,R0243,P144,dropoff,HOME_P144,46.097982246784454,3.984652643523255,5,-1,895,970
487,PU_R0244,R0244,P145,pickup,HOME_P145,46.07590203993526,4.146212479460195,5,1,730,772
488,DO_R0244,R0244,P145,dropoff,H2,46.0457,4.0688,5,-1,740,785
489,PU_R0245,R0245,P146,pickup,HOME_P146,46.12077026895859,3.9948735904774657,5,1,465,502
490,DO_R0245,R0245,P146,dropoff,H1,46.0533,4.0727,5,-1,475,520
491,PU_R0246,R0246,P146,pickup,H1,46.0533,4.0727,5,1,685,700
492,DO_R0246,R0246,P146,dropoff,HOME_P146,46.12077026895859,3.9948735904774657,5,-1,685,740
493,PU_R0247,R0247,P147,pickup,HOME_P147,46.070238482157066,3.963757942645737,5,1,455,494
494,DO_R0247,R0247,P147,dropoff,H1,46.0533,4.0727,5,-1,465,510
495,PU_R0248,R0248,P147,pickup,H1,46.0533,4.0727,5,1,670,685
496,DO_R0248,R0248,P147,dropoff,HOME_P147,46.070238482157066,3.963757942645737,5,-1,670,725
497,PU_R0249,R0249,P148,pickup,HOME_P148,46.048604373615035,3.9765875930985457,5,1,725,766
498,DO_R0249,R0249,P148,dropoff,H1,46.0533,4.0727,5,-1,735,780
499,PU_R0250,R0250,P148,pickup,H1,46.0533,4.0727,5,1,1020,1035
500,DO_R0250,R0250,P148,dropoff,HOME_P148,46.048604373615035,3.9765875930985457,5,-1,1020,1075
501,PU_R0251,R0251,P149,pickup,HOME_P149,46.04001360346877,4.05749086401827,5,1,750,800
502,DO_R0251,R0251,P149,dropoff,H2,46.0457,4.0688,5,-1,760,805
503,PU_R0252,R0252,P150,pickup,HOME_P150,46.062548216609905,4.059268519335568,5,1,745,795
504,DO_R0252,R0252,P150,dropoff,H2,46.0457,4.0688,5,-1,755,800
505,PU_R0253,R0253,P150,pickup,H2,46.0457,4.0688,5,1,1020,1035
506,DO_R0253,R0253,P150,dropoff,HOME_P150,46.062548216609905,4.059268519335568,5,-1,1020,1075
507,PU_R0254,R0254,P151,pickup,HOME_P151,46.05403961210262,3.9883162661829177,5,1,465,508
508,DO_R0254,R0254,P151,dropoff,H1,46.0533,4.0727,5,-1,475,520
509,PU_R0255,R0255,P151,pickup,H1,46.0533,4.0727,5,1,695,710
510,DO_R0255,R0255,P151,dropoff,HOME_P151,46.05403961210262,3.9883162661829177,5,-1,695,750
511,PU_R0256,R0256,P152,pickup,HOME_P152,46.07351061051866,4.093015851945592,5,1,475,525
512,DO_R0256,R0256,P152,dropoff,H1,46.0533,4.0727,5,-1,485,530
513,PU_R0257,R0257,P152,pickup,H1,46.0533,4.0727,5,1,680,695
514,DO_R0257,R0257,P152,dropoff,HOME_P152,46.07351061051866,4.093015851945592,5,-1,680,735
515,PU_R0258,R0258,P153,pickup,HOME_P153,46.068077100230326,4.138858434167775,5,1,450,495
516,DO_R0258,R0258,P153,dropoff,H1,46.0533,4.0727,5,-1,460,505
517,PU_R0259,R0259,P153,pickup,H1,46.0533,4.0727,5,1,745,760
518,DO_R0259,R0259,P153,dropoff,HOME_P153,46.068077100230326,4.138858434167775,5,-1,745,800
519,PU_R0260,R0260,P154,pickup,HOME_P154,46.072029099619215,3.949545070232063,5,1,940,987
520,DO_R0260,R0260,P154,dropoff,H1,46.0533,4.0727,5,-1,960,1005
521,PU_R0261,R0261,P155,pickup,HOME_P155,46.063762533269134,3.977983664854491,5,1,615,666
522,DO_R0261,R0261,P155,dropoff,H2,46.0457,4.0688,5,-1,635,680
523,PU_R0262,R0262,P155,pickup,H2,46.0457,4.0688,5,1,710,735
524,DO_R0262,R0262,P155,dropoff,HOME_P155,46.063762533269134,3.977983664854491,5,-1,710,785
525,PU_R0263,R0263,P156,pickup,HOME_P156,46.003642529200924,3.9874857450943,5,1,790,841
526,DO_R0263,R0263,P156,dropoff,H2,46.0457,4.0688,5,-1,810,855
527,PU_R0264,R0264,P156,pickup,H2,46.0457,4.0688,5,1,885,910
528,DO_R0264,R0264,P156,dropoff,HOME_P156,46.003642529200924,3.9874857450943,5,-1,885,960
529,PU_R0265,R0265,P157,pickup,HOME_P157,46.093356195998474,3.9962471963190693,5,1,795,836
530,DO_R0265,R0265,P157,dropoff,H1,46.0533,4.0727,5,-1,805,850
531,PU_R0266,R0266,P157,pickup,H1,46.0533,4.0727,5,1,1010,1025
532,DO_R0266,R0266,P157,dropoff,HOME_P157,46.093356195998474,3.9962471963190693,5,-1,1010,1065
533,PU_R0267,R0267,P158,pickup,HOME_P158,45.996122159558396,4.057808964728286,5,1,770,813
534,DO_R0267,R0267,P158,dropoff,H1,46.0533,4.0727,5,-1,780,825
535,PU_R0268,R0268,P159,pickup,HOME_P159,46.06448895094821,4.142962227125293,5,1,475,519
536,DO_R0268,R0268,P159,dropoff,H3,46.05,4.07,5,-1,485,530
537,PU_R0269,R0269,P159,pickup,H3,46.05,4.07,5,1,800,815
538,DO_R0269,R0269,P159,dropoff,HOME_P159,46.06448895094821,4.142962227125293,5,-1,800,855
539,PU_R0270,R0270,P160,pickup,HOME_P160,45.996991468503545,4.031063755287402,5,1,460,502
540,DO_R0270,R0270,P160,dropoff,H1,46.0533,4.0727,5,-1,470,515
541,PU_R0271,R0271,P160,pickup,H1,46.0533,4.0727,5,1,665,680
542,DO_R0271,R0271,P160,dropoff,HOME_P160,45.996991468503545,4.031063755287402,5,-1,665,720
543,PU_R0272,R0272,P161,pickup,HOME_P161,46.07881357465873,4.02158483895754,5,1,790,846
544,DO_R0272,R0272,P161,dropoff,H1,46.0533,4.0727,5,-1,810,855
545,PU_R0273,R0273,P161,pickup,H1,46.0533,4.0727,5,1,975,1000
546,DO_R0273,R0273,P161,dropoff,HOME_P161,46.07881357465873,4.02158483895754,5,-1,975,1050
547,PU_R0274,R0274,P162,pickup,HOME_P162,46.0691136784524,4.15678597404109,5,1,760,802
548,DO_R0274,R0274,P162,dropoff,H1,46.0533,4.0727,5,-1,770,815
549,PU_R0275,R0275,P163,pickup,HOME_P163,46.06777829472285,4.083386237494327,5,1,475,525
550,DO_R0275,R0275,P163,dropoff,H1,46.0533,4.0727,5,-1,485,530
551,PU_R0276,R0276,P163,pickup,H1,46.0533,4.0727,5,1,770,785
552,DO_R0276,R0276,P163,dropoff,HOME_P163,46.06777829472285,4.083386237494327,5,-1,770,825
553,PU_R0277,R0277,P164,pickup,HOME_P164,46.025471348005865,4.122348404058218,5,1,465,511
554,DO_R0277,R0277,P164,dropoff,H1,46.0533,4.0727,5,-1,475,520
555,PU_R0278,R0278,P164,pickup,H1,46.0533,4.0727,5,1,675,690
556,DO_R0278,R0278,P164,dropoff,HOME_P164,46.025471348005865,4.122348404058218,5,-1,675,730
557,PU_R0279,R0279,P165,pickup,HOME_P165,45.98123742975343,4.081344672234313,5,1,435,475
558,DO_R0279,R0279,P165,dropoff,H1,46.0533,4.0727,5,-1,445,490
559,PU_R0280,R0280,P165,pickup,H1,46.0533,4.0727,5,1,650,665
560,DO_R0280,R0280,P165,dropoff,HOME_P165,45.98123742975343,4.081344672234313,5,-1,650,705
561,PU_R0281,R0281,P166,pickup,HOME_P166,45.99119800071686,4.059766802351203,5,1,425,469
562,DO_R0281,R0281,P166,dropoff,H2,46.0457,4.0688,5,-1,435,480
563,PU_R0282,R0282,P166,pickup,H2,46.0457,4.0688,5,1,730,745
564,DO_R0282,R0282,P166,dropoff,HOME_P166,45.99119800071686,4.059766802351203,5,-1,730,785
565,PU_R0283,R0283,P167,pickup,HOME_P167,46.038292389265756,4.185725908424186,5,1,565,614
566,DO_R0283,R0283,P167,dropoff,H1,46.0533,4.0727,5,-1,585,630
567,PU_R0284,R0284,P167,pickup,H1,46.0533,4.0727,5,1,715,740
568,DO_R0284,R0284,P167,dropoff,HOME_P167,46.038292389265756,4.185725908424186,5,-1,715,790
569,PU_R0285,R0285,P168,pickup,HOME_P168,46.056367665651194,3.9156606615136087,5,1,805,848
570,DO_R0285,R0285,P168,dropoff,H2,46.0457,4.0688,5,-1,825,870
571,PU_R0286,R0286,P168,pickup,H2,46.0457,4.0688,5,1,900,925
572,DO_R0286,R0286,P168,dropoff,HOME_P168,46.056367665651194,3.9156606615136087,5,-1,900,975
573,PU_R0287,R0287,P169,pickup,HOME_P169,46.126396189379314,3.9623539213267693,5,1,805,848
574,DO_R0287,R0287,P169,dropoff,H1,46.0533,4.0727,5,-1,825,870
575,PU_R0288,R0288,P169,pickup,H1,46.0533,4.0727,5,1,980,1005
576,DO_R0288,R0288,P169,dropoff,HOME_P169,46.126396189379314,3.9623539213267693,5,-1,980,1055
577,PU_R0289,R0289,P170,pickup,HOME_P170,46.00658282620245,4.048701711119582,5,1,800,856
578,DO_R0289,R0289,P170,dropoff,H2,46.0457,4.0688,5,-1,820,865
579,PU_R0290,R0290,P170,pickup,H2,46.0457,4.0688,5,1,895,920
580,DO_R0290,R0290,P170,dropoff,HOME_P170,46.00658282620245,4.048701711119582,5,-1,895,970
581,PU_R0291,R0291,P171,pickup,HOME_P171,46.12466182253092,3.9983928610710295,5,1,815,862
582,DO_R0291,R0291,P171,dropoff,H1,46.0533,4.0727,5,-1,835,880
583,PU_R0292,R0292,P171,pickup,H1,46.0533,4.0727,5,1,980,1005
584,DO_R0292,R0292,P171,dropoff,HOME_P171,46.12466182253092,3.9983928610710295,5,-1,980,1055
585,PU_R0293,R0293,P172,pickup,HOME_P172,46.09396195170174,4.154579221964988,5,1,440,479
586,DO_R0293,R0293,P172,dropoff,H2,46.0457,4.0688,5,-1,450,495
587,PU_R0294,R0294,P172,pickup,H2,46.0457,4.0688,5,1,830,845
588,DO_R0294,R0294,P172,dropoff,HOME_P172,46.09396195170174,4.154579221964988,5,-1,830,885
589,PU_R0295,R0295,P173,pickup,HOME_P173,46.051324270145614,4.027012976194212,5,1,750,799
590,DO_R0295,R0295,P173,dropoff,H2,46.0457,4.0688,5,-1,760,805
591,PU_R0296,R0296,P173,pickup,H2,46.0457,4.0688,5,1,1025,1040
592,DO_R0296,R0296,P173,dropoff,HOME_P173,46.051324270145614,4.027012976194212,5,-1,1025,1080
593,PU_R0297,R0297,P174,pickup,HOME_P174,46.01362418169436,4.111772126755089,5,1,815,871
594,DO_R0297,R0297,P174,dropoff,H2,46.0457,4.0688,5,-1,835,880
595,PU_R0298,R0298,P174,pickup,H2,46.0457,4.0688,5,1,915,940
596,DO_R0298,R0298,P174,dropoff,HOME_P174,46.01362418169436,4.111772126755089,5,-1,915,990
597,PU_R0299,R0299,P175,pickup,HOME_P175,46.075294475770896,4.19180437880514,5,1,460,507
598,DO_R0299,R0299,P175,dropoff,H2,46.0457,4.0688,5,-1,480,525
599,PU_R0300,R0300,P175,pickup,H2,46.0457,4.0688,5,1,550,575
600,DO_R0300,R0300,P175,dropoff,HOME_P175,46.075294475770896,4.19180437880514,5,-1,550,625
601,PU_R0301,R0301,P176,pickup,HOME_P176,46.05296894711856,4.130346316375912,5,1,770,816
602,DO_R0301,R0301,P176,dropoff,H3,46.05,4.07,5,-1,780,825
603,PU_R0302,R0302,P177,pickup,HOME_P177,46.10501388007298,4.129238783661366,5,1,730,772
604,DO_R0302,R0302,P177,dropoff,H1,46.0533,4.0727,5,-1,740,785
605,PU_R0303,R0303,P177,pickup,H1,46.0533,4.0727,5,1,1025,1040
606,DO_R0303,R0303,P177,dropoff,HOME_P177,46.10501388007298,4.129238783661366,5,-1,1025,1080
607,PU_R0304,R0304,P178,pickup,HOME_P178,46.06173680593014,4.087900717731199,5,1,965,1025
608,DO_R0304,R0304,P178,dropoff,H2,46.0457,4.0688,5,-1,985,1030
609,PU_R0305,R0305,P179,pickup,HOME_P179,46.09582096152311,4.072956829475082,5,1,465,511
610,DO_R0305,R0305,P179,dropoff,H1,46.0533,4.0727,5,-1,475,520
611,PU_R0306,R0306,P179,pickup,H1,46.0533,4.0727,5,1,760,775
612,DO_R0306,R0306,P179,dropoff,HOME_P179,46.09582096152311,4.072956829475082,5,-1,760,815
613,PU_R0307,R0307,P180,pickup,HOME_P180,46.05700369677151,3.9839842285368543,5,1,795,847
614,DO_R0307,R0307,P180,dropoff,H1,46.0533,4.0727,5,-1,815,860
615,PU_R0308,R0308,P180,pickup,H1,46.0533,4.0727,5,1,945,970
616,DO_R0308,R0308,P180,dropoff,HOME_P180,46.05700369677151,3.9839842285368543,5,-1,945,1020
617,PU_R0309,R0309,P181,pickup,HOME_P181,46.03581355194734,4.0347342485172595,5,1,470,528
618,DO_R0309,R0309,P181,dropoff,H1,46.0533,4.0727,5,-1,490,535
619,PU_R0310,R0310,P181,pickup,H1,46.0533,4.0727,5,1,645,670
620,DO_R0310,R0310,P181,dropoff,HOME_P181,46.03581355194734,4.0347342485172595,5,-1,645,720
621,PU_R0311,R0311,P182,pickup,HOME_P182,46.0289816902487,3.977960841161943,5,1,460,501
622,DO_R0311,R0311,P182,dropoff,H1,46.0533,4.0727,5,-1,470,515
623,PU_R0312,R0312,P182,pickup,H1,46.0533,4.0727,5,1,755,770
624,DO_R0312,R0312,P182,dropoff,HOME_P182,46.0289816902487,3.977960841161943,5,-1,755,810
625,PU_R0313,R0313,P183,pickup,HOME_P183,46.14361639414579,4.079109403071794,5,1,640,687
626,DO_R0313,R0313,P183,dropoff,H1,46.0533,4.0727,5,-1,660,705
627,PU_R0314,R0314,P183,pickup,H1,46.0533,4.0727,5,1,780,805
628,DO_R0314,R0314,P183,dropoff,HOME_P183,46.14361639414579,4.079109403071794,5,-1,780,855
629,PU_R0315,R0315,P184,pickup,HOME_P184,46.070910785260175,4.087244238015608,5,1,450,500
630,DO_R0315,R0315,P184,dropoff,H3,46.05,4.07,5,-1,460,505
631,PU_R0316,R0316,P184,pickup,H3,46.05,4.07,5,1,755,770
632,DO_R0316,R0316,P184,dropoff,HOME_P184,46.070910785260175,4.087244238015608,5,-1,755,810
633,PU_R0317,R0317,P185,pickup,HOME_P185,45.99201536069332,4.0982463004586345,5,1,480,522
634,DO_R0317,R0317,P185,dropoff,H1,46.0533,4.0727,5,-1,490,535
635,PU_R0318,R0318,P185,pickup,H1,46.0533,4.0727,5,1,775,790
636,DO_R0318,R0318,P185,dropoff,HOME_P185,45.99201536069332,4.0982463004586345,5,-1,775,830
637,PU_R0319,R0319,P186,pickup,HOME_P186,45.994510750389736,4.100893361954828,5,1,430,472
638,DO_R0319,R0319,P186,dropoff,H1,46.0533,4.0727,5,-1,440,485
639,PU_R0320,R0320,P186,pickup,H1,46.0533,4.0727,5,1,725,740
640,DO_R0320,R0320,P186,dropoff,HOME_P186,45.994510750389736,4.100893361954828,5,-1,725,780
641,PU_R0321,R0321,P187,pickup,HOME_P187,46.0492163394478,4.0020660561497605,5,1,1010,1055
642,DO_R0321,R0321,P187,dropoff,H1,46.0533,4.0727,5,-1,1020,1065
643,PU_R0322,R0322,P188,pickup,HOME_P188,46.090094518339406,4.055577364934798,5,1,730,776
644,DO_R0322,R0322,P188,dropoff,H3,46.05,4.07,5,-1,740,785
645,PU_R0323,R0323,P188,pickup,H3,46.05,4.07,5,1,995,1010
646,DO_R0323,R0323,P188,dropoff,HOME_P188,46.090094518339406,4.055577364934798,5,-1,995,1050
647,PU_R0324,R0324,P189,pickup,HOME_P189,45.982585534549706,4.068221634612884,5,1,640,690
648,DO_R0324,R0324,P189,dropoff,H1,46.0533,4.0727,5,-1,660,705
649,PU_R0325,R0325,P189,pickup,H1,46.0533,4.0727,5,1,770,795
650,DO_R0325,R0325,P189,dropoff,HOME_P189,45.982585534549706,4.068221634612884,5,-1,770,845
651,PU_R0326,R0326,P190,pickup,HOME_P190,46.11639048608351,4.020721067242883,5,1,780,819
652,DO_R0326,R0326,P190,dropoff,H2,46.0457,4.0688,5,-1,790,835
653,PU_R0327,R0327,P190,pickup,H2,46.0457,4.0688,5,1,940,955
654,DO_R0327,R0327,P190,dropoff,HOME_P190,46.11639048608351,4.020721067242883,5,-1,940,995
655,PU_R0328,R0328,P191,pickup,HOME_P191,46.061851902320065,4.0736850558788325,5,1,735,785
656,DO_R0328,R0328,P191,dropoff,H1,46.0533,4.0727,5,-1,745,790
657,PU_R0329,R0329,P192,pickup,HOME_P192,46.11017221885124,4.072719805942332,5,1,450,493
658,DO_R0329,R0329,P192,dropoff,H3,46.05,4.07,5,-1,460,505
659,PU_R0330,R0330,P192,pickup,H3,46.05,4.07,5,1,745,760
660,DO_R0330,R0330,P192,dropoff,HOME_P192,46.11017221885124,4.072719805942332,5,-1,745,800
661,PU_R0331,R0331,P193,pickup,HOME_P193,46.05088001964437,4.169098285132141,5,1,640,681
662,DO_R0331,R0331,P193,dropoff,H1,46.0533,4.0727,5,-1,650,695
663,PU_R0332,R0332,P193,pickup,H1,46.0533,4.0727,5,1,860,875
664,DO_R0332,R0332,P193,dropoff,HOME_P193,46.05088001964437,4.169098285132141,5,-1,860,915
665,PU_R0333,R0333,P194,pickup,HOME_P194,46.054807719017504,4.055954264596673,5,1,430,480
666,DO_R0333,R0333,P194,dropoff,H1,46.0533,4.0727,5,-1,440,485
667,PU_R0334,R0334,P194,pickup,H1,46.0533,4.0727,5,1,725,740
668,DO_R0334,R0334,P194,dropoff,HOME_P194,46.054807719017504,4.055954264596673,5,-1,725,780
669,PU_R0335,R0335,P195,pickup,HOME_P195,46.055812811207964,4.046235352590116,5,1,425,475
670,DO_R0335,R0335,P195,dropoff,H1,46.0533,4.0727,5,-1,435,480
671,PU_R0336,R0336,P195,pickup,H1,46.0533,4.0727,5,1,720,735
672,DO_R0336,R0336,P195,dropoff,HOME_P195,46.055812811207964,4.046235352590116,5,-1,720,775
673,PU_R0337,R0337,P196,pickup,HOME_P196,46.03448657184163,4.143741103078417,5,1,880,924
674,DO_R0337,R0337,P196,dropoff,H2,46.0457,4.0688,5,-1,890,935
675,PU_R0338,R0338,P197,pickup,HOME_P197,46.0192675233869,4.197374159864302,5,1,490,536
676,DO_R0338,R0338,P197,dropoff,H2,46.0457,4.0688,5,-1,510,555
677,PU_R0339,R0339,P197,pickup,H2,46.0457,4.0688,5,1,585,610
678,DO_R0339,R0339,P197,dropoff,HOME_P197,46.0192675233869,4.197374159864302,5,-1,585,660
679,PU_R0340,R0340,P198,pickup,HOME_P198,45.964351041869094,4.169853035417737,5,1,525,568
680,DO_R0340,R0340,P198,dropoff,H2,46.0457,4.0688,5,-1,545,590
681,PU_R0341,R0341,P198,pickup,H2,46.0457,4.0688,5,1,625,650
682,DO_R0341,R0341,P198,dropoff,HOME_P198,45.964351041869094,4.169853035417737,5,-1,625,700
683,PU_R0342,R0342,P199,pickup,HOME_P199,46.05895149452031,4.019867512442977,5,1,480,537
684,DO_R0342,R0342,P199,dropoff,H1,46.0533,4.0727,5,-1,500,545
685,PU_R0343,R0343,P199,pickup,H1,46.0533,4.0727,5,1,635,660
686,DO_R0343,R0343,P199,dropoff,HOME_P199,46.05895149452031,4.019867512442977,5,-1,635,710
687,PU_R0344,R0344,P200,pickup,HOME_P200,46.084421962223864,4.0214976253803565,5,1,725,769
688,DO_R0344,R0344,P200,dropoff,H2,46.0457,4.0688,5,-1,735,780
689,PU_R0345,R0345,P200,pickup,H2,46.0457,4.0688,5,1,970,985
690,DO_R0345,R0345,P200,dropoff,HOME_P200,46.084421962223864,4.0214976253803565,5,-1,970,1025
691,PU_R0346,R0346,P201,pickup,HOME_P201,46.07461184016701,4.043974898622811,5,1,460,519
692,DO_R0346,R0346,P201,dropoff,H1,46.0533,4.0727,5,-1,480,525
693,PU_R0347,R0347,P202,pickup,HOME_P202,46.07669722299054,4.1388884844185405,5,1,780,824
694,DO_R0347,R0347,P202,dropoff,H1,46.0533,4.0727,5,-1,790,835
695,PU_R0348,R0348,P203,pickup,HOME_P203,46.01816290391054,4.210648815332069,5,1,925,969
696,DO_R0348,R0348,P203,dropoff,H2,46.0457,4.0688,5,-1,945,990
697,PU_R0349,R0349,P204,pickup,HOME_P204,45.99977270749947,3.978717417937873,5,1,1005,1054
698,DO_R0349,R0349,P204,dropoff,H2,46.0457,4.0688,5,-1,1025,1070
699,PU_R0350,R0350,P205,pickup,HOME_P205,46.05522086950921,4.07546861737783,5,1,845,905
700,DO_R0350,R0350,P205,dropoff,H2,46.0457,4.0688,5,-1,865,910
701,PU_R0351,R0351,P205,pickup,H2,46.0457,4.0688,5,1,945,970
702,DO_R0351,R0351,P205,dropoff,HOME_P205,46.05522086950921,4.07546861737783,5,-1,945,1020
703,PU_R0352,R0352,P206,pickup,HOME_P206,46.074407017611875,4.128897892877935,5,1,430,476
704,DO_R0352,R0352,P206,dropoff,H1,46.0533,4.0727,5,-1,440,485
705,PU_R0353,R0353,P206,pickup,H1,46.0533,4.0727,5,1,725,740
706,DO_R0353,R0353,P206,dropoff,HOME_P206,46.074407017611875,4.128897892877935,5,-1,725,780
707,PU_R0354,R0354,P207,pickup,HOME_P207,46.08473256772151,4.161099716983521,5,1,735,776
708,DO_R0354,R0354,P207,dropoff,H1,46.0533,4.0727,5,-1,745,790
709,PU_R0355,R0355,P208,pickup,HOME_P208,46.086948831937804,4.047692829165082,5,1,860,916
710,DO_R0355,R0355,P208,dropoff,H2,46.0457,4.0688,5,-1,880,925
711,PU_R0356,R0356,P208,pickup,H2,46.0457,4.0688,5,1,955,980
712,DO_R0356,R0356,P208,dropoff,HOME_P208,46.086948831937804,4.047692829165082,5,-1,955,1030
713,PU_R0357,R0357,P209,pickup,HOME_P209,46.081374011995734,4.040408482899696,5,1,730,776
714,DO_R0357,R0357,P209,dropoff,H2,46.0457,4.0688,5,-1,740,785
715,PU_R0358,R0358,P209,pickup,H2,46.0457,4.0688,5,1,1005,1020
716,DO_R0358,R0358,P209,dropoff,HOME_P209,46.081374011995734,4.040408482899696,5,-1,1005,1060
717,PU_R0359,R0359,P210,pickup,HOME_P210,46.06548712945529,4.189144884525245,5,1,930,977
718,DO_R0359,R0359,P210,dropoff,H2,46.0457,4.0688,5,-1,950,995
719,PU_R0360,R0360,P211,pickup,HOME_P211,46.116800145782804,4.064245840754171,5,1,470,522
720,DO_R0360,R0360,P211,dropoff,H1,46.0533,4.0727,5,-1,490,535
721,PU_R0361,R0361,P211,pickup,H1,46.0533,4.0727,5,1,620,645
722,DO_R0361,R0361,P211,dropoff,HOME_P211,46.116800145782804,4.064245840754171,5,-1,620,695
723,PU_R0362,R0362,P212,pickup,HOME_P212,46.05127481888696,4.1857810272560965,5,1,795,843
724,DO_R0362,R0362,P212,dropoff,H2,46.0457,4.0688,5,-1,815,860
725,PU_R0363,R0363,P212,pickup,H2,46.0457,4.0688,5,1,890,915
726,DO_R0363,R0363,P212,dropoff,HOME_P212,46.05127481888696,4.1857810272560965,5,-1,890,965
727,PU_R0364,R0364,P213,pickup,HOME_P213,46.13139530405541,4.126191430162454,5,1,700,757
728,DO_R0364,R0364,P213,dropoff,H1,46.0533,4.0727,5,-1,730,775
729,PU_R0365,R0365,P213,pickup,H1,46.0533,4.0727,5,1,805,840
730,DO_R0365,R0365,P213,dropoff,HOME_P213,46.13139530405541,4.126191430162454,5,-1,805,900
731,PU_R0366,R0366,P214,pickup,HOME_P214,46.072817423312294,4.105976945144757,5,1,480,527
732,DO_R0366,R0366,P214,dropoff,H2,46.0457,4.0688,5,-1,490,535
733,PU_R0367,R0367,P214,pickup,H2,46.0457,4.0688,5,1,595,610
734,DO_R0367,R0367,P214,dropoff,HOME_P214,46.072817423312294,4.105976945144757,5,-1,595,650
735,PU_R0368,R0368,P215,pickup,HOME_P215,46.05167026852506,4.192330919195573,5,1,480,528
736,DO_R0368,R0368,P215,dropoff,H1,46.0533,4.0727,5,-1,500,545
737,PU_R0369,R0369,P216,pickup,HOME_P216,46.09005934681929,3.9404644261366486,5,1,455,500
738,DO_R0369,R0369,P216,dropoff,H1,46.0533,4.0727,5,-1,475,520
739,PU_R0370,R0370,P216,pickup,H1,46.0533,4.0727,5,1,590,615
740,DO_R0370,R0370,P216,dropoff,HOME_P216,46.09005934681929,3.9404644261366486,5,-1,590,665
741,PU_R0371,R0371,P217,pickup,HOME_P217,45.99151171526272,4.09906141040379,5,1,445,488
742,DO_R0371,R0371,P217,dropoff,H2,46.0457,4.0688,5,-1,455,500
743,PU_R0372,R0372,P217,pickup,H2,46.0457,4.0688,5,1,740,755
744,DO_R0372,R0372,P217,dropoff,HOME_P217,45.99151171526272,4.09906141040379,5,-1,740,795
745,PU_R0373,R0373,P218,pickup,HOME_P218,46.14933589777273,4.0962053381058965,5,1,625,669
746,DO_R0373,R0373,P218,dropoff,H2,46.0457,4.0688,5,-1,645,690
747,PU_R0374,R0374,P218,pickup,H2,46.0457,4.0688,5,1,730,755
748,DO_R0374,R0374,P218,dropoff,HOME_P218,46.14933589777273,4.0962053381058965,5,-1,730,805
749,PU_R0375,R0375,P219,pickup,HOME_P219,46.0321733398791,4.038271585379252,5,1,725,773
750,DO_R0375,R0375,P219,dropoff,H1,46.0533,4.0727,5,-1,735,780
751,PU_R0376,R0376,P219,pickup,H1,46.0533,4.0727,5,1,1020,1035
752,DO_R0376,R0376,P219,dropoff,HOME_P219,46.0321733398791,4.038271585379252,5,-1,1020,1075
753,PU_R0377,R0377,P220,pickup,HOME_P220,46.0556374024847,4.0287788711396635,5,1,435,484
754,DO_R0377,R0377,P220,dropoff,H3,46.05,4.07,5,-1,445,490
755,PU_R0378,R0378,P220,pickup,H3,46.05,4.07,5,1,750,765
756,DO_R0378,R0378,P220,dropoff,HOME_P220,46.0556374024847,4.0287788711396635,5,-1,750,805
757,PU_R0379,R0379,P221,pickup,HOME_P221,46.13573208004456,4.100447095719666,5,1,785,831
758,DO_R0379,R0379,P221,dropoff,H2,46.0457,4.0688,5,-1,805,850
759,PU_R0380,R0380,P221,pickup,H2,46.0457,4.0688,5,1,890,915
760,DO_R0380,R0380,P221,dropoff,HOME_P221,46.13573208004456,4.100447095719666,5,-1,890,965
761,PU_R0381,R0381,P222,pickup,HOME_P222,46.06771149406112,3.9949835289636977,5,1,780,823
762,DO_R0381,R0381,P222,dropoff,H2,46.0457,4.0688,5,-1,790,835
763,PU_R0382,R0382,P223,pickup,HOME_P223,46.062771380867495,4.030002039774933,5,1,840,898
764,DO_R0382,R0382,P223,dropoff,H1,46.0533,4.0727,5,-1,860,905
765,PU_R0383,R0383,P224,pickup,HOME_P224,46.09385317613192,4.113703824526551,5,1,630,683
766,DO_R0383,R0383,P224,dropoff,H2,46.0457,4.0688,5,-1,650,695
767,PU_R0384,R0384,P224,pickup,H2,46.0457,4.0688,5,1,735,760
768,DO_R0384,R0384,P224,dropoff,HOME_P224,46.09385317613192,4.113703824526551,5,-1,735,810
769,PU_R0385,R0385,P225,pickup,HOME_P225,46.00323576753063,4.148802164820252,5,1,765,806
770,DO_R0385,R0385,P225,dropoff,H2,46.0457,4.0688,5,-1,775,820
771,PU_R0386,R0386,P226,pickup,HOME_P226,46.0862662957286,3.9895430831563083,5,1,750,791
772,DO_R0386,R0386,P226,dropoff,H1,46.0533,4.0727,5,-1,760,805
773,PU_R0387,R0387,P227,pickup,HOME_P227,46.00114986644377,4.164213389874117,5,1,855,904
774,DO_R0387,R0387,P227,dropoff,H2,46.0457,4.0688,5,-1,875,920
775,PU_R0388,R0388,P227,pickup,H2,46.0457,4.0688,5,1,955,980
776,DO_R0388,R0388,P227,dropoff,HOME_P227,46.00114986644377,4.164213389874117,5,-1,955,1030
777,PU_R0389,R0389,P228,pickup,HOME_P228,46.06693916036825,3.9966102779189923,5,1,995,1039
778,DO_R0389,R0389,P228,dropoff,H3,46.05,4.07,5,-1,1005,1050
779,PU_R0390,R0390,P229,pickup,HOME_P229,46.084207074891644,4.092263615557062,5,1,425,473
780,DO_R0390,R0390,P229,dropoff,H1,46.0533,4.0727,5,-1,435,480
781,PU_R0391,R0391,P229,pickup,H1,46.0533,4.0727,5,1,720,735
782,DO_R0391,R0391,P229,dropoff,HOME_P229,46.084207074891644,4.092263615557062,5,-1,720,775
783,PU_R0392,R0392,P230,pickup,HOME_P230,46.1028140230699,4.097846235595362,5,1,790,844
784,DO_R0392,R0392,P230,dropoff,H1,46.0533,4.0727,5,-1,810,855
785,PU_R0393,R0393,P230,pickup,H1,46.0533,4.0727,5,1,950,975
786,DO_R0393,R0393,P230,dropoff,HOME_P230,46.1028140230699,4.097846235595362,5,-1,950,1025
787,PU_R0394,R0394,P231,pickup,HOME_P231,46.0018887030982,4.126026553723455,5,1,730,773
788,DO_R0394,R0394,P231,dropoff,H2,46.0457,4.0688,5,-1,740,785
789,PU_R0395,R0395,P231,pickup,H2,46.0457,4.0688,5,1,890,905
790,DO_R0395,R0395,P231,dropoff,HOME_P231,46.0018887030982,4.126026553723455,5,-1,890,945
791,PU_R0396,R0396,P232,pickup,HOME_P232,46.011014098552906,4.050390277143059,5,1,580,636
792,DO_R0396,R0396,P232,dropoff,H1,46.0533,4.0727,5,-1,600,645
793,PU_R0397,R0397,P232,pickup,H1,46.0533,4.0727,5,1,740,765
794,DO_R0397,R0397,P232,dropoff,HOME_P232,46.011014098552906,4.050390277143059,5,-1,740,815
795,PU_R0398,R0398,P233,pickup,HOME_P233,45.96975806075661,3.94329090678528,5,1,525,575
796,DO_R0398,R0398,P233,dropoff,H1,46.0533,4.0727,5,-1,555,600
797,PU_R0399,R0399,P234,pickup,HOME_P234,46.003314592675075,4.161796813753976,5,1,425,464
798,DO_R0399,R0399,P234,dropoff,H2,46.0457,4.0688,5,-1,435,480
799,PU_R0400,R0400,P234,pickup,H2,46.0457,4.0688,5,1,590,605
800,DO_R0400,R0400,P234,dropoff,HOME_P234,46.003314592675075,4.161796813753976,5,-1,590,645
801,PU_R0401,R0401,P235,pickup,HOME_P235,45.98054101468489,4.100894820673006,5,1,475,516
802,DO_R0401,R0401,P235,dropoff,H2,46.0457,4.0688,5,-1,485,530
803,PU_R0402,R0402,P235,pickup,H2,46.0457,4.0688,5,1,745,760
804,DO_R0402,R0402,P235,dropoff,HOME_P235,45.98054101468489,4.100894820673006,5,-1,745,800
805,PU_R0403,R0403,P236,pickup,HOME_P236,46.09139732531104,4.112360639702691,5,1,430,475
806,DO_R0403,R0403,P236,dropoff,H1,46.0533,4.0727,5,-1,440,485
807,PU_R0404,R0404,P236,pickup,H1,46.0533,4.0727,5,1,725,740
808,DO_R0404,R0404,P236,dropoff,HOME_P236,46.09139732531104,4.112360639702691,5,-1,725,780
809,PU_R0405,R0405,P237,pickup,HOME_P237,45.94233045961952,4.097954971716991,5,1,470,514
810,DO_R0405,R0405,P237,dropoff,H2,46.0457,4.0688,5,-1,490,535
811,PU_R0406,R0406,P237,pickup,H2,46.0457,4.0688,5,1,570,595
812,DO_R0406,R0406,P237,dropoff,HOME_P237,45.94233045961952,4.097954971716991,5,-1,570,645
813,PU_R0407,R0407,P238,pickup,HOME_P238,46.064713596453984,4.096207702098815,5,1,760,810
814,DO_R0407,R0407,P238,dropoff,H1,46.0533,4.0727,5,-1,770,815
815,PU_R0408,R0408,P239,pickup,HOME_P239,46.09222874678434,4.113935084346215,5,1,750,795
816,DO_R0408,R0408,P239,dropoff,H1,46.0533,4.0727,5,-1,760,805
817,PU_R0409,R0409,P240,pickup,HOME_P240,46.06473922443841,4.1664182123273585,5,1,995,1046
818,DO_R0409,R0409,P240,dropoff,H2,46.0457,4.0688,5,-1,1015,1060
819,PU_R0410,R0410,P241,pickup,HOME_P241,46.058862436570685,3.943715881077469,5,1,495,542
820,DO_R0410,R0410,P241,dropoff,H2,46.0457,4.0688,5,-1,515,560
821,PU_R0411,R0411,P241,pickup,H2,46.0457,4.0688,5,1,585,610
822,DO_R0411,R0411,P241,dropoff,HOME_P241,46.058862436570685,3.943715881077469,5,-1,585,660
823,PU_R0412,R0412,P242,pickup,HOME_P242,46.05077133287757,3.994603037424344,5,1,745,789
824,DO_R0412,R0412,P242,dropoff,H3,46.05,4.07,5,-1,755,800
825,PU_R0413,R0413,P242,pickup,H3,46.05,4.07,5,1,1025,1040
826,DO_R0413,R0413,P242,dropoff,HOME_P242,46.05077133287757,3.994603037424344,5,-1,1025,1080
827,PU_R0414,R0414,P243,pickup,HOME_P243,46.010589420661574,3.981601595320055,5,1,830,869
828,DO_R0414,R0414,P243,dropoff,H1,46.0533,4.0727,5,-1,840,885
829,PU_R0415,R0415,P244,pickup,HOME_P244,46.11387495997379,4.053479442377294,5,1,625,667
830,DO_R0415,R0415,P244,dropoff,H1,46.0533,4.0727,5,-1,635,680
831,PU_R0416,R0416,P244,pickup,H1,46.0533,4.0727,5,1,830,845
832,DO_R0416,R0416,P244,dropoff,HOME_P244,46.11387495997379,4.053479442377294,5,-1,830,885
833,PU_R0417,R0417,P245,pickup,HOME_P245,46.102245947115414,4.081751735730126,5,1,500,555
834,DO_R0417,R0417,P245,dropoff,H1,46.0533,4.0727,5,-1,520,565
835,PU_R0418,R0418,P245,pickup,H1,46.0533,4.0727,5,1,685,710
836,DO_R0418,R0418,P245,dropoff,HOME_P245,46.102245947115414,4.081751735730126,5,-1,685,760
837,PU_R0419,R0419,P246,pickup,HOME_P246,46.03771270655245,4.201381195664494,5,1,625,671
838,DO_R0419,R0419,P246,dropoff,H1,46.0533,4.0727,5,-1,645,690
839,PU_R0420,R0420,P246,pickup,H1,46.0533,4.0727,5,1,760,785
840,DO_R0420,R0420,P246,dropoff,HOME_P246,46.03771270655245,4.201381195664494,5,-1,760,835
841,PU_R0421,R0421,P247,pickup,HOME_P247,46.01971903646992,4.158482235280079,5,1,425,466
842,DO_R0421,R0421,P247,dropoff,H2,46.0457,4.0688,5,-1,435,480
843,PU_R0422,R0422,P247,pickup,H2,46.0457,4.0688,5,1,720,735
844,DO_R0422,R0422,P247,dropoff,HOME_P247,46.01971903646992,4.158482235280079,5,-1,720,775
845,PU_R0423,R0423,P248,pickup,HOME_P248,46.038007137618784,4.010888218829684,5,1,520,575
846,DO_R0423,R0423,P248,dropoff,H1,46.0533,4.0727,5,-1,540,585
847,PU_R0424,R0424,P248,pickup,H1,46.0533,4.0727,5,1,690,715
848,DO_R0424,R0424,P248,dropoff,HOME_P248,46.038007137618784,4.010888218829684,5,-1,690,765
849,PU_R0425,R0425,P249,pickup,HOME_P249,46.06226262592697,4.016566593448972,5,1,470,517
850,DO_R0425,R0425,P249,dropoff,H1,46.0533,4.0727,5,-1,480,525
851,PU_R0426,R0426,P249,pickup,H1,46.0533,4.0727,5,1,695,710
852,DO_R0426,R0426,P249,dropoff,HOME_P249,46.06226262592697,4.016566593448972,5,-1,695,750
853,PU_R0427,R0427,P250,pickup,HOME_P250,46.033058207714035,4.017586035932786,5,1,760,806
854,DO_R0427,R0427,P250,dropoff,H1,46.0533,4.0727,5,-1,770,815
855,PU_R0428,R0428,P251,pickup,HOME_P251,46.132979984639725,4.094393143386711,5,1,450,498
856,DO_R0428,R0428,P251,dropoff,H1,46.0533,4.0727,5,-1,470,515
857,PU_R0429,R0429,P251,pickup,H1,46.0533,4.0727,5,1,600,625
858,DO_R0429,R0429,P251,dropoff,HOME_P251,46.132979984639725,4.094393143386711,5,-1,600,675
859,PU_R0430,R0430,P252,pickup,HOME_P252,46.090167765872444,3.9684951495266905,5,1,610,658
860,DO_R0430,R0430,P252,dropoff,H1,46.0533,4.0727,5,-1,630,675
861,PU_R0431,R0431,P252,pickup,H1,46.0533,4.0727,5,1,780,805
862,DO_R0431,R0431,P252,dropoff,HOME_P252,46.090167765872444,3.9684951495266905,5,-1,780,855
863,PU_R0432,R0432,P253,pickup,HOME_P253,46.07594972687996,4.135450624158773,5,1,620,674
864,DO_R0432,R0432,P253,dropoff,H2,46.0457,4.0688,5,-1,640,685
865,PU_R0433,R0433,P253,pickup,H2,46.0457,4.0688,5,1,715,740
866,DO_R0433,R0433,P253,dropoff,HOME_P253,46.07594972687996,4.135450624158773,5,-1,715,790
867,PU_R0434,R0434,P254,pickup,HOME_P254,46.078612183887145,4.142344333585232,5,1,925,979
868,DO_R0434,R0434,P254,dropoff,H1,46.0533,4.0727,5,-1,945,990
869,PU_R0435,R0435,P255,pickup,HOME_P255,45.945281238188684,4.095433406960396,5,1,815,859
870,DO_R0435,R0435,P255,dropoff,H2,46.0457,4.0688,5,-1,835,880
871,PU_R0436,R0436,P255,pickup,H2,46.0457,4.0688,5,1,910,935
872,DO_R0436,R0436,P255,dropoff,HOME_P255,45.945281238188684,4.095433406960396,5,-1,910,985
873,PU_R0437,R0437,P256,pickup,HOME_P256,46.04930611025914,4.172055598191241,5,1,465,505
874,DO_R0437,R0437,P256,dropoff,H2,46.0457,4.0688,5,-1,475,520
875,PU_R0438,R0438,P256,pickup,H2,46.0457,4.0688,5,1,765,780
876,DO_R0438,R0438,P256,dropoff,HOME_P256,46.04930611025914,4.172055598191241,5,-1,765,820
877,PU_R0439,R0439,P257,pickup,HOME_P257,46.04269383718851,4.18235296676602,5,1,530,579
878,DO_R0439,R0439,P257,dropoff,H1,46.0533,4.0727,5,-1,550,595
879,PU_R0440,R0440,P257,pickup,H1,46.0533,4.0727,5,1,655,680
880,DO_R0440,R0440,P257,dropoff,HOME_P257,46.04269383718851,4.18235296676602,5,-1,655,730
881,PU_R0441,R0441,P258,pickup,HOME_P258,46.01856746699288,4.215905647685074,5,1,450,494
882,DO_R0441,R0441,P258,dropoff,H2,46.0457,4.0688,5,-1,470,515
883,PU_R0442,R0442,P258,pickup,H2,46.0457,4.0688,5,1,550,575
884,DO_R0442,R0442,P258,dropoff,HOME_P258,46.01856746699288,4.215905647685074,5,-1,550,625
885,PU_R0443,R0443,P259,pickup,HOME_P259,45.99764623760191,3.9750404202317515,5,1,525,573
886,DO_R0443,R0443,P259,dropoff,H2,46.0457,4.0688,5,-1,545,590
887,PU_R0444,R0444,P259,pickup,H2,46.0457,4.0688,5,1,630,655
888,DO_R0444,R0444,P259,dropoff,HOME_P259,45.99764623760191,3.9750404202317515,5,-1,630,705
889,PU_R0445,R0445,P260,pickup,HOME_P260,46.09649377634721,4.163250268816816,5,1,585,633
890,DO_R0445,R0445,P260,dropoff,H2,46.0457,4.0688,5,-1,605,650
891,PU_R0446,R0446,P260,pickup,H2,46.0457,4.0688,5,1,685,710
892,DO_R0446,R0446,P260,dropoff,HOME_P260,46.09649377634721,4.163250268816816,5,-1,685,760
893,PU_R0447,R0447,P261,pickup,HOME_P261,46.1334781878395,4.04635820779208,5,1,515,562
894,DO_R0447,R0447,P261,dropoff,H2,46.0457,4.0688,5,-1,535,580
895,PU_R0448,R0448,P261,pickup,H2,46.0457,4.0688,5,1,610,635
896,DO_R0448,R0448,P261,dropoff,HOME_P261,46.1334781878395,4.04635820779208,5,-1,610,685
897,PU_R0449,R0449,P262,pickup,HOME_P262,46.06406176057011,4.154520690975938,5,1,480,523
898,DO_R0449,R0449,P262,dropoff,H1,46.0533,4.0727,5,-1,490,535
899,PU_R0450,R0450,P262,pickup,H1,46.0533,4.0727,5,1,775,790
900,DO_R0450,R0450,P262,dropoff,HOME_P262,46.06406176057011,4.154520690975938,5,-1,775,830
901,PU_R0451,R0451,P263,pickup,HOME_P263,46.15341619572828,4.0530093589748235,5,1,495,539
902,DO_R0451,R0451,P263,dropoff,H1,46.0533,4.0727,5,-1,515,560
903,PU_R0452,R0452,P263,pickup,H1,46.0533,4.0727,5,1,650,675
904,DO_R0452,R0452,P263,dropoff,HOME_P263,46.15341619572828,4.0530093589748235,5,-1,650,725
905,PU_R0453,R0453,P264,pickup,HOME_P264,46.10324372444438,4.054564304417882,5,1,480,523
906,DO_R0453,R0453,P264,dropoff,H2,46.0457,4.0688,5,-1,490,535
907,PU_R0454,R0454,P264,pickup,H2,46.0457,4.0688,5,1,775,790
908,DO_R0454,R0454,P264,dropoff,HOME_P264,46.10324372444438,4.054564304417882,5,-1,775,830
909,PU_R0455,R0455,P265,pickup,HOME_P265,46.00707356245318,4.069849501547549,5,1,430,475
910,DO_R0455,R0455,P265,dropoff,H1,46.0533,4.0727,5,-1,440,485
911,PU_R0456,R0456,P265,pickup,H1,46.0533,4.0727,5,1,725,740
912,DO_R0456,R0456,P265,dropoff,HOME_P265,46.00707356245318,4.069849501547549,5,-1,725,780
913,PU_R0457,R0457,P266,pickup,HOME_P266,46.105757930519914,4.172664082567443,5,1,860,906
914,DO_R0457,R0457,P266,dropoff,H2,46.0457,4.0688,5,-1,880,925
915,PU_R0458,R0458,P266,pickup,H2,46.0457,4.0688,5,1,965,990
916,DO_R0458,R0458,P266,dropoff,HOME_P266,46.105757930519914,4.172664082567443,5,-1,965,1040
917,PU_R0459,R0459,P267,pickup,HOME_P267,46.03470284757035,4.2183874072883425,5,1,595,639
918,DO_R0459,R0459,P267,dropoff,H1,46.0533,4.0727,5,-1,615,660
919,PU_R0460,R0460,P267,pickup,H1,46.0533,4.0727,5,1,750,775
920,DO_R0460,R0460,P267,dropoff,HOME_P267,46.03470284757035,4.2183874072883425,5,-1,750,825
921,PU_R0461,R0461,P268,pickup,HOME_P268,46.090472083772625,4.086599170206085,5,1,770,817
922,DO_R0461,R0461,P268,dropoff,H1,46.0533,4.0727,5,-1,780,825
923,PU_R0462,R0462,P269,pickup,HOME_P269,45.99680250873533,4.15964000751169,5,1,500,548
924,DO_R0462,R0462,P269,dropoff,H1,46.0533,4.0727,5,-1,520,565
925,PU_R0463,R0463,P269,pickup,H1,46.0533,4.0727,5,1,655,680
926,DO_R0463,R0463,P269,dropoff,HOME_P269,45.99680250873533,4.15964000751169,5,-1,655,730
927,PU_R0464,R0464,P270,pickup,HOME_P270,46.06110009659835,3.9767318580778412,5,1,765,806
928,DO_R0464,R0464,P270,dropoff,H1,46.0533,4.0727,5,-1,775,820
929,PU_R0465,R0465,P271,pickup,HOME_P271,46.08142572374072,4.149679099107956,5,1,575,628
930,DO_R0465,R0465,P271,dropoff,H1,46.0533,4.0727,5,-1,595,640
931,PU_R0466,R0466,P271,pickup,H1,46.0533,4.0727,5,1,715,740
932,DO_R0466,R0466,P271,dropoff,HOME_P271,46.08142572374072,4.149679099107956,5,-1,715,790
933,PU_R0467,R0467,P272,pickup,HOME_P272,46.053649741318736,4.0022735761175365,5,1,475,520
934,DO_R0467,R0467,P272,dropoff,H3,46.05,4.07,5,-1,485,530
935,PU_R0468,R0468,P272,pickup,H3,46.05,4.07,5,1,760,775
936,DO_R0468,R0468,P272,dropoff,HOME_P272,46.053649741318736,4.0022735761175365,5,-1,760,815
937,PU_R0469,R0469,P273,pickup,HOME_P273,46.02274731401863,3.974211324648948,5,1,765,805
938,DO_R0469,R0469,P273,dropoff,H3,46.05,4.07,5,-1,775,820
939,PU_R0470,R0470,P274,pickup,HOME_P274,46.07544755729115,4.167313987204991,5,1,450,491
940,DO_R0470,R0470,P274,dropoff,H1,46.0533,4.0727,5,-1,460,505
941,PU_R0471,R0471,P274,pickup,H1,46.0533,4.0727,5,1,745,760
942,DO_R0471,R0471,P274,dropoff,HOME_P274,46.07544755729115,4.167313987204991,5,-1,745,800
943,PU_R0472,R0472,P275,pickup,HOME_P275,46.020406317142886,4.118247532831947,5,1,515,570
944,DO_R0472,R0472,P275,dropoff,H1,46.0533,4.0727,5,-1,535,580
945,PU_R0473,R0473,P275,pickup,H1,46.0533,4.0727,5,1,700,725
946,DO_R0473,R0473,P275,dropoff,HOME_P275,46.020406317142886,4.118247532831947,5,-1,700,775
947,PU_R0474,R0474,P276,pickup,HOME_P276,46.04514605227532,4.123892394293163,5,1,730,777
948,DO_R0474,R0474,P276,dropoff,H2,46.0457,4.0688,5,-1,740,785
949,PU_R0475,R0475,P276,pickup,H2,46.0457,4.0688,5,1,955,970
950,DO_R0475,R0475,P276,dropoff,HOME_P276,46.04514605227532,4.123892394293163,5,-1,955,1010
951,PU_R0476,R0476,P277,pickup,HOME_P277,45.99458524744231,4.017432442821629,5,1,460,501
952,DO_R0476,R0476,P277,dropoff,H1,46.0533,4.0727,5,-1,470,515
953,PU_R0477,R0477,P277,pickup,H1,46.0533,4.0727,5,1,755,770
954,DO_R0477,R0477,P277,dropoff,HOME_P277,45.99458524744231,4.017432442821629,5,-1,755,810
955,PU_R0478,R0478,P278,pickup,HOME_P278,46.09924409763916,4.029352117972979,5,1,725,768
956,DO_R0478,R0478,P278,dropoff,H2,46.0457,4.0688,5,-1,735,780
957,PU_R0479,R0479,P278,pickup,H2,46.0457,4.0688,5,1,910,925
958,DO_R0479,R0479,P278,dropoff,HOME_P278,46.09924409763916,4.029352117972979,5,-1,910,965
959,PU_R0480,R0480,P279,pickup,HOME_P279,46.05313863760949,4.15070299213894,5,1,775,818
960,DO_R0480,R0480,P279,dropoff,H3,46.05,4.07,5,-1,785,830
961,PU_R0481,R0481,P280,pickup,HOME_P280,46.09472165073929,4.073022879894975,5,1,730,775
962,DO_R0481,R0481,P280,dropoff,H2,46.0457,4.0688,5,-1,740,785
963,PU_R0482,R0482,P281,pickup,HOME_P281,46.13779876082232,4.144369099312381,5,1,1000,1043
964,DO_R0482,R0482,P281,dropoff,H2,46.0457,4.0688,5,-1,1020,1065
965,PU_R0483,R0483,P282,pickup,HOME_P282,46.10254708921769,4.1480063818997035,5,1,480,530
966,DO_R0483,R0483,P282,dropoff,H1,46.0533,4.0727,5,-1,500,545
967,PU_R0484,R0484,P282,pickup,H1,46.0533,4.0727,5,1,660,685
968,DO_R0484,R0484,P282,dropoff,HOME_P282,46.10254708921769,4.1480063818997035,5,-1,660,735
969,PU_R0485,R0485,P283,pickup,HOME_P283,46.014320652796066,3.9963697686228272,5,1,450,493
970,DO_R0485,R0485,P283,dropoff,H2,46.0457,4.0688,5,-1,460,505
971,PU_R0486,R0486,P283,pickup,H2,46.0457,4.0688,5,1,825,840
972,DO_R0486,R0486,P283,dropoff,HOME_P283,46.014320652796066,3.9963697686228272,5,-1,825,880
973,PU_R0487,R0487,P284,pickup,HOME_P284,46.04132103136517,4.088466705718741,5,1,430,480
974,DO_R0487,R0487,P284,dropoff,H2,46.0457,4.0688,5,-1,440,485
975,PU_R0488,R0488,P284,pickup,H2,46.0457,4.0688,5,1,715,730
976,DO_R0488,R0488,P284,dropoff,HOME_P284,46.04132103136517,4.088466705718741,5,-1,715,770
977,PU_R0489,R0489,P285,pickup,HOME_P285,46.085063635897505,4.0037280820139705,5,1,820,873
978,DO_R0489,R0489,P285,dropoff,H1,46.0533,4.0727,5,-1,840,885
979,PU_R0490,R0490,P285,pickup,H1,46.0533,4.0727,5,1,995,1020
980,DO_R0490,R0490,P285,dropoff,HOME_P285,46.085063635897505,4.0037280820139705,5,-1,995,1070
981,PU_R0491,R0491,P286,pickup,HOME_P286,46.02428856431253,4.092583080152982,5,1,475,523
982,DO_R0491,R0491,P286,dropoff,H1,46.0533,4.0727,5,-1,485,530
983,PU_R0492,R0492,P286,pickup,H1,46.0533,4.0727,5,1,700,715
984,DO_R0492,R0492,P286,dropoff,HOME_P286,46.02428856431253,4.092583080152982,5,-1,700,755
985,PU_R0493,R0493,P287,pickup,HOME_P287,46.01976008907335,4.023351156728743,5,1,570,625
986,DO_R0493,R0493,P287,dropoff,H1,46.0533,4.0727,5,-1,590,635
987,PU_R0494,R0494,P287,pickup,H1,46.0533,4.0727,5,1,710,735
988,DO_R0494,R0494,P287,dropoff,HOME_P287,46.01976008907335,4.023351156728743,5,-1,710,785
989,PU_R0495,R0495,P288,pickup,HOME_P288,46.02881586834645,4.141016832890952,5,1,640,694
990,DO_R0495,R0495,P288,dropoff,H1,46.0533,4.0727,5,-1,660,705
991,PU_R0496,R0496,P288,pickup,H1,46.0533,4.0727,5,1,810,835
992,DO_R0496,R0496,P288,dropoff,HOME_P288,46.02881586834645,4.141016832890952,5,-1,810,885
993,PU_R0497,R0497,P289,pickup,HOME_P289,45.98120125988251,4.057001506335712,5,1,480,520
994,DO_R0497,R0497,P289,dropoff,H1,46.0533,4.0727,5,-1,490,535
995,PU_R0498,R0498,P289,pickup,H1,46.0533,4.0727,5,1,705,720
996,DO_R0498,R0498,P289,dropoff,HOME_P289,45.98120125988251,4.057001506335712,5,-1,705,760
997,PU_R0499,R0499,P290,pickup,HOME_P290,46.047666807198034,3.9740907588329364,5,1,460,501
998,DO_R0499,R0499,P290,dropoff,H1,46.0533,4.0727,5,-1,470,515
999,PU_R0500,R0500,P290,pickup,H1,46.0533,4.0727,5,1,755,770
1000,DO_R0500,R0500,P290,dropoff,HOME_P290,46.047666807198034,3.9740907588329364,5,-1,755,810
1001,PU_R0501,R0501,P291,pickup,HOME_P291,46.03235402493573,4.139536905006512,5,1,460,514
1002,DO_R0501,R0501,P291,dropoff,H2,46.0457,4.0688,5,-1,480,525
1003,PU_R0502,R0502,P291,pickup,H2,46.0457,4.0688,5,1,555,580
1004,DO_R0502,R0502,P291,dropoff,HOME_P291,46.03235402493573,4.139536905006512,5,-1,555,630
1005,PU_R0503,R0503,P292,pickup,HOME_P292,46.04344196637442,4.016676031612166,5,1,740,787
1006,DO_R0503,R0503,P292,dropoff,H2,46.0457,4.0688,5,-1,750,795
1007,PU_R0504,R0504,P293,pickup,HOME_P293,46.12233783095454,4.067491660880667,5,1,445,496
1008,DO_R0504,R0504,P293,dropoff,H1,46.0533,4.0727,5,-1,465,510
1009,PU_R0505,R0505,P293,pickup,H1,46.0533,4.0727,5,1,630,655
1010,DO_R0505,R0505,P293,dropoff,HOME_P293,46.12233783095454,4.067491660880667,5,-1,630,705
1011,PU_R0506,R0506,P294,pickup,HOME_P294,45.946002271043746,4.080199483561125,5,1,905,948
1012,DO_R0506,R0506,P294,dropoff,H1,46.0533,4.0727,5,-1,925,970
1013,PU_R0507,R0507,P295,pickup,HOME_P295,46.00395227325722,4.063419650996623,5,1,610,655
1014,DO_R0507,R0507,P295,dropoff,H1,46.0533,4.0727,5,-1,620,665
1015,PU_R0508,R0508,P295,pickup,H1,46.0533,4.0727,5,1,815,830
1016,DO_R0508,R0508,P295,dropoff,HOME_P295,46.00395227325722,4.063419650996623,5,-1,815,870
1017,PU_R0509,R0509,P296,pickup,HOME_P296,46.10576499262861,4.122214922152695,5,1,445,495
1018,DO_R0509,R0509,P296,dropoff,H2,46.0457,4.0688,5,-1,465,510
1019,PU_R0510,R0510,P296,pickup,H2,46.0457,4.0688,5,1,550,575
1020,DO_R0510,R0510,P296,dropoff,HOME_P296,46.10576499262861,4.122214922152695,5,-1,550,625
1021,PU_R0511,R0511,P297,pickup,HOME_P297,46.019656924317474,4.06467031127941,5,1,765,813
1022,DO_R0511,R0511,P297,dropoff,H1,46.0533,4.0727,5,-1,775,820
1023,PU_R0512,R0512,P298,pickup,HOME_P298,45.98645060400116,4.173928452186162,5,1,510,556
1024,DO_R0512,R0512,P298,dropoff,H2,46.0457,4.0688,5,-1,530,575
1025,PU_R0513,R0513,P298,pickup,H2,46.0457,4.0688,5,1,610,635
1026,DO_R0513,R0513,P298,dropoff,HOME_P298,45.98645060400116,4.173928452186162,5,-1,610,685
1027,PU_R0514,R0514,P299,pickup,HOME_P299,46.0445298105762,4.1689323813952806,5,1,470,511
1028,DO_R0514,R0514,P299,dropoff,H1,46.0533,4.0727,5,-1,480,525
1029,PU_R0515,R0515,P299,pickup,H1,46.0533,4.0727,5,1,700,715
1030,DO_R0515,R0515,P299,dropoff,HOME_P299,46.0445298105762,4.1689323813952806,5,-1,700,755
1031,PU_R0516,R0516,P300,pickup,HOME_P300,45.99488249897344,4.12549253163479,5,1,960,1011
1032,DO_R0516,R0516,P300,dropoff,H1,46.0533,4.0727,5,-1,980,1025
1033,PU_R0517,R0517,P301,pickup,HOME_P301,45.966759700838146,4.090933153987609,5,1,865,904
1034,DO_R0517,R0517,P301,dropoff,H2,46.0457,4.0688,5,-1,875,920
1035,PU_R0518,R0518,P302,pickup,HOME_P302,46.151588351321635,4.0834141449402725,5,1,905,950
1036,DO_R0518,R0518,P302,dropoff,H1,46.0533,4.0727,5,-1,925,970
1037,PU_R0519,R0519,P303,pickup,HOME_P303,46.01276445978443,4.072207151431489,5,1,440,488
1038,DO_R0519,R0519,P303,dropoff,H2,46.0457,4.0688,5,-1,450,495
1039,PU_R0520,R0520,P303,pickup,H2,46.0457,4.0688,5,1,720,735
1040,DO_R0520,R0520,P303,dropoff,HOME_P303,46.01276445978443,4.072207151431489,5,-1,720,775
1041,PU_R0521,R0521,P304,pickup,HOME_P304,46.07784653329292,4.10354585740092,5,1,480,527
1042,DO_R0521,R0521,P304,dropoff,H2,46.0457,4.0688,5,-1,490,535
1043,PU_R0522,R0522,P304,pickup,H2,46.0457,4.0688,5,1,740,755
1044,DO_R0522,R0522,P304,dropoff,HOME_P304,46.07784653329292,4.10354585740092,5,-1,740,795
1045,PU_R0523,R0523,P305,pickup,HOME_P305,46.03431128012121,4.086796235637686,5,1,625,685
1046,DO_R0523,R0523,P305,dropoff,H2,46.0457,4.0688,5,-1,645,690
1047,PU_R0524,R0524,P305,pickup,H2,46.0457,4.0688,5,1,725,750
1048,DO_R0524,R0524,P305,dropoff,HOME_P305,46.03431128012121,4.086796235637686,5,-1,725,800
1049,PU_R0525,R0525,P306,pickup,HOME_P306,46.01289239065985,4.004829198536116,5,1,440,484
1050,DO_R0525,R0525,P306,dropoff,H2,46.0457,4.0688,5,-1,450,495
1051,PU_R0526,R0526,P306,pickup,H2,46.0457,4.0688,5,1,715,730
1052,DO_R0526,R0526,P306,dropoff,HOME_P306,46.01289239065985,4.004829198536116,5,-1,715,770
1053,PU_R0527,R0527,P307,pickup,HOME_P307,46.108740470396164,4.167577255060237,5,1,635,672
1054,DO_R0527,R0527,P307,dropoff,H1,46.0533,4.0727,5,-1,645,690
1055,PU_R0528,R0528,P307,pickup,H1,46.0533,4.0727,5,1,870,885
1056,DO_R0528,R0528,P307,dropoff,HOME_P307,46.108740470396164,4.167577255060237,5,-1,870,925
1057,PU_R0529,R0529,P308,pickup,HOME_P308,46.035674969962166,3.9885325380779615,5,1,465,507
1058,DO_R0529,R0529,P308,dropoff,H1,46.0533,4.0727,5,-1,475,520
1059,PU_R0530,R0530,P308,pickup,H1,46.0533,4.0727,5,1,760,775
1060,DO_R0530,R0530,P308,dropoff,HOME_P308,46.035674969962166,3.9885325380779615,5,-1,760,815
1061,PU_R0531,R0531,P309,pickup,HOME_P309,46.027872422334276,3.925690660657152,5,1,495,539
1062,DO_R0531,R0531,P309,dropoff,H2,46.0457,4.0688,5,-1,515,560
1063,PU_R0532,R0532,P309,pickup,H2,46.0457,4.0688,5,1,595,620
1064,DO_R0532,R0532,P309,dropoff,HOME_P309,46.027872422334276,3.925690660657152,5,-1,595,670
1065,PU_R0533,R0533,P310,pickup,HOME_P310,46.036387665807204,4.029785250535142,5,1,475,523
1066,DO_R0533,R0533,P310,dropoff,H1,46.0533,4.0727,5,-1,485,530
1067,PU_R0534,R0534,P310,pickup,H1,46.0533,4.0727,5,1,770,785
1068,DO_R0534,R0534,P310,dropoff,HOME_P310,46.036387665807204,4.029785250535142,5,-1,770,825
1069,PU_R0535,R0535,P311,pickup,HOME_P311,46.02094278131591,4.161298884971148,5,1,470,511
1070,DO_R0535,R0535,P311,dropoff,H1,46.0533,4.0727,5,-1,480,525
1071,PU_R0536,R0536,P311,pickup,H1,46.0533,4.0727,5,1,765,780
1072,DO_R0536,R0536,P311,dropoff,HOME_P311,46.02094278131591,4.161298884971148,5,-1,765,820
1073,PU_R0537,R0537,P312,pickup,HOME_P312,46.16221253781384,4.010418401803215,5,1,910,961
1074,DO_R0537,R0537,P312,dropoff,H1,46.0533,4.0727,5,-1,940,985
1075,PU_R0538,R0538,P313,pickup,HOME_P313,46.02664501870406,4.012680223550024,5,1,435,480
1076,DO_R0538,R0538,P313,dropoff,H1,46.0533,4.0727,5,-1,445,490
1077,PU_R0539,R0539,P313,pickup,H1,46.0533,4.0727,5,1,730,745
1078,DO_R0539,R0539,P313,dropoff,HOME_P313,46.02664501870406,4.012680223550024,5,-1,730,785
1079,PU_R0540,R0540,P314,pickup,HOME_P314,46.14499118149848,4.0333596011360076,5,1,860,906
1080,DO_R0540,R0540,P314,dropoff,H1,46.0533,4.0727,5,-1,880,925
1081,PU_R0541,R0541,P314,pickup,H1,46.0533,4.0727,5,1,1000,1025
1082,DO_R0541,R0541,P314,dropoff,HOME_P314,46.14499118149848,4.0333596011360076,5,-1,1000,1075
1083,PU_R0542,R0542,P315,pickup,HOME_P315,46.125783437236144,4.039367902999733,5,1,470,519
1084,DO_R0542,R0542,P315,dropoff,H1,46.0533,4.0727,5,-1,490,535
1085,PU_R0543,R0543,P315,pickup,H1,46.0533,4.0727,5,1,605,630
1086,DO_R0543,R0543,P315,dropoff,HOME_P315,46.125783437236144,4.039367902999733,5,-1,605,680
1087,PU_R0544,R0544,P316,pickup,HOME_P316,46.019908638664376,4.038604891629946,5,1,475,522
1088,DO_R0544,R0544,P316,dropoff,H3,46.05,4.07,5,-1,485,530
1089,PU_R0545,R0545,P316,pickup,H3,46.05,4.07,5,1,750,765
1090,DO_R0545,R0545,P316,dropoff,HOME_P316,46.019908638664376,4.038604891629946,5,-1,750,805
1091,PU_R0546,R0546,P317,pickup,HOME_P317,46.02166095955225,4.0721932744209255,5,1,455,503
1092,DO_R0546,R0546,P317,dropoff,H1,46.0533,4.0727,5,-1,465,510
1093,PU_R0547,R0547,P317,pickup,H1,46.0533,4.0727,5,1,750,765
1094,DO_R0547,R0547,P317,dropoff,HOME_P317,46.02166095955225,4.0721932744209255,5,-1,750,805
1095,PU_R0548,R0548,P318,pickup,HOME_P318,46.04912419301688,4.002665016125447,5,1,990,1035
1096,DO_R0548,R0548,P318,dropoff,H2,46.0457,4.0688,5,-1,1000,1045
1097,PU_R0549,R0549,P319,pickup,HOME_P319,45.98857501297936,4.096522441751697,5,1,480,523
1098,DO_R0549,R0549,P319,dropoff,H2,46.0457,4.0688,5,-1,490,535
1099,PU_R0550,R0550,P319,pickup,H2,46.0457,4.0688,5,1,760,775
1100,DO_R0550,R0550,P319,dropoff,HOME_P319,45.98857501297936,4.096522441751697,5,-1,760,815
1101,PU_R0551,R0551,P320,pickup,HOME_P320,46.04741830129388,4.0239523290097114,5,1,445,493
1102,DO_R0551,R0551,P320,dropoff,H1,46.0533,4.0727,5,-1,455,500
1103,PU_R0552,R0552,P320,pickup,H1,46.0533,4.0727,5,1,740,755
1104,DO_R0552,R0552,P320,dropoff,HOME_P320,46.04741830129388,4.0239523290097114,5,-1,740,795
1105,PU_R0553,R0553,P321,pickup,HOME_P321,46.04978333770732,4.0079975925833216,5,1,450,496
1106,DO_R0553,R0553,P321,dropoff,H3,46.05,4.07,5,-1,460,505
1107,PU_R0554,R0554,P321,pickup,H3,46.05,4.07,5,1,720,735
1108,DO_R0554,R0554,P321,dropoff,HOME_P321,46.04978333770732,4.0079975925833216,5,-1,720,775
1109,PU_R0555,R0555,P322,pickup,HOME_P322,45.99317769897023,4.102326957049339,5,1,640,693
1110,DO_R0555,R0555,P322,dropoff,H2,46.0457,4.0688,5,-1,660,705
1111,PU_R0556,R0556,P322,pickup,H2,46.0457,4.0688,5,1,730,755
1112,DO_R0556,R0556,P322,dropoff,HOME_P322,45.99317769897023,4.102326957049339,5,-1,730,805
1113,PU_R0557,R0557,P323,pickup,HOME_P323,46.06216110045383,4.076577773463014,5,1,475,525
1114,DO_R0557,R0557,P323,dropoff,H3,46.05,4.07,5,-1,485,530
1115,PU_R0558,R0558,P323,pickup,H3,46.05,4.07,5,1,775,790
1116,DO_R0558,R0558,P323,dropoff,HOME_P323,46.06216110045383,4.076577773463014,5,-1,775,830
1117,PU_R0559,R0559,P324,pickup,HOME_P324,46.03918666854402,4.088728380177822,5,1,480,530
1118,DO_R0559,R0559,P324,dropoff,H2,46.0457,4.0688,5,-1,490,535
1119,PU_R0560,R0560,P324,pickup,H2,46.0457,4.0688,5,1,675,690
1120,DO_R0560,R0560,P324,dropoff,HOME_P324,46.03918666854402,4.088728380177822,5,-1,675,730
1121,PU_R0561,R0561,P325,pickup,HOME_P325,45.996145593781215,4.170574579057302,5,1,450,487
1122,DO_R0561,R0561,P325,dropoff,H2,46.0457,4.0688,5,-1,460,505
1123,PU_R0562,R0562,P325,pickup,H2,46.0457,4.0688,5,1,725,740
1124,DO_R0562,R0562,P325,dropoff,HOME_P325,45.996145593781215,4.170574579057302,5,-1,725,780
1125,PU_R0563,R0563,P326,pickup,HOME_P326,46.1225104156455,4.049055019309771,5,1,735,775
1126,DO_R0563,R0563,P326,dropoff,H1,46.0533,4.0727,5,-1,745,790
1127,PU_R0564,R0564,P327,pickup,HOME_P327,46.000195670124214,4.049844095474426,5,1,440,483
1128,DO_R0564,R0564,P327,dropoff,H1,46.0533,4.0727,5,-1,450,495
1129,PU_R0565,R0565,P327,pickup,H1,46.0533,4.0727,5,1,735,750
1130,DO_R0565,R0565,P327,dropoff,HOME_P327,46.000195670124214,4.049844095474426,5,-1,735,790
1131,PU_R0566,R0566,P328,pickup,HOME_P328,46.02132903979912,4.009937225229922,5,1,430,474
1132,DO_R0566,R0566,P328,dropoff,H3,46.05,4.07,5,-1,440,485
1133,PU_R0567,R0567,P328,pickup,H3,46.05,4.07,5,1,730,745
1134,DO_R0567,R0567,P328,dropoff,HOME_P328,46.02132903979912,4.009937225229922,5,-1,730,785
1135,PU_R0568,R0568,P329,pickup,HOME_P329,46.05763162199282,4.115510524791311,5,1,450,499
1136,DO_R0568,R0568,P329,dropoff,H1,46.0533,4.0727,5,-1,460,505
1137,PU_R0569,R0569,P329,pickup,H1,46.0533,4.0727,5,1,745,760
1138,DO_R0569,R0569,P329,dropoff,HOME_P329,46.05763162199282,4.115510524791311,5,-1,745,800
1139,PU_R0570,R0570,P330,pickup,HOME_P330,46.01195601605723,4.120180015977296,5,1,430,475
1140,DO_R0570,R0570,P330,dropoff,H2,46.0457,4.0688,5,-1,440,485
1141,PU_R0571,R0571,P330,pickup,H2,46.0457,4.0688,5,1,745,760
1142,DO_R0571,R0571,P330,dropoff,HOME_P330,46.01195601605723,4.120180015977296,5,-1,745,800
1143,PU_R0572,R0572,P331,pickup,HOME_P331,45.96429496139255,4.096803597303403,5,1,860,907
1144,DO_R0572,R0572,P331,dropoff,H1,46.0533,4.0727,5,-1,880,925
1145,PU_R0573,R0573,P332,pickup,HOME_P332,46.01439608389757,4.069913832108905,5,1,650,697
1146,DO_R0573,R0573,P332,dropoff,H1,46.0533,4.0727,5,-1,660,705
1147,PU_R0574,R0574,P332,pickup,H1,46.0533,4.0727,5,1,860,875
1148,DO_R0574,R0574,P332,dropoff,HOME_P332,46.01439608389757,4.069913832108905,5,-1,860,915
1149,PU_R0575,R0575,P333,pickup,HOME_P333,46.096249266038,4.034375269479766,5,1,760,804
1150,DO_R0575,R0575,P333,dropoff,H3,46.05,4.07,5,-1,770,815
1151,PU_R0576,R0576,P334,pickup,HOME_P334,46.050566224904884,4.110812706397705,5,1,470,519
1152,DO_R0576,R0576,P334,dropoff,H1,46.0533,4.0727,5,-1,480,525
1153,PU_R0577,R0577,P334,pickup,H1,46.0533,4.0727,5,1,765,780
1154,DO_R0577,R0577,P334,dropoff,HOME_P334,46.050566224904884,4.110812706397705,5,-1,765,820
1155,PU_R0578,R0578,P335,pickup,HOME_P335,46.04931681397127,3.974402151874247,5,1,475,516
1156,DO_R0578,R0578,P335,dropoff,H3,46.05,4.07,5,-1,485,530
1157,PU_R0579,R0579,P335,pickup,H3,46.05,4.07,5,1,785,800
1158,DO_R0579,R0579,P335,dropoff,HOME_P335,46.04931681397127,3.974402151874247,5,-1,785,840
1159,PU_R0580,R0580,P336,pickup,HOME_P336,46.06197139406447,4.03382567088926,5,1,435,484
1160,DO_R0580,R0580,P336,dropoff,H2,46.0457,4.0688,5,-1,445,490
1161,PU_R0581,R0581,P336,pickup,H2,46.0457,4.0688,5,1,735,750
1162,DO_R0581,R0581,P336,dropoff,HOME_P336,46.06197139406447,4.03382567088926,5,-1,735,790
1163,PU_R0582,R0582,P337,pickup,HOME_P337,46.13498983574889,4.167211941034446,5,1,850,894
1164,DO_R0582,R0582,P337,dropoff,H1,46.0533,4.0727,5,-1,870,915
1165,PU_R0583,R0583,P337,pickup,H1,46.0533,4.0727,5,1,995,1020
1166,DO_R0583,R0583,P337,dropoff,HOME_P337,46.13498983574889,4.167211941034446,5,-1,995,1070
1167,PU_R0584,R0584,P338,pickup,HOME_P338,46.02805209145213,4.110421491462866,5,1,645,692
1168,DO_R0584,R0584,P338,dropoff,H1,46.0533,4.0727,5,-1,655,700
1169,PU_R0585,R0585,P338,pickup,H1,46.0533,4.0727,5,1,860,875
1170,DO_R0585,R0585,P338,dropoff,HOME_P338,46.02805209145213,4.110421491462866,5,-1,860,915
1171,PU_R0586,R0586,P339,pickup,HOME_P339,46.06806203833716,4.085744427401277,5,1,480,530
1172,DO_R0586,R0586,P339,dropoff,H1,46.0533,4.0727,5,-1,490,535
1173,PU_R0587,R0587,P339,pickup,H1,46.0533,4.0727,5,1,775,790
1174,DO_R0587,R0587,P339,dropoff,HOME_P339,46.06806203833716,4.085744427401277,5,-1,775,830
1175,PU_R0588,R0588,P340,pickup,HOME_P340,46.09509436402179,4.100890294887368,5,1,750,795
1176,DO_R0588,R0588,P340,dropoff,H1,46.0533,4.0727,5,-1,760,805
1177,PU_R0589,R0589,P341,pickup,HOME_P341,46.064210452521486,4.119941166864231,5,1,730,778
1178,DO_R0589,R0589,P341,dropoff,H1,46.0533,4.0727,5,-1,740,785
1179,PU_R0590,R0590,P341,pickup,H1,46.0533,4.0727,5,1,1025,1040
1180,DO_R0590,R0590,P341,dropoff,HOME_P341,46.064210452521486,4.119941166864231,5,-1,1025,1080
1181,PU_R0591,R0591,P342,pickup,HOME_P342,45.991338132171244,4.072489474780195,5,1,450,493
1182,DO_R0591,R0591,P342,dropoff,H3,46.05,4.07,5,-1,460,505
1183,PU_R0592,R0592,P342,pickup,H3,46.05,4.07,5,1,730,745
1184,DO_R0592,R0592,P342,dropoff,HOME_P342,45.991338132171244,4.072489474780195,5,-1,730,785
1185,PU_R0593,R0593,P343,pickup,HOME_P343,46.00844898866717,4.067155705924615,5,1,780,827
1186,DO_R0593,R0593,P343,dropoff,H2,46.0457,4.0688,5,-1,790,835
1187,PU_R0594,R0594,P344,pickup,HOME_P344,46.07622911454687,4.0160251835622764,5,1,450,505
1188,DO_R0594,R0594,P344,dropoff,H1,46.0533,4.0727,5,-1,470,515
1189,PU_R0595,R0595,P344,pickup,H1,46.0533,4.0727,5,1,575,600
1190,DO_R0595,R0595,P344,dropoff,HOME_P344,46.07622911454687,4.0160251835622764,5,-1,575,650
1191,PU_R0596,R0596,P345,pickup,HOME_P345,46.10733840538822,4.12409801972708,5,1,655,697
1192,DO_R0596,R0596,P345,dropoff,H1,46.0533,4.0727,5,-1,665,710
1193,PU_R0597,R0597,P345,pickup,H1,46.0533,4.0727,5,1,890,905
1194,DO_R0597,R0597,P345,dropoff,HOME_P345,46.10733840538822,4.12409801972708,5,-1,890,945
1195,PU_R0598,R0598,P346,pickup,HOME_P346,46.086066081789696,4.070712701481397,5,1,465,513
1196,DO_R0598,R0598,P346,dropoff,H1,46.0533,4.0727,5,-1,475,520
1197,PU_R0599,R0599,P346,pickup,H1,46.0533,4.0727,5,1,760,775
1198,DO_R0599,R0599,P346,dropoff,HOME_P346,46.086066081789696,4.070712701481397,5,-1,760,815
1199,PU_R0600,R0600,P347,pickup,HOME_P347,46.02930307783932,4.108727498816665,5,1,425,473
1200,DO_R0600,R0600,P347,dropoff,H2,46.0457,4.0688,5,-1,435,480
1201,PU_R0601,R0601,P347,pickup,H2,46.0457,4.0688,5,1,695,710
1202,DO_R0601,R0601,P347,dropoff,HOME_P347,46.02930307783932,4.108727498816665,5,-1,695,750
1203,PU_R0602,R0602,P348,pickup,HOME_P348,46.036507806497085,4.136910238862329,5,1,805,850
1204,DO_R0602,R0602,P348,dropoff,H1,46.0533,4.0727,5,-1,815,860
1205,PU_R0603,R0603,P348,pickup,H1,46.0533,4.0727,5,1,1015,1030
1206,DO_R0603,R0603,P348,dropoff,HOME_P348,46.036507806497085,4.136910238862329,5,-1,1015,1070
1207,PU_R0604,R0604,P349,pickup,HOME_P349,46.00110239229446,4.040311337189592,5,1,740,785
1208,DO_R0604,R0604,P349,dropoff,H2,46.0457,4.0688,5,-1,750,795
1209,PU_R0605,R0605,P350,pickup,HOME_P350,46.031929942279724,4.04417535608881,5,1,465,514
1210,DO_R0605,R0605,P350,dropoff,H1,46.0533,4.0727,5,-1,475,520
1211,PU_R0606,R0606,P350,pickup,H1,46.0533,4.0727,5,1,675,690
1212,DO_R0606,R0606,P350,dropoff,HOME_P350,46.031929942279724,4.04417535608881,5,-1,675,730
1213,PU_R0607,R0607,P351,pickup,HOME_P351,45.99516341228966,4.121747825767188,5,1,475,516
1214,DO_R0607,R0607,P351,dropoff,H1,46.0533,4.0727,5,-1,485,530
1215,PU_R0608,R0608,P351,pickup,H1,46.0533,4.0727,5,1,770,785
1216,DO_R0608,R0608,P351,dropoff,HOME_P351,45.99516341228966,4.121747825767188,5,-1,770,825
1217,PU_R0609,R0609,P352,pickup,HOME_P352,46.05639931557213,4.111396257427187,5,1,730,778
1218,DO_R0609,R0609,P352,dropoff,H2,46.0457,4.0688,5,-1,740,785
1219,PU_R0610,R0610,P353,pickup,HOME_P353,46.10153042677025,4.03114084652624,5,1,500,553
1220,DO_R0610,R0610,P353,dropoff,H1,46.0533,4.0727,5,-1,520,565
1221,PU_R0611,R0611,P353,pickup,H1,46.0533,4.0727,5,1,640,665
1222,DO_R0611,R0611,P353,dropoff,HOME_P353,46.10153042677025,4.03114084652624,5,-1,640,715
1223,PU_R0612,R0612,P354,pickup,HOME_P354,46.01332861689081,4.006187697876624,5,1,480,522
1224,DO_R0612,R0612,P354,dropoff,H1,46.0533,4.0727,5,-1,490,535
1225,PU_R0613,R0613,P354,pickup,H1,46.0533,4.0727,5,1,715,730
1226,DO_R0613,R0613,P354,dropoff,HOME_P354,46.01332861689081,4.006187697876624,5,-1,715,770
1227,PU_R0614,R0614,P355,pickup,HOME_P355,46.10416444469296,4.117407374959146,5,1,775,818
1228,DO_R0614,R0614,P355,dropoff,H1,46.0533,4.0727,5,-1,785,830
1229,PU_R0615,R0615,P356,pickup,HOME_P356,46.07707064182576,4.062839575333828,5,1,475,523
1230,DO_R0615,R0615,P356,dropoff,H2,46.0457,4.0688,5,-1,485,530
1231,PU_R0616,R0616,P356,pickup,H2,46.0457,4.0688,5,1,765,780
1232,DO_R0616,R0616,P356,dropoff,HOME_P356,46.07707064182576,4.062839575333828,5,-1,765,820
1233,PU_R0617,R0617,P357,pickup,HOME_P357,46.041798160194084,4.15168704716619,5,1,480,533
1234,DO_R0617,R0617,P357,dropoff,H2,46.0457,4.0688,5,-1,500,545
1235,PU_R0618,R0618,P357,pickup,H2,46.0457,4.0688,5,1,585,610
1236,DO_R0618,R0618,P357,dropoff,HOME_P357,46.041798160194084,4.15168704716619,5,-1,585,660
1237,PU_R0619,R0619,P358,pickup,HOME_P358,46.08994344285177,3.976689483668802,5,1,655,694
1238,DO_R0619,R0619,P358,dropoff,H1,46.0533,4.0727,5,-1,665,710
1239,PU_R0620,R0620,P358,pickup,H1,46.0533,4.0727,5,1,860,875
1240,DO_R0620,R0620,P358,dropoff,HOME_P358,46.08994344285177,3.976689483668802,5,-1,860,915
1241,PU_R0621,R0621,P359,pickup,HOME_P359,46.03637224986116,4.177683089908232,5,1,480,530
1242,DO_R0621,R0621,P359,dropoff,H1,46.0533,4.0727,5,-1,500,545
1243,PU_R0622,R0622,P359,pickup,H1,46.0533,4.0727,5,1,645,670
1244,DO_R0622,R0622,P359,dropoff,HOME_P359,46.03637224986116,4.177683089908232,5,-1,645,720
1245,PU_R0623,R0623,P360,pickup,HOME_P360,46.06641262202485,4.140228513474138,5,1,885,929
1246,DO_R0623,R0623,P360,dropoff,H2,46.0457,4.0688,5,-1,895,940
1247,PU_R0624,R0624,P361,pickup,HOME_P361,45.99442374277727,4.069028567900758,5,1,725,769
1248,DO_R0624,R0624,P361,dropoff,H2,46.0457,4.0688,5,-1,735,780
1249,PU_R0625,R0625,P361,pickup,H2,46.0457,4.0688,5,1,845,860
1250,DO_R0625,R0625,P361,dropoff,HOME_P361,45.99442374277727,4.069028567900758,5,-1,845,900
1251,PU_R0626,R0626,P362,pickup,HOME_P362,46.048104928030384,4.15669817333287,5,1,770,813
1252,DO_R0626,R0626,P362,dropoff,H3,46.05,4.07,5,-1,780,825
1253,PU_R0627,R0627,P363,pickup,HOME_P363,46.01249259059626,4.11237536727402,5,1,475,520
1254,DO_R0627,R0627,P363,dropoff,H3,46.05,4.07,5,-1,485,530
1255,PU_R0628,R0628,P363,pickup,H3,46.05,4.07,5,1,785,800
1256,DO_R0628,R0628,P363,dropoff,HOME_P363,46.01249259059626,4.11237536727402,5,-1,785,840
1257,PU_R0629,R0629,P364,pickup,HOME_P364,46.097939463144144,4.111976293068746,5,1,765,809
1258,DO_R0629,R0629,P364,dropoff,H1,46.0533,4.0727,5,-1,775,820
1259,PU_R0630,R0630,P365,pickup,HOME_P365,46.139254500083915,4.115981214427185,5,1,605,650
1260,DO_R0630,R0630,P365,dropoff,H2,46.0457,4.0688,5,-1,625,670
1261,PU_R0631,R0631,P365,pickup,H2,46.0457,4.0688,5,1,695,720
1262,DO_R0631,R0631,P365,dropoff,HOME_P365,46.139254500083915,4.115981214427185,5,-1,695,770
1263,PU_R0632,R0632,P366,pickup,HOME_P366,46.00848888495247,4.027482620643713,5,1,970,1014
1264,DO_R0632,R0632,P366,dropoff,H1,46.0533,4.0727,5,-1,980,1025
1265,PU_R0633,R0633,P367,pickup,HOME_P367,46.015401185579144,4.0076836969223,5,1,815,868
1266,DO_R0633,R0633,P367,dropoff,H1,46.0533,4.0727,5,-1,835,880
1267,PU_R0634,R0634,P367,pickup,H1,46.0533,4.0727,5,1,950,975
1268,DO_R0634,R0634,P367,dropoff,HOME_P367,46.015401185579144,4.0076836969223,5,-1,950,1025
1269,PU_R0635,R0635,P368,pickup,HOME_P368,46.02255071284377,4.136933034203241,5,1,425,469
1270,DO_R0635,R0635,P368,dropoff,H1,46.0533,4.0727,5,-1,435,480
1271,PU_R0636,R0636,P368,pickup,H1,46.0533,4.0727,5,1,720,735
1272,DO_R0636,R0636,P368,dropoff,HOME_P368,46.02255071284377,4.136933034203241,5,-1,720,775
1273,PU_R0637,R0637,P369,pickup,HOME_P369,46.00050319458577,4.004282550425947,5,1,760,802
1274,DO_R0637,R0637,P369,dropoff,H2,46.0457,4.0688,5,-1,770,815
1275,PU_R0638,R0638,P370,pickup,HOME_P370,46.11122167048018,4.055826967567461,5,1,485,538
1276,DO_R0638,R0638,P370,dropoff,H1,46.0533,4.0727,5,-1,505,550
1277,PU_R0639,R0639,P370,pickup,H1,46.0533,4.0727,5,1,650,675
1278,DO_R0639,R0639,P370,dropoff,HOME_P370,46.11122167048018,4.055826967567461,5,-1,650,725
1279,PU_R0640,R0640,P371,pickup,HOME_P371,46.0085244114387,4.116783603802212,5,1,955,1009
1280,DO_R0640,R0640,P371,dropoff,H1,46.0533,4.0727,5,-1,975,1020
1281,PU_R0641,R0641,P372,pickup,HOME_P372,46.12952195782236,4.088932449731389,5,1,615,664
1282,DO_R0641,R0641,P372,dropoff,H1,46.0533,4.0727,5,-1,635,680
1283,PU_R0642,R0642,P372,pickup,H1,46.0533,4.0727,5,1,755,780
1284,DO_R0642,R0642,P372,dropoff,HOME_P372,46.12952195782236,4.088932449731389,5,-1,755,830
1285,PU_R0643,R0643,P373,pickup,HOME_P373,46.09915545827645,4.1502167172639455,5,1,450,490
1286,DO_R0643,R0643,P373,dropoff,H1,46.0533,4.0727,5,-1,460,505
1287,PU_R0644,R0644,P373,pickup,H1,46.0533,4.0727,5,1,745,760
1288,DO_R0644,R0644,P373,dropoff,HOME_P373,46.09915545827645,4.1502167172639455,5,-1,745,800
1289,PU_R0645,R0645,P374,pickup,HOME_P374,46.09903143382091,4.183182043100564,5,1,615,652
1290,DO_R0645,R0645,P374,dropoff,H1,46.0533,4.0727,5,-1,625,670
1291,PU_R0646,R0646,P374,pickup,H1,46.0533,4.0727,5,1,825,840
1292,DO_R0646,R0646,P374,dropoff,HOME_P374,46.09903143382091,4.183182043100564,5,-1,825,880
1293,PU_R0647,R0647,P375,pickup,HOME_P375,46.119488220280424,4.026096729704541,5,1,505,554
1294,DO_R0647,R0647,P375,dropoff,H2,46.0457,4.0688,5,-1,525,570
1295,PU_R0648,R0648,P375,pickup,H2,46.0457,4.0688,5,1,605,630
1296,DO_R0648,R0648,P375,dropoff,HOME_P375,46.119488220280424,4.026096729704541,5,-1,605,680
1297,PU_R0649,R0649,P376,pickup,HOME_P376,46.075638053599214,4.0861452346420855,5,1,990,1040
1298,DO_R0649,R0649,P376,dropoff,H1,46.0533,4.0727,5,-1,1000,1045
1299,PU_R0650,R0650,P377,pickup,HOME_P377,46.04802543800827,4.010896011255385,5,1,755,801
1300,DO_R0650,R0650,P377,dropoff,H1,46.0533,4.0727,5,-1,765,810
1301,PU_R0651,R0651,P378,pickup,HOME_P378,46.10027105103992,4.1249193409648,5,1,505,556
1302,DO_R0651,R0651,P378,dropoff,H2,46.0457,4.0688,5,-1,525,570
1303,PU_R0652,R0652,P378,pickup,H2,46.0457,4.0688,5,1,610,635
1304,DO_R0652,R0652,P378,dropoff,HOME_P378,46.10027105103992,4.1249193409648,5,-1,610,685
1305,PU_R0653,R0653,P379,pickup,HOME_P379,46.09746926385901,3.9949822423999373,5,1,630,680
1306,DO_R0653,R0653,P379,dropoff,H2,46.0457,4.0688,5,-1,650,695
1307,PU_R0654,R0654,P379,pickup,H2,46.0457,4.0688,5,1,735,760
1308,DO_R0654,R0654,P379,dropoff,HOME_P379,46.09746926385901,3.9949822423999373,5,-1,735,810
1309,PU_R0655,R0655,P380,pickup,HOME_P380,45.98911777010401,4.150509879738634,5,1,890,929
1310,DO_R0655,R0655,P380,dropoff,H2,46.0457,4.0688,5,-1,900,945
1311,PU_R0656,R0656,P381,pickup,HOME_P381,46.01240207188751,4.209947114257324,5,1,630,674
1312,DO_R0656,R0656,P381,dropoff,H1,46.0533,4.0727,5,-1,650,695
1313,PU_R0657,R0657,P381,pickup,H1,46.0533,4.0727,5,1,815,840
1314,DO_R0657,R0657,P381,dropoff,HOME_P381,46.01240207188751,4.209947114257324,5,-1,815,890
1315,PU_R0658,R0658,P382,pickup,HOME_P382,46.09614953891991,4.11929018019589,5,1,455,509
1316,DO_R0658,R0658,P382,dropoff,H1,46.0533,4.0727,5,-1,475,520
1317,PU_R0659,R0659,P382,pickup,H1,46.0533,4.0727,5,1,595,620
1318,DO_R0659,R0659,P382,dropoff,HOME_P382,46.09614953891991,4.11929018019589,5,-1,595,670
1319,PU_R0660,R0660,P383,pickup,HOME_P383,45.99875295784713,4.250780123446314,5,1,601,653
1320,DO_R0660,R0660,P383,dropoff,H1,46.0533,4.0727,5,-1,635,680
1321,PU_R0661,R0661,P383,pickup,H1,46.0533,4.0727,5,1,700,735
1322,DO_R0661,R0661,P383,dropoff,HOME_P383,45.99875295784713,4.250780123446314,5,-1,700,799
1323,PU_R0662,R0662,P384,pickup,HOME_P384,46.067995096563585,4.142610578554348,5,1,610,664
1324,DO_R0662,R0662,P384,dropoff,H1,46.0533,4.0727,5,-1,630,675
1325,PU_R0663,R0663,P384,pickup,H1,46.0533,4.0727,5,1,775,800
1326,DO_R0663,R0663,P384,dropoff,HOME_P384,46.067995096563585,4.142610578554348,5,-1,775,850
1327,PU_R0664,R0664,P385,pickup,HOME_P385,46.13411093918309,4.111927201546733,5,1,795,843
1328,DO_R0664,R0664,P385,dropoff,H1,46.0533,4.0727,5,-1,815,860
1329,PU_R0665,R0665,P385,pickup,H1,46.0533,4.0727,5,1,950,975
1330,DO_R0665,R0665,P385,dropoff,HOME_P385,46.13411093918309,4.111927201546733,5,-1,950,1025
1331,PU_R0666,R0666,P386,pickup,HOME_P386,46.081658680895806,4.181628477847195,5,1,465,503
1332,DO_R0666,R0666,P386,dropoff,H1,46.0533,4.0727,5,-1,475,520
1333,PU_R0667,R0667,P386,pickup,H1,46.0533,4.0727,5,1,690,705
1334,DO_R0667,R0667,P386,dropoff,HOME_P386,46.081658680895806,4.181628477847195,5,-1,690,745
1335,PU_R0668,R0668,P387,pickup,HOME_P387,46.100430036103646,4.112347584488281,5,1,930,982
1336,DO_R0668,R0668,P387,dropoff,H2,46.0457,4.0688,5,-1,950,995
1337,PU_R0669,R0669,P388,pickup,HOME_P388,46.02690650933673,3.9983440769786194,5,1,460,503
1338,DO_R0669,R0669,P388,dropoff,H1,46.0533,4.0727,5,-1,470,515
1339,PU_R0670,R0670,P388,pickup,H1,46.0533,4.0727,5,1,755,770
1340,DO_R0670,R0670,P388,dropoff,HOME_P388,46.02690650933673,3.9983440769786194,5,-1,755,810
1341,PU_R0671,R0671,P389,pickup,HOME_P389,46.08811177752262,4.001650010839026,5,1,605,648
1342,DO_R0671,R0671,P389,dropoff,H1,46.0533,4.0727,5,-1,615,660
1343,PU_R0672,R0672,P389,pickup,H1,46.0533,4.0727,5,1,815,830
1344,DO_R0672,R0672,P389,dropoff,HOME_P389,46.08811177752262,4.001650010839026,5,-1,815,870
1345,PU_R0673,R0673,P390,pickup,HOME_P390,46.03778771683849,4.044649098789484,5,1,515,575
1346,DO_R0673,R0673,P390,dropoff,H2,46.0457,4.0688,5,-1,535,580
1347,PU_R0674,R0674,P390,pickup,H2,46.0457,4.0688,5,1,620,645
1348,DO_R0674,R0674,P390,dropoff,HOME_P390,46.03778771683849,4.044649098789484,5,-1,620,695
1349,PU_R0675,R0675,P391,pickup,HOME_P391,46.050897755079426,4.013153893858752,5,1,470,517
1350,DO_R0675,R0675,P391,dropoff,H2,46.0457,4.0688,5,-1,480,525
1351,PU_R0676,R0676,P391,pickup,H2,46.0457,4.0688,5,1,745,760
1352,DO_R0676,R0676,P391,dropoff,HOME_P391,46.050897755079426,4.013153893858752,5,-1,745,800
1353,PU_R0677,R0677,P392,pickup,HOME_P392,46.104289781971005,4.01071427591638,5,1,455,506
1354,DO_R0677,R0677,P392,dropoff,H1,46.0533,4.0727,5,-1,475,520
1355,PU_R0678,R0678,P392,pickup,H1,46.0533,4.0727,5,1,595,620
1356,DO_R0678,R0678,P392,dropoff,HOME_P392,46.104289781971005,4.01071427591638,5,-1,595,670
1357,PU_R0679,R0679,P393,pickup,HOME_P393,45.99931152716889,4.013303128748583,5,1,430,471
1358,DO_R0679,R0679,P393,dropoff,H1,46.0533,4.0727,5,-1,440,485
1359,PU_R0680,R0680,P393,pickup,H1,46.0533,4.0727,5,1,725,740
1360,DO_R0680,R0680,P393,dropoff,HOME_P393,45.99931152716889,4.013303128748583,5,-1,725,780
1361,PU_R0681,R0681,P394,pickup,HOME_P394,45.97568935783225,4.091531915628618,5,1,440,480
1362,DO_R0681,R0681,P394,dropoff,H2,46.0457,4.0688,5,-1,450,495
1363,PU_R0682,R0682,P394,pickup,H2,46.0457,4.0688,5,1,800,815
1364,DO_R0682,R0682,P394,dropoff,HOME_P394,45.97568935783225,4.091531915628618,5,-1,800,855
1365,PU_R0683,R0683,P395,pickup,HOME_P395,46.07503144787349,4.122785050857282,5,1,465,511
1366,DO_R0683,R0683,P395,dropoff,H1,46.0533,4.0727,5,-1,475,520
1367,PU_R0684,R0684,P395,pickup,H1,46.0533,4.0727,5,1,760,775
1368,DO_R0684,R0684,P395,dropoff,HOME_P395,46.07503144787349,4.122785050857282,5,-1,760,815
1369,PU_R0685,R0685,P396,pickup,HOME_P396,46.05395433810089,4.1709038729912065,5,1,605,656
1370,DO_R0685,R0685,P396,dropoff,H1,46.0533,4.0727,5,-1,625,670
1371,PU_R0686,R0686,P396,pickup,H1,46.0533,4.0727,5,1,755,780
1372,DO_R0686,R0686,P396,dropoff,HOME_P396,46.05395433810089,4.1709038729912065,5,-1,755,830
1373,PU_R0687,R0687,P397,pickup,HOME_P397,46.0061288547694,4.129212857240076,5,1,425,468
1374,DO_R0687,R0687,P397,dropoff,H2,46.0457,4.0688,5,-1,435,480
1375,PU_R0688,R0688,P397,pickup,H2,46.0457,4.0688,5,1,695,710
1376,DO_R0688,R0688,P397,dropoff,HOME_P397,46.0061288547694,4.129212857240076,5,-1,695,750
1377,PU_R0689,R0689,P398,pickup,HOME_P398,46.07376774831196,4.01451557482119,5,1,760,806
1378,DO_R0689,R0689,P398,dropoff,H1,46.0533,4.0727,5,-1,770,815
1379,PU_R0690,R0690,P399,pickup,HOME_P399,46.084943016038714,4.026223666681768,5,1,590,645
1380,DO_R0690,R0690,P399,dropoff,H2,46.0457,4.0688,5,-1,610,655
1381,PU_R0691,R0691,P399,pickup,H2,46.0457,4.0688,5,1,690,715
1382,DO_R0691,R0691,P399,dropoff,HOME_P399,46.084943016038714,4.026223666681768,5,-1,690,765
1383,PU_R0692,R0692,P400,pickup,HOME_P400,46.025710078698054,4.091256717988572,5,1,475,523
1384,DO_R0692,R0692,P400,dropoff,H1,46.0533,4.0727,5,-1,485,530
1385,PU_R0693,R0693,P400,pickup,H1,46.0533,4.0727,5,1,770,785
1386,DO_R0693,R0693,P400,dropoff,HOME_P400,46.025710078698054,4.091256717988572,5,-1,770,825
1387,PU_R0694,R0694,P401,pickup,HOME_P401,46.10437859139295,4.002477170752262,5,1,625,675
1388,DO_R0694,R0694,P401,dropoff,H1,46.0533,4.0727,5,-1,645,690
1389,PU_R0695,R0695,P401,pickup,H1,46.0533,4.0727,5,1,765,790
1390,DO_R0695,R0695,P401,dropoff,HOME_P401,46.10437859139295,4.002477170752262,5,-1,765,840
1391,PU_R0696,R0696,P402,pickup,HOME_P402,46.012567288020556,4.10703343668254,5,1,600,665
1392,DO_R0696,R0696,P402,dropoff,H1,46.0533,4.0727,5,-1,630,675
1393,PU_R0697,R0697,P402,pickup,H1,46.0533,4.0727,5,1,700,735
1394,DO_R0697,R0697,P402,dropoff,HOME_P402,46.012567288020556,4.10703343668254,5,-1,700,795
1395,PU_R0698,R0698,P403,pickup,HOME_P403,46.12300310229714,4.28308220423151,5,1,497,552
1396,DO_R0698,R0698,P403,dropoff,H1,46.0533,4.0727,5,-1,540,585
1397,PU_R0699,R0699,P404,pickup,HOME_P404,46.006637504216705,4.119287645835889,5,1,425,469
1398,DO_R0699,R0699,P404,dropoff,H2,46.0457,4.0688,5,-1,435,480
1399,PU_R0700,R0700,P404,pickup,H2,46.0457,4.0688,5,1,750,765
1400,DO_R0700,R0700,P404,dropoff,HOME_P404,46.006637504216705,4.119287645835889,5,-1,750,805
1401,PU_R0701,R0701,P405,pickup,HOME_P405,46.00844524860074,3.9848598704156775,5,1,455,496
1402,DO_R0701,R0701,P405,dropoff,H2,46.0457,4.0688,5,-1,465,510
1403,PU_R0702,R0702,P405,pickup,H2,46.0457,4.0688,5,1,775,790
1404,DO_R0702,R0702,P405,dropoff,HOME_P405,46.00844524860074,3.9848598704156775,5,-1,775,830
1405,PU_R0703,R0703,P406,pickup,HOME_P406,46.104893622282596,4.187968509818815,5,1,790,834
1406,DO_R0703,R0703,P406,dropoff,H2,46.0457,4.0688,5,-1,810,855
1407,PU_R0704,R0704,P406,pickup,H2,46.0457,4.0688,5,1,890,915
1408,DO_R0704,R0704,P406,dropoff,HOME_P406,46.104893622282596,4.187968509818815,5,-1,890,965
1409,PU_R0705,R0705,P407,pickup,HOME_P407,46.082342718667206,4.115141131341776,5,1,435,481
1410,DO_R0705,R0705,P407,dropoff,H1,46.0533,4.0727,5,-1,445,490
1411,PU_R0706,R0706,P407,pickup,H1,46.0533,4.0727,5,1,640,655
1412,DO_R0706,R0706,P407,dropoff,HOME_P407,46.082342718667206,4.115141131341776,5,-1,640,695
1413,PU_R0707,R0707,P408,pickup,HOME_P408,45.99235338285907,4.087210755603378,5,1,735,778
1414,DO_R0707,R0707,P408,dropoff,H3,46.05,4.07,5,-1,745,790
1415,PU_R0708,R0708,P409,pickup,HOME_P409,46.07348670888055,3.9493483758589787,5,1,430,467
1416,DO_R0708,R0708,P409,dropoff,H1,46.0533,4.0727,5,-1,440,485
1417,PU_R0709,R0709,P409,pickup,H1,46.0533,4.0727,5,1,650,665
1418,DO_R0709,R0709,P409,dropoff,HOME_P409,46.07348670888055,3.9493483758589787,5,-1,650,705
1419,PU_R0710,R0710,P410,pickup,HOME_P410,46.08277545441284,4.039505783748281,5,1,755,801
1420,DO_R0710,R0710,P410,dropoff,H2,46.0457,4.0688,5,-1,765,810
1421,PU_R0711,R0711,P411,pickup,HOME_P411,46.083672327263855,4.1427832142284355,5,1,740,783
1422,DO_R0711,R0711,P411,dropoff,H1,46.0533,4.0727,5,-1,750,795
1423,PU_R0712,R0712,P412,pickup,HOME_P412,46.05710505496251,4.018267311015031,5,1,645,702
1424,DO_R0712,R0712,P412,dropoff,H1,46.0533,4.0727,5,-1,665,710
1425,PU_R0713,R0713,P412,pickup,H1,46.0533,4.0727,5,1,785,810
1426,DO_R0713,R0713,P412,dropoff,HOME_P412,46.05710505496251,4.018267311015031,5,-1,785,860
1427,PU_R0714,R0714,P413,pickup,HOME_P413,46.07119992676483,3.981882830541206,5,1,460,511
1428,DO_R0714,R0714,P413,dropoff,H2,46.0457,4.0688,5,-1,480,525
1429,PU_R0715,R0715,P413,pickup,H2,46.0457,4.0688,5,1,560,585
1430,DO_R0715,R0715,P413,dropoff,HOME_P413,46.07119992676483,3.981882830541206,5,-1,560,635
1431,PU_R0716,R0716,P414,pickup,HOME_P414,46.0929437388852,4.071870170397708,5,1,425,472
1432,DO_R0716,R0716,P414,dropoff,H1,46.0533,4.0727,5,-1,435,480
1433,PU_R0717,R0717,P414,pickup,H1,46.0533,4.0727,5,1,720,735
1434,DO_R0717,R0717,P414,dropoff,HOME_P414,46.0929437388852,4.071870170397708,5,-1,720,775
1435,PU_R0718,R0718,P415,pickup,HOME_P415,46.05996894528877,4.160353109767,5,1,435,477
1436,DO_R0718,R0718,P415,dropoff,H3,46.05,4.07,5,-1,445,490
1437,PU_R0719,R0719,P415,pickup,H3,46.05,4.07,5,1,730,745
1438,DO_R0719,R0719,P415,dropoff,HOME_P415,46.05996894528877,4.160353109767,5,-1,730,785
1439,PU_R0720,R0720,P416,pickup,HOME_P416,46.052786443523225,4.026495042188627,5,1,775,823
1440,DO_R0720,R0720,P416,dropoff,H1,46.0533,4.0727,5,-1,785,830
1441,PU_R0721,R0721,P417,pickup,HOME_P417,46.05567445662827,4.12575933357667,5,1,480,527
1442,DO_R0721,R0721,P417,dropoff,H1,46.0533,4.0727,5,-1,490,535
1443,PU_R0722,R0722,P417,pickup,H1,46.0533,4.0727,5,1,775,790
1444,DO_R0722,R0722,P417,dropoff,HOME_P417,46.05567445662827,4.12575933357667,5,-1,775,830
1445,PU_R0723,R0723,P418,pickup,HOME_P418,46.09313321746917,4.034650907467904,5,1,480,525
1446,DO_R0723,R0723,P418,dropoff,H1,46.0533,4.0727,5,-1,490,535
1447,PU_R0724,R0724,P418,pickup,H1,46.0533,4.0727,5,1,775,790
1448,DO_R0724,R0724,P418,dropoff,HOME_P418,46.09313321746917,4.034650907467904,5,-1,775,830
1449,PU_R0725,R0725,P419,pickup,HOME_P419,46.101092306886805,4.05195771734535,5,1,455,500
1450,DO_R0725,R0725,P419,dropoff,H1,46.0533,4.0727,5,-1,465,510
1451,PU_R0726,R0726,P419,pickup,H1,46.0533,4.0727,5,1,675,690
1452,DO_R0726,R0726,P419,dropoff,HOME_P419,46.101092306886805,4.05195771734535,5,-1,675,730
1453,PU_R0727,R0727,P420,pickup,HOME_P420,46.07864027576327,4.040113457003715,5,1,740,787
1454,DO_R0727,R0727,P420,dropoff,H2,46.0457,4.0688,5,-1,750,795
1455,PU_R0728,R0728,P421,pickup,HOME_P421,45.97082698733779,4.050500568478979,5,1,565,614
1456,DO_R0728,R0728,P421,dropoff,H2,46.0457,4.0688,5,-1,585,630
1457,PU_R0729,R0729,P421,pickup,H2,46.0457,4.0688,5,1,655,680
1458,DO_R0729,R0729,P421,dropoff,HOME_P421,45.97082698733779,4.050500568478979,5,-1,655,730
1459,PU_R0730,R0730,P422,pickup,HOME_P422,46.071825310864114,4.129669875912779,5,1,610,666
1460,DO_R0730,R0730,P422,dropoff,H1,46.0533,4.0727,5,-1,630,675
1461,PU_R0731,R0731,P422,pickup,H1,46.0533,4.0727,5,1,790,815
1462,DO_R0731,R0731,P422,dropoff,HOME_P422,46.071825310864114,4.129669875912779,5,-1,790,865
1463,PU_R0732,R0732,P423,pickup,HOME_P423,46.130362042908224,4.137944145170589,5,1,645,682
1464,DO_R0732,R0732,P423,dropoff,H1,46.0533,4.0727,5,-1,655,700
1465,PU_R0733,R0733,P423,pickup,H1,46.0533,4.0727,5,1,855,870
1466,DO_R0733,R0733,P423,dropoff,HOME_P423,46.130362042908224,4.137944145170589,5,-1,855,910
1467,PU_R0734,R0734,P424,pickup,HOME_P424,46.08420716813765,4.008625778161635,5,1,465,509
1468,DO_R0734,R0734,P424,dropoff,H3,46.05,4.07,5,-1,475,520
1469,PU_R0735,R0735,P424,pickup,H3,46.05,4.07,5,1,785,800
1470,DO_R0735,R0735,P424,dropoff,HOME_P424,46.08420716813765,4.008625778161635,5,-1,785,840
1471,PU_R0736,R0736,P425,pickup,HOME_P425,46.045051209257394,3.917140087020973,5,1,480,524
1472,DO_R0736,R0736,P425,dropoff,H2,46.0457,4.0688,5,-1,500,545
1473,PU_R0737,R0737,P425,pickup,H2,46.0457,4.0688,5,1,585,610
1474,DO_R0737,R0737,P425,dropoff,HOME_P425,46.045051209257394,3.917140087020973,5,-1,585,660
1475,PU_R0738,R0738,P426,pickup,HOME_P426,46.13867027198464,4.090159576300693,5,1,930,976
1476,DO_R0738,R0738,P426,dropoff,H2,46.0457,4.0688,5,-1,950,995
1477,PU_R0739,R0739,P427,pickup,HOME_P427,46.0273222076401,4.144400679102161,5,1,460,503
1478,DO_R0739,R0739,P427,dropoff,H2,46.0457,4.0688,5,-1,470,515
1479,PU_R0740,R0740,P427,pickup,H2,46.0457,4.0688,5,1,730,745
1480,DO_R0740,R0740,P427,dropoff,HOME_P427,46.0273222076401,4.144400679102161,5,-1,730,785
1481,PU_R0741,R0741,P428,pickup,HOME_P428,46.10733466564701,4.0933759071198095,5,1,475,518
1482,DO_R0741,R0741,P428,dropoff,H1,46.0533,4.0727,5,-1,485,530
1483,PU_R0742,R0742,P428,pickup,H1,46.0533,4.0727,5,1,695,710
1484,DO_R0742,R0742,P428,dropoff,HOME_P428,46.10733466564701,4.0933759071198095,5,-1,695,750
1485,PU_R0743,R0743,P429,pickup,HOME_P429,46.103382789728,3.9515556953137665,5,1,645,690
1486,DO_R0743,R0743,P429,dropoff,H2,46.0457,4.0688,5,-1,665,710
1487,PU_R0744,R0744,P429,pickup,H2,46.0457,4.0688,5,1,735,760
1488,DO_R0744,R0744,P429,dropoff,HOME_P429,46.103382789728,3.9515556953137665,5,-1,735,810
1489,PU_R0745,R0745,P430,pickup,HOME_P430,46.10853655241122,4.054935356206787,5,1,425,467
1490,DO_R0745,R0745,P430,dropoff,H2,46.0457,4.0688,5,-1,435,480
1491,PU_R0746,R0746,P430,pickup,H2,46.0457,4.0688,5,1,690,705
1492,DO_R0746,R0746,P430,dropoff,HOME_P430,46.10853655241122,4.054935356206787,5,-1,690,745
1493,PU_R0747,R0747,P431,pickup,HOME_P431,46.03831935640975,4.102957209300043,5,1,750,800
1494,DO_R0747,R0747,P431,dropoff,H2,46.0457,4.0688,5,-1,760,805
1495,PU_R0748,R0748,P431,pickup,H2,46.0457,4.0688,5,1,935,950
1496,DO_R0748,R0748,P431,dropoff,HOME_P431,46.03831935640975,4.102957209300043,5,-1,935,990
1497,PU_R0749,R0749,P432,pickup,HOME_P432,46.09453178008072,4.127721861410816,5,1,455,498
1498,DO_R0749,R0749,P432,dropoff,H3,46.05,4.07,5,-1,465,510
1499,PU_R0750,R0750,P432,pickup,H3,46.05,4.07,5,1,750,765
1500,DO_R0750,R0750,P432,dropoff,HOME_P432,46.09453178008072,4.127721861410816,5,-1,750,805
1501,PU_R0751,R0751,P433,pickup,HOME_P433,45.99792748139111,4.094247067930719,5,1,835,889
1502,DO_R0751,R0751,P433,dropoff,H2,46.0457,4.0688,5,-1,855,900
1503,PU_R0752,R0752,P433,pickup,H2,46.0457,4.0688,5,1,935,960
1504,DO_R0752,R0752,P433,dropoff,HOME_P433,45.99792748139111,4.094247067930719,5,-1,935,1010
1505,PU_R0753,R0753,P434,pickup,HOME_P434,46.06441659216889,4.086014399368005,5,1,470,520
1506,DO_R0753,R0753,P434,dropoff,H3,46.05,4.07,5,-1,480,525
1507,PU_R0754,R0754,P434,pickup,H3,46.05,4.07,5,1,785,800
1508,DO_R0754,R0754,P434,dropoff,HOME_P434,46.06441659216889,4.086014399368005,5,-1,785,840
1509,PU_R0755,R0755,P435,pickup,HOME_P435,45.946627839706316,4.1948429103554865,5,1,541,592
1510,DO_R0755,R0755,P435,dropoff,H1,46.0533,4.0727,5,-1,575,620
1511,PU_R0756,R0756,P435,pickup,H1,46.0533,4.0727,5,1,640,675
1512,DO_R0756,R0756,P435,dropoff,HOME_P435,45.946627839706316,4.1948429103554865,5,-1,640,739
1513,PU_R0757,R0757,P436,pickup,HOME_P436,46.02131696834308,4.00127506179692,5,1,450,493
1514,DO_R0757,R0757,P436,dropoff,H1,46.0533,4.0727,5,-1,460,505
1515,PU_R0758,R0758,P436,pickup,H1,46.0533,4.0727,5,1,745,760
1516,DO_R0758,R0758,P436,dropoff,HOME_P436,46.02131696834308,4.00127506179692,5,-1,745,800
1517,PU_R0759,R0759,P437,pickup,HOME_P437,46.15760832733825,4.102017813465352,5,1,565,608
1518,DO_R0759,R0759,P437,dropoff,H1,46.0533,4.0727,5,-1,585,630
1519,PU_R0760,R0760,P437,pickup,H1,46.0533,4.0727,5,1,715,740
1520,DO_R0760,R0760,P437,dropoff,HOME_P437,46.15760832733825,4.102017813465352,5,-1,715,790
1521,PU_R0761,R0761,P438,pickup,HOME_P438,46.053603678909816,3.970340289378196,5,1,440,481
1522,DO_R0761,R0761,P438,dropoff,H2,46.0457,4.0688,5,-1,450,495
1523,PU_R0762,R0762,P438,pickup,H2,46.0457,4.0688,5,1,850,865
1524,DO_R0762,R0762,P438,dropoff,HOME_P438,46.053603678909816,3.970340289378196,5,-1,850,905
1525,PU_R0763,R0763,P439,pickup,HOME_P439,46.123780253888164,4.1536056648718835,5,1,625,672
1526,DO_R0763,R0763,P439,dropoff,H1,46.0533,4.0727,5,-1,645,690
1527,PU_R0764,R0764,P440,pickup,HOME_P440,45.99545327588566,4.0843090598355305,5,1,730,773
1528,DO_R0764,R0764,P440,dropoff,H3,46.05,4.07,5,-1,740,785
1529,PU_R0765,R0765,P440,pickup,H3,46.05,4.07,5,1,1020,1035
1530,DO_R0765,R0765,P440,dropoff,HOME_P440,45.99545327588566,4.0843090598355305,5,-1,1020,1075
1531,PU_R0766,R0766,P441,pickup,HOME_P441,46.131793921504716,4.07282028819066,5,1,525,574
1532,DO_R0766,R0766,P441,dropoff,H1,46.0533,4.0727,5,-1,545,590
1533,PU_R0767,R0767,P441,pickup,H1,46.0533,4.0727,5,1,695,720
1534,DO_R0767,R0767,P441,dropoff,HOME_P441,46.131793921504716,4.07282028819066,5,-1,695,770
1535,PU_R0768,R0768,P442,pickup,HOME_P442,46.13866102330525,4.056875920566877,5,1,500,546
1536,DO_R0768,R0768,P442,dropoff,H2,46.0457,4.0688,5,-1,520,565
1537,PU_R0769,R0769,P442,pickup,H2,46.0457,4.0688,5,1,605,630
1538,DO_R0769,R0769,P442,dropoff,HOME_P442,46.13866102330525,4.056875920566877,5,-1,605,680
1539,PU_R0770,R0770,P443,pickup,HOME_P443,46.08678745915907,4.070241530492017,5,1,450,496
1540,DO_R0770,R0770,P443,dropoff,H2,46.0457,4.0688,5,-1,460,505
1541,PU_R0771,R0771,P443,pickup,H2,46.0457,4.0688,5,1,760,775
1542,DO_R0771,R0771,P443,dropoff,HOME_P443,46.08678745915907,4.070241530492017,5,-1,760,815
1543,PU_R0772,R0772,P444,pickup,HOME_P444,46.10957254528624,4.076847745915343,5,1,455,508
1544,DO_R0772,R0772,P444,dropoff,H1,46.0533,4.0727,5,-1,475,520
1545,PU_R0773,R0773,P444,pickup,H1,46.0533,4.0727,5,1,590,615
1546,DO_R0773,R0773,P444,dropoff,HOME_P444,46.10957254528624,4.076847745915343,5,-1,590,665
1547,PU_R0774,R0774,P445,pickup,HOME_P445,46.05985031168331,4.166246391581691,5,1,775,826
1548,DO_R0774,R0774,P445,dropoff,H2,46.0457,4.0688,5,-1,795,840
1549,PU_R0775,R0775,P445,pickup,H2,46.0457,4.0688,5,1,880,905
1550,DO_R0775,R0775,P445,dropoff,HOME_P445,46.05985031168331,4.166246391581691,5,-1,880,955
1551,PU_R0776,R0776,P446,pickup,HOME_P446,46.065423274709026,4.016613357499188,5,1,440,486
1552,DO_R0776,R0776,P446,dropoff,H1,46.0533,4.0727,5,-1,450,495
1553,PU_R0777,R0777,P446,pickup,H1,46.0533,4.0727,5,1,650,665
1554,DO_R0777,R0777,P446,dropoff,HOME_P446,46.065423274709026,4.016613357499188,5,-1,650,705
1555,PU_R0778,R0778,P447,pickup,HOME_P447,46.012357668601915,4.060328878262833,5,1,480,526
1556,DO_R0778,R0778,P447,dropoff,H1,46.0533,4.0727,5,-1,490,535
1557,PU_R0779,R0779,P447,pickup,H1,46.0533,4.0727,5,1,775,790
1558,DO_R0779,R0779,P447,dropoff,HOME_P447,46.012357668601915,4.060328878262833,5,-1,775,830
1559,PU_R0780,R0780,P448,pickup,HOME_P448,46.108400887106846,3.9507730980117675,5,1,840,894
1560,DO_R0780,R0780,P448,dropoff,H1,46.0533,4.0727,5,-1,870,915
1561,PU_R0781,R0781,P448,pickup,H1,46.0533,4.0727,5,1,940,975
1562,DO_R0781,R0781,P448,dropoff,HOME_P448,46.108400887106846,3.9507730980117675,5,-1,940,1035
1563,PU_R0782,R0782,P449,pickup,HOME_P449,46.001385064939726,4.094977351826275,5,1,450,494
1564,DO_R0782,R0782,P449,dropoff,H1,46.0533,4.0727,5,-1,460,505
1565,PU_R0783,R0783,P449,pickup,H1,46.0533,4.0727,5,1,745,760
1566,DO_R0783,R0783,P449,dropoff,HOME_P449,46.001385064939726,4.094977351826275,5,-1,745,800
1567,PU_R0784,R0784,P450,pickup,HOME_P450,46.163049949714,3.965402040325392,5,1,972,1023
1568,DO_R0784,R0784,P450,dropoff,H1,46.0533,4.0727,5,-1,1005,1050
1569,PU_R0785,R0785,P451,pickup,HOME_P451,46.06045861650182,3.9189678000900816,5,1,800,843
1570,DO_R0785,R0785,P451,dropoff,H1,46.0533,4.0727,5,-1,820,865
1571,PU_R0786,R0786,P451,pickup,H1,46.0533,4.0727,5,1,980,1005
1572,DO_R0786,R0786,P451,dropoff,HOME_P451,46.06045861650182,3.9189678000900816,5,-1,980,1055
1573,PU_R0787,R0787,P452,pickup,HOME_P452,46.08169156707418,4.1208496418434395,5,1,1000,1054
1574,DO_R0787,R0787,P452,dropoff,H2,46.0457,4.0688,5,-1,1020,1065
1575,PU_R0788,R0788,P453,pickup,HOME_P453,46.02036400177889,4.1424954292663845,5,1,900,953
1576,DO_R0788,R0788,P453,dropoff,H1,46.0533,4.0727,5,-1,920,965
1577,PU_R0789,R0789,P454,pickup,HOME_P454,45.98986570281052,4.080355494822161,5,1,660,702
1578,DO_R0789,R0789,P454,dropoff,H1,46.0533,4.0727,5,-1,670,715
1579,PU_R0790,R0790,P454,pickup,H1,46.0533,4.0727,5,1,870,885
1580,DO_R0790,R0790,P454,dropoff,HOME_P454,45.98986570281052,4.080355494822161,5,-1,870,925
1581,PU_R0791,R0791,P455,pickup,HOME_P455,46.033827337221226,3.925132608916896,5,1,445,490
1582,DO_R0791,R0791,P455,dropoff,H2,46.0457,4.0688,5,-1,465,510
1583,PU_R0792,R0792,P455,pickup,H2,46.0457,4.0688,5,1,545,570
1584,DO_R0792,R0792,P455,dropoff,HOME_P455,46.033827337221226,3.925132608916896,5,-1,545,620
1585,PU_R0793,R0793,P456,pickup,HOME_P456,46.09184877262839,4.0828577169067835,5,1,760,807
1586,DO_R0793,R0793,P456,dropoff,H1,46.0533,4.0727,5,-1,770,815
1587,PU_R0794,R0794,P457,pickup,HOME_P457,46.04969838271625,3.9737604622410063,5,1,775,816
1588,DO_R0794,R0794,P457,dropoff,H1,46.0533,4.0727,5,-1,785,830
1589,PU_R0795,R0795,P458,pickup,HOME_P458,46.019996904309565,3.982779982105349,5,1,780,820
1590,DO_R0795,R0795,P458,dropoff,H1,46.0533,4.0727,5,-1,790,835
1591,PU_R0796,R0796,P459,pickup,HOME_P459,46.041750359267205,3.990859160245361,5,1,425,468
1592,DO_R0796,R0796,P459,dropoff,H1,46.0533,4.0727,5,-1,435,480
1593,PU_R0797,R0797,P459,pickup,H1,46.0533,4.0727,5,1,720,735
1594,DO_R0797,R0797,P459,dropoff,HOME_P459,46.041750359267205,3.990859160245361,5,-1,720,775
1595,PU_R0798,R0798,P460,pickup,HOME_P460,46.02983156793499,4.22025893640474,5,1,730,784
1596,DO_R0798,R0798,P460,dropoff,H1,46.0533,4.0727,5,-1,760,805
1597,PU_R0799,R0799,P460,pickup,H1,46.0533,4.0727,5,1,830,865
1598,DO_R0799,R0799,P460,dropoff,HOME_P460,46.02983156793499,4.22025893640474,5,-1,830,925
1599,PU_R0800,R0800,P461,pickup,HOME_P461,46.075684618863946,3.9823865641218896,5,1,995,1036
1600,DO_R0800,R0800,P461,dropoff,H3,46.05,4.07,5,-1,1005,1050
1601,PU_R0801,R0801,P462,pickup,HOME_P462,46.0119155152872,3.9659823768610387,5,1,530,578
1602,DO_R0801,R0801,P462,dropoff,H1,46.0533,4.0727,5,-1,550,595
1603,PU_R0802,R0802,P462,pickup,H1,46.0533,4.0727,5,1,655,680
1604,DO_R0802,R0802,P462,dropoff,HOME_P462,46.0119155152872,3.9659823768610387,5,-1,655,730
1605,PU_R0803,R0803,P463,pickup,HOME_P463,46.13730603596011,4.03093122852105,5,1,605,651
1606,DO_R0803,R0803,P463,dropoff,H2,46.0457,4.0688,5,-1,625,670
1607,PU_R0804,R0804,P463,pickup,H2,46.0457,4.0688,5,1,705,730
1608,DO_R0804,R0804,P463,dropoff,HOME_P463,46.13730603596011,4.03093122852105,5,-1,705,780
1609,PU_R0805,R0805,P464,pickup,HOME_P464,46.05460856478714,4.152590893062936,5,1,730,773
1610,DO_R0805,R0805,P464,dropoff,H3,46.05,4.07,5,-1,740,785
1611,PU_R0806,R0806,P464,pickup,H3,46.05,4.07,5,1,1020,1035
1612,DO_R0806,R0806,P464,dropoff,HOME_P464,46.05460856478714,4.152590893062936,5,-1,1020,1075
1613,PU_R0807,R0807,P465,pickup,HOME_P465,45.98227248066547,4.1264748580229496,5,1,815,864
1614,DO_R0807,R0807,P465,dropoff,H1,46.0533,4.0727,5,-1,835,880
1615,PU_R0808,R0808,P465,pickup,H1,46.0533,4.0727,5,1,955,980
1616,DO_R0808,R0808,P465,dropoff,HOME_P465,45.98227248066547,4.1264748580229496,5,-1,955,1030
1617,PU_R0809,R0809,P466,pickup,HOME_P466,46.033143590373804,4.0789368545313875,5,1,505,565
1618,DO_R0809,R0809,P466,dropoff,H1,46.0533,4.0727,5,-1,525,570
1619,PU_R0810,R0810,P466,pickup,H1,46.0533,4.0727,5,1,690,715
1620,DO_R0810,R0810,P466,dropoff,HOME_P466,46.033143590373804,4.0789368545313875,5,-1,690,765
1621,PU_R0811,R0811,P467,pickup,HOME_P467,46.04054943166187,4.084258201192345,5,1,750,800
1622,DO_R0811,R0811,P467,dropoff,H3,46.05,4.07,5,-1,760,805
1623,PU_R0812,R0812,P467,pickup,H3,46.05,4.07,5,1,1025,1040
1624,DO_R0812,R0812,P467,dropoff,HOME_P467,46.04054943166187,4.084258201192345,5,-1,1025,1080
1625,PU_R0813,R0813,P468,pickup,HOME_P468,46.030290359379876,4.026864644404599,5,1,460,507
1626,DO_R0813,R0813,P468,dropoff,H1,46.0533,4.0727,5,-1,470,515
1627,PU_R0814,R0814,P468,pickup,H1,46.0533,4.0727,5,1,755,770
1628,DO_R0814,R0814,P468,dropoff,HOME_P468,46.030290359379876,4.026864644404599,5,-1,755,810
1629,PU_R0815,R0815,P469,pickup,HOME_P469,46.113526494798265,4.074741632467065,5,1,455,498
1630,DO_R0815,R0815,P469,dropoff,H1,46.0533,4.0727,5,-1,465,510
1631,PU_R0816,R0816,P469,pickup,H1,46.0533,4.0727,5,1,750,765
1632,DO_R0816,R0816,P469,dropoff,HOME_P469,46.113526494798265,4.074741632467065,5,-1,750,805
1633,PU_R0817,R0817,P470,pickup,HOME_P470,46.10833357257277,4.059180487030713,5,1,755,798
1634,DO_R0817,R0817,P470,dropoff,H1,46.0533,4.0727,5,-1,765,810
1635,PU_R0818,R0818,P471,pickup,HOME_P471,46.02709747677438,4.01337131567175,5,1,855,911
1636,DO_R0818,R0818,P471,dropoff,H2,46.0457,4.0688,5,-1,875,920
1637,PU_R0819,R0819,P471,pickup,H2,46.0457,4.0688,5,1,950,975
1638,DO_R0819,R0819,P471,dropoff,HOME_P471,46.02709747677438,4.01337131567175,5,-1,950,1025
1639,PU_R0820,R0820,P472,pickup,HOME_P472,46.00919759904752,4.046891859592738,5,1,725,770
1640,DO_R0820,R0820,P472,dropoff,H1,46.0533,4.0727,5,-1,735,780
1641,PU_R0821,R0821,P472,pickup,H1,46.0533,4.0727,5,1,1020,1035
1642,DO_R0821,R0821,P472,dropoff,HOME_P472,46.00919759904752,4.046891859592738,5,-1,1020,1075
1643,PU_R0822,R0822,P473,pickup,HOME_P473,45.99898283642285,4.111698757638527,5,1,745,787
1644,DO_R0822,R0822,P473,dropoff,H1,46.0533,4.0727,5,-1,755,800
1645,PU_R0823,R0823,P474,pickup,HOME_P474,45.995781994872836,4.1654296455304065,5,1,470,507
1646,DO_R0823,R0823,P474,dropoff,H1,46.0533,4.0727,5,-1,480,525
1647,PU_R0824,R0824,P474,pickup,H1,46.0533,4.0727,5,1,675,690
1648,DO_R0824,R0824,P474,dropoff,HOME_P474,45.995781994872836,4.1654296455304065,5,-1,675,730
1649,PU_R0825,R0825,P475,pickup,HOME_P475,46.06133292943855,3.9361536620798327,5,1,620,666
1650,DO_R0825,R0825,P475,dropoff,H2,46.0457,4.0688,5,-1,640,685
1651,PU_R0826,R0826,P475,pickup,H2,46.0457,4.0688,5,1,715,740
1652,DO_R0826,R0826,P475,dropoff,HOME_P475,46.06133292943855,3.9361536620798327,5,-1,715,790
1653,PU_R0827,R0827,P476,pickup,HOME_P476,46.038114816553815,4.081023430165245,5,1,745,795
1654,DO_R0827,R0827,P476,dropoff,H3,46.05,4.07,5,-1,755,800
1655,PU_R0828,R0828,P477,pickup,HOME_P477,46.1105391375605,4.037621549381731,5,1,895,947
1656,DO_R0828,R0828,P477,dropoff,H1,46.0533,4.0727,5,-1,915,960
1657,PU_R0829,R0829,P478,pickup,HOME_P478,45.98389838648107,4.053111737489968,5,1,435,477
1658,DO_R0829,R0829,P478,dropoff,H2,46.0457,4.0688,5,-1,445,490
1659,PU_R0830,R0830,P478,pickup,H2,46.0457,4.0688,5,1,700,715
1660,DO_R0830,R0830,P478,dropoff,HOME_P478,45.98389838648107,4.053111737489968,5,-1,700,755
1661,PU_R0831,R0831,P479,pickup,HOME_P479,45.950864936552335,4.062357149932476,5,1,475,519
1662,DO_R0831,R0831,P479,dropoff,H1,46.0533,4.0727,5,-1,495,540
1663,PU_R0832,R0832,P479,pickup,H1,46.0533,4.0727,5,1,620,645
1664,DO_R0832,R0832,P479,dropoff,HOME_P479,45.950864936552335,4.062357149932476,5,-1,620,695
1665,PU_R0833,R0833,P480,pickup,HOME_P480,45.98072581747467,3.9576797976582494,5,1,495,538
1666,DO_R0833,R0833,P480,dropoff,H1,46.0533,4.0727,5,-1,515,560
1667,PU_R0834,R0834,P480,pickup,H1,46.0533,4.0727,5,1,675,700
1668,DO_R0834,R0834,P480,dropoff,HOME_P480,45.98072581747467,3.9576797976582494,5,-1,675,750
1669,PU_R0835,R0835,P481,pickup,HOME_P481,46.089632914288444,4.0727910381065,5,1,790,837
1670,DO_R0835,R0835,P481,dropoff,H1,46.0533,4.0727,5,-1,800,845
1671,PU_R0836,R0836,P481,pickup,H1,46.0533,4.0727,5,1,1010,1025
1672,DO_R0836,R0836,P481,dropoff,HOME_P481,46.089632914288444,4.0727910381065,5,-1,1010,1065
1673,PU_R0837,R0837,P482,pickup,HOME_P482,46.028272099996045,4.039089712330716,5,1,475,523
1674,DO_R0837,R0837,P482,dropoff,H3,46.05,4.07,5,-1,485,530
1675,PU_R0838,R0838,P482,pickup,H3,46.05,4.07,5,1,755,770
1676,DO_R0838,R0838,P482,dropoff,HOME_P482,46.028272099996045,4.039089712330716,5,-1,755,810
1677,PU_R0839,R0839,P483,pickup,HOME_P483,46.13832000848124,4.054967086920341,5,1,645,682
1678,DO_R0839,R0839,P483,dropoff,H1,46.0533,4.0727,5,-1,655,700
1679,PU_R0840,R0840,P483,pickup,H1,46.0533,4.0727,5,1,865,880
1680,DO_R0840,R0840,P483,dropoff,HOME_P483,46.13832000848124,4.054967086920341,5,-1,865,920
1681,PU_R0841,R0841,P484,pickup,HOME_P484,46.08099601545826,4.139621932818714,5,1,440,484
1682,DO_R0841,R0841,P484,dropoff,H1,46.0533,4.0727,5,-1,450,495
1683,PU_R0842,R0842,P484,pickup,H1,46.0533,4.0727,5,1,675,690
1684,DO_R0842,R0842,P484,dropoff,HOME_P484,46.08099601545826,4.139621932818714,5,-1,675,730
1685,PU_R0843,R0843,P485,pickup,HOME_P485,46.000028138691874,3.985957678265748,5,1,465,514
1686,DO_R0843,R0843,P485,dropoff,H1,46.0533,4.0727,5,-1,485,530
1687,PU_R0844,R0844,P485,pickup,H1,46.0533,4.0727,5,1,600,625
1688,DO_R0844,R0844,P485,dropoff,HOME_P485,46.000028138691874,3.985957678265748,5,-1,600,675
1689,PU_R0845,R0845,P486,pickup,HOME_P486,46.06578894741459,4.058879555908478,5,1,770,820
1690,DO_R0845,R0845,P486,dropoff,H3,46.05,4.07,5,-1,780,825
1691,PU_R0846,R0846,P487,pickup,HOME_P487,45.969163160779445,4.153308723371246,5,1,805,849
1692,DO_R0846,R0846,P487,dropoff,H1,46.0533,4.0727,5,-1,825,870
1693,PU_R0847,R0847,P487,pickup,H1,46.0533,4.0727,5,1,965,990
1694,DO_R0847,R0847,P487,dropoff,HOME_P487,45.969163160779445,4.153308723371246,5,-1,965,1040
1695,PU_R0848,R0848,P488,pickup,HOME_P488,45.98989842387945,4.195052181731402,5,1,485,529
1696,DO_R0848,R0848,P488,dropoff,H2,46.0457,4.0688,5,-1,505,550
1697,PU_R0849,R0849,P488,pickup,H2,46.0457,4.0688,5,1,575,600
1698,DO_R0849,R0849,P488,dropoff,HOME_P488,45.98989842387945,4.195052181731402,5,-1,575,650
1699,PU_R0850,R0850,P489,pickup,HOME_P489,46.01987530354996,4.004052750242472,5,1,780,824
1700,DO_R0850,R0850,P489,dropoff,H2,46.0457,4.0688,5,-1,790,835
1701,PU_R0851,R0851,P490,pickup,HOME_P490,46.04943125275571,4.1224019721374825,5,1,1000,1048
1702,DO_R0851,R0851,P490,dropoff,H1,46.0533,4.0727,5,-1,1010,1055
1703,PU_R0852,R0852,P491,pickup,HOME_P491,46.11555521730352,4.018653149480304,5,1,655,695
1704,DO_R0852,R0852,P491,dropoff,H1,46.0533,4.0727,5,-1,665,710
1705,PU_R0853,R0853,P491,pickup,H1,46.0533,4.0727,5,1,870,885
1706,DO_R0853,R0853,P491,dropoff,HOME_P491,46.11555521730352,4.018653149480304,5,-1,870,925
1707,PU_R0854,R0854,P492,pickup,HOME_P492,46.08771338411704,3.9636357965655007,5,1,805,853
1708,DO_R0854,R0854,P492,dropoff,H1,46.0533,4.0727,5,-1,825,870
1709,PU_R0855,R0855,P492,pickup,H1,46.0533,4.0727,5,1,975,1000
1710,DO_R0855,R0855,P492,dropoff,HOME_P492,46.08771338411704,3.9636357965655007,5,-1,975,1050
1711,PU_R0856,R0856,P493,pickup,HOME_P493,46.11676819459607,4.2233375174662,5,1,685,735
1712,DO_R0856,R0856,P493,dropoff,H1,46.0533,4.0727,5,-1,715,760
1713,PU_R0857,R0857,P493,pickup,H1,46.0533,4.0727,5,1,790,825
1714,DO_R0857,R0857,P493,dropoff,HOME_P493,46.11676819459607,4.2233375174662,5,-1,790,885
1715,PU_R0858,R0858,P494,pickup,HOME_P494,46.05674756528893,4.054631084731072,5,1,450,500
1716,DO_R0858,R0858,P494,dropoff,H2,46.0457,4.0688,5,-1,460,505
1717,PU_R0859,R0859,P494,pickup,H2,46.0457,4.0688,5,1,785,800
1718,DO_R0859,R0859,P494,dropoff,HOME_P494,46.05674756528893,4.054631084731072,5,-1,785,840
1719,PU_R0860,R0860,P495,pickup,HOME_P495,45.994103429196706,4.163578078419452,5,1,470,507
1720,DO_R0860,R0860,P495,dropoff,H1,46.0533,4.0727,5,-1,480,525
1721,PU_R0861,R0861,P495,pickup,H1,46.0533,4.0727,5,1,685,700
1722,DO_R0861,R0861,P495,dropoff,HOME_P495,45.994103429196706,4.163578078419452,5,-1,685,740
1723,PU_R0862,R0862,P496,pickup,HOME_P496,46.06025083228758,4.031244723568772,5,1,755,804
1724,DO_R0862,R0862,P496,dropoff,H3,46.05,4.07,5,-1,765,810
1725,PU_R0863,R0863,P497,pickup,HOME_P497,46.024624829699775,4.020564016438845,5,1,995,1040
1726,DO_R0863,R0863,P497,dropoff,H1,46.0533,4.0727,5,-1,1005,1050
1727,PU_R0864,R0864,P498,pickup,HOME_P498,46.05841571928846,4.07350858073546,5,1,465,535
1728,DO_R0864,R0864,P498,dropoff,H1,46.0533,4.0727,5,-1,495,540
1729,PU_R0865,R0865,P498,pickup,H1,46.0533,4.0727,5,1,570,605
1730,DO_R0865,R0865,P498,dropoff,HOME_P498,46.05841571928846,4.07350858073546,5,-1,570,665
1731,PU_R0866,R0866,P499,pickup,HOME_P499,46.025854347681815,4.0395250634216,5,1,775,822
1732,DO_R0866,R0866,P499,dropoff,H1,46.0533,4.0727,5,-1,785,830
1733,PU_R0867,R0867,P500,pickup,HOME_P500,45.9884260584072,4.1009594762482555,5,1,530,581
1734,DO_R0867,R0867,P500,dropoff,H1,46.0533,4.0727,5,-1,550,595
1735,PU_R0868,R0868,P500,pickup,H1,46.0533,4.0727,5,1,675,700
1736,DO_R0868,R0868,P500,dropoff,HOME_P500,45.9884260584072,4.1009594762482555,5,-1,675,750
1737,PU_R0869,R0869,P501,pickup,HOME_P501,46.025784022103196,4.1357952242882705,5,1,425,469
1738,DO_R0869,R0869,P501,dropoff,H2,46.0457,4.0688,5,-1,435,480
1739,PU_R0870,R0870,P501,pickup,H2,46.0457,4.0688,5,1,695,710
1740,DO_R0870,R0870,P501,dropoff,HOME_P501,46.025784022103196,4.1357952242882705,5,-1,695,750
1741,PU_R0871,R0871,P502,pickup,HOME_P502,46.02658685586801,4.16159677086306,5,1,455,496
1742,DO_R0871,R0871,P502,dropoff,H1,46.0533,4.0727,5,-1,465,510
1743,PU_R0872,R0872,P502,pickup,H1,46.0533,4.0727,5,1,750,765
1744,DO_R0872,R0872,P502,dropoff,HOME_P502,46.02658685586801,4.16159677086306,5,-1,750,805
1745,PU_R0873,R0873,P503,pickup,HOME_P503,45.987322421203366,4.093992685880309,5,1,440,482
1746,DO_R0873,R0873,P503,dropoff,H2,46.0457,4.0688,5,-1,450,495
1747,PU_R0874,R0874,P503,pickup,H2,46.0457,4.0688,5,1,725,740
1748,DO_R0874,R0874,P503,dropoff,HOME_P503,45.987322421203366,4.093992685880309,5,-1,725,780
1749,PU_R0875,R0875,P504,pickup,HOME_P504,45.994962335697736,4.069873037472203,5,1,740,783
1750,DO_R0875,R0875,P504,dropoff,H1,46.0533,4.0727,5,-1,750,795
1751,PU_R0876,R0876,P505,pickup,HOME_P505,46.02559910588049,4.153399456400195,5,1,1000,1042
1752,DO_R0876,R0876,P505,dropoff,H1,46.0533,4.0727,5,-1,1010,1055
1753,PU_R0877,R0877,P506,pickup,HOME_P506,46.10520290691408,4.069882591804761,5,1,465,509
1754,DO_R0877,R0877,P506,dropoff,H1,46.0533,4.0727,5,-1,475,520
1755,PU_R0878,R0878,P506,pickup,H1,46.0533,4.0727,5,1,760,775
1756,DO_R0878,R0878,P506,dropoff,HOME_P506,46.10520290691408,4.069882591804761,5,-1,760,815
1757,PU_R0879,R0879,P507,pickup,HOME_P507,46.02527511589281,4.08227991881162,5,1,460,509
1758,DO_R0879,R0879,P507,dropoff,H1,46.0533,4.0727,5,-1,470,515
1759,PU_R0880,R0880,P507,pickup,H1,46.0533,4.0727,5,1,755,770
1760,DO_R0880,R0880,P507,dropoff,HOME_P507,46.02527511589281,4.08227991881162,5,-1,755,810
1761,PU_R0881,R0881,P508,pickup,HOME_P508,46.01442696866543,4.114528047121233,5,1,425,470
1762,DO_R0881,R0881,P508,dropoff,H3,46.05,4.07,5,-1,435,480
1763,PU_R0882,R0882,P508,pickup,H3,46.05,4.07,5,1,745,760
1764,DO_R0882,R0882,P508,dropoff,HOME_P508,46.01442696866543,4.114528047121233,5,-1,745,800
1765,PU_R0883,R0883,P509,pickup,HOME_P509,46.0302903980185,4.031888685886458,5,1,780,827
1766,DO_R0883,R0883,P509,dropoff,H1,46.0533,4.0727,5,-1,790,835
1767,PU_R0884,R0884,P510,pickup,HOME_P510,46.03543967634029,4.158807936693075,5,1,495,557
1768,DO_R0884,R0884,P510,dropoff,H1,46.0533,4.0727,5,-1,525,570
1769,PU_R0885,R0885,P510,pickup,H1,46.0533,4.0727,5,1,590,625
1770,DO_R0885,R0885,P510,dropoff,HOME_P510,46.03543967634029,4.158807936693075,5,-1,590,685
1771,PU_R0886,R0886,P511,pickup,HOME_P511,46.09031170767261,4.051422636527787,5,1,770,815
1772,DO_R0886,R0886,P511,dropoff,H2,46.0457,4.0688,5,-1,780,825
1773,PU_R0887,R0887,P512,pickup,HOME_P512,45.98698681111122,4.103112700002041,5,1,795,836
1774,DO_R0887,R0887,P512,dropoff,H1,46.0533,4.0727,5,-1,805,850
1775,PU_R0888,R0888,P512,pickup,H1,46.0533,4.0727,5,1,1015,1030
1776,DO_R0888,R0888,P512,dropoff,HOME_P512,45.98698681111122,4.103112700002041,5,-1,1015,1070
1777,PU_R0889,R0889,P513,pickup,HOME_P513,45.98644152539005,4.077462108632486,5,1,435,477
1778,DO_R0889,R0889,P513,dropoff,H3,46.05,4.07,5,-1,445,490
1779,PU_R0890,R0890,P513,pickup,H3,46.05,4.07,5,1,755,770
1780,DO_R0890,R0890,P513,dropoff,HOME_P513,45.98644152539005,4.077462108632486,5,-1,755,810
1781,PU_R0891,R0891,P514,pickup,HOME_P514,46.04838299927791,3.962833159930579,5,1,510,559
1782,DO_R0891,R0891,P514,dropoff,H1,46.0533,4.0727,5,-1,530,575
1783,PU_R0892,R0892,P514,pickup,H1,46.0533,4.0727,5,1,680,705
1784,DO_R0892,R0892,P514,dropoff,HOME_P514,46.04838299927791,3.962833159930579,5,-1,680,755
1785,PU_R0893,R0893,P515,pickup,HOME_P515,46.02174887031436,4.058790476385721,5,1,770,818
1786,DO_R0893,R0893,P515,dropoff,H1,46.0533,4.0727,5,-1,780,825
1787,PU_R0894,R0894,P516,pickup,HOME_P516,46.062695790623536,4.078424039585619,5,1,600,660
1788,DO_R0894,R0894,P516,dropoff,H1,46.0533,4.0727,5,-1,620,665
1789,PU_R0895,R0895,P516,pickup,H1,46.0533,4.0727,5,1,730,755
1790,DO_R0895,R0895,P516,dropoff,HOME_P516,46.062695790623536,4.078424039585619,5,-1,730,805
1791,PU_R0896,R0896,P517,pickup,HOME_P517,46.05437107980694,4.020147887656575,5,1,430,478
1792,DO_R0896,R0896,P517,dropoff,H2,46.0457,4.0688,5,-1,440,485
1793,PU_R0897,R0897,P517,pickup,H2,46.0457,4.0688,5,1,730,745
1794,DO_R0897,R0897,P517,dropoff,HOME_P517,46.05437107980694,4.020147887656575,5,-1,730,785
1795,PU_R0898,R0898,P518,pickup,HOME_P518,46.05851366162217,4.155331959226232,5,1,480,523
1796,DO_R0898,R0898,P518,dropoff,H1,46.0533,4.0727,5,-1,490,535
1797,PU_R0899,R0899,P518,pickup,H1,46.0533,4.0727,5,1,775,790
1798,DO_R0899,R0899,P518,dropoff,HOME_P518,46.05851366162217,4.155331959226232,5,-1,775,830
1799,PU_R0900,R0900,P519,pickup,HOME_P519,45.998061686170445,4.131837203771309,5,1,515,566
1800,DO_R0900,R0900,P519,dropoff,H1,46.0533,4.0727,5,-1,535,580
1801,PU_R0901,R0901,P519,pickup,H1,46.0533,4.0727,5,1,655,680
1802,DO_R0901,R0901,P519,dropoff,HOME_P519,45.998061686170445,4.131837203771309,5,-1,655,730
1803,PU_R0902,R0902,P520,pickup,HOME_P520,45.97461581413539,4.144984917573015,5,1,615,661
1804,DO_R0902,R0902,P520,dropoff,H1,46.0533,4.0727,5,-1,635,680
1805,PU_R0903,R0903,P520,pickup,H1,46.0533,4.0727,5,1,800,825
1806,DO_R0903,R0903,P520,dropoff,HOME_P520,45.97461581413539,4.144984917573015,5,-1,800,875
1807,PU_R0904,R0904,P521,pickup,HOME_P521,46.004055060290106,3.9483071470988125,5,1,795,841
1808,DO_R0904,R0904,P521,dropoff,H2,46.0457,4.0688,5,-1,815,860
1809,PU_R0905,R0905,P521,pickup,H2,46.0457,4.0688,5,1,885,910
1810,DO_R0905,R0905,P521,dropoff,HOME_P521,46.004055060290106,3.9483071470988125,5,-1,885,960
1811,PU_R0906,R0906,P522,pickup,HOME_P522,46.106361427031295,4.056927316344311,5,1,580,634
1812,DO_R0906,R0906,P522,dropoff,H1,46.0533,4.0727,5,-1,600,645
1813,PU_R0907,R0907,P522,pickup,H1,46.0533,4.0727,5,1,705,730
1814,DO_R0907,R0907,P522,dropoff,HOME_P522,46.106361427031295,4.056927316344311,5,-1,705,780
1815,PU_R0908,R0908,P523,pickup,HOME_P523,46.065813921124864,3.9861681798764375,5,1,780,823
1816,DO_R0908,R0908,P523,dropoff,H3,46.05,4.07,5,-1,790,835
1817,PU_R0909,R0909,P524,pickup,HOME_P524,46.046282122317066,4.138015740829819,5,1,740,785
1818,DO_R0909,R0909,P524,dropoff,H2,46.0457,4.0688,5,-1,750,795
1819,PU_R0910,R0910,P525,pickup,HOME_P525,46.04711512137941,4.0192875136837145,5,1,760,808
1820,DO_R0910,R0910,P525,dropoff,H2,46.0457,4.0688,5,-1,770,815
1821,PU_R0911,R0911,P526,pickup,HOME_P526,45.97847854291056,4.12806751932656,5,1,980,1029
1822,DO_R0911,R0911,P526,dropoff,H2,46.0457,4.0688,5,-1,1000,1045
1823,PU_R0912,R0912,P527,pickup,HOME_P527,46.11364298575649,3.9925568102714966,5,1,440,478
1824,DO_R0912,R0912,P527,dropoff,H1,46.0533,4.0727,5,-1,450,495
1825,PU_R0913,R0913,P527,pickup,H1,46.0533,4.0727,5,1,670,685
1826,DO_R0913,R0913,P527,dropoff,HOME_P527,46.11364298575649,3.9925568102714966,5,-1,670,725
1827,PU_R0914,R0914,P528,pickup,HOME_P528,46.09022840171341,4.120137572353306,5,1,460,505
1828,DO_R0914,R0914,P528,dropoff,H1,46.0533,4.0727,5,-1,470,515
1829,PU_R0915,R0915,P528,pickup,H1,46.0533,4.0727,5,1,690,705
1830,DO_R0915,R0915,P528,dropoff,HOME_P528,46.09022840171341,4.120137572353306,5,-1,690,745
1831,PU_R0916,R0916,P529,pickup,HOME_P529,46.027024368127776,4.131491075241985,5,1,465,510
1832,DO_R0916,R0916,P529,dropoff,H2,46.0457,4.0688,5,-1,475,520
1833,PU_R0917,R0917,P529,pickup,H2,46.0457,4.0688,5,1,775,790
1834,DO_R0917,R0917,P529,dropoff,HOME_P529,46.027024368127776,4.131491075241985,5,-1,775,830
1835,PU_R0918,R0918,P530,pickup,HOME_P530,46.062008821756095,4.092886703469544,5,1,775,825
1836,DO_R0918,R0918,P530,dropoff,H2,46.0457,4.0688,5,-1,785,830
1837,PU_R0919,R0919,P531,pickup,HOME_P531,46.05970745559226,4.067210521180812,5,1,460,510
1838,DO_R0919,R0919,P531,dropoff,H2,46.0457,4.0688,5,-1,470,515
1839,PU_R0920,R0920,P531,pickup,H2,46.0457,4.0688,5,1,585,600
1840,DO_R0920,R0920,P531,dropoff,HOME_P531,46.05970745559226,4.067210521180812,5,-1,585,640
1841,PU_R0921,R0921,P532,pickup,HOME_P532,45.995664691500025,3.978659119094269,5,1,825,882
1842,DO_R0921,R0921,P532,dropoff,H1,46.0533,4.0727,5,-1,855,900
1843,PU_R0922,R0922,P532,pickup,H1,46.0533,4.0727,5,1,930,965
1844,DO_R0922,R0922,P532,dropoff,HOME_P532,45.995664691500025,3.978659119094269,5,-1,930,1025
1845,PU_R0923,R0923,P533,pickup,HOME_P533,46.036151650305854,4.113172882643392,5,1,590,648
1846,DO_R0923,R0923,P533,dropoff,H2,46.0457,4.0688,5,-1,610,655
1847,PU_R0924,R0924,P533,pickup,H2,46.0457,4.0688,5,1,695,720
1848,DO_R0924,R0924,P533,dropoff,HOME_P533,46.036151650305854,4.113172882643392,5,-1,695,770
1849,PU_R0925,R0925,P534,pickup,HOME_P534,45.998749379219625,4.078727432440211,5,1,475,520
1850,DO_R0925,R0925,P534,dropoff,H2,46.0457,4.0688,5,-1,485,530
1851,PU_R0926,R0926,P534,pickup,H2,46.0457,4.0688,5,1,780,795
1852,DO_R0926,R0926,P534,dropoff,HOME_P534,45.998749379219625,4.078727432440211,5,-1,780,835
1853,PU_R0927,R0927,P535,pickup,HOME_P535,46.0822563400275,3.989804307670222,5,1,650,712
1854,DO_R0927,R0927,P535,dropoff,H1,46.0533,4.0727,5,-1,680,725
1855,PU_R0928,R0928,P535,pickup,H1,46.0533,4.0727,5,1,745,780
1856,DO_R0928,R0928,P535,dropoff,HOME_P535,46.0822563400275,3.989804307670222,5,-1,745,840
1857,PU_R0929,R0929,P536,pickup,HOME_P536,46.12506944002465,4.054637595373331,5,1,960,1009
1858,DO_R0929,R0929,P536,dropoff,H2,46.0457,4.0688,5,-1,980,1025
1859,PU_R0930,R0930,P537,pickup,HOME_P537,46.140944282368025,4.032544205811536,5,1,685,741
1860,DO_R0930,R0930,P537,dropoff,H1,46.0533,4.0727,5,-1,715,760
1861,PU_R0931,R0931,P537,pickup,H1,46.0533,4.0727,5,1,780,815
1862,DO_R0931,R0931,P537,dropoff,HOME_P537,46.140944282368025,4.032544205811536,5,-1,780,875
1863,PU_R0932,R0932,P538,pickup,HOME_P538,46.09904734915248,4.081582414053007,5,1,455,500
1864,DO_R0932,R0932,P538,dropoff,H3,46.05,4.07,5,-1,465,510
1865,PU_R0933,R0933,P538,pickup,H3,46.05,4.07,5,1,750,765
1866,DO_R0933,R0933,P538,dropoff,HOME_P538,46.09904734915248,4.081582414053007,5,-1,750,805
1867,PU_R0934,R0934,P539,pickup,HOME_P539,46.0277903768875,4.028248027825056,5,1,750,797
1868,DO_R0934,R0934,P539,dropoff,H1,46.0533,4.0727,5,-1,760,805
1869,PU_R0935,R0935,P540,pickup,HOME_P540,46.07152176606867,4.108489715847874,5,1,475,522
1870,DO_R0935,R0935,P540,dropoff,H2,46.0457,4.0688,5,-1,485,530
1871,PU_R0936,R0936,P540,pickup,H2,46.0457,4.0688,5,1,795,810
1872,DO_R0936,R0936,P540,dropoff,HOME_P540,46.07152176606867,4.108489715847874,5,-1,795,850
1873,PU_R0937,R0937,P541,pickup,HOME_P541,46.138027858855814,4.102526754065649,5,1,455,492
1874,DO_R0937,R0937,P541,dropoff,H1,46.0533,4.0727,5,-1,465,510
1875,PU_R0938,R0938,P541,pickup,H1,46.0533,4.0727,5,1,670,685
1876,DO_R0938,R0938,P541,dropoff,HOME_P541,46.138027858855814,4.102526754065649,5,-1,670,725
1877,PU_R0939,R0939,P542,pickup,HOME_P542,46.050622860991986,4.162622015231611,5,1,780,822
1878,DO_R0939,R0939,P542,dropoff,H1,46.0533,4.0727,5,-1,790,835
1879,PU_R0940,R0940,P543,pickup,HOME_P543,45.999420911981744,4.07455197239448,5,1,745,789
1880,DO_R0940,R0940,P543,dropoff,H1,46.0533,4.0727,5,-1,755,800
1881,PU_R0941,R0941,P544,pickup,HOME_P544,46.086572240020296,3.9619761628702794,5,1,810,858
1882,DO_R0941,R0941,P544,dropoff,H2,46.0457,4.0688,5,-1,830,875
1883,PU_R0942,R0942,P544,pickup,H2,46.0457,4.0688,5,1,905,930
1884,DO_R0942,R0942,P544,dropoff,HOME_P544,46.086572240020296,3.9619761628702794,5,-1,905,980
1885,PU_R0943,R0943,P545,pickup,HOME_P545,46.101392473492545,4.108554150578049,5,1,615,669
1886,DO_R0943,R0943,P545,dropoff,H1,46.0533,4.0727,5,-1,635,680
1887,PU_R0944,R0944,P546,pickup,HOME_P546,46.09336962241468,4.1465428766283345,5,1,995,1037
1888,DO_R0944,R0944,P546,dropoff,H1,46.0533,4.0727,5,-1,1005,1050
1889,PU_R0945,R0945,P547,pickup,HOME_P547,46.14552190210863,4.080342341479843,5,1,475,521
1890,DO_R0945,R0945,P547,dropoff,H1,46.0533,4.0727,5,-1,495,540
1891,PU_R0946,R0946,P547,pickup,H1,46.0533,4.0727,5,1,615,640
1892,DO_R0946,R0946,P547,dropoff,HOME_P547,46.14552190210863,4.080342341479843,5,-1,615,690
1893,PU_R0947,R0947,P548,pickup,HOME_P548,46.10398308402107,4.010180414834459,5,1,770,810
1894,DO_R0947,R0947,P548,dropoff,H2,46.0457,4.0688,5,-1,780,825
1895,PU_R0948,R0948,P549,pickup,HOME_P549,46.03187953940752,4.160941593090965,5,1,430,471
1896,DO_R0948,R0948,P549,dropoff,H3,46.05,4.07,5,-1,440,485
1897,PU_R0949,R0949,P549,pickup,H3,46.05,4.07,5,1,705,720
1898,DO_R0949,R0949,P549,dropoff,HOME_P549,46.03187953940752,4.160941593090965,5,-1,705,760
1899,PU_R0950,R0950,P550,pickup,HOME_P550,46.14279813978468,4.091594466716503,5,1,870,927
1900,DO_R0950,R0950,P550,dropoff,H1,46.0533,4.0727,5,-1,900,945
