model_node_id,model_node_label,request_id,patient_id,node_role,physical_point_id,lat,lon,service_time_min,q_i,time_window_start_min,time_window_end_min
1,PU_R0001,R0001,P1,pickup,HOME_P1,46.072633395958235,4.086267194207603,5,1,1010,1060
2,DO_R0001,R0001,P1,dropoff,H1,46.0533,4.0727,5,-1,1020,1065
3,PU_R0002,R0002,P2,pickup,HOME_P2,46.10946742396965,4.013849095440359,5,1,660,701
4,DO_R0002,R0002,P2,dropoff,H1,46.0533,4.0727,5,-1,670,715
5,PU_R0003,R0003,P2,pickup,H1,46.0533,4.0727,5,1,870,885
6,DO_R0003,R0003,P2,dropoff,HOME_P2,46.10946742396965,4.013849095440359,5,-1,870,925
7,PU_R0004,R0004,P3,pickup,HOME_P3,46.14756541150243,4.16963007268782,5,1,540,592
8,DO_R0004,R0004,P3,dropoff,H1,46.0533,4.0727,5,-1,570,615
9,PU_R0005,R0005,P3,pickup,H1,46.0533,4.0727,5,1,645,680
10,DO_R0005,R0005,P3,dropoff,HOME_P3,46.14756541150243,4.16963007268782,5,-1,645,740
11,PU_R0006,R0006,P4,pickup,HOME_P4,46.083765691705615,4.124832770036276,5,1,730,774
12,DO_R0006,R0006,P4,dropoff,H2,46.0457,4.0688,5,-1,740,785
13,PU_R0007,R0007,P4,pickup,H2,46.0457,4.0688,5,1,1020,1035
14,DO_R0007,R0007,P4,dropoff,HOME_P4,46.083765691705615,4.124832770036276,5,-1,1020,1075
15,PU_R0008,R0008,P5,pickup,HOME_P5,46.06649646294917,4.023965280452013,5,1,505,562
16,DO_R0008,R0008,P5,dropoff,H1,46.0533,4.0727,5,-1,525,570
17,PU_R0009,R0009,P5,pickup,H1,46.0533,4.0727,5,1,650,675
18,DO_R0009,R0009,P5,dropoff,HOME_P5,46.06649646294917,4.023965280452013,5,-1,650,725
19,PU_R0010,R0010,P6,pickup,HOME_P6,46.120464734858494,4.1852011774961895,5,1,455,499
20,DO_R0010,R0010,P6,dropoff,H1,46.0533,4.0727,5,-1,475,520
21,PU_R0011,R0011,P6,pickup,H1,46.0533,4.0727,5,1,620,645
22,DO_R0011,R0011,P6,dropoff,HOME_P6,46.120464734858494,4.1852011774961895,5,-1,620,695
23,PU_R0012,R0012,P7,pickup,HOME_P7,46.03979940891815,4.141201186450036,5,1,565,619
24,DO_R0012,R0012,P7,dropoff,H2,46.0457,4.0688,5,-1,585,630
25,PU_R0013,R0013,P7,pickup,H2,46.0457,4.0688,5,1,670,695
26,DO_R0013,R0013,P7,dropoff,HOME_P7,46.03979940891815,4.141201186450036,5,-1,670,745
27,PU_R0014,R0014,P8,pickup,HOME_P8,46.165240957415705,3.958930035798689,5,1,466,517
28,DO_R0014,R0014,P8,dropoff,H1,46.0533,4.0727,5,-1,500,545
29,PU_R0015,R0015,P8,pickup,H1,46.0533,4.0727,5,1,565,600
30,DO_R0015,R0015,P8,dropoff,HOME_P8,46.165240957415705,3.958930035798689,5,-1,565,664
31,PU_R0016,R0016,P9,pickup,HOME_P9,46.06410828981617,4.141628997333233,5,1,430,474
32,DO_R0016,R0016,P9,dropoff,H2,46.0457,4.0688,5,-1,440,485
33,PU_R0017,R0017,P9,pickup,H2,46.0457,4.0688,5,1,735,750
34,DO_R0017,R0017,P9,dropoff,HOME_P9,46.06410828981617,4.141628997333233,5,-1,735,790
35,PU_R0018,R0018,P10,pickup,HOME_P10,46.104803114682916,4.1386810554721984,5,1,445,486
36,DO_R0018,R0018,P10,dropoff,H1,46.0533,4.0727,5,-1,455,500
37,PU_R0019,R0019,P10,pickup,H1,46.0533,4.0727,5,1,740,755
38,DO_R0019,R0019,P10,dropoff,HOME_P10,46.104803114682916,4.1386810554721984,5,-1,740,795
39,PU_R0020,R0020,P11,pickup,HOME_P11,46.08690944713272,4.070164301480925,5,1,580,636
40,DO_R0020,R0020,P11,dropoff,H2,46.0457,4.0688,5,-1,600,645
41,PU_R0021,R0021,P11,pickup,H2,46.0457,4.0688,5,1,675,700
42,DO_R0021,R0021,P11,dropoff,HOME_P11,46.08690944713272,4.070164301480925,5,-1,675,750
43,PU_R0022,R0022,P12,pickup,HOME_P12,46.05299452777639,3.971355114243013,5,1,830,881
44,DO_R0022,R0022,P12,dropoff,H1,46.0533,4.0727,5,-1,850,895
45,PU_R0023,R0023,P13,pickup,HOME_P13,45.997073150211314,4.28723662832037,5,1,633,688
46,DO_R0023,R0023,P13,dropoff,H1,46.0533,4.0727,5,-1,675,720
47,PU_R0024,R0024,P13,pickup,H1,46.0533,4.0727,5,1,740,775
48,DO_R0024,R0024,P13,dropoff,HOME_P13,45.997073150211314,4.28723662832037,5,-1,740,847
49,PU_R0025,R0025,P14,pickup,HOME_P14,46.085288205081824,4.012934146882779,5,1,1015,1058
50,DO_R0025,R0025,P14,dropoff,H2,46.0457,4.0688,5,-1,1025,1070
51,PU_R0026,R0026,P15,pickup,HOME_P15,46.025225800269425,3.9452136553545207,5,1,475,521
52,DO_R0026,R0026,P15,dropoff,H1,46.0533,4.0727,5,-1,495,540
53,PU_R0027,R0027,P15,pickup,H1,46.0533,4.0727,5,1,610,635
54,DO_R0027,R0027,P15,dropoff,HOME_P15,46.025225800269425,3.9452136553545207,5,-1,610,685
55,PU_R0028,R0028,P16,pickup,HOME_P16,46.09306626222937,3.9822959901176445,5,1,615,665
56,DO_R0028,R0028,P16,dropoff,H1,46.0533,4.0727,5,-1,635,680
57,PU_R0029,R0029,P16,pickup,H1,46.0533,4.0727,5,1,785,810
58,DO_R0029,R0029,P16,dropoff,HOME_P16,46.09306626222937,3.9822959901176445,5,-1,785,860
59,PU_R0030,R0030,P17,pickup,HOME_P17,46.008519743002346,4.186168375830461,5,1,800,847
60,DO_R0030,R0030,P17,dropoff,H1,46.0533,4.0727,5,-1,820,865
61,PU_R0031,R0031,P17,pickup,H1,46.0533,4.0727,5,1,970,995
62,DO_R0031,R0031,P17,dropoff,HOME_P17,46.008519743002346,4.186168375830461,5,-1,970,1045
63,PU_R0032,R0032,P18,pickup,HOME_P18,46.01761161388338,4.074314055329736,5,1,765,812
64,DO_R0032,R0032,P18,dropoff,H1,46.0533,4.0727,5,-1,775,820
65,PU_R0033,R0033,P19,pickup,HOME_P19,46.09754751793008,4.0184493297781945,5,1,530,583
66,DO_R0033,R0033,P19,dropoff,H1,46.0533,4.0727,5,-1,550,595
67,PU_R0034,R0034,P19,pickup,H1,46.0533,4.0727,5,1,695,720
68,DO_R0034,R0034,P19,dropoff,HOME_P19,46.09754751793008,4.0184493297781945,5,-1,695,770
69,PU_R0035,R0035,P20,pickup,HOME_P20,46.04101018714865,4.10293082851535,5,1,745,795
70,DO_R0035,R0035,P20,dropoff,H2,46.0457,4.0688,5,-1,755,800
71,PU_R0036,R0036,P21,pickup,HOME_P21,45.98271990845295,4.073368386973571,5,1,455,495
72,DO_R0036,R0036,P21,dropoff,H1,46.0533,4.0727,5,-1,465,510
73,PU_R0037,R0037,P21,pickup,H1,46.0533,4.0727,5,1,750,765
74,DO_R0037,R0037,P21,dropoff,HOME_P21,45.98271990845295,4.073368386973571,5,-1,750,805
75,PU_R0038,R0038,P22,pickup,HOME_P22,46.044314502189785,4.1394941521168125,5,1,450,495
76,DO_R0038,R0038,P22,dropoff,H2,46.0457,4.0688,5,-1,460,505
77,PU_R0039,R0039,P22,pickup,H2,46.0457,4.0688,5,1,750,765
78,DO_R0039,R0039,P22,dropoff,HOME_P22,46.044314502189785,4.1394941521168125,5,-1,750,805
79,PU_R0040,R0040,P23,pickup,HOME_P23,45.98939509556581,4.047409501713514,5,1,740,782
80,DO_R0040,R0040,P23,dropoff,H3,46.05,4.07,5,-1,750,795
81,PU_R0041,R0041,P23,pickup,H3,46.05,4.07,5,1,1020,1035
82,DO_R0041,R0041,P23,dropoff,HOME_P23,45.98939509556581,4.047409501713514,5,-1,1020,1075
83,PU_R0042,R0042,P24,pickup,HOME_P24,46.10631459582714,4.033598990673454,5,1,435,477
84,DO_R0042,R0042,P24,dropoff,H3,46.05,4.07,5,-1,445,490
85,PU_R0043,R0043,P24,pickup,H3,46.05,4.07,5,1,760,775
86,DO_R0043,R0043,P24,dropoff,HOME_P24,46.10631459582714,4.033598990673454,5,-1,760,815
87,PU_R0044,R0044,P25,pickup,HOME_P25,46.025626681083295,4.096289425366673,5,1,750,799
88,DO_R0044,R0044,P25,dropoff,H2,46.0457,4.0688,5,-1,760,805
89,PU_R0045,R0045,P26,pickup,HOME_P26,45.96216806547269,4.159455437361356,5,1,460,504
90,DO_R0045,R0045,P26,dropoff,H2,46.0457,4.0688,5,-1,480,525
91,PU_R0046,R0046,P26,pickup,H2,46.0457,4.0688,5,1,555,580
92,DO_R0046,R0046,P26,dropoff,HOME_P26,45.96216806547269,4.159455437361356,5,-1,555,630
93,PU_R0047,R0047,P27,pickup,HOME_P27,46.0824487984908,3.980222187762295,5,1,475,515
94,DO_R0047,R0047,P27,dropoff,H2,46.0457,4.0688,5,-1,485,530
95,PU_R0048,R0048,P27,pickup,H2,46.0457,4.0688,5,1,755,770
96,DO_R0048,R0048,P27,dropoff,HOME_P27,46.0824487984908,3.980222187762295,5,-1,755,810
97,PU_R0049,R0049,P28,pickup,HOME_P28,46.13073347108415,4.136924703855316,5,1,840,887
98,DO_R0049,R0049,P28,dropoff,H1,46.0533,4.0727,5,-1,860,905
99,PU_R0050,R0050,P28,pickup,H1,46.0533,4.0727,5,1,970,995
100,DO_R0050,R0050,P28,dropoff,HOME_P28,46.13073347108415,4.136924703855316,5,-1,970,1045
101,PU_R0051,R0051,P29,pickup,HOME_P29,46.03179075616138,4.091380013310058,5,1,610,670
102,DO_R0051,R0051,P29,dropoff,H1,46.0533,4.0727,5,-1,630,675
103,PU_R0052,R0052,P29,pickup,H1,46.0533,4.0727,5,1,735,760
104,DO_R0052,R0052,P29,dropoff,HOME_P29,46.03179075616138,4.091380013310058,5,-1,735,810
105,PU_R0053,R0053,P30,pickup,HOME_P30,45.99680883456445,4.169910032181464,5,1,490,537
106,DO_R0053,R0053,P30,dropoff,H1,46.0533,4.0727,5,-1,510,555
107,PU_R0054,R0054,P30,pickup,H1,46.0533,4.0727,5,1,645,670
108,DO_R0054,R0054,P30,dropoff,HOME_P30,45.99680883456445,4.169910032181464,5,-1,645,720
109,PU_R0055,R0055,P31,pickup,HOME_P31,46.058501781537196,3.9456412323825103,5,1,470,517
110,DO_R0055,R0055,P31,dropoff,H1,46.0533,4.0727,5,-1,490,535
111,PU_R0056,R0056,P31,pickup,H1,46.0533,4.0727,5,1,640,665
112,DO_R0056,R0056,P31,dropoff,HOME_P31,46.058501781537196,3.9456412323825103,5,-1,640,715
113,PU_R0057,R0057,P32,pickup,HOME_P32,45.99691599538967,4.1181501842141195,5,1,740,783
114,DO_R0057,R0057,P32,dropoff,H2,46.0457,4.0688,5,-1,750,795
115,PU_R0058,R0058,P33,pickup,HOME_P33,46.11521856290448,4.103980687472963,5,1,740,781
116,DO_R0058,R0058,P33,dropoff,H3,46.05,4.07,5,-1,750,795
117,PU_R0059,R0059,P34,pickup,HOME_P34,46.15455022736934,4.114788217513976,5,1,515,559
118,DO_R0059,R0059,P34,dropoff,H1,46.0533,4.0727,5,-1,535,580
119,PU_R0060,R0060,P34,pickup,H1,46.0533,4.0727,5,1,640,665
120,DO_R0060,R0060,P34,dropoff,HOME_P34,46.15455022736934,4.114788217513976,5,-1,640,715
121,PU_R0061,R0061,P35,pickup,HOME_P35,45.989172234714474,4.093277115137501,5,1,530,583
122,DO_R0061,R0061,P35,dropoff,H2,46.0457,4.0688,5,-1,550,595
123,PU_R0062,R0062,P35,pickup,H2,46.0457,4.0688,5,1,635,660
124,DO_R0062,R0062,P35,dropoff,HOME_P35,45.989172234714474,4.093277115137501,5,-1,635,710
125,PU_R0063,R0063,P36,pickup,HOME_P36,46.033441145453146,4.1880288407360045,5,1,900,958
126,DO_R0063,R0063,P36,dropoff,H1,46.0533,4.0727,5,-1,930,975
127,PU_R0064,R0064,P37,pickup,HOME_P37,45.96562354205643,3.996803683957815,5,1,815,859
128,DO_R0064,R0064,P37,dropoff,H1,46.0533,4.0727,5,-1,835,880
129,PU_R0065,R0065,P37,pickup,H1,46.0533,4.0727,5,1,965,990
130,DO_R0065,R0065,P37,dropoff,HOME_P37,45.96562354205643,3.996803683957815,5,-1,965,1040
131,PU_R0066,R0066,P38,pickup,HOME_P38,46.093898286713056,3.9990854371068245,5,1,475,516
132,DO_R0066,R0066,P38,dropoff,H3,46.05,4.07,5,-1,485,530
133,PU_R0067,R0067,P38,pickup,H3,46.05,4.07,5,1,760,775
134,DO_R0067,R0067,P38,dropoff,HOME_P38,46.093898286713056,3.9990854371068245,5,-1,760,815
135,PU_R0068,R0068,P39,pickup,HOME_P39,46.06289890594933,4.0605967147723225,5,1,775,825
136,DO_R0068,R0068,P39,dropoff,H2,46.0457,4.0688,5,-1,785,830
137,PU_R0069,R0069,P40,pickup,HOME_P40,46.0303215581011,4.119481374178535,5,1,450,497
138,DO_R0069,R0069,P40,dropoff,H1,46.0533,4.0727,5,-1,460,505
139,PU_R0070,R0070,P40,pickup,H1,46.0533,4.0727,5,1,660,675
140,DO_R0070,R0070,P40,dropoff,HOME_P40,46.0303215581011,4.119481374178535,5,-1,660,715
141,PU_R0071,R0071,P41,pickup,HOME_P41,46.081188519832104,3.9719986699114718,5,1,660,700
142,DO_R0071,R0071,P41,dropoff,H1,46.0533,4.0727,5,-1,670,715
143,PU_R0072,R0072,P41,pickup,H1,46.0533,4.0727,5,1,865,880
144,DO_R0072,R0072,P41,dropoff,HOME_P41,46.081188519832104,3.9719986699114718,5,-1,865,920
145,PU_R0073,R0073,P42,pickup,HOME_P42,46.02045082866563,4.003265956575181,5,1,475,519
146,DO_R0073,R0073,P42,dropoff,H2,46.0457,4.0688,5,-1,485,530
147,PU_R0074,R0074,P42,pickup,H2,46.0457,4.0688,5,1,800,815
148,DO_R0074,R0074,P42,dropoff,HOME_P42,46.02045082866563,4.003265956575181,5,-1,800,855
149,PU_R0075,R0075,P43,pickup,HOME_P43,46.11434294685187,4.060772522308166,5,1,745,786
150,DO_R0075,R0075,P43,dropoff,H2,46.0457,4.0688,5,-1,755,800
151,PU_R0076,R0076,P44,pickup,HOME_P44,46.0924431738207,4.068062098753488,5,1,475,532
152,DO_R0076,R0076,P44,dropoff,H1,46.0533,4.0727,5,-1,495,540
153,PU_R0077,R0077,P44,pickup,H1,46.0533,4.0727,5,1,650,675
154,DO_R0077,R0077,P44,dropoff,HOME_P44,46.0924431738207,4.068062098753488,5,-1,650,725
155,PU_R0078,R0078,P45,pickup,HOME_P45,46.07880115842995,4.00367077047227,5,1,525,579
156,DO_R0078,R0078,P45,dropoff,H1,46.0533,4.0727,5,-1,545,590
157,PU_R0079,R0079,P46,pickup,HOME_P46,46.071012026974195,4.054987249182523,5,1,875,924
158,DO_R0079,R0079,P46,dropoff,H2,46.0457,4.0688,5,-1,885,930
159,PU_R0080,R0080,P47,pickup,HOME_P47,46.120243973800264,4.141132043847086,5,1,635,683
160,DO_R0080,R0080,P47,dropoff,H1,46.0533,4.0727,5,-1,655,700
161,PU_R0081,R0081,P47,pickup,H1,46.0533,4.0727,5,1,800,825
162,DO_R0081,R0081,P47,dropoff,HOME_P47,46.120243973800264,4.141132043847086,5,-1,800,875
163,PU_R0082,R0082,P48,pickup,HOME_P48,46.08990051518243,4.014918164927827,5,1,620,673
164,DO_R0082,R0082,P48,dropoff,H2,46.0457,4.0688,5,-1,640,685
165,PU_R0083,R0083,P48,pickup,H2,46.0457,4.0688,5,1,715,740
166,DO_R0083,R0083,P48,dropoff,HOME_P48,46.08990051518243,4.014918164927827,5,-1,715,790
167,PU_R0084,R0084,P49,pickup,HOME_P49,45.99178421460385,4.0311020211662685,5,1,470,511
168,DO_R0084,R0084,P49,dropoff,H1,46.0533,4.0727,5,-1,480,525
169,PU_R0085,R0085,P49,pickup,H1,46.0533,4.0727,5,1,765,780
170,DO_R0085,R0085,P49,dropoff,HOME_P49,45.99178421460385,4.0311020211662685,5,-1,765,820
171,PU_R0086,R0086,P50,pickup,HOME_P50,46.05451807823391,4.25666311856185,5,1,584,634
172,DO_R0086,R0086,P50,dropoff,H1,46.0533,4.0727,5,-1,615,660
173,PU_R0087,R0087,P50,pickup,H1,46.0533,4.0727,5,1,680,715
174,DO_R0087,R0087,P50,dropoff,HOME_P50,46.05451807823391,4.25666311856185,5,-1,680,776
175,PU_R0088,R0088,P51,pickup,HOME_P51,46.042029089107515,4.118555306400993,5,1,480,528
176,DO_R0088,R0088,P51,dropoff,H1,46.0533,4.0727,5,-1,490,535
177,PU_R0089,R0089,P51,pickup,H1,46.0533,4.0727,5,1,775,790
178,DO_R0089,R0089,P51,dropoff,HOME_P51,46.042029089107515,4.118555306400993,5,-1,775,830
179,PU_R0090,R0090,P52,pickup,HOME_P52,46.025052240540795,4.163862004813732,5,1,615,656
180,DO_R0090,R0090,P52,dropoff,H1,46.0533,4.0727,5,-1,625,670
181,PU_R0091,R0091,P52,pickup,H1,46.0533,4.0727,5,1,840,855
182,DO_R0091,R0091,P52,dropoff,HOME_P52,46.025052240540795,4.163862004813732,5,-1,840,895
183,PU_R0092,R0092,P53,pickup,HOME_P53,46.0603005988859,4.026107942891382,5,1,755,803
184,DO_R0092,R0092,P53,dropoff,H3,46.05,4.07,5,-1,765,810
185,PU_R0093,R0093,P54,pickup,HOME_P54,46.17416496407165,4.107937476276221,5,1,470,520
186,DO_R0093,R0093,P54,dropoff,H1,46.0533,4.0727,5,-1,500,545
187,PU_R0094,R0094,P54,pickup,H1,46.0533,4.0727,5,1,570,605
188,DO_R0094,R0094,P54,dropoff,HOME_P54,46.17416496407165,4.107937476276221,5,-1,570,665
189,PU_R0095,R0095,P55,pickup,HOME_P55,46.04169220573683,4.141432174228493,5,1,740,784
190,DO_R0095,R0095,P55,dropoff,H2,46.0457,4.0688,5,-1,750,795
191,PU_R0096,R0096,P55,pickup,H2,46.0457,4.0688,5,1,1010,1025
192,DO_R0096,R0096,P55,dropoff,HOME_P55,46.04169220573683,4.141432174228493,5,-1,1010,1065
193,PU_R0097,R0097,P56,pickup,HOME_P56,46.00188808117985,4.056565617827777,5,1,745,791
194,DO_R0097,R0097,P56,dropoff,H2,46.0457,4.0688,5,-1,755,800
195,PU_R0098,R0098,P57,pickup,HOME_P57,46.007027331045435,3.9970176624776257,5,1,625,676
196,DO_R0098,R0098,P57,dropoff,H1,46.0533,4.0727,5,-1,645,690
197,PU_R0099,R0099,P57,pickup,H1,46.0533,4.0727,5,1,755,780
198,DO_R0099,R0099,P57,dropoff,HOME_P57,46.007027331045435,3.9970176624776257,5,-1,755,830
199,PU_R0100,R0100,P58,pickup,HOME_P58,46.051591983285206,4.026218609173963,5,1,730,778
200,DO_R0100,R0100,P58,dropoff,H1,46.0533,4.0727,5,-1,740,785
201,PU_R0101,R0101,P58,pickup,H1,46.0533,4.0727,5,1,1025,1040
202,DO_R0101,R0101,P58,dropoff,HOME_P58,46.051591983285206,4.026218609173963,5,-1,1025,1080
203,PU_R0102,R0102,P59,pickup,HOME_P59,46.00764854517285,4.069797137746173,5,1,440,485
204,DO_R0102,R0102,P59,dropoff,H1,46.0533,4.0727,5,-1,450,495
205,PU_R0103,R0103,P59,pickup,H1,46.0533,4.0727,5,1,660,675
206,DO_R0103,R0103,P59,dropoff,HOME_P59,46.00764854517285,4.069797137746173,5,-1,660,715
207,PU_R0104,R0104,P60,pickup,HOME_P60,46.05048261645315,4.119815477855038,5,1,475,523
208,DO_R0104,R0104,P60,dropoff,H1,46.0533,4.0727,5,-1,485,530
209,PU_R0105,R0105,P60,pickup,H1,46.0533,4.0727,5,1,695,710
210,DO_R0105,R0105,P60,dropoff,HOME_P60,46.05048261645315,4.119815477855038,5,-1,695,750
211,PU_R0106,R0106,P61,pickup,HOME_P61,45.972354228634416,4.058962630325377,5,1,440,478
212,DO_R0106,R0106,P61,dropoff,H1,46.0533,4.0727,5,-1,450,495
213,PU_R0107,R0107,P61,pickup,H1,46.0533,4.0727,5,1,660,675
214,DO_R0107,R0107,P61,dropoff,HOME_P61,45.972354228634416,4.058962630325377,5,-1,660,715
215,PU_R0108,R0108,P62,pickup,HOME_P62,46.11269206393724,4.070520802678581,5,1,455,498
216,DO_R0108,R0108,P62,dropoff,H1,46.0533,4.0727,5,-1,465,510
217,PU_R0109,R0109,P62,pickup,H1,46.0533,4.0727,5,1,685,700
218,DO_R0109,R0109,P62,dropoff,HOME_P62,46.11269206393724,4.070520802678581,5,-1,685,740
219,PU_R0110,R0110,P63,pickup,HOME_P63,46.02662978546401,4.039657066355414,5,1,730,779
220,DO_R0110,R0110,P63,dropoff,H2,46.0457,4.0688,5,-1,740,785
221,PU_R0111,R0111,P64,pickup,HOME_P64,46.124970706155224,4.130353359517325,5,1,505,553
222,DO_R0111,R0111,P64,dropoff,H1,46.0533,4.0727,5,-1,525,570
223,PU_R0112,R0112,P64,pickup,H1,46.0533,4.0727,5,1,665,690
224,DO_R0112,R0112,P64,dropoff,HOME_P64,46.124970706155224,4.130353359517325,5,-1,665,740
225,PU_R0113,R0113,P65,pickup,HOME_P65,46.043212005814695,4.057464740630097,5,1,480,530
226,DO_R0113,R0113,P65,dropoff,H3,46.05,4.07,5,-1,490,535
227,PU_R0114,R0114,P65,pickup,H3,46.05,4.07,5,1,800,815
228,DO_R0114,R0114,P65,dropoff,HOME_P65,46.043212005814695,4.057464740630097,5,-1,800,855
229,PU_R0115,R0115,P66,pickup,HOME_P66,46.10067103687181,4.102033172783949,5,1,455,498
230,DO_R0115,R0115,P66,dropoff,H2,46.0457,4.0688,5,-1,465,510
231,PU_R0116,R0116,P66,pickup,H2,46.0457,4.0688,5,1,770,785
232,DO_R0116,R0116,P66,dropoff,HOME_P66,46.10067103687181,4.102033172783949,5,-1,770,825
233,PU_R0117,R0117,P67,pickup,HOME_P67,46.12009127773959,4.107809443504236,5,1,465,505
234,DO_R0117,R0117,P67,dropoff,H1,46.0533,4.0727,5,-1,475,520
235,PU_R0118,R0118,P67,pickup,H1,46.0533,4.0727,5,1,760,775
236,DO_R0118,R0118,P67,dropoff,HOME_P67,46.12009127773959,4.107809443504236,5,-1,760,815
237,PU_R0119,R0119,P68,pickup,HOME_P68,45.9601338376479,4.011583504158155,5,1,505,551
238,DO_R0119,R0119,P68,dropoff,H2,46.0457,4.0688,5,-1,525,570
239,PU_R0120,R0120,P68,pickup,H2,46.0457,4.0688,5,1,605,630
240,DO_R0120,R0120,P68,dropoff,HOME_P68,45.9601338376479,4.011583504158155,5,-1,605,680
241,PU_R0121,R0121,P69,pickup,HOME_P69,46.15771246538188,4.08227494094873,5,1,935,979
242,DO_R0121,R0121,P69,dropoff,H1,46.0533,4.0727,5,-1,955,1000
243,PU_R0122,R0122,P70,pickup,HOME_P70,46.11609172021036,4.085079932501752,5,1,775,827
244,DO_R0122,R0122,P70,dropoff,H1,46.0533,4.0727,5,-1,795,840
245,PU_R0123,R0123,P70,pickup,H1,46.0533,4.0727,5,1,930,955
246,DO_R0123,R0123,P70,dropoff,HOME_P70,46.11609172021036,4.085079932501752,5,-1,930,1005
247,PU_R0124,R0124,P71,pickup,HOME_P71,46.05962038141039,4.0922531266556375,5,1,595,655
248,DO_R0124,R0124,P71,dropoff,H2,46.0457,4.0688,5,-1,615,660
249,PU_R0125,R0125,P72,pickup,HOME_P72,46.04428737391661,4.030458662339276,5,1,575,633
250,DO_R0125,R0125,P72,dropoff,H1,46.0533,4.0727,5,-1,595,640
251,PU_R0126,R0126,P72,pickup,H1,46.0533,4.0727,5,1,740,765
252,DO_R0126,R0126,P72,dropoff,HOME_P72,46.04428737391661,4.030458662339276,5,-1,740,815
253,PU_R0127,R0127,P73,pickup,HOME_P73,46.019427212536584,3.9702155290172008,5,1,480,519
254,DO_R0127,R0127,P73,dropoff,H1,46.0533,4.0727,5,-1,490,535
255,PU_R0128,R0128,P73,pickup,H1,46.0533,4.0727,5,1,695,710
256,DO_R0128,R0128,P73,dropoff,HOME_P73,46.019427212536584,3.9702155290172008,5,-1,695,750
257,PU_R0129,R0129,P74,pickup,HOME_P74,46.09075148854217,4.178723799565711,5,1,480,518
258,DO_R0129,R0129,P74,dropoff,H1,46.0533,4.0727,5,-1,490,535
259,PU_R0130,R0130,P74,pickup,H1,46.0533,4.0727,5,1,710,725
260,DO_R0130,R0130,P74,dropoff,HOME_P74,46.09075148854217,4.178723799565711,5,-1,710,765
261,PU_R0131,R0131,P75,pickup,HOME_P75,46.0327568808952,4.158791634260417,5,1,825,867
262,DO_R0131,R0131,P75,dropoff,H1,46.0533,4.0727,5,-1,835,880
263,PU_R0132,R0132,P76,pickup,HOME_P76,46.018119463500696,4.11894243705931,5,1,435,480
264,DO_R0132,R0132,P76,dropoff,H1,46.0533,4.0727,5,-1,445,490
265,PU_R0133,R0133,P76,pickup,H1,46.0533,4.0727,5,1,730,745
266,DO_R0133,R0133,P76,dropoff,HOME_P76,46.018119463500696,4.11894243705931,5,-1,730,785
267,PU_R0134,R0134,P77,pickup,HOME_P77,46.0387980705085,4.187283208095356,5,1,645,683
268,DO_R0134,R0134,P77,dropoff,H1,46.0533,4.0727,5,-1,655,700
269,PU_R0135,R0135,P77,pickup,H1,46.0533,4.0727,5,1,870,885
270,DO_R0135,R0135,P77,dropoff,HOME_P77,46.0387980705085,4.187283208095356,5,-1,870,925
271,PU_R0136,R0136,P78,pickup,HOME_P78,46.06822753247109,3.9987019028991218,5,1,780,824
272,DO_R0136,R0136,P78,dropoff,H2,46.0457,4.0688,5,-1,790,835
273,PU_R0137,R0137,P79,pickup,HOME_P79,46.10046719272935,4.1405538317425155,5,1,480,521
274,DO_R0137,R0137,P79,dropoff,H3,46.05,4.07,5,-1,490,535
275,PU_R0138,R0138,P79,pickup,H3,46.05,4.07,5,1,745,760
276,DO_R0138,R0138,P79,dropoff,HOME_P79,46.10046719272935,4.1405538317425155,5,-1,745,800
277,PU_R0139,R0139,P80,pickup,HOME_P80,46.0208526321271,4.09535270770175,5,1,440,488
278,DO_R0139,R0139,P80,dropoff,H2,46.0457,4.0688,5,-1,450,495
279,PU_R0140,R0140,P80,pickup,H2,46.0457,4.0688,5,1,740,755
280,DO_R0140,R0140,P80,dropoff,HOME_P80,46.0208526321271,4.09535270770175,5,-1,740,795
281,PU_R0141,R0141,P81,pickup,HOME_P81,46.09975054781256,4.108117325558638,5,1,475,517
282,DO_R0141,R0141,P81,dropoff,H2,46.0457,4.0688,5,-1,485,530
283,PU_R0142,R0142,P81,pickup,H2,46.0457,4.0688,5,1,730,745
284,DO_R0142,R0142,P81,dropoff,HOME_P81,46.09975054781256,4.108117325558638,5,-1,730,785
285,PU_R0143,R0143,P82,pickup,HOME_P82,46.014936978262334,4.065436923749637,5,1,455,503
286,DO_R0143,R0143,P82,dropoff,H3,46.05,4.07,5,-1,465,510
287,PU_R0144,R0144,P82,pickup,H3,46.05,4.07,5,1,735,750
288,DO_R0144,R0144,P82,dropoff,HOME_P82,46.014936978262334,4.065436923749637,5,-1,735,790
289,PU_R0145,R0145,P83,pickup,HOME_P83,46.11854164502497,4.052937672407316,5,1,760,801
290,DO_R0145,R0145,P83,dropoff,H3,46.05,4.07,5,-1,770,815
291,PU_R0146,R0146,P84,pickup,HOME_P84,46.10823228130727,3.909247758741163,5,1,689,739
292,DO_R0146,R0146,P84,dropoff,H1,46.0533,4.0727,5,-1,720,765
293,PU_R0147,R0147,P84,pickup,H1,46.0533,4.0727,5,1,795,830
294,DO_R0147,R0147,P84,dropoff,HOME_P84,46.10823228130727,3.909247758741163,5,-1,795,891
295,PU_R0148,R0148,P85,pickup,HOME_P85,45.98487529032902,4.003273454045351,5,1,610,659
296,DO_R0148,R0148,P85,dropoff,H2,46.0457,4.0688,5,-1,630,675
297,PU_R0149,R0149,P86,pickup,HOME_P86,46.07683371352643,4.126398271534766,5,1,480,525
298,DO_R0149,R0149,P86,dropoff,H3,46.05,4.07,5,-1,490,535
299,PU_R0150,R0150,P86,pickup,H3,46.05,4.07,5,1,765,780
300,DO_R0150,R0150,P86,dropoff,HOME_P86,46.07683371352643,4.126398271534766,5,-1,765,820
301,PU_R0151,R0151,P87,pickup,HOME_P87,46.10249656938358,4.140012283217255,5,1,595,646
302,DO_R0151,R0151,P87,dropoff,H1,46.0533,4.0727,5,-1,615,660
303,PU_R0152,R0152,P87,pickup,H1,46.0533,4.0727,5,1,775,800
304,DO_R0152,R0152,P87,dropoff,HOME_P87,46.10249656938358,4.140012283217255,5,-1,775,850
305,PU_R0153,R0153,P88,pickup,HOME_P88,46.10126907211728,4.1146765643007885,5,1,650,702
306,DO_R0153,R0153,P88,dropoff,H2,46.0457,4.0688,5,-1,670,715
307,PU_R0154,R0154,P88,pickup,H2,46.0457,4.0688,5,1,745,770
308,DO_R0154,R0154,P88,dropoff,HOME_P88,46.10126907211728,4.1146765643007885,5,-1,745,820
309,PU_R0155,R0155,P89,pickup,HOME_P89,46.092393198015515,4.025574540879785,5,1,435,478
310,DO_R0155,R0155,P89,dropoff,H2,46.0457,4.0688,5,-1,445,490
311,PU_R0156,R0156,P89,pickup,H2,46.0457,4.0688,5,1,835,850
312,DO_R0156,R0156,P89,dropoff,HOME_P89,46.092393198015515,4.025574540879785,5,-1,835,890
313,PU_R0157,R0157,P90,pickup,HOME_P90,46.072501696416474,4.170058388035036,5,1,475,516
314,DO_R0157,R0157,P90,dropoff,H1,46.0533,4.0727,5,-1,485,530
315,PU_R0158,R0158,P90,pickup,H1,46.0533,4.0727,5,1,710,725
316,DO_R0158,R0158,P90,dropoff,HOME_P90,46.072501696416474,4.170058388035036,5,-1,710,765
317,PU_R0159,R0159,P91,pickup,HOME_P91,46.05685826191076,4.137009494077213,5,1,425,470
318,DO_R0159,R0159,P91,dropoff,H2,46.0457,4.0688,5,-1,435,480
319,PU_R0160,R0160,P91,pickup,H2,46.0457,4.0688,5,1,625,640
320,DO_R0160,R0160,P91,dropoff,HOME_P91,46.05685826191076,4.137009494077213,5,-1,625,680
321,PU_R0161,R0161,P92,pickup,HOME_P92,46.1400462995017,4.087995367831308,5,1,775,821
322,DO_R0161,R0161,P92,dropoff,H2,46.0457,4.0688,5,-1,795,840
323,PU_R0162,R0162,P92,pickup,H2,46.0457,4.0688,5,1,875,900
324,DO_R0162,R0162,P92,dropoff,HOME_P92,46.1400462995017,4.087995367831308,5,-1,875,950
325,PU_R0163,R0163,P93,pickup,HOME_P93,45.9600732634802,4.005918589336854,5,1,520,565
326,DO_R0163,R0163,P93,dropoff,H2,46.0457,4.0688,5,-1,540,585
327,PU_R0164,R0164,P93,pickup,H2,46.0457,4.0688,5,1,610,635
328,DO_R0164,R0164,P93,dropoff,HOME_P93,45.9600732634802,4.005918589336854,5,-1,610,685
329,PU_R0165,R0165,P94,pickup,HOME_P94,46.037925727702664,4.121356010446454,5,1,780,827
330,DO_R0165,R0165,P94,dropoff,H1,46.0533,4.0727,5,-1,790,835
331,PU_R0166,R0166,P95,pickup,HOME_P95,46.02282235439658,4.178906652744269,5,1,825,864
332,DO_R0166,R0166,P95,dropoff,H1,46.0533,4.0727,5,-1,835,880
333,PU_R0167,R0167,P96,pickup,HOME_P96,46.10153933990798,4.05057360119053,5,1,750,793
334,DO_R0167,R0167,P96,dropoff,H2,46.0457,4.0688,5,-1,760,805
335,PU_R0168,R0168,P97,pickup,HOME_P97,46.078900573040386,3.933907795991595,5,1,810,855
336,DO_R0168,R0168,P97,dropoff,H2,46.0457,4.0688,5,-1,830,875
337,PU_R0169,R0169,P97,pickup,H2,46.0457,4.0688,5,1,910,935
338,DO_R0169,R0169,P97,dropoff,HOME_P97,46.078900573040386,3.933907795991595,5,-1,910,985
339,PU_R0170,R0170,P98,pickup,HOME_P98,46.07203976783227,4.083693001970705,5,1,425,474
340,DO_R0170,R0170,P98,dropoff,H2,46.0457,4.0688,5,-1,435,480
341,PU_R0171,R0171,P98,pickup,H2,46.0457,4.0688,5,1,715,730
342,DO_R0171,R0171,P98,dropoff,HOME_P98,46.07203976783227,4.083693001970705,5,-1,715,770
343,PU_R0172,R0172,P99,pickup,HOME_P99,46.07878503219675,4.0469552321561855,5,1,1000,1048
344,DO_R0172,R0172,P99,dropoff,H1,46.0533,4.0727,5,-1,1010,1055
345,PU_R0173,R0173,P100,pickup,HOME_P100,46.13420751972276,4.019792750051275,5,1,595,642
346,DO_R0173,R0173,P100,dropoff,H1,46.0533,4.0727,5,-1,615,660
347,PU_R0174,R0174,P100,pickup,H1,46.0533,4.0727,5,1,770,795
348,DO_R0174,R0174,P100,dropoff,HOME_P100,46.13420751972276,4.019792750051275,5,-1,770,845
349,PU_R0175,R0175,P101,pickup,HOME_P101,46.118519403133924,4.183216798556738,5,1,615,660
350,DO_R0175,R0175,P101,dropoff,H1,46.0533,4.0727,5,-1,635,680
351,PU_R0176,R0176,P101,pickup,H1,46.0533,4.0727,5,1,750,775
352,DO_R0176,R0176,P101,dropoff,HOME_P101,46.118519403133924,4.183216798556738,5,-1,750,825
353,PU_R0177,R0177,P102,pickup,HOME_P102,45.90308385567535,4.067194105662683,5,1,886,940
354,DO_R0177,R0177,P102,dropoff,H1,46.0533,4.0727,5,-1,925,970
355,PU_R0178,R0178,P103,pickup,HOME_P103,45.99579129927399,4.0990901893635465,5,1,745,788
356,DO_R0178,R0178,P103,dropoff,H1,46.0533,4.0727,5,-1,755,800
357,PU_R0179,R0179,P104,pickup,HOME_P104,46.01535483626892,4.000469611696199,5,1,765,807
358,DO_R0179,R0179,P104,dropoff,H1,46.0533,4.0727,5,-1,775,820
359,PU_R0180,R0180,P105,pickup,HOME_P105,45.99866627072302,4.1472167017062525,5,1,520,570
360,DO_R0180,R0180,P105,dropoff,H2,46.0457,4.0688,5,-1,540,585
361,PU_R0181,R0181,P105,pickup,H2,46.0457,4.0688,5,1,615,640
362,DO_R0181,R0181,P105,dropoff,HOME_P105,45.99866627072302,4.1472167017062525,5,-1,615,690
363,PU_R0182,R0182,P106,pickup,HOME_P106,45.945750908947204,4.106448532714507,5,1,970,1014
364,DO_R0182,R0182,P106,dropoff,H2,46.0457,4.0688,5,-1,990,1035
365,PU_R0183,R0183,P107,pickup,HOME_P107,46.067119882590085,3.9072985284461454,5,1,585,637
366,DO_R0183,R0183,P107,dropoff,H1,46.0533,4.0727,5,-1,615,660
367,PU_R0184,R0184,P107,pickup,H1,46.0533,4.0727,5,1,690,725
368,DO_R0184,R0184,P107,dropoff,HOME_P107,46.067119882590085,3.9072985284461454,5,-1,690,785
369,PU_R0185,R0185,P108,pickup,HOME_P108,46.100659120704705,4.097527791535801,5,1,740,783
370,DO_R0185,R0185,P108,dropoff,H2,46.0457,4.0688,5,-1,750,795
371,PU_R0186,R0186,P108,pickup,H2,46.0457,4.0688,5,1,970,985
372,DO_R0186,R0186,P108,dropoff,HOME_P108,46.100659120704705,4.097527791535801,5,-1,970,1025
373,PU_R0187,R0187,P109,pickup,HOME_P109,46.05814593827725,4.072605434929547,5,1,440,490
374,DO_R0187,R0187,P109,dropoff,H2,46.0457,4.0688,5,-1,450,495
375,PU_R0188,R0188,P109,pickup,H2,46.0457,4.0688,5,1,725,740
376,DO_R0188,R0188,P109,dropoff,HOME_P109,46.05814593827725,4.072605434929547,5,-1,725,780
377,PU_R0189,R0189,P110,pickup,HOME_P110,46.022267743129355,3.9615793211353343,5,1,610,648
378,DO_R0189,R0189,P110,dropoff,H1,46.0533,4.0727,5,-1,620,665
379,PU_R0190,R0190,P110,pickup,H1,46.0533,4.0727,5,1,840,855
380,DO_R0190,R0190,P110,dropoff,HOME_P110,46.022267743129355,3.9615793211353343,5,-1,840,895
381,PU_R0191,R0191,P111,pickup,HOME_P111,46.03575059768026,4.1111506308371615,5,1,725,773
382,DO_R0191,R0191,P111,dropoff,H1,46.0533,4.0727,5,-1,735,780
383,PU_R0192,R0192,P111,pickup,H1,46.0533,4.0727,5,1,1020,1035
384,DO_R0192,R0192,P111,dropoff,HOME_P111,46.03575059768026,4.1111506308371615,5,-1,1020,1075
385,PU_R0193,R0193,P112,pickup,HOME_P112,46.021537674850016,4.032448270597496,5,1,755,801
386,DO_R0193,R0193,P112,dropoff,H1,46.0533,4.0727,5,-1,765,810
387,PU_R0194,R0194,P113,pickup,HOME_P113,46.06093695214448,4.070522339550869,5,1,615,665
388,DO_R0194,R0194,P113,dropoff,H1,46.0533,4.0727,5,-1,625,670
389,PU_R0195,R0195,P113,pickup,H1,46.0533,4.0727,5,1,845,860
390,DO_R0195,R0195,P113,dropoff,HOME_P113,46.06093695214448,4.070522339550869,5,-1,845,900
391,PU_R0196,R0196,P114,pickup,HOME_P114,46.08476215727224,4.147511876805162,5,1,895,947
392,DO_R0196,R0196,P114,dropoff,H1,46.0533,4.0727,5,-1,915,960
393,PU_R0197,R0197,P115,pickup,HOME_P115,46.01577051286707,4.161046048257824,5,1,725,765
394,DO_R0197,R0197,P115,dropoff,H2,46.0457,4.0688,5,-1,735,780
395,PU_R0198,R0198,P115,pickup,H2,46.0457,4.0688,5,1,1025,1040
396,DO_R0198,R0198,P115,dropoff,HOME_P115,46.01577051286707,4.161046048257824,5,-1,1025,1080
397,PU_R0199,R0199,P116,pickup,HOME_P116,46.06694305056412,3.9269364501365605,5,1,835,879
398,DO_R0199,R0199,P116,dropoff,H1,46.0533,4.0727,5,-1,855,900
399,PU_R0200,R0200,P116,pickup,H1,46.0533,4.0727,5,1,985,1010
400,DO_R0200,R0200,P116,dropoff,HOME_P116,46.06694305056412,3.9269364501365605,5,-1,985,1060
401,PU_R0201,R0201,P117,pickup,HOME_P117,46.03272970191427,4.075610857219617,5,1,590,650
402,DO_R0201,R0201,P117,dropoff,H2,46.0457,4.0688,5,-1,610,655
403,PU_R0202,R0202,P117,pickup,H2,46.0457,4.0688,5,1,695,720
404,DO_R0202,R0202,P117,dropoff,HOME_P117,46.03272970191427,4.075610857219617,5,-1,695,770
405,PU_R0203,R0203,P118,pickup,HOME_P118,46.04994070404041,4.094315620099696,5,1,510,570
406,DO_R0203,R0203,P118,dropoff,H1,46.0533,4.0727,5,-1,530,575
407,PU_R0204,R0204,P118,pickup,H1,46.0533,4.0727,5,1,685,710
408,DO_R0204,R0204,P118,dropoff,HOME_P118,46.04994070404041,4.094315620099696,5,-1,685,760
409,PU_R0205,R0205,P119,pickup,HOME_P119,46.0720203202441,4.069694978410135,5,1,480,529
410,DO_R0205,R0205,P119,dropoff,H2,46.0457,4.0688,5,-1,490,535
411,PU_R0206,R0206,P119,pickup,H2,46.0457,4.0688,5,1,755,770
412,DO_R0206,R0206,P119,dropoff,HOME_P119,46.0720203202441,4.069694978410135,5,-1,755,810
413,PU_R0207,R0207,P120,pickup,HOME_P120,46.07156554793159,4.015771343200829,5,1,480,526
414,DO_R0207,R0207,P120,dropoff,H1,46.0533,4.0727,5,-1,490,535
415,PU_R0208,R0208,P120,pickup,H1,46.0533,4.0727,5,1,775,790
416,DO_R0208,R0208,P120,dropoff,HOME_P120,46.07156554793159,4.015771343200829,5,-1,775,830
417,PU_R0209,R0209,P121,pickup,HOME_P121,45.97170500896882,4.0593220389328115,5,1,640,678
418,DO_R0209,R0209,P121,dropoff,H1,46.0533,4.0727,5,-1,650,695
419,PU_R0210,R0210,P121,pickup,H1,46.0533,4.0727,5,1,845,860
420,DO_R0210,R0210,P121,dropoff,HOME_P121,45.97170500896882,4.0593220389328115,5,-1,845,900
421,PU_R0211,R0211,P122,pickup,HOME_P122,46.050681404603864,4.120403810746756,5,1,445,493
422,DO_R0211,R0211,P122,dropoff,H1,46.0533,4.0727,5,-1,455,500
423,PU_R0212,R0212,P122,pickup,H1,46.0533,4.0727,5,1,740,755
424,DO_R0212,R0212,P122,dropoff,HOME_P122,46.050681404603864,4.120403810746756,5,-1,740,795
425,PU_R0213,R0213,P123,pickup,HOME_P123,46.123318690640914,4.0724745566266725,5,1,460,499
426,DO_R0213,R0213,P123,dropoff,H2,46.0457,4.0688,5,-1,470,515
427,PU_R0214,R0214,P123,pickup,H2,46.0457,4.0688,5,1,650,665
428,DO_R0214,R0214,P123,dropoff,HOME_P123,46.123318690640914,4.0724745566266725,5,-1,650,705
429,PU_R0215,R0215,P124,pickup,HOME_P124,46.092766662743635,3.9796372761379875,5,1,480,529
430,DO_R0215,R0215,P124,dropoff,H1,46.0533,4.0727,5,-1,500,545
431,PU_R0216,R0216,P124,pickup,H1,46.0533,4.0727,5,1,655,680
432,DO_R0216,R0216,P124,dropoff,HOME_P124,46.092766662743635,3.9796372761379875,5,-1,655,730
433,PU_R0217,R0217,P125,pickup,HOME_P125,46.00984850703972,4.137605499685929,5,1,500,552
434,DO_R0217,R0217,P125,dropoff,H1,46.0533,4.0727,5,-1,520,565
435,PU_R0218,R0218,P125,pickup,H1,46.0533,4.0727,5,1,675,700
436,DO_R0218,R0218,P125,dropoff,HOME_P125,46.00984850703972,4.137605499685929,5,-1,675,750
437,PU_R0219,R0219,P126,pickup,HOME_P126,46.01223961410128,4.178440157482415,5,1,490,538
438,DO_R0219,R0219,P126,dropoff,H1,46.0533,4.0727,5,-1,510,555
439,PU_R0220,R0220,P126,pickup,H1,46.0533,4.0727,5,1,640,665
440,DO_R0220,R0220,P126,dropoff,HOME_P126,46.01223961410128,4.178440157482415,5,-1,640,715
441,PU_R0221,R0221,P127,pickup,HOME_P127,46.07519639233128,4.050898397864795,5,1,470,518
442,DO_R0221,R0221,P127,dropoff,H2,46.0457,4.0688,5,-1,480,525
443,PU_R0222,R0222,P127,pickup,H2,46.0457,4.0688,5,1,755,770
444,DO_R0222,R0222,P127,dropoff,HOME_P127,46.07519639233128,4.050898397864795,5,-1,755,810
445,PU_R0223,R0223,P128,pickup,HOME_P128,46.036615729028526,3.9236796737787842,5,1,990,1034
446,DO_R0223,R0223,P128,dropoff,H2,46.0457,4.0688,5,-1,1010,1055
447,PU_R0224,R0224,P129,pickup,HOME_P129,46.11749645198528,4.003639764401091,5,1,455,493
448,DO_R0224,R0224,P129,dropoff,H2,46.0457,4.0688,5,-1,465,510
449,PU_R0225,R0225,P129,pickup,H2,46.0457,4.0688,5,1,620,635
450,DO_R0225,R0225,P129,dropoff,HOME_P129,46.11749645198528,4.003639764401091,5,-1,620,675
451,PU_R0226,R0226,P130,pickup,HOME_P130,46.060899100687784,4.0869760186595245,5,1,450,500
452,DO_R0226,R0226,P130,dropoff,H1,46.0533,4.0727,5,-1,460,505
453,PU_R0227,R0227,P130,pickup,H1,46.0533,4.0727,5,1,660,675
454,DO_R0227,R0227,P130,dropoff,HOME_P130,46.060899100687784,4.0869760186595245,5,-1,660,715
455,PU_R0228,R0228,P131,pickup,HOME_P131,46.01011879029884,4.110643817702654,5,1,455,500
456,DO_R0228,R0228,P131,dropoff,H2,46.0457,4.0688,5,-1,465,510
457,PU_R0229,R0229,P131,pickup,H2,46.0457,4.0688,5,1,755,770
458,DO_R0229,R0229,P131,dropoff,HOME_P131,46.01011879029884,4.110643817702654,5,-1,755,810
459,PU_R0230,R0230,P132,pickup,HOME_P132,46.056586550266495,4.036515859203458,5,1,620,679
460,DO_R0230,R0230,P132,dropoff,H1,46.0533,4.0727,5,-1,640,685
461,PU_R0231,R0231,P132,pickup,H1,46.0533,4.0727,5,1,770,795
462,DO_R0231,R0231,P132,dropoff,HOME_P132,46.056586550266495,4.036515859203458,5,-1,770,845
463,PU_R0232,R0232,P133,pickup,HOME_P133,46.062864547433286,4.204222846106971,5,1,490,536
464,DO_R0232,R0232,P133,dropoff,H1,46.0533,4.0727,5,-1,510,555
465,PU_R0233,R0233,P133,pickup,H1,46.0533,4.0727,5,1,630,655
466,DO_R0233,R0233,P133,dropoff,HOME_P133,46.062864547433286,4.204222846106971,5,-1,630,705
467,PU_R0234,R0234,P134,pickup,HOME_P134,45.97502604552488,4.124822758378941,5,1,860,908
468,DO_R0234,R0234,P134,dropoff,H2,46.0457,4.0688,5,-1,880,925
469,PU_R0235,R0235,P134,pickup,H2,46.0457,4.0688,5,1,965,990
470,DO_R0235,R0235,P134,dropoff,HOME_P134,45.97502604552488,4.124822758378941,5,-1,965,1040
471,PU_R0236,R0236,P135,pickup,HOME_P135,46.01624272092879,4.025018037075906,5,1,435,480
472,DO_R0236,R0236,P135,dropoff,H1,46.0533,4.0727,5,-1,445,490
473,PU_R0237,R0237,P135,pickup,H1,46.0533,4.0727,5,1,730,745
474,DO_R0237,R0237,P135,dropoff,HOME_P135,46.01624272092879,4.025018037075906,5,-1,730,785
475,PU_R0238,R0238,P136,pickup,HOME_P136,46.05577423796098,4.089212641182963,5,1,880,930
476,DO_R0238,R0238,P136,dropoff,H2,46.0457,4.0688,5,-1,890,935
477,PU_R0239,R0239,P137,pickup,HOME_P137,46.101823263822425,4.09798767781175,5,1,740,784
478,DO_R0239,R0239,P137,dropoff,H1,46.0533,4.0727,5,-1,750,795
479,PU_R0240,R0240,P138,pickup,HOME_P138,46.071533690162006,4.212133898118275,5,1,615,660
480,DO_R0240,R0240,P138,dropoff,H1,46.0533,4.0727,5,-1,635,680
481,PU_R0241,R0241,P138,pickup,H1,46.0533,4.0727,5,1,755,780
482,DO_R0241,R0241,P138,dropoff,HOME_P138,46.071533690162006,4.212133898118275,5,-1,755,830
483,PU_R0242,R0242,P139,pickup,HOME_P139,45.999492239449054,4.013798533266625,5,1,750,791
484,DO_R0242,R0242,P139,dropoff,H1,46.0533,4.0727,5,-1,760,805
485,PU_R0243,R0243,P140,pickup,HOME_P140,46.1090100061083,4.098591047895578,5,1,700,763
486,DO_R0243,R0243,P140,dropoff,H1,46.0533,4.0727,5,-1,730,775
487,PU_R0244,R0244,P140,pickup,H1,46.0533,4.0727,5,1,795,830
488,DO_R0244,R0244,P140,dropoff,HOME_P140,46.1090100061083,4.098591047895578,5,-1,795,890
489,PU_R0245,R0245,P141,pickup,HOME_P141,46.02975786903709,4.143530244769494,5,1,735,779
490,DO_R0245,R0245,P141,dropoff,H1,46.0533,4.0727,5,-1,745,790
491,PU_R0246,R0246,P142,pickup,HOME_P142,46.05077681874526,3.9450565484274076,5,1,940,987
492,DO_R0246,R0246,P142,dropoff,H1,46.0533,4.0727,5,-1,960,1005
493,PU_R0247,R0247,P143,pickup,HOME_P143,46.00799182976615,4.048684276721229,5,1,430,475
494,DO_R0247,R0247,P143,dropoff,H1,46.0533,4.0727,5,-1,440,485
495,PU_R0248,R0248,P143,pickup,H1,46.0533,4.0727,5,1,725,740
496,DO_R0248,R0248,P143,dropoff,HOME_P143,46.00799182976615,4.048684276721229,5,-1,725,780
497,PU_R0249,R0249,P144,pickup,HOME_P144,46.02638518647954,4.015030782065983,5,1,465,510
498,DO_R0249,R0249,P144,dropoff,H1,46.0533,4.0727,5,-1,475,520
499,PU_R0250,R0250,P144,pickup,H1,46.0533,4.0727,5,1,760,775
500,DO_R0250,R0250,P144,dropoff,HOME_P144,46.02638518647954,4.015030782065983,5,-1,760,815
501,PU_R0251,R0251,P145,pickup,HOME_P145,46.07531006319103,4.134583766279967,5,1,760,805
502,DO_R0251,R0251,P145,dropoff,H1,46.0533,4.0727,5,-1,770,815
503,PU_R0252,R0252,P146,pickup,HOME_P146,46.04264607119359,4.048822301453906,5,1,440,490
504,DO_R0252,R0252,P146,dropoff,H3,46.05,4.07,5,-1,450,495
505,PU_R0253,R0253,P146,pickup,H3,46.05,4.07,5,1,710,725
506,DO_R0253,R0253,P146,dropoff,HOME_P146,46.04264607119359,4.048822301453906,5,-1,710,765
507,PU_R0254,R0254,P147,pickup,HOME_P147,46.09262820378069,3.9399723285314243,5,1,610,654
508,DO_R0254,R0254,P147,dropoff,H2,46.0457,4.0688,5,-1,630,675
509,PU_R0255,R0255,P147,pickup,H2,46.0457,4.0688,5,1,700,725
510,DO_R0255,R0255,P147,dropoff,HOME_P147,46.09262820378069,3.9399723285314243,5,-1,700,775
511,PU_R0256,R0256,P148,pickup,HOME_P148,46.07908561089731,3.927128058021325,5,1,830,874
512,DO_R0256,R0256,P148,dropoff,H1,46.0533,4.0727,5,-1,850,895
513,PU_R0257,R0257,P148,pickup,H1,46.0533,4.0727,5,1,1005,1030
514,DO_R0257,R0257,P148,dropoff,HOME_P148,46.07908561089731,3.927128058021325,5,-1,1005,1080
515,PU_R0258,R0258,P149,pickup,HOME_P149,46.01328225585078,4.027205136492563,5,1,730,774
516,DO_R0258,R0258,P149,dropoff,H1,46.0533,4.0727,5,-1,740,785
517,PU_R0259,R0259,P149,pickup,H1,46.0533,4.0727,5,1,1025,1040
518,DO_R0259,R0259,P149,dropoff,HOME_P149,46.01328225585078,4.027205136492563,5,-1,1025,1080
519,PU_R0260,R0260,P150,pickup,HOME_P150,46.05768372242267,3.954850226828534,5,1,520,568
520,DO_R0260,R0260,P150,dropoff,H1,46.0533,4.0727,5,-1,540,585
521,PU_R0261,R0261,P150,pickup,H1,46.0533,4.0727,5,1,700,725
522,DO_R0261,R0261,P150,dropoff,HOME_P150,46.05768372242267,3.954850226828534,5,-1,700,775
523,PU_R0262,R0262,P151,pickup,HOME_P151,46.03884072656579,3.9776835043477723,5,1,835,887
524,DO_R0262,R0262,P151,dropoff,H2,46.0457,4.0688,5,-1,855,900
525,PU_R0263,R0263,P151,pickup,H2,46.0457,4.0688,5,1,935,960
526,DO_R0263,R0263,P151,dropoff,HOME_P151,46.03884072656579,3.9776835043477723,5,-1,935,1010
527,PU_R0264,R0264,P152,pickup,HOME_P152,46.0134934037643,4.014274017304486,5,1,455,508
528,DO_R0264,R0264,P152,dropoff,H1,46.0533,4.0727,5,-1,475,520
529,PU_R0265,R0265,P153,pickup,HOME_P153,45.980555668785954,4.064751507524316,5,1,725,766
530,DO_R0265,R0265,P153,dropoff,H3,46.05,4.07,5,-1,735,780
531,PU_R0266,R0266,P153,pickup,H3,46.05,4.07,5,1,995,1010
532,DO_R0266,R0266,P153,dropoff,HOME_P153,45.980555668785954,4.064751507524316,5,-1,995,1050
533,PU_R0267,R0267,P154,pickup,HOME_P154,46.087630301797326,4.11559316721781,5,1,650,695
534,DO_R0267,R0267,P154,dropoff,H1,46.0533,4.0727,5,-1,660,705
535,PU_R0268,R0268,P154,pickup,H1,46.0533,4.0727,5,1,870,885
536,DO_R0268,R0268,P154,dropoff,HOME_P154,46.087630301797326,4.11559316721781,5,-1,870,925
537,PU_R0269,R0269,P155,pickup,HOME_P155,46.10520871674726,4.095101697096748,5,1,770,813
538,DO_R0269,R0269,P155,dropoff,H3,46.05,4.07,5,-1,780,825
539,PU_R0270,R0270,P156,pickup,HOME_P156,46.03123754066629,4.089736776432292,5,1,460,520
540,DO_R0270,R0270,P156,dropoff,H1,46.0533,4.0727,5,-1,480,525
541,PU_R0271,R0271,P156,pickup,H1,46.0533,4.0727,5,1,600,625
542,DO_R0271,R0271,P156,dropoff,HOME_P156,46.03123754066629,4.089736776432292,5,-1,600,675
543,PU_R0272,R0272,P157,pickup,HOME_P157,46.0425592772679,4.085481321762372,5,1,765,815
544,DO_R0272,R0272,P157,dropoff,H2,46.0457,4.0688,5,-1,775,820
545,PU_R0273,R0273,P158,pickup,HOME_P158,46.079378521070836,4.038748588952254,5,1,435,483
546,DO_R0273,R0273,P158,dropoff,H1,46.0533,4.0727,5,-1,445,490
547,PU_R0274,R0274,P158,pickup,H1,46.0533,4.0727,5,1,640,655
548,DO_R0274,R0274,P158,dropoff,HOME_P158,46.079378521070836,4.038748588952254,5,-1,640,695
549,PU_R0275,R0275,P159,pickup,HOME_P159,45.99544034707189,4.0168517509272705,5,1,740,782
550,DO_R0275,R0275,P159,dropoff,H2,46.0457,4.0688,5,-1,750,795
551,PU_R0276,R0276,P160,pickup,HOME_P160,46.149238467673776,4.111997100039369,5,1,620,663
552,DO_R0276,R0276,P160,dropoff,H2,46.0457,4.0688,5,-1,640,685
553,PU_R0277,R0277,P161,pickup,HOME_P161,46.08242698590007,4.159500483400313,5,1,460,510
554,DO_R0277,R0277,P161,dropoff,H2,46.0457,4.0688,5,-1,480,525
555,PU_R0278,R0278,P161,pickup,H2,46.0457,4.0688,5,1,550,575
556,DO_R0278,R0278,P161,dropoff,HOME_P161,46.08242698590007,4.159500483400313,5,-1,550,625
557,PU_R0279,R0279,P162,pickup,HOME_P162,46.10394960775554,4.173248569921067,5,1,600,647
558,DO_R0279,R0279,P162,dropoff,H1,46.0533,4.0727,5,-1,620,665
559,PU_R0280,R0280,P162,pickup,H1,46.0533,4.0727,5,1,780,805
560,DO_R0280,R0280,P162,dropoff,HOME_P162,46.10394960775554,4.173248569921067,5,-1,780,855
561,PU_R0281,R0281,P163,pickup,HOME_P163,46.05723874448137,4.146030098458788,5,1,975,1019
562,DO_R0281,R0281,P163,dropoff,H1,46.0533,4.0727,5,-1,985,1030
563,PU_R0282,R0282,P164,pickup,HOME_P164,46.06588862125118,4.018675093729119,5,1,430,477
564,DO_R0282,R0282,P164,dropoff,H2,46.0457,4.0688,5,-1,440,485
565,PU_R0283,R0283,P164,pickup,H2,46.0457,4.0688,5,1,670,685
566,DO_R0283,R0283,P164,dropoff,HOME_P164,46.06588862125118,4.018675093729119,5,-1,670,725
567,PU_R0284,R0284,P165,pickup,HOME_P165,46.08237416976881,4.216762436640417,5,1,830,874
568,DO_R0284,R0284,P165,dropoff,H1,46.0533,4.0727,5,-1,850,895
569,PU_R0285,R0285,P166,pickup,HOME_P166,46.0341354745426,4.167857333124755,5,1,440,481
570,DO_R0285,R0285,P166,dropoff,H1,46.0533,4.0727,5,-1,450,495
571,PU_R0286,R0286,P166,pickup,H1,46.0533,4.0727,5,1,660,675
572,DO_R0286,R0286,P166,dropoff,HOME_P166,46.0341354745426,4.167857333124755,5,-1,660,715
573,PU_R0287,R0287,P167,pickup,HOME_P167,45.99602427542647,4.048504041907702,5,1,465,509
574,DO_R0287,R0287,P167,dropoff,H2,46.0457,4.0688,5,-1,475,520
575,PU_R0288,R0288,P167,pickup,H2,46.0457,4.0688,5,1,770,785
576,DO_R0288,R0288,P167,dropoff,HOME_P167,45.99602427542647,4.048504041907702,5,-1,770,825
577,PU_R0289,R0289,P168,pickup,HOME_P168,45.97096405584295,4.170470245524966,5,1,840,884
578,DO_R0289,R0289,P168,dropoff,H2,46.0457,4.0688,5,-1,860,905
579,PU_R0290,R0290,P168,pickup,H2,46.0457,4.0688,5,1,940,965
580,DO_R0290,R0290,P168,dropoff,HOME_P168,45.97096405584295,4.170470245524966,5,-1,940,1015
581,PU_R0291,R0291,P169,pickup,HOME_P169,46.08782539165024,3.9906163755663764,5,1,730,771
582,DO_R0291,R0291,P169,dropoff,H1,46.0533,4.0727,5,-1,740,785
583,PU_R0292,R0292,P169,pickup,H1,46.0533,4.0727,5,1,1025,1040
584,DO_R0292,R0292,P169,dropoff,HOME_P169,46.08782539165024,3.9906163755663764,5,-1,1025,1080
585,PU_R0293,R0293,P170,pickup,HOME_P170,46.03158558618386,3.9986071568992734,5,1,780,824
586,DO_R0293,R0293,P170,dropoff,H2,46.0457,4.0688,5,-1,790,835
587,PU_R0294,R0294,P171,pickup,HOME_P171,46.10028692877707,4.066569034009649,5,1,750,795
588,DO_R0294,R0294,P171,dropoff,H3,46.05,4.07,5,-1,760,805
589,PU_R0295,R0295,P172,pickup,HOME_P172,46.0731326134918,4.162656192670741,5,1,775,816
590,DO_R0295,R0295,P172,dropoff,H3,46.05,4.07,5,-1,785,830
591,PU_R0296,R0296,P173,pickup,HOME_P173,46.065540864342566,3.9779373659366146,5,1,530,581
592,DO_R0296,R0296,P173,dropoff,H1,46.0533,4.0727,5,-1,550,595
593,PU_R0297,R0297,P173,pickup,H1,46.0533,4.0727,5,1,715,740
594,DO_R0297,R0297,P173,dropoff,HOME_P173,46.065540864342566,3.9779373659366146,5,-1,715,790
595,PU_R0298,R0298,P174,pickup,HOME_P174,45.98651488422138,3.964824217590164,5,1,815,861
596,DO_R0298,R0298,P174,dropoff,H2,46.0457,4.0688,5,-1,835,880
597,PU_R0299,R0299,P174,pickup,H2,46.0457,4.0688,5,1,905,930
598,DO_R0299,R0299,P174,dropoff,HOME_P174,45.98651488422138,3.964824217590164,5,-1,905,980
599,PU_R0300,R0300,P175,pickup,HOME_P175,46.09858916258736,4.017034050384626,5,1,580,633
600,DO_R0300,R0300,P175,dropoff,H1,46.0533,4.0727,5,-1,600,645
601,PU_R0301,R0301,P175,pickup,H1,46.0533,4.0727,5,1,745,770
602,DO_R0301,R0301,P175,dropoff,HOME_P175,46.09858916258736,4.017034050384626,5,-1,745,820
603,PU_R0302,R0302,P176,pickup,HOME_P176,46.06735478753398,3.978317310764202,5,1,745,786
604,DO_R0302,R0302,P176,dropoff,H1,46.0533,4.0727,5,-1,755,800
605,PU_R0303,R0303,P177,pickup,HOME_P177,46.104416693617274,4.260123375025262,5,1,535,587
606,DO_R0303,R0303,P177,dropoff,H1,46.0533,4.0727,5,-1,570,615
607,PU_R0304,R0304,P177,pickup,H1,46.0533,4.0727,5,1,640,675
608,DO_R0304,R0304,P177,dropoff,HOME_P177,46.104416693617274,4.260123375025262,5,-1,640,740
609,PU_R0305,R0305,P178,pickup,HOME_P178,46.06642531353599,4.157746016161024,5,1,470,522
610,DO_R0305,R0305,P178,dropoff,H2,46.0457,4.0688,5,-1,490,535
611,PU_R0306,R0306,P178,pickup,H2,46.0457,4.0688,5,1,575,600
612,DO_R0306,R0306,P178,dropoff,HOME_P178,46.06642531353599,4.157746016161024,5,-1,575,650
613,PU_R0307,R0307,P179,pickup,HOME_P179,46.0423466740461,3.9835638537635516,5,1,425,467
614,DO_R0307,R0307,P179,dropoff,H1,46.0533,4.0727,5,-1,435,480
615,PU_R0308,R0308,P179,pickup,H1,46.0533,4.0727,5,1,720,735
616,DO_R0308,R0308,P179,dropoff,HOME_P179,46.0423466740461,3.9835638537635516,5,-1,720,775
617,PU_R0309,R0309,P180,pickup,HOME_P180,46.001805629813035,4.1172992453192565,5,1,745,789
618,DO_R0309,R0309,P180,dropoff,H2,46.0457,4.0688,5,-1,755,800
619,PU_R0310,R0310,P181,pickup,HOME_P181,46.02831826713069,4.1600312739572605,5,1,780,821
620,DO_R0310,R0310,P181,dropoff,H1,46.0533,4.0727,5,-1,790,835
621,PU_R0311,R0311,P182,pickup,HOME_P182,46.10458836658022,4.04448719423443,5,1,435,479
622,DO_R0311,R0311,P182,dropoff,H1,46.0533,4.0727,5,-1,445,490
623,PU_R0312,R0312,P182,pickup,H1,46.0533,4.0727,5,1,730,745
624,DO_R0312,R0312,P182,dropoff,HOME_P182,46.10458836658022,4.04448719423443,5,-1,730,785
625,PU_R0313,R0313,P183,pickup,HOME_P183,46.05470086793839,4.149746256447606,5,1,445,489
626,DO_R0313,R0313,P183,dropoff,H1,46.0533,4.0727,5,-1,455,500
627,PU_R0314,R0314,P183,pickup,H1,46.0533,4.0727,5,1,740,755
628,DO_R0314,R0314,P183,dropoff,HOME_P183,46.05470086793839,4.149746256447606,5,-1,740,795
629,PU_R0315,R0315,P184,pickup,HOME_P184,46.08959234593748,4.032949652978762,5,1,725,770
630,DO_R0315,R0315,P184,dropoff,H1,46.0533,4.0727,5,-1,735,780
631,PU_R0316,R0316,P184,pickup,H1,46.0533,4.0727,5,1,1020,1035
632,DO_R0316,R0316,P184,dropoff,HOME_P184,46.08959234593748,4.032949652978762,5,-1,1020,1075
633,PU_R0317,R0317,P185,pickup,HOME_P185,46.03178898834996,4.07848777310234,5,1,780,830
634,DO_R0317,R0317,P185,dropoff,H1,46.0533,4.0727,5,-1,790,835
635,PU_R0318,R0318,P186,pickup,HOME_P186,46.007581284848,4.1910108643225845,5,1,510,556
636,DO_R0318,R0318,P186,dropoff,H2,46.0457,4.0688,5,-1,530,575
637,PU_R0319,R0319,P186,pickup,H2,46.0457,4.0688,5,1,605,630
638,DO_R0319,R0319,P186,dropoff,HOME_P186,46.007581284848,4.1910108643225845,5,-1,605,680
639,PU_R0320,R0320,P187,pickup,HOME_P187,46.05410014119338,4.156438715919687,5,1,745,788
640,DO_R0320,R0320,P187,dropoff,H1,46.0533,4.0727,5,-1,755,800
641,PU_R0321,R0321,P188,pickup,HOME_P188,46.10447795149907,4.079539541805267,5,1,435,478
642,DO_R0321,R0321,P188,dropoff,H2,46.0457,4.0688,5,-1,445,490
643,PU_R0322,R0322,P188,pickup,H2,46.0457,4.0688,5,1,780,795
644,DO_R0322,R0322,P188,dropoff,HOME_P188,46.10447795149907,4.079539541805267,5,-1,780,835
645,PU_R0323,R0323,P189,pickup,HOME_P189,46.075849487415546,4.022133134196796,5,1,440,486
646,DO_R0323,R0323,P189,dropoff,H1,46.0533,4.0727,5,-1,450,495
647,PU_R0324,R0324,P189,pickup,H1,46.0533,4.0727,5,1,660,675
648,DO_R0324,R0324,P189,dropoff,HOME_P189,46.075849487415546,4.022133134196796,5,-1,660,715
649,PU_R0325,R0325,P190,pickup,HOME_P190,46.060303965131546,4.136282011036991,5,1,940,996
650,DO_R0325,R0325,P190,dropoff,H1,46.0533,4.0727,5,-1,960,1005
651,PU_R0326,R0326,P191,pickup,HOME_P191,45.99568093437383,3.9672213614410783,5,1,800,847
652,DO_R0326,R0326,P191,dropoff,H2,46.0457,4.0688,5,-1,820,865
653,PU_R0327,R0327,P191,pickup,H2,46.0457,4.0688,5,1,890,915
654,DO_R0327,R0327,P191,dropoff,HOME_P191,45.99568093437383,3.9672213614410783,5,-1,890,965
655,PU_R0328,R0328,P192,pickup,HOME_P192,46.11959879759164,4.052711567104113,5,1,480,521
656,DO_R0328,R0328,P192,dropoff,H1,46.0533,4.0727,5,-1,490,535
657,PU_R0329,R0329,P192,pickup,H1,46.0533,4.0727,5,1,775,790
658,DO_R0329,R0329,P192,dropoff,HOME_P192,46.11959879759164,4.052711567104113,5,-1,775,830
659,PU_R0330,R0330,P193,pickup,HOME_P193,46.00664312737814,4.064308738303931,5,1,470,525
660,DO_R0330,R0330,P193,dropoff,H1,46.0533,4.0727,5,-1,490,535
661,PU_R0331,R0331,P193,pickup,H1,46.0533,4.0727,5,1,615,640
662,DO_R0331,R0331,P193,dropoff,HOME_P193,46.00664312737814,4.064308738303931,5,-1,615,690
663,PU_R0332,R0332,P194,pickup,HOME_P194,46.083344731659324,4.043354866313014,5,1,915,972
664,DO_R0332,R0332,P194,dropoff,H1,46.0533,4.0727,5,-1,935,980
665,PU_R0333,R0333,P195,pickup,HOME_P195,45.98825326477504,4.01766155850075,5,1,460,501
666,DO_R0333,R0333,P195,dropoff,H2,46.0457,4.0688,5,-1,470,515
667,PU_R0334,R0334,P195,pickup,H2,46.0457,4.0688,5,1,760,775
668,DO_R0334,R0334,P195,dropoff,HOME_P195,45.98825326477504,4.01766155850075,5,-1,760,815
669,PU_R0335,R0335,P196,pickup,HOME_P196,46.10035546330388,4.037519375629283,5,1,625,669
670,DO_R0335,R0335,P196,dropoff,H1,46.0533,4.0727,5,-1,635,680
671,PU_R0336,R0336,P196,pickup,H1,46.0533,4.0727,5,1,840,855
672,DO_R0336,R0336,P196,dropoff,HOME_P196,46.10035546330388,4.037519375629283,5,-1,840,895
673,PU_R0337,R0337,P197,pickup,HOME_P197,46.00695498656949,3.953342593195715,5,1,635,682
674,DO_R0337,R0337,P197,dropoff,H2,46.0457,4.0688,5,-1,655,700
675,PU_R0338,R0338,P197,pickup,H2,46.0457,4.0688,5,1,735,760
676,DO_R0338,R0338,P197,dropoff,HOME_P197,46.00695498656949,3.953342593195715,5,-1,735,810
677,PU_R0339,R0339,P198,pickup,HOME_P198,46.08234212372784,3.9681754800071216,5,1,455,494
678,DO_R0339,R0339,P198,dropoff,H1,46.0533,4.0727,5,-1,465,510
679,PU_R0340,R0340,P198,pickup,H1,46.0533,4.0727,5,1,690,705
680,DO_R0340,R0340,P198,dropoff,HOME_P198,46.08234212372784,3.9681754800071216,5,-1,690,745
681,PU_R0341,R0341,P199,pickup,HOME_P199,46.04069679114702,4.008509945849755,5,1,745,791
682,DO_R0341,R0341,P199,dropoff,H2,46.0457,4.0688,5,-1,755,800
683,PU_R0342,R0342,P199,pickup,H2,46.0457,4.0688,5,1,930,945
684,DO_R0342,R0342,P199,dropoff,HOME_P199,46.04069679114702,4.008509945849755,5,-1,930,985
685,PU_R0343,R0343,P200,pickup,HOME_P200,46.118105308673584,4.056961757612395,5,1,725,766
686,DO_R0343,R0343,P200,dropoff,H1,46.0533,4.0727,5,-1,735,780
687,PU_R0344,R0344,P200,pickup,H1,46.0533,4.0727,5,1,1020,1035
688,DO_R0344,R0344,P200,dropoff,HOME_P200,46.118105308673584,4.056961757612395,5,-1,1020,1075
689,PU_R0345,R0345,P201,pickup,HOME_P201,46.127395345776925,4.079904452717974,5,1,460,498
690,DO_R0345,R0345,P201,dropoff,H2,46.0457,4.0688,5,-1,470,515
691,PU_R0346,R0346,P201,pickup,H2,46.0457,4.0688,5,1,625,640
692,DO_R0346,R0346,P201,dropoff,HOME_P201,46.127395345776925,4.079904452717974,5,-1,625,680
693,PU_R0347,R0347,P202,pickup,HOME_P202,46.10518153412622,3.9859818855281652,5,1,505,554
694,DO_R0347,R0347,P202,dropoff,H1,46.0533,4.0727,5,-1,525,570
695,PU_R0348,R0348,P202,pickup,H1,46.0533,4.0727,5,1,670,695
696,DO_R0348,R0348,P202,dropoff,HOME_P202,46.10518153412622,3.9859818855281652,5,-1,670,745
697,PU_R0349,R0349,P203,pickup,HOME_P203,46.066102937113996,4.060517961275354,5,1,455,505
698,DO_R0349,R0349,P203,dropoff,H3,46.05,4.07,5,-1,465,510
699,PU_R0350,R0350,P203,pickup,H3,46.05,4.07,5,1,770,785
700,DO_R0350,R0350,P203,dropoff,HOME_P203,46.066102937113996,4.060517961275354,5,-1,770,825
701,PU_R0351,R0351,P204,pickup,HOME_P204,46.105087124362875,4.15848926592234,5,1,475,514
702,DO_R0351,R0351,P204,dropoff,H1,46.0533,4.0727,5,-1,485,530
703,PU_R0352,R0352,P204,pickup,H1,46.0533,4.0727,5,1,710,725
704,DO_R0352,R0352,P204,dropoff,HOME_P204,46.105087124362875,4.15848926592234,5,-1,710,765
705,PU_R0353,R0353,P205,pickup,HOME_P205,46.092646967422674,4.022978299682748,5,1,730,774
706,DO_R0353,R0353,P205,dropoff,H1,46.0533,4.0727,5,-1,740,785
707,PU_R0354,R0354,P205,pickup,H1,46.0533,4.0727,5,1,1025,1040
708,DO_R0354,R0354,P205,dropoff,HOME_P205,46.092646967422674,4.022978299682748,5,-1,1025,1080
709,PU_R0355,R0355,P206,pickup,HOME_P206,45.99053805525639,4.088965795428889,5,1,465,508
710,DO_R0355,R0355,P206,dropoff,H2,46.0457,4.0688,5,-1,475,520
711,PU_R0356,R0356,P206,pickup,H2,46.0457,4.0688,5,1,790,805
712,DO_R0356,R0356,P206,dropoff,HOME_P206,45.99053805525639,4.088965795428889,5,-1,790,845
713,PU_R0357,R0357,P207,pickup,HOME_P207,45.99583597183931,4.078878935776971,5,1,440,483
714,DO_R0357,R0357,P207,dropoff,H1,46.0533,4.0727,5,-1,450,495
715,PU_R0358,R0358,P207,pickup,H1,46.0533,4.0727,5,1,665,680
716,DO_R0358,R0358,P207,dropoff,HOME_P207,45.99583597183931,4.078878935776971,5,-1,665,720
717,PU_R0359,R0359,P208,pickup,HOME_P208,46.11224773541996,4.1125456053016585,5,1,460,501
718,DO_R0359,R0359,P208,dropoff,H3,46.05,4.07,5,-1,470,515
719,PU_R0360,R0360,P208,pickup,H3,46.05,4.07,5,1,775,790
720,DO_R0360,R0360,P208,dropoff,HOME_P208,46.11224773541996,4.1125456053016585,5,-1,775,830
721,PU_R0361,R0361,P209,pickup,HOME_P209,45.979194238462725,4.0839506650488016,5,1,795,845
722,DO_R0361,R0361,P209,dropoff,H1,46.0533,4.0727,5,-1,815,860
723,PU_R0362,R0362,P209,pickup,H1,46.0533,4.0727,5,1,965,990
724,DO_R0362,R0362,P209,dropoff,HOME_P209,45.979194238462725,4.0839506650488016,5,-1,965,1040
725,PU_R0363,R0363,P210,pickup,HOME_P210,46.05892887616679,4.126134971718126,5,1,455,501
726,DO_R0363,R0363,P210,dropoff,H2,46.0457,4.0688,5,-1,465,510
727,PU_R0364,R0364,P210,pickup,H2,46.0457,4.0688,5,1,735,750
728,DO_R0364,R0364,P210,dropoff,HOME_P210,46.05892887616679,4.126134971718126,5,-1,735,790
729,PU_R0365,R0365,P211,pickup,HOME_P211,46.015619951089135,4.14833440552967,5,1,430,472
730,DO_R0365,R0365,P211,dropoff,H1,46.0533,4.0727,5,-1,440,485
731,PU_R0366,R0366,P211,pickup,H1,46.0533,4.0727,5,1,635,650
732,DO_R0366,R0366,P211,dropoff,HOME_P211,46.015619951089135,4.14833440552967,5,-1,635,690
733,PU_R0367,R0367,P212,pickup,HOME_P212,46.07676876705077,4.131179419635718,5,1,1010,1064
734,DO_R0367,R0367,P212,dropoff,H2,46.0457,4.0688,5,-1,1030,1075
735,PU_R0368,R0368,P213,pickup,HOME_P213,45.96372650036208,4.003345288612726,5,1,460,504
736,DO_R0368,R0368,P213,dropoff,H1,46.0533,4.0727,5,-1,480,525
737,PU_R0369,R0369,P213,pickup,H1,46.0533,4.0727,5,1,585,610
738,DO_R0369,R0369,P213,dropoff,HOME_P213,45.96372650036208,4.003345288612726,5,-1,585,660
739,PU_R0370,R0370,P214,pickup,HOME_P214,46.0498199537819,3.9906094585467016,5,1,745,788
740,DO_R0370,R0370,P214,dropoff,H1,46.0533,4.0727,5,-1,755,800
741,PU_R0371,R0371,P215,pickup,HOME_P215,46.10232633809615,4.169731999969209,5,1,450,488
742,DO_R0371,R0371,P215,dropoff,H1,46.0533,4.0727,5,-1,460,505
743,PU_R0372,R0372,P215,pickup,H1,46.0533,4.0727,5,1,680,695
744,DO_R0372,R0372,P215,dropoff,HOME_P215,46.10232633809615,4.169731999969209,5,-1,680,735
745,PU_R0373,R0373,P216,pickup,HOME_P216,46.084841738070146,4.013939974268204,5,1,440,484
746,DO_R0373,R0373,P216,dropoff,H2,46.0457,4.0688,5,-1,450,495
747,PU_R0374,R0374,P216,pickup,H2,46.0457,4.0688,5,1,730,745
748,DO_R0374,R0374,P216,dropoff,HOME_P216,46.084841738070146,4.013939974268204,5,-1,730,785
749,PU_R0375,R0375,P217,pickup,HOME_P217,46.120454510779865,4.0906577793421155,5,1,730,771
750,DO_R0375,R0375,P217,dropoff,H1,46.0533,4.0727,5,-1,740,785
751,PU_R0376,R0376,P217,pickup,H1,46.0533,4.0727,5,1,1025,1040
752,DO_R0376,R0376,P217,dropoff,HOME_P217,46.120454510779865,4.0906577793421155,5,-1,1025,1080
753,PU_R0377,R0377,P218,pickup,HOME_P218,46.02488212578781,3.9971808453183733,5,1,850,903
754,DO_R0377,R0377,P218,dropoff,H1,46.0533,4.0727,5,-1,870,915
755,PU_R0378,R0378,P219,pickup,HOME_P219,46.03134557615959,3.990803396233123,5,1,725,768
756,DO_R0378,R0378,P219,dropoff,H3,46.05,4.07,5,-1,735,780
757,PU_R0379,R0379,P219,pickup,H3,46.05,4.07,5,1,1025,1040
758,DO_R0379,R0379,P219,dropoff,HOME_P219,46.03134557615959,3.990803396233123,5,-1,1025,1080
759,PU_R0380,R0380,P220,pickup,HOME_P220,46.000620280232795,4.093392108338276,5,1,465,510
760,DO_R0380,R0380,P220,dropoff,H2,46.0457,4.0688,5,-1,475,520
761,PU_R0381,R0381,P220,pickup,H2,46.0457,4.0688,5,1,810,825
762,DO_R0381,R0381,P220,dropoff,HOME_P220,46.000620280232795,4.093392108338276,5,-1,810,865
763,PU_R0382,R0382,P221,pickup,HOME_P221,46.03139451467591,4.0850018257227605,5,1,485,545
764,DO_R0382,R0382,P221,dropoff,H1,46.0533,4.0727,5,-1,505,550
765,PU_R0383,R0383,P221,pickup,H1,46.0533,4.0727,5,1,620,645
766,DO_R0383,R0383,P221,dropoff,HOME_P221,46.03139451467591,4.0850018257227605,5,-1,620,695
767,PU_R0384,R0384,P222,pickup,HOME_P222,46.00405956498591,4.03259421790542,5,1,460,515
768,DO_R0384,R0384,P222,dropoff,H2,46.0457,4.0688,5,-1,480,525
769,PU_R0385,R0385,P222,pickup,H2,46.0457,4.0688,5,1,560,585
770,DO_R0385,R0385,P222,dropoff,HOME_P222,46.00405956498591,4.03259421790542,5,-1,560,635
771,PU_R0386,R0386,P223,pickup,HOME_P223,46.07717041857787,4.058800527867965,5,1,965,1014
772,DO_R0386,R0386,P223,dropoff,H1,46.0533,4.0727,5,-1,975,1020
773,PU_R0387,R0387,P224,pickup,HOME_P224,45.98581553028418,4.045355062104477,5,1,455,496
774,DO_R0387,R0387,P224,dropoff,H1,46.0533,4.0727,5,-1,465,510
775,PU_R0388,R0388,P224,pickup,H1,46.0533,4.0727,5,1,750,765
776,DO_R0388,R0388,P224,dropoff,HOME_P224,45.98581553028418,4.045355062104477,5,-1,750,805
777,PU_R0389,R0389,P225,pickup,HOME_P225,46.036235116559865,4.1002628007582365,5,1,445,494
778,DO_R0389,R0389,P225,dropoff,H1,46.0533,4.0727,5,-1,455,500
779,PU_R0390,R0390,P225,pickup,H1,46.0533,4.0727,5,1,740,755
780,DO_R0390,R0390,P225,dropoff,HOME_P225,46.036235116559865,4.1002628007582365,5,-1,740,795
781,PU_R0391,R0391,P226,pickup,HOME_P226,46.057643279254386,4.078912693285394,5,1,455,505
782,DO_R0391,R0391,P226,dropoff,H1,46.0533,4.0727,5,-1,465,510
783,PU_R0392,R0392,P226,pickup,H1,46.0533,4.0727,5,1,750,765
784,DO_R0392,R0392,P226,dropoff,HOME_P226,46.057643279254386,4.078912693285394,5,-1,750,805
785,PU_R0393,R0393,P227,pickup,HOME_P227,46.04539281275722,4.060732396655944,5,1,480,530
786,DO_R0393,R0393,P227,dropoff,H1,46.0533,4.0727,5,-1,490,535
787,PU_R0394,R0394,P227,pickup,H1,46.0533,4.0727,5,1,775,790
788,DO_R0394,R0394,P227,dropoff,HOME_P227,46.04539281275722,4.060732396655944,5,-1,775,830
789,PU_R0395,R0395,P228,pickup,HOME_P228,45.98750113852115,4.077666761029981,5,1,425,467
790,DO_R0395,R0395,P228,dropoff,H3,46.05,4.07,5,-1,435,480
791,PU_R0396,R0396,P228,pickup,H3,46.05,4.07,5,1,735,750
792,DO_R0396,R0396,P228,dropoff,HOME_P228,45.98750113852115,4.077666761029981,5,-1,735,790
793,PU_R0397,R0397,P229,pickup,HOME_P229,46.02134154191229,4.095686879636057,5,1,825,883
794,DO_R0397,R0397,P229,dropoff,H2,46.0457,4.0688,5,-1,845,890
795,PU_R0398,R0398,P229,pickup,H2,46.0457,4.0688,5,1,930,955
796,DO_R0398,R0398,P229,dropoff,HOME_P229,46.02134154191229,4.095686879636057,5,-1,930,1005
797,PU_R0399,R0399,P230,pickup,HOME_P230,46.10971706505823,4.027493008274608,5,1,455,497
798,DO_R0399,R0399,P230,dropoff,H1,46.0533,4.0727,5,-1,465,510
799,PU_R0400,R0400,P230,pickup,H1,46.0533,4.0727,5,1,750,765
800,DO_R0400,R0400,P230,dropoff,HOME_P230,46.10971706505823,4.027493008274608,5,-1,750,805
801,PU_R0401,R0401,P231,pickup,HOME_P231,46.137435940285286,4.114616025488356,5,1,455,492
802,DO_R0401,R0401,P231,dropoff,H1,46.0533,4.0727,5,-1,465,510
803,PU_R0402,R0402,P231,pickup,H1,46.0533,4.0727,5,1,670,685
804,DO_R0402,R0402,P231,dropoff,HOME_P231,46.137435940285286,4.114616025488356,5,-1,670,725
805,PU_R0403,R0403,P232,pickup,HOME_P232,45.997044220492725,4.1007532208714075,5,1,635,678
806,DO_R0403,R0403,P232,dropoff,H1,46.0533,4.0727,5,-1,645,690
807,PU_R0404,R0404,P232,pickup,H1,46.0533,4.0727,5,1,840,855
808,DO_R0404,R0404,P232,dropoff,HOME_P232,45.997044220492725,4.1007532208714075,5,-1,840,895
809,PU_R0405,R0405,P233,pickup,HOME_P233,46.044948390242475,3.9261404538615263,5,1,990,1035
810,DO_R0405,R0405,P233,dropoff,H2,46.0457,4.0688,5,-1,1010,1055
811,PU_R0406,R0406,P234,pickup,HOME_P234,45.94217842220866,4.110231690449165,5,1,785,828
812,DO_R0406,R0406,P234,dropoff,H2,46.0457,4.0688,5,-1,805,850
813,PU_R0407,R0407,P234,pickup,H2,46.0457,4.0688,5,1,890,915
814,DO_R0407,R0407,P234,dropoff,HOME_P234,45.94217842220866,4.110231690449165,5,-1,890,965
815,PU_R0408,R0408,P235,pickup,HOME_P235,46.040661640696655,4.177717031716911,5,1,840,900
816,DO_R0408,R0408,P235,dropoff,H1,46.0533,4.0727,5,-1,870,915
817,PU_R0409,R0409,P235,pickup,H1,46.0533,4.0727,5,1,945,980
818,DO_R0409,R0409,P235,dropoff,HOME_P235,46.040661640696655,4.177717031716911,5,-1,945,1040
819,PU_R0410,R0410,P236,pickup,HOME_P236,45.964239175138744,3.991419143114643,5,1,625,669
820,DO_R0410,R0410,P236,dropoff,H1,46.0533,4.0727,5,-1,645,690
821,PU_R0411,R0411,P237,pickup,HOME_P237,46.10758355638991,4.0819726974389425,5,1,975,1018
822,DO_R0411,R0411,P237,dropoff,H3,46.05,4.07,5,-1,985,1030
823,PU_R0412,R0412,P238,pickup,HOME_P238,46.07267916579347,4.161849266301273,5,1,625,677
824,DO_R0412,R0412,P238,dropoff,H1,46.0533,4.0727,5,-1,645,690
825,PU_R0413,R0413,P238,pickup,H1,46.0533,4.0727,5,1,800,825
826,DO_R0413,R0413,P238,dropoff,HOME_P238,46.07267916579347,4.161849266301273,5,-1,800,875
827,PU_R0414,R0414,P239,pickup,HOME_P239,46.096536923262335,3.9861631834299804,5,1,660,700
828,DO_R0414,R0414,P239,dropoff,H1,46.0533,4.0727,5,-1,670,715
829,PU_R0415,R0415,P240,pickup,HOME_P240,46.08443635008429,3.997051068009683,5,1,460,502
830,DO_R0415,R0415,P240,dropoff,H1,46.0533,4.0727,5,-1,470,515
831,PU_R0416,R0416,P240,pickup,H1,46.0533,4.0727,5,1,755,770
832,DO_R0416,R0416,P240,dropoff,HOME_P240,46.08443635008429,3.997051068009683,5,-1,755,810
833,PU_R0417,R0417,P241,pickup,HOME_P241,46.02260054873624,4.0894091074367696,5,1,425,473
834,DO_R0417,R0417,P241,dropoff,H1,46.0533,4.0727,5,-1,435,480
835,PU_R0418,R0418,P241,pickup,H1,46.0533,4.0727,5,1,720,735
836,DO_R0418,R0418,P241,dropoff,HOME_P241,46.02260054873624,4.0894091074367696,5,-1,720,775
837,PU_R0419,R0419,P242,pickup,HOME_P242,46.00292152417006,4.043023099288286,5,1,460,504
838,DO_R0419,R0419,P242,dropoff,H1,46.0533,4.0727,5,-1,470,515
839,PU_R0420,R0420,P242,pickup,H1,46.0533,4.0727,5,1,755,770
840,DO_R0420,R0420,P242,dropoff,HOME_P242,46.00292152417006,4.043023099288286,5,-1,755,810
841,PU_R0421,R0421,P243,pickup,HOME_P243,45.99737319423379,4.064156013906766,5,1,755,800
842,DO_R0421,R0421,P243,dropoff,H2,46.0457,4.0688,5,-1,765,810
843,PU_R0422,R0422,P244,pickup,HOME_P244,46.14617964319226,4.018610183854233,5,1,815,860
844,DO_R0422,R0422,P244,dropoff,H1,46.0533,4.0727,5,-1,835,880
845,PU_R0423,R0423,P244,pickup,H1,46.0533,4.0727,5,1,975,1000
846,DO_R0423,R0423,P244,dropoff,HOME_P244,46.14617964319226,4.018610183854233,5,-1,975,1050
847,PU_R0424,R0424,P245,pickup,HOME_P245,46.06328024038716,4.093987339762146,5,1,765,815
848,DO_R0424,R0424,P245,dropoff,H1,46.0533,4.0727,5,-1,775,820
849,PU_R0425,R0425,P246,pickup,HOME_P246,46.067491990709954,4.139893809396366,5,1,800,855
850,DO_R0425,R0425,P246,dropoff,H1,46.0533,4.0727,5,-1,820,865
851,PU_R0426,R0426,P246,pickup,H1,46.0533,4.0727,5,1,950,975
852,DO_R0426,R0426,P246,dropoff,HOME_P246,46.067491990709954,4.139893809396366,5,-1,950,1025
853,PU_R0427,R0427,P247,pickup,HOME_P247,45.991288668595956,4.1223278701628105,5,1,430,470
854,DO_R0427,R0427,P247,dropoff,H1,46.0533,4.0727,5,-1,440,485
855,PU_R0428,R0428,P247,pickup,H1,46.0533,4.0727,5,1,725,740
856,DO_R0428,R0428,P247,dropoff,HOME_P247,45.991288668595956,4.1223278701628105,5,-1,725,780
857,PU_R0429,R0429,P248,pickup,HOME_P248,46.08579970087227,4.006433747416381,5,1,480,523
858,DO_R0429,R0429,P248,dropoff,H3,46.05,4.07,5,-1,490,535
859,PU_R0430,R0430,P248,pickup,H3,46.05,4.07,5,1,755,770
860,DO_R0430,R0430,P248,dropoff,HOME_P248,46.08579970087227,4.006433747416381,5,-1,755,810
861,PU_R0431,R0431,P249,pickup,HOME_P249,46.07433173651159,4.02552946021971,5,1,460,516
862,DO_R0431,R0431,P249,dropoff,H2,46.0457,4.0688,5,-1,480,525
863,PU_R0432,R0432,P249,pickup,H2,46.0457,4.0688,5,1,560,585
864,DO_R0432,R0432,P249,dropoff,HOME_P249,46.07433173651159,4.02552946021971,5,-1,560,635
865,PU_R0433,R0433,P250,pickup,HOME_P250,46.097765888015886,4.053234316711484,5,1,610,665
866,DO_R0433,R0433,P250,dropoff,H1,46.0533,4.0727,5,-1,630,675
867,PU_R0434,R0434,P250,pickup,H1,46.0533,4.0727,5,1,790,815
868,DO_R0434,R0434,P250,dropoff,HOME_P250,46.097765888015886,4.053234316711484,5,-1,790,865
869,PU_R0435,R0435,P251,pickup,HOME_P251,46.11170460884874,4.036196958149428,5,1,480,521
870,DO_R0435,R0435,P251,dropoff,H2,46.0457,4.0688,5,-1,490,535
871,PU_R0436,R0436,P251,pickup,H2,46.0457,4.0688,5,1,825,840
872,DO_R0436,R0436,P251,dropoff,HOME_P251,46.11170460884874,4.036196958149428,5,-1,825,880
873,PU_R0437,R0437,P252,pickup,HOME_P252,46.04263014753361,4.146901682465969,5,1,745,789
874,DO_R0437,R0437,P252,dropoff,H1,46.0533,4.0727,5,-1,755,800
875,PU_R0438,R0438,P253,pickup,HOME_P253,46.12079919099702,4.009026576338368,5,1,790,837
876,DO_R0438,R0438,P253,dropoff,H2,46.0457,4.0688,5,-1,810,855
877,PU_R0439,R0439,P253,pickup,H2,46.0457,4.0688,5,1,895,920
878,DO_R0439,R0439,P253,dropoff,HOME_P253,46.12079919099702,4.009026576338368,5,-1,895,970
879,PU_R0440,R0440,P254,pickup,HOME_P254,46.084356983298036,4.134960899244779,5,1,440,484
880,DO_R0440,R0440,P254,dropoff,H1,46.0533,4.0727,5,-1,450,495
881,PU_R0441,R0441,P254,pickup,H1,46.0533,4.0727,5,1,735,750
882,DO_R0441,R0441,P254,dropoff,HOME_P254,46.084356983298036,4.134960899244779,5,-1,735,790
883,PU_R0442,R0442,P255,pickup,HOME_P255,46.05094701741225,4.061777605500723,5,1,775,825
884,DO_R0442,R0442,P255,dropoff,H2,46.0457,4.0688,5,-1,785,830
885,PU_R0443,R0443,P256,pickup,HOME_P256,46.10950710185015,4.045676272435313,5,1,445,488
886,DO_R0443,R0443,P256,dropoff,H1,46.0533,4.0727,5,-1,455,500
887,PU_R0444,R0444,P256,pickup,H1,46.0533,4.0727,5,1,675,690
888,DO_R0444,R0444,P256,dropoff,HOME_P256,46.10950710185015,4.045676272435313,5,-1,675,730
889,PU_R0445,R0445,P257,pickup,HOME_P257,46.00358081996436,3.9414307243827205,5,1,590,634
890,DO_R0445,R0445,P257,dropoff,H1,46.0533,4.0727,5,-1,610,655
891,PU_R0446,R0446,P257,pickup,H1,46.0533,4.0727,5,1,755,780
892,DO_R0446,R0446,P257,dropoff,HOME_P257,46.00358081996436,3.9414307243827205,5,-1,755,830
893,PU_R0447,R0447,P258,pickup,HOME_P258,45.9976741176107,4.009593935169944,5,1,450,491
894,DO_R0447,R0447,P258,dropoff,H3,46.05,4.07,5,-1,460,505
895,PU_R0448,R0448,P258,pickup,H3,46.05,4.07,5,1,745,760
896,DO_R0448,R0448,P258,dropoff,HOME_P258,45.9976741176107,4.009593935169944,5,-1,745,800
897,PU_R0449,R0449,P259,pickup,HOME_P259,46.059252098017346,3.9756099052566007,5,1,590,641
898,DO_R0449,R0449,P259,dropoff,H1,46.0533,4.0727,5,-1,610,655
899,PU_R0450,R0450,P259,pickup,H1,46.0533,4.0727,5,1,745,770
900,DO_R0450,R0450,P259,dropoff,HOME_P259,46.059252098017346,3.9756099052566007,5,-1,745,820
901,PU_R0451,R0451,P260,pickup,HOME_P260,46.088980760320275,4.068157747288143,5,1,450,497
902,DO_R0451,R0451,P260,dropoff,H3,46.05,4.07,5,-1,460,505
903,PU_R0452,R0452,P260,pickup,H3,46.05,4.07,5,1,750,765
904,DO_R0452,R0452,P260,dropoff,HOME_P260,46.088980760320275,4.068157747288143,5,-1,750,805
905,PU_R0453,R0453,P261,pickup,HOME_P261,46.00514207017001,4.024758367061378,5,1,635,678
906,DO_R0453,R0453,P261,dropoff,H1,46.0533,4.0727,5,-1,645,690
907,PU_R0454,R0454,P261,pickup,H1,46.0533,4.0727,5,1,865,880
908,DO_R0454,R0454,P261,dropoff,HOME_P261,46.00514207017001,4.024758367061378,5,-1,865,920
909,PU_R0455,R0455,P262,pickup,HOME_P262,45.9580928379865,4.029165947470042,5,1,910,955
910,DO_R0455,R0455,P262,dropoff,H1,46.0533,4.0727,5,-1,930,975
911,PU_R0456,R0456,P263,pickup,HOME_P263,46.0403924841738,4.133251045574016,5,1,740,786
912,DO_R0456,R0456,P263,dropoff,H1,46.0533,4.0727,5,-1,750,795
913,PU_R0457,R0457,P264,pickup,HOME_P264,46.13865449437877,4.09441009172471,5,1,620,667
914,DO_R0457,R0457,P264,dropoff,H1,46.0533,4.0727,5,-1,640,685
915,PU_R0458,R0458,P264,pickup,H1,46.0533,4.0727,5,1,780,805
916,DO_R0458,R0458,P264,dropoff,HOME_P264,46.13865449437877,4.09441009172471,5,-1,780,855
917,PU_R0459,R0459,P265,pickup,HOME_P265,46.004123030105895,4.146846629157922,5,1,775,816
918,DO_R0459,R0459,P265,dropoff,H2,46.0457,4.0688,5,-1,785,830
919,PU_R0460,R0460,P266,pickup,HOME_P266,46.04817588696761,3.950378379378014,5,1,465,513
920,DO_R0460,R0460,P266,dropoff,H1,46.0533,4.0727,5,-1,485,530
921,PU_R0461,R0461,P266,pickup,H1,46.0533,4.0727,5,1,645,670
922,DO_R0461,R0461,P266,dropoff,HOME_P266,46.04817588696761,3.950378379378014,5,-1,645,720
923,PU_R0462,R0462,P267,pickup,HOME_P267,46.10757266176863,4.160527161846976,5,1,845,892
924,DO_R0462,R0462,P267,dropoff,H2,46.0457,4.0688,5,-1,865,910
925,PU_R0463,R0463,P267,pickup,H2,46.0457,4.0688,5,1,945,970
926,DO_R0463,R0463,P267,dropoff,HOME_P267,46.10757266176863,4.160527161846976,5,-1,945,1020
927,PU_R0464,R0464,P268,pickup,HOME_P268,45.982432798005256,3.9601133297671645,5,1,565,610
928,DO_R0464,R0464,P268,dropoff,H2,46.0457,4.0688,5,-1,585,630
929,PU_R0465,R0465,P268,pickup,H2,46.0457,4.0688,5,1,670,695
930,DO_R0465,R0465,P268,dropoff,HOME_P268,45.982432798005256,3.9601133297671645,5,-1,670,745
931,PU_R0466,R0466,P269,pickup,HOME_P269,46.07545445385412,4.068427551366525,5,1,445,495
932,DO_R0466,R0466,P269,dropoff,H1,46.0533,4.0727,5,-1,455,500
933,PU_R0467,R0467,P269,pickup,H1,46.0533,4.0727,5,1,740,755
934,DO_R0467,R0467,P269,dropoff,HOME_P269,46.07545445385412,4.068427551366525,5,-1,740,795
935,PU_R0468,R0468,P270,pickup,HOME_P270,46.076816793293425,4.084582868642586,5,1,755,805
936,DO_R0468,R0468,P270,dropoff,H1,46.0533,4.0727,5,-1,765,810
937,PU_R0469,R0469,P271,pickup,HOME_P271,46.1077113153134,4.035315608207634,5,1,745,786
938,DO_R0469,R0469,P271,dropoff,H2,46.0457,4.0688,5,-1,755,800
939,PU_R0470,R0470,P272,pickup,HOME_P272,46.01133129933189,4.182715636088108,5,1,470,517
940,DO_R0470,R0470,P272,dropoff,H2,46.0457,4.0688,5,-1,490,535
941,PU_R0471,R0471,P272,pickup,H2,46.0457,4.0688,5,1,560,585
942,DO_R0471,R0471,P272,dropoff,HOME_P272,46.01133129933189,4.182715636088108,5,-1,560,635
943,PU_R0472,R0472,P273,pickup,HOME_P273,46.13317802665685,4.042199253115599,5,1,445,483
944,DO_R0472,R0472,P273,dropoff,H1,46.0533,4.0727,5,-1,455,500
945,PU_R0473,R0473,P273,pickup,H1,46.0533,4.0727,5,1,680,695
946,DO_R0473,R0473,P273,dropoff,HOME_P273,46.13317802665685,4.042199253115599,5,-1,680,735
947,PU_R0474,R0474,P274,pickup,HOME_P274,46.002329522004025,4.287618956758346,5,1,963,1018
948,DO_R0474,R0474,P274,dropoff,H1,46.0533,4.0727,5,-1,1005,1050
949,PU_R0475,R0475,P275,pickup,HOME_P275,46.067759230285645,3.9898127967702375,5,1,630,683
950,DO_R0475,R0475,P275,dropoff,H1,46.0533,4.0727,5,-1,650,695
951,PU_R0476,R0476,P275,pickup,H1,46.0533,4.0727,5,1,800,825
952,DO_R0476,R0476,P275,dropoff,HOME_P275,46.067759230285645,3.9898127967702375,5,-1,800,875
953,PU_R0477,R0477,P276,pickup,HOME_P276,46.04975184763282,4.070468656340357,5,1,455,505
954,DO_R0477,R0477,P276,dropoff,H3,46.05,4.07,5,-1,465,510
955,PU_R0478,R0478,P276,pickup,H3,46.05,4.07,5,1,740,755
956,DO_R0478,R0478,P276,dropoff,HOME_P276,46.04975184763282,4.070468656340357,5,-1,740,795
957,PU_R0479,R0479,P277,pickup,HOME_P277,46.11050463385849,4.102213566453054,5,1,425,467
958,DO_R0479,R0479,P277,dropoff,H1,46.0533,4.0727,5,-1,435,480
959,PU_R0480,R0480,P277,pickup,H1,46.0533,4.0727,5,1,720,735
960,DO_R0480,R0480,P277,dropoff,HOME_P277,46.11050463385849,4.102213566453054,5,-1,720,775
961,PU_R0481,R0481,P278,pickup,HOME_P278,46.05158972212516,4.130044960739088,5,1,440,487
962,DO_R0481,R0481,P278,dropoff,H1,46.0533,4.0727,5,-1,450,495
963,PU_R0482,R0482,P278,pickup,H1,46.0533,4.0727,5,1,735,750
964,DO_R0482,R0482,P278,dropoff,HOME_P278,46.05158972212516,4.130044960739088,5,-1,735,790
965,PU_R0483,R0483,P279,pickup,HOME_P279,46.00551874272934,3.962893228347886,5,1,980,1028
966,DO_R0483,R0483,P279,dropoff,H2,46.0457,4.0688,5,-1,1000,1045
967,PU_R0484,R0484,P280,pickup,HOME_P280,46.07785698532415,4.0071914084050615,5,1,450,494
968,DO_R0484,R0484,P280,dropoff,H3,46.05,4.07,5,-1,460,505
969,PU_R0485,R0485,P280,pickup,H3,46.05,4.07,5,1,740,755
970,DO_R0485,R0485,P280,dropoff,HOME_P280,46.07785698532415,4.0071914084050615,5,-1,740,795
971,PU_R0486,R0486,P281,pickup,HOME_P281,46.00406911330786,4.061767729073395,5,1,760,806
972,DO_R0486,R0486,P281,dropoff,H2,46.0457,4.0688,5,-1,770,815
973,PU_R0487,R0487,P282,pickup,HOME_P282,46.01238997739771,4.0975375163043495,5,1,465,512
974,DO_R0487,R0487,P282,dropoff,H2,46.0457,4.0688,5,-1,475,520
975,PU_R0488,R0488,P282,pickup,H2,46.0457,4.0688,5,1,770,785
976,DO_R0488,R0488,P282,dropoff,HOME_P282,46.01238997739771,4.0975375163043495,5,-1,770,825
977,PU_R0489,R0489,P283,pickup,HOME_P283,46.094003265311194,4.062306690703961,5,1,785,841
978,DO_R0489,R0489,P283,dropoff,H1,46.0533,4.0727,5,-1,805,850
979,PU_R0490,R0490,P283,pickup,H1,46.0533,4.0727,5,1,935,960
980,DO_R0490,R0490,P283,dropoff,HOME_P283,46.094003265311194,4.062306690703961,5,-1,935,1010
981,PU_R0491,R0491,P284,pickup,HOME_P284,46.07597562453826,4.058132622952724,5,1,475,535
982,DO_R0491,R0491,P284,dropoff,H1,46.0533,4.0727,5,-1,495,540
983,PU_R0492,R0492,P284,pickup,H1,46.0533,4.0727,5,1,620,645
984,DO_R0492,R0492,P284,dropoff,HOME_P284,46.07597562453826,4.058132622952724,5,-1,620,695
985,PU_R0493,R0493,P285,pickup,HOME_P285,46.11863907032438,4.081704143469169,5,1,435,476
986,DO_R0493,R0493,P285,dropoff,H3,46.05,4.07,5,-1,445,490
987,PU_R0494,R0494,P285,pickup,H3,46.05,4.07,5,1,755,770
988,DO_R0494,R0494,P285,dropoff,HOME_P285,46.11863907032438,4.081704143469169,5,-1,755,810
989,PU_R0495,R0495,P286,pickup,HOME_P286,46.10049112543429,4.096158722683788,5,1,755,800
990,DO_R0495,R0495,P286,dropoff,H1,46.0533,4.0727,5,-1,765,810
991,PU_R0496,R0496,P287,pickup,HOME_P287,46.05131763777626,4.2027376000988665,5,1,460,506
992,DO_R0496,R0496,P287,dropoff,H2,46.0457,4.0688,5,-1,480,525
993,PU_R0497,R0497,P287,pickup,H2,46.0457,4.0688,5,1,560,585
994,DO_R0497,R0497,P287,dropoff,HOME_P287,46.05131763777626,4.2027376000988665,5,-1,560,635
995,PU_R0498,R0498,P288,pickup,HOME_P288,46.08807343141364,4.019405931916561,5,1,725,769
996,DO_R0498,R0498,P288,dropoff,H1,46.0533,4.0727,5,-1,735,780
997,PU_R0499,R0499,P288,pickup,H1,46.0533,4.0727,5,1,1020,1035
998,DO_R0499,R0499,P288,dropoff,HOME_P288,46.08807343141364,4.019405931916561,5,-1,1020,1075
999,PU_R0500,R0500,P289,pickup,HOME_P289,46.03999700898111,4.084641903238221,5,1,755,805
1000,DO_R0500,R0500,P289,dropoff,H2,46.0457,4.0688,5,-1,765,810
1001,PU_R0501,R0501,P290,pickup,HOME_P290,46.18159460675327,4.053453893530071,5,1,1003,1054
1002,DO_R0501,R0501,P290,dropoff,H1,46.0533,4.0727,5,-1,1035,1080
1003,PU_R0502,R0502,P291,pickup,HOME_P291,46.07817944514934,4.092898414214244,5,1,585,642
1004,DO_R0502,R0502,P291,dropoff,H2,46.0457,4.0688,5,-1,605,650
1005,PU_R0503,R0503,P291,pickup,H2,46.0457,4.0688,5,1,680,705
1006,DO_R0503,R0503,P291,dropoff,HOME_P291,46.07817944514934,4.092898414214244,5,-1,680,755
1007,PU_R0504,R0504,P292,pickup,HOME_P292,45.99648464364814,4.129185370871908,5,1,470,511
1008,DO_R0504,R0504,P292,dropoff,H1,46.0533,4.0727,5,-1,480,525
1009,PU_R0505,R0505,P292,pickup,H1,46.0533,4.0727,5,1,765,780
1010,DO_R0505,R0505,P292,dropoff,HOME_P292,45.99648464364814,4.129185370871908,5,-1,765,820
1011,PU_R0506,R0506,P293,pickup,HOME_P293,46.01222046257529,4.128431799084416,5,1,480,523
1012,DO_R0506,R0506,P293,dropoff,H1,46.0533,4.0727,5,-1,490,535
1013,PU_R0507,R0507,P293,pickup,H1,46.0533,4.0727,5,1,775,790
1014,DO_R0507,R0507,P293,dropoff,HOME_P293,46.01222046257529,4.128431799084416,5,-1,775,830
1015,PU_R0508,R0508,P294,pickup,HOME_P294,46.03556581080747,4.161931541745126,5,1,745,787
1016,DO_R0508,R0508,P294,dropoff,H3,46.05,4.07,5,-1,755,800
1017,PU_R0509,R0509,P295,pickup,HOME_P295,45.94843185257369,4.024783186430779,5,1,975,1019
1018,DO_R0509,R0509,P295,dropoff,H2,46.0457,4.0688,5,-1,995,1040
1019,PU_R0510,R0510,P296,pickup,HOME_P296,46.05864746363847,4.072247324989682,5,1,640,690
1020,DO_R0510,R0510,P296,dropoff,H1,46.0533,4.0727,5,-1,650,695
1021,PU_R0511,R0511,P296,pickup,H1,46.0533,4.0727,5,1,860,875
1022,DO_R0511,R0511,P296,dropoff,HOME_P296,46.05864746363847,4.072247324989682,5,-1,860,915
1023,PU_R0512,R0512,P297,pickup,HOME_P297,45.978369902556715,4.118581128304006,5,1,925,974
1024,DO_R0512,R0512,P297,dropoff,H2,46.0457,4.0688,5,-1,945,990
1025,PU_R0513,R0513,P298,pickup,HOME_P298,46.065982014373596,4.146323484849786,5,1,575,629
1026,DO_R0513,R0513,P298,dropoff,H1,46.0533,4.0727,5,-1,595,640
1027,PU_R0514,R0514,P298,pickup,H1,46.0533,4.0727,5,1,745,770
1028,DO_R0514,R0514,P298,dropoff,HOME_P298,46.065982014373596,4.146323484849786,5,-1,745,820
1029,PU_R0515,R0515,P299,pickup,HOME_P299,46.102185096530924,4.0862060764071035,5,1,480,523
1030,DO_R0515,R0515,P299,dropoff,H2,46.0457,4.0688,5,-1,490,535
1031,PU_R0516,R0516,P299,pickup,H2,46.0457,4.0688,5,1,765,780
1032,DO_R0516,R0516,P299,dropoff,HOME_P299,46.102185096530924,4.0862060764071035,5,-1,765,820
1033,PU_R0517,R0517,P300,pickup,HOME_P300,46.005408555290025,4.0342751118993,5,1,455,499
1034,DO_R0517,R0517,P300,dropoff,H1,46.0533,4.0727,5,-1,465,510
1035,PU_R0518,R0518,P300,pickup,H1,46.0533,4.0727,5,1,670,685
1036,DO_R0518,R0518,P300,dropoff,HOME_P300,46.005408555290025,4.0342751118993,5,-1,670,725
1037,PU_R0519,R0519,P301,pickup,HOME_P301,46.01084988126046,4.033288449091578,5,1,480,534
1038,DO_R0519,R0519,P301,dropoff,H1,46.0533,4.0727,5,-1,500,545
1039,PU_R0520,R0520,P301,pickup,H1,46.0533,4.0727,5,1,645,670
1040,DO_R0520,R0520,P301,dropoff,HOME_P301,46.01084988126046,4.033288449091578,5,-1,645,720
1041,PU_R0521,R0521,P302,pickup,HOME_P302,46.04065696656263,3.9880056491062152,5,1,735,778
1042,DO_R0521,R0521,P302,dropoff,H2,46.0457,4.0688,5,-1,745,790
1043,PU_R0522,R0522,P303,pickup,HOME_P303,46.08116313244631,4.1466900507875115,5,1,425,468
1044,DO_R0522,R0522,P303,dropoff,H1,46.0533,4.0727,5,-1,435,480
1045,PU_R0523,R0523,P303,pickup,H1,46.0533,4.0727,5,1,720,735
1046,DO_R0523,R0523,P303,dropoff,HOME_P303,46.08116313244631,4.1466900507875115,5,-1,720,775
1047,PU_R0524,R0524,P304,pickup,HOME_P304,46.05764256760489,4.1036352608240545,5,1,745,795
1048,DO_R0524,R0524,P304,dropoff,H3,46.05,4.07,5,-1,755,800
1049,PU_R0525,R0525,P305,pickup,HOME_P305,45.971654278783085,4.066357255729182,5,1,655,693
1050,DO_R0525,R0525,P305,dropoff,H1,46.0533,4.0727,5,-1,665,710
1051,PU_R0526,R0526,P305,pickup,H1,46.0533,4.0727,5,1,870,885
1052,DO_R0526,R0526,P305,dropoff,HOME_P305,45.971654278783085,4.066357255729182,5,-1,870,925
1053,PU_R0527,R0527,P306,pickup,HOME_P306,46.064010847595675,4.083230443505115,5,1,765,815
1054,DO_R0527,R0527,P306,dropoff,H3,46.05,4.07,5,-1,775,820
1055,PU_R0528,R0528,P307,pickup,HOME_P307,46.05403011934569,4.042175625652166,5,1,600,660
1056,DO_R0528,R0528,P307,dropoff,H2,46.0457,4.0688,5,-1,620,665
1057,PU_R0529,R0529,P307,pickup,H2,46.0457,4.0688,5,1,690,715
1058,DO_R0529,R0529,P307,dropoff,HOME_P307,46.05403011934569,4.042175625652166,5,-1,690,765
1059,PU_R0530,R0530,P308,pickup,HOME_P308,46.132679946471,4.097683160181715,5,1,470,507
1060,DO_R0530,R0530,P308,dropoff,H2,46.0457,4.0688,5,-1,480,525
1061,PU_R0531,R0531,P308,pickup,H2,46.0457,4.0688,5,1,745,760
1062,DO_R0531,R0531,P308,dropoff,HOME_P308,46.132679946471,4.097683160181715,5,-1,745,800
1063,PU_R0532,R0532,P309,pickup,HOME_P309,46.088230451366066,4.139755966673157,5,1,790,833
1064,DO_R0532,R0532,P309,dropoff,H1,46.0533,4.0727,5,-1,800,845
1065,PU_R0533,R0533,P309,pickup,H1,46.0533,4.0727,5,1,1000,1015
1066,DO_R0533,R0533,P309,dropoff,HOME_P309,46.088230451366066,4.139755966673157,5,-1,1000,1055
1067,PU_R0534,R0534,P310,pickup,HOME_P310,46.07919835897309,3.9978972464751905,5,1,445,488
1068,DO_R0534,R0534,P310,dropoff,H1,46.0533,4.0727,5,-1,455,500
1069,PU_R0535,R0535,P310,pickup,H1,46.0533,4.0727,5,1,665,680
1070,DO_R0535,R0535,P310,dropoff,HOME_P310,46.07919835897309,3.9978972464751905,5,-1,665,720
1071,PU_R0536,R0536,P311,pickup,HOME_P311,46.09008847385762,4.041373464957778,5,1,460,506
1072,DO_R0536,R0536,P311,dropoff,H1,46.0533,4.0727,5,-1,470,515
1073,PU_R0537,R0537,P311,pickup,H1,46.0533,4.0727,5,1,755,770
1074,DO_R0537,R0537,P311,dropoff,HOME_P311,46.09008847385762,4.041373464957778,5,-1,755,810
1075,PU_R0538,R0538,P312,pickup,HOME_P312,46.06560287365624,4.039030325737333,5,1,750,799
1076,DO_R0538,R0538,P312,dropoff,H1,46.0533,4.0727,5,-1,760,805
1077,PU_R0539,R0539,P313,pickup,HOME_P313,45.953121308652754,4.125717844782913,5,1,995,1040
1078,DO_R0539,R0539,P313,dropoff,H2,46.0457,4.0688,5,-1,1015,1060
1079,PU_R0540,R0540,P314,pickup,HOME_P314,46.08536654664914,4.045394277103487,5,1,965,1012
1080,DO_R0540,R0540,P314,dropoff,H1,46.0533,4.0727,5,-1,975,1020
1081,PU_R0541,R0541,P315,pickup,HOME_P315,45.97353656243358,4.057432418801175,5,1,845,885
1082,DO_R0541,R0541,P315,dropoff,H2,46.0457,4.0688,5,-1,855,900
1083,PU_R0542,R0542,P316,pickup,HOME_P316,46.08590729882541,4.209609976947125,5,1,845,889
1084,DO_R0542,R0542,P316,dropoff,H2,46.0457,4.0688,5,-1,865,910
1085,PU_R0543,R0543,P316,pickup,H2,46.0457,4.0688,5,1,935,960
1086,DO_R0543,R0543,P316,dropoff,HOME_P316,46.08590729882541,4.209609976947125,5,-1,935,1010
1087,PU_R0544,R0544,P317,pickup,HOME_P317,46.13339319409049,3.9840882903896864,5,1,520,564
1088,DO_R0544,R0544,P317,dropoff,H1,46.0533,4.0727,5,-1,540,585
1089,PU_R0545,R0545,P317,pickup,H1,46.0533,4.0727,5,1,695,720
1090,DO_R0545,R0545,P317,dropoff,HOME_P317,46.13339319409049,3.9840882903896864,5,-1,695,770
1091,PU_R0546,R0546,P318,pickup,HOME_P318,45.99438277130018,3.9966948920589593,5,1,455,495
1092,DO_R0546,R0546,P318,dropoff,H2,46.0457,4.0688,5,-1,465,510
1093,PU_R0547,R0547,P318,pickup,H2,46.0457,4.0688,5,1,735,750
1094,DO_R0547,R0547,P318,dropoff,HOME_P318,45.99438277130018,3.9966948920589593,5,-1,735,790
1095,PU_R0548,R0548,P319,pickup,HOME_P319,46.038615620880165,4.050543901968768,5,1,465,515
1096,DO_R0548,R0548,P319,dropoff,H1,46.0533,4.0727,5,-1,475,520
1097,PU_R0549,R0549,P319,pickup,H1,46.0533,4.0727,5,1,695,710
1098,DO_R0549,R0549,P319,dropoff,HOME_P319,46.038615620880165,4.050543901968768,5,-1,695,750
1099,PU_R0550,R0550,P320,pickup,HOME_P320,45.97639162582195,3.987636757140444,5,1,775,820
1100,DO_R0550,R0550,P320,dropoff,H1,46.0533,4.0727,5,-1,795,840
1101,PU_R0551,R0551,P320,pickup,H1,46.0533,4.0727,5,1,950,975
1102,DO_R0551,R0551,P320,dropoff,HOME_P320,45.97639162582195,3.987636757140444,5,-1,950,1025
1103,PU_R0552,R0552,P321,pickup,HOME_P321,45.99599538156526,3.9814455628358343,5,1,480,528
1104,DO_R0552,R0552,P321,dropoff,H1,46.0533,4.0727,5,-1,500,545
1105,PU_R0553,R0553,P321,pickup,H1,46.0533,4.0727,5,1,650,675
1106,DO_R0553,R0553,P321,dropoff,HOME_P321,45.99599538156526,3.9814455628358343,5,-1,650,725
1107,PU_R0554,R0554,P322,pickup,HOME_P322,46.087469276566445,4.104069496637055,5,1,440,486
1108,DO_R0554,R0554,P322,dropoff,H1,46.0533,4.0727,5,-1,450,495
1109,PU_R0555,R0555,P322,pickup,H1,46.0533,4.0727,5,1,650,665
1110,DO_R0555,R0555,P322,dropoff,HOME_P322,46.087469276566445,4.104069496637055,5,-1,650,705
1111,PU_R0556,R0556,P323,pickup,HOME_P323,46.03860560191035,3.9942993207627904,5,1,425,469
1112,DO_R0556,R0556,P323,dropoff,H2,46.0457,4.0688,5,-1,435,480
1113,PU_R0557,R0557,P323,pickup,H2,46.0457,4.0688,5,1,585,600
1114,DO_R0557,R0557,P323,dropoff,HOME_P323,46.03860560191035,3.9942993207627904,5,-1,585,640
1115,PU_R0558,R0558,P324,pickup,HOME_P324,46.022933899444745,3.955149512075568,5,1,470,508
1116,DO_R0558,R0558,P324,dropoff,H2,46.0457,4.0688,5,-1,480,525
1117,PU_R0559,R0559,P324,pickup,H2,46.0457,4.0688,5,1,880,895
1118,DO_R0559,R0559,P324,dropoff,HOME_P324,46.022933899444745,3.955149512075568,5,-1,880,935
1119,PU_R0560,R0560,P325,pickup,HOME_P325,46.03414023188825,4.1463466675425495,5,1,655,699
1120,DO_R0560,R0560,P325,dropoff,H1,46.0533,4.0727,5,-1,665,710
1121,PU_R0561,R0561,P325,pickup,H1,46.0533,4.0727,5,1,885,900
1122,DO_R0561,R0561,P325,dropoff,HOME_P325,46.03414023188825,4.1463466675425495,5,-1,885,940
1123,PU_R0562,R0562,P326,pickup,HOME_P326,45.9987997603079,4.008763306230618,5,1,750,792
1124,DO_R0562,R0562,P326,dropoff,H2,46.0457,4.0688,5,-1,760,805
1125,PU_R0563,R0563,P326,pickup,H2,46.0457,4.0688,5,1,1020,1035
1126,DO_R0563,R0563,P326,dropoff,HOME_P326,45.9987997603079,4.008763306230618,5,-1,1020,1075
1127,PU_R0564,R0564,P327,pickup,HOME_P327,46.064477422703895,4.00823399000386,5,1,840,895
1128,DO_R0564,R0564,P327,dropoff,H1,46.0533,4.0727,5,-1,860,905
1129,PU_R0565,R0565,P327,pickup,H1,46.0533,4.0727,5,1,995,1020
1130,DO_R0565,R0565,P327,dropoff,HOME_P327,46.064477422703895,4.00823399000386,5,-1,995,1070
1131,PU_R0566,R0566,P328,pickup,HOME_P328,45.97826782339994,4.175717462310727,5,1,590,635
1132,DO_R0566,R0566,P328,dropoff,H2,46.0457,4.0688,5,-1,610,655
1133,PU_R0567,R0567,P328,pickup,H2,46.0457,4.0688,5,1,695,720
1134,DO_R0567,R0567,P328,dropoff,HOME_P328,45.97826782339994,4.175717462310727,5,-1,695,770
1135,PU_R0568,R0568,P329,pickup,HOME_P329,46.02653712621315,3.9736511539483494,5,1,790,830
1136,DO_R0568,R0568,P329,dropoff,H1,46.0533,4.0727,5,-1,800,845
1137,PU_R0569,R0569,P329,pickup,H1,46.0533,4.0727,5,1,995,1010
1138,DO_R0569,R0569,P329,dropoff,HOME_P329,46.02653712621315,3.9736511539483494,5,-1,995,1050
1139,PU_R0570,R0570,P330,pickup,HOME_P330,46.0929586520401,4.231769429552149,5,1,955,1006
1140,DO_R0570,R0570,P330,dropoff,H1,46.0533,4.0727,5,-1,985,1030
1141,PU_R0571,R0571,P331,pickup,HOME_P331,46.01844667715864,4.047180990076076,5,1,440,487
1142,DO_R0571,R0571,P331,dropoff,H1,46.0533,4.0727,5,-1,450,495
1143,PU_R0572,R0572,P331,pickup,H1,46.0533,4.0727,5,1,735,750
1144,DO_R0572,R0572,P331,dropoff,HOME_P331,46.01844667715864,4.047180990076076,5,-1,735,790
1145,PU_R0573,R0573,P332,pickup,HOME_P332,46.00514941998487,4.099412705495975,5,1,440,485
1146,DO_R0573,R0573,P332,dropoff,H2,46.0457,4.0688,5,-1,450,495
1147,PU_R0574,R0574,P332,pickup,H2,46.0457,4.0688,5,1,710,725
1148,DO_R0574,R0574,P332,dropoff,HOME_P332,46.00514941998487,4.099412705495975,5,-1,710,765
1149,PU_R0575,R0575,P333,pickup,HOME_P333,46.06011900915322,4.078447968669849,5,1,735,785
1150,DO_R0575,R0575,P333,dropoff,H1,46.0533,4.0727,5,-1,745,790
1151,PU_R0576,R0576,P334,pickup,HOME_P334,46.021076324333634,4.060023737587282,5,1,450,498
1152,DO_R0576,R0576,P334,dropoff,H1,46.0533,4.0727,5,-1,460,505
1153,PU_R0577,R0577,P334,pickup,H1,46.0533,4.0727,5,1,665,680
1154,DO_R0577,R0577,P334,dropoff,HOME_P334,46.021076324333634,4.060023737587282,5,-1,665,720
1155,PU_R0578,R0578,P335,pickup,HOME_P335,46.104738664673015,4.002240645474633,5,1,770,810
1156,DO_R0578,R0578,P335,dropoff,H1,46.0533,4.0727,5,-1,780,825
1157,PU_R0579,R0579,P336,pickup,HOME_P336,46.11892252869006,4.0239092314378215,5,1,470,519
1158,DO_R0579,R0579,P336,dropoff,H2,46.0457,4.0688,5,-1,490,535
1159,PU_R0580,R0580,P337,pickup,HOME_P337,45.99637235120043,4.084104911031644,5,1,440,483
1160,DO_R0580,R0580,P337,dropoff,H1,46.0533,4.0727,5,-1,450,495
1161,PU_R0581,R0581,P337,pickup,H1,46.0533,4.0727,5,1,735,750
1162,DO_R0581,R0581,P337,dropoff,HOME_P337,45.99637235120043,4.084104911031644,5,-1,735,790
1163,PU_R0582,R0582,P338,pickup,HOME_P338,45.99765953753366,4.1587160392655695,5,1,745,784
1164,DO_R0582,R0582,P338,dropoff,H2,46.0457,4.0688,5,-1,755,800
1165,PU_R0583,R0583,P338,pickup,H2,46.0457,4.0688,5,1,980,995
1166,DO_R0583,R0583,P338,dropoff,HOME_P338,45.99765953753366,4.1587160392655695,5,-1,980,1035
1167,PU_R0584,R0584,P339,pickup,HOME_P339,45.97939633277687,4.035161722733308,5,1,425,464
1168,DO_R0584,R0584,P339,dropoff,H1,46.0533,4.0727,5,-1,435,480
1169,PU_R0585,R0585,P339,pickup,H1,46.0533,4.0727,5,1,655,670
1170,DO_R0585,R0585,P339,dropoff,HOME_P339,45.97939633277687,4.035161722733308,5,-1,655,710
1171,PU_R0586,R0586,P340,pickup,HOME_P340,46.0620702761788,3.992785631292015,5,1,615,658
1172,DO_R0586,R0586,P340,dropoff,H1,46.0533,4.0727,5,-1,625,670
1173,PU_R0587,R0587,P340,pickup,H1,46.0533,4.0727,5,1,840,855
1174,DO_R0587,R0587,P340,dropoff,HOME_P340,46.0620702761788,3.992785631292015,5,-1,840,895
1175,PU_R0588,R0588,P341,pickup,HOME_P341,46.038369724040685,4.089669762037887,5,1,445,495
1176,DO_R0588,R0588,P341,dropoff,H3,46.05,4.07,5,-1,455,500
1177,PU_R0589,R0589,P341,pickup,H3,46.05,4.07,5,1,735,750
1178,DO_R0589,R0589,P341,dropoff,HOME_P341,46.038369724040685,4.089669762037887,5,-1,735,790
1179,PU_R0590,R0590,P342,pickup,HOME_P342,46.08216846021792,3.955000512749931,5,1,455,492
1180,DO_R0590,R0590,P342,dropoff,H2,46.0457,4.0688,5,-1,465,510
1181,PU_R0591,R0591,P342,pickup,H2,46.0457,4.0688,5,1,850,865
1182,DO_R0591,R0591,P342,dropoff,HOME_P342,46.08216846021792,3.955000512749931,5,-1,850,905
1183,PU_R0592,R0592,P343,pickup,HOME_P343,46.041068562130306,3.88795779288193,5,1,978,1029
1184,DO_R0592,R0592,P343,dropoff,H1,46.0533,4.0727,5,-1,1010,1055
1185,PU_R0593,R0593,P344,pickup,HOME_P344,46.044542193429805,4.060988665814593,5,1,740,790
1186,DO_R0593,R0593,P344,dropoff,H1,46.0533,4.0727,5,-1,750,795
1187,PU_R0594,R0594,P345,pickup,HOME_P345,46.040003437317836,4.095973917370791,5,1,605,665
1188,DO_R0594,R0594,P345,dropoff,H1,46.0533,4.0727,5,-1,625,670
1189,PU_R0595,R0595,P345,pickup,H1,46.0533,4.0727,5,1,730,755
1190,DO_R0595,R0595,P345,dropoff,HOME_P345,46.040003437317836,4.095973917370791,5,-1,730,805
1191,PU_R0596,R0596,P346,pickup,HOME_P346,46.00724055436477,3.998834189343144,5,1,460,502
1192,DO_R0596,R0596,P346,dropoff,H3,46.05,4.07,5,-1,470,515
1193,PU_R0597,R0597,P346,pickup,H3,46.05,4.07,5,1,745,760
1194,DO_R0597,R0597,P346,dropoff,HOME_P346,46.00724055436477,3.998834189343144,5,-1,745,800
1195,PU_R0598,R0598,P347,pickup,HOME_P347,46.001651483660744,4.114055291028324,5,1,620,663
1196,DO_R0598,R0598,P347,dropoff,H1,46.0533,4.0727,5,-1,630,675
1197,PU_R0599,R0599,P347,pickup,H1,46.0533,4.0727,5,1,840,855
1198,DO_R0599,R0599,P347,dropoff,HOME_P347,46.001651483660744,4.114055291028324,5,-1,840,895
1199,PU_R0600,R0600,P348,pickup,HOME_P348,46.192982930135486,4.063039787661665,5,1,590,642
1200,DO_R0600,R0600,P348,dropoff,H1,46.0533,4.0727,5,-1,625,670
1201,PU_R0601,R0601,P348,pickup,H1,46.0533,4.0727,5,1,690,725
1202,DO_R0601,R0601,P348,dropoff,HOME_P348,46.192982930135486,4.063039787661665,5,-1,690,790
1203,PU_R0602,R0602,P349,pickup,HOME_P349,45.986786259659304,4.1976749590973474,5,1,805,848
1204,DO_R0602,R0602,P349,dropoff,H2,46.0457,4.0688,5,-1,825,870
1205,PU_R0603,R0603,P349,pickup,H2,46.0457,4.0688,5,1,900,925
1206,DO_R0603,R0603,P349,dropoff,HOME_P349,45.986786259659304,4.1976749590973474,5,-1,900,975
1207,PU_R0604,R0604,P350,pickup,HOME_P350,46.00104452076354,3.966340217360648,5,1,510,557
1208,DO_R0604,R0604,P350,dropoff,H1,46.0533,4.0727,5,-1,530,575
1209,PU_R0605,R0605,P350,pickup,H1,46.0533,4.0727,5,1,685,710
1210,DO_R0605,R0605,P350,dropoff,HOME_P350,46.00104452076354,3.966340217360648,5,-1,685,760
1211,PU_R0606,R0606,P351,pickup,HOME_P351,46.041913149865735,4.117890370510528,5,1,990,1038
1212,DO_R0606,R0606,P351,dropoff,H1,46.0533,4.0727,5,-1,1000,1045
1213,PU_R0607,R0607,P352,pickup,HOME_P352,46.04199475492466,3.985819406737075,5,1,450,493
1214,DO_R0607,R0607,P352,dropoff,H2,46.0457,4.0688,5,-1,460,505
1215,PU_R0608,R0608,P352,pickup,H2,46.0457,4.0688,5,1,760,775
1216,DO_R0608,R0608,P352,dropoff,HOME_P352,46.04199475492466,3.985819406737075,5,-1,760,815
1217,PU_R0609,R0609,P353,pickup,HOME_P353,45.98787537681889,3.9670949540076137,5,1,610,655
1218,DO_R0609,R0609,P353,dropoff,H1,46.0533,4.0727,5,-1,630,675
1219,PU_R0610,R0610,P353,pickup,H1,46.0533,4.0727,5,1,785,810
1220,DO_R0610,R0610,P353,dropoff,HOME_P353,45.98787537681889,3.9670949540076137,5,-1,785,860
1221,PU_R0611,R0611,P354,pickup,HOME_P354,46.08310369929294,4.1634547794050265,5,1,835,884
1222,DO_R0611,R0611,P354,dropoff,H2,46.0457,4.0688,5,-1,855,900
1223,PU_R0612,R0612,P354,pickup,H2,46.0457,4.0688,5,1,925,950
1224,DO_R0612,R0612,P354,dropoff,HOME_P354,46.08310369929294,4.1634547794050265,5,-1,925,1000
1225,PU_R0613,R0613,P355,pickup,HOME_P355,46.06940010412577,3.999802244731931,5,1,780,824
1226,DO_R0613,R0613,P355,dropoff,H3,46.05,4.07,5,-1,790,835
1227,PU_R0614,R0614,P356,pickup,HOME_P356,46.110073234836584,3.9683525937731368,5,1,590,636
1228,DO_R0614,R0614,P356,dropoff,H1,46.0533,4.0727,5,-1,610,655
1229,PU_R0615,R0615,P356,pickup,H1,46.0533,4.0727,5,1,765,790
1230,DO_R0615,R0615,P356,dropoff,HOME_P356,46.110073234836584,3.9683525937731368,5,-1,765,840
1231,PU_R0616,R0616,P357,pickup,HOME_P357,46.112316896095265,4.0583436986237285,5,1,530,583
1232,DO_R0616,R0616,P357,dropoff,H1,46.0533,4.0727,5,-1,550,595
1233,PU_R0617,R0617,P357,pickup,H1,46.0533,4.0727,5,1,680,705
1234,DO_R0617,R0617,P357,dropoff,HOME_P357,46.112316896095265,4.0583436986237285,5,-1,680,755
1235,PU_R0618,R0618,P358,pickup,HOME_P358,46.07365930452792,3.999910110466174,5,1,460,514
1236,DO_R0618,R0618,P358,dropoff,H1,46.0533,4.0727,5,-1,480,525
1237,PU_R0619,R0619,P358,pickup,H1,46.0533,4.0727,5,1,615,640
1238,DO_R0619,R0619,P358,dropoff,HOME_P358,46.07365930452792,3.999910110466174,5,-1,615,690
1239,PU_R0620,R0620,P359,pickup,HOME_P359,46.04820836105152,4.020902504791837,5,1,725,772
1240,DO_R0620,R0620,P359,dropoff,H1,46.0533,4.0727,5,-1,735,780
1241,PU_R0621,R0621,P359,pickup,H1,46.0533,4.0727,5,1,1020,1035
1242,DO_R0621,R0621,P359,dropoff,HOME_P359,46.04820836105152,4.020902504791837,5,-1,1020,1075
1243,PU_R0622,R0622,P360,pickup,HOME_P360,46.054732760369234,3.959594842240665,5,1,425,464
1244,DO_R0622,R0622,P360,dropoff,H1,46.0533,4.0727,5,-1,435,480
1245,PU_R0623,R0623,P360,pickup,H1,46.0533,4.0727,5,1,630,645
1246,DO_R0623,R0623,P360,dropoff,HOME_P360,46.054732760369234,3.959594842240665,5,-1,630,685
1247,PU_R0624,R0624,P361,pickup,HOME_P361,46.01927014590417,4.021132271184155,5,1,740,785
1248,DO_R0624,R0624,P361,dropoff,H1,46.0533,4.0727,5,-1,750,795
1249,PU_R0625,R0625,P362,pickup,HOME_P362,46.05030113101922,4.038665393052901,5,1,770,820
1250,DO_R0625,R0625,P362,dropoff,H3,46.05,4.07,5,-1,780,825
1251,PU_R0626,R0626,P363,pickup,HOME_P363,45.99786290024528,4.121917282832937,5,1,430,472
1252,DO_R0626,R0626,P363,dropoff,H1,46.0533,4.0727,5,-1,440,485
1253,PU_R0627,R0627,P363,pickup,H1,46.0533,4.0727,5,1,725,740
1254,DO_R0627,R0627,P363,dropoff,HOME_P363,45.99786290024528,4.121917282832937,5,-1,725,780
1255,PU_R0628,R0628,P364,pickup,HOME_P364,46.04559513446648,4.022773403294611,5,1,500,558
1256,DO_R0628,R0628,P364,dropoff,H2,46.0457,4.0688,5,-1,520,565
1257,PU_R0629,R0629,P364,pickup,H2,46.0457,4.0688,5,1,595,620
1258,DO_R0629,R0629,P364,dropoff,HOME_P364,46.04559513446648,4.022773403294611,5,-1,595,670
1259,PU_R0630,R0630,P365,pickup,HOME_P365,46.09106304877913,4.041404862571748,5,1,425,471
1260,DO_R0630,R0630,P365,dropoff,H1,46.0533,4.0727,5,-1,435,480
1261,PU_R0631,R0631,P365,pickup,H1,46.0533,4.0727,5,1,720,735
1262,DO_R0631,R0631,P365,dropoff,HOME_P365,46.09106304877913,4.041404862571748,5,-1,720,775
1263,PU_R0632,R0632,P366,pickup,HOME_P366,45.99522340570983,3.9605849124341925,5,1,510,557
1264,DO_R0632,R0632,P366,dropoff,H2,46.0457,4.0688,5,-1,530,575
1265,PU_R0633,R0633,P366,pickup,H2,46.0457,4.0688,5,1,610,635
1266,DO_R0633,R0633,P366,dropoff,HOME_P366,45.99522340570983,3.9605849124341925,5,-1,610,685
1267,PU_R0634,R0634,P367,pickup,HOME_P367,46.10057013065248,4.091485399061233,5,1,465,518
1268,DO_R0634,R0634,P367,dropoff,H2,46.0457,4.0688,5,-1,485,530
1269,PU_R0635,R0635,P367,pickup,H2,46.0457,4.0688,5,1,570,595
1270,DO_R0635,R0635,P367,dropoff,HOME_P367,46.10057013065248,4.091485399061233,5,-1,570,645
1271,PU_R0636,R0636,P368,pickup,HOME_P368,46.02762476108724,4.121360241625424,5,1,755,801
1272,DO_R0636,R0636,P368,dropoff,H1,46.0533,4.0727,5,-1,765,810
1273,PU_R0637,R0637,P369,pickup,HOME_P369,45.991032025664026,4.0510920967873965,5,1,845,897
1274,DO_R0637,R0637,P369,dropoff,H1,46.0533,4.0727,5,-1,865,910
1275,PU_R0638,R0638,P370,pickup,HOME_P370,46.052574550578655,3.95327600219313,5,1,610,648
1276,DO_R0638,R0638,P370,dropoff,H1,46.0533,4.0727,5,-1,620,665
1277,PU_R0639,R0639,P370,pickup,H1,46.0533,4.0727,5,1,820,835
1278,DO_R0639,R0639,P370,dropoff,HOME_P370,46.052574550578655,3.95327600219313,5,-1,820,875
1279,PU_R0640,R0640,P371,pickup,HOME_P371,46.08276884081026,4.184649756502009,5,1,455,492
1280,DO_R0640,R0640,P371,dropoff,H2,46.0457,4.0688,5,-1,465,510
1281,PU_R0641,R0641,P371,pickup,H2,46.0457,4.0688,5,1,800,815
1282,DO_R0641,R0641,P371,dropoff,HOME_P371,46.08276884081026,4.184649756502009,5,-1,800,855
1283,PU_R0642,R0642,P372,pickup,HOME_P372,46.05522029827149,4.105248679855879,5,1,775,824
1284,DO_R0642,R0642,P372,dropoff,H2,46.0457,4.0688,5,-1,785,830
1285,PU_R0643,R0643,P372,pickup,H2,46.0457,4.0688,5,1,1010,1025
1286,DO_R0643,R0643,P372,dropoff,HOME_P372,46.05522029827149,4.105248679855879,5,-1,1010,1065
1287,PU_R0644,R0644,P373,pickup,HOME_P373,46.1236878007501,4.168627754870201,5,1,640,685
1288,DO_R0644,R0644,P373,dropoff,H1,46.0533,4.0727,5,-1,660,705
1289,PU_R0645,R0645,P373,pickup,H1,46.0533,4.0727,5,1,780,805
1290,DO_R0645,R0645,P373,dropoff,HOME_P373,46.1236878007501,4.168627754870201,5,-1,780,855
1291,PU_R0646,R0646,P374,pickup,HOME_P374,46.05915606168424,4.0904518781575625,5,1,450,500
1292,DO_R0646,R0646,P374,dropoff,H1,46.0533,4.0727,5,-1,460,505
1293,PU_R0647,R0647,P374,pickup,H1,46.0533,4.0727,5,1,745,760
1294,DO_R0647,R0647,P374,dropoff,HOME_P374,46.05915606168424,4.0904518781575625,5,-1,745,800
1295,PU_R0648,R0648,P375,pickup,HOME_P375,46.11955435773451,4.047346418976404,5,1,610,661
1296,DO_R0648,R0648,P375,dropoff,H1,46.0533,4.0727,5,-1,630,675
1297,PU_R0649,R0649,P375,pickup,H1,46.0533,4.0727,5,1,770,795
1298,DO_R0649,R0649,P375,dropoff,HOME_P375,46.11955435773451,4.047346418976404,5,-1,770,845
1299,PU_R0650,R0650,P376,pickup,HOME_P376,46.081550584875544,4.021790394282423,5,1,765,810
1300,DO_R0650,R0650,P376,dropoff,H3,46.05,4.07,5,-1,775,820
1301,PU_R0651,R0651,P377,pickup,HOME_P377,46.029858344093235,3.931409623381539,5,1,590,634
1302,DO_R0651,R0651,P377,dropoff,H1,46.0533,4.0727,5,-1,610,655
1303,PU_R0652,R0652,P377,pickup,H1,46.0533,4.0727,5,1,765,790
1304,DO_R0652,R0652,P377,dropoff,HOME_P377,46.029858344093235,3.931409623381539,5,-1,765,840
1305,PU_R0653,R0653,P378,pickup,HOME_P378,46.05047386512078,4.2026175908155565,5,1,640,687
1306,DO_R0653,R0653,P378,dropoff,H1,46.0533,4.0727,5,-1,660,705
1307,PU_R0654,R0654,P378,pickup,H1,46.0533,4.0727,5,1,800,825
1308,DO_R0654,R0654,P378,dropoff,HOME_P378,46.05047386512078,4.2026175908155565,5,-1,800,875
1309,PU_R0655,R0655,P379,pickup,HOME_P379,46.12964858019957,3.9678247391643695,5,1,930,974
1310,DO_R0655,R0655,P379,dropoff,H1,46.0533,4.0727,5,-1,950,995
1311,PU_R0656,R0656,P380,pickup,HOME_P380,46.02231187562529,4.034575718224176,5,1,465,513
1312,DO_R0656,R0656,P380,dropoff,H2,46.0457,4.0688,5,-1,475,520
1313,PU_R0657,R0657,P380,pickup,H2,46.0457,4.0688,5,1,755,770
1314,DO_R0657,R0657,P380,dropoff,HOME_P380,46.02231187562529,4.034575718224176,5,-1,755,810
1315,PU_R0658,R0658,P381,pickup,HOME_P381,46.129323209667135,3.9983461384914474,5,1,800,846
1316,DO_R0658,R0658,P381,dropoff,H1,46.0533,4.0727,5,-1,820,865
1317,PU_R0659,R0659,P381,pickup,H1,46.0533,4.0727,5,1,975,1000
1318,DO_R0659,R0659,P381,dropoff,HOME_P381,46.129323209667135,3.9983461384914474,5,-1,975,1050
1319,PU_R0660,R0660,P382,pickup,HOME_P382,46.04873065910419,4.018552072931232,5,1,735,782
1320,DO_R0660,R0660,P382,dropoff,H3,46.05,4.07,5,-1,745,790
1321,PU_R0661,R0661,P383,pickup,HOME_P383,46.086353612317566,4.1936293011609544,5,1,505,551
1322,DO_R0661,R0661,P383,dropoff,H2,46.0457,4.0688,5,-1,525,570
1323,PU_R0662,R0662,P383,pickup,H2,46.0457,4.0688,5,1,610,635
1324,DO_R0662,R0662,P383,dropoff,HOME_P383,46.086353612317566,4.1936293011609544,5,-1,610,685
1325,PU_R0663,R0663,P384,pickup,HOME_P384,46.133581329441256,4.071518039704957,5,1,485,532
1326,DO_R0663,R0663,P384,dropoff,H2,46.0457,4.0688,5,-1,505,550
1327,PU_R0664,R0664,P385,pickup,HOME_P385,46.01267899108818,4.039197350398411,5,1,725,772
1328,DO_R0664,R0664,P385,dropoff,H2,46.0457,4.0688,5,-1,735,780
1329,PU_R0665,R0665,P386,pickup,HOME_P386,46.128930022597295,4.034701730796479,5,1,790,829
1330,DO_R0665,R0665,P386,dropoff,H1,46.0533,4.0727,5,-1,800,845
1331,PU_R0666,R0666,P386,pickup,H1,46.0533,4.0727,5,1,1020,1035
1332,DO_R0666,R0666,P386,dropoff,HOME_P386,46.128930022597295,4.034701730796479,5,-1,1020,1075
1333,PU_R0667,R0667,P387,pickup,HOME_P387,46.10102690511932,4.09441189683254,5,1,480,523
1334,DO_R0667,R0667,P387,dropoff,H2,46.0457,4.0688,5,-1,490,535
1335,PU_R0668,R0668,P387,pickup,H2,46.0457,4.0688,5,1,770,785
1336,DO_R0668,R0668,P387,dropoff,HOME_P387,46.10102690511932,4.09441189683254,5,-1,770,825
1337,PU_R0669,R0669,P388,pickup,HOME_P388,46.10932857614778,4.093241386795536,5,1,800,853
1338,DO_R0669,R0669,P388,dropoff,H1,46.0533,4.0727,5,-1,820,865
1339,PU_R0670,R0670,P388,pickup,H1,46.0533,4.0727,5,1,985,1010
1340,DO_R0670,R0670,P388,dropoff,HOME_P388,46.10932857614778,4.093241386795536,5,-1,985,1060
1341,PU_R0671,R0671,P389,pickup,HOME_P389,46.08098953568889,4.120190557648279,5,1,740,786
1342,DO_R0671,R0671,P389,dropoff,H1,46.0533,4.0727,5,-1,750,795
1343,PU_R0672,R0672,P390,pickup,HOME_P390,46.06762424631262,3.9608813555766114,5,1,425,464
1344,DO_R0672,R0672,P390,dropoff,H1,46.0533,4.0727,5,-1,435,480
1345,PU_R0673,R0673,P390,pickup,H1,46.0533,4.0727,5,1,640,655
1346,DO_R0673,R0673,P390,dropoff,HOME_P390,46.06762424631262,3.9608813555766114,5,-1,640,695
1347,PU_R0674,R0674,P391,pickup,HOME_P391,46.11606398095103,3.9952611489395746,5,1,465,503
1348,DO_R0674,R0674,P391,dropoff,H1,46.0533,4.0727,5,-1,475,520
1349,PU_R0675,R0675,P391,pickup,H1,46.0533,4.0727,5,1,695,710
1350,DO_R0675,R0675,P391,dropoff,HOME_P391,46.11606398095103,3.9952611489395746,5,-1,695,750
1351,PU_R0676,R0676,P392,pickup,HOME_P392,46.05215495603012,3.9946896589933907,5,1,430,474
1352,DO_R0676,R0676,P392,dropoff,H1,46.0533,4.0727,5,-1,440,485
1353,PU_R0677,R0677,P392,pickup,H1,46.0533,4.0727,5,1,725,740
1354,DO_R0677,R0677,P392,dropoff,HOME_P392,46.05215495603012,3.9946896589933907,5,-1,725,780
1355,PU_R0678,R0678,P393,pickup,HOME_P393,46.098173028388466,4.046218890694477,5,1,425,470
1356,DO_R0678,R0678,P393,dropoff,H1,46.0533,4.0727,5,-1,435,480
1357,PU_R0679,R0679,P393,pickup,H1,46.0533,4.0727,5,1,720,735
1358,DO_R0679,R0679,P393,dropoff,HOME_P393,46.098173028388466,4.046218890694477,5,-1,720,775
1359,PU_R0680,R0680,P394,pickup,HOME_P394,46.05279568338547,4.111809612563022,5,1,440,488
1360,DO_R0680,R0680,P394,dropoff,H2,46.0457,4.0688,5,-1,450,495
1361,PU_R0681,R0681,P394,pickup,H2,46.0457,4.0688,5,1,815,830
1362,DO_R0681,R0681,P394,dropoff,HOME_P394,46.05279568338547,4.111809612563022,5,-1,815,870
1363,PU_R0682,R0682,P395,pickup,HOME_P395,46.043376801825396,4.073051899643612,5,1,760,810
1364,DO_R0682,R0682,P395,dropoff,H1,46.0533,4.0727,5,-1,770,815
1365,PU_R0683,R0683,P396,pickup,HOME_P396,46.0608537925666,4.143715931507206,5,1,930,985
1366,DO_R0683,R0683,P396,dropoff,H1,46.0533,4.0727,5,-1,950,995
1367,PU_R0684,R0684,P397,pickup,HOME_P397,45.970466994150506,4.061446350585601,5,1,800,848
1368,DO_R0684,R0684,P397,dropoff,H1,46.0533,4.0727,5,-1,820,865
1369,PU_R0685,R0685,P397,pickup,H1,46.0533,4.0727,5,1,960,985
1370,DO_R0685,R0685,P397,dropoff,HOME_P397,45.970466994150506,4.061446350585601,5,-1,960,1035
1371,PU_R0686,R0686,P398,pickup,HOME_P398,45.98994614343077,4.10779599430231,5,1,500,551
1372,DO_R0686,R0686,P398,dropoff,H1,46.0533,4.0727,5,-1,520,565
1373,PU_R0687,R0687,P398,pickup,H1,46.0533,4.0727,5,1,640,665
1374,DO_R0687,R0687,P398,dropoff,HOME_P398,45.98994614343077,4.10779599430231,5,-1,640,715
1375,PU_R0688,R0688,P399,pickup,HOME_P399,46.10772131535422,4.118349002200796,5,1,815,865
1376,DO_R0688,R0688,P399,dropoff,H2,46.0457,4.0688,5,-1,835,880
1377,PU_R0689,R0689,P399,pickup,H2,46.0457,4.0688,5,1,910,935
1378,DO_R0689,R0689,P399,dropoff,HOME_P399,46.10772131535422,4.118349002200796,5,-1,910,985
1379,PU_R0690,R0690,P400,pickup,HOME_P400,45.966568932780326,4.148195199015378,5,1,465,510
1380,DO_R0690,R0690,P400,dropoff,H2,46.0457,4.0688,5,-1,485,530
1381,PU_R0691,R0691,P400,pickup,H2,46.0457,4.0688,5,1,560,585
1382,DO_R0691,R0691,P400,dropoff,HOME_P400,45.966568932780326,4.148195199015378,5,-1,560,635
1383,PU_R0692,R0692,P401,pickup,HOME_P401,46.04799835770227,4.12850341083792,5,1,770,816
1384,DO_R0692,R0692,P401,dropoff,H2,46.0457,4.0688,5,-1,780,825
1385,PU_R0693,R0693,P402,pickup,HOME_P402,46.03806929521159,4.233451506555405,5,1,920,972
1386,DO_R0693,R0693,P402,dropoff,H1,46.0533,4.0727,5,-1,950,995
1387,PU_R0694,R0694,P403,pickup,HOME_P403,46.06372152964564,4.13212827075983,5,1,730,776
1388,DO_R0694,R0694,P403,dropoff,H3,46.05,4.07,5,-1,740,785
1389,PU_R0695,R0695,P403,pickup,H3,46.05,4.07,5,1,1015,1030
1390,DO_R0695,R0695,P403,dropoff,HOME_P403,46.06372152964564,4.13212827075983,5,-1,1015,1070
1391,PU_R0696,R0696,P404,pickup,HOME_P404,45.948180231350044,4.091782938967357,5,1,475,520
1392,DO_R0696,R0696,P404,dropoff,H2,46.0457,4.0688,5,-1,495,540
1393,PU_R0697,R0697,P404,pickup,H2,46.0457,4.0688,5,1,580,605
1394,DO_R0697,R0697,P404,dropoff,HOME_P404,45.948180231350044,4.091782938967357,5,-1,580,655
1395,PU_R0698,R0698,P405,pickup,HOME_P405,45.99617863364737,4.0126330122440095,5,1,750,792
1396,DO_R0698,R0698,P405,dropoff,H2,46.0457,4.0688,5,-1,760,805
1397,PU_R0699,R0699,P405,pickup,H2,46.0457,4.0688,5,1,1020,1035
1398,DO_R0699,R0699,P405,dropoff,HOME_P405,45.99617863364737,4.0126330122440095,5,-1,1020,1075
1399,PU_R0700,R0700,P406,pickup,HOME_P406,46.100888601004925,4.086645259867422,5,1,745,788
1400,DO_R0700,R0700,P406,dropoff,H2,46.0457,4.0688,5,-1,755,800
1401,PU_R0701,R0701,P407,pickup,HOME_P407,46.07780505183013,3.976332376892131,5,1,455,495
1402,DO_R0701,R0701,P407,dropoff,H1,46.0533,4.0727,5,-1,465,510
1403,PU_R0702,R0702,P407,pickup,H1,46.0533,4.0727,5,1,750,765
1404,DO_R0702,R0702,P407,dropoff,HOME_P407,46.07780505183013,3.976332376892131,5,-1,750,805
1405,PU_R0703,R0703,P408,pickup,HOME_P408,46.04098113533258,4.061731735190856,5,1,525,585
1406,DO_R0703,R0703,P408,dropoff,H1,46.0533,4.0727,5,-1,545,590
1407,PU_R0704,R0704,P408,pickup,H1,46.0533,4.0727,5,1,700,725
1408,DO_R0704,R0704,P408,dropoff,HOME_P408,46.04098113533258,4.061731735190856,5,-1,700,775
1409,PU_R0705,R0705,P409,pickup,HOME_P409,45.99794532467162,4.046667766289532,5,1,430,473
1410,DO_R0705,R0705,P409,dropoff,H1,46.0533,4.0727,5,-1,440,485
1411,PU_R0706,R0706,P409,pickup,H1,46.0533,4.0727,5,1,725,740
1412,DO_R0706,R0706,P409,dropoff,HOME_P409,45.99794532467162,4.046667766289532,5,-1,725,780
1413,PU_R0707,R0707,P410,pickup,HOME_P410,46.08064842291364,3.961145122822189,5,1,605,653
1414,DO_R0707,R0707,P410,dropoff,H1,46.0533,4.0727,5,-1,625,670
1415,PU_R0708,R0708,P410,pickup,H1,46.0533,4.0727,5,1,730,755
1416,DO_R0708,R0708,P410,dropoff,HOME_P410,46.08064842291364,3.961145122822189,5,-1,730,805
1417,PU_R0709,R0709,P411,pickup,HOME_P411,46.132677070326736,4.123458462307465,5,1,1005,1051
1418,DO_R0709,R0709,P411,dropoff,H2,46.0457,4.0688,5,-1,1025,1070
1419,PU_R0710,R0710,P412,pickup,HOME_P412,46.01720615023312,4.03181943236843,5,1,730,775
1420,DO_R0710,R0710,P412,dropoff,H1,46.0533,4.0727,5,-1,740,785
1421,PU_R0711,R0711,P412,pickup,H1,46.0533,4.0727,5,1,1025,1040
1422,DO_R0711,R0711,P412,dropoff,HOME_P412,46.01720615023312,4.03181943236843,5,-1,1025,1080
1423,PU_R0712,R0712,P413,pickup,HOME_P413,46.01667292860216,3.9793022703425263,5,1,640,690
1424,DO_R0712,R0712,P413,dropoff,H1,46.0533,4.0727,5,-1,660,705
1425,PU_R0713,R0713,P413,pickup,H1,46.0533,4.0727,5,1,810,835
1426,DO_R0713,R0713,P413,dropoff,HOME_P413,46.01667292860216,3.9793022703425263,5,-1,810,885
1427,PU_R0714,R0714,P414,pickup,HOME_P414,46.07304820120714,4.0918196608574355,5,1,450,498
1428,DO_R0714,R0714,P414,dropoff,H2,46.0457,4.0688,5,-1,460,505
1429,PU_R0715,R0715,P414,pickup,H2,46.0457,4.0688,5,1,765,780
1430,DO_R0715,R0715,P414,dropoff,HOME_P414,46.07304820120714,4.0918196608574355,5,-1,765,820
1431,PU_R0716,R0716,P415,pickup,HOME_P415,46.09154776011154,3.9950597821227,5,1,470,511
1432,DO_R0716,R0716,P415,dropoff,H2,46.0457,4.0688,5,-1,480,525
1433,PU_R0717,R0717,P415,pickup,H2,46.0457,4.0688,5,1,780,795
1434,DO_R0717,R0717,P415,dropoff,HOME_P415,46.09154776011154,3.9950597821227,5,-1,780,835
1435,PU_R0718,R0718,P416,pickup,HOME_P416,46.073218476810695,4.004226610540931,5,1,435,479
1436,DO_R0718,R0718,P416,dropoff,H2,46.0457,4.0688,5,-1,445,490
1437,PU_R0719,R0719,P416,pickup,H2,46.0457,4.0688,5,1,750,765
1438,DO_R0719,R0719,P416,dropoff,HOME_P416,46.073218476810695,4.004226610540931,5,-1,750,805
1439,PU_R0720,R0720,P417,pickup,HOME_P417,45.96111671980099,4.0599013497481184,5,1,755,793
1440,DO_R0720,R0720,P417,dropoff,H2,46.0457,4.0688,5,-1,765,810
1441,PU_R0721,R0721,P418,pickup,HOME_P418,46.05750035933336,4.090068468050749,5,1,475,525
1442,DO_R0721,R0721,P418,dropoff,H3,46.05,4.07,5,-1,485,530
1443,PU_R0722,R0722,P418,pickup,H3,46.05,4.07,5,1,755,770
1444,DO_R0722,R0722,P418,dropoff,HOME_P418,46.05750035933336,4.090068468050749,5,-1,755,810
1445,PU_R0723,R0723,P419,pickup,HOME_P419,46.06273428789638,3.9496026584880686,5,1,455,502
1446,DO_R0723,R0723,P419,dropoff,H1,46.0533,4.0727,5,-1,475,520
1447,PU_R0724,R0724,P419,pickup,H1,46.0533,4.0727,5,1,625,650
1448,DO_R0724,R0724,P419,dropoff,HOME_P419,46.06273428789638,3.9496026584880686,5,-1,625,700
1449,PU_R0725,R0725,P420,pickup,HOME_P420,45.99605956160313,4.0587632187176155,5,1,645,688
1450,DO_R0725,R0725,P420,dropoff,H1,46.0533,4.0727,5,-1,655,700
1451,PU_R0726,R0726,P420,pickup,H1,46.0533,4.0727,5,1,865,880
1452,DO_R0726,R0726,P420,dropoff,HOME_P420,45.99605956160313,4.0587632187176155,5,-1,865,920
1453,PU_R0727,R0727,P421,pickup,HOME_P421,45.9510674951205,3.957594274329749,5,1,523,574
1454,DO_R0727,R0727,P421,dropoff,H1,46.0533,4.0727,5,-1,555,600
1455,PU_R0728,R0728,P421,pickup,H1,46.0533,4.0727,5,1,625,660
1456,DO_R0728,R0728,P421,dropoff,HOME_P421,45.9510674951205,3.957594274329749,5,-1,625,722
1457,PU_R0729,R0729,P422,pickup,HOME_P422,46.1235218136933,4.156682865294431,5,1,470,526
1458,DO_R0729,R0729,P422,dropoff,H1,46.0533,4.0727,5,-1,500,545
1459,PU_R0730,R0730,P422,pickup,H1,46.0533,4.0727,5,1,565,600
1460,DO_R0730,R0730,P422,dropoff,HOME_P422,46.1235218136933,4.156682865294431,5,-1,565,660
1461,PU_R0731,R0731,P423,pickup,HOME_P423,46.044227904835694,4.16042747667379,5,1,945,997
1462,DO_R0731,R0731,P423,dropoff,H1,46.0533,4.0727,5,-1,965,1010
1463,PU_R0732,R0732,P424,pickup,HOME_P424,46.05165506770428,3.955673062391884,5,1,525,573
1464,DO_R0732,R0732,P424,dropoff,H1,46.0533,4.0727,5,-1,545,590
1465,PU_R0733,R0733,P424,pickup,H1,46.0533,4.0727,5,1,690,715
1466,DO_R0733,R0733,P424,dropoff,HOME_P424,46.05165506770428,3.955673062391884,5,-1,690,765
1467,PU_R0734,R0734,P425,pickup,HOME_P425,46.036250325009334,4.169646213633507,5,1,615,676
1468,DO_R0734,R0734,P425,dropoff,H1,46.0533,4.0727,5,-1,645,690
1469,PU_R0735,R0735,P425,pickup,H1,46.0533,4.0727,5,1,715,750
1470,DO_R0735,R0735,P425,dropoff,HOME_P425,46.036250325009334,4.169646213633507,5,-1,715,810
1471,PU_R0736,R0736,P426,pickup,HOME_P426,46.00650358425657,4.1932536112270995,5,1,485,531
1472,DO_R0736,R0736,P426,dropoff,H2,46.0457,4.0688,5,-1,505,550
1473,PU_R0737,R0737,P426,pickup,H2,46.0457,4.0688,5,1,585,610
1474,DO_R0737,R0737,P426,dropoff,HOME_P426,46.00650358425657,4.1932536112270995,5,-1,585,660
1475,PU_R0738,R0738,P427,pickup,HOME_P427,46.02251592062533,3.9869508215125222,5,1,455,507
1476,DO_R0738,R0738,P427,dropoff,H2,46.0457,4.0688,5,-1,475,520
1477,PU_R0739,R0739,P427,pickup,H2,46.0457,4.0688,5,1,560,585
1478,DO_R0739,R0739,P427,dropoff,HOME_P427,46.02251592062533,3.9869508215125222,5,-1,560,635
1479,PU_R0740,R0740,P428,pickup,HOME_P428,46.03899559081181,3.9910393411958878,5,1,775,818
1480,DO_R0740,R0740,P428,dropoff,H1,46.0533,4.0727,5,-1,785,830
1481,PU_R0741,R0741,P429,pickup,HOME_P429,46.088453895426746,4.120697815637912,5,1,430,473
1482,DO_R0741,R0741,P429,dropoff,H2,46.0457,4.0688,5,-1,440,485
1483,PU_R0742,R0742,P429,pickup,H2,46.0457,4.0688,5,1,710,725
1484,DO_R0742,R0742,P429,dropoff,HOME_P429,46.088453895426746,4.120697815637912,5,-1,710,765
1485,PU_R0743,R0743,P430,pickup,HOME_P430,46.064669958544656,4.119766283472134,5,1,430,477
1486,DO_R0743,R0743,P430,dropoff,H2,46.0457,4.0688,5,-1,440,485
1487,PU_R0744,R0744,P430,pickup,H2,46.0457,4.0688,5,1,655,670
1488,DO_R0744,R0744,P430,dropoff,HOME_P430,46.064669958544656,4.119766283472134,5,-1,655,710
1489,PU_R0745,R0745,P431,pickup,HOME_P431,46.08766146013652,4.041684251284325,5,1,460,505
1490,DO_R0745,R0745,P431,dropoff,H2,46.0457,4.0688,5,-1,470,515
1491,PU_R0746,R0746,P431,pickup,H2,46.0457,4.0688,5,1,755,770
1492,DO_R0746,R0746,P431,dropoff,HOME_P431,46.08766146013652,4.041684251284325,5,-1,755,810
1493,PU_R0747,R0747,P432,pickup,HOME_P432,46.090451121361326,4.022748831443402,5,1,465,509
1494,DO_R0747,R0747,P432,dropoff,H2,46.0457,4.0688,5,-1,475,520
1495,PU_R0748,R0748,P432,pickup,H2,46.0457,4.0688,5,1,780,795
1496,DO_R0748,R0748,P432,dropoff,HOME_P432,46.090451121361326,4.022748831443402,5,-1,780,835
1497,PU_R0749,R0749,P433,pickup,HOME_P433,45.9881731972721,4.161692980452228,5,1,845,892
1498,DO_R0749,R0749,P433,dropoff,H1,46.0533,4.0727,5,-1,865,910
1499,PU_R0750,R0750,P433,pickup,H1,46.0533,4.0727,5,1,1005,1030
1500,DO_R0750,R0750,P433,dropoff,HOME_P433,45.9881731972721,4.161692980452228,5,-1,1005,1080
1501,PU_R0751,R0751,P434,pickup,HOME_P434,46.01861056536933,3.963918464211512,5,1,790,828
1502,DO_R0751,R0751,P434,dropoff,H1,46.0533,4.0727,5,-1,800,845
1503,PU_R0752,R0752,P434,pickup,H1,46.0533,4.0727,5,1,1025,1040
1504,DO_R0752,R0752,P434,dropoff,HOME_P434,46.01861056536933,3.963918464211512,5,-1,1025,1080
1505,PU_R0753,R0753,P435,pickup,HOME_P435,46.040627785044926,4.068326868375114,5,1,760,810
1506,DO_R0753,R0753,P435,dropoff,H3,46.05,4.07,5,-1,770,815
1507,PU_R0754,R0754,P436,pickup,HOME_P436,46.07404400114248,4.190562957122338,5,1,850,898
1508,DO_R0754,R0754,P436,dropoff,H1,46.0533,4.0727,5,-1,870,915
1509,PU_R0755,R0755,P437,pickup,HOME_P437,46.07577828920454,4.175089644504013,5,1,970,1019
1510,DO_R0755,R0755,P437,dropoff,H2,46.0457,4.0688,5,-1,990,1035
1511,PU_R0756,R0756,P438,pickup,HOME_P438,46.023180413363896,4.066887784853803,5,1,760,810
1512,DO_R0756,R0756,P438,dropoff,H2,46.0457,4.0688,5,-1,770,815
1513,PU_R0757,R0757,P438,pickup,H2,46.0457,4.0688,5,1,1025,1040
1514,DO_R0757,R0757,P438,dropoff,HOME_P438,46.023180413363896,4.066887784853803,5,-1,1025,1080
1515,PU_R0758,R0758,P439,pickup,HOME_P439,46.0027103400457,4.028038200913671,5,1,435,478
1516,DO_R0758,R0758,P439,dropoff,H3,46.05,4.07,5,-1,445,490
1517,PU_R0759,R0759,P439,pickup,H3,46.05,4.07,5,1,735,750
1518,DO_R0759,R0759,P439,dropoff,HOME_P439,46.0027103400457,4.028038200913671,5,-1,735,790
1519,PU_R0760,R0760,P440,pickup,HOME_P440,46.03755277993859,4.105241532411081,5,1,430,479
1520,DO_R0760,R0760,P440,dropoff,H1,46.0533,4.0727,5,-1,440,485
1521,PU_R0761,R0761,P440,pickup,H1,46.0533,4.0727,5,1,725,740
1522,DO_R0761,R0761,P440,dropoff,HOME_P440,46.03755277993859,4.105241532411081,5,-1,725,780
1523,PU_R0762,R0762,P441,pickup,HOME_P441,45.99552907551046,3.9438009615798624,5,1,775,820
1524,DO_R0762,R0762,P441,dropoff,H2,46.0457,4.0688,5,-1,795,840
1525,PU_R0763,R0763,P441,pickup,H2,46.0457,4.0688,5,1,870,895
1526,DO_R0763,R0763,P441,dropoff,HOME_P441,45.99552907551046,3.9438009615798624,5,-1,870,945
1527,PU_R0764,R0764,P442,pickup,HOME_P442,46.056050129315445,4.129709556516937,5,1,925,982
1528,DO_R0764,R0764,P442,dropoff,H1,46.0533,4.0727,5,-1,945,990
1529,PU_R0765,R0765,P443,pickup,HOME_P443,46.09197818637658,4.004904946440659,5,1,445,487
1530,DO_R0765,R0765,P443,dropoff,H1,46.0533,4.0727,5,-1,455,500
1531,PU_R0766,R0766,P443,pickup,H1,46.0533,4.0727,5,1,740,755
1532,DO_R0766,R0766,P443,dropoff,HOME_P443,46.09197818637658,4.004904946440659,5,-1,740,795
1533,PU_R0767,R0767,P444,pickup,HOME_P444,46.056370989264074,4.021178336037856,5,1,740,787
1534,DO_R0767,R0767,P444,dropoff,H1,46.0533,4.0727,5,-1,750,795
1535,PU_R0768,R0768,P445,pickup,HOME_P445,46.09241168567118,4.09598237670571,5,1,430,475
1536,DO_R0768,R0768,P445,dropoff,H3,46.05,4.07,5,-1,440,485
1537,PU_R0769,R0769,P445,pickup,H3,46.05,4.07,5,1,730,745
1538,DO_R0769,R0769,P445,dropoff,HOME_P445,46.09241168567118,4.09598237670571,5,-1,730,785
1539,PU_R0770,R0770,P446,pickup,HOME_P446,46.00062044281324,4.027705144058001,5,1,450,492
1540,DO_R0770,R0770,P446,dropoff,H1,46.0533,4.0727,5,-1,460,505
1541,PU_R0771,R0771,P446,pickup,H1,46.0533,4.0727,5,1,745,760
1542,DO_R0771,R0771,P446,dropoff,HOME_P446,46.00062044281324,4.027705144058001,5,-1,745,800
1543,PU_R0772,R0772,P447,pickup,HOME_P447,46.04596714785745,4.075614654710646,5,1,775,825
1544,DO_R0772,R0772,P447,dropoff,H2,46.0457,4.0688,5,-1,785,830
1545,PU_R0773,R0773,P448,pickup,HOME_P448,46.098984381440246,4.024947380251192,5,1,470,522
1546,DO_R0773,R0773,P448,dropoff,H2,46.0457,4.0688,5,-1,490,535
1547,PU_R0774,R0774,P448,pickup,H2,46.0457,4.0688,5,1,560,585
1548,DO_R0774,R0774,P448,dropoff,HOME_P448,46.098984381440246,4.024947380251192,5,-1,560,635
1549,PU_R0775,R0775,P449,pickup,HOME_P449,46.05025567904429,3.97751192788174,5,1,465,506
1550,DO_R0775,R0775,P449,dropoff,H1,46.0533,4.0727,5,-1,475,520
1551,PU_R0776,R0776,P449,pickup,H1,46.0533,4.0727,5,1,685,700
1552,DO_R0776,R0776,P449,dropoff,HOME_P449,46.05025567904429,3.97751192788174,5,-1,685,740
1553,PU_R0777,R0777,P450,pickup,HOME_P450,46.045036077800944,4.170282119838806,5,1,525,576
1554,DO_R0777,R0777,P450,dropoff,H2,46.0457,4.0688,5,-1,545,590
1555,PU_R0778,R0778,P450,pickup,H2,46.0457,4.0688,5,1,630,655
1556,DO_R0778,R0778,P450,dropoff,HOME_P450,46.045036077800944,4.170282119838806,5,-1,630,705
1557,PU_R0779,R0779,P451,pickup,HOME_P451,46.12166426876485,4.113112368316169,5,1,605,645
1558,DO_R0779,R0779,P451,dropoff,H1,46.0533,4.0727,5,-1,615,660
1559,PU_R0780,R0780,P451,pickup,H1,46.0533,4.0727,5,1,830,845
1560,DO_R0780,R0780,P451,dropoff,HOME_P451,46.12166426876485,4.113112368316169,5,-1,830,885
1561,PU_R0781,R0781,P452,pickup,HOME_P452,46.06782299925947,3.929576503907981,5,1,610,655
1562,DO_R0781,R0781,P452,dropoff,H2,46.0457,4.0688,5,-1,630,675
1563,PU_R0782,R0782,P452,pickup,H2,46.0457,4.0688,5,1,710,735
1564,DO_R0782,R0782,P452,dropoff,HOME_P452,46.06782299925947,3.929576503907981,5,-1,710,785
1565,PU_R0783,R0783,P453,pickup,HOME_P453,46.0628652031106,4.1495413976045255,5,1,460,514
1566,DO_R0783,R0783,P453,dropoff,H1,46.0533,4.0727,5,-1,480,525
1567,PU_R0784,R0784,P453,pickup,H1,46.0533,4.0727,5,1,635,660
1568,DO_R0784,R0784,P453,dropoff,HOME_P453,46.0628652031106,4.1495413976045255,5,-1,635,710
1569,PU_R0785,R0785,P454,pickup,HOME_P454,45.96870489972493,4.0541353094311345,5,1,425,463
1570,DO_R0785,R0785,P454,dropoff,H1,46.0533,4.0727,5,-1,435,480
1571,PU_R0786,R0786,P454,pickup,H1,46.0533,4.0727,5,1,640,655
1572,DO_R0786,R0786,P454,dropoff,HOME_P454,45.96870489972493,4.0541353094311345,5,-1,640,695
1573,PU_R0787,R0787,P455,pickup,HOME_P455,45.99997080811833,4.0222360305479326,5,1,730,773
1574,DO_R0787,R0787,P455,dropoff,H3,46.05,4.07,5,-1,740,785
1575,PU_R0788,R0788,P455,pickup,H3,46.05,4.07,5,1,1000,1015
1576,DO_R0788,R0788,P455,dropoff,HOME_P455,45.99997080811833,4.0222360305479326,5,-1,1000,1055
1577,PU_R0789,R0789,P456,pickup,HOME_P456,46.03169552743983,4.015243688504717,5,1,450,495
1578,DO_R0789,R0789,P456,dropoff,H1,46.0533,4.0727,5,-1,460,505
1579,PU_R0790,R0790,P456,pickup,H1,46.0533,4.0727,5,1,675,690
1580,DO_R0790,R0790,P456,dropoff,HOME_P456,46.03169552743983,4.015243688504717,5,-1,675,730
1581,PU_R0791,R0791,P457,pickup,HOME_P457,46.097193879870716,4.093846896541796,5,1,470,515
1582,DO_R0791,R0791,P457,dropoff,H1,46.0533,4.0727,5,-1,480,525
1583,PU_R0792,R0792,P457,pickup,H1,46.0533,4.0727,5,1,705,720
1584,DO_R0792,R0792,P457,dropoff,HOME_P457,46.097193879870716,4.093846896541796,5,-1,705,760
1585,PU_R0793,R0793,P458,pickup,HOME_P458,45.985459876719034,3.9868828130305367,5,1,510,557
1586,DO_R0793,R0793,P458,dropoff,H1,46.0533,4.0727,5,-1,530,575
1587,PU_R0794,R0794,P458,pickup,H1,46.0533,4.0727,5,1,680,705
1588,DO_R0794,R0794,P458,dropoff,HOME_P458,45.985459876719034,3.9868828130305367,5,-1,680,755
1589,PU_R0795,R0795,P459,pickup,HOME_P459,46.12763327719851,4.082219800459823,5,1,595,645
1590,DO_R0795,R0795,P459,dropoff,H1,46.0533,4.0727,5,-1,615,660
1591,PU_R0796,R0796,P459,pickup,H1,46.0533,4.0727,5,1,730,755
1592,DO_R0796,R0796,P459,dropoff,HOME_P459,46.12763327719851,4.082219800459823,5,-1,730,805
1593,PU_R0797,R0797,P460,pickup,HOME_P460,46.09538614574305,4.054786053362434,5,1,450,496
1594,DO_R0797,R0797,P460,dropoff,H1,46.0533,4.0727,5,-1,460,505
1595,PU_R0798,R0798,P460,pickup,H1,46.0533,4.0727,5,1,745,760
1596,DO_R0798,R0798,P460,dropoff,HOME_P460,46.09538614574305,4.054786053362434,5,-1,745,800
1597,PU_R0799,R0799,P461,pickup,HOME_P461,46.01766934326037,4.056184513435284,5,1,730,779
1598,DO_R0799,R0799,P461,dropoff,H2,46.0457,4.0688,5,-1,740,785
1599,PU_R0800,R0800,P462,pickup,HOME_P462,45.99201384385647,4.098937314828336,5,1,785,827
1600,DO_R0800,R0800,P462,dropoff,H1,46.0533,4.0727,5,-1,795,840
1601,PU_R0801,R0801,P462,pickup,H1,46.0533,4.0727,5,1,1005,1020
1602,DO_R0801,R0801,P462,dropoff,HOME_P462,45.99201384385647,4.098937314828336,5,-1,1005,1060
1603,PU_R0802,R0802,P463,pickup,HOME_P463,46.03430100811145,4.1025425293686135,5,1,780,829
1604,DO_R0802,R0802,P463,dropoff,H2,46.0457,4.0688,5,-1,790,835
1605,PU_R0803,R0803,P464,pickup,HOME_P464,46.06338361185962,4.118982500933879,5,1,445,492
1606,DO_R0803,R0803,P464,dropoff,H2,46.0457,4.0688,5,-1,455,500
1607,PU_R0804,R0804,P464,pickup,H2,46.0457,4.0688,5,1,770,785
1608,DO_R0804,R0804,P464,dropoff,HOME_P464,46.06338361185962,4.118982500933879,5,-1,770,825
1609,PU_R0805,R0805,P465,pickup,HOME_P465,45.990003466577726,4.117270812816406,5,1,760,801
1610,DO_R0805,R0805,P465,dropoff,H1,46.0533,4.0727,5,-1,770,815
1611,PU_R0806,R0806,P466,pickup,HOME_P466,45.990110185307294,4.041136946593118,5,1,735,778
1612,DO_R0806,R0806,P466,dropoff,H2,46.0457,4.0688,5,-1,745,790
1613,PU_R0807,R0807,P466,pickup,H2,46.0457,4.0688,5,1,1000,1015
1614,DO_R0807,R0807,P466,dropoff,HOME_P466,45.990110185307294,4.041136946593118,5,-1,1000,1055
1615,PU_R0808,R0808,P467,pickup,HOME_P467,46.07267059085372,4.159902787773652,5,1,630,672
1616,DO_R0808,R0808,P467,dropoff,H1,46.0533,4.0727,5,-1,640,685
1617,PU_R0809,R0809,P467,pickup,H1,46.0533,4.0727,5,1,855,870
1618,DO_R0809,R0809,P467,dropoff,HOME_P467,46.07267059085372,4.159902787773652,5,-1,855,910
1619,PU_R0810,R0810,P468,pickup,HOME_P468,46.09657501752362,4.137256688771904,5,1,455,497
1620,DO_R0810,R0810,P468,dropoff,H1,46.0533,4.0727,5,-1,465,510
1621,PU_R0811,R0811,P468,pickup,H1,46.0533,4.0727,5,1,750,765
1622,DO_R0811,R0811,P468,dropoff,HOME_P468,46.09657501752362,4.137256688771904,5,-1,750,805
1623,PU_R0812,R0812,P469,pickup,HOME_P469,46.133652065710166,4.0090813406808445,5,1,650,695
1624,DO_R0812,R0812,P469,dropoff,H2,46.0457,4.0688,5,-1,670,715
1625,PU_R0813,R0813,P469,pickup,H2,46.0457,4.0688,5,1,745,770
1626,DO_R0813,R0813,P469,dropoff,HOME_P469,46.133652065710166,4.0090813406808445,5,-1,745,820
1627,PU_R0814,R0814,P470,pickup,HOME_P470,45.99696928393135,4.1109771273942695,5,1,765,807
1628,DO_R0814,R0814,P470,dropoff,H1,46.0533,4.0727,5,-1,775,820
1629,PU_R0815,R0815,P471,pickup,HOME_P471,45.95550573937401,3.896176097674637,5,1,493,548
1630,DO_R0815,R0815,P471,dropoff,H1,46.0533,4.0727,5,-1,535,580
1631,PU_R0816,R0816,P471,pickup,H1,46.0533,4.0727,5,1,605,640
1632,DO_R0816,R0816,P471,dropoff,HOME_P471,45.95550573937401,3.896176097674637,5,-1,605,712
1633,PU_R0817,R0817,P472,pickup,HOME_P472,46.02502160832029,4.19378976833567,5,1,905,962
1634,DO_R0817,R0817,P472,dropoff,H1,46.0533,4.0727,5,-1,935,980
1635,PU_R0818,R0818,P473,pickup,HOME_P473,46.12463147996149,4.01893552281449,5,1,430,469
1636,DO_R0818,R0818,P473,dropoff,H1,46.0533,4.0727,5,-1,440,485
1637,PU_R0819,R0819,P473,pickup,H1,46.0533,4.0727,5,1,650,665
1638,DO_R0819,R0819,P473,dropoff,HOME_P473,46.12463147996149,4.01893552281449,5,-1,650,705
1639,PU_R0820,R0820,P474,pickup,HOME_P474,46.04335461742212,4.115959188723215,5,1,660,708
1640,DO_R0820,R0820,P474,dropoff,H1,46.0533,4.0727,5,-1,670,715
1641,PU_R0821,R0821,P474,pickup,H1,46.0533,4.0727,5,1,890,905
1642,DO_R0821,R0821,P474,dropoff,HOME_P474,46.04335461742212,4.115959188723215,5,-1,890,945
1643,PU_R0822,R0822,P475,pickup,HOME_P475,46.04536167663302,3.9258575317613933,5,1,525,569
1644,DO_R0822,R0822,P475,dropoff,H1,46.0533,4.0727,5,-1,545,590
1645,PU_R0823,R0823,P475,pickup,H1,46.0533,4.0727,5,1,675,700
1646,DO_R0823,R0823,P475,dropoff,HOME_P475,46.04536167663302,3.9258575317613933,5,-1,675,750
1647,PU_R0824,R0824,P476,pickup,HOME_P476,46.024448786927785,4.0887466351537425,5,1,895,944
1648,DO_R0824,R0824,P476,dropoff,H2,46.0457,4.0688,5,-1,905,950
1649,PU_R0825,R0825,P477,pickup,HOME_P477,46.0432769843276,4.031340194962325,5,1,755,803
1650,DO_R0825,R0825,P477,dropoff,H1,46.0533,4.0727,5,-1,765,810
1651,PU_R0826,R0826,P478,pickup,HOME_P478,46.02028660556055,3.9668936795278897,5,1,480,530
1652,DO_R0826,R0826,P478,dropoff,H2,46.0457,4.0688,5,-1,500,545
1653,PU_R0827,R0827,P478,pickup,H2,46.0457,4.0688,5,1,585,610
1654,DO_R0827,R0827,P478,dropoff,HOME_P478,46.02028660556055,3.9668936795278897,5,-1,585,660
1655,PU_R0828,R0828,P479,pickup,HOME_P479,46.03807403846433,4.059376141079509,5,1,480,530
1656,DO_R0828,R0828,P479,dropoff,H2,46.0457,4.0688,5,-1,490,535
1657,PU_R0829,R0829,P479,pickup,H2,46.0457,4.0688,5,1,825,840
1658,DO_R0829,R0829,P479,dropoff,HOME_P479,46.03807403846433,4.059376141079509,5,-1,825,880
1659,PU_R0830,R0830,P480,pickup,HOME_P480,46.05260312416424,4.059296358212176,5,1,960,1020
1660,DO_R0830,R0830,P480,dropoff,H2,46.0457,4.0688,5,-1,980,1025
1661,PU_R0831,R0831,P481,pickup,HOME_P481,46.035945171382444,4.1008075716142605,5,1,465,514
1662,DO_R0831,R0831,P481,dropoff,H3,46.05,4.07,5,-1,475,520
1663,PU_R0832,R0832,P481,pickup,H3,46.05,4.07,5,1,775,790
1664,DO_R0832,R0832,P481,dropoff,HOME_P481,46.035945171382444,4.1008075716142605,5,-1,775,830
1665,PU_R0833,R0833,P482,pickup,HOME_P482,46.11256956209763,3.9793033826745754,5,1,455,502
1666,DO_R0833,R0833,P482,dropoff,H1,46.0533,4.0727,5,-1,475,520
1667,PU_R0834,R0834,P482,pickup,H1,46.0533,4.0727,5,1,630,655
1668,DO_R0834,R0834,P482,dropoff,HOME_P482,46.11256956209763,3.9793033826745754,5,-1,630,705
1669,PU_R0835,R0835,P483,pickup,HOME_P483,46.06095959031727,4.0369417080991745,5,1,755,804
1670,DO_R0835,R0835,P483,dropoff,H1,46.0533,4.0727,5,-1,765,810
1671,PU_R0836,R0836,P484,pickup,HOME_P484,46.07323102635742,4.156996438439809,5,1,425,467
1672,DO_R0836,R0836,P484,dropoff,H1,46.0533,4.0727,5,-1,435,480
1673,PU_R0837,R0837,P484,pickup,H1,46.0533,4.0727,5,1,720,735
1674,DO_R0837,R0837,P484,dropoff,HOME_P484,46.07323102635742,4.156996438439809,5,-1,720,775
1675,PU_R0838,R0838,P485,pickup,HOME_P485,45.998375938631966,4.135214587243976,5,1,630,681
1676,DO_R0838,R0838,P485,dropoff,H2,46.0457,4.0688,5,-1,650,695
1677,PU_R0839,R0839,P485,pickup,H2,46.0457,4.0688,5,1,735,760
1678,DO_R0839,R0839,P485,dropoff,HOME_P485,45.998375938631966,4.135214587243976,5,-1,735,810
1679,PU_R0840,R0840,P486,pickup,HOME_P486,46.022424117477236,4.125246167448184,5,1,475,520
1680,DO_R0840,R0840,P486,dropoff,H1,46.0533,4.0727,5,-1,485,530
1681,PU_R0841,R0841,P486,pickup,H1,46.0533,4.0727,5,1,770,785
1682,DO_R0841,R0841,P486,dropoff,HOME_P486,46.022424117477236,4.125246167448184,5,-1,770,825
1683,PU_R0842,R0842,P487,pickup,HOME_P487,45.98629352102823,4.093058738924585,5,1,735,777
1684,DO_R0842,R0842,P487,dropoff,H2,46.0457,4.0688,5,-1,745,790
1685,PU_R0843,R0843,P487,pickup,H2,46.0457,4.0688,5,1,1025,1040
1686,DO_R0843,R0843,P487,dropoff,HOME_P487,45.98629352102823,4.093058738924585,5,-1,1025,1080
1687,PU_R0844,R0844,P488,pickup,HOME_P488,46.06454460614212,4.0244942949707925,5,1,970,1017
1688,DO_R0844,R0844,P488,dropoff,H1,46.0533,4.0727,5,-1,980,1025
1689,PU_R0845,R0845,P489,pickup,HOME_P489,46.10829009670385,4.1029711407778695,5,1,445,488
1690,DO_R0845,R0845,P489,dropoff,H1,46.0533,4.0727,5,-1,455,500
1691,PU_R0846,R0846,P489,pickup,H1,46.0533,4.0727,5,1,740,755
1692,DO_R0846,R0846,P489,dropoff,HOME_P489,46.10829009670385,4.1029711407778695,5,-1,740,795
1693,PU_R0847,R0847,P490,pickup,HOME_P490,46.01431374167637,4.0749462575796676,5,1,475,533
1694,DO_R0847,R0847,P490,dropoff,H2,46.0457,4.0688,5,-1,495,540
1695,PU_R0848,R0848,P490,pickup,H2,46.0457,4.0688,5,1,565,590
1696,DO_R0848,R0848,P490,dropoff,HOME_P490,46.01431374167637,4.0749462575796676,5,-1,565,640
1697,PU_R0849,R0849,P491,pickup,HOME_P491,45.9945531019201,4.097107689795579,5,1,485,537
1698,DO_R0849,R0849,P491,dropoff,H1,46.0533,4.0727,5,-1,505,550
1699,PU_R0850,R0850,P491,pickup,H1,46.0533,4.0727,5,1,620,645
1700,DO_R0850,R0850,P491,dropoff,HOME_P491,45.9945531019201,4.097107689795579,5,-1,620,695
1701,PU_R0851,R0851,P492,pickup,HOME_P492,46.02105235537209,4.1611752168669165,5,1,435,476
1702,DO_R0851,R0851,P492,dropoff,H2,46.0457,4.0688,5,-1,445,490
1703,PU_R0852,R0852,P492,pickup,H2,46.0457,4.0688,5,1,700,715
1704,DO_R0852,R0852,P492,dropoff,HOME_P492,46.02105235537209,4.1611752168669165,5,-1,700,755
1705,PU_R0853,R0853,P493,pickup,HOME_P493,46.04261677068149,4.083037618037833,5,1,985,1035
1706,DO_R0853,R0853,P493,dropoff,H1,46.0533,4.0727,5,-1,995,1040
1707,PU_R0854,R0854,P494,pickup,HOME_P494,46.020371610773225,3.998015196303351,5,1,730,772
1708,DO_R0854,R0854,P494,dropoff,H1,46.0533,4.0727,5,-1,740,785
1709,PU_R0855,R0855,P494,pickup,H1,46.0533,4.0727,5,1,1025,1040
1710,DO_R0855,R0855,P494,dropoff,HOME_P494,46.020371610773225,3.998015196303351,5,-1,1025,1080
1711,PU_R0856,R0856,P495,pickup,HOME_P495,46.01993591317051,4.126406814412995,5,1,795,850
1712,DO_R0856,R0856,P495,dropoff,H2,46.0457,4.0688,5,-1,815,860
1713,PU_R0857,R0857,P495,pickup,H2,46.0457,4.0688,5,1,890,915
1714,DO_R0857,R0857,P495,dropoff,HOME_P495,46.01993591317051,4.126406814412995,5,-1,890,965
1715,PU_R0858,R0858,P496,pickup,HOME_P496,46.026338276349996,4.050586629607902,5,1,480,528
1716,DO_R0858,R0858,P496,dropoff,H1,46.0533,4.0727,5,-1,490,535
1717,PU_R0859,R0859,P496,pickup,H1,46.0533,4.0727,5,1,775,790
1718,DO_R0859,R0859,P496,dropoff,HOME_P496,46.026338276349996,4.050586629607902,5,-1,775,830
1719,PU_R0860,R0860,P497,pickup,HOME_P497,46.01618856389607,3.996196568228961,5,1,430,472
1720,DO_R0860,R0860,P497,dropoff,H3,46.05,4.07,5,-1,440,485
1721,PU_R0861,R0861,P497,pickup,H3,46.05,4.07,5,1,720,735
1722,DO_R0861,R0861,P497,dropoff,HOME_P497,46.01618856389607,3.996196568228961,5,-1,720,775
1723,PU_R0862,R0862,P498,pickup,HOME_P498,46.08930391872309,4.000274858310351,5,1,480,522
1724,DO_R0862,R0862,P498,dropoff,H1,46.0533,4.0727,5,-1,490,535
1725,PU_R0863,R0863,P498,pickup,H1,46.0533,4.0727,5,1,775,790
1726,DO_R0863,R0863,P498,dropoff,HOME_P498,46.08930391872309,4.000274858310351,5,-1,775,830
1727,PU_R0864,R0864,P499,pickup,HOME_P499,46.07280921298072,4.036096450749718,5,1,730,778
1728,DO_R0864,R0864,P499,dropoff,H3,46.05,4.07,5,-1,740,785
1729,PU_R0865,R0865,P500,pickup,HOME_P500,46.06134399715216,3.977938521973932,5,1,765,806
1730,DO_R0865,R0865,P500,dropoff,H1,46.0533,4.0727,5,-1,775,820
1731,PU_R0866,R0866,P501,pickup,HOME_P501,45.97920189984323,4.0686610999711945,5,1,475,515
1732,DO_R0866,R0866,P501,dropoff,H1,46.0533,4.0727,5,-1,485,530
1733,PU_R0867,R0867,P501,pickup,H1,46.0533,4.0727,5,1,685,700
1734,DO_R0867,R0867,P501,dropoff,HOME_P501,45.97920189984323,4.0686610999711945,5,-1,685,740
1735,PU_R0868,R0868,P502,pickup,HOME_P502,46.12108841982272,4.07046546359397,5,1,780,821
1736,DO_R0868,R0868,P502,dropoff,H1,46.0533,4.0727,5,-1,790,835
1737,PU_R0869,R0869,P503,pickup,HOME_P503,46.11793935852739,4.062155968941955,5,1,755,796
1738,DO_R0869,R0869,P503,dropoff,H3,46.05,4.07,5,-1,765,810
1739,PU_R0870,R0870,P504,pickup,HOME_P504,46.00714516775215,4.13092673051445,5,1,570,623
1740,DO_R0870,R0870,P504,dropoff,H2,46.0457,4.0688,5,-1,590,635
1741,PU_R0871,R0871,P504,pickup,H2,46.0457,4.0688,5,1,670,695
1742,DO_R0871,R0871,P504,dropoff,HOME_P504,46.00714516775215,4.13092673051445,5,-1,670,745
1743,PU_R0872,R0872,P505,pickup,HOME_P505,46.01133711280678,4.154964278248328,5,1,480,520
1744,DO_R0872,R0872,P505,dropoff,H1,46.0533,4.0727,5,-1,490,535
1745,PU_R0873,R0873,P505,pickup,H1,46.0533,4.0727,5,1,775,790
1746,DO_R0873,R0873,P505,dropoff,HOME_P505,46.01133711280678,4.154964278248328,5,-1,775,830
1747,PU_R0874,R0874,P506,pickup,HOME_P506,45.99205833884685,4.033217477721952,5,1,735,777
1748,DO_R0874,R0874,P506,dropoff,H3,46.05,4.07,5,-1,745,790
1749,PU_R0875,R0875,P506,pickup,H3,46.05,4.07,5,1,1020,1035
1750,DO_R0875,R0875,P506,dropoff,HOME_P506,45.99205833884685,4.033217477721952,5,-1,1020,1075
1751,PU_R0876,R0876,P507,pickup,HOME_P507,45.99995601037706,4.14889196865383,5,1,470,520
1752,DO_R0876,R0876,P507,dropoff,H2,46.0457,4.0688,5,-1,490,535
1753,PU_R0877,R0877,P508,pickup,HOME_P508,46.018855021228575,4.189707349727944,5,1,470,517
1754,DO_R0877,R0877,P508,dropoff,H1,46.0533,4.0727,5,-1,490,535
1755,PU_R0878,R0878,P508,pickup,H1,46.0533,4.0727,5,1,595,620
1756,DO_R0878,R0878,P508,dropoff,HOME_P508,46.018855021228575,4.189707349727944,5,-1,595,670
1757,PU_R0879,R0879,P509,pickup,HOME_P509,46.04846093736831,4.126177060362134,5,1,435,482
1758,DO_R0879,R0879,P509,dropoff,H2,46.0457,4.0688,5,-1,445,490
1759,PU_R0880,R0880,P509,pickup,H2,46.0457,4.0688,5,1,755,770
1760,DO_R0880,R0880,P509,dropoff,HOME_P509,46.04846093736831,4.126177060362134,5,-1,755,810
1761,PU_R0881,R0881,P510,pickup,HOME_P510,46.084414021749446,4.120403358138083,5,1,805,859
1762,DO_R0881,R0881,P510,dropoff,H2,46.0457,4.0688,5,-1,825,870
1763,PU_R0882,R0882,P510,pickup,H2,46.0457,4.0688,5,1,900,925
1764,DO_R0882,R0882,P510,dropoff,HOME_P510,46.084414021749446,4.120403358138083,5,-1,900,975
1765,PU_R0883,R0883,P511,pickup,HOME_P511,45.994719241608706,4.036407196171591,5,1,740,783
1766,DO_R0883,R0883,P511,dropoff,H2,46.0457,4.0688,5,-1,750,795
1767,PU_R0884,R0884,P511,pickup,H2,46.0457,4.0688,5,1,1005,1020
1768,DO_R0884,R0884,P511,dropoff,HOME_P511,45.994719241608706,4.036407196171591,5,-1,1005,1060
1769,PU_R0885,R0885,P512,pickup,HOME_P512,46.10757134094631,4.130715214356481,5,1,790,840
1770,DO_R0885,R0885,P512,dropoff,H2,46.0457,4.0688,5,-1,810,855
1771,PU_R0886,R0886,P512,pickup,H2,46.0457,4.0688,5,1,895,920
1772,DO_R0886,R0886,P512,dropoff,HOME_P512,46.10757134094631,4.130715214356481,5,-1,895,970
1773,PU_R0887,R0887,P513,pickup,HOME_P513,46.105414082803456,4.002858341035126,5,1,475,515
1774,DO_R0887,R0887,P513,dropoff,H1,46.0533,4.0727,5,-1,485,530
1775,PU_R0888,R0888,P513,pickup,H1,46.0533,4.0727,5,1,770,785
1776,DO_R0888,R0888,P513,dropoff,HOME_P513,46.105414082803456,4.002858341035126,5,-1,770,825
1777,PU_R0889,R0889,P514,pickup,HOME_P514,46.07593125873495,4.0759720223209595,5,1,480,540
1778,DO_R0889,R0889,P514,dropoff,H1,46.0533,4.0727,5,-1,500,545
1779,PU_R0890,R0890,P514,pickup,H1,46.0533,4.0727,5,1,630,655
1780,DO_R0890,R0890,P514,dropoff,HOME_P514,46.07593125873495,4.0759720223209595,5,-1,630,705
1781,PU_R0891,R0891,P515,pickup,HOME_P515,46.00718958968345,3.972553366978685,5,1,465,514
1782,DO_R0891,R0891,P515,dropoff,H2,46.0457,4.0688,5,-1,485,530
1783,PU_R0892,R0892,P515,pickup,H2,46.0457,4.0688,5,1,570,595
1784,DO_R0892,R0892,P515,dropoff,HOME_P515,46.00718958968345,3.972553366978685,5,-1,570,645
1785,PU_R0893,R0893,P516,pickup,HOME_P516,45.996206896720956,4.008140646131583,5,1,1005,1047
1786,DO_R0893,R0893,P516,dropoff,H2,46.0457,4.0688,5,-1,1015,1060
1787,PU_R0894,R0894,P517,pickup,HOME_P517,46.10779215617707,4.066308604923181,5,1,425,468
1788,DO_R0894,R0894,P517,dropoff,H3,46.05,4.07,5,-1,435,480
1789,PU_R0895,R0895,P517,pickup,H3,46.05,4.07,5,1,710,725
1790,DO_R0895,R0895,P517,dropoff,HOME_P517,46.10779215617707,4.066308604923181,5,-1,710,765
1791,PU_R0896,R0896,P518,pickup,HOME_P518,46.09332424429684,4.211560317513041,5,1,625,669
1792,DO_R0896,R0896,P518,dropoff,H1,46.0533,4.0727,5,-1,645,690
1793,PU_R0897,R0897,P518,pickup,H1,46.0533,4.0727,5,1,755,780
1794,DO_R0897,R0897,P518,dropoff,HOME_P518,46.09332424429684,4.211560317513041,5,-1,755,830
1795,PU_R0898,R0898,P519,pickup,HOME_P519,46.09198475345563,4.0131884348555005,5,1,750,793
1796,DO_R0898,R0898,P519,dropoff,H1,46.0533,4.0727,5,-1,760,805
1797,PU_R0899,R0899,P520,pickup,HOME_P520,46.0344665377665,3.996179927532693,5,1,425,469
1798,DO_R0899,R0899,P520,dropoff,H3,46.05,4.07,5,-1,435,480
1799,PU_R0900,R0900,P520,pickup,H3,46.05,4.07,5,1,740,755
1800,DO_R0900,R0900,P520,dropoff,HOME_P520,46.0344665377665,3.996179927532693,5,-1,740,795
1801,PU_R0901,R0901,P521,pickup,HOME_P521,46.02557866927118,3.9827138436801186,5,1,780,821
1802,DO_R0901,R0901,P521,dropoff,H1,46.0533,4.0727,5,-1,790,835
1803,PU_R0902,R0902,P522,pickup,HOME_P522,46.08840641713259,4.09910383074146,5,1,470,517
1804,DO_R0902,R0902,P522,dropoff,H1,46.0533,4.0727,5,-1,480,525
1805,PU_R0903,R0903,P522,pickup,H1,46.0533,4.0727,5,1,765,780
1806,DO_R0903,R0903,P522,dropoff,HOME_P522,46.08840641713259,4.09910383074146,5,-1,765,820
1807,PU_R0904,R0904,P523,pickup,HOME_P523,46.136906963819015,3.9904362753731863,5,1,635,679
1808,DO_R0904,R0904,P523,dropoff,H1,46.0533,4.0727,5,-1,655,700
1809,PU_R0905,R0905,P523,pickup,H1,46.0533,4.0727,5,1,765,790
1810,DO_R0905,R0905,P523,dropoff,HOME_P523,46.136906963819015,3.9904362753731863,5,-1,765,840
1811,PU_R0906,R0906,P524,pickup,HOME_P524,46.01995431081297,3.9771717016758963,5,1,845,895
1812,DO_R0906,R0906,P524,dropoff,H1,46.0533,4.0727,5,-1,865,910
1813,PU_R0907,R0907,P524,pickup,H1,46.0533,4.0727,5,1,970,995
1814,DO_R0907,R0907,P524,dropoff,HOME_P524,46.01995431081297,3.9771717016758963,5,-1,970,1045
1815,PU_R0908,R0908,P525,pickup,HOME_P525,46.05127711189637,4.157694813131774,5,1,470,513
1816,DO_R0908,R0908,P525,dropoff,H1,46.0533,4.0727,5,-1,480,525
1817,PU_R0909,R0909,P525,pickup,H1,46.0533,4.0727,5,1,765,780
1818,DO_R0909,R0909,P525,dropoff,HOME_P525,46.05127711189637,4.157694813131774,5,-1,765,820
1819,PU_R0910,R0910,P526,pickup,HOME_P526,46.040172489883844,4.175014318504723,5,1,650,710
1820,DO_R0910,R0910,P526,dropoff,H1,46.0533,4.0727,5,-1,680,725
1821,PU_R0911,R0911,P526,pickup,H1,46.0533,4.0727,5,1,755,790
1822,DO_R0911,R0911,P526,dropoff,HOME_P526,46.040172489883844,4.175014318504723,5,-1,755,850
1823,PU_R0912,R0912,P527,pickup,HOME_P527,46.01845575609177,3.960503962555179,5,1,630,678
1824,DO_R0912,R0912,P527,dropoff,H1,46.0533,4.0727,5,-1,650,695
1825,PU_R0913,R0913,P527,pickup,H1,46.0533,4.0727,5,1,765,790
1826,DO_R0913,R0913,P527,dropoff,HOME_P527,46.01845575609177,3.960503962555179,5,-1,765,840
1827,PU_R0914,R0914,P528,pickup,HOME_P528,46.041661080189456,4.069264836649676,5,1,735,785
1828,DO_R0914,R0914,P528,dropoff,H3,46.05,4.07,5,-1,745,790
1829,PU_R0915,R0915,P528,pickup,H3,46.05,4.07,5,1,1000,1015
1830,DO_R0915,R0915,P528,dropoff,HOME_P528,46.041661080189456,4.069264836649676,5,-1,1000,1055
1831,PU_R0916,R0916,P529,pickup,HOME_P529,46.06591423426055,4.005390397789337,5,1,435,480
1832,DO_R0916,R0916,P529,dropoff,H1,46.0533,4.0727,5,-1,445,490
1833,PU_R0917,R0917,P529,pickup,H1,46.0533,4.0727,5,1,730,745
1834,DO_R0917,R0917,P529,dropoff,HOME_P529,46.06591423426055,4.005390397789337,5,-1,730,785
1835,PU_R0918,R0918,P530,pickup,HOME_P530,46.06432057068088,4.143081524591532,5,1,440,485
1836,DO_R0918,R0918,P530,dropoff,H1,46.0533,4.0727,5,-1,450,495
1837,PU_R0919,R0919,P530,pickup,H1,46.0533,4.0727,5,1,735,750
1838,DO_R0919,R0919,P530,dropoff,HOME_P530,46.06432057068088,4.143081524591532,5,-1,735,790
1839,PU_R0920,R0920,P531,pickup,HOME_P531,46.05680781455986,4.033330819988541,5,1,425,474
1840,DO_R0920,R0920,P531,dropoff,H1,46.0533,4.0727,5,-1,435,480
1841,PU_R0921,R0921,P531,pickup,H1,46.0533,4.0727,5,1,630,645
1842,DO_R0921,R0921,P531,dropoff,HOME_P531,46.05680781455986,4.033330819988541,5,-1,630,685
1843,PU_R0922,R0922,P532,pickup,HOME_P532,45.938404283653604,4.040066939586821,5,1,825,876
1844,DO_R0922,R0922,P532,dropoff,H1,46.0533,4.0727,5,-1,855,900
1845,PU_R0923,R0923,P532,pickup,H1,46.0533,4.0727,5,1,920,955
1846,DO_R0923,R0923,P532,dropoff,HOME_P532,45.938404283653604,4.040066939586821,5,-1,920,1015
1847,PU_R0924,R0924,P533,pickup,HOME_P533,46.05836899675096,4.010878445894274,5,1,760,806
1848,DO_R0924,R0924,P533,dropoff,H2,46.0457,4.0688,5,-1,770,815
1849,PU_R0925,R0925,P534,pickup,HOME_P534,46.10195593763714,4.0709954150415175,5,1,465,509
1850,DO_R0925,R0925,P534,dropoff,H3,46.05,4.07,5,-1,475,520
1851,PU_R0926,R0926,P534,pickup,H3,46.05,4.07,5,1,760,775
1852,DO_R0926,R0926,P534,dropoff,HOME_P534,46.10195593763714,4.0709954150415175,5,-1,760,815
1853,PU_R0927,R0927,P535,pickup,HOME_P535,46.06020580362073,4.054430303570427,5,1,765,815
1854,DO_R0927,R0927,P535,dropoff,H1,46.0533,4.0727,5,-1,775,820
1855,PU_R0928,R0928,P536,pickup,HOME_P536,46.03710592270733,4.032889203293451,5,1,445,494
1856,DO_R0928,R0928,P536,dropoff,H2,46.0457,4.0688,5,-1,455,500
1857,PU_R0929,R0929,P536,pickup,H2,46.0457,4.0688,5,1,820,835
1858,DO_R0929,R0929,P536,dropoff,HOME_P536,46.03710592270733,4.032889203293451,5,-1,820,875
1859,PU_R0930,R0930,P537,pickup,HOME_P537,46.129511943757386,4.10156176914588,5,1,970,1019
1860,DO_R0930,R0930,P537,dropoff,H1,46.0533,4.0727,5,-1,990,1035
1861,PU_R0931,R0931,P538,pickup,HOME_P538,46.0505575983629,4.166341260189768,5,1,450,491
1862,DO_R0931,R0931,P538,dropoff,H3,46.05,4.07,5,-1,460,505
1863,PU_R0932,R0932,P538,pickup,H3,46.05,4.07,5,1,775,790
1864,DO_R0932,R0932,P538,dropoff,HOME_P538,46.0505575983629,4.166341260189768,5,-1,775,830
1865,PU_R0933,R0933,P539,pickup,HOME_P539,46.10226897648449,4.1573094906484105,5,1,640,688
1866,DO_R0933,R0933,P539,dropoff,H2,46.0457,4.0688,5,-1,660,705
1867,PU_R0934,R0934,P539,pickup,H2,46.0457,4.0688,5,1,745,770
1868,DO_R0934,R0934,P539,dropoff,HOME_P539,46.10226897648449,4.1573094906484105,5,-1,745,820
1869,PU_R0935,R0935,P540,pickup,HOME_P540,46.03024930204907,4.043868293463027,5,1,985,1033
1870,DO_R0935,R0935,P540,dropoff,H1,46.0533,4.0727,5,-1,995,1040
1871,PU_R0936,R0936,P541,pickup,HOME_P541,46.025516231156104,4.007606229902358,5,1,475,520
1872,DO_R0936,R0936,P541,dropoff,H2,46.0457,4.0688,5,-1,485,530
1873,PU_R0937,R0937,P541,pickup,H2,46.0457,4.0688,5,1,790,805
1874,DO_R0937,R0937,P541,dropoff,HOME_P541,46.025516231156104,4.007606229902358,5,-1,790,845
1875,PU_R0938,R0938,P542,pickup,HOME_P542,46.13350266878426,4.101345277326192,5,1,570,628
1876,DO_R0938,R0938,P542,dropoff,H1,46.0533,4.0727,5,-1,600,645
1877,PU_R0939,R0939,P542,pickup,H1,46.0533,4.0727,5,1,665,700
1878,DO_R0939,R0939,P542,dropoff,HOME_P542,46.13350266878426,4.101345277326192,5,-1,665,760
1879,PU_R0940,R0940,P543,pickup,HOME_P543,46.08404261698208,4.163720976582776,5,1,740,781
1880,DO_R0940,R0940,P543,dropoff,H1,46.0533,4.0727,5,-1,750,795
1881,PU_R0941,R0941,P544,pickup,HOME_P544,45.99134068105073,4.013364614731732,5,1,795,846
1882,DO_R0941,R0941,P544,dropoff,H2,46.0457,4.0688,5,-1,815,860
1883,PU_R0942,R0942,P545,pickup,HOME_P545,46.066062185003084,4.12676414014347,5,1,765,811
1884,DO_R0942,R0942,P545,dropoff,H3,46.05,4.07,5,-1,775,820
1885,PU_R0943,R0943,P546,pickup,HOME_P546,46.09220655719015,4.075928717047882,5,1,460,505
1886,DO_R0943,R0943,P546,dropoff,H2,46.0457,4.0688,5,-1,470,515
1887,PU_R0944,R0944,P546,pickup,H2,46.0457,4.0688,5,1,770,785
1888,DO_R0944,R0944,P546,dropoff,HOME_P546,46.09220655719015,4.075928717047882,5,-1,770,825
1889,PU_R0945,R0945,P547,pickup,HOME_P547,46.083087495222976,4.12209583865475,5,1,750,794
1890,DO_R0945,R0945,P547,dropoff,H2,46.0457,4.0688,5,-1,760,805
1891,PU_R0946,R0946,P547,pickup,H2,46.0457,4.0688,5,1,985,1000
1892,DO_R0946,R0946,P547,dropoff,HOME_P547,46.083087495222976,4.12209583865475,5,-1,985,1040
1893,PU_R0947,R0947,P548,pickup,HOME_P548,46.007293046750256,4.143310041079671,5,1,970,1011
1894,DO_R0947,R0947,P548,dropoff,H3,46.05,4.07,5,-1,980,1025
1895,PU_R0948,R0948,P549,pickup,HOME_P549,46.07005381108139,4.200637428321708,5,1,625,671
1896,DO_R0948,R0948,P549,dropoff,H2,46.0457,4.0688,5,-1,645,690
1897,PU_R0949,R0949,P549,pickup,H2,46.0457,4.0688,5,1,730,755
1898,DO_R0949,R0949,P549,dropoff,HOME_P549,46.07005381108139,4.200637428321708,5,-1,730,805
1899,PU_R0950,R0950,P550,pickup,HOME_P550,46.08033394216969,4.166217346633703,5,1,455,496
1900,DO_R0950,R0950,P550,dropoff,H1,46.0533,4.0727,5,-1,465,510
1901,PU_R0951,R0951,P550,pickup,H1,46.0533,4.0727,5,1,680,695
1902,DO_R0951,R0951,P550,dropoff,HOME_P550,46.08033394216969,4.166217346633703,5,-1,680,735
