request_id,patient_id,trip_type,direction,origin_point_id,destination_point_id,hospital_id,activity_type,priority_code,priority_class,theta_p,requirement,service_pickup_min,service_dropoff_min,q_pickup,q_dropoff,earliest_pickup_min,latest_pickup_min,latest_dropoff_min,appointment_minute_a_p,max_ride_time_L_p_min,in_planning_horizon,paired_request_id,pickup_model_node_label,dropoff_model_node_label,earliest_pickup_datetime,latest_pickup_datetime,latest_dropoff_datetime,appointment_datetime_a_p,earliest_pickup_hhmm,latest_pickup_hhmm,latest_dropoff_hhmm
R0001,P1,outbound,patient_to_hospital,HOME_P1,H1,H1,other,P2,medium,1.5,standard_assis,5,5,1,-1,495,543,560,560,35,1,R0002,PU_R0001,DO_R0001,2026-05-18 08:15:00,2026-05-18 09:03:00,2026-05-18 09:20:00,2026-05-18 09:20:00,08:15,09:03,09:20
R0002,P1,return,hospital_to_patient,H1,HOME_P1,H1,other,P2,medium,1.5,standard_assis,5,5,1,-1,635,660,710,635,35,1,R0001,PU_R0002,DO_R0002,2026-05-18 10:35:00,2026-05-18 11:00:00,2026-05-18 11:50:00,2026-05-18 10:35:00,10:35,11:00,11:50
R0003,P2,outbound,patient_to_hospital,HOME_P2,H2,H2,dialysis,P1,high,2.0,vsl_required,5,5,1,-1,455,498,510,510,25,1,R0004,PU_R0003,DO_R0003,2026-05-18 07:35:00,2026-05-18 08:18:00,2026-05-18 08:30:00,2026-05-18 08:30:00,07:35,08:18,08:30
R0004,P2,return,hospital_to_patient,H2,HOME_P2,H2,dialysis,P1,high,2.0,vsl_required,5,5,1,-1,725,740,780,725,25,1,R0003,PU_R0004,DO_R0004,2026-05-18 12:05:00,2026-05-18 12:20:00,2026-05-18 13:00:00,2026-05-18 12:05:00,12:05,12:20,13:00
R0005,P3,outbound,patient_to_hospital,HOME_P3,H1,H1,oncology,P1,high,2.0,vsl_required,5,5,1,-1,440,484,495,495,25,1,R0006,PU_R0005,DO_R0005,2026-05-18 07:20:00,2026-05-18 08:04:00,2026-05-18 08:15:00,2026-05-18 08:15:00,07:20,08:04,08:15
R0006,P3,return,hospital_to_patient,H1,HOME_P3,H1,oncology,P1,high,2.0,vsl_required,5,5,1,-1,655,670,710,655,25,1,R0005,PU_R0006,DO_R0006,2026-05-18 10:55:00,2026-05-18 11:10:00,2026-05-18 11:50:00,2026-05-18 10:55:00,10:55,11:10,11:50
R0007,P4,outbound,patient_to_hospital,HOME_P4,H2,H2,other,P2,medium,1.5,standard_assis,5,5,1,-1,965,1012,1030,1030,35,1,,PU_R0007,DO_R0007,2026-05-18 16:05:00,2026-05-18 16:52:00,2026-05-18 17:10:00,2026-05-18 17:10:00,16:05,16:52,17:10
R0008,P5,outbound,patient_to_hospital,HOME_P5,H1,H1,dialysis,P1,high,2.0,vsl_required,5,5,1,-1,745,792,800,800,25,1,,PU_R0008,DO_R0008,2026-05-18 12:25:00,2026-05-18 13:12:00,2026-05-18 13:20:00,2026-05-18 13:20:00,12:25,13:12,13:20
R0009,P6,outbound,patient_to_hospital,HOME_P6,H2,H2,other,P2,medium,1.5,standard_assis,5,5,1,-1,850,894,915,915,35,1,R0010,PU_R0009,DO_R0009,2026-05-18 14:10:00,2026-05-18 14:54:00,2026-05-18 15:15:00,2026-05-18 15:15:00,14:10,14:54,15:15
R0010,P6,return,hospital_to_patient,H2,HOME_P6,H2,other,P2,medium,1.5,standard_assis,5,5,1,-1,955,980,1030,955,35,1,R0009,PU_R0010,DO_R0010,2026-05-18 15:55:00,2026-05-18 16:20:00,2026-05-18 17:10:00,2026-05-18 15:55:00,15:55,16:20,17:10
R0011,P7,outbound,patient_to_hospital,HOME_P7,H2,H2,other,P2,medium,1.5,standard_assis,5,5,1,-1,595,644,660,660,35,1,R0012,PU_R0011,DO_R0011,2026-05-18 09:55:00,2026-05-18 10:44:00,2026-05-18 11:00:00,2026-05-18 11:00:00,09:55,10:44,11:00
R0012,P7,return,hospital_to_patient,H2,HOME_P7,H2,other,P2,medium,1.5,standard_assis,5,5,1,-1,685,710,760,685,35,1,R0011,PU_R0012,DO_R0012,2026-05-18 11:25:00,2026-05-18 11:50:00,2026-05-18 12:40:00,2026-05-18 11:25:00,11:25,11:50,12:40
R0013,P8,outbound,patient_to_hospital,HOME_P8,H2,H2,dialysis,P1,high,2.0,vsl_required,5,5,1,-1,765,809,820,820,25,1,,PU_R0013,DO_R0013,2026-05-18 12:45:00,2026-05-18 13:29:00,2026-05-18 13:40:00,2026-05-18 13:40:00,12:45,13:29,13:40
R0014,P9,outbound,patient_to_hospital,HOME_P9,H2,H2,other,P2,medium,1.5,standard_assis,5,5,1,-1,635,687,700,700,35,1,R0015,PU_R0014,DO_R0014,2026-05-18 10:35:00,2026-05-18 11:27:00,2026-05-18 11:40:00,2026-05-18 11:40:00,10:35,11:27,11:40
R0015,P9,return,hospital_to_patient,H2,HOME_P9,H2,other,P2,medium,1.5,standard_assis,5,5,1,-1,725,750,800,725,35,1,R0014,PU_R0015,DO_R0015,2026-05-18 12:05:00,2026-05-18 12:30:00,2026-05-18 13:20:00,2026-05-18 12:05:00,12:05,12:30,13:20
R0016,P10,outbound,patient_to_hospital,HOME_P10,H1,H1,dialysis,P1,high,2.0,vsl_required,5,5,1,-1,1015,1056,1070,1070,25,1,,PU_R0016,DO_R0016,2026-05-18 16:55:00,2026-05-18 17:36:00,2026-05-18 17:50:00,2026-05-18 17:50:00,16:55,17:36,17:50
R0017,P11,outbound,patient_to_hospital,HOME_P11,H1,H1,oncology,P1,high,2.0,vsl_required,5,5,1,-1,455,503,510,510,25,1,R0018,PU_R0017,DO_R0017,2026-05-18 07:35:00,2026-05-18 08:23:00,2026-05-18 08:30:00,2026-05-18 08:30:00,07:35,08:23,08:30
R0018,P11,return,hospital_to_patient,H1,HOME_P11,H1,oncology,P1,high,2.0,vsl_required,5,5,1,-1,675,690,730,675,25,1,R0017,PU_R0018,DO_R0018,2026-05-18 11:15:00,2026-05-18 11:30:00,2026-05-18 12:10:00,2026-05-18 11:15:00,11:15,11:30,12:10
R0019,P12,outbound,patient_to_hospital,HOME_P12,H1,H1,oncology,P1,high,2.0,vsl_required,5,5,1,-1,655,695,710,710,25,1,R0020,PU_R0019,DO_R0019,2026-05-18 10:55:00,2026-05-18 11:35:00,2026-05-18 11:50:00,2026-05-18 11:50:00,10:55,11:35,11:50
R0020,P12,return,hospital_to_patient,H1,HOME_P12,H1,oncology,P1,high,2.0,vsl_required,5,5,1,-1,875,890,930,875,25,1,R0019,PU_R0020,DO_R0020,2026-05-18 14:35:00,2026-05-18 14:50:00,2026-05-18 15:30:00,2026-05-18 14:35:00,14:35,14:50,15:30
R0021,P13,outbound,patient_to_hospital,HOME_P13,H1,H1,dialysis,P1,high,2.0,prescription_medicale,5,5,1,-1,460,504,515,515,25,1,R0022,PU_R0021,DO_R0021,2026-05-18 07:40:00,2026-05-18 08:24:00,2026-05-18 08:35:00,2026-05-18 08:35:00,07:40,08:24,08:35
R0022,P13,return,hospital_to_patient,H1,HOME_P13,H1,dialysis,P1,high,2.0,prescription_medicale,5,5,1,-1,755,770,810,755,25,1,R0021,PU_R0022,DO_R0022,2026-05-18 12:35:00,2026-05-18 12:50:00,2026-05-18 13:30:00,2026-05-18 12:35:00,12:35,12:50,13:30
R0023,P14,outbound,patient_to_hospital,HOME_P14,H1,H1,other,P2,medium,1.5,prescription_medicale,5,5,1,-1,510,562,575,575,35,1,R0024,PU_R0023,DO_R0023,2026-05-18 08:30:00,2026-05-18 09:22:00,2026-05-18 09:35:00,2026-05-18 09:35:00,08:30,09:22,09:35
R0024,P14,return,hospital_to_patient,H1,HOME_P14,H1,other,P2,medium,1.5,prescription_medicale,5,5,1,-1,685,710,760,685,35,1,R0023,PU_R0024,DO_R0024,2026-05-18 11:25:00,2026-05-18 11:50:00,2026-05-18 12:40:00,2026-05-18 11:25:00,11:25,11:50,12:40
R0025,P15,outbound,patient_to_hospital,HOME_P15,H1,H1,other,P2,medium,1.5,vsl_required,5,5,1,-1,475,527,540,540,35,1,R0026,PU_R0025,DO_R0025,2026-05-18 07:55:00,2026-05-18 08:47:00,2026-05-18 09:00:00,2026-05-18 09:00:00,07:55,08:47,09:00
R0026,P15,return,hospital_to_patient,H1,HOME_P15,H1,other,P2,medium,1.5,vsl_required,5,5,1,-1,640,665,715,640,35,1,R0025,PU_R0026,DO_R0026,2026-05-18 10:40:00,2026-05-18 11:05:00,2026-05-18 11:55:00,2026-05-18 10:40:00,10:40,11:05,11:55
R0027,P16,outbound,patient_to_hospital,HOME_P16,H2,H2,other,P2,medium,1.5,standard_assis,5,5,1,-1,955,1007,1020,1020,35,1,,PU_R0027,DO_R0027,2026-05-18 15:55:00,2026-05-18 16:47:00,2026-05-18 17:00:00,2026-05-18 17:00:00,15:55,16:47,17:00
R0028,P17,outbound,patient_to_hospital,HOME_P17,H2,H2,oncology,P1,high,2.0,prescription_medicale,5,5,1,-1,460,507,515,515,25,1,,PU_R0028,DO_R0028,2026-05-18 07:40:00,2026-05-18 08:27:00,2026-05-18 08:35:00,2026-05-18 08:35:00,07:40,08:27,08:35
R0029,P18,outbound,patient_to_hospital,HOME_P18,H1,H1,oncology,P1,high,2.0,vsl_required,5,5,1,-1,455,492,510,510,25,1,R0030,PU_R0029,DO_R0029,2026-05-18 07:35:00,2026-05-18 08:12:00,2026-05-18 08:30:00,2026-05-18 08:30:00,07:35,08:12,08:30
R0030,P18,return,hospital_to_patient,H1,HOME_P18,H1,oncology,P1,high,2.0,vsl_required,5,5,1,-1,670,685,725,670,25,1,R0029,PU_R0030,DO_R0030,2026-05-18 11:10:00,2026-05-18 11:25:00,2026-05-18 12:05:00,2026-05-18 11:10:00,11:10,11:25,12:05
R0031,P19,outbound,patient_to_hospital,HOME_P19,H1,H1,oncology,P1,high,2.0,standard_assis,5,5,1,-1,635,681,690,690,25,1,R0032,PU_R0031,DO_R0031,2026-05-18 10:35:00,2026-05-18 11:21:00,2026-05-18 11:30:00,2026-05-18 11:30:00,10:35,11:21,11:30
R0032,P19,return,hospital_to_patient,H1,HOME_P19,H1,oncology,P1,high,2.0,standard_assis,5,5,1,-1,855,870,910,855,25,1,R0031,PU_R0032,DO_R0032,2026-05-18 14:15:00,2026-05-18 14:30:00,2026-05-18 15:10:00,2026-05-18 14:15:00,14:15,14:30,15:10
R0033,P20,outbound,patient_to_hospital,HOME_P20,H1,H1,other,P2,medium,1.5,standard_assis,5,5,1,-1,460,516,525,525,35,1,R0034,PU_R0033,DO_R0033,2026-05-18 07:40:00,2026-05-18 08:36:00,2026-05-18 08:45:00,2026-05-18 08:45:00,07:40,08:36,08:45
R0034,P20,return,hospital_to_patient,H1,HOME_P20,H1,other,P2,medium,1.5,standard_assis,5,5,1,-1,615,640,690,615,35,1,R0033,PU_R0034,DO_R0034,2026-05-18 10:15:00,2026-05-18 10:40:00,2026-05-18 11:30:00,2026-05-18 10:15:00,10:15,10:40,11:30
R0035,P21,outbound,patient_to_hospital,HOME_P21,H2,H2,dialysis,P1,high,2.0,prescription_medicale,5,5,1,-1,460,509,515,515,25,1,R0036,PU_R0035,DO_R0035,2026-05-18 07:40:00,2026-05-18 08:29:00,2026-05-18 08:35:00,2026-05-18 08:35:00,07:40,08:29,08:35
R0036,P21,return,hospital_to_patient,H2,HOME_P21,H2,dialysis,P1,high,2.0,prescription_medicale,5,5,1,-1,755,770,810,755,25,1,R0035,PU_R0036,DO_R0036,2026-05-18 12:35:00,2026-05-18 12:50:00,2026-05-18 13:30:00,2026-05-18 12:35:00,12:35,12:50,13:30
R0037,P22,outbound,patient_to_hospital,HOME_P22,H1,H1,oncology,P1,high,2.0,standard_assis,5,5,1,-1,470,507,525,525,25,1,R0038,PU_R0037,DO_R0037,2026-05-18 07:50:00,2026-05-18 08:27:00,2026-05-18 08:45:00,2026-05-18 08:45:00,07:50,08:27,08:45
R0038,P22,return,hospital_to_patient,H1,HOME_P22,H1,oncology,P1,high,2.0,standard_assis,5,5,1,-1,690,705,745,690,25,1,R0037,PU_R0038,DO_R0038,2026-05-18 11:30:00,2026-05-18 11:45:00,2026-05-18 12:25:00,2026-05-18 11:30:00,11:30,11:45,12:25
R0039,P23,outbound,patient_to_hospital,HOME_P23,H2,H2,other,P2,medium,1.5,prescription_medicale,5,5,1,-1,775,823,840,840,35,1,R0040,PU_R0039,DO_R0039,2026-05-18 12:55:00,2026-05-18 13:43:00,2026-05-18 14:00:00,2026-05-18 14:00:00,12:55,13:43,14:00
R0040,P23,return,hospital_to_patient,H2,HOME_P23,H2,other,P2,medium,1.5,prescription_medicale,5,5,1,-1,870,895,945,870,35,1,R0039,PU_R0040,DO_R0040,2026-05-18 14:30:00,2026-05-18 14:55:00,2026-05-18 15:45:00,2026-05-18 14:30:00,14:30,14:55,15:45
R0041,P24,outbound,patient_to_hospital,HOME_P24,H2,H2,dialysis,P1,high,2.0,prescription_medicale,5,5,1,-1,760,801,815,815,25,1,,PU_R0041,DO_R0041,2026-05-18 12:40:00,2026-05-18 13:21:00,2026-05-18 13:35:00,2026-05-18 13:35:00,12:40,13:21,13:35
R0042,P25,outbound,patient_to_hospital,HOME_P25,H1,H1,external,P3,low,1.0,standard_assis,5,5,1,-1,625,691,700,700,45,1,R0043,PU_R0042,DO_R0042,2026-05-18 10:25:00,2026-05-18 11:31:00,2026-05-18 11:40:00,2026-05-18 11:40:00,10:25,11:31,11:40
R0043,P25,return,hospital_to_patient,H1,HOME_P25,H1,external,P3,low,1.0,standard_assis,5,5,1,-1,725,760,820,725,45,1,R0042,PU_R0043,DO_R0043,2026-05-18 12:05:00,2026-05-18 12:40:00,2026-05-18 13:40:00,2026-05-18 12:05:00,12:05,12:40,13:40
R0044,P26,outbound,patient_to_hospital,HOME_P26,H1,H1,other,P2,medium,1.5,prescription_medicale,5,5,1,-1,605,650,670,670,35,1,R0045,PU_R0044,DO_R0044,2026-05-18 10:05:00,2026-05-18 10:50:00,2026-05-18 11:10:00,2026-05-18 11:10:00,10:05,10:50,11:10
R0045,P26,return,hospital_to_patient,H1,HOME_P26,H1,other,P2,medium,1.5,prescription_medicale,5,5,1,-1,735,760,810,735,35,1,R0044,PU_R0045,DO_R0045,2026-05-18 12:15:00,2026-05-18 12:40:00,2026-05-18 13:30:00,2026-05-18 12:15:00,12:15,12:40,13:30
R0046,P27,outbound,patient_to_hospital,HOME_P27,H2,H2,dialysis,P1,high,2.0,vsl_required,5,5,1,-1,450,495,505,505,25,1,R0047,PU_R0046,DO_R0046,2026-05-18 07:30:00,2026-05-18 08:15:00,2026-05-18 08:25:00,2026-05-18 08:25:00,07:30,08:15,08:25
R0047,P27,return,hospital_to_patient,H2,HOME_P27,H2,dialysis,P1,high,2.0,vsl_required,5,5,1,-1,745,760,800,745,25,1,R0046,PU_R0047,DO_R0047,2026-05-18 12:25:00,2026-05-18 12:40:00,2026-05-18 13:20:00,2026-05-18 12:25:00,12:25,12:40,13:20
R0048,P28,outbound,patient_to_hospital,HOME_P28,H1,H1,dialysis,P1,high,2.0,prescription_medicale,5,5,1,-1,725,772,780,780,25,1,R0049,PU_R0048,DO_R0048,2026-05-18 12:05:00,2026-05-18 12:52:00,2026-05-18 13:00:00,2026-05-18 13:00:00,12:05,12:52,13:00
R0049,P28,return,hospital_to_patient,H1,HOME_P28,H1,dialysis,P1,high,2.0,prescription_medicale,5,5,1,-1,1020,1035,1075,1020,25,1,R0048,PU_R0049,DO_R0049,2026-05-18 17:00:00,2026-05-18 17:15:00,2026-05-18 17:55:00,2026-05-18 17:00:00,17:00,17:15,17:55
R0050,P29,outbound,patient_to_hospital,HOME_P29,H2,H2,other,P2,medium,1.5,prescription_medicale,5,5,1,-1,595,644,660,660,35,1,R0051,PU_R0050,DO_R0050,2026-05-18 09:55:00,2026-05-18 10:44:00,2026-05-18 11:00:00,2026-05-18 11:00:00,09:55,10:44,11:00
R0051,P29,return,hospital_to_patient,H2,HOME_P29,H2,other,P2,medium,1.5,prescription_medicale,5,5,1,-1,695,720,770,695,35,1,R0050,PU_R0051,DO_R0051,2026-05-18 11:35:00,2026-05-18 12:00:00,2026-05-18 12:50:00,2026-05-18 11:35:00,11:35,12:00,12:50
R0052,P30,outbound,patient_to_hospital,HOME_P30,H1,H1,oncology,P1,high,2.0,prescription_medicale,5,5,1,-1,820,863,875,875,25,1,,PU_R0052,DO_R0052,2026-05-18 13:40:00,2026-05-18 14:23:00,2026-05-18 14:35:00,2026-05-18 14:35:00,13:40,14:23,14:35
R0053,P31,outbound,patient_to_hospital,HOME_P31,H2,H2,other,P2,medium,1.5,premium,5,5,1,-1,800,847,865,865,35,1,R0054,PU_R0053,DO_R0053,2026-05-18 13:20:00,2026-05-18 14:07:00,2026-05-18 14:25:00,2026-05-18 14:25:00,13:20,14:07,14:25
R0054,P31,return,hospital_to_patient,H2,HOME_P31,H2,other,P2,medium,1.5,premium,5,5,1,-1,900,925,975,900,35,1,R0053,PU_R0054,DO_R0054,2026-05-18 15:00:00,2026-05-18 15:25:00,2026-05-18 16:15:00,2026-05-18 15:00:00,15:00,15:25,16:15
R0055,P32,outbound,patient_to_hospital,HOME_P32,H2,H2,dialysis,P1,high,2.0,vsl_required,5,5,1,-1,780,829,835,835,25,1,,PU_R0055,DO_R0055,2026-05-18 13:00:00,2026-05-18 13:49:00,2026-05-18 13:55:00,2026-05-18 13:55:00,13:00,13:49,13:55
R0056,P33,outbound,patient_to_hospital,HOME_P33,H1,H1,dialysis,P1,high,2.0,vsl_required,5,5,1,-1,760,800,815,815,25,1,,PU_R0056,DO_R0056,2026-05-18 12:40:00,2026-05-18 13:20:00,2026-05-18 13:35:00,2026-05-18 13:35:00,12:40,13:20,13:35
R0057,P34,outbound,patient_to_hospital,HOME_P34,H2,H2,oncology,P1,high,2.0,vsl_required,5,5,1,-1,480,524,535,535,25,1,R0058,PU_R0057,DO_R0057,2026-05-18 08:00:00,2026-05-18 08:44:00,2026-05-18 08:55:00,2026-05-18 08:55:00,08:00,08:44,08:55
R0058,P34,return,hospital_to_patient,H2,HOME_P34,H2,oncology,P1,high,2.0,vsl_required,5,5,1,-1,640,655,695,640,25,1,R0057,PU_R0058,DO_R0058,2026-05-18 10:40:00,2026-05-18 10:55:00,2026-05-18 11:35:00,2026-05-18 10:40:00,10:40,10:55,11:35
R0059,P35,outbound,patient_to_hospital,HOME_P35,H1,H1,other,P2,medium,1.5,standard_assis,5,5,1,-1,810,870,875,875,35,1,R0060,PU_R0059,DO_R0059,2026-05-18 13:30:00,2026-05-18 14:30:00,2026-05-18 14:35:00,2026-05-18 14:35:00,13:30,14:30,14:35
R0060,P35,return,hospital_to_patient,H1,HOME_P35,H1,other,P2,medium,1.5,standard_assis,5,5,1,-1,945,970,1020,945,35,1,R0059,PU_R0060,DO_R0060,2026-05-18 15:45:00,2026-05-18 16:10:00,2026-05-18 17:00:00,2026-05-18 15:45:00,15:45,16:10,17:00
R0061,P36,outbound,patient_to_hospital,HOME_P36,H1,H1,other,P2,medium,1.5,standard_assis,5,5,1,-1,905,956,970,970,35,1,,PU_R0061,DO_R0061,2026-05-18 15:05:00,2026-05-18 15:56:00,2026-05-18 16:10:00,2026-05-18 16:10:00,15:05,15:56,16:10
R0062,P37,outbound,patient_to_hospital,HOME_P37,H1,H1,dialysis,P1,high,2.0,vsl_required,5,5,1,-1,425,466,480,480,25,1,R0063,PU_R0062,DO_R0062,2026-05-18 07:05:00,2026-05-18 07:46:00,2026-05-18 08:00:00,2026-05-18 08:00:00,07:05,07:46,08:00
R0063,P37,return,hospital_to_patient,H1,HOME_P37,H1,dialysis,P1,high,2.0,vsl_required,5,5,1,-1,720,735,775,720,25,1,R0062,PU_R0063,DO_R0063,2026-05-18 12:00:00,2026-05-18 12:15:00,2026-05-18 12:55:00,2026-05-18 12:00:00,12:00,12:15,12:55
R0064,P38,outbound,patient_to_hospital,HOME_P38,H2,H2,oncology,P1,high,2.0,vsl_required,5,5,1,-1,775,823,830,830,25,1,,PU_R0064,DO_R0064,2026-05-18 12:55:00,2026-05-18 13:43:00,2026-05-18 13:50:00,2026-05-18 13:50:00,12:55,13:43,13:50
R0065,P39,outbound,patient_to_hospital,HOME_P39,H1,H1,oncology,P1,high,2.0,prescription_medicale,5,5,1,-1,790,837,845,845,25,1,R0066,PU_R0065,DO_R0065,2026-05-18 13:10:00,2026-05-18 13:57:00,2026-05-18 14:05:00,2026-05-18 14:05:00,13:10,13:57,14:05
R0066,P39,return,hospital_to_patient,H1,HOME_P39,H1,oncology,P1,high,2.0,prescription_medicale,5,5,1,-1,1000,1015,1055,1000,25,1,R0065,PU_R0066,DO_R0066,2026-05-18 16:40:00,2026-05-18 16:55:00,2026-05-18 17:35:00,2026-05-18 16:40:00,16:40,16:55,17:35
R0067,P40,outbound,patient_to_hospital,HOME_P40,H2,H2,other,P2,medium,1.5,standard_assis,5,5,1,-1,830,880,895,895,35,1,R0068,PU_R0067,DO_R0067,2026-05-18 13:50:00,2026-05-18 14:40:00,2026-05-18 14:55:00,2026-05-18 14:55:00,13:50,14:40,14:55
R0068,P40,return,hospital_to_patient,H2,HOME_P40,H2,other,P2,medium,1.5,standard_assis,5,5,1,-1,925,950,1000,925,35,1,R0067,PU_R0068,DO_R0068,2026-05-18 15:25:00,2026-05-18 15:50:00,2026-05-18 16:40:00,2026-05-18 15:25:00,15:25,15:50,16:40
R0069,P41,outbound,patient_to_hospital,HOME_P41,H1,H1,oncology,P1,high,2.0,vsl_required,5,5,1,-1,460,510,515,515,25,1,R0070,PU_R0069,DO_R0069,2026-05-18 07:40:00,2026-05-18 08:30:00,2026-05-18 08:35:00,2026-05-18 08:35:00,07:40,08:30,08:35
R0070,P41,return,hospital_to_patient,H1,HOME_P41,H1,oncology,P1,high,2.0,vsl_required,5,5,1,-1,665,680,720,665,25,1,R0069,PU_R0070,DO_R0070,2026-05-18 11:05:00,2026-05-18 11:20:00,2026-05-18 12:00:00,2026-05-18 11:05:00,11:05,11:20,12:00
R0071,P42,outbound,patient_to_hospital,HOME_P42,H1,H1,external,P3,low,1.0,standard_assis,5,5,1,-1,952,1005,1035,1035,53,1,,PU_R0071,DO_R0071,2026-05-18 15:52:00,2026-05-18 16:45:00,2026-05-18 17:15:00,2026-05-18 17:15:00,15:52,16:45,17:15
R0072,P43,outbound,patient_to_hospital,HOME_P43,H2,H2,other,P2,medium,1.5,standard_assis,5,5,1,-1,600,653,665,665,35,1,R0073,PU_R0072,DO_R0072,2026-05-18 10:00:00,2026-05-18 10:53:00,2026-05-18 11:05:00,2026-05-18 11:05:00,10:00,10:53,11:05
R0073,P43,return,hospital_to_patient,H2,HOME_P43,H2,other,P2,medium,1.5,standard_assis,5,5,1,-1,695,720,770,695,35,1,R0072,PU_R0073,DO_R0073,2026-05-18 11:35:00,2026-05-18 12:00:00,2026-05-18 12:50:00,2026-05-18 11:35:00,11:35,12:00,12:50
R0074,P44,outbound,patient_to_hospital,HOME_P44,H1,H1,dialysis,P1,high,2.0,vsl_required,5,5,1,-1,755,798,810,810,25,1,,PU_R0074,DO_R0074,2026-05-18 12:35:00,2026-05-18 13:18:00,2026-05-18 13:30:00,2026-05-18 13:30:00,12:35,13:18,13:30
R0075,P45,outbound,patient_to_hospital,HOME_P45,H1,H1,oncology,P1,high,2.0,vsl_required,5,5,1,-1,465,503,520,520,25,1,R0076,PU_R0075,DO_R0075,2026-05-18 07:45:00,2026-05-18 08:23:00,2026-05-18 08:40:00,2026-05-18 08:40:00,07:45,08:23,08:40
R0076,P45,return,hospital_to_patient,H1,HOME_P45,H1,oncology,P1,high,2.0,vsl_required,5,5,1,-1,695,710,750,695,25,1,R0075,PU_R0076,DO_R0076,2026-05-18 11:35:00,2026-05-18 11:50:00,2026-05-18 12:30:00,2026-05-18 11:35:00,11:35,11:50,12:30
R0077,P46,outbound,patient_to_hospital,HOME_P46,H2,H2,oncology,P1,high,2.0,prescription_medicale,5,5,1,-1,460,505,515,515,25,1,R0078,PU_R0077,DO_R0077,2026-05-18 07:40:00,2026-05-18 08:25:00,2026-05-18 08:35:00,2026-05-18 08:35:00,07:40,08:25,08:35
R0078,P46,return,hospital_to_patient,H2,HOME_P46,H2,oncology,P1,high,2.0,prescription_medicale,5,5,1,-1,790,805,845,790,25,1,R0077,PU_R0078,DO_R0078,2026-05-18 13:10:00,2026-05-18 13:25:00,2026-05-18 14:05:00,2026-05-18 13:10:00,13:10,13:25,14:05
R0079,P47,outbound,patient_to_hospital,HOME_P47,H2,H2,dialysis,P1,high,2.0,prescription_medicale,5,5,1,-1,765,809,820,820,25,1,,PU_R0079,DO_R0079,2026-05-18 12:45:00,2026-05-18 13:29:00,2026-05-18 13:40:00,2026-05-18 13:40:00,12:45,13:29,13:40
R0080,P48,outbound,patient_to_hospital,HOME_P48,H1,H1,oncology,P1,high,2.0,vsl_required,5,5,1,-1,450,495,505,505,25,1,R0081,PU_R0080,DO_R0080,2026-05-18 07:30:00,2026-05-18 08:15:00,2026-05-18 08:25:00,2026-05-18 08:25:00,07:30,08:15,08:25
R0081,P48,return,hospital_to_patient,H1,HOME_P48,H1,oncology,P1,high,2.0,vsl_required,5,5,1,-1,670,685,725,670,25,1,R0080,PU_R0081,DO_R0081,2026-05-18 11:10:00,2026-05-18 11:25:00,2026-05-18 12:05:00,2026-05-18 11:10:00,11:10,11:25,12:05
R0082,P49,outbound,patient_to_hospital,HOME_P49,H2,H2,oncology,P1,high,2.0,standard_assis,5,5,1,-1,745,784,800,800,25,1,,PU_R0082,DO_R0082,2026-05-18 12:25:00,2026-05-18 13:04:00,2026-05-18 13:20:00,2026-05-18 13:20:00,12:25,13:04,13:20
R0083,P50,outbound,patient_to_hospital,HOME_P50,H1,H1,other,P2,medium,1.5,prescription_medicale,5,5,1,-1,455,509,520,520,35,1,R0084,PU_R0083,DO_R0083,2026-05-18 07:35:00,2026-05-18 08:29:00,2026-05-18 08:40:00,2026-05-18 08:40:00,07:35,08:29,08:40
R0084,P50,return,hospital_to_patient,H1,HOME_P50,H1,other,P2,medium,1.5,prescription_medicale,5,5,1,-1,635,660,710,635,35,1,R0083,PU_R0084,DO_R0084,2026-05-18 10:35:00,2026-05-18 11:00:00,2026-05-18 11:50:00,2026-05-18 10:35:00,10:35,11:00,11:50
R0085,P51,outbound,patient_to_hospital,HOME_P51,H1,H1,other,P2,medium,1.5,standard_assis,5,5,1,-1,965,1016,1030,1030,35,1,,PU_R0085,DO_R0085,2026-05-18 16:05:00,2026-05-18 16:56:00,2026-05-18 17:10:00,2026-05-18 17:10:00,16:05,16:56,17:10
R0086,P52,outbound,patient_to_hospital,HOME_P52,H1,H1,dialysis,P1,high,2.0,prescription_medicale,5,5,1,-1,450,494,505,505,25,1,R0087,PU_R0086,DO_R0086,2026-05-18 07:30:00,2026-05-18 08:14:00,2026-05-18 08:25:00,2026-05-18 08:25:00,07:30,08:14,08:25
R0087,P52,return,hospital_to_patient,H1,HOME_P52,H1,dialysis,P1,high,2.0,prescription_medicale,5,5,1,-1,745,760,800,745,25,1,R0086,PU_R0087,DO_R0087,2026-05-18 12:25:00,2026-05-18 12:40:00,2026-05-18 13:20:00,2026-05-18 12:25:00,12:25,12:40,13:20
R0088,P53,outbound,patient_to_hospital,HOME_P53,H1,H1,dialysis,P1,high,2.0,vsl_required,5,5,1,-1,480,530,535,535,25,1,R0089,PU_R0088,DO_R0088,2026-05-18 08:00:00,2026-05-18 08:50:00,2026-05-18 08:55:00,2026-05-18 08:55:00,08:00,08:50,08:55
R0089,P53,return,hospital_to_patient,H1,HOME_P53,H1,dialysis,P1,high,2.0,vsl_required,5,5,1,-1,775,790,830,775,25,1,R0088,PU_R0089,DO_R0089,2026-05-18 12:55:00,2026-05-18 13:10:00,2026-05-18 13:50:00,2026-05-18 12:55:00,12:55,13:10,13:50
R0090,P54,outbound,patient_to_hospital,HOME_P54,H1,H1,dialysis,P1,high,2.0,vsl_required,5,5,1,-1,470,518,525,525,25,1,R0091,PU_R0090,DO_R0090,2026-05-18 07:50:00,2026-05-18 08:38:00,2026-05-18 08:45:00,2026-05-18 08:45:00,07:50,08:38,08:45
R0091,P54,return,hospital_to_patient,H1,HOME_P54,H1,dialysis,P1,high,2.0,vsl_required,5,5,1,-1,765,780,820,765,25,1,R0090,PU_R0091,DO_R0091,2026-05-18 12:45:00,2026-05-18 13:00:00,2026-05-18 13:40:00,2026-05-18 12:45:00,12:45,13:00,13:40
R0092,P55,outbound,patient_to_hospital,HOME_P55,H2,H2,dialysis,P1,high,2.0,vsl_required,5,5,1,-1,455,503,510,510,25,1,R0093,PU_R0092,DO_R0092,2026-05-18 07:35:00,2026-05-18 08:23:00,2026-05-18 08:30:00,2026-05-18 08:30:00,07:35,08:23,08:30
R0093,P55,return,hospital_to_patient,H2,HOME_P55,H2,dialysis,P1,high,2.0,vsl_required,5,5,1,-1,720,735,775,720,25,1,R0092,PU_R0093,DO_R0093,2026-05-18 12:00:00,2026-05-18 12:15:00,2026-05-18 12:55:00,2026-05-18 12:00:00,12:00,12:15,12:55
R0094,P56,outbound,patient_to_hospital,HOME_P56,H2,H2,dialysis,P1,high,2.0,vsl_required,5,5,1,-1,445,495,500,500,25,1,R0095,PU_R0094,DO_R0094,2026-05-18 07:25:00,2026-05-18 08:15:00,2026-05-18 08:20:00,2026-05-18 08:20:00,07:25,08:15,08:20
R0095,P56,return,hospital_to_patient,H2,HOME_P56,H2,dialysis,P1,high,2.0,vsl_required,5,5,1,-1,760,775,815,760,25,1,R0094,PU_R0095,DO_R0095,2026-05-18 12:40:00,2026-05-18 12:55:00,2026-05-18 13:35:00,2026-05-18 12:40:00,12:40,12:55,13:35
R0096,P57,outbound,patient_to_hospital,HOME_P57,H1,H1,other,P2,medium,1.5,premium,5,5,1,-1,460,510,525,525,35,1,R0097,PU_R0096,DO_R0096,2026-05-18 07:40:00,2026-05-18 08:30:00,2026-05-18 08:45:00,2026-05-18 08:45:00,07:40,08:30,08:45
R0097,P57,return,hospital_to_patient,H1,HOME_P57,H1,other,P2,medium,1.5,premium,5,5,1,-1,600,625,675,600,35,1,R0096,PU_R0097,DO_R0097,2026-05-18 10:00:00,2026-05-18 10:25:00,2026-05-18 11:15:00,2026-05-18 10:00:00,10:00,10:25,11:15
R0098,P58,outbound,patient_to_hospital,HOME_P58,H2,H2,other,P2,medium,1.5,standard_assis,5,5,1,-1,525,571,590,590,35,1,R0099,PU_R0098,DO_R0098,2026-05-18 08:45:00,2026-05-18 09:31:00,2026-05-18 09:50:00,2026-05-18 09:50:00,08:45,09:31,09:50
R0099,P58,return,hospital_to_patient,H2,HOME_P58,H2,other,P2,medium,1.5,standard_assis,5,5,1,-1,620,645,695,620,35,1,R0098,PU_R0099,DO_R0099,2026-05-18 10:20:00,2026-05-18 10:45:00,2026-05-18 11:35:00,2026-05-18 10:20:00,10:20,10:45,11:35
R0100,P59,outbound,patient_to_hospital,HOME_P59,H2,H2,other,P2,medium,1.5,vsl_required,5,5,1,-1,575,627,640,640,35,1,R0101,PU_R0100,DO_R0100,2026-05-18 09:35:00,2026-05-18 10:27:00,2026-05-18 10:40:00,2026-05-18 10:40:00,09:35,10:27,10:40
R0101,P59,return,hospital_to_patient,H2,HOME_P59,H2,other,P2,medium,1.5,vsl_required,5,5,1,-1,675,700,750,675,35,1,R0100,PU_R0101,DO_R0101,2026-05-18 11:15:00,2026-05-18 11:40:00,2026-05-18 12:30:00,2026-05-18 11:15:00,11:15,11:40,12:30
R0102,P60,outbound,patient_to_hospital,HOME_P60,H2,H2,oncology,P1,high,2.0,prescription_medicale,5,5,1,-1,470,515,525,525,25,1,R0103,PU_R0102,DO_R0102,2026-05-18 07:50:00,2026-05-18 08:35:00,2026-05-18 08:45:00,2026-05-18 08:45:00,07:50,08:35,08:45
R0103,P60,return,hospital_to_patient,H2,HOME_P60,H2,oncology,P1,high,2.0,prescription_medicale,5,5,1,-1,645,660,700,645,25,1,R0102,PU_R0103,DO_R0103,2026-05-18 10:45:00,2026-05-18 11:00:00,2026-05-18 11:40:00,2026-05-18 10:45:00,10:45,11:00,11:40
R0104,P61,outbound,patient_to_hospital,HOME_P61,H2,H2,dialysis,P1,high,2.0,prescription_medicale,5,5,1,-1,435,476,490,490,25,1,R0105,PU_R0104,DO_R0104,2026-05-18 07:15:00,2026-05-18 07:56:00,2026-05-18 08:10:00,2026-05-18 08:10:00,07:15,07:56,08:10
R0105,P61,return,hospital_to_patient,H2,HOME_P61,H2,dialysis,P1,high,2.0,prescription_medicale,5,5,1,-1,720,735,775,720,25,1,R0104,PU_R0105,DO_R0105,2026-05-18 12:00:00,2026-05-18 12:15:00,2026-05-18 12:55:00,2026-05-18 12:00:00,12:00,12:15,12:55
R0106,P62,outbound,patient_to_hospital,HOME_P62,H2,H2,dialysis,P1,high,2.0,vsl_required,5,5,1,-1,445,489,500,500,25,1,R0107,PU_R0106,DO_R0106,2026-05-18 07:25:00,2026-05-18 08:09:00,2026-05-18 08:20:00,2026-05-18 08:20:00,07:25,08:09,08:20
R0107,P62,return,hospital_to_patient,H2,HOME_P62,H2,dialysis,P1,high,2.0,vsl_required,5,5,1,-1,745,760,800,745,25,1,R0106,PU_R0107,DO_R0107,2026-05-18 12:25:00,2026-05-18 12:40:00,2026-05-18 13:20:00,2026-05-18 12:25:00,12:25,12:40,13:20
R0108,P63,outbound,patient_to_hospital,HOME_P63,H1,H1,other,P2,medium,1.5,vsl_required,5,5,1,-1,625,679,690,690,35,1,R0109,PU_R0108,DO_R0108,2026-05-18 10:25:00,2026-05-18 11:19:00,2026-05-18 11:30:00,2026-05-18 11:30:00,10:25,11:19,11:30
R0109,P63,return,hospital_to_patient,H1,HOME_P63,H1,other,P2,medium,1.5,vsl_required,5,5,1,-1,765,790,840,765,35,1,R0108,PU_R0109,DO_R0109,2026-05-18 12:45:00,2026-05-18 13:10:00,2026-05-18 14:00:00,2026-05-18 12:45:00,12:45,13:10,14:00
R0110,P64,outbound,patient_to_hospital,HOME_P64,H2,H2,dialysis,P1,high,2.0,prescription_medicale,5,5,1,-1,730,780,785,785,25,1,,PU_R0110,DO_R0110,2026-05-18 12:10:00,2026-05-18 13:00:00,2026-05-18 13:05:00,2026-05-18 13:05:00,12:10,13:00,13:05
R0111,P65,outbound,patient_to_hospital,HOME_P65,H2,H2,dialysis,P1,high,2.0,vsl_required,5,5,1,-1,435,476,490,490,25,1,R0112,PU_R0111,DO_R0111,2026-05-18 07:15:00,2026-05-18 07:56:00,2026-05-18 08:10:00,2026-05-18 08:10:00,07:15,07:56,08:10
R0112,P65,return,hospital_to_patient,H2,HOME_P65,H2,dialysis,P1,high,2.0,vsl_required,5,5,1,-1,740,755,795,740,25,1,R0111,PU_R0112,DO_R0112,2026-05-18 12:20:00,2026-05-18 12:35:00,2026-05-18 13:15:00,2026-05-18 12:20:00,12:20,12:35,13:15
R0113,P66,outbound,patient_to_hospital,HOME_P66,H1,H1,dialysis,P1,high,2.0,prescription_medicale,5,5,1,-1,450,496,505,505,25,1,R0114,PU_R0113,DO_R0113,2026-05-18 07:30:00,2026-05-18 08:16:00,2026-05-18 08:25:00,2026-05-18 08:25:00,07:30,08:16,08:25
R0114,P66,return,hospital_to_patient,H1,HOME_P66,H1,dialysis,P1,high,2.0,prescription_medicale,5,5,1,-1,745,760,800,745,25,1,R0113,PU_R0114,DO_R0114,2026-05-18 12:25:00,2026-05-18 12:40:00,2026-05-18 13:20:00,2026-05-18 12:25:00,12:25,12:40,13:20
R0115,P67,outbound,patient_to_hospital,HOME_P67,H1,H1,external,P3,low,1.0,prescription_medicale,5,5,1,-1,478,533,565,565,57,1,R0116,PU_R0115,DO_R0115,2026-05-18 07:58:00,2026-05-18 08:53:00,2026-05-18 09:25:00,2026-05-18 09:25:00,07:58,08:53,09:25
R0116,P67,return,hospital_to_patient,H1,HOME_P67,H1,external,P3,low,1.0,prescription_medicale,5,5,1,-1,590,625,697,590,57,1,R0115,PU_R0116,DO_R0116,2026-05-18 09:50:00,2026-05-18 10:25:00,2026-05-18 11:37:00,2026-05-18 09:50:00,09:50,10:25,11:37
R0117,P68,outbound,patient_to_hospital,HOME_P68,H2,H2,other,P2,medium,1.5,standard_assis,5,5,1,-1,840,886,905,905,35,1,R0118,PU_R0117,DO_R0117,2026-05-18 14:00:00,2026-05-18 14:46:00,2026-05-18 15:05:00,2026-05-18 15:05:00,14:00,14:46,15:05
R0118,P68,return,hospital_to_patient,H2,HOME_P68,H2,other,P2,medium,1.5,standard_assis,5,5,1,-1,940,965,1015,940,35,1,R0117,PU_R0118,DO_R0118,2026-05-18 15:40:00,2026-05-18 16:05:00,2026-05-18 16:55:00,2026-05-18 15:40:00,15:40,16:05,16:55
R0119,P69,outbound,patient_to_hospital,HOME_P69,H2,H2,other,P2,medium,1.5,premium,5,5,1,-1,465,511,530,530,35,1,R0120,PU_R0119,DO_R0119,2026-05-18 07:45:00,2026-05-18 08:31:00,2026-05-18 08:50:00,2026-05-18 08:50:00,07:45,08:31,08:50
R0120,P69,return,hospital_to_patient,H2,HOME_P69,H2,other,P2,medium,1.5,premium,5,5,1,-1,555,580,630,555,35,1,R0119,PU_R0120,DO_R0120,2026-05-18 09:15:00,2026-05-18 09:40:00,2026-05-18 10:30:00,2026-05-18 09:15:00,09:15,09:40,10:30
R0121,P70,outbound,patient_to_hospital,HOME_P70,H2,H2,other,P2,medium,1.5,standard_assis,5,5,1,-1,950,1002,1015,1015,35,1,,PU_R0121,DO_R0121,2026-05-18 15:50:00,2026-05-18 16:42:00,2026-05-18 16:55:00,2026-05-18 16:55:00,15:50,16:42,16:55
R0122,P71,outbound,patient_to_hospital,HOME_P71,H1,H1,dialysis,P1,high,2.0,vsl_required,5,5,1,-1,470,515,525,525,25,1,R0123,PU_R0122,DO_R0122,2026-05-18 07:50:00,2026-05-18 08:35:00,2026-05-18 08:45:00,2026-05-18 08:45:00,07:50,08:35,08:45
R0123,P71,return,hospital_to_patient,H1,HOME_P71,H1,dialysis,P1,high,2.0,vsl_required,5,5,1,-1,765,780,820,765,25,1,R0122,PU_R0123,DO_R0123,2026-05-18 12:45:00,2026-05-18 13:00:00,2026-05-18 13:40:00,2026-05-18 12:45:00,12:45,13:00,13:40
R0124,P72,outbound,patient_to_hospital,HOME_P72,H1,H1,other,P2,medium,1.5,prescription_medicale,5,5,1,-1,895,945,960,960,35,1,,PU_R0124,DO_R0124,2026-05-18 14:55:00,2026-05-18 15:45:00,2026-05-18 16:00:00,2026-05-18 16:00:00,14:55,15:45,16:00
R0125,P73,outbound,patient_to_hospital,HOME_P73,H2,H2,other,P2,medium,1.5,prescription_medicale,5,5,1,-1,930,984,995,995,35,1,,PU_R0125,DO_R0125,2026-05-18 15:30:00,2026-05-18 16:24:00,2026-05-18 16:35:00,2026-05-18 16:35:00,15:30,16:24,16:35
R0126,P74,outbound,patient_to_hospital,HOME_P74,H1,H1,oncology,P1,high,2.0,prescription_medicale,5,5,1,-1,435,472,490,490,25,1,R0127,PU_R0126,DO_R0126,2026-05-18 07:15:00,2026-05-18 07:52:00,2026-05-18 08:10:00,2026-05-18 08:10:00,07:15,07:52,08:10
R0127,P74,return,hospital_to_patient,H1,HOME_P74,H1,oncology,P1,high,2.0,prescription_medicale,5,5,1,-1,645,660,700,645,25,1,R0126,PU_R0127,DO_R0127,2026-05-18 10:45:00,2026-05-18 11:00:00,2026-05-18 11:40:00,2026-05-18 10:45:00,10:45,11:00,11:40
R0128,P75,outbound,patient_to_hospital,HOME_P75,H2,H2,oncology,P1,high,2.0,standard_assis,5,5,1,-1,755,792,810,810,25,1,R0129,PU_R0128,DO_R0128,2026-05-18 12:35:00,2026-05-18 13:12:00,2026-05-18 13:30:00,2026-05-18 13:30:00,12:35,13:12,13:30
R0129,P75,return,hospital_to_patient,H2,HOME_P75,H2,oncology,P1,high,2.0,standard_assis,5,5,1,-1,905,920,960,905,25,1,R0128,PU_R0129,DO_R0129,2026-05-18 15:05:00,2026-05-18 15:20:00,2026-05-18 16:00:00,2026-05-18 15:05:00,15:05,15:20,16:00
R0130,P76,outbound,patient_to_hospital,HOME_P76,H1,H1,external,P3,low,1.0,standard_assis,5,5,1,-1,519,571,600,600,51,1,R0131,PU_R0130,DO_R0130,2026-05-18 08:39:00,2026-05-18 09:31:00,2026-05-18 10:00:00,2026-05-18 10:00:00,08:39,09:31,10:00
R0131,P76,return,hospital_to_patient,H1,HOME_P76,H1,external,P3,low,1.0,standard_assis,5,5,1,-1,625,660,726,625,51,1,R0130,PU_R0131,DO_R0131,2026-05-18 10:25:00,2026-05-18 11:00:00,2026-05-18 12:06:00,2026-05-18 10:25:00,10:25,11:00,12:06
R0132,P77,outbound,patient_to_hospital,HOME_P77,H1,H1,other,P2,medium,1.5,standard_assis,5,5,1,-1,445,494,510,510,35,1,R0133,PU_R0132,DO_R0132,2026-05-18 07:25:00,2026-05-18 08:14:00,2026-05-18 08:30:00,2026-05-18 08:30:00,07:25,08:14,08:30
R0133,P77,return,hospital_to_patient,H1,HOME_P77,H1,other,P2,medium,1.5,standard_assis,5,5,1,-1,580,605,655,580,35,1,R0132,PU_R0133,DO_R0133,2026-05-18 09:40:00,2026-05-18 10:05:00,2026-05-18 10:55:00,2026-05-18 09:40:00,09:40,10:05,10:55
R0134,P78,outbound,patient_to_hospital,HOME_P78,H1,H1,oncology,P1,high,2.0,vsl_required,5,5,1,-1,630,667,685,685,25,1,R0135,PU_R0134,DO_R0134,2026-05-18 10:30:00,2026-05-18 11:07:00,2026-05-18 11:25:00,2026-05-18 11:25:00,10:30,11:07,11:25
R0135,P78,return,hospital_to_patient,H1,HOME_P78,H1,oncology,P1,high,2.0,vsl_required,5,5,1,-1,845,860,900,845,25,1,R0134,PU_R0135,DO_R0135,2026-05-18 14:05:00,2026-05-18 14:20:00,2026-05-18 15:00:00,2026-05-18 14:05:00,14:05,14:20,15:00
R0136,P79,outbound,patient_to_hospital,HOME_P79,H1,H1,oncology,P1,high,2.0,standard_assis,5,5,1,-1,450,494,505,505,25,1,R0137,PU_R0136,DO_R0136,2026-05-18 07:30:00,2026-05-18 08:14:00,2026-05-18 08:25:00,2026-05-18 08:25:00,07:30,08:14,08:25
R0137,P79,return,hospital_to_patient,H1,HOME_P79,H1,oncology,P1,high,2.0,standard_assis,5,5,1,-1,685,700,740,685,25,1,R0136,PU_R0137,DO_R0137,2026-05-18 11:25:00,2026-05-18 11:40:00,2026-05-18 12:20:00,2026-05-18 11:25:00,11:25,11:40,12:20
R0138,P80,outbound,patient_to_hospital,HOME_P80,H1,H1,other,P2,medium,1.5,prescription_medicale,5,5,1,-1,810,859,875,875,35,1,R0139,PU_R0138,DO_R0138,2026-05-18 13:30:00,2026-05-18 14:19:00,2026-05-18 14:35:00,2026-05-18 14:35:00,13:30,14:19,14:35
R0139,P80,return,hospital_to_patient,H1,HOME_P80,H1,other,P2,medium,1.5,prescription_medicale,5,5,1,-1,955,980,1030,955,35,1,R0138,PU_R0139,DO_R0139,2026-05-18 15:55:00,2026-05-18 16:20:00,2026-05-18 17:10:00,2026-05-18 15:55:00,15:55,16:20,17:10
R0140,P81,outbound,patient_to_hospital,HOME_P81,H2,H2,other,P2,medium,1.5,standard_assis,5,5,1,-1,805,849,870,870,35,1,R0141,PU_R0140,DO_R0140,2026-05-18 13:25:00,2026-05-18 14:09:00,2026-05-18 14:30:00,2026-05-18 14:30:00,13:25,14:09,14:30
R0141,P81,return,hospital_to_patient,H2,HOME_P81,H2,other,P2,medium,1.5,standard_assis,5,5,1,-1,895,920,970,895,35,1,R0140,PU_R0141,DO_R0141,2026-05-18 14:55:00,2026-05-18 15:20:00,2026-05-18 16:10:00,2026-05-18 14:55:00,14:55,15:20,16:10
R0142,P82,outbound,patient_to_hospital,HOME_P82,H1,H1,dialysis,P1,high,2.0,prescription_medicale,5,5,1,-1,780,828,835,835,25,1,,PU_R0142,DO_R0142,2026-05-18 13:00:00,2026-05-18 13:48:00,2026-05-18 13:55:00,2026-05-18 13:55:00,13:00,13:48,13:55
R0143,P83,outbound,patient_to_hospital,HOME_P83,H1,H1,dialysis,P1,high,2.0,prescription_medicale,5,5,1,-1,465,507,520,520,25,1,R0144,PU_R0143,DO_R0143,2026-05-18 07:45:00,2026-05-18 08:27:00,2026-05-18 08:40:00,2026-05-18 08:40:00,07:45,08:27,08:40
R0144,P83,return,hospital_to_patient,H1,HOME_P83,H1,dialysis,P1,high,2.0,prescription_medicale,5,5,1,-1,760,775,815,760,25,1,R0143,PU_R0144,DO_R0144,2026-05-18 12:40:00,2026-05-18 12:55:00,2026-05-18 13:35:00,2026-05-18 12:40:00,12:40,12:55,13:35
R0145,P84,outbound,patient_to_hospital,HOME_P84,H1,H1,dialysis,P1,high,2.0,vsl_required,5,5,1,-1,775,823,830,830,25,1,,PU_R0145,DO_R0145,2026-05-18 12:55:00,2026-05-18 13:43:00,2026-05-18 13:50:00,2026-05-18 13:50:00,12:55,13:43,13:50
R0146,P85,outbound,patient_to_hospital,HOME_P85,H1,H1,other,P2,medium,1.5,standard_assis,5,5,1,-1,610,659,675,675,35,1,R0147,PU_R0146,DO_R0146,2026-05-18 10:10:00,2026-05-18 10:59:00,2026-05-18 11:15:00,2026-05-18 11:15:00,10:10,10:59,11:15
R0147,P85,return,hospital_to_patient,H1,HOME_P85,H1,other,P2,medium,1.5,standard_assis,5,5,1,-1,755,780,830,755,35,1,R0146,PU_R0147,DO_R0147,2026-05-18 12:35:00,2026-05-18 13:00:00,2026-05-18 13:50:00,2026-05-18 12:35:00,12:35,13:00,13:50
R0148,P86,outbound,patient_to_hospital,HOME_P86,H2,H2,other,P2,medium,1.5,standard_assis,5,5,1,-1,640,683,705,705,35,1,R0149,PU_R0148,DO_R0148,2026-05-18 10:40:00,2026-05-18 11:23:00,2026-05-18 11:45:00,2026-05-18 11:45:00,10:40,11:23,11:45
R0149,P86,return,hospital_to_patient,H2,HOME_P86,H2,other,P2,medium,1.5,standard_assis,5,5,1,-1,745,770,820,745,35,1,R0148,PU_R0149,DO_R0149,2026-05-18 12:25:00,2026-05-18 12:50:00,2026-05-18 13:40:00,2026-05-18 12:25:00,12:25,12:50,13:40
R0150,P87,outbound,patient_to_hospital,HOME_P87,H1,H1,oncology,P1,high,2.0,vsl_required,5,5,1,-1,640,684,695,695,25,1,R0151,PU_R0150,DO_R0150,2026-05-18 10:40:00,2026-05-18 11:24:00,2026-05-18 11:35:00,2026-05-18 11:35:00,10:40,11:24,11:35
R0151,P87,return,hospital_to_patient,H1,HOME_P87,H1,oncology,P1,high,2.0,vsl_required,5,5,1,-1,870,885,925,870,25,1,R0150,PU_R0151,DO_R0151,2026-05-18 14:30:00,2026-05-18 14:45:00,2026-05-18 15:25:00,2026-05-18 14:30:00,14:30,14:45,15:25
R0152,P88,outbound,patient_to_hospital,HOME_P88,H2,H2,other,P2,medium,1.5,prescription_medicale,5,5,1,-1,950,994,1015,1015,35,1,,PU_R0152,DO_R0152,2026-05-18 15:50:00,2026-05-18 16:34:00,2026-05-18 16:55:00,2026-05-18 16:55:00,15:50,16:34,16:55
R0153,P89,outbound,patient_to_hospital,HOME_P89,H2,H2,dialysis,P1,high,2.0,vsl_required,5,5,1,-1,475,524,530,530,25,1,R0154,PU_R0153,DO_R0153,2026-05-18 07:55:00,2026-05-18 08:44:00,2026-05-18 08:50:00,2026-05-18 08:50:00,07:55,08:44,08:50
R0154,P89,return,hospital_to_patient,H2,HOME_P89,H2,dialysis,P1,high,2.0,vsl_required,5,5,1,-1,740,755,795,740,25,1,R0153,PU_R0154,DO_R0154,2026-05-18 12:20:00,2026-05-18 12:35:00,2026-05-18 13:15:00,2026-05-18 12:20:00,12:20,12:35,13:15
R0155,P90,outbound,patient_to_hospital,HOME_P90,H1,H1,dialysis,P1,high,2.0,vsl_required,5,5,1,-1,430,480,485,485,25,1,R0156,PU_R0155,DO_R0155,2026-05-18 07:10:00,2026-05-18 08:00:00,2026-05-18 08:05:00,2026-05-18 08:05:00,07:10,08:00,08:05
R0156,P90,return,hospital_to_patient,H1,HOME_P90,H1,dialysis,P1,high,2.0,vsl_required,5,5,1,-1,725,740,780,725,25,1,R0155,PU_R0156,DO_R0156,2026-05-18 12:05:00,2026-05-18 12:20:00,2026-05-18 13:00:00,2026-05-18 12:05:00,12:05,12:20,13:00
R0157,P91,outbound,patient_to_hospital,HOME_P91,H2,H2,oncology,P1,high,2.0,standard_assis,5,5,1,-1,850,892,905,905,25,1,,PU_R0157,DO_R0157,2026-05-18 14:10:00,2026-05-18 14:52:00,2026-05-18 15:05:00,2026-05-18 15:05:00,14:10,14:52,15:05
R0158,P92,outbound,patient_to_hospital,HOME_P92,H2,H2,other,P2,medium,1.5,standard_assis,5,5,1,-1,485,531,550,550,35,1,R0159,PU_R0158,DO_R0158,2026-05-18 08:05:00,2026-05-18 08:51:00,2026-05-18 09:10:00,2026-05-18 09:10:00,08:05,08:51,09:10
R0159,P92,return,hospital_to_patient,H2,HOME_P92,H2,other,P2,medium,1.5,standard_assis,5,5,1,-1,585,610,660,585,35,1,R0158,PU_R0159,DO_R0159,2026-05-18 09:45:00,2026-05-18 10:10:00,2026-05-18 11:00:00,2026-05-18 09:45:00,09:45,10:10,11:00
R0160,P93,outbound,patient_to_hospital,HOME_P93,H1,H1,other,P2,medium,1.5,standard_assis,5,5,1,-1,855,906,920,920,35,1,,PU_R0160,DO_R0160,2026-05-18 14:15:00,2026-05-18 15:06:00,2026-05-18 15:20:00,2026-05-18 15:20:00,14:15,15:06,15:20
R0161,P94,outbound,patient_to_hospital,HOME_P94,H1,H1,oncology,P1,high,2.0,vsl_required,5,5,1,-1,450,500,505,505,25,1,R0162,PU_R0161,DO_R0161,2026-05-18 07:30:00,2026-05-18 08:20:00,2026-05-18 08:25:00,2026-05-18 08:25:00,07:30,08:20,08:25
R0162,P94,return,hospital_to_patient,H1,HOME_P94,H1,oncology,P1,high,2.0,vsl_required,5,5,1,-1,675,690,730,675,25,1,R0161,PU_R0162,DO_R0162,2026-05-18 11:15:00,2026-05-18 11:30:00,2026-05-18 12:10:00,2026-05-18 11:15:00,11:15,11:30,12:10
R0163,P95,outbound,patient_to_hospital,HOME_P95,H2,H2,dialysis,P1,high,2.0,vsl_required,5,5,1,-1,455,495,510,510,25,1,R0164,PU_R0163,DO_R0163,2026-05-18 07:35:00,2026-05-18 08:15:00,2026-05-18 08:30:00,2026-05-18 08:30:00,07:35,08:15,08:30
R0164,P95,return,hospital_to_patient,H2,HOME_P95,H2,dialysis,P1,high,2.0,vsl_required,5,5,1,-1,740,755,795,740,25,1,R0163,PU_R0164,DO_R0164,2026-05-18 12:20:00,2026-05-18 12:35:00,2026-05-18 13:15:00,2026-05-18 12:20:00,12:20,12:35,13:15
R0165,P96,outbound,patient_to_hospital,HOME_P96,H1,H1,external,P3,low,1.0,standard_assis,5,5,1,-1,745,799,830,830,55,1,R0166,PU_R0165,DO_R0165,2026-05-18 12:25:00,2026-05-18 13:19:00,2026-05-18 13:50:00,2026-05-18 13:50:00,12:25,13:19,13:50
R0166,P96,return,hospital_to_patient,H1,HOME_P96,H1,external,P3,low,1.0,standard_assis,5,5,1,-1,855,890,960,855,55,1,R0165,PU_R0166,DO_R0166,2026-05-18 14:15:00,2026-05-18 14:50:00,2026-05-18 16:00:00,2026-05-18 14:15:00,14:15,14:50,16:00
R0167,P97,outbound,patient_to_hospital,HOME_P97,H1,H1,dialysis,P1,high,2.0,prescription_medicale,5,5,1,-1,725,767,780,780,25,1,R0168,PU_R0167,DO_R0167,2026-05-18 12:05:00,2026-05-18 12:47:00,2026-05-18 13:00:00,2026-05-18 13:00:00,12:05,12:47,13:00
R0168,P97,return,hospital_to_patient,H1,HOME_P97,H1,dialysis,P1,high,2.0,prescription_medicale,5,5,1,-1,1020,1035,1075,1020,25,1,R0167,PU_R0168,DO_R0168,2026-05-18 17:00:00,2026-05-18 17:15:00,2026-05-18 17:55:00,2026-05-18 17:00:00,17:00,17:15,17:55
R0169,P98,outbound,patient_to_hospital,HOME_P98,H2,H2,other,P2,medium,1.5,standard_assis,5,5,1,-1,805,849,870,870,35,1,,PU_R0169,DO_R0169,2026-05-18 13:25:00,2026-05-18 14:09:00,2026-05-18 14:30:00,2026-05-18 14:30:00,13:25,14:09,14:30
R0170,P99,outbound,patient_to_hospital,HOME_P99,H2,H2,dialysis,P1,high,2.0,vsl_required,5,5,1,-1,455,502,510,510,25,1,R0171,PU_R0170,DO_R0170,2026-05-18 07:35:00,2026-05-18 08:22:00,2026-05-18 08:30:00,2026-05-18 08:30:00,07:35,08:22,08:30
R0171,P99,return,hospital_to_patient,H2,HOME_P99,H2,dialysis,P1,high,2.0,vsl_required,5,5,1,-1,770,785,825,770,25,1,R0170,PU_R0171,DO_R0171,2026-05-18 12:50:00,2026-05-18 13:05:00,2026-05-18 13:45:00,2026-05-18 12:50:00,12:50,13:05,13:45
R0172,P100,outbound,patient_to_hospital,HOME_P100,H1,H1,other,P2,medium,1.5,standard_assis,5,5,1,-1,570,625,635,635,35,1,R0173,PU_R0172,DO_R0172,2026-05-18 09:30:00,2026-05-18 10:25:00,2026-05-18 10:35:00,2026-05-18 10:35:00,09:30,10:25,10:35
R0173,P100,return,hospital_to_patient,H1,HOME_P100,H1,other,P2,medium,1.5,standard_assis,5,5,1,-1,735,760,810,735,35,1,R0172,PU_R0173,DO_R0173,2026-05-18 12:15:00,2026-05-18 12:40:00,2026-05-18 13:30:00,2026-05-18 12:15:00,12:15,12:40,13:30
R0174,P101,outbound,patient_to_hospital,HOME_P101,H2,H2,other,P2,medium,1.5,standard_assis,5,5,1,-1,825,884,890,890,35,1,R0175,PU_R0174,DO_R0174,2026-05-18 13:45:00,2026-05-18 14:44:00,2026-05-18 14:50:00,2026-05-18 14:50:00,13:45,14:44,14:50
R0175,P101,return,hospital_to_patient,H2,HOME_P101,H2,other,P2,medium,1.5,standard_assis,5,5,1,-1,915,940,990,915,35,1,R0174,PU_R0175,DO_R0175,2026-05-18 15:15:00,2026-05-18 15:40:00,2026-05-18 16:30:00,2026-05-18 15:15:00,15:15,15:40,16:30
R0176,P102,outbound,patient_to_hospital,HOME_P102,H1,H1,dialysis,P1,high,2.0,vsl_required,5,5,1,-1,755,798,810,810,25,1,,PU_R0176,DO_R0176,2026-05-18 12:35:00,2026-05-18 13:18:00,2026-05-18 13:30:00,2026-05-18 13:30:00,12:35,13:18,13:30
R0177,P103,outbound,patient_to_hospital,HOME_P103,H1,H1,other,P2,medium,1.5,standard_assis,5,5,1,-1,595,641,660,660,35,1,R0178,PU_R0177,DO_R0177,2026-05-18 09:55:00,2026-05-18 10:41:00,2026-05-18 11:00:00,2026-05-18 11:00:00,09:55,10:41,11:00
R0178,P103,return,hospital_to_patient,H1,HOME_P103,H1,other,P2,medium,1.5,standard_assis,5,5,1,-1,750,775,825,750,35,1,R0177,PU_R0178,DO_R0178,2026-05-18 12:30:00,2026-05-18 12:55:00,2026-05-18 13:45:00,2026-05-18 12:30:00,12:30,12:55,13:45
R0179,P104,outbound,patient_to_hospital,HOME_P104,H1,H1,oncology,P1,high,2.0,vsl_required,5,5,1,-1,430,470,485,485,25,1,R0180,PU_R0179,DO_R0179,2026-05-18 07:10:00,2026-05-18 07:50:00,2026-05-18 08:05:00,2026-05-18 08:05:00,07:10,07:50,08:05
R0180,P104,return,hospital_to_patient,H1,HOME_P104,H1,oncology,P1,high,2.0,vsl_required,5,5,1,-1,635,650,690,635,25,1,R0179,PU_R0180,DO_R0180,2026-05-18 10:35:00,2026-05-18 10:50:00,2026-05-18 11:30:00,2026-05-18 10:35:00,10:35,10:50,11:30
R0181,P105,outbound,patient_to_hospital,HOME_P105,H1,H1,dialysis,P1,high,2.0,vsl_required,5,5,1,-1,455,501,510,510,25,1,R0182,PU_R0181,DO_R0181,2026-05-18 07:35:00,2026-05-18 08:21:00,2026-05-18 08:30:00,2026-05-18 08:30:00,07:35,08:21,08:30
R0182,P105,return,hospital_to_patient,H1,HOME_P105,H1,dialysis,P1,high,2.0,vsl_required,5,5,1,-1,750,765,805,750,25,1,R0181,PU_R0182,DO_R0182,2026-05-18 12:30:00,2026-05-18 12:45:00,2026-05-18 13:25:00,2026-05-18 12:30:00,12:30,12:45,13:25
R0183,P106,outbound,patient_to_hospital,HOME_P106,H2,H2,dialysis,P1,high,2.0,prescription_medicale,5,5,1,-1,760,803,815,815,25,1,,PU_R0183,DO_R0183,2026-05-18 12:40:00,2026-05-18 13:23:00,2026-05-18 13:35:00,2026-05-18 13:35:00,12:40,13:23,13:35
R0184,P107,outbound,patient_to_hospital,HOME_P107,H2,H2,dialysis,P1,high,2.0,vsl_required,5,5,1,-1,735,777,790,790,25,1,,PU_R0184,DO_R0184,2026-05-18 12:15:00,2026-05-18 12:57:00,2026-05-18 13:10:00,2026-05-18 13:10:00,12:15,12:57,13:10
R0185,P108,outbound,patient_to_hospital,HOME_P108,H2,H2,other,P2,medium,1.5,standard_assis,5,5,1,-1,805,850,870,870,35,1,R0186,PU_R0185,DO_R0185,2026-05-18 13:25:00,2026-05-18 14:10:00,2026-05-18 14:30:00,2026-05-18 14:30:00,13:25,14:10,14:30
R0186,P108,return,hospital_to_patient,H2,HOME_P108,H2,other,P2,medium,1.5,standard_assis,5,5,1,-1,910,935,985,910,35,1,R0185,PU_R0186,DO_R0186,2026-05-18 15:10:00,2026-05-18 15:35:00,2026-05-18 16:25:00,2026-05-18 15:10:00,15:10,15:35,16:25
R0187,P109,outbound,patient_to_hospital,HOME_P109,H1,H1,other,P2,medium,1.5,standard_assis,5,5,1,-1,635,685,700,700,35,1,R0188,PU_R0187,DO_R0187,2026-05-18 10:35:00,2026-05-18 11:25:00,2026-05-18 11:40:00,2026-05-18 11:40:00,10:35,11:25,11:40
R0188,P109,return,hospital_to_patient,H1,HOME_P109,H1,other,P2,medium,1.5,standard_assis,5,5,1,-1,805,830,880,805,35,1,R0187,PU_R0188,DO_R0188,2026-05-18 13:25:00,2026-05-18 13:50:00,2026-05-18 14:40:00,2026-05-18 13:25:00,13:25,13:50,14:40
R0189,P110,outbound,patient_to_hospital,HOME_P110,H1,H1,other,P2,medium,1.5,vsl_required,5,5,1,-1,505,552,570,570,35,1,,PU_R0189,DO_R0189,2026-05-18 08:25:00,2026-05-18 09:12:00,2026-05-18 09:30:00,2026-05-18 09:30:00,08:25,09:12,09:30
R0190,P111,outbound,patient_to_hospital,HOME_P111,H1,H1,other,P2,medium,1.5,prescription_medicale,5,5,1,-1,630,680,695,695,35,1,R0191,PU_R0190,DO_R0190,2026-05-18 10:30:00,2026-05-18 11:20:00,2026-05-18 11:35:00,2026-05-18 11:35:00,10:30,11:20,11:35
R0191,P111,return,hospital_to_patient,H1,HOME_P111,H1,other,P2,medium,1.5,prescription_medicale,5,5,1,-1,760,785,835,760,35,1,R0190,PU_R0191,DO_R0191,2026-05-18 12:40:00,2026-05-18 13:05:00,2026-05-18 13:55:00,2026-05-18 12:40:00,12:40,13:05,13:55
R0192,P112,outbound,patient_to_hospital,HOME_P112,H2,H2,oncology,P1,high,2.0,prescription_medicale,5,5,1,-1,730,776,785,785,25,1,R0193,PU_R0192,DO_R0192,2026-05-18 12:10:00,2026-05-18 12:56:00,2026-05-18 13:05:00,2026-05-18 13:05:00,12:10,12:56,13:05
R0193,P112,return,hospital_to_patient,H2,HOME_P112,H2,oncology,P1,high,2.0,prescription_medicale,5,5,1,-1,910,925,965,910,25,1,R0192,PU_R0193,DO_R0193,2026-05-18 15:10:00,2026-05-18 15:25:00,2026-05-18 16:05:00,2026-05-18 15:10:00,15:10,15:25,16:05
R0194,P113,outbound,patient_to_hospital,HOME_P113,H1,H1,other,P2,medium,1.5,standard_assis,5,5,1,-1,510,558,575,575,35,1,R0195,PU_R0194,DO_R0194,2026-05-18 08:30:00,2026-05-18 09:18:00,2026-05-18 09:35:00,2026-05-18 09:35:00,08:30,09:18,09:35
R0195,P113,return,hospital_to_patient,H1,HOME_P113,H1,other,P2,medium,1.5,standard_assis,5,5,1,-1,680,705,755,680,35,1,R0194,PU_R0195,DO_R0195,2026-05-18 11:20:00,2026-05-18 11:45:00,2026-05-18 12:35:00,2026-05-18 11:20:00,11:20,11:45,12:35
R0196,P114,outbound,patient_to_hospital,HOME_P114,H1,H1,external,P3,low,1.0,standard_assis,5,5,1,-1,808,861,890,890,52,1,R0197,PU_R0196,DO_R0196,2026-05-18 13:28:00,2026-05-18 14:21:00,2026-05-18 14:50:00,2026-05-18 14:50:00,13:28,14:21,14:50
R0197,P114,return,hospital_to_patient,H1,HOME_P114,H1,external,P3,low,1.0,standard_assis,5,5,1,-1,920,955,1022,920,52,1,R0196,PU_R0197,DO_R0197,2026-05-18 15:20:00,2026-05-18 15:55:00,2026-05-18 17:02:00,2026-05-18 15:20:00,15:20,15:55,17:02
R0198,P115,outbound,patient_to_hospital,HOME_P115,H2,H2,dialysis,P1,high,2.0,vsl_required,5,5,1,-1,465,506,520,520,25,1,R0199,PU_R0198,DO_R0198,2026-05-18 07:45:00,2026-05-18 08:26:00,2026-05-18 08:40:00,2026-05-18 08:40:00,07:45,08:26,08:40
R0199,P115,return,hospital_to_patient,H2,HOME_P115,H2,dialysis,P1,high,2.0,vsl_required,5,5,1,-1,745,760,800,745,25,1,R0198,PU_R0199,DO_R0199,2026-05-18 12:25:00,2026-05-18 12:40:00,2026-05-18 13:20:00,2026-05-18 12:25:00,12:25,12:40,13:20
R0200,P116,outbound,patient_to_hospital,HOME_P116,H1,H1,oncology,P1,high,2.0,prescription_medicale,5,5,1,-1,445,487,500,500,25,1,R0201,PU_R0200,DO_R0200,2026-05-18 07:25:00,2026-05-18 08:07:00,2026-05-18 08:20:00,2026-05-18 08:20:00,07:25,08:07,08:20
R0201,P116,return,hospital_to_patient,H1,HOME_P116,H1,oncology,P1,high,2.0,prescription_medicale,5,5,1,-1,655,670,710,655,25,1,R0200,PU_R0201,DO_R0201,2026-05-18 10:55:00,2026-05-18 11:10:00,2026-05-18 11:50:00,2026-05-18 10:55:00,10:55,11:10,11:50
R0202,P117,outbound,patient_to_hospital,HOME_P117,H1,H1,oncology,P1,high,2.0,prescription_medicale,5,5,1,-1,425,466,480,480,25,1,R0203,PU_R0202,DO_R0202,2026-05-18 07:05:00,2026-05-18 07:46:00,2026-05-18 08:00:00,2026-05-18 08:00:00,07:05,07:46,08:00
R0203,P117,return,hospital_to_patient,H1,HOME_P117,H1,oncology,P1,high,2.0,prescription_medicale,5,5,1,-1,660,675,715,660,25,1,R0202,PU_R0203,DO_R0203,2026-05-18 11:00:00,2026-05-18 11:15:00,2026-05-18 11:55:00,2026-05-18 11:00:00,11:00,11:15,11:55
R0204,P118,outbound,patient_to_hospital,HOME_P118,H2,H2,oncology,P1,high,2.0,prescription_medicale,5,5,1,-1,450,493,505,505,25,1,R0205,PU_R0204,DO_R0204,2026-05-18 07:30:00,2026-05-18 08:13:00,2026-05-18 08:25:00,2026-05-18 08:25:00,07:30,08:13,08:25
R0205,P118,return,hospital_to_patient,H2,HOME_P118,H2,oncology,P1,high,2.0,prescription_medicale,5,5,1,-1,695,710,750,695,25,1,R0204,PU_R0205,DO_R0205,2026-05-18 11:35:00,2026-05-18 11:50:00,2026-05-18 12:30:00,2026-05-18 11:35:00,11:35,11:50,12:30
R0206,P119,outbound,patient_to_hospital,HOME_P119,H1,H1,other,P2,medium,1.5,prescription_medicale,5,5,1,-1,830,882,895,895,35,1,R0207,PU_R0206,DO_R0206,2026-05-18 13:50:00,2026-05-18 14:42:00,2026-05-18 14:55:00,2026-05-18 14:55:00,13:50,14:42,14:55
R0207,P119,return,hospital_to_patient,H1,HOME_P119,H1,other,P2,medium,1.5,prescription_medicale,5,5,1,-1,1000,1025,1075,1000,35,1,R0206,PU_R0207,DO_R0207,2026-05-18 16:40:00,2026-05-18 17:05:00,2026-05-18 17:55:00,2026-05-18 16:40:00,16:40,17:05,17:55
R0208,P120,outbound,patient_to_hospital,HOME_P120,H1,H1,dialysis,P1,high,2.0,vsl_required,5,5,1,-1,440,482,495,495,25,1,R0209,PU_R0208,DO_R0208,2026-05-18 07:20:00,2026-05-18 08:02:00,2026-05-18 08:15:00,2026-05-18 08:15:00,07:20,08:02,08:15
R0209,P120,return,hospital_to_patient,H1,HOME_P120,H1,dialysis,P1,high,2.0,vsl_required,5,5,1,-1,735,750,790,735,25,1,R0208,PU_R0209,DO_R0209,2026-05-18 12:15:00,2026-05-18 12:30:00,2026-05-18 13:10:00,2026-05-18 12:15:00,12:15,12:30,13:10
R0210,P121,outbound,patient_to_hospital,HOME_P121,H1,H1,other,P2,medium,1.5,prescription_medicale,5,5,1,-1,470,518,535,535,35,1,R0211,PU_R0210,DO_R0210,2026-05-18 07:50:00,2026-05-18 08:38:00,2026-05-18 08:55:00,2026-05-18 08:55:00,07:50,08:38,08:55
R0211,P121,return,hospital_to_patient,H1,HOME_P121,H1,other,P2,medium,1.5,prescription_medicale,5,5,1,-1,615,640,690,615,35,1,R0210,PU_R0211,DO_R0211,2026-05-18 10:15:00,2026-05-18 10:40:00,2026-05-18 11:30:00,2026-05-18 10:15:00,10:15,10:40,11:30
R0212,P122,outbound,patient_to_hospital,HOME_P122,H1,H1,dialysis,P1,high,2.0,prescription_medicale,5,5,1,-1,745,791,800,800,25,1,,PU_R0212,DO_R0212,2026-05-18 12:25:00,2026-05-18 13:11:00,2026-05-18 13:20:00,2026-05-18 13:20:00,12:25,13:11,13:20
R0213,P123,outbound,patient_to_hospital,HOME_P123,H2,H2,other,P2,medium,1.5,premium,5,5,1,-1,515,569,580,580,35,1,R0214,PU_R0213,DO_R0213,2026-05-18 08:35:00,2026-05-18 09:29:00,2026-05-18 09:40:00,2026-05-18 09:40:00,08:35,09:29,09:40
R0214,P123,return,hospital_to_patient,H2,HOME_P123,H2,other,P2,medium,1.5,premium,5,5,1,-1,610,635,685,610,35,1,R0213,PU_R0214,DO_R0214,2026-05-18 10:10:00,2026-05-18 10:35:00,2026-05-18 11:25:00,2026-05-18 10:10:00,10:10,10:35,11:25
R0215,P124,outbound,patient_to_hospital,HOME_P124,H1,H1,dialysis,P1,high,2.0,prescription_medicale,5,5,1,-1,435,485,490,490,25,1,R0216,PU_R0215,DO_R0215,2026-05-18 07:15:00,2026-05-18 08:05:00,2026-05-18 08:10:00,2026-05-18 08:10:00,07:15,08:05,08:10
R0216,P124,return,hospital_to_patient,H1,HOME_P124,H1,dialysis,P1,high,2.0,prescription_medicale,5,5,1,-1,730,745,785,730,25,1,R0215,PU_R0216,DO_R0216,2026-05-18 12:10:00,2026-05-18 12:25:00,2026-05-18 13:05:00,2026-05-18 12:10:00,12:10,12:25,13:05
R0217,P125,outbound,patient_to_hospital,HOME_P125,H1,H1,other,P2,medium,1.5,prescription_medicale,5,5,1,-1,515,567,580,580,35,1,R0218,PU_R0217,DO_R0217,2026-05-18 08:35:00,2026-05-18 09:27:00,2026-05-18 09:40:00,2026-05-18 09:40:00,08:35,09:27,09:40
R0218,P125,return,hospital_to_patient,H1,HOME_P125,H1,other,P2,medium,1.5,prescription_medicale,5,5,1,-1,665,690,740,665,35,1,R0217,PU_R0218,DO_R0218,2026-05-18 11:05:00,2026-05-18 11:30:00,2026-05-18 12:20:00,2026-05-18 11:05:00,11:05,11:30,12:20
R0219,P126,outbound,patient_to_hospital,HOME_P126,H1,H1,other,P2,medium,1.5,standard_assis,5,5,1,-1,820,866,885,885,35,1,R0220,PU_R0219,DO_R0219,2026-05-18 13:40:00,2026-05-18 14:26:00,2026-05-18 14:45:00,2026-05-18 14:45:00,13:40,14:26,14:45
R0220,P126,return,hospital_to_patient,H1,HOME_P126,H1,other,P2,medium,1.5,standard_assis,5,5,1,-1,980,1005,1055,980,35,1,R0219,PU_R0220,DO_R0220,2026-05-18 16:20:00,2026-05-18 16:45:00,2026-05-18 17:35:00,2026-05-18 16:20:00,16:20,16:45,17:35
R0221,P127,outbound,patient_to_hospital,HOME_P127,H1,H1,other,P2,medium,1.5,prescription_medicale,5,5,1,-1,500,551,565,565,35,1,R0222,PU_R0221,DO_R0221,2026-05-18 08:20:00,2026-05-18 09:11:00,2026-05-18 09:25:00,2026-05-18 09:25:00,08:20,09:11,09:25
R0222,P127,return,hospital_to_patient,H1,HOME_P127,H1,other,P2,medium,1.5,prescription_medicale,5,5,1,-1,650,675,725,650,35,1,R0221,PU_R0222,DO_R0222,2026-05-18 10:50:00,2026-05-18 11:15:00,2026-05-18 12:05:00,2026-05-18 10:50:00,10:50,11:15,12:05
R0223,P128,outbound,patient_to_hospital,HOME_P128,H1,H1,dialysis,P1,high,2.0,prescription_medicale,5,5,1,-1,765,807,820,820,25,1,,PU_R0223,DO_R0223,2026-05-18 12:45:00,2026-05-18 13:27:00,2026-05-18 13:40:00,2026-05-18 13:40:00,12:45,13:27,13:40
R0224,P129,outbound,patient_to_hospital,HOME_P129,H1,H1,other,P2,medium,1.5,standard_assis,5,5,1,-1,515,569,580,580,35,1,R0225,PU_R0224,DO_R0224,2026-05-18 08:35:00,2026-05-18 09:29:00,2026-05-18 09:40:00,2026-05-18 09:40:00,08:35,09:29,09:40
R0225,P129,return,hospital_to_patient,H1,HOME_P129,H1,other,P2,medium,1.5,standard_assis,5,5,1,-1,685,710,760,685,35,1,R0224,PU_R0225,DO_R0225,2026-05-18 11:25:00,2026-05-18 11:50:00,2026-05-18 12:40:00,2026-05-18 11:25:00,11:25,11:50,12:40
R0226,P130,outbound,patient_to_hospital,HOME_P130,H1,H1,dialysis,P1,high,2.0,prescription_medicale,5,5,1,-1,425,472,480,480,25,1,R0227,PU_R0226,DO_R0226,2026-05-18 07:05:00,2026-05-18 07:52:00,2026-05-18 08:00:00,2026-05-18 08:00:00,07:05,07:52,08:00
R0227,P130,return,hospital_to_patient,H1,HOME_P130,H1,dialysis,P1,high,2.0,prescription_medicale,5,5,1,-1,720,735,775,720,25,1,R0226,PU_R0227,DO_R0227,2026-05-18 12:00:00,2026-05-18 12:15:00,2026-05-18 12:55:00,2026-05-18 12:00:00,12:00,12:15,12:55
R0228,P131,outbound,patient_to_hospital,HOME_P131,H1,H1,dialysis,P1,high,2.0,vsl_required,5,5,1,-1,425,467,480,480,25,1,R0229,PU_R0228,DO_R0228,2026-05-18 07:05:00,2026-05-18 07:47:00,2026-05-18 08:00:00,2026-05-18 08:00:00,07:05,07:47,08:00
R0229,P131,return,hospital_to_patient,H1,HOME_P131,H1,dialysis,P1,high,2.0,vsl_required,5,5,1,-1,720,735,775,720,25,1,R0228,PU_R0229,DO_R0229,2026-05-18 12:00:00,2026-05-18 12:15:00,2026-05-18 12:55:00,2026-05-18 12:00:00,12:00,12:15,12:55
R0230,P132,outbound,patient_to_hospital,HOME_P132,H1,H1,other,P2,medium,1.5,standard_assis,5,5,1,-1,970,1017,1035,1035,35,1,,PU_R0230,DO_R0230,2026-05-18 16:10:00,2026-05-18 16:57:00,2026-05-18 17:15:00,2026-05-18 17:15:00,16:10,16:57,17:15
R0231,P133,outbound,patient_to_hospital,HOME_P133,H1,H1,dialysis,P1,high,2.0,vsl_required,5,5,1,-1,465,512,520,520,25,1,R0232,PU_R0231,DO_R0231,2026-05-18 07:45:00,2026-05-18 08:32:00,2026-05-18 08:40:00,2026-05-18 08:40:00,07:45,08:32,08:40
R0232,P133,return,hospital_to_patient,H1,HOME_P133,H1,dialysis,P1,high,2.0,vsl_required,5,5,1,-1,760,775,815,760,25,1,R0231,PU_R0232,DO_R0232,2026-05-18 12:40:00,2026-05-18 12:55:00,2026-05-18 13:35:00,2026-05-18 12:40:00,12:40,12:55,13:35
R0233,P134,outbound,patient_to_hospital,HOME_P134,H2,H2,other,P2,medium,1.5,prescription_medicale,5,5,1,-1,520,575,585,585,35,1,R0234,PU_R0233,DO_R0233,2026-05-18 08:40:00,2026-05-18 09:35:00,2026-05-18 09:45:00,2026-05-18 09:45:00,08:40,09:35,09:45
R0234,P134,return,hospital_to_patient,H2,HOME_P134,H2,other,P2,medium,1.5,prescription_medicale,5,5,1,-1,615,640,690,615,35,1,R0233,PU_R0234,DO_R0234,2026-05-18 10:15:00,2026-05-18 10:40:00,2026-05-18 11:30:00,2026-05-18 10:15:00,10:15,10:40,11:30
R0235,P135,outbound,patient_to_hospital,HOME_P135,H2,H2,dialysis,P1,high,2.0,prescription_medicale,5,5,1,-1,425,466,480,480,25,1,R0236,PU_R0235,DO_R0235,2026-05-18 07:05:00,2026-05-18 07:46:00,2026-05-18 08:00:00,2026-05-18 08:00:00,07:05,07:46,08:00
R0236,P135,return,hospital_to_patient,H2,HOME_P135,H2,dialysis,P1,high,2.0,prescription_medicale,5,5,1,-1,710,725,765,710,25,1,R0235,PU_R0236,DO_R0236,2026-05-18 11:50:00,2026-05-18 12:05:00,2026-05-18 12:45:00,2026-05-18 11:50:00,11:50,12:05,12:45
R0237,P136,outbound,patient_to_hospital,HOME_P136,H2,H2,oncology,P1,high,2.0,vsl_required,5,5,1,-1,460,497,515,515,25,1,R0238,PU_R0237,DO_R0237,2026-05-18 07:40:00,2026-05-18 08:17:00,2026-05-18 08:35:00,2026-05-18 08:35:00,07:40,08:17,08:35
R0238,P136,return,hospital_to_patient,H2,HOME_P136,H2,oncology,P1,high,2.0,vsl_required,5,5,1,-1,760,775,815,760,25,1,R0237,PU_R0238,DO_R0238,2026-05-18 12:40:00,2026-05-18 12:55:00,2026-05-18 13:35:00,2026-05-18 12:40:00,12:40,12:55,13:35
R0239,P137,outbound,patient_to_hospital,HOME_P137,H1,H1,dialysis,P1,high,2.0,vsl_required,5,5,1,-1,430,473,485,485,25,1,R0240,PU_R0239,DO_R0239,2026-05-18 07:10:00,2026-05-18 07:53:00,2026-05-18 08:05:00,2026-05-18 08:05:00,07:10,07:53,08:05
R0240,P137,return,hospital_to_patient,H1,HOME_P137,H1,dialysis,P1,high,2.0,vsl_required,5,5,1,-1,725,740,780,725,25,1,R0239,PU_R0240,DO_R0240,2026-05-18 12:05:00,2026-05-18 12:20:00,2026-05-18 13:00:00,2026-05-18 12:05:00,12:05,12:20,13:00
R0241,P138,outbound,patient_to_hospital,HOME_P138,H1,H1,other,P2,medium,1.5,prescription_medicale,5,5,1,-1,475,518,540,540,35,1,R0242,PU_R0241,DO_R0241,2026-05-18 07:55:00,2026-05-18 08:38:00,2026-05-18 09:00:00,2026-05-18 09:00:00,07:55,08:38,09:00
R0242,P138,return,hospital_to_patient,H1,HOME_P138,H1,other,P2,medium,1.5,prescription_medicale,5,5,1,-1,615,640,690,615,35,1,R0241,PU_R0242,DO_R0242,2026-05-18 10:15:00,2026-05-18 10:40:00,2026-05-18 11:30:00,2026-05-18 10:15:00,10:15,10:40,11:30
R0243,P139,outbound,patient_to_hospital,HOME_P139,H1,H1,dialysis,P1,high,2.0,vsl_required,5,5,1,-1,760,804,815,815,25,1,,PU_R0243,DO_R0243,2026-05-18 12:40:00,2026-05-18 13:24:00,2026-05-18 13:35:00,2026-05-18 13:35:00,12:40,13:24,13:35
R0244,P140,outbound,patient_to_hospital,HOME_P140,H2,H2,dialysis,P1,high,2.0,vsl_required,5,5,1,-1,755,800,810,810,25,1,,PU_R0244,DO_R0244,2026-05-18 12:35:00,2026-05-18 13:20:00,2026-05-18 13:30:00,2026-05-18 13:30:00,12:35,13:20,13:30
R0245,P141,outbound,patient_to_hospital,HOME_P141,H1,H1,dialysis,P1,high,2.0,prescription_medicale,5,5,1,-1,430,476,485,485,25,1,R0246,PU_R0245,DO_R0245,2026-05-18 07:10:00,2026-05-18 07:56:00,2026-05-18 08:05:00,2026-05-18 08:05:00,07:10,07:56,08:05
R0246,P141,return,hospital_to_patient,H1,HOME_P141,H1,dialysis,P1,high,2.0,prescription_medicale,5,5,1,-1,725,740,780,725,25,1,R0245,PU_R0246,DO_R0246,2026-05-18 12:05:00,2026-05-18 12:20:00,2026-05-18 13:00:00,2026-05-18 12:05:00,12:05,12:20,13:00
R0247,P142,outbound,patient_to_hospital,HOME_P142,H1,H1,external,P3,low,1.0,standard_assis,5,5,1,-1,480,543,555,555,45,1,R0248,PU_R0247,DO_R0247,2026-05-18 08:00:00,2026-05-18 09:03:00,2026-05-18 09:15:00,2026-05-18 09:15:00,08:00,09:03,09:15
R0248,P142,return,hospital_to_patient,H1,HOME_P142,H1,external,P3,low,1.0,standard_assis,5,5,1,-1,575,610,670,575,45,1,R0247,PU_R0248,DO_R0248,2026-05-18 09:35:00,2026-05-18 10:10:00,2026-05-18 11:10:00,2026-05-18 09:35:00,09:35,10:10,11:10
R0249,P143,outbound,patient_to_hospital,HOME_P143,H2,H2,dialysis,P1,high,2.0,vsl_required,5,5,1,-1,775,816,830,830,25,1,,PU_R0249,DO_R0249,2026-05-18 12:55:00,2026-05-18 13:36:00,2026-05-18 13:50:00,2026-05-18 13:50:00,12:55,13:36,13:50
R0250,P144,outbound,patient_to_hospital,HOME_P144,H1,H1,other,P2,medium,1.5,vsl_required,5,5,1,-1,940,984,1005,1005,35,1,,PU_R0250,DO_R0250,2026-05-18 15:40:00,2026-05-18 16:24:00,2026-05-18 16:45:00,2026-05-18 16:45:00,15:40,16:24,16:45
R0251,P145,outbound,patient_to_hospital,HOME_P145,H1,H1,dialysis,P1,high,2.0,vsl_required,5,5,1,-1,735,777,790,790,25,1,,PU_R0251,DO_R0251,2026-05-18 12:15:00,2026-05-18 12:57:00,2026-05-18 13:10:00,2026-05-18 13:10:00,12:15,12:57,13:10
R0252,P146,outbound,patient_to_hospital,HOME_P146,H1,H1,dialysis,P1,high,2.0,vsl_required,5,5,1,-1,725,766,780,780,25,1,,PU_R0252,DO_R0252,2026-05-18 12:05:00,2026-05-18 12:46:00,2026-05-18 13:00:00,2026-05-18 13:00:00,12:05,12:46,13:00
R0253,P147,outbound,patient_to_hospital,HOME_P147,H1,H1,dialysis,P1,high,2.0,prescription_medicale,5,5,1,-1,740,784,795,795,25,1,,PU_R0253,DO_R0253,2026-05-18 12:20:00,2026-05-18 13:04:00,2026-05-18 13:15:00,2026-05-18 13:15:00,12:20,13:04,13:15
R0254,P148,outbound,patient_to_hospital,HOME_P148,H1,H1,oncology,P1,high,2.0,vsl_required,5,5,1,-1,470,509,525,525,25,1,R0255,PU_R0254,DO_R0254,2026-05-18 07:50:00,2026-05-18 08:29:00,2026-05-18 08:45:00,2026-05-18 08:45:00,07:50,08:29,08:45
R0255,P148,return,hospital_to_patient,H1,HOME_P148,H1,oncology,P1,high,2.0,vsl_required,5,5,1,-1,700,715,755,700,25,1,R0254,PU_R0255,DO_R0255,2026-05-18 11:40:00,2026-05-18 11:55:00,2026-05-18 12:35:00,2026-05-18 11:40:00,11:40,11:55,12:35
R0256,P149,outbound,patient_to_hospital,HOME_P149,H1,H1,oncology,P1,high,2.0,prescription_medicale,5,5,1,-1,635,680,690,690,25,1,R0257,PU_R0256,DO_R0256,2026-05-18 10:35:00,2026-05-18 11:20:00,2026-05-18 11:30:00,2026-05-18 11:30:00,10:35,11:20,11:30
R0257,P149,return,hospital_to_patient,H1,HOME_P149,H1,oncology,P1,high,2.0,prescription_medicale,5,5,1,-1,850,865,905,850,25,1,R0256,PU_R0257,DO_R0257,2026-05-18 14:10:00,2026-05-18 14:25:00,2026-05-18 15:05:00,2026-05-18 14:10:00,14:10,14:25,15:05
R0258,P150,outbound,patient_to_hospital,HOME_P150,H1,H1,other,P2,medium,1.5,prescription_medicale,5,5,1,-1,640,695,705,705,35,1,R0259,PU_R0258,DO_R0258,2026-05-18 10:40:00,2026-05-18 11:35:00,2026-05-18 11:45:00,2026-05-18 11:45:00,10:40,11:35,11:45
R0259,P150,return,hospital_to_patient,H1,HOME_P150,H1,other,P2,medium,1.5,prescription_medicale,5,5,1,-1,800,825,875,800,35,1,R0258,PU_R0259,DO_R0259,2026-05-18 13:20:00,2026-05-18 13:45:00,2026-05-18 14:35:00,2026-05-18 13:20:00,13:20,13:45,14:35
R0260,P151,outbound,patient_to_hospital,HOME_P151,H1,H1,dialysis,P1,high,2.0,vsl_required,5,5,1,-1,750,794,805,805,25,1,,PU_R0260,DO_R0260,2026-05-18 12:30:00,2026-05-18 13:14:00,2026-05-18 13:25:00,2026-05-18 13:25:00,12:30,13:14,13:25
R0261,P152,outbound,patient_to_hospital,HOME_P152,H2,H2,other,P2,medium,1.5,vsl_required,5,5,1,-1,495,543,560,560,35,1,,PU_R0261,DO_R0261,2026-05-18 08:15:00,2026-05-18 09:03:00,2026-05-18 09:20:00,2026-05-18 09:20:00,08:15,09:03,09:20
R0262,P153,outbound,patient_to_hospital,HOME_P153,H1,H1,other,P2,medium,1.5,standard_assis,5,5,1,-1,455,510,520,520,35,1,R0263,PU_R0262,DO_R0262,2026-05-18 07:35:00,2026-05-18 08:30:00,2026-05-18 08:40:00,2026-05-18 08:40:00,07:35,08:30,08:40
R0263,P153,return,hospital_to_patient,H1,HOME_P153,H1,other,P2,medium,1.5,standard_assis,5,5,1,-1,640,665,715,640,35,1,R0262,PU_R0263,DO_R0263,2026-05-18 10:40:00,2026-05-18 11:05:00,2026-05-18 11:55:00,2026-05-18 10:40:00,10:40,11:05,11:55
R0264,P154,outbound,patient_to_hospital,HOME_P154,H1,H1,other,P2,medium,1.5,standard_assis,5,5,1,-1,840,888,905,905,35,1,R0265,PU_R0264,DO_R0264,2026-05-18 14:00:00,2026-05-18 14:48:00,2026-05-18 15:05:00,2026-05-18 15:05:00,14:00,14:48,15:05
R0265,P154,return,hospital_to_patient,H1,HOME_P154,H1,other,P2,medium,1.5,standard_assis,5,5,1,-1,965,990,1040,965,35,1,R0264,PU_R0265,DO_R0265,2026-05-18 16:05:00,2026-05-18 16:30:00,2026-05-18 17:20:00,2026-05-18 16:05:00,16:05,16:30,17:20
R0266,P155,outbound,patient_to_hospital,HOME_P155,H1,H1,dialysis,P1,high,2.0,vsl_required,5,5,1,-1,740,785,795,795,25,1,,PU_R0266,DO_R0266,2026-05-18 12:20:00,2026-05-18 13:05:00,2026-05-18 13:15:00,2026-05-18 13:15:00,12:20,13:05,13:15
R0267,P156,outbound,patient_to_hospital,HOME_P156,H1,H1,other,P2,medium,1.5,standard_assis,5,5,1,-1,515,568,580,580,35,1,R0268,PU_R0267,DO_R0267,2026-05-18 08:35:00,2026-05-18 09:28:00,2026-05-18 09:40:00,2026-05-18 09:40:00,08:35,09:28,09:40
R0268,P156,return,hospital_to_patient,H1,HOME_P156,H1,other,P2,medium,1.5,standard_assis,5,5,1,-1,665,690,740,665,35,1,R0267,PU_R0268,DO_R0268,2026-05-18 11:05:00,2026-05-18 11:30:00,2026-05-18 12:20:00,2026-05-18 11:05:00,11:05,11:30,12:20
R0269,P157,outbound,patient_to_hospital,HOME_P157,H2,H2,other,P2,medium,1.5,standard_assis,5,5,1,-1,475,519,540,540,35,1,R0270,PU_R0269,DO_R0269,2026-05-18 07:55:00,2026-05-18 08:39:00,2026-05-18 09:00:00,2026-05-18 09:00:00,07:55,08:39,09:00
R0270,P157,return,hospital_to_patient,H2,HOME_P157,H2,other,P2,medium,1.5,standard_assis,5,5,1,-1,575,600,650,575,35,1,R0269,PU_R0270,DO_R0270,2026-05-18 09:35:00,2026-05-18 10:00:00,2026-05-18 10:50:00,2026-05-18 09:35:00,09:35,10:00,10:50
R0271,P158,outbound,patient_to_hospital,HOME_P158,H2,H2,dialysis,P1,high,2.0,vsl_required,5,5,1,-1,465,507,520,520,25,1,R0272,PU_R0271,DO_R0271,2026-05-18 07:45:00,2026-05-18 08:27:00,2026-05-18 08:40:00,2026-05-18 08:40:00,07:45,08:27,08:40
R0272,P158,return,hospital_to_patient,H2,HOME_P158,H2,dialysis,P1,high,2.0,vsl_required,5,5,1,-1,735,750,790,735,25,1,R0271,PU_R0272,DO_R0272,2026-05-18 12:15:00,2026-05-18 12:30:00,2026-05-18 13:10:00,2026-05-18 12:15:00,12:15,12:30,13:10
R0273,P159,outbound,patient_to_hospital,HOME_P159,H1,H1,other,P2,medium,1.5,standard_assis,5,5,1,-1,650,697,715,715,35,1,R0274,PU_R0273,DO_R0273,2026-05-18 10:50:00,2026-05-18 11:37:00,2026-05-18 11:55:00,2026-05-18 11:55:00,10:50,11:37,11:55
R0274,P159,return,hospital_to_patient,H1,HOME_P159,H1,other,P2,medium,1.5,standard_assis,5,5,1,-1,835,860,910,835,35,1,R0273,PU_R0274,DO_R0274,2026-05-18 13:55:00,2026-05-18 14:20:00,2026-05-18 15:10:00,2026-05-18 13:55:00,13:55,14:20,15:10
R0275,P160,outbound,patient_to_hospital,HOME_P160,H1,H1,dialysis,P1,high,2.0,vsl_required,5,5,1,-1,995,1040,1050,1050,25,1,,PU_R0275,DO_R0275,2026-05-18 16:35:00,2026-05-18 17:20:00,2026-05-18 17:30:00,2026-05-18 17:30:00,16:35,17:20,17:30
R0276,P161,outbound,patient_to_hospital,HOME_P161,H2,H2,other,P2,medium,1.5,prescription_medicale,5,5,1,-1,480,534,545,545,35,1,R0277,PU_R0276,DO_R0276,2026-05-18 08:00:00,2026-05-18 08:54:00,2026-05-18 09:05:00,2026-05-18 09:05:00,08:00,08:54,09:05
R0277,P161,return,hospital_to_patient,H2,HOME_P161,H2,other,P2,medium,1.5,prescription_medicale,5,5,1,-1,570,595,645,570,35,1,R0276,PU_R0277,DO_R0277,2026-05-18 09:30:00,2026-05-18 09:55:00,2026-05-18 10:45:00,2026-05-18 09:30:00,09:30,09:55,10:45
R0278,P162,outbound,patient_to_hospital,HOME_P162,H2,H2,dialysis,P1,high,2.0,vsl_required,5,5,1,-1,760,805,815,815,25,1,,PU_R0278,DO_R0278,2026-05-18 12:40:00,2026-05-18 13:25:00,2026-05-18 13:35:00,2026-05-18 13:35:00,12:40,13:25,13:35
R0279,P163,outbound,patient_to_hospital,HOME_P163,H1,H1,dialysis,P1,high,2.0,vsl_required,5,5,1,-1,475,521,530,530,25,1,R0280,PU_R0279,DO_R0279,2026-05-18 07:55:00,2026-05-18 08:41:00,2026-05-18 08:50:00,2026-05-18 08:50:00,07:55,08:41,08:50
R0280,P163,return,hospital_to_patient,H1,HOME_P163,H1,dialysis,P1,high,2.0,vsl_required,5,5,1,-1,770,785,825,770,25,1,R0279,PU_R0280,DO_R0280,2026-05-18 12:50:00,2026-05-18 13:05:00,2026-05-18 13:45:00,2026-05-18 12:50:00,12:50,13:05,13:45
R0281,P164,outbound,patient_to_hospital,HOME_P164,H1,H1,dialysis,P1,high,2.0,vsl_required,5,5,1,-1,750,794,805,805,25,1,,PU_R0281,DO_R0281,2026-05-18 12:30:00,2026-05-18 13:14:00,2026-05-18 13:25:00,2026-05-18 13:25:00,12:30,13:14,13:25
R0282,P165,outbound,patient_to_hospital,HOME_P165,H2,H2,other,P2,medium,1.5,standard_assis,5,5,1,-1,510,563,575,575,35,1,R0283,PU_R0282,DO_R0282,2026-05-18 08:30:00,2026-05-18 09:23:00,2026-05-18 09:35:00,2026-05-18 09:35:00,08:30,09:23,09:35
R0283,P165,return,hospital_to_patient,H2,HOME_P165,H2,other,P2,medium,1.5,standard_assis,5,5,1,-1,610,635,685,610,35,1,R0282,PU_R0283,DO_R0283,2026-05-18 10:10:00,2026-05-18 10:35:00,2026-05-18 11:25:00,2026-05-18 10:10:00,10:10,10:35,11:25
R0284,P166,outbound,patient_to_hospital,HOME_P166,H1,H1,dialysis,P1,high,2.0,vsl_required,5,5,1,-1,470,517,525,525,25,1,R0285,PU_R0284,DO_R0284,2026-05-18 07:50:00,2026-05-18 08:37:00,2026-05-18 08:45:00,2026-05-18 08:45:00,07:50,08:37,08:45
R0285,P166,return,hospital_to_patient,H1,HOME_P166,H1,dialysis,P1,high,2.0,vsl_required,5,5,1,-1,765,780,820,765,25,1,R0284,PU_R0285,DO_R0285,2026-05-18 12:45:00,2026-05-18 13:00:00,2026-05-18 13:40:00,2026-05-18 12:45:00,12:45,13:00,13:40
R0286,P167,outbound,patient_to_hospital,HOME_P167,H1,H1,other,P2,medium,1.5,standard_assis,5,5,1,-1,580,634,645,645,35,1,R0287,PU_R0286,DO_R0286,2026-05-18 09:40:00,2026-05-18 10:34:00,2026-05-18 10:45:00,2026-05-18 10:45:00,09:40,10:34,10:45
R0287,P167,return,hospital_to_patient,H1,HOME_P167,H1,other,P2,medium,1.5,standard_assis,5,5,1,-1,735,760,810,735,35,1,R0286,PU_R0287,DO_R0287,2026-05-18 12:15:00,2026-05-18 12:40:00,2026-05-18 13:30:00,2026-05-18 12:15:00,12:15,12:40,13:30
R0288,P168,outbound,patient_to_hospital,HOME_P168,H1,H1,dialysis,P1,high,2.0,vsl_required,5,5,1,-1,750,793,805,805,25,1,,PU_R0288,DO_R0288,2026-05-18 12:30:00,2026-05-18 13:13:00,2026-05-18 13:25:00,2026-05-18 13:25:00,12:30,13:13,13:25
R0289,P169,outbound,patient_to_hospital,HOME_P169,H1,H1,oncology,P1,high,2.0,vsl_required,5,5,1,-1,465,504,520,520,25,1,R0290,PU_R0289,DO_R0289,2026-05-18 07:45:00,2026-05-18 08:24:00,2026-05-18 08:40:00,2026-05-18 08:40:00,07:45,08:24,08:40
R0290,P169,return,hospital_to_patient,H1,HOME_P169,H1,oncology,P1,high,2.0,vsl_required,5,5,1,-1,690,705,745,690,25,1,R0289,PU_R0290,DO_R0290,2026-05-18 11:30:00,2026-05-18 11:45:00,2026-05-18 12:25:00,2026-05-18 11:30:00,11:30,11:45,12:25
R0291,P170,outbound,patient_to_hospital,HOME_P170,H1,H1,dialysis,P1,high,2.0,vsl_required,5,5,1,-1,970,1012,1025,1025,25,1,,PU_R0291,DO_R0291,2026-05-18 16:10:00,2026-05-18 16:52:00,2026-05-18 17:05:00,2026-05-18 17:05:00,16:10,16:52,17:05
R0292,P171,outbound,patient_to_hospital,HOME_P171,H2,H2,dialysis,P1,high,2.0,vsl_required,5,5,1,-1,735,779,790,790,25,1,R0293,PU_R0292,DO_R0292,2026-05-18 12:15:00,2026-05-18 12:59:00,2026-05-18 13:10:00,2026-05-18 13:10:00,12:15,12:59,13:10
R0293,P171,return,hospital_to_patient,H2,HOME_P171,H2,dialysis,P1,high,2.0,vsl_required,5,5,1,-1,1000,1015,1055,1000,25,1,R0292,PU_R0293,DO_R0293,2026-05-18 16:40:00,2026-05-18 16:55:00,2026-05-18 17:35:00,2026-05-18 16:40:00,16:40,16:55,17:35
R0294,P172,outbound,patient_to_hospital,HOME_P172,H2,H2,dialysis,P1,high,2.0,vsl_required,5,5,1,-1,965,1009,1020,1020,25,1,,PU_R0294,DO_R0294,2026-05-18 16:05:00,2026-05-18 16:49:00,2026-05-18 17:00:00,2026-05-18 17:00:00,16:05,16:49,17:00
R0295,P173,outbound,patient_to_hospital,HOME_P173,H1,H1,dialysis,P1,high,2.0,vsl_required,5,5,1,-1,425,473,480,480,25,1,R0296,PU_R0295,DO_R0295,2026-05-18 07:05:00,2026-05-18 07:53:00,2026-05-18 08:00:00,2026-05-18 08:00:00,07:05,07:53,08:00
R0296,P173,return,hospital_to_patient,H1,HOME_P173,H1,dialysis,P1,high,2.0,vsl_required,5,5,1,-1,720,735,775,720,25,1,R0295,PU_R0296,DO_R0296,2026-05-18 12:00:00,2026-05-18 12:15:00,2026-05-18 12:55:00,2026-05-18 12:00:00,12:00,12:15,12:55
R0297,P174,outbound,patient_to_hospital,HOME_P174,H2,H2,oncology,P1,high,2.0,prescription_medicale,5,5,1,-1,475,519,530,530,25,1,R0298,PU_R0297,DO_R0297,2026-05-18 07:55:00,2026-05-18 08:39:00,2026-05-18 08:50:00,2026-05-18 08:50:00,07:55,08:39,08:50
R0298,P174,return,hospital_to_patient,H2,HOME_P174,H2,oncology,P1,high,2.0,prescription_medicale,5,5,1,-1,610,625,665,610,25,1,R0297,PU_R0298,DO_R0298,2026-05-18 10:10:00,2026-05-18 10:25:00,2026-05-18 11:05:00,2026-05-18 10:10:00,10:10,10:25,11:05
R0299,P175,outbound,patient_to_hospital,HOME_P175,H2,H2,other,P2,medium,1.5,standard_assis,5,5,1,-1,820,863,885,885,35,1,R0300,PU_R0299,DO_R0299,2026-05-18 13:40:00,2026-05-18 14:23:00,2026-05-18 14:45:00,2026-05-18 14:45:00,13:40,14:23,14:45
R0300,P175,return,hospital_to_patient,H2,HOME_P175,H2,other,P2,medium,1.5,standard_assis,5,5,1,-1,915,940,990,915,35,1,R0299,PU_R0300,DO_R0300,2026-05-18 15:15:00,2026-05-18 15:40:00,2026-05-18 16:30:00,2026-05-18 15:15:00,15:15,15:40,16:30
R0301,P176,outbound,patient_to_hospital,HOME_P176,H1,H1,dialysis,P1,high,2.0,prescription_medicale,5,5,1,-1,760,803,815,815,25,1,,PU_R0301,DO_R0301,2026-05-18 12:40:00,2026-05-18 13:23:00,2026-05-18 13:35:00,2026-05-18 13:35:00,12:40,13:23,13:35
R0302,P177,outbound,patient_to_hospital,HOME_P177,H1,H1,external,P3,low,1.0,prescription_medicale,5,5,1,-1,930,984,1015,1015,55,1,,PU_R0302,DO_R0302,2026-05-18 15:30:00,2026-05-18 16:24:00,2026-05-18 16:55:00,2026-05-18 16:55:00,15:30,16:24,16:55
R0303,P178,outbound,patient_to_hospital,HOME_P178,H1,H1,dialysis,P1,high,2.0,vsl_required,5,5,1,-1,735,782,790,790,25,1,,PU_R0303,DO_R0303,2026-05-18 12:15:00,2026-05-18 13:02:00,2026-05-18 13:10:00,2026-05-18 13:10:00,12:15,13:02,13:10
R0304,P179,outbound,patient_to_hospital,HOME_P179,H1,H1,external,P3,low,1.0,standard_assis,5,5,1,-1,725,776,800,800,45,1,R0305,PU_R0304,DO_R0304,2026-05-18 12:05:00,2026-05-18 12:56:00,2026-05-18 13:20:00,2026-05-18 13:20:00,12:05,12:56,13:20
R0305,P179,return,hospital_to_patient,H1,HOME_P179,H1,external,P3,low,1.0,standard_assis,5,5,1,-1,830,865,925,830,45,1,R0304,PU_R0305,DO_R0305,2026-05-18 13:50:00,2026-05-18 14:25:00,2026-05-18 15:25:00,2026-05-18 13:50:00,13:50,14:25,15:25
R0306,P180,outbound,patient_to_hospital,HOME_P180,H2,H2,dialysis,P1,high,2.0,vsl_required,5,5,1,-1,440,490,495,495,25,1,R0307,PU_R0306,DO_R0306,2026-05-18 07:20:00,2026-05-18 08:10:00,2026-05-18 08:15:00,2026-05-18 08:15:00,07:20,08:10,08:15
R0307,P180,return,hospital_to_patient,H2,HOME_P180,H2,dialysis,P1,high,2.0,vsl_required,5,5,1,-1,730,745,785,730,25,1,R0306,PU_R0307,DO_R0307,2026-05-18 12:10:00,2026-05-18 12:25:00,2026-05-18 13:05:00,2026-05-18 12:10:00,12:10,12:25,13:05
R0308,P181,outbound,patient_to_hospital,HOME_P181,H1,H1,other,P2,medium,1.5,prescription_medicale,5,5,1,-1,840,894,905,905,35,1,,PU_R0308,DO_R0308,2026-05-18 14:00:00,2026-05-18 14:54:00,2026-05-18 15:05:00,2026-05-18 15:05:00,14:00,14:54,15:05
R0309,P182,outbound,patient_to_hospital,HOME_P182,H1,H1,dialysis,P1,high,2.0,vsl_required,5,5,1,-1,755,801,810,810,25,1,,PU_R0309,DO_R0309,2026-05-18 12:35:00,2026-05-18 13:21:00,2026-05-18 13:30:00,2026-05-18 13:30:00,12:35,13:21,13:30
R0310,P183,outbound,patient_to_hospital,HOME_P183,H2,H2,other,P2,medium,1.5,standard_assis,5,5,1,-1,530,576,595,595,35,1,R0311,PU_R0310,DO_R0310,2026-05-18 08:50:00,2026-05-18 09:36:00,2026-05-18 09:55:00,2026-05-18 09:55:00,08:50,09:36,09:55
R0311,P183,return,hospital_to_patient,H2,HOME_P183,H2,other,P2,medium,1.5,standard_assis,5,5,1,-1,630,655,705,630,35,1,R0310,PU_R0311,DO_R0311,2026-05-18 10:30:00,2026-05-18 10:55:00,2026-05-18 11:45:00,2026-05-18 10:30:00,10:30,10:55,11:45
R0312,P184,outbound,patient_to_hospital,HOME_P184,H1,H1,dialysis,P1,high,2.0,vsl_required,5,5,1,-1,975,1020,1030,1030,25,1,,PU_R0312,DO_R0312,2026-05-18 16:15:00,2026-05-18 17:00:00,2026-05-18 17:10:00,2026-05-18 17:10:00,16:15,17:00,17:10
R0313,P185,outbound,patient_to_hospital,HOME_P185,H1,H1,dialysis,P1,high,2.0,vsl_required,5,5,1,-1,440,490,495,495,25,1,R0314,PU_R0313,DO_R0313,2026-05-18 07:20:00,2026-05-18 08:10:00,2026-05-18 08:15:00,2026-05-18 08:15:00,07:20,08:10,08:15
R0314,P185,return,hospital_to_patient,H1,HOME_P185,H1,dialysis,P1,high,2.0,vsl_required,5,5,1,-1,735,750,790,735,25,1,R0313,PU_R0314,DO_R0314,2026-05-18 12:15:00,2026-05-18 12:30:00,2026-05-18 13:10:00,2026-05-18 12:15:00,12:15,12:30,13:10
R0315,P186,outbound,patient_to_hospital,HOME_P186,H2,H2,oncology,P1,high,2.0,prescription_medicale,5,5,1,-1,430,469,485,485,25,1,R0316,PU_R0315,DO_R0315,2026-05-18 07:10:00,2026-05-18 07:49:00,2026-05-18 08:05:00,2026-05-18 08:05:00,07:10,07:49,08:05
R0316,P186,return,hospital_to_patient,H2,HOME_P186,H2,oncology,P1,high,2.0,prescription_medicale,5,5,1,-1,710,725,765,710,25,1,R0315,PU_R0316,DO_R0316,2026-05-18 11:50:00,2026-05-18 12:05:00,2026-05-18 12:45:00,2026-05-18 11:50:00,11:50,12:05,12:45
R0317,P187,outbound,patient_to_hospital,HOME_P187,H2,H2,oncology,P1,high,2.0,standard_assis,5,5,1,-1,875,912,930,930,25,1,R0318,PU_R0317,DO_R0317,2026-05-18 14:35:00,2026-05-18 15:12:00,2026-05-18 15:30:00,2026-05-18 15:30:00,14:35,15:12,15:30
R0318,P187,return,hospital_to_patient,H2,HOME_P187,H2,oncology,P1,high,2.0,standard_assis,5,5,1,-1,1005,1020,1060,1005,25,1,R0317,PU_R0318,DO_R0318,2026-05-18 16:45:00,2026-05-18 17:00:00,2026-05-18 17:40:00,2026-05-18 16:45:00,16:45,17:00,17:40
R0319,P188,outbound,patient_to_hospital,HOME_P188,H1,H1,dialysis,P1,high,2.0,vsl_required,5,5,1,-1,775,817,830,830,25,1,,PU_R0319,DO_R0319,2026-05-18 12:55:00,2026-05-18 13:37:00,2026-05-18 13:50:00,2026-05-18 13:50:00,12:55,13:37,13:50
R0320,P189,outbound,patient_to_hospital,HOME_P189,H1,H1,dialysis,P1,high,2.0,vsl_required,5,5,1,-1,450,492,505,505,25,1,R0321,PU_R0320,DO_R0320,2026-05-18 07:30:00,2026-05-18 08:12:00,2026-05-18 08:25:00,2026-05-18 08:25:00,07:30,08:12,08:25
R0321,P189,return,hospital_to_patient,H1,HOME_P189,H1,dialysis,P1,high,2.0,vsl_required,5,5,1,-1,745,760,800,745,25,1,R0320,PU_R0321,DO_R0321,2026-05-18 12:25:00,2026-05-18 12:40:00,2026-05-18 13:20:00,2026-05-18 12:25:00,12:25,12:40,13:20
R0322,P190,outbound,patient_to_hospital,HOME_P190,H1,H1,oncology,P1,high,2.0,vsl_required,5,5,1,-1,645,694,700,700,25,1,R0323,PU_R0322,DO_R0322,2026-05-18 10:45:00,2026-05-18 11:34:00,2026-05-18 11:40:00,2026-05-18 11:40:00,10:45,11:34,11:40
R0323,P190,return,hospital_to_patient,H1,HOME_P190,H1,oncology,P1,high,2.0,vsl_required,5,5,1,-1,860,875,915,860,25,1,R0322,PU_R0323,DO_R0323,2026-05-18 14:20:00,2026-05-18 14:35:00,2026-05-18 15:15:00,2026-05-18 14:20:00,14:20,14:35,15:15
R0324,P191,outbound,patient_to_hospital,HOME_P191,H2,H2,other,P2,medium,1.5,standard_assis,5,5,1,-1,500,543,565,565,35,1,R0325,PU_R0324,DO_R0324,2026-05-18 08:20:00,2026-05-18 09:03:00,2026-05-18 09:25:00,2026-05-18 09:25:00,08:20,09:03,09:25
R0325,P191,return,hospital_to_patient,H2,HOME_P191,H2,other,P2,medium,1.5,standard_assis,5,5,1,-1,595,620,670,595,35,1,R0324,PU_R0325,DO_R0325,2026-05-18 09:55:00,2026-05-18 10:20:00,2026-05-18 11:10:00,2026-05-18 09:55:00,09:55,10:20,11:10
R0326,P192,outbound,patient_to_hospital,HOME_P192,H1,H1,oncology,P1,high,2.0,prescription_medicale,5,5,1,-1,480,530,535,535,25,1,R0327,PU_R0326,DO_R0326,2026-05-18 08:00:00,2026-05-18 08:50:00,2026-05-18 08:55:00,2026-05-18 08:55:00,08:00,08:50,08:55
R0327,P192,return,hospital_to_patient,H1,HOME_P192,H1,oncology,P1,high,2.0,prescription_medicale,5,5,1,-1,705,720,760,705,25,1,R0326,PU_R0327,DO_R0327,2026-05-18 11:45:00,2026-05-18 12:00:00,2026-05-18 12:40:00,2026-05-18 11:45:00,11:45,12:00,12:40
R0328,P193,outbound,patient_to_hospital,HOME_P193,H1,H1,other,P2,medium,1.5,prescription_medicale,5,5,1,-1,565,613,630,630,35,1,R0329,PU_R0328,DO_R0328,2026-05-18 09:25:00,2026-05-18 10:13:00,2026-05-18 10:30:00,2026-05-18 10:30:00,09:25,10:13,10:30
R0329,P193,return,hospital_to_patient,H1,HOME_P193,H1,other,P2,medium,1.5,prescription_medicale,5,5,1,-1,710,735,785,710,35,1,R0328,PU_R0329,DO_R0329,2026-05-18 11:50:00,2026-05-18 12:15:00,2026-05-18 13:05:00,2026-05-18 11:50:00,11:50,12:15,13:05
R0330,P194,outbound,patient_to_hospital,HOME_P194,H2,H2,other,P2,medium,1.5,prescription_medicale,5,5,1,-1,575,628,640,640,35,1,R0331,PU_R0330,DO_R0330,2026-05-18 09:35:00,2026-05-18 10:28:00,2026-05-18 10:40:00,2026-05-18 10:40:00,09:35,10:28,10:40
R0331,P194,return,hospital_to_patient,H2,HOME_P194,H2,other,P2,medium,1.5,prescription_medicale,5,5,1,-1,665,690,740,665,35,1,R0330,PU_R0331,DO_R0331,2026-05-18 11:05:00,2026-05-18 11:30:00,2026-05-18 12:20:00,2026-05-18 11:05:00,11:05,11:30,12:20
R0332,P195,outbound,patient_to_hospital,HOME_P195,H2,H2,other,P2,medium,1.5,standard_assis,5,5,1,-1,510,559,575,575,35,1,R0333,PU_R0332,DO_R0332,2026-05-18 08:30:00,2026-05-18 09:19:00,2026-05-18 09:35:00,2026-05-18 09:35:00,08:30,09:19,09:35
R0333,P195,return,hospital_to_patient,H2,HOME_P195,H2,other,P2,medium,1.5,standard_assis,5,5,1,-1,605,630,680,605,35,1,R0332,PU_R0333,DO_R0333,2026-05-18 10:05:00,2026-05-18 10:30:00,2026-05-18 11:20:00,2026-05-18 10:05:00,10:05,10:30,11:20
R0334,P196,outbound,patient_to_hospital,HOME_P196,H1,H1,oncology,P1,high,2.0,standard_assis,5,5,1,-1,430,477,485,485,25,1,R0335,PU_R0334,DO_R0334,2026-05-18 07:10:00,2026-05-18 07:57:00,2026-05-18 08:05:00,2026-05-18 08:05:00,07:10,07:57,08:05
R0335,P196,return,hospital_to_patient,H1,HOME_P196,H1,oncology,P1,high,2.0,standard_assis,5,5,1,-1,655,670,710,655,25,1,R0334,PU_R0335,DO_R0335,2026-05-18 10:55:00,2026-05-18 11:10:00,2026-05-18 11:50:00,2026-05-18 10:55:00,10:55,11:10,11:50
R0336,P197,outbound,patient_to_hospital,HOME_P197,H2,H2,other,P2,medium,1.5,standard_assis,5,5,1,-1,620,664,685,685,35,1,R0337,PU_R0336,DO_R0336,2026-05-18 10:20:00,2026-05-18 11:04:00,2026-05-18 11:25:00,2026-05-18 11:25:00,10:20,11:04,11:25
R0337,P197,return,hospital_to_patient,H2,HOME_P197,H2,other,P2,medium,1.5,standard_assis,5,5,1,-1,715,740,790,715,35,1,R0336,PU_R0337,DO_R0337,2026-05-18 11:55:00,2026-05-18 12:20:00,2026-05-18 13:10:00,2026-05-18 11:55:00,11:55,12:20,13:10
R0338,P198,outbound,patient_to_hospital,HOME_P198,H1,H1,external,P3,low,1.0,prescription_medicale,5,5,1,-1,600,654,675,675,45,1,R0339,PU_R0338,DO_R0338,2026-05-18 10:00:00,2026-05-18 10:54:00,2026-05-18 11:15:00,2026-05-18 11:15:00,10:00,10:54,11:15
R0339,P198,return,hospital_to_patient,H1,HOME_P198,H1,external,P3,low,1.0,prescription_medicale,5,5,1,-1,705,740,800,705,45,1,R0338,PU_R0339,DO_R0339,2026-05-18 11:45:00,2026-05-18 12:20:00,2026-05-18 13:20:00,2026-05-18 11:45:00,11:45,12:20,13:20
R0340,P199,outbound,patient_to_hospital,HOME_P199,H1,H1,other,P2,medium,1.5,standard_assis,5,5,1,-1,445,505,510,510,35,1,R0341,PU_R0340,DO_R0340,2026-05-18 07:25:00,2026-05-18 08:25:00,2026-05-18 08:30:00,2026-05-18 08:30:00,07:25,08:25,08:30
R0341,P199,return,hospital_to_patient,H1,HOME_P199,H1,other,P2,medium,1.5,standard_assis,5,5,1,-1,610,635,685,610,35,1,R0340,PU_R0341,DO_R0341,2026-05-18 10:10:00,2026-05-18 10:35:00,2026-05-18 11:25:00,2026-05-18 10:10:00,10:10,10:35,11:25
R0342,P200,outbound,patient_to_hospital,HOME_P200,H1,H1,external,P3,low,1.0,standard_assis,5,5,1,-1,544,594,620,620,46,1,R0343,PU_R0342,DO_R0342,2026-05-18 09:04:00,2026-05-18 09:54:00,2026-05-18 10:20:00,2026-05-18 10:20:00,09:04,09:54,10:20
R0343,P200,return,hospital_to_patient,H1,HOME_P200,H1,external,P3,low,1.0,standard_assis,5,5,1,-1,645,680,741,645,46,1,R0342,PU_R0343,DO_R0343,2026-05-18 10:45:00,2026-05-18 11:20:00,2026-05-18 12:21:00,2026-05-18 10:45:00,10:45,11:20,12:21
R0344,P201,outbound,patient_to_hospital,HOME_P201,H1,H1,other,P2,medium,1.5,standard_assis,5,5,1,-1,645,690,710,710,35,1,R0345,PU_R0344,DO_R0344,2026-05-18 10:45:00,2026-05-18 11:30:00,2026-05-18 11:50:00,2026-05-18 11:50:00,10:45,11:30,11:50
R0345,P201,return,hospital_to_patient,H1,HOME_P201,H1,other,P2,medium,1.5,standard_assis,5,5,1,-1,805,830,880,805,35,1,R0344,PU_R0345,DO_R0345,2026-05-18 13:25:00,2026-05-18 13:50:00,2026-05-18 14:40:00,2026-05-18 13:25:00,13:25,13:50,14:40
R0346,P202,outbound,patient_to_hospital,HOME_P202,H1,H1,oncology,P1,high,2.0,prescription_medicale,5,5,1,-1,625,664,680,680,25,1,R0347,PU_R0346,DO_R0346,2026-05-18 10:25:00,2026-05-18 11:04:00,2026-05-18 11:20:00,2026-05-18 11:20:00,10:25,11:04,11:20
R0347,P202,return,hospital_to_patient,H1,HOME_P202,H1,oncology,P1,high,2.0,prescription_medicale,5,5,1,-1,835,850,890,835,25,1,R0346,PU_R0347,DO_R0347,2026-05-18 13:55:00,2026-05-18 14:10:00,2026-05-18 14:50:00,2026-05-18 13:55:00,13:55,14:10,14:50
R0348,P203,outbound,patient_to_hospital,HOME_P203,H2,H2,oncology,P1,high,2.0,vsl_required,5,5,1,-1,760,800,815,815,25,1,R0349,PU_R0348,DO_R0348,2026-05-18 12:40:00,2026-05-18 13:20:00,2026-05-18 13:35:00,2026-05-18 13:35:00,12:40,13:20,13:35
R0349,P203,return,hospital_to_patient,H2,HOME_P203,H2,oncology,P1,high,2.0,vsl_required,5,5,1,-1,935,950,990,935,25,1,R0348,PU_R0349,DO_R0349,2026-05-18 15:35:00,2026-05-18 15:50:00,2026-05-18 16:30:00,2026-05-18 15:35:00,15:35,15:50,16:30
R0350,P204,outbound,patient_to_hospital,HOME_P204,H2,H2,dialysis,P1,high,2.0,vsl_required,5,5,1,-1,745,788,800,800,25,1,R0351,PU_R0350,DO_R0350,2026-05-18 12:25:00,2026-05-18 13:08:00,2026-05-18 13:20:00,2026-05-18 13:20:00,12:25,13:08,13:20
R0351,P204,return,hospital_to_patient,H2,HOME_P204,H2,dialysis,P1,high,2.0,vsl_required,5,5,1,-1,1010,1025,1065,1010,25,1,R0350,PU_R0351,DO_R0351,2026-05-18 16:50:00,2026-05-18 17:05:00,2026-05-18 17:45:00,2026-05-18 16:50:00,16:50,17:05,17:45
R0352,P205,outbound,patient_to_hospital,HOME_P205,H1,H1,other,P2,medium,1.5,prescription_medicale,5,5,1,-1,485,534,550,550,35,1,R0353,PU_R0352,DO_R0352,2026-05-18 08:05:00,2026-05-18 08:54:00,2026-05-18 09:10:00,2026-05-18 09:10:00,08:05,08:54,09:10
R0353,P205,return,hospital_to_patient,H1,HOME_P205,H1,other,P2,medium,1.5,prescription_medicale,5,5,1,-1,635,660,710,635,35,1,R0352,PU_R0353,DO_R0353,2026-05-18 10:35:00,2026-05-18 11:00:00,2026-05-18 11:50:00,2026-05-18 10:35:00,10:35,11:00,11:50
R0354,P206,outbound,patient_to_hospital,HOME_P206,H1,H1,oncology,P1,high,2.0,prescription_medicale,5,5,1,-1,635,675,690,690,25,1,R0355,PU_R0354,DO_R0354,2026-05-18 10:35:00,2026-05-18 11:15:00,2026-05-18 11:30:00,2026-05-18 11:30:00,10:35,11:15,11:30
R0355,P206,return,hospital_to_patient,H1,HOME_P206,H1,oncology,P1,high,2.0,prescription_medicale,5,5,1,-1,840,855,895,840,25,1,R0354,PU_R0355,DO_R0355,2026-05-18 14:00:00,2026-05-18 14:15:00,2026-05-18 14:55:00,2026-05-18 14:00:00,14:00,14:15,14:55
R0356,P207,outbound,patient_to_hospital,HOME_P207,H2,H2,dialysis,P1,high,2.0,vsl_required,5,5,1,-1,755,805,810,810,25,1,R0357,PU_R0356,DO_R0356,2026-05-18 12:35:00,2026-05-18 13:25:00,2026-05-18 13:30:00,2026-05-18 13:30:00,12:35,13:25,13:30
R0357,P207,return,hospital_to_patient,H2,HOME_P207,H2,dialysis,P1,high,2.0,vsl_required,5,5,1,-1,1025,1040,1080,1025,25,1,R0356,PU_R0357,DO_R0357,2026-05-18 17:05:00,2026-05-18 17:20:00,2026-05-18 18:00:00,2026-05-18 17:05:00,17:05,17:20,18:00
R0358,P208,outbound,patient_to_hospital,HOME_P208,H2,H2,oncology,P1,high,2.0,vsl_required,5,5,1,-1,470,517,525,525,25,1,R0359,PU_R0358,DO_R0358,2026-05-18 07:50:00,2026-05-18 08:37:00,2026-05-18 08:45:00,2026-05-18 08:45:00,07:50,08:37,08:45
R0359,P208,return,hospital_to_patient,H2,HOME_P208,H2,oncology,P1,high,2.0,vsl_required,5,5,1,-1,615,630,670,615,25,1,R0358,PU_R0359,DO_R0359,2026-05-18 10:15:00,2026-05-18 10:30:00,2026-05-18 11:10:00,2026-05-18 10:15:00,10:15,10:30,11:10
R0360,P209,outbound,patient_to_hospital,HOME_P209,H1,H1,other,P2,medium,1.5,prescription_medicale,5,5,1,-1,510,555,575,575,35,1,R0361,PU_R0360,DO_R0360,2026-05-18 08:30:00,2026-05-18 09:15:00,2026-05-18 09:35:00,2026-05-18 09:35:00,08:30,09:15,09:35
R0361,P209,return,hospital_to_patient,H1,HOME_P209,H1,other,P2,medium,1.5,prescription_medicale,5,5,1,-1,635,660,710,635,35,1,R0360,PU_R0361,DO_R0361,2026-05-18 10:35:00,2026-05-18 11:00:00,2026-05-18 11:50:00,2026-05-18 10:35:00,10:35,11:00,11:50
R0362,P210,outbound,patient_to_hospital,HOME_P210,H1,H1,dialysis,P1,high,2.0,vsl_required,5,5,1,-1,425,475,480,480,25,1,R0363,PU_R0362,DO_R0362,2026-05-18 07:05:00,2026-05-18 07:55:00,2026-05-18 08:00:00,2026-05-18 08:00:00,07:05,07:55,08:00
R0363,P210,return,hospital_to_patient,H1,HOME_P210,H1,dialysis,P1,high,2.0,vsl_required,5,5,1,-1,720,735,775,720,25,1,R0362,PU_R0363,DO_R0363,2026-05-18 12:00:00,2026-05-18 12:15:00,2026-05-18 12:55:00,2026-05-18 12:00:00,12:00,12:15,12:55
R0364,P211,outbound,patient_to_hospital,HOME_P211,H1,H1,dialysis,P1,high,2.0,vsl_required,5,5,1,-1,470,518,525,525,25,1,R0365,PU_R0364,DO_R0364,2026-05-18 07:50:00,2026-05-18 08:38:00,2026-05-18 08:45:00,2026-05-18 08:45:00,07:50,08:38,08:45
R0365,P211,return,hospital_to_patient,H1,HOME_P211,H1,dialysis,P1,high,2.0,vsl_required,5,5,1,-1,765,780,820,765,25,1,R0364,PU_R0365,DO_R0365,2026-05-18 12:45:00,2026-05-18 13:00:00,2026-05-18 13:40:00,2026-05-18 12:45:00,12:45,13:00,13:40
R0366,P212,outbound,patient_to_hospital,HOME_P212,H1,H1,external,P3,low,1.0,prescription_medicale,5,5,1,-1,1000,1061,1075,1075,45,1,,PU_R0366,DO_R0366,2026-05-18 16:40:00,2026-05-18 17:41:00,2026-05-18 17:55:00,2026-05-18 17:55:00,16:40,17:41,17:55
R0367,P213,outbound,patient_to_hospital,HOME_P213,H1,H1,other,P2,medium,1.5,standard_assis,5,5,1,-1,575,625,640,640,35,1,R0368,PU_R0367,DO_R0367,2026-05-18 09:35:00,2026-05-18 10:25:00,2026-05-18 10:40:00,2026-05-18 10:40:00,09:35,10:25,10:40
R0368,P213,return,hospital_to_patient,H1,HOME_P213,H1,other,P2,medium,1.5,standard_assis,5,5,1,-1,725,750,800,725,35,1,R0367,PU_R0368,DO_R0368,2026-05-18 12:05:00,2026-05-18 12:30:00,2026-05-18 13:20:00,2026-05-18 12:05:00,12:05,12:30,13:20
R0369,P214,outbound,patient_to_hospital,HOME_P214,H2,H2,oncology,P1,high,2.0,vsl_required,5,5,1,-1,775,821,830,830,25,1,,PU_R0369,DO_R0369,2026-05-18 12:55:00,2026-05-18 13:41:00,2026-05-18 13:50:00,2026-05-18 13:50:00,12:55,13:41,13:50
R0370,P215,outbound,patient_to_hospital,HOME_P215,H1,H1,other,P2,medium,1.5,standard_assis,5,5,1,-1,785,831,850,850,35,1,R0371,PU_R0370,DO_R0370,2026-05-18 13:05:00,2026-05-18 13:51:00,2026-05-18 14:10:00,2026-05-18 14:10:00,13:05,13:51,14:10
R0371,P215,return,hospital_to_patient,H1,HOME_P215,H1,other,P2,medium,1.5,standard_assis,5,5,1,-1,915,940,990,915,35,1,R0370,PU_R0371,DO_R0371,2026-05-18 15:15:00,2026-05-18 15:40:00,2026-05-18 16:30:00,2026-05-18 15:15:00,15:15,15:40,16:30
R0372,P216,outbound,patient_to_hospital,HOME_P216,H1,H1,other,P2,medium,1.5,prescription_medicale,5,5,1,-1,840,891,905,905,35,1,,PU_R0372,DO_R0372,2026-05-18 14:00:00,2026-05-18 14:51:00,2026-05-18 15:05:00,2026-05-18 15:05:00,14:00,14:51,15:05
R0373,P217,outbound,patient_to_hospital,HOME_P217,H2,H2,dialysis,P1,high,2.0,vsl_required,5,5,1,-1,770,813,825,825,25,1,,PU_R0373,DO_R0373,2026-05-18 12:50:00,2026-05-18 13:33:00,2026-05-18 13:45:00,2026-05-18 13:45:00,12:50,13:33,13:45
R0374,P218,outbound,patient_to_hospital,HOME_P218,H1,H1,oncology,P1,high,2.0,standard_assis,5,5,1,-1,475,516,530,530,25,1,R0375,PU_R0374,DO_R0374,2026-05-18 07:55:00,2026-05-18 08:36:00,2026-05-18 08:50:00,2026-05-18 08:50:00,07:55,08:36,08:50
R0375,P218,return,hospital_to_patient,H1,HOME_P218,H1,oncology,P1,high,2.0,standard_assis,5,5,1,-1,695,710,750,695,25,1,R0374,PU_R0375,DO_R0375,2026-05-18 11:35:00,2026-05-18 11:50:00,2026-05-18 12:30:00,2026-05-18 11:35:00,11:35,11:50,12:30
R0376,P219,outbound,patient_to_hospital,HOME_P219,H2,H2,other,P2,medium,1.5,standard_assis,5,5,1,-1,635,683,700,700,35,1,R0377,PU_R0376,DO_R0376,2026-05-18 10:35:00,2026-05-18 11:23:00,2026-05-18 11:40:00,2026-05-18 11:40:00,10:35,11:23,11:40
R0377,P219,return,hospital_to_patient,H2,HOME_P219,H2,other,P2,medium,1.5,standard_assis,5,5,1,-1,730,755,805,730,35,1,R0376,PU_R0377,DO_R0377,2026-05-18 12:10:00,2026-05-18 12:35:00,2026-05-18 13:25:00,2026-05-18 12:10:00,12:10,12:35,13:25
R0378,P220,outbound,patient_to_hospital,HOME_P220,H1,H1,dialysis,P1,high,2.0,vsl_required,5,5,1,-1,735,785,790,790,25,1,,PU_R0378,DO_R0378,2026-05-18 12:15:00,2026-05-18 13:05:00,2026-05-18 13:10:00,2026-05-18 13:10:00,12:15,13:05,13:10
R0379,P221,outbound,patient_to_hospital,HOME_P221,H1,H1,other,P2,medium,1.5,prescription_medicale,5,5,1,-1,525,581,590,590,35,1,R0380,PU_R0379,DO_R0379,2026-05-18 08:45:00,2026-05-18 09:41:00,2026-05-18 09:50:00,2026-05-18 09:50:00,08:45,09:41,09:50
R0380,P221,return,hospital_to_patient,H1,HOME_P221,H1,other,P2,medium,1.5,prescription_medicale,5,5,1,-1,680,705,755,680,35,1,R0379,PU_R0380,DO_R0380,2026-05-18 11:20:00,2026-05-18 11:45:00,2026-05-18 12:35:00,2026-05-18 11:20:00,11:20,11:45,12:35
R0381,P222,outbound,patient_to_hospital,HOME_P222,H1,H1,other,P2,medium,1.5,standard_assis,5,5,1,-1,800,851,865,865,35,1,R0382,PU_R0381,DO_R0381,2026-05-18 13:20:00,2026-05-18 14:11:00,2026-05-18 14:25:00,2026-05-18 14:25:00,13:20,14:11,14:25
R0382,P222,return,hospital_to_patient,H1,HOME_P222,H1,other,P2,medium,1.5,standard_assis,5,5,1,-1,980,1005,1055,980,35,1,R0381,PU_R0382,DO_R0382,2026-05-18 16:20:00,2026-05-18 16:45:00,2026-05-18 17:35:00,2026-05-18 16:20:00,16:20,16:45,17:35
R0383,P223,outbound,patient_to_hospital,HOME_P223,H1,H1,dialysis,P1,high,2.0,prescription_medicale,5,5,1,-1,735,779,790,790,25,1,,PU_R0383,DO_R0383,2026-05-18 12:15:00,2026-05-18 12:59:00,2026-05-18 13:10:00,2026-05-18 13:10:00,12:15,12:59,13:10
R0384,P224,outbound,patient_to_hospital,HOME_P224,H1,H1,other,P2,medium,1.5,standard_assis,5,5,1,-1,605,648,670,670,35,1,R0385,PU_R0384,DO_R0384,2026-05-18 10:05:00,2026-05-18 10:48:00,2026-05-18 11:10:00,2026-05-18 11:10:00,10:05,10:48,11:10
R0385,P224,return,hospital_to_patient,H1,HOME_P224,H1,other,P2,medium,1.5,standard_assis,5,5,1,-1,775,800,850,775,35,1,R0384,PU_R0385,DO_R0385,2026-05-18 12:55:00,2026-05-18 13:20:00,2026-05-18 14:10:00,2026-05-18 12:55:00,12:55,13:20,14:10
R0386,P225,outbound,patient_to_hospital,HOME_P225,H2,H2,other,P2,medium,1.5,premium,5,5,1,-1,510,557,575,575,35,1,R0387,PU_R0386,DO_R0386,2026-05-18 08:30:00,2026-05-18 09:17:00,2026-05-18 09:35:00,2026-05-18 09:35:00,08:30,09:17,09:35
R0387,P225,return,hospital_to_patient,H2,HOME_P225,H2,other,P2,medium,1.5,premium,5,5,1,-1,610,635,685,610,35,1,R0386,PU_R0387,DO_R0387,2026-05-18 10:10:00,2026-05-18 10:35:00,2026-05-18 11:25:00,2026-05-18 10:10:00,10:10,10:35,11:25
R0388,P226,outbound,patient_to_hospital,HOME_P226,H2,H2,other,P2,medium,1.5,vsl_required,5,5,1,-1,650,701,715,715,35,1,R0389,PU_R0388,DO_R0388,2026-05-18 10:50:00,2026-05-18 11:41:00,2026-05-18 11:55:00,2026-05-18 11:55:00,10:50,11:41,11:55
R0389,P226,return,hospital_to_patient,H2,HOME_P226,H2,other,P2,medium,1.5,vsl_required,5,5,1,-1,750,775,825,750,35,1,R0388,PU_R0389,DO_R0389,2026-05-18 12:30:00,2026-05-18 12:55:00,2026-05-18 13:45:00,2026-05-18 12:30:00,12:30,12:55,13:45
R0390,P227,outbound,patient_to_hospital,HOME_P227,H1,H1,other,P2,medium,1.5,standard_assis,5,5,1,-1,470,518,535,535,35,1,R0391,PU_R0390,DO_R0390,2026-05-18 07:50:00,2026-05-18 08:38:00,2026-05-18 08:55:00,2026-05-18 08:55:00,07:50,08:38,08:55
R0391,P227,return,hospital_to_patient,H1,HOME_P227,H1,other,P2,medium,1.5,standard_assis,5,5,1,-1,615,640,690,615,35,1,R0390,PU_R0391,DO_R0391,2026-05-18 10:15:00,2026-05-18 10:40:00,2026-05-18 11:30:00,2026-05-18 10:15:00,10:15,10:40,11:30
R0392,P228,outbound,patient_to_hospital,HOME_P228,H1,H1,oncology,P1,high,2.0,vsl_required,5,5,1,-1,640,678,695,695,25,1,R0393,PU_R0392,DO_R0392,2026-05-18 10:40:00,2026-05-18 11:18:00,2026-05-18 11:35:00,2026-05-18 11:35:00,10:40,11:18,11:35
R0393,P228,return,hospital_to_patient,H1,HOME_P228,H1,oncology,P1,high,2.0,vsl_required,5,5,1,-1,875,890,930,875,25,1,R0392,PU_R0393,DO_R0393,2026-05-18 14:35:00,2026-05-18 14:50:00,2026-05-18 15:30:00,2026-05-18 14:35:00,14:35,14:50,15:30
R0394,P229,outbound,patient_to_hospital,HOME_P229,H1,H1,external,P3,low,1.0,prescription_medicale,5,5,1,-1,619,672,700,700,51,1,R0395,PU_R0394,DO_R0394,2026-05-18 10:19:00,2026-05-18 11:12:00,2026-05-18 11:40:00,2026-05-18 11:40:00,10:19,11:12,11:40
R0395,P229,return,hospital_to_patient,H1,HOME_P229,H1,external,P3,low,1.0,prescription_medicale,5,5,1,-1,725,760,826,725,51,1,R0394,PU_R0395,DO_R0395,2026-05-18 12:05:00,2026-05-18 12:40:00,2026-05-18 13:46:00,2026-05-18 12:05:00,12:05,12:40,13:46
R0396,P230,outbound,patient_to_hospital,HOME_P230,H2,H2,dialysis,P1,high,2.0,vsl_required,5,5,1,-1,475,518,530,530,25,1,R0397,PU_R0396,DO_R0396,2026-05-18 07:55:00,2026-05-18 08:38:00,2026-05-18 08:50:00,2026-05-18 08:50:00,07:55,08:38,08:50
R0397,P230,return,hospital_to_patient,H2,HOME_P230,H2,dialysis,P1,high,2.0,vsl_required,5,5,1,-1,785,800,840,785,25,1,R0396,PU_R0397,DO_R0397,2026-05-18 13:05:00,2026-05-18 13:20:00,2026-05-18 14:00:00,2026-05-18 13:05:00,13:05,13:20,14:00
R0398,P231,outbound,patient_to_hospital,HOME_P231,H2,H2,dialysis,P1,high,2.0,vsl_required,5,5,1,-1,745,795,800,800,25,1,,PU_R0398,DO_R0398,2026-05-18 12:25:00,2026-05-18 13:15:00,2026-05-18 13:20:00,2026-05-18 13:20:00,12:25,13:15,13:20
R0399,P232,outbound,patient_to_hospital,HOME_P232,H1,H1,dialysis,P1,high,2.0,prescription_medicale,5,5,1,-1,465,512,520,520,25,1,R0400,PU_R0399,DO_R0399,2026-05-18 07:45:00,2026-05-18 08:32:00,2026-05-18 08:40:00,2026-05-18 08:40:00,07:45,08:32,08:40
R0400,P232,return,hospital_to_patient,H1,HOME_P232,H1,dialysis,P1,high,2.0,prescription_medicale,5,5,1,-1,760,775,815,760,25,1,R0399,PU_R0400,DO_R0400,2026-05-18 12:40:00,2026-05-18 12:55:00,2026-05-18 13:35:00,2026-05-18 12:40:00,12:40,12:55,13:35
R0401,P233,outbound,patient_to_hospital,HOME_P233,H2,H2,dialysis,P1,high,2.0,vsl_required,5,5,1,-1,460,505,515,515,25,1,R0402,PU_R0401,DO_R0401,2026-05-18 07:40:00,2026-05-18 08:25:00,2026-05-18 08:35:00,2026-05-18 08:35:00,07:40,08:25,08:35
R0402,P233,return,hospital_to_patient,H2,HOME_P233,H2,dialysis,P1,high,2.0,vsl_required,5,5,1,-1,765,780,820,765,25,1,R0401,PU_R0402,DO_R0402,2026-05-18 12:45:00,2026-05-18 13:00:00,2026-05-18 13:40:00,2026-05-18 12:45:00,12:45,13:00,13:40
R0403,P234,outbound,patient_to_hospital,HOME_P234,H1,H1,dialysis,P1,high,2.0,prescription_medicale,5,5,1,-1,450,494,505,505,25,1,R0404,PU_R0403,DO_R0403,2026-05-18 07:30:00,2026-05-18 08:14:00,2026-05-18 08:25:00,2026-05-18 08:25:00,07:30,08:14,08:25
R0404,P234,return,hospital_to_patient,H1,HOME_P234,H1,dialysis,P1,high,2.0,prescription_medicale,5,5,1,-1,745,760,800,745,25,1,R0403,PU_R0404,DO_R0404,2026-05-18 12:25:00,2026-05-18 12:40:00,2026-05-18 13:20:00,2026-05-18 12:25:00,12:25,12:40,13:20
R0405,P235,outbound,patient_to_hospital,HOME_P235,H1,H1,dialysis,P1,high,2.0,prescription_medicale,5,5,1,-1,445,495,500,500,25,1,R0406,PU_R0405,DO_R0405,2026-05-18 07:25:00,2026-05-18 08:15:00,2026-05-18 08:20:00,2026-05-18 08:20:00,07:25,08:15,08:20
R0406,P235,return,hospital_to_patient,H1,HOME_P235,H1,dialysis,P1,high,2.0,prescription_medicale,5,5,1,-1,740,755,795,740,25,1,R0405,PU_R0406,DO_R0406,2026-05-18 12:20:00,2026-05-18 12:35:00,2026-05-18 13:15:00,2026-05-18 12:20:00,12:20,12:35,13:15
R0407,P236,outbound,patient_to_hospital,HOME_P236,H2,H2,other,P2,medium,1.5,prescription_medicale,5,5,1,-1,930,979,995,995,35,1,,PU_R0407,DO_R0407,2026-05-18 15:30:00,2026-05-18 16:19:00,2026-05-18 16:35:00,2026-05-18 16:35:00,15:30,16:19,16:35
R0408,P237,outbound,patient_to_hospital,HOME_P237,H1,H1,other,P2,medium,1.5,standard_assis,5,5,1,-1,600,647,665,665,35,1,R0409,PU_R0408,DO_R0408,2026-05-18 10:00:00,2026-05-18 10:47:00,2026-05-18 11:05:00,2026-05-18 11:05:00,10:00,10:47,11:05
R0409,P237,return,hospital_to_patient,H1,HOME_P237,H1,other,P2,medium,1.5,standard_assis,5,5,1,-1,775,800,850,775,35,1,R0408,PU_R0409,DO_R0409,2026-05-18 12:55:00,2026-05-18 13:20:00,2026-05-18 14:10:00,2026-05-18 12:55:00,12:55,13:20,14:10
R0410,P238,outbound,patient_to_hospital,HOME_P238,H1,H1,oncology,P1,high,2.0,vsl_required,5,5,1,-1,465,507,520,520,25,1,R0411,PU_R0410,DO_R0410,2026-05-18 07:45:00,2026-05-18 08:27:00,2026-05-18 08:40:00,2026-05-18 08:40:00,07:45,08:27,08:40
R0411,P238,return,hospital_to_patient,H1,HOME_P238,H1,oncology,P1,high,2.0,vsl_required,5,5,1,-1,680,695,735,680,25,1,R0410,PU_R0411,DO_R0411,2026-05-18 11:20:00,2026-05-18 11:35:00,2026-05-18 12:15:00,2026-05-18 11:20:00,11:20,11:35,12:15
R0412,P239,outbound,patient_to_hospital,HOME_P239,H2,H2,oncology,P1,high,2.0,prescription_medicale,5,5,1,-1,430,472,485,485,25,1,R0413,PU_R0412,DO_R0412,2026-05-18 07:10:00,2026-05-18 07:52:00,2026-05-18 08:05:00,2026-05-18 08:05:00,07:10,07:52,08:05
R0413,P239,return,hospital_to_patient,H2,HOME_P239,H2,oncology,P1,high,2.0,prescription_medicale,5,5,1,-1,790,805,845,790,25,1,R0412,PU_R0413,DO_R0413,2026-05-18 13:10:00,2026-05-18 13:25:00,2026-05-18 14:05:00,2026-05-18 13:10:00,13:10,13:25,14:05
R0414,P240,outbound,patient_to_hospital,HOME_P240,H1,H1,other,P2,medium,1.5,premium,5,5,1,-1,590,649,655,655,35,1,R0415,PU_R0414,DO_R0414,2026-05-18 09:50:00,2026-05-18 10:49:00,2026-05-18 10:55:00,2026-05-18 10:55:00,09:50,10:49,10:55
R0415,P240,return,hospital_to_patient,H1,HOME_P240,H1,other,P2,medium,1.5,premium,5,5,1,-1,745,770,820,745,35,1,R0414,PU_R0415,DO_R0415,2026-05-18 12:25:00,2026-05-18 12:50:00,2026-05-18 13:40:00,2026-05-18 12:25:00,12:25,12:50,13:40
R0416,P241,outbound,patient_to_hospital,HOME_P241,H1,H1,oncology,P1,high,2.0,vsl_required,5,5,1,-1,820,858,875,875,25,1,R0417,PU_R0416,DO_R0416,2026-05-18 13:40:00,2026-05-18 14:18:00,2026-05-18 14:35:00,2026-05-18 14:35:00,13:40,14:18,14:35
R0417,P241,return,hospital_to_patient,H1,HOME_P241,H1,oncology,P1,high,2.0,vsl_required,5,5,1,-1,1025,1040,1080,1025,25,1,R0416,PU_R0417,DO_R0417,2026-05-18 17:05:00,2026-05-18 17:20:00,2026-05-18 18:00:00,2026-05-18 17:05:00,17:05,17:20,18:00
R0418,P242,outbound,patient_to_hospital,HOME_P242,H1,H1,oncology,P1,high,2.0,vsl_required,5,5,1,-1,645,683,700,700,25,1,R0419,PU_R0418,DO_R0418,2026-05-18 10:45:00,2026-05-18 11:23:00,2026-05-18 11:40:00,2026-05-18 11:40:00,10:45,11:23,11:40
R0419,P242,return,hospital_to_patient,H1,HOME_P242,H1,oncology,P1,high,2.0,vsl_required,5,5,1,-1,850,865,905,850,25,1,R0418,PU_R0419,DO_R0419,2026-05-18 14:10:00,2026-05-18 14:25:00,2026-05-18 15:05:00,2026-05-18 14:10:00,14:10,14:25,15:05
R0420,P243,outbound,patient_to_hospital,HOME_P243,H1,H1,dialysis,P1,high,2.0,vsl_required,5,5,1,-1,450,498,505,505,25,1,R0421,PU_R0420,DO_R0420,2026-05-18 07:30:00,2026-05-18 08:18:00,2026-05-18 08:25:00,2026-05-18 08:25:00,07:30,08:18,08:25
R0421,P243,return,hospital_to_patient,H1,HOME_P243,H1,dialysis,P1,high,2.0,vsl_required,5,5,1,-1,745,760,800,745,25,1,R0420,PU_R0421,DO_R0421,2026-05-18 12:25:00,2026-05-18 12:40:00,2026-05-18 13:20:00,2026-05-18 12:25:00,12:25,12:40,13:20
R0422,P244,outbound,patient_to_hospital,HOME_P244,H1,H1,dialysis,P1,high,2.0,vsl_required,5,5,1,-1,455,496,510,510,25,1,R0423,PU_R0422,DO_R0422,2026-05-18 07:35:00,2026-05-18 08:16:00,2026-05-18 08:30:00,2026-05-18 08:30:00,07:35,08:16,08:30
R0423,P244,return,hospital_to_patient,H1,HOME_P244,H1,dialysis,P1,high,2.0,vsl_required,5,5,1,-1,750,765,805,750,25,1,R0422,PU_R0423,DO_R0423,2026-05-18 12:30:00,2026-05-18 12:45:00,2026-05-18 13:25:00,2026-05-18 12:30:00,12:30,12:45,13:25
R0424,P245,outbound,patient_to_hospital,HOME_P245,H1,H1,dialysis,P1,high,2.0,prescription_medicale,5,5,1,-1,735,784,790,790,25,1,,PU_R0424,DO_R0424,2026-05-18 12:15:00,2026-05-18 13:04:00,2026-05-18 13:10:00,2026-05-18 13:10:00,12:15,13:04,13:10
R0425,P246,outbound,patient_to_hospital,HOME_P246,H1,H1,oncology,P1,high,2.0,prescription_medicale,5,5,1,-1,605,651,660,660,25,1,R0426,PU_R0425,DO_R0425,2026-05-18 10:05:00,2026-05-18 10:51:00,2026-05-18 11:00:00,2026-05-18 11:00:00,10:05,10:51,11:00
R0426,P246,return,hospital_to_patient,H1,HOME_P246,H1,oncology,P1,high,2.0,prescription_medicale,5,5,1,-1,830,845,885,830,25,1,R0425,PU_R0426,DO_R0426,2026-05-18 13:50:00,2026-05-18 14:05:00,2026-05-18 14:45:00,2026-05-18 13:50:00,13:50,14:05,14:45
R0427,P247,outbound,patient_to_hospital,HOME_P247,H2,H2,other,P2,medium,1.5,standard_assis,5,5,1,-1,460,515,525,525,35,1,R0428,PU_R0427,DO_R0427,2026-05-18 07:40:00,2026-05-18 08:35:00,2026-05-18 08:45:00,2026-05-18 08:45:00,07:40,08:35,08:45
R0428,P247,return,hospital_to_patient,H2,HOME_P247,H2,other,P2,medium,1.5,standard_assis,5,5,1,-1,560,585,635,560,35,1,R0427,PU_R0428,DO_R0428,2026-05-18 09:20:00,2026-05-18 09:45:00,2026-05-18 10:35:00,2026-05-18 09:20:00,09:20,09:45,10:35
R0429,P248,outbound,patient_to_hospital,HOME_P248,H1,H1,other,P2,medium,1.5,standard_assis,5,5,1,-1,825,875,890,890,35,1,R0430,PU_R0429,DO_R0429,2026-05-18 13:45:00,2026-05-18 14:35:00,2026-05-18 14:50:00,2026-05-18 14:50:00,13:45,14:35,14:50
R0430,P248,return,hospital_to_patient,H1,HOME_P248,H1,other,P2,medium,1.5,standard_assis,5,5,1,-1,990,1015,1065,990,35,1,R0429,PU_R0430,DO_R0430,2026-05-18 16:30:00,2026-05-18 16:55:00,2026-05-18 17:45:00,2026-05-18 16:30:00,16:30,16:55,17:45
R0431,P249,outbound,patient_to_hospital,HOME_P249,H1,H1,other,P2,medium,1.5,vsl_required,5,5,1,-1,635,689,700,700,35,1,R0432,PU_R0431,DO_R0431,2026-05-18 10:35:00,2026-05-18 11:29:00,2026-05-18 11:40:00,2026-05-18 11:40:00,10:35,11:29,11:40
R0432,P249,return,hospital_to_patient,H1,HOME_P249,H1,other,P2,medium,1.5,vsl_required,5,5,1,-1,780,805,855,780,35,1,R0431,PU_R0432,DO_R0432,2026-05-18 13:00:00,2026-05-18 13:25:00,2026-05-18 14:15:00,2026-05-18 13:00:00,13:00,13:25,14:15
R0433,P250,outbound,patient_to_hospital,HOME_P250,H1,H1,dialysis,P1,high,2.0,vsl_required,5,5,1,-1,730,777,785,785,25,1,R0434,PU_R0433,DO_R0433,2026-05-18 12:10:00,2026-05-18 12:57:00,2026-05-18 13:05:00,2026-05-18 13:05:00,12:10,12:57,13:05
R0434,P250,return,hospital_to_patient,H1,HOME_P250,H1,dialysis,P1,high,2.0,vsl_required,5,5,1,-1,1025,1040,1080,1025,25,1,R0433,PU_R0434,DO_R0434,2026-05-18 17:05:00,2026-05-18 17:20:00,2026-05-18 18:00:00,2026-05-18 17:05:00,17:05,17:20,18:00
