patient_id,home_point_id,home_lat,home_lon,hospital_id,activity_type,appointment_id,slot_time,priority_code,priority_class,theta_p,requirement,appointment_datetime,appointment_minute,appointment_time_hhmm,hospital_stay_min,return_ready_datetime,return_ready_minute,return_ready_time_hhmm,waiting_time_after_treatment_min,return_same_day,max_ride_time_min,direct_distance_est_km,direct_travel_time_est_min,distance_to_assigned_hospital_km,closest_hospital_id,closest_hospital_distance_km,assigned_hospital_is_coherent,home_generation_method,catchment_radius_km,source_quality,source_note
P1,HOME_P1,46.05740484015988,4.083663202178128,H1,oncology,A0199,08:00,P1,high,2.0,prescription_medicale,2026-05-18 08:20:00,500,08:20,160,2026-05-18 11:00:00,660,11:00,15,1,25,1.202,5.0,1.202,H1,1.202,1,catchment_near_assigned_hospital,10,observed_user_table,CH Roanne chemotherapy: 30/day.
P2,HOME_P2,46.02780857360309,3.9794389574266504,H2,other,A0577,08:30,P2,medium,1.5,standard_assis,2026-05-18 08:50:00,530,08:50,35,2026-05-18 09:25:00,565,09:25,25,1,35,8.974,12.82,8.974,H2,8.974,1,catchment_near_assigned_hospital,12,assumption_to_validate,Renaison other: assumed 36/day.
P3,HOME_P3,46.040918690431845,3.98848410555279,H2,oncology,A0545,08:00,P1,high,2.0,prescription_medicale,2026-05-18 08:55:00,535,08:55,260,2026-05-18 13:15:00,795,13:15,15,1,25,7.777,11.11,7.777,H2,7.777,1,catchment_near_assigned_hospital,10,assumption_to_validate,Renaison oncology: assumed 16/day.
P4,HOME_P4,46.10011673157595,4.051563025255505,H3,dialysis,A0720,13:00,P1,high,2.0,prescription_medicale,2026-05-18 13:20:00,800,13:20,230,2026-05-18 17:10:00,1030,17:10,15,1,25,7.189,10.27,7.189,H1,6.819,1,catchment_near_assigned_hospital,8,assumption_to_validate,Third dialysis center: assumed 24/day.
P5,HOME_P5,45.93956262003588,4.163488877198488,H1,external,A0400,08:30,P3,low,1.0,standard_assis,2026-05-18 09:20:00,560,09:20,25,2026-05-18 09:45:00,585,09:45,35,1,47,18.077,25.82,18.077,H2,17.356,1,catchment_near_assigned_hospital,18,computed_from_user_table,External visits: 75/day * 15% using fleet.
P6,HOME_P6,46.09224371222878,4.04593043687813,H3,dialysis,A0684,08:00,P1,high,2.0,prescription_medicale,2026-05-18 08:35:00,515,08:35,240,2026-05-18 12:35:00,755,12:35,15,1,25,6.314,9.02,6.314,H1,5.997,1,catchment_near_assigned_hospital,8,assumption_to_validate,Third dialysis center: assumed 24/day.
P7,HOME_P7,46.07755427595208,4.184511434879906,H1,other,A0303,08:30,P2,medium,1.5,prescription_medicale,2026-05-18 08:40:00,520,08:40,110,2026-05-18 10:30:00,630,10:30,25,1,35,11.298,16.14,11.298,H1,11.298,1,catchment_near_assigned_hospital,12,observed_user_table,CH Roanne other: 49/day.
P8,HOME_P8,46.14236886128418,4.011577576799404,H1,other,A0347,10:30,P2,medium,1.5,standard_assis,2026-05-18 11:55:00,715,11:55,100,2026-05-18 13:35:00,815,13:35,25,1,35,13.71,19.59,13.71,H1,13.71,1,catchment_near_assigned_hospital,12,observed_user_table,CH Roanne other: 49/day.
P9,HOME_P9,46.04400004948044,3.9547791238968903,H1,other,A0373,14:00,P2,medium,1.5,standard_assis,2026-05-18 14:55:00,895,14:55,60,2026-05-18 15:55:00,955,15:55,25,1,35,11.449,16.36,11.449,H2,11.003,1,catchment_near_assigned_hospital,12,observed_user_table,CH Roanne other: 49/day.
P10,HOME_P10,46.08012908745601,4.174888131964451,H1,oncology,A0170,08:00,P1,high,2.0,vsl_required,2026-05-18 08:25:00,505,08:25,160,2026-05-18 11:05:00,665,11:05,15,1,25,10.537,15.05,10.537,H1,10.537,1,catchment_near_assigned_hospital,10,observed_user_table,CH Roanne chemotherapy: 30/day.
P11,HOME_P11,45.991912898900225,4.075316125026939,H1,other,A0293,08:30,P2,medium,1.5,vsl_required,2026-05-18 09:40:00,580,09:40,65,2026-05-18 10:45:00,645,10:45,25,1,35,8.536,12.19,8.536,H2,7.502,1,catchment_near_assigned_hospital,12,observed_user_table,CH Roanne other: 49/day.
P12,HOME_P12,46.10351064111591,4.033287612432301,H1,dialysis,A0037,08:00,P1,high,2.0,vsl_required,2026-05-18 08:30:00,510,08:30,240,2026-05-18 12:30:00,750,12:30,15,1,25,7.946,11.35,7.946,H1,7.946,1,catchment_near_assigned_hospital,8,observed_user_table,"CH Roanne dialysis: 53/day. 26 morning, 23 noon, 4 evening."
P13,HOME_P13,46.11254952282957,4.080019294063552,H1,external,A0415,12:30,P3,low,1.0,standard_assis,2026-05-18 14:20:00,860,14:20,20,2026-05-18 14:40:00,880,14:40,35,1,45,8.265,11.81,8.265,H1,8.265,1,catchment_near_assigned_hospital,18,computed_from_user_table,External visits: 75/day * 15% using fleet.
P14,HOME_P14,46.09386898603462,4.141551449825403,H1,dialysis,A0006,08:00,P1,high,2.0,prescription_medicale,2026-05-18 08:15:00,495,08:15,240,2026-05-18 12:15:00,735,12:15,15,1,25,8.71,12.44,8.71,H1,8.71,1,catchment_near_assigned_hospital,8,observed_user_table,"CH Roanne dialysis: 53/day. 26 morning, 23 noon, 4 evening."
P15,HOME_P15,46.056056904040474,4.183089464269619,H1,other,A0383,16:00,P2,medium,1.5,standard_assis,2026-05-18 16:00:00,960,16:00,75,2026-05-18 17:15:00,1035,17:15,25,1,35,10.655,15.22,10.655,H1,10.655,1,catchment_near_assigned_hospital,12,observed_user_table,CH Roanne other: 49/day.
P16,HOME_P16,46.08412855955369,3.980811821855579,H1,dialysis,A0094,13:00,P1,high,2.0,prescription_medicale,2026-05-18 13:30:00,810,13:30,240,2026-05-18 17:30:00,1050,17:30,15,1,25,9.843,14.06,9.843,H3,9.822,1,catchment_near_assigned_hospital,8,observed_user_table,"CH Roanne dialysis: 53/day. 26 morning, 23 noon, 4 evening."
P17,HOME_P17,45.994973439501145,4.020413319690459,H2,oncology,A0526,08:00,P1,high,2.0,vsl_required,2026-05-18 08:25:00,505,08:25,155,2026-05-18 11:00:00,660,11:00,15,1,25,8.457,12.08,8.457,H2,8.457,1,catchment_near_assigned_hospital,10,assumption_to_validate,Renaison oncology: assumed 16/day.
P18,HOME_P18,46.09243629147103,4.020774623581033,H1,oncology,A0160,08:00,P1,high,2.0,vsl_required,2026-05-18 08:30:00,510,08:30,150,2026-05-18 11:00:00,660,11:00,15,1,25,7.393,10.56,7.393,H1,7.393,1,catchment_near_assigned_hospital,10,observed_user_table,CH Roanne chemotherapy: 30/day.
P19,HOME_P19,46.032257909901666,3.960605178918025,H1,other,A0396,16:00,P2,medium,1.5,standard_assis,2026-05-18 16:05:00,965,16:05,75,2026-05-18 17:20:00,1040,17:20,25,1,35,11.203,16.0,11.203,H2,10.605,1,catchment_near_assigned_hospital,12,observed_user_table,CH Roanne other: 49/day.
P20,HOME_P20,45.996622225339735,4.095681874722519,H2,other,A0674,16:30,P2,medium,1.5,standard_assis,2026-05-18 16:55:00,1015,16:55,25,2026-05-18 17:20:00,1040,17:20,25,1,35,7.298,10.43,7.298,H2,7.298,1,catchment_near_assigned_hospital,12,assumption_to_validate,Renaison other: assumed 36/day.
P21,HOME_P21,46.009447161389126,4.04015949558787,H2,other,A0659,14:00,P2,medium,1.5,prescription_medicale,2026-05-18 14:35:00,875,14:35,25,2026-05-18 15:00:00,900,15:00,25,1,35,5.747,8.21,5.747,H2,5.747,1,catchment_near_assigned_hospital,12,assumption_to_validate,Renaison other: assumed 36/day.
P22,HOME_P22,46.01009502347891,3.9590343400356844,H1,oncology,A0218,11:00,P1,high,2.0,vsl_required,2026-05-18 11:35:00,695,11:35,175,2026-05-18 14:30:00,870,14:30,15,1,25,12.505,17.86,12.505,H2,11.692,1,catchment_near_assigned_hospital,10,observed_user_table,CH Roanne chemotherapy: 30/day.
P23,HOME_P23,46.073724184440486,4.09659781847967,H3,dialysis,A0702,08:00,P1,high,2.0,vsl_required,2026-05-18 08:10:00,490,08:10,240,2026-05-18 12:10:00,730,12:10,15,1,25,4.178,5.97,4.178,H1,3.657,1,catchment_near_assigned_hospital,8,assumption_to_validate,Third dialysis center: assumed 24/day.
P24,HOME_P24,45.99713461161144,4.109404725375951,H3,dialysis,A0694,08:00,P1,high,2.0,vsl_required,2026-05-18 08:20:00,500,08:20,225,2026-05-18 12:05:00,725,12:05,15,1,25,8.274,11.82,8.274,H2,7.805,1,catchment_near_assigned_hospital,8,assumption_to_validate,Third dialysis center: assumed 24/day.
P25,HOME_P25,45.9801846207246,4.054444343696362,H2,dialysis,A0495,13:00,P1,high,2.0,vsl_required,2026-05-18 13:05:00,785,13:05,210,2026-05-18 16:35:00,995,16:35,15,1,25,9.211,13.16,9.211,H2,9.211,1,catchment_near_assigned_hospital,8,assumption_to_validate,Renaison dialysis: assumed 30/day.
P26,HOME_P26,46.10619525247011,4.0217703477829945,H1,oncology,A0188,08:00,P1,high,2.0,vsl_required,2026-05-18 08:40:00,520,08:40,160,2026-05-18 11:20:00,680,11:20,15,1,25,8.841,12.63,8.841,H1,8.841,1,catchment_near_assigned_hospital,10,observed_user_table,CH Roanne chemotherapy: 30/day.
P27,HOME_P27,46.037436797963096,4.278924874313733,H1,external,A0431,17:30,P3,low,1.0,standard_assis,2026-05-18 17:50:00,1070,17:50,25,2026-05-18 18:15:00,1095,18:15,35,1,52,20.017,28.6,20.017,H1,20.017,1,catchment_near_assigned_hospital,18,computed_from_user_table,External visits: 75/day * 15% using fleet.
P28,HOME_P28,45.95119217857376,4.054092867586816,H2,other,A0643,14:00,P2,medium,1.5,premium,2026-05-18 14:35:00,875,14:35,40,2026-05-18 15:15:00,915,15:15,25,1,35,13.213,18.88,13.213,H2,13.213,1,catchment_near_assigned_hospital,12,assumption_to_validate,Renaison other: assumed 36/day.
P29,HOME_P29,46.020173746099154,4.0455016268359305,H3,dialysis,A0735,13:00,P1,high,2.0,prescription_medicale,2026-05-18 13:05:00,785,13:05,210,2026-05-18 16:35:00,995,16:35,15,1,25,4.772,6.82,4.772,H2,4.2,1,catchment_near_assigned_hospital,8,assumption_to_validate,Third dialysis center: assumed 24/day.
P30,HOME_P30,46.024512975743775,4.154763222465793,H2,oncology,A0531,08:00,P1,high,2.0,standard_assis,2026-05-18 08:10:00,490,08:10,190,2026-05-18 11:20:00,680,11:20,15,1,25,8.802,12.57,8.802,H2,8.802,1,catchment_near_assigned_hospital,10,assumption_to_validate,Renaison oncology: assumed 16/day.
P31,HOME_P31,46.01657271138072,4.107155045653236,H1,dialysis,A0062,08:00,P1,high,2.0,vsl_required,2026-05-18 08:35:00,515,08:35,240,2026-05-18 12:35:00,755,12:35,15,1,25,6.092,8.7,6.092,H2,5.485,1,catchment_near_assigned_hospital,8,observed_user_table,"CH Roanne dialysis: 53/day. 26 morning, 23 noon, 4 evening."
P32,HOME_P32,46.00015203160665,4.043949408807028,H3,dialysis,A0727,13:00,P1,high,2.0,prescription_medicale,2026-05-18 13:30:00,810,13:30,225,2026-05-18 17:15:00,1035,17:15,15,1,25,7.371,10.53,7.371,H2,6.77,1,catchment_near_assigned_hospital,8,assumption_to_validate,Third dialysis center: assumed 24/day.
P33,HOME_P33,46.09325160769308,4.044850114599825,H3,dialysis,A0706,08:00,P1,high,2.0,prescription_medicale,2026-05-18 08:30:00,510,08:30,225,2026-05-18 12:15:00,735,12:15,15,1,25,6.482,9.26,6.482,H1,6.168,1,catchment_near_assigned_hospital,8,assumption_to_validate,Third dialysis center: assumed 24/day.
P34,HOME_P34,46.04274217387879,3.959579795439903,H2,oncology,A0532,08:00,P1,high,2.0,prescription_medicale,2026-05-18 08:10:00,490,08:10,145,2026-05-18 10:35:00,635,10:35,15,1,25,10.545,15.06,10.545,H2,10.545,1,catchment_near_assigned_hospital,10,assumption_to_validate,Renaison oncology: assumed 16/day.
P35,HOME_P35,45.94916389503681,4.058009836489056,H2,other,A0657,14:00,P2,medium,1.5,standard_assis,2026-05-18 15:05:00,905,15:05,25,2026-05-18 15:30:00,930,15:30,25,1,35,13.458,19.23,13.458,H2,13.458,1,catchment_near_assigned_hospital,12,assumption_to_validate,Renaison other: assumed 36/day.
P36,HOME_P36,46.12362752090031,4.0025762698753296,H2,other,A0576,08:30,P2,medium,1.5,standard_assis,2026-05-18 09:30:00,570,09:30,25,2026-05-18 09:55:00,595,09:55,25,1,35,12.573,17.96,12.573,H1,11.885,1,catchment_near_assigned_hospital,12,assumption_to_validate,Renaison other: assumed 36/day.
P37,HOME_P37,45.97940468815012,4.095592021919052,H1,other,A0360,14:00,P2,medium,1.5,premium,2026-05-18 15:20:00,920,15:20,80,2026-05-18 16:40:00,1000,16:40,25,1,35,10.506,15.01,10.506,H2,9.571,1,catchment_near_assigned_hospital,12,observed_user_table,CH Roanne other: 49/day.
P38,HOME_P38,46.007426836091085,4.0574815415155,H1,other,A0330,10:30,P2,medium,1.5,standard_assis,2026-05-18 11:40:00,700,11:40,80,2026-05-18 13:00:00,780,13:00,25,1,35,6.543,9.35,6.543,H2,5.431,1,catchment_near_assigned_hospital,12,observed_user_table,CH Roanne other: 49/day.
P39,HOME_P39,45.98946445784505,4.067274065158179,H3,dialysis,A0693,08:00,P1,high,2.0,vsl_required,2026-05-18 08:50:00,530,08:50,210,2026-05-18 12:20:00,740,12:20,15,1,25,8.418,12.03,8.418,H2,7.818,1,catchment_near_assigned_hospital,8,assumption_to_validate,Third dialysis center: assumed 24/day.
P40,HOME_P40,46.11042483240317,4.151330923760982,H2,other,A0578,08:30,P2,medium,1.5,standard_assis,2026-05-18 09:20:00,560,09:20,25,2026-05-18 09:45:00,585,09:45,25,1,35,12.011,17.16,12.011,H1,10.978,1,catchment_near_assigned_hospital,12,assumption_to_validate,Renaison other: assumed 36/day.
P41,HOME_P41,46.063097073642595,3.9702419897991055,H3,dialysis,A0679,08:00,P1,high,2.0,vsl_required,2026-05-18 08:15:00,495,08:15,220,2026-05-18 11:55:00,715,11:55,15,1,25,9.793,13.99,9.793,H3,9.793,1,catchment_near_assigned_hospital,8,assumption_to_validate,Third dialysis center: assumed 24/day.
P42,HOME_P42,46.146113430728455,4.103672360597046,H1,other,A0366,14:00,P2,medium,1.5,standard_assis,2026-05-18 15:10:00,910,15:10,65,2026-05-18 16:15:00,975,16:15,25,1,35,13.241,18.92,13.241,H1,13.241,1,catchment_near_assigned_hospital,12,observed_user_table,CH Roanne other: 49/day.
P43,HOME_P43,46.060315082719164,4.193054415335508,H1,oncology,A0177,08:00,P1,high,2.0,standard_assis,2026-05-18 08:45:00,525,08:45,170,2026-05-18 11:35:00,695,11:35,15,1,25,11.65,16.64,11.65,H1,11.65,1,catchment_near_assigned_hospital,10,observed_user_table,CH Roanne chemotherapy: 30/day.
P44,HOME_P44,46.003079622836715,3.9657722226549432,H1,other,A0302,08:30,P2,medium,1.5,prescription_medicale,2026-05-18 08:40:00,520,08:40,90,2026-05-18 10:10:00,610,10:10,25,1,35,12.458,17.8,12.458,H2,11.574,1,catchment_near_assigned_hospital,12,observed_user_table,CH Roanne other: 49/day.
P45,HOME_P45,46.05211985578493,4.200102629035172,H2,other,A0582,08:30,P2,medium,1.5,standard_assis,2026-05-18 09:45:00,585,09:45,30,2026-05-18 10:15:00,615,10:15,25,1,35,12.698,18.14,12.698,H1,12.29,1,catchment_near_assigned_hospital,12,assumption_to_validate,Renaison other: assumed 36/day.
P46,HOME_P46,46.0352003850658,4.009124660437936,H1,dialysis,A0079,13:00,P1,high,2.0,vsl_required,2026-05-18 13:25:00,805,13:25,240,2026-05-18 17:25:00,1045,17:25,15,1,25,6.629,9.47,6.629,H2,5.94,1,catchment_near_assigned_hospital,8,observed_user_table,"CH Roanne dialysis: 53/day. 26 morning, 23 noon, 4 evening."
P47,HOME_P47,46.11218264285696,4.037250635394096,H1,dialysis,A0132,13:00,P1,high,2.0,vsl_required,2026-05-18 13:20:00,800,13:20,240,2026-05-18 17:20:00,1040,17:20,15,1,25,8.869,12.67,8.869,H1,8.869,1,catchment_near_assigned_hospital,8,observed_user_table,"CH Roanne dialysis: 53/day. 26 morning, 23 noon, 4 evening."
P48,HOME_P48,45.960650382809284,4.00238716087401,H2,other,A0646,14:00,P2,medium,1.5,standard_assis,2026-05-18 14:10:00,850,14:10,40,2026-05-18 14:50:00,890,14:50,25,1,35,13.448,19.21,13.448,H2,13.448,1,catchment_near_assigned_hospital,12,assumption_to_validate,Renaison other: assumed 36/day.
P49,HOME_P49,46.08476880643752,4.0826458601713025,H1,dialysis,A0091,13:00,P1,high,2.0,prescription_medicale,2026-05-18 13:40:00,820,13:40,240,2026-05-18 17:40:00,1060,17:40,15,1,25,4.478,6.4,4.478,H1,4.478,1,catchment_near_assigned_hospital,8,observed_user_table,"CH Roanne dialysis: 53/day. 26 morning, 23 noon, 4 evening."
P50,HOME_P50,46.01224741731416,4.184179874457393,H1,other,A0369,14:00,P2,medium,1.5,prescription_medicale,2026-05-18 14:55:00,895,14:55,110,2026-05-18 16:45:00,1005,16:45,25,1,35,12.177,17.4,12.177,H2,12.066,1,catchment_near_assigned_hospital,12,observed_user_table,CH Roanne other: 49/day.
P51,HOME_P51,45.98616999808976,4.124199831934116,H1,other,A0288,08:30,P2,medium,1.5,vsl_required,2026-05-18 08:55:00,535,08:55,60,2026-05-18 09:55:00,595,09:55,25,1,35,10.572,15.1,10.572,H2,9.852,1,catchment_near_assigned_hospital,12,observed_user_table,CH Roanne other: 49/day.
P52,HOME_P52,46.10425623987204,4.058544256115635,H2,dialysis,A0473,08:00,P1,high,2.0,vsl_required,2026-05-18 08:20:00,500,08:20,215,2026-05-18 11:55:00,715,11:55,15,1,25,8.199,11.71,8.199,H1,7.213,1,catchment_near_assigned_hospital,8,assumption_to_validate,Renaison dialysis: assumed 30/day.
P53,HOME_P53,45.95158618456616,4.111088316191794,H1,other,A0315,10:30,P2,medium,1.5,standard_assis,2026-05-18 11:05:00,665,11:05,100,2026-05-18 12:45:00,765,12:45,25,1,35,14.615,20.88,14.615,H2,13.704,1,catchment_near_assigned_hospital,12,observed_user_table,CH Roanne other: 49/day.
P54,HOME_P54,46.073779624579736,4.131741879531338,H1,dialysis,A0035,08:00,P1,high,2.0,vsl_required,2026-05-18 08:25:00,505,08:25,240,2026-05-18 12:25:00,745,12:25,15,1,25,6.366,9.09,6.366,H1,6.366,1,catchment_near_assigned_hospital,8,observed_user_table,"CH Roanne dialysis: 53/day. 26 morning, 23 noon, 4 evening."
P55,HOME_P55,46.07555968699049,4.1407425443057635,H1,oncology,A0240,11:00,P1,high,2.0,vsl_required,2026-05-18 11:55:00,715,11:55,155,2026-05-18 14:30:00,870,14:30,15,1,25,7.255,10.36,7.255,H1,7.255,1,catchment_near_assigned_hospital,10,observed_user_table,CH Roanne chemotherapy: 30/day.
P56,HOME_P56,46.10694143962034,4.151417567556321,H1,oncology,A0249,14:00,P1,high,2.0,prescription_medicale,2026-05-18 14:55:00,895,14:55,175,2026-05-18 17:50:00,1070,17:50,15,1,25,10.639,15.2,10.639,H1,10.639,1,catchment_near_assigned_hospital,10,observed_user_table,CH Roanne chemotherapy: 30/day.
P57,HOME_P57,46.05683360645399,4.174070294567676,H1,dialysis,A0021,08:00,P1,high,2.0,vsl_required,2026-05-18 08:50:00,530,08:50,240,2026-05-18 12:50:00,770,12:50,15,1,25,9.79,13.99,9.79,H1,9.79,1,catchment_near_assigned_hospital,8,observed_user_table,"CH Roanne dialysis: 53/day. 26 morning, 23 noon, 4 evening."
P58,HOME_P58,46.111251580823634,4.090169480251343,H2,dialysis,A0453,08:00,P1,high,2.0,vsl_required,2026-05-18 08:05:00,485,08:05,265,2026-05-18 12:30:00,750,12:30,15,1,25,9.341,13.34,9.341,H1,8.229,1,catchment_near_assigned_hospital,8,assumption_to_validate,Renaison dialysis: assumed 30/day.
P59,HOME_P59,46.09379713614899,4.031777090798937,H2,other,A0606,08:30,P2,medium,1.5,standard_assis,2026-05-18 09:45:00,585,09:45,40,2026-05-18 10:25:00,625,10:25,25,1,35,7.579,10.83,7.579,H1,6.874,1,catchment_near_assigned_hospital,12,assumption_to_validate,Renaison other: assumed 36/day.
P60,HOME_P60,46.01407864878011,4.018148245871226,H1,dialysis,A0144,13:00,P1,high,2.0,vsl_required,2026-05-18 13:15:00,795,13:15,240,2026-05-18 17:15:00,1035,17:15,15,1,25,7.578,10.83,7.578,H2,6.573,1,catchment_near_assigned_hospital,8,observed_user_table,"CH Roanne dialysis: 53/day. 26 morning, 23 noon, 4 evening."
P61,HOME_P61,46.02938579268613,4.014586167445398,H1,dialysis,A0127,13:00,P1,high,2.0,vsl_required,2026-05-18 13:30:00,810,13:30,240,2026-05-18 17:30:00,1050,17:30,15,1,25,6.518,9.31,6.518,H2,5.701,1,catchment_near_assigned_hospital,8,observed_user_table,"CH Roanne dialysis: 53/day. 26 morning, 23 noon, 4 evening."
P62,HOME_P62,46.05121599498156,4.152052241088017,H1,dialysis,A0061,08:00,P1,high,2.0,prescription_medicale,2026-05-18 08:50:00,530,08:50,240,2026-05-18 12:50:00,770,12:50,15,1,25,7.66,10.94,7.66,H1,7.66,1,catchment_near_assigned_hospital,8,observed_user_table,"CH Roanne dialysis: 53/day. 26 morning, 23 noon, 4 evening."
P63,HOME_P63,45.994842757818596,4.0588903351346985,H3,dialysis,A0713,08:00,P1,high,2.0,vsl_required,2026-05-18 08:45:00,525,08:45,210,2026-05-18 12:15:00,735,12:15,15,1,25,7.741,11.06,7.741,H2,7.133,1,catchment_near_assigned_hospital,8,assumption_to_validate,Third dialysis center: assumed 24/day.
P64,HOME_P64,45.98627416399469,4.071979529047639,H1,dialysis,A0108,13:00,P1,high,2.0,vsl_required,2026-05-18 13:00:00,780,13:00,240,2026-05-18 17:00:00,1020,17:00,15,1,25,9.316,13.31,9.316,H2,8.266,1,catchment_near_assigned_hospital,8,observed_user_table,"CH Roanne dialysis: 53/day. 26 morning, 23 noon, 4 evening."
P65,HOME_P65,46.07338291187442,3.9802776208629638,H2,dialysis,A0511,13:00,P1,high,2.0,vsl_required,2026-05-18 13:50:00,830,13:50,265,2026-05-18 18:15:00,1095,18:15,15,1,25,9.365,13.38,9.365,H3,9.244,1,catchment_near_assigned_hospital,8,assumption_to_validate,Renaison dialysis: assumed 30/day.
P66,HOME_P66,46.02177879261752,3.858496111604591,H1,external,A0399,08:30,P3,low,1.0,prescription_medicale,2026-05-18 09:05:00,545,09:05,30,2026-05-18 09:35:00,575,09:35,35,1,55,21.127,30.18,21.127,H2,20.564,1,catchment_near_assigned_hospital,18,computed_from_user_table,External visits: 75/day * 15% using fleet.
P67,HOME_P67,46.07635186777454,3.9732440385567855,H1,oncology,A0175,08:00,P1,high,2.0,standard_assis,2026-05-18 08:25:00,505,08:25,160,2026-05-18 11:05:00,665,11:05,15,1,25,10.113,14.45,10.113,H3,10.025,1,catchment_near_assigned_hospital,10,observed_user_table,CH Roanne chemotherapy: 30/day.
P68,HOME_P68,45.9608742846914,3.993705727883121,H1,other,A0267,08:30,P2,medium,1.5,standard_assis,2026-05-18 09:10:00,550,09:10,120,2026-05-18 11:10:00,670,11:10,25,1,35,14.94,21.34,14.94,H2,13.841,1,catchment_near_assigned_hospital,12,observed_user_table,CH Roanne other: 49/day.
P69,HOME_P69,46.127513745904885,4.025602754411203,H2,oncology,A0559,13:00,P1,high,2.0,prescription_medicale,2026-05-18 13:45:00,825,13:45,135,2026-05-18 16:00:00,960,16:00,15,1,25,12.11,17.3,12.11,H1,11.27,1,catchment_near_assigned_hospital,10,assumption_to_validate,Renaison oncology: assumed 16/day.
P70,HOME_P70,46.057936130845235,4.067622711427395,H1,other,A0378,14:00,P2,medium,1.5,standard_assis,2026-05-18 15:20:00,920,15:20,75,2026-05-18 16:35:00,995,16:35,25,1,35,0.809,5.0,0.809,H1,0.809,1,catchment_near_assigned_hospital,12,observed_user_table,CH Roanne other: 49/day.
P71,HOME_P71,46.02723236003892,3.970564004377006,H2,oncology,A0558,13:00,P1,high,2.0,vsl_required,2026-05-18 13:15:00,795,13:15,350,2026-05-18 19:05:00,1145,19:05,15,1,25,9.82,14.03,9.82,H2,9.82,1,catchment_near_assigned_hospital,10,assumption_to_validate,Renaison oncology: assumed 16/day.
P72,HOME_P72,45.976929871370025,4.097446902475109,H2,dialysis,A0515,13:00,P1,high,2.0,prescription_medicale,2026-05-18 13:55:00,835,13:55,270,2026-05-18 18:25:00,1105,18:25,15,1,25,9.951,14.22,9.951,H2,9.951,1,catchment_near_assigned_hospital,8,assumption_to_validate,Renaison dialysis: assumed 30/day.
P73,HOME_P73,46.01977692770767,4.078462370514851,H1,other,A0393,16:00,P2,medium,1.5,premium,2026-05-18 17:00:00,1020,17:00,90,2026-05-18 18:30:00,1110,18:30,25,1,35,4.693,6.7,4.693,H2,3.722,1,catchment_near_assigned_hospital,12,observed_user_table,CH Roanne other: 49/day.
P74,HOME_P74,46.0961114086069,4.001068452654227,H1,dialysis,A0118,13:00,P1,high,2.0,prescription_medicale,2026-05-18 13:35:00,815,13:35,240,2026-05-18 17:35:00,1055,17:35,15,1,25,9.117,13.02,9.117,H1,9.117,1,catchment_near_assigned_hospital,8,observed_user_table,"CH Roanne dialysis: 53/day. 26 morning, 23 noon, 4 evening."
P75,HOME_P75,46.04810668206227,3.931847097399929,H1,external,A0408,09:30,P3,low,1.0,standard_assis,2026-05-18 10:55:00,655,10:55,25,2026-05-18 11:20:00,680,11:20,35,1,45,13.606,19.44,13.606,H2,13.216,1,catchment_near_assigned_hospital,18,computed_from_user_table,External visits: 75/day * 15% using fleet.
P76,HOME_P76,46.05334440145856,4.148140818254341,H3,dialysis,A0737,13:00,P1,high,2.0,vsl_required,2026-05-18 13:25:00,805,13:25,210,2026-05-18 16:55:00,1015,16:55,15,1,25,7.552,10.79,7.552,H1,7.277,1,catchment_near_assigned_hospital,8,assumption_to_validate,Third dialysis center: assumed 24/day.
P77,HOME_P77,46.09708245418562,4.073470524598702,H2,dialysis,A0474,08:00,P1,high,2.0,vsl_required,2026-05-18 08:30:00,510,08:30,260,2026-05-18 12:50:00,770,12:50,15,1,25,7.156,10.22,7.156,H1,6.086,1,catchment_near_assigned_hospital,8,assumption_to_validate,Renaison dialysis: assumed 30/day.
P78,HOME_P78,46.048926315759466,4.191361924663779,H1,other,A0391,16:00,P2,medium,1.5,standard_assis,2026-05-18 16:40:00,1000,16:40,90,2026-05-18 18:10:00,1090,18:10,25,1,35,11.463,16.38,11.463,H1,11.463,1,catchment_near_assigned_hospital,12,observed_user_table,CH Roanne other: 49/day.
P79,HOME_P79,46.07316652620419,4.058438517111397,H1,other,A0304,08:30,P2,medium,1.5,standard_assis,2026-05-18 09:35:00,575,09:35,90,2026-05-18 11:05:00,665,11:05,25,1,35,3.085,5.0,3.085,H1,3.085,1,catchment_near_assigned_hospital,12,observed_user_table,CH Roanne other: 49/day.
P80,HOME_P80,46.01363043381948,4.0691750403622775,H2,dialysis,A0451,08:00,P1,high,2.0,vsl_required,2026-05-18 08:10:00,490,08:10,240,2026-05-18 12:10:00,730,12:10,15,1,25,4.458,6.37,4.458,H2,4.458,1,catchment_near_assigned_hospital,8,assumption_to_validate,Renaison dialysis: assumed 30/day.
P81,HOME_P81,45.89308798758056,4.105064863260278,H1,external,A0416,12:30,P3,low,1.0,prescription_medicale,2026-05-18 14:05:00,845,14:05,20,2026-05-18 14:25:00,865,14:25,35,1,58,22.487,32.12,22.487,H2,21.499,1,catchment_near_assigned_hospital,18,computed_from_user_table,External visits: 75/day * 15% using fleet.
P82,HOME_P82,46.052452689109856,4.117007502125396,H1,dialysis,A0101,13:00,P1,high,2.0,prescription_medicale,2026-05-18 13:00:00,780,13:00,240,2026-05-18 17:00:00,1020,17:00,15,1,25,4.276,6.11,4.276,H1,4.276,1,catchment_near_assigned_hospital,8,observed_user_table,"CH Roanne dialysis: 53/day. 26 morning, 23 noon, 4 evening."
P83,HOME_P83,46.016955518939874,4.209369632368806,H2,other,A0644,14:00,P2,medium,1.5,standard_assis,2026-05-18 14:25:00,865,14:25,25,2026-05-18 14:50:00,890,14:50,25,1,35,14.141,20.2,14.141,H1,14.122,1,catchment_near_assigned_hospital,12,assumption_to_validate,Renaison other: assumed 36/day.
P84,HOME_P84,46.12544103964925,4.044246272506802,H1,other,A0300,08:30,P2,medium,1.5,standard_assis,2026-05-18 09:20:00,560,09:20,100,2026-05-18 11:00:00,660,11:00,25,1,35,10.396,14.85,10.396,H1,10.396,1,catchment_near_assigned_hospital,12,observed_user_table,CH Roanne other: 49/day.
P85,HOME_P85,46.02436001050725,4.082915984138316,H1,dialysis,A0047,08:00,P1,high,2.0,vsl_required,2026-05-18 08:30:00,510,08:30,240,2026-05-18 12:30:00,750,12:30,15,1,25,4.141,5.92,4.141,H2,3.264,1,catchment_near_assigned_hospital,8,observed_user_table,"CH Roanne dialysis: 53/day. 26 morning, 23 noon, 4 evening."
P86,HOME_P86,46.11627040734598,4.125828587578584,H1,oncology,A0238,11:00,P1,high,2.0,vsl_required,2026-05-18 11:50:00,710,11:50,170,2026-05-18 14:40:00,880,14:40,15,1,25,10.141,14.49,10.141,H1,10.141,1,catchment_near_assigned_hospital,10,observed_user_table,CH Roanne chemotherapy: 30/day.
P87,HOME_P87,46.02318022419965,4.201428260202501,H1,other,A0269,08:30,P2,medium,1.5,standard_assis,2026-05-18 09:40:00,580,09:40,60,2026-05-18 10:40:00,640,10:40,25,1,35,13.107,18.72,13.107,H1,13.107,1,catchment_near_assigned_hospital,12,observed_user_table,CH Roanne other: 49/day.
P88,HOME_P88,46.00321045946964,4.131454001408686,H2,other,A0633,10:30,P2,medium,1.5,prescription_medicale,2026-05-18 10:55:00,655,10:55,25,2026-05-18 11:20:00,680,11:20,25,1,35,8.452,12.07,8.452,H2,8.452,1,catchment_near_assigned_hospital,12,assumption_to_validate,Renaison other: assumed 36/day.
P89,HOME_P89,46.09847707786121,3.9986646230356646,H1,other,A0321,10:30,P2,medium,1.5,standard_assis,2026-05-18 11:00:00,660,11:00,120,2026-05-18 13:00:00,780,13:00,25,1,35,9.507,13.58,9.507,H1,9.507,1,catchment_near_assigned_hospital,12,observed_user_table,CH Roanne other: 49/day.
P90,HOME_P90,46.047889889172936,4.164085079488121,H1,other,A0342,10:30,P2,medium,1.5,standard_assis,2026-05-18 11:40:00,700,11:40,95,2026-05-18 13:15:00,795,13:15,25,1,35,8.847,12.64,8.847,H1,8.847,1,catchment_near_assigned_hospital,12,observed_user_table,CH Roanne other: 49/day.
P91,HOME_P91,46.19127731611552,4.092113482091239,H1,external,A0397,08:30,P3,low,1.0,standard_assis,2026-05-18 08:40:00,520,08:40,20,2026-05-18 09:00:00,540,09:00,35,1,50,19.269,27.53,19.269,H1,19.269,1,catchment_near_assigned_hospital,18,computed_from_user_table,External visits: 75/day * 15% using fleet.
P92,HOME_P92,46.0417318085831,4.042202065600816,H3,dialysis,A0740,13:00,P1,high,2.0,prescription_medicale,2026-05-18 13:05:00,785,13:05,265,2026-05-18 17:30:00,1050,17:30,15,1,25,2.918,5.0,2.918,H2,2.625,1,catchment_near_assigned_hospital,8,assumption_to_validate,Third dialysis center: assumed 24/day.
P93,HOME_P93,46.060686287678074,4.10498519739706,H1,dialysis,A0093,13:00,P1,high,2.0,prescription_medicale,2026-05-18 13:55:00,835,13:55,240,2026-05-18 17:55:00,1075,17:55,15,1,25,3.279,5.0,3.279,H1,3.279,1,catchment_near_assigned_hospital,8,observed_user_table,"CH Roanne dialysis: 53/day. 26 morning, 23 noon, 4 evening."
P94,HOME_P94,46.098322378194084,4.1524295826055,H1,oncology,A0211,11:00,P1,high,2.0,vsl_required,2026-05-18 11:50:00,710,11:50,155,2026-05-18 14:25:00,865,14:25,15,1,25,9.913,14.16,9.913,H1,9.913,1,catchment_near_assigned_hospital,10,observed_user_table,CH Roanne chemotherapy: 30/day.
P95,HOME_P95,45.99708996421756,4.011944130717168,H2,other,A0637,14:00,P2,medium,1.5,vsl_required,2026-05-18 14:15:00,855,14:15,25,2026-05-18 14:40:00,880,14:40,25,1,35,8.704,12.43,8.704,H2,8.704,1,catchment_near_assigned_hospital,12,assumption_to_validate,Renaison other: assumed 36/day.
P96,HOME_P96,46.07093233677365,4.008041859426598,H1,oncology,A0225,11:00,P1,high,2.0,prescription_medicale,2026-05-18 11:15:00,675,11:15,180,2026-05-18 14:15:00,855,14:15,15,1,25,6.7,9.57,6.7,H3,6.646,1,catchment_near_assigned_hospital,10,observed_user_table,CH Roanne chemotherapy: 30/day.
P97,HOME_P97,46.06806176879512,4.102602283028066,H1,dialysis,A0003,08:00,P1,high,2.0,prescription_medicale,2026-05-18 08:00:00,480,08:00,240,2026-05-18 12:00:00,720,12:00,15,1,25,3.539,5.06,3.539,H1,3.539,1,catchment_near_assigned_hospital,8,observed_user_table,"CH Roanne dialysis: 53/day. 26 morning, 23 noon, 4 evening."
P98,HOME_P98,46.038649782088655,3.9933138408905005,H1,oncology,A0204,08:00,P1,high,2.0,prescription_medicale,2026-05-18 08:25:00,505,08:25,170,2026-05-18 11:15:00,675,11:15,15,1,25,7.925,11.32,7.925,H2,7.348,1,catchment_near_assigned_hospital,10,observed_user_table,CH Roanne chemotherapy: 30/day.
P99,HOME_P99,46.08459679792204,4.0291232332071205,H2,oncology,A0549,08:00,P1,high,2.0,vsl_required,2026-05-18 08:00:00,480,08:00,155,2026-05-18 10:35:00,635,10:35,15,1,25,6.623,9.46,6.623,H1,6.048,1,catchment_near_assigned_hospital,10,assumption_to_validate,Renaison oncology: assumed 16/day.
P100,HOME_P100,46.063843139048565,4.015659492202675,H2,other,A0588,08:30,P2,medium,1.5,standard_assis,2026-05-18 09:30:00,570,09:30,25,2026-05-18 09:55:00,595,09:55,25,1,35,5.713,8.16,5.713,H3,5.583,1,catchment_near_assigned_hospital,12,assumption_to_validate,Renaison other: assumed 36/day.
P101,HOME_P101,46.09371124534928,4.136542738775639,H1,other,A0320,10:30,P2,medium,1.5,standard_assis,2026-05-18 10:50:00,650,10:50,60,2026-05-18 11:50:00,710,11:50,25,1,35,8.333,11.9,8.333,H1,8.333,1,catchment_near_assigned_hospital,12,observed_user_table,CH Roanne other: 49/day.
P102,HOME_P102,45.947077285168504,4.117319756443228,H2,other,A0678,16:30,P2,medium,1.5,standard_assis,2026-05-18 17:10:00,1030,17:10,30,2026-05-18 17:40:00,1060,17:40,25,1,35,14.486,20.69,14.486,H2,14.486,1,catchment_near_assigned_hospital,12,assumption_to_validate,Renaison other: assumed 36/day.
P103,HOME_P103,46.11881770862717,4.0175352228528185,H2,other,A0595,08:30,P2,medium,1.5,standard_assis,2026-05-18 08:40:00,520,08:40,25,2026-05-18 09:05:00,545,09:05,25,1,35,11.301,16.14,11.301,H1,10.546,1,catchment_near_assigned_hospital,12,assumption_to_validate,Renaison other: assumed 36/day.
P104,HOME_P104,46.12506681141426,4.060071823084378,H1,other,A0351,10:30,P2,medium,1.5,prescription_medicale,2026-05-18 10:40:00,640,10:40,75,2026-05-18 11:55:00,715,11:55,25,1,35,10.049,14.36,10.049,H1,10.049,1,catchment_near_assigned_hospital,12,observed_user_table,CH Roanne other: 49/day.
P105,HOME_P105,45.963299383589586,4.1193864656809005,H2,oncology,A0535,08:00,P1,high,2.0,standard_assis,2026-05-18 08:05:00,485,08:05,290,2026-05-18 12:55:00,775,12:55,15,1,25,12.451,17.79,12.451,H2,12.451,1,catchment_near_assigned_hospital,10,assumption_to_validate,Renaison oncology: assumed 16/day.
P106,HOME_P106,45.98560508183292,4.094211145377599,H1,dialysis,A0112,13:00,P1,high,2.0,vsl_required,2026-05-18 13:25:00,805,13:25,240,2026-05-18 17:25:00,1045,17:25,15,1,25,9.636,13.77,9.636,H2,8.706,1,catchment_near_assigned_hospital,8,observed_user_table,"CH Roanne dialysis: 53/day. 26 morning, 23 noon, 4 evening."
P107,HOME_P107,46.12089175161438,4.095409584941244,H1,dialysis,A0114,13:00,P1,high,2.0,vsl_required,2026-05-18 13:15:00,795,13:15,240,2026-05-18 17:15:00,1035,17:15,15,1,25,9.647,13.78,9.647,H1,9.647,1,catchment_near_assigned_hospital,8,observed_user_table,"CH Roanne dialysis: 53/day. 26 morning, 23 noon, 4 evening."
P108,HOME_P108,46.018994437198124,4.142316124480372,H2,dialysis,A0510,13:00,P1,high,2.0,vsl_required,2026-05-18 13:15:00,795,13:15,270,2026-05-18 17:45:00,1065,17:45,15,1,25,8.006,11.44,8.006,H2,8.006,1,catchment_near_assigned_hospital,8,assumption_to_validate,Renaison dialysis: assumed 30/day.
P109,HOME_P109,46.044863504700466,4.061170839210002,H2,dialysis,A0484,13:00,P1,high,2.0,vsl_required,2026-05-18 13:25:00,805,13:25,255,2026-05-18 17:40:00,1060,17:40,15,1,25,0.745,5.0,0.745,H2,0.745,1,catchment_near_assigned_hospital,8,assumption_to_validate,Renaison dialysis: assumed 30/day.
P110,HOME_P110,46.050920108936324,3.9695993394038593,H2,dialysis,A0475,08:00,P1,high,2.0,vsl_required,2026-05-18 08:05:00,485,08:05,235,2026-05-18 12:00:00,720,12:00,15,1,25,9.597,13.71,9.597,H2,9.597,1,catchment_near_assigned_hospital,8,assumption_to_validate,Renaison dialysis: assumed 30/day.
P111,HOME_P111,46.101169203527974,4.027002463679889,H2,dialysis,A0509,13:00,P1,high,2.0,vsl_required,2026-05-18 13:35:00,815,13:35,210,2026-05-18 17:05:00,1025,17:05,15,1,25,8.7,12.43,8.7,H1,7.98,1,catchment_near_assigned_hospital,8,assumption_to_validate,Renaison dialysis: assumed 30/day.
P112,HOME_P112,46.09509571708131,4.002363872724766,H2,oncology,A0539,08:00,P1,high,2.0,vsl_required,2026-05-18 08:45:00,525,08:45,310,2026-05-18 13:55:00,835,13:55,15,1,25,9.39,13.41,9.39,H1,8.93,1,catchment_near_assigned_hospital,10,assumption_to_validate,Renaison oncology: assumed 16/day.
P113,HOME_P113,46.033510409992566,4.087503163822632,H2,dialysis,A0467,08:00,P1,high,2.0,prescription_medicale,2026-05-18 08:55:00,535,08:55,230,2026-05-18 12:45:00,765,12:45,15,1,25,2.475,5.0,2.475,H2,2.475,1,catchment_near_assigned_hospital,8,assumption_to_validate,Renaison dialysis: assumed 30/day.
P114,HOME_P114,46.054792052179785,4.069241741735797,H2,dialysis,A0521,17:00,P1,high,2.0,vsl_required,2026-05-18 17:50:00,1070,17:50,215,2026-05-18 21:25:00,1285,21:25,15,1,25,1.264,5.0,1.264,H1,0.393,1,catchment_near_assigned_hospital,8,assumption_to_validate,Renaison dialysis: assumed 30/day.
P115,HOME_P115,46.106787944216066,4.0789750981587005,H2,other,A0573,08:30,P2,medium,1.5,vsl_required,2026-05-18 09:55:00,595,09:55,30,2026-05-18 10:25:00,625,10:25,25,1,35,8.547,12.21,8.547,H1,7.459,1,catchment_near_assigned_hospital,12,assumption_to_validate,Renaison other: assumed 36/day.
P116,HOME_P116,46.10725516943405,4.105270654949081,H2,oncology,A0525,08:00,P1,high,2.0,vsl_required,2026-05-18 08:05:00,485,08:05,150,2026-05-18 10:35:00,635,10:35,15,1,25,9.25,13.21,9.25,H1,8.13,1,catchment_near_assigned_hospital,10,assumption_to_validate,Renaison oncology: assumed 16/day.
P117,HOME_P117,46.039929094707496,4.190000075196723,H1,oncology,A0245,14:00,P1,high,2.0,vsl_required,2026-05-18 14:00:00,840,14:00,165,2026-05-18 16:45:00,1005,16:45,15,1,25,11.468,16.38,11.468,H1,11.468,1,catchment_near_assigned_hospital,10,observed_user_table,CH Roanne chemotherapy: 30/day.
P118,HOME_P118,46.013816499549264,4.088727924440095,H1,dialysis,A0140,13:00,P1,high,2.0,vsl_required,2026-05-18 13:25:00,805,13:25,240,2026-05-18 17:25:00,1045,17:25,15,1,25,5.702,8.15,5.702,H2,4.831,1,catchment_near_assigned_hospital,8,observed_user_table,"CH Roanne dialysis: 53/day. 26 morning, 23 noon, 4 evening."
P119,HOME_P119,46.06146672082983,4.064988743912221,H1,dialysis,A0013,08:00,P1,high,2.0,vsl_required,2026-05-18 08:55:00,535,08:55,240,2026-05-18 12:55:00,775,12:55,15,1,25,1.357,5.0,1.357,H1,1.357,1,catchment_near_assigned_hospital,8,observed_user_table,"CH Roanne dialysis: 53/day. 26 morning, 23 noon, 4 evening."
P120,HOME_P120,46.12132257988416,4.2136162385406,H1,external,A0407,09:30,P3,low,1.0,premium,2026-05-18 10:45:00,645,10:45,30,2026-05-18 11:15:00,675,11:15,35,1,45,16.551,23.64,16.551,H1,16.551,1,catchment_near_assigned_hospital,18,computed_from_user_table,External visits: 75/day * 15% using fleet.
P121,HOME_P121,45.9871095477062,4.143765141888798,H1,other,A0266,08:30,P2,medium,1.5,standard_assis,2026-05-18 09:15:00,555,09:15,85,2026-05-18 10:40:00,640,10:40,25,1,35,11.476,16.39,11.476,H2,10.894,1,catchment_near_assigned_hospital,12,observed_user_table,CH Roanne other: 49/day.
P122,HOME_P122,46.07615094868135,4.183679321497997,H1,oncology,A0237,11:00,P1,high,2.0,vsl_required,2026-05-18 11:45:00,705,11:45,175,2026-05-18 14:40:00,880,14:40,15,1,25,11.164,15.95,11.164,H1,11.164,1,catchment_near_assigned_hospital,10,observed_user_table,CH Roanne chemotherapy: 30/day.
P123,HOME_P123,45.9890108006298,4.1287411318086145,H2,other,A0648,14:00,P2,medium,1.5,prescription_medicale,2026-05-18 14:40:00,880,14:40,40,2026-05-18 15:20:00,920,15:20,25,1,35,9.775,13.96,9.775,H2,9.775,1,catchment_near_assigned_hospital,12,assumption_to_validate,Renaison other: assumed 36/day.
P124,HOME_P124,46.07766766795836,3.9987764196751154,H1,oncology,A0187,08:00,P1,high,2.0,vsl_required,2026-05-18 08:10:00,490,08:10,150,2026-05-18 10:40:00,640,10:40,15,1,25,7.893,11.28,7.893,H3,7.872,1,catchment_near_assigned_hospital,10,observed_user_table,CH Roanne chemotherapy: 30/day.
P125,HOME_P125,46.014305488870875,4.022550910111009,H1,dialysis,A0033,08:00,P1,high,2.0,vsl_required,2026-05-18 08:30:00,510,08:30,240,2026-05-18 12:30:00,750,12:30,15,1,25,7.266,10.38,7.266,H2,6.242,1,catchment_near_assigned_hospital,8,observed_user_table,"CH Roanne dialysis: 53/day. 26 morning, 23 noon, 4 evening."
P126,HOME_P126,46.060943325698396,3.994364118184682,H1,dialysis,A0074,08:00,P1,high,2.0,prescription_medicale,2026-05-18 08:10:00,490,08:10,240,2026-05-18 12:10:00,730,12:10,15,1,25,7.63,10.9,7.63,H3,7.452,1,catchment_near_assigned_hospital,8,observed_user_table,"CH Roanne dialysis: 53/day. 26 morning, 23 noon, 4 evening."
P127,HOME_P127,46.01416299982482,4.027947825751602,H2,dialysis,A0498,13:00,P1,high,2.0,vsl_required,2026-05-18 13:00:00,780,13:00,215,2026-05-18 16:35:00,995,16:35,15,1,25,5.895,8.42,5.895,H2,5.895,1,catchment_near_assigned_hospital,8,assumption_to_validate,Renaison dialysis: assumed 30/day.
P128,HOME_P128,46.012389062257995,4.0752353854976375,H1,dialysis,A0099,13:00,P1,high,2.0,vsl_required,2026-05-18 13:30:00,810,13:30,240,2026-05-18 17:30:00,1050,17:30,15,1,25,5.692,8.13,5.692,H2,4.671,1,catchment_near_assigned_hospital,8,observed_user_table,"CH Roanne dialysis: 53/day. 26 morning, 23 noon, 4 evening."
P129,HOME_P129,46.06534928723214,4.198955647443653,H1,other,A0313,10:30,P2,medium,1.5,standard_assis,2026-05-18 11:55:00,715,11:55,80,2026-05-18 13:15:00,795,13:15,25,1,35,12.292,17.56,12.292,H1,12.292,1,catchment_near_assigned_hospital,12,observed_user_table,CH Roanne other: 49/day.
P130,HOME_P130,46.015849467630126,3.9645726959886307,H1,oncology,A0189,08:00,P1,high,2.0,prescription_medicale,2026-05-18 08:30:00,510,08:30,180,2026-05-18 11:30:00,690,11:30,15,1,25,11.66,16.66,11.66,H2,10.88,1,catchment_near_assigned_hospital,10,observed_user_table,CH Roanne chemotherapy: 30/day.
P131,HOME_P131,46.08504926742544,4.089691513685852,H2,oncology,A0537,08:00,P1,high,2.0,vsl_required,2026-05-18 08:50:00,530,08:50,95,2026-05-18 10:25:00,625,10:25,15,1,25,5.829,8.33,5.829,H1,4.707,1,catchment_near_assigned_hospital,10,assumption_to_validate,Renaison oncology: assumed 16/day.
P132,HOME_P132,46.020309142905305,4.105142823871111,H1,dialysis,A0049,08:00,P1,high,2.0,vsl_required,2026-05-18 08:55:00,535,08:55,240,2026-05-18 12:55:00,775,12:55,15,1,25,5.552,7.93,5.552,H2,4.975,1,catchment_near_assigned_hospital,8,observed_user_table,"CH Roanne dialysis: 53/day. 26 morning, 23 noon, 4 evening."
P133,HOME_P133,46.08620420174169,3.987658910509961,H2,dialysis,A0460,08:00,P1,high,2.0,vsl_required,2026-05-18 08:20:00,500,08:20,265,2026-05-18 12:45:00,765,12:45,15,1,25,9.64,13.77,9.64,H1,9.39,1,catchment_near_assigned_hospital,8,assumption_to_validate,Renaison dialysis: assumed 30/day.
P134,HOME_P134,45.95900128826151,4.0102694306677105,H2,other,A0665,16:30,P2,medium,1.5,standard_assis,2026-05-18 17:30:00,1050,17:30,40,2026-05-18 18:10:00,1090,18:10,25,1,35,13.31,19.01,13.31,H2,13.31,1,catchment_near_assigned_hospital,12,assumption_to_validate,Renaison other: assumed 36/day.
P135,HOME_P135,46.02383312274004,4.135528529516842,H1,dialysis,A0051,08:00,P1,high,2.0,prescription_medicale,2026-05-18 08:45:00,525,08:45,240,2026-05-18 12:45:00,765,12:45,15,1,25,7.316,10.45,7.316,H2,7.12,1,catchment_near_assigned_hospital,8,observed_user_table,"CH Roanne dialysis: 53/day. 26 morning, 23 noon, 4 evening."
P136,HOME_P136,46.11555436950176,4.023745973376349,H1,other,A0322,10:30,P2,medium,1.5,vsl_required,2026-05-18 10:45:00,645,10:45,60,2026-05-18 11:45:00,705,11:45,25,1,35,9.856,14.08,9.856,H1,9.856,1,catchment_near_assigned_hospital,12,observed_user_table,CH Roanne other: 49/day.
P137,HOME_P137,46.05323231263052,4.172655083568332,H1,dialysis,A0031,08:00,P1,high,2.0,vsl_required,2026-05-18 08:55:00,535,08:55,240,2026-05-18 12:55:00,775,12:55,15,1,25,9.642,13.77,9.642,H1,9.642,1,catchment_near_assigned_hospital,8,observed_user_table,"CH Roanne dialysis: 53/day. 26 morning, 23 noon, 4 evening."
P138,HOME_P138,46.130473083328305,4.077106563516308,H1,oncology,A0244,14:00,P1,high,2.0,standard_assis,2026-05-18 14:30:00,870,14:30,160,2026-05-18 17:10:00,1030,17:10,15,1,25,10.735,15.34,10.735,H1,10.735,1,catchment_near_assigned_hospital,10,observed_user_table,CH Roanne chemotherapy: 30/day.
P139,HOME_P139,46.119951541093386,4.156870558088444,H2,other,A0631,10:30,P2,medium,1.5,standard_assis,2026-05-18 11:10:00,670,11:10,25,2026-05-18 11:35:00,695,11:35,25,1,35,13.364,19.09,13.364,H1,12.315,1,catchment_near_assigned_hospital,12,assumption_to_validate,Renaison other: assumed 36/day.
P140,HOME_P140,46.128769618770065,4.108073242288229,H2,oncology,A0553,13:00,P1,high,2.0,vsl_required,2026-05-18 13:45:00,825,13:45,150,2026-05-18 16:15:00,975,16:15,15,1,25,12.151,17.36,12.151,H1,11.03,1,catchment_near_assigned_hospital,10,assumption_to_validate,Renaison oncology: assumed 16/day.
P141,HOME_P141,45.981962936021006,4.049997381619808,H2,dialysis,A0513,13:00,P1,high,2.0,prescription_medicale,2026-05-18 13:10:00,790,13:10,215,2026-05-18 16:45:00,1005,16:45,15,1,25,9.043,12.92,9.043,H2,9.043,1,catchment_near_assigned_hospital,8,assumption_to_validate,Renaison dialysis: assumed 30/day.
P142,HOME_P142,46.06742708970101,4.158814250469127,H1,oncology,A0181,08:00,P1,high,2.0,prescription_medicale,2026-05-18 08:50:00,530,08:50,155,2026-05-18 11:25:00,685,11:25,15,1,25,8.534,12.19,8.534,H1,8.534,1,catchment_near_assigned_hospital,10,observed_user_table,CH Roanne chemotherapy: 30/day.
P143,HOME_P143,45.99336059749126,4.091271117230378,H1,other,A0381,14:00,P2,medium,1.5,prescription_medicale,2026-05-18 15:20:00,920,15:20,85,2026-05-18 16:45:00,1005,16:45,25,1,35,8.522,12.17,8.522,H2,7.591,1,catchment_near_assigned_hospital,12,observed_user_table,CH Roanne other: 49/day.
P144,HOME_P144,46.05939872426927,4.010184143603029,H3,dialysis,A0721,13:00,P1,high,2.0,prescription_medicale,2026-05-18 13:40:00,820,13:40,220,2026-05-18 17:20:00,1040,17:20,15,1,25,5.916,8.45,5.916,H3,5.916,1,catchment_near_assigned_hospital,8,assumption_to_validate,Third dialysis center: assumed 24/day.
P145,HOME_P145,45.95232348240961,4.059569833775485,H1,other,A0395,16:00,P2,medium,1.5,prescription_medicale,2026-05-18 16:45:00,1005,16:45,100,2026-05-18 18:25:00,1105,18:25,25,1,35,14.092,20.13,14.092,H2,13.009,1,catchment_near_assigned_hospital,12,observed_user_table,CH Roanne other: 49/day.
P146,HOME_P146,45.97241231789916,3.989964557409728,H1,other,A0294,08:30,P2,medium,1.5,prescription_medicale,2026-05-18 09:05:00,545,09:05,115,2026-05-18 11:00:00,660,11:00,25,1,35,13.791,19.7,13.791,H2,12.716,1,catchment_near_assigned_hospital,12,observed_user_table,CH Roanne other: 49/day.
P147,HOME_P147,46.08376039402498,4.090059338922629,H2,dialysis,A0447,08:00,P1,high,2.0,vsl_required,2026-05-18 08:25:00,505,08:25,245,2026-05-18 12:30:00,750,12:30,15,1,25,5.674,8.11,5.674,H1,4.553,1,catchment_near_assigned_hospital,8,assumption_to_validate,Renaison dialysis: assumed 30/day.
P148,HOME_P148,46.01154887046008,4.048542093822844,H3,dialysis,A0691,08:00,P1,high,2.0,prescription_medicale,2026-05-18 08:05:00,485,08:05,270,2026-05-18 12:35:00,755,12:35,15,1,25,5.732,8.19,5.732,H2,5.134,1,catchment_near_assigned_hospital,8,assumption_to_validate,Third dialysis center: assumed 24/day.
P149,HOME_P149,46.02899684490644,4.029939227115092,H1,other,A0375,14:00,P2,medium,1.5,standard_assis,2026-05-18 14:55:00,895,14:55,105,2026-05-18 16:40:00,1000,16:40,25,1,35,5.332,7.62,5.332,H2,4.41,1,catchment_near_assigned_hospital,12,observed_user_table,CH Roanne other: 49/day.
P150,HOME_P150,45.93883535650594,3.916833301663473,H1,external,A0405,09:30,P3,low,1.0,standard_assis,2026-05-18 09:50:00,590,09:50,25,2026-05-18 10:15:00,615,10:15,35,1,57,21.901,31.29,21.901,H2,20.88,1,catchment_near_assigned_hospital,18,computed_from_user_table,External visits: 75/day * 15% using fleet.
P151,HOME_P151,46.057241020620474,4.1554057947611955,H3,dialysis,A0733,13:00,P1,high,2.0,prescription_medicale,2026-05-18 13:35:00,815,13:35,230,2026-05-18 17:25:00,1045,17:25,15,1,25,8.299,11.86,8.299,H1,7.996,1,catchment_near_assigned_hospital,8,assumption_to_validate,Third dialysis center: assumed 24/day.
P152,HOME_P152,45.95684004504377,4.082783877485846,H1,other,A0357,14:00,P2,medium,1.5,standard_assis,2026-05-18 15:05:00,905,15:05,95,2026-05-18 16:40:00,1000,16:40,25,1,35,13.443,19.2,13.443,H2,12.425,1,catchment_near_assigned_hospital,12,observed_user_table,CH Roanne other: 49/day.
P153,HOME_P153,46.06496365888195,4.12738716350116,H1,dialysis,A0070,08:00,P1,high,2.0,prescription_medicale,2026-05-18 08:35:00,515,08:35,240,2026-05-18 12:35:00,755,12:35,15,1,25,5.518,7.88,5.518,H1,5.518,1,catchment_near_assigned_hospital,8,observed_user_table,"CH Roanne dialysis: 53/day. 26 morning, 23 noon, 4 evening."
P154,HOME_P154,46.04148816178647,4.044959716886381,H2,dialysis,A0503,13:00,P1,high,2.0,vsl_required,2026-05-18 13:05:00,785,13:05,255,2026-05-18 17:20:00,1040,17:20,15,1,25,2.373,5.0,2.373,H2,2.373,1,catchment_near_assigned_hospital,8,assumption_to_validate,Renaison dialysis: assumed 30/day.
P155,HOME_P155,46.10052893151963,4.191291668452247,H2,other,A0605,08:30,P2,medium,1.5,vsl_required,2026-05-18 09:45:00,585,09:45,35,2026-05-18 10:20:00,620,10:20,25,1,35,14.056,20.08,14.056,H1,13.185,1,catchment_near_assigned_hospital,12,assumption_to_validate,Renaison other: assumed 36/day.
P156,HOME_P156,45.98594705425557,4.065705950829515,H1,dialysis,A0059,08:00,P1,high,2.0,vsl_required,2026-05-18 08:05:00,485,08:05,240,2026-05-18 12:05:00,725,12:05,15,1,25,9.386,13.41,9.386,H2,8.311,1,catchment_near_assigned_hospital,8,observed_user_table,"CH Roanne dialysis: 53/day. 26 morning, 23 noon, 4 evening."
P157,HOME_P157,46.0228028841826,4.129433374210266,H3,dialysis,A0692,08:00,P1,high,2.0,prescription_medicale,2026-05-18 08:45:00,525,08:45,230,2026-05-18 12:35:00,755,12:35,15,1,25,6.869,9.81,6.869,H2,6.66,1,catchment_near_assigned_hospital,8,assumption_to_validate,Third dialysis center: assumed 24/day.
P158,HOME_P158,46.04104914519457,4.123908106927319,H1,oncology,A0228,11:00,P1,high,2.0,vsl_required,2026-05-18 11:55:00,715,11:55,175,2026-05-18 14:50:00,890,14:50,15,1,25,5.225,7.46,5.225,H1,5.225,1,catchment_near_assigned_hospital,10,observed_user_table,CH Roanne chemotherapy: 30/day.
P159,HOME_P159,45.97538755020335,4.021200413546776,H1,oncology,A0242,14:00,P1,high,2.0,standard_assis,2026-05-18 14:40:00,880,14:40,165,2026-05-18 17:25:00,1045,17:25,15,1,25,11.916,17.02,11.916,H2,10.799,1,catchment_near_assigned_hospital,10,observed_user_table,CH Roanne chemotherapy: 30/day.
P160,HOME_P160,46.106788335939925,4.075833481911069,H2,dialysis,A0522,17:00,P1,high,2.0,prescription_medicale,2026-05-18 17:45:00,1065,17:45,240,2026-05-18 21:45:00,1305,21:45,15,1,25,8.518,12.17,8.518,H1,7.441,1,catchment_near_assigned_hospital,8,assumption_to_validate,Renaison dialysis: assumed 30/day.
P161,HOME_P161,46.02853845778036,4.096563665599654,H2,dialysis,A0440,08:00,P1,high,2.0,prescription_medicale,2026-05-18 08:15:00,495,08:15,210,2026-05-18 11:45:00,705,11:45,15,1,25,3.587,5.12,3.587,H2,3.587,1,catchment_near_assigned_hospital,8,assumption_to_validate,Renaison dialysis: assumed 30/day.
P162,HOME_P162,46.06522550193808,3.9687584067974955,H1,oncology,A0246,14:00,P1,high,2.0,standard_assis,2026-05-18 14:55:00,895,14:55,155,2026-05-18 17:30:00,1050,17:30,15,1,25,10.161,14.52,10.161,H3,9.992,1,catchment_near_assigned_hospital,10,observed_user_table,CH Roanne chemotherapy: 30/day.
P163,HOME_P163,46.020640067021795,4.138660931072626,H1,dialysis,A0143,13:00,P1,high,2.0,vsl_required,2026-05-18 13:45:00,825,13:45,240,2026-05-18 17:45:00,1065,17:45,15,1,25,7.818,11.17,7.818,H2,7.588,1,catchment_near_assigned_hospital,8,observed_user_table,"CH Roanne dialysis: 53/day. 26 morning, 23 noon, 4 evening."
P164,HOME_P164,46.02114715270253,3.9632805054869227,H2,other,A0610,10:30,P2,medium,1.5,standard_assis,2026-05-18 11:35:00,695,11:35,35,2026-05-18 12:10:00,730,12:10,25,1,35,10.739,15.34,10.739,H2,10.739,1,catchment_near_assigned_hospital,12,assumption_to_validate,Renaison other: assumed 36/day.
P165,HOME_P165,46.05034377927703,4.009523866116921,H1,dialysis,A0092,13:00,P1,high,2.0,vsl_required,2026-05-18 13:45:00,825,13:45,240,2026-05-18 17:45:00,1065,17:45,15,1,25,6.108,8.73,6.108,H2,5.755,1,catchment_near_assigned_hospital,8,observed_user_table,"CH Roanne dialysis: 53/day. 26 morning, 23 noon, 4 evening."
P166,HOME_P166,46.09613159043752,4.128035899476909,H3,dialysis,A0731,13:00,P1,high,2.0,vsl_required,2026-05-18 13:55:00,835,13:55,220,2026-05-18 17:35:00,1055,17:35,15,1,25,8.511,12.16,8.511,H1,7.994,1,catchment_near_assigned_hospital,8,assumption_to_validate,Third dialysis center: assumed 24/day.
P167,HOME_P167,46.05792258578934,4.053888345881426,H2,dialysis,A0465,08:00,P1,high,2.0,vsl_required,2026-05-18 08:00:00,480,08:00,210,2026-05-18 11:30:00,690,11:30,15,1,25,2.226,5.0,2.226,H3,1.905,1,catchment_near_assigned_hospital,8,assumption_to_validate,Renaison dialysis: assumed 30/day.
P168,HOME_P168,46.03760378671461,4.080105406839505,H1,other,A0272,08:30,P2,medium,1.5,standard_assis,2026-05-18 09:20:00,560,09:20,70,2026-05-18 10:30:00,630,10:30,25,1,35,2.296,5.0,2.296,H2,1.567,1,catchment_near_assigned_hospital,12,observed_user_table,CH Roanne other: 49/day.
P169,HOME_P169,45.9773588047625,4.123703214150629,H2,other,A0655,14:00,P2,medium,1.5,standard_assis,2026-05-18 15:00:00,900,15:00,25,2026-05-18 15:25:00,925,15:25,25,1,35,10.878,15.54,10.878,H2,10.878,1,catchment_near_assigned_hospital,12,assumption_to_validate,Renaison other: assumed 36/day.
P170,HOME_P170,45.987482886772696,4.147384109646455,H1,other,A0314,10:30,P2,medium,1.5,standard_assis,2026-05-18 10:35:00,635,10:35,100,2026-05-18 12:15:00,735,12:15,25,1,35,11.647,16.64,11.647,H2,11.091,1,catchment_near_assigned_hospital,12,observed_user_table,CH Roanne other: 49/day.
P171,HOME_P171,46.07349366497222,3.9896406504640645,H1,dialysis,A0142,13:00,P1,high,2.0,prescription_medicale,2026-05-18 13:35:00,815,13:35,240,2026-05-18 17:35:00,1055,17:35,15,1,25,8.488,12.13,8.488,H3,8.41,1,catchment_near_assigned_hospital,8,observed_user_table,"CH Roanne dialysis: 53/day. 26 morning, 23 noon, 4 evening."
P172,HOME_P172,46.00407082699961,4.102876676415598,H3,dialysis,A0704,08:00,P1,high,2.0,vsl_required,2026-05-18 08:40:00,520,08:40,260,2026-05-18 13:00:00,780,13:00,15,1,25,7.129,10.18,7.129,H2,6.656,1,catchment_near_assigned_hospital,8,assumption_to_validate,Third dialysis center: assumed 24/day.
P173,HOME_P173,46.09161942046864,3.9571535385968275,H1,other,A0309,10:30,P2,medium,1.5,standard_assis,2026-05-18 11:35:00,695,11:35,115,2026-05-18 13:30:00,810,13:30,25,1,35,12.349,17.64,12.349,H3,12.324,1,catchment_near_assigned_hospital,12,observed_user_table,CH Roanne other: 49/day.
P174,HOME_P174,46.06760805004353,3.9346972168267427,H2,other,A0616,10:30,P2,medium,1.5,standard_assis,2026-05-18 11:45:00,705,11:45,35,2026-05-18 12:20:00,740,12:20,25,1,35,13.288,18.98,13.288,H3,13.278,1,catchment_near_assigned_hospital,12,assumption_to_validate,Renaison other: assumed 36/day.
P175,HOME_P175,45.98819908622674,4.118443063721893,H2,dialysis,A0458,08:00,P1,high,2.0,vsl_required,2026-05-18 08:15:00,495,08:15,250,2026-05-18 12:25:00,745,12:25,15,1,25,9.319,13.31,9.319,H2,9.319,1,catchment_near_assigned_hospital,8,assumption_to_validate,Renaison dialysis: assumed 30/day.
P176,HOME_P176,46.02168086034229,4.1101007279688675,H2,oncology,A0546,08:00,P1,high,2.0,prescription_medicale,2026-05-18 08:35:00,515,08:35,275,2026-05-18 13:10:00,790,13:10,15,1,25,5.199,7.43,5.199,H2,5.199,1,catchment_near_assigned_hospital,10,assumption_to_validate,Renaison oncology: assumed 16/day.
P177,HOME_P177,46.0933730917922,4.074592786031313,H2,dialysis,A0439,08:00,P1,high,2.0,vsl_required,2026-05-18 08:00:00,480,08:00,265,2026-05-18 12:25:00,745,12:25,15,1,25,6.65,9.5,6.65,H1,5.573,1,catchment_near_assigned_hospital,8,assumption_to_validate,Renaison dialysis: assumed 30/day.
P178,HOME_P178,46.0755644941349,4.013870326088236,H1,dialysis,A0154,17:00,P1,high,2.0,vsl_required,2026-05-18 17:45:00,1065,17:45,240,2026-05-18 21:45:00,1305,21:45,15,1,25,6.463,9.23,6.463,H1,6.463,1,catchment_near_assigned_hospital,8,observed_user_table,"CH Roanne dialysis: 53/day. 26 morning, 23 noon, 4 evening."
P179,HOME_P179,46.05032724015523,4.026926957002279,H2,dialysis,A0483,13:00,P1,high,2.0,vsl_required,2026-05-18 13:15:00,795,13:15,220,2026-05-18 16:55:00,1015,16:55,15,1,25,4.09,5.84,4.09,H2,4.09,1,catchment_near_assigned_hospital,8,assumption_to_validate,Renaison dialysis: assumed 30/day.
P180,HOME_P180,46.121083633115326,4.162299039333879,H2,other,A0676,16:30,P2,medium,1.5,prescription_medicale,2026-05-18 16:30:00,990,16:30,25,2026-05-18 16:55:00,1015,16:55,25,1,35,13.822,19.75,13.822,H1,12.782,1,catchment_near_assigned_hospital,12,assumption_to_validate,Renaison other: assumed 36/day.
P181,HOME_P181,46.014488846797555,4.157205377697514,H2,other,A0607,08:30,P2,medium,1.5,standard_assis,2026-05-18 09:25:00,565,09:25,25,2026-05-18 09:50:00,590,09:50,25,1,35,9.571,13.67,9.571,H2,9.571,1,catchment_near_assigned_hospital,12,assumption_to_validate,Renaison other: assumed 36/day.
P182,HOME_P182,46.075083045612516,4.092819760429076,H2,dialysis,A0501,13:00,P1,high,2.0,vsl_required,2026-05-18 13:10:00,790,13:10,260,2026-05-18 17:30:00,1050,17:30,15,1,25,4.695,6.71,4.695,H1,3.596,1,catchment_near_assigned_hospital,8,assumption_to_validate,Renaison dialysis: assumed 30/day.
P183,HOME_P183,46.072037030249575,3.993792730241959,H1,dialysis,A0068,08:00,P1,high,2.0,vsl_required,2026-05-18 08:35:00,515,08:35,240,2026-05-18 12:35:00,755,12:35,15,1,25,8.043,11.49,8.043,H3,7.963,1,catchment_near_assigned_hospital,8,observed_user_table,"CH Roanne dialysis: 53/day. 26 morning, 23 noon, 4 evening."
P184,HOME_P184,46.007398313600085,4.068339789564856,H2,dialysis,A0437,08:00,P1,high,2.0,vsl_required,2026-05-18 08:55:00,535,08:55,255,2026-05-18 13:10:00,790,13:10,15,1,25,5.324,7.61,5.324,H2,5.324,1,catchment_near_assigned_hospital,8,assumption_to_validate,Renaison dialysis: assumed 30/day.
P185,HOME_P185,46.070305329383274,4.167478768489806,H1,dialysis,A0055,08:00,P1,high,2.0,vsl_required,2026-05-18 08:25:00,505,08:25,240,2026-05-18 12:25:00,745,12:25,15,1,25,9.442,13.49,9.442,H1,9.442,1,catchment_near_assigned_hospital,8,observed_user_table,"CH Roanne dialysis: 53/day. 26 morning, 23 noon, 4 evening."
P186,HOME_P186,46.02744203908907,4.032209372729173,H1,oncology,A0236,11:00,P1,high,2.0,vsl_required,2026-05-18 11:40:00,700,11:40,160,2026-05-18 14:20:00,860,14:20,15,1,25,5.308,7.58,5.308,H2,4.348,1,catchment_near_assigned_hospital,10,observed_user_table,CH Roanne chemotherapy: 30/day.
P187,HOME_P187,46.120110909190636,4.107263445367284,H1,dialysis,A0066,08:00,P1,high,2.0,vsl_required,2026-05-18 08:15:00,495,08:15,240,2026-05-18 12:15:00,735,12:15,15,1,25,9.866,14.09,9.866,H1,9.866,1,catchment_near_assigned_hospital,8,observed_user_table,"CH Roanne dialysis: 53/day. 26 morning, 23 noon, 4 evening."
P188,HOME_P188,46.055764093063395,4.140197133712806,H3,dialysis,A0710,08:00,P1,high,2.0,prescription_medicale,2026-05-18 08:10:00,490,08:10,230,2026-05-18 12:00:00,720,12:00,15,1,25,6.819,9.74,6.819,H1,6.52,1,catchment_near_assigned_hospital,8,assumption_to_validate,Third dialysis center: assumed 24/day.
P189,HOME_P189,46.111965258718094,4.058116201846088,H1,oncology,A0224,11:00,P1,high,2.0,vsl_required,2026-05-18 11:05:00,665,11:05,160,2026-05-18 13:45:00,825,13:45,15,1,25,8.274,11.82,8.274,H1,8.274,1,catchment_near_assigned_hospital,10,observed_user_table,CH Roanne chemotherapy: 30/day.
P190,HOME_P190,46.02099402826965,4.00315362611736,H2,oncology,A0569,15:00,P1,high,2.0,prescription_medicale,2026-05-18 15:50:00,950,15:50,280,2026-05-18 20:30:00,1230,20:30,15,1,25,7.205,10.29,7.205,H2,7.205,1,catchment_near_assigned_hospital,10,assumption_to_validate,Renaison oncology: assumed 16/day.
P191,HOME_P191,45.991192019345284,4.109612930903323,H3,dialysis,A0749,17:00,P1,high,2.0,vsl_required,2026-05-18 17:50:00,1070,17:50,240,2026-05-18 21:50:00,1310,21:50,15,1,25,9.024,12.89,9.024,H2,8.539,1,catchment_near_assigned_hospital,8,assumption_to_validate,Third dialysis center: assumed 24/day.
P192,HOME_P192,46.05110866219921,4.030872560419615,H1,oncology,A0172,08:00,P1,high,2.0,vsl_required,2026-05-18 08:35:00,515,08:35,170,2026-05-18 11:25:00,685,11:25,15,1,25,4.046,5.78,4.046,H2,3.735,1,catchment_near_assigned_hospital,10,observed_user_table,CH Roanne chemotherapy: 30/day.
P193,HOME_P193,46.06204670245275,4.094411019915217,H2,dialysis,A0494,13:00,P1,high,2.0,vsl_required,2026-05-18 13:20:00,800,13:20,250,2026-05-18 17:30:00,1050,17:30,15,1,25,3.356,5.0,3.356,H1,2.421,1,catchment_near_assigned_hospital,8,assumption_to_validate,Renaison dialysis: assumed 30/day.
P194,HOME_P194,46.01154315711639,4.055091763415513,H1,dialysis,A0069,08:00,P1,high,2.0,vsl_required,2026-05-18 08:10:00,490,08:10,240,2026-05-18 12:10:00,730,12:10,15,1,25,6.048,8.64,6.048,H2,4.928,1,catchment_near_assigned_hospital,8,observed_user_table,"CH Roanne dialysis: 53/day. 26 morning, 23 noon, 4 evening."
P195,HOME_P195,45.96996269099773,4.049665303814835,H2,other,A0598,08:30,P2,medium,1.5,prescription_medicale,2026-05-18 09:10:00,550,09:10,30,2026-05-18 09:40:00,580,09:40,25,1,35,10.688,15.27,10.688,H2,10.688,1,catchment_near_assigned_hospital,12,assumption_to_validate,Renaison other: assumed 36/day.
P196,HOME_P196,46.05120862958271,4.008038578744572,H1,other,A0352,14:00,P2,medium,1.5,standard_assis,2026-05-18 14:55:00,895,14:55,95,2026-05-18 16:30:00,990,16:30,25,1,35,6.244,8.92,6.244,H2,5.911,1,catchment_near_assigned_hospital,12,observed_user_table,CH Roanne other: 49/day.
P197,HOME_P197,46.03881052682099,4.065067500602986,H1,dialysis,A0156,17:00,P1,high,2.0,vsl_required,2026-05-18 17:30:00,1050,17:30,240,2026-05-18 21:30:00,1290,21:30,15,1,25,2.144,5.0,2.144,H2,1.023,1,catchment_near_assigned_hospital,8,observed_user_table,"CH Roanne dialysis: 53/day. 26 morning, 23 noon, 4 evening."
P198,HOME_P198,46.05139287412,4.137639049546163,H2,oncology,A0557,13:00,P1,high,2.0,vsl_required,2026-05-18 13:00:00,780,13:00,165,2026-05-18 15:45:00,945,15:45,15,1,25,6.688,9.55,6.688,H1,6.27,1,catchment_near_assigned_hospital,10,assumption_to_validate,Renaison oncology: assumed 16/day.
P199,HOME_P199,46.10564503975489,4.12283530959184,H1,dialysis,A0134,13:00,P1,high,2.0,vsl_required,2026-05-18 13:55:00,835,13:55,240,2026-05-18 17:55:00,1075,17:55,15,1,25,8.735,12.48,8.735,H1,8.735,1,catchment_near_assigned_hospital,8,observed_user_table,"CH Roanne dialysis: 53/day. 26 morning, 23 noon, 4 evening."
P200,HOME_P200,46.078006918342325,4.038967446772856,H2,dialysis,A0438,08:00,P1,high,2.0,vsl_required,2026-05-18 08:10:00,490,08:10,260,2026-05-18 12:30:00,750,12:30,15,1,25,5.333,7.62,5.333,H1,4.73,1,catchment_near_assigned_hospital,8,assumption_to_validate,Renaison dialysis: assumed 30/day.
P201,HOME_P201,46.06243503211338,4.134114751129429,H1,dialysis,A0054,08:00,P1,high,2.0,vsl_required,2026-05-18 08:00:00,480,08:00,240,2026-05-18 12:00:00,720,12:00,15,1,25,6.058,8.65,6.058,H1,6.058,1,catchment_near_assigned_hospital,8,observed_user_table,"CH Roanne dialysis: 53/day. 26 morning, 23 noon, 4 evening."
P202,HOME_P202,46.009598949448396,4.1573563938733775,H1,oncology,A0226,11:00,P1,high,2.0,vsl_required,2026-05-18 11:40:00,700,11:40,180,2026-05-18 14:40:00,880,14:40,15,1,25,10.18,14.54,10.18,H2,9.91,1,catchment_near_assigned_hospital,10,observed_user_table,CH Roanne chemotherapy: 30/day.
P203,HOME_P203,46.14043160115073,4.11703696918879,H1,other,A0310,10:30,P2,medium,1.5,prescription_medicale,2026-05-18 10:40:00,640,10:40,100,2026-05-18 12:20:00,740,12:20,25,1,35,12.843,18.35,12.843,H1,12.843,1,catchment_near_assigned_hospital,12,observed_user_table,CH Roanne other: 49/day.
P204,HOME_P204,46.110796347797724,4.018575709538202,H1,dialysis,A0110,13:00,P1,high,2.0,prescription_medicale,2026-05-18 13:05:00,785,13:05,240,2026-05-18 17:05:00,1025,17:05,15,1,25,9.544,13.63,9.544,H1,9.544,1,catchment_near_assigned_hospital,8,observed_user_table,"CH Roanne dialysis: 53/day. 26 morning, 23 noon, 4 evening."
P205,HOME_P205,46.0692835388996,3.9607672450541287,H1,other,A0284,08:30,P2,medium,1.5,standard_assis,2026-05-18 09:15:00,555,09:15,100,2026-05-18 10:55:00,655,10:55,25,1,35,11.022,15.75,11.022,H3,10.871,1,catchment_near_assigned_hospital,12,observed_user_table,CH Roanne other: 49/day.
P206,HOME_P206,46.045830290379264,3.9678739833295227,H1,other,A0362,14:00,P2,medium,1.5,standard_assis,2026-05-18 14:15:00,855,14:15,100,2026-05-18 15:55:00,955,15:55,25,0,35,10.165,14.52,10.165,H2,9.737,1,catchment_near_assigned_hospital,12,observed_user_table,CH Roanne other: 49/day.
P207,HOME_P207,46.01170672933454,4.070881432961778,H1,dialysis,A0111,13:00,P1,high,2.0,vsl_required,2026-05-18 13:10:00,790,13:10,240,2026-05-18 17:10:00,1030,17:10,15,1,25,5.784,8.26,5.784,H2,4.729,1,catchment_near_assigned_hospital,8,observed_user_table,"CH Roanne dialysis: 53/day. 26 morning, 23 noon, 4 evening."
P208,HOME_P208,46.00500926532734,4.127515102831419,H3,dialysis,A0685,08:00,P1,high,2.0,vsl_required,2026-05-18 08:10:00,490,08:10,215,2026-05-18 11:45:00,705,11:45,15,1,25,8.361,11.94,8.361,H2,8.006,1,catchment_near_assigned_hospital,8,assumption_to_validate,Third dialysis center: assumed 24/day.
P209,HOME_P209,46.0122754168749,4.108108381571807,H2,oncology,A0564,13:00,P1,high,2.0,vsl_required,2026-05-18 13:10:00,790,13:10,275,2026-05-18 17:45:00,1065,17:45,15,1,25,5.998,8.57,5.998,H2,5.998,1,catchment_near_assigned_hospital,10,assumption_to_validate,Renaison oncology: assumed 16/day.
P210,HOME_P210,46.10256232083712,4.019063854654884,H1,oncology,A0220,11:00,P1,high,2.0,vsl_required,2026-05-18 11:10:00,670,11:10,175,2026-05-18 14:05:00,845,14:05,15,1,25,8.581,12.26,8.581,H1,8.581,1,catchment_near_assigned_hospital,10,observed_user_table,CH Roanne chemotherapy: 30/day.
P211,HOME_P211,46.03531259898622,4.0152462276840435,H1,other,A0271,08:30,P2,medium,1.5,prescription_medicale,2026-05-18 08:55:00,535,08:55,100,2026-05-18 10:35:00,635,10:35,25,1,35,6.081,8.69,6.081,H2,5.365,1,catchment_near_assigned_hospital,12,observed_user_table,CH Roanne other: 49/day.
P212,HOME_P212,46.065339923617096,4.165005304108123,H1,dialysis,A0137,13:00,P1,high,2.0,vsl_required,2026-05-18 13:25:00,805,13:25,240,2026-05-18 17:25:00,1045,17:25,15,1,25,9.059,12.94,9.059,H1,9.059,1,catchment_near_assigned_hospital,8,observed_user_table,"CH Roanne dialysis: 53/day. 26 morning, 23 noon, 4 evening."
P213,HOME_P213,46.01549824801109,4.018924860941137,H1,oncology,A0212,11:00,P1,high,2.0,prescription_medicale,2026-05-18 11:35:00,695,11:35,165,2026-05-18 14:20:00,860,14:20,15,1,25,7.385,10.55,7.385,H2,6.386,1,catchment_near_assigned_hospital,10,observed_user_table,CH Roanne chemotherapy: 30/day.
P214,HOME_P214,45.98729084949064,4.1858115425935285,H1,other,A0349,10:30,P2,medium,1.5,standard_assis,2026-05-18 10:30:00,630,10:30,90,2026-05-18 12:00:00,720,12:00,25,1,35,14.261,20.37,14.261,H2,13.91,1,catchment_near_assigned_hospital,12,observed_user_table,CH Roanne other: 49/day.
P215,HOME_P215,46.06423467732685,4.153291147449085,H3,dialysis,A0703,08:00,P1,high,2.0,vsl_required,2026-05-18 08:50:00,530,08:50,250,2026-05-18 13:00:00,780,13:00,15,1,25,8.274,11.82,8.274,H1,7.92,1,catchment_near_assigned_hospital,8,assumption_to_validate,Third dialysis center: assumed 24/day.
P216,HOME_P216,46.0356319279084,4.137460329963981,H2,oncology,A0543,08:00,P1,high,2.0,vsl_required,2026-05-18 08:35:00,515,08:35,250,2026-05-18 12:45:00,765,12:45,15,1,25,6.771,9.67,6.771,H1,6.713,1,catchment_near_assigned_hospital,10,assumption_to_validate,Renaison oncology: assumed 16/day.
P217,HOME_P217,46.036093810173426,4.165569212891243,H3,dialysis,A0750,17:00,P1,high,2.0,vsl_required,2026-05-18 17:35:00,1055,17:35,255,2026-05-18 21:50:00,1310,21:50,15,1,25,9.421,13.46,9.421,H1,9.273,1,catchment_near_assigned_hospital,8,assumption_to_validate,Third dialysis center: assumed 24/day.
P218,HOME_P218,46.03828148232637,4.007326941172611,H2,dialysis,A0506,13:00,P1,high,2.0,prescription_medicale,2026-05-18 13:00:00,780,13:00,270,2026-05-18 17:30:00,1050,17:30,15,1,25,6.02,8.6,6.02,H2,6.02,1,catchment_near_assigned_hospital,8,assumption_to_validate,Renaison dialysis: assumed 30/day.
P219,HOME_P219,46.14624392723712,4.113285645925206,H1,other,A0392,16:00,P2,medium,1.5,standard_assis,2026-05-18 16:05:00,965,16:05,90,2026-05-18 17:35:00,1055,17:35,25,1,35,13.498,19.28,13.498,H1,13.498,1,catchment_near_assigned_hospital,12,observed_user_table,CH Roanne other: 49/day.
P220,HOME_P220,45.9992912707907,4.027611318182435,H1,other,A0268,08:30,P2,medium,1.5,standard_assis,2026-05-18 08:30:00,510,08:30,75,2026-05-18 09:45:00,585,09:45,25,1,35,8.677,12.4,8.677,H2,7.577,1,catchment_near_assigned_hospital,12,observed_user_table,CH Roanne other: 49/day.
P221,HOME_P221,45.96140176449448,4.0449155436241995,H1,other,A0325,10:30,P2,medium,1.5,prescription_medicale,2026-05-18 10:50:00,650,10:50,110,2026-05-18 12:40:00,760,12:40,25,1,35,13.052,18.65,13.052,H2,11.942,1,catchment_near_assigned_hospital,12,observed_user_table,CH Roanne other: 49/day.
P222,HOME_P222,46.015384982226266,4.168857351842982,H1,other,A0252,08:30,P2,medium,1.5,standard_assis,2026-05-18 09:20:00,560,09:20,105,2026-05-18 11:05:00,665,11:05,25,1,35,10.671,15.24,10.671,H2,10.535,1,catchment_near_assigned_hospital,12,observed_user_table,CH Roanne other: 49/day.
P223,HOME_P223,46.03026202845871,3.9251393778846655,H1,other,A0295,08:30,P2,medium,1.5,vsl_required,2026-05-18 09:55:00,595,09:55,105,2026-05-18 11:40:00,700,11:40,25,1,35,14.592,20.85,14.592,H2,14.026,1,catchment_near_assigned_hospital,12,observed_user_table,CH Roanne other: 49/day.
P224,HOME_P224,46.11158869934783,4.118579768934278,H1,dialysis,A0046,08:00,P1,high,2.0,vsl_required,2026-05-18 08:25:00,505,08:25,240,2026-05-18 12:25:00,745,12:25,15,1,25,9.231,13.19,9.231,H1,9.231,1,catchment_near_assigned_hospital,8,observed_user_table,"CH Roanne dialysis: 53/day. 26 morning, 23 noon, 4 evening."
P225,HOME_P225,46.084015852551666,4.121062844606602,H1,other,A0368,14:00,P2,medium,1.5,standard_assis,2026-05-18 14:10:00,850,14:10,70,2026-05-18 15:20:00,920,15:20,25,1,35,6.323,9.03,6.323,H1,6.323,1,catchment_near_assigned_hospital,12,observed_user_table,CH Roanne other: 49/day.
P226,HOME_P226,46.01815833905555,4.06214018137757,H1,dialysis,A0081,13:00,P1,high,2.0,prescription_medicale,2026-05-18 13:55:00,835,13:55,240,2026-05-18 17:55:00,1075,17:55,15,1,25,4.99,7.13,4.99,H2,3.882,1,catchment_near_assigned_hospital,8,observed_user_table,"CH Roanne dialysis: 53/day. 26 morning, 23 noon, 4 evening."
P227,HOME_P227,46.007073404966725,4.127286492584737,H1,dialysis,A0104,13:00,P1,high,2.0,vsl_required,2026-05-18 13:15:00,795,13:15,240,2026-05-18 17:15:00,1035,17:15,15,1,25,8.308,11.87,8.308,H2,7.79,1,catchment_near_assigned_hospital,8,observed_user_table,"CH Roanne dialysis: 53/day. 26 morning, 23 noon, 4 evening."
P228,HOME_P228,45.98061299400294,4.144069590888389,H1,oncology,A0221,11:00,P1,high,2.0,prescription_medicale,2026-05-18 11:30:00,690,11:30,180,2026-05-18 14:30:00,870,14:30,15,1,25,12.228,17.47,12.228,H2,11.603,1,catchment_near_assigned_hospital,10,observed_user_table,CH Roanne chemotherapy: 30/day.
P229,HOME_P229,46.00731562820991,4.1341616108088415,H2,dialysis,A0516,13:00,P1,high,2.0,vsl_required,2026-05-18 13:15:00,795,13:15,225,2026-05-18 17:00:00,1020,17:00,15,1,25,8.262,11.8,8.262,H2,8.262,1,catchment_near_assigned_hospital,8,assumption_to_validate,Renaison dialysis: assumed 30/day.
P230,HOME_P230,45.9872279532464,4.090403235118893,H2,other,A0593,08:30,P2,medium,1.5,standard_assis,2026-05-18 08:50:00,530,08:50,30,2026-05-18 09:20:00,560,09:20,25,1,35,8.39,11.99,8.39,H2,8.39,1,catchment_near_assigned_hospital,12,assumption_to_validate,Renaison other: assumed 36/day.
P231,HOME_P231,46.050661562193355,3.9664612128046732,H1,oncology,A0186,08:00,P1,high,2.0,prescription_medicale,2026-05-18 08:40:00,520,08:40,155,2026-05-18 11:15:00,675,11:15,15,1,25,10.255,14.65,10.255,H2,9.897,1,catchment_near_assigned_hospital,10,observed_user_table,CH Roanne chemotherapy: 30/day.
P232,HOME_P232,46.05413762555964,4.19287612342049,H1,oncology,A0163,08:00,P1,high,2.0,vsl_required,2026-05-18 08:45:00,525,08:45,160,2026-05-18 11:25:00,685,11:25,15,1,25,11.593,16.56,11.593,H1,11.593,1,catchment_near_assigned_hospital,10,observed_user_table,CH Roanne chemotherapy: 30/day.
P233,HOME_P233,46.08712503161294,3.9620391894428297,H2,other,A0629,10:30,P2,medium,1.5,standard_assis,2026-05-18 11:45:00,705,11:45,35,2026-05-18 12:20:00,740,12:20,25,1,35,11.796,16.85,11.796,H3,11.62,1,catchment_near_assigned_hospital,12,assumption_to_validate,Renaison other: assumed 36/day.
P234,HOME_P234,46.034737338179355,4.096920569792933,H2,dialysis,A0435,08:00,P1,high,2.0,vsl_required,2026-05-18 08:30:00,510,08:30,240,2026-05-18 12:30:00,750,12:30,15,1,25,3.112,5.0,3.112,H2,3.112,1,catchment_near_assigned_hospital,8,assumption_to_validate,Renaison dialysis: assumed 30/day.
P235,HOME_P235,46.12749908095737,4.136994671399902,H2,other,A0596,08:30,P2,medium,1.5,prescription_medicale,2026-05-18 09:05:00,545,09:05,25,2026-05-18 09:30:00,570,09:30,25,1,35,13.133,18.76,13.133,H1,12.032,1,catchment_near_assigned_hospital,12,assumption_to_validate,Renaison other: assumed 36/day.
P236,HOME_P236,46.02070987800469,4.196129438058862,H2,other,A0641,14:00,P2,medium,1.5,prescription_medicale,2026-05-18 14:05:00,845,14:05,30,2026-05-18 14:35:00,875,14:35,25,1,35,12.768,18.24,12.768,H1,12.742,1,catchment_near_assigned_hospital,12,assumption_to_validate,Renaison other: assumed 36/day.
P237,HOME_P237,45.95654090769145,4.068296721914528,H2,other,A0672,16:30,P2,medium,1.5,prescription_medicale,2026-05-18 17:45:00,1065,17:45,25,2026-05-18 18:10:00,1090,18:10,25,1,35,12.393,17.7,12.393,H2,12.393,1,catchment_near_assigned_hospital,12,assumption_to_validate,Renaison other: assumed 36/day.
P238,HOME_P238,45.964646556978394,4.031035353993529,H1,other,A0353,14:00,P2,medium,1.5,vsl_required,2026-05-18 15:05:00,905,15:05,105,2026-05-18 16:50:00,1010,16:50,25,1,35,12.962,18.52,12.962,H2,11.841,1,catchment_near_assigned_hospital,12,observed_user_table,CH Roanne other: 49/day.
P239,HOME_P239,45.97945535622923,4.055123297850581,H2,oncology,A0562,13:00,P1,high,2.0,prescription_medicale,2026-05-18 13:05:00,785,13:05,195,2026-05-18 16:20:00,980,16:20,15,1,25,9.302,13.29,9.302,H2,9.302,1,catchment_near_assigned_hospital,10,assumption_to_validate,Renaison oncology: assumed 16/day.
P240,HOME_P240,45.995067378765356,4.161528607216713,H1,other,A0298,08:30,P2,medium,1.5,vsl_required,2026-05-18 08:55:00,535,08:55,85,2026-05-18 10:20:00,620,10:20,25,1,35,11.79,16.84,11.79,H2,11.385,1,catchment_near_assigned_hospital,12,observed_user_table,CH Roanne other: 49/day.
P241,HOME_P241,46.04311562596312,4.037561643843713,H3,dialysis,A0732,13:00,P1,high,2.0,vsl_required,2026-05-18 13:45:00,825,13:45,215,2026-05-18 17:20:00,1040,17:20,15,1,25,3.272,5.0,3.272,H2,3.035,1,catchment_near_assigned_hospital,8,assumption_to_validate,Third dialysis center: assumed 24/day.
P242,HOME_P242,46.04910766931679,4.069180312845236,H1,oncology,A0193,08:00,P1,high,2.0,standard_assis,2026-05-18 08:50:00,530,08:50,160,2026-05-18 11:30:00,690,11:30,15,1,25,0.674,5.0,0.674,H3,0.147,1,catchment_near_assigned_hospital,10,observed_user_table,CH Roanne chemotherapy: 30/day.
P243,HOME_P243,45.96583247584203,4.005956858064186,H1,other,A0329,10:30,P2,medium,1.5,standard_assis,2026-05-18 11:15:00,675,11:15,95,2026-05-18 12:50:00,770,12:50,25,1,35,13.759,19.66,13.759,H2,12.651,1,catchment_near_assigned_hospital,12,observed_user_table,CH Roanne other: 49/day.
P244,HOME_P244,46.13047281920285,4.039167263921111,H2,other,A0592,08:30,P2,medium,1.5,vsl_required,2026-05-18 08:30:00,510,08:30,35,2026-05-18 09:05:00,545,09:05,25,1,35,12.124,17.32,12.124,H1,11.203,1,catchment_near_assigned_hospital,12,assumption_to_validate,Renaison other: assumed 36/day.
P245,HOME_P245,46.100618459175166,4.044817801067382,H2,dialysis,A0497,13:00,P1,high,2.0,vsl_required,2026-05-18 13:20:00,800,13:20,215,2026-05-18 16:55:00,1015,16:55,15,1,25,7.976,11.39,7.976,H1,7.105,1,catchment_near_assigned_hospital,8,assumption_to_validate,Renaison dialysis: assumed 30/day.
P246,HOME_P246,45.98619394988984,3.974260127757783,H2,other,A0632,10:30,P2,medium,1.5,prescription_medicale,2026-05-18 11:30:00,690,11:30,30,2026-05-18 12:00:00,720,12:00,25,1,35,12.316,17.59,12.316,H2,12.316,1,catchment_near_assigned_hospital,12,assumption_to_validate,Renaison other: assumed 36/day.
P247,HOME_P247,46.046961628378156,4.0431614809966625,H1,other,A0270,08:30,P2,medium,1.5,standard_assis,2026-05-18 09:05:00,545,09:05,110,2026-05-18 10:55:00,655,10:55,25,1,35,2.983,5.0,2.983,H2,2.48,1,catchment_near_assigned_hospital,12,observed_user_table,CH Roanne other: 49/day.
P248,HOME_P248,46.01565368215509,4.205021679858305,H1,other,A0317,10:30,P2,medium,1.5,standard_assis,2026-05-18 11:50:00,710,11:50,65,2026-05-18 12:55:00,775,12:55,25,1,35,13.799,19.71,13.799,H2,13.793,1,catchment_near_assigned_hospital,12,observed_user_table,CH Roanne other: 49/day.
P249,HOME_P249,46.10222986443289,4.072920507012068,H3,dialysis,A0742,13:00,P1,high,2.0,vsl_required,2026-05-18 13:35:00,815,13:35,220,2026-05-18 17:15:00,1035,17:15,15,1,25,7.265,10.38,7.265,H1,6.801,1,catchment_near_assigned_hospital,8,assumption_to_validate,Third dialysis center: assumed 24/day.
P250,HOME_P250,46.106337613119614,4.034972476661586,H1,other,A0387,16:00,P2,medium,1.5,standard_assis,2026-05-18 16:40:00,1000,16:40,85,2026-05-18 18:05:00,1085,18:05,25,1,35,8.22,11.74,8.22,H1,8.22,1,catchment_near_assigned_hospital,12,observed_user_table,CH Roanne other: 49/day.
P251,HOME_P251,46.051395469530654,4.084816655473958,H1,other,A0324,10:30,P2,medium,1.5,vsl_required,2026-05-18 11:50:00,710,11:50,65,2026-05-18 12:55:00,775,12:55,25,1,35,1.198,5.0,1.198,H1,1.198,1,catchment_near_assigned_hospital,12,observed_user_table,CH Roanne other: 49/day.
P252,HOME_P252,46.07590116130702,4.0507103143906456,H1,dialysis,A0023,08:00,P1,high,2.0,vsl_required,2026-05-18 08:20:00,500,08:20,240,2026-05-18 12:20:00,740,12:20,15,1,25,3.79,5.41,3.79,H1,3.79,1,catchment_near_assigned_hospital,8,observed_user_table,"CH Roanne dialysis: 53/day. 26 morning, 23 noon, 4 evening."
P253,HOME_P253,45.99733043135011,4.069303872613904,H1,oncology,A0201,08:00,P1,high,2.0,standard_assis,2026-05-18 08:45:00,525,08:45,155,2026-05-18 11:20:00,680,11:20,15,1,25,7.786,11.12,7.786,H2,6.723,1,catchment_near_assigned_hospital,10,observed_user_table,CH Roanne chemotherapy: 30/day.
P254,HOME_P254,46.075545767161984,3.9915399138743086,H3,dialysis,A0695,08:00,P1,high,2.0,prescription_medicale,2026-05-18 08:50:00,530,08:50,210,2026-05-18 12:20:00,740,12:20,15,1,25,8.359,11.94,8.359,H3,8.359,1,catchment_near_assigned_hospital,8,assumption_to_validate,Third dialysis center: assumed 24/day.
P255,HOME_P255,45.98899447351894,4.126951137331033,H1,oncology,A0179,08:00,P1,high,2.0,prescription_medicale,2026-05-18 08:40:00,520,08:40,155,2026-05-18 11:15:00,675,11:15,15,1,25,10.359,14.8,10.359,H2,9.676,1,catchment_near_assigned_hospital,10,observed_user_table,CH Roanne chemotherapy: 30/day.
P256,HOME_P256,45.98300208584063,4.076111458927187,H1,other,A0265,08:30,P2,medium,1.5,vsl_required,2026-05-18 09:05:00,545,09:05,60,2026-05-18 10:05:00,605,10:05,25,1,35,9.777,13.97,9.777,H2,8.743,1,catchment_near_assigned_hospital,12,observed_user_table,CH Roanne other: 49/day.
P257,HOME_P257,46.04387294673008,4.164951835618064,H2,oncology,A0570,15:00,P1,high,2.0,vsl_required,2026-05-18 15:30:00,930,15:30,350,2026-05-18 21:20:00,1280,21:20,15,1,25,9.28,13.26,9.28,H1,8.995,1,catchment_near_assigned_hospital,10,assumption_to_validate,Renaison oncology: assumed 16/day.
P258,HOME_P258,46.004406611259654,4.118951709899314,H1,dialysis,A0030,08:00,P1,high,2.0,vsl_required,2026-05-18 08:30:00,510,08:30,240,2026-05-18 12:30:00,750,12:30,15,1,25,8.131,11.62,8.131,H2,7.508,1,catchment_near_assigned_hospital,8,observed_user_table,"CH Roanne dialysis: 53/day. 26 morning, 23 noon, 4 evening."
P259,HOME_P259,46.03077288945716,4.152947759062883,H3,dialysis,A0689,08:00,P1,high,2.0,vsl_required,2026-05-18 08:25:00,505,08:25,265,2026-05-18 12:50:00,770,12:50,15,1,25,8.437,12.05,8.437,H1,8.351,1,catchment_near_assigned_hospital,8,assumption_to_validate,Third dialysis center: assumed 24/day.
P260,HOME_P260,45.97610719693561,4.094142216431637,H2,dialysis,A0444,08:00,P1,high,2.0,vsl_required,2026-05-18 08:55:00,535,08:55,265,2026-05-18 13:20:00,800,13:20,15,1,25,9.978,14.25,9.978,H2,9.978,1,catchment_near_assigned_hospital,8,assumption_to_validate,Renaison dialysis: assumed 30/day.
P261,HOME_P261,46.04395513183686,3.9650642161715957,H1,oncology,A0243,14:00,P1,high,2.0,vsl_required,2026-05-18 14:10:00,850,14:10,160,2026-05-18 16:50:00,1010,16:50,15,1,25,10.464,14.95,10.464,H2,10.011,1,catchment_near_assigned_hospital,10,observed_user_table,CH Roanne chemotherapy: 30/day.
P262,HOME_P262,46.01330829935871,4.14575013791996,H1,dialysis,A0122,13:00,P1,high,2.0,prescription_medicale,2026-05-18 13:35:00,815,13:35,240,2026-05-18 17:35:00,1055,17:35,15,1,25,8.977,12.82,8.977,H2,8.684,1,catchment_near_assigned_hospital,8,observed_user_table,"CH Roanne dialysis: 53/day. 26 morning, 23 noon, 4 evening."
P263,HOME_P263,46.04622022038953,4.173550832240158,H1,dialysis,A0120,13:00,P1,high,2.0,vsl_required,2026-05-18 13:55:00,835,13:55,240,2026-05-18 17:55:00,1075,17:55,15,1,25,9.778,13.97,9.778,H1,9.778,1,catchment_near_assigned_hospital,8,observed_user_table,"CH Roanne dialysis: 53/day. 26 morning, 23 noon, 4 evening."
P264,HOME_P264,45.98562441104807,3.876678562764692,H1,external,A0398,08:30,P3,low,1.0,standard_assis,2026-05-18 10:05:00,605,10:05,30,2026-05-18 10:35:00,635,10:35,35,1,55,21.129,30.18,21.129,H2,20.338,1,catchment_near_assigned_hospital,18,computed_from_user_table,External visits: 75/day * 15% using fleet.
P265,HOME_P265,46.052069895511885,4.158071008893105,H1,dialysis,A0126,13:00,P1,high,2.0,vsl_required,2026-05-18 13:05:00,785,13:05,240,2026-05-18 17:05:00,1025,17:05,15,1,25,8.237,11.77,8.237,H1,8.237,1,catchment_near_assigned_hospital,8,observed_user_table,"CH Roanne dialysis: 53/day. 26 morning, 23 noon, 4 evening."
P266,HOME_P266,46.007087988247186,4.06464547455814,H2,other,A0673,16:30,P2,medium,1.5,prescription_medicale,2026-05-18 16:50:00,1010,16:50,25,2026-05-18 17:15:00,1035,17:15,25,1,35,5.382,7.69,5.382,H2,5.382,1,catchment_near_assigned_hospital,12,assumption_to_validate,Renaison other: assumed 36/day.
P267,HOME_P267,46.04415925283849,4.05231582278636,H1,dialysis,A0119,13:00,P1,high,2.0,prescription_medicale,2026-05-18 13:55:00,835,13:55,240,2026-05-18 17:55:00,1075,17:55,15,1,25,2.341,5.0,2.341,H2,1.605,1,catchment_near_assigned_hospital,8,observed_user_table,"CH Roanne dialysis: 53/day. 26 morning, 23 noon, 4 evening."
P268,HOME_P268,45.996006414959126,4.052384496946466,H1,other,A0358,14:00,P2,medium,1.5,prescription_medicale,2026-05-18 15:05:00,905,15:05,85,2026-05-18 16:30:00,990,16:30,25,1,35,8.201,11.72,8.201,H2,7.086,1,catchment_near_assigned_hospital,12,observed_user_table,CH Roanne other: 49/day.
P269,HOME_P269,46.10542116488214,4.120654029589129,H2,dialysis,A0504,13:00,P1,high,2.0,prescription_medicale,2026-05-18 13:25:00,805,13:25,255,2026-05-18 17:40:00,1060,17:40,15,1,25,9.69,13.84,9.69,H1,8.594,1,catchment_near_assigned_hospital,8,assumption_to_validate,Renaison dialysis: assumed 30/day.
P270,HOME_P270,45.97199489131714,4.045124734785773,H1,other,A0344,10:30,P2,medium,1.5,prescription_medicale,2026-05-18 11:35:00,695,11:35,100,2026-05-18 13:15:00,795,13:15,25,1,35,11.61,16.59,11.61,H2,10.496,1,catchment_near_assigned_hospital,12,observed_user_table,CH Roanne other: 49/day.
P271,HOME_P271,46.08689196122569,4.053126869955577,H1,other,A0376,14:00,P2,medium,1.5,standard_assis,2026-05-18 14:35:00,875,14:35,60,2026-05-18 15:35:00,935,15:35,25,1,35,5.036,7.19,5.036,H1,5.036,1,catchment_near_assigned_hospital,12,observed_user_table,CH Roanne other: 49/day.
P272,HOME_P272,46.061533812816016,4.295950904745963,H1,external,A0425,15:30,P3,low,1.0,standard_assis,2026-05-18 16:35:00,995,16:35,30,2026-05-18 17:05:00,1025,17:05,35,1,56,21.564,30.81,21.564,H1,21.564,1,catchment_near_assigned_hospital,18,computed_from_user_table,External visits: 75/day * 15% using fleet.
P273,HOME_P273,46.087905636202635,4.091954484451702,H1,other,A0311,10:30,P2,medium,1.5,standard_assis,2026-05-18 11:05:00,665,11:05,95,2026-05-18 12:40:00,760,12:40,25,1,35,5.156,7.37,5.156,H1,5.156,1,catchment_near_assigned_hospital,12,observed_user_table,CH Roanne other: 49/day.
P274,HOME_P274,46.09991022421115,4.120950435209852,H2,oncology,A0533,08:00,P1,high,2.0,prescription_medicale,2026-05-18 08:40:00,520,08:40,220,2026-05-18 12:20:00,740,12:20,15,1,25,9.059,12.94,9.059,H1,7.976,1,catchment_near_assigned_hospital,10,assumption_to_validate,Renaison oncology: assumed 16/day.
P275,HOME_P275,46.00393973751691,4.08111763998468,H2,other,A0650,14:00,P2,medium,1.5,standard_assis,2026-05-18 14:30:00,870,14:30,40,2026-05-18 15:10:00,910,15:10,25,1,35,5.925,8.46,5.925,H2,5.925,1,catchment_near_assigned_hospital,12,assumption_to_validate,Renaison other: assumed 36/day.
P276,HOME_P276,46.100040922536564,4.131700206086818,H1,dialysis,A0015,08:00,P1,high,2.0,vsl_required,2026-05-18 08:45:00,525,08:45,240,2026-05-18 12:45:00,765,12:45,15,1,25,8.635,12.34,8.635,H1,8.635,1,catchment_near_assigned_hospital,8,observed_user_table,"CH Roanne dialysis: 53/day. 26 morning, 23 noon, 4 evening."
P277,HOME_P277,46.04234638240821,4.011693857004976,H1,dialysis,A0077,08:00,P1,high,2.0,vsl_required,2026-05-18 08:10:00,490,08:10,240,2026-05-18 12:10:00,730,12:10,15,1,25,6.079,8.68,6.079,H2,5.529,1,catchment_near_assigned_hospital,8,observed_user_table,"CH Roanne dialysis: 53/day. 26 morning, 23 noon, 4 evening."
P278,HOME_P278,46.035779456646566,4.178086126818921,H2,oncology,A0527,08:00,P1,high,2.0,prescription_medicale,2026-05-18 08:55:00,535,08:55,195,2026-05-18 12:10:00,730,12:10,15,1,25,10.634,15.19,10.634,H1,10.455,1,catchment_near_assigned_hospital,10,assumption_to_validate,Renaison oncology: assumed 16/day.
P279,HOME_P279,46.00523377785959,4.071425889241332,H1,other,A0257,08:30,P2,medium,1.5,standard_assis,2026-05-18 09:10:00,550,09:10,70,2026-05-18 10:20:00,620,10:20,25,1,35,6.682,9.55,6.682,H2,5.63,1,catchment_near_assigned_hospital,12,observed_user_table,CH Roanne other: 49/day.
P280,HOME_P280,46.1104680082245,4.018847328952633,H1,dialysis,A0064,08:00,P1,high,2.0,prescription_medicale,2026-05-18 08:50:00,530,08:50,240,2026-05-18 12:50:00,770,12:50,15,1,25,9.492,13.56,9.492,H1,9.492,1,catchment_near_assigned_hospital,8,observed_user_table,"CH Roanne dialysis: 53/day. 26 morning, 23 noon, 4 evening."
P281,HOME_P281,46.08243295647304,4.20702374485697,H1,other,A0262,08:30,P2,medium,1.5,prescription_medicale,2026-05-18 09:15:00,555,09:15,90,2026-05-18 10:45:00,645,10:45,25,1,35,13.572,19.39,13.572,H1,13.572,1,catchment_near_assigned_hospital,12,observed_user_table,CH Roanne other: 49/day.
P282,HOME_P282,46.01364536880692,4.088042342316206,H1,oncology,A0247,14:00,P1,high,2.0,vsl_required,2026-05-18 14:55:00,895,14:55,160,2026-05-18 17:35:00,1055,17:35,15,1,25,5.707,8.15,5.707,H2,4.827,1,catchment_near_assigned_hospital,10,observed_user_table,CH Roanne chemotherapy: 30/day.
P283,HOME_P283,46.030787221545026,3.9817182529480206,H2,other,A0669,16:30,P2,medium,1.5,standard_assis,2026-05-18 17:35:00,1055,17:35,30,2026-05-18 18:05:00,1085,18:05,25,1,35,8.654,12.36,8.654,H2,8.654,1,catchment_near_assigned_hospital,12,assumption_to_validate,Renaison other: assumed 36/day.
P284,HOME_P284,46.06427282023693,4.029997858249676,H1,other,A0380,14:00,P2,medium,1.5,standard_assis,2026-05-18 14:00:00,840,14:00,80,2026-05-18 15:20:00,920,15:20,25,1,35,4.392,6.27,4.392,H3,4.338,1,catchment_near_assigned_hospital,12,observed_user_table,CH Roanne other: 49/day.
P285,HOME_P285,46.087277767264965,4.021972087251668,H1,dialysis,A0048,08:00,P1,high,2.0,vsl_required,2026-05-18 08:40:00,520,08:40,240,2026-05-18 12:40:00,760,12:40,15,1,25,6.799,9.71,6.799,H1,6.799,1,catchment_near_assigned_hospital,8,observed_user_table,"CH Roanne dialysis: 53/day. 26 morning, 23 noon, 4 evening."
P286,HOME_P286,46.085587279721935,4.011800216126563,H1,oncology,A0180,08:00,P1,high,2.0,prescription_medicale,2026-05-18 08:55:00,535,08:55,175,2026-05-18 11:50:00,710,11:50,15,1,25,7.391,10.56,7.391,H1,7.391,1,catchment_near_assigned_hospital,10,observed_user_table,CH Roanne chemotherapy: 30/day.
P287,HOME_P287,46.050126869530885,4.002145830353792,H1,other,A0306,08:30,P2,medium,1.5,premium,2026-05-18 08:50:00,530,08:50,115,2026-05-18 10:45:00,645,10:45,25,1,35,6.82,9.74,6.82,H2,6.459,1,catchment_near_assigned_hospital,12,observed_user_table,CH Roanne other: 49/day.
P288,HOME_P288,46.00493310720233,4.146599349214114,H1,oncology,A0235,11:00,P1,high,2.0,prescription_medicale,2026-05-18 11:35:00,695,11:35,165,2026-05-18 14:20:00,860,14:20,15,1,25,9.801,14.0,9.801,H2,9.407,1,catchment_near_assigned_hospital,10,observed_user_table,CH Roanne chemotherapy: 30/day.
P289,HOME_P289,46.116963794378265,4.108006237131531,H3,dialysis,A0714,08:00,P1,high,2.0,prescription_medicale,2026-05-18 08:55:00,535,08:55,265,2026-05-18 13:20:00,800,13:20,15,1,25,10.003,14.29,10.003,H1,9.481,1,catchment_near_assigned_hospital,8,assumption_to_validate,Third dialysis center: assumed 24/day.
P290,HOME_P290,46.03725737082823,3.966678764174987,H2,other,A0639,14:00,P2,medium,1.5,prescription_medicale,2026-05-18 14:05:00,845,14:05,40,2026-05-18 14:45:00,885,14:45,25,1,35,9.922,14.17,9.922,H2,9.922,1,catchment_near_assigned_hospital,12,assumption_to_validate,Renaison other: assumed 36/day.
P291,HOME_P291,46.08288257754133,4.004808005896095,H2,other,A0586,08:30,P2,medium,1.5,standard_assis,2026-05-18 09:20:00,560,09:20,30,2026-05-18 09:50:00,590,09:50,25,1,35,8.05,11.5,8.05,H1,7.731,1,catchment_near_assigned_hospital,12,assumption_to_validate,Renaison other: assumed 36/day.
P292,HOME_P292,45.99342922665494,4.196303294190333,H1,other,A0331,10:30,P2,medium,1.5,standard_assis,2026-05-18 10:40:00,640,10:40,120,2026-05-18 12:40:00,760,12:40,25,1,35,14.545,20.78,14.545,H2,14.291,1,catchment_near_assigned_hospital,12,observed_user_table,CH Roanne other: 49/day.
P293,HOME_P293,46.0511199850011,3.9773770259662204,H2,dialysis,A0454,08:00,P1,high,2.0,prescription_medicale,2026-05-18 08:05:00,485,08:05,220,2026-05-18 11:45:00,705,11:45,15,1,25,8.852,12.65,8.852,H2,8.852,1,catchment_near_assigned_hospital,8,assumption_to_validate,Renaison dialysis: assumed 30/day.
P294,HOME_P294,45.991508351886424,4.032137351209521,H1,oncology,A0176,08:00,P1,high,2.0,standard_assis,2026-05-18 08:35:00,515,08:35,160,2026-05-18 11:15:00,675,11:15,15,1,25,9.439,13.48,9.439,H2,8.322,1,catchment_near_assigned_hospital,10,observed_user_table,CH Roanne chemotherapy: 30/day.
P295,HOME_P295,45.95662429320853,4.085940278820389,H2,oncology,A0538,08:00,P1,high,2.0,prescription_medicale,2026-05-18 08:40:00,520,08:40,230,2026-05-18 12:30:00,750,12:30,15,1,25,12.491,17.84,12.491,H2,12.491,1,catchment_near_assigned_hospital,10,assumption_to_validate,Renaison oncology: assumed 16/day.
P296,HOME_P296,45.989125070665246,4.073682290133441,H1,other,A0339,10:30,P2,medium,1.5,standard_assis,2026-05-18 11:40:00,700,11:40,65,2026-05-18 12:45:00,765,12:45,25,1,35,8.92,12.74,8.92,H2,7.878,1,catchment_near_assigned_hospital,12,observed_user_table,CH Roanne other: 49/day.
P297,HOME_P297,46.0230488698127,4.167341421927699,H2,other,A0658,14:00,P2,medium,1.5,vsl_required,2026-05-18 14:55:00,895,14:55,40,2026-05-18 15:35:00,935,15:35,25,1,35,10.016,14.31,10.016,H2,10.016,1,catchment_near_assigned_hospital,12,assumption_to_validate,Renaison other: assumed 36/day.
P298,HOME_P298,46.1422959706887,4.008052004570256,H1,other,A0279,08:30,P2,medium,1.5,standard_assis,2026-05-18 09:35:00,575,09:35,70,2026-05-18 10:45:00,645,10:45,25,1,35,13.851,19.79,13.851,H1,13.851,1,catchment_near_assigned_hospital,12,observed_user_table,CH Roanne other: 49/day.
P299,HOME_P299,46.07768419133229,4.092919752906401,H2,dialysis,A0476,08:00,P1,high,2.0,vsl_required,2026-05-18 08:00:00,480,08:00,240,2026-05-18 12:00:00,720,12:00,15,1,25,5.017,7.17,5.017,H1,3.91,1,catchment_near_assigned_hospital,8,assumption_to_validate,Renaison dialysis: assumed 30/day.
P300,HOME_P300,46.09603273532312,4.030230795567574,H1,dialysis,A0027,08:00,P1,high,2.0,prescription_medicale,2026-05-18 08:25:00,505,08:25,240,2026-05-18 12:25:00,745,12:25,15,1,25,7.214,10.31,7.214,H1,7.214,1,catchment_near_assigned_hospital,8,observed_user_table,"CH Roanne dialysis: 53/day. 26 morning, 23 noon, 4 evening."
P301,HOME_P301,46.03659886819253,3.9805141878323425,H1,other,A0292,08:30,P2,medium,1.5,vsl_required,2026-05-18 09:40:00,580,09:40,120,2026-05-18 11:40:00,700,11:40,25,1,35,9.192,13.13,9.192,H2,8.611,1,catchment_near_assigned_hospital,12,observed_user_table,CH Roanne other: 49/day.
P302,HOME_P302,45.94544786027515,4.241683849119971,H1,external,A0419,13:30,P3,low,1.0,standard_assis,2026-05-18 13:55:00,835,13:55,20,2026-05-18 14:15:00,855,14:15,35,1,57,22.157,31.65,22.157,H2,21.745,1,catchment_near_assigned_hospital,18,computed_from_user_table,External visits: 75/day * 15% using fleet.
P303,HOME_P303,46.061704147554785,4.159707330696014,H3,dialysis,A0746,13:00,P1,high,2.0,vsl_required,2026-05-18 13:45:00,825,13:45,250,2026-05-18 17:55:00,1075,17:55,15,1,25,8.804,12.58,8.804,H1,8.473,1,catchment_near_assigned_hospital,8,assumption_to_validate,Third dialysis center: assumed 24/day.
P304,HOME_P304,46.13278913490037,4.101098008826949,H2,other,A0597,08:30,P2,medium,1.5,standard_assis,2026-05-18 08:55:00,535,08:55,40,2026-05-18 09:35:00,575,09:35,25,1,35,12.499,17.86,12.499,H1,11.383,1,catchment_near_assigned_hospital,12,assumption_to_validate,Renaison other: assumed 36/day.
P305,HOME_P305,46.0812173496868,4.047520689049804,H2,oncology,A0528,08:00,P1,high,2.0,vsl_required,2026-05-18 08:25:00,505,08:25,105,2026-05-18 10:10:00,610,10:10,15,1,25,5.346,7.64,5.346,H1,4.577,1,catchment_near_assigned_hospital,10,assumption_to_validate,Renaison oncology: assumed 16/day.
P306,HOME_P306,46.00703363769765,4.175607806805865,H2,other,A0667,16:30,P2,medium,1.5,prescription_medicale,2026-05-18 17:15:00,1035,17:15,35,2026-05-18 17:50:00,1070,17:50,25,1,35,11.625,16.61,11.625,H2,11.625,1,catchment_near_assigned_hospital,12,assumption_to_validate,Renaison other: assumed 36/day.
P307,HOME_P307,46.06948596964542,4.061738087653181,H1,oncology,A0219,11:00,P1,high,2.0,vsl_required,2026-05-18 11:50:00,710,11:50,165,2026-05-18 14:35:00,875,14:35,15,1,25,2.486,5.0,2.486,H1,2.486,1,catchment_near_assigned_hospital,10,observed_user_table,CH Roanne chemotherapy: 30/day.
P308,HOME_P308,45.99566993573356,4.078294065842707,H1,dialysis,A0010,08:00,P1,high,2.0,vsl_required,2026-05-18 08:10:00,490,08:10,240,2026-05-18 12:10:00,730,12:10,15,1,25,8.028,11.47,8.028,H2,7.014,1,catchment_near_assigned_hospital,8,observed_user_table,"CH Roanne dialysis: 53/day. 26 morning, 23 noon, 4 evening."
P309,HOME_P309,46.02614035040946,4.167454426034701,H1,oncology,A0230,11:00,P1,high,2.0,standard_assis,2026-05-18 11:30:00,690,11:30,160,2026-05-18 14:10:00,850,14:10,15,1,25,9.891,14.13,9.891,H1,9.891,1,catchment_near_assigned_hospital,10,observed_user_table,CH Roanne chemotherapy: 30/day.
P310,HOME_P310,46.04324377307375,4.106607022420199,H1,other,A0285,08:30,P2,medium,1.5,standard_assis,2026-05-18 08:55:00,535,08:55,95,2026-05-18 10:30:00,630,10:30,25,1,35,3.557,5.08,3.557,H1,3.557,1,catchment_near_assigned_hospital,12,observed_user_table,CH Roanne other: 49/day.
P311,HOME_P311,46.04021434573965,4.087992201143819,H1,dialysis,A0158,17:00,P1,high,2.0,prescription_medicale,2026-05-18 17:30:00,1050,17:30,240,2026-05-18 21:30:00,1290,21:30,15,1,25,2.342,5.0,2.342,H2,2.002,1,catchment_near_assigned_hospital,8,observed_user_table,"CH Roanne dialysis: 53/day. 26 morning, 23 noon, 4 evening."
P312,HOME_P312,46.06664970518136,4.098975595467975,H1,dialysis,A0131,13:00,P1,high,2.0,vsl_required,2026-05-18 13:15:00,795,13:15,240,2026-05-18 17:15:00,1035,17:15,15,1,25,3.141,5.0,3.141,H1,3.141,1,catchment_near_assigned_hospital,8,observed_user_table,"CH Roanne dialysis: 53/day. 26 morning, 23 noon, 4 evening."
P313,HOME_P313,45.96966643841926,4.132985773541947,H2,oncology,A0544,08:00,P1,high,2.0,prescription_medicale,2026-05-18 08:55:00,535,08:55,240,2026-05-18 12:55:00,775,12:55,15,1,25,12.251,17.5,12.251,H2,12.251,1,catchment_near_assigned_hospital,10,assumption_to_validate,Renaison oncology: assumed 16/day.
P314,HOME_P314,46.063787566720265,4.038262528517244,H1,dialysis,A0105,13:00,P1,high,2.0,vsl_required,2026-05-18 13:10:00,790,13:10,240,2026-05-18 17:10:00,1030,17:10,15,1,25,3.627,5.18,3.627,H3,3.612,1,catchment_near_assigned_hospital,8,observed_user_table,"CH Roanne dialysis: 53/day. 26 morning, 23 noon, 4 evening."
P315,HOME_P315,45.981741377388865,4.047085031143119,H2,dialysis,A0520,17:00,P1,high,2.0,vsl_required,2026-05-18 17:35:00,1055,17:35,265,2026-05-18 22:00:00,1320,22:00,15,1,25,9.134,13.05,9.134,H2,9.134,1,catchment_near_assigned_hospital,8,assumption_to_validate,Renaison dialysis: assumed 30/day.
P316,HOME_P316,46.01908631864366,4.039393755548207,H1,oncology,A0183,08:00,P1,high,2.0,prescription_medicale,2026-05-18 08:05:00,485,08:05,160,2026-05-18 10:45:00,645,10:45,15,1,25,5.74,8.2,5.74,H2,4.662,1,catchment_near_assigned_hospital,10,observed_user_table,CH Roanne chemotherapy: 30/day.
P317,HOME_P317,46.07775462323935,4.036674395872873,H2,oncology,A0568,15:00,P1,high,2.0,vsl_required,2026-05-18 15:35:00,935,15:35,185,2026-05-18 18:40:00,1120,18:40,15,1,25,5.427,7.75,5.427,H1,4.86,1,catchment_near_assigned_hospital,10,assumption_to_validate,Renaison oncology: assumed 16/day.
P318,HOME_P318,46.08177405553334,4.065540058896053,H3,dialysis,A0739,13:00,P1,high,2.0,vsl_required,2026-05-18 13:25:00,805,13:25,215,2026-05-18 17:00:00,1020,17:00,15,1,25,4.437,6.34,4.437,H1,4.017,1,catchment_near_assigned_hospital,8,assumption_to_validate,Third dialysis center: assumed 24/day.
P319,HOME_P319,46.031217392827905,4.046005382706225,H2,dialysis,A0442,08:00,P1,high,2.0,prescription_medicale,2026-05-18 08:45:00,525,08:45,265,2026-05-18 13:10:00,790,13:10,15,1,25,2.981,5.0,2.981,H2,2.981,1,catchment_near_assigned_hospital,8,assumption_to_validate,Renaison dialysis: assumed 30/day.
P320,HOME_P320,45.99040106590361,4.005698412205857,H2,dialysis,A0487,13:00,P1,high,2.0,prescription_medicale,2026-05-18 13:25:00,805,13:25,220,2026-05-18 17:05:00,1025,17:05,15,1,25,9.807,14.01,9.807,H2,9.807,1,catchment_near_assigned_hospital,8,assumption_to_validate,Renaison dialysis: assumed 30/day.
P321,HOME_P321,46.01649728452663,4.092075679651199,H2,dialysis,A0518,13:00,P1,high,2.0,vsl_required,2026-05-18 13:25:00,805,13:25,265,2026-05-18 17:50:00,1070,17:50,15,1,25,4.639,6.63,4.639,H2,4.639,1,catchment_near_assigned_hospital,8,assumption_to_validate,Renaison dialysis: assumed 30/day.
P322,HOME_P322,46.01791015687339,4.054402599121136,H2,other,A0661,14:00,P2,medium,1.5,standard_assis,2026-05-18 14:40:00,880,14:40,40,2026-05-18 15:20:00,920,15:20,25,1,35,4.105,5.86,4.105,H2,4.105,1,catchment_near_assigned_hospital,12,assumption_to_validate,Renaison other: assumed 36/day.
P323,HOME_P323,46.06740159282558,4.059833190910502,H1,dialysis,A0052,08:00,P1,high,2.0,vsl_required,2026-05-18 08:30:00,510,08:30,240,2026-05-18 12:30:00,750,12:30,15,1,25,2.32,5.0,2.32,H1,2.32,1,catchment_near_assigned_hospital,8,observed_user_table,"CH Roanne dialysis: 53/day. 26 morning, 23 noon, 4 evening."
P324,HOME_P324,46.054927145070664,4.021352180745599,H1,dialysis,A0020,08:00,P1,high,2.0,vsl_required,2026-05-18 08:50:00,530,08:50,240,2026-05-18 12:50:00,770,12:50,15,1,25,4.958,7.08,4.958,H3,4.742,1,catchment_near_assigned_hospital,8,observed_user_table,"CH Roanne dialysis: 53/day. 26 morning, 23 noon, 4 evening."
P325,HOME_P325,46.08721274226535,3.963556648069422,H2,other,A0651,14:00,P2,medium,1.5,prescription_medicale,2026-05-18 14:40:00,880,14:40,30,2026-05-18 15:10:00,910,15:10,25,0,35,11.675,16.68,11.675,H3,11.494,1,catchment_near_assigned_hospital,12,assumption_to_validate,Renaison other: assumed 36/day.
P326,HOME_P326,45.97526211991507,3.9610436720144273,H2,other,A0572,08:30,P2,medium,1.5,premium,2026-05-18 09:15:00,555,09:15,35,2026-05-18 09:50:00,590,09:50,25,1,35,14.285,20.41,14.285,H2,14.285,1,catchment_near_assigned_hospital,12,assumption_to_validate,Renaison other: assumed 36/day.
P327,HOME_P327,45.98512298116701,4.105769002366905,H1,dialysis,A0117,13:00,P1,high,2.0,vsl_required,2026-05-18 13:30:00,810,13:30,240,2026-05-18 17:30:00,1050,17:30,15,1,25,9.999,14.28,9.999,H2,9.145,1,catchment_near_assigned_hospital,8,observed_user_table,"CH Roanne dialysis: 53/day. 26 morning, 23 noon, 4 evening."
P328,HOME_P328,45.94885589363848,4.0460269552625725,H1,other,A0365,14:00,P2,medium,1.5,standard_assis,2026-05-18 15:05:00,905,15:05,95,2026-05-18 16:40:00,1000,16:40,25,1,35,14.744,21.06,14.744,H2,13.639,1,catchment_near_assigned_hospital,12,observed_user_table,CH Roanne other: 49/day.
P329,HOME_P329,46.001509432903816,4.089034462069215,H1,other,A0296,08:30,P2,medium,1.5,standard_assis,2026-05-18 08:45:00,525,08:45,65,2026-05-18 09:50:00,590,09:50,25,1,35,7.369,10.53,7.369,H2,6.445,1,catchment_near_assigned_hospital,12,observed_user_table,CH Roanne other: 49/day.
P330,HOME_P330,46.000671469565404,3.9807273957430107,H1,other,A0326,10:30,P2,medium,1.5,prescription_medicale,2026-05-18 10:55:00,655,10:55,75,2026-05-18 12:10:00,730,12:10,25,1,35,11.502,16.43,11.502,H2,10.556,1,catchment_near_assigned_hospital,12,observed_user_table,CH Roanne other: 49/day.
P331,HOME_P331,46.04337106034071,4.087383797490545,H1,other,A0328,10:30,P2,medium,1.5,prescription_medicale,2026-05-18 11:00:00,660,11:00,85,2026-05-18 12:25:00,745,12:25,25,1,35,1.978,5.0,1.978,H2,1.822,1,catchment_near_assigned_hospital,12,observed_user_table,CH Roanne other: 49/day.
P332,HOME_P332,46.04245918141919,4.095056961253611,H1,oncology,A0174,08:00,P1,high,2.0,vsl_required,2026-05-18 08:20:00,500,08:20,150,2026-05-18 10:50:00,650,10:50,15,1,25,2.631,5.0,2.631,H2,2.573,1,catchment_near_assigned_hospital,10,observed_user_table,CH Roanne chemotherapy: 30/day.
P333,HOME_P333,46.11020306683989,4.06939717303002,H2,other,A0583,08:30,P2,medium,1.5,standard_assis,2026-05-18 09:30:00,570,09:30,40,2026-05-18 10:10:00,610,10:10,25,1,35,8.966,12.81,8.966,H1,7.916,1,catchment_near_assigned_hospital,12,assumption_to_validate,Renaison other: assumed 36/day.
P334,HOME_P334,46.03910370987521,4.1573618133588655,H1,other,A0390,16:00,P2,medium,1.5,prescription_medicale,2026-05-18 16:20:00,980,16:20,115,2026-05-18 18:15:00,1095,18:15,25,1,35,8.403,12.0,8.403,H1,8.403,1,catchment_near_assigned_hospital,12,observed_user_table,CH Roanne other: 49/day.
P335,HOME_P335,46.06598199132214,4.097988414195678,H1,dialysis,A0103,13:00,P1,high,2.0,vsl_required,2026-05-18 13:40:00,820,13:40,240,2026-05-18 17:40:00,1060,17:40,15,1,25,3.009,5.0,3.009,H1,3.009,1,catchment_near_assigned_hospital,8,observed_user_table,"CH Roanne dialysis: 53/day. 26 morning, 23 noon, 4 evening."
P336,HOME_P336,46.02953244613894,3.9879415992814784,H1,dialysis,A0155,17:00,P1,high,2.0,vsl_required,2026-05-18 17:10:00,1030,17:10,240,2026-05-18 21:10:00,1270,21:10,15,1,25,8.82,12.6,8.82,H2,8.119,1,catchment_near_assigned_hospital,8,observed_user_table,"CH Roanne dialysis: 53/day. 26 morning, 23 noon, 4 evening."
P337,HOME_P337,46.02477539116703,4.142714671232419,H2,dialysis,A0445,08:00,P1,high,2.0,prescription_medicale,2026-05-18 08:20:00,500,08:20,240,2026-05-18 12:20:00,740,12:20,15,1,25,7.702,11.0,7.702,H2,7.702,1,catchment_near_assigned_hospital,8,assumption_to_validate,Renaison dialysis: assumed 30/day.
P338,HOME_P338,46.00461636434296,4.092812367934786,H2,dialysis,A0508,13:00,P1,high,2.0,prescription_medicale,2026-05-18 13:35:00,815,13:35,240,2026-05-18 17:35:00,1055,17:35,15,1,25,6.163,8.8,6.163,H2,6.163,1,catchment_near_assigned_hospital,8,assumption_to_validate,Renaison dialysis: assumed 30/day.
P339,HOME_P339,46.06413851548461,3.9795625919712307,H2,oncology,A0565,15:00,P1,high,2.0,prescription_medicale,2026-05-18 15:05:00,905,15:05,270,2026-05-18 19:35:00,1175,19:35,15,1,25,8.981,12.83,8.981,H3,8.942,1,catchment_near_assigned_hospital,10,assumption_to_validate,Renaison oncology: assumed 16/day.
P340,HOME_P340,45.98871041943323,4.101450832867236,H1,dialysis,A0045,08:00,P1,high,2.0,vsl_required,2026-05-18 08:35:00,515,08:35,240,2026-05-18 12:35:00,755,12:35,15,1,25,9.397,13.42,9.397,H2,8.525,1,catchment_near_assigned_hospital,8,observed_user_table,"CH Roanne dialysis: 53/day. 26 morning, 23 noon, 4 evening."
P341,HOME_P341,45.98586579811921,4.127837514201877,H2,other,A0677,16:30,P2,medium,1.5,standard_assis,2026-05-18 17:15:00,1035,17:15,40,2026-05-18 17:55:00,1075,17:55,25,1,35,10.082,14.4,10.082,H2,10.082,1,catchment_near_assigned_hospital,12,assumption_to_validate,Renaison other: assumed 36/day.
P342,HOME_P342,46.194475392719525,4.153369045547061,H1,external,A0422,14:30,P3,low,1.0,standard_assis,2026-05-18 15:50:00,950,15:50,25,2026-05-18 16:15:00,975,16:15,35,0,55,21.105,30.15,21.105,H1,21.105,1,catchment_near_assigned_hospital,18,computed_from_user_table,External visits: 75/day * 15% using fleet.
P343,HOME_P343,45.98818348654087,4.0954268872063855,H2,dialysis,A0459,08:00,P1,high,2.0,prescription_medicale,2026-05-18 08:35:00,515,08:35,260,2026-05-18 12:55:00,775,12:55,15,1,25,8.397,12.0,8.397,H2,8.397,1,catchment_near_assigned_hospital,8,assumption_to_validate,Renaison dialysis: assumed 30/day.
P344,HOME_P344,46.010841442960505,4.026709650783281,H1,other,A0281,08:30,P2,medium,1.5,vsl_required,2026-05-18 09:50:00,590,09:50,75,2026-05-18 11:05:00,665,11:05,25,1,35,7.384,10.55,7.384,H2,6.323,1,catchment_near_assigned_hospital,12,observed_user_table,CH Roanne other: 49/day.
P345,HOME_P345,46.003898516577856,4.019782344349941,H1,other,A0274,08:30,P2,medium,1.5,prescription_medicale,2026-05-18 08:45:00,525,08:45,65,2026-05-18 09:50:00,590,09:50,25,1,35,8.557,12.22,8.557,H2,7.492,1,catchment_near_assigned_hospital,12,observed_user_table,CH Roanne other: 49/day.
P346,HOME_P346,46.042464859525666,4.019385209931228,H1,dialysis,A0135,13:00,P1,high,2.0,vsl_required,2026-05-18 13:20:00,800,13:20,240,2026-05-18 17:20:00,1040,17:20,15,1,25,5.359,7.66,5.359,H2,4.789,1,catchment_near_assigned_hospital,8,observed_user_table,"CH Roanne dialysis: 53/day. 26 morning, 23 noon, 4 evening."
P347,HOME_P347,46.11171296817775,4.084884586805876,H1,oncology,A0171,08:00,P1,high,2.0,vsl_required,2026-05-18 08:20:00,500,08:20,170,2026-05-18 11:10:00,670,11:10,15,1,25,8.204,11.72,8.204,H1,8.204,1,catchment_near_assigned_hospital,10,observed_user_table,CH Roanne chemotherapy: 30/day.
P348,HOME_P348,46.13824229389471,4.088530846418755,H1,oncology,A0206,08:00,P1,high,2.0,vsl_required,2026-05-18 08:25:00,505,08:25,165,2026-05-18 11:10:00,670,11:10,15,1,25,11.905,17.01,11.905,H1,11.905,1,catchment_near_assigned_hospital,10,observed_user_table,CH Roanne chemotherapy: 30/day.
P349,HOME_P349,46.04632100308034,4.025688395282145,H3,dialysis,A0717,13:00,P1,high,2.0,prescription_medicale,2026-05-18 13:20:00,800,13:20,270,2026-05-18 17:50:00,1070,17:50,15,1,25,4.305,6.15,4.305,H2,4.16,1,catchment_near_assigned_hospital,8,assumption_to_validate,Third dialysis center: assumed 24/day.
P350,HOME_P350,46.076626876049225,4.008063387593354,H1,dialysis,A0071,08:00,P1,high,2.0,vsl_required,2026-05-18 08:50:00,530,08:50,240,2026-05-18 12:50:00,770,12:50,15,1,25,7.026,10.04,7.026,H1,7.026,1,catchment_near_assigned_hospital,8,observed_user_table,"CH Roanne dialysis: 53/day. 26 morning, 23 noon, 4 evening."
P351,HOME_P351,45.98128564729399,4.071210319786665,H2,dialysis,A0456,08:00,P1,high,2.0,prescription_medicale,2026-05-18 08:25:00,505,08:25,265,2026-05-18 12:50:00,770,12:50,15,1,25,8.956,12.79,8.956,H2,8.956,1,catchment_near_assigned_hospital,8,assumption_to_validate,Renaison dialysis: assumed 30/day.
P352,HOME_P352,46.021623198967745,4.141957727017779,H2,dialysis,A0472,08:00,P1,high,2.0,vsl_required,2026-05-18 08:05:00,485,08:05,260,2026-05-18 12:25:00,745,12:25,15,1,25,7.812,11.16,7.812,H2,7.812,1,catchment_near_assigned_hospital,8,assumption_to_validate,Renaison dialysis: assumed 30/day.
P353,HOME_P353,46.074866331005055,4.17041568924313,H2,other,A0666,16:30,P2,medium,1.5,standard_assis,2026-05-18 17:15:00,1035,17:15,30,2026-05-18 17:45:00,1065,17:45,25,1,35,10.606,15.15,10.606,H1,9.889,1,catchment_near_assigned_hospital,12,assumption_to_validate,Renaison other: assumed 36/day.
P354,HOME_P354,46.00661695040074,4.117731538736991,H2,dialysis,A0461,08:00,P1,high,2.0,vsl_required,2026-05-18 08:40:00,520,08:40,240,2026-05-18 12:40:00,760,12:40,15,1,25,7.198,10.28,7.198,H2,7.198,1,catchment_near_assigned_hospital,8,assumption_to_validate,Renaison dialysis: assumed 30/day.
P355,HOME_P355,46.07955372057499,4.00081362630433,H2,other,A0609,08:30,P2,medium,1.5,standard_assis,2026-05-18 09:55:00,595,09:55,25,2026-05-18 10:20:00,620,10:20,25,1,35,8.071,11.53,8.071,H1,7.834,1,catchment_near_assigned_hospital,12,assumption_to_validate,Renaison other: assumed 36/day.
P356,HOME_P356,45.982690414679816,4.092593338845269,H2,other,A0604,08:30,P2,medium,1.5,premium,2026-05-18 09:45:00,585,09:45,40,2026-05-18 10:25:00,625,10:25,25,1,35,9.054,12.93,9.054,H2,9.054,1,catchment_near_assigned_hospital,12,assumption_to_validate,Renaison other: assumed 36/day.
P357,HOME_P357,46.009668348187525,4.077367078831993,H3,dialysis,A0744,13:00,P1,high,2.0,prescription_medicale,2026-05-18 13:35:00,815,13:35,260,2026-05-18 17:55:00,1075,17:55,15,1,25,5.651,8.07,5.651,H2,5.076,1,catchment_near_assigned_hospital,8,assumption_to_validate,Third dialysis center: assumed 24/day.
P358,HOME_P358,46.011973133660355,4.0631811551293495,H1,external,A0427,16:30,P3,low,1.0,standard_assis,2026-05-18 17:30:00,1050,17:30,20,2026-05-18 17:50:00,1070,17:50,35,1,45,5.817,8.31,5.817,H2,4.719,1,catchment_near_assigned_hospital,18,computed_from_user_table,External visits: 75/day * 15% using fleet.
P359,HOME_P359,46.12245148679277,4.066525704390929,H1,other,A0253,08:30,P2,medium,1.5,standard_assis,2026-05-18 08:50:00,530,08:50,105,2026-05-18 10:35:00,635,10:35,25,1,35,9.63,13.76,9.63,H1,9.63,1,catchment_near_assigned_hospital,12,observed_user_table,CH Roanne other: 49/day.
P360,HOME_P360,45.96700715177558,3.979901211918141,H2,other,A0622,10:30,P2,medium,1.5,prescription_medicale,2026-05-18 11:15:00,675,11:15,35,2026-05-18 11:50:00,710,11:50,25,1,35,13.903,19.86,13.903,H2,13.903,1,catchment_near_assigned_hospital,12,assumption_to_validate,Renaison other: assumed 36/day.
P361,HOME_P361,45.96461067678617,4.151002994036511,H1,other,A0319,10:30,P2,medium,1.5,standard_assis,2026-05-18 11:20:00,680,11:20,95,2026-05-18 12:55:00,775,12:55,25,1,35,14.46,20.66,14.46,H2,13.785,1,catchment_near_assigned_hospital,12,observed_user_table,CH Roanne other: 49/day.
P362,HOME_P362,46.012805986150624,4.107713838375582,H2,oncology,A0552,13:00,P1,high,2.0,prescription_medicale,2026-05-18 13:40:00,820,13:40,290,2026-05-18 18:30:00,1110,18:30,15,1,25,5.917,8.45,5.917,H2,5.917,1,catchment_near_assigned_hospital,10,assumption_to_validate,Renaison oncology: assumed 16/day.
P363,HOME_P363,46.099990383316296,4.0920444419176105,H1,dialysis,A0043,08:00,P1,high,2.0,prescription_medicale,2026-05-18 08:55:00,535,08:55,240,2026-05-18 12:55:00,775,12:55,15,1,25,6.752,9.65,6.752,H1,6.752,1,catchment_near_assigned_hospital,8,observed_user_table,"CH Roanne dialysis: 53/day. 26 morning, 23 noon, 4 evening."
P364,HOME_P364,46.11526344754053,4.068236291360533,H3,dialysis,A0719,13:00,P1,high,2.0,prescription_medicale,2026-05-18 13:35:00,815,13:35,235,2026-05-18 17:30:00,1050,17:30,15,1,25,9.073,12.96,9.073,H1,8.623,1,catchment_near_assigned_hospital,8,assumption_to_validate,Third dialysis center: assumed 24/day.
P365,HOME_P365,45.971184224868644,4.045852418975347,H1,oncology,A0205,08:00,P1,high,2.0,standard_assis,2026-05-18 08:25:00,505,08:25,165,2026-05-18 11:10:00,670,11:10,15,1,25,11.704,16.72,11.704,H2,10.591,1,catchment_near_assigned_hospital,10,observed_user_table,CH Roanne chemotherapy: 30/day.
P366,HOME_P366,46.03062114136984,4.15396310581872,H1,dialysis,A0039,08:00,P1,high,2.0,vsl_required,2026-05-18 08:20:00,500,08:20,240,2026-05-18 12:20:00,740,12:20,15,1,25,8.45,12.07,8.45,H1,8.45,1,catchment_near_assigned_hospital,8,observed_user_table,"CH Roanne dialysis: 53/day. 26 morning, 23 noon, 4 evening."
P367,HOME_P367,46.04819700195013,4.015754789309561,H2,dialysis,A0499,13:00,P1,high,2.0,vsl_required,2026-05-18 13:00:00,780,13:00,255,2026-05-18 17:15:00,1035,17:15,15,1,25,5.129,7.33,5.129,H2,5.129,1,catchment_near_assigned_hospital,8,assumption_to_validate,Renaison dialysis: assumed 30/day.
P368,HOME_P368,46.078832121516136,4.016998888776711,H2,dialysis,A0496,13:00,P1,high,2.0,prescription_medicale,2026-05-18 13:20:00,800,13:20,230,2026-05-18 17:10:00,1030,17:10,15,1,25,6.795,9.71,6.795,H1,6.438,1,catchment_near_assigned_hospital,8,assumption_to_validate,Renaison dialysis: assumed 30/day.
P369,HOME_P369,46.032039280341046,4.136165542381764,H2,other,A0649,14:00,P2,medium,1.5,prescription_medicale,2026-05-18 15:15:00,915,15:15,35,2026-05-18 15:50:00,950,15:50,25,1,35,6.771,9.67,6.771,H2,6.771,1,catchment_near_assigned_hospital,12,assumption_to_validate,Renaison other: assumed 36/day.
P370,HOME_P370,46.04098939286821,4.071508647881805,H1,dialysis,A0083,13:00,P1,high,2.0,vsl_required,2026-05-18 13:00:00,780,13:00,240,2026-05-18 17:00:00,1020,17:00,15,1,25,1.715,5.0,1.715,H2,0.705,1,catchment_near_assigned_hospital,8,observed_user_table,"CH Roanne dialysis: 53/day. 26 morning, 23 noon, 4 evening."
P371,HOME_P371,46.04583527689907,4.086627144216693,H1,other,A0301,08:30,P2,medium,1.5,vsl_required,2026-05-18 09:25:00,565,09:25,100,2026-05-18 11:05:00,665,11:05,25,1,35,1.698,5.0,1.698,H1,1.698,1,catchment_near_assigned_hospital,12,observed_user_table,CH Roanne other: 49/day.
P372,HOME_P372,46.01540450935802,4.099965301748507,H1,dialysis,A0152,17:00,P1,high,2.0,vsl_required,2026-05-18 17:40:00,1060,17:40,240,2026-05-18 21:40:00,1300,21:40,15,1,25,5.888,8.41,5.888,H2,5.175,1,catchment_near_assigned_hospital,8,observed_user_table,"CH Roanne dialysis: 53/day. 26 morning, 23 noon, 4 evening."
P373,HOME_P373,46.042064909358395,4.2175044174882,H1,other,A0367,14:00,P2,medium,1.5,prescription_medicale,2026-05-18 15:15:00,915,15:15,95,2026-05-18 16:50:00,1010,16:50,25,1,35,14.056,20.08,14.056,H1,14.056,1,catchment_near_assigned_hospital,12,observed_user_table,CH Roanne other: 49/day.
P374,HOME_P374,46.02805267540888,4.057671559163305,H2,dialysis,A0491,13:00,P1,high,2.0,vsl_required,2026-05-18 13:05:00,785,13:05,245,2026-05-18 17:10:00,1030,17:10,15,1,25,2.678,5.0,2.678,H2,2.678,1,catchment_near_assigned_hospital,8,assumption_to_validate,Renaison dialysis: assumed 30/day.
P375,HOME_P375,46.06991990838239,4.19417263490559,H2,other,A0591,08:30,P2,medium,1.5,standard_assis,2026-05-18 09:50:00,590,09:50,35,2026-05-18 10:25:00,625,10:25,25,1,35,12.552,17.93,12.552,H1,11.941,1,catchment_near_assigned_hospital,12,assumption_to_validate,Renaison other: assumed 36/day.
P376,HOME_P376,46.02310581178007,4.118801820135172,H1,dialysis,A0024,08:00,P1,high,2.0,vsl_required,2026-05-18 08:25:00,505,08:25,240,2026-05-18 12:25:00,745,12:25,15,1,25,6.116,8.74,6.116,H2,5.757,1,catchment_near_assigned_hospital,8,observed_user_table,"CH Roanne dialysis: 53/day. 26 morning, 23 noon, 4 evening."
P377,HOME_P377,46.089676579383685,4.060343030978083,H2,oncology,A0530,08:00,P1,high,2.0,vsl_required,2026-05-18 08:10:00,490,08:10,115,2026-05-18 10:05:00,605,10:05,15,1,25,6.167,8.81,6.167,H1,5.195,1,catchment_near_assigned_hospital,10,assumption_to_validate,Renaison oncology: assumed 16/day.
P378,HOME_P378,46.09774082175568,3.983424038292794,H1,other,A0259,08:30,P2,medium,1.5,standard_assis,2026-05-18 08:35:00,515,08:35,70,2026-05-18 09:45:00,585,09:45,25,1,35,10.595,15.14,10.595,H1,10.595,1,catchment_near_assigned_hospital,12,observed_user_table,CH Roanne other: 49/day.
P379,HOME_P379,46.0817077396569,4.142806595881305,H1,dialysis,A0007,08:00,P1,high,2.0,vsl_required,2026-05-18 08:55:00,535,08:55,240,2026-05-18 12:55:00,775,12:55,15,1,25,7.829,11.18,7.829,H1,7.829,1,catchment_near_assigned_hospital,8,observed_user_table,"CH Roanne dialysis: 53/day. 26 morning, 23 noon, 4 evening."
P380,HOME_P380,45.94843664256439,4.035602348660774,H2,other,A0581,08:30,P2,medium,1.5,standard_assis,2026-05-18 08:35:00,515,08:35,30,2026-05-18 09:05:00,545,09:05,25,1,35,13.894,19.85,13.894,H2,13.894,1,catchment_near_assigned_hospital,12,assumption_to_validate,Renaison other: assumed 36/day.
P381,HOME_P381,46.05818863097292,4.12827720866993,H3,dialysis,A0745,13:00,P1,high,2.0,vsl_required,2026-05-18 13:00:00,780,13:00,230,2026-05-18 16:50:00,1010,16:50,15,1,25,5.735,8.19,5.735,H1,5.404,1,catchment_near_assigned_hospital,8,assumption_to_validate,Third dialysis center: assumed 24/day.
P382,HOME_P382,46.02843435214741,4.116509585500931,H1,dialysis,A0086,13:00,P1,high,2.0,prescription_medicale,2026-05-18 13:10:00,790,13:10,240,2026-05-18 17:10:00,1030,17:10,15,1,25,5.46,7.8,5.46,H2,5.191,1,catchment_near_assigned_hospital,8,observed_user_table,"CH Roanne dialysis: 53/day. 26 morning, 23 noon, 4 evening."
P383,HOME_P383,45.98725902512393,4.060846678959657,H1,dialysis,A0102,13:00,P1,high,2.0,prescription_medicale,2026-05-18 13:20:00,800,13:20,240,2026-05-18 17:20:00,1040,17:20,15,1,25,9.25,13.21,9.25,H2,8.159,1,catchment_near_assigned_hospital,8,observed_user_table,"CH Roanne dialysis: 53/day. 26 morning, 23 noon, 4 evening."
P384,HOME_P384,45.97851210478085,4.061175669894828,H2,oncology,A0536,08:00,P1,high,2.0,vsl_required,2026-05-18 08:50:00,530,08:50,240,2026-05-18 12:50:00,770,12:50,15,1,25,9.368,13.38,9.368,H2,9.368,1,catchment_near_assigned_hospital,10,assumption_to_validate,Renaison oncology: assumed 16/day.
P385,HOME_P385,46.01394428048763,4.145842842810813,H1,dialysis,A0148,17:00,P1,high,2.0,vsl_required,2026-05-18 17:05:00,1025,17:05,240,2026-05-18 21:05:00,1265,21:05,15,1,25,8.93,12.76,8.93,H2,8.646,1,catchment_near_assigned_hospital,8,observed_user_table,"CH Roanne dialysis: 53/day. 26 morning, 23 noon, 4 evening."
P386,HOME_P386,46.06598000845912,4.0437307652938985,H1,oncology,A0194,08:00,P1,high,2.0,prescription_medicale,2026-05-18 08:25:00,505,08:25,155,2026-05-18 11:00:00,660,11:00,15,1,25,3.303,5.0,3.303,H1,3.303,1,catchment_near_assigned_hospital,10,observed_user_table,CH Roanne chemotherapy: 30/day.
P387,HOME_P387,46.088131632766114,4.0783693913820995,H1,other,A0377,14:00,P2,medium,1.5,prescription_medicale,2026-05-18 14:25:00,865,14:25,100,2026-05-18 16:05:00,965,16:05,25,1,35,4.872,6.96,4.872,H1,4.872,1,catchment_near_assigned_hospital,12,observed_user_table,CH Roanne other: 49/day.
P388,HOME_P388,46.0734039428306,4.0134926662374,H1,other,A0370,14:00,P2,medium,1.5,standard_assis,2026-05-18 14:55:00,895,14:55,60,2026-05-18 15:55:00,955,15:55,25,1,35,6.357,9.08,6.357,H3,6.347,1,catchment_near_assigned_hospital,12,observed_user_table,CH Roanne other: 49/day.
P389,HOME_P389,46.11099581414624,3.9254466025341284,H1,external,A0430,17:30,P3,low,1.0,prescription_medicale,2026-05-18 17:55:00,1075,17:55,25,2026-05-18 18:20:00,1100,18:20,35,1,45,16.305,23.29,16.305,H1,16.305,1,catchment_near_assigned_hospital,18,computed_from_user_table,External visits: 75/day * 15% using fleet.
P390,HOME_P390,46.03521513476004,4.077043951804954,H1,dialysis,A0100,13:00,P1,high,2.0,prescription_medicale,2026-05-18 13:30:00,810,13:30,240,2026-05-18 17:30:00,1050,17:30,15,1,25,2.548,5.0,2.548,H2,1.66,1,catchment_near_assigned_hospital,8,observed_user_table,"CH Roanne dialysis: 53/day. 26 morning, 23 noon, 4 evening."
P391,HOME_P391,46.090120631567515,4.162587694434143,H2,other,A0612,10:30,P2,medium,1.5,prescription_medicale,2026-05-18 11:30:00,690,11:30,25,2026-05-18 11:55:00,715,11:55,25,1,35,10.951,15.64,10.951,H1,10.066,1,catchment_near_assigned_hospital,12,assumption_to_validate,Renaison other: assumed 36/day.
P392,HOME_P392,45.962907199039826,4.114766919748102,H1,other,A0354,14:00,P2,medium,1.5,standard_assis,2026-05-18 15:25:00,925,15:25,110,2026-05-18 17:15:00,1035,17:15,25,1,35,13.204,18.86,13.204,H2,12.334,1,catchment_near_assigned_hospital,12,observed_user_table,CH Roanne other: 49/day.
P393,HOME_P393,46.05152933036429,3.9884411959622477,H2,other,A0675,16:30,P2,medium,1.5,standard_assis,2026-05-18 17:40:00,1060,17:40,35,2026-05-18 18:15:00,1095,18:15,25,0,35,7.794,11.13,7.794,H2,7.794,1,catchment_near_assigned_hospital,12,assumption_to_validate,Renaison other: assumed 36/day.
P394,HOME_P394,46.13660767907973,4.148594414551311,H2,other,A0608,08:30,P2,medium,1.5,prescription_medicale,2026-05-18 09:35:00,575,09:35,30,2026-05-18 10:05:00,605,10:05,25,1,35,14.793,21.13,14.793,H1,13.696,1,catchment_near_assigned_hospital,12,assumption_to_validate,Renaison other: assumed 36/day.
P395,HOME_P395,46.04152617290602,3.929419303439459,H1,other,A0388,16:00,P2,medium,1.5,prescription_medicale,2026-05-18 16:55:00,1015,16:55,110,2026-05-18 18:45:00,1125,18:45,25,1,35,13.919,19.88,13.919,H2,13.46,1,catchment_near_assigned_hospital,12,observed_user_table,CH Roanne other: 49/day.
P396,HOME_P396,46.105711809241576,4.021312558626774,H1,dialysis,A0098,13:00,P1,high,2.0,vsl_required,2026-05-18 13:30:00,810,13:30,240,2026-05-18 17:30:00,1050,17:30,15,1,25,8.81,12.59,8.81,H1,8.81,1,catchment_near_assigned_hospital,8,observed_user_table,"CH Roanne dialysis: 53/day. 26 morning, 23 noon, 4 evening."
P397,HOME_P397,46.12083714796476,4.126712653365132,H1,oncology,A0241,14:00,P1,high,2.0,prescription_medicale,2026-05-18 14:00:00,840,14:00,150,2026-05-18 16:30:00,990,16:30,15,1,25,10.735,15.34,10.735,H1,10.735,1,catchment_near_assigned_hospital,10,observed_user_table,CH Roanne chemotherapy: 30/day.
P398,HOME_P398,46.06448359385327,3.9654389519349453,H1,oncology,A0184,08:00,P1,high,2.0,vsl_required,2026-05-18 08:50:00,530,08:50,165,2026-05-18 11:35:00,695,11:35,15,1,25,10.461,14.94,10.461,H3,10.284,1,catchment_near_assigned_hospital,10,observed_user_table,CH Roanne chemotherapy: 30/day.
P399,HOME_P399,46.03324192564017,4.135320940567161,H1,dialysis,A0116,13:00,P1,high,2.0,prescription_medicale,2026-05-18 13:25:00,805,13:25,240,2026-05-18 17:25:00,1045,17:25,15,1,25,6.654,9.51,6.654,H2,6.648,1,catchment_near_assigned_hospital,8,observed_user_table,"CH Roanne dialysis: 53/day. 26 morning, 23 noon, 4 evening."
P400,HOME_P400,46.077640934512914,3.9344672336089586,H1,other,A0290,08:30,P2,medium,1.5,standard_assis,2026-05-18 08:40:00,520,08:40,95,2026-05-18 10:15:00,615,10:15,25,1,35,13.754,19.65,13.754,H3,13.624,1,catchment_near_assigned_hospital,12,observed_user_table,CH Roanne other: 49/day.
P401,HOME_P401,46.07798351085758,4.155193178732397,H2,dialysis,A0466,08:00,P1,high,2.0,prescription_medicale,2026-05-18 08:15:00,495,08:15,260,2026-05-18 12:35:00,755,12:35,15,1,25,9.464,13.52,9.464,H1,8.664,1,catchment_near_assigned_hospital,8,assumption_to_validate,Renaison dialysis: assumed 30/day.
P402,HOME_P402,46.043450604897004,4.031453622746994,H1,other,A0371,14:00,P2,medium,1.5,standard_assis,2026-05-18 15:25:00,925,15:25,115,2026-05-18 17:20:00,1040,17:20,25,1,35,4.208,6.01,4.208,H2,3.617,1,catchment_near_assigned_hospital,12,observed_user_table,CH Roanne other: 49/day.
P403,HOME_P403,45.96066352724246,4.062279769727493,H1,other,A0340,10:30,P2,medium,1.5,prescription_medicale,2026-05-18 10:30:00,630,10:30,80,2026-05-18 11:50:00,710,11:50,25,1,35,12.915,18.45,12.915,H2,11.836,1,catchment_near_assigned_hospital,12,observed_user_table,CH Roanne other: 49/day.
P404,HOME_P404,46.051319832405106,4.051686520903299,H3,dialysis,A0716,13:00,P1,high,2.0,prescription_medicale,2026-05-18 13:45:00,825,13:45,225,2026-05-18 17:30:00,1050,17:30,15,1,25,1.776,5.0,1.776,H3,1.776,1,catchment_near_assigned_hospital,8,assumption_to_validate,Third dialysis center: assumed 24/day.
P405,HOME_P405,46.100353460061505,4.091977855813464,H3,dialysis,A0690,08:00,P1,high,2.0,vsl_required,2026-05-18 08:50:00,530,08:50,235,2026-05-18 12:45:00,765,12:45,15,1,25,7.313,10.45,7.313,H1,6.799,1,catchment_near_assigned_hospital,8,assumption_to_validate,Third dialysis center: assumed 24/day.
P406,HOME_P406,45.99610059278864,4.07749938971146,H2,dialysis,A0505,13:00,P1,high,2.0,vsl_required,2026-05-18 13:45:00,825,13:45,225,2026-05-18 17:30:00,1050,17:30,15,1,25,6.945,9.92,6.945,H2,6.945,1,catchment_near_assigned_hospital,8,assumption_to_validate,Renaison dialysis: assumed 30/day.
P407,HOME_P407,46.096322902558676,4.015507476386382,H1,dialysis,A0028,08:00,P1,high,2.0,vsl_required,2026-05-18 08:25:00,505,08:25,240,2026-05-18 12:25:00,745,12:25,15,1,25,8.135,11.62,8.135,H1,8.135,1,catchment_near_assigned_hospital,8,observed_user_table,"CH Roanne dialysis: 53/day. 26 morning, 23 noon, 4 evening."
P408,HOME_P408,45.999701337613764,4.054401217517448,H3,dialysis,A0683,08:00,P1,high,2.0,vsl_required,2026-05-18 08:35:00,515,08:35,230,2026-05-18 12:25:00,745,12:25,15,1,25,7.151,10.22,7.151,H2,6.543,1,catchment_near_assigned_hospital,8,assumption_to_validate,Third dialysis center: assumed 24/day.
P409,HOME_P409,46.03989451428464,4.130382653892493,H1,dialysis,A0029,08:00,P1,high,2.0,vsl_required,2026-05-18 08:35:00,515,08:35,240,2026-05-18 12:35:00,755,12:35,15,1,25,5.868,8.38,5.868,H1,5.868,1,catchment_near_assigned_hospital,8,observed_user_table,"CH Roanne dialysis: 53/day. 26 morning, 23 noon, 4 evening."
P410,HOME_P410,46.00398533257204,4.041553988959457,H1,other,A0318,10:30,P2,medium,1.5,prescription_medicale,2026-05-18 11:50:00,710,11:50,85,2026-05-18 13:15:00,795,13:15,25,1,35,7.484,10.69,7.484,H2,6.366,1,catchment_near_assigned_hospital,12,observed_user_table,CH Roanne other: 49/day.
P411,HOME_P411,46.09724831876642,4.075339148003363,H3,dialysis,A0722,13:00,P1,high,2.0,prescription_medicale,2026-05-18 13:50:00,830,13:50,270,2026-05-18 18:20:00,1100,18:20,15,1,25,6.587,9.41,6.587,H1,6.114,1,catchment_near_assigned_hospital,8,assumption_to_validate,Third dialysis center: assumed 24/day.
P412,HOME_P412,46.07776638640037,4.145123740263383,H2,dialysis,A0448,08:00,P1,high,2.0,prescription_medicale,2026-05-18 08:45:00,525,08:45,255,2026-05-18 13:00:00,780,13:00,15,1,25,8.605,12.29,8.605,H1,7.768,1,catchment_near_assigned_hospital,8,assumption_to_validate,Renaison dialysis: assumed 30/day.
P413,HOME_P413,46.06491791968421,4.120902041710011,H1,dialysis,A0139,13:00,P1,high,2.0,prescription_medicale,2026-05-18 13:10:00,790,13:10,240,2026-05-18 17:10:00,1030,17:10,15,1,25,4.922,7.03,4.922,H1,4.922,1,catchment_near_assigned_hospital,8,observed_user_table,"CH Roanne dialysis: 53/day. 26 morning, 23 noon, 4 evening."
P414,HOME_P414,46.05644946828474,4.116848661477331,H2,dialysis,A0493,13:00,P1,high,2.0,prescription_medicale,2026-05-18 13:30:00,810,13:30,210,2026-05-18 17:00:00,1020,17:00,15,1,25,4.87,6.96,4.87,H1,4.281,1,catchment_near_assigned_hospital,8,assumption_to_validate,Renaison dialysis: assumed 30/day.
P415,HOME_P415,46.059858548153045,4.127910991194834,H2,other,A0626,10:30,P2,medium,1.5,standard_assis,2026-05-18 11:15:00,675,11:15,25,2026-05-18 11:40:00,700,11:40,25,1,35,6.032,8.62,6.032,H1,5.403,1,catchment_near_assigned_hospital,12,assumption_to_validate,Renaison other: assumed 36/day.
P416,HOME_P416,45.98534338548064,4.0765143335444245,H1,dialysis,A0025,08:00,P1,high,2.0,vsl_required,2026-05-18 08:25:00,505,08:25,240,2026-05-18 12:25:00,745,12:25,15,1,25,9.453,13.5,9.453,H2,8.422,1,catchment_near_assigned_hospital,8,observed_user_table,"CH Roanne dialysis: 53/day. 26 morning, 23 noon, 4 evening."
P417,HOME_P417,46.04077836239721,4.132275567478079,H2,other,A0627,10:30,P2,medium,1.5,standard_assis,2026-05-18 10:40:00,640,10:40,25,2026-05-18 11:05:00,665,11:05,25,1,35,6.162,8.8,6.162,H1,6.005,1,catchment_near_assigned_hospital,12,assumption_to_validate,Renaison other: assumed 36/day.
P418,HOME_P418,45.99796099555729,4.025632159985473,H2,dialysis,A0450,08:00,P1,high,2.0,vsl_required,2026-05-18 08:10:00,490,08:10,230,2026-05-18 12:00:00,720,12:00,15,1,25,7.835,11.19,7.835,H2,7.835,1,catchment_near_assigned_hospital,8,assumption_to_validate,Renaison dialysis: assumed 30/day.
P419,HOME_P419,46.059011177375275,3.968425876128557,H1,other,A0341,10:30,P2,medium,1.5,standard_assis,2026-05-18 11:05:00,665,11:05,95,2026-05-18 12:40:00,760,12:40,25,1,35,10.089,14.41,10.089,H2,9.857,1,catchment_near_assigned_hospital,12,observed_user_table,CH Roanne other: 49/day.
P420,HOME_P420,46.03239110263222,4.16757594093097,H1,oncology,A0166,08:00,P1,high,2.0,vsl_required,2026-05-18 08:25:00,505,08:25,150,2026-05-18 10:55:00,655,10:55,15,1,25,9.604,13.72,9.604,H1,9.604,1,catchment_near_assigned_hospital,10,observed_user_table,CH Roanne chemotherapy: 30/day.
P421,HOME_P421,46.11833420678737,4.078126306976725,H2,oncology,A0554,13:00,P1,high,2.0,prescription_medicale,2026-05-18 13:40:00,820,13:40,90,2026-05-18 15:10:00,910,15:10,15,1,25,10.136,14.48,10.136,H1,9.054,1,catchment_near_assigned_hospital,10,assumption_to_validate,Renaison oncology: assumed 16/day.
P422,HOME_P422,46.10391453932138,4.104505584409468,H1,oncology,A0192,08:00,P1,high,2.0,prescription_medicale,2026-05-18 08:35:00,515,08:35,155,2026-05-18 11:10:00,670,11:10,15,1,25,7.674,10.96,7.674,H1,7.674,1,catchment_near_assigned_hospital,10,observed_user_table,CH Roanne chemotherapy: 30/day.
P423,HOME_P423,46.064210214546605,4.1311844340337345,H1,dialysis,A0123,13:00,P1,high,2.0,prescription_medicale,2026-05-18 13:30:00,810,13:30,240,2026-05-18 17:30:00,1050,17:30,15,1,25,5.841,8.34,5.841,H1,5.841,1,catchment_near_assigned_hospital,8,observed_user_table,"CH Roanne dialysis: 53/day. 26 morning, 23 noon, 4 evening."
P424,HOME_P424,45.997557000867836,4.020061280738295,H1,dialysis,A0106,13:00,P1,high,2.0,vsl_required,2026-05-18 13:05:00,785,13:05,240,2026-05-18 17:05:00,1025,17:05,15,1,25,9.265,13.24,9.265,H2,8.18,1,catchment_near_assigned_hospital,8,observed_user_table,"CH Roanne dialysis: 53/day. 26 morning, 23 noon, 4 evening."
P425,HOME_P425,46.067706859973235,4.126561885272737,H3,dialysis,A0711,08:00,P1,high,2.0,vsl_required,2026-05-18 08:35:00,515,08:35,230,2026-05-18 12:25:00,745,12:25,15,1,25,5.985,8.55,5.985,H1,5.567,1,catchment_near_assigned_hospital,8,assumption_to_validate,Third dialysis center: assumed 24/day.
P426,HOME_P426,46.10631544270499,4.0998666663344965,H1,oncology,A0232,11:00,P1,high,2.0,standard_assis,2026-05-18 11:45:00,705,11:45,175,2026-05-18 14:40:00,880,14:40,15,1,25,7.82,11.17,7.82,H1,7.82,1,catchment_near_assigned_hospital,10,observed_user_table,CH Roanne chemotherapy: 30/day.
P427,HOME_P427,45.967706729941355,4.075088254881935,H1,oncology,A0215,11:00,P1,high,2.0,standard_assis,2026-05-18 11:35:00,695,11:35,155,2026-05-18 14:10:00,850,14:10,15,1,25,11.899,17.0,11.899,H2,10.858,1,catchment_near_assigned_hospital,10,observed_user_table,CH Roanne chemotherapy: 30/day.
P428,HOME_P428,45.97782204261081,4.1755125378737965,H2,other,A0640,14:00,P2,medium,1.5,vsl_required,2026-05-18 14:40:00,880,14:40,40,2026-05-18 15:20:00,920,15:20,25,1,35,13.969,19.96,13.969,H2,13.969,1,catchment_near_assigned_hospital,12,assumption_to_validate,Renaison other: assumed 36/day.
P429,HOME_P429,46.046792115968366,4.109387433289764,H2,oncology,A0529,08:00,P1,high,2.0,vsl_required,2026-05-18 08:10:00,490,08:10,320,2026-05-18 13:30:00,810,13:30,15,1,25,3.919,5.6,3.919,H1,3.653,1,catchment_near_assigned_hospital,10,assumption_to_validate,Renaison oncology: assumed 16/day.
P430,HOME_P430,46.01039606913373,4.054454573775425,H1,dialysis,A0146,13:00,P1,high,2.0,vsl_required,2026-05-18 13:25:00,805,13:25,240,2026-05-18 17:25:00,1045,17:25,15,1,25,6.218,8.88,6.218,H2,5.099,1,catchment_near_assigned_hospital,8,observed_user_table,"CH Roanne dialysis: 53/day. 26 morning, 23 noon, 4 evening."
P431,HOME_P431,46.089651879095165,4.052348309111562,H1,other,A0350,10:30,P2,medium,1.5,standard_assis,2026-05-18 10:45:00,645,10:45,110,2026-05-18 12:35:00,755,12:35,25,1,35,5.42,7.74,5.42,H1,5.42,1,catchment_near_assigned_hospital,12,observed_user_table,CH Roanne other: 49/day.
P432,HOME_P432,45.97959144058335,4.089919537171478,H1,oncology,A0173,08:00,P1,high,2.0,vsl_required,2026-05-18 08:40:00,520,08:40,160,2026-05-18 11:20:00,680,11:20,15,1,25,10.379,14.83,10.379,H2,9.412,1,catchment_near_assigned_hospital,10,observed_user_table,CH Roanne chemotherapy: 30/day.
P433,HOME_P433,46.02875550169648,4.204151540039062,H2,other,A0624,10:30,P2,medium,1.5,prescription_medicale,2026-05-18 11:15:00,675,11:15,30,2026-05-18 11:45:00,705,11:45,25,1,35,13.27,18.96,13.27,H1,13.133,1,catchment_near_assigned_hospital,12,assumption_to_validate,Renaison other: assumed 36/day.
P434,HOME_P434,46.10936276938955,4.004704008418057,H1,other,A0386,16:00,P2,medium,1.5,prescription_medicale,2026-05-18 16:40:00,1000,16:40,120,2026-05-18 18:40:00,1120,18:40,25,1,35,10.183,14.55,10.183,H1,10.183,1,catchment_near_assigned_hospital,12,observed_user_table,CH Roanne other: 49/day.
P435,HOME_P435,46.04448354095632,4.076944552347144,H2,other,A0638,14:00,P2,medium,1.5,standard_assis,2026-05-18 14:00:00,840,14:00,40,2026-05-18 14:40:00,880,14:40,25,1,35,0.804,5.0,0.804,H2,0.804,1,catchment_near_assigned_hospital,12,assumption_to_validate,Renaison other: assumed 36/day.
P436,HOME_P436,46.05837999670383,4.171534294160341,H1,other,A0337,10:30,P2,medium,1.5,standard_assis,2026-05-18 11:20:00,680,11:20,80,2026-05-18 12:40:00,760,12:40,25,1,35,9.559,13.66,9.559,H1,9.559,1,catchment_near_assigned_hospital,12,observed_user_table,CH Roanne other: 49/day.
P437,HOME_P437,46.091052051673465,4.0614530230272265,H1,dialysis,A0129,13:00,P1,high,2.0,vsl_required,2026-05-18 13:55:00,835,13:55,240,2026-05-18 17:55:00,1075,17:55,15,1,25,5.358,7.65,5.358,H1,5.358,1,catchment_near_assigned_hospital,8,observed_user_table,"CH Roanne dialysis: 53/day. 26 morning, 23 noon, 4 evening."
P438,HOME_P438,46.04377166277363,4.076117767482896,H3,dialysis,A0686,08:00,P1,high,2.0,vsl_required,2026-05-18 08:55:00,535,08:55,220,2026-05-18 12:35:00,755,12:35,15,1,25,1.048,5.0,1.048,H2,0.755,1,catchment_near_assigned_hospital,8,assumption_to_validate,Third dialysis center: assumed 24/day.
P439,HOME_P439,46.041824328519915,4.1120191752656075,H2,oncology,A0566,15:00,P1,high,2.0,vsl_required,2026-05-18 15:25:00,925,15:25,235,2026-05-18 19:20:00,1160,19:20,15,1,25,4.204,6.01,4.204,H1,4.115,1,catchment_near_assigned_hospital,10,assumption_to_validate,Renaison oncology: assumed 16/day.
P440,HOME_P440,46.05852089259138,4.041668078770524,H2,oncology,A0534,08:00,P1,high,2.0,vsl_required,2026-05-18 08:50:00,530,08:50,60,2026-05-18 09:50:00,590,09:50,15,1,25,3.166,5.0,3.166,H3,2.978,1,catchment_near_assigned_hospital,10,assumption_to_validate,Renaison oncology: assumed 16/day.
P441,HOME_P441,46.03685748601065,3.929679282030636,H2,other,A0642,14:00,P2,medium,1.5,standard_assis,2026-05-18 15:00:00,900,15:00,40,2026-05-18 15:40:00,940,15:40,25,1,35,13.479,19.26,13.479,H2,13.479,1,catchment_near_assigned_hospital,12,assumption_to_validate,Renaison other: assumed 36/day.
P442,HOME_P442,46.02176284985384,4.0467277953568805,H1,dialysis,A0088,13:00,P1,high,2.0,vsl_required,2026-05-18 13:15:00,795,13:15,240,2026-05-18 17:15:00,1035,17:15,15,1,25,5.049,7.21,5.049,H2,3.95,1,catchment_near_assigned_hospital,8,observed_user_table,"CH Roanne dialysis: 53/day. 26 morning, 23 noon, 4 evening."
P443,HOME_P443,46.06955678656057,4.030311739694586,H2,other,A0671,16:30,P2,medium,1.5,prescription_medicale,2026-05-18 17:30:00,1050,17:30,30,2026-05-18 18:00:00,1080,18:00,25,1,35,4.978,7.11,4.978,H1,4.671,1,catchment_near_assigned_hospital,12,assumption_to_validate,Renaison other: assumed 36/day.
P444,HOME_P444,46.07797823228624,4.117294365309474,H1,dialysis,A0149,17:00,P1,high,2.0,vsl_required,2026-05-18 17:25:00,1045,17:25,240,2026-05-18 21:25:00,1285,21:25,15,1,25,5.501,7.86,5.501,H1,5.501,1,catchment_near_assigned_hospital,8,observed_user_table,"CH Roanne dialysis: 53/day. 26 morning, 23 noon, 4 evening."
P445,HOME_P445,46.05372813336036,4.099480892256614,H1,dialysis,A0151,17:00,P1,high,2.0,vsl_required,2026-05-18 17:15:00,1035,17:15,240,2026-05-18 21:15:00,1275,21:15,15,1,25,2.584,5.0,2.584,H1,2.584,1,catchment_near_assigned_hospital,8,observed_user_table,"CH Roanne dialysis: 53/day. 26 morning, 23 noon, 4 evening."
P446,HOME_P446,46.12195417959304,4.049931121793698,H1,dialysis,A0019,08:00,P1,high,2.0,vsl_required,2026-05-18 08:15:00,495,08:15,240,2026-05-18 12:15:00,735,12:15,15,1,25,9.792,13.99,9.792,H1,9.792,1,catchment_near_assigned_hospital,8,observed_user_table,"CH Roanne dialysis: 53/day. 26 morning, 23 noon, 4 evening."
P447,HOME_P447,46.01619153149155,4.003101205750347,H3,dialysis,A0688,08:00,P1,high,2.0,vsl_required,2026-05-18 08:25:00,505,08:25,220,2026-05-18 12:05:00,725,12:05,15,1,25,7.985,11.41,7.985,H2,7.551,1,catchment_near_assigned_hospital,8,assumption_to_validate,Third dialysis center: assumed 24/day.
P448,HOME_P448,46.121746712714106,3.9879687125241103,H1,other,A0385,16:00,P2,medium,1.5,prescription_medicale,2026-05-18 16:05:00,965,16:05,70,2026-05-18 17:15:00,1035,17:15,25,1,35,12.539,17.91,12.539,H1,12.539,1,catchment_near_assigned_hospital,12,observed_user_table,CH Roanne other: 49/day.
P449,HOME_P449,46.08923514568814,3.9824202465050584,H2,other,A0634,10:30,P2,medium,1.5,standard_assis,2026-05-18 10:35:00,635,10:35,25,2026-05-18 11:00:00,660,11:00,25,1,35,10.296,14.71,10.296,H1,10.037,1,catchment_near_assigned_hospital,12,assumption_to_validate,Renaison other: assumed 36/day.
P450,HOME_P450,45.95332601048343,4.093803544017481,H2,other,A0585,08:30,P2,medium,1.5,standard_assis,2026-05-18 08:55:00,535,08:55,40,2026-05-18 09:35:00,575,09:35,25,1,35,13.064,18.66,13.064,H2,13.064,1,catchment_near_assigned_hospital,12,assumption_to_validate,Renaison other: assumed 36/day.
P451,HOME_P451,46.115305409592814,4.0825533813611585,H1,dialysis,A0138,13:00,P1,high,2.0,vsl_required,2026-05-18 13:05:00,785,13:05,240,2026-05-18 17:05:00,1025,17:05,15,1,25,8.671,12.39,8.671,H1,8.671,1,catchment_near_assigned_hospital,8,observed_user_table,"CH Roanne dialysis: 53/day. 26 morning, 23 noon, 4 evening."
P452,HOME_P452,46.01550431362752,4.125021438753828,H1,other,A0394,16:00,P2,medium,1.5,standard_assis,2026-05-18 16:15:00,975,16:15,65,2026-05-18 17:20:00,1040,17:20,25,1,35,7.286,10.41,7.286,H2,6.859,1,catchment_near_assigned_hospital,12,observed_user_table,CH Roanne other: 49/day.
P453,HOME_P453,45.99857444819675,4.116890942874137,H1,other,A0287,08:30,P2,medium,1.5,standard_assis,2026-05-18 09:55:00,595,09:55,100,2026-05-18 11:35:00,695,11:35,25,1,35,8.721,12.46,8.721,H2,8.028,1,catchment_near_assigned_hospital,12,observed_user_table,CH Roanne other: 49/day.
P454,HOME_P454,46.186139704428044,4.044340520380465,H1,external,A0411,10:30,P3,low,1.0,standard_assis,2026-05-18 11:25:00,685,11:25,20,2026-05-18 11:45:00,705,11:45,35,0,48,18.665,26.66,18.665,H1,18.665,1,catchment_near_assigned_hospital,18,computed_from_user_table,External visits: 75/day * 15% using fleet.
P455,HOME_P455,46.09389646252881,4.133302240192061,H1,dialysis,A0128,13:00,P1,high,2.0,vsl_required,2026-05-18 13:20:00,800,13:20,240,2026-05-18 17:20:00,1040,17:20,15,1,25,8.123,11.6,8.123,H1,8.123,1,catchment_near_assigned_hospital,8,observed_user_table,"CH Roanne dialysis: 53/day. 26 morning, 23 noon, 4 evening."
P456,HOME_P456,45.99086011611492,4.0583074866039075,H1,oncology,A0210,08:00,P1,high,2.0,prescription_medicale,2026-05-18 08:15:00,495,08:15,155,2026-05-18 10:50:00,650,10:50,15,1,25,8.789,12.56,8.789,H2,7.689,1,catchment_near_assigned_hospital,10,observed_user_table,CH Roanne chemotherapy: 30/day.
P457,HOME_P457,46.06241187925172,4.2159063178830465,H1,other,A0333,10:30,P2,medium,1.5,standard_assis,2026-05-18 11:35:00,695,11:35,95,2026-05-18 13:10:00,790,13:10,25,1,35,13.87,19.81,13.87,H1,13.87,1,catchment_near_assigned_hospital,12,observed_user_table,CH Roanne other: 49/day.
P458,HOME_P458,46.029587146901605,4.098295541597631,H2,other,A0636,10:30,P2,medium,1.5,prescription_medicale,2026-05-18 11:15:00,675,11:15,30,2026-05-18 11:45:00,705,11:45,25,1,35,3.621,5.17,3.621,H2,3.621,1,catchment_near_assigned_hospital,12,assumption_to_validate,Renaison other: assumed 36/day.
P459,HOME_P459,46.069276948789444,4.270992353113506,H1,external,A0418,13:30,P3,low,1.0,standard_assis,2026-05-18 15:00:00,900,15:00,20,2026-05-18 15:20:00,920,15:20,35,1,50,19.253,27.5,19.253,H1,19.253,1,catchment_near_assigned_hospital,18,computed_from_user_table,External visits: 75/day * 15% using fleet.
P460,HOME_P460,46.10877422183907,4.1197994097348785,H1,dialysis,A0038,08:00,P1,high,2.0,vsl_required,2026-05-18 08:10:00,490,08:10,240,2026-05-18 12:10:00,730,12:10,15,1,25,8.948,12.78,8.948,H1,8.948,1,catchment_near_assigned_hospital,8,observed_user_table,"CH Roanne dialysis: 53/day. 26 morning, 23 noon, 4 evening."
P461,HOME_P461,45.986575302858306,4.101440722795829,H1,other,A0275,08:30,P2,medium,1.5,standard_assis,2026-05-18 08:30:00,510,08:30,100,2026-05-18 10:10:00,610,10:10,25,1,35,9.68,13.83,9.68,H2,8.801,1,catchment_near_assigned_hospital,12,observed_user_table,CH Roanne other: 49/day.
P462,HOME_P462,46.03382886352382,3.978944603967897,H2,dialysis,A0481,13:00,P1,high,2.0,vsl_required,2026-05-18 13:35:00,815,13:35,235,2026-05-18 17:30:00,1050,17:30,15,1,25,8.825,12.61,8.825,H2,8.825,1,catchment_near_assigned_hospital,8,assumption_to_validate,Renaison dialysis: assumed 30/day.
P463,HOME_P463,46.03021681406292,4.162492867997057,H3,dialysis,A0699,08:00,P1,high,2.0,vsl_required,2026-05-18 08:30:00,510,08:30,230,2026-05-18 12:20:00,740,12:20,15,1,25,9.338,13.34,9.338,H1,9.238,1,catchment_near_assigned_hospital,8,assumption_to_validate,Third dialysis center: assumed 24/day.
P464,HOME_P464,46.01395401876272,3.929499094874111,H2,other,A0660,14:00,P2,medium,1.5,standard_assis,2026-05-18 15:25:00,925,15:25,35,2026-05-18 16:00:00,960,16:00,25,1,35,14.148,20.21,14.148,H2,14.148,1,catchment_near_assigned_hospital,12,assumption_to_validate,Renaison other: assumed 36/day.
P465,HOME_P465,46.09043697175388,4.097532183642061,H3,dialysis,A0712,08:00,P1,high,2.0,vsl_required,2026-05-18 08:50:00,530,08:50,235,2026-05-18 12:45:00,765,12:45,15,1,25,6.216,8.88,6.216,H1,5.69,1,catchment_near_assigned_hospital,8,assumption_to_validate,Third dialysis center: assumed 24/day.
P466,HOME_P466,46.029610991600904,4.017827898485996,H1,dialysis,A0005,08:00,P1,high,2.0,prescription_medicale,2026-05-18 08:10:00,490,08:10,240,2026-05-18 12:10:00,730,12:10,15,1,25,6.234,8.91,6.234,H2,5.403,1,catchment_near_assigned_hospital,8,observed_user_table,"CH Roanne dialysis: 53/day. 26 morning, 23 noon, 4 evening."
P467,HOME_P467,46.12336644383424,4.1368124369828285,H1,oncology,A0191,08:00,P1,high,2.0,vsl_required,2026-05-18 08:10:00,490,08:10,175,2026-05-18 11:05:00,665,11:05,15,1,25,11.534,16.48,11.534,H1,11.534,1,catchment_near_assigned_hospital,10,observed_user_table,CH Roanne chemotherapy: 30/day.
P468,HOME_P468,45.990649993444876,4.045079926005943,H2,dialysis,A0436,08:00,P1,high,2.0,prescription_medicale,2026-05-18 08:55:00,535,08:55,225,2026-05-18 12:40:00,760,12:40,15,1,25,7.987,11.41,7.987,H2,7.987,1,catchment_near_assigned_hospital,8,assumption_to_validate,Renaison dialysis: assumed 30/day.
P469,HOME_P469,45.99599153013878,4.088148166303639,H1,oncology,A0197,08:00,P1,high,2.0,standard_assis,2026-05-18 08:15:00,495,08:15,150,2026-05-18 10:45:00,645,10:45,15,1,25,8.104,11.58,8.104,H2,7.157,1,catchment_near_assigned_hospital,10,observed_user_table,CH Roanne chemotherapy: 30/day.
P470,HOME_P470,46.084118948442615,4.074443107050239,H2,other,A0579,08:30,P2,medium,1.5,standard_assis,2026-05-18 09:45:00,585,09:45,35,2026-05-18 10:20:00,620,10:20,25,1,35,5.368,7.67,5.368,H1,4.287,1,catchment_near_assigned_hospital,12,assumption_to_validate,Renaison other: assumed 36/day.
P471,HOME_P471,46.10964998605627,4.033193778136333,H1,other,A0299,08:30,P2,medium,1.5,vsl_required,2026-05-18 09:45:00,585,09:45,110,2026-05-18 11:35:00,695,11:35,25,1,35,8.709,12.44,8.709,H1,8.709,1,catchment_near_assigned_hospital,12,observed_user_table,CH Roanne other: 49/day.
P472,HOME_P472,45.979048149112344,4.003761180919293,H1,oncology,A0196,08:00,P1,high,2.0,prescription_medicale,2026-05-18 08:50:00,530,08:50,175,2026-05-18 11:45:00,705,11:45,15,1,25,12.28,17.54,12.28,H2,11.191,1,catchment_near_assigned_hospital,10,observed_user_table,CH Roanne chemotherapy: 30/day.
P473,HOME_P473,46.00323220028635,4.1132658745227575,H1,oncology,A0203,08:00,P1,high,2.0,vsl_required,2026-05-18 08:25:00,505,08:25,175,2026-05-18 11:20:00,680,11:20,15,1,25,7.985,11.41,7.985,H2,7.298,1,catchment_near_assigned_hospital,10,observed_user_table,CH Roanne chemotherapy: 30/day.
P474,HOME_P474,45.97318918909269,4.118534823891633,H2,other,A0630,10:30,P2,medium,1.5,prescription_medicale,2026-05-18 11:40:00,700,11:40,30,2026-05-18 12:10:00,730,12:10,25,1,35,11.164,15.95,11.164,H2,11.164,1,catchment_near_assigned_hospital,12,assumption_to_validate,Renaison other: assumed 36/day.
P475,HOME_P475,46.0000070301716,4.052519202934994,H1,dialysis,A0040,08:00,P1,high,2.0,vsl_required,2026-05-18 08:15:00,495,08:15,240,2026-05-18 12:15:00,735,12:15,15,0,25,7.659,10.94,7.659,H2,6.543,1,catchment_near_assigned_hospital,8,observed_user_table,"CH Roanne dialysis: 53/day. 26 morning, 23 noon, 4 evening."
P476,HOME_P476,46.11401790565528,4.070647628932969,H1,dialysis,A0053,08:00,P1,high,2.0,vsl_required,2026-05-18 08:15:00,495,08:15,240,2026-05-18 12:15:00,735,12:15,15,1,25,8.442,12.06,8.442,H1,8.442,1,catchment_near_assigned_hospital,8,observed_user_table,"CH Roanne dialysis: 53/day. 26 morning, 23 noon, 4 evening."
P477,HOME_P477,46.0789002718177,3.993516906818806,H1,other,A0323,10:30,P2,medium,1.5,standard_assis,2026-05-18 11:50:00,710,11:50,85,2026-05-18 13:15:00,795,13:15,25,1,35,8.425,12.04,8.425,H3,8.399,1,catchment_near_assigned_hospital,12,observed_user_table,CH Roanne other: 49/day.
P478,HOME_P478,46.131230825131205,4.0788526409806165,H2,oncology,A0523,08:00,P1,high,2.0,prescription_medicale,2026-05-18 08:10:00,490,08:10,90,2026-05-18 09:40:00,580,09:40,15,1,25,11.928,17.04,11.928,H1,10.848,1,catchment_near_assigned_hospital,10,assumption_to_validate,Renaison oncology: assumed 16/day.
P479,HOME_P479,46.1321565295054,4.028655897694075,H1,other,A0255,08:30,P2,medium,1.5,standard_assis,2026-05-18 09:40:00,580,09:40,115,2026-05-18 11:35:00,695,11:35,25,1,35,11.754,16.79,11.754,H1,11.754,1,catchment_near_assigned_hospital,12,observed_user_table,CH Roanne other: 49/day.
P480,HOME_P480,46.03235562275459,4.021920855732222,H1,oncology,A0227,11:00,P1,high,2.0,standard_assis,2026-05-18 11:50:00,710,11:50,155,2026-05-18 14:25:00,865,14:25,15,1,25,5.699,8.14,5.699,H2,4.889,1,catchment_near_assigned_hospital,10,observed_user_table,CH Roanne chemotherapy: 30/day.
P481,HOME_P481,46.125512692835635,4.036101335985023,H2,other,A0599,08:30,P2,medium,1.5,standard_assis,2026-05-18 09:25:00,565,09:25,25,2026-05-18 09:50:00,590,09:50,25,1,35,11.533,16.48,11.533,H1,10.639,1,catchment_near_assigned_hospital,12,assumption_to_validate,Renaison other: assumed 36/day.
P482,HOME_P482,46.045421767297825,3.9496719746221958,H2,other,A0619,10:30,P2,medium,1.5,standard_assis,2026-05-18 11:25:00,685,11:25,40,2026-05-18 12:05:00,725,12:05,25,1,35,11.493,16.42,11.493,H2,11.493,1,catchment_near_assigned_hospital,12,assumption_to_validate,Renaison other: assumed 36/day.
P483,HOME_P483,46.080452030064045,3.9748655321289097,H1,other,A0348,10:30,P2,medium,1.5,prescription_medicale,2026-05-18 11:10:00,670,11:10,80,2026-05-18 12:30:00,750,12:30,25,1,35,10.162,14.52,10.162,H3,10.104,1,catchment_near_assigned_hospital,12,observed_user_table,CH Roanne other: 49/day.
P484,HOME_P484,46.065614034739134,3.9737278218459036,H3,dialysis,A0687,08:00,P1,high,2.0,prescription_medicale,2026-05-18 08:30:00,510,08:30,270,2026-05-18 13:00:00,780,13:00,15,1,25,9.536,13.62,9.536,H3,9.536,1,catchment_near_assigned_hospital,8,assumption_to_validate,Third dialysis center: assumed 24/day.
P485,HOME_P485,46.08719700380738,4.163328908412754,H1,dialysis,A0057,08:00,P1,high,2.0,vsl_required,2026-05-18 08:00:00,480,08:00,240,2026-05-18 12:00:00,720,12:00,15,1,25,9.928,14.18,9.928,H1,9.928,1,catchment_near_assigned_hospital,8,observed_user_table,"CH Roanne dialysis: 53/day. 26 morning, 23 noon, 4 evening."
P486,HOME_P486,46.02036706748168,4.2016769367049225,H1,external,A0417,12:30,P3,low,1.0,standard_assis,2026-05-18 14:25:00,865,14:25,30,2026-05-18 14:55:00,895,14:55,35,0,45,13.26,18.94,13.26,H1,13.26,1,catchment_near_assigned_hospital,18,computed_from_user_table,External visits: 75/day * 15% using fleet.
P487,HOME_P487,46.09421829975546,3.9903872206196698,H3,dialysis,A0724,13:00,P1,high,2.0,prescription_medicale,2026-05-18 13:25:00,805,13:25,245,2026-05-18 17:30:00,1050,17:30,15,1,25,9.834,14.05,9.834,H1,9.764,1,catchment_near_assigned_hospital,8,assumption_to_validate,Third dialysis center: assumed 24/day.
P488,HOME_P488,46.03580377929892,3.9740284835189432,H3,dialysis,A0726,13:00,P1,high,2.0,vsl_required,2026-05-18 13:35:00,815,13:35,220,2026-05-18 17:15:00,1035,17:15,15,1,25,9.467,13.52,9.467,H2,9.247,1,catchment_near_assigned_hospital,8,assumption_to_validate,Third dialysis center: assumed 24/day.
P489,HOME_P489,45.98653277912786,4.109027307401519,H1,dialysis,A0095,13:00,P1,high,2.0,vsl_required,2026-05-18 13:20:00,800,13:20,240,2026-05-18 17:20:00,1040,17:20,15,1,25,9.92,14.17,9.92,H2,9.094,1,catchment_near_assigned_hospital,8,observed_user_table,"CH Roanne dialysis: 53/day. 26 morning, 23 noon, 4 evening."
P490,HOME_P490,46.04158050954044,4.088123281625106,H1,oncology,A0161,08:00,P1,high,2.0,prescription_medicale,2026-05-18 08:20:00,500,08:20,150,2026-05-18 10:50:00,650,10:50,15,1,25,2.206,5.0,2.206,H2,1.95,1,catchment_near_assigned_hospital,10,observed_user_table,CH Roanne chemotherapy: 30/day.
P491,HOME_P491,46.107888569413426,4.125095055099072,H1,dialysis,A0009,08:00,P1,high,2.0,vsl_required,2026-05-18 08:45:00,525,08:45,240,2026-05-18 12:45:00,765,12:45,15,1,25,9.115,13.02,9.115,H1,9.115,1,catchment_near_assigned_hospital,8,observed_user_table,"CH Roanne dialysis: 53/day. 26 morning, 23 noon, 4 evening."
P492,HOME_P492,46.09792397327974,3.9611290275421065,H1,other,A0359,14:00,P2,medium,1.5,prescription_medicale,2026-05-18 15:10:00,910,15:10,100,2026-05-18 16:50:00,1010,16:50,25,1,35,12.418,17.74,12.418,H1,12.418,1,catchment_near_assigned_hospital,12,observed_user_table,CH Roanne other: 49/day.
P493,HOME_P493,46.14027423582311,3.9971550543370284,H2,other,A0590,08:30,P2,medium,1.5,prescription_medicale,2026-05-18 09:35:00,575,09:35,40,2026-05-18 10:15:00,615,10:15,25,1,35,14.849,21.21,14.849,H1,14.112,1,catchment_near_assigned_hospital,12,assumption_to_validate,Renaison other: assumed 36/day.
P494,HOME_P494,46.07489877323358,3.983798626606804,H1,dialysis,A0145,13:00,P1,high,2.0,vsl_required,2026-05-18 13:45:00,825,13:45,240,2026-05-18 17:45:00,1065,17:45,15,1,25,9.084,12.98,9.084,H3,9.005,1,catchment_near_assigned_hospital,8,observed_user_table,"CH Roanne dialysis: 53/day. 26 morning, 23 noon, 4 evening."
P495,HOME_P495,46.085588283549484,3.9425290896955842,H1,other,A0264,08:30,P2,medium,1.5,standard_assis,2026-05-18 09:00:00,540,09:00,110,2026-05-18 10:50:00,650,10:50,25,1,35,13.331,19.04,13.331,H3,13.251,1,catchment_near_assigned_hospital,12,observed_user_table,CH Roanne other: 49/day.
P496,HOME_P496,46.012749673984985,4.036957722436951,H3,dialysis,A0728,13:00,P1,high,2.0,vsl_required,2026-05-18 13:55:00,835,13:55,260,2026-05-18 18:15:00,1095,18:15,15,1,25,6.081,8.69,6.081,H2,5.515,1,catchment_near_assigned_hospital,8,assumption_to_validate,Third dialysis center: assumed 24/day.
P497,HOME_P497,46.097064546854206,4.088064447041186,H1,dialysis,A0150,17:00,P1,high,2.0,vsl_required,2026-05-18 17:55:00,1075,17:55,240,2026-05-18 21:55:00,1315,21:55,15,1,25,6.261,8.94,6.261,H1,6.261,1,catchment_near_assigned_hospital,8,observed_user_table,"CH Roanne dialysis: 53/day. 26 morning, 23 noon, 4 evening."
P498,HOME_P498,46.081331964755265,4.117068970744371,H1,dialysis,A0157,17:00,P1,high,2.0,prescription_medicale,2026-05-18 17:00:00,1020,17:00,240,2026-05-18 21:00:00,1260,21:00,15,1,25,5.787,8.27,5.787,H1,5.787,1,catchment_near_assigned_hospital,8,observed_user_table,"CH Roanne dialysis: 53/day. 26 morning, 23 noon, 4 evening."
P499,HOME_P499,45.993617660627635,4.054857294236367,H1,other,A0335,10:30,P2,medium,1.5,prescription_medicale,2026-05-18 10:50:00,650,10:50,95,2026-05-18 12:25:00,745,12:25,25,1,35,8.472,12.1,8.472,H2,7.363,1,catchment_near_assigned_hospital,12,observed_user_table,CH Roanne other: 49/day.
P500,HOME_P500,46.04910999738025,3.876102665416199,H1,external,A0420,13:30,P3,low,1.0,standard_assis,2026-05-18 14:05:00,845,14:05,25,2026-05-18 14:30:00,870,14:30,35,1,49,18.973,27.1,18.973,H2,18.596,1,catchment_near_assigned_hospital,18,computed_from_user_table,External visits: 75/day * 15% using fleet.
P501,HOME_P501,46.116899410910484,4.171696659656246,H1,other,A0379,14:00,P2,medium,1.5,standard_assis,2026-05-18 14:55:00,895,14:55,80,2026-05-18 16:15:00,975,16:15,25,1,35,13.009,18.58,13.009,H1,13.009,1,catchment_near_assigned_hospital,12,observed_user_table,CH Roanne other: 49/day.
P502,HOME_P502,46.10562657563039,4.013089272081621,H1,dialysis,A0016,08:00,P1,high,2.0,vsl_required,2026-05-18 08:55:00,535,08:55,240,2026-05-18 12:55:00,775,12:55,15,1,25,9.27,13.24,9.27,H1,9.27,1,catchment_near_assigned_hospital,8,observed_user_table,"CH Roanne dialysis: 53/day. 26 morning, 23 noon, 4 evening."
P503,HOME_P503,46.082680788559166,4.050758238487969,H3,dialysis,A0698,08:00,P1,high,2.0,vsl_required,2026-05-18 08:35:00,515,08:35,245,2026-05-18 12:40:00,760,12:40,15,1,25,4.907,7.01,4.907,H1,4.599,1,catchment_near_assigned_hospital,8,assumption_to_validate,Third dialysis center: assumed 24/day.
P504,HOME_P504,45.9939592360777,4.121235009029632,H1,dialysis,A0067,08:00,P1,high,2.0,vsl_required,2026-05-18 08:25:00,505,08:25,240,2026-05-18 12:25:00,745,12:25,15,1,25,9.485,13.55,9.485,H2,8.794,1,catchment_near_assigned_hospital,8,observed_user_table,"CH Roanne dialysis: 53/day. 26 morning, 23 noon, 4 evening."
P505,HOME_P505,46.01134101757846,4.192378270090873,H2,other,A0652,14:00,P2,medium,1.5,standard_assis,2026-05-18 14:30:00,870,14:30,35,2026-05-18 15:05:00,905,15:05,25,1,35,12.846,18.35,12.846,H2,12.846,1,catchment_near_assigned_hospital,12,assumption_to_validate,Renaison other: assumed 36/day.
P506,HOME_P506,46.08193386340242,4.113776390097179,H1,dialysis,A0084,13:00,P1,high,2.0,vsl_required,2026-05-18 13:05:00,785,13:05,240,2026-05-18 17:05:00,1025,17:05,15,1,25,5.615,8.02,5.615,H1,5.615,1,catchment_near_assigned_hospital,8,observed_user_table,"CH Roanne dialysis: 53/day. 26 morning, 23 noon, 4 evening."
P507,HOME_P507,46.113189661815376,4.070159488222631,H2,other,A0611,10:30,P2,medium,1.5,premium,2026-05-18 11:00:00,660,11:00,30,2026-05-18 11:30:00,690,11:30,25,1,35,9.382,13.4,9.382,H1,8.328,1,catchment_near_assigned_hospital,12,assumption_to_validate,Renaison other: assumed 36/day.
P508,HOME_P508,46.12732835856313,4.0416267017626595,H1,other,A0258,08:30,P2,medium,1.5,standard_assis,2026-05-18 09:15:00,555,09:15,100,2026-05-18 10:55:00,655,10:55,25,1,35,10.717,15.31,10.717,H1,10.717,1,catchment_near_assigned_hospital,12,observed_user_table,CH Roanne other: 49/day.
P509,HOME_P509,46.05463182217127,3.9716408991424443,H3,dialysis,A0681,08:00,P1,high,2.0,prescription_medicale,2026-05-18 08:20:00,500,08:20,210,2026-05-18 11:50:00,710,11:50,15,1,25,9.51,13.59,9.51,H2,9.454,1,catchment_near_assigned_hospital,8,assumption_to_validate,Third dialysis center: assumed 24/day.
P510,HOME_P510,46.08617634615532,4.138980010974107,H1,dialysis,A0042,08:00,P1,high,2.0,vsl_required,2026-05-18 08:10:00,490,08:10,240,2026-05-18 12:10:00,730,12:10,15,1,25,7.857,11.22,7.857,H1,7.857,1,catchment_near_assigned_hospital,8,observed_user_table,"CH Roanne dialysis: 53/day. 26 morning, 23 noon, 4 evening."
P511,HOME_P511,46.01750427076973,4.091661526793852,H1,dialysis,A0022,08:00,P1,high,2.0,vsl_required,2026-05-18 08:00:00,480,08:00,240,2026-05-18 12:00:00,720,12:00,15,1,25,5.301,7.57,5.301,H2,4.497,1,catchment_near_assigned_hospital,8,observed_user_table,"CH Roanne dialysis: 53/day. 26 morning, 23 noon, 4 evening."
P512,HOME_P512,46.01599919572464,4.0665458565180295,H1,oncology,A0209,08:00,P1,high,2.0,vsl_required,2026-05-18 08:45:00,525,08:45,180,2026-05-18 11:45:00,705,11:45,15,1,25,5.218,7.45,5.218,H2,4.134,1,catchment_near_assigned_hospital,10,observed_user_table,CH Roanne chemotherapy: 30/day.
P513,HOME_P513,46.12642708707354,3.962117782190229,H1,other,A0364,14:00,P2,medium,1.5,prescription_medicale,2026-05-18 15:00:00,900,15:00,60,2026-05-18 16:00:00,960,16:00,25,1,35,14.729,21.04,14.729,H1,14.729,1,catchment_near_assigned_hospital,12,observed_user_table,CH Roanne other: 49/day.
P514,HOME_P514,46.05179475005417,4.019833901531006,H1,oncology,A0168,08:00,P1,high,2.0,prescription_medicale,2026-05-18 08:35:00,515,08:35,155,2026-05-18 11:10:00,670,11:10,15,1,25,5.104,7.29,5.104,H2,4.799,1,catchment_near_assigned_hospital,10,observed_user_table,CH Roanne chemotherapy: 30/day.
P515,HOME_P515,46.10655448124643,4.088796429280829,H1,dialysis,A0026,08:00,P1,high,2.0,vsl_required,2026-05-18 08:30:00,510,08:30,240,2026-05-18 12:30:00,750,12:30,15,1,25,7.563,10.8,7.563,H1,7.563,1,catchment_near_assigned_hospital,8,observed_user_table,"CH Roanne dialysis: 53/day. 26 morning, 23 noon, 4 evening."
P516,HOME_P516,46.112841483373714,4.051276578858001,H2,other,A0664,16:30,P2,medium,1.5,standard_assis,2026-05-18 17:40:00,1060,17:40,30,2026-05-18 18:10:00,1090,18:10,25,1,35,9.484,13.55,9.484,H1,8.53,1,catchment_near_assigned_hospital,12,assumption_to_validate,Renaison other: assumed 36/day.
P517,HOME_P517,46.0490995872244,4.069523429309237,H1,dialysis,A0056,08:00,P1,high,2.0,prescription_medicale,2026-05-18 08:10:00,490,08:10,240,2026-05-18 12:10:00,730,12:10,15,1,25,0.659,5.0,0.659,H3,0.133,1,catchment_near_assigned_hospital,8,observed_user_table,"CH Roanne dialysis: 53/day. 26 morning, 23 noon, 4 evening."
P518,HOME_P518,46.05497322372685,3.9943943962748505,H2,dialysis,A0449,08:00,P1,high,2.0,prescription_medicale,2026-05-18 08:10:00,490,08:10,240,2026-05-18 12:10:00,730,12:10,15,1,25,7.292,10.42,7.292,H2,7.292,1,catchment_near_assigned_hospital,8,assumption_to_validate,Renaison dialysis: assumed 30/day.
P519,HOME_P519,46.02828910563845,4.021982572440378,H1,dialysis,A0159,17:00,P1,high,2.0,vsl_required,2026-05-18 17:15:00,1035,17:15,240,2026-05-18 21:15:00,1275,21:15,15,1,25,6.002,8.57,6.002,H2,5.125,1,catchment_near_assigned_hospital,8,observed_user_table,"CH Roanne dialysis: 53/day. 26 morning, 23 noon, 4 evening."
P520,HOME_P520,46.04770442633637,4.133168249183636,H3,dialysis,A0725,13:00,P1,high,2.0,vsl_required,2026-05-18 13:50:00,830,13:50,270,2026-05-18 18:20:00,1100,18:20,15,1,25,6.102,8.72,6.102,H1,5.885,1,catchment_near_assigned_hospital,8,assumption_to_validate,Third dialysis center: assumed 24/day.
P521,HOME_P521,46.03805180938835,4.043816133469438,H1,oncology,A0165,08:00,P1,high,2.0,prescription_medicale,2026-05-18 08:40:00,520,08:40,160,2026-05-18 11:20:00,680,11:20,15,1,25,3.501,5.0,3.501,H2,2.634,1,catchment_near_assigned_hospital,10,observed_user_table,CH Roanne chemotherapy: 30/day.
P522,HOME_P522,45.96774815548633,4.087161511439388,H1,other,A0286,08:30,P2,medium,1.5,prescription_medicale,2026-05-18 08:30:00,510,08:30,95,2026-05-18 10:05:00,605,10:05,25,1,35,11.973,17.1,11.973,H2,10.979,1,catchment_near_assigned_hospital,12,observed_user_table,CH Roanne other: 49/day.
P523,HOME_P523,46.11179483058473,4.132456198585955,H1,dialysis,A0034,08:00,P1,high,2.0,prescription_medicale,2026-05-18 08:40:00,520,08:40,240,2026-05-18 12:40:00,760,12:40,15,1,25,9.965,14.24,9.965,H1,9.965,1,catchment_near_assigned_hospital,8,observed_user_table,"CH Roanne dialysis: 53/day. 26 morning, 23 noon, 4 evening."
P524,HOME_P524,45.9878200993175,4.167141850513601,H2,other,A0656,14:00,P2,medium,1.5,standard_assis,2026-05-18 14:45:00,885,14:45,35,2026-05-18 15:20:00,920,15:20,25,1,35,12.443,17.78,12.443,H2,12.443,1,catchment_near_assigned_hospital,12,assumption_to_validate,Renaison other: assumed 36/day.
P525,HOME_P525,46.04062280574945,4.050188065493323,H1,external,A0432,17:30,P3,low,1.0,prescription_medicale,2026-05-18 18:00:00,1080,18:00,25,2026-05-18 18:25:00,1105,18:25,35,1,45,2.797,5.0,2.797,H2,1.929,1,catchment_near_assigned_hospital,18,computed_from_user_table,External visits: 75/day * 15% using fleet.
P526,HOME_P526,46.02938710872703,3.976392784617511,H1,dialysis,A0096,13:00,P1,high,2.0,prescription_medicale,2026-05-18 13:20:00,800,13:20,240,2026-05-18 17:20:00,1040,17:20,15,1,25,9.868,14.1,9.868,H2,9.2,1,catchment_near_assigned_hospital,8,observed_user_table,"CH Roanne dialysis: 53/day. 26 morning, 23 noon, 4 evening."
P527,HOME_P527,45.98001113543466,4.0279996196813075,H2,oncology,A0551,13:00,P1,high,2.0,vsl_required,2026-05-18 13:05:00,785,13:05,340,2026-05-18 18:45:00,1125,18:45,15,1,25,9.944,14.21,9.944,H2,9.944,1,catchment_near_assigned_hospital,10,assumption_to_validate,Renaison oncology: assumed 16/day.
P528,HOME_P528,46.047946502195956,3.9792492716534484,H3,dialysis,A0741,13:00,P1,high,2.0,vsl_required,2026-05-18 13:15:00,795,13:15,230,2026-05-18 17:05:00,1025,17:05,15,1,25,8.759,12.51,8.759,H2,8.645,1,catchment_near_assigned_hospital,8,assumption_to_validate,Third dialysis center: assumed 24/day.
P529,HOME_P529,46.01099875278415,4.0670222048655305,H3,dialysis,A0730,13:00,P1,high,2.0,vsl_required,2026-05-18 13:50:00,830,13:50,265,2026-05-18 18:15:00,1095,18:15,15,1,25,5.429,7.76,5.429,H2,4.826,1,catchment_near_assigned_hospital,8,assumption_to_validate,Third dialysis center: assumed 24/day.
P530,HOME_P530,46.01900017168023,4.004308057322412,H1,oncology,A0217,11:00,P1,high,2.0,vsl_required,2026-05-18 11:05:00,665,11:05,150,2026-05-18 13:35:00,815,13:35,15,1,25,8.141,11.63,8.141,H2,7.246,1,catchment_near_assigned_hospital,10,observed_user_table,CH Roanne chemotherapy: 30/day.
P531,HOME_P531,46.1284896182976,4.098116734202595,H2,other,A0594,08:30,P2,medium,1.5,premium,2026-05-18 09:20:00,560,09:20,35,2026-05-18 09:55:00,595,09:55,25,1,35,11.849,16.93,11.849,H1,10.734,1,catchment_near_assigned_hospital,12,assumption_to_validate,Renaison other: assumed 36/day.
P532,HOME_P532,46.07142004774243,4.124244803012503,H2,oncology,A0563,13:00,P1,high,2.0,prescription_medicale,2026-05-18 13:30:00,810,13:30,220,2026-05-18 17:10:00,1030,17:10,15,1,25,6.433,9.19,6.433,H1,5.573,1,catchment_near_assigned_hospital,10,assumption_to_validate,Renaison oncology: assumed 16/day.
P533,HOME_P533,46.1050494396623,4.038223189728562,H1,dialysis,A0097,13:00,P1,high,2.0,vsl_required,2026-05-18 13:15:00,795,13:15,240,2026-05-18 17:15:00,1035,17:15,15,1,25,7.924,11.32,7.924,H1,7.924,1,catchment_near_assigned_hospital,8,observed_user_table,"CH Roanne dialysis: 53/day. 26 morning, 23 noon, 4 evening."
P534,HOME_P534,46.03944869072833,4.166517237912354,H1,other,A0384,16:00,P2,medium,1.5,vsl_required,2026-05-18 16:05:00,965,16:05,100,2026-05-18 17:45:00,1065,17:45,25,1,35,9.253,13.22,9.253,H1,9.253,1,catchment_near_assigned_hospital,12,observed_user_table,CH Roanne other: 49/day.
P535,HOME_P535,46.0922062858678,3.957837851302391,H2,oncology,A0524,08:00,P1,high,2.0,vsl_required,2026-05-18 08:30:00,510,08:30,235,2026-05-18 12:25:00,745,12:25,15,1,25,12.501,17.86,12.501,H3,12.304,1,catchment_near_assigned_hospital,10,assumption_to_validate,Renaison oncology: assumed 16/day.
P536,HOME_P536,45.98396364362143,4.136231258845004,H2,other,A0600,08:30,P2,medium,1.5,standard_assis,2026-05-18 09:55:00,595,09:55,40,2026-05-18 10:35:00,635,10:35,25,1,35,10.77,15.39,10.77,H2,10.77,1,catchment_near_assigned_hospital,12,assumption_to_validate,Renaison other: assumed 36/day.
P537,HOME_P537,46.050515676124235,4.197407896239108,H1,other,A0336,10:30,P2,medium,1.5,standard_assis,2026-05-18 10:45:00,645,10:45,95,2026-05-18 12:20:00,740,12:20,25,1,35,12.036,17.19,12.036,H1,12.036,1,catchment_near_assigned_hospital,12,observed_user_table,CH Roanne other: 49/day.
P538,HOME_P538,46.0380836231973,3.94661452216029,H2,other,A0653,14:00,P2,medium,1.5,prescription_medicale,2026-05-18 14:25:00,865,14:25,30,2026-05-18 14:55:00,895,14:55,25,1,35,11.836,16.91,11.836,H2,11.836,1,catchment_near_assigned_hospital,12,assumption_to_validate,Renaison other: assumed 36/day.
P539,HOME_P539,46.00568421043489,4.120323423644101,H1,dialysis,A0014,08:00,P1,high,2.0,vsl_required,2026-05-18 08:30:00,510,08:30,240,2026-05-18 12:30:00,750,12:30,15,1,25,8.057,11.51,8.057,H2,7.461,1,catchment_near_assigned_hospital,8,observed_user_table,"CH Roanne dialysis: 53/day. 26 morning, 23 noon, 4 evening."
P540,HOME_P540,46.08736732593796,4.011312735273281,H3,dialysis,A0748,17:00,P1,high,2.0,prescription_medicale,2026-05-18 17:40:00,1060,17:40,210,2026-05-18 21:10:00,1270,21:10,15,1,25,7.681,10.97,7.681,H1,7.58,1,catchment_near_assigned_hospital,8,assumption_to_validate,Third dialysis center: assumed 24/day.
P541,HOME_P541,46.00464815524021,3.9863699193699413,H1,oncology,A0214,11:00,P1,high,2.0,standard_assis,2026-05-18 11:50:00,710,11:50,175,2026-05-18 14:45:00,885,14:45,15,1,25,10.73,15.33,10.73,H2,9.79,1,catchment_near_assigned_hospital,10,observed_user_table,CH Roanne chemotherapy: 30/day.
P542,HOME_P542,46.012155778652385,4.091829449715757,H2,dialysis,A0502,13:00,P1,high,2.0,prescription_medicale,2026-05-18 13:55:00,835,13:55,245,2026-05-18 18:00:00,1080,18:00,15,1,25,5.165,7.38,5.165,H2,5.165,1,catchment_near_assigned_hospital,8,assumption_to_validate,Renaison dialysis: assumed 30/day.
P543,HOME_P543,46.02915813856727,4.154460711040857,H3,dialysis,A0680,08:00,P1,high,2.0,vsl_required,2026-05-18 08:50:00,530,08:50,225,2026-05-18 12:35:00,755,12:35,15,1,25,8.649,12.36,8.649,H1,8.572,1,catchment_near_assigned_hospital,8,assumption_to_validate,Third dialysis center: assumed 24/day.
P544,HOME_P544,45.983276748461655,4.158007431951705,H2,oncology,A0555,13:00,P1,high,2.0,standard_assis,2026-05-18 13:55:00,835,13:55,220,2026-05-18 17:35:00,1055,17:35,15,1,25,12.224,17.46,12.224,H2,12.224,1,catchment_near_assigned_hospital,10,assumption_to_validate,Renaison oncology: assumed 16/day.
P545,HOME_P545,46.10739219026435,3.996715581416565,H1,external,A0429,16:30,P3,low,1.0,prescription_medicale,2026-05-18 17:10:00,1030,17:10,20,2026-05-18 17:30:00,1050,17:30,35,1,45,10.497,15.0,10.497,H1,10.497,1,catchment_near_assigned_hospital,18,computed_from_user_table,External visits: 75/day * 15% using fleet.
P546,HOME_P546,46.12403662981467,4.063378997199004,H1,dialysis,A0075,08:00,P1,high,2.0,prescription_medicale,2026-05-18 08:50:00,530,08:50,240,2026-05-18 12:50:00,770,12:50,15,1,25,9.873,14.1,9.873,H1,9.873,1,catchment_near_assigned_hospital,8,observed_user_table,"CH Roanne dialysis: 53/day. 26 morning, 23 noon, 4 evening."
P547,HOME_P547,45.99553933702432,4.1199303848866125,H2,other,A0587,08:30,P2,medium,1.5,prescription_medicale,2026-05-18 09:00:00,540,09:00,25,2026-05-18 09:25:00,565,09:25,25,1,35,8.542,12.2,8.542,H2,8.542,1,catchment_near_assigned_hospital,12,assumption_to_validate,Renaison other: assumed 36/day.
P548,HOME_P548,46.08372462426022,4.142502933397621,H1,dialysis,A0004,08:00,P1,high,2.0,vsl_required,2026-05-18 08:25:00,505,08:25,240,2026-05-18 12:25:00,745,12:25,15,1,25,7.949,11.36,7.949,H1,7.949,1,catchment_near_assigned_hospital,8,observed_user_table,"CH Roanne dialysis: 53/day. 26 morning, 23 noon, 4 evening."
P549,HOME_P549,46.06900966552254,3.981534823107905,H1,dialysis,A0036,08:00,P1,high,2.0,vsl_required,2026-05-18 08:45:00,525,08:45,240,2026-05-18 12:45:00,765,12:45,15,1,25,9.06,12.94,9.06,H3,8.932,1,catchment_near_assigned_hospital,8,observed_user_table,"CH Roanne dialysis: 53/day. 26 morning, 23 noon, 4 evening."
P550,HOME_P550,46.05134114984577,4.111207984925421,H2,dialysis,A0492,13:00,P1,high,2.0,vsl_required,2026-05-18 13:20:00,800,13:20,270,2026-05-18 17:50:00,1070,17:50,15,1,25,4.165,5.95,4.165,H1,3.725,1,catchment_near_assigned_hospital,8,assumption_to_validate,Renaison dialysis: assumed 30/day.
P551,HOME_P551,46.009680172198266,4.211426387537374,H1,other,A0256,08:30,P2,medium,1.5,standard_assis,2026-05-18 09:30:00,570,09:30,90,2026-05-18 11:00:00,660,11:00,25,1,35,14.696,20.99,14.696,H2,14.646,1,catchment_near_assigned_hospital,12,observed_user_table,CH Roanne other: 49/day.
P552,HOME_P552,46.024233085322805,4.098083894807206,H1,dialysis,A0041,08:00,P1,high,2.0,vsl_required,2026-05-18 08:25:00,505,08:25,240,2026-05-18 12:25:00,745,12:25,15,1,25,4.725,6.75,4.725,H2,4.109,1,catchment_near_assigned_hospital,8,observed_user_table,"CH Roanne dialysis: 53/day. 26 morning, 23 noon, 4 evening."
P553,HOME_P553,46.13480091714422,4.096670853765684,H1,oncology,A0169,08:00,P1,high,2.0,prescription_medicale,2026-05-18 08:25:00,505,08:25,150,2026-05-18 10:55:00,655,10:55,15,1,25,11.561,16.52,11.561,H1,11.561,1,catchment_near_assigned_hospital,10,observed_user_table,CH Roanne chemotherapy: 30/day.
P554,HOME_P554,46.08307017083457,4.028254870947693,H1,external,A0409,10:30,P3,low,1.0,standard_assis,2026-05-18 11:30:00,690,11:30,30,2026-05-18 12:00:00,720,12:00,35,1,45,5.958,8.51,5.958,H1,5.958,1,catchment_near_assigned_hospital,18,computed_from_user_table,External visits: 75/day * 15% using fleet.
P555,HOME_P555,46.01682451333333,3.9921199374441647,H1,other,A0374,14:00,P2,medium,1.5,standard_assis,2026-05-18 14:30:00,870,14:30,120,2026-05-18 16:30:00,990,16:30,25,0,35,9.282,13.26,9.282,H2,8.418,1,catchment_near_assigned_hospital,12,observed_user_table,CH Roanne other: 49/day.
P556,HOME_P556,46.11410174082156,4.032922664384432,H3,dialysis,A0701,08:00,P1,high,2.0,prescription_medicale,2026-05-18 08:50:00,530,08:50,270,2026-05-18 13:20:00,800,13:20,15,1,25,9.6,13.71,9.6,H1,9.28,1,catchment_near_assigned_hospital,8,assumption_to_validate,Third dialysis center: assumed 24/day.
P557,HOME_P557,46.06779823202124,4.147833079740744,H2,dialysis,A0480,13:00,P1,high,2.0,vsl_required,2026-05-18 13:50:00,830,13:50,210,2026-05-18 17:20:00,1040,17:20,15,1,25,8.219,11.74,8.219,H1,7.521,1,catchment_near_assigned_hospital,8,assumption_to_validate,Renaison dialysis: assumed 30/day.
P558,HOME_P558,46.06575486926036,4.111487109070831,H2,oncology,A0548,08:00,P1,high,2.0,prescription_medicale,2026-05-18 08:15:00,495,08:15,190,2026-05-18 11:25:00,685,11:25,15,1,25,4.972,7.1,4.972,H1,4.122,1,catchment_near_assigned_hospital,10,assumption_to_validate,Renaison oncology: assumed 16/day.
P559,HOME_P559,46.02616364367658,4.1671565709634075,H1,other,A0345,10:30,P2,medium,1.5,premium,2026-05-18 10:55:00,655,10:55,100,2026-05-18 12:35:00,755,12:35,25,1,35,9.863,14.09,9.863,H1,9.863,1,catchment_near_assigned_hospital,12,observed_user_table,CH Roanne other: 49/day.
P560,HOME_P560,46.06790572767521,4.103112505253541,H2,dialysis,A0519,13:00,P1,high,2.0,vsl_required,2026-05-18 13:45:00,825,13:45,240,2026-05-18 17:45:00,1065,17:45,15,1,25,4.525,6.46,4.525,H1,3.567,1,catchment_near_assigned_hospital,8,assumption_to_validate,Renaison dialysis: assumed 30/day.
P561,HOME_P561,46.060036218419704,4.1647605991968035,H1,dialysis,A0089,13:00,P1,high,2.0,vsl_required,2026-05-18 13:25:00,805,13:25,240,2026-05-18 17:25:00,1045,17:25,15,1,25,8.929,12.76,8.929,H1,8.929,1,catchment_near_assigned_hospital,8,observed_user_table,"CH Roanne dialysis: 53/day. 26 morning, 23 noon, 4 evening."
P562,HOME_P562,46.13700003892334,4.062117448732305,H1,oncology,A0195,08:00,P1,high,2.0,vsl_required,2026-05-18 08:35:00,515,08:35,180,2026-05-18 11:35:00,695,11:35,15,1,25,11.678,16.68,11.678,H1,11.678,1,catchment_near_assigned_hospital,10,observed_user_table,CH Roanne chemotherapy: 30/day.
P563,HOME_P563,46.001368750637646,4.1433468083972596,H1,oncology,A0216,11:00,P1,high,2.0,prescription_medicale,2026-05-18 11:35:00,695,11:35,150,2026-05-18 14:05:00,845,14:05,15,1,25,9.929,14.18,9.929,H2,9.473,1,catchment_near_assigned_hospital,10,observed_user_table,CH Roanne chemotherapy: 30/day.
P564,HOME_P564,46.11894935689096,4.076599761412921,H2,other,A0589,08:30,P2,medium,1.5,prescription_medicale,2026-05-18 08:50:00,530,08:50,40,2026-05-18 09:30:00,570,09:30,25,1,35,10.209,14.58,10.209,H1,9.133,1,catchment_near_assigned_hospital,12,assumption_to_validate,Renaison other: assumed 36/day.
P565,HOME_P565,46.05547324946067,4.19512564664611,H1,oncology,A0229,11:00,P1,high,2.0,vsl_required,2026-05-18 11:10:00,670,11:10,175,2026-05-18 14:05:00,845,14:05,15,1,25,11.813,16.88,11.813,H1,11.813,1,catchment_near_assigned_hospital,10,observed_user_table,CH Roanne chemotherapy: 30/day.
P566,HOME_P566,46.093243262014056,4.066347400233914,H1,other,A0278,08:30,P2,medium,1.5,prescription_medicale,2026-05-18 08:30:00,510,08:30,120,2026-05-18 10:30:00,630,10:30,25,1,35,5.586,7.98,5.586,H1,5.586,1,catchment_near_assigned_hospital,12,observed_user_table,CH Roanne other: 49/day.
P567,HOME_P567,46.085734890364094,4.070043304124416,H1,dialysis,A0044,08:00,P1,high,2.0,vsl_required,2026-05-18 08:20:00,500,08:20,240,2026-05-18 12:20:00,740,12:20,15,1,25,4.516,6.45,4.516,H1,4.516,1,catchment_near_assigned_hospital,8,observed_user_table,"CH Roanne dialysis: 53/day. 26 morning, 23 noon, 4 evening."
P568,HOME_P568,46.036976124411446,4.118721573398026,H2,other,A0670,16:30,P2,medium,1.5,standard_assis,2026-05-18 16:55:00,1015,16:55,35,2026-05-18 17:30:00,1050,17:30,25,1,35,4.967,7.1,4.967,H2,4.967,1,catchment_near_assigned_hospital,12,assumption_to_validate,Renaison other: assumed 36/day.
P569,HOME_P569,46.06389514631471,4.04195991582093,H1,oncology,A0213,11:00,P1,high,2.0,vsl_required,2026-05-18 11:45:00,705,11:45,175,2026-05-18 14:40:00,880,14:40,15,1,25,3.31,5.0,3.31,H1,3.31,1,catchment_near_assigned_hospital,10,observed_user_table,CH Roanne chemotherapy: 30/day.
P570,HOME_P570,46.08211405721554,4.22233442384728,H1,other,A0355,14:00,P2,medium,1.5,prescription_medicale,2026-05-18 14:50:00,890,14:50,115,2026-05-18 16:45:00,1005,16:45,25,1,35,14.975,21.39,14.975,H1,14.975,1,catchment_near_assigned_hospital,12,observed_user_table,CH Roanne other: 49/day.
P571,HOME_P571,46.05103374568608,4.04890010225986,H3,dialysis,A0715,13:00,P1,high,2.0,vsl_required,2026-05-18 13:45:00,825,13:45,265,2026-05-18 18:10:00,1090,18:10,15,1,25,2.04,5.0,2.04,H3,2.04,1,catchment_near_assigned_hospital,8,assumption_to_validate,Third dialysis center: assumed 24/day.
P572,HOME_P572,46.090272109869154,4.1280303146402915,H3,dialysis,A0708,08:00,P1,high,2.0,prescription_medicale,2026-05-18 08:05:00,485,08:05,260,2026-05-18 12:25:00,745,12:25,15,1,25,7.915,11.31,7.915,H1,7.408,1,catchment_near_assigned_hospital,8,assumption_to_validate,Third dialysis center: assumed 24/day.
P573,HOME_P573,46.128524339776746,3.9970315948196236,H1,other,A0389,16:00,P2,medium,1.5,standard_assis,2026-05-18 17:00:00,1020,17:00,80,2026-05-18 18:20:00,1100,18:20,25,1,35,12.749,18.21,12.749,H1,12.749,1,catchment_near_assigned_hospital,12,observed_user_table,CH Roanne other: 49/day.
P574,HOME_P574,46.061317863462214,4.098235132264733,H1,dialysis,A0058,08:00,P1,high,2.0,prescription_medicale,2026-05-18 08:10:00,490,08:10,240,2026-05-18 12:10:00,730,12:10,15,1,25,2.703,5.0,2.703,H1,2.703,1,catchment_near_assigned_hospital,8,observed_user_table,"CH Roanne dialysis: 53/day. 26 morning, 23 noon, 4 evening."
P575,HOME_P575,46.00260212473355,4.0052002500768955,H1,dialysis,A0076,08:00,P1,high,2.0,prescription_medicale,2026-05-18 08:20:00,500,08:20,240,2026-05-18 12:20:00,740,12:20,15,1,25,9.596,13.71,9.596,H2,8.577,1,catchment_near_assigned_hospital,8,observed_user_table,"CH Roanne dialysis: 53/day. 26 morning, 23 noon, 4 evening."
P576,HOME_P576,46.06295326167827,4.161531086457709,H2,other,A0618,10:30,P2,medium,1.5,standard_assis,2026-05-18 11:45:00,705,11:45,30,2026-05-18 12:15:00,735,12:15,25,1,35,9.261,13.23,9.261,H1,8.672,1,catchment_near_assigned_hospital,12,assumption_to_validate,Renaison other: assumed 36/day.
P577,HOME_P577,46.00305444230785,3.929071242690066,H2,other,A0613,10:30,P2,medium,1.5,prescription_medicale,2026-05-18 10:30:00,630,10:30,40,2026-05-18 11:10:00,670,11:10,25,1,35,14.731,21.04,14.731,H2,14.731,1,catchment_near_assigned_hospital,12,assumption_to_validate,Renaison other: assumed 36/day.
P578,HOME_P578,45.99372724672851,4.038644921671334,H1,dialysis,A0063,08:00,P1,high,2.0,vsl_required,2026-05-18 08:30:00,510,08:30,240,2026-05-18 12:30:00,750,12:30,15,1,25,8.909,12.73,8.909,H2,7.788,1,catchment_near_assigned_hospital,8,observed_user_table,"CH Roanne dialysis: 53/day. 26 morning, 23 noon, 4 evening."
P579,HOME_P579,46.08217645903757,4.014687344530027,H2,dialysis,A0455,08:00,P1,high,2.0,vsl_required,2026-05-18 08:40:00,520,08:40,265,2026-05-18 13:05:00,785,13:05,15,1,25,7.276,10.39,7.276,H1,6.885,1,catchment_near_assigned_hospital,8,assumption_to_validate,Renaison dialysis: assumed 30/day.
P580,HOME_P580,46.002095654232505,3.9770558518918016,H1,oncology,A0162,08:00,P1,high,2.0,prescription_medicale,2026-05-18 08:35:00,515,08:35,180,2026-05-18 11:35:00,695,11:35,15,1,25,11.655,16.65,11.655,H2,10.73,1,catchment_near_assigned_hospital,10,observed_user_table,CH Roanne chemotherapy: 30/day.
P581,HOME_P581,46.01274955632603,3.9298574728552502,H2,other,A0628,10:30,P2,medium,1.5,standard_assis,2026-05-18 10:45:00,645,10:45,35,2026-05-18 11:20:00,680,11:20,25,0,35,14.169,20.24,14.169,H2,14.169,1,catchment_near_assigned_hospital,12,assumption_to_validate,Renaison other: assumed 36/day.
P582,HOME_P582,46.05420628397464,4.028102133443601,H2,other,A0663,14:00,P2,medium,1.5,standard_assis,2026-05-18 14:35:00,875,14:35,40,2026-05-18 15:15:00,915,15:15,25,1,35,4.1,5.86,4.1,H3,4.084,1,catchment_near_assigned_hospital,12,assumption_to_validate,Renaison other: assumed 36/day.
P583,HOME_P583,46.00793944427066,4.11442342159874,H1,external,A0403,09:30,P3,low,1.0,standard_assis,2026-05-18 10:25:00,625,10:25,20,2026-05-18 10:45:00,645,10:45,35,1,45,7.481,10.69,7.481,H2,6.851,1,catchment_near_assigned_hospital,18,computed_from_user_table,External visits: 75/day * 15% using fleet.
P584,HOME_P584,46.00688439089706,4.051438522737479,H1,other,A0316,10:30,P2,medium,1.5,standard_assis,2026-05-18 10:40:00,640,10:40,95,2026-05-18 12:15:00,735,12:15,25,1,35,6.77,9.67,6.77,H2,5.649,1,catchment_near_assigned_hospital,12,observed_user_table,CH Roanne other: 49/day.
P585,HOME_P585,46.0888674576344,4.004071219354221,H1,dialysis,A0060,08:00,P1,high,2.0,vsl_required,2026-05-18 08:55:00,535,08:55,240,2026-05-18 12:55:00,775,12:55,15,1,25,8.26,11.8,8.26,H1,8.26,1,catchment_near_assigned_hospital,8,observed_user_table,"CH Roanne dialysis: 53/day. 26 morning, 23 noon, 4 evening."
P586,HOME_P586,45.993662608154246,4.096548024710127,H3,dialysis,A0736,13:00,P1,high,2.0,vsl_required,2026-05-18 13:55:00,835,13:55,250,2026-05-18 18:05:00,1085,18:05,15,1,25,8.239,11.77,8.239,H2,7.713,1,catchment_near_assigned_hospital,8,assumption_to_validate,Third dialysis center: assumed 24/day.
P587,HOME_P587,46.036027054504146,4.124219941241675,H2,dialysis,A0517,13:00,P1,high,2.0,vsl_required,2026-05-18 13:30:00,810,13:30,225,2026-05-18 17:15:00,1035,17:15,15,1,25,5.513,7.88,5.513,H2,5.513,1,catchment_near_assigned_hospital,8,assumption_to_validate,Renaison dialysis: assumed 30/day.
P588,HOME_P588,46.00203651677357,4.052745633263603,H1,dialysis,A0124,13:00,P1,high,2.0,prescription_medicale,2026-05-18 13:05:00,785,13:05,240,2026-05-18 17:05:00,1025,17:05,15,1,25,7.381,10.54,7.381,H2,6.264,1,catchment_near_assigned_hospital,8,observed_user_table,"CH Roanne dialysis: 53/day. 26 morning, 23 noon, 4 evening."
P589,HOME_P589,45.983907535398096,4.0619760952947725,H1,other,A0277,08:30,P2,medium,1.5,prescription_medicale,2026-05-18 08:50:00,530,08:50,75,2026-05-18 10:05:00,605,10:05,25,1,35,9.7,13.86,9.7,H2,8.614,1,catchment_near_assigned_hospital,12,observed_user_table,CH Roanne other: 49/day.
P590,HOME_P590,46.0109442629587,4.096441920252997,H1,dialysis,A0153,17:00,P1,high,2.0,vsl_required,2026-05-18 17:55:00,1075,17:55,240,2026-05-18 21:55:00,1315,21:55,15,1,25,6.317,9.02,6.317,H2,5.518,1,catchment_near_assigned_hospital,8,observed_user_table,"CH Roanne dialysis: 53/day. 26 morning, 23 noon, 4 evening."
P591,HOME_P591,46.127428250990626,4.041431847641205,H1,oncology,A0182,08:00,P1,high,2.0,prescription_medicale,2026-05-18 08:20:00,500,08:20,150,2026-05-18 10:50:00,650,10:50,15,1,25,10.735,15.34,10.735,H1,10.735,1,catchment_near_assigned_hospital,10,observed_user_table,CH Roanne chemotherapy: 30/day.
P592,HOME_P592,46.02333269036576,4.098913044539377,H1,dialysis,A0080,13:00,P1,high,2.0,vsl_required,2026-05-18 13:50:00,830,13:50,240,2026-05-18 17:50:00,1070,17:50,15,1,25,4.873,6.96,4.873,H2,4.255,1,catchment_near_assigned_hospital,8,observed_user_table,"CH Roanne dialysis: 53/day. 26 morning, 23 noon, 4 evening."
P593,HOME_P593,46.09461644210211,4.136911219916946,H2,dialysis,A0486,13:00,P1,high,2.0,vsl_required,2026-05-18 13:45:00,825,13:45,235,2026-05-18 17:40:00,1060,17:40,15,1,25,9.453,13.5,9.453,H1,8.445,1,catchment_near_assigned_hospital,8,assumption_to_validate,Renaison dialysis: assumed 30/day.
P594,HOME_P594,46.0974484024082,4.124318161072931,H3,dialysis,A0700,08:00,P1,high,2.0,vsl_required,2026-05-18 08:30:00,510,08:30,270,2026-05-18 13:00:00,780,13:00,15,1,25,8.422,12.03,8.422,H1,7.901,1,catchment_near_assigned_hospital,8,assumption_to_validate,Third dialysis center: assumed 24/day.
P595,HOME_P595,46.043547588236876,4.128937536637725,H1,dialysis,A0085,13:00,P1,high,2.0,prescription_medicale,2026-05-18 13:20:00,800,13:20,240,2026-05-18 17:20:00,1040,17:20,15,1,25,5.592,7.99,5.592,H1,5.592,1,catchment_near_assigned_hospital,8,observed_user_table,"CH Roanne dialysis: 53/day. 26 morning, 23 noon, 4 evening."
P596,HOME_P596,46.0892771171397,3.972982289872652,H1,external,A0404,09:30,P3,low,1.0,standard_assis,2026-05-18 09:50:00,590,09:50,25,2026-05-18 10:15:00,615,10:15,35,1,45,10.838,15.48,10.838,H3,10.832,1,catchment_near_assigned_hospital,18,computed_from_user_table,External visits: 75/day * 15% using fleet.
P597,HOME_P597,46.05557899902383,3.969465691981482,H2,dialysis,A0443,08:00,P1,high,2.0,vsl_required,2026-05-18 08:15:00,495,08:15,220,2026-05-18 11:55:00,715,11:55,15,1,25,9.68,13.83,9.68,H2,9.68,1,catchment_near_assigned_hospital,8,assumption_to_validate,Renaison dialysis: assumed 30/day.
P598,HOME_P598,46.039364265363766,4.14354963654756,H1,dialysis,A0121,13:00,P1,high,2.0,vsl_required,2026-05-18 13:50:00,830,13:50,240,2026-05-18 17:50:00,1070,17:50,15,1,25,7.104,10.15,7.104,H1,7.104,1,catchment_near_assigned_hospital,8,observed_user_table,"CH Roanne dialysis: 53/day. 26 morning, 23 noon, 4 evening."
P599,HOME_P599,46.01264564283091,4.0600541986456555,H1,dialysis,A0018,08:00,P1,high,2.0,vsl_required,2026-05-18 08:30:00,510,08:30,240,2026-05-18 12:30:00,750,12:30,15,1,25,5.781,8.26,5.781,H2,4.671,1,catchment_near_assigned_hospital,8,observed_user_table,"CH Roanne dialysis: 53/day. 26 morning, 23 noon, 4 evening."
P600,HOME_P600,45.99537313328348,4.140541309358593,H2,dialysis,A0514,13:00,P1,high,2.0,vsl_required,2026-05-18 13:45:00,825,13:45,270,2026-05-18 18:15:00,1095,18:15,15,1,25,9.843,14.06,9.843,H2,9.843,1,catchment_near_assigned_hospital,8,assumption_to_validate,Renaison dialysis: assumed 30/day.
P601,HOME_P601,45.965468353550584,4.146604516136271,H1,other,A0276,08:30,P2,medium,1.5,prescription_medicale,2026-05-18 09:20:00,560,09:20,85,2026-05-18 10:45:00,645,10:45,25,1,35,14.14,20.2,14.14,H2,13.446,1,catchment_near_assigned_hospital,12,observed_user_table,CH Roanne other: 49/day.
P602,HOME_P602,46.09203916477858,4.105387550727762,H1,oncology,A0233,11:00,P1,high,2.0,standard_assis,2026-05-18 11:25:00,685,11:25,150,2026-05-18 13:55:00,835,13:55,15,1,25,6.239,8.91,6.239,H1,6.239,1,catchment_near_assigned_hospital,10,observed_user_table,CH Roanne chemotherapy: 30/day.
P603,HOME_P603,46.0848394955837,4.151618054872294,H3,dialysis,A0743,13:00,P1,high,2.0,prescription_medicale,2026-05-18 13:30:00,810,13:30,260,2026-05-18 17:50:00,1070,17:50,15,1,25,9.241,13.2,9.241,H1,8.783,1,catchment_near_assigned_hospital,8,assumption_to_validate,Third dialysis center: assumed 24/day.
P604,HOME_P604,46.023095546493415,3.982057606599972,H1,oncology,A0208,08:00,P1,high,2.0,vsl_required,2026-05-18 08:05:00,485,08:05,175,2026-05-18 11:00:00,660,11:00,15,1,25,9.701,13.86,9.701,H2,8.94,1,catchment_near_assigned_hospital,10,observed_user_table,CH Roanne chemotherapy: 30/day.
P605,HOME_P605,46.08881940156821,4.019727770059134,H1,other,A0338,10:30,P2,medium,1.5,prescription_medicale,2026-05-18 11:20:00,680,11:20,105,2026-05-18 13:05:00,785,13:05,25,1,35,7.104,10.15,7.104,H1,7.104,1,catchment_near_assigned_hospital,12,observed_user_table,CH Roanne other: 49/day.
P606,HOME_P606,46.10834989760474,3.8571703175888907,H1,external,A0412,11:30,P3,low,1.0,standard_assis,2026-05-18 11:35:00,695,11:35,30,2026-05-18 12:05:00,725,12:05,35,1,57,22.144,31.63,22.144,H3,22.065,1,catchment_near_assigned_hospital,18,computed_from_user_table,External visits: 75/day * 15% using fleet.
P607,HOME_P607,46.10197139315513,4.111020612269913,H2,dialysis,A0452,08:00,P1,high,2.0,prescription_medicale,2026-05-18 08:00:00,480,08:00,270,2026-05-18 12:30:00,750,12:30,15,1,25,8.817,12.6,8.817,H1,7.708,1,catchment_near_assigned_hospital,8,assumption_to_validate,Renaison dialysis: assumed 30/day.
P608,HOME_P608,45.989816168082875,4.1393503769103805,H1,oncology,A0248,14:00,P1,high,2.0,vsl_required,2026-05-18 14:30:00,870,14:30,170,2026-05-18 17:20:00,1040,17:20,15,0,25,10.92,15.6,10.92,H2,10.33,1,catchment_near_assigned_hospital,10,observed_user_table,CH Roanne chemotherapy: 30/day.
P609,HOME_P609,46.09313658926392,4.169973162569469,H1,other,A0250,08:30,P2,medium,1.5,standard_assis,2026-05-18 09:10:00,550,09:10,95,2026-05-18 10:45:00,645,10:45,25,1,35,10.892,15.56,10.892,H1,10.892,1,catchment_near_assigned_hospital,12,observed_user_table,CH Roanne other: 49/day.
P610,HOME_P610,46.098737658205714,4.197116984247621,H2,other,A0668,16:30,P2,medium,1.5,standard_assis,2026-05-18 17:35:00,1055,17:35,25,2026-05-18 18:00:00,1080,18:00,25,1,35,14.403,20.58,14.403,H1,13.557,1,catchment_near_assigned_hospital,12,assumption_to_validate,Renaison other: assumed 36/day.
P611,HOME_P611,46.01380004817295,4.020585898768267,H1,oncology,A0234,11:00,P1,high,2.0,vsl_required,2026-05-18 11:15:00,675,11:15,165,2026-05-18 14:00:00,840,14:00,15,1,25,7.445,10.64,7.445,H2,6.427,1,catchment_near_assigned_hospital,10,observed_user_table,CH Roanne chemotherapy: 30/day.
P612,HOME_P612,45.99269901326376,4.159069452661305,H1,external,A0402,08:30,P3,low,1.0,standard_assis,2026-05-18 09:55:00,595,09:55,25,2026-05-18 10:20:00,620,10:20,35,1,45,11.851,16.93,11.851,H2,11.41,1,catchment_near_assigned_hospital,18,computed_from_user_table,External visits: 75/day * 15% using fleet.
P613,HOME_P613,46.06851427652473,4.03204210025199,H2,dialysis,A0490,13:00,P1,high,2.0,vsl_required,2026-05-18 13:30:00,810,13:30,240,2026-05-18 17:30:00,1050,17:30,15,1,25,4.757,6.8,4.757,H1,4.455,1,catchment_near_assigned_hospital,8,assumption_to_validate,Renaison dialysis: assumed 30/day.
P614,HOME_P614,46.02509982661245,4.060652169690351,H1,oncology,A0231,11:00,P1,high,2.0,prescription_medicale,2026-05-18 11:55:00,715,11:55,165,2026-05-18 14:40:00,880,14:40,15,1,25,4.088,5.84,4.088,H2,2.969,1,catchment_near_assigned_hospital,10,observed_user_table,CH Roanne chemotherapy: 30/day.
P615,HOME_P615,46.04759772231062,4.047530901829315,H1,oncology,A0239,11:00,P1,high,2.0,prescription_medicale,2026-05-18 11:30:00,690,11:30,165,2026-05-18 14:15:00,855,14:15,15,1,25,2.554,5.0,2.554,H2,2.069,1,catchment_near_assigned_hospital,10,observed_user_table,CH Roanne chemotherapy: 30/day.
P616,HOME_P616,46.16875932115708,3.960940647860193,H1,external,A0413,11:30,P3,low,1.0,standard_assis,2026-05-18 12:00:00,720,12:00,30,2026-05-18 12:30:00,750,12:30,35,0,50,19.327,27.61,19.327,H1,19.327,1,catchment_near_assigned_hospital,18,computed_from_user_table,External visits: 75/day * 15% using fleet.
P617,HOME_P617,46.01673742040556,4.0831436231709075,H1,dialysis,A0065,08:00,P1,high,2.0,vsl_required,2026-05-18 08:20:00,500,08:20,240,2026-05-18 12:20:00,740,12:20,15,1,25,5.181,7.4,5.181,H2,4.257,1,catchment_near_assigned_hospital,8,observed_user_table,"CH Roanne dialysis: 53/day. 26 morning, 23 noon, 4 evening."
P618,HOME_P618,46.08812549788328,4.0377380048732565,H3,dialysis,A0682,08:00,P1,high,2.0,prescription_medicale,2026-05-18 08:00:00,480,08:00,245,2026-05-18 12:05:00,725,12:05,15,1,25,6.145,8.78,6.145,H1,5.899,1,catchment_near_assigned_hospital,8,assumption_to_validate,Third dialysis center: assumed 24/day.
P619,HOME_P619,46.045856653182085,4.04293416027266,H3,dialysis,A0709,08:00,P1,high,2.0,vsl_required,2026-05-18 08:55:00,535,08:55,230,2026-05-18 12:45:00,765,12:45,15,1,25,2.674,5.0,2.674,H2,2.495,1,catchment_near_assigned_hospital,8,assumption_to_validate,Third dialysis center: assumed 24/day.
P620,HOME_P620,46.06368158626535,4.1414900957956675,H2,dialysis,A0470,08:00,P1,high,2.0,vsl_required,2026-05-18 08:35:00,515,08:35,265,2026-05-18 13:00:00,780,13:00,15,1,25,7.444,10.63,7.444,H1,6.79,1,catchment_near_assigned_hospital,8,assumption_to_validate,Renaison dialysis: assumed 30/day.
P621,HOME_P621,46.07972033688987,4.102671968383822,H1,dialysis,A0073,08:00,P1,high,2.0,vsl_required,2026-05-18 08:15:00,495,08:15,240,2026-05-18 12:15:00,735,12:15,15,1,25,4.673,6.68,4.673,H1,4.673,1,catchment_near_assigned_hospital,8,observed_user_table,"CH Roanne dialysis: 53/day. 26 morning, 23 noon, 4 evening."
P622,HOME_P622,46.00043421177821,4.112568672449574,H1,external,A0423,14:30,P3,low,1.0,prescription_medicale,2026-05-18 15:25:00,925,15:25,30,2026-05-18 15:55:00,955,15:55,35,1,45,8.294,11.85,8.294,H2,7.578,1,catchment_near_assigned_hospital,18,computed_from_user_table,External visits: 75/day * 15% using fleet.
P623,HOME_P623,46.08504066005899,4.149544287587021,H2,dialysis,A0512,13:00,P1,high,2.0,vsl_required,2026-05-18 13:05:00,785,13:05,255,2026-05-18 17:20:00,1040,17:20,15,1,25,9.515,13.59,9.515,H1,8.624,1,catchment_near_assigned_hospital,8,assumption_to_validate,Renaison dialysis: assumed 30/day.
P624,HOME_P624,46.008121051967144,4.135724356603205,H2,dialysis,A0485,13:00,P1,high,2.0,vsl_required,2026-05-18 13:50:00,830,13:50,245,2026-05-18 17:55:00,1075,17:55,15,1,25,8.306,11.87,8.306,H2,8.306,1,catchment_near_assigned_hospital,8,assumption_to_validate,Renaison dialysis: assumed 30/day.
P625,HOME_P625,46.0643051744626,4.033989867662024,H1,dialysis,A0017,08:00,P1,high,2.0,vsl_required,2026-05-18 08:55:00,535,08:55,240,2026-05-18 12:55:00,775,12:55,15,1,25,4.035,5.76,4.035,H3,4.002,1,catchment_near_assigned_hospital,8,observed_user_table,"CH Roanne dialysis: 53/day. 26 morning, 23 noon, 4 evening."
P626,HOME_P626,46.07339083217485,4.154848780291613,H1,oncology,A0190,08:00,P1,high,2.0,vsl_required,2026-05-18 08:25:00,505,08:25,180,2026-05-18 11:25:00,685,11:25,15,1,25,8.4,12.0,8.4,H1,8.4,1,catchment_near_assigned_hospital,10,observed_user_table,CH Roanne chemotherapy: 30/day.
P627,HOME_P627,46.096517398197626,4.0630477802773965,H1,dialysis,A0032,08:00,P1,high,2.0,vsl_required,2026-05-18 08:50:00,530,08:50,240,2026-05-18 12:50:00,770,12:50,15,1,25,6.079,8.68,6.079,H1,6.079,1,catchment_near_assigned_hospital,8,observed_user_table,"CH Roanne dialysis: 53/day. 26 morning, 23 noon, 4 evening."
P628,HOME_P628,46.01497989981768,3.9905571145762107,H1,other,A0312,10:30,P2,medium,1.5,standard_assis,2026-05-18 11:25:00,685,11:25,115,2026-05-18 13:20:00,800,13:20,25,1,35,9.55,13.64,9.55,H2,8.674,1,catchment_near_assigned_hospital,12,observed_user_table,CH Roanne other: 49/day.
P629,HOME_P629,46.10923747580031,4.105461785274946,H2,oncology,A0542,08:00,P1,high,2.0,vsl_required,2026-05-18 08:25:00,505,08:25,135,2026-05-18 10:40:00,640,10:40,15,1,25,9.512,13.59,9.512,H1,8.392,1,catchment_near_assigned_hospital,10,assumption_to_validate,Renaison oncology: assumed 16/day.
P630,HOME_P630,46.009038028163644,4.025032738631981,H1,dialysis,A0136,13:00,P1,high,2.0,prescription_medicale,2026-05-18 13:20:00,800,13:20,240,2026-05-18 17:20:00,1040,17:20,15,1,25,7.682,10.97,7.682,H2,6.619,1,catchment_near_assigned_hospital,8,observed_user_table,"CH Roanne dialysis: 53/day. 26 morning, 23 noon, 4 evening."
P631,HOME_P631,46.05111219311986,4.111716443817404,H1,dialysis,A0012,08:00,P1,high,2.0,vsl_required,2026-05-18 08:40:00,520,08:40,240,2026-05-18 12:40:00,760,12:40,15,1,25,3.776,5.39,3.776,H1,3.776,1,catchment_near_assigned_hospital,8,observed_user_table,"CH Roanne dialysis: 53/day. 26 morning, 23 noon, 4 evening."
P632,HOME_P632,46.0488716385225,4.120010295490783,H1,oncology,A0222,11:00,P1,high,2.0,prescription_medicale,2026-05-18 11:15:00,675,11:15,180,2026-05-18 14:15:00,855,14:15,15,1,25,4.605,6.58,4.605,H1,4.605,1,catchment_near_assigned_hospital,10,observed_user_table,CH Roanne chemotherapy: 30/day.
P633,HOME_P633,46.05035195915299,4.008967820077799,H1,dialysis,A0130,13:00,P1,high,2.0,prescription_medicale,2026-05-18 13:55:00,835,13:55,240,2026-05-18 17:55:00,1075,17:55,15,1,25,6.161,8.8,6.161,H2,5.808,1,catchment_near_assigned_hospital,8,observed_user_table,"CH Roanne dialysis: 53/day. 26 morning, 23 noon, 4 evening."
P634,HOME_P634,46.02249076812619,4.0107249482371214,H1,dialysis,A0133,13:00,P1,high,2.0,vsl_required,2026-05-18 13:30:00,810,13:30,240,2026-05-18 17:30:00,1050,17:30,15,1,25,7.355,10.51,7.355,H2,6.466,1,catchment_near_assigned_hospital,8,observed_user_table,"CH Roanne dialysis: 53/day. 26 morning, 23 noon, 4 evening."
P635,HOME_P635,46.09419812439162,4.150784787220368,H1,other,A0282,08:30,P2,medium,1.5,standard_assis,2026-05-18 08:40:00,520,08:40,90,2026-05-18 10:10:00,610,10:10,25,1,35,9.434,13.48,9.434,H1,9.434,1,catchment_near_assigned_hospital,12,observed_user_table,CH Roanne other: 49/day.
P636,HOME_P636,46.0474799611014,3.970952223258158,H3,dialysis,A0718,13:00,P1,high,2.0,prescription_medicale,2026-05-18 13:00:00,780,13:00,265,2026-05-18 17:25:00,1045,17:25,15,1,25,9.561,13.66,9.561,H2,9.443,1,catchment_near_assigned_hospital,8,assumption_to_validate,Third dialysis center: assumed 24/day.
P637,HOME_P637,46.093676807528894,4.185143705243182,H1,external,A0410,10:30,P3,low,1.0,standard_assis,2026-05-18 12:15:00,735,12:15,25,2026-05-18 12:40:00,760,12:40,35,1,45,12.209,17.44,12.209,H1,12.209,1,catchment_near_assigned_hospital,18,computed_from_user_table,External visits: 75/day * 15% using fleet.
P638,HOME_P638,46.088230396347775,4.14620597622127,H1,other,A0261,08:30,P2,medium,1.5,standard_assis,2026-05-18 09:30:00,570,09:30,60,2026-05-18 10:30:00,630,10:30,25,1,35,8.591,12.27,8.591,H1,8.591,1,catchment_near_assigned_hospital,12,observed_user_table,CH Roanne other: 49/day.
P639,HOME_P639,45.93863673689153,4.206513076959682,H1,external,A0421,14:30,P3,low,1.0,standard_assis,2026-05-18 16:10:00,970,16:10,25,2026-05-18 16:35:00,995,16:35,35,1,53,20.517,29.31,20.517,H2,19.957,1,catchment_near_assigned_hospital,18,computed_from_user_table,External visits: 75/day * 15% using fleet.
P640,HOME_P640,46.043905243438296,4.018860044757737,H3,dialysis,A0747,13:00,P1,high,2.0,prescription_medicale,2026-05-18 13:50:00,830,13:50,260,2026-05-18 18:10:00,1090,18:10,15,0,25,5.006,7.15,5.006,H2,4.824,1,catchment_near_assigned_hospital,8,assumption_to_validate,Third dialysis center: assumed 24/day.
P641,HOME_P641,46.00154008367404,4.025511290115639,H2,dialysis,A0457,08:00,P1,high,2.0,vsl_required,2026-05-18 08:00:00,480,08:00,235,2026-05-18 11:55:00,715,11:55,15,1,25,7.425,10.61,7.425,H2,7.425,1,catchment_near_assigned_hospital,8,assumption_to_validate,Renaison dialysis: assumed 30/day.
P642,HOME_P642,46.05807227450058,4.089028730707078,H1,other,A0273,08:30,P2,medium,1.5,standard_assis,2026-05-18 08:55:00,535,08:55,75,2026-05-18 10:10:00,610,10:10,25,1,35,1.709,5.0,1.709,H1,1.709,1,catchment_near_assigned_hospital,12,observed_user_table,CH Roanne other: 49/day.
P643,HOME_P643,46.02447442172165,4.1732348439411595,H1,oncology,A0185,08:00,P1,high,2.0,vsl_required,2026-05-18 08:00:00,480,08:00,165,2026-05-18 10:45:00,645,10:45,15,1,25,10.495,14.99,10.495,H1,10.495,1,catchment_near_assigned_hospital,10,observed_user_table,CH Roanne chemotherapy: 30/day.
P644,HOME_P644,46.01238499395478,4.157003561643168,H1,dialysis,A0141,13:00,P1,high,2.0,prescription_medicale,2026-05-18 13:40:00,820,13:40,240,2026-05-18 17:40:00,1060,17:40,15,1,25,9.926,14.18,9.926,H2,9.69,1,catchment_near_assigned_hospital,8,observed_user_table,"CH Roanne dialysis: 53/day. 26 morning, 23 noon, 4 evening."
P645,HOME_P645,46.072325106995265,4.034243533067876,H2,dialysis,A0489,13:00,P1,high,2.0,vsl_required,2026-05-18 13:45:00,825,13:45,250,2026-05-18 17:55:00,1075,17:55,15,1,25,4.98,7.11,4.98,H1,4.555,1,catchment_near_assigned_hospital,8,assumption_to_validate,Renaison dialysis: assumed 30/day.
P646,HOME_P646,46.040674395674614,4.145165582908636,H1,dialysis,A0090,13:00,P1,high,2.0,vsl_required,2026-05-18 13:45:00,825,13:45,240,2026-05-18 17:45:00,1065,17:45,15,1,25,7.208,10.3,7.208,H1,7.208,1,catchment_near_assigned_hospital,8,observed_user_table,"CH Roanne dialysis: 53/day. 26 morning, 23 noon, 4 evening."
P647,HOME_P647,46.00303313298886,3.9669248753245236,H1,other,A0283,08:30,P2,medium,1.5,prescription_medicale,2026-05-18 08:30:00,510,08:30,85,2026-05-18 09:55:00,595,09:55,25,1,35,12.37,17.67,12.37,H2,11.482,1,catchment_near_assigned_hospital,12,observed_user_table,CH Roanne other: 49/day.
P648,HOME_P648,46.06210376627883,4.022851965677698,H1,oncology,A0202,08:00,P1,high,2.0,prescription_medicale,2026-05-18 08:05:00,485,08:05,155,2026-05-18 10:40:00,640,10:40,15,1,25,4.961,7.09,4.961,H3,4.849,1,catchment_near_assigned_hospital,10,observed_user_table,CH Roanne chemotherapy: 30/day.
P649,HOME_P649,46.038008992874104,4.0755613965906505,H3,dialysis,A0729,13:00,P1,high,2.0,vsl_required,2026-05-18 13:05:00,785,13:05,270,2026-05-18 17:35:00,1055,17:35,15,1,25,1.751,5.0,1.751,H2,1.252,1,catchment_near_assigned_hospital,8,assumption_to_validate,Third dialysis center: assumed 24/day.
P650,HOME_P650,46.07417047457182,4.112769605268561,H3,dialysis,A0707,08:00,P1,high,2.0,vsl_required,2026-05-18 08:50:00,530,08:50,260,2026-05-18 13:10:00,790,13:10,15,1,25,5.32,7.6,5.32,H1,4.832,1,catchment_near_assigned_hospital,8,assumption_to_validate,Third dialysis center: assumed 24/day.
P651,HOME_P651,46.03325578916556,4.082237763112323,H3,dialysis,A0697,08:00,P1,high,2.0,vsl_required,2026-05-18 08:00:00,480,08:00,255,2026-05-18 12:15:00,735,12:15,15,1,25,2.61,5.0,2.61,H2,2.162,1,catchment_near_assigned_hospital,8,assumption_to_validate,Third dialysis center: assumed 24/day.
P652,HOME_P652,46.06224360008546,4.118063723581925,H2,other,A0584,08:30,P2,medium,1.5,standard_assis,2026-05-18 08:30:00,510,08:30,35,2026-05-18 09:05:00,545,09:05,25,1,35,5.279,7.54,5.279,H1,4.549,1,catchment_near_assigned_hospital,12,assumption_to_validate,Renaison other: assumed 36/day.
P653,HOME_P653,46.02705819400618,4.029861707872698,H1,other,A0382,16:00,P2,medium,1.5,vsl_required,2026-05-18 16:35:00,995,16:35,70,2026-05-18 17:45:00,1065,17:45,25,1,35,5.512,7.87,5.512,H2,4.564,1,catchment_near_assigned_hospital,12,observed_user_table,CH Roanne other: 49/day.
P654,HOME_P654,46.052095406426815,4.194283481113612,H2,other,A0571,08:30,P2,medium,1.5,standard_assis,2026-05-18 09:00:00,540,09:00,40,2026-05-18 09:40:00,580,09:40,25,1,35,12.138,17.34,12.138,H1,11.729,1,catchment_near_assigned_hospital,12,assumption_to_validate,Renaison other: assumed 36/day.
P655,HOME_P655,46.09772924371218,4.117333517576524,H1,other,A0372,14:00,P2,medium,1.5,prescription_medicale,2026-05-18 15:20:00,920,15:20,75,2026-05-18 16:35:00,995,16:35,25,1,35,7.527,10.75,7.527,H1,7.527,1,catchment_near_assigned_hospital,12,observed_user_table,CH Roanne other: 49/day.
P656,HOME_P656,45.97720297268967,4.034909025772175,H1,external,A0428,16:30,P3,low,1.0,standard_assis,2026-05-18 17:55:00,1075,17:55,25,2026-05-18 18:20:00,1100,18:20,35,1,45,11.188,15.98,11.188,H2,10.067,1,catchment_near_assigned_hospital,18,computed_from_user_table,External visits: 75/day * 15% using fleet.
P657,HOME_P657,46.03643513647385,4.089634549142831,H2,dialysis,A0469,08:00,P1,high,2.0,vsl_required,2026-05-18 08:35:00,515,08:35,265,2026-05-18 13:00:00,780,13:00,15,1,25,2.387,5.0,2.387,H2,2.387,1,catchment_near_assigned_hospital,8,assumption_to_validate,Renaison dialysis: assumed 30/day.
P658,HOME_P658,46.13066255969992,4.004445028867118,H2,other,A0647,14:00,P2,medium,1.5,standard_assis,2026-05-18 15:15:00,915,15:15,35,2026-05-18 15:50:00,950,15:50,25,1,35,13.34,19.06,13.34,H1,12.606,1,catchment_near_assigned_hospital,12,assumption_to_validate,Renaison other: assumed 36/day.
P659,HOME_P659,45.99635295466753,3.9784802928986984,H1,other,A0361,14:00,P2,medium,1.5,prescription_medicale,2026-05-18 14:40:00,880,14:40,115,2026-05-18 16:35:00,995,16:35,25,1,35,12.056,17.22,12.056,H2,11.092,1,catchment_near_assigned_hospital,12,observed_user_table,CH Roanne other: 49/day.
P660,HOME_P660,46.06754255223206,4.09354890787392,H2,dialysis,A0471,08:00,P1,high,2.0,vsl_required,2026-05-18 08:00:00,480,08:00,255,2026-05-18 12:15:00,735,12:15,15,1,25,3.862,5.52,3.862,H1,2.822,1,catchment_near_assigned_hospital,8,assumption_to_validate,Renaison dialysis: assumed 30/day.
P661,HOME_P661,46.0983937268998,4.089638522261349,H2,other,A0620,10:30,P2,medium,1.5,prescription_medicale,2026-05-18 11:05:00,665,11:05,40,2026-05-18 11:45:00,705,11:45,25,1,35,7.595,10.85,7.595,H1,6.477,1,catchment_near_assigned_hospital,12,assumption_to_validate,Renaison other: assumed 36/day.
P662,HOME_P662,46.099740817783676,4.113439663073751,H2,dialysis,A0478,13:00,P1,high,2.0,prescription_medicale,2026-05-18 13:25:00,805,13:25,220,2026-05-18 17:05:00,1025,17:05,15,1,25,8.657,12.37,8.657,H1,7.556,1,catchment_near_assigned_hospital,8,assumption_to_validate,Renaison dialysis: assumed 30/day.
P663,HOME_P663,45.99557406955012,4.119467165807988,H2,oncology,A0556,13:00,P1,high,2.0,prescription_medicale,2026-05-18 13:35:00,815,13:35,355,2026-05-18 19:30:00,1170,19:30,15,1,25,8.512,12.16,8.512,H2,8.512,1,catchment_near_assigned_hospital,10,assumption_to_validate,Renaison oncology: assumed 16/day.
P664,HOME_P664,45.992929713967634,3.9600680953663123,H1,other,A0263,08:30,P2,medium,1.5,standard_assis,2026-05-18 08:55:00,535,08:55,110,2026-05-18 10:45:00,645,10:45,25,1,35,13.732,19.62,13.732,H2,12.804,1,catchment_near_assigned_hospital,12,observed_user_table,CH Roanne other: 49/day.
P665,HOME_P665,46.080976350955645,4.140321030182162,H1,dialysis,A0115,13:00,P1,high,2.0,vsl_required,2026-05-18 13:40:00,820,13:40,240,2026-05-18 17:40:00,1060,17:40,15,1,25,7.571,10.82,7.571,H1,7.571,1,catchment_near_assigned_hospital,8,observed_user_table,"CH Roanne dialysis: 53/day. 26 morning, 23 noon, 4 evening."
P666,HOME_P666,46.02497075695796,3.994055703968955,H2,dialysis,A0488,13:00,P1,high,2.0,vsl_required,2026-05-18 13:25:00,805,13:25,215,2026-05-18 17:00:00,1020,17:00,15,1,25,7.766,11.09,7.766,H2,7.766,1,catchment_near_assigned_hospital,8,assumption_to_validate,Renaison dialysis: assumed 30/day.
P667,HOME_P667,46.08521134875053,4.09157327667055,H2,dialysis,A0507,13:00,P1,high,2.0,prescription_medicale,2026-05-18 13:25:00,805,13:25,260,2026-05-18 17:45:00,1065,17:45,15,1,25,5.915,8.45,5.915,H1,4.794,1,catchment_near_assigned_hospital,8,assumption_to_validate,Renaison dialysis: assumed 30/day.
P668,HOME_P668,46.05670752521898,4.135701910315882,H1,oncology,A0200,08:00,P1,high,2.0,prescription_medicale,2026-05-18 08:20:00,500,08:20,150,2026-05-18 10:50:00,650,10:50,15,1,25,6.095,8.71,6.095,H1,6.095,1,catchment_near_assigned_hospital,10,observed_user_table,CH Roanne chemotherapy: 30/day.
P669,HOME_P669,45.99526685575374,4.022611033551568,H1,dialysis,A0147,13:00,P1,high,2.0,vsl_required,2026-05-18 13:20:00,800,13:20,240,2026-05-18 17:20:00,1040,17:20,15,1,25,9.404,13.43,9.404,H2,8.307,1,catchment_near_assigned_hospital,8,observed_user_table,"CH Roanne dialysis: 53/day. 26 morning, 23 noon, 4 evening."
P670,HOME_P670,46.06348204543564,4.114205918964599,H2,other,A0617,10:30,P2,medium,1.5,standard_assis,2026-05-18 10:45:00,645,10:45,25,2026-05-18 11:10:00,670,11:10,25,1,35,5.029,7.18,5.029,H1,4.246,1,catchment_near_assigned_hospital,12,assumption_to_validate,Renaison other: assumed 36/day.
P671,HOME_P671,46.06786780752434,4.121882801969309,H2,dialysis,A0462,08:00,P1,high,2.0,prescription_medicale,2026-05-18 08:30:00,510,08:30,210,2026-05-18 12:00:00,720,12:00,15,1,25,5.976,8.54,5.976,H1,5.158,1,catchment_near_assigned_hospital,8,assumption_to_validate,Renaison dialysis: assumed 30/day.
P672,HOME_P672,46.0514994287264,4.048186668571349,H3,dialysis,A0696,08:00,P1,high,2.0,vsl_required,2026-05-18 08:45:00,525,08:45,230,2026-05-18 12:35:00,755,12:35,15,1,25,2.115,5.0,2.115,H3,2.115,1,catchment_near_assigned_hospital,8,assumption_to_validate,Third dialysis center: assumed 24/day.
P673,HOME_P673,46.06626308476159,4.027893761289095,H2,oncology,A0561,13:00,P1,high,2.0,standard_assis,2026-05-18 13:20:00,800,13:20,60,2026-05-18 14:20:00,860,14:20,15,1,25,4.872,6.96,4.872,H3,4.648,1,catchment_near_assigned_hospital,10,assumption_to_validate,Renaison oncology: assumed 16/day.
P674,HOME_P674,46.0668064213162,3.998980198021303,H2,dialysis,A0468,08:00,P1,high,2.0,vsl_required,2026-05-18 08:25:00,505,08:25,270,2026-05-18 12:55:00,775,12:55,15,1,25,7.346,10.49,7.346,H3,7.237,1,catchment_near_assigned_hospital,8,assumption_to_validate,Renaison dialysis: assumed 30/day.
P675,HOME_P675,46.0403568630147,4.143674690350071,H1,other,A0305,08:30,P2,medium,1.5,standard_assis,2026-05-18 09:30:00,570,09:30,115,2026-05-18 11:25:00,685,11:25,25,1,35,7.079,10.11,7.079,H1,7.079,1,catchment_near_assigned_hospital,12,observed_user_table,CH Roanne other: 49/day.
P676,HOME_P676,46.05808143191134,4.205797044866263,H1,other,A0327,10:30,P2,medium,1.5,standard_assis,2026-05-18 11:10:00,670,11:10,120,2026-05-18 13:10:00,790,13:10,25,1,35,12.855,18.36,12.855,H1,12.855,1,catchment_near_assigned_hospital,12,observed_user_table,CH Roanne other: 49/day.
P677,HOME_P677,46.09651476550212,4.078231883117531,H2,dialysis,A0477,08:00,P1,high,2.0,prescription_medicale,2026-05-18 08:25:00,505,08:25,270,2026-05-18 12:55:00,775,12:55,15,1,25,7.121,10.17,7.121,H1,6.03,1,catchment_near_assigned_hospital,8,assumption_to_validate,Renaison dialysis: assumed 30/day.
P678,HOME_P678,46.06242596488138,4.003393012305034,H1,dialysis,A0087,13:00,P1,high,2.0,prescription_medicale,2026-05-18 13:05:00,785,13:05,240,2026-05-18 17:05:00,1025,17:05,15,1,25,6.804,9.72,6.804,H3,6.653,1,catchment_near_assigned_hospital,8,observed_user_table,"CH Roanne dialysis: 53/day. 26 morning, 23 noon, 4 evening."
P679,HOME_P679,46.06545747483509,3.992578357324197,H1,oncology,A0164,08:00,P1,high,2.0,vsl_required,2026-05-18 08:50:00,530,08:50,160,2026-05-18 11:30:00,690,11:30,15,1,25,7.91,11.3,7.91,H3,7.77,1,catchment_near_assigned_hospital,10,observed_user_table,CH Roanne chemotherapy: 30/day.
P680,HOME_P680,46.08905870640913,4.081950015433022,H2,other,A0645,14:00,P2,medium,1.5,prescription_medicale,2026-05-18 15:10:00,910,15:10,25,2026-05-18 15:35:00,935,15:35,25,1,35,6.159,8.8,6.159,H1,5.05,1,catchment_near_assigned_hospital,12,assumption_to_validate,Renaison other: assumed 36/day.
P681,HOME_P681,46.03609812393769,4.078122474849577,H3,dialysis,A0734,13:00,P1,high,2.0,vsl_required,2026-05-18 13:50:00,830,13:50,240,2026-05-18 17:50:00,1070,17:50,15,1,25,2.085,5.0,2.085,H2,1.609,1,catchment_near_assigned_hospital,8,assumption_to_validate,Third dialysis center: assumed 24/day.
P682,HOME_P682,46.09549304722846,4.046292069410968,H1,dialysis,A0050,08:00,P1,high,2.0,vsl_required,2026-05-18 08:50:00,530,08:50,240,2026-05-18 12:50:00,770,12:50,15,1,25,6.394,9.13,6.394,H1,6.394,1,catchment_near_assigned_hospital,8,observed_user_table,"CH Roanne dialysis: 53/day. 26 morning, 23 noon, 4 evening."
P683,HOME_P683,45.97129119974525,4.0154649856059335,H2,oncology,A0540,08:00,P1,high,2.0,vsl_required,2026-05-18 08:05:00,485,08:05,260,2026-05-18 12:25:00,745,12:25,15,1,25,11.553,16.5,11.553,H2,11.553,1,catchment_near_assigned_hospital,10,assumption_to_validate,Renaison oncology: assumed 16/day.
P684,HOME_P684,46.001972891048034,4.020757193832058,H1,dialysis,A0082,13:00,P1,high,2.0,prescription_medicale,2026-05-18 13:40:00,820,13:40,240,2026-05-18 17:40:00,1060,17:40,15,1,25,8.719,12.46,8.719,H2,7.644,1,catchment_near_assigned_hospital,8,observed_user_table,"CH Roanne dialysis: 53/day. 26 morning, 23 noon, 4 evening."
P685,HOME_P685,46.04970830729238,4.079888779224226,H2,dialysis,A0464,08:00,P1,high,2.0,vsl_required,2026-05-18 08:45:00,525,08:45,245,2026-05-18 12:50:00,770,12:50,15,1,25,1.206,5.0,1.206,H1,0.854,1,catchment_near_assigned_hospital,8,assumption_to_validate,Renaison dialysis: assumed 30/day.
P686,HOME_P686,46.07965882432853,4.150255026093739,H3,dialysis,A0723,13:00,P1,high,2.0,vsl_required,2026-05-18 13:25:00,805,13:25,210,2026-05-18 16:55:00,1015,16:55,15,1,25,8.769,12.53,8.769,H1,8.328,1,catchment_near_assigned_hospital,8,assumption_to_validate,Third dialysis center: assumed 24/day.
P687,HOME_P687,45.96866190112527,3.967331065554806,H2,other,A0574,08:30,P2,medium,1.5,prescription_medicale,2026-05-18 08:35:00,515,08:35,35,2026-05-18 09:10:00,550,09:10,25,1,35,14.513,20.73,14.513,H2,14.513,1,catchment_near_assigned_hospital,12,assumption_to_validate,Renaison other: assumed 36/day.
P688,HOME_P688,46.1292155597824,4.02261571075561,H1,other,A0343,10:30,P2,medium,1.5,standard_assis,2026-05-18 11:25:00,685,11:25,120,2026-05-18 13:25:00,805,13:25,25,1,35,11.604,16.58,11.604,H1,11.604,1,catchment_near_assigned_hospital,12,observed_user_table,CH Roanne other: 49/day.
P689,HOME_P689,46.08559654134253,4.026575695001215,H2,dialysis,A0441,08:00,P1,high,2.0,vsl_required,2026-05-18 08:20:00,500,08:20,245,2026-05-18 12:25:00,745,12:25,15,1,25,6.88,9.83,6.88,H1,6.319,1,catchment_near_assigned_hospital,8,assumption_to_validate,Renaison dialysis: assumed 30/day.
P690,HOME_P690,46.049543655736656,4.027547621147919,H1,oncology,A0178,08:00,P1,high,2.0,prescription_medicale,2026-05-18 08:50:00,530,08:50,180,2026-05-18 11:50:00,710,11:50,15,1,25,4.387,6.27,4.387,H2,4.015,1,catchment_near_assigned_hospital,10,observed_user_table,CH Roanne chemotherapy: 30/day.
P691,HOME_P691,46.027519386482446,4.070874058434097,H2,oncology,A0567,15:00,P1,high,2.0,prescription_medicale,2026-05-18 15:10:00,910,15:10,290,2026-05-18 20:00:00,1200,20:00,15,1,25,2.535,5.0,2.535,H2,2.535,1,catchment_near_assigned_hospital,10,assumption_to_validate,Renaison oncology: assumed 16/day.
P692,HOME_P692,46.0947399422725,4.174008517782742,H2,oncology,A0550,13:00,P1,high,2.0,prescription_medicale,2026-05-18 13:35:00,815,13:35,350,2026-05-18 19:25:00,1165,19:25,15,1,25,12.222,17.46,12.222,H1,11.34,1,catchment_near_assigned_hospital,10,assumption_to_validate,Renaison oncology: assumed 16/day.
P693,HOME_P693,46.074238303774585,4.1424915182943485,H2,dialysis,A0446,08:00,P1,high,2.0,prescription_medicale,2026-05-18 08:30:00,510,08:30,220,2026-05-18 12:10:00,730,12:10,15,1,25,8.139,11.63,8.139,H1,7.333,1,catchment_near_assigned_hospital,8,assumption_to_validate,Renaison dialysis: assumed 30/day.
P694,HOME_P694,46.04637343606155,4.0941945466239895,H1,other,A0307,10:30,P2,medium,1.5,standard_assis,2026-05-18 10:45:00,645,10:45,110,2026-05-18 12:35:00,755,12:35,25,0,35,2.286,5.0,2.286,H1,2.286,1,catchment_near_assigned_hospital,12,observed_user_table,CH Roanne other: 49/day.
P695,HOME_P695,45.95219916422074,4.113951731651851,H2,other,A0635,10:30,P2,medium,1.5,vsl_required,2026-05-18 10:55:00,655,10:55,30,2026-05-18 11:25:00,685,11:25,25,1,35,13.708,19.58,13.708,H2,13.708,1,catchment_near_assigned_hospital,12,assumption_to_validate,Renaison other: assumed 36/day.
P696,HOME_P696,46.05047659365247,4.127683407065768,H2,dialysis,A0479,13:00,P1,high,2.0,prescription_medicale,2026-05-18 13:55:00,835,13:55,245,2026-05-18 18:00:00,1080,18:00,15,1,25,5.719,8.17,5.719,H1,5.318,1,catchment_near_assigned_hospital,8,assumption_to_validate,Renaison dialysis: assumed 30/day.
P697,HOME_P697,46.09673556402636,4.120266222165559,H3,dialysis,A0738,13:00,P1,high,2.0,vsl_required,2026-05-18 13:25:00,805,13:25,245,2026-05-18 17:30:00,1050,17:30,15,1,25,8.105,11.58,8.105,H1,7.582,1,catchment_near_assigned_hospital,8,assumption_to_validate,Third dialysis center: assumed 24/day.
P698,HOME_P698,46.129601929771304,4.045951256500398,H1,other,A0291,08:30,P2,medium,1.5,premium,2026-05-18 08:30:00,510,08:30,80,2026-05-18 09:50:00,590,09:50,25,1,35,10.914,15.59,10.914,H1,10.914,1,catchment_near_assigned_hospital,12,observed_user_table,CH Roanne other: 49/day.
P699,HOME_P699,46.101734643813586,4.086540326467107,H1,dialysis,A0001,08:00,P1,high,2.0,vsl_required,2026-05-18 08:55:00,535,08:55,240,2026-05-18 12:55:00,775,12:55,15,1,25,6.863,9.8,6.863,H1,6.863,1,catchment_near_assigned_hospital,8,observed_user_table,"CH Roanne dialysis: 53/day. 26 morning, 23 noon, 4 evening."
P700,HOME_P700,46.08060096207714,3.9921814353887233,H1,oncology,A0167,08:00,P1,high,2.0,prescription_medicale,2026-05-18 08:55:00,535,08:55,180,2026-05-18 11:55:00,715,11:55,15,1,25,8.643,12.35,8.643,H3,8.626,1,catchment_near_assigned_hospital,10,observed_user_table,CH Roanne chemotherapy: 30/day.
P701,HOME_P701,46.09562499993929,4.008826004155449,H1,external,A0406,09:30,P3,low,1.0,prescription_medicale,2026-05-18 10:55:00,655,10:55,25,2026-05-18 11:20:00,680,11:20,35,1,45,8.517,12.17,8.517,H1,8.517,1,catchment_near_assigned_hospital,18,computed_from_user_table,External visits: 75/day * 15% using fleet.
P702,HOME_P702,46.10363987358648,4.123858322302089,H2,other,A0601,08:30,P2,medium,1.5,prescription_medicale,2026-05-18 08:55:00,535,08:55,40,2026-05-18 09:35:00,575,09:35,25,1,35,9.646,13.78,9.646,H1,8.561,1,catchment_near_assigned_hospital,12,assumption_to_validate,Renaison other: assumed 36/day.
P703,HOME_P703,46.05732961314205,3.980703249330748,H3,dialysis,A0705,08:00,P1,high,2.0,vsl_required,2026-05-18 08:40:00,520,08:40,250,2026-05-18 12:50:00,770,12:50,15,1,25,8.674,12.39,8.674,H2,8.65,1,catchment_near_assigned_hospital,8,assumption_to_validate,Third dialysis center: assumed 24/day.
P704,HOME_P704,46.05013714315944,4.008819307110095,H2,other,A0623,10:30,P2,medium,1.5,prescription_medicale,2026-05-18 10:50:00,650,10:50,35,2026-05-18 11:25:00,685,11:25,25,1,35,5.819,8.31,5.819,H2,5.819,1,catchment_near_assigned_hospital,12,assumption_to_validate,Renaison other: assumed 36/day.
P705,HOME_P705,46.107508271698315,4.114812637532823,H1,dialysis,A0125,13:00,P1,high,2.0,vsl_required,2026-05-18 13:15:00,795,13:15,240,2026-05-18 17:15:00,1035,17:15,15,1,25,8.559,12.23,8.559,H1,8.559,1,catchment_near_assigned_hospital,8,observed_user_table,"CH Roanne dialysis: 53/day. 26 morning, 23 noon, 4 evening."
P706,HOME_P706,46.022532673200416,3.999775119840449,H2,dialysis,A0500,13:00,P1,high,2.0,vsl_required,2026-05-18 13:05:00,785,13:05,225,2026-05-18 16:50:00,1010,16:50,15,1,25,7.398,10.57,7.398,H2,7.398,1,catchment_near_assigned_hospital,8,assumption_to_validate,Renaison dialysis: assumed 30/day.
P707,HOME_P707,46.087939552169246,4.126331773873109,H2,oncology,A0541,08:00,P1,high,2.0,vsl_required,2026-05-18 08:10:00,490,08:10,265,2026-05-18 12:35:00,755,12:35,15,1,25,8.078,11.54,8.078,H1,7.066,1,catchment_near_assigned_hospital,10,assumption_to_validate,Renaison oncology: assumed 16/day.
P708,HOME_P708,45.99830132241982,4.27130275590241,H1,external,A0426,15:30,P3,low,1.0,standard_assis,2026-05-18 17:25:00,1045,17:25,20,2026-05-18 17:45:00,1065,17:45,35,1,54,20.635,29.48,20.635,H2,20.625,1,catchment_near_assigned_hospital,18,computed_from_user_table,External visits: 75/day * 15% using fleet.
P709,HOME_P709,46.120981580254934,4.0916390539468495,H1,other,A0308,10:30,P2,medium,1.5,vsl_required,2026-05-18 11:15:00,675,11:15,95,2026-05-18 12:50:00,770,12:50,25,1,35,9.583,13.69,9.583,H1,9.583,1,catchment_near_assigned_hospital,12,observed_user_table,CH Roanne other: 49/day.
P710,HOME_P710,46.10083430146853,4.186937257221061,H1,other,A0334,10:30,P2,medium,1.5,standard_assis,2026-05-18 10:45:00,645,10:45,80,2026-05-18 12:05:00,725,12:05,25,1,35,12.844,18.35,12.844,H1,12.844,1,catchment_near_assigned_hospital,12,observed_user_table,CH Roanne other: 49/day.
P711,HOME_P711,46.05716849863885,4.172610576887615,H1,other,A0280,08:30,P2,medium,1.5,standard_assis,2026-05-18 08:35:00,515,08:35,90,2026-05-18 10:05:00,605,10:05,25,1,35,9.652,13.79,9.652,H1,9.652,1,catchment_near_assigned_hospital,12,observed_user_table,CH Roanne other: 49/day.
P712,HOME_P712,46.08034732113043,3.972522598809191,H2,other,A0580,08:30,P2,medium,1.5,prescription_medicale,2026-05-18 08:50:00,530,08:50,30,2026-05-18 09:20:00,560,09:20,25,1,35,10.46,14.94,10.46,H3,10.304,1,catchment_near_assigned_hospital,12,assumption_to_validate,Renaison other: assumed 36/day.
P713,HOME_P713,46.05596122813664,4.085091902397961,H2,oncology,A0560,13:00,P1,high,2.0,vsl_required,2026-05-18 13:35:00,815,13:35,130,2026-05-18 15:45:00,945,15:45,15,1,25,2.122,5.0,2.122,H1,1.251,1,catchment_near_assigned_hospital,10,assumption_to_validate,Renaison oncology: assumed 16/day.
P714,HOME_P714,46.044955525590815,4.082164691339745,H1,dialysis,A0107,13:00,P1,high,2.0,prescription_medicale,2026-05-18 13:30:00,810,13:30,240,2026-05-18 17:30:00,1050,17:30,15,1,25,1.476,5.0,1.476,H2,1.293,1,catchment_near_assigned_hospital,8,observed_user_table,"CH Roanne dialysis: 53/day. 26 morning, 23 noon, 4 evening."
P715,HOME_P715,46.10915542741832,4.067733071261141,H2,other,A0654,14:00,P2,medium,1.5,prescription_medicale,2026-05-18 14:50:00,890,14:50,30,2026-05-18 15:20:00,920,15:20,25,1,35,8.821,12.6,8.821,H1,7.778,1,catchment_near_assigned_hospital,12,assumption_to_validate,Renaison other: assumed 36/day.
P716,HOME_P716,46.113970639407135,4.021304956434174,H2,other,A0602,08:30,P2,medium,1.5,standard_assis,2026-05-18 09:40:00,580,09:40,30,2026-05-18 10:10:00,610,10:10,25,1,35,10.536,15.05,10.536,H1,9.781,1,catchment_near_assigned_hospital,12,assumption_to_validate,Renaison other: assumed 36/day.
P717,HOME_P717,46.07166871050587,3.966790202754638,H1,oncology,A0223,11:00,P1,high,2.0,vsl_required,2026-05-18 11:50:00,710,11:50,155,2026-05-18 14:25:00,865,14:25,15,1,25,10.529,15.04,10.529,H3,10.4,1,catchment_near_assigned_hospital,10,observed_user_table,CH Roanne chemotherapy: 30/day.
P718,HOME_P718,45.982803107855155,4.047603630191436,H1,other,A0254,08:30,P2,medium,1.5,prescription_medicale,2026-05-18 09:35:00,575,09:35,70,2026-05-18 10:45:00,645,10:45,25,1,35,10.094,14.42,10.094,H2,8.979,1,catchment_near_assigned_hospital,12,observed_user_table,CH Roanne other: 49/day.
P719,HOME_P719,46.01870177742864,4.115494777544703,H1,other,A0260,08:30,P2,medium,1.5,prescription_medicale,2026-05-18 09:50:00,590,09:50,75,2026-05-18 11:05:00,665,11:05,25,1,35,6.339,9.06,6.339,H2,5.864,1,catchment_near_assigned_hospital,12,observed_user_table,CH Roanne other: 49/day.
P720,HOME_P720,45.981311289881525,4.104973436126595,H2,other,A0662,14:00,P2,medium,1.5,vsl_required,2026-05-18 14:45:00,885,14:45,35,2026-05-18 15:20:00,920,15:20,25,1,35,9.607,13.72,9.607,H2,9.607,1,catchment_near_assigned_hospital,12,assumption_to_validate,Renaison other: assumed 36/day.
P721,HOME_P721,45.93053665045098,3.990546555073329,H1,external,A0401,08:30,P3,low,1.0,standard_assis,2026-05-18 10:00:00,600,10:00,20,2026-05-18 10:20:00,620,10:20,35,1,49,18.817,26.88,18.817,H2,17.701,1,catchment_near_assigned_hospital,18,computed_from_user_table,External visits: 75/day * 15% using fleet.
P722,HOME_P722,46.06242620032077,4.105705134380037,H2,other,A0615,10:30,P2,medium,1.5,standard_assis,2026-05-18 11:20:00,680,11:20,35,2026-05-18 11:55:00,715,11:55,25,1,35,4.252,6.07,4.252,H1,3.427,1,catchment_near_assigned_hospital,12,assumption_to_validate,Renaison other: assumed 36/day.
P723,HOME_P723,46.084643096917574,4.151938487122214,H1,oncology,A0207,08:00,P1,high,2.0,vsl_required,2026-05-18 08:05:00,485,08:05,170,2026-05-18 10:55:00,655,10:55,15,1,25,8.796,12.57,8.796,H1,8.796,1,catchment_near_assigned_hospital,10,observed_user_table,CH Roanne chemotherapy: 30/day.
P724,HOME_P724,46.11263790475169,4.046185037837193,H1,dialysis,A0109,13:00,P1,high,2.0,vsl_required,2026-05-18 13:50:00,830,13:50,240,2026-05-18 17:50:00,1070,17:50,15,1,25,8.635,12.34,8.635,H1,8.635,1,catchment_near_assigned_hospital,8,observed_user_table,"CH Roanne dialysis: 53/day. 26 morning, 23 noon, 4 evening."
P725,HOME_P725,46.109952260118405,4.109802369300818,H2,dialysis,A0463,08:00,P1,high,2.0,prescription_medicale,2026-05-18 08:30:00,510,08:30,270,2026-05-18 13:00:00,780,13:00,15,1,25,9.767,13.95,9.767,H1,8.649,1,catchment_near_assigned_hospital,8,assumption_to_validate,Renaison dialysis: assumed 30/day.
P726,HOME_P726,46.131113003297045,4.015716782662289,H1,other,A0297,08:30,P2,medium,1.5,prescription_medicale,2026-05-18 09:15:00,555,09:15,100,2026-05-18 10:55:00,655,10:55,25,1,35,12.13,17.33,12.13,H1,12.13,1,catchment_near_assigned_hospital,12,observed_user_table,CH Roanne other: 49/day.
P727,HOME_P727,45.996716951837804,3.96106404042469,H2,other,A0625,10:30,P2,medium,1.5,prescription_medicale,2026-05-18 11:40:00,700,11:40,40,2026-05-18 12:20:00,740,12:20,25,1,35,12.429,17.76,12.429,H2,12.429,1,catchment_near_assigned_hospital,12,assumption_to_validate,Renaison other: assumed 36/day.
P728,HOME_P728,46.09991266751906,4.018583075526127,H1,dialysis,A0002,08:00,P1,high,2.0,prescription_medicale,2026-05-18 08:00:00,480,08:00,240,2026-05-18 12:00:00,720,12:00,15,1,25,8.319,11.88,8.319,H1,8.319,1,catchment_near_assigned_hospital,8,observed_user_table,"CH Roanne dialysis: 53/day. 26 morning, 23 noon, 4 evening."
P729,HOME_P729,46.050613421903826,4.067048321528452,H1,dialysis,A0078,08:00,P1,high,2.0,prescription_medicale,2026-05-18 08:55:00,535,08:55,240,2026-05-18 12:55:00,775,12:55,15,1,25,0.661,5.0,0.661,H3,0.297,1,catchment_near_assigned_hospital,8,observed_user_table,"CH Roanne dialysis: 53/day. 26 morning, 23 noon, 4 evening."
P730,HOME_P730,46.09218573947945,4.1366331839616075,H1,other,A0356,14:00,P2,medium,1.5,premium,2026-05-18 15:25:00,925,15:25,120,2026-05-18 17:25:00,1045,17:25,25,1,35,8.199,11.71,8.199,H1,8.199,1,catchment_near_assigned_hospital,12,observed_user_table,CH Roanne other: 49/day.
P731,HOME_P731,46.044489169445285,4.096887177591595,H1,external,A0414,11:30,P3,low,1.0,standard_assis,2026-05-18 12:55:00,775,12:55,25,2026-05-18 13:20:00,800,13:20,35,1,45,2.635,5.0,2.635,H1,2.635,1,catchment_near_assigned_hospital,18,computed_from_user_table,External visits: 75/day * 15% using fleet.
P732,HOME_P732,45.99861148245597,4.122249976636267,H1,dialysis,A0011,08:00,P1,high,2.0,vsl_required,2026-05-18 08:35:00,515,08:35,240,2026-05-18 12:35:00,755,12:35,15,1,25,8.98,12.83,8.98,H2,8.334,1,catchment_near_assigned_hospital,8,observed_user_table,"CH Roanne dialysis: 53/day. 26 morning, 23 noon, 4 evening."
P733,HOME_P733,46.036301969261054,4.055865097260474,H1,external,A0424,15:30,P3,low,1.0,standard_assis,2026-05-18 17:10:00,1030,17:10,30,2026-05-18 17:40:00,1060,17:40,35,1,45,2.867,5.0,2.867,H2,1.807,1,catchment_near_assigned_hospital,18,computed_from_user_table,External visits: 75/day * 15% using fleet.
P734,HOME_P734,46.013092708339066,4.136406244015162,H1,dialysis,A0008,08:00,P1,high,2.0,prescription_medicale,2026-05-18 08:30:00,510,08:30,240,2026-05-18 12:30:00,750,12:30,15,1,25,8.308,11.87,8.308,H2,7.944,1,catchment_near_assigned_hospital,8,observed_user_table,"CH Roanne dialysis: 53/day. 26 morning, 23 noon, 4 evening."
P735,HOME_P735,45.979592045126736,4.1066829542678915,H1,other,A0346,10:30,P2,medium,1.5,standard_assis,2026-05-18 11:15:00,675,11:15,90,2026-05-18 12:45:00,765,12:45,25,1,35,10.757,15.37,10.757,H2,9.89,1,catchment_near_assigned_hospital,12,observed_user_table,CH Roanne other: 49/day.
P736,HOME_P736,45.96146247809082,4.032145031215374,H2,other,A0603,08:30,P2,medium,1.5,prescription_medicale,2026-05-18 09:35:00,575,09:35,30,2026-05-18 10:05:00,605,10:05,25,1,35,12.232,17.47,12.232,H2,12.232,1,catchment_near_assigned_hospital,12,assumption_to_validate,Renaison other: assumed 36/day.
P737,HOME_P737,46.02579037401352,4.129449175195499,H1,dialysis,A0072,08:00,P1,high,2.0,vsl_required,2026-05-18 08:15:00,495,08:15,240,2026-05-18 12:15:00,735,12:15,15,1,25,6.678,9.54,6.678,H2,6.473,1,catchment_near_assigned_hospital,8,observed_user_table,"CH Roanne dialysis: 53/day. 26 morning, 23 noon, 4 evening."
P738,HOME_P738,46.049999225753744,4.103072037802208,H1,other,A0332,10:30,P2,medium,1.5,vsl_required,2026-05-18 11:55:00,715,11:55,95,2026-05-18 13:30:00,810,13:30,25,1,35,2.965,5.0,2.965,H1,2.965,1,catchment_near_assigned_hospital,12,observed_user_table,CH Roanne other: 49/day.
P739,HOME_P739,46.007839656219375,4.043386452237439,H2,dialysis,A0482,13:00,P1,high,2.0,prescription_medicale,2026-05-18 13:35:00,815,13:35,250,2026-05-18 17:45:00,1065,17:45,15,0,25,5.806,8.29,5.806,H2,5.806,1,catchment_near_assigned_hospital,8,assumption_to_validate,Renaison dialysis: assumed 30/day.
P740,HOME_P740,46.12170796465545,4.077699903581412,H2,oncology,A0547,08:00,P1,high,2.0,prescription_medicale,2026-05-18 08:40:00,520,08:40,75,2026-05-18 09:55:00,595,09:55,15,1,25,10.599,15.14,10.599,H1,9.52,1,catchment_near_assigned_hospital,10,assumption_to_validate,Renaison oncology: assumed 16/day.
P741,HOME_P741,46.0352222624602,4.04378996151023,H2,dialysis,A0433,08:00,P1,high,2.0,vsl_required,2026-05-18 08:10:00,490,08:10,270,2026-05-18 12:40:00,760,12:40,15,1,25,2.818,5.0,2.818,H2,2.818,1,catchment_near_assigned_hospital,8,assumption_to_validate,Renaison dialysis: assumed 30/day.
P742,HOME_P742,46.05325246653325,4.097770033237236,H1,other,A0251,08:30,P2,medium,1.5,prescription_medicale,2026-05-18 09:15:00,555,09:15,60,2026-05-18 10:15:00,615,10:15,25,1,35,2.418,5.0,2.418,H1,2.418,1,catchment_near_assigned_hospital,12,observed_user_table,CH Roanne other: 49/day.
P743,HOME_P743,45.98325366073094,3.9743281705768707,H2,other,A0621,10:30,P2,medium,1.5,standard_assis,2026-05-18 11:55:00,715,11:55,35,2026-05-18 12:30:00,750,12:30,25,0,35,12.589,17.98,12.589,H2,12.589,1,catchment_near_assigned_hospital,12,assumption_to_validate,Renaison other: assumed 36/day.
P744,HOME_P744,46.0069070207104,4.081177533044378,H1,oncology,A0198,08:00,P1,high,2.0,vsl_required,2026-05-18 08:35:00,515,08:35,160,2026-05-18 11:15:00,675,11:15,15,1,25,6.5,9.29,6.5,H2,5.523,1,catchment_near_assigned_hospital,10,observed_user_table,CH Roanne chemotherapy: 30/day.
P745,HOME_P745,45.99414019616551,4.113467508620847,H1,dialysis,A0113,13:00,P1,high,2.0,vsl_required,2026-05-18 13:00:00,780,13:00,240,2026-05-18 17:00:00,1020,17:00,15,1,25,9.116,13.02,9.116,H2,8.363,1,catchment_near_assigned_hospital,8,observed_user_table,"CH Roanne dialysis: 53/day. 26 morning, 23 noon, 4 evening."
P746,HOME_P746,46.04649951220015,3.9969479605470957,H2,other,A0575,08:30,P2,medium,1.5,standard_assis,2026-05-18 08:40:00,520,08:40,30,2026-05-18 09:10:00,550,09:10,25,1,35,6.933,9.9,6.933,H2,6.933,1,catchment_near_assigned_hospital,12,assumption_to_validate,Renaison other: assumed 36/day.
P747,HOME_P747,46.08015339479082,4.104460028334563,H2,other,A0614,10:30,P2,medium,1.5,vsl_required,2026-05-18 11:05:00,665,11:05,40,2026-05-18 11:45:00,705,11:45,25,1,35,5.896,8.42,5.896,H1,4.828,1,catchment_near_assigned_hospital,12,assumption_to_validate,Renaison other: assumed 36/day.
P748,HOME_P748,45.97316507670759,4.085794650589414,H1,other,A0363,14:00,P2,medium,1.5,prescription_medicale,2026-05-18 15:05:00,905,15:05,105,2026-05-18 16:50:00,1010,16:50,25,1,35,11.21,16.01,11.21,H2,10.215,1,catchment_near_assigned_hospital,12,observed_user_table,CH Roanne other: 49/day.
P749,HOME_P749,46.046420300166005,4.116993975464946,H2,dialysis,A0434,08:00,P1,high,2.0,prescription_medicale,2026-05-18 08:05:00,485,08:05,235,2026-05-18 12:00:00,720,12:00,15,1,25,4.65,6.64,4.65,H1,4.379,1,catchment_near_assigned_hospital,8,assumption_to_validate,Renaison dialysis: assumed 30/day.
P750,HOME_P750,46.064983458777355,4.033730758454803,H1,other,A0289,08:30,P2,medium,1.5,standard_assis,2026-05-18 09:10:00,550,09:10,115,2026-05-18 11:05:00,665,11:05,25,1,35,4.094,5.85,4.094,H3,4.071,1,catchment_near_assigned_hospital,12,observed_user_table,CH Roanne other: 49/day.
