request_id,patient_id,trip_type,origin_point_id,destination_point_id,hospital_id,activity_type,origin_point_type,destination_point_type,distance_km,distance_m,distance_source
R0001,P1,outbound,HOME_P1,H1,H1,oncology,patient_home,hospital,1.20157,1201.57,haversine_x_road_factor
R0002,P1,return,H1,HOME_P1,H1,oncology,hospital,patient_home,1.20157,1201.57,haversine_x_road_factor
R0003,P2,outbound,HOME_P2,H2,H2,other,patient_home,hospital,8.9738,8973.8,haversine_x_road_factor
R0004,P2,return,H2,HOME_P2,H2,other,hospital,patient_home,8.9738,8973.8,haversine_x_road_factor
R0005,P3,outbound,HOME_P3,H2,H2,oncology,patient_home,hospital,7.77712,7777.12,haversine_x_road_factor
R0006,P3,return,H2,HOME_P3,H2,oncology,hospital,patient_home,7.77712,7777.12,haversine_x_road_factor
R0007,P4,outbound,HOME_P4,H3,H3,dialysis,patient_home,hospital,7.18917,7189.17,haversine_x_road_factor
R0008,P5,outbound,HOME_P5,H1,H1,external,patient_home,hospital,18.07675,18076.75,haversine_x_road_factor
R0009,P5,return,H1,HOME_P5,H1,external,hospital,patient_home,18.07675,18076.75,haversine_x_road_factor
R0010,P6,outbound,HOME_P6,H3,H3,dialysis,patient_home,hospital,6.3137,6313.7,haversine_x_road_factor
R0011,P6,return,H3,HOME_P6,H3,dialysis,hospital,patient_home,6.3137,6313.7,haversine_x_road_factor
R0012,P7,outbound,HOME_P7,H1,H1,other,patient_home,hospital,11.29767,11297.67,haversine_x_road_factor
R0013,P7,return,H1,HOME_P7,H1,other,hospital,patient_home,11.29767,11297.67,haversine_x_road_factor
R0014,P8,outbound,HOME_P8,H1,H1,other,patient_home,hospital,13.71021,13710.21,haversine_x_road_factor
R0015,P8,return,H1,HOME_P8,H1,other,hospital,patient_home,13.71021,13710.21,haversine_x_road_factor
R0016,P9,outbound,HOME_P9,H1,H1,other,patient_home,hospital,11.44882,11448.82,haversine_x_road_factor
R0017,P9,return,H1,HOME_P9,H1,other,hospital,patient_home,11.44882,11448.82,haversine_x_road_factor
R0018,P10,outbound,HOME_P10,H1,H1,oncology,patient_home,hospital,10.53663,10536.63,haversine_x_road_factor
R0019,P10,return,H1,HOME_P10,H1,oncology,hospital,patient_home,10.53663,10536.63,haversine_x_road_factor
R0020,P11,outbound,HOME_P11,H1,H1,other,patient_home,hospital,8.53615,8536.15,haversine_x_road_factor
R0021,P11,return,H1,HOME_P11,H1,other,hospital,patient_home,8.53615,8536.15,haversine_x_road_factor
R0022,P12,outbound,HOME_P12,H1,H1,dialysis,patient_home,hospital,7.94644,7946.44,haversine_x_road_factor
R0023,P12,return,H1,HOME_P12,H1,dialysis,hospital,patient_home,7.94644,7946.44,haversine_x_road_factor
R0024,P13,outbound,HOME_P13,H1,H1,external,patient_home,hospital,8.26548,8265.48,haversine_x_road_factor
R0025,P13,return,H1,HOME_P13,H1,external,hospital,patient_home,8.26548,8265.48,haversine_x_road_factor
R0026,P14,outbound,HOME_P14,H1,H1,dialysis,patient_home,hospital,8.71048,8710.48,haversine_x_road_factor
R0027,P14,return,H1,HOME_P14,H1,dialysis,hospital,patient_home,8.71048,8710.48,haversine_x_road_factor
R0028,P15,outbound,HOME_P15,H1,H1,other,patient_home,hospital,10.6548,10654.8,haversine_x_road_factor
R0029,P16,outbound,HOME_P16,H1,H1,dialysis,patient_home,hospital,9.84274,9842.74,haversine_x_road_factor
R0030,P17,outbound,HOME_P17,H2,H2,oncology,patient_home,hospital,8.45709,8457.09,haversine_x_road_factor
R0031,P17,return,H2,HOME_P17,H2,oncology,hospital,patient_home,8.45709,8457.09,haversine_x_road_factor
R0032,P18,outbound,HOME_P18,H1,H1,oncology,patient_home,hospital,7.39323,7393.23,haversine_x_road_factor
R0033,P18,return,H1,HOME_P18,H1,oncology,hospital,patient_home,7.39323,7393.23,haversine_x_road_factor
R0034,P19,outbound,HOME_P19,H1,H1,other,patient_home,hospital,11.20323,11203.23,haversine_x_road_factor
R0035,P20,outbound,HOME_P20,H2,H2,other,patient_home,hospital,7.29825,7298.25,haversine_x_road_factor
R0036,P21,outbound,HOME_P21,H2,H2,other,patient_home,hospital,5.74718,5747.18,haversine_x_road_factor
R0037,P21,return,H2,HOME_P21,H2,other,hospital,patient_home,5.74718,5747.18,haversine_x_road_factor
R0038,P22,outbound,HOME_P22,H1,H1,oncology,patient_home,hospital,12.50481,12504.81,haversine_x_road_factor
R0039,P22,return,H1,HOME_P22,H1,oncology,hospital,patient_home,12.50481,12504.81,haversine_x_road_factor
R0040,P23,outbound,HOME_P23,H3,H3,dialysis,patient_home,hospital,4.1778,4177.8,haversine_x_road_factor
R0041,P23,return,H3,HOME_P23,H3,dialysis,hospital,patient_home,4.1778,4177.8,haversine_x_road_factor
R0042,P24,outbound,HOME_P24,H3,H3,dialysis,patient_home,hospital,8.27378,8273.78,haversine_x_road_factor
R0043,P24,return,H3,HOME_P24,H3,dialysis,hospital,patient_home,8.27378,8273.78,haversine_x_road_factor
R0044,P25,outbound,HOME_P25,H2,H2,dialysis,patient_home,hospital,9.21106,9211.06,haversine_x_road_factor
R0045,P25,return,H2,HOME_P25,H2,dialysis,hospital,patient_home,9.21106,9211.06,haversine_x_road_factor
R0046,P26,outbound,HOME_P26,H1,H1,oncology,patient_home,hospital,8.84108,8841.08,haversine_x_road_factor
R0047,P26,return,H1,HOME_P26,H1,oncology,hospital,patient_home,8.84108,8841.08,haversine_x_road_factor
R0048,P27,outbound,HOME_P27,H1,H1,external,patient_home,hospital,20.01712,20017.12,haversine_x_road_factor
R0049,P28,outbound,HOME_P28,H2,H2,other,patient_home,hospital,13.21252,13212.52,haversine_x_road_factor
R0050,P28,return,H2,HOME_P28,H2,other,hospital,patient_home,13.21252,13212.52,haversine_x_road_factor
R0051,P29,outbound,HOME_P29,H3,H3,dialysis,patient_home,hospital,4.77226,4772.26,haversine_x_road_factor
R0052,P29,return,H3,HOME_P29,H3,dialysis,hospital,patient_home,4.77226,4772.26,haversine_x_road_factor
R0053,P30,outbound,HOME_P30,H2,H2,oncology,patient_home,hospital,8.80199,8801.99,haversine_x_road_factor
R0054,P30,return,H2,HOME_P30,H2,oncology,hospital,patient_home,8.80199,8801.99,haversine_x_road_factor
R0055,P31,outbound,HOME_P31,H1,H1,dialysis,patient_home,hospital,6.09203,6092.03,haversine_x_road_factor
R0056,P31,return,H1,HOME_P31,H1,dialysis,hospital,patient_home,6.09203,6092.03,haversine_x_road_factor
R0057,P32,outbound,HOME_P32,H3,H3,dialysis,patient_home,hospital,7.37059,7370.59,haversine_x_road_factor
R0058,P33,outbound,HOME_P33,H3,H3,dialysis,patient_home,hospital,6.48243,6482.43,haversine_x_road_factor
R0059,P33,return,H3,HOME_P33,H3,dialysis,hospital,patient_home,6.48243,6482.43,haversine_x_road_factor
R0060,P34,outbound,HOME_P34,H2,H2,oncology,patient_home,hospital,10.54514,10545.14,haversine_x_road_factor
R0061,P34,return,H2,HOME_P34,H2,oncology,hospital,patient_home,10.54514,10545.14,haversine_x_road_factor
R0062,P35,outbound,HOME_P35,H2,H2,other,patient_home,hospital,13.4583,13458.3,haversine_x_road_factor
R0063,P35,return,H2,HOME_P35,H2,other,hospital,patient_home,13.4583,13458.3,haversine_x_road_factor
R0064,P36,outbound,HOME_P36,H2,H2,other,patient_home,hospital,12.57296,12572.96,haversine_x_road_factor
R0065,P36,return,H2,HOME_P36,H2,other,hospital,patient_home,12.57296,12572.96,haversine_x_road_factor
R0066,P37,outbound,HOME_P37,H1,H1,other,patient_home,hospital,10.50598,10505.98,haversine_x_road_factor
R0067,P37,return,H1,HOME_P37,H1,other,hospital,patient_home,10.50598,10505.98,haversine_x_road_factor
R0068,P38,outbound,HOME_P38,H1,H1,other,patient_home,hospital,6.54302,6543.02,haversine_x_road_factor
R0069,P38,return,H1,HOME_P38,H1,other,hospital,patient_home,6.54302,6543.02,haversine_x_road_factor
R0070,P39,outbound,HOME_P39,H3,H3,dialysis,patient_home,hospital,8.41817,8418.17,haversine_x_road_factor
R0071,P39,return,H3,HOME_P39,H3,dialysis,hospital,patient_home,8.41817,8418.17,haversine_x_road_factor
R0072,P40,outbound,HOME_P40,H2,H2,other,patient_home,hospital,12.01057,12010.57,haversine_x_road_factor
R0073,P40,return,H2,HOME_P40,H2,other,hospital,patient_home,12.01057,12010.57,haversine_x_road_factor
R0074,P41,outbound,HOME_P41,H3,H3,dialysis,patient_home,hospital,9.79278,9792.78,haversine_x_road_factor
R0075,P41,return,H3,HOME_P41,H3,dialysis,hospital,patient_home,9.79278,9792.78,haversine_x_road_factor
R0076,P42,outbound,HOME_P42,H1,H1,other,patient_home,hospital,13.24134,13241.34,haversine_x_road_factor
R0077,P42,return,H1,HOME_P42,H1,other,hospital,patient_home,13.24134,13241.34,haversine_x_road_factor
R0078,P43,outbound,HOME_P43,H1,H1,oncology,patient_home,hospital,11.64953,11649.53,haversine_x_road_factor
R0079,P43,return,H1,HOME_P43,H1,oncology,hospital,patient_home,11.64953,11649.53,haversine_x_road_factor
R0080,P44,outbound,HOME_P44,H1,H1,other,patient_home,hospital,12.45815,12458.15,haversine_x_road_factor
R0081,P44,return,H1,HOME_P44,H1,other,hospital,patient_home,12.45815,12458.15,haversine_x_road_factor
R0082,P45,outbound,HOME_P45,H2,H2,other,patient_home,hospital,12.69786,12697.86,haversine_x_road_factor
R0083,P45,return,H2,HOME_P45,H2,other,hospital,patient_home,12.69786,12697.86,haversine_x_road_factor
R0084,P46,outbound,HOME_P46,H1,H1,dialysis,patient_home,hospital,6.62937,6629.37,haversine_x_road_factor
R0085,P47,outbound,HOME_P47,H1,H1,dialysis,patient_home,hospital,8.86922,8869.22,haversine_x_road_factor
R0086,P48,outbound,HOME_P48,H2,H2,other,patient_home,hospital,13.44835,13448.35,haversine_x_road_factor
R0087,P48,return,H2,HOME_P48,H2,other,hospital,patient_home,13.44835,13448.35,haversine_x_road_factor
R0088,P49,outbound,HOME_P49,H1,H1,dialysis,patient_home,hospital,4.47788,4477.88,haversine_x_road_factor
R0089,P50,outbound,HOME_P50,H1,H1,other,patient_home,hospital,12.17701,12177.01,haversine_x_road_factor
R0090,P50,return,H1,HOME_P50,H1,other,hospital,patient_home,12.17701,12177.01,haversine_x_road_factor
R0091,P51,outbound,HOME_P51,H1,H1,other,patient_home,hospital,10.57207,10572.07,haversine_x_road_factor
R0092,P51,return,H1,HOME_P51,H1,other,hospital,patient_home,10.57207,10572.07,haversine_x_road_factor
R0093,P52,outbound,HOME_P52,H2,H2,dialysis,patient_home,hospital,8.1988,8198.8,haversine_x_road_factor
R0094,P52,return,H2,HOME_P52,H2,dialysis,hospital,patient_home,8.1988,8198.8,haversine_x_road_factor
R0095,P53,outbound,HOME_P53,H1,H1,other,patient_home,hospital,14.61534,14615.34,haversine_x_road_factor
R0096,P53,return,H1,HOME_P53,H1,other,hospital,patient_home,14.61534,14615.34,haversine_x_road_factor
R0097,P54,outbound,HOME_P54,H1,H1,dialysis,patient_home,hospital,6.36599,6365.99,haversine_x_road_factor
R0098,P54,return,H1,HOME_P54,H1,dialysis,hospital,patient_home,6.36599,6365.99,haversine_x_road_factor
R0099,P55,outbound,HOME_P55,H1,H1,oncology,patient_home,hospital,7.25488,7254.88,haversine_x_road_factor
R0100,P55,return,H1,HOME_P55,H1,oncology,hospital,patient_home,7.25488,7254.88,haversine_x_road_factor
R0101,P56,outbound,HOME_P56,H1,H1,oncology,patient_home,hospital,10.639,10639.0,haversine_x_road_factor
R0102,P57,outbound,HOME_P57,H1,H1,dialysis,patient_home,hospital,9.7902,9790.2,haversine_x_road_factor
R0103,P57,return,H1,HOME_P57,H1,dialysis,hospital,patient_home,9.7902,9790.2,haversine_x_road_factor
R0104,P58,outbound,HOME_P58,H2,H2,dialysis,patient_home,hospital,9.34131,9341.31,haversine_x_road_factor
R0105,P58,return,H2,HOME_P58,H2,dialysis,hospital,patient_home,9.34131,9341.31,haversine_x_road_factor
R0106,P59,outbound,HOME_P59,H2,H2,other,patient_home,hospital,7.57878,7578.78,haversine_x_road_factor
R0107,P59,return,H2,HOME_P59,H2,other,hospital,patient_home,7.57878,7578.78,haversine_x_road_factor
R0108,P60,outbound,HOME_P60,H1,H1,dialysis,patient_home,hospital,7.57813,7578.13,haversine_x_road_factor
R0109,P61,outbound,HOME_P61,H1,H1,dialysis,patient_home,hospital,6.51809,6518.09,haversine_x_road_factor
R0110,P62,outbound,HOME_P62,H1,H1,dialysis,patient_home,hospital,7.65994,7659.94,haversine_x_road_factor
R0111,P62,return,H1,HOME_P62,H1,dialysis,hospital,patient_home,7.65994,7659.94,haversine_x_road_factor
R0112,P63,outbound,HOME_P63,H3,H3,dialysis,patient_home,hospital,7.74113,7741.13,haversine_x_road_factor
R0113,P63,return,H3,HOME_P63,H3,dialysis,hospital,patient_home,7.74113,7741.13,haversine_x_road_factor
R0114,P64,outbound,HOME_P64,H1,H1,dialysis,patient_home,hospital,9.31643,9316.43,haversine_x_road_factor
R0115,P64,return,H1,HOME_P64,H1,dialysis,hospital,patient_home,9.31643,9316.43,haversine_x_road_factor
R0116,P65,outbound,HOME_P65,H2,H2,dialysis,patient_home,hospital,9.36488,9364.88,haversine_x_road_factor
R0117,P66,outbound,HOME_P66,H1,H1,external,patient_home,hospital,21.12728,21127.28,haversine_x_road_factor
R0118,P66,return,H1,HOME_P66,H1,external,hospital,patient_home,21.12728,21127.28,haversine_x_road_factor
R0119,P67,outbound,HOME_P67,H1,H1,oncology,patient_home,hospital,10.11253,10112.53,haversine_x_road_factor
R0120,P67,return,H1,HOME_P67,H1,oncology,hospital,patient_home,10.11253,10112.53,haversine_x_road_factor
R0121,P68,outbound,HOME_P68,H1,H1,other,patient_home,hospital,14.93965,14939.65,haversine_x_road_factor
R0122,P68,return,H1,HOME_P68,H1,other,hospital,patient_home,14.93965,14939.65,haversine_x_road_factor
R0123,P69,outbound,HOME_P69,H2,H2,oncology,patient_home,hospital,12.1101,12110.1,haversine_x_road_factor
R0124,P69,return,H2,HOME_P69,H2,oncology,hospital,patient_home,12.1101,12110.1,haversine_x_road_factor
R0125,P70,outbound,HOME_P70,H1,H1,other,patient_home,hospital,0.80937,809.37,haversine_x_road_factor
R0126,P70,return,H1,HOME_P70,H1,other,hospital,patient_home,0.80937,809.37,haversine_x_road_factor
R0127,P71,outbound,HOME_P71,H2,H2,oncology,patient_home,hospital,9.82015,9820.15,haversine_x_road_factor
R0128,P72,outbound,HOME_P72,H2,H2,dialysis,patient_home,hospital,9.9506,9950.6,haversine_x_road_factor
R0129,P73,outbound,HOME_P73,H1,H1,other,patient_home,hospital,4.69255,4692.55,haversine_x_road_factor
R0130,P74,outbound,HOME_P74,H1,H1,dialysis,patient_home,hospital,9.11668,9116.68,haversine_x_road_factor
R0131,P75,outbound,HOME_P75,H1,H1,external,patient_home,hospital,13.60648,13606.48,haversine_x_road_factor
R0132,P75,return,H1,HOME_P75,H1,external,hospital,patient_home,13.60648,13606.48,haversine_x_road_factor
R0133,P76,outbound,HOME_P76,H3,H3,dialysis,patient_home,hospital,7.55201,7552.01,haversine_x_road_factor
R0134,P76,return,H3,HOME_P76,H3,dialysis,hospital,patient_home,7.55201,7552.01,haversine_x_road_factor
R0135,P77,outbound,HOME_P77,H2,H2,dialysis,patient_home,hospital,7.15602,7156.02,haversine_x_road_factor
R0136,P77,return,H2,HOME_P77,H2,dialysis,hospital,patient_home,7.15602,7156.02,haversine_x_road_factor
R0137,P78,outbound,HOME_P78,H1,H1,other,patient_home,hospital,11.46272,11462.72,haversine_x_road_factor
R0138,P79,outbound,HOME_P79,H1,H1,other,patient_home,hospital,3.08491,3084.91,haversine_x_road_factor
R0139,P79,return,H1,HOME_P79,H1,other,hospital,patient_home,3.08491,3084.91,haversine_x_road_factor
R0140,P80,outbound,HOME_P80,H2,H2,dialysis,patient_home,hospital,4.45761,4457.61,haversine_x_road_factor
R0141,P80,return,H2,HOME_P80,H2,dialysis,hospital,patient_home,4.45761,4457.61,haversine_x_road_factor
R0142,P81,outbound,HOME_P81,H1,H1,external,patient_home,hospital,22.48685,22486.85,haversine_x_road_factor
R0143,P81,return,H1,HOME_P81,H1,external,hospital,patient_home,22.48685,22486.85,haversine_x_road_factor
R0144,P82,outbound,HOME_P82,H1,H1,dialysis,patient_home,hospital,4.27556,4275.56,haversine_x_road_factor
R0145,P82,return,H1,HOME_P82,H1,dialysis,hospital,patient_home,4.27556,4275.56,haversine_x_road_factor
R0146,P83,outbound,HOME_P83,H2,H2,other,patient_home,hospital,14.14089,14140.89,haversine_x_road_factor
R0147,P83,return,H2,HOME_P83,H2,other,hospital,patient_home,14.14089,14140.89,haversine_x_road_factor
R0148,P84,outbound,HOME_P84,H1,H1,other,patient_home,hospital,10.39552,10395.52,haversine_x_road_factor
R0149,P84,return,H1,HOME_P84,H1,other,hospital,patient_home,10.39552,10395.52,haversine_x_road_factor
R0150,P85,outbound,HOME_P85,H1,H1,dialysis,patient_home,hospital,4.14148,4141.48,haversine_x_road_factor
R0151,P85,return,H1,HOME_P85,H1,dialysis,hospital,patient_home,4.14148,4141.48,haversine_x_road_factor
R0152,P86,outbound,HOME_P86,H1,H1,oncology,patient_home,hospital,10.14098,10140.98,haversine_x_road_factor
R0153,P86,return,H1,HOME_P86,H1,oncology,hospital,patient_home,10.14098,10140.98,haversine_x_road_factor
R0154,P87,outbound,HOME_P87,H1,H1,other,patient_home,hospital,13.10709,13107.09,haversine_x_road_factor
R0155,P87,return,H1,HOME_P87,H1,other,hospital,patient_home,13.10709,13107.09,haversine_x_road_factor
R0156,P88,outbound,HOME_P88,H2,H2,other,patient_home,hospital,8.45231,8452.31,haversine_x_road_factor
R0157,P88,return,H2,HOME_P88,H2,other,hospital,patient_home,8.45231,8452.31,haversine_x_road_factor
R0158,P89,outbound,HOME_P89,H1,H1,other,patient_home,hospital,9.50729,9507.29,haversine_x_road_factor
R0159,P89,return,H1,HOME_P89,H1,other,hospital,patient_home,9.50729,9507.29,haversine_x_road_factor
R0160,P90,outbound,HOME_P90,H1,H1,other,patient_home,hospital,8.84746,8847.46,haversine_x_road_factor
R0161,P90,return,H1,HOME_P90,H1,other,hospital,patient_home,8.84746,8847.46,haversine_x_road_factor
R0162,P91,outbound,HOME_P91,H1,H1,external,patient_home,hospital,19.26895,19268.95,haversine_x_road_factor
R0163,P91,return,H1,HOME_P91,H1,external,hospital,patient_home,19.26895,19268.95,haversine_x_road_factor
R0164,P92,outbound,HOME_P92,H3,H3,dialysis,patient_home,hospital,2.91762,2917.62,haversine_x_road_factor
R0165,P93,outbound,HOME_P93,H1,H1,dialysis,patient_home,hospital,3.27889,3278.89,haversine_x_road_factor
R0166,P94,outbound,HOME_P94,H1,H1,oncology,patient_home,hospital,9.91258,9912.58,haversine_x_road_factor
R0167,P94,return,H1,HOME_P94,H1,oncology,hospital,patient_home,9.91258,9912.58,haversine_x_road_factor
R0168,P95,outbound,HOME_P95,H2,H2,other,patient_home,hospital,8.70417,8704.17,haversine_x_road_factor
R0169,P95,return,H2,HOME_P95,H2,other,hospital,patient_home,8.70417,8704.17,haversine_x_road_factor
R0170,P96,outbound,HOME_P96,H1,H1,oncology,patient_home,hospital,6.70024,6700.24,haversine_x_road_factor
R0171,P96,return,H1,HOME_P96,H1,oncology,hospital,patient_home,6.70024,6700.24,haversine_x_road_factor
R0172,P97,outbound,HOME_P97,H1,H1,dialysis,patient_home,hospital,3.53939,3539.39,haversine_x_road_factor
R0173,P97,return,H1,HOME_P97,H1,dialysis,hospital,patient_home,3.53939,3539.39,haversine_x_road_factor
R0174,P98,outbound,HOME_P98,H1,H1,oncology,patient_home,hospital,7.92469,7924.69,haversine_x_road_factor
R0175,P98,return,H1,HOME_P98,H1,oncology,hospital,patient_home,7.92469,7924.69,haversine_x_road_factor
R0176,P99,outbound,HOME_P99,H2,H2,oncology,patient_home,hospital,6.62349,6623.49,haversine_x_road_factor
R0177,P99,return,H2,HOME_P99,H2,oncology,hospital,patient_home,6.62349,6623.49,haversine_x_road_factor
R0178,P100,outbound,HOME_P100,H2,H2,other,patient_home,hospital,5.71255,5712.55,haversine_x_road_factor
R0179,P100,return,H2,HOME_P100,H2,other,hospital,patient_home,5.71255,5712.55,haversine_x_road_factor
R0180,P101,outbound,HOME_P101,H1,H1,other,patient_home,hospital,8.33344,8333.44,haversine_x_road_factor
R0181,P101,return,H1,HOME_P101,H1,other,hospital,patient_home,8.33344,8333.44,haversine_x_road_factor
R0182,P102,outbound,HOME_P102,H2,H2,other,patient_home,hospital,14.48644,14486.44,haversine_x_road_factor
R0183,P103,outbound,HOME_P103,H2,H2,other,patient_home,hospital,11.30097,11300.97,haversine_x_road_factor
R0184,P103,return,H2,HOME_P103,H2,other,hospital,patient_home,11.30097,11300.97,haversine_x_road_factor
R0185,P104,outbound,HOME_P104,H1,H1,other,patient_home,hospital,10.04914,10049.14,haversine_x_road_factor
R0186,P104,return,H1,HOME_P104,H1,other,hospital,patient_home,10.04914,10049.14,haversine_x_road_factor
R0187,P105,outbound,HOME_P105,H2,H2,oncology,patient_home,hospital,12.45099,12450.99,haversine_x_road_factor
R0188,P105,return,H2,HOME_P105,H2,oncology,hospital,patient_home,12.45099,12450.99,haversine_x_road_factor
R0189,P106,outbound,HOME_P106,H1,H1,dialysis,patient_home,hospital,9.63551,9635.51,haversine_x_road_factor
R0190,P107,outbound,HOME_P107,H1,H1,dialysis,patient_home,hospital,9.64653,9646.53,haversine_x_road_factor
R0191,P108,outbound,HOME_P108,H2,H2,dialysis,patient_home,hospital,8.00649,8006.49,haversine_x_road_factor
R0192,P109,outbound,HOME_P109,H2,H2,dialysis,patient_home,hospital,0.74514,745.14,haversine_x_road_factor
R0193,P110,outbound,HOME_P110,H2,H2,dialysis,patient_home,hospital,9.59723,9597.23,haversine_x_road_factor
R0194,P110,return,H2,HOME_P110,H2,dialysis,hospital,patient_home,9.59723,9597.23,haversine_x_road_factor
R0195,P111,outbound,HOME_P111,H2,H2,dialysis,patient_home,hospital,8.69974,8699.74,haversine_x_road_factor
R0196,P111,return,H2,HOME_P111,H2,dialysis,hospital,patient_home,8.69974,8699.74,haversine_x_road_factor
R0197,P112,outbound,HOME_P112,H2,H2,oncology,patient_home,hospital,9.39044,9390.44,haversine_x_road_factor
R0198,P112,return,H2,HOME_P112,H2,oncology,hospital,patient_home,9.39044,9390.44,haversine_x_road_factor
R0199,P113,outbound,HOME_P113,H2,H2,dialysis,patient_home,hospital,2.47528,2475.28,haversine_x_road_factor
R0200,P113,return,H2,HOME_P113,H2,dialysis,hospital,patient_home,2.47528,2475.28,haversine_x_road_factor
R0201,P114,outbound,HOME_P114,H2,H2,dialysis,patient_home,hospital,1.26446,1264.46,haversine_x_road_factor
R0202,P115,outbound,HOME_P115,H2,H2,other,patient_home,hospital,8.54733,8547.33,haversine_x_road_factor
R0203,P115,return,H2,HOME_P115,H2,other,hospital,patient_home,8.54733,8547.33,haversine_x_road_factor
R0204,P116,outbound,HOME_P116,H2,H2,oncology,patient_home,hospital,9.25024,9250.24,haversine_x_road_factor
R0205,P116,return,H2,HOME_P116,H2,oncology,hospital,patient_home,9.25024,9250.24,haversine_x_road_factor
R0206,P117,outbound,HOME_P117,H1,H1,oncology,patient_home,hospital,11.46773,11467.73,haversine_x_road_factor
R0207,P117,return,H1,HOME_P117,H1,oncology,hospital,patient_home,11.46773,11467.73,haversine_x_road_factor
R0208,P118,outbound,HOME_P118,H1,H1,dialysis,patient_home,hospital,5.70172,5701.72,haversine_x_road_factor
R0209,P119,outbound,HOME_P119,H1,H1,dialysis,patient_home,hospital,1.35709,1357.09,haversine_x_road_factor
R0210,P119,return,H1,HOME_P119,H1,dialysis,hospital,patient_home,1.35709,1357.09,haversine_x_road_factor
R0211,P120,outbound,HOME_P120,H1,H1,external,patient_home,hospital,16.55076,16550.76,haversine_x_road_factor
R0212,P120,return,H1,HOME_P120,H1,external,hospital,patient_home,16.55076,16550.76,haversine_x_road_factor
R0213,P121,outbound,HOME_P121,H1,H1,other,patient_home,hospital,11.47552,11475.52,haversine_x_road_factor
R0214,P121,return,H1,HOME_P121,H1,other,hospital,patient_home,11.47552,11475.52,haversine_x_road_factor
R0215,P122,outbound,HOME_P122,H1,H1,oncology,patient_home,hospital,11.16418,11164.18,haversine_x_road_factor
R0216,P122,return,H1,HOME_P122,H1,oncology,hospital,patient_home,11.16418,11164.18,haversine_x_road_factor
R0217,P123,outbound,HOME_P123,H2,H2,other,patient_home,hospital,9.77547,9775.47,haversine_x_road_factor
R0218,P123,return,H2,HOME_P123,H2,other,hospital,patient_home,9.77547,9775.47,haversine_x_road_factor
R0219,P124,outbound,HOME_P124,H1,H1,oncology,patient_home,hospital,7.89275,7892.75,haversine_x_road_factor
R0220,P124,return,H1,HOME_P124,H1,oncology,hospital,patient_home,7.89275,7892.75,haversine_x_road_factor
R0221,P125,outbound,HOME_P125,H1,H1,dialysis,patient_home,hospital,7.26589,7265.89,haversine_x_road_factor
R0222,P125,return,H1,HOME_P125,H1,dialysis,hospital,patient_home,7.26589,7265.89,haversine_x_road_factor
R0223,P126,outbound,HOME_P126,H1,H1,dialysis,patient_home,hospital,7.63008,7630.08,haversine_x_road_factor
R0224,P126,return,H1,HOME_P126,H1,dialysis,hospital,patient_home,7.63008,7630.08,haversine_x_road_factor
R0225,P127,outbound,HOME_P127,H2,H2,dialysis,patient_home,hospital,5.89543,5895.43,haversine_x_road_factor
R0226,P127,return,H2,HOME_P127,H2,dialysis,hospital,patient_home,5.89543,5895.43,haversine_x_road_factor
R0227,P128,outbound,HOME_P128,H1,H1,dialysis,patient_home,hospital,5.69162,5691.62,haversine_x_road_factor
R0228,P129,outbound,HOME_P129,H1,H1,other,patient_home,hospital,12.29193,12291.93,haversine_x_road_factor
R0229,P129,return,H1,HOME_P129,H1,other,hospital,patient_home,12.29193,12291.93,haversine_x_road_factor
R0230,P130,outbound,HOME_P130,H1,H1,oncology,patient_home,hospital,11.65993,11659.93,haversine_x_road_factor
R0231,P130,return,H1,HOME_P130,H1,oncology,hospital,patient_home,11.65993,11659.93,haversine_x_road_factor
R0232,P131,outbound,HOME_P131,H2,H2,oncology,patient_home,hospital,5.82859,5828.59,haversine_x_road_factor
R0233,P131,return,H2,HOME_P131,H2,oncology,hospital,patient_home,5.82859,5828.59,haversine_x_road_factor
R0234,P132,outbound,HOME_P132,H1,H1,dialysis,patient_home,hospital,5.55214,5552.14,haversine_x_road_factor
R0235,P132,return,H1,HOME_P132,H1,dialysis,hospital,patient_home,5.55214,5552.14,haversine_x_road_factor
R0236,P133,outbound,HOME_P133,H2,H2,dialysis,patient_home,hospital,9.63986,9639.86,haversine_x_road_factor
R0237,P133,return,H2,HOME_P133,H2,dialysis,hospital,patient_home,9.63986,9639.86,haversine_x_road_factor
R0238,P134,outbound,HOME_P134,H2,H2,other,patient_home,hospital,13.3098,13309.8,haversine_x_road_factor
R0239,P135,outbound,HOME_P135,H1,H1,dialysis,patient_home,hospital,7.31597,7315.97,haversine_x_road_factor
R0240,P135,return,H1,HOME_P135,H1,dialysis,hospital,patient_home,7.31597,7315.97,haversine_x_road_factor
R0241,P136,outbound,HOME_P136,H1,H1,other,patient_home,hospital,9.85631,9856.31,haversine_x_road_factor
R0242,P136,return,H1,HOME_P136,H1,other,hospital,patient_home,9.85631,9856.31,haversine_x_road_factor
R0243,P137,outbound,HOME_P137,H1,H1,dialysis,patient_home,hospital,9.64168,9641.68,haversine_x_road_factor
R0244,P137,return,H1,HOME_P137,H1,dialysis,hospital,patient_home,9.64168,9641.68,haversine_x_road_factor
R0245,P138,outbound,HOME_P138,H1,H1,oncology,patient_home,hospital,10.73498,10734.98,haversine_x_road_factor
R0246,P139,outbound,HOME_P139,H2,H2,other,patient_home,hospital,13.36433,13364.33,haversine_x_road_factor
R0247,P139,return,H2,HOME_P139,H2,other,hospital,patient_home,13.36433,13364.33,haversine_x_road_factor
R0248,P140,outbound,HOME_P140,H2,H2,oncology,patient_home,hospital,12.15101,12151.01,haversine_x_road_factor
R0249,P140,return,H2,HOME_P140,H2,oncology,hospital,patient_home,12.15101,12151.01,haversine_x_road_factor
R0250,P141,outbound,HOME_P141,H2,H2,dialysis,patient_home,hospital,9.04306,9043.06,haversine_x_road_factor
R0251,P141,return,H2,HOME_P141,H2,dialysis,hospital,patient_home,9.04306,9043.06,haversine_x_road_factor
R0252,P142,outbound,HOME_P142,H1,H1,oncology,patient_home,hospital,8.53448,8534.48,haversine_x_road_factor
R0253,P142,return,H1,HOME_P142,H1,oncology,hospital,patient_home,8.53448,8534.48,haversine_x_road_factor
R0254,P143,outbound,HOME_P143,H1,H1,other,patient_home,hospital,8.52182,8521.82,haversine_x_road_factor
R0255,P143,return,H1,HOME_P143,H1,other,hospital,patient_home,8.52182,8521.82,haversine_x_road_factor
R0256,P144,outbound,HOME_P144,H3,H3,dialysis,patient_home,hospital,5.91574,5915.74,haversine_x_road_factor
R0257,P145,outbound,HOME_P145,H1,H1,other,patient_home,hospital,14.09223,14092.23,haversine_x_road_factor
R0258,P146,outbound,HOME_P146,H1,H1,other,patient_home,hospital,13.79081,13790.81,haversine_x_road_factor
R0259,P146,return,H1,HOME_P146,H1,other,hospital,patient_home,13.79081,13790.81,haversine_x_road_factor
R0260,P147,outbound,HOME_P147,H2,H2,dialysis,patient_home,hospital,5.67356,5673.56,haversine_x_road_factor
R0261,P147,return,H2,HOME_P147,H2,dialysis,hospital,patient_home,5.67356,5673.56,haversine_x_road_factor
R0262,P148,outbound,HOME_P148,H3,H3,dialysis,patient_home,hospital,5.73158,5731.58,haversine_x_road_factor
R0263,P148,return,H3,HOME_P148,H3,dialysis,hospital,patient_home,5.73158,5731.58,haversine_x_road_factor
R0264,P149,outbound,HOME_P149,H1,H1,other,patient_home,hospital,5.33212,5332.12,haversine_x_road_factor
R0265,P149,return,H1,HOME_P149,H1,other,hospital,patient_home,5.33212,5332.12,haversine_x_road_factor
R0266,P150,outbound,HOME_P150,H1,H1,external,patient_home,hospital,21.90069,21900.69,haversine_x_road_factor
R0267,P150,return,H1,HOME_P150,H1,external,hospital,patient_home,21.90069,21900.69,haversine_x_road_factor
R0268,P151,outbound,HOME_P151,H3,H3,dialysis,patient_home,hospital,8.29945,8299.45,haversine_x_road_factor
R0269,P152,outbound,HOME_P152,H1,H1,other,patient_home,hospital,13.44262,13442.62,haversine_x_road_factor
R0270,P152,return,H1,HOME_P152,H1,other,hospital,patient_home,13.44262,13442.62,haversine_x_road_factor
R0271,P153,outbound,HOME_P153,H1,H1,dialysis,patient_home,hospital,5.51809,5518.09,haversine_x_road_factor
R0272,P153,return,H1,HOME_P153,H1,dialysis,hospital,patient_home,5.51809,5518.09,haversine_x_road_factor
R0273,P154,outbound,HOME_P154,H2,H2,dialysis,patient_home,hospital,2.37337,2373.37,haversine_x_road_factor
R0274,P155,outbound,HOME_P155,H2,H2,other,patient_home,hospital,14.05648,14056.48,haversine_x_road_factor
R0275,P155,return,H2,HOME_P155,H2,other,hospital,patient_home,14.05648,14056.48,haversine_x_road_factor
R0276,P156,outbound,HOME_P156,H1,H1,dialysis,patient_home,hospital,9.38594,9385.94,haversine_x_road_factor
R0277,P156,return,H1,HOME_P156,H1,dialysis,hospital,patient_home,9.38594,9385.94,haversine_x_road_factor
R0278,P157,outbound,HOME_P157,H3,H3,dialysis,patient_home,hospital,6.86854,6868.54,haversine_x_road_factor
R0279,P157,return,H3,HOME_P157,H3,dialysis,hospital,patient_home,6.86854,6868.54,haversine_x_road_factor
R0280,P158,outbound,HOME_P158,H1,H1,oncology,patient_home,hospital,5.22532,5225.32,haversine_x_road_factor
R0281,P158,return,H1,HOME_P158,H1,oncology,hospital,patient_home,5.22532,5225.32,haversine_x_road_factor
R0282,P159,outbound,HOME_P159,H1,H1,oncology,patient_home,hospital,11.91583,11915.83,haversine_x_road_factor
R0283,P160,outbound,HOME_P160,H2,H2,dialysis,patient_home,hospital,8.51793,8517.93,haversine_x_road_factor
R0284,P161,outbound,HOME_P161,H2,H2,dialysis,patient_home,hospital,3.58695,3586.95,haversine_x_road_factor
R0285,P161,return,H2,HOME_P161,H2,dialysis,hospital,patient_home,3.58695,3586.95,haversine_x_road_factor
R0286,P162,outbound,HOME_P162,H1,H1,oncology,patient_home,hospital,10.16124,10161.24,haversine_x_road_factor
R0287,P163,outbound,HOME_P163,H1,H1,dialysis,patient_home,hospital,7.81753,7817.53,haversine_x_road_factor
R0288,P164,outbound,HOME_P164,H2,H2,other,patient_home,hospital,10.73877,10738.77,haversine_x_road_factor
R0289,P164,return,H2,HOME_P164,H2,other,hospital,patient_home,10.73877,10738.77,haversine_x_road_factor
R0290,P165,outbound,HOME_P165,H1,H1,dialysis,patient_home,hospital,6.10797,6107.97,haversine_x_road_factor
R0291,P166,outbound,HOME_P166,H3,H3,dialysis,patient_home,hospital,8.51061,8510.61,haversine_x_road_factor
R0292,P167,outbound,HOME_P167,H2,H2,dialysis,patient_home,hospital,2.22602,2226.02,haversine_x_road_factor
R0293,P167,return,H2,HOME_P167,H2,dialysis,hospital,patient_home,2.22602,2226.02,haversine_x_road_factor
R0294,P168,outbound,HOME_P168,H1,H1,other,patient_home,hospital,2.29567,2295.67,haversine_x_road_factor
R0295,P168,return,H1,HOME_P168,H1,other,hospital,patient_home,2.29567,2295.67,haversine_x_road_factor
R0296,P169,outbound,HOME_P169,H2,H2,other,patient_home,hospital,10.87752,10877.52,haversine_x_road_factor
R0297,P169,return,H2,HOME_P169,H2,other,hospital,patient_home,10.87752,10877.52,haversine_x_road_factor
R0298,P170,outbound,HOME_P170,H1,H1,other,patient_home,hospital,11.64684,11646.84,haversine_x_road_factor
R0299,P170,return,H1,HOME_P170,H1,other,hospital,patient_home,11.64684,11646.84,haversine_x_road_factor
R0300,P171,outbound,HOME_P171,H1,H1,dialysis,patient_home,hospital,8.48795,8487.95,haversine_x_road_factor
R0301,P172,outbound,HOME_P172,H3,H3,dialysis,patient_home,hospital,7.12884,7128.84,haversine_x_road_factor
R0302,P172,return,H3,HOME_P172,H3,dialysis,hospital,patient_home,7.12884,7128.84,haversine_x_road_factor
R0303,P173,outbound,HOME_P173,H1,H1,other,patient_home,hospital,12.34935,12349.35,haversine_x_road_factor
R0304,P173,return,H1,HOME_P173,H1,other,hospital,patient_home,12.34935,12349.35,haversine_x_road_factor
R0305,P174,outbound,HOME_P174,H2,H2,other,patient_home,hospital,13.28837,13288.37,haversine_x_road_factor
R0306,P174,return,H2,HOME_P174,H2,other,hospital,patient_home,13.28837,13288.37,haversine_x_road_factor
R0307,P175,outbound,HOME_P175,H2,H2,dialysis,patient_home,hospital,9.31863,9318.63,haversine_x_road_factor
R0308,P175,return,H2,HOME_P175,H2,dialysis,hospital,patient_home,9.31863,9318.63,haversine_x_road_factor
R0309,P176,outbound,HOME_P176,H2,H2,oncology,patient_home,hospital,5.19886,5198.86,haversine_x_road_factor
R0310,P176,return,H2,HOME_P176,H2,oncology,hospital,patient_home,5.19886,5198.86,haversine_x_road_factor
R0311,P177,outbound,HOME_P177,H2,H2,dialysis,patient_home,hospital,6.64976,6649.76,haversine_x_road_factor
R0312,P177,return,H2,HOME_P177,H2,dialysis,hospital,patient_home,6.64976,6649.76,haversine_x_road_factor
R0313,P178,outbound,HOME_P178,H1,H1,dialysis,patient_home,hospital,6.46267,6462.67,haversine_x_road_factor
R0314,P179,outbound,HOME_P179,H2,H2,dialysis,patient_home,hospital,4.09034,4090.34,haversine_x_road_factor
R0315,P179,return,H2,HOME_P179,H2,dialysis,hospital,patient_home,4.09034,4090.34,haversine_x_road_factor
R0316,P180,outbound,HOME_P180,H2,H2,other,patient_home,hospital,13.82163,13821.63,haversine_x_road_factor
R0317,P181,outbound,HOME_P181,H2,H2,other,patient_home,hospital,9.57081,9570.81,haversine_x_road_factor
R0318,P181,return,H2,HOME_P181,H2,other,hospital,patient_home,9.57081,9570.81,haversine_x_road_factor
R0319,P182,outbound,HOME_P182,H2,H2,dialysis,patient_home,hospital,4.69536,4695.36,haversine_x_road_factor
R0320,P183,outbound,HOME_P183,H1,H1,dialysis,patient_home,hospital,8.0434,8043.4,haversine_x_road_factor
R0321,P183,return,H1,HOME_P183,H1,dialysis,hospital,patient_home,8.0434,8043.4,haversine_x_road_factor
R0322,P184,outbound,HOME_P184,H2,H2,dialysis,patient_home,hospital,5.32388,5323.88,haversine_x_road_factor
R0323,P184,return,H2,HOME_P184,H2,dialysis,hospital,patient_home,5.32388,5323.88,haversine_x_road_factor
R0324,P185,outbound,HOME_P185,H1,H1,dialysis,patient_home,hospital,9.4416,9441.6,haversine_x_road_factor
R0325,P185,return,H1,HOME_P185,H1,dialysis,hospital,patient_home,9.4416,9441.6,haversine_x_road_factor
R0326,P186,outbound,HOME_P186,H1,H1,oncology,patient_home,hospital,5.30842,5308.42,haversine_x_road_factor
R0327,P186,return,H1,HOME_P186,H1,oncology,hospital,patient_home,5.30842,5308.42,haversine_x_road_factor
R0328,P187,outbound,HOME_P187,H1,H1,dialysis,patient_home,hospital,9.86597,9865.97,haversine_x_road_factor
R0329,P187,return,H1,HOME_P187,H1,dialysis,hospital,patient_home,9.86597,9865.97,haversine_x_road_factor
R0330,P188,outbound,HOME_P188,H3,H3,dialysis,patient_home,hospital,6.8185,6818.5,haversine_x_road_factor
R0331,P188,return,H3,HOME_P188,H3,dialysis,hospital,patient_home,6.8185,6818.5,haversine_x_road_factor
R0332,P189,outbound,HOME_P189,H1,H1,oncology,patient_home,hospital,8.27443,8274.43,haversine_x_road_factor
R0333,P189,return,H1,HOME_P189,H1,oncology,hospital,patient_home,8.27443,8274.43,haversine_x_road_factor
R0334,P190,outbound,HOME_P190,H2,H2,oncology,patient_home,hospital,7.20545,7205.45,haversine_x_road_factor
R0335,P191,outbound,HOME_P191,H3,H3,dialysis,patient_home,hospital,9.02392,9023.92,haversine_x_road_factor
R0336,P192,outbound,HOME_P192,H1,H1,oncology,patient_home,hospital,4.04624,4046.24,haversine_x_road_factor
R0337,P192,return,H1,HOME_P192,H1,oncology,hospital,patient_home,4.04624,4046.24,haversine_x_road_factor
R0338,P193,outbound,HOME_P193,H2,H2,dialysis,patient_home,hospital,3.35639,3356.39,haversine_x_road_factor
R0339,P194,outbound,HOME_P194,H1,H1,dialysis,patient_home,hospital,6.04754,6047.54,haversine_x_road_factor
R0340,P194,return,H1,HOME_P194,H1,dialysis,hospital,patient_home,6.04754,6047.54,haversine_x_road_factor
R0341,P195,outbound,HOME_P195,H2,H2,other,patient_home,hospital,10.68785,10687.85,haversine_x_road_factor
R0342,P195,return,H2,HOME_P195,H2,other,hospital,patient_home,10.68785,10687.85,haversine_x_road_factor
R0343,P196,outbound,HOME_P196,H1,H1,other,patient_home,hospital,6.24413,6244.13,haversine_x_road_factor
R0344,P196,return,H1,HOME_P196,H1,other,hospital,patient_home,6.24413,6244.13,haversine_x_road_factor
R0345,P197,outbound,HOME_P197,H1,H1,dialysis,patient_home,hospital,2.14433,2144.33,haversine_x_road_factor
R0346,P198,outbound,HOME_P198,H2,H2,oncology,patient_home,hospital,6.68777,6687.77,haversine_x_road_factor
R0347,P198,return,H2,HOME_P198,H2,oncology,hospital,patient_home,6.68777,6687.77,haversine_x_road_factor
R0348,P199,outbound,HOME_P199,H1,H1,dialysis,patient_home,hospital,8.73499,8734.99,haversine_x_road_factor
R0349,P200,outbound,HOME_P200,H2,H2,dialysis,patient_home,hospital,5.33315,5333.15,haversine_x_road_factor
R0350,P200,return,H2,HOME_P200,H2,dialysis,hospital,patient_home,5.33315,5333.15,haversine_x_road_factor
R0351,P201,outbound,HOME_P201,H1,H1,dialysis,patient_home,hospital,6.05813,6058.13,haversine_x_road_factor
R0352,P201,return,H1,HOME_P201,H1,dialysis,hospital,patient_home,6.05813,6058.13,haversine_x_road_factor
R0353,P202,outbound,HOME_P202,H1,H1,oncology,patient_home,hospital,10.17994,10179.94,haversine_x_road_factor
R0354,P202,return,H1,HOME_P202,H1,oncology,hospital,patient_home,10.17994,10179.94,haversine_x_road_factor
R0355,P203,outbound,HOME_P203,H1,H1,other,patient_home,hospital,12.84257,12842.57,haversine_x_road_factor
R0356,P203,return,H1,HOME_P203,H1,other,hospital,patient_home,12.84257,12842.57,haversine_x_road_factor
R0357,P204,outbound,HOME_P204,H1,H1,dialysis,patient_home,hospital,9.54436,9544.36,haversine_x_road_factor
R0358,P204,return,H1,HOME_P204,H1,dialysis,hospital,patient_home,9.54436,9544.36,haversine_x_road_factor
R0359,P205,outbound,HOME_P205,H1,H1,other,patient_home,hospital,11.0217,11021.7,haversine_x_road_factor
R0360,P205,return,H1,HOME_P205,H1,other,hospital,patient_home,11.0217,11021.7,haversine_x_road_factor
R0361,P206,outbound,HOME_P206,H1,H1,other,patient_home,hospital,10.16537,10165.37,haversine_x_road_factor
R0362,P207,outbound,HOME_P207,H1,H1,dialysis,patient_home,hospital,5.78386,5783.86,haversine_x_road_factor
R0363,P208,outbound,HOME_P208,H3,H3,dialysis,patient_home,hospital,8.36142,8361.42,haversine_x_road_factor
R0364,P208,return,H3,HOME_P208,H3,dialysis,hospital,patient_home,8.36142,8361.42,haversine_x_road_factor
R0365,P209,outbound,HOME_P209,H2,H2,oncology,patient_home,hospital,5.99775,5997.75,haversine_x_road_factor
R0366,P210,outbound,HOME_P210,H1,H1,oncology,patient_home,hospital,8.58063,8580.63,haversine_x_road_factor
R0367,P210,return,H1,HOME_P210,H1,oncology,hospital,patient_home,8.58063,8580.63,haversine_x_road_factor
R0368,P211,outbound,HOME_P211,H1,H1,other,patient_home,hospital,6.08066,6080.66,haversine_x_road_factor
R0369,P211,return,H1,HOME_P211,H1,other,hospital,patient_home,6.08066,6080.66,haversine_x_road_factor
R0370,P212,outbound,HOME_P212,H1,H1,dialysis,patient_home,hospital,9.05872,9058.72,haversine_x_road_factor
R0371,P213,outbound,HOME_P213,H1,H1,oncology,patient_home,hospital,7.38455,7384.55,haversine_x_road_factor
R0372,P213,return,H1,HOME_P213,H1,oncology,hospital,patient_home,7.38455,7384.55,haversine_x_road_factor
R0373,P214,outbound,HOME_P214,H1,H1,other,patient_home,hospital,14.26059,14260.59,haversine_x_road_factor
R0374,P214,return,H1,HOME_P214,H1,other,hospital,patient_home,14.26059,14260.59,haversine_x_road_factor
R0375,P215,outbound,HOME_P215,H3,H3,dialysis,patient_home,hospital,8.27376,8273.76,haversine_x_road_factor
R0376,P215,return,H3,HOME_P215,H3,dialysis,hospital,patient_home,8.27376,8273.76,haversine_x_road_factor
R0377,P216,outbound,HOME_P216,H2,H2,oncology,patient_home,hospital,6.77069,6770.69,haversine_x_road_factor
R0378,P216,return,H2,HOME_P216,H2,oncology,hospital,patient_home,6.77069,6770.69,haversine_x_road_factor
R0379,P217,outbound,HOME_P217,H3,H3,dialysis,patient_home,hospital,9.42074,9420.74,haversine_x_road_factor
R0380,P218,outbound,HOME_P218,H2,H2,dialysis,patient_home,hospital,6.01988,6019.88,haversine_x_road_factor
R0381,P219,outbound,HOME_P219,H1,H1,other,patient_home,hospital,13.49782,13497.82,haversine_x_road_factor
R0382,P220,outbound,HOME_P220,H1,H1,other,patient_home,hospital,8.67684,8676.84,haversine_x_road_factor
R0383,P220,return,H1,HOME_P220,H1,other,hospital,patient_home,8.67684,8676.84,haversine_x_road_factor
R0384,P221,outbound,HOME_P221,H1,H1,other,patient_home,hospital,13.05187,13051.87,haversine_x_road_factor
R0385,P221,return,H1,HOME_P221,H1,other,hospital,patient_home,13.05187,13051.87,haversine_x_road_factor
R0386,P222,outbound,HOME_P222,H1,H1,other,patient_home,hospital,10.67068,10670.68,haversine_x_road_factor
R0387,P222,return,H1,HOME_P222,H1,other,hospital,patient_home,10.67068,10670.68,haversine_x_road_factor
R0388,P223,outbound,HOME_P223,H1,H1,other,patient_home,hospital,14.59234,14592.34,haversine_x_road_factor
R0389,P223,return,H1,HOME_P223,H1,other,hospital,patient_home,14.59234,14592.34,haversine_x_road_factor
R0390,P224,outbound,HOME_P224,H1,H1,dialysis,patient_home,hospital,9.23057,9230.57,haversine_x_road_factor
R0391,P224,return,H1,HOME_P224,H1,dialysis,hospital,patient_home,9.23057,9230.57,haversine_x_road_factor
R0392,P225,outbound,HOME_P225,H1,H1,other,patient_home,hospital,6.32281,6322.81,haversine_x_road_factor
R0393,P225,return,H1,HOME_P225,H1,other,hospital,patient_home,6.32281,6322.81,haversine_x_road_factor
R0394,P226,outbound,HOME_P226,H1,H1,dialysis,patient_home,hospital,4.98961,4989.61,haversine_x_road_factor
R0395,P227,outbound,HOME_P227,H1,H1,dialysis,patient_home,hospital,8.30849,8308.49,haversine_x_road_factor
R0396,P228,outbound,HOME_P228,H1,H1,oncology,patient_home,hospital,12.22814,12228.14,haversine_x_road_factor
R0397,P228,return,H1,HOME_P228,H1,oncology,hospital,patient_home,12.22814,12228.14,haversine_x_road_factor
R0398,P229,outbound,HOME_P229,H2,H2,dialysis,patient_home,hospital,8.26154,8261.54,haversine_x_road_factor
R0399,P229,return,H2,HOME_P229,H2,dialysis,hospital,patient_home,8.26154,8261.54,haversine_x_road_factor
R0400,P230,outbound,HOME_P230,H2,H2,other,patient_home,hospital,8.39049,8390.49,haversine_x_road_factor
R0401,P230,return,H2,HOME_P230,H2,other,hospital,patient_home,8.39049,8390.49,haversine_x_road_factor
R0402,P231,outbound,HOME_P231,H1,H1,oncology,patient_home,hospital,10.2546,10254.6,haversine_x_road_factor
R0403,P231,return,H1,HOME_P231,H1,oncology,hospital,patient_home,10.2546,10254.6,haversine_x_road_factor
R0404,P232,outbound,HOME_P232,H1,H1,oncology,patient_home,hospital,11.59269,11592.69,haversine_x_road_factor
R0405,P232,return,H1,HOME_P232,H1,oncology,hospital,patient_home,11.59269,11592.69,haversine_x_road_factor
R0406,P233,outbound,HOME_P233,H2,H2,other,patient_home,hospital,11.79636,11796.36,haversine_x_road_factor
R0407,P233,return,H2,HOME_P233,H2,other,hospital,patient_home,11.79636,11796.36,haversine_x_road_factor
R0408,P234,outbound,HOME_P234,H2,H2,dialysis,patient_home,hospital,3.11175,3111.75,haversine_x_road_factor
R0409,P234,return,H2,HOME_P234,H2,dialysis,hospital,patient_home,3.11175,3111.75,haversine_x_road_factor
R0410,P235,outbound,HOME_P235,H2,H2,other,patient_home,hospital,13.13337,13133.37,haversine_x_road_factor
R0411,P235,return,H2,HOME_P235,H2,other,hospital,patient_home,13.13337,13133.37,haversine_x_road_factor
R0412,P236,outbound,HOME_P236,H2,H2,other,patient_home,hospital,12.76821,12768.21,haversine_x_road_factor
R0413,P236,return,H2,HOME_P236,H2,other,hospital,patient_home,12.76821,12768.21,haversine_x_road_factor
R0414,P237,outbound,HOME_P237,H2,H2,other,patient_home,hospital,12.39264,12392.64,haversine_x_road_factor
R0415,P238,outbound,HOME_P238,H1,H1,other,patient_home,hospital,12.96211,12962.11,haversine_x_road_factor
R0416,P239,outbound,HOME_P239,H2,H2,oncology,patient_home,hospital,9.30175,9301.75,haversine_x_road_factor
R0417,P239,return,H2,HOME_P239,H2,oncology,hospital,patient_home,9.30175,9301.75,haversine_x_road_factor
R0418,P240,outbound,HOME_P240,H1,H1,other,patient_home,hospital,11.79014,11790.14,haversine_x_road_factor
R0419,P240,return,H1,HOME_P240,H1,other,hospital,patient_home,11.79014,11790.14,haversine_x_road_factor
R0420,P241,outbound,HOME_P241,H3,H3,dialysis,patient_home,hospital,3.27241,3272.41,haversine_x_road_factor
R0421,P242,outbound,HOME_P242,H1,H1,oncology,patient_home,hospital,0.67441,674.41,haversine_x_road_factor
R0422,P242,return,H1,HOME_P242,H1,oncology,hospital,patient_home,0.67441,674.41,haversine_x_road_factor
R0423,P243,outbound,HOME_P243,H1,H1,other,patient_home,hospital,13.75926,13759.26,haversine_x_road_factor
R0424,P243,return,H1,HOME_P243,H1,other,hospital,patient_home,13.75926,13759.26,haversine_x_road_factor
R0425,P244,outbound,HOME_P244,H2,H2,other,patient_home,hospital,12.12421,12124.21,haversine_x_road_factor
R0426,P244,return,H2,HOME_P244,H2,other,hospital,patient_home,12.12421,12124.21,haversine_x_road_factor
R0427,P245,outbound,HOME_P245,H2,H2,dialysis,patient_home,hospital,7.97591,7975.91,haversine_x_road_factor
R0428,P245,return,H2,HOME_P245,H2,dialysis,hospital,patient_home,7.97591,7975.91,haversine_x_road_factor
R0429,P246,outbound,HOME_P246,H2,H2,other,patient_home,hospital,12.31598,12315.98,haversine_x_road_factor
R0430,P246,return,H2,HOME_P246,H2,other,hospital,patient_home,12.31598,12315.98,haversine_x_road_factor
R0431,P247,outbound,HOME_P247,H1,H1,other,patient_home,hospital,2.98254,2982.54,haversine_x_road_factor
R0432,P247,return,H1,HOME_P247,H1,other,hospital,patient_home,2.98254,2982.54,haversine_x_road_factor
R0433,P248,outbound,HOME_P248,H1,H1,other,patient_home,hospital,13.79872,13798.72,haversine_x_road_factor
R0434,P248,return,H1,HOME_P248,H1,other,hospital,patient_home,13.79872,13798.72,haversine_x_road_factor
R0435,P249,outbound,HOME_P249,H3,H3,dialysis,patient_home,hospital,7.26508,7265.08,haversine_x_road_factor
R0436,P250,outbound,HOME_P250,H1,H1,other,patient_home,hospital,8.22045,8220.45,haversine_x_road_factor
R0437,P251,outbound,HOME_P251,H1,H1,other,patient_home,hospital,1.1984,1198.4,haversine_x_road_factor
R0438,P251,return,H1,HOME_P251,H1,other,hospital,patient_home,1.1984,1198.4,haversine_x_road_factor
R0439,P252,outbound,HOME_P252,H1,H1,dialysis,patient_home,hospital,3.79023,3790.23,haversine_x_road_factor
R0440,P252,return,H1,HOME_P252,H1,dialysis,hospital,patient_home,3.79023,3790.23,haversine_x_road_factor
R0441,P253,outbound,HOME_P253,H1,H1,oncology,patient_home,hospital,7.78632,7786.32,haversine_x_road_factor
R0442,P253,return,H1,HOME_P253,H1,oncology,hospital,patient_home,7.78632,7786.32,haversine_x_road_factor
R0443,P254,outbound,HOME_P254,H3,H3,dialysis,patient_home,hospital,8.35861,8358.61,haversine_x_road_factor
R0444,P254,return,H3,HOME_P254,H3,dialysis,hospital,patient_home,8.35861,8358.61,haversine_x_road_factor
R0445,P255,outbound,HOME_P255,H1,H1,oncology,patient_home,hospital,10.35885,10358.85,haversine_x_road_factor
R0446,P255,return,H1,HOME_P255,H1,oncology,hospital,patient_home,10.35885,10358.85,haversine_x_road_factor
R0447,P256,outbound,HOME_P256,H1,H1,other,patient_home,hospital,9.77651,9776.51,haversine_x_road_factor
R0448,P256,return,H1,HOME_P256,H1,other,hospital,patient_home,9.77651,9776.51,haversine_x_road_factor
R0449,P257,outbound,HOME_P257,H2,H2,oncology,patient_home,hospital,9.27972,9279.72,haversine_x_road_factor
R0450,P258,outbound,HOME_P258,H1,H1,dialysis,patient_home,hospital,8.13056,8130.56,haversine_x_road_factor
R0451,P258,return,H1,HOME_P258,H1,dialysis,hospital,patient_home,8.13056,8130.56,haversine_x_road_factor
R0452,P259,outbound,HOME_P259,H3,H3,dialysis,patient_home,hospital,8.43743,8437.43,haversine_x_road_factor
R0453,P259,return,H3,HOME_P259,H3,dialysis,hospital,patient_home,8.43743,8437.43,haversine_x_road_factor
R0454,P260,outbound,HOME_P260,H2,H2,dialysis,patient_home,hospital,9.97752,9977.52,haversine_x_road_factor
R0455,P260,return,H2,HOME_P260,H2,dialysis,hospital,patient_home,9.97752,9977.52,haversine_x_road_factor
R0456,P261,outbound,HOME_P261,H1,H1,oncology,patient_home,hospital,10.46436,10464.36,haversine_x_road_factor
R0457,P261,return,H1,HOME_P261,H1,oncology,hospital,patient_home,10.46436,10464.36,haversine_x_road_factor
R0458,P262,outbound,HOME_P262,H1,H1,dialysis,patient_home,hospital,8.97697,8976.97,haversine_x_road_factor
R0459,P263,outbound,HOME_P263,H1,H1,dialysis,patient_home,hospital,9.77834,9778.34,haversine_x_road_factor
R0460,P264,outbound,HOME_P264,H1,H1,external,patient_home,hospital,21.12915,21129.15,haversine_x_road_factor
R0461,P264,return,H1,HOME_P264,H1,external,hospital,patient_home,21.12915,21129.15,haversine_x_road_factor
R0462,P265,outbound,HOME_P265,H1,H1,dialysis,patient_home,hospital,8.23676,8236.76,haversine_x_road_factor
R0463,P265,return,H1,HOME_P265,H1,dialysis,hospital,patient_home,8.23676,8236.76,haversine_x_road_factor
R0464,P266,outbound,HOME_P266,H2,H2,other,patient_home,hospital,5.38178,5381.78,haversine_x_road_factor
R0465,P267,outbound,HOME_P267,H1,H1,dialysis,patient_home,hospital,2.34115,2341.15,haversine_x_road_factor
R0466,P268,outbound,HOME_P268,H1,H1,other,patient_home,hospital,8.20126,8201.26,haversine_x_road_factor
R0467,P268,return,H1,HOME_P268,H1,other,hospital,patient_home,8.20126,8201.26,haversine_x_road_factor
R0468,P269,outbound,HOME_P269,H2,H2,dialysis,patient_home,hospital,9.69033,9690.33,haversine_x_road_factor
R0469,P270,outbound,HOME_P270,H1,H1,other,patient_home,hospital,11.61016,11610.16,haversine_x_road_factor
R0470,P270,return,H1,HOME_P270,H1,other,hospital,patient_home,11.61016,11610.16,haversine_x_road_factor
R0471,P271,outbound,HOME_P271,H1,H1,other,patient_home,hospital,5.03614,5036.14,haversine_x_road_factor
R0472,P271,return,H1,HOME_P271,H1,other,hospital,patient_home,5.03614,5036.14,haversine_x_road_factor
R0473,P272,outbound,HOME_P272,H1,H1,external,patient_home,hospital,21.56357,21563.57,haversine_x_road_factor
R0474,P273,outbound,HOME_P273,H1,H1,other,patient_home,hospital,5.15588,5155.88,haversine_x_road_factor
R0475,P273,return,H1,HOME_P273,H1,other,hospital,patient_home,5.15588,5155.88,haversine_x_road_factor
R0476,P274,outbound,HOME_P274,H2,H2,oncology,patient_home,hospital,9.05879,9058.79,haversine_x_road_factor
R0477,P274,return,H2,HOME_P274,H2,oncology,hospital,patient_home,9.05879,9058.79,haversine_x_road_factor
R0478,P275,outbound,HOME_P275,H2,H2,other,patient_home,hospital,5.92489,5924.89,haversine_x_road_factor
R0479,P275,return,H2,HOME_P275,H2,other,hospital,patient_home,5.92489,5924.89,haversine_x_road_factor
R0480,P276,outbound,HOME_P276,H1,H1,dialysis,patient_home,hospital,8.63533,8635.33,haversine_x_road_factor
R0481,P276,return,H1,HOME_P276,H1,dialysis,hospital,patient_home,8.63533,8635.33,haversine_x_road_factor
R0482,P277,outbound,HOME_P277,H1,H1,dialysis,patient_home,hospital,6.07898,6078.98,haversine_x_road_factor
R0483,P277,return,H1,HOME_P277,H1,dialysis,hospital,patient_home,6.07898,6078.98,haversine_x_road_factor
R0484,P278,outbound,HOME_P278,H2,H2,oncology,patient_home,hospital,10.63392,10633.92,haversine_x_road_factor
R0485,P278,return,H2,HOME_P278,H2,oncology,hospital,patient_home,10.63392,10633.92,haversine_x_road_factor
R0486,P279,outbound,HOME_P279,H1,H1,other,patient_home,hospital,6.68203,6682.03,haversine_x_road_factor
R0487,P279,return,H1,HOME_P279,H1,other,hospital,patient_home,6.68203,6682.03,haversine_x_road_factor
R0488,P280,outbound,HOME_P280,H1,H1,dialysis,patient_home,hospital,9.49184,9491.84,haversine_x_road_factor
R0489,P280,return,H1,HOME_P280,H1,dialysis,hospital,patient_home,9.49184,9491.84,haversine_x_road_factor
R0490,P281,outbound,HOME_P281,H1,H1,other,patient_home,hospital,13.57162,13571.62,haversine_x_road_factor
R0491,P281,return,H1,HOME_P281,H1,other,hospital,patient_home,13.57162,13571.62,haversine_x_road_factor
R0492,P282,outbound,HOME_P282,H1,H1,oncology,patient_home,hospital,5.70711,5707.11,haversine_x_road_factor
R0493,P283,outbound,HOME_P283,H2,H2,other,patient_home,hospital,8.6541,8654.1,haversine_x_road_factor
R0494,P284,outbound,HOME_P284,H1,H1,other,patient_home,hospital,4.39196,4391.96,haversine_x_road_factor
R0495,P284,return,H1,HOME_P284,H1,other,hospital,patient_home,4.39196,4391.96,haversine_x_road_factor
R0496,P285,outbound,HOME_P285,H1,H1,dialysis,patient_home,hospital,6.79946,6799.46,haversine_x_road_factor
R0497,P285,return,H1,HOME_P285,H1,dialysis,hospital,patient_home,6.79946,6799.46,haversine_x_road_factor
R0498,P286,outbound,HOME_P286,H1,H1,oncology,patient_home,hospital,7.39108,7391.08,haversine_x_road_factor
R0499,P286,return,H1,HOME_P286,H1,oncology,hospital,patient_home,7.39108,7391.08,haversine_x_road_factor
R0500,P287,outbound,HOME_P287,H1,H1,other,patient_home,hospital,6.82013,6820.13,haversine_x_road_factor
R0501,P287,return,H1,HOME_P287,H1,other,hospital,patient_home,6.82013,6820.13,haversine_x_road_factor
R0502,P288,outbound,HOME_P288,H1,H1,oncology,patient_home,hospital,9.80062,9800.62,haversine_x_road_factor
R0503,P288,return,H1,HOME_P288,H1,oncology,hospital,patient_home,9.80062,9800.62,haversine_x_road_factor
R0504,P289,outbound,HOME_P289,H3,H3,dialysis,patient_home,hospital,10.00279,10002.79,haversine_x_road_factor
R0505,P289,return,H3,HOME_P289,H3,dialysis,hospital,patient_home,10.00279,10002.79,haversine_x_road_factor
R0506,P290,outbound,HOME_P290,H2,H2,other,patient_home,hospital,9.92236,9922.36,haversine_x_road_factor
R0507,P290,return,H2,HOME_P290,H2,other,hospital,patient_home,9.92236,9922.36,haversine_x_road_factor
R0508,P291,outbound,HOME_P291,H2,H2,other,patient_home,hospital,8.04962,8049.62,haversine_x_road_factor
R0509,P291,return,H2,HOME_P291,H2,other,hospital,patient_home,8.04962,8049.62,haversine_x_road_factor
R0510,P292,outbound,HOME_P292,H1,H1,other,patient_home,hospital,14.54499,14544.99,haversine_x_road_factor
R0511,P292,return,H1,HOME_P292,H1,other,hospital,patient_home,14.54499,14544.99,haversine_x_road_factor
R0512,P293,outbound,HOME_P293,H2,H2,dialysis,patient_home,hospital,8.85156,8851.56,haversine_x_road_factor
R0513,P293,return,H2,HOME_P293,H2,dialysis,hospital,patient_home,8.85156,8851.56,haversine_x_road_factor
R0514,P294,outbound,HOME_P294,H1,H1,oncology,patient_home,hospital,9.4388,9438.8,haversine_x_road_factor
R0515,P294,return,H1,HOME_P294,H1,oncology,hospital,patient_home,9.4388,9438.8,haversine_x_road_factor
R0516,P295,outbound,HOME_P295,H2,H2,oncology,patient_home,hospital,12.49107,12491.07,haversine_x_road_factor
R0517,P295,return,H2,HOME_P295,H2,oncology,hospital,patient_home,12.49107,12491.07,haversine_x_road_factor
R0518,P296,outbound,HOME_P296,H1,H1,other,patient_home,hospital,8.92041,8920.41,haversine_x_road_factor
R0519,P296,return,H1,HOME_P296,H1,other,hospital,patient_home,8.92041,8920.41,haversine_x_road_factor
R0520,P297,outbound,HOME_P297,H2,H2,other,patient_home,hospital,10.01624,10016.24,haversine_x_road_factor
R0521,P297,return,H2,HOME_P297,H2,other,hospital,patient_home,10.01624,10016.24,haversine_x_road_factor
R0522,P298,outbound,HOME_P298,H1,H1,other,patient_home,hospital,13.85057,13850.57,haversine_x_road_factor
R0523,P298,return,H1,HOME_P298,H1,other,hospital,patient_home,13.85057,13850.57,haversine_x_road_factor
R0524,P299,outbound,HOME_P299,H2,H2,dialysis,patient_home,hospital,5.01744,5017.44,haversine_x_road_factor
R0525,P299,return,H2,HOME_P299,H2,dialysis,hospital,patient_home,5.01744,5017.44,haversine_x_road_factor
R0526,P300,outbound,HOME_P300,H1,H1,dialysis,patient_home,hospital,7.2144,7214.4,haversine_x_road_factor
R0527,P300,return,H1,HOME_P300,H1,dialysis,hospital,patient_home,7.2144,7214.4,haversine_x_road_factor
R0528,P301,outbound,HOME_P301,H1,H1,other,patient_home,hospital,9.19155,9191.55,haversine_x_road_factor
R0529,P301,return,H1,HOME_P301,H1,other,hospital,patient_home,9.19155,9191.55,haversine_x_road_factor
R0530,P302,outbound,HOME_P302,H1,H1,external,patient_home,hospital,22.15711,22157.11,haversine_x_road_factor
R0531,P302,return,H1,HOME_P302,H1,external,hospital,patient_home,22.15711,22157.11,haversine_x_road_factor
R0532,P303,outbound,HOME_P303,H3,H3,dialysis,patient_home,hospital,8.80437,8804.37,haversine_x_road_factor
R0533,P304,outbound,HOME_P304,H2,H2,other,patient_home,hospital,12.49882,12498.82,haversine_x_road_factor
R0534,P304,return,H2,HOME_P304,H2,other,hospital,patient_home,12.49882,12498.82,haversine_x_road_factor
R0535,P305,outbound,HOME_P305,H2,H2,oncology,patient_home,hospital,5.34626,5346.26,haversine_x_road_factor
R0536,P305,return,H2,HOME_P305,H2,oncology,hospital,patient_home,5.34626,5346.26,haversine_x_road_factor
R0537,P306,outbound,HOME_P306,H2,H2,other,patient_home,hospital,11.62466,11624.66,haversine_x_road_factor
R0538,P307,outbound,HOME_P307,H1,H1,oncology,patient_home,hospital,2.48578,2485.78,haversine_x_road_factor
R0539,P307,return,H1,HOME_P307,H1,oncology,hospital,patient_home,2.48578,2485.78,haversine_x_road_factor
R0540,P308,outbound,HOME_P308,H1,H1,dialysis,patient_home,hospital,8.02839,8028.39,haversine_x_road_factor
R0541,P308,return,H1,HOME_P308,H1,dialysis,hospital,patient_home,8.02839,8028.39,haversine_x_road_factor
R0542,P309,outbound,HOME_P309,H1,H1,oncology,patient_home,hospital,9.89099,9890.99,haversine_x_road_factor
R0543,P309,return,H1,HOME_P309,H1,oncology,hospital,patient_home,9.89099,9890.99,haversine_x_road_factor
R0544,P310,outbound,HOME_P310,H1,H1,other,patient_home,hospital,3.5571,3557.1,haversine_x_road_factor
R0545,P310,return,H1,HOME_P310,H1,other,hospital,patient_home,3.5571,3557.1,haversine_x_road_factor
R0546,P311,outbound,HOME_P311,H1,H1,dialysis,patient_home,hospital,2.3419,2341.9,haversine_x_road_factor
R0547,P312,outbound,HOME_P312,H1,H1,dialysis,patient_home,hospital,3.14091,3140.91,haversine_x_road_factor
R0548,P313,outbound,HOME_P313,H2,H2,oncology,patient_home,hospital,12.25083,12250.83,haversine_x_road_factor
R0549,P313,return,H2,HOME_P313,H2,oncology,hospital,patient_home,12.25083,12250.83,haversine_x_road_factor
R0550,P314,outbound,HOME_P314,H1,H1,dialysis,patient_home,hospital,3.62732,3627.32,haversine_x_road_factor
R0551,P315,outbound,HOME_P315,H2,H2,dialysis,patient_home,hospital,9.13362,9133.62,haversine_x_road_factor
R0552,P316,outbound,HOME_P316,H1,H1,oncology,patient_home,hospital,5.73957,5739.57,haversine_x_road_factor
R0553,P316,return,H1,HOME_P316,H1,oncology,hospital,patient_home,5.73957,5739.57,haversine_x_road_factor
R0554,P317,outbound,HOME_P317,H2,H2,oncology,patient_home,hospital,5.42682,5426.82,haversine_x_road_factor
R0555,P318,outbound,HOME_P318,H3,H3,dialysis,patient_home,hospital,4.43729,4437.29,haversine_x_road_factor
R0556,P318,return,H3,HOME_P318,H3,dialysis,hospital,patient_home,4.43729,4437.29,haversine_x_road_factor
R0557,P319,outbound,HOME_P319,H2,H2,dialysis,patient_home,hospital,2.9815,2981.5,haversine_x_road_factor
R0558,P319,return,H2,HOME_P319,H2,dialysis,hospital,patient_home,2.9815,2981.5,haversine_x_road_factor
R0559,P320,outbound,HOME_P320,H2,H2,dialysis,patient_home,hospital,9.80683,9806.83,haversine_x_road_factor
R0560,P320,return,H2,HOME_P320,H2,dialysis,hospital,patient_home,9.80683,9806.83,haversine_x_road_factor
R0561,P321,outbound,HOME_P321,H2,H2,dialysis,patient_home,hospital,4.63899,4638.99,haversine_x_road_factor
R0562,P322,outbound,HOME_P322,H2,H2,other,patient_home,hospital,4.10487,4104.87,haversine_x_road_factor
R0563,P322,return,H2,HOME_P322,H2,other,hospital,patient_home,4.10487,4104.87,haversine_x_road_factor
R0564,P323,outbound,HOME_P323,H1,H1,dialysis,patient_home,hospital,2.31986,2319.86,haversine_x_road_factor
R0565,P323,return,H1,HOME_P323,H1,dialysis,hospital,patient_home,2.31986,2319.86,haversine_x_road_factor
R0566,P324,outbound,HOME_P324,H1,H1,dialysis,patient_home,hospital,4.9581,4958.1,haversine_x_road_factor
R0567,P324,return,H1,HOME_P324,H1,dialysis,hospital,patient_home,4.9581,4958.1,haversine_x_road_factor
R0568,P325,outbound,HOME_P325,H2,H2,other,patient_home,hospital,11.67487,11674.87,haversine_x_road_factor
R0569,P326,outbound,HOME_P326,H2,H2,other,patient_home,hospital,14.28491,14284.91,haversine_x_road_factor
R0570,P326,return,H2,HOME_P326,H2,other,hospital,patient_home,14.28491,14284.91,haversine_x_road_factor
R0571,P327,outbound,HOME_P327,H1,H1,dialysis,patient_home,hospital,9.99927,9999.27,haversine_x_road_factor
R0572,P328,outbound,HOME_P328,H1,H1,other,patient_home,hospital,14.74373,14743.73,haversine_x_road_factor
R0573,P328,return,H1,HOME_P328,H1,other,hospital,patient_home,14.74373,14743.73,haversine_x_road_factor
R0574,P329,outbound,HOME_P329,H1,H1,other,patient_home,hospital,7.36914,7369.14,haversine_x_road_factor
R0575,P329,return,H1,HOME_P329,H1,other,hospital,patient_home,7.36914,7369.14,haversine_x_road_factor
R0576,P330,outbound,HOME_P330,H1,H1,other,patient_home,hospital,11.5018,11501.8,haversine_x_road_factor
R0577,P330,return,H1,HOME_P330,H1,other,hospital,patient_home,11.5018,11501.8,haversine_x_road_factor
R0578,P331,outbound,HOME_P331,H1,H1,other,patient_home,hospital,1.97765,1977.65,haversine_x_road_factor
R0579,P331,return,H1,HOME_P331,H1,other,hospital,patient_home,1.97765,1977.65,haversine_x_road_factor
R0580,P332,outbound,HOME_P332,H1,H1,oncology,patient_home,hospital,2.63099,2630.99,haversine_x_road_factor
R0581,P332,return,H1,HOME_P332,H1,oncology,hospital,patient_home,2.63099,2630.99,haversine_x_road_factor
R0582,P333,outbound,HOME_P333,H2,H2,other,patient_home,hospital,8.9657,8965.7,haversine_x_road_factor
R0583,P333,return,H2,HOME_P333,H2,other,hospital,patient_home,8.9657,8965.7,haversine_x_road_factor
R0584,P334,outbound,HOME_P334,H1,H1,other,patient_home,hospital,8.4025,8402.5,haversine_x_road_factor
R0585,P335,outbound,HOME_P335,H1,H1,dialysis,patient_home,hospital,3.00933,3009.33,haversine_x_road_factor
R0586,P336,outbound,HOME_P336,H1,H1,dialysis,patient_home,hospital,8.81963,8819.63,haversine_x_road_factor
R0587,P337,outbound,HOME_P337,H2,H2,dialysis,patient_home,hospital,7.70235,7702.35,haversine_x_road_factor
R0588,P337,return,H2,HOME_P337,H2,dialysis,hospital,patient_home,7.70235,7702.35,haversine_x_road_factor
R0589,P338,outbound,HOME_P338,H2,H2,dialysis,patient_home,hospital,6.16268,6162.68,haversine_x_road_factor
R0590,P339,outbound,HOME_P339,H2,H2,oncology,patient_home,hospital,8.98102,8981.02,haversine_x_road_factor
R0591,P340,outbound,HOME_P340,H1,H1,dialysis,patient_home,hospital,9.39662,9396.62,haversine_x_road_factor
R0592,P340,return,H1,HOME_P340,H1,dialysis,hospital,patient_home,9.39662,9396.62,haversine_x_road_factor
R0593,P341,outbound,HOME_P341,H2,H2,other,patient_home,hospital,10.08166,10081.66,haversine_x_road_factor
R0594,P342,outbound,HOME_P342,H1,H1,external,patient_home,hospital,21.10536,21105.36,haversine_x_road_factor
R0595,P343,outbound,HOME_P343,H2,H2,dialysis,patient_home,hospital,8.39741,8397.41,haversine_x_road_factor
R0596,P343,return,H2,HOME_P343,H2,dialysis,hospital,patient_home,8.39741,8397.41,haversine_x_road_factor
R0597,P344,outbound,HOME_P344,H1,H1,other,patient_home,hospital,7.38394,7383.94,haversine_x_road_factor
R0598,P344,return,H1,HOME_P344,H1,other,hospital,patient_home,7.38394,7383.94,haversine_x_road_factor
R0599,P345,outbound,HOME_P345,H1,H1,other,patient_home,hospital,8.5573,8557.3,haversine_x_road_factor
R0600,P345,return,H1,HOME_P345,H1,other,hospital,patient_home,8.5573,8557.3,haversine_x_road_factor
R0601,P346,outbound,HOME_P346,H1,H1,dialysis,patient_home,hospital,5.35921,5359.21,haversine_x_road_factor
R0602,P347,outbound,HOME_P347,H1,H1,oncology,patient_home,hospital,8.20357,8203.57,haversine_x_road_factor
R0603,P347,return,H1,HOME_P347,H1,oncology,hospital,patient_home,8.20357,8203.57,haversine_x_road_factor
R0604,P348,outbound,HOME_P348,H1,H1,oncology,patient_home,hospital,11.90463,11904.63,haversine_x_road_factor
R0605,P348,return,H1,HOME_P348,H1,oncology,hospital,patient_home,11.90463,11904.63,haversine_x_road_factor
R0606,P349,outbound,HOME_P349,H3,H3,dialysis,patient_home,hospital,4.30517,4305.17,haversine_x_road_factor
R0607,P350,outbound,HOME_P350,H1,H1,dialysis,patient_home,hospital,7.02633,7026.33,haversine_x_road_factor
R0608,P350,return,H1,HOME_P350,H1,dialysis,hospital,patient_home,7.02633,7026.33,haversine_x_road_factor
R0609,P351,outbound,HOME_P351,H2,H2,dialysis,patient_home,hospital,8.95621,8956.21,haversine_x_road_factor
R0610,P351,return,H2,HOME_P351,H2,dialysis,hospital,patient_home,8.95621,8956.21,haversine_x_road_factor
R0611,P352,outbound,HOME_P352,H2,H2,dialysis,patient_home,hospital,7.81236,7812.36,haversine_x_road_factor
R0612,P352,return,H2,HOME_P352,H2,dialysis,hospital,patient_home,7.81236,7812.36,haversine_x_road_factor
R0613,P353,outbound,HOME_P353,H2,H2,other,patient_home,hospital,10.60596,10605.96,haversine_x_road_factor
R0614,P354,outbound,HOME_P354,H2,H2,dialysis,patient_home,hospital,7.19789,7197.89,haversine_x_road_factor
R0615,P354,return,H2,HOME_P354,H2,dialysis,hospital,patient_home,7.19789,7197.89,haversine_x_road_factor
R0616,P355,outbound,HOME_P355,H2,H2,other,patient_home,hospital,8.07055,8070.55,haversine_x_road_factor
R0617,P355,return,H2,HOME_P355,H2,other,hospital,patient_home,8.07055,8070.55,haversine_x_road_factor
R0618,P356,outbound,HOME_P356,H2,H2,other,patient_home,hospital,9.05408,9054.08,haversine_x_road_factor
R0619,P356,return,H2,HOME_P356,H2,other,hospital,patient_home,9.05408,9054.08,haversine_x_road_factor
R0620,P357,outbound,HOME_P357,H3,H3,dialysis,patient_home,hospital,5.65074,5650.74,haversine_x_road_factor
R0621,P358,outbound,HOME_P358,H1,H1,external,patient_home,hospital,5.81715,5817.15,haversine_x_road_factor
R0622,P359,outbound,HOME_P359,H1,H1,other,patient_home,hospital,9.63003,9630.03,haversine_x_road_factor
R0623,P359,return,H1,HOME_P359,H1,other,hospital,patient_home,9.63003,9630.03,haversine_x_road_factor
R0624,P360,outbound,HOME_P360,H2,H2,other,patient_home,hospital,13.90303,13903.03,haversine_x_road_factor
R0625,P360,return,H2,HOME_P360,H2,other,hospital,patient_home,13.90303,13903.03,haversine_x_road_factor
R0626,P361,outbound,HOME_P361,H1,H1,other,patient_home,hospital,14.46037,14460.37,haversine_x_road_factor
R0627,P361,return,H1,HOME_P361,H1,other,hospital,patient_home,14.46037,14460.37,haversine_x_road_factor
R0628,P362,outbound,HOME_P362,H2,H2,oncology,patient_home,hospital,5.91656,5916.56,haversine_x_road_factor
R0629,P363,outbound,HOME_P363,H1,H1,dialysis,patient_home,hospital,6.75238,6752.38,haversine_x_road_factor
R0630,P363,return,H1,HOME_P363,H1,dialysis,hospital,patient_home,6.75238,6752.38,haversine_x_road_factor
R0631,P364,outbound,HOME_P364,H3,H3,dialysis,patient_home,hospital,9.0728,9072.8,haversine_x_road_factor
R0632,P365,outbound,HOME_P365,H1,H1,oncology,patient_home,hospital,11.70411,11704.11,haversine_x_road_factor
R0633,P365,return,H1,HOME_P365,H1,oncology,hospital,patient_home,11.70411,11704.11,haversine_x_road_factor
R0634,P366,outbound,HOME_P366,H1,H1,dialysis,patient_home,hospital,8.45021,8450.21,haversine_x_road_factor
R0635,P366,return,H1,HOME_P366,H1,dialysis,hospital,patient_home,8.45021,8450.21,haversine_x_road_factor
R0636,P367,outbound,HOME_P367,H2,H2,dialysis,patient_home,hospital,5.12909,5129.09,haversine_x_road_factor
R0637,P368,outbound,HOME_P368,H2,H2,dialysis,patient_home,hospital,6.79461,6794.61,haversine_x_road_factor
R0638,P369,outbound,HOME_P369,H2,H2,other,patient_home,hospital,6.77144,6771.44,haversine_x_road_factor
R0639,P369,return,H2,HOME_P369,H2,other,hospital,patient_home,6.77144,6771.44,haversine_x_road_factor
R0640,P370,outbound,HOME_P370,H1,H1,dialysis,patient_home,hospital,1.71495,1714.95,haversine_x_road_factor
R0641,P370,return,H1,HOME_P370,H1,dialysis,hospital,patient_home,1.71495,1714.95,haversine_x_road_factor
R0642,P371,outbound,HOME_P371,H1,H1,other,patient_home,hospital,1.6975,1697.5,haversine_x_road_factor
R0643,P371,return,H1,HOME_P371,H1,other,hospital,patient_home,1.6975,1697.5,haversine_x_road_factor
R0644,P372,outbound,HOME_P372,H1,H1,dialysis,patient_home,hospital,5.88774,5887.74,haversine_x_road_factor
R0645,P373,outbound,HOME_P373,H1,H1,other,patient_home,hospital,14.05627,14056.27,haversine_x_road_factor
R0646,P374,outbound,HOME_P374,H2,H2,dialysis,patient_home,hospital,2.6776,2677.6,haversine_x_road_factor
R0647,P375,outbound,HOME_P375,H2,H2,other,patient_home,hospital,12.55231,12552.31,haversine_x_road_factor
R0648,P375,return,H2,HOME_P375,H2,other,hospital,patient_home,12.55231,12552.31,haversine_x_road_factor
R0649,P376,outbound,HOME_P376,H1,H1,dialysis,patient_home,hospital,6.11552,6115.52,haversine_x_road_factor
R0650,P376,return,H1,HOME_P376,H1,dialysis,hospital,patient_home,6.11552,6115.52,haversine_x_road_factor
R0651,P377,outbound,HOME_P377,H2,H2,oncology,patient_home,hospital,6.16663,6166.63,haversine_x_road_factor
R0652,P377,return,H2,HOME_P377,H2,oncology,hospital,patient_home,6.16663,6166.63,haversine_x_road_factor
R0653,P378,outbound,HOME_P378,H1,H1,other,patient_home,hospital,10.59503,10595.03,haversine_x_road_factor
R0654,P378,return,H1,HOME_P378,H1,other,hospital,patient_home,10.59503,10595.03,haversine_x_road_factor
R0655,P379,outbound,HOME_P379,H1,H1,dialysis,patient_home,hospital,7.82932,7829.32,haversine_x_road_factor
R0656,P379,return,H1,HOME_P379,H1,dialysis,hospital,patient_home,7.82932,7829.32,haversine_x_road_factor
R0657,P380,outbound,HOME_P380,H2,H2,other,patient_home,hospital,13.89382,13893.82,haversine_x_road_factor
R0658,P380,return,H2,HOME_P380,H2,other,hospital,patient_home,13.89382,13893.82,haversine_x_road_factor
R0659,P381,outbound,HOME_P381,H3,H3,dialysis,patient_home,hospital,5.73541,5735.41,haversine_x_road_factor
R0660,P381,return,H3,HOME_P381,H3,dialysis,hospital,patient_home,5.73541,5735.41,haversine_x_road_factor
R0661,P382,outbound,HOME_P382,H1,H1,dialysis,patient_home,hospital,5.45996,5459.96,haversine_x_road_factor
R0662,P383,outbound,HOME_P383,H1,H1,dialysis,patient_home,hospital,9.2503,9250.3,haversine_x_road_factor
R0663,P384,outbound,HOME_P384,H2,H2,oncology,patient_home,hospital,9.36765,9367.65,haversine_x_road_factor
R0664,P384,return,H2,HOME_P384,H2,oncology,hospital,patient_home,9.36765,9367.65,haversine_x_road_factor
R0665,P385,outbound,HOME_P385,H1,H1,dialysis,patient_home,hospital,8.92954,8929.54,haversine_x_road_factor
R0666,P386,outbound,HOME_P386,H1,H1,oncology,patient_home,hospital,3.30347,3303.47,haversine_x_road_factor
R0667,P386,return,H1,HOME_P386,H1,oncology,hospital,patient_home,3.30347,3303.47,haversine_x_road_factor
R0668,P387,outbound,HOME_P387,H1,H1,other,patient_home,hospital,4.87215,4872.15,haversine_x_road_factor
R0669,P387,return,H1,HOME_P387,H1,other,hospital,patient_home,4.87215,4872.15,haversine_x_road_factor
R0670,P388,outbound,HOME_P388,H1,H1,other,patient_home,hospital,6.35716,6357.16,haversine_x_road_factor
R0671,P388,return,H1,HOME_P388,H1,other,hospital,patient_home,6.35716,6357.16,haversine_x_road_factor
R0672,P389,outbound,HOME_P389,H1,H1,external,patient_home,hospital,16.30505,16305.05,haversine_x_road_factor
R0673,P390,outbound,HOME_P390,H1,H1,dialysis,patient_home,hospital,2.54838,2548.38,haversine_x_road_factor
R0674,P391,outbound,HOME_P391,H2,H2,other,patient_home,hospital,10.95085,10950.85,haversine_x_road_factor
R0675,P391,return,H2,HOME_P391,H2,other,hospital,patient_home,10.95085,10950.85,haversine_x_road_factor
R0676,P392,outbound,HOME_P392,H1,H1,other,patient_home,hospital,13.20406,13204.06,haversine_x_road_factor
R0677,P393,outbound,HOME_P393,H2,H2,other,patient_home,hospital,7.7943,7794.3,haversine_x_road_factor
R0678,P394,outbound,HOME_P394,H2,H2,other,patient_home,hospital,14.79258,14792.58,haversine_x_road_factor
R0679,P394,return,H2,HOME_P394,H2,other,hospital,patient_home,14.79258,14792.58,haversine_x_road_factor
R0680,P395,outbound,HOME_P395,H1,H1,other,patient_home,hospital,13.91887,13918.87,haversine_x_road_factor
R0681,P396,outbound,HOME_P396,H1,H1,dialysis,patient_home,hospital,8.81004,8810.04,haversine_x_road_factor
R0682,P397,outbound,HOME_P397,H1,H1,oncology,patient_home,hospital,10.7346,10734.6,haversine_x_road_factor
R0683,P397,return,H1,HOME_P397,H1,oncology,hospital,patient_home,10.7346,10734.6,haversine_x_road_factor
R0684,P398,outbound,HOME_P398,H1,H1,oncology,patient_home,hospital,10.46149,10461.49,haversine_x_road_factor
R0685,P398,return,H1,HOME_P398,H1,oncology,hospital,patient_home,10.46149,10461.49,haversine_x_road_factor
R0686,P399,outbound,HOME_P399,H1,H1,dialysis,patient_home,hospital,6.65376,6653.76,haversine_x_road_factor
R0687,P400,outbound,HOME_P400,H1,H1,other,patient_home,hospital,13.75361,13753.61,haversine_x_road_factor
R0688,P400,return,H1,HOME_P400,H1,other,hospital,patient_home,13.75361,13753.61,haversine_x_road_factor
R0689,P401,outbound,HOME_P401,H2,H2,dialysis,patient_home,hospital,9.46364,9463.64,haversine_x_road_factor
R0690,P401,return,H2,HOME_P401,H2,dialysis,hospital,patient_home,9.46364,9463.64,haversine_x_road_factor
R0691,P402,outbound,HOME_P402,H1,H1,other,patient_home,hospital,4.20791,4207.91,haversine_x_road_factor
R0692,P403,outbound,HOME_P403,H1,H1,other,patient_home,hospital,12.91512,12915.12,haversine_x_road_factor
R0693,P403,return,H1,HOME_P403,H1,other,hospital,patient_home,12.91512,12915.12,haversine_x_road_factor
R0694,P404,outbound,HOME_P404,H3,H3,dialysis,patient_home,hospital,1.7761,1776.1,haversine_x_road_factor
R0695,P405,outbound,HOME_P405,H3,H3,dialysis,patient_home,hospital,7.3126,7312.6,haversine_x_road_factor
R0696,P405,return,H3,HOME_P405,H3,dialysis,hospital,patient_home,7.3126,7312.6,haversine_x_road_factor
R0697,P406,outbound,HOME_P406,H2,H2,dialysis,patient_home,hospital,6.94495,6944.95,haversine_x_road_factor
R0698,P407,outbound,HOME_P407,H1,H1,dialysis,patient_home,hospital,8.13453,8134.53,haversine_x_road_factor
R0699,P407,return,H1,HOME_P407,H1,dialysis,hospital,patient_home,8.13453,8134.53,haversine_x_road_factor
R0700,P408,outbound,HOME_P408,H3,H3,dialysis,patient_home,hospital,7.15144,7151.44,haversine_x_road_factor
R0701,P408,return,H3,HOME_P408,H3,dialysis,hospital,patient_home,7.15144,7151.44,haversine_x_road_factor
R0702,P409,outbound,HOME_P409,H1,H1,dialysis,patient_home,hospital,5.86841,5868.41,haversine_x_road_factor
R0703,P409,return,H1,HOME_P409,H1,dialysis,hospital,patient_home,5.86841,5868.41,haversine_x_road_factor
R0704,P410,outbound,HOME_P410,H1,H1,other,patient_home,hospital,7.48447,7484.47,haversine_x_road_factor
R0705,P410,return,H1,HOME_P410,H1,other,hospital,patient_home,7.48447,7484.47,haversine_x_road_factor
R0706,P411,outbound,HOME_P411,H3,H3,dialysis,patient_home,hospital,6.58737,6587.37,haversine_x_road_factor
R0707,P412,outbound,HOME_P412,H2,H2,dialysis,patient_home,hospital,8.60525,8605.25,haversine_x_road_factor
R0708,P412,return,H2,HOME_P412,H2,dialysis,hospital,patient_home,8.60525,8605.25,haversine_x_road_factor
R0709,P413,outbound,HOME_P413,H1,H1,dialysis,patient_home,hospital,4.92154,4921.54,haversine_x_road_factor
R0710,P414,outbound,HOME_P414,H2,H2,dialysis,patient_home,hospital,4.86983,4869.83,haversine_x_road_factor
R0711,P414,return,H2,HOME_P414,H2,dialysis,hospital,patient_home,4.86983,4869.83,haversine_x_road_factor
R0712,P415,outbound,HOME_P415,H2,H2,other,patient_home,hospital,6.03196,6031.96,haversine_x_road_factor
R0713,P415,return,H2,HOME_P415,H2,other,hospital,patient_home,6.03196,6031.96,haversine_x_road_factor
R0714,P416,outbound,HOME_P416,H1,H1,dialysis,patient_home,hospital,9.45271,9452.71,haversine_x_road_factor
R0715,P416,return,H1,HOME_P416,H1,dialysis,hospital,patient_home,9.45271,9452.71,haversine_x_road_factor
R0716,P417,outbound,HOME_P417,H2,H2,other,patient_home,hospital,6.16206,6162.06,haversine_x_road_factor
R0717,P417,return,H2,HOME_P417,H2,other,hospital,patient_home,6.16206,6162.06,haversine_x_road_factor
R0718,P418,outbound,HOME_P418,H2,H2,dialysis,patient_home,hospital,7.835,7835.0,haversine_x_road_factor
R0719,P418,return,H2,HOME_P418,H2,dialysis,hospital,patient_home,7.835,7835.0,haversine_x_road_factor
R0720,P419,outbound,HOME_P419,H1,H1,other,patient_home,hospital,10.08904,10089.04,haversine_x_road_factor
R0721,P419,return,H1,HOME_P419,H1,other,hospital,patient_home,10.08904,10089.04,haversine_x_road_factor
R0722,P420,outbound,HOME_P420,H1,H1,oncology,patient_home,hospital,9.60375,9603.75,haversine_x_road_factor
R0723,P420,return,H1,HOME_P420,H1,oncology,hospital,patient_home,9.60375,9603.75,haversine_x_road_factor
R0724,P421,outbound,HOME_P421,H2,H2,oncology,patient_home,hospital,10.13566,10135.66,haversine_x_road_factor
R0725,P421,return,H2,HOME_P421,H2,oncology,hospital,patient_home,10.13566,10135.66,haversine_x_road_factor
R0726,P422,outbound,HOME_P422,H1,H1,oncology,patient_home,hospital,7.6744,7674.4,haversine_x_road_factor
R0727,P422,return,H1,HOME_P422,H1,oncology,hospital,patient_home,7.6744,7674.4,haversine_x_road_factor
R0728,P423,outbound,HOME_P423,H1,H1,dialysis,patient_home,hospital,5.84114,5841.14,haversine_x_road_factor
R0729,P424,outbound,HOME_P424,H1,H1,dialysis,patient_home,hospital,9.26486,9264.86,haversine_x_road_factor
R0730,P424,return,H1,HOME_P424,H1,dialysis,hospital,patient_home,9.26486,9264.86,haversine_x_road_factor
R0731,P425,outbound,HOME_P425,H3,H3,dialysis,patient_home,hospital,5.98488,5984.88,haversine_x_road_factor
R0732,P425,return,H3,HOME_P425,H3,dialysis,hospital,patient_home,5.98488,5984.88,haversine_x_road_factor
R0733,P426,outbound,HOME_P426,H1,H1,oncology,patient_home,hospital,7.82047,7820.47,haversine_x_road_factor
R0734,P426,return,H1,HOME_P426,H1,oncology,hospital,patient_home,7.82047,7820.47,haversine_x_road_factor
R0735,P427,outbound,HOME_P427,H1,H1,oncology,patient_home,hospital,11.89916,11899.16,haversine_x_road_factor
R0736,P427,return,H1,HOME_P427,H1,oncology,hospital,patient_home,11.89916,11899.16,haversine_x_road_factor
R0737,P428,outbound,HOME_P428,H2,H2,other,patient_home,hospital,13.96879,13968.79,haversine_x_road_factor
R0738,P428,return,H2,HOME_P428,H2,other,hospital,patient_home,13.96879,13968.79,haversine_x_road_factor
R0739,P429,outbound,HOME_P429,H2,H2,oncology,patient_home,hospital,3.91851,3918.51,haversine_x_road_factor
R0740,P429,return,H2,HOME_P429,H2,oncology,hospital,patient_home,3.91851,3918.51,haversine_x_road_factor
R0741,P430,outbound,HOME_P430,H1,H1,dialysis,patient_home,hospital,6.21785,6217.85,haversine_x_road_factor
R0742,P431,outbound,HOME_P431,H1,H1,other,patient_home,hospital,5.42042,5420.42,haversine_x_road_factor
R0743,P431,return,H1,HOME_P431,H1,other,hospital,patient_home,5.42042,5420.42,haversine_x_road_factor
R0744,P432,outbound,HOME_P432,H1,H1,oncology,patient_home,hospital,10.37897,10378.97,haversine_x_road_factor
R0745,P432,return,H1,HOME_P432,H1,oncology,hospital,patient_home,10.37897,10378.97,haversine_x_road_factor
R0746,P433,outbound,HOME_P433,H2,H2,other,patient_home,hospital,13.27048,13270.48,haversine_x_road_factor
R0747,P433,return,H2,HOME_P433,H2,other,hospital,patient_home,13.27048,13270.48,haversine_x_road_factor
R0748,P434,outbound,HOME_P434,H1,H1,other,patient_home,hospital,10.18315,10183.15,haversine_x_road_factor
R0749,P435,outbound,HOME_P435,H2,H2,other,patient_home,hospital,0.80373,803.73,haversine_x_road_factor
R0750,P435,return,H2,HOME_P435,H2,other,hospital,patient_home,0.80373,803.73,haversine_x_road_factor
R0751,P436,outbound,HOME_P436,H1,H1,other,patient_home,hospital,9.55924,9559.24,haversine_x_road_factor
R0752,P436,return,H1,HOME_P436,H1,other,hospital,patient_home,9.55924,9559.24,haversine_x_road_factor
R0753,P437,outbound,HOME_P437,H1,H1,dialysis,patient_home,hospital,5.3582,5358.2,haversine_x_road_factor
R0754,P438,outbound,HOME_P438,H3,H3,dialysis,patient_home,hospital,1.04774,1047.74,haversine_x_road_factor
R0755,P438,return,H3,HOME_P438,H3,dialysis,hospital,patient_home,1.04774,1047.74,haversine_x_road_factor
R0756,P439,outbound,HOME_P439,H2,H2,oncology,patient_home,hospital,4.2043,4204.3,haversine_x_road_factor
R0757,P440,outbound,HOME_P440,H2,H2,oncology,patient_home,hospital,3.16628,3166.28,haversine_x_road_factor
R0758,P440,return,H2,HOME_P440,H2,oncology,hospital,patient_home,3.16628,3166.28,haversine_x_road_factor
R0759,P441,outbound,HOME_P441,H2,H2,other,patient_home,hospital,13.47866,13478.66,haversine_x_road_factor
R0760,P441,return,H2,HOME_P441,H2,other,hospital,patient_home,13.47866,13478.66,haversine_x_road_factor
R0761,P442,outbound,HOME_P442,H1,H1,dialysis,patient_home,hospital,5.04923,5049.23,haversine_x_road_factor
R0762,P443,outbound,HOME_P443,H2,H2,other,patient_home,hospital,4.97761,4977.61,haversine_x_road_factor
R0763,P444,outbound,HOME_P444,H1,H1,dialysis,patient_home,hospital,5.501,5501.0,haversine_x_road_factor
R0764,P445,outbound,HOME_P445,H1,H1,dialysis,patient_home,hospital,2.58396,2583.96,haversine_x_road_factor
R0765,P446,outbound,HOME_P446,H1,H1,dialysis,patient_home,hospital,9.79168,9791.68,haversine_x_road_factor
R0766,P446,return,H1,HOME_P446,H1,dialysis,hospital,patient_home,9.79168,9791.68,haversine_x_road_factor
R0767,P447,outbound,HOME_P447,H3,H3,dialysis,patient_home,hospital,7.98465,7984.65,haversine_x_road_factor
R0768,P447,return,H3,HOME_P447,H3,dialysis,hospital,patient_home,7.98465,7984.65,haversine_x_road_factor
R0769,P448,outbound,HOME_P448,H1,H1,other,patient_home,hospital,12.53905,12539.05,haversine_x_road_factor
R0770,P449,outbound,HOME_P449,H2,H2,other,patient_home,hospital,10.29591,10295.91,haversine_x_road_factor
R0771,P449,return,H2,HOME_P449,H2,other,hospital,patient_home,10.29591,10295.91,haversine_x_road_factor
R0772,P450,outbound,HOME_P450,H2,H2,other,patient_home,hospital,13.0644,13064.4,haversine_x_road_factor
R0773,P450,return,H2,HOME_P450,H2,other,hospital,patient_home,13.0644,13064.4,haversine_x_road_factor
R0774,P451,outbound,HOME_P451,H1,H1,dialysis,patient_home,hospital,8.67055,8670.55,haversine_x_road_factor
R0775,P451,return,H1,HOME_P451,H1,dialysis,hospital,patient_home,8.67055,8670.55,haversine_x_road_factor
R0776,P452,outbound,HOME_P452,H1,H1,other,patient_home,hospital,7.28606,7286.06,haversine_x_road_factor
R0777,P453,outbound,HOME_P453,H1,H1,other,patient_home,hospital,8.7205,8720.5,haversine_x_road_factor
R0778,P453,return,H1,HOME_P453,H1,other,hospital,patient_home,8.7205,8720.5,haversine_x_road_factor
R0779,P454,outbound,HOME_P454,H1,H1,external,patient_home,hospital,18.66494,18664.94,haversine_x_road_factor
R0780,P455,outbound,HOME_P455,H1,H1,dialysis,patient_home,hospital,8.12321,8123.21,haversine_x_road_factor
R0781,P456,outbound,HOME_P456,H1,H1,oncology,patient_home,hospital,8.78921,8789.21,haversine_x_road_factor
R0782,P456,return,H1,HOME_P456,H1,oncology,hospital,patient_home,8.78921,8789.21,haversine_x_road_factor
R0783,P457,outbound,HOME_P457,H1,H1,other,patient_home,hospital,13.87049,13870.49,haversine_x_road_factor
R0784,P457,return,H1,HOME_P457,H1,other,hospital,patient_home,13.87049,13870.49,haversine_x_road_factor
R0785,P458,outbound,HOME_P458,H2,H2,other,patient_home,hospital,3.62149,3621.49,haversine_x_road_factor
R0786,P458,return,H2,HOME_P458,H2,other,hospital,patient_home,3.62149,3621.49,haversine_x_road_factor
R0787,P459,outbound,HOME_P459,H1,H1,external,patient_home,hospital,19.25302,19253.02,haversine_x_road_factor
R0788,P459,return,H1,HOME_P459,H1,external,hospital,patient_home,19.25302,19253.02,haversine_x_road_factor
R0789,P460,outbound,HOME_P460,H1,H1,dialysis,patient_home,hospital,8.94834,8948.34,haversine_x_road_factor
R0790,P460,return,H1,HOME_P460,H1,dialysis,hospital,patient_home,8.94834,8948.34,haversine_x_road_factor
R0791,P461,outbound,HOME_P461,H1,H1,other,patient_home,hospital,9.68029,9680.29,haversine_x_road_factor
R0792,P461,return,H1,HOME_P461,H1,other,hospital,patient_home,9.68029,9680.29,haversine_x_road_factor
R0793,P462,outbound,HOME_P462,H2,H2,dialysis,patient_home,hospital,8.8252,8825.2,haversine_x_road_factor
R0794,P463,outbound,HOME_P463,H3,H3,dialysis,patient_home,hospital,9.33803,9338.03,haversine_x_road_factor
R0795,P463,return,H3,HOME_P463,H3,dialysis,hospital,patient_home,9.33803,9338.03,haversine_x_road_factor
R0796,P464,outbound,HOME_P464,H2,H2,other,patient_home,hospital,14.14835,14148.35,haversine_x_road_factor
R0797,P464,return,H2,HOME_P464,H2,other,hospital,patient_home,14.14835,14148.35,haversine_x_road_factor
R0798,P465,outbound,HOME_P465,H3,H3,dialysis,patient_home,hospital,6.21599,6215.99,haversine_x_road_factor
R0799,P465,return,H3,HOME_P465,H3,dialysis,hospital,patient_home,6.21599,6215.99,haversine_x_road_factor
R0800,P466,outbound,HOME_P466,H1,H1,dialysis,patient_home,hospital,6.23449,6234.49,haversine_x_road_factor
R0801,P466,return,H1,HOME_P466,H1,dialysis,hospital,patient_home,6.23449,6234.49,haversine_x_road_factor
R0802,P467,outbound,HOME_P467,H1,H1,oncology,patient_home,hospital,11.53434,11534.34,haversine_x_road_factor
R0803,P467,return,H1,HOME_P467,H1,oncology,hospital,patient_home,11.53434,11534.34,haversine_x_road_factor
R0804,P468,outbound,HOME_P468,H2,H2,dialysis,patient_home,hospital,7.98679,7986.79,haversine_x_road_factor
R0805,P468,return,H2,HOME_P468,H2,dialysis,hospital,patient_home,7.98679,7986.79,haversine_x_road_factor
R0806,P469,outbound,HOME_P469,H1,H1,oncology,patient_home,hospital,8.10384,8103.84,haversine_x_road_factor
R0807,P469,return,H1,HOME_P469,H1,oncology,hospital,patient_home,8.10384,8103.84,haversine_x_road_factor
R0808,P470,outbound,HOME_P470,H2,H2,other,patient_home,hospital,5.36765,5367.65,haversine_x_road_factor
R0809,P470,return,H2,HOME_P470,H2,other,hospital,patient_home,5.36765,5367.65,haversine_x_road_factor
R0810,P471,outbound,HOME_P471,H1,H1,other,patient_home,hospital,8.7093,8709.3,haversine_x_road_factor
R0811,P471,return,H1,HOME_P471,H1,other,hospital,patient_home,8.7093,8709.3,haversine_x_road_factor
R0812,P472,outbound,HOME_P472,H1,H1,oncology,patient_home,hospital,12.27979,12279.79,haversine_x_road_factor
R0813,P472,return,H1,HOME_P472,H1,oncology,hospital,patient_home,12.27979,12279.79,haversine_x_road_factor
R0814,P473,outbound,HOME_P473,H1,H1,oncology,patient_home,hospital,7.98464,7984.64,haversine_x_road_factor
R0815,P473,return,H1,HOME_P473,H1,oncology,hospital,patient_home,7.98464,7984.64,haversine_x_road_factor
R0816,P474,outbound,HOME_P474,H2,H2,other,patient_home,hospital,11.16373,11163.73,haversine_x_road_factor
R0817,P474,return,H2,HOME_P474,H2,other,hospital,patient_home,11.16373,11163.73,haversine_x_road_factor
R0818,P475,outbound,HOME_P475,H1,H1,dialysis,patient_home,hospital,7.65914,7659.14,haversine_x_road_factor
R0819,P476,outbound,HOME_P476,H1,H1,dialysis,patient_home,hospital,8.44172,8441.72,haversine_x_road_factor
R0820,P476,return,H1,HOME_P476,H1,dialysis,hospital,patient_home,8.44172,8441.72,haversine_x_road_factor
R0821,P477,outbound,HOME_P477,H1,H1,other,patient_home,hospital,8.42457,8424.57,haversine_x_road_factor
R0822,P477,return,H1,HOME_P477,H1,other,hospital,patient_home,8.42457,8424.57,haversine_x_road_factor
R0823,P478,outbound,HOME_P478,H2,H2,oncology,patient_home,hospital,11.92767,11927.67,haversine_x_road_factor
R0824,P478,return,H2,HOME_P478,H2,oncology,hospital,patient_home,11.92767,11927.67,haversine_x_road_factor
R0825,P479,outbound,HOME_P479,H1,H1,other,patient_home,hospital,11.75405,11754.05,haversine_x_road_factor
R0826,P479,return,H1,HOME_P479,H1,other,hospital,patient_home,11.75405,11754.05,haversine_x_road_factor
R0827,P480,outbound,HOME_P480,H1,H1,oncology,patient_home,hospital,5.69875,5698.75,haversine_x_road_factor
R0828,P480,return,H1,HOME_P480,H1,oncology,hospital,patient_home,5.69875,5698.75,haversine_x_road_factor
R0829,P481,outbound,HOME_P481,H2,H2,other,patient_home,hospital,11.53263,11532.63,haversine_x_road_factor
R0830,P481,return,H2,HOME_P481,H2,other,hospital,patient_home,11.53263,11532.63,haversine_x_road_factor
R0831,P482,outbound,HOME_P482,H2,H2,other,patient_home,hospital,11.49277,11492.77,haversine_x_road_factor
R0832,P482,return,H2,HOME_P482,H2,other,hospital,patient_home,11.49277,11492.77,haversine_x_road_factor
R0833,P483,outbound,HOME_P483,H1,H1,other,patient_home,hospital,10.1616,10161.6,haversine_x_road_factor
R0834,P483,return,H1,HOME_P483,H1,other,hospital,patient_home,10.1616,10161.6,haversine_x_road_factor
R0835,P484,outbound,HOME_P484,H3,H3,dialysis,patient_home,hospital,9.53591,9535.91,haversine_x_road_factor
R0836,P484,return,H3,HOME_P484,H3,dialysis,hospital,patient_home,9.53591,9535.91,haversine_x_road_factor
R0837,P485,outbound,HOME_P485,H1,H1,dialysis,patient_home,hospital,9.92848,9928.48,haversine_x_road_factor
R0838,P485,return,H1,HOME_P485,H1,dialysis,hospital,patient_home,9.92848,9928.48,haversine_x_road_factor
R0839,P486,outbound,HOME_P486,H1,H1,external,patient_home,hospital,13.25998,13259.98,haversine_x_road_factor
R0840,P487,outbound,HOME_P487,H3,H3,dialysis,patient_home,hospital,9.83402,9834.02,haversine_x_road_factor
R0841,P488,outbound,HOME_P488,H3,H3,dialysis,patient_home,hospital,9.46707,9467.07,haversine_x_road_factor
R0842,P489,outbound,HOME_P489,H1,H1,dialysis,patient_home,hospital,9.9205,9920.5,haversine_x_road_factor
R0843,P490,outbound,HOME_P490,H1,H1,oncology,patient_home,hospital,2.20618,2206.18,haversine_x_road_factor
R0844,P490,return,H1,HOME_P490,H1,oncology,hospital,patient_home,2.20618,2206.18,haversine_x_road_factor
R0845,P491,outbound,HOME_P491,H1,H1,dialysis,patient_home,hospital,9.11524,9115.24,haversine_x_road_factor
R0846,P491,return,H1,HOME_P491,H1,dialysis,hospital,patient_home,9.11524,9115.24,haversine_x_road_factor
R0847,P492,outbound,HOME_P492,H1,H1,other,patient_home,hospital,12.41775,12417.75,haversine_x_road_factor
R0848,P493,outbound,HOME_P493,H2,H2,other,patient_home,hospital,14.84885,14848.85,haversine_x_road_factor
R0849,P493,return,H2,HOME_P493,H2,other,hospital,patient_home,14.84885,14848.85,haversine_x_road_factor
R0850,P494,outbound,HOME_P494,H1,H1,dialysis,patient_home,hospital,9.08415,9084.15,haversine_x_road_factor
R0851,P495,outbound,HOME_P495,H1,H1,other,patient_home,hospital,13.33076,13330.76,haversine_x_road_factor
R0852,P495,return,H1,HOME_P495,H1,other,hospital,patient_home,13.33076,13330.76,haversine_x_road_factor
R0853,P496,outbound,HOME_P496,H3,H3,dialysis,patient_home,hospital,6.08061,6080.61,haversine_x_road_factor
R0854,P497,outbound,HOME_P497,H1,H1,dialysis,patient_home,hospital,6.2608,6260.8,haversine_x_road_factor
R0855,P498,outbound,HOME_P498,H1,H1,dialysis,patient_home,hospital,5.78693,5786.93,haversine_x_road_factor
R0856,P499,outbound,HOME_P499,H1,H1,other,patient_home,hospital,8.47232,8472.32,haversine_x_road_factor
R0857,P499,return,H1,HOME_P499,H1,other,hospital,patient_home,8.47232,8472.32,haversine_x_road_factor
R0858,P500,outbound,HOME_P500,H1,H1,external,patient_home,hospital,18.97344,18973.44,haversine_x_road_factor
R0859,P500,return,H1,HOME_P500,H1,external,hospital,patient_home,18.97344,18973.44,haversine_x_road_factor
R0860,P501,outbound,HOME_P501,H1,H1,other,patient_home,hospital,13.00872,13008.72,haversine_x_road_factor
R0861,P501,return,H1,HOME_P501,H1,other,hospital,patient_home,13.00872,13008.72,haversine_x_road_factor
R0862,P502,outbound,HOME_P502,H1,H1,dialysis,patient_home,hospital,9.2698,9269.8,haversine_x_road_factor
R0863,P502,return,H1,HOME_P502,H1,dialysis,hospital,patient_home,9.2698,9269.8,haversine_x_road_factor
R0864,P503,outbound,HOME_P503,H3,H3,dialysis,patient_home,hospital,4.90683,4906.83,haversine_x_road_factor
R0865,P503,return,H3,HOME_P503,H3,dialysis,hospital,patient_home,4.90683,4906.83,haversine_x_road_factor
R0866,P504,outbound,HOME_P504,H1,H1,dialysis,patient_home,hospital,9.48531,9485.31,haversine_x_road_factor
R0867,P504,return,H1,HOME_P504,H1,dialysis,hospital,patient_home,9.48531,9485.31,haversine_x_road_factor
R0868,P505,outbound,HOME_P505,H2,H2,other,patient_home,hospital,12.84639,12846.39,haversine_x_road_factor
R0869,P505,return,H2,HOME_P505,H2,other,hospital,patient_home,12.84639,12846.39,haversine_x_road_factor
R0870,P506,outbound,HOME_P506,H1,H1,dialysis,patient_home,hospital,5.61524,5615.24,haversine_x_road_factor
R0871,P506,return,H1,HOME_P506,H1,dialysis,hospital,patient_home,5.61524,5615.24,haversine_x_road_factor
R0872,P507,outbound,HOME_P507,H2,H2,other,patient_home,hospital,9.38155,9381.55,haversine_x_road_factor
R0873,P507,return,H2,HOME_P507,H2,other,hospital,patient_home,9.38155,9381.55,haversine_x_road_factor
R0874,P508,outbound,HOME_P508,H1,H1,other,patient_home,hospital,10.71658,10716.58,haversine_x_road_factor
R0875,P508,return,H1,HOME_P508,H1,other,hospital,patient_home,10.71658,10716.58,haversine_x_road_factor
R0876,P509,outbound,HOME_P509,H3,H3,dialysis,patient_home,hospital,9.50971,9509.71,haversine_x_road_factor
R0877,P509,return,H3,HOME_P509,H3,dialysis,hospital,patient_home,9.50971,9509.71,haversine_x_road_factor
R0878,P510,outbound,HOME_P510,H1,H1,dialysis,patient_home,hospital,7.85698,7856.98,haversine_x_road_factor
R0879,P510,return,H1,HOME_P510,H1,dialysis,hospital,patient_home,7.85698,7856.98,haversine_x_road_factor
R0880,P511,outbound,HOME_P511,H1,H1,dialysis,patient_home,hospital,5.30112,5301.12,haversine_x_road_factor
R0881,P511,return,H1,HOME_P511,H1,dialysis,hospital,patient_home,5.30112,5301.12,haversine_x_road_factor
R0882,P512,outbound,HOME_P512,H1,H1,oncology,patient_home,hospital,5.21847,5218.47,haversine_x_road_factor
R0883,P512,return,H1,HOME_P512,H1,oncology,hospital,patient_home,5.21847,5218.47,haversine_x_road_factor
R0884,P513,outbound,HOME_P513,H1,H1,other,patient_home,hospital,14.72889,14728.89,haversine_x_road_factor
R0885,P513,return,H1,HOME_P513,H1,other,hospital,patient_home,14.72889,14728.89,haversine_x_road_factor
R0886,P514,outbound,HOME_P514,H1,H1,oncology,patient_home,hospital,5.10383,5103.83,haversine_x_road_factor
R0887,P514,return,H1,HOME_P514,H1,oncology,hospital,patient_home,5.10383,5103.83,haversine_x_road_factor
R0888,P515,outbound,HOME_P515,H1,H1,dialysis,patient_home,hospital,7.56297,7562.97,haversine_x_road_factor
R0889,P515,return,H1,HOME_P515,H1,dialysis,hospital,patient_home,7.56297,7562.97,haversine_x_road_factor
R0890,P516,outbound,HOME_P516,H2,H2,other,patient_home,hospital,9.48394,9483.94,haversine_x_road_factor
R0891,P517,outbound,HOME_P517,H1,H1,dialysis,patient_home,hospital,0.65936,659.36,haversine_x_road_factor
R0892,P517,return,H1,HOME_P517,H1,dialysis,hospital,patient_home,0.65936,659.36,haversine_x_road_factor
R0893,P518,outbound,HOME_P518,H2,H2,dialysis,patient_home,hospital,7.29236,7292.36,haversine_x_road_factor
R0894,P518,return,H2,HOME_P518,H2,dialysis,hospital,patient_home,7.29236,7292.36,haversine_x_road_factor
R0895,P519,outbound,HOME_P519,H1,H1,dialysis,patient_home,hospital,6.00246,6002.46,haversine_x_road_factor
R0896,P520,outbound,HOME_P520,H3,H3,dialysis,patient_home,hospital,6.10205,6102.05,haversine_x_road_factor
R0897,P521,outbound,HOME_P521,H1,H1,oncology,patient_home,hospital,3.50094,3500.94,haversine_x_road_factor
R0898,P521,return,H1,HOME_P521,H1,oncology,hospital,patient_home,3.50094,3500.94,haversine_x_road_factor
R0899,P522,outbound,HOME_P522,H1,H1,other,patient_home,hospital,11.97283,11972.83,haversine_x_road_factor
R0900,P522,return,H1,HOME_P522,H1,other,hospital,patient_home,11.97283,11972.83,haversine_x_road_factor
R0901,P523,outbound,HOME_P523,H1,H1,dialysis,patient_home,hospital,9.96459,9964.59,haversine_x_road_factor
R0902,P523,return,H1,HOME_P523,H1,dialysis,hospital,patient_home,9.96459,9964.59,haversine_x_road_factor
R0903,P524,outbound,HOME_P524,H2,H2,other,patient_home,hospital,12.44289,12442.89,haversine_x_road_factor
R0904,P524,return,H2,HOME_P524,H2,other,hospital,patient_home,12.44289,12442.89,haversine_x_road_factor
R0905,P525,outbound,HOME_P525,H1,H1,external,patient_home,hospital,2.79666,2796.66,haversine_x_road_factor
R0906,P526,outbound,HOME_P526,H1,H1,dialysis,patient_home,hospital,9.86838,9868.38,haversine_x_road_factor
R0907,P527,outbound,HOME_P527,H2,H2,oncology,patient_home,hospital,9.94358,9943.58,haversine_x_road_factor
R0908,P528,outbound,HOME_P528,H3,H3,dialysis,patient_home,hospital,8.75916,8759.16,haversine_x_road_factor
R0909,P528,return,H3,HOME_P528,H3,dialysis,hospital,patient_home,8.75916,8759.16,haversine_x_road_factor
R0910,P529,outbound,HOME_P529,H3,H3,dialysis,patient_home,hospital,5.42854,5428.54,haversine_x_road_factor
R0911,P530,outbound,HOME_P530,H1,H1,oncology,patient_home,hospital,8.14109,8141.09,haversine_x_road_factor
R0912,P530,return,H1,HOME_P530,H1,oncology,hospital,patient_home,8.14109,8141.09,haversine_x_road_factor
R0913,P531,outbound,HOME_P531,H2,H2,other,patient_home,hospital,11.8492,11849.2,haversine_x_road_factor
R0914,P531,return,H2,HOME_P531,H2,other,hospital,patient_home,11.8492,11849.2,haversine_x_road_factor
R0915,P532,outbound,HOME_P532,H2,H2,oncology,patient_home,hospital,6.43257,6432.57,haversine_x_road_factor
R0916,P533,outbound,HOME_P533,H1,H1,dialysis,patient_home,hospital,7.92379,7923.79,haversine_x_road_factor
R0917,P534,outbound,HOME_P534,H1,H1,other,patient_home,hospital,9.25325,9253.25,haversine_x_road_factor
R0918,P535,outbound,HOME_P535,H2,H2,oncology,patient_home,hospital,12.5013,12501.3,haversine_x_road_factor
R0919,P535,return,H2,HOME_P535,H2,oncology,hospital,patient_home,12.5013,12501.3,haversine_x_road_factor
R0920,P536,outbound,HOME_P536,H2,H2,other,patient_home,hospital,10.7703,10770.3,haversine_x_road_factor
R0921,P536,return,H2,HOME_P536,H2,other,hospital,patient_home,10.7703,10770.3,haversine_x_road_factor
R0922,P537,outbound,HOME_P537,H1,H1,other,patient_home,hospital,12.03586,12035.86,haversine_x_road_factor
R0923,P537,return,H1,HOME_P537,H1,other,hospital,patient_home,12.03586,12035.86,haversine_x_road_factor
R0924,P538,outbound,HOME_P538,H2,H2,other,patient_home,hospital,11.83589,11835.89,haversine_x_road_factor
R0925,P538,return,H2,HOME_P538,H2,other,hospital,patient_home,11.83589,11835.89,haversine_x_road_factor
R0926,P539,outbound,HOME_P539,H1,H1,dialysis,patient_home,hospital,8.05746,8057.46,haversine_x_road_factor
R0927,P539,return,H1,HOME_P539,H1,dialysis,hospital,patient_home,8.05746,8057.46,haversine_x_road_factor
R0928,P540,outbound,HOME_P540,H3,H3,dialysis,patient_home,hospital,7.68144,7681.44,haversine_x_road_factor
R0929,P541,outbound,HOME_P541,H1,H1,oncology,patient_home,hospital,10.73012,10730.12,haversine_x_road_factor
R0930,P541,return,H1,HOME_P541,H1,oncology,hospital,patient_home,10.73012,10730.12,haversine_x_road_factor
R0931,P542,outbound,HOME_P542,H2,H2,dialysis,patient_home,hospital,5.16501,5165.01,haversine_x_road_factor
R0932,P543,outbound,HOME_P543,H3,H3,dialysis,patient_home,hospital,8.64869,8648.69,haversine_x_road_factor
R0933,P543,return,H3,HOME_P543,H3,dialysis,hospital,patient_home,8.64869,8648.69,haversine_x_road_factor
R0934,P544,outbound,HOME_P544,H2,H2,oncology,patient_home,hospital,12.22415,12224.15,haversine_x_road_factor
R0935,P545,outbound,HOME_P545,H1,H1,external,patient_home,hospital,10.49742,10497.42,haversine_x_road_factor
R0936,P546,outbound,HOME_P546,H1,H1,dialysis,patient_home,hospital,9.87292,9872.92,haversine_x_road_factor
R0937,P546,return,H1,HOME_P546,H1,dialysis,hospital,patient_home,9.87292,9872.92,haversine_x_road_factor
R0938,P547,outbound,HOME_P547,H2,H2,other,patient_home,hospital,8.54183,8541.83,haversine_x_road_factor
R0939,P547,return,H2,HOME_P547,H2,other,hospital,patient_home,8.54183,8541.83,haversine_x_road_factor
R0940,P548,outbound,HOME_P548,H1,H1,dialysis,patient_home,hospital,7.94946,7949.46,haversine_x_road_factor
R0941,P548,return,H1,HOME_P548,H1,dialysis,hospital,patient_home,7.94946,7949.46,haversine_x_road_factor
R0942,P549,outbound,HOME_P549,H1,H1,dialysis,patient_home,hospital,9.05962,9059.62,haversine_x_road_factor
R0943,P549,return,H1,HOME_P549,H1,dialysis,hospital,patient_home,9.05962,9059.62,haversine_x_road_factor
R0944,P550,outbound,HOME_P550,H2,H2,dialysis,patient_home,hospital,4.16549,4165.49,haversine_x_road_factor
R0945,P551,outbound,HOME_P551,H1,H1,other,patient_home,hospital,14.69578,14695.78,haversine_x_road_factor
R0946,P551,return,H1,HOME_P551,H1,other,hospital,patient_home,14.69578,14695.78,haversine_x_road_factor
R0947,P552,outbound,HOME_P552,H1,H1,dialysis,patient_home,hospital,4.72451,4724.51,haversine_x_road_factor
R0948,P552,return,H1,HOME_P552,H1,dialysis,hospital,patient_home,4.72451,4724.51,haversine_x_road_factor
R0949,P553,outbound,HOME_P553,H1,H1,oncology,patient_home,hospital,11.56134,11561.34,haversine_x_road_factor
R0950,P553,return,H1,HOME_P553,H1,oncology,hospital,patient_home,11.56134,11561.34,haversine_x_road_factor
R0951,P554,outbound,HOME_P554,H1,H1,external,patient_home,hospital,5.95751,5957.51,haversine_x_road_factor
R0952,P554,return,H1,HOME_P554,H1,external,hospital,patient_home,5.95751,5957.51,haversine_x_road_factor
R0953,P555,outbound,HOME_P555,H1,H1,other,patient_home,hospital,9.28219,9282.19,haversine_x_road_factor
R0954,P556,outbound,HOME_P556,H3,H3,dialysis,patient_home,hospital,9.60007,9600.07,haversine_x_road_factor
R0955,P556,return,H3,HOME_P556,H3,dialysis,hospital,patient_home,9.60007,9600.07,haversine_x_road_factor
R0956,P557,outbound,HOME_P557,H2,H2,dialysis,patient_home,hospital,8.21859,8218.59,haversine_x_road_factor
R0957,P558,outbound,HOME_P558,H2,H2,oncology,patient_home,hospital,4.97225,4972.25,haversine_x_road_factor
R0958,P558,return,H2,HOME_P558,H2,oncology,hospital,patient_home,4.97225,4972.25,haversine_x_road_factor
R0959,P559,outbound,HOME_P559,H1,H1,other,patient_home,hospital,9.8632,9863.2,haversine_x_road_factor
R0960,P559,return,H1,HOME_P559,H1,other,hospital,patient_home,9.8632,9863.2,haversine_x_road_factor
R0961,P560,outbound,HOME_P560,H2,H2,dialysis,patient_home,hospital,4.52543,4525.43,haversine_x_road_factor
R0962,P561,outbound,HOME_P561,H1,H1,dialysis,patient_home,hospital,8.92885,8928.85,haversine_x_road_factor
R0963,P562,outbound,HOME_P562,H1,H1,oncology,patient_home,hospital,11.67841,11678.41,haversine_x_road_factor
R0964,P562,return,H1,HOME_P562,H1,oncology,hospital,patient_home,11.67841,11678.41,haversine_x_road_factor
R0965,P563,outbound,HOME_P563,H1,H1,oncology,patient_home,hospital,9.92892,9928.92,haversine_x_road_factor
R0966,P563,return,H1,HOME_P563,H1,oncology,hospital,patient_home,9.92892,9928.92,haversine_x_road_factor
R0967,P564,outbound,HOME_P564,H2,H2,other,patient_home,hospital,10.20893,10208.93,haversine_x_road_factor
R0968,P564,return,H2,HOME_P564,H2,other,hospital,patient_home,10.20893,10208.93,haversine_x_road_factor
R0969,P565,outbound,HOME_P565,H1,H1,oncology,patient_home,hospital,11.81281,11812.81,haversine_x_road_factor
R0970,P565,return,H1,HOME_P565,H1,oncology,hospital,patient_home,11.81281,11812.81,haversine_x_road_factor
R0971,P566,outbound,HOME_P566,H1,H1,other,patient_home,hospital,5.58555,5585.55,haversine_x_road_factor
R0972,P566,return,H1,HOME_P566,H1,other,hospital,patient_home,5.58555,5585.55,haversine_x_road_factor
R0973,P567,outbound,HOME_P567,H1,H1,dialysis,patient_home,hospital,4.51552,4515.52,haversine_x_road_factor
R0974,P567,return,H1,HOME_P567,H1,dialysis,hospital,patient_home,4.51552,4515.52,haversine_x_road_factor
R0975,P568,outbound,HOME_P568,H2,H2,other,patient_home,hospital,4.96677,4966.77,haversine_x_road_factor
R0976,P569,outbound,HOME_P569,H1,H1,oncology,patient_home,hospital,3.3105,3310.5,haversine_x_road_factor
R0977,P569,return,H1,HOME_P569,H1,oncology,hospital,patient_home,3.3105,3310.5,haversine_x_road_factor
R0978,P570,outbound,HOME_P570,H1,H1,other,patient_home,hospital,14.97545,14975.45,haversine_x_road_factor
R0979,P570,return,H1,HOME_P570,H1,other,hospital,patient_home,14.97545,14975.45,haversine_x_road_factor
R0980,P571,outbound,HOME_P571,H3,H3,dialysis,patient_home,hospital,2.04047,2040.47,haversine_x_road_factor
R0981,P572,outbound,HOME_P572,H3,H3,dialysis,patient_home,hospital,7.91498,7914.98,haversine_x_road_factor
R0982,P572,return,H3,HOME_P572,H3,dialysis,hospital,patient_home,7.91498,7914.98,haversine_x_road_factor
R0983,P573,outbound,HOME_P573,H1,H1,other,patient_home,hospital,12.7485,12748.5,haversine_x_road_factor
R0984,P574,outbound,HOME_P574,H1,H1,dialysis,patient_home,hospital,2.70334,2703.34,haversine_x_road_factor
R0985,P574,return,H1,HOME_P574,H1,dialysis,hospital,patient_home,2.70334,2703.34,haversine_x_road_factor
R0986,P575,outbound,HOME_P575,H1,H1,dialysis,patient_home,hospital,9.59626,9596.26,haversine_x_road_factor
R0987,P575,return,H1,HOME_P575,H1,dialysis,hospital,patient_home,9.59626,9596.26,haversine_x_road_factor
R0988,P576,outbound,HOME_P576,H2,H2,other,patient_home,hospital,9.26057,9260.57,haversine_x_road_factor
R0989,P576,return,H2,HOME_P576,H2,other,hospital,patient_home,9.26057,9260.57,haversine_x_road_factor
R0990,P577,outbound,HOME_P577,H2,H2,other,patient_home,hospital,14.73051,14730.51,haversine_x_road_factor
R0991,P577,return,H2,HOME_P577,H2,other,hospital,patient_home,14.73051,14730.51,haversine_x_road_factor
R0992,P578,outbound,HOME_P578,H1,H1,dialysis,patient_home,hospital,8.9087,8908.7,haversine_x_road_factor
R0993,P578,return,H1,HOME_P578,H1,dialysis,hospital,patient_home,8.9087,8908.7,haversine_x_road_factor
R0994,P579,outbound,HOME_P579,H2,H2,dialysis,patient_home,hospital,7.27597,7275.97,haversine_x_road_factor
R0995,P579,return,H2,HOME_P579,H2,dialysis,hospital,patient_home,7.27597,7275.97,haversine_x_road_factor
R0996,P580,outbound,HOME_P580,H1,H1,oncology,patient_home,hospital,11.65538,11655.38,haversine_x_road_factor
R0997,P580,return,H1,HOME_P580,H1,oncology,hospital,patient_home,11.65538,11655.38,haversine_x_road_factor
R0998,P581,outbound,HOME_P581,H2,H2,other,patient_home,hospital,14.16886,14168.86,haversine_x_road_factor
R0999,P582,outbound,HOME_P582,H2,H2,other,patient_home,hospital,4.10012,4100.12,haversine_x_road_factor
R1000,P582,return,H2,HOME_P582,H2,other,hospital,patient_home,4.10012,4100.12,haversine_x_road_factor
R1001,P583,outbound,HOME_P583,H1,H1,external,patient_home,hospital,7.48077,7480.77,haversine_x_road_factor
R1002,P583,return,H1,HOME_P583,H1,external,hospital,patient_home,7.48077,7480.77,haversine_x_road_factor
R1003,P584,outbound,HOME_P584,H1,H1,other,patient_home,hospital,6.76987,6769.87,haversine_x_road_factor
R1004,P584,return,H1,HOME_P584,H1,other,hospital,patient_home,6.76987,6769.87,haversine_x_road_factor
R1005,P585,outbound,HOME_P585,H1,H1,dialysis,patient_home,hospital,8.26045,8260.45,haversine_x_road_factor
R1006,P585,return,H1,HOME_P585,H1,dialysis,hospital,patient_home,8.26045,8260.45,haversine_x_road_factor
R1007,P586,outbound,HOME_P586,H3,H3,dialysis,patient_home,hospital,8.23909,8239.09,haversine_x_road_factor
R1008,P587,outbound,HOME_P587,H2,H2,dialysis,patient_home,hospital,5.51345,5513.45,haversine_x_road_factor
R1009,P588,outbound,HOME_P588,H1,H1,dialysis,patient_home,hospital,7.38093,7380.93,haversine_x_road_factor
R1010,P588,return,H1,HOME_P588,H1,dialysis,hospital,patient_home,7.38093,7380.93,haversine_x_road_factor
R1011,P589,outbound,HOME_P589,H1,H1,other,patient_home,hospital,9.70049,9700.49,haversine_x_road_factor
R1012,P589,return,H1,HOME_P589,H1,other,hospital,patient_home,9.70049,9700.49,haversine_x_road_factor
R1013,P590,outbound,HOME_P590,H1,H1,dialysis,patient_home,hospital,6.31725,6317.25,haversine_x_road_factor
R1014,P591,outbound,HOME_P591,H1,H1,oncology,patient_home,hospital,10.73517,10735.17,haversine_x_road_factor
R1015,P591,return,H1,HOME_P591,H1,oncology,hospital,patient_home,10.73517,10735.17,haversine_x_road_factor
R1016,P592,outbound,HOME_P592,H1,H1,dialysis,patient_home,hospital,4.87302,4873.02,haversine_x_road_factor
R1017,P593,outbound,HOME_P593,H2,H2,dialysis,patient_home,hospital,9.45337,9453.37,haversine_x_road_factor
R1018,P594,outbound,HOME_P594,H3,H3,dialysis,patient_home,hospital,8.4218,8421.8,haversine_x_road_factor
R1019,P594,return,H3,HOME_P594,H3,dialysis,hospital,patient_home,8.4218,8421.8,haversine_x_road_factor
R1020,P595,outbound,HOME_P595,H1,H1,dialysis,patient_home,hospital,5.59194,5591.94,haversine_x_road_factor
R1021,P596,outbound,HOME_P596,H1,H1,external,patient_home,hospital,10.83819,10838.19,haversine_x_road_factor
R1022,P596,return,H1,HOME_P596,H1,external,hospital,patient_home,10.83819,10838.19,haversine_x_road_factor
R1023,P597,outbound,HOME_P597,H2,H2,dialysis,patient_home,hospital,9.68014,9680.14,haversine_x_road_factor
R1024,P597,return,H2,HOME_P597,H2,dialysis,hospital,patient_home,9.68014,9680.14,haversine_x_road_factor
R1025,P598,outbound,HOME_P598,H1,H1,dialysis,patient_home,hospital,7.10418,7104.18,haversine_x_road_factor
R1026,P599,outbound,HOME_P599,H1,H1,dialysis,patient_home,hospital,5.78095,5780.95,haversine_x_road_factor
R1027,P599,return,H1,HOME_P599,H1,dialysis,hospital,patient_home,5.78095,5780.95,haversine_x_road_factor
R1028,P600,outbound,HOME_P600,H2,H2,dialysis,patient_home,hospital,9.84262,9842.62,haversine_x_road_factor
R1029,P601,outbound,HOME_P601,H1,H1,other,patient_home,hospital,14.13992,14139.92,haversine_x_road_factor
R1030,P601,return,H1,HOME_P601,H1,other,hospital,patient_home,14.13992,14139.92,haversine_x_road_factor
R1031,P602,outbound,HOME_P602,H1,H1,oncology,patient_home,hospital,6.23919,6239.19,haversine_x_road_factor
R1032,P602,return,H1,HOME_P602,H1,oncology,hospital,patient_home,6.23919,6239.19,haversine_x_road_factor
R1033,P603,outbound,HOME_P603,H3,H3,dialysis,patient_home,hospital,9.24122,9241.22,haversine_x_road_factor
R1034,P604,outbound,HOME_P604,H1,H1,oncology,patient_home,hospital,9.70121,9701.21,haversine_x_road_factor
R1035,P604,return,H1,HOME_P604,H1,oncology,hospital,patient_home,9.70121,9701.21,haversine_x_road_factor
R1036,P605,outbound,HOME_P605,H1,H1,other,patient_home,hospital,7.10394,7103.94,haversine_x_road_factor
R1037,P605,return,H1,HOME_P605,H1,other,hospital,patient_home,7.10394,7103.94,haversine_x_road_factor
R1038,P606,outbound,HOME_P606,H1,H1,external,patient_home,hospital,22.14362,22143.62,haversine_x_road_factor
R1039,P606,return,H1,HOME_P606,H1,external,hospital,patient_home,22.14362,22143.62,haversine_x_road_factor
R1040,P607,outbound,HOME_P607,H2,H2,dialysis,patient_home,hospital,8.81746,8817.46,haversine_x_road_factor
R1041,P607,return,H2,HOME_P607,H2,dialysis,hospital,patient_home,8.81746,8817.46,haversine_x_road_factor
R1042,P608,outbound,HOME_P608,H1,H1,oncology,patient_home,hospital,10.91976,10919.76,haversine_x_road_factor
R1043,P609,outbound,HOME_P609,H1,H1,other,patient_home,hospital,10.89199,10891.99,haversine_x_road_factor
R1044,P609,return,H1,HOME_P609,H1,other,hospital,patient_home,10.89199,10891.99,haversine_x_road_factor
R1045,P610,outbound,HOME_P610,H2,H2,other,patient_home,hospital,14.40283,14402.83,haversine_x_road_factor
R1046,P611,outbound,HOME_P611,H1,H1,oncology,patient_home,hospital,7.44519,7445.19,haversine_x_road_factor
R1047,P611,return,H1,HOME_P611,H1,oncology,hospital,patient_home,7.44519,7445.19,haversine_x_road_factor
R1048,P612,outbound,HOME_P612,H1,H1,external,patient_home,hospital,11.85051,11850.51,haversine_x_road_factor
R1049,P612,return,H1,HOME_P612,H1,external,hospital,patient_home,11.85051,11850.51,haversine_x_road_factor
R1050,P613,outbound,HOME_P613,H2,H2,dialysis,patient_home,hospital,4.75663,4756.63,haversine_x_road_factor
R1051,P614,outbound,HOME_P614,H1,H1,oncology,patient_home,hospital,4.08838,4088.38,haversine_x_road_factor
R1052,P614,return,H1,HOME_P614,H1,oncology,hospital,patient_home,4.08838,4088.38,haversine_x_road_factor
R1053,P615,outbound,HOME_P615,H1,H1,oncology,patient_home,hospital,2.55403,2554.03,haversine_x_road_factor
R1054,P615,return,H1,HOME_P615,H1,oncology,hospital,patient_home,2.55403,2554.03,haversine_x_road_factor
R1055,P616,outbound,HOME_P616,H1,H1,external,patient_home,hospital,19.32651,19326.51,haversine_x_road_factor
R1056,P617,outbound,HOME_P617,H1,H1,dialysis,patient_home,hospital,5.18092,5180.92,haversine_x_road_factor
R1057,P617,return,H1,HOME_P617,H1,dialysis,hospital,patient_home,5.18092,5180.92,haversine_x_road_factor
R1058,P618,outbound,HOME_P618,H3,H3,dialysis,patient_home,hospital,6.14496,6144.96,haversine_x_road_factor
R1059,P618,return,H3,HOME_P618,H3,dialysis,hospital,patient_home,6.14496,6144.96,haversine_x_road_factor
R1060,P619,outbound,HOME_P619,H3,H3,dialysis,patient_home,hospital,2.67378,2673.78,haversine_x_road_factor
R1061,P619,return,H3,HOME_P619,H3,dialysis,hospital,patient_home,2.67378,2673.78,haversine_x_road_factor
R1062,P620,outbound,HOME_P620,H2,H2,dialysis,patient_home,hospital,7.44365,7443.65,haversine_x_road_factor
R1063,P620,return,H2,HOME_P620,H2,dialysis,hospital,patient_home,7.44365,7443.65,haversine_x_road_factor
R1064,P621,outbound,HOME_P621,H1,H1,dialysis,patient_home,hospital,4.67332,4673.32,haversine_x_road_factor
R1065,P621,return,H1,HOME_P621,H1,dialysis,hospital,patient_home,4.67332,4673.32,haversine_x_road_factor
R1066,P622,outbound,HOME_P622,H1,H1,external,patient_home,hospital,8.2944,8294.4,haversine_x_road_factor
R1067,P622,return,H1,HOME_P622,H1,external,hospital,patient_home,8.2944,8294.4,haversine_x_road_factor
R1068,P623,outbound,HOME_P623,H2,H2,dialysis,patient_home,hospital,9.51503,9515.03,haversine_x_road_factor
R1069,P624,outbound,HOME_P624,H2,H2,dialysis,patient_home,hospital,8.30637,8306.37,haversine_x_road_factor
R1070,P625,outbound,HOME_P625,H1,H1,dialysis,patient_home,hospital,4.03481,4034.81,haversine_x_road_factor
R1071,P625,return,H1,HOME_P625,H1,dialysis,hospital,patient_home,4.03481,4034.81,haversine_x_road_factor
R1072,P626,outbound,HOME_P626,H1,H1,oncology,patient_home,hospital,8.40037,8400.37,haversine_x_road_factor
R1073,P626,return,H1,HOME_P626,H1,oncology,hospital,patient_home,8.40037,8400.37,haversine_x_road_factor
R1074,P627,outbound,HOME_P627,H1,H1,dialysis,patient_home,hospital,6.07862,6078.62,haversine_x_road_factor
R1075,P627,return,H1,HOME_P627,H1,dialysis,hospital,patient_home,6.07862,6078.62,haversine_x_road_factor
R1076,P628,outbound,HOME_P628,H1,H1,other,patient_home,hospital,9.54958,9549.58,haversine_x_road_factor
R1077,P628,return,H1,HOME_P628,H1,other,hospital,patient_home,9.54958,9549.58,haversine_x_road_factor
R1078,P629,outbound,HOME_P629,H2,H2,oncology,patient_home,hospital,9.51247,9512.47,haversine_x_road_factor
R1079,P629,return,H2,HOME_P629,H2,oncology,hospital,patient_home,9.51247,9512.47,haversine_x_road_factor
R1080,P630,outbound,HOME_P630,H1,H1,dialysis,patient_home,hospital,7.68161,7681.61,haversine_x_road_factor
R1081,P631,outbound,HOME_P631,H1,H1,dialysis,patient_home,hospital,3.77587,3775.87,haversine_x_road_factor
R1082,P631,return,H1,HOME_P631,H1,dialysis,hospital,patient_home,3.77587,3775.87,haversine_x_road_factor
R1083,P632,outbound,HOME_P632,H1,H1,oncology,patient_home,hospital,4.60506,4605.06,haversine_x_road_factor
R1084,P632,return,H1,HOME_P632,H1,oncology,hospital,patient_home,4.60506,4605.06,haversine_x_road_factor
R1085,P633,outbound,HOME_P633,H1,H1,dialysis,patient_home,hospital,6.16141,6161.41,haversine_x_road_factor
R1086,P634,outbound,HOME_P634,H1,H1,dialysis,patient_home,hospital,7.35498,7354.98,haversine_x_road_factor
R1087,P635,outbound,HOME_P635,H1,H1,other,patient_home,hospital,9.43421,9434.21,haversine_x_road_factor
R1088,P635,return,H1,HOME_P635,H1,other,hospital,patient_home,9.43421,9434.21,haversine_x_road_factor
R1089,P636,outbound,HOME_P636,H3,H3,dialysis,patient_home,hospital,9.56136,9561.36,haversine_x_road_factor
R1090,P637,outbound,HOME_P637,H1,H1,external,patient_home,hospital,12.20871,12208.71,haversine_x_road_factor
R1091,P637,return,H1,HOME_P637,H1,external,hospital,patient_home,12.20871,12208.71,haversine_x_road_factor
R1092,P638,outbound,HOME_P638,H1,H1,other,patient_home,hospital,8.5915,8591.5,haversine_x_road_factor
R1093,P638,return,H1,HOME_P638,H1,other,hospital,patient_home,8.5915,8591.5,haversine_x_road_factor
R1094,P639,outbound,HOME_P639,H1,H1,external,patient_home,hospital,20.51719,20517.19,haversine_x_road_factor
R1095,P640,outbound,HOME_P640,H3,H3,dialysis,patient_home,hospital,5.00573,5005.73,haversine_x_road_factor
R1096,P641,outbound,HOME_P641,H2,H2,dialysis,patient_home,hospital,7.42489,7424.89,haversine_x_road_factor
R1097,P641,return,H2,HOME_P641,H2,dialysis,hospital,patient_home,7.42489,7424.89,haversine_x_road_factor
R1098,P642,outbound,HOME_P642,H1,H1,other,patient_home,hospital,1.70898,1708.98,haversine_x_road_factor
R1099,P642,return,H1,HOME_P642,H1,other,hospital,patient_home,1.70898,1708.98,haversine_x_road_factor
R1100,P643,outbound,HOME_P643,H1,H1,oncology,patient_home,hospital,10.495,10495.0,haversine_x_road_factor
R1101,P643,return,H1,HOME_P643,H1,oncology,hospital,patient_home,10.495,10495.0,haversine_x_road_factor
R1102,P644,outbound,HOME_P644,H1,H1,dialysis,patient_home,hospital,9.92564,9925.64,haversine_x_road_factor
R1103,P645,outbound,HOME_P645,H2,H2,dialysis,patient_home,hospital,4.98037,4980.37,haversine_x_road_factor
R1104,P646,outbound,HOME_P646,H1,H1,dialysis,patient_home,hospital,7.20773,7207.73,haversine_x_road_factor
R1105,P647,outbound,HOME_P647,H1,H1,other,patient_home,hospital,12.36982,12369.82,haversine_x_road_factor
R1106,P647,return,H1,HOME_P647,H1,other,hospital,patient_home,12.36982,12369.82,haversine_x_road_factor
R1107,P648,outbound,HOME_P648,H1,H1,oncology,patient_home,hospital,4.96123,4961.23,haversine_x_road_factor
R1108,P648,return,H1,HOME_P648,H1,oncology,hospital,patient_home,4.96123,4961.23,haversine_x_road_factor
R1109,P649,outbound,HOME_P649,H3,H3,dialysis,patient_home,hospital,1.75091,1750.91,haversine_x_road_factor
R1110,P650,outbound,HOME_P650,H3,H3,dialysis,patient_home,hospital,5.3199,5319.9,haversine_x_road_factor
R1111,P650,return,H3,HOME_P650,H3,dialysis,hospital,patient_home,5.3199,5319.9,haversine_x_road_factor
R1112,P651,outbound,HOME_P651,H3,H3,dialysis,patient_home,hospital,2.60971,2609.71,haversine_x_road_factor
R1113,P651,return,H3,HOME_P651,H3,dialysis,hospital,patient_home,2.60971,2609.71,haversine_x_road_factor
R1114,P652,outbound,HOME_P652,H2,H2,other,patient_home,hospital,5.27904,5279.04,haversine_x_road_factor
R1115,P652,return,H2,HOME_P652,H2,other,hospital,patient_home,5.27904,5279.04,haversine_x_road_factor
R1116,P653,outbound,HOME_P653,H1,H1,other,patient_home,hospital,5.51243,5512.43,haversine_x_road_factor
R1117,P654,outbound,HOME_P654,H2,H2,other,patient_home,hospital,12.1377,12137.7,haversine_x_road_factor
R1118,P654,return,H2,HOME_P654,H2,other,hospital,patient_home,12.1377,12137.7,haversine_x_road_factor
R1119,P655,outbound,HOME_P655,H1,H1,other,patient_home,hospital,7.52705,7527.05,haversine_x_road_factor
R1120,P655,return,H1,HOME_P655,H1,other,hospital,patient_home,7.52705,7527.05,haversine_x_road_factor
R1121,P656,outbound,HOME_P656,H1,H1,external,patient_home,hospital,11.18837,11188.37,haversine_x_road_factor
R1122,P657,outbound,HOME_P657,H2,H2,dialysis,patient_home,hospital,2.38726,2387.26,haversine_x_road_factor
R1123,P657,return,H2,HOME_P657,H2,dialysis,hospital,patient_home,2.38726,2387.26,haversine_x_road_factor
R1124,P658,outbound,HOME_P658,H2,H2,other,patient_home,hospital,13.33961,13339.61,haversine_x_road_factor
R1125,P658,return,H2,HOME_P658,H2,other,hospital,patient_home,13.33961,13339.61,haversine_x_road_factor
R1126,P659,outbound,HOME_P659,H1,H1,other,patient_home,hospital,12.05556,12055.56,haversine_x_road_factor
R1127,P659,return,H1,HOME_P659,H1,other,hospital,patient_home,12.05556,12055.56,haversine_x_road_factor
R1128,P660,outbound,HOME_P660,H2,H2,dialysis,patient_home,hospital,3.86207,3862.07,haversine_x_road_factor
R1129,P660,return,H2,HOME_P660,H2,dialysis,hospital,patient_home,3.86207,3862.07,haversine_x_road_factor
R1130,P661,outbound,HOME_P661,H2,H2,other,patient_home,hospital,7.59474,7594.74,haversine_x_road_factor
R1131,P661,return,H2,HOME_P661,H2,other,hospital,patient_home,7.59474,7594.74,haversine_x_road_factor
R1132,P662,outbound,HOME_P662,H2,H2,dialysis,patient_home,hospital,8.65726,8657.26,haversine_x_road_factor
R1133,P662,return,H2,HOME_P662,H2,dialysis,hospital,patient_home,8.65726,8657.26,haversine_x_road_factor
R1134,P663,outbound,HOME_P663,H2,H2,oncology,patient_home,hospital,8.51212,8512.12,haversine_x_road_factor
R1135,P664,outbound,HOME_P664,H1,H1,other,patient_home,hospital,13.73231,13732.31,haversine_x_road_factor
R1136,P664,return,H1,HOME_P664,H1,other,hospital,patient_home,13.73231,13732.31,haversine_x_road_factor
R1137,P665,outbound,HOME_P665,H1,H1,dialysis,patient_home,hospital,7.57118,7571.18,haversine_x_road_factor
R1138,P666,outbound,HOME_P666,H2,H2,dialysis,patient_home,hospital,7.76641,7766.41,haversine_x_road_factor
R1139,P666,return,H2,HOME_P666,H2,dialysis,hospital,patient_home,7.76641,7766.41,haversine_x_road_factor
R1140,P667,outbound,HOME_P667,H2,H2,dialysis,patient_home,hospital,5.91469,5914.69,haversine_x_road_factor
R1141,P668,outbound,HOME_P668,H1,H1,oncology,patient_home,hospital,6.09541,6095.41,haversine_x_road_factor
R1142,P668,return,H1,HOME_P668,H1,oncology,hospital,patient_home,6.09541,6095.41,haversine_x_road_factor
R1143,P669,outbound,HOME_P669,H1,H1,dialysis,patient_home,hospital,9.40388,9403.88,haversine_x_road_factor
R1144,P670,outbound,HOME_P670,H2,H2,other,patient_home,hospital,5.02902,5029.02,haversine_x_road_factor
R1145,P670,return,H2,HOME_P670,H2,other,hospital,patient_home,5.02902,5029.02,haversine_x_road_factor
R1146,P671,outbound,HOME_P671,H2,H2,dialysis,patient_home,hospital,5.97567,5975.67,haversine_x_road_factor
R1147,P671,return,H2,HOME_P671,H2,dialysis,hospital,patient_home,5.97567,5975.67,haversine_x_road_factor
R1148,P672,outbound,HOME_P672,H3,H3,dialysis,patient_home,hospital,2.11451,2114.51,haversine_x_road_factor
R1149,P672,return,H3,HOME_P672,H3,dialysis,hospital,patient_home,2.11451,2114.51,haversine_x_road_factor
R1150,P673,outbound,HOME_P673,H2,H2,oncology,patient_home,hospital,4.87206,4872.06,haversine_x_road_factor
R1151,P673,return,H2,HOME_P673,H2,oncology,hospital,patient_home,4.87206,4872.06,haversine_x_road_factor
R1152,P674,outbound,HOME_P674,H2,H2,dialysis,patient_home,hospital,7.3457,7345.7,haversine_x_road_factor
R1153,P674,return,H2,HOME_P674,H2,dialysis,hospital,patient_home,7.3457,7345.7,haversine_x_road_factor
R1154,P675,outbound,HOME_P675,H1,H1,other,patient_home,hospital,7.07942,7079.42,haversine_x_road_factor
R1155,P675,return,H1,HOME_P675,H1,other,hospital,patient_home,7.07942,7079.42,haversine_x_road_factor
R1156,P676,outbound,HOME_P676,H1,H1,other,patient_home,hospital,12.85518,12855.18,haversine_x_road_factor
R1157,P676,return,H1,HOME_P676,H1,other,hospital,patient_home,12.85518,12855.18,haversine_x_road_factor
R1158,P677,outbound,HOME_P677,H2,H2,dialysis,patient_home,hospital,7.12125,7121.25,haversine_x_road_factor
R1159,P677,return,H2,HOME_P677,H2,dialysis,hospital,patient_home,7.12125,7121.25,haversine_x_road_factor
R1160,P678,outbound,HOME_P678,H1,H1,dialysis,patient_home,hospital,6.80408,6804.08,haversine_x_road_factor
R1161,P678,return,H1,HOME_P678,H1,dialysis,hospital,patient_home,6.80408,6804.08,haversine_x_road_factor
R1162,P679,outbound,HOME_P679,H1,H1,oncology,patient_home,hospital,7.91029,7910.29,haversine_x_road_factor
R1163,P679,return,H1,HOME_P679,H1,oncology,hospital,patient_home,7.91029,7910.29,haversine_x_road_factor
R1164,P680,outbound,HOME_P680,H2,H2,other,patient_home,hospital,6.15856,6158.56,haversine_x_road_factor
R1165,P680,return,H2,HOME_P680,H2,other,hospital,patient_home,6.15856,6158.56,haversine_x_road_factor
R1166,P681,outbound,HOME_P681,H3,H3,dialysis,patient_home,hospital,2.08513,2085.13,haversine_x_road_factor
R1167,P682,outbound,HOME_P682,H1,H1,dialysis,patient_home,hospital,6.39351,6393.51,haversine_x_road_factor
R1168,P682,return,H1,HOME_P682,H1,dialysis,hospital,patient_home,6.39351,6393.51,haversine_x_road_factor
R1169,P683,outbound,HOME_P683,H2,H2,oncology,patient_home,hospital,11.55314,11553.14,haversine_x_road_factor
R1170,P683,return,H2,HOME_P683,H2,oncology,hospital,patient_home,11.55314,11553.14,haversine_x_road_factor
R1171,P684,outbound,HOME_P684,H1,H1,dialysis,patient_home,hospital,8.71914,8719.14,haversine_x_road_factor
R1172,P685,outbound,HOME_P685,H2,H2,dialysis,patient_home,hospital,1.20612,1206.12,haversine_x_road_factor
R1173,P685,return,H2,HOME_P685,H2,dialysis,hospital,patient_home,1.20612,1206.12,haversine_x_road_factor
R1174,P686,outbound,HOME_P686,H3,H3,dialysis,patient_home,hospital,8.76917,8769.17,haversine_x_road_factor
R1175,P686,return,H3,HOME_P686,H3,dialysis,hospital,patient_home,8.76917,8769.17,haversine_x_road_factor
R1176,P687,outbound,HOME_P687,H2,H2,other,patient_home,hospital,14.51262,14512.62,haversine_x_road_factor
R1177,P687,return,H2,HOME_P687,H2,other,hospital,patient_home,14.51262,14512.62,haversine_x_road_factor
R1178,P688,outbound,HOME_P688,H1,H1,other,patient_home,hospital,11.60379,11603.79,haversine_x_road_factor
R1179,P688,return,H1,HOME_P688,H1,other,hospital,patient_home,11.60379,11603.79,haversine_x_road_factor
R1180,P689,outbound,HOME_P689,H2,H2,dialysis,patient_home,hospital,6.87987,6879.87,haversine_x_road_factor
R1181,P689,return,H2,HOME_P689,H2,dialysis,hospital,patient_home,6.87987,6879.87,haversine_x_road_factor
R1182,P690,outbound,HOME_P690,H1,H1,oncology,patient_home,hospital,4.38673,4386.73,haversine_x_road_factor
R1183,P690,return,H1,HOME_P690,H1,oncology,hospital,patient_home,4.38673,4386.73,haversine_x_road_factor
R1184,P691,outbound,HOME_P691,H2,H2,oncology,patient_home,hospital,2.5349,2534.9,haversine_x_road_factor
R1185,P692,outbound,HOME_P692,H2,H2,oncology,patient_home,hospital,12.22246,12222.46,haversine_x_road_factor
R1186,P693,outbound,HOME_P693,H2,H2,dialysis,patient_home,hospital,8.1394,8139.4,haversine_x_road_factor
R1187,P693,return,H2,HOME_P693,H2,dialysis,hospital,patient_home,8.1394,8139.4,haversine_x_road_factor
R1188,P694,outbound,HOME_P694,H1,H1,other,patient_home,hospital,2.2861,2286.1,haversine_x_road_factor
R1189,P695,outbound,HOME_P695,H2,H2,other,patient_home,hospital,13.70777,13707.77,haversine_x_road_factor
R1190,P695,return,H2,HOME_P695,H2,other,hospital,patient_home,13.70777,13707.77,haversine_x_road_factor
R1191,P696,outbound,HOME_P696,H2,H2,dialysis,patient_home,hospital,5.7191,5719.1,haversine_x_road_factor
R1192,P697,outbound,HOME_P697,H3,H3,dialysis,patient_home,hospital,8.10493,8104.93,haversine_x_road_factor
R1193,P698,outbound,HOME_P698,H1,H1,other,patient_home,hospital,10.91441,10914.41,haversine_x_road_factor
R1194,P698,return,H1,HOME_P698,H1,other,hospital,patient_home,10.91441,10914.41,haversine_x_road_factor
R1195,P699,outbound,HOME_P699,H1,H1,dialysis,patient_home,hospital,6.86309,6863.09,haversine_x_road_factor
R1196,P699,return,H1,HOME_P699,H1,dialysis,hospital,patient_home,6.86309,6863.09,haversine_x_road_factor
R1197,P700,outbound,HOME_P700,H1,H1,oncology,patient_home,hospital,8.64252,8642.52,haversine_x_road_factor
R1198,P700,return,H1,HOME_P700,H1,oncology,hospital,patient_home,8.64252,8642.52,haversine_x_road_factor
R1199,P701,outbound,HOME_P701,H1,H1,external,patient_home,hospital,8.5171,8517.1,haversine_x_road_factor
R1200,P701,return,H1,HOME_P701,H1,external,hospital,patient_home,8.5171,8517.1,haversine_x_road_factor
R1201,P702,outbound,HOME_P702,H2,H2,other,patient_home,hospital,9.64569,9645.69,haversine_x_road_factor
R1202,P702,return,H2,HOME_P702,H2,other,hospital,patient_home,9.64569,9645.69,haversine_x_road_factor
R1203,P703,outbound,HOME_P703,H3,H3,dialysis,patient_home,hospital,8.67355,8673.55,haversine_x_road_factor
R1204,P703,return,H3,HOME_P703,H3,dialysis,hospital,patient_home,8.67355,8673.55,haversine_x_road_factor
R1205,P704,outbound,HOME_P704,H2,H2,other,patient_home,hospital,5.81908,5819.08,haversine_x_road_factor
R1206,P704,return,H2,HOME_P704,H2,other,hospital,patient_home,5.81908,5819.08,haversine_x_road_factor
R1207,P705,outbound,HOME_P705,H1,H1,dialysis,patient_home,hospital,8.55894,8558.94,haversine_x_road_factor
R1208,P706,outbound,HOME_P706,H2,H2,dialysis,patient_home,hospital,7.39803,7398.03,haversine_x_road_factor
R1209,P706,return,H2,HOME_P706,H2,dialysis,hospital,patient_home,7.39803,7398.03,haversine_x_road_factor
R1210,P707,outbound,HOME_P707,H2,H2,oncology,patient_home,hospital,8.07781,8077.81,haversine_x_road_factor
R1211,P707,return,H2,HOME_P707,H2,oncology,hospital,patient_home,8.07781,8077.81,haversine_x_road_factor
R1212,P708,outbound,HOME_P708,H1,H1,external,patient_home,hospital,20.63499,20634.99,haversine_x_road_factor
R1213,P709,outbound,HOME_P709,H1,H1,other,patient_home,hospital,9.58284,9582.84,haversine_x_road_factor
R1214,P709,return,H1,HOME_P709,H1,other,hospital,patient_home,9.58284,9582.84,haversine_x_road_factor
R1215,P710,outbound,HOME_P710,H1,H1,other,patient_home,hospital,12.84419,12844.19,haversine_x_road_factor
R1216,P710,return,H1,HOME_P710,H1,other,hospital,patient_home,12.84419,12844.19,haversine_x_road_factor
R1217,P711,outbound,HOME_P711,H1,H1,other,patient_home,hospital,9.65203,9652.03,haversine_x_road_factor
R1218,P711,return,H1,HOME_P711,H1,other,hospital,patient_home,9.65203,9652.03,haversine_x_road_factor
R1219,P712,outbound,HOME_P712,H2,H2,other,patient_home,hospital,10.45983,10459.83,haversine_x_road_factor
R1220,P712,return,H2,HOME_P712,H2,other,hospital,patient_home,10.45983,10459.83,haversine_x_road_factor
R1221,P713,outbound,HOME_P713,H2,H2,oncology,patient_home,hospital,2.12228,2122.28,haversine_x_road_factor
R1222,P713,return,H2,HOME_P713,H2,oncology,hospital,patient_home,2.12228,2122.28,haversine_x_road_factor
R1223,P714,outbound,HOME_P714,H1,H1,dialysis,patient_home,hospital,1.47609,1476.09,haversine_x_road_factor
R1224,P715,outbound,HOME_P715,H2,H2,other,patient_home,hospital,8.8205,8820.5,haversine_x_road_factor
R1225,P715,return,H2,HOME_P715,H2,other,hospital,patient_home,8.8205,8820.5,haversine_x_road_factor
R1226,P716,outbound,HOME_P716,H2,H2,other,patient_home,hospital,10.53629,10536.29,haversine_x_road_factor
R1227,P716,return,H2,HOME_P716,H2,other,hospital,patient_home,10.53629,10536.29,haversine_x_road_factor
R1228,P717,outbound,HOME_P717,H1,H1,oncology,patient_home,hospital,10.52862,10528.62,haversine_x_road_factor
R1229,P717,return,H1,HOME_P717,H1,oncology,hospital,patient_home,10.52862,10528.62,haversine_x_road_factor
R1230,P718,outbound,HOME_P718,H1,H1,other,patient_home,hospital,10.0936,10093.6,haversine_x_road_factor
R1231,P718,return,H1,HOME_P718,H1,other,hospital,patient_home,10.0936,10093.6,haversine_x_road_factor
R1232,P719,outbound,HOME_P719,H1,H1,other,patient_home,hospital,6.33852,6338.52,haversine_x_road_factor
R1233,P719,return,H1,HOME_P719,H1,other,hospital,patient_home,6.33852,6338.52,haversine_x_road_factor
R1234,P720,outbound,HOME_P720,H2,H2,other,patient_home,hospital,9.60669,9606.69,haversine_x_road_factor
R1235,P720,return,H2,HOME_P720,H2,other,hospital,patient_home,9.60669,9606.69,haversine_x_road_factor
R1236,P721,outbound,HOME_P721,H1,H1,external,patient_home,hospital,18.81741,18817.41,haversine_x_road_factor
R1237,P721,return,H1,HOME_P721,H1,external,hospital,patient_home,18.81741,18817.41,haversine_x_road_factor
R1238,P722,outbound,HOME_P722,H2,H2,other,patient_home,hospital,4.25173,4251.73,haversine_x_road_factor
R1239,P722,return,H2,HOME_P722,H2,other,hospital,patient_home,4.25173,4251.73,haversine_x_road_factor
R1240,P723,outbound,HOME_P723,H1,H1,oncology,patient_home,hospital,8.79583,8795.83,haversine_x_road_factor
R1241,P723,return,H1,HOME_P723,H1,oncology,hospital,patient_home,8.79583,8795.83,haversine_x_road_factor
R1242,P724,outbound,HOME_P724,H1,H1,dialysis,patient_home,hospital,8.63465,8634.65,haversine_x_road_factor
R1243,P725,outbound,HOME_P725,H2,H2,dialysis,patient_home,hospital,9.76655,9766.55,haversine_x_road_factor
R1244,P725,return,H2,HOME_P725,H2,dialysis,hospital,patient_home,9.76655,9766.55,haversine_x_road_factor
R1245,P726,outbound,HOME_P726,H1,H1,other,patient_home,hospital,12.13035,12130.35,haversine_x_road_factor
R1246,P726,return,H1,HOME_P726,H1,other,hospital,patient_home,12.13035,12130.35,haversine_x_road_factor
R1247,P727,outbound,HOME_P727,H2,H2,other,patient_home,hospital,12.42888,12428.88,haversine_x_road_factor
R1248,P727,return,H2,HOME_P727,H2,other,hospital,patient_home,12.42888,12428.88,haversine_x_road_factor
R1249,P728,outbound,HOME_P728,H1,H1,dialysis,patient_home,hospital,8.3188,8318.8,haversine_x_road_factor
R1250,P728,return,H1,HOME_P728,H1,dialysis,hospital,patient_home,8.3188,8318.8,haversine_x_road_factor
R1251,P729,outbound,HOME_P729,H1,H1,dialysis,patient_home,hospital,0.6608,660.8,haversine_x_road_factor
R1252,P729,return,H1,HOME_P729,H1,dialysis,hospital,patient_home,0.6608,660.8,haversine_x_road_factor
R1253,P730,outbound,HOME_P730,H1,H1,other,patient_home,hospital,8.19864,8198.64,haversine_x_road_factor
R1254,P731,outbound,HOME_P731,H1,H1,external,patient_home,hospital,2.63514,2635.14,haversine_x_road_factor
R1255,P731,return,H1,HOME_P731,H1,external,hospital,patient_home,2.63514,2635.14,haversine_x_road_factor
R1256,P732,outbound,HOME_P732,H1,H1,dialysis,patient_home,hospital,8.98041,8980.41,haversine_x_road_factor
R1257,P732,return,H1,HOME_P732,H1,dialysis,hospital,patient_home,8.98041,8980.41,haversine_x_road_factor
R1258,P733,outbound,HOME_P733,H1,H1,external,patient_home,hospital,2.86702,2867.02,haversine_x_road_factor
R1259,P734,outbound,HOME_P734,H1,H1,dialysis,patient_home,hospital,8.30794,8307.94,haversine_x_road_factor
R1260,P734,return,H1,HOME_P734,H1,dialysis,hospital,patient_home,8.30794,8307.94,haversine_x_road_factor
R1261,P735,outbound,HOME_P735,H1,H1,other,patient_home,hospital,10.75725,10757.25,haversine_x_road_factor
R1262,P735,return,H1,HOME_P735,H1,other,hospital,patient_home,10.75725,10757.25,haversine_x_road_factor
R1263,P736,outbound,HOME_P736,H2,H2,other,patient_home,hospital,12.23162,12231.62,haversine_x_road_factor
R1264,P736,return,H2,HOME_P736,H2,other,hospital,patient_home,12.23162,12231.62,haversine_x_road_factor
R1265,P737,outbound,HOME_P737,H1,H1,dialysis,patient_home,hospital,6.67835,6678.35,haversine_x_road_factor
R1266,P737,return,H1,HOME_P737,H1,dialysis,hospital,patient_home,6.67835,6678.35,haversine_x_road_factor
R1267,P738,outbound,HOME_P738,H1,H1,other,patient_home,hospital,2.96548,2965.48,haversine_x_road_factor
R1268,P738,return,H1,HOME_P738,H1,other,hospital,patient_home,2.96548,2965.48,haversine_x_road_factor
R1269,P739,outbound,HOME_P739,H2,H2,dialysis,patient_home,hospital,5.80581,5805.81,haversine_x_road_factor
R1270,P740,outbound,HOME_P740,H2,H2,oncology,patient_home,hospital,10.59941,10599.41,haversine_x_road_factor
R1271,P740,return,H2,HOME_P740,H2,oncology,hospital,patient_home,10.59941,10599.41,haversine_x_road_factor
R1272,P741,outbound,HOME_P741,H2,H2,dialysis,patient_home,hospital,2.81845,2818.45,haversine_x_road_factor
R1273,P741,return,H2,HOME_P741,H2,dialysis,hospital,patient_home,2.81845,2818.45,haversine_x_road_factor
R1274,P742,outbound,HOME_P742,H1,H1,other,patient_home,hospital,2.41827,2418.27,haversine_x_road_factor
R1275,P742,return,H1,HOME_P742,H1,other,hospital,patient_home,2.41827,2418.27,haversine_x_road_factor
R1276,P743,outbound,HOME_P743,H2,H2,other,patient_home,hospital,12.58949,12589.49,haversine_x_road_factor
R1277,P744,outbound,HOME_P744,H1,H1,oncology,patient_home,hospital,6.50002,6500.02,haversine_x_road_factor
R1278,P744,return,H1,HOME_P744,H1,oncology,hospital,patient_home,6.50002,6500.02,haversine_x_road_factor
R1279,P745,outbound,HOME_P745,H1,H1,dialysis,patient_home,hospital,9.11568,9115.68,haversine_x_road_factor
R1280,P745,return,H1,HOME_P745,H1,dialysis,hospital,patient_home,9.11568,9115.68,haversine_x_road_factor
R1281,P746,outbound,HOME_P746,H2,H2,other,patient_home,hospital,6.93265,6932.65,haversine_x_road_factor
R1282,P746,return,H2,HOME_P746,H2,other,hospital,patient_home,6.93265,6932.65,haversine_x_road_factor
R1283,P747,outbound,HOME_P747,H2,H2,other,patient_home,hospital,5.89581,5895.81,haversine_x_road_factor
R1284,P747,return,H2,HOME_P747,H2,other,hospital,patient_home,5.89581,5895.81,haversine_x_road_factor
R1285,P748,outbound,HOME_P748,H1,H1,other,patient_home,hospital,11.20974,11209.74,haversine_x_road_factor
R1286,P749,outbound,HOME_P749,H2,H2,dialysis,patient_home,hospital,4.65048,4650.48,haversine_x_road_factor
R1287,P749,return,H2,HOME_P749,H2,dialysis,hospital,patient_home,4.65048,4650.48,haversine_x_road_factor
R1288,P750,outbound,HOME_P750,H1,H1,other,patient_home,hospital,4.09439,4094.39,haversine_x_road_factor
R1289,P750,return,H1,HOME_P750,H1,other,hospital,patient_home,4.09439,4094.39,haversine_x_road_factor
