request_id,patient_id,trip_type,direction,origin_point_id,destination_point_id,hospital_id,activity_type,priority_code,priority_class,theta_p,requirement,service_pickup_min,service_dropoff_min,q_pickup,q_dropoff,earliest_pickup_min,latest_pickup_min,latest_dropoff_min,appointment_minute_a_p,max_ride_time_L_p_min,in_planning_horizon,paired_request_id,pickup_model_node_label,dropoff_model_node_label,earliest_pickup_datetime,latest_pickup_datetime,latest_dropoff_datetime,appointment_datetime_a_p,earliest_pickup_hhmm,latest_pickup_hhmm,latest_dropoff_hhmm
R0001,P1,outbound,patient_to_hospital,HOME_P1,H2,H2,dialysis,P1,high,2.0,vsl_required,5,5,1,-1,470,518,525,525,25,1,R0002,PU_R0001,DO_R0001,2026-05-18 07:50:00,2026-05-18 08:38:00,2026-05-18 08:45:00,2026-05-18 08:45:00,07:50,08:38,08:45
R0002,P1,return,hospital_to_patient,H2,HOME_P1,H2,dialysis,P1,high,2.0,vsl_required,5,5,1,-1,775,790,830,775,25,1,R0001,PU_R0002,DO_R0002,2026-05-18 12:55:00,2026-05-18 13:10:00,2026-05-18 13:50:00,2026-05-18 12:55:00,12:55,13:10,13:50
R0003,P2,outbound,patient_to_hospital,HOME_P2,H1,H1,dialysis,P1,high,2.0,vsl_required,5,5,1,-1,755,799,810,810,25,1,,PU_R0003,DO_R0003,2026-05-18 12:35:00,2026-05-18 13:19:00,2026-05-18 13:30:00,2026-05-18 13:30:00,12:35,13:19,13:30
R0004,P3,outbound,patient_to_hospital,HOME_P3,H1,H1,dialysis,P1,high,2.0,vsl_required,5,5,1,-1,460,503,515,515,25,1,R0005,PU_R0004,DO_R0004,2026-05-18 07:40:00,2026-05-18 08:23:00,2026-05-18 08:35:00,2026-05-18 08:35:00,07:40,08:23,08:35
R0005,P3,return,hospital_to_patient,H1,HOME_P3,H1,dialysis,P1,high,2.0,vsl_required,5,5,1,-1,755,770,810,755,25,1,R0004,PU_R0005,DO_R0005,2026-05-18 12:35:00,2026-05-18 12:50:00,2026-05-18 13:30:00,2026-05-18 12:35:00,12:35,12:50,13:30
R0006,P4,outbound,patient_to_hospital,HOME_P4,H1,H1,dialysis,P1,high,2.0,vsl_required,5,5,1,-1,775,815,830,830,25,1,,PU_R0006,DO_R0006,2026-05-18 12:55:00,2026-05-18 13:35:00,2026-05-18 13:50:00,2026-05-18 13:50:00,12:55,13:35,13:50
R0007,P5,outbound,patient_to_hospital,HOME_P5,H2,H2,dialysis,P1,high,2.0,vsl_required,5,5,1,-1,440,481,495,495,25,1,R0008,PU_R0007,DO_R0007,2026-05-18 07:20:00,2026-05-18 08:01:00,2026-05-18 08:15:00,2026-05-18 08:15:00,07:20,08:01,08:15
R0008,P5,return,hospital_to_patient,H2,HOME_P5,H2,dialysis,P1,high,2.0,vsl_required,5,5,1,-1,750,765,805,750,25,1,R0007,PU_R0008,DO_R0008,2026-05-18 12:30:00,2026-05-18 12:45:00,2026-05-18 13:25:00,2026-05-18 12:30:00,12:30,12:45,13:25
R0009,P6,outbound,patient_to_hospital,HOME_P6,H2,H2,dialysis,P1,high,2.0,vsl_required,5,5,1,-1,470,520,525,525,25,1,R0010,PU_R0009,DO_R0009,2026-05-18 07:50:00,2026-05-18 08:40:00,2026-05-18 08:45:00,2026-05-18 08:45:00,07:50,08:40,08:45
R0010,P6,return,hospital_to_patient,H2,HOME_P6,H2,dialysis,P1,high,2.0,vsl_required,5,5,1,-1,750,765,805,750,25,1,R0009,PU_R0010,DO_R0010,2026-05-18 12:30:00,2026-05-18 12:45:00,2026-05-18 13:25:00,2026-05-18 12:30:00,12:30,12:45,13:25
R0011,P7,outbound,patient_to_hospital,HOME_P7,H2,H2,other,P2,medium,1.5,prescription_medicale,5,5,1,-1,800,852,865,865,35,1,R0012,PU_R0011,DO_R0011,2026-05-18 13:20:00,2026-05-18 14:12:00,2026-05-18 14:25:00,2026-05-18 14:25:00,13:20,14:12,14:25
R0012,P7,return,hospital_to_patient,H2,HOME_P7,H2,other,P2,medium,1.5,prescription_medicale,5,5,1,-1,900,925,975,900,35,1,R0011,PU_R0012,DO_R0012,2026-05-18 15:00:00,2026-05-18 15:25:00,2026-05-18 16:15:00,2026-05-18 15:00:00,15:00,15:25,16:15
R0013,P8,outbound,patient_to_hospital,HOME_P8,H1,H1,oncology,P1,high,2.0,prescription_medicale,5,5,1,-1,440,486,495,495,25,1,R0014,PU_R0013,DO_R0013,2026-05-18 07:20:00,2026-05-18 08:06:00,2026-05-18 08:15:00,2026-05-18 08:15:00,07:20,08:06,08:15
R0014,P8,return,hospital_to_patient,H1,HOME_P8,H1,oncology,P1,high,2.0,prescription_medicale,5,5,1,-1,665,680,720,665,25,1,R0013,PU_R0014,DO_R0014,2026-05-18 11:05:00,2026-05-18 11:20:00,2026-05-18 12:00:00,2026-05-18 11:05:00,11:05,11:20,12:00
R0015,P9,outbound,patient_to_hospital,HOME_P9,H2,H2,dialysis,P1,high,2.0,vsl_required,5,5,1,-1,730,780,785,785,25,1,,PU_R0015,DO_R0015,2026-05-18 12:10:00,2026-05-18 13:00:00,2026-05-18 13:05:00,2026-05-18 13:05:00,12:10,13:00,13:05
R0016,P10,outbound,patient_to_hospital,HOME_P10,H1,H1,oncology,P1,high,2.0,vsl_required,5,5,1,-1,465,509,520,520,25,1,R0017,PU_R0016,DO_R0016,2026-05-18 07:45:00,2026-05-18 08:29:00,2026-05-18 08:40:00,2026-05-18 08:40:00,07:45,08:29,08:40
R0017,P10,return,hospital_to_patient,H1,HOME_P10,H1,oncology,P1,high,2.0,vsl_required,5,5,1,-1,685,700,740,685,25,1,R0016,PU_R0017,DO_R0017,2026-05-18 11:25:00,2026-05-18 11:40:00,2026-05-18 12:20:00,2026-05-18 11:25:00,11:25,11:40,12:20
R0018,P11,outbound,patient_to_hospital,HOME_P11,H2,H2,oncology,P1,high,2.0,vsl_required,5,5,1,-1,425,465,480,480,25,1,R0019,PU_R0018,DO_R0018,2026-05-18 07:05:00,2026-05-18 07:45:00,2026-05-18 08:00:00,2026-05-18 08:00:00,07:05,07:45,08:00
R0019,P11,return,hospital_to_patient,H2,HOME_P11,H2,oncology,P1,high,2.0,vsl_required,5,5,1,-1,545,560,600,545,25,1,R0018,PU_R0019,DO_R0019,2026-05-18 09:05:00,2026-05-18 09:20:00,2026-05-18 10:00:00,2026-05-18 09:05:00,09:05,09:20,10:00
R0020,P12,outbound,patient_to_hospital,HOME_P12,H2,H2,other,P2,medium,1.5,prescription_medicale,5,5,1,-1,515,569,580,580,35,1,R0021,PU_R0020,DO_R0020,2026-05-18 08:35:00,2026-05-18 09:29:00,2026-05-18 09:40:00,2026-05-18 09:40:00,08:35,09:29,09:40
R0021,P12,return,hospital_to_patient,H2,HOME_P12,H2,other,P2,medium,1.5,prescription_medicale,5,5,1,-1,620,645,695,620,35,1,R0020,PU_R0021,DO_R0021,2026-05-18 10:20:00,2026-05-18 10:45:00,2026-05-18 11:35:00,2026-05-18 10:20:00,10:20,10:45,11:35
R0022,P13,outbound,patient_to_hospital,HOME_P13,H1,H1,other,P2,medium,1.5,standard_assis,5,5,1,-1,605,653,670,670,35,1,R0023,PU_R0022,DO_R0022,2026-05-18 10:05:00,2026-05-18 10:53:00,2026-05-18 11:10:00,2026-05-18 11:10:00,10:05,10:53,11:10
R0023,P13,return,hospital_to_patient,H1,HOME_P13,H1,other,P2,medium,1.5,standard_assis,5,5,1,-1,740,765,815,740,35,1,R0022,PU_R0023,DO_R0023,2026-05-18 12:20:00,2026-05-18 12:45:00,2026-05-18 13:35:00,2026-05-18 12:20:00,12:20,12:45,13:35
R0024,P14,outbound,patient_to_hospital,HOME_P14,H1,H1,other,P2,medium,1.5,standard_assis,5,5,1,-1,945,998,1010,1010,35,1,,PU_R0024,DO_R0024,2026-05-18 15:45:00,2026-05-18 16:38:00,2026-05-18 16:50:00,2026-05-18 16:50:00,15:45,16:38,16:50
R0025,P15,outbound,patient_to_hospital,HOME_P15,H1,H1,other,P2,medium,1.5,prescription_medicale,5,5,1,-1,625,679,690,690,35,1,R0026,PU_R0025,DO_R0025,2026-05-18 10:25:00,2026-05-18 11:19:00,2026-05-18 11:30:00,2026-05-18 11:30:00,10:25,11:19,11:30
R0026,P15,return,hospital_to_patient,H1,HOME_P15,H1,other,P2,medium,1.5,prescription_medicale,5,5,1,-1,800,825,875,800,35,1,R0025,PU_R0026,DO_R0026,2026-05-18 13:20:00,2026-05-18 13:45:00,2026-05-18 14:35:00,2026-05-18 13:20:00,13:20,13:45,14:35
R0027,P16,outbound,patient_to_hospital,HOME_P16,H2,H2,dialysis,P1,high,2.0,prescription_medicale,5,5,1,-1,765,808,820,820,25,1,,PU_R0027,DO_R0027,2026-05-18 12:45:00,2026-05-18 13:28:00,2026-05-18 13:40:00,2026-05-18 13:40:00,12:45,13:28,13:40
R0028,P17,outbound,patient_to_hospital,HOME_P17,H2,H2,dialysis,P1,high,2.0,vsl_required,5,5,1,-1,995,1036,1050,1050,25,1,,PU_R0028,DO_R0028,2026-05-18 16:35:00,2026-05-18 17:16:00,2026-05-18 17:30:00,2026-05-18 17:30:00,16:35,17:16,17:30
R0029,P18,outbound,patient_to_hospital,HOME_P18,H1,H1,dialysis,P1,high,2.0,vsl_required,5,5,1,-1,425,466,480,480,25,1,R0030,PU_R0029,DO_R0029,2026-05-18 07:05:00,2026-05-18 07:46:00,2026-05-18 08:00:00,2026-05-18 08:00:00,07:05,07:46,08:00
R0030,P18,return,hospital_to_patient,H1,HOME_P18,H1,dialysis,P1,high,2.0,vsl_required,5,5,1,-1,720,735,775,720,25,1,R0029,PU_R0030,DO_R0030,2026-05-18 12:00:00,2026-05-18 12:15:00,2026-05-18 12:55:00,2026-05-18 12:00:00,12:00,12:15,12:55
R0031,P19,outbound,patient_to_hospital,HOME_P19,H2,H2,other,P2,medium,1.5,prescription_medicale,5,5,1,-1,505,550,570,570,35,1,R0032,PU_R0031,DO_R0031,2026-05-18 08:25:00,2026-05-18 09:10:00,2026-05-18 09:30:00,2026-05-18 09:30:00,08:25,09:10,09:30
R0032,P19,return,hospital_to_patient,H2,HOME_P19,H2,other,P2,medium,1.5,prescription_medicale,5,5,1,-1,605,630,680,605,35,1,R0031,PU_R0032,DO_R0032,2026-05-18 10:05:00,2026-05-18 10:30:00,2026-05-18 11:20:00,2026-05-18 10:05:00,10:05,10:30,11:20
R0033,P20,outbound,patient_to_hospital,HOME_P20,H1,H1,other,P2,medium,1.5,prescription_medicale,5,5,1,-1,460,511,525,525,35,1,R0034,PU_R0033,DO_R0033,2026-05-18 07:40:00,2026-05-18 08:31:00,2026-05-18 08:45:00,2026-05-18 08:45:00,07:40,08:31,08:45
R0034,P20,return,hospital_to_patient,H1,HOME_P20,H1,other,P2,medium,1.5,prescription_medicale,5,5,1,-1,600,625,675,600,35,1,R0033,PU_R0034,DO_R0034,2026-05-18 10:00:00,2026-05-18 10:25:00,2026-05-18 11:15:00,2026-05-18 10:00:00,10:00,10:25,11:15
R0035,P21,outbound,patient_to_hospital,HOME_P21,H1,H1,other,P2,medium,1.5,standard_assis,5,5,1,-1,525,569,590,590,35,1,R0036,PU_R0035,DO_R0035,2026-05-18 08:45:00,2026-05-18 09:29:00,2026-05-18 09:50:00,2026-05-18 09:50:00,08:45,09:29,09:50
R0036,P21,return,hospital_to_patient,H1,HOME_P21,H1,other,P2,medium,1.5,standard_assis,5,5,1,-1,710,735,785,710,35,1,R0035,PU_R0036,DO_R0036,2026-05-18 11:50:00,2026-05-18 12:15:00,2026-05-18 13:05:00,2026-05-18 11:50:00,11:50,12:15,13:05
R0037,P22,outbound,patient_to_hospital,HOME_P22,H2,H2,oncology,P1,high,2.0,vsl_required,5,5,1,-1,435,474,490,490,25,1,R0038,PU_R0037,DO_R0037,2026-05-18 07:15:00,2026-05-18 07:54:00,2026-05-18 08:10:00,2026-05-18 08:10:00,07:15,07:54,08:10
R0038,P22,return,hospital_to_patient,H2,HOME_P22,H2,oncology,P1,high,2.0,vsl_required,5,5,1,-1,765,780,820,765,25,1,R0037,PU_R0038,DO_R0038,2026-05-18 12:45:00,2026-05-18 13:00:00,2026-05-18 13:40:00,2026-05-18 12:45:00,12:45,13:00,13:40
R0039,P23,outbound,patient_to_hospital,HOME_P23,H2,H2,oncology,P1,high,2.0,vsl_required,5,5,1,-1,430,469,485,485,25,1,R0040,PU_R0039,DO_R0039,2026-05-18 07:10:00,2026-05-18 07:49:00,2026-05-18 08:05:00,2026-05-18 08:05:00,07:10,07:49,08:05
R0040,P23,return,hospital_to_patient,H2,HOME_P23,H2,oncology,P1,high,2.0,vsl_required,5,5,1,-1,750,765,805,750,25,1,R0039,PU_R0040,DO_R0040,2026-05-18 12:30:00,2026-05-18 12:45:00,2026-05-18 13:25:00,2026-05-18 12:30:00,12:30,12:45,13:25
R0041,P24,outbound,patient_to_hospital,HOME_P24,H1,H1,other,P2,medium,1.5,vsl_required,5,5,1,-1,855,900,920,920,35,1,,PU_R0041,DO_R0041,2026-05-18 14:15:00,2026-05-18 15:00:00,2026-05-18 15:20:00,2026-05-18 15:20:00,14:15,15:00,15:20
R0042,P25,outbound,patient_to_hospital,HOME_P25,H1,H1,dialysis,P1,high,2.0,vsl_required,5,5,1,-1,480,523,535,535,25,1,R0043,PU_R0042,DO_R0042,2026-05-18 08:00:00,2026-05-18 08:43:00,2026-05-18 08:55:00,2026-05-18 08:55:00,08:00,08:43,08:55
R0043,P25,return,hospital_to_patient,H1,HOME_P25,H1,dialysis,P1,high,2.0,vsl_required,5,5,1,-1,775,790,830,775,25,1,R0042,PU_R0043,DO_R0043,2026-05-18 12:55:00,2026-05-18 13:10:00,2026-05-18 13:50:00,2026-05-18 12:55:00,12:55,13:10,13:50
R0044,P26,outbound,patient_to_hospital,HOME_P26,H1,H1,external,P3,low,1.0,standard_assis,5,5,1,-1,975,1025,1050,1050,45,1,,PU_R0044,DO_R0044,2026-05-18 16:15:00,2026-05-18 17:05:00,2026-05-18 17:30:00,2026-05-18 17:30:00,16:15,17:05,17:30
R0045,P27,outbound,patient_to_hospital,HOME_P27,H2,H2,other,P2,medium,1.5,standard_assis,5,5,1,-1,605,651,670,670,35,1,R0046,PU_R0045,DO_R0045,2026-05-18 10:05:00,2026-05-18 10:51:00,2026-05-18 11:10:00,2026-05-18 11:10:00,10:05,10:51,11:10
R0046,P27,return,hospital_to_patient,H2,HOME_P27,H2,other,P2,medium,1.5,standard_assis,5,5,1,-1,700,725,775,700,35,1,R0045,PU_R0046,DO_R0046,2026-05-18 11:40:00,2026-05-18 12:05:00,2026-05-18 12:55:00,2026-05-18 11:40:00,11:40,12:05,12:55
R0047,P28,outbound,patient_to_hospital,HOME_P28,H1,H1,dialysis,P1,high,2.0,vsl_required,5,5,1,-1,435,478,490,490,25,1,R0048,PU_R0047,DO_R0047,2026-05-18 07:15:00,2026-05-18 07:58:00,2026-05-18 08:10:00,2026-05-18 08:10:00,07:15,07:58,08:10
R0048,P28,return,hospital_to_patient,H1,HOME_P28,H1,dialysis,P1,high,2.0,vsl_required,5,5,1,-1,730,745,785,730,25,1,R0047,PU_R0048,DO_R0048,2026-05-18 12:10:00,2026-05-18 12:25:00,2026-05-18 13:05:00,2026-05-18 12:10:00,12:10,12:25,13:05
R0049,P29,outbound,patient_to_hospital,HOME_P29,H1,H1,other,P2,medium,1.5,standard_assis,5,5,1,-1,510,567,575,575,35,1,R0050,PU_R0049,DO_R0049,2026-05-18 08:30:00,2026-05-18 09:27:00,2026-05-18 09:35:00,2026-05-18 09:35:00,08:30,09:27,09:35
R0050,P29,return,hospital_to_patient,H1,HOME_P29,H1,other,P2,medium,1.5,standard_assis,5,5,1,-1,675,700,750,675,35,1,R0049,PU_R0050,DO_R0050,2026-05-18 11:15:00,2026-05-18 11:40:00,2026-05-18 12:30:00,2026-05-18 11:15:00,11:15,11:40,12:30
R0051,P30,outbound,patient_to_hospital,HOME_P30,H3,H3,dialysis,P1,high,2.0,vsl_required,5,5,1,-1,465,515,520,520,25,1,R0052,PU_R0051,DO_R0051,2026-05-18 07:45:00,2026-05-18 08:35:00,2026-05-18 08:40:00,2026-05-18 08:40:00,07:45,08:35,08:40
R0052,P30,return,hospital_to_patient,H3,HOME_P30,H3,dialysis,P1,high,2.0,vsl_required,5,5,1,-1,730,745,785,730,25,1,R0051,PU_R0052,DO_R0052,2026-05-18 12:10:00,2026-05-18 12:25:00,2026-05-18 13:05:00,2026-05-18 12:10:00,12:10,12:25,13:05
R0053,P31,outbound,patient_to_hospital,HOME_P31,H2,H2,dialysis,P1,high,2.0,vsl_required,5,5,1,-1,745,791,800,800,25,1,,PU_R0053,DO_R0053,2026-05-18 12:25:00,2026-05-18 13:11:00,2026-05-18 13:20:00,2026-05-18 13:20:00,12:25,13:11,13:20
R0054,P32,outbound,patient_to_hospital,HOME_P32,H1,H1,external,P3,low,1.0,prescription_medicale,5,5,1,-1,551,603,630,630,49,1,R0055,PU_R0054,DO_R0054,2026-05-18 09:11:00,2026-05-18 10:03:00,2026-05-18 10:30:00,2026-05-18 10:30:00,09:11,10:03,10:30
R0055,P32,return,hospital_to_patient,H1,HOME_P32,H1,external,P3,low,1.0,prescription_medicale,5,5,1,-1,660,695,759,660,49,1,R0054,PU_R0055,DO_R0055,2026-05-18 11:00:00,2026-05-18 11:35:00,2026-05-18 12:39:00,2026-05-18 11:00:00,11:00,11:35,12:39
R0056,P33,outbound,patient_to_hospital,HOME_P33,H1,H1,dialysis,P1,high,2.0,vsl_required,5,5,1,-1,425,473,480,480,25,1,R0057,PU_R0056,DO_R0056,2026-05-18 07:05:00,2026-05-18 07:53:00,2026-05-18 08:00:00,2026-05-18 08:00:00,07:05,07:53,08:00
R0057,P33,return,hospital_to_patient,H1,HOME_P33,H1,dialysis,P1,high,2.0,vsl_required,5,5,1,-1,720,735,775,720,25,1,R0056,PU_R0057,DO_R0057,2026-05-18 12:00:00,2026-05-18 12:15:00,2026-05-18 12:55:00,2026-05-18 12:00:00,12:00,12:15,12:55
R0058,P34,outbound,patient_to_hospital,HOME_P34,H2,H2,other,P2,medium,1.5,standard_assis,5,5,1,-1,800,845,865,865,35,1,R0059,PU_R0058,DO_R0058,2026-05-18 13:20:00,2026-05-18 14:05:00,2026-05-18 14:25:00,2026-05-18 14:25:00,13:20,14:05,14:25
R0059,P34,return,hospital_to_patient,H2,HOME_P34,H2,other,P2,medium,1.5,standard_assis,5,5,1,-1,900,925,975,900,35,1,R0058,PU_R0059,DO_R0059,2026-05-18 15:00:00,2026-05-18 15:25:00,2026-05-18 16:15:00,2026-05-18 15:00:00,15:00,15:25,16:15
R0060,P35,outbound,patient_to_hospital,HOME_P35,H2,H2,other,P2,medium,1.5,vsl_required,5,5,1,-1,595,642,660,660,35,1,R0061,PU_R0060,DO_R0060,2026-05-18 09:55:00,2026-05-18 10:42:00,2026-05-18 11:00:00,2026-05-18 11:00:00,09:55,10:42,11:00
R0061,P35,return,hospital_to_patient,H2,HOME_P35,H2,other,P2,medium,1.5,vsl_required,5,5,1,-1,695,720,770,695,35,1,R0060,PU_R0061,DO_R0061,2026-05-18 11:35:00,2026-05-18 12:00:00,2026-05-18 12:50:00,2026-05-18 11:35:00,11:35,12:00,12:50
R0062,P36,outbound,patient_to_hospital,HOME_P36,H2,H2,other,P2,medium,1.5,standard_assis,5,5,1,-1,485,538,550,550,35,1,R0063,PU_R0062,DO_R0062,2026-05-18 08:05:00,2026-05-18 08:58:00,2026-05-18 09:10:00,2026-05-18 09:10:00,08:05,08:58,09:10
R0063,P36,return,hospital_to_patient,H2,HOME_P36,H2,other,P2,medium,1.5,standard_assis,5,5,1,-1,575,600,650,575,35,1,R0062,PU_R0063,DO_R0063,2026-05-18 09:35:00,2026-05-18 10:00:00,2026-05-18 10:50:00,2026-05-18 09:35:00,09:35,10:00,10:50
R0064,P37,outbound,patient_to_hospital,HOME_P37,H1,H1,other,P2,medium,1.5,standard_assis,5,5,1,-1,485,532,550,550,35,1,R0065,PU_R0064,DO_R0064,2026-05-18 08:05:00,2026-05-18 08:52:00,2026-05-18 09:10:00,2026-05-18 09:10:00,08:05,08:52,09:10
R0065,P37,return,hospital_to_patient,H1,HOME_P37,H1,other,P2,medium,1.5,standard_assis,5,5,1,-1,635,660,710,635,35,1,R0064,PU_R0065,DO_R0065,2026-05-18 10:35:00,2026-05-18 11:00:00,2026-05-18 11:50:00,2026-05-18 10:35:00,10:35,11:00,11:50
R0066,P38,outbound,patient_to_hospital,HOME_P38,H1,H1,oncology,P1,high,2.0,vsl_required,5,5,1,-1,430,474,485,485,25,1,R0067,PU_R0066,DO_R0066,2026-05-18 07:10:00,2026-05-18 07:54:00,2026-05-18 08:05:00,2026-05-18 08:05:00,07:10,07:54,08:05
R0067,P38,return,hospital_to_patient,H1,HOME_P38,H1,oncology,P1,high,2.0,vsl_required,5,5,1,-1,645,660,700,645,25,1,R0066,PU_R0067,DO_R0067,2026-05-18 10:45:00,2026-05-18 11:00:00,2026-05-18 11:40:00,2026-05-18 10:45:00,10:45,11:00,11:40
R0068,P39,outbound,patient_to_hospital,HOME_P39,H1,H1,dialysis,P1,high,2.0,vsl_required,5,5,1,-1,450,500,505,505,25,1,R0069,PU_R0068,DO_R0068,2026-05-18 07:30:00,2026-05-18 08:20:00,2026-05-18 08:25:00,2026-05-18 08:25:00,07:30,08:20,08:25
R0069,P39,return,hospital_to_patient,H1,HOME_P39,H1,dialysis,P1,high,2.0,vsl_required,5,5,1,-1,745,760,800,745,25,1,R0068,PU_R0069,DO_R0069,2026-05-18 12:25:00,2026-05-18 12:40:00,2026-05-18 13:20:00,2026-05-18 12:25:00,12:25,12:40,13:20
R0070,P40,outbound,patient_to_hospital,HOME_P40,H1,H1,external,P3,low,1.0,standard_assis,5,5,1,-1,524,574,600,600,46,1,R0071,PU_R0070,DO_R0070,2026-05-18 08:44:00,2026-05-18 09:34:00,2026-05-18 10:00:00,2026-05-18 10:00:00,08:44,09:34,10:00
R0071,P40,return,hospital_to_patient,H1,HOME_P40,H1,external,P3,low,1.0,standard_assis,5,5,1,-1,630,665,726,630,46,1,R0070,PU_R0071,DO_R0071,2026-05-18 10:30:00,2026-05-18 11:05:00,2026-05-18 12:06:00,2026-05-18 10:30:00,10:30,11:05,12:06
R0072,P41,outbound,patient_to_hospital,HOME_P41,H2,H2,dialysis,P1,high,2.0,vsl_required,5,5,1,-1,455,503,510,510,25,1,R0073,PU_R0072,DO_R0072,2026-05-18 07:35:00,2026-05-18 08:23:00,2026-05-18 08:30:00,2026-05-18 08:30:00,07:35,08:23,08:30
R0073,P41,return,hospital_to_patient,H2,HOME_P41,H2,dialysis,P1,high,2.0,vsl_required,5,5,1,-1,775,790,830,775,25,1,R0072,PU_R0073,DO_R0073,2026-05-18 12:55:00,2026-05-18 13:10:00,2026-05-18 13:50:00,2026-05-18 12:55:00,12:55,13:10,13:50
R0074,P42,outbound,patient_to_hospital,HOME_P42,H1,H1,dialysis,P1,high,2.0,vsl_required,5,5,1,-1,450,495,505,505,25,1,R0075,PU_R0074,DO_R0074,2026-05-18 07:30:00,2026-05-18 08:15:00,2026-05-18 08:25:00,2026-05-18 08:25:00,07:30,08:15,08:25
R0075,P42,return,hospital_to_patient,H1,HOME_P42,H1,dialysis,P1,high,2.0,vsl_required,5,5,1,-1,745,760,800,745,25,1,R0074,PU_R0075,DO_R0075,2026-05-18 12:25:00,2026-05-18 12:40:00,2026-05-18 13:20:00,2026-05-18 12:25:00,12:25,12:40,13:20
R0076,P43,outbound,patient_to_hospital,HOME_P43,H2,H2,dialysis,P1,high,2.0,prescription_medicale,5,5,1,-1,440,489,495,495,25,1,R0077,PU_R0076,DO_R0076,2026-05-18 07:20:00,2026-05-18 08:09:00,2026-05-18 08:15:00,2026-05-18 08:15:00,07:20,08:09,08:15
R0077,P43,return,hospital_to_patient,H2,HOME_P43,H2,dialysis,P1,high,2.0,prescription_medicale,5,5,1,-1,730,745,785,730,25,1,R0076,PU_R0077,DO_R0077,2026-05-18 12:10:00,2026-05-18 12:25:00,2026-05-18 13:05:00,2026-05-18 12:10:00,12:10,12:25,13:05
R0078,P44,outbound,patient_to_hospital,HOME_P44,H1,H1,oncology,P1,high,2.0,vsl_required,5,5,1,-1,615,663,670,670,25,1,R0079,PU_R0078,DO_R0078,2026-05-18 10:15:00,2026-05-18 11:03:00,2026-05-18 11:10:00,2026-05-18 11:10:00,10:15,11:03,11:10
R0079,P44,return,hospital_to_patient,H1,HOME_P44,H1,oncology,P1,high,2.0,vsl_required,5,5,1,-1,835,850,890,835,25,1,R0078,PU_R0079,DO_R0079,2026-05-18 13:55:00,2026-05-18 14:10:00,2026-05-18 14:50:00,2026-05-18 13:55:00,13:55,14:10,14:50
R0080,P45,outbound,patient_to_hospital,HOME_P45,H2,H2,oncology,P1,high,2.0,standard_assis,5,5,1,-1,750,794,805,805,25,1,R0081,PU_R0080,DO_R0080,2026-05-18 12:30:00,2026-05-18 13:14:00,2026-05-18 13:25:00,2026-05-18 13:25:00,12:30,13:14,13:25
R0081,P45,return,hospital_to_patient,H2,HOME_P45,H2,oncology,P1,high,2.0,standard_assis,5,5,1,-1,865,880,920,865,25,1,R0080,PU_R0081,DO_R0081,2026-05-18 14:25:00,2026-05-18 14:40:00,2026-05-18 15:20:00,2026-05-18 14:25:00,14:25,14:40,15:20
R0082,P46,outbound,patient_to_hospital,HOME_P46,H1,H1,other,P2,medium,1.5,standard_assis,5,5,1,-1,900,943,965,965,35,1,,PU_R0082,DO_R0082,2026-05-18 15:00:00,2026-05-18 15:43:00,2026-05-18 16:05:00,2026-05-18 16:05:00,15:00,15:43,16:05
R0083,P47,outbound,patient_to_hospital,HOME_P47,H3,H3,dialysis,P1,high,2.0,vsl_required,5,5,1,-1,465,507,520,520,25,1,R0084,PU_R0083,DO_R0083,2026-05-18 07:45:00,2026-05-18 08:27:00,2026-05-18 08:40:00,2026-05-18 08:40:00,07:45,08:27,08:40
R0084,P47,return,hospital_to_patient,H3,HOME_P47,H3,dialysis,P1,high,2.0,vsl_required,5,5,1,-1,765,780,820,765,25,1,R0083,PU_R0084,DO_R0084,2026-05-18 12:45:00,2026-05-18 13:00:00,2026-05-18 13:40:00,2026-05-18 12:45:00,12:45,13:00,13:40
R0085,P48,outbound,patient_to_hospital,HOME_P48,H1,H1,other,P2,medium,1.5,standard_assis,5,5,1,-1,495,553,560,560,35,1,R0086,PU_R0085,DO_R0085,2026-05-18 08:15:00,2026-05-18 09:13:00,2026-05-18 09:20:00,2026-05-18 09:20:00,08:15,09:13,09:20
R0086,P48,return,hospital_to_patient,H1,HOME_P48,H1,other,P2,medium,1.5,standard_assis,5,5,1,-1,640,665,715,640,35,1,R0085,PU_R0086,DO_R0086,2026-05-18 10:40:00,2026-05-18 11:05:00,2026-05-18 11:55:00,2026-05-18 10:40:00,10:40,11:05,11:55
R0087,P49,outbound,patient_to_hospital,HOME_P49,H2,H2,other,P2,medium,1.5,premium,5,5,1,-1,520,569,585,585,35,1,R0088,PU_R0087,DO_R0087,2026-05-18 08:40:00,2026-05-18 09:29:00,2026-05-18 09:45:00,2026-05-18 09:45:00,08:40,09:29,09:45
R0088,P49,return,hospital_to_patient,H2,HOME_P49,H2,other,P2,medium,1.5,premium,5,5,1,-1,610,635,685,610,35,1,R0087,PU_R0088,DO_R0088,2026-05-18 10:10:00,2026-05-18 10:35:00,2026-05-18 11:25:00,2026-05-18 10:10:00,10:10,10:35,11:25
R0089,P50,outbound,patient_to_hospital,HOME_P50,H2,H2,other,P2,medium,1.5,standard_assis,5,5,1,-1,835,885,900,900,35,1,R0090,PU_R0089,DO_R0089,2026-05-18 13:55:00,2026-05-18 14:45:00,2026-05-18 15:00:00,2026-05-18 15:00:00,13:55,14:45,15:00
R0090,P50,return,hospital_to_patient,H2,HOME_P50,H2,other,P2,medium,1.5,standard_assis,5,5,1,-1,935,960,1010,935,35,1,R0089,PU_R0090,DO_R0090,2026-05-18 15:35:00,2026-05-18 16:00:00,2026-05-18 16:50:00,2026-05-18 15:35:00,15:35,16:00,16:50
R0091,P51,outbound,patient_to_hospital,HOME_P51,H1,H1,external,P3,low,1.0,standard_assis,5,5,1,-1,510,568,585,585,45,1,R0092,PU_R0091,DO_R0091,2026-05-18 08:30:00,2026-05-18 09:28:00,2026-05-18 09:45:00,2026-05-18 09:45:00,08:30,09:28,09:45
R0092,P51,return,hospital_to_patient,H1,HOME_P51,H1,external,P3,low,1.0,standard_assis,5,5,1,-1,615,650,710,615,45,1,R0091,PU_R0092,DO_R0092,2026-05-18 10:15:00,2026-05-18 10:50:00,2026-05-18 11:50:00,2026-05-18 10:15:00,10:15,10:50,11:50
R0093,P52,outbound,patient_to_hospital,HOME_P52,H1,H1,dialysis,P1,high,2.0,prescription_medicale,5,5,1,-1,760,803,815,815,25,1,,PU_R0093,DO_R0093,2026-05-18 12:40:00,2026-05-18 13:23:00,2026-05-18 13:35:00,2026-05-18 13:35:00,12:40,13:23,13:35
R0094,P53,outbound,patient_to_hospital,HOME_P53,H1,H1,dialysis,P1,high,2.0,vsl_required,5,5,1,-1,450,493,505,505,25,1,R0095,PU_R0094,DO_R0094,2026-05-18 07:30:00,2026-05-18 08:13:00,2026-05-18 08:25:00,2026-05-18 08:25:00,07:30,08:13,08:25
R0095,P53,return,hospital_to_patient,H1,HOME_P53,H1,dialysis,P1,high,2.0,vsl_required,5,5,1,-1,745,760,800,745,25,1,R0094,PU_R0095,DO_R0095,2026-05-18 12:25:00,2026-05-18 12:40:00,2026-05-18 13:20:00,2026-05-18 12:25:00,12:25,12:40,13:20
R0096,P54,outbound,patient_to_hospital,HOME_P54,H1,H1,dialysis,P1,high,2.0,prescription_medicale,5,5,1,-1,470,513,525,525,25,1,R0097,PU_R0096,DO_R0096,2026-05-18 07:50:00,2026-05-18 08:33:00,2026-05-18 08:45:00,2026-05-18 08:45:00,07:50,08:33,08:45
R0097,P54,return,hospital_to_patient,H1,HOME_P54,H1,dialysis,P1,high,2.0,prescription_medicale,5,5,1,-1,765,780,820,765,25,1,R0096,PU_R0097,DO_R0097,2026-05-18 12:45:00,2026-05-18 13:00:00,2026-05-18 13:40:00,2026-05-18 12:45:00,12:45,13:00,13:40
R0098,P55,outbound,patient_to_hospital,HOME_P55,H1,H1,other,P2,medium,1.5,standard_assis,5,5,1,-1,780,834,845,845,35,1,R0099,PU_R0098,DO_R0098,2026-05-18 13:00:00,2026-05-18 13:54:00,2026-05-18 14:05:00,2026-05-18 14:05:00,13:00,13:54,14:05
R0099,P55,return,hospital_to_patient,H1,HOME_P55,H1,other,P2,medium,1.5,standard_assis,5,5,1,-1,955,980,1030,955,35,1,R0098,PU_R0099,DO_R0099,2026-05-18 15:55:00,2026-05-18 16:20:00,2026-05-18 17:10:00,2026-05-18 15:55:00,15:55,16:20,17:10
R0100,P56,outbound,patient_to_hospital,HOME_P56,H2,H2,other,P2,medium,1.5,prescription_medicale,5,5,1,-1,985,1034,1050,1050,35,1,,PU_R0100,DO_R0100,2026-05-18 16:25:00,2026-05-18 17:14:00,2026-05-18 17:30:00,2026-05-18 17:30:00,16:25,17:14,17:30
R0101,P57,outbound,patient_to_hospital,HOME_P57,H3,H3,dialysis,P1,high,2.0,vsl_required,5,5,1,-1,755,798,810,810,25,1,,PU_R0101,DO_R0101,2026-05-18 12:35:00,2026-05-18 13:18:00,2026-05-18 13:30:00,2026-05-18 13:30:00,12:35,13:18,13:30
R0102,P58,outbound,patient_to_hospital,HOME_P58,H2,H2,oncology,P1,high,2.0,vsl_required,5,5,1,-1,430,468,485,485,25,1,R0103,PU_R0102,DO_R0102,2026-05-18 07:10:00,2026-05-18 07:48:00,2026-05-18 08:05:00,2026-05-18 08:05:00,07:10,07:48,08:05
R0103,P58,return,hospital_to_patient,H2,HOME_P58,H2,oncology,P1,high,2.0,vsl_required,5,5,1,-1,715,730,770,715,25,1,R0102,PU_R0103,DO_R0103,2026-05-18 11:55:00,2026-05-18 12:10:00,2026-05-18 12:50:00,2026-05-18 11:55:00,11:55,12:10,12:50
R0104,P59,outbound,patient_to_hospital,HOME_P59,H1,H1,dialysis,P1,high,2.0,vsl_required,5,5,1,-1,725,770,780,780,25,1,R0105,PU_R0104,DO_R0104,2026-05-18 12:05:00,2026-05-18 12:50:00,2026-05-18 13:00:00,2026-05-18 13:00:00,12:05,12:50,13:00
R0105,P59,return,hospital_to_patient,H1,HOME_P59,H1,dialysis,P1,high,2.0,vsl_required,5,5,1,-1,1020,1035,1075,1020,25,1,R0104,PU_R0105,DO_R0105,2026-05-18 17:00:00,2026-05-18 17:15:00,2026-05-18 17:55:00,2026-05-18 17:00:00,17:00,17:15,17:55
R0106,P60,outbound,patient_to_hospital,HOME_P60,H2,H2,dialysis,P1,high,2.0,vsl_required,5,5,1,-1,440,482,495,495,25,1,R0107,PU_R0106,DO_R0106,2026-05-18 07:20:00,2026-05-18 08:02:00,2026-05-18 08:15:00,2026-05-18 08:15:00,07:20,08:02,08:15
R0107,P60,return,hospital_to_patient,H2,HOME_P60,H2,dialysis,P1,high,2.0,vsl_required,5,5,1,-1,715,730,770,715,25,1,R0106,PU_R0107,DO_R0107,2026-05-18 11:55:00,2026-05-18 12:10:00,2026-05-18 12:50:00,2026-05-18 11:55:00,11:55,12:10,12:50
R0108,P61,outbound,patient_to_hospital,HOME_P61,H1,H1,dialysis,P1,high,2.0,prescription_medicale,5,5,1,-1,750,792,805,805,25,1,,PU_R0108,DO_R0108,2026-05-18 12:30:00,2026-05-18 13:12:00,2026-05-18 13:25:00,2026-05-18 13:25:00,12:30,13:12,13:25
R0109,P62,outbound,patient_to_hospital,HOME_P62,H1,H1,oncology,P1,high,2.0,vsl_required,5,5,1,-1,430,476,485,485,25,1,R0110,PU_R0109,DO_R0109,2026-05-18 07:10:00,2026-05-18 07:56:00,2026-05-18 08:05:00,2026-05-18 08:05:00,07:10,07:56,08:05
R0110,P62,return,hospital_to_patient,H1,HOME_P62,H1,oncology,P1,high,2.0,vsl_required,5,5,1,-1,665,680,720,665,25,1,R0109,PU_R0110,DO_R0110,2026-05-18 11:05:00,2026-05-18 11:20:00,2026-05-18 12:00:00,2026-05-18 11:05:00,11:05,11:20,12:00
R0111,P63,outbound,patient_to_hospital,HOME_P63,H2,H2,other,P2,medium,1.5,prescription_medicale,5,5,1,-1,510,568,575,575,35,1,R0112,PU_R0111,DO_R0111,2026-05-18 08:30:00,2026-05-18 09:28:00,2026-05-18 09:35:00,2026-05-18 09:35:00,08:30,09:28,09:35
R0112,P63,return,hospital_to_patient,H2,HOME_P63,H2,other,P2,medium,1.5,prescription_medicale,5,5,1,-1,615,640,690,615,35,1,R0111,PU_R0112,DO_R0112,2026-05-18 10:15:00,2026-05-18 10:40:00,2026-05-18 11:30:00,2026-05-18 10:15:00,10:15,10:40,11:30
R0113,P64,outbound,patient_to_hospital,HOME_P64,H2,H2,other,P2,medium,1.5,prescription_medicale,5,5,1,-1,845,899,910,910,35,1,R0114,PU_R0113,DO_R0113,2026-05-18 14:05:00,2026-05-18 14:59:00,2026-05-18 15:10:00,2026-05-18 15:10:00,14:05,14:59,15:10
R0114,P64,return,hospital_to_patient,H2,HOME_P64,H2,other,P2,medium,1.5,prescription_medicale,5,5,1,-1,940,965,1015,940,35,1,R0113,PU_R0114,DO_R0114,2026-05-18 15:40:00,2026-05-18 16:05:00,2026-05-18 16:55:00,2026-05-18 15:40:00,15:40,16:05,16:55
R0115,P65,outbound,patient_to_hospital,HOME_P65,H1,H1,dialysis,P1,high,2.0,vsl_required,5,5,1,-1,475,517,530,530,25,1,R0116,PU_R0115,DO_R0115,2026-05-18 07:55:00,2026-05-18 08:37:00,2026-05-18 08:50:00,2026-05-18 08:50:00,07:55,08:37,08:50
R0116,P65,return,hospital_to_patient,H1,HOME_P65,H1,dialysis,P1,high,2.0,vsl_required,5,5,1,-1,770,785,825,770,25,1,R0115,PU_R0116,DO_R0116,2026-05-18 12:50:00,2026-05-18 13:05:00,2026-05-18 13:45:00,2026-05-18 12:50:00,12:50,13:05,13:45
R0117,P66,outbound,patient_to_hospital,HOME_P66,H1,H1,dialysis,P1,high,2.0,vsl_required,5,5,1,-1,425,471,480,480,25,1,R0118,PU_R0117,DO_R0117,2026-05-18 07:05:00,2026-05-18 07:51:00,2026-05-18 08:00:00,2026-05-18 08:00:00,07:05,07:51,08:00
R0118,P66,return,hospital_to_patient,H1,HOME_P66,H1,dialysis,P1,high,2.0,vsl_required,5,5,1,-1,720,735,775,720,25,1,R0117,PU_R0118,DO_R0118,2026-05-18 12:00:00,2026-05-18 12:15:00,2026-05-18 12:55:00,2026-05-18 12:00:00,12:00,12:15,12:55
R0119,P67,outbound,patient_to_hospital,HOME_P67,H1,H1,other,P2,medium,1.5,standard_assis,5,5,1,-1,905,952,970,970,35,1,,PU_R0119,DO_R0119,2026-05-18 15:05:00,2026-05-18 15:52:00,2026-05-18 16:10:00,2026-05-18 16:10:00,15:05,15:52,16:10
R0120,P68,outbound,patient_to_hospital,HOME_P68,H2,H2,other,P2,medium,1.5,standard_assis,5,5,1,-1,635,683,700,700,35,1,R0121,PU_R0120,DO_R0120,2026-05-18 10:35:00,2026-05-18 11:23:00,2026-05-18 11:40:00,2026-05-18 11:40:00,10:35,11:23,11:40
R0121,P68,return,hospital_to_patient,H2,HOME_P68,H2,other,P2,medium,1.5,standard_assis,5,5,1,-1,730,755,805,730,35,1,R0120,PU_R0121,DO_R0121,2026-05-18 12:10:00,2026-05-18 12:35:00,2026-05-18 13:25:00,2026-05-18 12:10:00,12:10,12:35,13:25
R0122,P69,outbound,patient_to_hospital,HOME_P69,H2,H2,other,P2,medium,1.5,standard_assis,5,5,1,-1,610,655,675,675,35,1,R0123,PU_R0122,DO_R0122,2026-05-18 10:10:00,2026-05-18 10:55:00,2026-05-18 11:15:00,2026-05-18 11:15:00,10:10,10:55,11:15
R0123,P69,return,hospital_to_patient,H2,HOME_P69,H2,other,P2,medium,1.5,standard_assis,5,5,1,-1,710,735,785,710,35,1,R0122,PU_R0123,DO_R0123,2026-05-18 11:50:00,2026-05-18 12:15:00,2026-05-18 13:05:00,2026-05-18 11:50:00,11:50,12:15,13:05
R0124,P70,outbound,patient_to_hospital,HOME_P70,H1,H1,oncology,P1,high,2.0,vsl_required,5,5,1,-1,830,868,885,885,25,1,,PU_R0124,DO_R0124,2026-05-18 13:50:00,2026-05-18 14:28:00,2026-05-18 14:45:00,2026-05-18 14:45:00,13:50,14:28,14:45
R0125,P71,outbound,patient_to_hospital,HOME_P71,H1,H1,oncology,P1,high,2.0,standard_assis,5,5,1,-1,475,519,530,530,25,1,R0126,PU_R0125,DO_R0125,2026-05-18 07:55:00,2026-05-18 08:39:00,2026-05-18 08:50:00,2026-05-18 08:50:00,07:55,08:39,08:50
R0126,P71,return,hospital_to_patient,H1,HOME_P71,H1,oncology,P1,high,2.0,standard_assis,5,5,1,-1,705,720,760,705,25,1,R0125,PU_R0126,DO_R0126,2026-05-18 11:45:00,2026-05-18 12:00:00,2026-05-18 12:40:00,2026-05-18 11:45:00,11:45,12:00,12:40
R0127,P72,outbound,patient_to_hospital,HOME_P72,H3,H3,dialysis,P1,high,2.0,vsl_required,5,5,1,-1,755,798,810,810,25,1,,PU_R0127,DO_R0127,2026-05-18 12:35:00,2026-05-18 13:18:00,2026-05-18 13:30:00,2026-05-18 13:30:00,12:35,13:18,13:30
R0128,P73,outbound,patient_to_hospital,HOME_P73,H1,H1,oncology,P1,high,2.0,prescription_medicale,5,5,1,-1,610,652,665,665,25,1,R0129,PU_R0128,DO_R0128,2026-05-18 10:10:00,2026-05-18 10:52:00,2026-05-18 11:05:00,2026-05-18 11:05:00,10:10,10:52,11:05
R0129,P73,return,hospital_to_patient,H1,HOME_P73,H1,oncology,P1,high,2.0,prescription_medicale,5,5,1,-1,825,840,880,825,25,1,R0128,PU_R0129,DO_R0129,2026-05-18 13:45:00,2026-05-18 14:00:00,2026-05-18 14:40:00,2026-05-18 13:45:00,13:45,14:00,14:40
R0130,P74,outbound,patient_to_hospital,HOME_P74,H2,H2,other,P2,medium,1.5,standard_assis,5,5,1,-1,630,685,695,695,35,1,R0131,PU_R0130,DO_R0130,2026-05-18 10:30:00,2026-05-18 11:25:00,2026-05-18 11:35:00,2026-05-18 11:35:00,10:30,11:25,11:35
R0131,P74,return,hospital_to_patient,H2,HOME_P74,H2,other,P2,medium,1.5,standard_assis,5,5,1,-1,725,750,800,725,35,1,R0130,PU_R0131,DO_R0131,2026-05-18 12:05:00,2026-05-18 12:30:00,2026-05-18 13:20:00,2026-05-18 12:05:00,12:05,12:30,13:20
R0132,P75,outbound,patient_to_hospital,HOME_P75,H1,H1,oncology,P1,high,2.0,prescription_medicale,5,5,1,-1,460,508,515,515,25,1,R0133,PU_R0132,DO_R0132,2026-05-18 07:40:00,2026-05-18 08:28:00,2026-05-18 08:35:00,2026-05-18 08:35:00,07:40,08:28,08:35
R0133,P75,return,hospital_to_patient,H1,HOME_P75,H1,oncology,P1,high,2.0,prescription_medicale,5,5,1,-1,675,690,730,675,25,1,R0132,PU_R0133,DO_R0133,2026-05-18 11:15:00,2026-05-18 11:30:00,2026-05-18 12:10:00,2026-05-18 11:15:00,11:15,11:30,12:10
R0134,P76,outbound,patient_to_hospital,HOME_P76,H1,H1,other,P2,medium,1.5,prescription_medicale,5,5,1,-1,590,635,655,655,35,1,R0135,PU_R0134,DO_R0134,2026-05-18 09:50:00,2026-05-18 10:35:00,2026-05-18 10:55:00,2026-05-18 10:55:00,09:50,10:35,10:55
R0135,P76,return,hospital_to_patient,H1,HOME_P76,H1,other,P2,medium,1.5,prescription_medicale,5,5,1,-1,775,800,850,775,35,1,R0134,PU_R0135,DO_R0135,2026-05-18 12:55:00,2026-05-18 13:20:00,2026-05-18 14:10:00,2026-05-18 12:55:00,12:55,13:20,14:10
R0136,P77,outbound,patient_to_hospital,HOME_P77,H2,H2,other,P2,medium,1.5,standard_assis,5,5,1,-1,460,505,525,525,35,1,R0137,PU_R0136,DO_R0136,2026-05-18 07:40:00,2026-05-18 08:25:00,2026-05-18 08:45:00,2026-05-18 08:45:00,07:40,08:25,08:45
R0137,P77,return,hospital_to_patient,H2,HOME_P77,H2,other,P2,medium,1.5,standard_assis,5,5,1,-1,555,580,630,555,35,1,R0136,PU_R0137,DO_R0137,2026-05-18 09:15:00,2026-05-18 09:40:00,2026-05-18 10:30:00,2026-05-18 09:15:00,09:15,09:40,10:30
R0138,P78,outbound,patient_to_hospital,HOME_P78,H1,H1,dialysis,P1,high,2.0,prescription_medicale,5,5,1,-1,470,517,525,525,25,1,R0139,PU_R0138,DO_R0138,2026-05-18 07:50:00,2026-05-18 08:37:00,2026-05-18 08:45:00,2026-05-18 08:45:00,07:50,08:37,08:45
R0139,P78,return,hospital_to_patient,H1,HOME_P78,H1,dialysis,P1,high,2.0,prescription_medicale,5,5,1,-1,765,780,820,765,25,1,R0138,PU_R0139,DO_R0139,2026-05-18 12:45:00,2026-05-18 13:00:00,2026-05-18 13:40:00,2026-05-18 12:45:00,12:45,13:00,13:40
R0140,P79,outbound,patient_to_hospital,HOME_P79,H1,H1,dialysis,P1,high,2.0,vsl_required,5,5,1,-1,480,520,535,535,25,1,R0141,PU_R0140,DO_R0140,2026-05-18 08:00:00,2026-05-18 08:40:00,2026-05-18 08:55:00,2026-05-18 08:55:00,08:00,08:40,08:55
R0141,P79,return,hospital_to_patient,H1,HOME_P79,H1,dialysis,P1,high,2.0,vsl_required,5,5,1,-1,775,790,830,775,25,1,R0140,PU_R0141,DO_R0141,2026-05-18 12:55:00,2026-05-18 13:10:00,2026-05-18 13:50:00,2026-05-18 12:55:00,12:55,13:10,13:50
R0142,P80,outbound,patient_to_hospital,HOME_P80,H1,H1,other,P2,medium,1.5,prescription_medicale,5,5,1,-1,600,644,665,665,35,1,R0143,PU_R0142,DO_R0142,2026-05-18 10:00:00,2026-05-18 10:44:00,2026-05-18 11:05:00,2026-05-18 11:05:00,10:00,10:44,11:05
R0143,P80,return,hospital_to_patient,H1,HOME_P80,H1,other,P2,medium,1.5,prescription_medicale,5,5,1,-1,740,765,815,740,35,1,R0142,PU_R0143,DO_R0143,2026-05-18 12:20:00,2026-05-18 12:45:00,2026-05-18 13:35:00,2026-05-18 12:20:00,12:20,12:45,13:35
R0144,P81,outbound,patient_to_hospital,HOME_P81,H1,H1,other,P2,medium,1.5,standard_assis,5,5,1,-1,455,504,520,520,35,1,R0145,PU_R0144,DO_R0144,2026-05-18 07:35:00,2026-05-18 08:24:00,2026-05-18 08:40:00,2026-05-18 08:40:00,07:35,08:24,08:40
R0145,P81,return,hospital_to_patient,H1,HOME_P81,H1,other,P2,medium,1.5,standard_assis,5,5,1,-1,610,635,685,610,35,1,R0144,PU_R0145,DO_R0145,2026-05-18 10:10:00,2026-05-18 10:35:00,2026-05-18 11:25:00,2026-05-18 10:10:00,10:10,10:35,11:25
R0146,P82,outbound,patient_to_hospital,HOME_P82,H3,H3,dialysis,P1,high,2.0,prescription_medicale,5,5,1,-1,470,518,525,525,25,1,R0147,PU_R0146,DO_R0146,2026-05-18 07:50:00,2026-05-18 08:38:00,2026-05-18 08:45:00,2026-05-18 08:45:00,07:50,08:38,08:45
R0147,P82,return,hospital_to_patient,H3,HOME_P82,H3,dialysis,P1,high,2.0,prescription_medicale,5,5,1,-1,785,800,840,785,25,1,R0146,PU_R0147,DO_R0147,2026-05-18 13:05:00,2026-05-18 13:20:00,2026-05-18 14:00:00,2026-05-18 13:05:00,13:05,13:20,14:00
R0148,P83,outbound,patient_to_hospital,HOME_P83,H1,H1,other,P2,medium,1.5,prescription_medicale,5,5,1,-1,520,563,585,585,35,1,R0149,PU_R0148,DO_R0148,2026-05-18 08:40:00,2026-05-18 09:23:00,2026-05-18 09:45:00,2026-05-18 09:45:00,08:40,09:23,09:45
R0149,P83,return,hospital_to_patient,H1,HOME_P83,H1,other,P2,medium,1.5,prescription_medicale,5,5,1,-1,685,710,760,685,35,1,R0148,PU_R0149,DO_R0149,2026-05-18 11:25:00,2026-05-18 11:50:00,2026-05-18 12:40:00,2026-05-18 11:25:00,11:25,11:50,12:40
R0150,P84,outbound,patient_to_hospital,HOME_P84,H2,H2,dialysis,P1,high,2.0,vsl_required,5,5,1,-1,750,799,805,805,25,1,,PU_R0150,DO_R0150,2026-05-18 12:30:00,2026-05-18 13:19:00,2026-05-18 13:25:00,2026-05-18 13:25:00,12:30,13:19,13:25
R0151,P85,outbound,patient_to_hospital,HOME_P85,H3,H3,dialysis,P1,high,2.0,vsl_required,5,5,1,-1,740,782,795,795,25,1,,PU_R0151,DO_R0151,2026-05-18 12:20:00,2026-05-18 13:02:00,2026-05-18 13:15:00,2026-05-18 13:15:00,12:20,13:02,13:15
R0152,P86,outbound,patient_to_hospital,HOME_P86,H1,H1,oncology,P1,high,2.0,vsl_required,5,5,1,-1,615,653,670,670,25,1,R0153,PU_R0152,DO_R0152,2026-05-18 10:15:00,2026-05-18 10:53:00,2026-05-18 11:10:00,2026-05-18 11:10:00,10:15,10:53,11:10
R0153,P86,return,hospital_to_patient,H1,HOME_P86,H1,oncology,P1,high,2.0,vsl_required,5,5,1,-1,840,855,895,840,25,1,R0152,PU_R0153,DO_R0153,2026-05-18 14:00:00,2026-05-18 14:15:00,2026-05-18 14:55:00,2026-05-18 14:00:00,14:00,14:15,14:55
R0154,P87,outbound,patient_to_hospital,HOME_P87,H1,H1,dialysis,P1,high,2.0,prescription_medicale,5,5,1,-1,1005,1055,1060,1060,25,1,,PU_R0154,DO_R0154,2026-05-18 16:45:00,2026-05-18 17:35:00,2026-05-18 17:40:00,2026-05-18 17:40:00,16:45,17:35,17:40
R0155,P88,outbound,patient_to_hospital,HOME_P88,H1,H1,dialysis,P1,high,2.0,vsl_required,5,5,1,-1,440,480,495,495,25,1,R0156,PU_R0155,DO_R0155,2026-05-18 07:20:00,2026-05-18 08:00:00,2026-05-18 08:15:00,2026-05-18 08:15:00,07:20,08:00,08:15
R0156,P88,return,hospital_to_patient,H1,HOME_P88,H1,dialysis,P1,high,2.0,vsl_required,5,5,1,-1,735,750,790,735,25,1,R0155,PU_R0156,DO_R0156,2026-05-18 12:15:00,2026-05-18 12:30:00,2026-05-18 13:10:00,2026-05-18 12:15:00,12:15,12:30,13:10
R0157,P89,outbound,patient_to_hospital,HOME_P89,H1,H1,other,P2,medium,1.5,standard_assis,5,5,1,-1,475,523,540,540,35,1,,PU_R0157,DO_R0157,2026-05-18 07:55:00,2026-05-18 08:43:00,2026-05-18 09:00:00,2026-05-18 09:00:00,07:55,08:43,09:00
R0158,P90,outbound,patient_to_hospital,HOME_P90,H2,H2,other,P2,medium,1.5,prescription_medicale,5,5,1,-1,800,857,865,865,35,1,R0159,PU_R0158,DO_R0158,2026-05-18 13:20:00,2026-05-18 14:17:00,2026-05-18 14:25:00,2026-05-18 14:25:00,13:20,14:17,14:25
R0159,P90,return,hospital_to_patient,H2,HOME_P90,H2,other,P2,medium,1.5,prescription_medicale,5,5,1,-1,900,925,975,900,35,1,R0158,PU_R0159,DO_R0159,2026-05-18 15:00:00,2026-05-18 15:25:00,2026-05-18 16:15:00,2026-05-18 15:00:00,15:00,15:25,16:15
R0160,P91,outbound,patient_to_hospital,HOME_P91,H1,H1,other,P2,medium,1.5,vsl_required,5,5,1,-1,460,520,525,525,35,1,R0161,PU_R0160,DO_R0160,2026-05-18 07:40:00,2026-05-18 08:40:00,2026-05-18 08:45:00,2026-05-18 08:45:00,07:40,08:40,08:45
R0161,P91,return,hospital_to_patient,H1,HOME_P91,H1,other,P2,medium,1.5,vsl_required,5,5,1,-1,610,635,685,610,35,1,R0160,PU_R0161,DO_R0161,2026-05-18 10:10:00,2026-05-18 10:35:00,2026-05-18 11:25:00,2026-05-18 10:10:00,10:10,10:35,11:25
R0162,P92,outbound,patient_to_hospital,HOME_P92,H1,H1,other,P2,medium,1.5,standard_assis,5,5,1,-1,620,672,685,685,35,1,R0163,PU_R0162,DO_R0162,2026-05-18 10:20:00,2026-05-18 11:12:00,2026-05-18 11:25:00,2026-05-18 11:25:00,10:20,11:12,11:25
R0163,P92,return,hospital_to_patient,H1,HOME_P92,H1,other,P2,medium,1.5,standard_assis,5,5,1,-1,765,790,840,765,35,1,R0162,PU_R0163,DO_R0163,2026-05-18 12:45:00,2026-05-18 13:10:00,2026-05-18 14:00:00,2026-05-18 12:45:00,12:45,13:10,14:00
R0164,P93,outbound,patient_to_hospital,HOME_P93,H2,H2,dialysis,P1,high,2.0,prescription_medicale,5,5,1,-1,770,812,825,825,25,1,,PU_R0164,DO_R0164,2026-05-18 12:50:00,2026-05-18 13:32:00,2026-05-18 13:45:00,2026-05-18 13:45:00,12:50,13:32,13:45
R0165,P94,outbound,patient_to_hospital,HOME_P94,H1,H1,oncology,P1,high,2.0,vsl_required,5,5,1,-1,480,518,535,535,25,1,R0166,PU_R0165,DO_R0165,2026-05-18 08:00:00,2026-05-18 08:38:00,2026-05-18 08:55:00,2026-05-18 08:55:00,08:00,08:38,08:55
R0166,P94,return,hospital_to_patient,H1,HOME_P94,H1,oncology,P1,high,2.0,vsl_required,5,5,1,-1,690,705,745,690,25,1,R0165,PU_R0166,DO_R0166,2026-05-18 11:30:00,2026-05-18 11:45:00,2026-05-18 12:25:00,2026-05-18 11:30:00,11:30,11:45,12:25
R0167,P95,outbound,patient_to_hospital,HOME_P95,H1,H1,dialysis,P1,high,2.0,prescription_medicale,5,5,1,-1,725,767,780,780,25,1,R0168,PU_R0167,DO_R0167,2026-05-18 12:05:00,2026-05-18 12:47:00,2026-05-18 13:00:00,2026-05-18 13:00:00,12:05,12:47,13:00
R0168,P95,return,hospital_to_patient,H1,HOME_P95,H1,dialysis,P1,high,2.0,prescription_medicale,5,5,1,-1,1020,1035,1075,1020,25,1,R0167,PU_R0168,DO_R0168,2026-05-18 17:00:00,2026-05-18 17:15:00,2026-05-18 17:55:00,2026-05-18 17:00:00,17:00,17:15,17:55
R0169,P96,outbound,patient_to_hospital,HOME_P96,H2,H2,oncology,P1,high,2.0,prescription_medicale,5,5,1,-1,850,895,905,905,25,1,,PU_R0169,DO_R0169,2026-05-18 14:10:00,2026-05-18 14:55:00,2026-05-18 15:05:00,2026-05-18 15:05:00,14:10,14:55,15:05
R0170,P97,outbound,patient_to_hospital,HOME_P97,H1,H1,other,P2,medium,1.5,standard_assis,5,5,1,-1,610,653,675,675,35,1,R0171,PU_R0170,DO_R0170,2026-05-18 10:10:00,2026-05-18 10:53:00,2026-05-18 11:15:00,2026-05-18 11:15:00,10:10,10:53,11:15
R0171,P97,return,hospital_to_patient,H1,HOME_P97,H1,other,P2,medium,1.5,standard_assis,5,5,1,-1,790,815,865,790,35,1,R0170,PU_R0171,DO_R0171,2026-05-18 13:10:00,2026-05-18 13:35:00,2026-05-18 14:25:00,2026-05-18 13:10:00,13:10,13:35,14:25
R0172,P98,outbound,patient_to_hospital,HOME_P98,H1,H1,external,P3,low,1.0,standard_assis,5,5,1,-1,970,1024,1055,1055,55,1,,PU_R0172,DO_R0172,2026-05-18 16:10:00,2026-05-18 17:04:00,2026-05-18 17:35:00,2026-05-18 17:35:00,16:10,17:04,17:35
R0173,P99,outbound,patient_to_hospital,HOME_P99,H1,H1,dialysis,P1,high,2.0,vsl_required,5,5,1,-1,750,797,805,805,25,1,,PU_R0173,DO_R0173,2026-05-18 12:30:00,2026-05-18 13:17:00,2026-05-18 13:25:00,2026-05-18 13:25:00,12:30,13:17,13:25
R0174,P100,outbound,patient_to_hospital,HOME_P100,H1,H1,dialysis,P1,high,2.0,vsl_required,5,5,1,-1,765,806,820,820,25,1,,PU_R0174,DO_R0174,2026-05-18 12:45:00,2026-05-18 13:26:00,2026-05-18 13:40:00,2026-05-18 13:40:00,12:45,13:26,13:40
R0175,P101,outbound,patient_to_hospital,HOME_P101,H2,H2,oncology,P1,high,2.0,vsl_required,5,5,1,-1,450,493,505,505,25,1,R0176,PU_R0175,DO_R0175,2026-05-18 07:30:00,2026-05-18 08:13:00,2026-05-18 08:25:00,2026-05-18 08:25:00,07:30,08:13,08:25
R0176,P101,return,hospital_to_patient,H2,HOME_P101,H2,oncology,P1,high,2.0,vsl_required,5,5,1,-1,710,725,765,710,25,1,R0175,PU_R0176,DO_R0176,2026-05-18 11:50:00,2026-05-18 12:05:00,2026-05-18 12:45:00,2026-05-18 11:50:00,11:50,12:05,12:45
R0177,P102,outbound,patient_to_hospital,HOME_P102,H2,H2,dialysis,P1,high,2.0,vsl_required,5,5,1,-1,435,483,490,490,25,1,R0178,PU_R0177,DO_R0177,2026-05-18 07:15:00,2026-05-18 08:03:00,2026-05-18 08:10:00,2026-05-18 08:10:00,07:15,08:03,08:10
R0178,P102,return,hospital_to_patient,H2,HOME_P102,H2,dialysis,P1,high,2.0,vsl_required,5,5,1,-1,750,765,805,750,25,1,R0177,PU_R0178,DO_R0178,2026-05-18 12:30:00,2026-05-18 12:45:00,2026-05-18 13:25:00,2026-05-18 12:30:00,12:30,12:45,13:25
R0179,P103,outbound,patient_to_hospital,HOME_P103,H3,H3,dialysis,P1,high,2.0,vsl_required,5,5,1,-1,425,471,480,480,25,1,R0180,PU_R0179,DO_R0179,2026-05-18 07:05:00,2026-05-18 07:51:00,2026-05-18 08:00:00,2026-05-18 08:00:00,07:05,07:51,08:00
R0180,P103,return,hospital_to_patient,H3,HOME_P103,H3,dialysis,P1,high,2.0,vsl_required,5,5,1,-1,750,765,805,750,25,1,R0179,PU_R0180,DO_R0180,2026-05-18 12:30:00,2026-05-18 12:45:00,2026-05-18 13:25:00,2026-05-18 12:30:00,12:30,12:45,13:25
R0181,P104,outbound,patient_to_hospital,HOME_P104,H1,H1,other,P2,medium,1.5,standard_assis,5,5,1,-1,935,980,1000,1000,35,1,,PU_R0181,DO_R0181,2026-05-18 15:35:00,2026-05-18 16:20:00,2026-05-18 16:40:00,2026-05-18 16:40:00,15:35,16:20,16:40
R0182,P105,outbound,patient_to_hospital,HOME_P105,H1,H1,dialysis,P1,high,2.0,vsl_required,5,5,1,-1,460,510,515,515,25,1,R0183,PU_R0182,DO_R0182,2026-05-18 07:40:00,2026-05-18 08:30:00,2026-05-18 08:35:00,2026-05-18 08:35:00,07:40,08:30,08:35
R0183,P105,return,hospital_to_patient,H1,HOME_P105,H1,dialysis,P1,high,2.0,vsl_required,5,5,1,-1,755,770,810,755,25,1,R0182,PU_R0183,DO_R0183,2026-05-18 12:35:00,2026-05-18 12:50:00,2026-05-18 13:30:00,2026-05-18 12:35:00,12:35,12:50,13:30
R0184,P106,outbound,patient_to_hospital,HOME_P106,H1,H1,dialysis,P1,high,2.0,vsl_required,5,5,1,-1,965,1008,1020,1020,25,1,,PU_R0184,DO_R0184,2026-05-18 16:05:00,2026-05-18 16:48:00,2026-05-18 17:00:00,2026-05-18 17:00:00,16:05,16:48,17:00
R0185,P107,outbound,patient_to_hospital,HOME_P107,H1,H1,dialysis,P1,high,2.0,vsl_required,5,5,1,-1,735,785,790,790,25,1,,PU_R0185,DO_R0185,2026-05-18 12:15:00,2026-05-18 13:05:00,2026-05-18 13:10:00,2026-05-18 13:10:00,12:15,13:05,13:10
R0186,P108,outbound,patient_to_hospital,HOME_P108,H1,H1,dialysis,P1,high,2.0,vsl_required,5,5,1,-1,750,797,805,805,25,1,,PU_R0186,DO_R0186,2026-05-18 12:30:00,2026-05-18 13:17:00,2026-05-18 13:25:00,2026-05-18 13:25:00,12:30,13:17,13:25
R0187,P109,outbound,patient_to_hospital,HOME_P109,H2,H2,other,P2,medium,1.5,prescription_medicale,5,5,1,-1,585,629,650,650,35,1,,PU_R0187,DO_R0187,2026-05-18 09:45:00,2026-05-18 10:29:00,2026-05-18 10:50:00,2026-05-18 10:50:00,09:45,10:29,10:50
R0188,P110,outbound,patient_to_hospital,HOME_P110,H3,H3,dialysis,P1,high,2.0,vsl_required,5,5,1,-1,425,469,480,480,25,1,R0189,PU_R0188,DO_R0188,2026-05-18 07:05:00,2026-05-18 07:49:00,2026-05-18 08:00:00,2026-05-18 08:00:00,07:05,07:49,08:00
R0189,P110,return,hospital_to_patient,H3,HOME_P110,H3,dialysis,P1,high,2.0,vsl_required,5,5,1,-1,720,735,775,720,25,1,R0188,PU_R0189,DO_R0189,2026-05-18 12:00:00,2026-05-18 12:15:00,2026-05-18 12:55:00,2026-05-18 12:00:00,12:00,12:15,12:55
R0190,P111,outbound,patient_to_hospital,HOME_P111,H1,H1,dialysis,P1,high,2.0,prescription_medicale,5,5,1,-1,770,816,825,825,25,1,,PU_R0190,DO_R0190,2026-05-18 12:50:00,2026-05-18 13:36:00,2026-05-18 13:45:00,2026-05-18 13:45:00,12:50,13:36,13:45
R0191,P112,outbound,patient_to_hospital,HOME_P112,H1,H1,other,P2,medium,1.5,standard_assis,5,5,1,-1,780,834,845,845,35,1,R0192,PU_R0191,DO_R0191,2026-05-18 13:00:00,2026-05-18 13:54:00,2026-05-18 14:05:00,2026-05-18 14:05:00,13:00,13:54,14:05
R0192,P112,return,hospital_to_patient,H1,HOME_P112,H1,other,P2,medium,1.5,standard_assis,5,5,1,-1,920,945,995,920,35,1,R0191,PU_R0192,DO_R0192,2026-05-18 15:20:00,2026-05-18 15:45:00,2026-05-18 16:35:00,2026-05-18 15:20:00,15:20,15:45,16:35
R0193,P113,outbound,patient_to_hospital,HOME_P113,H1,H1,dialysis,P1,high,2.0,prescription_medicale,5,5,1,-1,770,814,825,825,25,1,,PU_R0193,DO_R0193,2026-05-18 12:50:00,2026-05-18 13:34:00,2026-05-18 13:45:00,2026-05-18 13:45:00,12:50,13:34,13:45
R0194,P114,outbound,patient_to_hospital,HOME_P114,H2,H2,dialysis,P1,high,2.0,prescription_medicale,5,5,1,-1,740,784,795,795,25,1,R0195,PU_R0194,DO_R0194,2026-05-18 12:20:00,2026-05-18 13:04:00,2026-05-18 13:15:00,2026-05-18 13:15:00,12:20,13:04,13:15
R0195,P114,return,hospital_to_patient,H2,HOME_P114,H2,dialysis,P1,high,2.0,prescription_medicale,5,5,1,-1,1005,1020,1060,1005,25,1,R0194,PU_R0195,DO_R0195,2026-05-18 16:45:00,2026-05-18 17:00:00,2026-05-18 17:40:00,2026-05-18 16:45:00,16:45,17:00,17:40
R0196,P115,outbound,patient_to_hospital,HOME_P115,H3,H3,dialysis,P1,high,2.0,vsl_required,5,5,1,-1,450,493,505,505,25,1,R0197,PU_R0196,DO_R0196,2026-05-18 07:30:00,2026-05-18 08:13:00,2026-05-18 08:25:00,2026-05-18 08:25:00,07:30,08:13,08:25
R0197,P115,return,hospital_to_patient,H3,HOME_P115,H3,dialysis,P1,high,2.0,vsl_required,5,5,1,-1,745,760,800,745,25,1,R0196,PU_R0197,DO_R0197,2026-05-18 12:25:00,2026-05-18 12:40:00,2026-05-18 13:20:00,2026-05-18 12:25:00,12:25,12:40,13:20
R0198,P116,outbound,patient_to_hospital,HOME_P116,H1,H1,dialysis,P1,high,2.0,vsl_required,5,5,1,-1,445,491,500,500,25,1,R0199,PU_R0198,DO_R0198,2026-05-18 07:25:00,2026-05-18 08:11:00,2026-05-18 08:20:00,2026-05-18 08:20:00,07:25,08:11,08:20
R0199,P116,return,hospital_to_patient,H1,HOME_P116,H1,dialysis,P1,high,2.0,vsl_required,5,5,1,-1,740,755,795,740,25,1,R0198,PU_R0199,DO_R0199,2026-05-18 12:20:00,2026-05-18 12:35:00,2026-05-18 13:15:00,2026-05-18 12:20:00,12:20,12:35,13:15
R0200,P117,outbound,patient_to_hospital,HOME_P117,H1,H1,oncology,P1,high,2.0,prescription_medicale,5,5,1,-1,445,483,500,500,25,1,R0201,PU_R0200,DO_R0200,2026-05-18 07:25:00,2026-05-18 08:03:00,2026-05-18 08:20:00,2026-05-18 08:20:00,07:25,08:03,08:20
R0201,P117,return,hospital_to_patient,H1,HOME_P117,H1,oncology,P1,high,2.0,prescription_medicale,5,5,1,-1,665,680,720,665,25,1,R0200,PU_R0201,DO_R0201,2026-05-18 11:05:00,2026-05-18 11:20:00,2026-05-18 12:00:00,2026-05-18 11:05:00,11:05,11:20,12:00
R0202,P118,outbound,patient_to_hospital,HOME_P118,H1,H1,oncology,P1,high,2.0,prescription_medicale,5,5,1,-1,790,828,845,845,25,1,R0203,PU_R0202,DO_R0202,2026-05-18 13:10:00,2026-05-18 13:48:00,2026-05-18 14:05:00,2026-05-18 14:05:00,13:10,13:48,14:05
R0203,P118,return,hospital_to_patient,H1,HOME_P118,H1,oncology,P1,high,2.0,prescription_medicale,5,5,1,-1,1015,1030,1070,1015,25,1,R0202,PU_R0203,DO_R0203,2026-05-18 16:55:00,2026-05-18 17:10:00,2026-05-18 17:50:00,2026-05-18 16:55:00,16:55,17:10,17:50
R0204,P119,outbound,patient_to_hospital,HOME_P119,H3,H3,dialysis,P1,high,2.0,vsl_required,5,5,1,-1,725,766,780,780,25,1,R0205,PU_R0204,DO_R0204,2026-05-18 12:05:00,2026-05-18 12:46:00,2026-05-18 13:00:00,2026-05-18 13:00:00,12:05,12:46,13:00
R0205,P119,return,hospital_to_patient,H3,HOME_P119,H3,dialysis,P1,high,2.0,vsl_required,5,5,1,-1,995,1010,1050,995,25,1,R0204,PU_R0205,DO_R0205,2026-05-18 16:35:00,2026-05-18 16:50:00,2026-05-18 17:30:00,2026-05-18 16:35:00,16:35,16:50,17:30
R0206,P120,outbound,patient_to_hospital,HOME_P120,H2,H2,dialysis,P1,high,2.0,vsl_required,5,5,1,-1,760,803,815,815,25,1,,PU_R0206,DO_R0206,2026-05-18 12:40:00,2026-05-18 13:23:00,2026-05-18 13:35:00,2026-05-18 13:35:00,12:40,13:23,13:35
R0207,P121,outbound,patient_to_hospital,HOME_P121,H1,H1,external,P3,low,1.0,standard_assis,5,5,1,-1,480,532,560,560,50,1,R0208,PU_R0207,DO_R0207,2026-05-18 08:00:00,2026-05-18 08:52:00,2026-05-18 09:20:00,2026-05-18 09:20:00,08:00,08:52,09:20
R0208,P121,return,hospital_to_patient,H1,HOME_P121,H1,external,P3,low,1.0,standard_assis,5,5,1,-1,590,625,690,590,50,1,R0207,PU_R0208,DO_R0208,2026-05-18 09:50:00,2026-05-18 10:25:00,2026-05-18 11:30:00,2026-05-18 09:50:00,09:50,10:25,11:30
R0209,P122,outbound,patient_to_hospital,HOME_P122,H2,H2,oncology,P1,high,2.0,vsl_required,5,5,1,-1,855,897,910,910,25,1,R0210,PU_R0209,DO_R0209,2026-05-18 14:15:00,2026-05-18 14:57:00,2026-05-18 15:10:00,2026-05-18 15:10:00,14:15,14:57,15:10
R0210,P122,return,hospital_to_patient,H2,HOME_P122,H2,oncology,P1,high,2.0,vsl_required,5,5,1,-1,970,985,1025,970,25,1,R0209,PU_R0210,DO_R0210,2026-05-18 16:10:00,2026-05-18 16:25:00,2026-05-18 17:05:00,2026-05-18 16:10:00,16:10,16:25,17:05
R0211,P123,outbound,patient_to_hospital,HOME_P123,H2,H2,dialysis,P1,high,2.0,vsl_required,5,5,1,-1,425,467,480,480,25,1,R0212,PU_R0211,DO_R0211,2026-05-18 07:05:00,2026-05-18 07:47:00,2026-05-18 08:00:00,2026-05-18 08:00:00,07:05,07:47,08:00
R0212,P123,return,hospital_to_patient,H2,HOME_P123,H2,dialysis,P1,high,2.0,vsl_required,5,5,1,-1,740,755,795,740,25,1,R0211,PU_R0212,DO_R0212,2026-05-18 12:20:00,2026-05-18 12:35:00,2026-05-18 13:15:00,2026-05-18 12:20:00,12:20,12:35,13:15
R0213,P124,outbound,patient_to_hospital,HOME_P124,H2,H2,dialysis,P1,high,2.0,vsl_required,5,5,1,-1,445,489,500,500,25,1,R0214,PU_R0213,DO_R0213,2026-05-18 07:25:00,2026-05-18 08:09:00,2026-05-18 08:20:00,2026-05-18 08:20:00,07:25,08:09,08:20
R0214,P124,return,hospital_to_patient,H2,HOME_P124,H2,dialysis,P1,high,2.0,vsl_required,5,5,1,-1,735,750,790,735,25,1,R0213,PU_R0214,DO_R0214,2026-05-18 12:15:00,2026-05-18 12:30:00,2026-05-18 13:10:00,2026-05-18 12:15:00,12:15,12:30,13:10
R0215,P125,outbound,patient_to_hospital,HOME_P125,H1,H1,other,P2,medium,1.5,standard_assis,5,5,1,-1,630,675,695,695,35,1,R0216,PU_R0215,DO_R0215,2026-05-18 10:30:00,2026-05-18 11:15:00,2026-05-18 11:35:00,2026-05-18 11:35:00,10:30,11:15,11:35
R0216,P125,return,hospital_to_patient,H1,HOME_P125,H1,other,P2,medium,1.5,standard_assis,5,5,1,-1,810,835,885,810,35,1,R0215,PU_R0216,DO_R0216,2026-05-18 13:30:00,2026-05-18 13:55:00,2026-05-18 14:45:00,2026-05-18 13:30:00,13:30,13:55,14:45
R0217,P126,outbound,patient_to_hospital,HOME_P126,H1,H1,other,P2,medium,1.5,standard_assis,5,5,1,-1,650,699,715,715,35,1,R0218,PU_R0217,DO_R0217,2026-05-18 10:50:00,2026-05-18 11:39:00,2026-05-18 11:55:00,2026-05-18 11:55:00,10:50,11:39,11:55
R0218,P126,return,hospital_to_patient,H1,HOME_P126,H1,other,P2,medium,1.5,standard_assis,5,5,1,-1,800,825,875,800,35,1,R0217,PU_R0218,DO_R0218,2026-05-18 13:20:00,2026-05-18 13:45:00,2026-05-18 14:35:00,2026-05-18 13:20:00,13:20,13:45,14:35
R0219,P127,outbound,patient_to_hospital,HOME_P127,H1,H1,dialysis,P1,high,2.0,vsl_required,5,5,1,-1,730,771,785,785,25,1,R0220,PU_R0219,DO_R0219,2026-05-18 12:10:00,2026-05-18 12:51:00,2026-05-18 13:05:00,2026-05-18 13:05:00,12:10,12:51,13:05
R0220,P127,return,hospital_to_patient,H1,HOME_P127,H1,dialysis,P1,high,2.0,vsl_required,5,5,1,-1,1025,1040,1080,1025,25,1,R0219,PU_R0220,DO_R0220,2026-05-18 17:05:00,2026-05-18 17:20:00,2026-05-18 18:00:00,2026-05-18 17:05:00,17:05,17:20,18:00
R0221,P128,outbound,patient_to_hospital,HOME_P128,H2,H2,oncology,P1,high,2.0,vsl_required,5,5,1,-1,460,504,515,515,25,1,R0222,PU_R0221,DO_R0221,2026-05-18 07:40:00,2026-05-18 08:24:00,2026-05-18 08:35:00,2026-05-18 08:35:00,07:40,08:24,08:35
R0222,P128,return,hospital_to_patient,H2,HOME_P128,H2,oncology,P1,high,2.0,vsl_required,5,5,1,-1,855,870,910,855,25,1,R0221,PU_R0222,DO_R0222,2026-05-18 14:15:00,2026-05-18 14:30:00,2026-05-18 15:10:00,2026-05-18 14:15:00,14:15,14:30,15:10
R0223,P129,outbound,patient_to_hospital,HOME_P129,H3,H3,dialysis,P1,high,2.0,vsl_required,5,5,1,-1,745,788,800,800,25,1,,PU_R0223,DO_R0223,2026-05-18 12:25:00,2026-05-18 13:08:00,2026-05-18 13:20:00,2026-05-18 13:20:00,12:25,13:08,13:20
R0224,P130,outbound,patient_to_hospital,HOME_P130,H1,H1,oncology,P1,high,2.0,prescription_medicale,5,5,1,-1,480,523,535,535,25,1,R0225,PU_R0224,DO_R0224,2026-05-18 08:00:00,2026-05-18 08:43:00,2026-05-18 08:55:00,2026-05-18 08:55:00,08:00,08:43,08:55
R0225,P130,return,hospital_to_patient,H1,HOME_P130,H1,oncology,P1,high,2.0,prescription_medicale,5,5,1,-1,685,700,740,685,25,1,R0224,PU_R0225,DO_R0225,2026-05-18 11:25:00,2026-05-18 11:40:00,2026-05-18 12:20:00,2026-05-18 11:25:00,11:25,11:40,12:20
R0226,P131,outbound,patient_to_hospital,HOME_P131,H2,H2,other,P2,medium,1.5,standard_assis,5,5,1,-1,520,566,585,585,35,1,R0227,PU_R0226,DO_R0226,2026-05-18 08:40:00,2026-05-18 09:26:00,2026-05-18 09:45:00,2026-05-18 09:45:00,08:40,09:26,09:45
R0227,P131,return,hospital_to_patient,H2,HOME_P131,H2,other,P2,medium,1.5,standard_assis,5,5,1,-1,615,640,690,615,35,1,R0226,PU_R0227,DO_R0227,2026-05-18 10:15:00,2026-05-18 10:40:00,2026-05-18 11:30:00,2026-05-18 10:15:00,10:15,10:40,11:30
R0228,P132,outbound,patient_to_hospital,HOME_P132,H1,H1,oncology,P1,high,2.0,standard_assis,5,5,1,-1,470,515,525,525,25,1,R0229,PU_R0228,DO_R0228,2026-05-18 07:50:00,2026-05-18 08:35:00,2026-05-18 08:45:00,2026-05-18 08:45:00,07:50,08:35,08:45
R0229,P132,return,hospital_to_patient,H1,HOME_P132,H1,oncology,P1,high,2.0,standard_assis,5,5,1,-1,680,695,735,680,25,1,R0228,PU_R0229,DO_R0229,2026-05-18 11:20:00,2026-05-18 11:35:00,2026-05-18 12:15:00,2026-05-18 11:20:00,11:20,11:35,12:15
R0230,P133,outbound,patient_to_hospital,HOME_P133,H2,H2,dialysis,P1,high,2.0,vsl_required,5,5,1,-1,480,522,535,535,25,1,R0231,PU_R0230,DO_R0230,2026-05-18 08:00:00,2026-05-18 08:42:00,2026-05-18 08:55:00,2026-05-18 08:55:00,08:00,08:42,08:55
R0231,P133,return,hospital_to_patient,H2,HOME_P133,H2,dialysis,P1,high,2.0,vsl_required,5,5,1,-1,795,810,850,795,25,1,R0230,PU_R0231,DO_R0231,2026-05-18 13:15:00,2026-05-18 13:30:00,2026-05-18 14:10:00,2026-05-18 13:15:00,13:15,13:30,14:10
R0232,P134,outbound,patient_to_hospital,HOME_P134,H2,H2,other,P2,medium,1.5,standard_assis,5,5,1,-1,470,525,535,535,35,1,R0233,PU_R0232,DO_R0232,2026-05-18 07:50:00,2026-05-18 08:45:00,2026-05-18 08:55:00,2026-05-18 08:55:00,07:50,08:45,08:55
R0233,P134,return,hospital_to_patient,H2,HOME_P134,H2,other,P2,medium,1.5,standard_assis,5,5,1,-1,575,600,650,575,35,1,R0232,PU_R0233,DO_R0233,2026-05-18 09:35:00,2026-05-18 10:00:00,2026-05-18 10:50:00,2026-05-18 09:35:00,09:35,10:00,10:50
R0234,P135,outbound,patient_to_hospital,HOME_P135,H1,H1,oncology,P1,high,2.0,vsl_required,5,5,1,-1,435,479,490,490,25,1,R0235,PU_R0234,DO_R0234,2026-05-18 07:15:00,2026-05-18 07:59:00,2026-05-18 08:10:00,2026-05-18 08:10:00,07:15,07:59,08:10
R0235,P135,return,hospital_to_patient,H1,HOME_P135,H1,oncology,P1,high,2.0,vsl_required,5,5,1,-1,660,675,715,660,25,1,R0234,PU_R0235,DO_R0235,2026-05-18 11:00:00,2026-05-18 11:15:00,2026-05-18 11:55:00,2026-05-18 11:00:00,11:00,11:15,11:55
R0236,P136,outbound,patient_to_hospital,HOME_P136,H1,H1,oncology,P1,high,2.0,vsl_required,5,5,1,-1,425,469,480,480,25,1,R0237,PU_R0236,DO_R0236,2026-05-18 07:05:00,2026-05-18 07:49:00,2026-05-18 08:00:00,2026-05-18 08:00:00,07:05,07:49,08:00
R0237,P136,return,hospital_to_patient,H1,HOME_P136,H1,oncology,P1,high,2.0,vsl_required,5,5,1,-1,645,660,700,645,25,1,R0236,PU_R0237,DO_R0237,2026-05-18 10:45:00,2026-05-18 11:00:00,2026-05-18 11:40:00,2026-05-18 10:45:00,10:45,11:00,11:40
R0238,P137,outbound,patient_to_hospital,HOME_P137,H3,H3,dialysis,P1,high,2.0,prescription_medicale,5,5,1,-1,450,497,505,505,25,1,R0239,PU_R0238,DO_R0238,2026-05-18 07:30:00,2026-05-18 08:17:00,2026-05-18 08:25:00,2026-05-18 08:25:00,07:30,08:17,08:25
R0239,P137,return,hospital_to_patient,H3,HOME_P137,H3,dialysis,P1,high,2.0,prescription_medicale,5,5,1,-1,740,755,795,740,25,1,R0238,PU_R0239,DO_R0239,2026-05-18 12:20:00,2026-05-18 12:35:00,2026-05-18 13:15:00,2026-05-18 12:20:00,12:20,12:35,13:15
R0240,P138,outbound,patient_to_hospital,HOME_P138,H2,H2,other,P2,medium,1.5,standard_assis,5,5,1,-1,1010,1060,1075,1075,35,1,,PU_R0240,DO_R0240,2026-05-18 16:50:00,2026-05-18 17:40:00,2026-05-18 17:55:00,2026-05-18 17:55:00,16:50,17:40,17:55
R0241,P139,outbound,patient_to_hospital,HOME_P139,H2,H2,oncology,P1,high,2.0,vsl_required,5,5,1,-1,445,483,500,500,25,1,R0242,PU_R0241,DO_R0241,2026-05-18 07:25:00,2026-05-18 08:03:00,2026-05-18 08:20:00,2026-05-18 08:20:00,07:25,08:03,08:20
R0242,P139,return,hospital_to_patient,H2,HOME_P139,H2,oncology,P1,high,2.0,vsl_required,5,5,1,-1,730,745,785,730,25,1,R0241,PU_R0242,DO_R0242,2026-05-18 12:10:00,2026-05-18 12:25:00,2026-05-18 13:05:00,2026-05-18 12:10:00,12:10,12:25,13:05
R0243,P140,outbound,patient_to_hospital,HOME_P140,H1,H1,oncology,P1,high,2.0,vsl_required,5,5,1,-1,815,854,870,870,25,1,,PU_R0243,DO_R0243,2026-05-18 13:35:00,2026-05-18 14:14:00,2026-05-18 14:30:00,2026-05-18 14:30:00,13:35,14:14,14:30
R0244,P141,outbound,patient_to_hospital,HOME_P141,H2,H2,oncology,P1,high,2.0,standard_assis,5,5,1,-1,765,815,820,820,25,1,,PU_R0244,DO_R0244,2026-05-18 12:45:00,2026-05-18 13:35:00,2026-05-18 13:40:00,2026-05-18 13:40:00,12:45,13:35,13:40
R0245,P142,outbound,patient_to_hospital,HOME_P142,H1,H1,dialysis,P1,high,2.0,prescription_medicale,5,5,1,-1,780,821,835,835,25,1,,PU_R0245,DO_R0245,2026-05-18 13:00:00,2026-05-18 13:41:00,2026-05-18 13:55:00,2026-05-18 13:55:00,13:00,13:41,13:55
R0246,P143,outbound,patient_to_hospital,HOME_P143,H1,H1,other,P2,medium,1.5,standard_assis,5,5,1,-1,480,530,545,545,35,1,R0247,PU_R0246,DO_R0246,2026-05-18 08:00:00,2026-05-18 08:50:00,2026-05-18 09:05:00,2026-05-18 09:05:00,08:00,08:50,09:05
R0247,P143,return,hospital_to_patient,H1,HOME_P143,H1,other,P2,medium,1.5,standard_assis,5,5,1,-1,645,670,720,645,35,1,R0246,PU_R0247,DO_R0247,2026-05-18 10:45:00,2026-05-18 11:10:00,2026-05-18 12:00:00,2026-05-18 10:45:00,10:45,11:10,12:00
R0248,P144,outbound,patient_to_hospital,HOME_P144,H2,H2,other,P2,medium,1.5,vsl_required,5,5,1,-1,845,898,910,910,35,1,R0249,PU_R0248,DO_R0248,2026-05-18 14:05:00,2026-05-18 14:58:00,2026-05-18 15:10:00,2026-05-18 15:10:00,14:05,14:58,15:10
R0249,P144,return,hospital_to_patient,H2,HOME_P144,H2,other,P2,medium,1.5,vsl_required,5,5,1,-1,935,960,1010,935,35,1,R0248,PU_R0249,DO_R0249,2026-05-18 15:35:00,2026-05-18 16:00:00,2026-05-18 16:50:00,2026-05-18 15:35:00,15:35,16:00,16:50
R0250,P145,outbound,patient_to_hospital,HOME_P145,H2,H2,other,P2,medium,1.5,standard_assis,5,5,1,-1,850,900,915,915,35,1,R0251,PU_R0250,DO_R0250,2026-05-18 14:10:00,2026-05-18 15:00:00,2026-05-18 15:15:00,2026-05-18 15:15:00,14:10,15:00,15:15
R0251,P145,return,hospital_to_patient,H2,HOME_P145,H2,other,P2,medium,1.5,standard_assis,5,5,1,-1,955,980,1030,955,35,1,R0250,PU_R0251,DO_R0251,2026-05-18 15:55:00,2026-05-18 16:20:00,2026-05-18 17:10:00,2026-05-18 15:55:00,15:55,16:20,17:10
R0252,P146,outbound,patient_to_hospital,HOME_P146,H1,H1,external,P3,low,1.0,standard_assis,5,5,1,-1,694,746,775,775,51,1,R0253,PU_R0252,DO_R0252,2026-05-18 11:34:00,2026-05-18 12:26:00,2026-05-18 12:55:00,2026-05-18 12:55:00,11:34,12:26,12:55
R0253,P146,return,hospital_to_patient,H1,HOME_P146,H1,external,P3,low,1.0,standard_assis,5,5,1,-1,805,840,906,805,51,1,R0252,PU_R0253,DO_R0253,2026-05-18 13:25:00,2026-05-18 14:00:00,2026-05-18 15:06:00,2026-05-18 13:25:00,13:25,14:00,15:06
R0254,P147,outbound,patient_to_hospital,HOME_P147,H1,H1,other,P2,medium,1.5,standard_assis,5,5,1,-1,635,690,700,700,35,1,R0255,PU_R0254,DO_R0254,2026-05-18 10:35:00,2026-05-18 11:30:00,2026-05-18 11:40:00,2026-05-18 11:40:00,10:35,11:30,11:40
R0255,P147,return,hospital_to_patient,H1,HOME_P147,H1,other,P2,medium,1.5,standard_assis,5,5,1,-1,785,810,860,785,35,1,R0254,PU_R0255,DO_R0255,2026-05-18 13:05:00,2026-05-18 13:30:00,2026-05-18 14:20:00,2026-05-18 13:05:00,13:05,13:30,14:20
R0256,P148,outbound,patient_to_hospital,HOME_P148,H1,H1,other,P2,medium,1.5,prescription_medicale,5,5,1,-1,910,957,975,975,35,1,,PU_R0256,DO_R0256,2026-05-18 15:10:00,2026-05-18 15:57:00,2026-05-18 16:15:00,2026-05-18 16:15:00,15:10,15:57,16:15
R0257,P149,outbound,patient_to_hospital,HOME_P149,H1,H1,dialysis,P1,high,2.0,prescription_medicale,5,5,1,-1,450,491,505,505,25,1,R0258,PU_R0257,DO_R0257,2026-05-18 07:30:00,2026-05-18 08:11:00,2026-05-18 08:25:00,2026-05-18 08:25:00,07:30,08:11,08:25
R0258,P149,return,hospital_to_patient,H1,HOME_P149,H1,dialysis,P1,high,2.0,prescription_medicale,5,5,1,-1,745,760,800,745,25,1,R0257,PU_R0258,DO_R0258,2026-05-18 12:25:00,2026-05-18 12:40:00,2026-05-18 13:20:00,2026-05-18 12:25:00,12:25,12:40,13:20
R0259,P150,outbound,patient_to_hospital,HOME_P150,H1,H1,dialysis,P1,high,2.0,prescription_medicale,5,5,1,-1,750,796,805,805,25,1,,PU_R0259,DO_R0259,2026-05-18 12:30:00,2026-05-18 13:16:00,2026-05-18 13:25:00,2026-05-18 13:25:00,12:30,13:16,13:25
R0260,P151,outbound,patient_to_hospital,HOME_P151,H1,H1,other,P2,medium,1.5,prescription_medicale,5,5,1,-1,580,628,645,645,35,1,R0261,PU_R0260,DO_R0260,2026-05-18 09:40:00,2026-05-18 10:28:00,2026-05-18 10:45:00,2026-05-18 10:45:00,09:40,10:28,10:45
R0261,P151,return,hospital_to_patient,H1,HOME_P151,H1,other,P2,medium,1.5,prescription_medicale,5,5,1,-1,725,750,800,725,35,1,R0260,PU_R0261,DO_R0261,2026-05-18 12:05:00,2026-05-18 12:30:00,2026-05-18 13:20:00,2026-05-18 12:05:00,12:05,12:30,13:20
R0262,P152,outbound,patient_to_hospital,HOME_P152,H2,H2,dialysis,P1,high,2.0,vsl_required,5,5,1,-1,765,807,820,820,25,1,,PU_R0262,DO_R0262,2026-05-18 12:45:00,2026-05-18 13:27:00,2026-05-18 13:40:00,2026-05-18 13:40:00,12:45,13:27,13:40
R0263,P153,outbound,patient_to_hospital,HOME_P153,H1,H1,other,P2,medium,1.5,vsl_required,5,5,1,-1,530,577,595,595,35,1,R0264,PU_R0263,DO_R0263,2026-05-18 08:50:00,2026-05-18 09:37:00,2026-05-18 09:55:00,2026-05-18 09:55:00,08:50,09:37,09:55
R0264,P153,return,hospital_to_patient,H1,HOME_P153,H1,other,P2,medium,1.5,vsl_required,5,5,1,-1,685,710,760,685,35,1,R0263,PU_R0264,DO_R0264,2026-05-18 11:25:00,2026-05-18 11:50:00,2026-05-18 12:40:00,2026-05-18 11:25:00,11:25,11:50,12:40
R0265,P154,outbound,patient_to_hospital,HOME_P154,H1,H1,dialysis,P1,high,2.0,vsl_required,5,5,1,-1,470,520,525,525,25,1,R0266,PU_R0265,DO_R0265,2026-05-18 07:50:00,2026-05-18 08:40:00,2026-05-18 08:45:00,2026-05-18 08:45:00,07:50,08:40,08:45
R0266,P154,return,hospital_to_patient,H1,HOME_P154,H1,dialysis,P1,high,2.0,vsl_required,5,5,1,-1,765,780,820,765,25,1,R0265,PU_R0266,DO_R0266,2026-05-18 12:45:00,2026-05-18 13:00:00,2026-05-18 13:40:00,2026-05-18 12:45:00,12:45,13:00,13:40
R0267,P155,outbound,patient_to_hospital,HOME_P155,H1,H1,dialysis,P1,high,2.0,vsl_required,5,5,1,-1,450,495,505,505,25,1,R0268,PU_R0267,DO_R0267,2026-05-18 07:30:00,2026-05-18 08:15:00,2026-05-18 08:25:00,2026-05-18 08:25:00,07:30,08:15,08:25
R0268,P155,return,hospital_to_patient,H1,HOME_P155,H1,dialysis,P1,high,2.0,vsl_required,5,5,1,-1,745,760,800,745,25,1,R0267,PU_R0268,DO_R0268,2026-05-18 12:25:00,2026-05-18 12:40:00,2026-05-18 13:20:00,2026-05-18 12:25:00,12:25,12:40,13:20
R0269,P156,outbound,patient_to_hospital,HOME_P156,H1,H1,external,P3,low,1.0,standard_assis,5,5,1,-1,880,936,955,955,45,1,R0270,PU_R0269,DO_R0269,2026-05-18 14:40:00,2026-05-18 15:36:00,2026-05-18 15:55:00,2026-05-18 15:55:00,14:40,15:36,15:55
R0270,P156,return,hospital_to_patient,H1,HOME_P156,H1,external,P3,low,1.0,standard_assis,5,5,1,-1,975,1010,1070,975,45,1,R0269,PU_R0270,DO_R0270,2026-05-18 16:15:00,2026-05-18 16:50:00,2026-05-18 17:50:00,2026-05-18 16:15:00,16:15,16:50,17:50
R0271,P157,outbound,patient_to_hospital,HOME_P157,H1,H1,dialysis,P1,high,2.0,prescription_medicale,5,5,1,-1,750,800,805,805,25,1,,PU_R0271,DO_R0271,2026-05-18 12:30:00,2026-05-18 13:20:00,2026-05-18 13:25:00,2026-05-18 13:25:00,12:30,13:20,13:25
R0272,P158,outbound,patient_to_hospital,HOME_P158,H1,H1,other,P2,medium,1.5,standard_assis,5,5,1,-1,650,700,715,715,35,1,R0273,PU_R0272,DO_R0272,2026-05-18 10:50:00,2026-05-18 11:40:00,2026-05-18 11:55:00,2026-05-18 11:55:00,10:50,11:40,11:55
R0273,P158,return,hospital_to_patient,H1,HOME_P158,H1,other,P2,medium,1.5,standard_assis,5,5,1,-1,830,855,905,830,35,1,R0272,PU_R0273,DO_R0273,2026-05-18 13:50:00,2026-05-18 14:15:00,2026-05-18 15:05:00,2026-05-18 13:50:00,13:50,14:15,15:05
R0274,P159,outbound,patient_to_hospital,HOME_P159,H1,H1,oncology,P1,high,2.0,standard_assis,5,5,1,-1,620,657,675,675,25,1,R0275,PU_R0274,DO_R0274,2026-05-18 10:20:00,2026-05-18 10:57:00,2026-05-18 11:15:00,2026-05-18 11:15:00,10:20,10:57,11:15
R0275,P159,return,hospital_to_patient,H1,HOME_P159,H1,oncology,P1,high,2.0,standard_assis,5,5,1,-1,825,840,880,825,25,1,R0274,PU_R0275,DO_R0275,2026-05-18 13:45:00,2026-05-18 14:00:00,2026-05-18 14:40:00,2026-05-18 13:45:00,13:45,14:00,14:40
R0276,P160,outbound,patient_to_hospital,HOME_P160,H1,H1,dialysis,P1,high,2.0,vsl_required,5,5,1,-1,455,501,510,510,25,1,R0277,PU_R0276,DO_R0276,2026-05-18 07:35:00,2026-05-18 08:21:00,2026-05-18 08:30:00,2026-05-18 08:30:00,07:35,08:21,08:30
R0277,P160,return,hospital_to_patient,H1,HOME_P160,H1,dialysis,P1,high,2.0,vsl_required,5,5,1,-1,750,765,805,750,25,1,R0276,PU_R0277,DO_R0277,2026-05-18 12:30:00,2026-05-18 12:45:00,2026-05-18 13:25:00,2026-05-18 12:30:00,12:30,12:45,13:25
R0278,P161,outbound,patient_to_hospital,HOME_P161,H2,H2,dialysis,P1,high,2.0,prescription_medicale,5,5,1,-1,780,820,835,835,25,1,,PU_R0278,DO_R0278,2026-05-18 13:00:00,2026-05-18 13:40:00,2026-05-18 13:55:00,2026-05-18 13:55:00,13:00,13:40,13:55
R0279,P162,outbound,patient_to_hospital,HOME_P162,H1,H1,oncology,P1,high,2.0,vsl_required,5,5,1,-1,430,469,485,485,25,1,R0280,PU_R0279,DO_R0279,2026-05-18 07:10:00,2026-05-18 07:49:00,2026-05-18 08:05:00,2026-05-18 08:05:00,07:10,07:49,08:05
R0280,P162,return,hospital_to_patient,H1,HOME_P162,H1,oncology,P1,high,2.0,vsl_required,5,5,1,-1,660,675,715,660,25,1,R0279,PU_R0280,DO_R0280,2026-05-18 11:00:00,2026-05-18 11:15:00,2026-05-18 11:55:00,2026-05-18 11:00:00,11:00,11:15,11:55
R0281,P163,outbound,patient_to_hospital,HOME_P163,H2,H2,other,P2,medium,1.5,prescription_medicale,5,5,1,-1,515,560,580,580,35,1,R0282,PU_R0281,DO_R0281,2026-05-18 08:35:00,2026-05-18 09:20:00,2026-05-18 09:40:00,2026-05-18 09:40:00,08:35,09:20,09:40
R0282,P163,return,hospital_to_patient,H2,HOME_P163,H2,other,P2,medium,1.5,prescription_medicale,5,5,1,-1,605,630,680,605,35,1,R0281,PU_R0282,DO_R0282,2026-05-18 10:05:00,2026-05-18 10:30:00,2026-05-18 11:20:00,2026-05-18 10:05:00,10:05,10:30,11:20
R0283,P164,outbound,patient_to_hospital,HOME_P164,H2,H2,dialysis,P1,high,2.0,prescription_medicale,5,5,1,-1,440,489,495,495,25,1,R0284,PU_R0283,DO_R0283,2026-05-18 07:20:00,2026-05-18 08:09:00,2026-05-18 08:15:00,2026-05-18 08:15:00,07:20,08:09,08:15
R0284,P164,return,hospital_to_patient,H2,HOME_P164,H2,dialysis,P1,high,2.0,prescription_medicale,5,5,1,-1,705,720,760,705,25,1,R0283,PU_R0284,DO_R0284,2026-05-18 11:45:00,2026-05-18 12:00:00,2026-05-18 12:40:00,2026-05-18 11:45:00,11:45,12:00,12:40
R0285,P165,outbound,patient_to_hospital,HOME_P165,H2,H2,dialysis,P1,high,2.0,vsl_required,5,5,1,-1,450,497,505,505,25,1,R0286,PU_R0285,DO_R0285,2026-05-18 07:30:00,2026-05-18 08:17:00,2026-05-18 08:25:00,2026-05-18 08:25:00,07:30,08:17,08:25
R0286,P165,return,hospital_to_patient,H2,HOME_P165,H2,dialysis,P1,high,2.0,vsl_required,5,5,1,-1,770,785,825,770,25,1,R0285,PU_R0286,DO_R0286,2026-05-18 12:50:00,2026-05-18 13:05:00,2026-05-18 13:45:00,2026-05-18 12:50:00,12:50,13:05,13:45
R0287,P166,outbound,patient_to_hospital,HOME_P166,H3,H3,dialysis,P1,high,2.0,vsl_required,5,5,1,-1,1020,1063,1075,1075,25,1,,PU_R0287,DO_R0287,2026-05-18 17:00:00,2026-05-18 17:43:00,2026-05-18 17:55:00,2026-05-18 17:55:00,17:00,17:43,17:55
R0288,P167,outbound,patient_to_hospital,HOME_P167,H2,H2,other,P2,medium,1.5,premium,5,5,1,-1,775,820,840,840,35,1,R0289,PU_R0288,DO_R0288,2026-05-18 12:55:00,2026-05-18 13:40:00,2026-05-18 14:00:00,2026-05-18 14:00:00,12:55,13:40,14:00
R0289,P167,return,hospital_to_patient,H2,HOME_P167,H2,other,P2,medium,1.5,premium,5,5,1,-1,875,900,950,875,35,1,R0288,PU_R0289,DO_R0289,2026-05-18 14:35:00,2026-05-18 15:00:00,2026-05-18 15:50:00,2026-05-18 14:35:00,14:35,15:00,15:50
R0290,P168,outbound,patient_to_hospital,HOME_P168,H1,H1,other,P2,medium,1.5,standard_assis,5,5,1,-1,505,551,570,570,35,1,R0291,PU_R0290,DO_R0290,2026-05-18 08:25:00,2026-05-18 09:11:00,2026-05-18 09:30:00,2026-05-18 09:30:00,08:25,09:11,09:30
R0291,P168,return,hospital_to_patient,H1,HOME_P168,H1,other,P2,medium,1.5,standard_assis,5,5,1,-1,645,670,720,645,35,1,R0290,PU_R0291,DO_R0291,2026-05-18 10:45:00,2026-05-18 11:10:00,2026-05-18 12:00:00,2026-05-18 10:45:00,10:45,11:10,12:00
R0292,P169,outbound,patient_to_hospital,HOME_P169,H1,H1,external,P3,low,1.0,prescription_medicale,5,5,1,-1,755,812,830,830,45,1,R0293,PU_R0292,DO_R0292,2026-05-18 12:35:00,2026-05-18 13:32:00,2026-05-18 13:50:00,2026-05-18 13:50:00,12:35,13:32,13:50
R0293,P169,return,hospital_to_patient,H1,HOME_P169,H1,external,P3,low,1.0,prescription_medicale,5,5,1,-1,855,890,950,855,45,1,R0292,PU_R0293,DO_R0293,2026-05-18 14:15:00,2026-05-18 14:50:00,2026-05-18 15:50:00,2026-05-18 14:15:00,14:15,14:50,15:50
R0294,P170,outbound,patient_to_hospital,HOME_P170,H2,H2,other,P2,medium,1.5,prescription_medicale,5,5,1,-1,465,525,530,530,35,1,R0295,PU_R0294,DO_R0294,2026-05-18 07:45:00,2026-05-18 08:45:00,2026-05-18 08:50:00,2026-05-18 08:50:00,07:45,08:45,08:50
R0295,P170,return,hospital_to_patient,H2,HOME_P170,H2,other,P2,medium,1.5,prescription_medicale,5,5,1,-1,555,580,630,555,35,1,R0294,PU_R0295,DO_R0295,2026-05-18 09:15:00,2026-05-18 09:40:00,2026-05-18 10:30:00,2026-05-18 09:15:00,09:15,09:40,10:30
R0296,P171,outbound,patient_to_hospital,HOME_P171,H1,H1,dialysis,P1,high,2.0,vsl_required,5,5,1,-1,975,1017,1030,1030,25,1,,PU_R0296,DO_R0296,2026-05-18 16:15:00,2026-05-18 16:57:00,2026-05-18 17:10:00,2026-05-18 17:10:00,16:15,16:57,17:10
R0297,P172,outbound,patient_to_hospital,HOME_P172,H3,H3,dialysis,P1,high,2.0,vsl_required,5,5,1,-1,430,480,485,485,25,1,R0298,PU_R0297,DO_R0297,2026-05-18 07:10:00,2026-05-18 08:00:00,2026-05-18 08:05:00,2026-05-18 08:05:00,07:10,08:00,08:05
R0298,P172,return,hospital_to_patient,H3,HOME_P172,H3,dialysis,P1,high,2.0,vsl_required,5,5,1,-1,705,720,760,705,25,1,R0297,PU_R0298,DO_R0298,2026-05-18 11:45:00,2026-05-18 12:00:00,2026-05-18 12:40:00,2026-05-18 11:45:00,11:45,12:00,12:40
R0299,P173,outbound,patient_to_hospital,HOME_P173,H1,H1,oncology,P1,high,2.0,prescription_medicale,5,5,1,-1,480,527,535,535,25,1,R0300,PU_R0299,DO_R0299,2026-05-18 08:00:00,2026-05-18 08:47:00,2026-05-18 08:55:00,2026-05-18 08:55:00,08:00,08:47,08:55
R0300,P173,return,hospital_to_patient,H1,HOME_P173,H1,oncology,P1,high,2.0,prescription_medicale,5,5,1,-1,700,715,755,700,25,1,R0299,PU_R0300,DO_R0300,2026-05-18 11:40:00,2026-05-18 11:55:00,2026-05-18 12:35:00,2026-05-18 11:40:00,11:40,11:55,12:35
R0301,P174,outbound,patient_to_hospital,HOME_P174,H2,H2,dialysis,P1,high,2.0,vsl_required,5,5,1,-1,730,772,785,785,25,1,R0302,PU_R0301,DO_R0301,2026-05-18 12:10:00,2026-05-18 12:52:00,2026-05-18 13:05:00,2026-05-18 13:05:00,12:10,12:52,13:05
R0302,P174,return,hospital_to_patient,H2,HOME_P174,H2,dialysis,P1,high,2.0,vsl_required,5,5,1,-1,1015,1030,1070,1015,25,1,R0301,PU_R0302,DO_R0302,2026-05-18 16:55:00,2026-05-18 17:10:00,2026-05-18 17:50:00,2026-05-18 16:55:00,16:55,17:10,17:50
R0303,P175,outbound,patient_to_hospital,HOME_P175,H1,H1,other,P2,medium,1.5,standard_assis,5,5,1,-1,510,557,575,575,35,1,R0304,PU_R0303,DO_R0303,2026-05-18 08:30:00,2026-05-18 09:17:00,2026-05-18 09:35:00,2026-05-18 09:35:00,08:30,09:17,09:35
R0304,P175,return,hospital_to_patient,H1,HOME_P175,H1,other,P2,medium,1.5,standard_assis,5,5,1,-1,695,720,770,695,35,1,R0303,PU_R0304,DO_R0304,2026-05-18 11:35:00,2026-05-18 12:00:00,2026-05-18 12:50:00,2026-05-18 11:35:00,11:35,12:00,12:50
R0305,P176,outbound,patient_to_hospital,HOME_P176,H2,H2,other,P2,medium,1.5,standard_assis,5,5,1,-1,490,535,555,555,35,1,R0306,PU_R0305,DO_R0305,2026-05-18 08:10:00,2026-05-18 08:55:00,2026-05-18 09:15:00,2026-05-18 09:15:00,08:10,08:55,09:15
R0306,P176,return,hospital_to_patient,H2,HOME_P176,H2,other,P2,medium,1.5,standard_assis,5,5,1,-1,590,615,665,590,35,1,R0305,PU_R0306,DO_R0306,2026-05-18 09:50:00,2026-05-18 10:15:00,2026-05-18 11:05:00,2026-05-18 09:50:00,09:50,10:15,11:05
R0307,P177,outbound,patient_to_hospital,HOME_P177,H2,H2,other,P2,medium,1.5,prescription_medicale,5,5,1,-1,985,1033,1050,1050,35,1,,PU_R0307,DO_R0307,2026-05-18 16:25:00,2026-05-18 17:13:00,2026-05-18 17:30:00,2026-05-18 17:30:00,16:25,17:13,17:30
R0308,P178,outbound,patient_to_hospital,HOME_P178,H1,H1,dialysis,P1,high,2.0,vsl_required,5,5,1,-1,465,512,520,520,25,1,R0309,PU_R0308,DO_R0308,2026-05-18 07:45:00,2026-05-18 08:32:00,2026-05-18 08:40:00,2026-05-18 08:40:00,07:45,08:32,08:40
R0309,P178,return,hospital_to_patient,H1,HOME_P178,H1,dialysis,P1,high,2.0,vsl_required,5,5,1,-1,760,775,815,760,25,1,R0308,PU_R0309,DO_R0309,2026-05-18 12:40:00,2026-05-18 12:55:00,2026-05-18 13:35:00,2026-05-18 12:40:00,12:40,12:55,13:35
R0310,P179,outbound,patient_to_hospital,HOME_P179,H1,H1,other,P2,medium,1.5,standard_assis,5,5,1,-1,650,703,715,715,35,1,R0311,PU_R0310,DO_R0310,2026-05-18 10:50:00,2026-05-18 11:43:00,2026-05-18 11:55:00,2026-05-18 11:55:00,10:50,11:43,11:55
R0311,P179,return,hospital_to_patient,H1,HOME_P179,H1,other,P2,medium,1.5,standard_assis,5,5,1,-1,785,810,860,785,35,1,R0310,PU_R0311,DO_R0311,2026-05-18 13:05:00,2026-05-18 13:30:00,2026-05-18 14:20:00,2026-05-18 13:05:00,13:05,13:30,14:20
R0312,P180,outbound,patient_to_hospital,HOME_P180,H1,H1,other,P2,medium,1.5,prescription_medicale,5,5,1,-1,445,490,510,510,35,1,R0313,PU_R0312,DO_R0312,2026-05-18 07:25:00,2026-05-18 08:10:00,2026-05-18 08:30:00,2026-05-18 08:30:00,07:25,08:10,08:30
R0313,P180,return,hospital_to_patient,H1,HOME_P180,H1,other,P2,medium,1.5,prescription_medicale,5,5,1,-1,625,650,700,625,35,1,R0312,PU_R0313,DO_R0313,2026-05-18 10:25:00,2026-05-18 10:50:00,2026-05-18 11:40:00,2026-05-18 10:25:00,10:25,10:50,11:40
R0314,P181,outbound,patient_to_hospital,HOME_P181,H1,H1,external,P3,low,1.0,standard_assis,5,5,1,-1,828,881,910,910,52,1,R0315,PU_R0314,DO_R0314,2026-05-18 13:48:00,2026-05-18 14:41:00,2026-05-18 15:10:00,2026-05-18 15:10:00,13:48,14:41,15:10
R0315,P181,return,hospital_to_patient,H1,HOME_P181,H1,external,P3,low,1.0,standard_assis,5,5,1,-1,935,970,1037,935,52,1,R0314,PU_R0315,DO_R0315,2026-05-18 15:35:00,2026-05-18 16:10:00,2026-05-18 17:17:00,2026-05-18 15:35:00,15:35,16:10,17:17
R0316,P182,outbound,patient_to_hospital,HOME_P182,H1,H1,other,P2,medium,1.5,standard_assis,5,5,1,-1,455,501,520,520,35,1,R0317,PU_R0316,DO_R0316,2026-05-18 07:35:00,2026-05-18 08:21:00,2026-05-18 08:40:00,2026-05-18 08:40:00,07:35,08:21,08:40
R0317,P182,return,hospital_to_patient,H1,HOME_P182,H1,other,P2,medium,1.5,standard_assis,5,5,1,-1,610,635,685,610,35,1,R0316,PU_R0317,DO_R0317,2026-05-18 10:10:00,2026-05-18 10:35:00,2026-05-18 11:25:00,2026-05-18 10:10:00,10:10,10:35,11:25
R0318,P183,outbound,patient_to_hospital,HOME_P183,H3,H3,dialysis,P1,high,2.0,vsl_required,5,5,1,-1,765,814,820,820,25,1,,PU_R0318,DO_R0318,2026-05-18 12:45:00,2026-05-18 13:34:00,2026-05-18 13:40:00,2026-05-18 13:40:00,12:45,13:34,13:40
R0319,P184,outbound,patient_to_hospital,HOME_P184,H2,H2,oncology,P1,high,2.0,prescription_medicale,5,5,1,-1,755,795,810,810,25,1,,PU_R0319,DO_R0319,2026-05-18 12:35:00,2026-05-18 13:15:00,2026-05-18 13:30:00,2026-05-18 13:30:00,12:35,13:15,13:30
R0320,P185,outbound,patient_to_hospital,HOME_P185,H1,H1,other,P2,medium,1.5,standard_assis,5,5,1,-1,805,858,870,870,35,1,R0321,PU_R0320,DO_R0320,2026-05-18 13:25:00,2026-05-18 14:18:00,2026-05-18 14:30:00,2026-05-18 14:30:00,13:25,14:18,14:30
R0321,P185,return,hospital_to_patient,H1,HOME_P185,H1,other,P2,medium,1.5,standard_assis,5,5,1,-1,960,985,1035,960,35,1,R0320,PU_R0321,DO_R0321,2026-05-18 16:00:00,2026-05-18 16:25:00,2026-05-18 17:15:00,2026-05-18 16:00:00,16:00,16:25,17:15
R0322,P186,outbound,patient_to_hospital,HOME_P186,H1,H1,other,P2,medium,1.5,standard_assis,5,5,1,-1,815,861,880,880,35,1,R0323,PU_R0322,DO_R0322,2026-05-18 13:35:00,2026-05-18 14:21:00,2026-05-18 14:40:00,2026-05-18 14:40:00,13:35,14:21,14:40
R0323,P186,return,hospital_to_patient,H1,HOME_P186,H1,other,P2,medium,1.5,standard_assis,5,5,1,-1,960,985,1035,960,35,1,R0322,PU_R0323,DO_R0323,2026-05-18 16:00:00,2026-05-18 16:25:00,2026-05-18 17:15:00,2026-05-18 16:00:00,16:00,16:25,17:15
R0324,P187,outbound,patient_to_hospital,HOME_P187,H1,H1,other,P2,medium,1.5,standard_assis,5,5,1,-1,835,886,900,900,35,1,R0325,PU_R0324,DO_R0324,2026-05-18 13:55:00,2026-05-18 14:46:00,2026-05-18 15:00:00,2026-05-18 15:00:00,13:55,14:46,15:00
R0325,P187,return,hospital_to_patient,H1,HOME_P187,H1,other,P2,medium,1.5,standard_assis,5,5,1,-1,965,990,1040,965,35,1,R0324,PU_R0325,DO_R0325,2026-05-18 16:05:00,2026-05-18 16:30:00,2026-05-18 17:20:00,2026-05-18 16:05:00,16:05,16:30,17:20
R0326,P188,outbound,patient_to_hospital,HOME_P188,H2,H2,other,P2,medium,1.5,vsl_required,5,5,1,-1,515,575,580,580,35,1,R0327,PU_R0326,DO_R0326,2026-05-18 08:35:00,2026-05-18 09:35:00,2026-05-18 09:40:00,2026-05-18 09:40:00,08:35,09:35,09:40
R0327,P188,return,hospital_to_patient,H2,HOME_P188,H2,other,P2,medium,1.5,vsl_required,5,5,1,-1,605,630,680,605,35,1,R0326,PU_R0327,DO_R0327,2026-05-18 10:05:00,2026-05-18 10:30:00,2026-05-18 11:20:00,2026-05-18 10:05:00,10:05,10:30,11:20
R0328,P189,outbound,patient_to_hospital,HOME_P189,H1,H1,other,P2,medium,1.5,prescription_medicale,5,5,1,-1,575,623,640,640,35,1,R0329,PU_R0328,DO_R0328,2026-05-18 09:35:00,2026-05-18 10:23:00,2026-05-18 10:40:00,2026-05-18 10:40:00,09:35,10:23,10:40
R0329,P189,return,hospital_to_patient,H1,HOME_P189,H1,other,P2,medium,1.5,prescription_medicale,5,5,1,-1,740,765,815,740,35,1,R0328,PU_R0329,DO_R0329,2026-05-18 12:20:00,2026-05-18 12:45:00,2026-05-18 13:35:00,2026-05-18 12:20:00,12:20,12:45,13:35
R0330,P190,outbound,patient_to_hospital,HOME_P190,H1,H1,other,P2,medium,1.5,standard_assis,5,5,1,-1,575,624,640,640,35,1,R0331,PU_R0330,DO_R0330,2026-05-18 09:35:00,2026-05-18 10:24:00,2026-05-18 10:40:00,2026-05-18 10:40:00,09:35,10:24,10:40
R0331,P190,return,hospital_to_patient,H1,HOME_P190,H1,other,P2,medium,1.5,standard_assis,5,5,1,-1,730,755,805,730,35,1,R0330,PU_R0331,DO_R0331,2026-05-18 12:10:00,2026-05-18 12:35:00,2026-05-18 13:25:00,2026-05-18 12:10:00,12:10,12:35,13:25
R0332,P191,outbound,patient_to_hospital,HOME_P191,H2,H2,dialysis,P1,high,2.0,prescription_medicale,5,5,1,-1,465,507,520,520,25,1,R0333,PU_R0332,DO_R0332,2026-05-18 07:45:00,2026-05-18 08:27:00,2026-05-18 08:40:00,2026-05-18 08:40:00,07:45,08:27,08:40
R0333,P191,return,hospital_to_patient,H2,HOME_P191,H2,dialysis,P1,high,2.0,prescription_medicale,5,5,1,-1,790,805,845,790,25,1,R0332,PU_R0333,DO_R0333,2026-05-18 13:10:00,2026-05-18 13:25:00,2026-05-18 14:05:00,2026-05-18 13:10:00,13:10,13:25,14:05
R0334,P192,outbound,patient_to_hospital,HOME_P192,H2,H2,oncology,P1,high,2.0,standard_assis,5,5,1,-1,470,510,525,525,25,1,R0335,PU_R0334,DO_R0334,2026-05-18 07:50:00,2026-05-18 08:30:00,2026-05-18 08:45:00,2026-05-18 08:45:00,07:50,08:30,08:45
R0335,P192,return,hospital_to_patient,H2,HOME_P192,H2,oncology,P1,high,2.0,standard_assis,5,5,1,-1,590,605,645,590,25,1,R0334,PU_R0335,DO_R0335,2026-05-18 09:50:00,2026-05-18 10:05:00,2026-05-18 10:45:00,2026-05-18 09:50:00,09:50,10:05,10:45
R0336,P193,outbound,patient_to_hospital,HOME_P193,H1,H1,other,P2,medium,1.5,standard_assis,5,5,1,-1,500,548,565,565,35,1,R0337,PU_R0336,DO_R0336,2026-05-18 08:20:00,2026-05-18 09:08:00,2026-05-18 09:25:00,2026-05-18 09:25:00,08:20,09:08,09:25
R0337,P193,return,hospital_to_patient,H1,HOME_P193,H1,other,P2,medium,1.5,standard_assis,5,5,1,-1,665,690,740,665,35,1,R0336,PU_R0337,DO_R0337,2026-05-18 11:05:00,2026-05-18 11:30:00,2026-05-18 12:20:00,2026-05-18 11:05:00,11:05,11:30,12:20
R0338,P194,outbound,patient_to_hospital,HOME_P194,H1,H1,external,P3,low,1.0,standard_assis,5,5,1,-1,482,538,570,570,58,1,R0339,PU_R0338,DO_R0338,2026-05-18 08:02:00,2026-05-18 08:58:00,2026-05-18 09:30:00,2026-05-18 09:30:00,08:02,08:58,09:30
R0339,P194,return,hospital_to_patient,H1,HOME_P194,H1,external,P3,low,1.0,standard_assis,5,5,1,-1,595,630,703,595,58,1,R0338,PU_R0339,DO_R0339,2026-05-18 09:55:00,2026-05-18 10:30:00,2026-05-18 11:43:00,2026-05-18 09:55:00,09:55,10:30,11:43
R0340,P195,outbound,patient_to_hospital,HOME_P195,H2,H2,other,P2,medium,1.5,standard_assis,5,5,1,-1,645,693,710,710,35,1,R0341,PU_R0340,DO_R0340,2026-05-18 10:45:00,2026-05-18 11:33:00,2026-05-18 11:50:00,2026-05-18 11:50:00,10:45,11:33,11:50
R0341,P195,return,hospital_to_patient,H2,HOME_P195,H2,other,P2,medium,1.5,standard_assis,5,5,1,-1,750,775,825,750,35,1,R0340,PU_R0341,DO_R0341,2026-05-18 12:30:00,2026-05-18 12:55:00,2026-05-18 13:45:00,2026-05-18 12:30:00,12:30,12:55,13:45
R0342,P196,outbound,patient_to_hospital,HOME_P196,H3,H3,dialysis,P1,high,2.0,vsl_required,5,5,1,-1,470,514,525,525,25,1,R0343,PU_R0342,DO_R0342,2026-05-18 07:50:00,2026-05-18 08:34:00,2026-05-18 08:45:00,2026-05-18 08:45:00,07:50,08:34,08:45
R0343,P196,return,hospital_to_patient,H3,HOME_P196,H3,dialysis,P1,high,2.0,vsl_required,5,5,1,-1,765,780,820,765,25,1,R0342,PU_R0343,DO_R0343,2026-05-18 12:45:00,2026-05-18 13:00:00,2026-05-18 13:40:00,2026-05-18 12:45:00,12:45,13:00,13:40
R0344,P197,outbound,patient_to_hospital,HOME_P197,H3,H3,dialysis,P1,high,2.0,vsl_required,5,5,1,-1,445,495,500,500,25,1,R0345,PU_R0344,DO_R0344,2026-05-18 07:25:00,2026-05-18 08:15:00,2026-05-18 08:20:00,2026-05-18 08:20:00,07:25,08:15,08:20
R0345,P197,return,hospital_to_patient,H3,HOME_P197,H3,dialysis,P1,high,2.0,vsl_required,5,5,1,-1,760,775,815,760,25,1,R0344,PU_R0345,DO_R0345,2026-05-18 12:40:00,2026-05-18 12:55:00,2026-05-18 13:35:00,2026-05-18 12:40:00,12:40,12:55,13:35
R0346,P198,outbound,patient_to_hospital,HOME_P198,H1,H1,other,P2,medium,1.5,vsl_required,5,5,1,-1,485,534,550,550,35,1,R0347,PU_R0346,DO_R0346,2026-05-18 08:05:00,2026-05-18 08:54:00,2026-05-18 09:10:00,2026-05-18 09:10:00,08:05,08:54,09:10
R0347,P198,return,hospital_to_patient,H1,HOME_P198,H1,other,P2,medium,1.5,vsl_required,5,5,1,-1,665,690,740,665,35,1,R0346,PU_R0347,DO_R0347,2026-05-18 11:05:00,2026-05-18 11:30:00,2026-05-18 12:20:00,2026-05-18 11:05:00,11:05,11:30,12:20
R0348,P199,outbound,patient_to_hospital,HOME_P199,H1,H1,oncology,P1,high,2.0,vsl_required,5,5,1,-1,660,704,715,715,25,1,R0349,PU_R0348,DO_R0348,2026-05-18 11:00:00,2026-05-18 11:44:00,2026-05-18 11:55:00,2026-05-18 11:55:00,11:00,11:44,11:55
R0349,P199,return,hospital_to_patient,H1,HOME_P199,H1,oncology,P1,high,2.0,vsl_required,5,5,1,-1,870,885,925,870,25,1,R0348,PU_R0349,DO_R0349,2026-05-18 14:30:00,2026-05-18 14:45:00,2026-05-18 15:25:00,2026-05-18 14:30:00,14:30,14:45,15:25
R0350,P200,outbound,patient_to_hospital,HOME_P200,H2,H2,dialysis,P1,high,2.0,vsl_required,5,5,1,-1,765,809,820,820,25,1,,PU_R0350,DO_R0350,2026-05-18 12:45:00,2026-05-18 13:29:00,2026-05-18 13:40:00,2026-05-18 13:40:00,12:45,13:29,13:40
R0351,P201,outbound,patient_to_hospital,HOME_P201,H2,H2,dialysis,P1,high,2.0,vsl_required,5,5,1,-1,740,784,795,795,25,1,R0352,PU_R0351,DO_R0351,2026-05-18 12:20:00,2026-05-18 13:04:00,2026-05-18 13:15:00,2026-05-18 13:15:00,12:20,13:04,13:15
R0352,P201,return,hospital_to_patient,H2,HOME_P201,H2,dialysis,P1,high,2.0,vsl_required,5,5,1,-1,1015,1030,1070,1015,25,1,R0351,PU_R0352,DO_R0352,2026-05-18 16:55:00,2026-05-18 17:10:00,2026-05-18 17:50:00,2026-05-18 16:55:00,16:55,17:10,17:50
R0353,P202,outbound,patient_to_hospital,HOME_P202,H1,H1,other,P2,medium,1.5,standard_assis,5,5,1,-1,480,525,545,545,35,1,R0354,PU_R0353,DO_R0353,2026-05-18 08:00:00,2026-05-18 08:45:00,2026-05-18 09:05:00,2026-05-18 09:05:00,08:00,08:45,09:05
R0354,P202,return,hospital_to_patient,H1,HOME_P202,H1,other,P2,medium,1.5,standard_assis,5,5,1,-1,660,685,735,660,35,1,R0353,PU_R0354,DO_R0354,2026-05-18 11:00:00,2026-05-18 11:25:00,2026-05-18 12:15:00,2026-05-18 11:00:00,11:00,11:25,12:15
R0355,P203,outbound,patient_to_hospital,HOME_P203,H1,H1,oncology,P1,high,2.0,vsl_required,5,5,1,-1,605,642,660,660,25,1,R0356,PU_R0355,DO_R0355,2026-05-18 10:05:00,2026-05-18 10:42:00,2026-05-18 11:00:00,2026-05-18 11:00:00,10:05,10:42,11:00
R0356,P203,return,hospital_to_patient,H1,HOME_P203,H1,oncology,P1,high,2.0,vsl_required,5,5,1,-1,840,855,895,840,25,1,R0355,PU_R0356,DO_R0356,2026-05-18 14:00:00,2026-05-18 14:15:00,2026-05-18 14:55:00,2026-05-18 14:00:00,14:00,14:15,14:55
R0357,P204,outbound,patient_to_hospital,HOME_P204,H1,H1,dialysis,P1,high,2.0,prescription_medicale,5,5,1,-1,730,772,785,785,25,1,R0358,PU_R0357,DO_R0357,2026-05-18 12:10:00,2026-05-18 12:52:00,2026-05-18 13:05:00,2026-05-18 13:05:00,12:10,12:52,13:05
R0358,P204,return,hospital_to_patient,H1,HOME_P204,H1,dialysis,P1,high,2.0,prescription_medicale,5,5,1,-1,1025,1040,1080,1025,25,1,R0357,PU_R0358,DO_R0358,2026-05-18 17:05:00,2026-05-18 17:20:00,2026-05-18 18:00:00,2026-05-18 17:05:00,17:05,17:20,18:00
R0359,P205,outbound,patient_to_hospital,HOME_P205,H3,H3,dialysis,P1,high,2.0,prescription_medicale,5,5,1,-1,755,799,810,810,25,1,R0360,PU_R0359,DO_R0359,2026-05-18 12:35:00,2026-05-18 13:19:00,2026-05-18 13:30:00,2026-05-18 13:30:00,12:35,13:19,13:30
R0360,P205,return,hospital_to_patient,H3,HOME_P205,H3,dialysis,P1,high,2.0,prescription_medicale,5,5,1,-1,1025,1040,1080,1025,25,1,R0359,PU_R0360,DO_R0360,2026-05-18 17:05:00,2026-05-18 17:20:00,2026-05-18 18:00:00,2026-05-18 17:05:00,17:05,17:20,18:00
R0361,P206,outbound,patient_to_hospital,HOME_P206,H1,H1,other,P2,medium,1.5,prescription_medicale,5,5,1,-1,795,855,860,860,35,1,,PU_R0361,DO_R0361,2026-05-18 13:15:00,2026-05-18 14:15:00,2026-05-18 14:20:00,2026-05-18 14:20:00,13:15,14:15,14:20
R0362,P207,outbound,patient_to_hospital,HOME_P207,H1,H1,oncology,P1,high,2.0,vsl_required,5,5,1,-1,475,518,530,530,25,1,R0363,PU_R0362,DO_R0362,2026-05-18 07:55:00,2026-05-18 08:38:00,2026-05-18 08:50:00,2026-05-18 08:50:00,07:55,08:38,08:50
R0363,P207,return,hospital_to_patient,H1,HOME_P207,H1,oncology,P1,high,2.0,vsl_required,5,5,1,-1,680,695,735,680,25,1,R0362,PU_R0363,DO_R0363,2026-05-18 11:20:00,2026-05-18 11:35:00,2026-05-18 12:15:00,2026-05-18 11:20:00,11:20,11:35,12:15
R0364,P208,outbound,patient_to_hospital,HOME_P208,H2,H2,dialysis,P1,high,2.0,prescription_medicale,5,5,1,-1,770,818,825,825,25,1,,PU_R0364,DO_R0364,2026-05-18 12:50:00,2026-05-18 13:38:00,2026-05-18 13:45:00,2026-05-18 13:45:00,12:50,13:38,13:45
R0365,P209,outbound,patient_to_hospital,HOME_P209,H1,H1,other,P2,medium,1.5,prescription_medicale,5,5,1,-1,645,693,710,710,35,1,R0366,PU_R0365,DO_R0365,2026-05-18 10:45:00,2026-05-18 11:33:00,2026-05-18 11:50:00,2026-05-18 11:50:00,10:45,11:33,11:50
R0366,P209,return,hospital_to_patient,H1,HOME_P209,H1,other,P2,medium,1.5,prescription_medicale,5,5,1,-1,805,830,880,805,35,1,R0365,PU_R0366,DO_R0366,2026-05-18 13:25:00,2026-05-18 13:50:00,2026-05-18 14:40:00,2026-05-18 13:25:00,13:25,13:50,14:40
R0367,P210,outbound,patient_to_hospital,HOME_P210,H1,H1,oncology,P1,high,2.0,vsl_required,5,5,1,-1,625,667,680,680,25,1,R0368,PU_R0367,DO_R0367,2026-05-18 10:25:00,2026-05-18 11:07:00,2026-05-18 11:20:00,2026-05-18 11:20:00,10:25,11:07,11:20
R0368,P210,return,hospital_to_patient,H1,HOME_P210,H1,oncology,P1,high,2.0,vsl_required,5,5,1,-1,845,860,900,845,25,1,R0367,PU_R0368,DO_R0368,2026-05-18 14:05:00,2026-05-18 14:20:00,2026-05-18 15:00:00,2026-05-18 14:05:00,14:05,14:20,15:00
R0369,P211,outbound,patient_to_hospital,HOME_P211,H1,H1,other,P2,medium,1.5,prescription_medicale,5,5,1,-1,850,905,915,915,35,1,R0370,PU_R0369,DO_R0369,2026-05-18 14:10:00,2026-05-18 15:05:00,2026-05-18 15:15:00,2026-05-18 15:15:00,14:10,15:05,15:15
R0370,P211,return,hospital_to_patient,H1,HOME_P211,H1,other,P2,medium,1.5,prescription_medicale,5,5,1,-1,980,1005,1055,980,35,1,R0369,PU_R0370,DO_R0370,2026-05-18 16:20:00,2026-05-18 16:45:00,2026-05-18 17:35:00,2026-05-18 16:20:00,16:20,16:45,17:35
R0371,P212,outbound,patient_to_hospital,HOME_P212,H1,H1,dialysis,P1,high,2.0,vsl_required,5,5,1,-1,725,768,780,780,25,1,R0372,PU_R0371,DO_R0371,2026-05-18 12:05:00,2026-05-18 12:48:00,2026-05-18 13:00:00,2026-05-18 13:00:00,12:05,12:48,13:00
R0372,P212,return,hospital_to_patient,H1,HOME_P212,H1,dialysis,P1,high,2.0,vsl_required,5,5,1,-1,1020,1035,1075,1020,25,1,R0371,PU_R0372,DO_R0372,2026-05-18 17:00:00,2026-05-18 17:15:00,2026-05-18 17:55:00,2026-05-18 17:00:00,17:00,17:15,17:55
R0373,P213,outbound,patient_to_hospital,HOME_P213,H2,H2,other,P2,medium,1.5,vsl_required,5,5,1,-1,860,916,925,925,35,1,R0374,PU_R0373,DO_R0373,2026-05-18 14:20:00,2026-05-18 15:16:00,2026-05-18 15:25:00,2026-05-18 15:25:00,14:20,15:16,15:25
R0374,P213,return,hospital_to_patient,H2,HOME_P213,H2,other,P2,medium,1.5,vsl_required,5,5,1,-1,950,975,1025,950,35,1,R0373,PU_R0374,DO_R0374,2026-05-18 15:50:00,2026-05-18 16:15:00,2026-05-18 17:05:00,2026-05-18 15:50:00,15:50,16:15,17:05
R0375,P214,outbound,patient_to_hospital,HOME_P214,H1,H1,oncology,P1,high,2.0,vsl_required,5,5,1,-1,430,474,485,485,25,1,R0376,PU_R0375,DO_R0375,2026-05-18 07:10:00,2026-05-18 07:54:00,2026-05-18 08:05:00,2026-05-18 08:05:00,07:10,07:54,08:05
R0376,P214,return,hospital_to_patient,H1,HOME_P214,H1,oncology,P1,high,2.0,vsl_required,5,5,1,-1,655,670,710,655,25,1,R0375,PU_R0376,DO_R0376,2026-05-18 10:55:00,2026-05-18 11:10:00,2026-05-18 11:50:00,2026-05-18 10:55:00,10:55,11:10,11:50
R0377,P215,outbound,patient_to_hospital,HOME_P215,H3,H3,dialysis,P1,high,2.0,vsl_required,5,5,1,-1,765,810,820,820,25,1,,PU_R0377,DO_R0377,2026-05-18 12:45:00,2026-05-18 13:30:00,2026-05-18 13:40:00,2026-05-18 13:40:00,12:45,13:30,13:40
R0378,P216,outbound,patient_to_hospital,HOME_P216,H1,H1,dialysis,P1,high,2.0,prescription_medicale,5,5,1,-1,725,765,780,780,25,1,R0379,PU_R0378,DO_R0378,2026-05-18 12:05:00,2026-05-18 12:45:00,2026-05-18 13:00:00,2026-05-18 13:00:00,12:05,12:45,13:00
R0379,P216,return,hospital_to_patient,H1,HOME_P216,H1,dialysis,P1,high,2.0,prescription_medicale,5,5,1,-1,1020,1035,1075,1020,25,1,R0378,PU_R0379,DO_R0379,2026-05-18 17:00:00,2026-05-18 17:15:00,2026-05-18 17:55:00,2026-05-18 17:00:00,17:00,17:15,17:55
R0380,P217,outbound,patient_to_hospital,HOME_P217,H1,H1,dialysis,P1,high,2.0,vsl_required,5,5,1,-1,455,505,510,510,25,1,R0381,PU_R0380,DO_R0380,2026-05-18 07:35:00,2026-05-18 08:25:00,2026-05-18 08:30:00,2026-05-18 08:30:00,07:35,08:25,08:30
R0381,P217,return,hospital_to_patient,H1,HOME_P217,H1,dialysis,P1,high,2.0,vsl_required,5,5,1,-1,750,765,805,750,25,1,R0380,PU_R0381,DO_R0381,2026-05-18 12:30:00,2026-05-18 12:45:00,2026-05-18 13:25:00,2026-05-18 12:30:00,12:30,12:45,13:25
R0382,P218,outbound,patient_to_hospital,HOME_P218,H1,H1,dialysis,P1,high,2.0,vsl_required,5,5,1,-1,745,788,800,800,25,1,,PU_R0382,DO_R0382,2026-05-18 12:25:00,2026-05-18 13:08:00,2026-05-18 13:20:00,2026-05-18 13:20:00,12:25,13:08,13:20
R0383,P219,outbound,patient_to_hospital,HOME_P219,H2,H2,oncology,P1,high,2.0,prescription_medicale,5,5,1,-1,755,795,810,810,25,1,R0384,PU_R0383,DO_R0383,2026-05-18 12:35:00,2026-05-18 13:15:00,2026-05-18 13:30:00,2026-05-18 13:30:00,12:35,13:15,13:30
R0384,P219,return,hospital_to_patient,H2,HOME_P219,H2,oncology,P1,high,2.0,prescription_medicale,5,5,1,-1,905,920,960,905,25,1,R0383,PU_R0384,DO_R0384,2026-05-18 15:05:00,2026-05-18 15:20:00,2026-05-18 16:00:00,2026-05-18 15:05:00,15:05,15:20,16:00
R0385,P220,outbound,patient_to_hospital,HOME_P220,H1,H1,dialysis,P1,high,2.0,vsl_required,5,5,1,-1,430,478,485,485,25,1,R0386,PU_R0385,DO_R0385,2026-05-18 07:10:00,2026-05-18 07:58:00,2026-05-18 08:05:00,2026-05-18 08:05:00,07:10,07:58,08:05
R0386,P220,return,hospital_to_patient,H1,HOME_P220,H1,dialysis,P1,high,2.0,vsl_required,5,5,1,-1,725,740,780,725,25,1,R0385,PU_R0386,DO_R0386,2026-05-18 12:05:00,2026-05-18 12:20:00,2026-05-18 13:00:00,2026-05-18 12:05:00,12:05,12:20,13:00
R0387,P221,outbound,patient_to_hospital,HOME_P221,H2,H2,oncology,P1,high,2.0,standard_assis,5,5,1,-1,775,816,830,830,25,1,R0388,PU_R0387,DO_R0387,2026-05-18 12:55:00,2026-05-18 13:36:00,2026-05-18 13:50:00,2026-05-18 13:50:00,12:55,13:36,13:50
R0388,P221,return,hospital_to_patient,H2,HOME_P221,H2,oncology,P1,high,2.0,standard_assis,5,5,1,-1,980,995,1035,980,25,1,R0387,PU_R0388,DO_R0388,2026-05-18 16:20:00,2026-05-18 16:35:00,2026-05-18 17:15:00,2026-05-18 16:20:00,16:20,16:35,17:15
R0389,P222,outbound,patient_to_hospital,HOME_P222,H3,H3,dialysis,P1,high,2.0,vsl_required,5,5,1,-1,460,503,515,515,25,1,R0390,PU_R0389,DO_R0389,2026-05-18 07:40:00,2026-05-18 08:23:00,2026-05-18 08:35:00,2026-05-18 08:35:00,07:40,08:23,08:35
R0390,P222,return,hospital_to_patient,H3,HOME_P222,H3,dialysis,P1,high,2.0,vsl_required,5,5,1,-1,745,760,800,745,25,1,R0389,PU_R0390,DO_R0390,2026-05-18 12:25:00,2026-05-18 12:40:00,2026-05-18 13:20:00,2026-05-18 12:25:00,12:25,12:40,13:20
R0391,P223,outbound,patient_to_hospital,HOME_P223,H1,H1,dialysis,P1,high,2.0,prescription_medicale,5,5,1,-1,455,499,510,510,25,1,R0392,PU_R0391,DO_R0391,2026-05-18 07:35:00,2026-05-18 08:19:00,2026-05-18 08:30:00,2026-05-18 08:30:00,07:35,08:19,08:30
R0392,P223,return,hospital_to_patient,H1,HOME_P223,H1,dialysis,P1,high,2.0,prescription_medicale,5,5,1,-1,750,765,805,750,25,1,R0391,PU_R0392,DO_R0392,2026-05-18 12:30:00,2026-05-18 12:45:00,2026-05-18 13:25:00,2026-05-18 12:30:00,12:30,12:45,13:25
R0393,P224,outbound,patient_to_hospital,HOME_P224,H1,H1,dialysis,P1,high,2.0,prescription_medicale,5,5,1,-1,430,472,485,485,25,1,R0394,PU_R0393,DO_R0393,2026-05-18 07:10:00,2026-05-18 07:52:00,2026-05-18 08:05:00,2026-05-18 08:05:00,07:10,07:52,08:05
R0394,P224,return,hospital_to_patient,H1,HOME_P224,H1,dialysis,P1,high,2.0,prescription_medicale,5,5,1,-1,725,740,780,725,25,1,R0393,PU_R0394,DO_R0394,2026-05-18 12:05:00,2026-05-18 12:20:00,2026-05-18 13:00:00,2026-05-18 12:05:00,12:05,12:20,13:00
R0395,P225,outbound,patient_to_hospital,HOME_P225,H2,H2,other,P2,medium,1.5,premium,5,5,1,-1,970,1023,1035,1035,35,1,,PU_R0395,DO_R0395,2026-05-18 16:10:00,2026-05-18 17:03:00,2026-05-18 17:15:00,2026-05-18 17:15:00,16:10,17:03,17:15
R0396,P226,outbound,patient_to_hospital,HOME_P226,H2,H2,other,P2,medium,1.5,standard_assis,5,5,1,-1,645,692,710,710,35,1,R0397,PU_R0396,DO_R0396,2026-05-18 10:45:00,2026-05-18 11:32:00,2026-05-18 11:50:00,2026-05-18 11:50:00,10:45,11:32,11:50
R0397,P226,return,hospital_to_patient,H2,HOME_P226,H2,other,P2,medium,1.5,standard_assis,5,5,1,-1,745,770,820,745,35,1,R0396,PU_R0397,DO_R0397,2026-05-18 12:25:00,2026-05-18 12:50:00,2026-05-18 13:40:00,2026-05-18 12:25:00,12:25,12:50,13:40
R0398,P227,outbound,patient_to_hospital,HOME_P227,H1,H1,dialysis,P1,high,2.0,vsl_required,5,5,1,-1,760,807,815,815,25,1,,PU_R0398,DO_R0398,2026-05-18 12:40:00,2026-05-18 13:27:00,2026-05-18 13:35:00,2026-05-18 13:35:00,12:40,13:27,13:35
R0399,P228,outbound,patient_to_hospital,HOME_P228,H1,H1,oncology,P1,high,2.0,standard_assis,5,5,1,-1,615,659,670,670,25,1,R0400,PU_R0399,DO_R0399,2026-05-18 10:15:00,2026-05-18 10:59:00,2026-05-18 11:10:00,2026-05-18 11:10:00,10:15,10:59,11:10
R0400,P228,return,hospital_to_patient,H1,HOME_P228,H1,oncology,P1,high,2.0,standard_assis,5,5,1,-1,845,860,900,845,25,1,R0399,PU_R0400,DO_R0400,2026-05-18 14:05:00,2026-05-18 14:20:00,2026-05-18 15:00:00,2026-05-18 14:05:00,14:05,14:20,15:00
R0401,P229,outbound,patient_to_hospital,HOME_P229,H3,H3,dialysis,P1,high,2.0,prescription_medicale,5,5,1,-1,755,795,810,810,25,1,,PU_R0401,DO_R0401,2026-05-18 12:35:00,2026-05-18 13:15:00,2026-05-18 13:30:00,2026-05-18 13:30:00,12:35,13:15,13:30
R0402,P230,outbound,patient_to_hospital,HOME_P230,H2,H2,dialysis,P1,high,2.0,prescription_medicale,5,5,1,-1,760,810,815,815,25,1,R0403,PU_R0402,DO_R0402,2026-05-18 12:40:00,2026-05-18 13:30:00,2026-05-18 13:35:00,2026-05-18 13:35:00,12:40,13:30,13:35
R0403,P230,return,hospital_to_patient,H2,HOME_P230,H2,dialysis,P1,high,2.0,prescription_medicale,5,5,1,-1,1025,1040,1080,1025,25,1,R0402,PU_R0403,DO_R0403,2026-05-18 17:05:00,2026-05-18 17:20:00,2026-05-18 18:00:00,2026-05-18 17:05:00,17:05,17:20,18:00
R0404,P231,outbound,patient_to_hospital,HOME_P231,H2,H2,oncology,P1,high,2.0,vsl_required,5,5,1,-1,460,502,515,515,25,1,R0405,PU_R0404,DO_R0404,2026-05-18 07:40:00,2026-05-18 08:22:00,2026-05-18 08:35:00,2026-05-18 08:35:00,07:40,08:22,08:35
R0405,P231,return,hospital_to_patient,H2,HOME_P231,H2,oncology,P1,high,2.0,vsl_required,5,5,1,-1,650,665,705,650,25,1,R0404,PU_R0405,DO_R0405,2026-05-18 10:50:00,2026-05-18 11:05:00,2026-05-18 11:45:00,2026-05-18 10:50:00,10:50,11:05,11:45
R0406,P232,outbound,patient_to_hospital,HOME_P232,H3,H3,dialysis,P1,high,2.0,vsl_required,5,5,1,-1,455,498,510,510,25,1,R0407,PU_R0406,DO_R0406,2026-05-18 07:35:00,2026-05-18 08:18:00,2026-05-18 08:30:00,2026-05-18 08:30:00,07:35,08:18,08:30
R0407,P232,return,hospital_to_patient,H3,HOME_P232,H3,dialysis,P1,high,2.0,vsl_required,5,5,1,-1,765,780,820,765,25,1,R0406,PU_R0407,DO_R0407,2026-05-18 12:45:00,2026-05-18 13:00:00,2026-05-18 13:40:00,2026-05-18 12:45:00,12:45,13:00,13:40
R0408,P233,outbound,patient_to_hospital,HOME_P233,H1,H1,oncology,P1,high,2.0,prescription_medicale,5,5,1,-1,620,666,675,675,25,1,R0409,PU_R0408,DO_R0408,2026-05-18 10:20:00,2026-05-18 11:06:00,2026-05-18 11:15:00,2026-05-18 11:15:00,10:20,11:06,11:15
R0409,P233,return,hospital_to_patient,H1,HOME_P233,H1,oncology,P1,high,2.0,prescription_medicale,5,5,1,-1,850,865,905,850,25,1,R0408,PU_R0409,DO_R0409,2026-05-18 14:10:00,2026-05-18 14:25:00,2026-05-18 15:05:00,2026-05-18 14:10:00,14:10,14:25,15:05
R0410,P234,outbound,patient_to_hospital,HOME_P234,H1,H1,dialysis,P1,high,2.0,vsl_required,5,5,1,-1,745,792,800,800,25,1,,PU_R0410,DO_R0410,2026-05-18 12:25:00,2026-05-18 13:12:00,2026-05-18 13:20:00,2026-05-18 13:20:00,12:25,13:12,13:20
R0411,P235,outbound,patient_to_hospital,HOME_P235,H2,H2,other,P2,medium,1.5,standard_assis,5,5,1,-1,935,978,1000,1000,35,1,,PU_R0411,DO_R0411,2026-05-18 15:35:00,2026-05-18 16:18:00,2026-05-18 16:40:00,2026-05-18 16:40:00,15:35,16:18,16:40
R0412,P236,outbound,patient_to_hospital,HOME_P236,H1,H1,external,P3,low,1.0,standard_assis,5,5,1,-1,905,961,980,980,45,1,,PU_R0412,DO_R0412,2026-05-18 15:05:00,2026-05-18 16:01:00,2026-05-18 16:20:00,2026-05-18 16:20:00,15:05,16:01,16:20
R0413,P237,outbound,patient_to_hospital,HOME_P237,H1,H1,dialysis,P1,high,2.0,vsl_required,5,5,1,-1,780,821,835,835,25,1,,PU_R0413,DO_R0413,2026-05-18 13:00:00,2026-05-18 13:41:00,2026-05-18 13:55:00,2026-05-18 13:55:00,13:00,13:41,13:55
R0414,P238,outbound,patient_to_hospital,HOME_P238,H2,H2,dialysis,P1,high,2.0,vsl_required,5,5,1,-1,450,492,505,505,25,1,R0415,PU_R0414,DO_R0414,2026-05-18 07:30:00,2026-05-18 08:12:00,2026-05-18 08:25:00,2026-05-18 08:25:00,07:30,08:12,08:25
R0415,P238,return,hospital_to_patient,H2,HOME_P238,H2,dialysis,P1,high,2.0,vsl_required,5,5,1,-1,755,770,810,755,25,1,R0414,PU_R0415,DO_R0415,2026-05-18 12:35:00,2026-05-18 12:50:00,2026-05-18 13:30:00,2026-05-18 12:35:00,12:35,12:50,13:30
R0416,P239,outbound,patient_to_hospital,HOME_P239,H3,H3,dialysis,P1,high,2.0,vsl_required,5,5,1,-1,765,807,820,820,25,1,,PU_R0416,DO_R0416,2026-05-18 12:45:00,2026-05-18 13:27:00,2026-05-18 13:40:00,2026-05-18 13:40:00,12:45,13:27,13:40
R0417,P240,outbound,patient_to_hospital,HOME_P240,H2,H2,other,P2,medium,1.5,standard_assis,5,5,1,-1,500,545,565,565,35,1,R0418,PU_R0417,DO_R0417,2026-05-18 08:20:00,2026-05-18 09:05:00,2026-05-18 09:25:00,2026-05-18 09:25:00,08:20,09:05,09:25
R0418,P240,return,hospital_to_patient,H2,HOME_P240,H2,other,P2,medium,1.5,standard_assis,5,5,1,-1,590,615,665,590,35,1,R0417,PU_R0418,DO_R0418,2026-05-18 09:50:00,2026-05-18 10:15:00,2026-05-18 11:05:00,2026-05-18 09:50:00,09:50,10:15,11:05
R0419,P241,outbound,patient_to_hospital,HOME_P241,H3,H3,dialysis,P1,high,2.0,vsl_required,5,5,1,-1,730,772,785,785,25,1,R0420,PU_R0419,DO_R0419,2026-05-18 12:10:00,2026-05-18 12:52:00,2026-05-18 13:05:00,2026-05-18 13:05:00,12:10,12:52,13:05
R0420,P241,return,hospital_to_patient,H3,HOME_P241,H3,dialysis,P1,high,2.0,vsl_required,5,5,1,-1,1000,1015,1055,1000,25,1,R0419,PU_R0420,DO_R0420,2026-05-18 16:40:00,2026-05-18 16:55:00,2026-05-18 17:35:00,2026-05-18 16:40:00,16:40,16:55,17:35
R0421,P242,outbound,patient_to_hospital,HOME_P242,H2,H2,dialysis,P1,high,2.0,prescription_medicale,5,5,1,-1,425,470,480,480,25,1,R0422,PU_R0421,DO_R0421,2026-05-18 07:05:00,2026-05-18 07:50:00,2026-05-18 08:00:00,2026-05-18 08:00:00,07:05,07:50,08:00
R0422,P242,return,hospital_to_patient,H2,HOME_P242,H2,dialysis,P1,high,2.0,prescription_medicale,5,5,1,-1,740,755,795,740,25,1,R0421,PU_R0422,DO_R0422,2026-05-18 12:20:00,2026-05-18 12:35:00,2026-05-18 13:15:00,2026-05-18 12:20:00,12:20,12:35,13:15
R0423,P243,outbound,patient_to_hospital,HOME_P243,H1,H1,other,P2,medium,1.5,prescription_medicale,5,5,1,-1,490,547,555,555,35,1,R0424,PU_R0423,DO_R0423,2026-05-18 08:10:00,2026-05-18 09:07:00,2026-05-18 09:15:00,2026-05-18 09:15:00,08:10,09:07,09:15
R0424,P243,return,hospital_to_patient,H1,HOME_P243,H1,other,P2,medium,1.5,prescription_medicale,5,5,1,-1,635,660,710,635,35,1,R0423,PU_R0424,DO_R0424,2026-05-18 10:35:00,2026-05-18 11:00:00,2026-05-18 11:50:00,2026-05-18 10:35:00,10:35,11:00,11:50
R0425,P244,outbound,patient_to_hospital,HOME_P244,H1,H1,oncology,P1,high,2.0,vsl_required,5,5,1,-1,610,653,665,665,25,1,R0426,PU_R0425,DO_R0425,2026-05-18 10:10:00,2026-05-18 10:53:00,2026-05-18 11:05:00,2026-05-18 11:05:00,10:10,10:53,11:05
R0426,P244,return,hospital_to_patient,H1,HOME_P244,H1,oncology,P1,high,2.0,vsl_required,5,5,1,-1,835,850,890,835,25,1,R0425,PU_R0426,DO_R0426,2026-05-18 13:55:00,2026-05-18 14:10:00,2026-05-18 14:50:00,2026-05-18 13:55:00,13:55,14:10,14:50
R0427,P245,outbound,patient_to_hospital,HOME_P245,H2,H2,other,P2,medium,1.5,prescription_medicale,5,5,1,-1,565,610,630,630,35,1,R0428,PU_R0427,DO_R0427,2026-05-18 09:25:00,2026-05-18 10:10:00,2026-05-18 10:30:00,2026-05-18 10:30:00,09:25,10:10,10:30
R0428,P245,return,hospital_to_patient,H2,HOME_P245,H2,other,P2,medium,1.5,prescription_medicale,5,5,1,-1,670,695,745,670,35,1,R0427,PU_R0428,DO_R0428,2026-05-18 11:10:00,2026-05-18 11:35:00,2026-05-18 12:25:00,2026-05-18 11:10:00,11:10,11:35,12:25
R0429,P246,outbound,patient_to_hospital,HOME_P246,H1,H1,other,P2,medium,1.5,standard_assis,5,5,1,-1,835,892,900,900,35,1,R0430,PU_R0429,DO_R0429,2026-05-18 13:55:00,2026-05-18 14:52:00,2026-05-18 15:00:00,2026-05-18 15:00:00,13:55,14:52,15:00
R0430,P246,return,hospital_to_patient,H1,HOME_P246,H1,other,P2,medium,1.5,standard_assis,5,5,1,-1,985,1010,1060,985,35,1,R0429,PU_R0430,DO_R0430,2026-05-18 16:25:00,2026-05-18 16:50:00,2026-05-18 17:40:00,2026-05-18 16:25:00,16:25,16:50,17:40
R0431,P247,outbound,patient_to_hospital,HOME_P247,H1,H1,dialysis,P1,high,2.0,prescription_medicale,5,5,1,-1,975,1025,1030,1030,25,1,,PU_R0431,DO_R0431,2026-05-18 16:15:00,2026-05-18 17:05:00,2026-05-18 17:10:00,2026-05-18 17:10:00,16:15,17:05,17:10
R0432,P248,outbound,patient_to_hospital,HOME_P248,H1,H1,other,P2,medium,1.5,prescription_medicale,5,5,1,-1,845,905,910,910,35,1,,PU_R0432,DO_R0432,2026-05-18 14:05:00,2026-05-18 15:05:00,2026-05-18 15:10:00,2026-05-18 15:10:00,14:05,15:05,15:10
R0433,P249,outbound,patient_to_hospital,HOME_P249,H1,H1,oncology,P1,high,2.0,prescription_medicale,5,5,1,-1,470,507,525,525,25,1,R0434,PU_R0433,DO_R0433,2026-05-18 07:50:00,2026-05-18 08:27:00,2026-05-18 08:45:00,2026-05-18 08:45:00,07:50,08:27,08:45
R0434,P249,return,hospital_to_patient,H1,HOME_P249,H1,oncology,P1,high,2.0,prescription_medicale,5,5,1,-1,705,720,760,705,25,1,R0433,PU_R0434,DO_R0434,2026-05-18 11:45:00,2026-05-18 12:00:00,2026-05-18 12:40:00,2026-05-18 11:45:00,11:45,12:00,12:40
R0435,P250,outbound,patient_to_hospital,HOME_P250,H1,H1,dialysis,P1,high,2.0,prescription_medicale,5,5,1,-1,480,525,535,535,25,1,R0436,PU_R0435,DO_R0435,2026-05-18 08:00:00,2026-05-18 08:45:00,2026-05-18 08:55:00,2026-05-18 08:55:00,08:00,08:45,08:55
R0436,P250,return,hospital_to_patient,H1,HOME_P250,H1,dialysis,P1,high,2.0,prescription_medicale,5,5,1,-1,775,790,830,775,25,1,R0435,PU_R0436,DO_R0436,2026-05-18 12:55:00,2026-05-18 13:10:00,2026-05-18 13:50:00,2026-05-18 12:55:00,12:55,13:10,13:50
