patient_id,home_point_id,home_lat,home_lon,hospital_id,activity_type,appointment_id,slot_time,priority_code,priority_class,theta_p,requirement,appointment_datetime,appointment_minute,appointment_time_hhmm,hospital_stay_min,return_ready_datetime,return_ready_minute,return_ready_time_hhmm,waiting_time_after_treatment_min,return_same_day,max_ride_time_min,direct_distance_est_km,direct_travel_time_est_min,distance_to_assigned_hospital_km,closest_hospital_id,closest_hospital_distance_km,assigned_hospital_is_coherent,home_generation_method,catchment_radius_km,source_quality,source_note
P1,HOME_P1,46.06011873232193,4.165245345566764,H3,dialysis,A0324,08:00,P1,high,2.0,vsl_required,2026-05-18 08:10:00,490,08:10,215,2026-05-18 11:45:00,705,11:45,15,1,25,9.294,13.28,9.294,H1,8.977,1,catchment_near_assigned_hospital,8,assumption_to_validate,Third dialysis center: assumed 24/day.
P2,HOME_P2,45.99623811194867,3.996919295570968,H1,oncology,A0105,11:00,P1,high,2.0,vsl_required,2026-05-18 11:10:00,670,11:10,175,2026-05-18 14:05:00,845,14:05,15,1,25,10.789,15.41,10.789,H2,9.767,1,catchment_near_assigned_hospital,10,observed_user_table,CH Roanne chemotherapy: 30/day.
P3,HOME_P3,46.06276226039738,4.203145610160232,H2,other,A0287,10:30,P2,medium,1.5,prescription_medicale,2026-05-18 11:25:00,685,11:25,35,2026-05-18 12:00:00,720,12:00,25,1,35,13.174,18.82,13.174,H1,12.65,1,catchment_near_assigned_hospital,12,assumption_to_validate,Renaison other: assumed 36/day.
P4,HOME_P4,46.01782716432904,4.01856774563711,H2,oncology,A0250,08:00,P1,high,2.0,vsl_required,2026-05-18 08:10:00,490,08:10,290,2026-05-18 13:00:00,780,13:00,15,0,25,6.205,8.86,6.205,H2,6.205,1,catchment_near_assigned_hospital,10,assumption_to_validate,Renaison oncology: assumed 16/day.
P5,HOME_P5,46.12044168027671,4.103163885291623,H1,oncology,A0096,08:00,P1,high,2.0,standard_assis,2026-05-18 08:35:00,515,08:35,155,2026-05-18 11:10:00,670,11:10,15,1,25,9.783,13.98,9.783,H1,9.783,1,catchment_near_assigned_hospital,10,observed_user_table,CH Roanne chemotherapy: 30/day.
P6,HOME_P6,46.05124675718747,3.9391350192125194,H1,other,A0152,10:30,P2,medium,1.5,prescription_medicale,2026-05-18 11:00:00,660,11:00,70,2026-05-18 12:10:00,730,12:10,25,1,35,12.887,18.41,12.887,H2,12.532,1,catchment_near_assigned_hospital,12,observed_user_table,CH Roanne other: 49/day.
P7,HOME_P7,46.01350241934472,4.129111645929997,H1,dialysis,A0032,08:00,P1,high,2.0,prescription_medicale,2026-05-18 08:30:00,510,08:30,240,2026-05-18 12:30:00,750,12:30,15,1,25,7.761,11.09,7.761,H2,7.342,1,catchment_near_assigned_hospital,8,observed_user_table,"CH Roanne dialysis: 53/day. 26 morning, 23 noon, 4 evening."
P8,HOME_P8,46.04275819707787,4.065162271571031,H1,dialysis,A0021,08:00,P1,high,2.0,prescription_medicale,2026-05-18 08:20:00,500,08:20,240,2026-05-18 12:20:00,740,12:20,15,1,25,1.636,5.0,1.636,H2,0.539,1,catchment_near_assigned_hospital,8,observed_user_table,"CH Roanne dialysis: 53/day. 26 morning, 23 noon, 4 evening."
P9,HOME_P9,46.11642912922053,4.018437619616798,H1,other,A0173,14:00,P2,medium,1.5,prescription_medicale,2026-05-18 14:55:00,895,14:55,110,2026-05-18 16:45:00,1005,16:45,25,1,35,10.216,14.59,10.216,H1,10.216,1,catchment_near_assigned_hospital,12,observed_user_table,CH Roanne other: 49/day.
P10,HOME_P10,46.10444579233462,4.0320247648898,H1,other,A0159,10:30,P2,medium,1.5,standard_assis,2026-05-18 10:35:00,635,10:35,120,2026-05-18 12:35:00,755,12:35,25,1,35,8.119,11.6,8.119,H1,8.119,1,catchment_near_assigned_hospital,12,observed_user_table,CH Roanne other: 49/day.
P11,HOME_P11,46.13214491677416,4.0777906247724065,H1,other,A0133,08:30,P2,medium,1.5,standard_assis,2026-05-18 09:40:00,580,09:40,75,2026-05-18 10:55:00,655,10:55,25,1,35,10.97,15.67,10.97,H1,10.97,1,catchment_near_assigned_hospital,12,observed_user_table,CH Roanne other: 49/day.
P12,HOME_P12,46.06942129689615,4.030914357558268,H1,other,A0144,10:30,P2,medium,1.5,prescription_medicale,2026-05-18 10:40:00,640,10:40,70,2026-05-18 11:50:00,710,11:50,25,0,35,4.611,6.59,4.611,H1,4.611,1,catchment_near_assigned_hospital,12,observed_user_table,CH Roanne other: 49/day.
P13,HOME_P13,46.06273622392281,4.0271705914640545,H1,oncology,A0106,11:00,P1,high,2.0,vsl_required,2026-05-18 11:50:00,710,11:50,150,2026-05-18 14:20:00,860,14:20,15,1,25,4.583,6.55,4.583,H3,4.494,1,catchment_near_assigned_hospital,10,observed_user_table,CH Roanne chemotherapy: 30/day.
P14,HOME_P14,46.06357846967891,4.104397364510046,H3,dialysis,A0325,08:00,P1,high,2.0,vsl_required,2026-05-18 08:00:00,480,08:00,250,2026-05-18 12:10:00,730,12:10,15,1,25,3.817,5.45,3.817,H1,3.375,1,catchment_near_assigned_hospital,8,assumption_to_validate,Third dialysis center: assumed 24/day.
P15,HOME_P15,46.096150706381465,4.151137790975118,H1,dialysis,A0045,13:00,P1,high,2.0,vsl_required,2026-05-18 13:30:00,810,13:30,240,2026-05-18 17:30:00,1050,17:30,15,1,25,9.627,13.75,9.627,H1,9.627,1,catchment_near_assigned_hospital,8,observed_user_table,"CH Roanne dialysis: 53/day. 26 morning, 23 noon, 4 evening."
P16,HOME_P16,46.125567156009645,4.011531673387306,H2,other,A0298,14:00,P2,medium,1.5,vsl_required,2026-05-18 15:00:00,900,15:00,35,2026-05-18 15:35:00,935,15:35,25,1,35,12.398,17.71,12.398,H1,11.647,1,catchment_near_assigned_hospital,12,assumption_to_validate,Renaison other: assumed 36/day.
P17,HOME_P17,45.9199623758668,4.140999056076144,H1,external,A0196,12:30,P3,low,1.0,standard_assis,2026-05-18 12:30:00,750,12:30,30,2026-05-18 13:00:00,780,13:00,35,1,51,19.672,28.1,19.672,H2,18.817,1,catchment_near_assigned_hospital,18,computed_from_user_table,External visits: 75/day * 15% using fleet.
P18,HOME_P18,45.991625747495405,4.088278522425526,H2,other,A0304,14:00,P2,medium,1.5,premium,2026-05-18 14:30:00,870,14:30,25,2026-05-18 14:55:00,895,14:55,25,1,35,7.748,11.07,7.748,H2,7.748,1,catchment_near_assigned_hospital,12,assumption_to_validate,Renaison other: assumed 36/day.
P19,HOME_P19,46.10088241783696,4.1249925134033605,H2,dialysis,A0219,08:00,P1,high,2.0,prescription_medicale,2026-05-18 08:20:00,500,08:20,270,2026-05-18 12:50:00,770,12:50,15,1,25,9.391,13.42,9.391,H1,8.316,1,catchment_near_assigned_hospital,8,assumption_to_validate,Renaison dialysis: assumed 30/day.
P20,HOME_P20,45.97933194724289,4.042106075241298,H1,other,A0123,08:30,P2,medium,1.5,standard_assis,2026-05-18 09:15:00,555,09:15,120,2026-05-18 11:15:00,675,11:15,25,1,35,10.697,15.28,10.697,H2,9.578,1,catchment_near_assigned_hospital,12,observed_user_table,CH Roanne other: 49/day.
P21,HOME_P21,46.04146226951396,4.153006522874498,H1,oncology,A0092,08:00,P1,high,2.0,vsl_required,2026-05-18 08:45:00,525,08:45,180,2026-05-18 11:45:00,705,11:45,15,1,25,7.92,11.31,7.92,H1,7.92,1,catchment_near_assigned_hospital,10,observed_user_table,CH Roanne chemotherapy: 30/day.
P22,HOME_P22,46.010751315848495,4.097627617378041,H1,external,A0201,17:30,P3,low,1.0,standard_assis,2026-05-18 17:55:00,1075,17:55,20,2026-05-18 18:15:00,1095,18:15,35,1,45,6.384,9.12,6.384,H2,5.598,1,catchment_near_assigned_hospital,18,computed_from_user_table,External visits: 75/day * 15% using fleet.
P23,HOME_P23,46.06443409198503,4.145680221145622,H1,other,A0154,10:30,P2,medium,1.5,standard_assis,2026-05-18 10:40:00,640,10:40,75,2026-05-18 11:55:00,715,11:55,25,1,35,7.207,10.3,7.207,H1,7.207,1,catchment_near_assigned_hospital,12,observed_user_table,CH Roanne other: 49/day.
P24,HOME_P24,46.07564923122567,4.041973666601204,H1,dialysis,A0065,13:00,P1,high,2.0,vsl_required,2026-05-18 13:40:00,820,13:40,240,2026-05-18 17:40:00,1060,17:40,15,1,25,4.293,6.13,4.293,H1,4.293,1,catchment_near_assigned_hospital,8,observed_user_table,"CH Roanne dialysis: 53/day. 26 morning, 23 noon, 4 evening."
P25,HOME_P25,45.98324287925357,4.103024024617,H3,dialysis,A0317,08:00,P1,high,2.0,prescription_medicale,2026-05-18 08:25:00,505,08:25,225,2026-05-18 12:10:00,730,12:10,15,1,25,9.811,14.02,9.811,H2,9.288,1,catchment_near_assigned_hospital,8,assumption_to_validate,Third dialysis center: assumed 24/day.
P26,HOME_P26,46.05828900008487,4.115972678464582,H2,dialysis,A0228,13:00,P1,high,2.0,prescription_medicale,2026-05-18 13:25:00,805,13:25,230,2026-05-18 17:15:00,1035,17:15,15,1,25,4.875,6.96,4.875,H1,4.231,1,catchment_near_assigned_hospital,8,assumption_to_validate,Renaison dialysis: assumed 30/day.
P27,HOME_P27,45.96444685822268,4.059873670109178,H1,oncology,A0099,11:00,P1,high,2.0,vsl_required,2026-05-18 11:35:00,695,11:35,180,2026-05-18 14:35:00,875,14:35,15,1,25,12.412,17.73,12.412,H2,11.327,1,catchment_near_assigned_hospital,10,observed_user_table,CH Roanne chemotherapy: 30/day.
P28,HOME_P28,46.006260779176166,4.028952202136644,H3,dialysis,A0346,13:00,P1,high,2.0,vsl_required,2026-05-18 13:45:00,825,13:45,250,2026-05-18 17:55:00,1075,17:55,15,1,25,7.256,10.37,7.256,H2,6.696,1,catchment_near_assigned_hospital,8,assumption_to_validate,Third dialysis center: assumed 24/day.
P29,HOME_P29,46.09278029853809,4.01576870943715,H1,dialysis,A0035,08:00,P1,high,2.0,vsl_required,2026-05-18 08:20:00,500,08:20,240,2026-05-18 12:20:00,740,12:20,15,1,25,7.762,11.09,7.762,H1,7.762,1,catchment_near_assigned_hospital,8,observed_user_table,"CH Roanne dialysis: 53/day. 26 morning, 23 noon, 4 evening."
P30,HOME_P30,46.029955595335245,3.9306416546477996,H2,other,A0315,16:30,P2,medium,1.5,prescription_medicale,2026-05-18 17:05:00,1025,17:05,40,2026-05-18 17:45:00,1065,17:45,25,1,35,13.509,19.3,13.509,H2,13.509,1,catchment_near_assigned_hospital,12,assumption_to_validate,Renaison other: assumed 36/day.
P31,HOME_P31,46.0592177099194,4.137282703029021,H1,other,A0143,10:30,P2,medium,1.5,standard_assis,2026-05-18 11:10:00,670,11:10,80,2026-05-18 12:30:00,750,12:30,25,1,35,6.283,8.98,6.283,H1,6.283,1,catchment_near_assigned_hospital,12,observed_user_table,CH Roanne other: 49/day.
P32,HOME_P32,46.08330359827197,3.9945313559227964,H1,dialysis,A0036,08:00,P1,high,2.0,vsl_required,2026-05-18 08:50:00,530,08:50,240,2026-05-18 12:50:00,770,12:50,15,1,25,8.615,12.31,8.615,H1,8.615,1,catchment_near_assigned_hospital,8,observed_user_table,"CH Roanne dialysis: 53/day. 26 morning, 23 noon, 4 evening."
P33,HOME_P33,46.01660034457746,4.157650847179669,H1,dialysis,A0023,08:00,P1,high,2.0,prescription_medicale,2026-05-18 08:30:00,510,08:30,240,2026-05-18 12:30:00,750,12:30,15,1,25,9.655,13.79,9.655,H2,9.48,1,catchment_near_assigned_hospital,8,observed_user_table,"CH Roanne dialysis: 53/day. 26 morning, 23 noon, 4 evening."
P34,HOME_P34,45.9778651035546,4.035025660194662,H2,oncology,A0264,15:00,P1,high,2.0,vsl_required,2026-05-18 15:50:00,950,15:50,130,2026-05-18 18:00:00,1080,18:00,15,1,25,9.976,14.25,9.976,H2,9.976,1,catchment_near_assigned_hospital,10,assumption_to_validate,Renaison oncology: assumed 16/day.
P35,HOME_P35,46.06008691448206,4.162650217660399,H3,dialysis,A0319,08:00,P1,high,2.0,prescription_medicale,2026-05-18 08:55:00,535,08:55,235,2026-05-18 12:50:00,770,12:50,15,1,25,9.046,12.92,9.046,H1,8.727,1,catchment_near_assigned_hospital,8,assumption_to_validate,Third dialysis center: assumed 24/day.
P36,HOME_P36,46.11520736067912,4.091554054115845,H1,other,A0131,08:30,P2,medium,1.5,standard_assis,2026-05-18 08:40:00,520,08:40,80,2026-05-18 10:00:00,600,10:00,25,1,35,8.795,12.56,8.795,H1,8.795,1,catchment_near_assigned_hospital,12,observed_user_table,CH Roanne other: 49/day.
P37,HOME_P37,46.0584971776464,4.037308602573889,H1,dialysis,A0047,13:00,P1,high,2.0,vsl_required,2026-05-18 13:25:00,805,13:25,240,2026-05-18 17:25:00,1045,17:25,15,1,25,3.489,5.0,3.489,H3,3.367,1,catchment_near_assigned_hospital,8,observed_user_table,"CH Roanne dialysis: 53/day. 26 morning, 23 noon, 4 evening."
P38,HOME_P38,46.02153389887772,3.962523691861361,H2,other,A0314,16:30,P2,medium,1.5,standard_assis,2026-05-18 17:40:00,1060,17:40,40,2026-05-18 18:20:00,1100,18:20,25,1,35,10.791,15.42,10.791,H2,10.791,1,catchment_near_assigned_hospital,12,assumption_to_validate,Renaison other: assumed 36/day.
P39,HOME_P39,46.07705700289049,3.98772309211243,H1,dialysis,A0049,13:00,P1,high,2.0,vsl_required,2026-05-18 13:25:00,805,13:25,240,2026-05-18 17:25:00,1045,17:25,15,1,25,8.835,12.62,8.835,H3,8.781,1,catchment_near_assigned_hospital,8,observed_user_table,"CH Roanne dialysis: 53/day. 26 morning, 23 noon, 4 evening."
P40,HOME_P40,46.06575445789146,4.0905439817477305,H3,dialysis,A0340,13:00,P1,high,2.0,vsl_required,2026-05-18 13:50:00,830,13:50,250,2026-05-18 18:00:00,1080,18:00,15,1,25,2.953,5.0,2.953,H1,2.441,1,catchment_near_assigned_hospital,8,assumption_to_validate,Third dialysis center: assumed 24/day.
P41,HOME_P41,46.08682435177061,4.136254639296925,H1,other,A0183,16:00,P2,medium,1.5,prescription_medicale,2026-05-18 16:40:00,1000,16:40,60,2026-05-18 17:40:00,1060,17:40,25,1,35,7.699,11.0,7.699,H1,7.699,1,catchment_near_assigned_hospital,12,observed_user_table,CH Roanne other: 49/day.
P42,HOME_P42,46.03976614212638,3.9170383223492835,H2,other,A0291,10:30,P2,medium,1.5,prescription_medicale,2026-05-18 11:30:00,690,11:30,35,2026-05-18 12:05:00,725,12:05,25,1,35,14.665,20.95,14.665,H2,14.665,1,catchment_near_assigned_hospital,12,assumption_to_validate,Renaison other: assumed 36/day.
P43,HOME_P43,46.012016433539706,4.206747093919016,H2,other,A0295,10:30,P2,medium,1.5,standard_assis,2026-05-18 11:15:00,675,11:15,40,2026-05-18 11:55:00,715,11:55,25,1,35,14.112,20.16,14.112,H2,14.112,1,catchment_near_assigned_hospital,12,assumption_to_validate,Renaison other: assumed 36/day.
P44,HOME_P44,46.01832690658431,4.170845771609649,H1,other,A0125,08:30,P2,medium,1.5,prescription_medicale,2026-05-18 09:10:00,550,09:10,115,2026-05-18 11:05:00,665,11:05,25,1,35,10.645,15.21,10.645,H2,10.557,1,catchment_near_assigned_hospital,12,observed_user_table,CH Roanne other: 49/day.
P45,HOME_P45,46.16234832043318,4.107978264816563,H1,external,A0186,08:30,P3,low,1.0,prescription_medicale,2026-05-18 08:40:00,520,08:40,25,2026-05-18 09:05:00,545,09:05,35,0,45,15.534,22.19,15.534,H1,15.534,1,catchment_near_assigned_hospital,18,computed_from_user_table,External visits: 75/day * 15% using fleet.
P46,HOME_P46,46.05539688101913,4.040091921348806,H1,other,A0120,08:30,P2,medium,1.5,standard_assis,2026-05-18 09:15:00,555,09:15,65,2026-05-18 10:20:00,620,10:20,25,1,35,3.159,5.0,3.159,H3,2.981,1,catchment_near_assigned_hospital,12,observed_user_table,CH Roanne other: 49/day.
P47,HOME_P47,46.019234737275475,4.167268267963568,H2,oncology,A0263,15:00,P1,high,2.0,vsl_required,2026-05-18 15:20:00,920,15:20,285,2026-05-18 20:05:00,1205,20:05,15,1,25,10.189,14.56,10.189,H2,10.189,1,catchment_near_assigned_hospital,10,assumption_to_validate,Renaison oncology: assumed 16/day.
P48,HOME_P48,46.02812949858864,4.095602623105628,H1,dialysis,A0004,08:00,P1,high,2.0,vsl_required,2026-05-18 08:15:00,495,08:15,240,2026-05-18 12:15:00,735,12:15,15,1,25,4.138,5.91,4.138,H2,3.557,1,catchment_near_assigned_hospital,8,observed_user_table,"CH Roanne dialysis: 53/day. 26 morning, 23 noon, 4 evening."
P49,HOME_P49,46.05638350075794,4.150712224415031,H1,dialysis,A0029,08:00,P1,high,2.0,prescription_medicale,2026-05-18 08:40:00,520,08:40,240,2026-05-18 12:40:00,760,12:40,15,1,25,7.537,10.77,7.537,H1,7.537,1,catchment_near_assigned_hospital,8,observed_user_table,"CH Roanne dialysis: 53/day. 26 morning, 23 noon, 4 evening."
P50,HOME_P50,46.07161162917671,4.185522212696422,H1,other,A0155,10:30,P2,medium,1.5,standard_assis,2026-05-18 11:45:00,705,11:45,85,2026-05-18 13:10:00,790,13:10,25,1,35,11.175,15.96,11.175,H1,11.175,1,catchment_near_assigned_hospital,12,observed_user_table,CH Roanne other: 49/day.
P51,HOME_P51,46.065322478116066,4.010952740778688,H2,dialysis,A0236,13:00,P1,high,2.0,prescription_medicale,2026-05-18 13:30:00,810,13:30,210,2026-05-18 17:00:00,1020,17:00,15,1,25,6.211,8.87,6.211,H3,6.08,1,catchment_near_assigned_hospital,8,assumption_to_validate,Renaison dialysis: assumed 30/day.
P52,HOME_P52,46.10689658979175,4.113050060725822,H2,oncology,A0245,08:00,P1,high,2.0,prescription_medicale,2026-05-18 08:20:00,500,08:20,185,2026-05-18 11:25:00,685,11:25,15,1,25,9.516,13.59,9.516,H1,8.404,1,catchment_near_assigned_hospital,10,assumption_to_validate,Renaison oncology: assumed 16/day.
P53,HOME_P53,46.09110481186457,4.093041052391949,H1,dialysis,A0072,17:00,P1,high,2.0,vsl_required,2026-05-18 17:40:00,1060,17:40,240,2026-05-18 21:40:00,1300,21:40,15,1,25,5.609,8.01,5.609,H1,5.609,1,catchment_near_assigned_hospital,8,observed_user_table,"CH Roanne dialysis: 53/day. 26 morning, 23 noon, 4 evening."
P54,HOME_P54,46.09779804795834,4.1104487430719185,H1,dialysis,A0027,08:00,P1,high,2.0,vsl_required,2026-05-18 08:45:00,525,08:45,240,2026-05-18 12:45:00,765,12:45,15,1,25,7.176,10.25,7.176,H1,7.176,1,catchment_near_assigned_hospital,8,observed_user_table,"CH Roanne dialysis: 53/day. 26 morning, 23 noon, 4 evening."
P55,HOME_P55,46.00357625052667,3.9607390546207966,H1,other,A0140,08:30,P2,medium,1.5,vsl_required,2026-05-18 09:55:00,595,09:55,100,2026-05-18 11:35:00,695,11:35,25,1,35,12.826,18.32,12.826,H2,11.96,1,catchment_near_assigned_hospital,12,observed_user_table,CH Roanne other: 49/day.
P56,HOME_P56,45.99123743634492,3.933804924567693,H1,external,A0191,10:30,P3,low,1.0,standard_assis,2026-05-18 11:25:00,685,11:25,20,2026-05-18 11:45:00,705,11:45,35,1,45,15.941,22.77,15.941,H2,15.069,1,catchment_near_assigned_hospital,18,computed_from_user_table,External visits: 75/day * 15% using fleet.
P57,HOME_P57,46.02246149121839,4.055709736623104,H2,other,A0278,08:30,P2,medium,1.5,standard_assis,2026-05-18 09:30:00,570,09:30,40,2026-05-18 10:10:00,610,10:10,25,1,35,3.468,5.0,3.468,H2,3.468,1,catchment_near_assigned_hospital,12,assumption_to_validate,Renaison other: assumed 36/day.
P58,HOME_P58,46.07061894748528,3.9567661501614397,H1,other,A0170,14:00,P2,medium,1.5,standard_assis,2026-05-18 14:45:00,885,14:45,70,2026-05-18 15:55:00,955,15:55,25,1,35,11.437,16.34,11.437,H3,11.291,1,catchment_near_assigned_hospital,12,observed_user_table,CH Roanne other: 49/day.
P59,HOME_P59,46.10318090650891,4.191017016395756,H1,other,A0153,10:30,P2,medium,1.5,standard_assis,2026-05-18 11:05:00,665,11:05,105,2026-05-18 12:50:00,770,12:50,25,1,35,13.349,19.07,13.349,H1,13.349,1,catchment_near_assigned_hospital,12,observed_user_table,CH Roanne other: 49/day.
P60,HOME_P60,46.03883572820855,4.034915212769491,H1,other,A0184,16:00,P2,medium,1.5,premium,2026-05-18 16:40:00,1000,16:40,115,2026-05-18 18:35:00,1115,18:35,25,1,35,4.163,5.95,4.163,H2,3.406,1,catchment_near_assigned_hospital,12,observed_user_table,CH Roanne other: 49/day.
P61,HOME_P61,46.01815289340315,4.189114897518857,H1,other,A0128,08:30,P2,medium,1.5,standard_assis,2026-05-18 09:20:00,560,09:20,80,2026-05-18 10:40:00,640,10:40,25,1,35,12.249,17.5,12.249,H2,12.225,1,catchment_near_assigned_hospital,12,observed_user_table,CH Roanne other: 49/day.
P62,HOME_P62,46.010948829229925,4.132749919320199,H1,dialysis,A0030,08:00,P1,high,2.0,vsl_required,2026-05-18 08:35:00,515,08:35,240,2026-05-18 12:35:00,755,12:35,15,1,25,8.26,11.8,8.26,H2,7.837,1,catchment_near_assigned_hospital,8,observed_user_table,"CH Roanne dialysis: 53/day. 26 morning, 23 noon, 4 evening."
P63,HOME_P63,46.07010202511677,4.109227133734205,H2,oncology,A0253,08:00,P1,high,2.0,vsl_required,2026-05-18 08:40:00,520,08:40,110,2026-05-18 10:30:00,630,10:30,15,1,25,5.168,7.38,5.168,H1,4.227,1,catchment_near_assigned_hospital,10,assumption_to_validate,Renaison oncology: assumed 16/day.
P64,HOME_P64,46.02191692580519,4.0620865145240375,H2,oncology,A0260,13:00,P1,high,2.0,vsl_required,2026-05-18 13:05:00,785,13:05,70,2026-05-18 14:15:00,855,14:15,15,1,25,3.369,5.0,3.369,H2,3.369,1,catchment_near_assigned_hospital,10,assumption_to_validate,Renaison oncology: assumed 16/day.
P65,HOME_P65,46.1267168598432,4.117002190413509,H2,other,A0276,08:30,P2,medium,1.5,standard_assis,2026-05-18 09:40:00,580,09:40,30,2026-05-18 10:10:00,610,10:10,25,1,35,12.182,17.4,12.182,H1,11.062,1,catchment_near_assigned_hospital,12,assumption_to_validate,Renaison other: assumed 36/day.
P66,HOME_P66,46.063404209234456,3.9845832615197385,H1,dialysis,A0051,13:00,P1,high,2.0,prescription_medicale,2026-05-18 13:55:00,835,13:55,240,2026-05-18 17:55:00,1075,17:55,15,1,25,8.614,12.31,8.614,H3,8.447,1,catchment_near_assigned_hospital,8,observed_user_table,"CH Roanne dialysis: 53/day. 26 morning, 23 noon, 4 evening."
P67,HOME_P67,46.04627292232387,4.036330402014721,H3,dialysis,A0339,13:00,P1,high,2.0,prescription_medicale,2026-05-18 13:15:00,795,13:15,215,2026-05-18 16:50:00,1010,16:50,15,1,25,3.289,5.0,3.289,H2,3.133,1,catchment_near_assigned_hospital,8,assumption_to_validate,Third dialysis center: assumed 24/day.
P68,HOME_P68,46.10246131733877,4.11182162601189,H3,dialysis,A0333,08:00,P1,high,2.0,vsl_required,2026-05-18 08:05:00,485,08:05,225,2026-05-18 11:50:00,710,11:50,15,1,25,8.333,11.9,8.333,H1,7.805,1,catchment_near_assigned_hospital,8,assumption_to_validate,Third dialysis center: assumed 24/day.
P69,HOME_P69,46.02041414171997,4.138073109470164,H1,oncology,A0115,14:00,P1,high,2.0,vsl_required,2026-05-18 14:25:00,865,14:25,180,2026-05-18 17:25:00,1045,17:25,15,1,25,7.79,11.13,7.79,H2,7.552,1,catchment_near_assigned_hospital,10,observed_user_table,CH Roanne chemotherapy: 30/day.
P70,HOME_P70,46.0383303577812,3.9367244141020676,H1,other,A0181,16:00,P2,medium,1.5,standard_assis,2026-05-18 16:25:00,985,16:25,80,2026-05-18 17:45:00,1065,17:45,25,1,35,13.282,18.97,13.282,H2,12.784,1,catchment_near_assigned_hospital,12,observed_user_table,CH Roanne other: 49/day.
P71,HOME_P71,45.99518238570886,4.033077028691545,H1,oncology,A0095,08:00,P1,high,2.0,standard_assis,2026-05-18 08:40:00,520,08:40,175,2026-05-18 11:35:00,695,11:35,15,1,25,8.937,12.77,8.937,H2,7.822,1,catchment_near_assigned_hospital,10,observed_user_table,CH Roanne chemotherapy: 30/day.
P72,HOME_P72,46.00873826435556,4.107967633610032,H1,dialysis,A0063,13:00,P1,high,2.0,vsl_required,2026-05-18 13:05:00,785,13:05,240,2026-05-18 17:05:00,1025,17:05,15,1,25,7.067,10.1,7.067,H2,6.378,1,catchment_near_assigned_hospital,8,observed_user_table,"CH Roanne dialysis: 53/day. 26 morning, 23 noon, 4 evening."
P73,HOME_P73,45.97290484420576,4.081635961064328,H1,other,A0142,08:30,P2,medium,1.5,vsl_required,2026-05-18 09:35:00,575,09:35,115,2026-05-18 11:30:00,690,11:30,25,1,35,11.208,16.01,11.208,H2,10.194,1,catchment_near_assigned_hospital,12,observed_user_table,CH Roanne other: 49/day.
P74,HOME_P74,46.08268134314907,4.090722694050217,H1,oncology,A0107,11:00,P1,high,2.0,vsl_required,2026-05-18 11:35:00,695,11:35,170,2026-05-18 14:25:00,865,14:25,15,1,25,4.438,6.34,4.438,H1,4.438,1,catchment_near_assigned_hospital,10,observed_user_table,CH Roanne chemotherapy: 30/day.
P75,HOME_P75,46.025642392479526,4.0151672635248925,H2,dialysis,A0214,08:00,P1,high,2.0,prescription_medicale,2026-05-18 08:20:00,500,08:20,240,2026-05-18 12:20:00,740,12:20,15,1,25,5.878,8.4,5.878,H2,5.878,1,catchment_near_assigned_hospital,8,assumption_to_validate,Renaison dialysis: assumed 30/day.
P76,HOME_P76,46.00132401408186,4.095569614876684,H3,dialysis,A0336,13:00,P1,high,2.0,vsl_required,2026-05-18 13:20:00,800,13:20,215,2026-05-18 16:55:00,1015,16:55,15,1,25,7.202,10.29,7.202,H2,6.687,1,catchment_near_assigned_hospital,8,assumption_to_validate,Third dialysis center: assumed 24/day.
P77,HOME_P77,46.024352477562424,4.054067024801588,H2,oncology,A0252,08:00,P1,high,2.0,vsl_required,2026-05-18 08:35:00,515,08:35,190,2026-05-18 11:45:00,705,11:45,15,1,25,3.29,5.0,3.29,H2,3.29,1,catchment_near_assigned_hospital,10,assumption_to_validate,Renaison oncology: assumed 16/day.
P78,HOME_P78,46.00626658861098,4.13905942187515,H3,dialysis,A0330,08:00,P1,high,2.0,vsl_required,2026-05-18 08:25:00,505,08:25,225,2026-05-18 12:10:00,730,12:10,15,1,25,9.02,12.89,9.02,H2,8.719,1,catchment_near_assigned_hospital,8,assumption_to_validate,Third dialysis center: assumed 24/day.
P79,HOME_P79,46.10553048164683,4.066766677849358,H2,dialysis,A0205,08:00,P1,high,2.0,vsl_required,2026-05-18 08:05:00,485,08:05,265,2026-05-18 12:30:00,750,12:30,15,1,25,8.318,11.88,8.318,H1,7.282,1,catchment_near_assigned_hospital,8,assumption_to_validate,Renaison dialysis: assumed 30/day.
P80,HOME_P80,45.9508410777434,4.09975192543119,H1,other,A0163,10:30,P2,medium,1.5,prescription_medicale,2026-05-18 11:05:00,665,11:05,95,2026-05-18 12:40:00,760,12:40,25,1,35,14.479,20.68,14.479,H2,13.519,1,catchment_near_assigned_hospital,12,observed_user_table,CH Roanne other: 49/day.
P81,HOME_P81,46.06632036401224,3.9564975345469175,H1,oncology,A0110,11:00,P1,high,2.0,standard_assis,2026-05-18 11:30:00,690,11:30,150,2026-05-18 14:00:00,840,14:00,15,1,25,11.353,16.22,11.353,H3,11.18,1,catchment_near_assigned_hospital,10,observed_user_table,CH Roanne chemotherapy: 30/day.
P82,HOME_P82,46.01277582029705,4.110733590600896,H2,other,A0267,08:30,P2,medium,1.5,prescription_medicale,2026-05-18 09:05:00,545,09:05,25,2026-05-18 09:30:00,570,09:30,25,0,35,6.109,8.73,6.109,H2,6.109,1,catchment_near_assigned_hospital,12,assumption_to_validate,Renaison other: assumed 36/day.
P83,HOME_P83,46.12315138270568,4.012598832432699,H1,other,A0138,08:30,P2,medium,1.5,prescription_medicale,2026-05-18 09:55:00,595,09:55,110,2026-05-18 11:45:00,705,11:45,25,1,35,11.306,16.15,11.306,H1,11.306,1,catchment_near_assigned_hospital,12,observed_user_table,CH Roanne other: 49/day.
P84,HOME_P84,46.02372895851678,4.142557318102949,H2,dialysis,A0212,08:00,P1,high,2.0,vsl_required,2026-05-18 08:00:00,480,08:00,250,2026-05-18 12:10:00,730,12:10,15,1,25,7.745,11.06,7.745,H2,7.745,1,catchment_near_assigned_hospital,8,assumption_to_validate,Renaison dialysis: assumed 30/day.
P85,HOME_P85,46.11216391051289,4.071868898606209,H2,other,A0290,10:30,P2,medium,1.5,prescription_medicale,2026-05-18 11:15:00,675,11:15,30,2026-05-18 11:45:00,705,11:45,25,1,35,9.243,13.2,9.243,H1,8.182,1,catchment_near_assigned_hospital,12,assumption_to_validate,Renaison other: assumed 36/day.
P86,HOME_P86,46.067058026949404,4.122666510790936,H1,dialysis,A0054,13:00,P1,high,2.0,vsl_required,2026-05-18 13:50:00,830,13:50,240,2026-05-18 17:50:00,1070,17:50,15,1,25,5.185,7.41,5.185,H1,5.185,1,catchment_near_assigned_hospital,8,observed_user_table,"CH Roanne dialysis: 53/day. 26 morning, 23 noon, 4 evening."
P87,HOME_P87,45.97437113011577,4.064637661754985,H2,dialysis,A0237,13:00,P1,high,2.0,vsl_required,2026-05-18 13:45:00,825,13:45,250,2026-05-18 17:55:00,1075,17:55,15,1,25,9.922,14.17,9.922,H2,9.922,1,catchment_near_assigned_hospital,8,assumption_to_validate,Renaison dialysis: assumed 30/day.
P88,HOME_P88,46.07967666407107,4.101496476213012,H2,dialysis,A0223,13:00,P1,high,2.0,prescription_medicale,2026-05-18 13:05:00,785,13:05,220,2026-05-18 16:45:00,1005,16:45,15,1,25,5.679,8.11,5.679,H1,4.599,1,catchment_near_assigned_hospital,8,assumption_to_validate,Renaison dialysis: assumed 30/day.
P89,HOME_P89,46.071488173217936,4.0344522756008185,H1,dialysis,A0006,08:00,P1,high,2.0,prescription_medicale,2026-05-18 08:10:00,490,08:10,240,2026-05-18 12:10:00,730,12:10,15,1,25,4.472,6.39,4.472,H1,4.472,1,catchment_near_assigned_hospital,8,observed_user_table,"CH Roanne dialysis: 53/day. 26 morning, 23 noon, 4 evening."
P90,HOME_P90,45.988728058574445,3.880258859577816,H1,external,A0188,09:30,P3,low,1.0,prescription_medicale,2026-05-18 10:00:00,600,10:00,30,2026-05-18 10:30:00,630,10:30,35,1,54,20.629,29.47,20.629,H2,19.847,1,catchment_near_assigned_hospital,18,computed_from_user_table,External visits: 75/day * 15% using fleet.
P91,HOME_P91,46.07265511432623,4.215003266872184,H1,external,A0194,11:30,P3,low,1.0,prescription_medicale,2026-05-18 12:40:00,760,12:40,25,2026-05-18 13:05:00,785,13:05,35,1,45,13.985,19.98,13.985,H1,13.985,1,catchment_near_assigned_hospital,18,computed_from_user_table,External visits: 75/day * 15% using fleet.
P92,HOME_P92,46.03351643381131,4.0771771870423645,H3,dialysis,A0334,13:00,P1,high,2.0,vsl_required,2026-05-18 13:00:00,780,13:00,235,2026-05-18 16:55:00,1015,16:55,15,1,25,2.393,5.0,2.393,H2,1.876,1,catchment_near_assigned_hospital,8,assumption_to_validate,Third dialysis center: assumed 24/day.
P93,HOME_P93,46.09340768146931,4.1645803286625,H1,other,A0130,08:30,P2,medium,1.5,vsl_required,2026-05-18 09:45:00,585,09:45,110,2026-05-18 11:35:00,695,11:35,25,1,35,10.468,14.95,10.468,H1,10.468,1,catchment_near_assigned_hospital,12,observed_user_table,CH Roanne other: 49/day.
P94,HOME_P94,46.00401381374159,4.120107127015687,H1,oncology,A0079,08:00,P1,high,2.0,prescription_medicale,2026-05-18 08:20:00,500,08:20,160,2026-05-18 11:00:00,660,11:00,15,1,25,8.238,11.77,8.238,H2,7.622,1,catchment_near_assigned_hospital,10,observed_user_table,CH Roanne chemotherapy: 30/day.
P95,HOME_P95,46.032941256433716,4.096616089812928,H1,dialysis,A0060,13:00,P1,high,2.0,prescription_medicale,2026-05-18 13:00:00,780,13:00,240,2026-05-18 17:00:00,1020,17:00,15,1,25,3.651,5.22,3.651,H2,3.217,1,catchment_near_assigned_hospital,8,observed_user_table,"CH Roanne dialysis: 53/day. 26 morning, 23 noon, 4 evening."
P96,HOME_P96,45.98349321139039,4.075621797548438,H3,dialysis,A0348,13:00,P1,high,2.0,vsl_required,2026-05-18 13:10:00,790,13:10,265,2026-05-18 17:35:00,1055,17:35,15,1,25,9.26,13.23,9.26,H2,8.671,1,catchment_near_assigned_hospital,8,assumption_to_validate,Third dialysis center: assumed 24/day.
P97,HOME_P97,46.072667355569806,4.028974724231718,H1,dialysis,A0064,13:00,P1,high,2.0,vsl_required,2026-05-18 13:45:00,825,13:45,240,2026-05-18 17:45:00,1065,17:45,15,1,25,5.003,7.15,5.003,H1,5.003,1,catchment_near_assigned_hospital,8,observed_user_table,"CH Roanne dialysis: 53/day. 26 morning, 23 noon, 4 evening."
P98,HOME_P98,46.062426813395476,4.157831845436095,H1,dialysis,A0008,08:00,P1,high,2.0,prescription_medicale,2026-05-18 08:35:00,515,08:35,240,2026-05-18 12:35:00,755,12:35,15,1,25,8.309,11.87,8.309,H1,8.309,1,catchment_near_assigned_hospital,8,observed_user_table,"CH Roanne dialysis: 53/day. 26 morning, 23 noon, 4 evening."
P99,HOME_P99,46.04761619764958,4.053540905582843,H3,dialysis,A0343,13:00,P1,high,2.0,prescription_medicale,2026-05-18 13:15:00,795,13:15,260,2026-05-18 17:35:00,1055,17:35,15,1,25,1.622,5.0,1.622,H2,1.496,1,catchment_near_assigned_hospital,8,assumption_to_validate,Third dialysis center: assumed 24/day.
P100,HOME_P100,46.087138343010594,4.007699289899388,H2,oncology,A0249,08:00,P1,high,2.0,vsl_required,2026-05-18 08:30:00,510,08:30,195,2026-05-18 11:45:00,705,11:45,15,1,25,8.24,11.77,8.24,H1,7.836,1,catchment_near_assigned_hospital,10,assumption_to_validate,Renaison oncology: assumed 16/day.
P101,HOME_P101,46.02772794987334,3.9752915830407685,H1,oncology,A0084,08:00,P1,high,2.0,prescription_medicale,2026-05-18 08:20:00,500,08:20,165,2026-05-18 11:05:00,665,11:05,15,1,25,10.048,14.35,10.048,H2,9.362,1,catchment_near_assigned_hospital,10,observed_user_table,CH Roanne chemotherapy: 30/day.
P102,HOME_P102,46.08870483140979,4.094175534490526,H1,other,A0165,14:00,P2,medium,1.5,prescription_medicale,2026-05-18 14:45:00,885,14:45,65,2026-05-18 15:50:00,950,15:50,25,1,35,5.339,7.63,5.339,H1,5.339,1,catchment_near_assigned_hospital,12,observed_user_table,CH Roanne other: 49/day.
P103,HOME_P103,45.96911493731651,4.066402226366901,H1,oncology,A0093,08:00,P1,high,2.0,vsl_required,2026-05-18 08:10:00,490,08:10,150,2026-05-18 10:40:00,640,10:40,15,1,25,11.717,16.74,11.717,H2,10.647,1,catchment_near_assigned_hospital,10,observed_user_table,CH Roanne chemotherapy: 30/day.
P104,HOME_P104,45.97501082496364,4.00848367694164,H1,other,A0179,16:00,P2,medium,1.5,prescription_medicale,2026-05-18 16:50:00,1010,16:50,85,2026-05-18 18:15:00,1095,18:15,25,1,35,12.523,17.89,12.523,H2,11.421,1,catchment_near_assigned_hospital,12,observed_user_table,CH Roanne other: 49/day.
P105,HOME_P105,46.091482570735714,4.171952932958927,H2,oncology,A0261,13:00,P1,high,2.0,prescription_medicale,2026-05-18 13:30:00,810,13:30,290,2026-05-18 18:20:00,1100,18:20,15,1,25,11.809,16.87,11.809,H1,10.944,1,catchment_near_assigned_hospital,10,assumption_to_validate,Renaison oncology: assumed 16/day.
P106,HOME_P106,46.06412494186385,4.018511078764546,H3,dialysis,A0345,13:00,P1,high,2.0,vsl_required,2026-05-18 13:25:00,805,13:25,250,2026-05-18 17:35:00,1055,17:35,15,1,25,5.34,7.63,5.34,H3,5.34,1,catchment_near_assigned_hospital,8,assumption_to_validate,Third dialysis center: assumed 24/day.
P107,HOME_P107,46.101499556428635,4.1211797777459935,H2,dialysis,A0210,08:00,P1,high,2.0,prescription_medicale,2026-05-18 08:05:00,485,08:05,245,2026-05-18 12:10:00,730,12:10,15,1,25,9.255,13.22,9.255,H1,8.169,1,catchment_near_assigned_hospital,8,assumption_to_validate,Renaison dialysis: assumed 30/day.
P108,HOME_P108,46.0587356316172,4.168750358680517,H1,other,A0149,10:30,P2,medium,1.5,prescription_medicale,2026-05-18 10:45:00,645,10:45,90,2026-05-18 12:15:00,735,12:15,25,1,35,9.295,13.28,9.295,H1,9.295,1,catchment_near_assigned_hospital,12,observed_user_table,CH Roanne other: 49/day.
P109,HOME_P109,46.0852379276965,4.005563854825499,H1,dialysis,A0066,13:00,P1,high,2.0,vsl_required,2026-05-18 13:55:00,835,13:55,240,2026-05-18 17:55:00,1075,17:55,15,1,25,7.85,11.21,7.85,H1,7.85,1,catchment_near_assigned_hospital,8,observed_user_table,"CH Roanne dialysis: 53/day. 26 morning, 23 noon, 4 evening."
P110,HOME_P110,46.027375002887126,4.0889618641169605,H2,other,A0273,08:30,P2,medium,1.5,premium,2026-05-18 09:55:00,595,09:55,25,2026-05-18 10:20:00,620,10:20,25,1,35,3.205,5.0,3.205,H2,3.205,1,catchment_near_assigned_hospital,12,assumption_to_validate,Renaison other: assumed 36/day.
P111,HOME_P111,46.010609085658984,4.103987003764308,H2,other,A0282,08:30,P2,medium,1.5,standard_assis,2026-05-18 09:20:00,560,09:20,30,2026-05-18 09:50:00,590,09:50,25,0,35,5.943,8.49,5.943,H2,5.943,1,catchment_near_assigned_hospital,12,assumption_to_validate,Renaison other: assumed 36/day.
P112,HOME_P112,46.07096340324529,4.127855723370676,H2,dialysis,A0243,17:00,P1,high,2.0,vsl_required,2026-05-18 17:10:00,1030,17:10,235,2026-05-18 21:05:00,1265,21:05,15,1,25,6.691,9.56,6.691,H1,5.859,1,catchment_near_assigned_hospital,8,assumption_to_validate,Renaison dialysis: assumed 30/day.
P113,HOME_P113,45.991983328370935,4.062405320504998,H2,other,A0288,10:30,P2,medium,1.5,standard_assis,2026-05-18 10:40:00,640,10:40,25,2026-05-18 11:05:00,665,11:05,25,1,35,7.492,10.7,7.492,H2,7.492,1,catchment_near_assigned_hospital,12,assumption_to_validate,Renaison other: assumed 36/day.
P114,HOME_P114,46.037406743697474,4.048825116185768,H2,dialysis,A0203,08:00,P1,high,2.0,prescription_medicale,2026-05-18 08:05:00,485,08:05,215,2026-05-18 11:40:00,700,11:40,15,1,25,2.246,5.0,2.246,H2,2.246,1,catchment_near_assigned_hospital,8,assumption_to_validate,Renaison dialysis: assumed 30/day.
P115,HOME_P115,46.14315573216093,4.071682718926722,H1,oncology,A0098,08:00,P1,high,2.0,vsl_required,2026-05-18 08:10:00,490,08:10,155,2026-05-18 10:45:00,645,10:45,15,1,25,12.49,17.84,12.49,H1,12.49,1,catchment_near_assigned_hospital,10,observed_user_table,CH Roanne chemotherapy: 30/day.
P116,HOME_P116,46.09646124589897,4.023318651270096,H1,oncology,A0082,08:00,P1,high,2.0,vsl_required,2026-05-18 08:45:00,525,08:45,165,2026-05-18 11:30:00,690,11:30,15,1,25,7.659,10.94,7.659,H1,7.659,1,catchment_near_assigned_hospital,10,observed_user_table,CH Roanne chemotherapy: 30/day.
P117,HOME_P117,46.010790540832325,4.088614448273506,H2,oncology,A0246,08:00,P1,high,2.0,prescription_medicale,2026-05-18 08:10:00,490,08:10,150,2026-05-18 10:40:00,640,10:40,15,1,25,5.215,7.45,5.215,H2,5.215,1,catchment_near_assigned_hospital,10,assumption_to_validate,Renaison oncology: assumed 16/day.
P118,HOME_P118,46.062425878761104,3.980653055064117,H2,other,A0271,08:30,P2,medium,1.5,prescription_medicale,2026-05-18 09:50:00,590,09:50,30,2026-05-18 10:20:00,620,10:20,25,1,35,8.815,12.59,8.815,H3,8.789,1,catchment_near_assigned_hospital,12,assumption_to_validate,Renaison other: assumed 36/day.
P119,HOME_P119,46.071281385703024,4.02634978132648,H1,oncology,A0089,08:00,P1,high,2.0,vsl_required,2026-05-18 08:10:00,490,08:10,165,2026-05-18 10:55:00,655,10:55,15,1,25,5.121,7.32,5.121,H1,5.121,1,catchment_near_assigned_hospital,10,observed_user_table,CH Roanne chemotherapy: 30/day.
P120,HOME_P120,46.16220644588706,3.9803347492070413,H1,external,A0197,13:30,P3,low,1.0,prescription_medicale,2026-05-18 13:55:00,835,13:55,25,2026-05-18 14:20:00,860,14:20,35,1,46,17.56,25.09,17.56,H1,17.56,1,catchment_near_assigned_hospital,18,computed_from_user_table,External visits: 75/day * 15% using fleet.
P121,HOME_P121,46.04931254392701,4.11274665267486,H2,dialysis,A0234,13:00,P1,high,2.0,vsl_required,2026-05-18 13:40:00,820,13:40,215,2026-05-18 17:15:00,1035,17:15,15,1,25,4.269,6.1,4.269,H1,3.903,1,catchment_near_assigned_hospital,8,assumption_to_validate,Renaison dialysis: assumed 30/day.
P122,HOME_P122,46.098787009625575,4.102165650441283,H3,dialysis,A0326,08:00,P1,high,2.0,vsl_required,2026-05-18 08:45:00,525,08:45,265,2026-05-18 13:10:00,790,13:10,15,1,25,7.457,10.65,7.457,H1,6.931,1,catchment_near_assigned_hospital,8,assumption_to_validate,Third dialysis center: assumed 24/day.
P123,HOME_P123,46.06410423341284,4.160332204935337,H3,dialysis,A0322,08:00,P1,high,2.0,vsl_required,2026-05-18 08:30:00,510,08:30,240,2026-05-18 12:30:00,750,12:30,15,1,25,8.931,12.76,8.931,H1,8.585,1,catchment_near_assigned_hospital,8,assumption_to_validate,Third dialysis center: assumed 24/day.
P124,HOME_P124,46.14144812050455,4.127350997160026,H1,other,A0148,10:30,P2,medium,1.5,prescription_medicale,2026-05-18 10:40:00,640,10:40,75,2026-05-18 11:55:00,715,11:55,25,1,35,13.336,19.05,13.336,H1,13.336,1,catchment_near_assigned_hospital,12,observed_user_table,CH Roanne other: 49/day.
P125,HOME_P125,45.96718688218929,4.081438978542252,H1,other,A0151,10:30,P2,medium,1.5,standard_assis,2026-05-18 10:55:00,655,10:55,100,2026-05-18 12:35:00,755,12:35,25,1,35,11.999,17.14,11.999,H2,10.981,1,catchment_near_assigned_hospital,12,observed_user_table,CH Roanne other: 49/day.
P126,HOME_P126,46.097182557632195,4.048035504727078,H2,other,A0270,08:30,P2,medium,1.5,standard_assis,2026-05-18 08:30:00,510,08:30,30,2026-05-18 09:00:00,540,09:00,25,1,35,7.431,10.62,7.431,H1,6.547,1,catchment_near_assigned_hospital,12,assumption_to_validate,Renaison other: assumed 36/day.
P127,HOME_P127,46.094793074550175,4.1820639685407635,H1,oncology,A0111,11:00,P1,high,2.0,vsl_required,2026-05-18 11:50:00,710,11:50,160,2026-05-18 14:30:00,870,14:30,15,1,25,12.019,17.17,12.019,H1,12.019,1,catchment_near_assigned_hospital,10,observed_user_table,CH Roanne chemotherapy: 30/day.
P128,HOME_P128,46.12138958367478,4.099629539941944,H1,dialysis,A0069,17:00,P1,high,2.0,prescription_medicale,2026-05-18 17:20:00,1040,17:20,240,2026-05-18 21:20:00,1280,21:20,15,1,25,9.814,14.02,9.814,H1,9.814,1,catchment_near_assigned_hospital,8,observed_user_table,"CH Roanne dialysis: 53/day. 26 morning, 23 noon, 4 evening."
P129,HOME_P129,46.011455201782574,4.104108420004211,H1,dialysis,A0050,13:00,P1,high,2.0,vsl_required,2026-05-18 13:45:00,825,13:45,240,2026-05-18 17:45:00,1065,17:45,15,1,25,6.558,9.37,6.558,H2,5.854,1,catchment_near_assigned_hospital,8,observed_user_table,"CH Roanne dialysis: 53/day. 26 morning, 23 noon, 4 evening."
P130,HOME_P130,46.08596056248384,4.103499651048296,H1,other,A0147,10:30,P2,medium,1.5,standard_assis,2026-05-18 11:00:00,660,11:00,100,2026-05-18 12:40:00,760,12:40,25,1,35,5.425,7.75,5.425,H1,5.425,1,catchment_near_assigned_hospital,12,observed_user_table,CH Roanne other: 49/day.
P131,HOME_P131,46.103717030889655,4.0222648660147415,H2,dialysis,A0206,08:00,P1,high,2.0,vsl_required,2026-05-18 08:05:00,485,08:05,225,2026-05-18 11:50:00,710,11:50,15,1,25,9.228,13.18,9.228,H1,8.53,1,catchment_near_assigned_hospital,8,assumption_to_validate,Renaison dialysis: assumed 30/day.
P132,HOME_P132,46.055717326931656,4.154248691517272,H2,dialysis,A0220,08:00,P1,high,2.0,vsl_required,2026-05-18 08:15:00,495,08:15,260,2026-05-18 12:35:00,755,12:35,15,1,25,8.36,11.94,8.36,H1,7.873,1,catchment_near_assigned_hospital,8,assumption_to_validate,Renaison dialysis: assumed 30/day.
P133,HOME_P133,46.01030712554615,3.9794102215556824,H2,other,A0312,16:30,P2,medium,1.5,standard_assis,2026-05-18 17:50:00,1070,17:50,35,2026-05-18 18:25:00,1105,18:25,25,1,35,9.931,14.19,9.931,H2,9.931,1,catchment_near_assigned_hospital,12,assumption_to_validate,Renaison other: assumed 36/day.
P134,HOME_P134,46.057554237314456,4.075655666019201,H2,dialysis,A0229,13:00,P1,high,2.0,prescription_medicale,2026-05-18 13:25:00,805,13:25,250,2026-05-18 17:35:00,1055,17:35,15,1,25,1.775,5.0,1.775,H1,0.656,1,catchment_near_assigned_hospital,8,assumption_to_validate,Renaison dialysis: assumed 30/day.
P135,HOME_P135,46.04206162927998,4.01561305613952,H2,other,A0311,16:30,P2,medium,1.5,prescription_medicale,2026-05-18 17:30:00,1050,17:30,40,2026-05-18 18:10:00,1090,18:10,25,1,35,5.156,7.37,5.156,H2,5.156,1,catchment_near_assigned_hospital,12,assumption_to_validate,Renaison other: assumed 36/day.
P136,HOME_P136,46.06889708779475,3.9967995035649357,H2,dialysis,A0217,08:00,P1,high,2.0,vsl_required,2026-05-18 08:55:00,535,08:55,260,2026-05-18 13:15:00,795,13:15,15,1,25,7.657,10.94,7.657,H3,7.533,1,catchment_near_assigned_hospital,8,assumption_to_validate,Renaison dialysis: assumed 30/day.
P137,HOME_P137,46.10167278542053,4.090748208610097,H1,dialysis,A0058,13:00,P1,high,2.0,vsl_required,2026-05-18 13:45:00,825,13:45,240,2026-05-18 17:45:00,1065,17:45,15,1,25,6.945,9.92,6.945,H1,6.945,1,catchment_near_assigned_hospital,8,observed_user_table,"CH Roanne dialysis: 53/day. 26 morning, 23 noon, 4 evening."
P138,HOME_P138,46.036039393784826,4.142279699699672,H3,dialysis,A0318,08:00,P1,high,2.0,prescription_medicale,2026-05-18 08:40:00,520,08:40,260,2026-05-18 13:00:00,780,13:00,15,1,25,7.238,10.34,7.238,H1,7.129,1,catchment_near_assigned_hospital,8,assumption_to_validate,Third dialysis center: assumed 24/day.
P139,HOME_P139,45.97576760996448,4.05999629732842,H1,other,A0160,10:30,P2,medium,1.5,standard_assis,2026-05-18 11:30:00,690,11:30,90,2026-05-18 13:00:00,780,13:00,25,1,35,10.846,15.49,10.846,H2,9.757,1,catchment_near_assigned_hospital,12,observed_user_table,CH Roanne other: 49/day.
P140,HOME_P140,46.135362261765614,3.9989838503310944,H1,other,A0137,08:30,P2,medium,1.5,standard_assis,2026-05-18 09:40:00,580,09:40,120,2026-05-18 11:40:00,700,11:40,25,1,35,13.438,19.2,13.438,H1,13.438,1,catchment_near_assigned_hospital,12,observed_user_table,CH Roanne other: 49/day.
P141,HOME_P141,45.96657674184118,3.971069153158097,H2,other,A0268,08:30,P2,medium,1.5,standard_assis,2026-05-18 08:35:00,515,08:35,25,2026-05-18 09:00:00,540,09:00,25,1,35,14.49,20.7,14.49,H2,14.49,1,catchment_near_assigned_hospital,12,assumption_to_validate,Renaison other: assumed 36/day.
P142,HOME_P142,45.98889506468037,4.004062935156529,H1,oncology,A0116,14:00,P1,high,2.0,vsl_required,2026-05-18 14:00:00,840,14:00,175,2026-05-18 16:55:00,1015,16:55,15,1,25,11.136,15.91,11.136,H2,10.069,1,catchment_near_assigned_hospital,10,observed_user_table,CH Roanne chemotherapy: 30/day.
P143,HOME_P143,46.047157786189864,4.020875942378564,H2,other,A0281,08:30,P2,medium,1.5,prescription_medicale,2026-05-18 09:40:00,580,09:40,30,2026-05-18 10:10:00,610,10:10,25,1,35,4.628,6.61,4.628,H2,4.628,1,catchment_near_assigned_hospital,12,assumption_to_validate,Renaison other: assumed 36/day.
P144,HOME_P144,46.0706510797747,4.06385252515852,H3,dialysis,A0349,13:00,P1,high,2.0,vsl_required,2026-05-18 13:55:00,835,13:55,245,2026-05-18 18:00:00,1080,18:00,15,1,25,2.931,5.0,2.931,H1,2.558,1,catchment_near_assigned_hospital,8,assumption_to_validate,Third dialysis center: assumed 24/day.
P145,HOME_P145,46.053485404667285,3.981182769191302,H1,oncology,A0088,08:00,P1,high,2.0,vsl_required,2026-05-18 08:30:00,510,08:30,165,2026-05-18 11:15:00,675,11:15,15,1,25,8.828,12.61,8.828,H2,8.521,1,catchment_near_assigned_hospital,10,observed_user_table,CH Roanne chemotherapy: 30/day.
P146,HOME_P146,46.050781687277876,4.071686518176121,H3,dialysis,A0329,08:00,P1,high,2.0,vsl_required,2026-05-18 08:00:00,480,08:00,250,2026-05-18 12:10:00,730,12:10,15,1,25,0.196,5.0,0.196,H3,0.196,1,catchment_near_assigned_hospital,8,assumption_to_validate,Third dialysis center: assumed 24/day.
P147,HOME_P147,46.06297672658958,4.004092057797835,H1,dialysis,A0039,13:00,P1,high,2.0,vsl_required,2026-05-18 13:50:00,830,13:50,240,2026-05-18 17:50:00,1070,17:50,15,1,25,6.753,9.65,6.753,H3,6.608,1,catchment_near_assigned_hospital,8,observed_user_table,"CH Roanne dialysis: 53/day. 26 morning, 23 noon, 4 evening."
P148,HOME_P148,46.01058749252944,4.135437875097417,H1,dialysis,A0044,13:00,P1,high,2.0,vsl_required,2026-05-18 13:30:00,810,13:30,240,2026-05-18 17:30:00,1050,17:30,15,1,25,8.479,12.11,8.479,H2,8.073,1,catchment_near_assigned_hospital,8,observed_user_table,"CH Roanne dialysis: 53/day. 26 morning, 23 noon, 4 evening."
P149,HOME_P149,46.000536228823336,4.0376423750429415,H2,dialysis,A0235,13:00,P1,high,2.0,vsl_required,2026-05-18 13:00:00,780,13:00,225,2026-05-18 16:45:00,1005,16:45,15,1,25,6.961,9.94,6.961,H2,6.961,1,catchment_near_assigned_hospital,8,assumption_to_validate,Renaison dialysis: assumed 30/day.
P150,HOME_P150,46.07876894663951,3.9492203175268688,H1,other,A0134,08:30,P2,medium,1.5,standard_assis,2026-05-18 09:30:00,570,09:30,100,2026-05-18 11:10:00,670,11:10,25,1,35,12.423,17.75,12.423,H3,12.315,1,catchment_near_assigned_hospital,12,observed_user_table,CH Roanne other: 49/day.
P151,HOME_P151,46.09101318260591,4.182343559048989,H1,oncology,A0090,08:00,P1,high,2.0,vsl_required,2026-05-18 08:50:00,530,08:50,165,2026-05-18 11:35:00,695,11:35,15,1,25,11.801,16.86,11.801,H1,11.801,1,catchment_near_assigned_hospital,10,observed_user_table,CH Roanne chemotherapy: 30/day.
P152,HOME_P152,45.99768448757127,4.104699645031939,H1,dialysis,A0033,08:00,P1,high,2.0,vsl_required,2026-05-18 08:15:00,495,08:15,240,2026-05-18 12:15:00,735,12:15,15,1,25,8.324,11.89,8.324,H2,7.52,1,catchment_near_assigned_hospital,8,observed_user_table,"CH Roanne dialysis: 53/day. 26 morning, 23 noon, 4 evening."
P153,HOME_P153,46.08497043765137,4.059134514856059,H1,oncology,A0104,11:00,P1,high,2.0,standard_assis,2026-05-18 11:55:00,715,11:55,180,2026-05-18 14:55:00,895,14:55,15,1,25,4.592,6.56,4.592,H1,4.592,1,catchment_near_assigned_hospital,10,observed_user_table,CH Roanne chemotherapy: 30/day.
P154,HOME_P154,46.059986845616244,4.012899942648531,H2,oncology,A0248,08:00,P1,high,2.0,prescription_medicale,2026-05-18 08:15:00,495,08:15,300,2026-05-18 13:15:00,795,13:15,15,1,25,5.746,8.21,5.746,H3,5.68,1,catchment_near_assigned_hospital,10,assumption_to_validate,Renaison oncology: assumed 16/day.
P155,HOME_P155,46.067262914735885,4.043971838171398,H1,dialysis,A0057,13:00,P1,high,2.0,vsl_required,2026-05-18 13:25:00,805,13:25,240,2026-05-18 17:25:00,1045,17:25,15,1,25,3.383,5.0,3.383,H1,3.383,1,catchment_near_assigned_hospital,8,observed_user_table,"CH Roanne dialysis: 53/day. 26 morning, 23 noon, 4 evening."
P156,HOME_P156,46.11387636425917,4.133895274587795,H1,other,A0150,10:30,P2,medium,1.5,prescription_medicale,2026-05-18 10:40:00,640,10:40,70,2026-05-18 11:50:00,710,11:50,25,1,35,10.281,14.69,10.281,H1,10.281,1,catchment_near_assigned_hospital,12,observed_user_table,CH Roanne other: 49/day.
P157,HOME_P157,46.065842685707985,4.212674536144657,H2,other,A0302,14:00,P2,medium,1.5,standard_assis,2026-05-18 15:10:00,910,15:10,30,2026-05-18 15:40:00,940,15:40,25,1,35,14.157,20.22,14.157,H1,13.613,1,catchment_near_assigned_hospital,12,assumption_to_validate,Renaison other: assumed 36/day.
P158,HOME_P158,46.07420253802395,4.129603425817257,H1,dialysis,A0002,08:00,P1,high,2.0,vsl_required,2026-05-18 08:40:00,520,08:40,240,2026-05-18 12:40:00,760,12:40,15,1,25,6.209,8.87,6.209,H1,6.209,1,catchment_near_assigned_hospital,8,observed_user_table,"CH Roanne dialysis: 53/day. 26 morning, 23 noon, 4 evening."
P159,HOME_P159,46.02484939433129,4.057443333414784,H1,oncology,A0114,14:00,P1,high,2.0,vsl_required,2026-05-18 14:20:00,860,14:20,170,2026-05-18 17:10:00,1030,17:10,15,1,25,4.22,6.03,4.22,H2,3.098,1,catchment_near_assigned_hospital,10,observed_user_table,CH Roanne chemotherapy: 30/day.
P160,HOME_P160,46.11492294208112,4.174303009718454,H2,other,A0309,14:00,P2,medium,1.5,premium,2026-05-18 14:00:00,840,14:00,30,2026-05-18 14:30:00,870,14:30,25,1,35,14.001,20.0,14.001,H1,13.012,1,catchment_near_assigned_hospital,12,assumption_to_validate,Renaison other: assumed 36/day.
P161,HOME_P161,46.118881915257965,4.101871228204225,H1,other,A0121,08:30,P2,medium,1.5,standard_assis,2026-05-18 08:35:00,515,08:35,80,2026-05-18 09:55:00,595,09:55,25,1,35,9.539,13.63,9.539,H1,9.539,1,catchment_near_assigned_hospital,12,observed_user_table,CH Roanne other: 49/day.
P162,HOME_P162,45.995550011344136,4.019241031524143,H1,other,A0174,14:00,P2,medium,1.5,standard_assis,2026-05-18 15:20:00,920,15:20,105,2026-05-18 17:05:00,1025,17:05,25,1,35,9.542,13.63,9.542,H2,8.454,1,catchment_near_assigned_hospital,12,observed_user_table,CH Roanne other: 49/day.
P163,HOME_P163,46.05510648553127,4.144339607202839,H1,oncology,A0078,08:00,P1,high,2.0,vsl_required,2026-05-18 08:50:00,530,08:50,180,2026-05-18 11:50:00,710,11:50,15,1,25,6.915,9.88,6.915,H1,6.915,1,catchment_near_assigned_hospital,10,observed_user_table,CH Roanne chemotherapy: 30/day.
P164,HOME_P164,46.04233773814765,4.305480836035185,H1,external,A0195,12:30,P3,low,1.0,standard_assis,2026-05-18 14:05:00,845,14:05,30,2026-05-18 14:35:00,875,14:35,35,1,58,22.508,32.15,22.508,H1,22.508,1,catchment_near_assigned_hospital,18,computed_from_user_table,External visits: 75/day * 15% using fleet.
P165,HOME_P165,46.11425925438637,4.059305458466273,H2,other,A0301,14:00,P2,medium,1.5,vsl_required,2026-05-18 15:00:00,900,15:00,35,2026-05-18 15:35:00,935,15:35,25,1,35,9.573,13.68,9.573,H1,8.571,1,catchment_near_assigned_hospital,12,assumption_to_validate,Renaison other: assumed 36/day.
P166,HOME_P166,46.07665378224996,4.131799334259813,H2,oncology,A0256,13:00,P1,high,2.0,prescription_medicale,2026-05-18 13:00:00,780,13:00,220,2026-05-18 16:40:00,1000,16:40,15,1,25,7.445,10.64,7.445,H1,6.559,1,catchment_near_assigned_hospital,10,assumption_to_validate,Renaison oncology: assumed 16/day.
P167,HOME_P167,46.04348531984324,3.9910685809123216,H2,dialysis,A0233,13:00,P1,high,2.0,prescription_medicale,2026-05-18 13:05:00,785,13:05,210,2026-05-18 16:35:00,995,16:35,15,1,25,7.505,10.72,7.505,H2,7.505,1,catchment_near_assigned_hospital,8,assumption_to_validate,Renaison dialysis: assumed 30/day.
P168,HOME_P168,46.01815645013999,3.9881551384078984,H2,other,A0280,08:30,P2,medium,1.5,standard_assis,2026-05-18 09:20:00,560,09:20,35,2026-05-18 09:55:00,595,09:55,25,1,35,8.673,12.39,8.673,H2,8.673,1,catchment_near_assigned_hospital,12,assumption_to_validate,Renaison other: assumed 36/day.
P169,HOME_P169,46.08381972590711,4.086209780346714,H1,dialysis,A0028,08:00,P1,high,2.0,prescription_medicale,2026-05-18 08:35:00,515,08:35,240,2026-05-18 12:35:00,755,12:35,15,1,25,4.438,6.34,4.438,H1,4.438,1,catchment_near_assigned_hospital,8,observed_user_table,"CH Roanne dialysis: 53/day. 26 morning, 23 noon, 4 evening."
P170,HOME_P170,46.07979235369784,4.215901188772318,H1,other,A0118,08:30,P2,medium,1.5,premium,2026-05-18 09:10:00,550,09:10,75,2026-05-18 10:25:00,625,10:25,25,1,35,14.292,20.42,14.292,H1,14.292,1,catchment_near_assigned_hospital,12,observed_user_table,CH Roanne other: 49/day.
P171,HOME_P171,45.95420116976035,4.043954897237732,H1,other,A0146,10:30,P2,medium,1.5,prescription_medicale,2026-05-18 10:40:00,640,10:40,60,2026-05-18 11:40:00,700,11:40,25,1,35,14.051,20.07,14.051,H2,12.942,1,catchment_near_assigned_hospital,12,observed_user_table,CH Roanne other: 49/day.
P172,HOME_P172,46.03055483110473,4.039911192689052,H1,other,A0164,14:00,P2,medium,1.5,standard_assis,2026-05-18 15:15:00,915,15:15,105,2026-05-18 17:00:00,1020,17:00,25,1,35,4.472,6.39,4.472,H2,3.493,1,catchment_near_assigned_hospital,12,observed_user_table,CH Roanne other: 49/day.
P173,HOME_P173,46.1057163176195,4.10063931492349,H2,dialysis,A0215,08:00,P1,high,2.0,vsl_required,2026-05-18 08:50:00,530,08:50,250,2026-05-18 13:00:00,780,13:00,15,1,25,8.889,12.7,8.889,H1,7.768,1,catchment_near_assigned_hospital,8,assumption_to_validate,Renaison dialysis: assumed 30/day.
P174,HOME_P174,45.98604527094958,3.8993001360183057,H1,external,A0189,09:30,P3,low,1.0,standard_assis,2026-05-18 09:30:00,570,09:30,30,2026-05-18 10:00:00,600,10:00,35,1,50,19.17,27.39,19.17,H2,18.342,1,catchment_near_assigned_hospital,18,computed_from_user_table,External visits: 75/day * 15% using fleet.
P175,HOME_P175,46.10337387918431,4.0908531960826275,H1,other,A0157,10:30,P2,medium,1.5,standard_assis,2026-05-18 11:45:00,705,11:45,60,2026-05-18 12:45:00,765,12:45,25,1,35,7.177,10.25,7.177,H1,7.177,1,catchment_near_assigned_hospital,12,observed_user_table,CH Roanne other: 49/day.
P176,HOME_P176,46.08167238037548,4.03794888686289,H1,other,A0139,08:30,P2,medium,1.5,standard_assis,2026-05-18 09:15:00,555,09:15,95,2026-05-18 10:50:00,650,10:50,25,1,35,5.175,7.39,5.175,H1,5.175,1,catchment_near_assigned_hospital,12,observed_user_table,CH Roanne other: 49/day.
P177,HOME_P177,46.066336663616966,4.122323427394762,H2,dialysis,A0211,08:00,P1,high,2.0,prescription_medicale,2026-05-18 08:10:00,490,08:10,225,2026-05-18 11:55:00,715,11:55,15,1,25,5.906,8.44,5.906,H1,5.118,1,catchment_near_assigned_hospital,8,assumption_to_validate,Renaison dialysis: assumed 30/day.
P178,HOME_P178,46.05013628024631,4.037598440493854,H2,oncology,A0244,08:00,P1,high,2.0,prescription_medicale,2026-05-18 08:50:00,530,08:50,340,2026-05-18 14:30:00,870,14:30,15,1,25,3.073,5.0,3.073,H2,3.073,1,catchment_near_assigned_hospital,10,assumption_to_validate,Renaison oncology: assumed 16/day.
P179,HOME_P179,46.03624667892734,4.132912840052106,H1,dialysis,A0007,08:00,P1,high,2.0,prescription_medicale,2026-05-18 08:00:00,480,08:00,240,2026-05-18 12:00:00,720,12:00,15,1,25,6.274,8.96,6.274,H1,6.274,1,catchment_near_assigned_hospital,8,observed_user_table,"CH Roanne dialysis: 53/day. 26 morning, 23 noon, 4 evening."
P180,HOME_P180,45.96894522296284,3.9899565174330123,H1,other,A0168,14:00,P2,medium,1.5,prescription_medicale,2026-05-18 14:25:00,865,14:25,75,2026-05-18 15:40:00,940,15:40,25,1,35,14.187,20.27,14.187,H2,13.105,1,catchment_near_assigned_hospital,12,observed_user_table,CH Roanne other: 49/day.
P181,HOME_P181,46.10637564595141,4.071990884176337,H1,dialysis,A0062,13:00,P1,high,2.0,prescription_medicale,2026-05-18 13:30:00,810,13:30,240,2026-05-18 17:30:00,1050,17:30,15,1,25,7.377,10.54,7.377,H1,7.377,1,catchment_near_assigned_hospital,8,observed_user_table,"CH Roanne dialysis: 53/day. 26 morning, 23 noon, 4 evening."
P182,HOME_P182,46.10769260974027,4.113380576070234,H2,dialysis,A0230,13:00,P1,high,2.0,vsl_required,2026-05-18 13:05:00,785,13:05,245,2026-05-18 17:10:00,1030,17:10,15,1,25,9.629,13.76,9.629,H1,8.517,1,catchment_near_assigned_hospital,8,assumption_to_validate,Renaison dialysis: assumed 30/day.
P183,HOME_P183,46.08900383425043,4.054188317155614,H1,dialysis,A0042,13:00,P1,high,2.0,vsl_required,2026-05-18 13:00:00,780,13:00,240,2026-05-18 17:00:00,1020,17:00,15,1,25,5.274,7.53,5.274,H1,5.274,1,catchment_near_assigned_hospital,8,observed_user_table,"CH Roanne dialysis: 53/day. 26 morning, 23 noon, 4 evening."
P184,HOME_P184,46.05809443219812,4.040859522870359,H1,dialysis,A0026,08:00,P1,high,2.0,vsl_required,2026-05-18 08:25:00,505,08:25,240,2026-05-18 12:25:00,745,12:25,15,1,25,3.143,5.0,3.143,H3,3.028,1,catchment_near_assigned_hospital,8,observed_user_table,"CH Roanne dialysis: 53/day. 26 morning, 23 noon, 4 evening."
P185,HOME_P185,46.112327955622675,4.115276044926195,H2,other,A0294,10:30,P2,medium,1.5,prescription_medicale,2026-05-18 11:45:00,705,11:45,35,2026-05-18 12:20:00,740,12:20,25,1,35,10.288,14.7,10.288,H1,9.174,1,catchment_near_assigned_hospital,12,assumption_to_validate,Renaison other: assumed 36/day.
P186,HOME_P186,46.11805588520909,4.154658857378669,H1,other,A0167,14:00,P2,medium,1.5,standard_assis,2026-05-18 14:30:00,870,14:30,105,2026-05-18 16:15:00,975,16:15,25,1,35,11.977,17.11,11.977,H1,11.977,1,catchment_near_assigned_hospital,12,observed_user_table,CH Roanne other: 49/day.
P187,HOME_P187,46.0306469303326,3.98640311526517,H1,dialysis,A0070,17:00,P1,high,2.0,vsl_required,2026-05-18 17:55:00,1075,17:55,240,2026-05-18 21:55:00,1315,21:55,15,1,25,8.901,12.72,8.901,H2,8.221,1,catchment_near_assigned_hospital,8,observed_user_table,"CH Roanne dialysis: 53/day. 26 morning, 23 noon, 4 evening."
P188,HOME_P188,46.14413380934648,3.9915132102337316,H1,other,A0178,16:00,P2,medium,1.5,prescription_medicale,2026-05-18 16:40:00,1000,16:40,85,2026-05-18 18:05:00,1085,18:05,25,1,35,14.854,21.22,14.854,H1,14.854,1,catchment_near_assigned_hospital,12,observed_user_table,CH Roanne other: 49/day.
P189,HOME_P189,46.02262790180906,4.0310078795742825,H2,dialysis,A0225,13:00,P1,high,2.0,prescription_medicale,2026-05-18 13:25:00,805,13:25,255,2026-05-18 17:40:00,1060,17:40,15,1,25,4.856,6.94,4.856,H2,4.856,1,catchment_near_assigned_hospital,8,assumption_to_validate,Renaison dialysis: assumed 30/day.
P190,HOME_P190,46.07511111495858,4.164793559674545,H2,other,A0284,10:30,P2,medium,1.5,standard_assis,2026-05-18 10:55:00,655,10:55,40,2026-05-18 11:35:00,695,11:35,25,1,35,10.121,14.46,10.121,H1,9.385,1,catchment_near_assigned_hospital,12,assumption_to_validate,Renaison other: assumed 36/day.
P191,HOME_P191,46.05841836098841,4.139628883677521,H1,dialysis,A0038,13:00,P1,high,2.0,vsl_required,2026-05-18 13:40:00,820,13:40,240,2026-05-18 17:40:00,1060,17:40,15,1,25,6.495,9.28,6.495,H1,6.495,1,catchment_near_assigned_hospital,8,observed_user_table,"CH Roanne dialysis: 53/day. 26 morning, 23 noon, 4 evening."
P192,HOME_P192,45.99753256524941,4.058284615839801,H2,dialysis,A0232,13:00,P1,high,2.0,vsl_required,2026-05-18 13:50:00,830,13:50,245,2026-05-18 17:55:00,1075,17:55,15,1,25,6.771,9.67,6.771,H2,6.771,1,catchment_near_assigned_hospital,8,assumption_to_validate,Renaison dialysis: assumed 30/day.
P193,HOME_P193,46.1153973319019,4.053691298040762,H1,dialysis,A0053,13:00,P1,high,2.0,prescription_medicale,2026-05-18 13:35:00,815,13:35,240,2026-05-18 17:35:00,1055,17:35,15,1,25,8.824,12.61,8.824,H1,8.824,1,catchment_near_assigned_hospital,8,observed_user_table,"CH Roanne dialysis: 53/day. 26 morning, 23 noon, 4 evening."
P194,HOME_P194,46.09467021012588,4.04692856931568,H2,dialysis,A0216,08:00,P1,high,2.0,vsl_required,2026-05-18 08:15:00,495,08:15,215,2026-05-18 11:50:00,710,11:50,15,1,25,7.126,10.18,7.126,H1,6.264,1,catchment_near_assigned_hospital,8,assumption_to_validate,Renaison dialysis: assumed 30/day.
P195,HOME_P195,46.01864811563403,3.994182684374073,H2,dialysis,A0204,08:00,P1,high,2.0,prescription_medicale,2026-05-18 08:05:00,485,08:05,210,2026-05-18 11:35:00,695,11:35,15,1,25,8.123,11.6,8.123,H2,8.123,1,catchment_near_assigned_hospital,8,assumption_to_validate,Renaison dialysis: assumed 30/day.
P196,HOME_P196,46.10437887937543,3.984973084329558,H1,other,A0162,10:30,P2,medium,1.5,prescription_medicale,2026-05-18 11:10:00,670,11:10,75,2026-05-18 12:25:00,745,12:25,25,1,35,11.043,15.78,11.043,H1,11.043,1,catchment_near_assigned_hospital,12,observed_user_table,CH Roanne other: 49/day.
P197,HOME_P197,46.04980345196021,4.065480496383844,H1,oncology,A0103,11:00,P1,high,2.0,vsl_required,2026-05-18 11:10:00,670,11:10,155,2026-05-18 13:45:00,825,13:45,15,1,25,0.849,5.0,0.849,H3,0.437,1,catchment_near_assigned_hospital,10,observed_user_table,CH Roanne chemotherapy: 30/day.
P198,HOME_P198,45.975417140173825,4.028132813615809,H1,external,A0185,08:30,P3,low,1.0,standard_assis,2026-05-18 09:10:00,550,09:10,30,2026-05-18 09:40:00,580,09:40,35,1,45,11.649,16.64,11.649,H2,10.528,1,catchment_near_assigned_hospital,18,computed_from_user_table,External visits: 75/day * 15% using fleet.
P199,HOME_P199,46.11258728531173,4.092275457458008,H2,oncology,A0259,13:00,P1,high,2.0,vsl_required,2026-05-18 13:35:00,815,13:35,190,2026-05-18 16:45:00,1005,16:45,15,1,25,9.568,13.67,9.568,H1,8.454,1,catchment_near_assigned_hospital,10,assumption_to_validate,Renaison oncology: assumed 16/day.
P200,HOME_P200,46.01424413202822,4.049517063174664,H1,dialysis,A0005,08:00,P1,high,2.0,vsl_required,2026-05-18 08:20:00,500,08:20,240,2026-05-18 12:20:00,740,12:20,15,1,25,5.871,8.39,5.871,H2,4.752,1,catchment_near_assigned_hospital,8,observed_user_table,"CH Roanne dialysis: 53/day. 26 morning, 23 noon, 4 evening."
P201,HOME_P201,46.07414838244193,4.013389299760972,H1,dialysis,A0074,17:00,P1,high,2.0,prescription_medicale,2026-05-18 17:55:00,1075,17:55,240,2026-05-18 21:55:00,1315,21:55,15,1,25,6.412,9.16,6.412,H3,6.409,1,catchment_near_assigned_hospital,8,observed_user_table,"CH Roanne dialysis: 53/day. 26 morning, 23 noon, 4 evening."
P202,HOME_P202,46.21251757723693,4.097112226501964,H1,external,A0199,15:30,P3,low,1.0,premium,2026-05-18 16:05:00,965,16:05,20,2026-05-18 16:25:00,985,16:25,35,1,58,22.255,31.79,22.255,H1,22.255,1,catchment_near_assigned_hospital,18,computed_from_user_table,External visits: 75/day * 15% using fleet.
P203,HOME_P203,45.986155566913354,4.15126477103797,H1,other,A0158,10:30,P2,medium,1.5,standard_assis,2026-05-18 10:55:00,655,10:55,90,2026-05-18 12:25:00,745,12:25,25,1,35,12.025,17.18,12.025,H2,11.483,1,catchment_near_assigned_hospital,12,observed_user_table,CH Roanne other: 49/day.
P204,HOME_P204,46.02363714112373,4.093252966515581,H2,dialysis,A0240,13:00,P1,high,2.0,vsl_required,2026-05-18 13:15:00,795,13:15,260,2026-05-18 17:35:00,1055,17:35,15,1,25,3.869,5.53,3.869,H2,3.869,1,catchment_near_assigned_hospital,8,assumption_to_validate,Renaison dialysis: assumed 30/day.
P205,HOME_P205,46.14983607211656,4.023290347919965,H1,other,A0175,14:00,P2,medium,1.5,standard_assis,2026-05-18 15:15:00,915,15:15,65,2026-05-18 16:20:00,980,16:20,25,1,35,14.238,20.34,14.238,H1,14.238,1,catchment_near_assigned_hospital,12,observed_user_table,CH Roanne other: 49/day.
P206,HOME_P206,46.06016492695299,4.1563420321398565,H1,oncology,A0109,11:00,P1,high,2.0,vsl_required,2026-05-18 11:00:00,660,11:00,160,2026-05-18 13:40:00,820,13:40,15,1,25,8.124,11.61,8.124,H1,8.124,1,catchment_near_assigned_hospital,10,observed_user_table,CH Roanne chemotherapy: 30/day.
P207,HOME_P207,46.10928181095216,4.112874102999951,H1,dialysis,A0071,17:00,P1,high,2.0,vsl_required,2026-05-18 17:40:00,1060,17:40,240,2026-05-18 21:40:00,1300,21:40,15,1,25,8.692,12.42,8.692,H1,8.692,1,catchment_near_assigned_hospital,8,observed_user_table,"CH Roanne dialysis: 53/day. 26 morning, 23 noon, 4 evening."
P208,HOME_P208,45.98289042619421,4.123929005208114,H2,oncology,A0257,13:00,P1,high,2.0,prescription_medicale,2026-05-18 13:55:00,835,13:55,200,2026-05-18 17:15:00,1035,17:15,15,1,25,10.224,14.61,10.224,H2,10.224,1,catchment_near_assigned_hospital,10,assumption_to_validate,Renaison oncology: assumed 16/day.
P209,HOME_P209,46.10579236320856,4.073455317976559,H3,dialysis,A0323,08:00,P1,high,2.0,vsl_required,2026-05-18 08:05:00,485,08:05,255,2026-05-18 12:20:00,740,12:20,15,1,25,7.762,11.09,7.762,H1,7.296,1,catchment_near_assigned_hospital,8,assumption_to_validate,Third dialysis center: assumed 24/day.
P210,HOME_P210,46.05697879900244,4.219154381383459,H2,other,A0269,08:30,P2,medium,1.5,standard_assis,2026-05-18 09:05:00,545,09:05,30,2026-05-18 09:35:00,575,09:35,25,1,35,14.588,20.84,14.588,H1,14.136,1,catchment_near_assigned_hospital,12,assumption_to_validate,Renaison other: assumed 36/day.
P211,HOME_P211,46.09890065488444,4.204460229423199,H1,other,A0136,08:30,P2,medium,1.5,standard_assis,2026-05-18 09:55:00,595,09:55,80,2026-05-18 11:15:00,675,11:15,25,1,35,14.198,20.28,14.198,H1,14.198,1,catchment_near_assigned_hospital,12,observed_user_table,CH Roanne other: 49/day.
P212,HOME_P212,45.99571216681379,4.094959623680012,H2,other,A0285,10:30,P2,medium,1.5,standard_assis,2026-05-18 11:05:00,665,11:05,35,2026-05-18 11:40:00,700,11:40,25,1,35,7.393,10.56,7.393,H2,7.393,1,catchment_near_assigned_hospital,12,assumption_to_validate,Renaison other: assumed 36/day.
P213,HOME_P213,46.06239517189141,4.039972719605679,H1,oncology,A0077,08:00,P1,high,2.0,prescription_medicale,2026-05-18 08:25:00,505,08:25,165,2026-05-18 11:10:00,670,11:10,15,1,25,3.4,5.0,3.4,H3,3.37,1,catchment_near_assigned_hospital,10,observed_user_table,CH Roanne chemotherapy: 30/day.
P214,HOME_P214,46.07922336880307,4.022531311879023,H2,dialysis,A0231,13:00,P1,high,2.0,vsl_required,2026-05-18 13:10:00,790,13:10,235,2026-05-18 17:05:00,1025,17:05,15,1,25,6.452,9.22,6.452,H1,6.032,1,catchment_near_assigned_hospital,8,assumption_to_validate,Renaison dialysis: assumed 30/day.
P215,HOME_P215,45.9681925103248,4.053501906636887,H1,other,A0166,14:00,P2,medium,1.5,standard_assis,2026-05-18 14:30:00,870,14:30,85,2026-05-18 15:55:00,955,15:55,25,1,35,11.974,17.11,11.974,H2,10.874,1,catchment_near_assigned_hospital,12,observed_user_table,CH Roanne other: 49/day.
P216,HOME_P216,46.088412318200994,4.077861145286367,H1,other,A0124,08:30,P2,medium,1.5,standard_assis,2026-05-18 08:35:00,515,08:35,105,2026-05-18 10:20:00,620,10:20,25,1,35,4.906,7.01,4.906,H1,4.906,1,catchment_near_assigned_hospital,12,observed_user_table,CH Roanne other: 49/day.
P217,HOME_P217,46.05035819666095,4.116982624831994,H1,dialysis,A0018,08:00,P1,high,2.0,prescription_medicale,2026-05-18 08:20:00,500,08:20,240,2026-05-18 12:20:00,740,12:20,15,1,25,4.291,6.13,4.291,H1,4.291,1,catchment_near_assigned_hospital,8,observed_user_table,"CH Roanne dialysis: 53/day. 26 morning, 23 noon, 4 evening."
P218,HOME_P218,46.05613448853452,4.155101912394805,H2,dialysis,A0227,13:00,P1,high,2.0,prescription_medicale,2026-05-18 13:40:00,820,13:40,220,2026-05-18 17:20:00,1040,17:20,15,1,25,8.45,12.07,8.45,H1,7.958,1,catchment_near_assigned_hospital,8,assumption_to_validate,Renaison dialysis: assumed 30/day.
P219,HOME_P219,46.069773787912105,3.9140079935121603,H1,external,A0192,10:30,P3,low,1.0,standard_assis,2026-05-18 11:55:00,715,11:55,20,2026-05-18 12:15:00,735,12:15,35,1,45,15.475,22.11,15.475,H3,15.294,1,catchment_near_assigned_hospital,18,computed_from_user_table,External visits: 75/day * 15% using fleet.
P220,HOME_P220,46.01870655432327,4.08840948991033,H2,dialysis,A0202,08:00,P1,high,2.0,vsl_required,2026-05-18 08:25:00,505,08:25,225,2026-05-18 12:10:00,730,12:10,15,1,25,4.202,6.0,4.202,H2,4.202,1,catchment_near_assigned_hospital,8,assumption_to_validate,Renaison dialysis: assumed 30/day.
P221,HOME_P221,45.96157420963422,4.015715354439386,H1,other,A0126,08:30,P2,medium,1.5,premium,2026-05-18 09:05:00,545,09:05,85,2026-05-18 10:30:00,630,10:30,25,1,35,13.886,19.84,13.886,H2,12.767,1,catchment_near_assigned_hospital,12,observed_user_table,CH Roanne other: 49/day.
P222,HOME_P222,46.02124759717636,4.039790886236336,H1,other,A0182,16:00,P2,medium,1.5,prescription_medicale,2026-05-18 16:45:00,1005,16:45,60,2026-05-18 17:45:00,1065,17:45,25,1,35,5.471,7.82,5.471,H2,4.403,1,catchment_near_assigned_hospital,12,observed_user_table,CH Roanne other: 49/day.
P223,HOME_P223,45.9478469476189,4.080053636165815,H1,other,A0127,08:30,P2,medium,1.5,standard_assis,2026-05-18 09:15:00,555,09:15,90,2026-05-18 10:45:00,645,10:45,25,1,35,14.674,20.96,14.674,H2,13.644,1,catchment_near_assigned_hospital,12,observed_user_table,CH Roanne other: 49/day.
P224,HOME_P224,46.049644121000114,4.05516724420001,H1,dialysis,A0013,08:00,P1,high,2.0,prescription_medicale,2026-05-18 08:45:00,525,08:45,240,2026-05-18 12:45:00,765,12:45,15,1,25,1.766,5.0,1.766,H2,1.425,1,catchment_near_assigned_hospital,8,observed_user_table,"CH Roanne dialysis: 53/day. 26 morning, 23 noon, 4 evening."
P225,HOME_P225,46.046861014423385,3.9957421175592,H2,other,A0286,10:30,P2,medium,1.5,prescription_medicale,2026-05-18 10:35:00,635,10:35,30,2026-05-18 11:05:00,665,11:05,25,1,35,7.05,10.07,7.05,H2,7.05,1,catchment_near_assigned_hospital,12,assumption_to_validate,Renaison other: assumed 36/day.
P226,HOME_P226,46.01458339512919,4.017585689502535,H2,other,A0274,08:30,P2,medium,1.5,standard_assis,2026-05-18 08:40:00,520,08:40,40,2026-05-18 09:20:00,560,09:20,25,1,35,6.567,9.38,6.567,H2,6.567,1,catchment_near_assigned_hospital,12,assumption_to_validate,Renaison other: assumed 36/day.
P227,HOME_P227,46.03356321004707,4.11351080264233,H1,oncology,A0087,08:00,P1,high,2.0,prescription_medicale,2026-05-18 08:50:00,530,08:50,170,2026-05-18 11:40:00,700,11:40,15,1,25,4.799,6.86,4.799,H2,4.632,1,catchment_near_assigned_hospital,10,observed_user_table,CH Roanne chemotherapy: 30/day.
P228,HOME_P228,46.113959778193,4.065354254385586,H1,oncology,A0086,08:00,P1,high,2.0,prescription_medicale,2026-05-18 08:55:00,535,08:55,180,2026-05-18 11:55:00,715,11:55,15,1,25,8.461,12.09,8.461,H1,8.461,1,catchment_near_assigned_hospital,10,observed_user_table,CH Roanne chemotherapy: 30/day.
P229,HOME_P229,46.10722033080253,3.9915771202226042,H2,oncology,A0254,08:00,P1,high,2.0,prescription_medicale,2026-05-18 08:20:00,500,08:20,325,2026-05-18 13:45:00,825,13:45,15,1,25,11.338,16.2,11.338,H1,10.832,1,catchment_near_assigned_hospital,10,assumption_to_validate,Renaison oncology: assumed 16/day.
P230,HOME_P230,46.107838996812916,4.03741791388469,H3,dialysis,A0321,08:00,P1,high,2.0,vsl_required,2026-05-18 08:00:00,480,08:00,220,2026-05-18 11:40:00,700,11:40,15,1,25,8.631,12.33,8.631,H1,8.309,1,catchment_near_assigned_hospital,8,assumption_to_validate,Third dialysis center: assumed 24/day.
P231,HOME_P231,46.1048904915174,4.0979647641182755,H3,dialysis,A0350,17:00,P1,high,2.0,vsl_required,2026-05-18 17:45:00,1065,17:45,235,2026-05-18 21:40:00,1300,21:40,15,1,25,8.092,11.56,8.092,H1,7.573,1,catchment_near_assigned_hospital,8,assumption_to_validate,Third dialysis center: assumed 24/day.
P232,HOME_P232,45.981032298140654,4.092673620111698,H3,dialysis,A0328,08:00,P1,high,2.0,prescription_medicale,2026-05-18 08:15:00,495,08:15,250,2026-05-18 12:25:00,745,12:25,15,1,25,9.833,14.05,9.833,H2,9.279,1,catchment_near_assigned_hospital,8,assumption_to_validate,Third dialysis center: assumed 24/day.
P233,HOME_P233,46.071790046582464,4.127945767241916,H2,dialysis,A0221,08:00,P1,high,2.0,vsl_required,2026-05-18 08:35:00,515,08:35,250,2026-05-18 12:45:00,765,12:45,15,1,25,6.76,9.66,6.76,H1,5.916,1,catchment_near_assigned_hospital,8,assumption_to_validate,Renaison dialysis: assumed 30/day.
P234,HOME_P234,46.01012449879828,4.034800207033092,H1,dialysis,A0037,13:00,P1,high,2.0,vsl_required,2026-05-18 13:45:00,825,13:45,240,2026-05-18 17:45:00,1065,17:45,15,1,25,7.028,10.04,7.028,H2,5.934,1,catchment_near_assigned_hospital,8,observed_user_table,"CH Roanne dialysis: 53/day. 26 morning, 23 noon, 4 evening."
P235,HOME_P235,46.06342454446843,4.173715564013639,H1,other,A0132,08:30,P2,medium,1.5,standard_assis,2026-05-18 09:05:00,545,09:05,100,2026-05-18 10:45:00,645,10:45,25,1,35,9.844,14.06,9.844,H1,9.844,1,catchment_near_assigned_hospital,12,observed_user_table,CH Roanne other: 49/day.
P236,HOME_P236,46.005679172601525,4.1185954422363995,H1,other,A0135,08:30,P2,medium,1.5,standard_assis,2026-05-18 09:20:00,560,09:20,65,2026-05-18 10:25:00,625,10:25,25,1,35,7.964,11.38,7.964,H2,7.351,1,catchment_near_assigned_hospital,12,observed_user_table,CH Roanne other: 49/day.
P237,HOME_P237,46.03953256069669,4.03916834259474,H1,other,A0145,10:30,P2,medium,1.5,standard_assis,2026-05-18 11:10:00,670,11:10,90,2026-05-18 12:40:00,760,12:40,25,1,35,3.758,5.37,3.758,H2,2.985,1,catchment_near_assigned_hospital,12,observed_user_table,CH Roanne other: 49/day.
P238,HOME_P238,46.07830411655825,4.029596943169993,H2,oncology,A0247,08:00,P1,high,2.0,prescription_medicale,2026-05-18 08:45:00,525,08:45,290,2026-05-18 13:35:00,815,13:35,15,1,25,5.902,8.43,5.902,H1,5.418,1,catchment_near_assigned_hospital,10,assumption_to_validate,Renaison oncology: assumed 16/day.
P239,HOME_P239,46.011682615956516,4.116794791189167,H1,dialysis,A0043,13:00,P1,high,2.0,vsl_required,2026-05-18 13:00:00,780,13:00,240,2026-05-18 17:00:00,1020,17:00,15,0,25,7.181,10.26,7.181,H2,6.619,1,catchment_near_assigned_hospital,8,observed_user_table,"CH Roanne dialysis: 53/day. 26 morning, 23 noon, 4 evening."
P240,HOME_P240,46.10419675099632,4.042836181350178,H3,dialysis,A0338,13:00,P1,high,2.0,vsl_required,2026-05-18 13:30:00,810,13:30,220,2026-05-18 17:10:00,1030,17:10,15,1,25,7.975,11.39,7.975,H1,7.638,1,catchment_near_assigned_hospital,8,assumption_to_validate,Third dialysis center: assumed 24/day.
P241,HOME_P241,46.0411500548534,3.956313144634207,H1,other,A0161,10:30,P2,medium,1.5,standard_assis,2026-05-18 11:05:00,665,11:05,100,2026-05-18 12:45:00,765,12:45,25,1,35,11.354,16.22,11.354,H2,10.871,1,catchment_near_assigned_hospital,12,observed_user_table,CH Roanne other: 49/day.
P242,HOME_P242,45.98469216202763,4.1402731301190805,H2,oncology,A0262,13:00,P1,high,2.0,prescription_medicale,2026-05-18 13:25:00,805,13:25,300,2026-05-18 18:25:00,1105,18:25,15,1,25,10.932,15.62,10.932,H2,10.932,1,catchment_near_assigned_hospital,10,assumption_to_validate,Renaison oncology: assumed 16/day.
P243,HOME_P243,46.079830846502965,3.849236512798935,H1,external,A0200,16:30,P3,low,1.0,standard_assis,2026-05-18 17:40:00,1060,17:40,25,2026-05-18 18:05:00,1085,18:05,35,1,57,21.863,31.23,21.863,H3,21.69,1,catchment_near_assigned_hospital,18,computed_from_user_table,External visits: 75/day * 15% using fleet.
P244,HOME_P244,46.02109067315411,4.073418648729099,H2,dialysis,A0213,08:00,P1,high,2.0,prescription_medicale,2026-05-18 08:10:00,490,08:10,220,2026-05-18 11:50:00,710,11:50,15,0,25,3.449,5.0,3.449,H2,3.449,1,catchment_near_assigned_hospital,8,assumption_to_validate,Renaison dialysis: assumed 30/day.
P245,HOME_P245,46.05213605697856,4.067987854189685,H3,dialysis,A0320,08:00,P1,high,2.0,vsl_required,2026-05-18 08:45:00,525,08:45,255,2026-05-18 13:00:00,780,13:00,15,1,25,0.355,5.0,0.355,H3,0.355,1,catchment_near_assigned_hospital,8,assumption_to_validate,Third dialysis center: assumed 24/day.
P246,HOME_P246,46.06676221416501,3.974476047721859,H1,dialysis,A0016,08:00,P1,high,2.0,vsl_required,2026-05-18 08:50:00,530,08:50,240,2026-05-18 12:50:00,770,12:50,15,1,25,9.657,13.8,9.657,H3,9.503,1,catchment_near_assigned_hospital,8,observed_user_table,"CH Roanne dialysis: 53/day. 26 morning, 23 noon, 4 evening."
P247,HOME_P247,46.06301634239126,4.088996654038431,H2,other,A0277,08:30,P2,medium,1.5,standard_assis,2026-05-18 08:30:00,510,08:30,35,2026-05-18 09:05:00,545,09:05,25,1,35,3.096,5.0,3.096,H1,2.072,1,catchment_near_assigned_hospital,12,assumption_to_validate,Renaison other: assumed 36/day.
P248,HOME_P248,46.010322675040236,4.012550518027065,H1,dialysis,A0048,13:00,P1,high,2.0,vsl_required,2026-05-18 13:15:00,795,13:15,240,2026-05-18 17:15:00,1035,17:15,15,1,25,8.329,11.9,8.329,H2,7.324,1,catchment_near_assigned_hospital,8,observed_user_table,"CH Roanne dialysis: 53/day. 26 morning, 23 noon, 4 evening."
P249,HOME_P249,46.011485939788756,4.04695059881463,H1,oncology,A0101,11:00,P1,high,2.0,prescription_medicale,2026-05-18 11:10:00,670,11:10,150,2026-05-18 13:40:00,820,13:40,15,1,25,6.321,9.03,6.321,H2,5.202,1,catchment_near_assigned_hospital,10,observed_user_table,CH Roanne chemotherapy: 30/day.
P250,HOME_P250,46.05452772206932,4.05950366458468,H1,dialysis,A0025,08:00,P1,high,2.0,vsl_required,2026-05-18 08:55:00,535,08:55,240,2026-05-18 12:55:00,775,12:55,15,1,25,1.284,5.0,1.284,H3,1.192,1,catchment_near_assigned_hospital,8,observed_user_table,"CH Roanne dialysis: 53/day. 26 morning, 23 noon, 4 evening."
P251,HOME_P251,45.97934163953529,4.165525158795984,H1,other,A0117,08:30,P2,medium,1.5,standard_assis,2026-05-18 09:10:00,550,09:10,85,2026-05-18 10:35:00,635,10:35,25,1,35,13.636,19.48,13.636,H2,13.124,1,catchment_near_assigned_hospital,12,observed_user_table,CH Roanne other: 49/day.
P252,HOME_P252,46.03643767740836,4.144402525172633,H3,dialysis,A0342,13:00,P1,high,2.0,vsl_required,2026-05-18 13:00:00,780,13:00,240,2026-05-18 17:00:00,1020,17:00,15,1,25,7.422,10.6,7.422,H1,7.304,1,catchment_near_assigned_hospital,8,assumption_to_validate,Third dialysis center: assumed 24/day.
P253,HOME_P253,46.106982053473644,4.041527703905576,H2,other,A0292,10:30,P2,medium,1.5,standard_assis,2026-05-18 11:50:00,710,11:50,30,2026-05-18 12:20:00,740,12:20,25,1,35,8.914,12.73,8.914,H1,8.044,1,catchment_near_assigned_hospital,12,assumption_to_validate,Renaison other: assumed 36/day.
P254,HOME_P254,46.10180026076117,4.097489369263982,H1,dialysis,A0010,08:00,P1,high,2.0,vsl_required,2026-05-18 08:35:00,515,08:35,240,2026-05-18 12:35:00,755,12:35,15,1,25,7.152,10.22,7.152,H1,7.152,1,catchment_near_assigned_hospital,8,observed_user_table,"CH Roanne dialysis: 53/day. 26 morning, 23 noon, 4 evening."
P255,HOME_P255,46.03176073694014,4.122652558521422,H1,dialysis,A0040,13:00,P1,high,2.0,prescription_medicale,2026-05-18 13:20:00,800,13:20,240,2026-05-18 17:20:00,1040,17:20,15,1,25,5.674,8.11,5.674,H2,5.545,1,catchment_near_assigned_hospital,8,observed_user_table,"CH Roanne dialysis: 53/day. 26 morning, 23 noon, 4 evening."
P256,HOME_P256,46.09914959969976,4.092423017594552,H1,dialysis,A0020,08:00,P1,high,2.0,prescription_medicale,2026-05-18 08:30:00,510,08:30,240,2026-05-18 12:30:00,750,12:30,15,1,25,6.65,9.5,6.65,H1,6.65,1,catchment_near_assigned_hospital,8,observed_user_table,"CH Roanne dialysis: 53/day. 26 morning, 23 noon, 4 evening."
P257,HOME_P257,46.09598025922122,4.013318263606703,H1,oncology,A0076,08:00,P1,high,2.0,standard_assis,2026-05-18 08:20:00,500,08:20,165,2026-05-18 11:05:00,665,11:05,15,1,25,8.245,11.78,8.245,H1,8.245,1,catchment_near_assigned_hospital,10,observed_user_table,CH Roanne chemotherapy: 30/day.
P258,HOME_P258,46.08222141833002,4.025253692155253,H1,oncology,A0081,08:00,P1,high,2.0,vsl_required,2026-05-18 08:45:00,525,08:45,165,2026-05-18 11:30:00,690,11:30,15,1,25,6.091,8.7,6.091,H1,6.091,1,catchment_near_assigned_hospital,10,observed_user_table,CH Roanne chemotherapy: 30/day.
P259,HOME_P259,46.04052698910926,4.009982238619154,H1,dialysis,A0061,13:00,P1,high,2.0,prescription_medicale,2026-05-18 13:20:00,800,13:20,240,2026-05-18 17:20:00,1040,17:20,15,1,25,6.306,9.01,6.306,H2,5.72,1,catchment_near_assigned_hospital,8,observed_user_table,"CH Roanne dialysis: 53/day. 26 morning, 23 noon, 4 evening."
P260,HOME_P260,46.130037733400755,4.131067001211323,H1,oncology,A0091,08:00,P1,high,2.0,prescription_medicale,2026-05-18 08:35:00,515,08:35,155,2026-05-18 11:10:00,670,11:10,15,1,25,12.059,17.23,12.059,H1,12.059,1,catchment_near_assigned_hospital,10,observed_user_table,CH Roanne chemotherapy: 30/day.
P261,HOME_P261,46.11412692585722,4.112324848474257,H1,other,A0122,08:30,P2,medium,1.5,standard_assis,2026-05-18 09:30:00,570,09:30,120,2026-05-18 11:30:00,690,11:30,25,1,35,9.278,13.25,9.278,H1,9.278,1,catchment_near_assigned_hospital,12,observed_user_table,CH Roanne other: 49/day.
P262,HOME_P262,46.06425728400096,4.154734320402893,H1,dialysis,A0059,13:00,P1,high,2.0,vsl_required,2026-05-18 13:35:00,815,13:35,240,2026-05-18 17:35:00,1055,17:35,15,1,25,8.057,11.51,8.057,H1,8.057,1,catchment_near_assigned_hospital,8,observed_user_table,"CH Roanne dialysis: 53/day. 26 morning, 23 noon, 4 evening."
P263,HOME_P263,45.997670722240066,4.161468211874531,H2,other,A0272,08:30,P2,medium,1.5,standard_assis,2026-05-18 09:35:00,575,09:35,30,2026-05-18 10:05:00,605,10:05,25,1,35,11.161,15.94,11.161,H2,11.161,1,catchment_near_assigned_hospital,12,assumption_to_validate,Renaison other: assumed 36/day.
P264,HOME_P264,45.987274176832585,4.1153700621300455,H1,oncology,A0094,08:00,P1,high,2.0,prescription_medicale,2026-05-18 08:45:00,525,08:45,150,2026-05-18 11:15:00,675,11:15,15,1,25,10.059,14.37,10.059,H2,9.282,1,catchment_near_assigned_hospital,10,observed_user_table,CH Roanne chemotherapy: 30/day.
P265,HOME_P265,46.01266700734887,3.9851621340003507,H2,other,A0293,10:30,P2,medium,1.5,standard_assis,2026-05-18 11:45:00,705,11:45,25,2026-05-18 12:10:00,730,12:10,25,1,35,9.286,13.27,9.286,H2,9.286,1,catchment_near_assigned_hospital,12,assumption_to_validate,Renaison other: assumed 36/day.
P266,HOME_P266,45.98240084833305,3.982418466366567,H2,other,A0308,14:00,P2,medium,1.5,standard_assis,2026-05-18 14:10:00,850,14:10,25,2026-05-18 14:35:00,875,14:35,25,1,35,12.122,17.32,12.122,H2,12.122,1,catchment_near_assigned_hospital,12,assumption_to_validate,Renaison other: assumed 36/day.
P267,HOME_P267,46.02291702915672,4.060986112671689,H1,other,A0171,14:00,P2,medium,1.5,standard_assis,2026-05-18 15:25:00,925,15:25,85,2026-05-18 16:50:00,1010,16:50,25,1,35,4.372,6.25,4.372,H2,3.255,1,catchment_near_assigned_hospital,12,observed_user_table,CH Roanne other: 49/day.
P268,HOME_P268,46.07685776769852,3.989877080515052,H2,dialysis,A0242,13:00,P1,high,2.0,vsl_required,2026-05-18 13:55:00,835,13:55,255,2026-05-18 18:10:00,1090,18:10,15,1,25,8.758,12.51,8.758,H3,8.582,1,catchment_near_assigned_hospital,8,assumption_to_validate,Renaison dialysis: assumed 30/day.
P269,HOME_P269,46.095468897897206,3.923349313215084,H1,external,A0187,08:30,P3,low,1.0,premium,2026-05-18 09:55:00,595,09:55,25,2026-05-18 10:20:00,620,10:20,35,1,45,15.548,22.21,15.548,H3,15.489,1,catchment_near_assigned_hospital,18,computed_from_user_table,External visits: 75/day * 15% using fleet.
P270,HOME_P270,46.12992042792746,4.0429946901779115,H1,oncology,A0080,08:00,P1,high,2.0,standard_assis,2026-05-18 08:45:00,525,08:45,150,2026-05-18 11:15:00,675,11:15,15,1,25,11.028,15.75,11.028,H1,11.028,1,catchment_near_assigned_hospital,10,observed_user_table,CH Roanne chemotherapy: 30/day.
P271,HOME_P271,46.045348279689634,3.9830767909543,H1,dialysis,A0009,08:00,P1,high,2.0,prescription_medicale,2026-05-18 08:40:00,520,08:40,240,2026-05-18 12:40:00,760,12:40,15,1,25,8.716,12.45,8.716,H2,8.27,1,catchment_near_assigned_hospital,8,observed_user_table,"CH Roanne dialysis: 53/day. 26 morning, 23 noon, 4 evening."
P272,HOME_P272,46.07586091390365,4.110657239674109,H2,dialysis,A0218,08:00,P1,high,2.0,vsl_required,2026-05-18 08:05:00,485,08:05,270,2026-05-18 12:35:00,755,12:35,15,1,25,5.82,8.31,5.82,H1,4.82,1,catchment_near_assigned_hospital,8,assumption_to_validate,Renaison dialysis: assumed 30/day.
P273,HOME_P273,46.08460343188176,4.040341538278688,H2,other,A0299,14:00,P2,medium,1.5,vsl_required,2026-05-18 15:20:00,920,15:20,25,2026-05-18 15:45:00,945,15:45,25,0,35,6.064,8.66,6.064,H1,5.354,1,catchment_near_assigned_hospital,12,assumption_to_validate,Renaison other: assumed 36/day.
P274,HOME_P274,46.07737434252809,4.127334916259622,H3,dialysis,A0347,13:00,P1,high,2.0,vsl_required,2026-05-18 13:15:00,795,13:15,245,2026-05-18 17:20:00,1040,17:20,15,1,25,6.712,9.59,6.712,H1,6.242,1,catchment_near_assigned_hospital,8,assumption_to_validate,Third dialysis center: assumed 24/day.
P275,HOME_P275,46.03298446723026,4.061557077061317,H2,other,A0313,16:30,P2,medium,1.5,prescription_medicale,2026-05-18 16:45:00,1005,16:45,30,2026-05-18 17:15:00,1035,17:15,25,1,35,1.901,5.0,1.901,H2,1.901,1,catchment_near_assigned_hospital,12,assumption_to_validate,Renaison other: assumed 36/day.
P276,HOME_P276,46.091512117644356,4.095481490833862,H3,dialysis,A0335,13:00,P1,high,2.0,vsl_required,2026-05-18 13:30:00,810,13:30,225,2026-05-18 17:15:00,1035,17:15,15,1,25,6.271,8.96,6.271,H1,5.748,1,catchment_near_assigned_hospital,8,assumption_to_validate,Third dialysis center: assumed 24/day.
P277,HOME_P277,46.0464165584634,4.111724757291437,H1,dialysis,A0073,17:00,P1,high,2.0,vsl_required,2026-05-18 17:20:00,1040,17:20,240,2026-05-18 21:20:00,1280,21:20,15,1,25,3.884,5.55,3.884,H1,3.884,1,catchment_near_assigned_hospital,8,observed_user_table,"CH Roanne dialysis: 53/day. 26 morning, 23 noon, 4 evening."
P278,HOME_P278,46.037891515623556,4.131339005660737,H2,dialysis,A0222,08:00,P1,high,2.0,vsl_required,2026-05-18 08:05:00,485,08:05,270,2026-05-18 12:35:00,755,12:35,15,1,25,6.131,8.76,6.131,H1,6.049,1,catchment_near_assigned_hospital,8,assumption_to_validate,Renaison dialysis: assumed 30/day.
P279,HOME_P279,46.03120259154827,4.021654402165429,H1,oncology,A0075,08:00,P1,high,2.0,vsl_required,2026-05-18 08:50:00,530,08:50,150,2026-05-18 11:20:00,680,11:20,15,1,25,5.804,8.29,5.804,H2,4.975,1,catchment_near_assigned_hospital,10,observed_user_table,CH Roanne chemotherapy: 30/day.
P280,HOME_P280,46.076498993774685,3.9884013414525437,H1,oncology,A0085,08:00,P1,high,2.0,prescription_medicale,2026-05-18 08:10:00,490,08:10,165,2026-05-18 10:55:00,655,10:55,15,1,25,8.746,12.49,8.746,H3,8.689,1,catchment_near_assigned_hospital,10,observed_user_table,CH Roanne chemotherapy: 30/day.
P281,HOME_P281,46.002967834749924,4.17747188372485,H1,oncology,A0113,14:00,P1,high,2.0,standard_assis,2026-05-18 14:55:00,895,14:55,180,2026-05-18 17:55:00,1075,17:55,15,1,25,12.295,17.56,12.295,H2,12.053,1,catchment_near_assigned_hospital,10,observed_user_table,CH Roanne chemotherapy: 30/day.
P282,HOME_P282,46.04475175865913,4.203015152954675,H2,other,A0310,16:30,P2,medium,1.5,vsl_required,2026-05-18 16:30:00,990,16:30,35,2026-05-18 17:05:00,1025,17:05,25,1,35,12.949,18.5,12.949,H1,12.627,1,catchment_near_assigned_hospital,12,assumption_to_validate,Renaison other: assumed 36/day.
P283,HOME_P283,46.00451726757808,4.131074751845871,H1,dialysis,A0067,13:00,P1,high,2.0,vsl_required,2026-05-18 13:50:00,830,13:50,240,2026-05-18 17:50:00,1070,17:50,15,1,25,8.815,12.59,8.815,H2,8.3,1,catchment_near_assigned_hospital,8,observed_user_table,"CH Roanne dialysis: 53/day. 26 morning, 23 noon, 4 evening."
P284,HOME_P284,46.088533628868134,4.050365233476774,H2,other,A0289,10:30,P2,medium,1.5,standard_assis,2026-05-18 11:55:00,715,11:55,40,2026-05-18 12:35:00,755,12:35,25,1,35,6.213,8.88,6.213,H1,5.35,1,catchment_near_assigned_hospital,12,assumption_to_validate,Renaison other: assumed 36/day.
P285,HOME_P285,46.05698139779767,3.995399663180225,H3,dialysis,A0344,13:00,P1,high,2.0,vsl_required,2026-05-18 13:05:00,785,13:05,260,2026-05-18 17:25:00,1045,17:25,15,1,25,7.261,10.37,7.261,H2,7.252,1,catchment_near_assigned_hospital,8,assumption_to_validate,Third dialysis center: assumed 24/day.
P286,HOME_P286,46.0823933248778,4.122428556140797,H1,oncology,A0112,11:00,P1,high,2.0,vsl_required,2026-05-18 11:50:00,710,11:50,180,2026-05-18 14:50:00,890,14:50,15,1,25,6.273,8.96,6.273,H1,6.273,1,catchment_near_assigned_hospital,10,observed_user_table,CH Roanne chemotherapy: 30/day.
P287,HOME_P287,46.01507583193986,4.002196066379548,H1,dialysis,A0015,08:00,P1,high,2.0,vsl_required,2026-05-18 08:15:00,495,08:15,240,2026-05-18 12:15:00,735,12:15,15,1,25,8.632,12.33,8.632,H2,7.709,1,catchment_near_assigned_hospital,8,observed_user_table,"CH Roanne dialysis: 53/day. 26 morning, 23 noon, 4 evening."
P288,HOME_P288,46.06394570982854,4.179835442108188,H2,other,A0307,14:00,P2,medium,1.5,prescription_medicale,2026-05-18 14:20:00,860,14:20,40,2026-05-18 15:00:00,900,15:00,25,1,35,11.006,15.72,11.006,H1,10.439,1,catchment_near_assigned_hospital,12,assumption_to_validate,Renaison other: assumed 36/day.
P289,HOME_P289,46.09969222245276,4.069698002378428,H1,external,A0190,09:30,P3,low,1.0,standard_assis,2026-05-18 10:55:00,655,10:55,20,2026-05-18 11:15:00,675,11:15,35,1,45,6.455,9.22,6.455,H1,6.455,1,catchment_near_assigned_hospital,18,computed_from_user_table,External visits: 75/day * 15% using fleet.
P290,HOME_P290,46.10135363599827,4.010270649643141,H2,dialysis,A0207,08:00,P1,high,2.0,prescription_medicale,2026-05-18 08:20:00,500,08:20,260,2026-05-18 12:40:00,760,12:40,15,1,25,9.575,13.68,9.575,H1,8.991,1,catchment_near_assigned_hospital,8,assumption_to_validate,Renaison dialysis: assumed 30/day.
P291,HOME_P291,46.030183035780475,4.155661182592192,H1,dialysis,A0068,13:00,P1,high,2.0,vsl_required,2026-05-18 13:20:00,800,13:20,240,2026-05-18 17:20:00,1040,17:20,15,1,25,8.625,12.32,8.625,H1,8.625,1,catchment_near_assigned_hospital,8,observed_user_table,"CH Roanne dialysis: 53/day. 26 morning, 23 noon, 4 evening."
P292,HOME_P292,45.97916359526538,4.1317852545190465,H2,other,A0300,14:00,P2,medium,1.5,standard_assis,2026-05-18 14:35:00,875,14:35,30,2026-05-18 15:05:00,905,15:05,25,1,35,11.068,15.81,11.068,H2,11.068,1,catchment_near_assigned_hospital,12,assumption_to_validate,Renaison other: assumed 36/day.
P293,HOME_P293,46.066429097203255,4.054168059230328,H1,dialysis,A0022,08:00,P1,high,2.0,prescription_medicale,2026-05-18 08:20:00,500,08:20,240,2026-05-18 12:20:00,740,12:20,15,1,25,2.554,5.0,2.554,H1,2.554,1,catchment_near_assigned_hospital,8,observed_user_table,"CH Roanne dialysis: 53/day. 26 morning, 23 noon, 4 evening."
P294,HOME_P294,45.92338730312171,4.062008866337364,H1,external,A0193,11:30,P3,low,1.0,prescription_medicale,2026-05-18 12:45:00,765,12:45,30,2026-05-18 13:15:00,795,13:15,35,0,47,18.087,25.84,18.087,H2,17.013,1,catchment_near_assigned_hospital,18,computed_from_user_table,External visits: 75/day * 15% using fleet.
P295,HOME_P295,46.14087168325036,4.109531030074222,H2,other,A0283,08:30,P2,medium,1.5,prescription_medicale,2026-05-18 09:55:00,595,09:55,40,2026-05-18 10:35:00,635,10:35,25,1,35,13.799,19.71,13.799,H1,12.679,1,catchment_near_assigned_hospital,12,assumption_to_validate,Renaison other: assumed 36/day.
P296,HOME_P296,45.97788269915291,4.017965292417222,H2,other,A0306,14:00,P2,medium,1.5,standard_assis,2026-05-18 14:35:00,875,14:35,35,2026-05-18 15:10:00,910,15:10,25,1,35,10.627,15.18,10.627,H2,10.627,1,catchment_near_assigned_hospital,12,assumption_to_validate,Renaison other: assumed 36/day.
P297,HOME_P297,46.023525848262906,4.085047436611669,H2,dialysis,A0209,08:00,P1,high,2.0,vsl_required,2026-05-18 08:15:00,495,08:15,235,2026-05-18 12:10:00,730,12:10,15,1,25,3.458,5.0,3.458,H2,3.458,1,catchment_near_assigned_hospital,8,assumption_to_validate,Renaison dialysis: assumed 30/day.
P298,HOME_P298,46.07897234278469,4.161924821468249,H3,dialysis,A0341,13:00,P1,high,2.0,vsl_required,2026-05-18 13:10:00,790,13:10,250,2026-05-18 17:20:00,1040,17:20,15,1,25,9.737,13.91,9.737,H1,9.315,1,catchment_near_assigned_hospital,8,assumption_to_validate,Third dialysis center: assumed 24/day.
P299,HOME_P299,46.13717267258422,4.080666475833004,H1,oncology,A0100,11:00,P1,high,2.0,vsl_required,2026-05-18 11:00:00,660,11:00,160,2026-05-18 13:40:00,820,13:40,15,1,25,11.683,16.69,11.683,H1,11.683,1,catchment_near_assigned_hospital,10,observed_user_table,CH Roanne chemotherapy: 30/day.
P300,HOME_P300,46.083074822493074,4.100476719842192,H3,dialysis,A0327,08:00,P1,high,2.0,vsl_required,2026-05-18 08:30:00,510,08:30,215,2026-05-18 12:05:00,725,12:05,15,1,25,5.456,7.79,5.456,H1,4.93,1,catchment_near_assigned_hospital,8,assumption_to_validate,Third dialysis center: assumed 24/day.
P301,HOME_P301,46.098378012580355,4.103980085909406,H1,other,A0129,08:30,P2,medium,1.5,prescription_medicale,2026-05-18 09:00:00,540,09:00,85,2026-05-18 10:25:00,625,10:25,25,1,35,6.954,9.93,6.954,H1,6.954,1,catchment_near_assigned_hospital,12,observed_user_table,CH Roanne other: 49/day.
P302,HOME_P302,45.9509629507525,4.122156463160037,H2,other,A0303,14:00,P2,medium,1.5,standard_assis,2026-05-18 14:10:00,850,14:10,25,2026-05-18 14:35:00,875,14:35,25,1,35,14.14,20.2,14.14,H2,14.14,1,catchment_near_assigned_hospital,12,assumption_to_validate,Renaison other: assumed 36/day.
P303,HOME_P303,46.08693233413815,4.047692132898249,H2,dialysis,A0208,08:00,P1,high,2.0,prescription_medicale,2026-05-18 08:30:00,510,08:30,220,2026-05-18 12:10:00,730,12:10,15,1,25,6.082,8.69,6.082,H1,5.26,1,catchment_near_assigned_hospital,8,assumption_to_validate,Renaison dialysis: assumed 30/day.
P304,HOME_P304,46.00155642020479,4.038084799746778,H2,oncology,A0255,08:00,P1,high,2.0,vsl_required,2026-05-18 08:50:00,530,08:50,160,2026-05-18 11:30:00,690,11:30,15,1,25,6.814,9.73,6.814,H2,6.814,1,catchment_near_assigned_hospital,10,assumption_to_validate,Renaison oncology: assumed 16/day.
P305,HOME_P305,46.151491077616804,4.075996202106567,H1,other,A0180,16:00,P2,medium,1.5,standard_assis,2026-05-18 17:25:00,1045,17:25,80,2026-05-18 18:45:00,1125,18:45,25,1,35,13.652,19.5,13.652,H1,13.652,1,catchment_near_assigned_hospital,12,observed_user_table,CH Roanne other: 49/day.
P306,HOME_P306,46.03251449555069,4.157934084117173,H1,oncology,A0083,08:00,P1,high,2.0,prescription_medicale,2026-05-18 08:05:00,485,08:05,175,2026-05-18 11:00:00,660,11:00,15,1,25,8.716,12.45,8.716,H1,8.716,1,catchment_near_assigned_hospital,10,observed_user_table,CH Roanne chemotherapy: 30/day.
P307,HOME_P307,46.118328483062704,4.072264336840635,H3,dialysis,A0331,08:00,P1,high,2.0,vsl_required,2026-05-18 08:55:00,535,08:55,230,2026-05-18 12:45:00,765,12:45,15,1,25,9.5,13.57,9.5,H1,9.039,1,catchment_near_assigned_hospital,8,assumption_to_validate,Third dialysis center: assumed 24/day.
P308,HOME_P308,46.103562113343735,4.044886281623574,H1,oncology,A0102,11:00,P1,high,2.0,vsl_required,2026-05-18 11:35:00,695,11:35,175,2026-05-18 14:30:00,870,14:30,15,1,25,7.483,10.69,7.483,H1,7.483,1,catchment_near_assigned_hospital,10,observed_user_table,CH Roanne chemotherapy: 30/day.
P309,HOME_P309,46.04932184956807,4.052586902935128,H1,oncology,A0097,08:00,P1,high,2.0,prescription_medicale,2026-05-18 08:10:00,490,08:10,175,2026-05-18 11:05:00,665,11:05,15,1,25,2.017,5.0,2.017,H2,1.643,1,catchment_near_assigned_hospital,10,observed_user_table,CH Roanne chemotherapy: 30/day.
P310,HOME_P310,46.00628314764086,4.099759148460805,H1,dialysis,A0024,08:00,P1,high,2.0,vsl_required,2026-05-18 08:40:00,520,08:40,240,2026-05-18 12:40:00,760,12:40,15,1,25,7.037,10.05,7.037,H2,6.24,1,catchment_near_assigned_hospital,8,observed_user_table,"CH Roanne dialysis: 53/day. 26 morning, 23 noon, 4 evening."
P311,HOME_P311,46.018256367186744,4.051022694182389,H2,other,A0316,16:30,P2,medium,1.5,standard_assis,2026-05-18 16:55:00,1015,16:55,35,2026-05-18 17:30:00,1050,17:30,25,1,35,4.182,5.97,4.182,H2,4.182,1,catchment_near_assigned_hospital,12,assumption_to_validate,Renaison other: assumed 36/day.
P312,HOME_P312,46.084429121607684,4.1565068093813,H1,dialysis,A0046,13:00,P1,high,2.0,vsl_required,2026-05-18 13:05:00,785,13:05,240,2026-05-18 17:05:00,1025,17:05,15,1,25,9.167,13.1,9.167,H1,9.167,1,catchment_near_assigned_hospital,8,observed_user_table,"CH Roanne dialysis: 53/day. 26 morning, 23 noon, 4 evening."
P313,HOME_P313,46.10511283022613,4.201263369742265,H1,other,A0172,14:00,P2,medium,1.5,prescription_medicale,2026-05-18 15:10:00,910,15:10,90,2026-05-18 16:40:00,1000,16:40,25,1,35,14.336,20.48,14.336,H1,14.336,1,catchment_near_assigned_hospital,12,observed_user_table,CH Roanne other: 49/day.
P314,HOME_P314,46.047683314933174,4.011161170640639,H2,dialysis,A0238,13:00,P1,high,2.0,prescription_medicale,2026-05-18 13:10:00,790,13:10,255,2026-05-18 17:25:00,1045,17:25,15,1,25,5.567,7.95,5.567,H2,5.567,1,catchment_near_assigned_hospital,8,assumption_to_validate,Renaison dialysis: assumed 30/day.
P315,HOME_P315,45.97254282991965,4.018750023065144,H2,oncology,A0258,13:00,P1,high,2.0,vsl_required,2026-05-18 13:50:00,830,13:50,175,2026-05-18 16:45:00,1005,16:45,15,1,25,11.258,16.08,11.258,H2,11.258,1,catchment_near_assigned_hospital,10,assumption_to_validate,Renaison oncology: assumed 16/day.
P316,HOME_P316,45.992892683329956,4.038961827202193,H1,dialysis,A0017,08:00,P1,high,2.0,vsl_required,2026-05-18 08:35:00,515,08:35,240,2026-05-18 12:35:00,755,12:35,15,1,25,9.006,12.87,9.006,H2,7.885,1,catchment_near_assigned_hospital,8,observed_user_table,"CH Roanne dialysis: 53/day. 26 morning, 23 noon, 4 evening."
P317,HOME_P317,45.99205654777229,3.9631910815036733,H2,other,A0305,14:00,P2,medium,1.5,prescription_medicale,2026-05-18 14:35:00,875,14:35,30,2026-05-18 15:05:00,905,15:05,25,1,35,12.629,18.04,12.629,H2,12.629,1,catchment_near_assigned_hospital,12,assumption_to_validate,Renaison other: assumed 36/day.
P318,HOME_P318,46.06482672373408,4.021517057337118,H1,dialysis,A0011,08:00,P1,high,2.0,prescription_medicale,2026-05-18 08:15:00,495,08:15,240,2026-05-18 12:15:00,735,12:15,15,1,25,5.19,7.41,5.19,H3,5.11,1,catchment_near_assigned_hospital,8,observed_user_table,"CH Roanne dialysis: 53/day. 26 morning, 23 noon, 4 evening."
P319,HOME_P319,45.99629217681998,4.079268079529447,H1,dialysis,A0055,13:00,P1,high,2.0,prescription_medicale,2026-05-18 13:45:00,825,13:45,240,2026-05-18 17:45:00,1065,17:45,15,1,25,7.949,11.36,7.949,H2,6.941,1,catchment_near_assigned_hospital,8,observed_user_table,"CH Roanne dialysis: 53/day. 26 morning, 23 noon, 4 evening."
P320,HOME_P320,45.98358786309905,4.129321822489825,H1,other,A0119,08:30,P2,medium,1.5,prescription_medicale,2026-05-18 09:55:00,595,09:55,95,2026-05-18 11:30:00,690,11:30,25,1,35,11.125,15.89,11.125,H2,10.424,1,catchment_near_assigned_hospital,12,observed_user_table,CH Roanne other: 49/day.
P321,HOME_P321,46.047750550318135,4.027278399069656,H1,dialysis,A0003,08:00,P1,high,2.0,vsl_required,2026-05-18 08:20:00,500,08:20,240,2026-05-18 12:20:00,740,12:20,15,1,25,4.449,6.36,4.449,H2,4.016,1,catchment_near_assigned_hospital,8,observed_user_table,"CH Roanne dialysis: 53/day. 26 morning, 23 noon, 4 evening."
P322,HOME_P322,46.02586891301992,4.189859358108638,H2,other,A0296,10:30,P2,medium,1.5,prescription_medicale,2026-05-18 11:25:00,685,11:25,30,2026-05-18 11:55:00,715,11:55,25,1,35,12.002,17.15,12.002,H1,11.93,1,catchment_near_assigned_hospital,12,assumption_to_validate,Renaison other: assumed 36/day.
P323,HOME_P323,46.04073814666531,4.022958287354328,H1,other,A0176,14:00,P2,medium,1.5,standard_assis,2026-05-18 14:05:00,845,14:05,70,2026-05-18 15:15:00,915,15:15,25,1,35,5.106,7.29,5.106,H2,4.476,1,catchment_near_assigned_hospital,12,observed_user_table,CH Roanne other: 49/day.
P324,HOME_P324,46.08484062883633,4.197890984519187,H2,other,A0279,08:30,P2,medium,1.5,standard_assis,2026-05-18 09:20:00,560,09:20,40,2026-05-18 10:00:00,600,10:00,25,1,35,13.586,19.41,13.586,H1,12.844,1,catchment_near_assigned_hospital,12,assumption_to_validate,Renaison other: assumed 36/day.
P325,HOME_P325,46.04346326396224,3.931282293113292,H2,other,A0275,08:30,P2,medium,1.5,vsl_required,2026-05-18 08:50:00,530,08:50,30,2026-05-18 09:20:00,560,09:20,25,1,35,13.271,18.96,13.271,H2,13.271,1,catchment_near_assigned_hospital,12,assumption_to_validate,Renaison other: assumed 36/day.
P326,HOME_P326,46.04215044797691,4.107362945321183,H3,dialysis,A0332,08:00,P1,high,2.0,vsl_required,2026-05-18 08:10:00,490,08:10,240,2026-05-18 12:10:00,730,12:10,15,1,25,3.766,5.38,3.766,H1,3.686,1,catchment_near_assigned_hospital,8,assumption_to_validate,Third dialysis center: assumed 24/day.
P327,HOME_P327,46.05789276335443,4.102792001525818,H2,dialysis,A0239,13:00,P1,high,2.0,prescription_medicale,2026-05-18 13:00:00,780,13:00,215,2026-05-18 16:35:00,995,16:35,15,1,25,3.691,5.27,3.691,H1,2.972,1,catchment_near_assigned_hospital,8,assumption_to_validate,Renaison dialysis: assumed 30/day.
P328,HOME_P328,46.13137579120335,4.1576098988071015,H1,external,A0198,14:30,P3,low,1.0,standard_assis,2026-05-18 15:35:00,935,15:35,30,2026-05-18 16:05:00,965,16:05,35,1,45,13.592,19.42,13.592,H1,13.592,1,catchment_near_assigned_hospital,18,computed_from_user_table,External visits: 75/day * 15% using fleet.
P329,HOME_P329,46.012872584446974,4.174148421201992,H1,other,A0141,08:30,P2,medium,1.5,prescription_medicale,2026-05-18 09:55:00,595,09:55,120,2026-05-18 11:55:00,715,11:55,25,1,35,11.287,16.12,11.287,H2,11.143,1,catchment_near_assigned_hospital,12,observed_user_table,CH Roanne other: 49/day.
P330,HOME_P330,46.10665732090425,4.054955018228906,H2,dialysis,A0241,13:00,P1,high,2.0,vsl_required,2026-05-18 13:15:00,795,13:15,235,2026-05-18 17:10:00,1030,17:10,15,1,25,8.577,12.25,8.577,H1,7.611,1,catchment_near_assigned_hospital,8,assumption_to_validate,Renaison dialysis: assumed 30/day.
P331,HOME_P331,46.08737069405667,4.200275403377754,H1,other,A0169,14:00,P2,medium,1.5,prescription_medicale,2026-05-18 14:25:00,865,14:25,110,2026-05-18 16:15:00,975,16:15,25,1,35,13.182,18.83,13.182,H1,13.182,1,catchment_near_assigned_hospital,12,observed_user_table,CH Roanne other: 49/day.
P332,HOME_P332,45.987224759160085,4.182456475215117,H1,other,A0177,14:00,P2,medium,1.5,standard_assis,2026-05-18 14:25:00,865,14:25,120,2026-05-18 16:25:00,985,16:25,25,1,35,14.02,20.03,14.02,H2,13.653,1,catchment_near_assigned_hospital,12,observed_user_table,CH Roanne other: 49/day.
P333,HOME_P333,46.091123793860156,4.0604147095832115,H1,dialysis,A0014,08:00,P1,high,2.0,prescription_medicale,2026-05-18 08:05:00,485,08:05,240,2026-05-18 12:05:00,725,12:05,15,1,25,5.389,7.7,5.389,H1,5.389,1,catchment_near_assigned_hospital,8,observed_user_table,"CH Roanne dialysis: 53/day. 26 morning, 23 noon, 4 evening."
P334,HOME_P334,46.14804653169123,4.114669144422159,H1,other,A0156,10:30,P2,medium,1.5,vsl_required,2026-05-18 11:00:00,660,11:00,120,2026-05-18 13:00:00,780,13:00,25,1,35,13.776,19.68,13.776,H1,13.776,1,catchment_near_assigned_hospital,12,observed_user_table,CH Roanne other: 49/day.
P335,HOME_P335,45.985776368309516,4.045394347807727,H2,oncology,A0265,15:00,P1,high,2.0,vsl_required,2026-05-18 15:20:00,920,15:20,170,2026-05-18 18:10:00,1090,18:10,15,1,25,8.63,12.33,8.63,H2,8.63,1,catchment_near_assigned_hospital,10,assumption_to_validate,Renaison oncology: assumed 16/day.
P336,HOME_P336,46.102840594954756,4.1176162831843905,H1,dialysis,A0001,08:00,P1,high,2.0,vsl_required,2026-05-18 08:40:00,520,08:40,240,2026-05-18 12:40:00,760,12:40,15,1,25,8.134,11.62,8.134,H1,8.134,1,catchment_near_assigned_hospital,8,observed_user_table,"CH Roanne dialysis: 53/day. 26 morning, 23 noon, 4 evening."
P337,HOME_P337,46.10853164338957,4.088705407796017,H2,other,A0266,08:30,P2,medium,1.5,standard_assis,2026-05-18 08:40:00,520,08:40,40,2026-05-18 09:20:00,560,09:20,25,0,35,8.942,12.77,8.942,H1,7.83,1,catchment_near_assigned_hospital,12,assumption_to_validate,Renaison other: assumed 36/day.
P338,HOME_P338,46.0500116952004,4.106355099113465,H1,dialysis,A0052,13:00,P1,high,2.0,vsl_required,2026-05-18 13:10:00,790,13:10,240,2026-05-18 17:10:00,1030,17:10,15,1,25,3.278,5.0,3.278,H1,3.278,1,catchment_near_assigned_hospital,8,observed_user_table,"CH Roanne dialysis: 53/day. 26 morning, 23 noon, 4 evening."
P339,HOME_P339,46.086111823274294,4.057393222039556,H1,dialysis,A0031,08:00,P1,high,2.0,vsl_required,2026-05-18 08:00:00,480,08:00,240,2026-05-18 12:00:00,720,12:00,15,1,25,4.794,6.85,4.794,H1,4.794,1,catchment_near_assigned_hospital,8,observed_user_table,"CH Roanne dialysis: 53/day. 26 morning, 23 noon, 4 evening."
P340,HOME_P340,46.118060985996465,4.046666914952226,H1,dialysis,A0034,08:00,P1,high,2.0,prescription_medicale,2026-05-18 08:35:00,515,08:35,240,2026-05-18 12:35:00,755,12:35,15,1,25,9.345,13.35,9.345,H1,9.345,1,catchment_near_assigned_hospital,8,observed_user_table,"CH Roanne dialysis: 53/day. 26 morning, 23 noon, 4 evening."
P341,HOME_P341,46.06645845481764,4.037530528302946,H2,oncology,A0251,08:00,P1,high,2.0,prescription_medicale,2026-05-18 08:10:00,490,08:10,280,2026-05-18 12:50:00,770,12:50,15,1,25,4.174,5.96,4.174,H1,3.854,1,catchment_near_assigned_hospital,10,assumption_to_validate,Renaison oncology: assumed 16/day.
P342,HOME_P342,46.097647756185985,3.9976449912519687,H3,dialysis,A0337,13:00,P1,high,2.0,prescription_medicale,2026-05-18 13:45:00,825,13:45,220,2026-05-18 17:25:00,1045,17:25,15,1,25,9.62,13.74,9.62,H1,9.506,1,catchment_near_assigned_hospital,8,assumption_to_validate,Third dialysis center: assumed 24/day.
P343,HOME_P343,46.08679408110791,4.114083432700772,H2,dialysis,A0226,13:00,P1,high,2.0,vsl_required,2026-05-18 13:55:00,835,13:55,250,2026-05-18 18:05:00,1085,18:05,15,0,25,7.19,10.27,7.19,H1,6.132,1,catchment_near_assigned_hospital,8,assumption_to_validate,Renaison dialysis: assumed 30/day.
P344,HOME_P344,46.01920374412006,4.074371793247326,H2,dialysis,A0224,13:00,P1,high,2.0,prescription_medicale,2026-05-18 13:05:00,785,13:05,265,2026-05-18 17:30:00,1050,17:30,15,1,25,3.722,5.32,3.722,H2,3.722,1,catchment_near_assigned_hospital,8,assumption_to_validate,Renaison dialysis: assumed 30/day.
P345,HOME_P345,46.08400795245697,4.097645788151167,H1,dialysis,A0019,08:00,P1,high,2.0,vsl_required,2026-05-18 08:35:00,515,08:35,240,2026-05-18 12:35:00,755,12:35,15,1,25,4.899,7.0,4.899,H1,4.899,1,catchment_near_assigned_hospital,8,observed_user_table,"CH Roanne dialysis: 53/day. 26 morning, 23 noon, 4 evening."
P346,HOME_P346,45.98093573387131,4.106446593277823,H2,other,A0297,14:00,P2,medium,1.5,standard_assis,2026-05-18 14:10:00,850,14:10,25,2026-05-18 14:35:00,875,14:35,25,1,35,9.708,13.87,9.708,H2,9.708,1,catchment_near_assigned_hospital,12,assumption_to_validate,Renaison other: assumed 36/day.
P347,HOME_P347,45.99412164573435,4.017124257948258,H1,dialysis,A0041,13:00,P1,high,2.0,prescription_medicale,2026-05-18 13:50:00,830,13:50,240,2026-05-18 17:50:00,1070,17:50,15,1,25,9.82,14.03,9.82,H2,8.733,1,catchment_near_assigned_hospital,8,observed_user_table,"CH Roanne dialysis: 53/day. 26 morning, 23 noon, 4 evening."
P348,HOME_P348,45.9966932906755,4.084943111790692,H1,dialysis,A0056,13:00,P1,high,2.0,prescription_medicale,2026-05-18 13:40:00,820,13:40,240,2026-05-18 17:40:00,1060,17:40,15,1,25,7.956,11.37,7.956,H2,6.988,1,catchment_near_assigned_hospital,8,observed_user_table,"CH Roanne dialysis: 53/day. 26 morning, 23 noon, 4 evening."
P349,HOME_P349,46.00873644010405,4.081397078195509,H1,dialysis,A0012,08:00,P1,high,2.0,vsl_required,2026-05-18 08:10:00,490,08:10,240,2026-05-18 12:10:00,730,12:10,15,1,25,6.251,8.93,6.251,H2,5.28,1,catchment_near_assigned_hospital,8,observed_user_table,"CH Roanne dialysis: 53/day. 26 morning, 23 noon, 4 evening."
P350,HOME_P350,46.0750700691315,4.1421761451327015,H1,oncology,A0108,11:00,P1,high,2.0,prescription_medicale,2026-05-18 11:00:00,660,11:00,150,2026-05-18 13:30:00,810,13:30,15,1,25,7.352,10.5,7.352,H1,7.352,1,catchment_near_assigned_hospital,10,observed_user_table,CH Roanne chemotherapy: 30/day.
