request_id,patient_id,trip_type,direction,origin_point_id,destination_point_id,hospital_id,activity_type,priority_code,priority_class,theta_p,requirement,service_pickup_min,service_dropoff_min,q_pickup,q_dropoff,earliest_pickup_min,latest_pickup_min,latest_dropoff_min,appointment_minute_a_p,max_ride_time_L_p_min,in_planning_horizon,paired_request_id,pickup_model_node_label,dropoff_model_node_label,earliest_pickup_datetime,latest_pickup_datetime,latest_dropoff_datetime,appointment_datetime_a_p,earliest_pickup_hhmm,latest_pickup_hhmm,latest_dropoff_hhmm
R0001,P1,outbound,patient_to_hospital,HOME_P1,H3,H3,dialysis,P1,high,2.0,vsl_required,5,5,1,-1,435,476,490,490,25,1,R0002,PU_R0001,DO_R0001,2026-05-18 07:15:00,2026-05-18 07:56:00,2026-05-18 08:10:00,2026-05-18 08:10:00,07:15,07:56,08:10
R0002,P1,return,hospital_to_patient,H3,HOME_P1,H3,dialysis,P1,high,2.0,vsl_required,5,5,1,-1,705,720,760,705,25,1,R0001,PU_R0002,DO_R0002,2026-05-18 11:45:00,2026-05-18 12:00:00,2026-05-18 12:40:00,2026-05-18 11:45:00,11:45,12:00,12:40
R0003,P2,outbound,patient_to_hospital,HOME_P2,H1,H1,oncology,P1,high,2.0,vsl_required,5,5,1,-1,615,654,670,670,25,1,R0004,PU_R0003,DO_R0003,2026-05-18 10:15:00,2026-05-18 10:54:00,2026-05-18 11:10:00,2026-05-18 11:10:00,10:15,10:54,11:10
R0004,P2,return,hospital_to_patient,H1,HOME_P2,H1,oncology,P1,high,2.0,vsl_required,5,5,1,-1,845,860,900,845,25,1,R0003,PU_R0004,DO_R0004,2026-05-18 14:05:00,2026-05-18 14:20:00,2026-05-18 15:00:00,2026-05-18 14:05:00,14:05,14:20,15:00
R0005,P3,outbound,patient_to_hospital,HOME_P3,H2,H2,other,P2,medium,1.5,prescription_medicale,5,5,1,-1,620,666,685,685,35,1,R0006,PU_R0005,DO_R0005,2026-05-18 10:20:00,2026-05-18 11:06:00,2026-05-18 11:25:00,2026-05-18 11:25:00,10:20,11:06,11:25
R0006,P3,return,hospital_to_patient,H2,HOME_P3,H2,other,P2,medium,1.5,prescription_medicale,5,5,1,-1,720,745,795,720,35,1,R0005,PU_R0006,DO_R0006,2026-05-18 12:00:00,2026-05-18 12:25:00,2026-05-18 13:15:00,2026-05-18 12:00:00,12:00,12:25,13:15
R0007,P4,outbound,patient_to_hospital,HOME_P4,H2,H2,oncology,P1,high,2.0,vsl_required,5,5,1,-1,435,481,490,490,25,1,,PU_R0007,DO_R0007,2026-05-18 07:15:00,2026-05-18 08:01:00,2026-05-18 08:10:00,2026-05-18 08:10:00,07:15,08:01,08:10
R0008,P5,outbound,patient_to_hospital,HOME_P5,H1,H1,oncology,P1,high,2.0,standard_assis,5,5,1,-1,460,501,515,515,25,1,R0009,PU_R0008,DO_R0008,2026-05-18 07:40:00,2026-05-18 08:21:00,2026-05-18 08:35:00,2026-05-18 08:35:00,07:40,08:21,08:35
R0009,P5,return,hospital_to_patient,H1,HOME_P5,H1,oncology,P1,high,2.0,standard_assis,5,5,1,-1,670,685,725,670,25,1,R0008,PU_R0009,DO_R0009,2026-05-18 11:10:00,2026-05-18 11:25:00,2026-05-18 12:05:00,2026-05-18 11:10:00,11:10,11:25,12:05
R0010,P6,outbound,patient_to_hospital,HOME_P6,H1,H1,other,P2,medium,1.5,prescription_medicale,5,5,1,-1,595,641,660,660,35,1,R0011,PU_R0010,DO_R0010,2026-05-18 09:55:00,2026-05-18 10:41:00,2026-05-18 11:00:00,2026-05-18 11:00:00,09:55,10:41,11:00
R0011,P6,return,hospital_to_patient,H1,HOME_P6,H1,other,P2,medium,1.5,prescription_medicale,5,5,1,-1,730,755,805,730,35,1,R0010,PU_R0011,DO_R0011,2026-05-18 12:10:00,2026-05-18 12:35:00,2026-05-18 13:25:00,2026-05-18 12:10:00,12:10,12:35,13:25
R0012,P7,outbound,patient_to_hospital,HOME_P7,H1,H1,dialysis,P1,high,2.0,prescription_medicale,5,5,1,-1,455,498,510,510,25,1,R0013,PU_R0012,DO_R0012,2026-05-18 07:35:00,2026-05-18 08:18:00,2026-05-18 08:30:00,2026-05-18 08:30:00,07:35,08:18,08:30
R0013,P7,return,hospital_to_patient,H1,HOME_P7,H1,dialysis,P1,high,2.0,prescription_medicale,5,5,1,-1,750,765,805,750,25,1,R0012,PU_R0013,DO_R0013,2026-05-18 12:30:00,2026-05-18 12:45:00,2026-05-18 13:25:00,2026-05-18 12:30:00,12:30,12:45,13:25
R0014,P8,outbound,patient_to_hospital,HOME_P8,H1,H1,dialysis,P1,high,2.0,prescription_medicale,5,5,1,-1,445,495,500,500,25,1,R0015,PU_R0014,DO_R0014,2026-05-18 07:25:00,2026-05-18 08:15:00,2026-05-18 08:20:00,2026-05-18 08:20:00,07:25,08:15,08:20
R0015,P8,return,hospital_to_patient,H1,HOME_P8,H1,dialysis,P1,high,2.0,prescription_medicale,5,5,1,-1,740,755,795,740,25,1,R0014,PU_R0015,DO_R0015,2026-05-18 12:20:00,2026-05-18 12:35:00,2026-05-18 13:15:00,2026-05-18 12:20:00,12:20,12:35,13:15
R0016,P9,outbound,patient_to_hospital,HOME_P9,H1,H1,other,P2,medium,1.5,prescription_medicale,5,5,1,-1,830,880,895,895,35,1,R0017,PU_R0016,DO_R0016,2026-05-18 13:50:00,2026-05-18 14:40:00,2026-05-18 14:55:00,2026-05-18 14:55:00,13:50,14:40,14:55
R0017,P9,return,hospital_to_patient,H1,HOME_P9,H1,other,P2,medium,1.5,prescription_medicale,5,5,1,-1,1005,1030,1080,1005,35,1,R0016,PU_R0017,DO_R0017,2026-05-18 16:45:00,2026-05-18 17:10:00,2026-05-18 18:00:00,2026-05-18 16:45:00,16:45,17:10,18:00
R0018,P10,outbound,patient_to_hospital,HOME_P10,H1,H1,other,P2,medium,1.5,standard_assis,5,5,1,-1,570,623,635,635,35,1,R0019,PU_R0018,DO_R0018,2026-05-18 09:30:00,2026-05-18 10:23:00,2026-05-18 10:35:00,2026-05-18 10:35:00,09:30,10:23,10:35
R0019,P10,return,hospital_to_patient,H1,HOME_P10,H1,other,P2,medium,1.5,standard_assis,5,5,1,-1,755,780,830,755,35,1,R0018,PU_R0019,DO_R0019,2026-05-18 12:35:00,2026-05-18 13:00:00,2026-05-18 13:50:00,2026-05-18 12:35:00,12:35,13:00,13:50
R0020,P11,outbound,patient_to_hospital,HOME_P11,H1,H1,other,P2,medium,1.5,standard_assis,5,5,1,-1,515,564,580,580,35,1,R0021,PU_R0020,DO_R0020,2026-05-18 08:35:00,2026-05-18 09:24:00,2026-05-18 09:40:00,2026-05-18 09:40:00,08:35,09:24,09:40
R0021,P11,return,hospital_to_patient,H1,HOME_P11,H1,other,P2,medium,1.5,standard_assis,5,5,1,-1,655,680,730,655,35,1,R0020,PU_R0021,DO_R0021,2026-05-18 10:55:00,2026-05-18 11:20:00,2026-05-18 12:10:00,2026-05-18 10:55:00,10:55,11:20,12:10
R0022,P12,outbound,patient_to_hospital,HOME_P12,H1,H1,other,P2,medium,1.5,prescription_medicale,5,5,1,-1,575,633,640,640,35,1,,PU_R0022,DO_R0022,2026-05-18 09:35:00,2026-05-18 10:33:00,2026-05-18 10:40:00,2026-05-18 10:40:00,09:35,10:33,10:40
R0023,P13,outbound,patient_to_hospital,HOME_P13,H1,H1,oncology,P1,high,2.0,vsl_required,5,5,1,-1,655,703,710,710,25,1,R0024,PU_R0023,DO_R0023,2026-05-18 10:55:00,2026-05-18 11:43:00,2026-05-18 11:50:00,2026-05-18 11:50:00,10:55,11:43,11:50
R0024,P13,return,hospital_to_patient,H1,HOME_P13,H1,oncology,P1,high,2.0,vsl_required,5,5,1,-1,860,875,915,860,25,1,R0023,PU_R0024,DO_R0024,2026-05-18 14:20:00,2026-05-18 14:35:00,2026-05-18 15:15:00,2026-05-18 14:20:00,14:20,14:35,15:15
R0025,P14,outbound,patient_to_hospital,HOME_P14,H3,H3,dialysis,P1,high,2.0,vsl_required,5,5,1,-1,425,474,480,480,25,1,R0026,PU_R0025,DO_R0025,2026-05-18 07:05:00,2026-05-18 07:54:00,2026-05-18 08:00:00,2026-05-18 08:00:00,07:05,07:54,08:00
R0026,P14,return,hospital_to_patient,H3,HOME_P14,H3,dialysis,P1,high,2.0,vsl_required,5,5,1,-1,730,745,785,730,25,1,R0025,PU_R0026,DO_R0026,2026-05-18 12:10:00,2026-05-18 12:25:00,2026-05-18 13:05:00,2026-05-18 12:10:00,12:10,12:25,13:05
R0027,P15,outbound,patient_to_hospital,HOME_P15,H1,H1,dialysis,P1,high,2.0,vsl_required,5,5,1,-1,755,796,810,810,25,1,,PU_R0027,DO_R0027,2026-05-18 12:35:00,2026-05-18 13:16:00,2026-05-18 13:30:00,2026-05-18 13:30:00,12:35,13:16,13:30
R0028,P16,outbound,patient_to_hospital,HOME_P16,H2,H2,other,P2,medium,1.5,vsl_required,5,5,1,-1,835,882,900,900,35,1,R0029,PU_R0028,DO_R0028,2026-05-18 13:55:00,2026-05-18 14:42:00,2026-05-18 15:00:00,2026-05-18 15:00:00,13:55,14:42,15:00
R0029,P16,return,hospital_to_patient,H2,HOME_P16,H2,other,P2,medium,1.5,vsl_required,5,5,1,-1,935,960,1010,935,35,1,R0028,PU_R0029,DO_R0029,2026-05-18 15:35:00,2026-05-18 16:00:00,2026-05-18 16:50:00,2026-05-18 15:35:00,15:35,16:00,16:50
R0030,P17,outbound,patient_to_hospital,HOME_P17,H1,H1,external,P3,low,1.0,standard_assis,5,5,1,-1,669,721,750,750,51,1,R0031,PU_R0030,DO_R0030,2026-05-18 11:09:00,2026-05-18 12:01:00,2026-05-18 12:30:00,2026-05-18 12:30:00,11:09,12:01,12:30
R0031,P17,return,hospital_to_patient,H1,HOME_P17,H1,external,P3,low,1.0,standard_assis,5,5,1,-1,780,815,881,780,51,1,R0030,PU_R0031,DO_R0031,2026-05-18 13:00:00,2026-05-18 13:35:00,2026-05-18 14:41:00,2026-05-18 13:00:00,13:00,13:35,14:41
R0032,P18,outbound,patient_to_hospital,HOME_P18,H2,H2,other,P2,medium,1.5,premium,5,5,1,-1,805,858,870,870,35,1,R0033,PU_R0032,DO_R0032,2026-05-18 13:25:00,2026-05-18 14:18:00,2026-05-18 14:30:00,2026-05-18 14:30:00,13:25,14:18,14:30
R0033,P18,return,hospital_to_patient,H2,HOME_P18,H2,other,P2,medium,1.5,premium,5,5,1,-1,895,920,970,895,35,1,R0032,PU_R0033,DO_R0033,2026-05-18 14:55:00,2026-05-18 15:20:00,2026-05-18 16:10:00,2026-05-18 14:55:00,14:55,15:20,16:10
R0034,P19,outbound,patient_to_hospital,HOME_P19,H2,H2,dialysis,P1,high,2.0,prescription_medicale,5,5,1,-1,445,486,500,500,25,1,R0035,PU_R0034,DO_R0034,2026-05-18 07:25:00,2026-05-18 08:06:00,2026-05-18 08:20:00,2026-05-18 08:20:00,07:25,08:06,08:20
R0035,P19,return,hospital_to_patient,H2,HOME_P19,H2,dialysis,P1,high,2.0,prescription_medicale,5,5,1,-1,770,785,825,770,25,1,R0034,PU_R0035,DO_R0035,2026-05-18 12:50:00,2026-05-18 13:05:00,2026-05-18 13:45:00,2026-05-18 12:50:00,12:50,13:05,13:45
R0036,P20,outbound,patient_to_hospital,HOME_P20,H1,H1,other,P2,medium,1.5,standard_assis,5,5,1,-1,490,539,555,555,35,1,R0037,PU_R0036,DO_R0036,2026-05-18 08:10:00,2026-05-18 08:59:00,2026-05-18 09:15:00,2026-05-18 09:15:00,08:10,08:59,09:15
R0037,P20,return,hospital_to_patient,H1,HOME_P20,H1,other,P2,medium,1.5,standard_assis,5,5,1,-1,675,700,750,675,35,1,R0036,PU_R0037,DO_R0037,2026-05-18 11:15:00,2026-05-18 11:40:00,2026-05-18 12:30:00,2026-05-18 11:15:00,11:15,11:40,12:30
R0038,P21,outbound,patient_to_hospital,HOME_P21,H1,H1,oncology,P1,high,2.0,vsl_required,5,5,1,-1,470,513,525,525,25,1,R0039,PU_R0038,DO_R0038,2026-05-18 07:50:00,2026-05-18 08:33:00,2026-05-18 08:45:00,2026-05-18 08:45:00,07:50,08:33,08:45
R0039,P21,return,hospital_to_patient,H1,HOME_P21,H1,oncology,P1,high,2.0,vsl_required,5,5,1,-1,705,720,760,705,25,1,R0038,PU_R0039,DO_R0039,2026-05-18 11:45:00,2026-05-18 12:00:00,2026-05-18 12:40:00,2026-05-18 11:45:00,11:45,12:00,12:40
R0040,P22,outbound,patient_to_hospital,HOME_P22,H1,H1,external,P3,low,1.0,standard_assis,5,5,1,-1,1000,1065,1075,1075,45,1,,PU_R0040,DO_R0040,2026-05-18 16:40:00,2026-05-18 17:45:00,2026-05-18 17:55:00,2026-05-18 17:55:00,16:40,17:45,17:55
R0041,P23,outbound,patient_to_hospital,HOME_P23,H1,H1,other,P2,medium,1.5,standard_assis,5,5,1,-1,575,629,640,640,35,1,R0042,PU_R0041,DO_R0041,2026-05-18 09:35:00,2026-05-18 10:29:00,2026-05-18 10:40:00,2026-05-18 10:40:00,09:35,10:29,10:40
R0042,P23,return,hospital_to_patient,H1,HOME_P23,H1,other,P2,medium,1.5,standard_assis,5,5,1,-1,715,740,790,715,35,1,R0041,PU_R0042,DO_R0042,2026-05-18 11:55:00,2026-05-18 12:20:00,2026-05-18 13:10:00,2026-05-18 11:55:00,11:55,12:20,13:10
R0043,P24,outbound,patient_to_hospital,HOME_P24,H1,H1,dialysis,P1,high,2.0,vsl_required,5,5,1,-1,765,813,820,820,25,1,,PU_R0043,DO_R0043,2026-05-18 12:45:00,2026-05-18 13:33:00,2026-05-18 13:40:00,2026-05-18 13:40:00,12:45,13:33,13:40
R0044,P25,outbound,patient_to_hospital,HOME_P25,H3,H3,dialysis,P1,high,2.0,prescription_medicale,5,5,1,-1,450,490,505,505,25,1,R0045,PU_R0044,DO_R0044,2026-05-18 07:30:00,2026-05-18 08:10:00,2026-05-18 08:25:00,2026-05-18 08:25:00,07:30,08:10,08:25
R0045,P25,return,hospital_to_patient,H3,HOME_P25,H3,dialysis,P1,high,2.0,prescription_medicale,5,5,1,-1,730,745,785,730,25,1,R0044,PU_R0045,DO_R0045,2026-05-18 12:10:00,2026-05-18 12:25:00,2026-05-18 13:05:00,2026-05-18 12:10:00,12:10,12:25,13:05
R0046,P26,outbound,patient_to_hospital,HOME_P26,H2,H2,dialysis,P1,high,2.0,prescription_medicale,5,5,1,-1,750,798,805,805,25,1,,PU_R0046,DO_R0046,2026-05-18 12:30:00,2026-05-18 13:18:00,2026-05-18 13:25:00,2026-05-18 13:25:00,12:30,13:18,13:25
R0047,P27,outbound,patient_to_hospital,HOME_P27,H1,H1,oncology,P1,high,2.0,vsl_required,5,5,1,-1,640,677,695,695,25,1,R0048,PU_R0047,DO_R0047,2026-05-18 10:40:00,2026-05-18 11:17:00,2026-05-18 11:35:00,2026-05-18 11:35:00,10:40,11:17,11:35
R0048,P27,return,hospital_to_patient,H1,HOME_P27,H1,oncology,P1,high,2.0,vsl_required,5,5,1,-1,875,890,930,875,25,1,R0047,PU_R0048,DO_R0048,2026-05-18 14:35:00,2026-05-18 14:50:00,2026-05-18 15:30:00,2026-05-18 14:35:00,14:35,14:50,15:30
R0049,P28,outbound,patient_to_hospital,HOME_P28,H3,H3,dialysis,P1,high,2.0,vsl_required,5,5,1,-1,770,814,825,825,25,1,,PU_R0049,DO_R0049,2026-05-18 12:50:00,2026-05-18 13:34:00,2026-05-18 13:45:00,2026-05-18 13:45:00,12:50,13:34,13:45
R0050,P29,outbound,patient_to_hospital,HOME_P29,H1,H1,dialysis,P1,high,2.0,vsl_required,5,5,1,-1,445,488,500,500,25,1,R0051,PU_R0050,DO_R0050,2026-05-18 07:25:00,2026-05-18 08:08:00,2026-05-18 08:20:00,2026-05-18 08:20:00,07:25,08:08,08:20
R0051,P29,return,hospital_to_patient,H1,HOME_P29,H1,dialysis,P1,high,2.0,vsl_required,5,5,1,-1,740,755,795,740,25,1,R0050,PU_R0051,DO_R0051,2026-05-18 12:20:00,2026-05-18 12:35:00,2026-05-18 13:15:00,2026-05-18 12:20:00,12:20,12:35,13:15
R0052,P30,outbound,patient_to_hospital,HOME_P30,H2,H2,other,P2,medium,1.5,prescription_medicale,5,5,1,-1,960,1005,1025,1025,35,1,,PU_R0052,DO_R0052,2026-05-18 16:00:00,2026-05-18 16:45:00,2026-05-18 17:05:00,2026-05-18 17:05:00,16:00,16:45,17:05
R0053,P31,outbound,patient_to_hospital,HOME_P31,H1,H1,other,P2,medium,1.5,standard_assis,5,5,1,-1,605,661,670,670,35,1,R0054,PU_R0053,DO_R0053,2026-05-18 10:05:00,2026-05-18 11:01:00,2026-05-18 11:10:00,2026-05-18 11:10:00,10:05,11:01,11:10
R0054,P31,return,hospital_to_patient,H1,HOME_P31,H1,other,P2,medium,1.5,standard_assis,5,5,1,-1,750,775,825,750,35,1,R0053,PU_R0054,DO_R0054,2026-05-18 12:30:00,2026-05-18 12:55:00,2026-05-18 13:45:00,2026-05-18 12:30:00,12:30,12:55,13:45
R0055,P32,outbound,patient_to_hospital,HOME_P32,H1,H1,dialysis,P1,high,2.0,vsl_required,5,5,1,-1,475,517,530,530,25,1,R0056,PU_R0055,DO_R0055,2026-05-18 07:55:00,2026-05-18 08:37:00,2026-05-18 08:50:00,2026-05-18 08:50:00,07:55,08:37,08:50
R0056,P32,return,hospital_to_patient,H1,HOME_P32,H1,dialysis,P1,high,2.0,vsl_required,5,5,1,-1,770,785,825,770,25,1,R0055,PU_R0056,DO_R0056,2026-05-18 12:50:00,2026-05-18 13:05:00,2026-05-18 13:45:00,2026-05-18 12:50:00,12:50,13:05,13:45
R0057,P33,outbound,patient_to_hospital,HOME_P33,H1,H1,dialysis,P1,high,2.0,prescription_medicale,5,5,1,-1,455,496,510,510,25,1,R0058,PU_R0057,DO_R0057,2026-05-18 07:35:00,2026-05-18 08:16:00,2026-05-18 08:30:00,2026-05-18 08:30:00,07:35,08:16,08:30
R0058,P33,return,hospital_to_patient,H1,HOME_P33,H1,dialysis,P1,high,2.0,prescription_medicale,5,5,1,-1,750,765,805,750,25,1,R0057,PU_R0058,DO_R0058,2026-05-18 12:30:00,2026-05-18 12:45:00,2026-05-18 13:25:00,2026-05-18 12:30:00,12:30,12:45,13:25
R0059,P34,outbound,patient_to_hospital,HOME_P34,H2,H2,oncology,P1,high,2.0,vsl_required,5,5,1,-1,895,935,950,950,25,1,,PU_R0059,DO_R0059,2026-05-18 14:55:00,2026-05-18 15:35:00,2026-05-18 15:50:00,2026-05-18 15:50:00,14:55,15:35,15:50
R0060,P35,outbound,patient_to_hospital,HOME_P35,H3,H3,dialysis,P1,high,2.0,prescription_medicale,5,5,1,-1,480,522,535,535,25,1,R0061,PU_R0060,DO_R0060,2026-05-18 08:00:00,2026-05-18 08:42:00,2026-05-18 08:55:00,2026-05-18 08:55:00,08:00,08:42,08:55
R0061,P35,return,hospital_to_patient,H3,HOME_P35,H3,dialysis,P1,high,2.0,prescription_medicale,5,5,1,-1,770,785,825,770,25,1,R0060,PU_R0061,DO_R0061,2026-05-18 12:50:00,2026-05-18 13:05:00,2026-05-18 13:45:00,2026-05-18 12:50:00,12:50,13:05,13:45
R0062,P36,outbound,patient_to_hospital,HOME_P36,H1,H1,other,P2,medium,1.5,standard_assis,5,5,1,-1,455,507,520,520,35,1,R0063,PU_R0062,DO_R0062,2026-05-18 07:35:00,2026-05-18 08:27:00,2026-05-18 08:40:00,2026-05-18 08:40:00,07:35,08:27,08:40
R0063,P36,return,hospital_to_patient,H1,HOME_P36,H1,other,P2,medium,1.5,standard_assis,5,5,1,-1,600,625,675,600,35,1,R0062,PU_R0063,DO_R0063,2026-05-18 10:00:00,2026-05-18 10:25:00,2026-05-18 11:15:00,2026-05-18 10:00:00,10:00,10:25,11:15
R0064,P37,outbound,patient_to_hospital,HOME_P37,H1,H1,dialysis,P1,high,2.0,vsl_required,5,5,1,-1,750,800,805,805,25,1,,PU_R0064,DO_R0064,2026-05-18 12:30:00,2026-05-18 13:20:00,2026-05-18 13:25:00,2026-05-18 13:25:00,12:30,13:20,13:25
R0065,P38,outbound,patient_to_hospital,HOME_P38,H2,H2,other,P2,medium,1.5,standard_assis,5,5,1,-1,995,1044,1060,1060,35,1,,PU_R0065,DO_R0065,2026-05-18 16:35:00,2026-05-18 17:24:00,2026-05-18 17:40:00,2026-05-18 17:40:00,16:35,17:24,17:40
R0066,P39,outbound,patient_to_hospital,HOME_P39,H1,H1,dialysis,P1,high,2.0,vsl_required,5,5,1,-1,750,792,805,805,25,1,,PU_R0066,DO_R0066,2026-05-18 12:30:00,2026-05-18 13:12:00,2026-05-18 13:25:00,2026-05-18 13:25:00,12:30,13:12,13:25
R0067,P40,outbound,patient_to_hospital,HOME_P40,H3,H3,dialysis,P1,high,2.0,vsl_required,5,5,1,-1,775,825,830,830,25,1,,PU_R0067,DO_R0067,2026-05-18 12:55:00,2026-05-18 13:45:00,2026-05-18 13:50:00,2026-05-18 13:50:00,12:55,13:45,13:50
R0068,P41,outbound,patient_to_hospital,HOME_P41,H1,H1,other,P2,medium,1.5,prescription_medicale,5,5,1,-1,935,989,1000,1000,35,1,,PU_R0068,DO_R0068,2026-05-18 15:35:00,2026-05-18 16:29:00,2026-05-18 16:40:00,2026-05-18 16:40:00,15:35,16:29,16:40
R0069,P42,outbound,patient_to_hospital,HOME_P42,H2,H2,other,P2,medium,1.5,prescription_medicale,5,5,1,-1,625,669,690,690,35,1,R0070,PU_R0069,DO_R0069,2026-05-18 10:25:00,2026-05-18 11:09:00,2026-05-18 11:30:00,2026-05-18 11:30:00,10:25,11:09,11:30
R0070,P42,return,hospital_to_patient,H2,HOME_P42,H2,other,P2,medium,1.5,prescription_medicale,5,5,1,-1,725,750,800,725,35,1,R0069,PU_R0070,DO_R0070,2026-05-18 12:05:00,2026-05-18 12:30:00,2026-05-18 13:20:00,2026-05-18 12:05:00,12:05,12:30,13:20
R0071,P43,outbound,patient_to_hospital,HOME_P43,H2,H2,other,P2,medium,1.5,standard_assis,5,5,1,-1,610,654,675,675,35,1,R0072,PU_R0071,DO_R0071,2026-05-18 10:10:00,2026-05-18 10:54:00,2026-05-18 11:15:00,2026-05-18 11:15:00,10:10,10:54,11:15
R0072,P43,return,hospital_to_patient,H2,HOME_P43,H2,other,P2,medium,1.5,standard_assis,5,5,1,-1,715,740,790,715,35,1,R0071,PU_R0072,DO_R0072,2026-05-18 11:55:00,2026-05-18 12:20:00,2026-05-18 13:10:00,2026-05-18 11:55:00,11:55,12:20,13:10
R0073,P44,outbound,patient_to_hospital,HOME_P44,H1,H1,other,P2,medium,1.5,prescription_medicale,5,5,1,-1,485,534,550,550,35,1,R0074,PU_R0073,DO_R0073,2026-05-18 08:05:00,2026-05-18 08:54:00,2026-05-18 09:10:00,2026-05-18 09:10:00,08:05,08:54,09:10
R0074,P44,return,hospital_to_patient,H1,HOME_P44,H1,other,P2,medium,1.5,prescription_medicale,5,5,1,-1,665,690,740,665,35,1,R0073,PU_R0074,DO_R0074,2026-05-18 11:05:00,2026-05-18 11:30:00,2026-05-18 12:20:00,2026-05-18 11:05:00,11:05,11:30,12:20
R0075,P45,outbound,patient_to_hospital,HOME_P45,H1,H1,external,P3,low,1.0,prescription_medicale,5,5,1,-1,445,497,520,520,45,1,,PU_R0075,DO_R0075,2026-05-18 07:25:00,2026-05-18 08:17:00,2026-05-18 08:40:00,2026-05-18 08:40:00,07:25,08:17,08:40
R0076,P46,outbound,patient_to_hospital,HOME_P46,H1,H1,other,P2,medium,1.5,standard_assis,5,5,1,-1,490,550,555,555,35,1,R0077,PU_R0076,DO_R0076,2026-05-18 08:10:00,2026-05-18 09:10:00,2026-05-18 09:15:00,2026-05-18 09:15:00,08:10,09:10,09:15
R0077,P46,return,hospital_to_patient,H1,HOME_P46,H1,other,P2,medium,1.5,standard_assis,5,5,1,-1,620,645,695,620,35,1,R0076,PU_R0077,DO_R0077,2026-05-18 10:20:00,2026-05-18 10:45:00,2026-05-18 11:35:00,2026-05-18 10:20:00,10:20,10:45,11:35
R0078,P47,outbound,patient_to_hospital,HOME_P47,H2,H2,oncology,P1,high,2.0,vsl_required,5,5,1,-1,865,905,920,920,25,1,,PU_R0078,DO_R0078,2026-05-18 14:25:00,2026-05-18 15:05:00,2026-05-18 15:20:00,2026-05-18 15:20:00,14:25,15:05,15:20
R0079,P48,outbound,patient_to_hospital,HOME_P48,H1,H1,dialysis,P1,high,2.0,vsl_required,5,5,1,-1,440,489,495,495,25,1,R0080,PU_R0079,DO_R0079,2026-05-18 07:20:00,2026-05-18 08:09:00,2026-05-18 08:15:00,2026-05-18 08:15:00,07:20,08:09,08:15
R0080,P48,return,hospital_to_patient,H1,HOME_P48,H1,dialysis,P1,high,2.0,vsl_required,5,5,1,-1,735,750,790,735,25,1,R0079,PU_R0080,DO_R0080,2026-05-18 12:15:00,2026-05-18 12:30:00,2026-05-18 13:10:00,2026-05-18 12:15:00,12:15,12:30,13:10
R0081,P49,outbound,patient_to_hospital,HOME_P49,H1,H1,dialysis,P1,high,2.0,prescription_medicale,5,5,1,-1,465,509,520,520,25,1,R0082,PU_R0081,DO_R0081,2026-05-18 07:45:00,2026-05-18 08:29:00,2026-05-18 08:40:00,2026-05-18 08:40:00,07:45,08:29,08:40
R0082,P49,return,hospital_to_patient,H1,HOME_P49,H1,dialysis,P1,high,2.0,prescription_medicale,5,5,1,-1,760,775,815,760,25,1,R0081,PU_R0082,DO_R0082,2026-05-18 12:40:00,2026-05-18 12:55:00,2026-05-18 13:35:00,2026-05-18 12:40:00,12:40,12:55,13:35
R0083,P50,outbound,patient_to_hospital,HOME_P50,H1,H1,other,P2,medium,1.5,standard_assis,5,5,1,-1,640,689,705,705,35,1,R0084,PU_R0083,DO_R0083,2026-05-18 10:40:00,2026-05-18 11:29:00,2026-05-18 11:45:00,2026-05-18 11:45:00,10:40,11:29,11:45
R0084,P50,return,hospital_to_patient,H1,HOME_P50,H1,other,P2,medium,1.5,standard_assis,5,5,1,-1,790,815,865,790,35,1,R0083,PU_R0084,DO_R0084,2026-05-18 13:10:00,2026-05-18 13:35:00,2026-05-18 14:25:00,2026-05-18 13:10:00,13:10,13:35,14:25
R0085,P51,outbound,patient_to_hospital,HOME_P51,H2,H2,dialysis,P1,high,2.0,prescription_medicale,5,5,1,-1,755,801,810,810,25,1,R0086,PU_R0085,DO_R0085,2026-05-18 12:35:00,2026-05-18 13:21:00,2026-05-18 13:30:00,2026-05-18 13:30:00,12:35,13:21,13:30
R0086,P51,return,hospital_to_patient,H2,HOME_P51,H2,dialysis,P1,high,2.0,prescription_medicale,5,5,1,-1,1020,1035,1075,1020,25,1,R0085,PU_R0086,DO_R0086,2026-05-18 17:00:00,2026-05-18 17:15:00,2026-05-18 17:55:00,2026-05-18 17:00:00,17:00,17:15,17:55
R0087,P52,outbound,patient_to_hospital,HOME_P52,H2,H2,oncology,P1,high,2.0,prescription_medicale,5,5,1,-1,445,486,500,500,25,1,R0088,PU_R0087,DO_R0087,2026-05-18 07:25:00,2026-05-18 08:06:00,2026-05-18 08:20:00,2026-05-18 08:20:00,07:25,08:06,08:20
R0088,P52,return,hospital_to_patient,H2,HOME_P52,H2,oncology,P1,high,2.0,prescription_medicale,5,5,1,-1,685,700,740,685,25,1,R0087,PU_R0088,DO_R0088,2026-05-18 11:25:00,2026-05-18 11:40:00,2026-05-18 12:20:00,2026-05-18 11:25:00,11:25,11:40,12:20
R0089,P53,outbound,patient_to_hospital,HOME_P53,H1,H1,dialysis,P1,high,2.0,vsl_required,5,5,1,-1,1005,1051,1060,1060,25,1,,PU_R0089,DO_R0089,2026-05-18 16:45:00,2026-05-18 17:31:00,2026-05-18 17:40:00,2026-05-18 17:40:00,16:45,17:31,17:40
R0090,P54,outbound,patient_to_hospital,HOME_P54,H1,H1,dialysis,P1,high,2.0,vsl_required,5,5,1,-1,470,514,525,525,25,1,R0091,PU_R0090,DO_R0090,2026-05-18 07:50:00,2026-05-18 08:34:00,2026-05-18 08:45:00,2026-05-18 08:45:00,07:50,08:34,08:45
R0091,P54,return,hospital_to_patient,H1,HOME_P54,H1,dialysis,P1,high,2.0,vsl_required,5,5,1,-1,765,780,820,765,25,1,R0090,PU_R0091,DO_R0091,2026-05-18 12:45:00,2026-05-18 13:00:00,2026-05-18 13:40:00,2026-05-18 12:45:00,12:45,13:00,13:40
R0092,P55,outbound,patient_to_hospital,HOME_P55,H1,H1,other,P2,medium,1.5,vsl_required,5,5,1,-1,530,576,595,595,35,1,R0093,PU_R0092,DO_R0092,2026-05-18 08:50:00,2026-05-18 09:36:00,2026-05-18 09:55:00,2026-05-18 09:55:00,08:50,09:36,09:55
R0093,P55,return,hospital_to_patient,H1,HOME_P55,H1,other,P2,medium,1.5,vsl_required,5,5,1,-1,695,720,770,695,35,1,R0092,PU_R0093,DO_R0093,2026-05-18 11:35:00,2026-05-18 12:00:00,2026-05-18 12:50:00,2026-05-18 11:35:00,11:35,12:00,12:50
R0094,P56,outbound,patient_to_hospital,HOME_P56,H1,H1,external,P3,low,1.0,standard_assis,5,5,1,-1,610,662,685,685,45,1,R0095,PU_R0094,DO_R0094,2026-05-18 10:10:00,2026-05-18 11:02:00,2026-05-18 11:25:00,2026-05-18 11:25:00,10:10,11:02,11:25
R0095,P56,return,hospital_to_patient,H1,HOME_P56,H1,external,P3,low,1.0,standard_assis,5,5,1,-1,705,740,800,705,45,1,R0094,PU_R0095,DO_R0095,2026-05-18 11:45:00,2026-05-18 12:20:00,2026-05-18 13:20:00,2026-05-18 11:45:00,11:45,12:20,13:20
R0096,P57,outbound,patient_to_hospital,HOME_P57,H2,H2,other,P2,medium,1.5,standard_assis,5,5,1,-1,505,565,570,570,35,1,R0097,PU_R0096,DO_R0096,2026-05-18 08:25:00,2026-05-18 09:25:00,2026-05-18 09:30:00,2026-05-18 09:30:00,08:25,09:25,09:30
R0097,P57,return,hospital_to_patient,H2,HOME_P57,H2,other,P2,medium,1.5,standard_assis,5,5,1,-1,610,635,685,610,35,1,R0096,PU_R0097,DO_R0097,2026-05-18 10:10:00,2026-05-18 10:35:00,2026-05-18 11:25:00,2026-05-18 10:10:00,10:10,10:35,11:25
R0098,P58,outbound,patient_to_hospital,HOME_P58,H1,H1,other,P2,medium,1.5,standard_assis,5,5,1,-1,820,868,885,885,35,1,R0099,PU_R0098,DO_R0098,2026-05-18 13:40:00,2026-05-18 14:28:00,2026-05-18 14:45:00,2026-05-18 14:45:00,13:40,14:28,14:45
R0099,P58,return,hospital_to_patient,H1,HOME_P58,H1,other,P2,medium,1.5,standard_assis,5,5,1,-1,955,980,1030,955,35,1,R0098,PU_R0099,DO_R0099,2026-05-18 15:55:00,2026-05-18 16:20:00,2026-05-18 17:10:00,2026-05-18 15:55:00,15:55,16:20,17:10
R0100,P59,outbound,patient_to_hospital,HOME_P59,H1,H1,other,P2,medium,1.5,standard_assis,5,5,1,-1,600,645,665,665,35,1,R0101,PU_R0100,DO_R0100,2026-05-18 10:00:00,2026-05-18 10:45:00,2026-05-18 11:05:00,2026-05-18 11:05:00,10:00,10:45,11:05
R0101,P59,return,hospital_to_patient,H1,HOME_P59,H1,other,P2,medium,1.5,standard_assis,5,5,1,-1,770,795,845,770,35,1,R0100,PU_R0101,DO_R0101,2026-05-18 12:50:00,2026-05-18 13:15:00,2026-05-18 14:05:00,2026-05-18 12:50:00,12:50,13:15,14:05
R0102,P60,outbound,patient_to_hospital,HOME_P60,H1,H1,other,P2,medium,1.5,premium,5,5,1,-1,935,994,1000,1000,35,1,,PU_R0102,DO_R0102,2026-05-18 15:35:00,2026-05-18 16:34:00,2026-05-18 16:40:00,2026-05-18 16:40:00,15:35,16:34,16:40
R0103,P61,outbound,patient_to_hospital,HOME_P61,H1,H1,other,P2,medium,1.5,standard_assis,5,5,1,-1,495,542,560,560,35,1,R0104,PU_R0103,DO_R0103,2026-05-18 08:15:00,2026-05-18 09:02:00,2026-05-18 09:20:00,2026-05-18 09:20:00,08:15,09:02,09:20
R0104,P61,return,hospital_to_patient,H1,HOME_P61,H1,other,P2,medium,1.5,standard_assis,5,5,1,-1,640,665,715,640,35,1,R0103,PU_R0104,DO_R0104,2026-05-18 10:40:00,2026-05-18 11:05:00,2026-05-18 11:55:00,2026-05-18 10:40:00,10:40,11:05,11:55
R0105,P62,outbound,patient_to_hospital,HOME_P62,H1,H1,dialysis,P1,high,2.0,vsl_required,5,5,1,-1,460,503,515,515,25,1,R0106,PU_R0105,DO_R0105,2026-05-18 07:40:00,2026-05-18 08:23:00,2026-05-18 08:35:00,2026-05-18 08:35:00,07:40,08:23,08:35
R0106,P62,return,hospital_to_patient,H1,HOME_P62,H1,dialysis,P1,high,2.0,vsl_required,5,5,1,-1,755,770,810,755,25,1,R0105,PU_R0106,DO_R0106,2026-05-18 12:35:00,2026-05-18 12:50:00,2026-05-18 13:30:00,2026-05-18 12:35:00,12:35,12:50,13:30
R0107,P63,outbound,patient_to_hospital,HOME_P63,H2,H2,oncology,P1,high,2.0,vsl_required,5,5,1,-1,465,512,520,520,25,1,R0108,PU_R0107,DO_R0107,2026-05-18 07:45:00,2026-05-18 08:32:00,2026-05-18 08:40:00,2026-05-18 08:40:00,07:45,08:32,08:40
R0108,P63,return,hospital_to_patient,H2,HOME_P63,H2,oncology,P1,high,2.0,vsl_required,5,5,1,-1,630,645,685,630,25,1,R0107,PU_R0108,DO_R0108,2026-05-18 10:30:00,2026-05-18 10:45:00,2026-05-18 11:25:00,2026-05-18 10:30:00,10:30,10:45,11:25
R0109,P64,outbound,patient_to_hospital,HOME_P64,H2,H2,oncology,P1,high,2.0,vsl_required,5,5,1,-1,730,780,785,785,25,1,R0110,PU_R0109,DO_R0109,2026-05-18 12:10:00,2026-05-18 13:00:00,2026-05-18 13:05:00,2026-05-18 13:05:00,12:10,13:00,13:05
R0110,P64,return,hospital_to_patient,H2,HOME_P64,H2,oncology,P1,high,2.0,vsl_required,5,5,1,-1,855,870,910,855,25,1,R0109,PU_R0110,DO_R0110,2026-05-18 14:15:00,2026-05-18 14:30:00,2026-05-18 15:10:00,2026-05-18 14:15:00,14:15,14:30,15:10
R0111,P65,outbound,patient_to_hospital,HOME_P65,H2,H2,other,P2,medium,1.5,standard_assis,5,5,1,-1,515,562,580,580,35,1,R0112,PU_R0111,DO_R0111,2026-05-18 08:35:00,2026-05-18 09:22:00,2026-05-18 09:40:00,2026-05-18 09:40:00,08:35,09:22,09:40
R0112,P65,return,hospital_to_patient,H2,HOME_P65,H2,other,P2,medium,1.5,standard_assis,5,5,1,-1,610,635,685,610,35,1,R0111,PU_R0112,DO_R0112,2026-05-18 10:10:00,2026-05-18 10:35:00,2026-05-18 11:25:00,2026-05-18 10:10:00,10:10,10:35,11:25
R0113,P66,outbound,patient_to_hospital,HOME_P66,H1,H1,dialysis,P1,high,2.0,prescription_medicale,5,5,1,-1,780,822,835,835,25,1,,PU_R0113,DO_R0113,2026-05-18 13:00:00,2026-05-18 13:42:00,2026-05-18 13:55:00,2026-05-18 13:55:00,13:00,13:42,13:55
R0114,P67,outbound,patient_to_hospital,HOME_P67,H3,H3,dialysis,P1,high,2.0,prescription_medicale,5,5,1,-1,740,790,795,795,25,1,R0115,PU_R0114,DO_R0114,2026-05-18 12:20:00,2026-05-18 13:10:00,2026-05-18 13:15:00,2026-05-18 13:15:00,12:20,13:10,13:15
R0115,P67,return,hospital_to_patient,H3,HOME_P67,H3,dialysis,P1,high,2.0,prescription_medicale,5,5,1,-1,1010,1025,1065,1010,25,1,R0114,PU_R0115,DO_R0115,2026-05-18 16:50:00,2026-05-18 17:05:00,2026-05-18 17:45:00,2026-05-18 16:50:00,16:50,17:05,17:45
R0116,P68,outbound,patient_to_hospital,HOME_P68,H3,H3,dialysis,P1,high,2.0,vsl_required,5,5,1,-1,430,473,485,485,25,1,R0117,PU_R0116,DO_R0116,2026-05-18 07:10:00,2026-05-18 07:53:00,2026-05-18 08:05:00,2026-05-18 08:05:00,07:10,07:53,08:05
R0117,P68,return,hospital_to_patient,H3,HOME_P68,H3,dialysis,P1,high,2.0,vsl_required,5,5,1,-1,710,725,765,710,25,1,R0116,PU_R0117,DO_R0117,2026-05-18 11:50:00,2026-05-18 12:05:00,2026-05-18 12:45:00,2026-05-18 11:50:00,11:50,12:05,12:45
R0118,P69,outbound,patient_to_hospital,HOME_P69,H1,H1,oncology,P1,high,2.0,vsl_required,5,5,1,-1,810,853,865,865,25,1,,PU_R0118,DO_R0118,2026-05-18 13:30:00,2026-05-18 14:13:00,2026-05-18 14:25:00,2026-05-18 14:25:00,13:30,14:13,14:25
R0119,P70,outbound,patient_to_hospital,HOME_P70,H1,H1,other,P2,medium,1.5,standard_assis,5,5,1,-1,920,966,985,985,35,1,,PU_R0119,DO_R0119,2026-05-18 15:20:00,2026-05-18 16:06:00,2026-05-18 16:25:00,2026-05-18 16:25:00,15:20,16:06,16:25
R0120,P71,outbound,patient_to_hospital,HOME_P71,H1,H1,oncology,P1,high,2.0,standard_assis,5,5,1,-1,465,507,520,520,25,1,R0121,PU_R0120,DO_R0120,2026-05-18 07:45:00,2026-05-18 08:27:00,2026-05-18 08:40:00,2026-05-18 08:40:00,07:45,08:27,08:40
R0121,P71,return,hospital_to_patient,H1,HOME_P71,H1,oncology,P1,high,2.0,standard_assis,5,5,1,-1,695,710,750,695,25,1,R0120,PU_R0121,DO_R0121,2026-05-18 11:35:00,2026-05-18 11:50:00,2026-05-18 12:30:00,2026-05-18 11:35:00,11:35,11:50,12:30
R0122,P72,outbound,patient_to_hospital,HOME_P72,H1,H1,dialysis,P1,high,2.0,vsl_required,5,5,1,-1,730,774,785,785,25,1,R0123,PU_R0122,DO_R0122,2026-05-18 12:10:00,2026-05-18 12:54:00,2026-05-18 13:05:00,2026-05-18 13:05:00,12:10,12:54,13:05
R0123,P72,return,hospital_to_patient,H1,HOME_P72,H1,dialysis,P1,high,2.0,vsl_required,5,5,1,-1,1025,1040,1080,1025,25,1,R0122,PU_R0123,DO_R0123,2026-05-18 17:05:00,2026-05-18 17:20:00,2026-05-18 18:00:00,2026-05-18 17:05:00,17:05,17:20,18:00
R0124,P73,outbound,patient_to_hospital,HOME_P73,H1,H1,other,P2,medium,1.5,vsl_required,5,5,1,-1,510,558,575,575,35,1,R0125,PU_R0124,DO_R0124,2026-05-18 08:30:00,2026-05-18 09:18:00,2026-05-18 09:35:00,2026-05-18 09:35:00,08:30,09:18,09:35
R0125,P73,return,hospital_to_patient,H1,HOME_P73,H1,other,P2,medium,1.5,vsl_required,5,5,1,-1,690,715,765,690,35,1,R0124,PU_R0125,DO_R0125,2026-05-18 11:30:00,2026-05-18 11:55:00,2026-05-18 12:45:00,2026-05-18 11:30:00,11:30,11:55,12:45
R0126,P74,outbound,patient_to_hospital,HOME_P74,H1,H1,oncology,P1,high,2.0,vsl_required,5,5,1,-1,640,688,695,695,25,1,R0127,PU_R0126,DO_R0126,2026-05-18 10:40:00,2026-05-18 11:28:00,2026-05-18 11:35:00,2026-05-18 11:35:00,10:40,11:28,11:35
R0127,P74,return,hospital_to_patient,H1,HOME_P74,H1,oncology,P1,high,2.0,vsl_required,5,5,1,-1,865,880,920,865,25,1,R0126,PU_R0127,DO_R0127,2026-05-18 14:25:00,2026-05-18 14:40:00,2026-05-18 15:20:00,2026-05-18 14:25:00,14:25,14:40,15:20
R0128,P75,outbound,patient_to_hospital,HOME_P75,H2,H2,dialysis,P1,high,2.0,prescription_medicale,5,5,1,-1,445,491,500,500,25,1,R0129,PU_R0128,DO_R0128,2026-05-18 07:25:00,2026-05-18 08:11:00,2026-05-18 08:20:00,2026-05-18 08:20:00,07:25,08:11,08:20
R0129,P75,return,hospital_to_patient,H2,HOME_P75,H2,dialysis,P1,high,2.0,prescription_medicale,5,5,1,-1,740,755,795,740,25,1,R0128,PU_R0129,DO_R0129,2026-05-18 12:20:00,2026-05-18 12:35:00,2026-05-18 13:15:00,2026-05-18 12:20:00,12:20,12:35,13:15
R0130,P76,outbound,patient_to_hospital,HOME_P76,H3,H3,dialysis,P1,high,2.0,vsl_required,5,5,1,-1,745,789,800,800,25,1,R0131,PU_R0130,DO_R0130,2026-05-18 12:25:00,2026-05-18 13:09:00,2026-05-18 13:20:00,2026-05-18 13:20:00,12:25,13:09,13:20
R0131,P76,return,hospital_to_patient,H3,HOME_P76,H3,dialysis,P1,high,2.0,vsl_required,5,5,1,-1,1015,1030,1070,1015,25,1,R0130,PU_R0131,DO_R0131,2026-05-18 16:55:00,2026-05-18 17:10:00,2026-05-18 17:50:00,2026-05-18 16:55:00,16:55,17:10,17:50
R0132,P77,outbound,patient_to_hospital,HOME_P77,H2,H2,oncology,P1,high,2.0,vsl_required,5,5,1,-1,460,510,515,515,25,1,R0133,PU_R0132,DO_R0132,2026-05-18 07:40:00,2026-05-18 08:30:00,2026-05-18 08:35:00,2026-05-18 08:35:00,07:40,08:30,08:35
R0133,P77,return,hospital_to_patient,H2,HOME_P77,H2,oncology,P1,high,2.0,vsl_required,5,5,1,-1,705,720,760,705,25,1,R0132,PU_R0133,DO_R0133,2026-05-18 11:45:00,2026-05-18 12:00:00,2026-05-18 12:40:00,2026-05-18 11:45:00,11:45,12:00,12:40
R0134,P78,outbound,patient_to_hospital,HOME_P78,H3,H3,dialysis,P1,high,2.0,vsl_required,5,5,1,-1,450,492,505,505,25,1,R0135,PU_R0134,DO_R0134,2026-05-18 07:30:00,2026-05-18 08:12:00,2026-05-18 08:25:00,2026-05-18 08:25:00,07:30,08:12,08:25
R0135,P78,return,hospital_to_patient,H3,HOME_P78,H3,dialysis,P1,high,2.0,vsl_required,5,5,1,-1,730,745,785,730,25,1,R0134,PU_R0135,DO_R0135,2026-05-18 12:10:00,2026-05-18 12:25:00,2026-05-18 13:05:00,2026-05-18 12:10:00,12:10,12:25,13:05
R0136,P79,outbound,patient_to_hospital,HOME_P79,H2,H2,dialysis,P1,high,2.0,vsl_required,5,5,1,-1,430,473,485,485,25,1,R0137,PU_R0136,DO_R0136,2026-05-18 07:10:00,2026-05-18 07:53:00,2026-05-18 08:05:00,2026-05-18 08:05:00,07:10,07:53,08:05
R0137,P79,return,hospital_to_patient,H2,HOME_P79,H2,dialysis,P1,high,2.0,vsl_required,5,5,1,-1,750,765,805,750,25,1,R0136,PU_R0137,DO_R0137,2026-05-18 12:30:00,2026-05-18 12:45:00,2026-05-18 13:25:00,2026-05-18 12:30:00,12:30,12:45,13:25
R0138,P80,outbound,patient_to_hospital,HOME_P80,H1,H1,other,P2,medium,1.5,prescription_medicale,5,5,1,-1,600,644,665,665,35,1,R0139,PU_R0138,DO_R0138,2026-05-18 10:00:00,2026-05-18 10:44:00,2026-05-18 11:05:00,2026-05-18 11:05:00,10:00,10:44,11:05
R0139,P80,return,hospital_to_patient,H1,HOME_P80,H1,other,P2,medium,1.5,prescription_medicale,5,5,1,-1,760,785,835,760,35,1,R0138,PU_R0139,DO_R0139,2026-05-18 12:40:00,2026-05-18 13:05:00,2026-05-18 13:55:00,2026-05-18 12:40:00,12:40,13:05,13:55
R0140,P81,outbound,patient_to_hospital,HOME_P81,H1,H1,oncology,P1,high,2.0,standard_assis,5,5,1,-1,635,673,690,690,25,1,R0141,PU_R0140,DO_R0140,2026-05-18 10:35:00,2026-05-18 11:13:00,2026-05-18 11:30:00,2026-05-18 11:30:00,10:35,11:13,11:30
R0141,P81,return,hospital_to_patient,H1,HOME_P81,H1,oncology,P1,high,2.0,standard_assis,5,5,1,-1,840,855,895,840,25,1,R0140,PU_R0141,DO_R0141,2026-05-18 14:00:00,2026-05-18 14:15:00,2026-05-18 14:55:00,2026-05-18 14:00:00,14:00,14:15,14:55
R0142,P82,outbound,patient_to_hospital,HOME_P82,H2,H2,other,P2,medium,1.5,prescription_medicale,5,5,1,-1,480,536,545,545,35,1,,PU_R0142,DO_R0142,2026-05-18 08:00:00,2026-05-18 08:56:00,2026-05-18 09:05:00,2026-05-18 09:05:00,08:00,08:56,09:05
R0143,P83,outbound,patient_to_hospital,HOME_P83,H1,H1,other,P2,medium,1.5,prescription_medicale,5,5,1,-1,530,578,595,595,35,1,R0144,PU_R0143,DO_R0143,2026-05-18 08:50:00,2026-05-18 09:38:00,2026-05-18 09:55:00,2026-05-18 09:55:00,08:50,09:38,09:55
R0144,P83,return,hospital_to_patient,H1,HOME_P83,H1,other,P2,medium,1.5,prescription_medicale,5,5,1,-1,705,730,780,705,35,1,R0143,PU_R0144,DO_R0144,2026-05-18 11:45:00,2026-05-18 12:10:00,2026-05-18 13:00:00,2026-05-18 11:45:00,11:45,12:10,13:00
R0145,P84,outbound,patient_to_hospital,HOME_P84,H2,H2,dialysis,P1,high,2.0,vsl_required,5,5,1,-1,425,468,480,480,25,1,R0146,PU_R0145,DO_R0145,2026-05-18 07:05:00,2026-05-18 07:48:00,2026-05-18 08:00:00,2026-05-18 08:00:00,07:05,07:48,08:00
R0146,P84,return,hospital_to_patient,H2,HOME_P84,H2,dialysis,P1,high,2.0,vsl_required,5,5,1,-1,730,745,785,730,25,1,R0145,PU_R0146,DO_R0146,2026-05-18 12:10:00,2026-05-18 12:25:00,2026-05-18 13:05:00,2026-05-18 12:10:00,12:10,12:25,13:05
R0147,P85,outbound,patient_to_hospital,HOME_P85,H2,H2,other,P2,medium,1.5,prescription_medicale,5,5,1,-1,610,661,675,675,35,1,R0148,PU_R0147,DO_R0147,2026-05-18 10:10:00,2026-05-18 11:01:00,2026-05-18 11:15:00,2026-05-18 11:15:00,10:10,11:01,11:15
R0148,P85,return,hospital_to_patient,H2,HOME_P85,H2,other,P2,medium,1.5,prescription_medicale,5,5,1,-1,705,730,780,705,35,1,R0147,PU_R0148,DO_R0148,2026-05-18 11:45:00,2026-05-18 12:10:00,2026-05-18 13:00:00,2026-05-18 11:45:00,11:45,12:10,13:00
R0149,P86,outbound,patient_to_hospital,HOME_P86,H1,H1,dialysis,P1,high,2.0,vsl_required,5,5,1,-1,775,822,830,830,25,1,,PU_R0149,DO_R0149,2026-05-18 12:55:00,2026-05-18 13:42:00,2026-05-18 13:50:00,2026-05-18 13:50:00,12:55,13:42,13:50
R0150,P87,outbound,patient_to_hospital,HOME_P87,H2,H2,dialysis,P1,high,2.0,vsl_required,5,5,1,-1,770,810,825,825,25,1,,PU_R0150,DO_R0150,2026-05-18 12:50:00,2026-05-18 13:30:00,2026-05-18 13:45:00,2026-05-18 13:45:00,12:50,13:30,13:45
R0151,P88,outbound,patient_to_hospital,HOME_P88,H2,H2,dialysis,P1,high,2.0,prescription_medicale,5,5,1,-1,730,776,785,785,25,1,R0152,PU_R0151,DO_R0151,2026-05-18 12:10:00,2026-05-18 12:56:00,2026-05-18 13:05:00,2026-05-18 13:05:00,12:10,12:56,13:05
R0152,P88,return,hospital_to_patient,H2,HOME_P88,H2,dialysis,P1,high,2.0,prescription_medicale,5,5,1,-1,1005,1020,1060,1005,25,1,R0151,PU_R0152,DO_R0152,2026-05-18 16:45:00,2026-05-18 17:00:00,2026-05-18 17:40:00,2026-05-18 16:45:00,16:45,17:00,17:40
R0153,P89,outbound,patient_to_hospital,HOME_P89,H1,H1,dialysis,P1,high,2.0,prescription_medicale,5,5,1,-1,435,483,490,490,25,1,R0154,PU_R0153,DO_R0153,2026-05-18 07:15:00,2026-05-18 08:03:00,2026-05-18 08:10:00,2026-05-18 08:10:00,07:15,08:03,08:10
R0154,P89,return,hospital_to_patient,H1,HOME_P89,H1,dialysis,P1,high,2.0,prescription_medicale,5,5,1,-1,730,745,785,730,25,1,R0153,PU_R0154,DO_R0154,2026-05-18 12:10:00,2026-05-18 12:25:00,2026-05-18 13:05:00,2026-05-18 12:10:00,12:10,12:25,13:05
R0155,P90,outbound,patient_to_hospital,HOME_P90,H1,H1,external,P3,low,1.0,prescription_medicale,5,5,1,-1,516,570,600,600,54,1,R0156,PU_R0155,DO_R0155,2026-05-18 08:36:00,2026-05-18 09:30:00,2026-05-18 10:00:00,2026-05-18 10:00:00,08:36,09:30,10:00
R0156,P90,return,hospital_to_patient,H1,HOME_P90,H1,external,P3,low,1.0,prescription_medicale,5,5,1,-1,630,665,734,630,54,1,R0155,PU_R0156,DO_R0156,2026-05-18 10:30:00,2026-05-18 11:05:00,2026-05-18 12:14:00,2026-05-18 10:30:00,10:30,11:05,12:14
R0157,P91,outbound,patient_to_hospital,HOME_P91,H1,H1,external,P3,low,1.0,prescription_medicale,5,5,1,-1,685,740,760,760,45,1,R0158,PU_R0157,DO_R0157,2026-05-18 11:25:00,2026-05-18 12:20:00,2026-05-18 12:40:00,2026-05-18 12:40:00,11:25,12:20,12:40
R0158,P91,return,hospital_to_patient,H1,HOME_P91,H1,external,P3,low,1.0,prescription_medicale,5,5,1,-1,785,820,880,785,45,1,R0157,PU_R0158,DO_R0158,2026-05-18 13:05:00,2026-05-18 13:40:00,2026-05-18 14:40:00,2026-05-18 13:05:00,13:05,13:40,14:40
R0159,P92,outbound,patient_to_hospital,HOME_P92,H3,H3,dialysis,P1,high,2.0,vsl_required,5,5,1,-1,725,775,780,780,25,1,R0160,PU_R0159,DO_R0159,2026-05-18 12:05:00,2026-05-18 12:55:00,2026-05-18 13:00:00,2026-05-18 13:00:00,12:05,12:55,13:00
R0160,P92,return,hospital_to_patient,H3,HOME_P92,H3,dialysis,P1,high,2.0,vsl_required,5,5,1,-1,1015,1030,1070,1015,25,1,R0159,PU_R0160,DO_R0160,2026-05-18 16:55:00,2026-05-18 17:10:00,2026-05-18 17:50:00,2026-05-18 16:55:00,16:55,17:10,17:50
R0161,P93,outbound,patient_to_hospital,HOME_P93,H1,H1,other,P2,medium,1.5,vsl_required,5,5,1,-1,520,570,585,585,35,1,R0162,PU_R0161,DO_R0161,2026-05-18 08:40:00,2026-05-18 09:30:00,2026-05-18 09:45:00,2026-05-18 09:45:00,08:40,09:30,09:45
R0162,P93,return,hospital_to_patient,H1,HOME_P93,H1,other,P2,medium,1.5,vsl_required,5,5,1,-1,695,720,770,695,35,1,R0161,PU_R0162,DO_R0162,2026-05-18 11:35:00,2026-05-18 12:00:00,2026-05-18 12:50:00,2026-05-18 11:35:00,11:35,12:00,12:50
R0163,P94,outbound,patient_to_hospital,HOME_P94,H1,H1,oncology,P1,high,2.0,prescription_medicale,5,5,1,-1,445,488,500,500,25,1,R0164,PU_R0163,DO_R0163,2026-05-18 07:25:00,2026-05-18 08:08:00,2026-05-18 08:20:00,2026-05-18 08:20:00,07:25,08:08,08:20
R0164,P94,return,hospital_to_patient,H1,HOME_P94,H1,oncology,P1,high,2.0,prescription_medicale,5,5,1,-1,660,675,715,660,25,1,R0163,PU_R0164,DO_R0164,2026-05-18 11:00:00,2026-05-18 11:15:00,2026-05-18 11:55:00,2026-05-18 11:00:00,11:00,11:15,11:55
R0165,P95,outbound,patient_to_hospital,HOME_P95,H1,H1,dialysis,P1,high,2.0,prescription_medicale,5,5,1,-1,725,774,780,780,25,1,R0166,PU_R0165,DO_R0165,2026-05-18 12:05:00,2026-05-18 12:54:00,2026-05-18 13:00:00,2026-05-18 13:00:00,12:05,12:54,13:00
R0166,P95,return,hospital_to_patient,H1,HOME_P95,H1,dialysis,P1,high,2.0,prescription_medicale,5,5,1,-1,1020,1035,1075,1020,25,1,R0165,PU_R0166,DO_R0166,2026-05-18 17:00:00,2026-05-18 17:15:00,2026-05-18 17:55:00,2026-05-18 17:00:00,17:00,17:15,17:55
R0167,P96,outbound,patient_to_hospital,HOME_P96,H3,H3,dialysis,P1,high,2.0,vsl_required,5,5,1,-1,735,776,790,790,25,1,,PU_R0167,DO_R0167,2026-05-18 12:15:00,2026-05-18 12:56:00,2026-05-18 13:10:00,2026-05-18 13:10:00,12:15,12:56,13:10
R0168,P97,outbound,patient_to_hospital,HOME_P97,H1,H1,dialysis,P1,high,2.0,vsl_required,5,5,1,-1,770,817,825,825,25,1,,PU_R0168,DO_R0168,2026-05-18 12:50:00,2026-05-18 13:37:00,2026-05-18 13:45:00,2026-05-18 13:45:00,12:50,13:37,13:45
R0169,P98,outbound,patient_to_hospital,HOME_P98,H1,H1,dialysis,P1,high,2.0,prescription_medicale,5,5,1,-1,460,503,515,515,25,1,R0170,PU_R0169,DO_R0169,2026-05-18 07:40:00,2026-05-18 08:23:00,2026-05-18 08:35:00,2026-05-18 08:35:00,07:40,08:23,08:35
R0170,P98,return,hospital_to_patient,H1,HOME_P98,H1,dialysis,P1,high,2.0,prescription_medicale,5,5,1,-1,755,770,810,755,25,1,R0169,PU_R0170,DO_R0170,2026-05-18 12:35:00,2026-05-18 12:50:00,2026-05-18 13:30:00,2026-05-18 12:35:00,12:35,12:50,13:30
R0171,P99,outbound,patient_to_hospital,HOME_P99,H3,H3,dialysis,P1,high,2.0,prescription_medicale,5,5,1,-1,740,790,795,795,25,1,,PU_R0171,DO_R0171,2026-05-18 12:20:00,2026-05-18 13:10:00,2026-05-18 13:15:00,2026-05-18 13:15:00,12:20,13:10,13:15
R0172,P100,outbound,patient_to_hospital,HOME_P100,H2,H2,oncology,P1,high,2.0,vsl_required,5,5,1,-1,455,498,510,510,25,1,R0173,PU_R0172,DO_R0172,2026-05-18 07:35:00,2026-05-18 08:18:00,2026-05-18 08:30:00,2026-05-18 08:30:00,07:35,08:18,08:30
R0173,P100,return,hospital_to_patient,H2,HOME_P100,H2,oncology,P1,high,2.0,vsl_required,5,5,1,-1,705,720,760,705,25,1,R0172,PU_R0173,DO_R0173,2026-05-18 11:45:00,2026-05-18 12:00:00,2026-05-18 12:40:00,2026-05-18 11:45:00,11:45,12:00,12:40
R0174,P101,outbound,patient_to_hospital,HOME_P101,H1,H1,oncology,P1,high,2.0,prescription_medicale,5,5,1,-1,445,485,500,500,25,1,R0175,PU_R0174,DO_R0174,2026-05-18 07:25:00,2026-05-18 08:05:00,2026-05-18 08:20:00,2026-05-18 08:20:00,07:25,08:05,08:20
R0175,P101,return,hospital_to_patient,H1,HOME_P101,H1,oncology,P1,high,2.0,prescription_medicale,5,5,1,-1,665,680,720,665,25,1,R0174,PU_R0175,DO_R0175,2026-05-18 11:05:00,2026-05-18 11:20:00,2026-05-18 12:00:00,2026-05-18 11:05:00,11:05,11:20,12:00
R0176,P102,outbound,patient_to_hospital,HOME_P102,H1,H1,other,P2,medium,1.5,prescription_medicale,5,5,1,-1,820,877,885,885,35,1,R0177,PU_R0176,DO_R0176,2026-05-18 13:40:00,2026-05-18 14:37:00,2026-05-18 14:45:00,2026-05-18 14:45:00,13:40,14:37,14:45
R0177,P102,return,hospital_to_patient,H1,HOME_P102,H1,other,P2,medium,1.5,prescription_medicale,5,5,1,-1,950,975,1025,950,35,1,R0176,PU_R0177,DO_R0177,2026-05-18 15:50:00,2026-05-18 16:15:00,2026-05-18 17:05:00,2026-05-18 15:50:00,15:50,16:15,17:05
R0178,P103,outbound,patient_to_hospital,HOME_P103,H1,H1,oncology,P1,high,2.0,vsl_required,5,5,1,-1,435,473,490,490,25,1,R0179,PU_R0178,DO_R0178,2026-05-18 07:15:00,2026-05-18 07:53:00,2026-05-18 08:10:00,2026-05-18 08:10:00,07:15,07:53,08:10
R0179,P103,return,hospital_to_patient,H1,HOME_P103,H1,oncology,P1,high,2.0,vsl_required,5,5,1,-1,640,655,695,640,25,1,R0178,PU_R0179,DO_R0179,2026-05-18 10:40:00,2026-05-18 10:55:00,2026-05-18 11:35:00,2026-05-18 10:40:00,10:40,10:55,11:35
R0180,P104,outbound,patient_to_hospital,HOME_P104,H1,H1,other,P2,medium,1.5,prescription_medicale,5,5,1,-1,945,992,1010,1010,35,1,,PU_R0180,DO_R0180,2026-05-18 15:45:00,2026-05-18 16:32:00,2026-05-18 16:50:00,2026-05-18 16:50:00,15:45,16:32,16:50
R0181,P105,outbound,patient_to_hospital,HOME_P105,H2,H2,oncology,P1,high,2.0,prescription_medicale,5,5,1,-1,755,793,810,810,25,1,,PU_R0181,DO_R0181,2026-05-18 12:35:00,2026-05-18 13:13:00,2026-05-18 13:30:00,2026-05-18 13:30:00,12:35,13:13,13:30
R0182,P106,outbound,patient_to_hospital,HOME_P106,H3,H3,dialysis,P1,high,2.0,vsl_required,5,5,1,-1,750,797,805,805,25,1,,PU_R0182,DO_R0182,2026-05-18 12:30:00,2026-05-18 13:17:00,2026-05-18 13:25:00,2026-05-18 13:25:00,12:30,13:17,13:25
R0183,P107,outbound,patient_to_hospital,HOME_P107,H2,H2,dialysis,P1,high,2.0,prescription_medicale,5,5,1,-1,430,471,485,485,25,1,R0184,PU_R0183,DO_R0183,2026-05-18 07:10:00,2026-05-18 07:51:00,2026-05-18 08:05:00,2026-05-18 08:05:00,07:10,07:51,08:05
R0184,P107,return,hospital_to_patient,H2,HOME_P107,H2,dialysis,P1,high,2.0,prescription_medicale,5,5,1,-1,730,745,785,730,25,1,R0183,PU_R0184,DO_R0184,2026-05-18 12:10:00,2026-05-18 12:25:00,2026-05-18 13:05:00,2026-05-18 12:10:00,12:10,12:25,13:05
R0185,P108,outbound,patient_to_hospital,HOME_P108,H1,H1,other,P2,medium,1.5,prescription_medicale,5,5,1,-1,580,631,645,645,35,1,R0186,PU_R0185,DO_R0185,2026-05-18 09:40:00,2026-05-18 10:31:00,2026-05-18 10:45:00,2026-05-18 10:45:00,09:40,10:31,10:45
R0186,P108,return,hospital_to_patient,H1,HOME_P108,H1,other,P2,medium,1.5,prescription_medicale,5,5,1,-1,735,760,810,735,35,1,R0185,PU_R0186,DO_R0186,2026-05-18 12:15:00,2026-05-18 12:40:00,2026-05-18 13:30:00,2026-05-18 12:15:00,12:15,12:40,13:30
R0187,P109,outbound,patient_to_hospital,HOME_P109,H1,H1,dialysis,P1,high,2.0,vsl_required,5,5,1,-1,780,823,835,835,25,1,,PU_R0187,DO_R0187,2026-05-18 13:00:00,2026-05-18 13:43:00,2026-05-18 13:55:00,2026-05-18 13:55:00,13:00,13:43,13:55
R0188,P110,outbound,patient_to_hospital,HOME_P110,H2,H2,other,P2,medium,1.5,premium,5,5,1,-1,530,590,595,595,35,1,R0189,PU_R0188,DO_R0188,2026-05-18 08:50:00,2026-05-18 09:50:00,2026-05-18 09:55:00,2026-05-18 09:55:00,08:50,09:50,09:55
R0189,P110,return,hospital_to_patient,H2,HOME_P110,H2,other,P2,medium,1.5,premium,5,5,1,-1,620,645,695,620,35,1,R0188,PU_R0189,DO_R0189,2026-05-18 10:20:00,2026-05-18 10:45:00,2026-05-18 11:35:00,2026-05-18 10:20:00,10:20,10:45,11:35
R0190,P111,outbound,patient_to_hospital,HOME_P111,H2,H2,other,P2,medium,1.5,standard_assis,5,5,1,-1,495,551,560,560,35,1,,PU_R0190,DO_R0190,2026-05-18 08:15:00,2026-05-18 09:11:00,2026-05-18 09:20:00,2026-05-18 09:20:00,08:15,09:11,09:20
R0191,P112,outbound,patient_to_hospital,HOME_P112,H2,H2,dialysis,P1,high,2.0,vsl_required,5,5,1,-1,975,1020,1030,1030,25,1,,PU_R0191,DO_R0191,2026-05-18 16:15:00,2026-05-18 17:00:00,2026-05-18 17:10:00,2026-05-18 17:10:00,16:15,17:00,17:10
R0192,P113,outbound,patient_to_hospital,HOME_P113,H2,H2,other,P2,medium,1.5,standard_assis,5,5,1,-1,575,629,640,640,35,1,R0193,PU_R0192,DO_R0192,2026-05-18 09:35:00,2026-05-18 10:29:00,2026-05-18 10:40:00,2026-05-18 10:40:00,09:35,10:29,10:40
R0193,P113,return,hospital_to_patient,H2,HOME_P113,H2,other,P2,medium,1.5,standard_assis,5,5,1,-1,665,690,740,665,35,1,R0192,PU_R0193,DO_R0193,2026-05-18 11:05:00,2026-05-18 11:30:00,2026-05-18 12:20:00,2026-05-18 11:05:00,11:05,11:30,12:20
R0194,P114,outbound,patient_to_hospital,HOME_P114,H2,H2,dialysis,P1,high,2.0,prescription_medicale,5,5,1,-1,430,480,485,485,25,1,R0195,PU_R0194,DO_R0194,2026-05-18 07:10:00,2026-05-18 08:00:00,2026-05-18 08:05:00,2026-05-18 08:05:00,07:10,08:00,08:05
R0195,P114,return,hospital_to_patient,H2,HOME_P114,H2,dialysis,P1,high,2.0,prescription_medicale,5,5,1,-1,700,715,755,700,25,1,R0194,PU_R0195,DO_R0195,2026-05-18 11:40:00,2026-05-18 11:55:00,2026-05-18 12:35:00,2026-05-18 11:40:00,11:40,11:55,12:35
R0196,P115,outbound,patient_to_hospital,HOME_P115,H1,H1,oncology,P1,high,2.0,vsl_required,5,5,1,-1,435,472,490,490,25,1,R0197,PU_R0196,DO_R0196,2026-05-18 07:15:00,2026-05-18 07:52:00,2026-05-18 08:10:00,2026-05-18 08:10:00,07:15,07:52,08:10
R0197,P115,return,hospital_to_patient,H1,HOME_P115,H1,oncology,P1,high,2.0,vsl_required,5,5,1,-1,645,660,700,645,25,1,R0196,PU_R0197,DO_R0197,2026-05-18 10:45:00,2026-05-18 11:00:00,2026-05-18 11:40:00,2026-05-18 10:45:00,10:45,11:00,11:40
R0198,P116,outbound,patient_to_hospital,HOME_P116,H1,H1,oncology,P1,high,2.0,vsl_required,5,5,1,-1,470,514,525,525,25,1,R0199,PU_R0198,DO_R0198,2026-05-18 07:50:00,2026-05-18 08:34:00,2026-05-18 08:45:00,2026-05-18 08:45:00,07:50,08:34,08:45
R0199,P116,return,hospital_to_patient,H1,HOME_P116,H1,oncology,P1,high,2.0,vsl_required,5,5,1,-1,690,705,745,690,25,1,R0198,PU_R0199,DO_R0199,2026-05-18 11:30:00,2026-05-18 11:45:00,2026-05-18 12:25:00,2026-05-18 11:30:00,11:30,11:45,12:25
R0200,P117,outbound,patient_to_hospital,HOME_P117,H2,H2,oncology,P1,high,2.0,prescription_medicale,5,5,1,-1,435,482,490,490,25,1,R0201,PU_R0200,DO_R0200,2026-05-18 07:15:00,2026-05-18 08:02:00,2026-05-18 08:10:00,2026-05-18 08:10:00,07:15,08:02,08:10
R0201,P117,return,hospital_to_patient,H2,HOME_P117,H2,oncology,P1,high,2.0,prescription_medicale,5,5,1,-1,640,655,695,640,25,1,R0200,PU_R0201,DO_R0201,2026-05-18 10:40:00,2026-05-18 10:55:00,2026-05-18 11:35:00,2026-05-18 10:40:00,10:40,10:55,11:35
R0202,P118,outbound,patient_to_hospital,HOME_P118,H2,H2,other,P2,medium,1.5,prescription_medicale,5,5,1,-1,525,577,590,590,35,1,R0203,PU_R0202,DO_R0202,2026-05-18 08:45:00,2026-05-18 09:37:00,2026-05-18 09:50:00,2026-05-18 09:50:00,08:45,09:37,09:50
R0203,P118,return,hospital_to_patient,H2,HOME_P118,H2,other,P2,medium,1.5,prescription_medicale,5,5,1,-1,620,645,695,620,35,1,R0202,PU_R0203,DO_R0203,2026-05-18 10:20:00,2026-05-18 10:45:00,2026-05-18 11:35:00,2026-05-18 10:20:00,10:20,10:45,11:35
R0204,P119,outbound,patient_to_hospital,HOME_P119,H1,H1,oncology,P1,high,2.0,vsl_required,5,5,1,-1,435,482,490,490,25,1,R0205,PU_R0204,DO_R0204,2026-05-18 07:15:00,2026-05-18 08:02:00,2026-05-18 08:10:00,2026-05-18 08:10:00,07:15,08:02,08:10
R0205,P119,return,hospital_to_patient,H1,HOME_P119,H1,oncology,P1,high,2.0,vsl_required,5,5,1,-1,655,670,710,655,25,1,R0204,PU_R0205,DO_R0205,2026-05-18 10:55:00,2026-05-18 11:10:00,2026-05-18 11:50:00,2026-05-18 10:55:00,10:55,11:10,11:50
R0206,P120,outbound,patient_to_hospital,HOME_P120,H1,H1,external,P3,low,1.0,prescription_medicale,5,5,1,-1,759,809,835,835,46,1,R0207,PU_R0206,DO_R0206,2026-05-18 12:39:00,2026-05-18 13:29:00,2026-05-18 13:55:00,2026-05-18 13:55:00,12:39,13:29,13:55
R0207,P120,return,hospital_to_patient,H1,HOME_P120,H1,external,P3,low,1.0,prescription_medicale,5,5,1,-1,860,895,956,860,46,1,R0206,PU_R0207,DO_R0207,2026-05-18 14:20:00,2026-05-18 14:55:00,2026-05-18 15:56:00,2026-05-18 14:20:00,14:20,14:55,15:56
R0208,P121,outbound,patient_to_hospital,HOME_P121,H2,H2,dialysis,P1,high,2.0,vsl_required,5,5,1,-1,765,813,820,820,25,1,,PU_R0208,DO_R0208,2026-05-18 12:45:00,2026-05-18 13:33:00,2026-05-18 13:40:00,2026-05-18 13:40:00,12:45,13:33,13:40
R0209,P122,outbound,patient_to_hospital,HOME_P122,H3,H3,dialysis,P1,high,2.0,vsl_required,5,5,1,-1,470,514,525,525,25,1,R0210,PU_R0209,DO_R0209,2026-05-18 07:50:00,2026-05-18 08:34:00,2026-05-18 08:45:00,2026-05-18 08:45:00,07:50,08:34,08:45
R0210,P122,return,hospital_to_patient,H3,HOME_P122,H3,dialysis,P1,high,2.0,vsl_required,5,5,1,-1,790,805,845,790,25,1,R0209,PU_R0210,DO_R0210,2026-05-18 13:10:00,2026-05-18 13:25:00,2026-05-18 14:05:00,2026-05-18 13:10:00,13:10,13:25,14:05
R0211,P123,outbound,patient_to_hospital,HOME_P123,H3,H3,dialysis,P1,high,2.0,vsl_required,5,5,1,-1,455,497,510,510,25,1,R0212,PU_R0211,DO_R0211,2026-05-18 07:35:00,2026-05-18 08:17:00,2026-05-18 08:30:00,2026-05-18 08:30:00,07:35,08:17,08:30
R0212,P123,return,hospital_to_patient,H3,HOME_P123,H3,dialysis,P1,high,2.0,vsl_required,5,5,1,-1,750,765,805,750,25,1,R0211,PU_R0212,DO_R0212,2026-05-18 12:30:00,2026-05-18 12:45:00,2026-05-18 13:25:00,2026-05-18 12:30:00,12:30,12:45,13:25
R0213,P124,outbound,patient_to_hospital,HOME_P124,H1,H1,other,P2,medium,1.5,prescription_medicale,5,5,1,-1,575,620,640,640,35,1,R0214,PU_R0213,DO_R0213,2026-05-18 09:35:00,2026-05-18 10:20:00,2026-05-18 10:40:00,2026-05-18 10:40:00,09:35,10:20,10:40
R0214,P124,return,hospital_to_patient,H1,HOME_P124,H1,other,P2,medium,1.5,prescription_medicale,5,5,1,-1,715,740,790,715,35,1,R0213,PU_R0214,DO_R0214,2026-05-18 11:55:00,2026-05-18 12:20:00,2026-05-18 13:10:00,2026-05-18 11:55:00,11:55,12:20,13:10
R0215,P125,outbound,patient_to_hospital,HOME_P125,H1,H1,other,P2,medium,1.5,standard_assis,5,5,1,-1,590,637,655,655,35,1,R0216,PU_R0215,DO_R0215,2026-05-18 09:50:00,2026-05-18 10:37:00,2026-05-18 10:55:00,2026-05-18 10:55:00,09:50,10:37,10:55
R0216,P125,return,hospital_to_patient,H1,HOME_P125,H1,other,P2,medium,1.5,standard_assis,5,5,1,-1,755,780,830,755,35,1,R0215,PU_R0216,DO_R0216,2026-05-18 12:35:00,2026-05-18 13:00:00,2026-05-18 13:50:00,2026-05-18 12:35:00,12:35,13:00,13:50
R0217,P126,outbound,patient_to_hospital,HOME_P126,H2,H2,other,P2,medium,1.5,standard_assis,5,5,1,-1,445,499,510,510,35,1,R0218,PU_R0217,DO_R0217,2026-05-18 07:25:00,2026-05-18 08:19:00,2026-05-18 08:30:00,2026-05-18 08:30:00,07:25,08:19,08:30
R0218,P126,return,hospital_to_patient,H2,HOME_P126,H2,other,P2,medium,1.5,standard_assis,5,5,1,-1,540,565,615,540,35,1,R0217,PU_R0218,DO_R0218,2026-05-18 09:00:00,2026-05-18 09:25:00,2026-05-18 10:15:00,2026-05-18 09:00:00,09:00,09:25,10:15
R0219,P127,outbound,patient_to_hospital,HOME_P127,H1,H1,oncology,P1,high,2.0,vsl_required,5,5,1,-1,655,692,710,710,25,1,R0220,PU_R0219,DO_R0219,2026-05-18 10:55:00,2026-05-18 11:32:00,2026-05-18 11:50:00,2026-05-18 11:50:00,10:55,11:32,11:50
R0220,P127,return,hospital_to_patient,H1,HOME_P127,H1,oncology,P1,high,2.0,vsl_required,5,5,1,-1,870,885,925,870,25,1,R0219,PU_R0220,DO_R0220,2026-05-18 14:30:00,2026-05-18 14:45:00,2026-05-18 15:25:00,2026-05-18 14:30:00,14:30,14:45,15:25
R0221,P128,outbound,patient_to_hospital,HOME_P128,H1,H1,dialysis,P1,high,2.0,prescription_medicale,5,5,1,-1,985,1025,1040,1040,25,1,,PU_R0221,DO_R0221,2026-05-18 16:25:00,2026-05-18 17:05:00,2026-05-18 17:20:00,2026-05-18 17:20:00,16:25,17:05,17:20
R0222,P129,outbound,patient_to_hospital,HOME_P129,H1,H1,dialysis,P1,high,2.0,vsl_required,5,5,1,-1,770,815,825,825,25,1,,PU_R0222,DO_R0222,2026-05-18 12:50:00,2026-05-18 13:35:00,2026-05-18 13:45:00,2026-05-18 13:45:00,12:50,13:35,13:45
R0223,P130,outbound,patient_to_hospital,HOME_P130,H1,H1,other,P2,medium,1.5,standard_assis,5,5,1,-1,595,652,660,660,35,1,R0224,PU_R0223,DO_R0223,2026-05-18 09:55:00,2026-05-18 10:52:00,2026-05-18 11:00:00,2026-05-18 11:00:00,09:55,10:52,11:00
R0224,P130,return,hospital_to_patient,H1,HOME_P130,H1,other,P2,medium,1.5,standard_assis,5,5,1,-1,760,785,835,760,35,1,R0223,PU_R0224,DO_R0224,2026-05-18 12:40:00,2026-05-18 13:05:00,2026-05-18 13:55:00,2026-05-18 12:40:00,12:40,13:05,13:55
R0225,P131,outbound,patient_to_hospital,HOME_P131,H2,H2,dialysis,P1,high,2.0,vsl_required,5,5,1,-1,430,471,485,485,25,1,R0226,PU_R0225,DO_R0225,2026-05-18 07:10:00,2026-05-18 07:51:00,2026-05-18 08:05:00,2026-05-18 08:05:00,07:10,07:51,08:05
R0226,P131,return,hospital_to_patient,H2,HOME_P131,H2,dialysis,P1,high,2.0,vsl_required,5,5,1,-1,710,725,765,710,25,1,R0225,PU_R0226,DO_R0226,2026-05-18 11:50:00,2026-05-18 12:05:00,2026-05-18 12:45:00,2026-05-18 11:50:00,11:50,12:05,12:45
R0227,P132,outbound,patient_to_hospital,HOME_P132,H2,H2,dialysis,P1,high,2.0,vsl_required,5,5,1,-1,440,483,495,495,25,1,R0228,PU_R0227,DO_R0227,2026-05-18 07:20:00,2026-05-18 08:03:00,2026-05-18 08:15:00,2026-05-18 08:15:00,07:20,08:03,08:15
R0228,P132,return,hospital_to_patient,H2,HOME_P132,H2,dialysis,P1,high,2.0,vsl_required,5,5,1,-1,755,770,810,755,25,1,R0227,PU_R0228,DO_R0228,2026-05-18 12:35:00,2026-05-18 12:50:00,2026-05-18 13:30:00,2026-05-18 12:35:00,12:35,12:50,13:30
R0229,P133,outbound,patient_to_hospital,HOME_P133,H2,H2,other,P2,medium,1.5,standard_assis,5,5,1,-1,1005,1055,1070,1070,35,1,,PU_R0229,DO_R0229,2026-05-18 16:45:00,2026-05-18 17:35:00,2026-05-18 17:50:00,2026-05-18 17:50:00,16:45,17:35,17:50
R0230,P134,outbound,patient_to_hospital,HOME_P134,H2,H2,dialysis,P1,high,2.0,prescription_medicale,5,5,1,-1,750,800,805,805,25,1,,PU_R0230,DO_R0230,2026-05-18 12:30:00,2026-05-18 13:20:00,2026-05-18 13:25:00,2026-05-18 13:25:00,12:30,13:20,13:25
R0231,P135,outbound,patient_to_hospital,HOME_P135,H2,H2,other,P2,medium,1.5,prescription_medicale,5,5,1,-1,985,1042,1050,1050,35,1,,PU_R0231,DO_R0231,2026-05-18 16:25:00,2026-05-18 17:22:00,2026-05-18 17:30:00,2026-05-18 17:30:00,16:25,17:22,17:30
R0232,P136,outbound,patient_to_hospital,HOME_P136,H2,H2,dialysis,P1,high,2.0,vsl_required,5,5,1,-1,480,524,535,535,25,1,R0233,PU_R0232,DO_R0232,2026-05-18 08:00:00,2026-05-18 08:44:00,2026-05-18 08:55:00,2026-05-18 08:55:00,08:00,08:44,08:55
R0233,P136,return,hospital_to_patient,H2,HOME_P136,H2,dialysis,P1,high,2.0,vsl_required,5,5,1,-1,795,810,850,795,25,1,R0232,PU_R0233,DO_R0233,2026-05-18 13:15:00,2026-05-18 13:30:00,2026-05-18 14:10:00,2026-05-18 13:15:00,13:15,13:30,14:10
R0234,P137,outbound,patient_to_hospital,HOME_P137,H1,H1,dialysis,P1,high,2.0,vsl_required,5,5,1,-1,770,815,825,825,25,1,,PU_R0234,DO_R0234,2026-05-18 12:50:00,2026-05-18 13:35:00,2026-05-18 13:45:00,2026-05-18 13:45:00,12:50,13:35,13:45
R0235,P138,outbound,patient_to_hospital,HOME_P138,H3,H3,dialysis,P1,high,2.0,prescription_medicale,5,5,1,-1,465,509,520,520,25,1,R0236,PU_R0235,DO_R0235,2026-05-18 07:45:00,2026-05-18 08:29:00,2026-05-18 08:40:00,2026-05-18 08:40:00,07:45,08:29,08:40
R0236,P138,return,hospital_to_patient,H3,HOME_P138,H3,dialysis,P1,high,2.0,prescription_medicale,5,5,1,-1,780,795,835,780,25,1,R0235,PU_R0236,DO_R0236,2026-05-18 13:00:00,2026-05-18 13:15:00,2026-05-18 13:55:00,2026-05-18 13:00:00,13:00,13:15,13:55
R0237,P139,outbound,patient_to_hospital,HOME_P139,H1,H1,other,P2,medium,1.5,standard_assis,5,5,1,-1,625,674,690,690,35,1,R0238,PU_R0237,DO_R0237,2026-05-18 10:25:00,2026-05-18 11:14:00,2026-05-18 11:30:00,2026-05-18 11:30:00,10:25,11:14,11:30
R0238,P139,return,hospital_to_patient,H1,HOME_P139,H1,other,P2,medium,1.5,standard_assis,5,5,1,-1,780,805,855,780,35,1,R0237,PU_R0238,DO_R0238,2026-05-18 13:00:00,2026-05-18 13:25:00,2026-05-18 14:15:00,2026-05-18 13:00:00,13:00,13:25,14:15
R0239,P140,outbound,patient_to_hospital,HOME_P140,H1,H1,other,P2,medium,1.5,standard_assis,5,5,1,-1,515,560,580,580,35,1,R0240,PU_R0239,DO_R0239,2026-05-18 08:35:00,2026-05-18 09:20:00,2026-05-18 09:40:00,2026-05-18 09:40:00,08:35,09:20,09:40
R0240,P140,return,hospital_to_patient,H1,HOME_P140,H1,other,P2,medium,1.5,standard_assis,5,5,1,-1,700,725,775,700,35,1,R0239,PU_R0240,DO_R0240,2026-05-18 11:40:00,2026-05-18 12:05:00,2026-05-18 12:55:00,2026-05-18 11:40:00,11:40,12:05,12:55
R0241,P141,outbound,patient_to_hospital,HOME_P141,H2,H2,other,P2,medium,1.5,standard_assis,5,5,1,-1,450,494,515,515,35,1,R0242,PU_R0241,DO_R0241,2026-05-18 07:30:00,2026-05-18 08:14:00,2026-05-18 08:35:00,2026-05-18 08:35:00,07:30,08:14,08:35
R0242,P141,return,hospital_to_patient,H2,HOME_P141,H2,other,P2,medium,1.5,standard_assis,5,5,1,-1,540,565,615,540,35,1,R0241,PU_R0242,DO_R0242,2026-05-18 09:00:00,2026-05-18 09:25:00,2026-05-18 10:15:00,2026-05-18 09:00:00,09:00,09:25,10:15
R0243,P142,outbound,patient_to_hospital,HOME_P142,H1,H1,oncology,P1,high,2.0,vsl_required,5,5,1,-1,785,824,840,840,25,1,R0244,PU_R0243,DO_R0243,2026-05-18 13:05:00,2026-05-18 13:44:00,2026-05-18 14:00:00,2026-05-18 14:00:00,13:05,13:44,14:00
R0244,P142,return,hospital_to_patient,H1,HOME_P142,H1,oncology,P1,high,2.0,vsl_required,5,5,1,-1,1015,1030,1070,1015,25,1,R0243,PU_R0244,DO_R0244,2026-05-18 16:55:00,2026-05-18 17:10:00,2026-05-18 17:50:00,2026-05-18 16:55:00,16:55,17:10,17:50
R0245,P143,outbound,patient_to_hospital,HOME_P143,H2,H2,other,P2,medium,1.5,prescription_medicale,5,5,1,-1,515,573,580,580,35,1,R0246,PU_R0245,DO_R0245,2026-05-18 08:35:00,2026-05-18 09:33:00,2026-05-18 09:40:00,2026-05-18 09:40:00,08:35,09:33,09:40
R0246,P143,return,hospital_to_patient,H2,HOME_P143,H2,other,P2,medium,1.5,prescription_medicale,5,5,1,-1,610,635,685,610,35,1,R0245,PU_R0246,DO_R0246,2026-05-18 10:10:00,2026-05-18 10:35:00,2026-05-18 11:25:00,2026-05-18 10:10:00,10:10,10:35,11:25
R0247,P144,outbound,patient_to_hospital,HOME_P144,H3,H3,dialysis,P1,high,2.0,vsl_required,5,5,1,-1,780,830,835,835,25,1,,PU_R0247,DO_R0247,2026-05-18 13:00:00,2026-05-18 13:50:00,2026-05-18 13:55:00,2026-05-18 13:55:00,13:00,13:50,13:55
R0248,P145,outbound,patient_to_hospital,HOME_P145,H1,H1,oncology,P1,high,2.0,vsl_required,5,5,1,-1,455,497,510,510,25,1,R0249,PU_R0248,DO_R0248,2026-05-18 07:35:00,2026-05-18 08:17:00,2026-05-18 08:30:00,2026-05-18 08:30:00,07:35,08:17,08:30
R0249,P145,return,hospital_to_patient,H1,HOME_P145,H1,oncology,P1,high,2.0,vsl_required,5,5,1,-1,675,690,730,675,25,1,R0248,PU_R0249,DO_R0249,2026-05-18 11:15:00,2026-05-18 11:30:00,2026-05-18 12:10:00,2026-05-18 11:15:00,11:15,11:30,12:10
R0250,P146,outbound,patient_to_hospital,HOME_P146,H3,H3,dialysis,P1,high,2.0,vsl_required,5,5,1,-1,425,475,480,480,25,1,R0251,PU_R0250,DO_R0250,2026-05-18 07:05:00,2026-05-18 07:55:00,2026-05-18 08:00:00,2026-05-18 08:00:00,07:05,07:55,08:00
R0251,P146,return,hospital_to_patient,H3,HOME_P146,H3,dialysis,P1,high,2.0,vsl_required,5,5,1,-1,730,745,785,730,25,1,R0250,PU_R0251,DO_R0251,2026-05-18 12:10:00,2026-05-18 12:25:00,2026-05-18 13:05:00,2026-05-18 12:10:00,12:10,12:25,13:05
R0252,P147,outbound,patient_to_hospital,HOME_P147,H1,H1,dialysis,P1,high,2.0,vsl_required,5,5,1,-1,775,820,830,830,25,1,,PU_R0252,DO_R0252,2026-05-18 12:55:00,2026-05-18 13:40:00,2026-05-18 13:50:00,2026-05-18 13:50:00,12:55,13:40,13:50
R0253,P148,outbound,patient_to_hospital,HOME_P148,H1,H1,dialysis,P1,high,2.0,vsl_required,5,5,1,-1,755,797,810,810,25,1,,PU_R0253,DO_R0253,2026-05-18 12:35:00,2026-05-18 13:17:00,2026-05-18 13:30:00,2026-05-18 13:30:00,12:35,13:17,13:30
R0254,P149,outbound,patient_to_hospital,HOME_P149,H2,H2,dialysis,P1,high,2.0,vsl_required,5,5,1,-1,725,770,780,780,25,1,R0255,PU_R0254,DO_R0254,2026-05-18 12:05:00,2026-05-18 12:50:00,2026-05-18 13:00:00,2026-05-18 13:00:00,12:05,12:50,13:00
R0255,P149,return,hospital_to_patient,H2,HOME_P149,H2,dialysis,P1,high,2.0,vsl_required,5,5,1,-1,1005,1020,1060,1005,25,1,R0254,PU_R0255,DO_R0255,2026-05-18 16:45:00,2026-05-18 17:00:00,2026-05-18 17:40:00,2026-05-18 16:45:00,16:45,17:00,17:40
R0256,P150,outbound,patient_to_hospital,HOME_P150,H1,H1,other,P2,medium,1.5,standard_assis,5,5,1,-1,505,552,570,570,35,1,R0257,PU_R0256,DO_R0256,2026-05-18 08:25:00,2026-05-18 09:12:00,2026-05-18 09:30:00,2026-05-18 09:30:00,08:25,09:12,09:30
R0257,P150,return,hospital_to_patient,H1,HOME_P150,H1,other,P2,medium,1.5,standard_assis,5,5,1,-1,670,695,745,670,35,1,R0256,PU_R0257,DO_R0257,2026-05-18 11:10:00,2026-05-18 11:35:00,2026-05-18 12:25:00,2026-05-18 11:10:00,11:10,11:35,12:25
R0258,P151,outbound,patient_to_hospital,HOME_P151,H1,H1,oncology,P1,high,2.0,vsl_required,5,5,1,-1,475,513,530,530,25,1,R0259,PU_R0258,DO_R0258,2026-05-18 07:55:00,2026-05-18 08:33:00,2026-05-18 08:50:00,2026-05-18 08:50:00,07:55,08:33,08:50
R0259,P151,return,hospital_to_patient,H1,HOME_P151,H1,oncology,P1,high,2.0,vsl_required,5,5,1,-1,695,710,750,695,25,1,R0258,PU_R0259,DO_R0259,2026-05-18 11:35:00,2026-05-18 11:50:00,2026-05-18 12:30:00,2026-05-18 11:35:00,11:35,11:50,12:30
R0260,P152,outbound,patient_to_hospital,HOME_P152,H1,H1,dialysis,P1,high,2.0,vsl_required,5,5,1,-1,440,483,495,495,25,1,R0261,PU_R0260,DO_R0260,2026-05-18 07:20:00,2026-05-18 08:03:00,2026-05-18 08:15:00,2026-05-18 08:15:00,07:20,08:03,08:15
R0261,P152,return,hospital_to_patient,H1,HOME_P152,H1,dialysis,P1,high,2.0,vsl_required,5,5,1,-1,735,750,790,735,25,1,R0260,PU_R0261,DO_R0261,2026-05-18 12:15:00,2026-05-18 12:30:00,2026-05-18 13:10:00,2026-05-18 12:15:00,12:15,12:30,13:10
R0262,P153,outbound,patient_to_hospital,HOME_P153,H1,H1,oncology,P1,high,2.0,standard_assis,5,5,1,-1,660,708,715,715,25,1,R0263,PU_R0262,DO_R0262,2026-05-18 11:00:00,2026-05-18 11:48:00,2026-05-18 11:55:00,2026-05-18 11:55:00,11:00,11:48,11:55
R0263,P153,return,hospital_to_patient,H1,HOME_P153,H1,oncology,P1,high,2.0,standard_assis,5,5,1,-1,895,910,950,895,25,1,R0262,PU_R0263,DO_R0263,2026-05-18 14:55:00,2026-05-18 15:10:00,2026-05-18 15:50:00,2026-05-18 14:55:00,14:55,15:10,15:50
R0264,P154,outbound,patient_to_hospital,HOME_P154,H2,H2,oncology,P1,high,2.0,prescription_medicale,5,5,1,-1,440,486,495,495,25,1,R0265,PU_R0264,DO_R0264,2026-05-18 07:20:00,2026-05-18 08:06:00,2026-05-18 08:15:00,2026-05-18 08:15:00,07:20,08:06,08:15
R0265,P154,return,hospital_to_patient,H2,HOME_P154,H2,oncology,P1,high,2.0,prescription_medicale,5,5,1,-1,795,810,850,795,25,1,R0264,PU_R0265,DO_R0265,2026-05-18 13:15:00,2026-05-18 13:30:00,2026-05-18 14:10:00,2026-05-18 13:15:00,13:15,13:30,14:10
R0266,P155,outbound,patient_to_hospital,HOME_P155,H1,H1,dialysis,P1,high,2.0,vsl_required,5,5,1,-1,750,800,805,805,25,1,,PU_R0266,DO_R0266,2026-05-18 12:30:00,2026-05-18 13:20:00,2026-05-18 13:25:00,2026-05-18 13:25:00,12:30,13:20,13:25
R0267,P156,outbound,patient_to_hospital,HOME_P156,H1,H1,other,P2,medium,1.5,prescription_medicale,5,5,1,-1,575,625,640,640,35,1,R0268,PU_R0267,DO_R0267,2026-05-18 09:35:00,2026-05-18 10:25:00,2026-05-18 10:40:00,2026-05-18 10:40:00,09:35,10:25,10:40
R0268,P156,return,hospital_to_patient,H1,HOME_P156,H1,other,P2,medium,1.5,prescription_medicale,5,5,1,-1,710,735,785,710,35,1,R0267,PU_R0268,DO_R0268,2026-05-18 11:50:00,2026-05-18 12:15:00,2026-05-18 13:05:00,2026-05-18 11:50:00,11:50,12:15,13:05
R0269,P157,outbound,patient_to_hospital,HOME_P157,H2,H2,other,P2,medium,1.5,standard_assis,5,5,1,-1,845,889,910,910,35,1,R0270,PU_R0269,DO_R0269,2026-05-18 14:05:00,2026-05-18 14:49:00,2026-05-18 15:10:00,2026-05-18 15:10:00,14:05,14:49,15:10
R0270,P157,return,hospital_to_patient,H2,HOME_P157,H2,other,P2,medium,1.5,standard_assis,5,5,1,-1,940,965,1015,940,35,1,R0269,PU_R0270,DO_R0270,2026-05-18 15:40:00,2026-05-18 16:05:00,2026-05-18 16:55:00,2026-05-18 15:40:00,15:40,16:05,16:55
R0271,P158,outbound,patient_to_hospital,HOME_P158,H1,H1,dialysis,P1,high,2.0,vsl_required,5,5,1,-1,465,511,520,520,25,1,R0272,PU_R0271,DO_R0271,2026-05-18 07:45:00,2026-05-18 08:31:00,2026-05-18 08:40:00,2026-05-18 08:40:00,07:45,08:31,08:40
R0272,P158,return,hospital_to_patient,H1,HOME_P158,H1,dialysis,P1,high,2.0,vsl_required,5,5,1,-1,760,775,815,760,25,1,R0271,PU_R0272,DO_R0272,2026-05-18 12:40:00,2026-05-18 12:55:00,2026-05-18 13:35:00,2026-05-18 12:40:00,12:40,12:55,13:35
R0273,P159,outbound,patient_to_hospital,HOME_P159,H1,H1,oncology,P1,high,2.0,vsl_required,5,5,1,-1,805,853,860,860,25,1,,PU_R0273,DO_R0273,2026-05-18 13:25:00,2026-05-18 14:13:00,2026-05-18 14:20:00,2026-05-18 14:20:00,13:25,14:13,14:20
R0274,P160,outbound,patient_to_hospital,HOME_P160,H2,H2,other,P2,medium,1.5,premium,5,5,1,-1,775,819,840,840,35,1,R0275,PU_R0274,DO_R0274,2026-05-18 12:55:00,2026-05-18 13:39:00,2026-05-18 14:00:00,2026-05-18 14:00:00,12:55,13:39,14:00
R0275,P160,return,hospital_to_patient,H2,HOME_P160,H2,other,P2,medium,1.5,premium,5,5,1,-1,870,895,945,870,35,1,R0274,PU_R0275,DO_R0275,2026-05-18 14:30:00,2026-05-18 14:55:00,2026-05-18 15:45:00,2026-05-18 14:30:00,14:30,14:55,15:45
R0276,P161,outbound,patient_to_hospital,HOME_P161,H1,H1,other,P2,medium,1.5,standard_assis,5,5,1,-1,450,501,515,515,35,1,R0277,PU_R0276,DO_R0276,2026-05-18 07:30:00,2026-05-18 08:21:00,2026-05-18 08:35:00,2026-05-18 08:35:00,07:30,08:21,08:35
R0277,P161,return,hospital_to_patient,H1,HOME_P161,H1,other,P2,medium,1.5,standard_assis,5,5,1,-1,595,620,670,595,35,1,R0276,PU_R0277,DO_R0277,2026-05-18 09:55:00,2026-05-18 10:20:00,2026-05-18 11:10:00,2026-05-18 09:55:00,09:55,10:20,11:10
R0278,P162,outbound,patient_to_hospital,HOME_P162,H1,H1,other,P2,medium,1.5,standard_assis,5,5,1,-1,855,906,920,920,35,1,,PU_R0278,DO_R0278,2026-05-18 14:15:00,2026-05-18 15:06:00,2026-05-18 15:20:00,2026-05-18 15:20:00,14:15,15:06,15:20
R0279,P163,outbound,patient_to_hospital,HOME_P163,H1,H1,oncology,P1,high,2.0,vsl_required,5,5,1,-1,475,520,530,530,25,1,R0280,PU_R0279,DO_R0279,2026-05-18 07:55:00,2026-05-18 08:40:00,2026-05-18 08:50:00,2026-05-18 08:50:00,07:55,08:40,08:50
R0280,P163,return,hospital_to_patient,H1,HOME_P163,H1,oncology,P1,high,2.0,vsl_required,5,5,1,-1,710,725,765,710,25,1,R0279,PU_R0280,DO_R0280,2026-05-18 11:50:00,2026-05-18 12:05:00,2026-05-18 12:45:00,2026-05-18 11:50:00,11:50,12:05,12:45
R0281,P164,outbound,patient_to_hospital,HOME_P164,H1,H1,external,P3,low,1.0,standard_assis,5,5,1,-1,757,812,845,845,58,1,R0282,PU_R0281,DO_R0281,2026-05-18 12:37:00,2026-05-18 13:32:00,2026-05-18 14:05:00,2026-05-18 14:05:00,12:37,13:32,14:05
R0282,P164,return,hospital_to_patient,H1,HOME_P164,H1,external,P3,low,1.0,standard_assis,5,5,1,-1,875,910,983,875,58,1,R0281,PU_R0282,DO_R0282,2026-05-18 14:35:00,2026-05-18 15:10:00,2026-05-18 16:23:00,2026-05-18 14:35:00,14:35,15:10,16:23
R0283,P165,outbound,patient_to_hospital,HOME_P165,H2,H2,other,P2,medium,1.5,vsl_required,5,5,1,-1,835,886,900,900,35,1,R0284,PU_R0283,DO_R0283,2026-05-18 13:55:00,2026-05-18 14:46:00,2026-05-18 15:00:00,2026-05-18 15:00:00,13:55,14:46,15:00
R0284,P165,return,hospital_to_patient,H2,HOME_P165,H2,other,P2,medium,1.5,vsl_required,5,5,1,-1,935,960,1010,935,35,1,R0283,PU_R0284,DO_R0284,2026-05-18 15:35:00,2026-05-18 16:00:00,2026-05-18 16:50:00,2026-05-18 15:35:00,15:35,16:00,16:50
R0285,P166,outbound,patient_to_hospital,HOME_P166,H2,H2,oncology,P1,high,2.0,prescription_medicale,5,5,1,-1,725,769,780,780,25,1,R0286,PU_R0285,DO_R0285,2026-05-18 12:05:00,2026-05-18 12:49:00,2026-05-18 13:00:00,2026-05-18 13:00:00,12:05,12:49,13:00
R0286,P166,return,hospital_to_patient,H2,HOME_P166,H2,oncology,P1,high,2.0,prescription_medicale,5,5,1,-1,1000,1015,1055,1000,25,1,R0285,PU_R0286,DO_R0286,2026-05-18 16:40:00,2026-05-18 16:55:00,2026-05-18 17:35:00,2026-05-18 16:40:00,16:40,16:55,17:35
R0287,P167,outbound,patient_to_hospital,HOME_P167,H2,H2,dialysis,P1,high,2.0,prescription_medicale,5,5,1,-1,730,774,785,785,25,1,R0288,PU_R0287,DO_R0287,2026-05-18 12:10:00,2026-05-18 12:54:00,2026-05-18 13:05:00,2026-05-18 13:05:00,12:10,12:54,13:05
R0288,P167,return,hospital_to_patient,H2,HOME_P167,H2,dialysis,P1,high,2.0,prescription_medicale,5,5,1,-1,995,1010,1050,995,25,1,R0287,PU_R0288,DO_R0288,2026-05-18 16:35:00,2026-05-18 16:50:00,2026-05-18 17:30:00,2026-05-18 16:35:00,16:35,16:50,17:30
R0289,P168,outbound,patient_to_hospital,HOME_P168,H2,H2,other,P2,medium,1.5,standard_assis,5,5,1,-1,495,547,560,560,35,1,R0290,PU_R0289,DO_R0289,2026-05-18 08:15:00,2026-05-18 09:07:00,2026-05-18 09:20:00,2026-05-18 09:20:00,08:15,09:07,09:20
R0290,P168,return,hospital_to_patient,H2,HOME_P168,H2,other,P2,medium,1.5,standard_assis,5,5,1,-1,595,620,670,595,35,1,R0289,PU_R0290,DO_R0290,2026-05-18 09:55:00,2026-05-18 10:20:00,2026-05-18 11:10:00,2026-05-18 09:55:00,09:55,10:20,11:10
R0291,P169,outbound,patient_to_hospital,HOME_P169,H1,H1,dialysis,P1,high,2.0,prescription_medicale,5,5,1,-1,460,508,515,515,25,1,R0292,PU_R0291,DO_R0291,2026-05-18 07:40:00,2026-05-18 08:28:00,2026-05-18 08:35:00,2026-05-18 08:35:00,07:40,08:28,08:35
R0292,P169,return,hospital_to_patient,H1,HOME_P169,H1,dialysis,P1,high,2.0,prescription_medicale,5,5,1,-1,755,770,810,755,25,1,R0291,PU_R0292,DO_R0292,2026-05-18 12:35:00,2026-05-18 12:50:00,2026-05-18 13:30:00,2026-05-18 12:35:00,12:35,12:50,13:30
R0293,P170,outbound,patient_to_hospital,HOME_P170,H1,H1,other,P2,medium,1.5,premium,5,5,1,-1,485,529,550,550,35,1,R0294,PU_R0293,DO_R0293,2026-05-18 08:05:00,2026-05-18 08:49:00,2026-05-18 09:10:00,2026-05-18 09:10:00,08:05,08:49,09:10
R0294,P170,return,hospital_to_patient,H1,HOME_P170,H1,other,P2,medium,1.5,premium,5,5,1,-1,625,650,700,625,35,1,R0293,PU_R0294,DO_R0294,2026-05-18 10:25:00,2026-05-18 10:50:00,2026-05-18 11:40:00,2026-05-18 10:25:00,10:25,10:50,11:40
R0295,P171,outbound,patient_to_hospital,HOME_P171,H1,H1,other,P2,medium,1.5,prescription_medicale,5,5,1,-1,575,619,640,640,35,1,R0296,PU_R0295,DO_R0295,2026-05-18 09:35:00,2026-05-18 10:19:00,2026-05-18 10:40:00,2026-05-18 10:40:00,09:35,10:19,10:40
R0296,P171,return,hospital_to_patient,H1,HOME_P171,H1,other,P2,medium,1.5,prescription_medicale,5,5,1,-1,700,725,775,700,35,1,R0295,PU_R0296,DO_R0296,2026-05-18 11:40:00,2026-05-18 12:05:00,2026-05-18 12:55:00,2026-05-18 11:40:00,11:40,12:05,12:55
R0297,P172,outbound,patient_to_hospital,HOME_P172,H1,H1,other,P2,medium,1.5,standard_assis,5,5,1,-1,850,908,915,915,35,1,,PU_R0297,DO_R0297,2026-05-18 14:10:00,2026-05-18 15:08:00,2026-05-18 15:15:00,2026-05-18 15:15:00,14:10,15:08,15:15
R0298,P173,outbound,patient_to_hospital,HOME_P173,H2,H2,dialysis,P1,high,2.0,vsl_required,5,5,1,-1,475,517,530,530,25,1,R0299,PU_R0298,DO_R0298,2026-05-18 07:55:00,2026-05-18 08:37:00,2026-05-18 08:50:00,2026-05-18 08:50:00,07:55,08:37,08:50
R0299,P173,return,hospital_to_patient,H2,HOME_P173,H2,dialysis,P1,high,2.0,vsl_required,5,5,1,-1,780,795,835,780,25,1,R0298,PU_R0299,DO_R0299,2026-05-18 13:00:00,2026-05-18 13:15:00,2026-05-18 13:55:00,2026-05-18 13:00:00,13:00,13:15,13:55
R0300,P174,outbound,patient_to_hospital,HOME_P174,H1,H1,external,P3,low,1.0,standard_assis,5,5,1,-1,490,542,570,570,50,1,R0301,PU_R0300,DO_R0300,2026-05-18 08:10:00,2026-05-18 09:02:00,2026-05-18 09:30:00,2026-05-18 09:30:00,08:10,09:02,09:30
R0301,P174,return,hospital_to_patient,H1,HOME_P174,H1,external,P3,low,1.0,standard_assis,5,5,1,-1,600,635,700,600,50,1,R0300,PU_R0301,DO_R0301,2026-05-18 10:00:00,2026-05-18 10:35:00,2026-05-18 11:40:00,2026-05-18 10:00:00,10:00,10:35,11:40
R0302,P175,outbound,patient_to_hospital,HOME_P175,H1,H1,other,P2,medium,1.5,standard_assis,5,5,1,-1,640,694,705,705,35,1,R0303,PU_R0302,DO_R0302,2026-05-18 10:40:00,2026-05-18 11:34:00,2026-05-18 11:45:00,2026-05-18 11:45:00,10:40,11:34,11:45
R0303,P175,return,hospital_to_patient,H1,HOME_P175,H1,other,P2,medium,1.5,standard_assis,5,5,1,-1,765,790,840,765,35,1,R0302,PU_R0303,DO_R0303,2026-05-18 12:45:00,2026-05-18 13:10:00,2026-05-18 14:00:00,2026-05-18 12:45:00,12:45,13:10,14:00
R0304,P176,outbound,patient_to_hospital,HOME_P176,H1,H1,other,P2,medium,1.5,standard_assis,5,5,1,-1,490,547,555,555,35,1,R0305,PU_R0304,DO_R0304,2026-05-18 08:10:00,2026-05-18 09:07:00,2026-05-18 09:15:00,2026-05-18 09:15:00,08:10,09:07,09:15
R0305,P176,return,hospital_to_patient,H1,HOME_P176,H1,other,P2,medium,1.5,standard_assis,5,5,1,-1,650,675,725,650,35,1,R0304,PU_R0305,DO_R0305,2026-05-18 10:50:00,2026-05-18 11:15:00,2026-05-18 12:05:00,2026-05-18 10:50:00,10:50,11:15,12:05
R0306,P177,outbound,patient_to_hospital,HOME_P177,H2,H2,dialysis,P1,high,2.0,prescription_medicale,5,5,1,-1,435,481,490,490,25,1,R0307,PU_R0306,DO_R0306,2026-05-18 07:15:00,2026-05-18 08:01:00,2026-05-18 08:10:00,2026-05-18 08:10:00,07:15,08:01,08:10
R0307,P177,return,hospital_to_patient,H2,HOME_P177,H2,dialysis,P1,high,2.0,prescription_medicale,5,5,1,-1,715,730,770,715,25,1,R0306,PU_R0307,DO_R0307,2026-05-18 11:55:00,2026-05-18 12:10:00,2026-05-18 12:50:00,2026-05-18 11:55:00,11:55,12:10,12:50
R0308,P178,outbound,patient_to_hospital,HOME_P178,H2,H2,oncology,P1,high,2.0,prescription_medicale,5,5,1,-1,475,525,530,530,25,1,R0309,PU_R0308,DO_R0308,2026-05-18 07:55:00,2026-05-18 08:45:00,2026-05-18 08:50:00,2026-05-18 08:50:00,07:55,08:45,08:50
R0309,P178,return,hospital_to_patient,H2,HOME_P178,H2,oncology,P1,high,2.0,prescription_medicale,5,5,1,-1,870,885,925,870,25,1,R0308,PU_R0309,DO_R0309,2026-05-18 14:30:00,2026-05-18 14:45:00,2026-05-18 15:25:00,2026-05-18 14:30:00,14:30,14:45,15:25
R0310,P179,outbound,patient_to_hospital,HOME_P179,H1,H1,dialysis,P1,high,2.0,prescription_medicale,5,5,1,-1,425,471,480,480,25,1,R0311,PU_R0310,DO_R0310,2026-05-18 07:05:00,2026-05-18 07:51:00,2026-05-18 08:00:00,2026-05-18 08:00:00,07:05,07:51,08:00
R0311,P179,return,hospital_to_patient,H1,HOME_P179,H1,dialysis,P1,high,2.0,prescription_medicale,5,5,1,-1,720,735,775,720,25,1,R0310,PU_R0311,DO_R0311,2026-05-18 12:00:00,2026-05-18 12:15:00,2026-05-18 12:55:00,2026-05-18 12:00:00,12:00,12:15,12:55
R0312,P180,outbound,patient_to_hospital,HOME_P180,H1,H1,other,P2,medium,1.5,prescription_medicale,5,5,1,-1,800,844,865,865,35,1,R0313,PU_R0312,DO_R0312,2026-05-18 13:20:00,2026-05-18 14:04:00,2026-05-18 14:25:00,2026-05-18 14:25:00,13:20,14:04,14:25
R0313,P180,return,hospital_to_patient,H1,HOME_P180,H1,other,P2,medium,1.5,prescription_medicale,5,5,1,-1,940,965,1015,940,35,1,R0312,PU_R0313,DO_R0313,2026-05-18 15:40:00,2026-05-18 16:05:00,2026-05-18 16:55:00,2026-05-18 15:40:00,15:40,16:05,16:55
R0314,P181,outbound,patient_to_hospital,HOME_P181,H1,H1,dialysis,P1,high,2.0,prescription_medicale,5,5,1,-1,755,799,810,810,25,1,,PU_R0314,DO_R0314,2026-05-18 12:35:00,2026-05-18 13:19:00,2026-05-18 13:30:00,2026-05-18 13:30:00,12:35,13:19,13:30
R0315,P182,outbound,patient_to_hospital,HOME_P182,H2,H2,dialysis,P1,high,2.0,vsl_required,5,5,1,-1,730,771,785,785,25,1,,PU_R0315,DO_R0315,2026-05-18 12:10:00,2026-05-18 12:51:00,2026-05-18 13:05:00,2026-05-18 13:05:00,12:10,12:51,13:05
R0316,P183,outbound,patient_to_hospital,HOME_P183,H1,H1,dialysis,P1,high,2.0,vsl_required,5,5,1,-1,725,772,780,780,25,1,R0317,PU_R0316,DO_R0316,2026-05-18 12:05:00,2026-05-18 12:52:00,2026-05-18 13:00:00,2026-05-18 13:00:00,12:05,12:52,13:00
R0317,P183,return,hospital_to_patient,H1,HOME_P183,H1,dialysis,P1,high,2.0,vsl_required,5,5,1,-1,1020,1035,1075,1020,25,1,R0316,PU_R0317,DO_R0317,2026-05-18 17:00:00,2026-05-18 17:15:00,2026-05-18 17:55:00,2026-05-18 17:00:00,17:00,17:15,17:55
R0318,P184,outbound,patient_to_hospital,HOME_P184,H1,H1,dialysis,P1,high,2.0,vsl_required,5,5,1,-1,450,500,505,505,25,1,R0319,PU_R0318,DO_R0318,2026-05-18 07:30:00,2026-05-18 08:20:00,2026-05-18 08:25:00,2026-05-18 08:25:00,07:30,08:20,08:25
R0319,P184,return,hospital_to_patient,H1,HOME_P184,H1,dialysis,P1,high,2.0,vsl_required,5,5,1,-1,745,760,800,745,25,1,R0318,PU_R0319,DO_R0319,2026-05-18 12:25:00,2026-05-18 12:40:00,2026-05-18 13:20:00,2026-05-18 12:25:00,12:25,12:40,13:20
R0320,P185,outbound,patient_to_hospital,HOME_P185,H2,H2,other,P2,medium,1.5,prescription_medicale,5,5,1,-1,640,690,705,705,35,1,R0321,PU_R0320,DO_R0320,2026-05-18 10:40:00,2026-05-18 11:30:00,2026-05-18 11:45:00,2026-05-18 11:45:00,10:40,11:30,11:45
R0321,P185,return,hospital_to_patient,H2,HOME_P185,H2,other,P2,medium,1.5,prescription_medicale,5,5,1,-1,740,765,815,740,35,1,R0320,PU_R0321,DO_R0321,2026-05-18 12:20:00,2026-05-18 12:45:00,2026-05-18 13:35:00,2026-05-18 12:20:00,12:20,12:45,13:35
R0322,P186,outbound,patient_to_hospital,HOME_P186,H1,H1,other,P2,medium,1.5,standard_assis,5,5,1,-1,805,852,870,870,35,1,R0323,PU_R0322,DO_R0322,2026-05-18 13:25:00,2026-05-18 14:12:00,2026-05-18 14:30:00,2026-05-18 14:30:00,13:25,14:12,14:30
R0323,P186,return,hospital_to_patient,H1,HOME_P186,H1,other,P2,medium,1.5,standard_assis,5,5,1,-1,975,1000,1050,975,35,1,R0322,PU_R0323,DO_R0323,2026-05-18 16:15:00,2026-05-18 16:40:00,2026-05-18 17:30:00,2026-05-18 16:15:00,16:15,16:40,17:30
R0324,P187,outbound,patient_to_hospital,HOME_P187,H1,H1,dialysis,P1,high,2.0,vsl_required,5,5,1,-1,1020,1062,1075,1075,25,1,,PU_R0324,DO_R0324,2026-05-18 17:00:00,2026-05-18 17:42:00,2026-05-18 17:55:00,2026-05-18 17:55:00,17:00,17:42,17:55
R0325,P188,outbound,patient_to_hospital,HOME_P188,H1,H1,other,P2,medium,1.5,prescription_medicale,5,5,1,-1,935,978,1000,1000,35,1,,PU_R0325,DO_R0325,2026-05-18 15:35:00,2026-05-18 16:18:00,2026-05-18 16:40:00,2026-05-18 16:40:00,15:35,16:18,16:40
R0326,P189,outbound,patient_to_hospital,HOME_P189,H2,H2,dialysis,P1,high,2.0,prescription_medicale,5,5,1,-1,750,798,805,805,25,1,,PU_R0326,DO_R0326,2026-05-18 12:30:00,2026-05-18 13:18:00,2026-05-18 13:25:00,2026-05-18 13:25:00,12:30,13:18,13:25
R0327,P190,outbound,patient_to_hospital,HOME_P190,H2,H2,other,P2,medium,1.5,standard_assis,5,5,1,-1,590,640,655,655,35,1,R0328,PU_R0327,DO_R0327,2026-05-18 09:50:00,2026-05-18 10:40:00,2026-05-18 10:55:00,2026-05-18 10:55:00,09:50,10:40,10:55
R0328,P190,return,hospital_to_patient,H2,HOME_P190,H2,other,P2,medium,1.5,standard_assis,5,5,1,-1,695,720,770,695,35,1,R0327,PU_R0328,DO_R0328,2026-05-18 11:35:00,2026-05-18 12:00:00,2026-05-18 12:50:00,2026-05-18 11:35:00,11:35,12:00,12:50
R0329,P191,outbound,patient_to_hospital,HOME_P191,H1,H1,dialysis,P1,high,2.0,vsl_required,5,5,1,-1,765,810,820,820,25,1,,PU_R0329,DO_R0329,2026-05-18 12:45:00,2026-05-18 13:30:00,2026-05-18 13:40:00,2026-05-18 13:40:00,12:45,13:30,13:40
R0330,P192,outbound,patient_to_hospital,HOME_P192,H2,H2,dialysis,P1,high,2.0,vsl_required,5,5,1,-1,775,820,830,830,25,1,,PU_R0330,DO_R0330,2026-05-18 12:55:00,2026-05-18 13:40:00,2026-05-18 13:50:00,2026-05-18 13:50:00,12:55,13:40,13:50
R0331,P193,outbound,patient_to_hospital,HOME_P193,H1,H1,dialysis,P1,high,2.0,prescription_medicale,5,5,1,-1,760,802,815,815,25,1,,PU_R0331,DO_R0331,2026-05-18 12:40:00,2026-05-18 13:22:00,2026-05-18 13:35:00,2026-05-18 13:35:00,12:40,13:22,13:35
R0332,P194,outbound,patient_to_hospital,HOME_P194,H2,H2,dialysis,P1,high,2.0,vsl_required,5,5,1,-1,440,484,495,495,25,1,R0333,PU_R0332,DO_R0332,2026-05-18 07:20:00,2026-05-18 08:04:00,2026-05-18 08:15:00,2026-05-18 08:15:00,07:20,08:04,08:15
R0333,P194,return,hospital_to_patient,H2,HOME_P194,H2,dialysis,P1,high,2.0,vsl_required,5,5,1,-1,710,725,765,710,25,1,R0332,PU_R0333,DO_R0333,2026-05-18 11:50:00,2026-05-18 12:05:00,2026-05-18 12:45:00,2026-05-18 11:50:00,11:50,12:05,12:45
R0334,P195,outbound,patient_to_hospital,HOME_P195,H2,H2,dialysis,P1,high,2.0,prescription_medicale,5,5,1,-1,430,473,485,485,25,1,R0335,PU_R0334,DO_R0334,2026-05-18 07:10:00,2026-05-18 07:53:00,2026-05-18 08:05:00,2026-05-18 08:05:00,07:10,07:53,08:05
R0335,P195,return,hospital_to_patient,H2,HOME_P195,H2,dialysis,P1,high,2.0,prescription_medicale,5,5,1,-1,695,710,750,695,25,1,R0334,PU_R0335,DO_R0335,2026-05-18 11:35:00,2026-05-18 11:50:00,2026-05-18 12:30:00,2026-05-18 11:35:00,11:35,11:50,12:30
R0336,P196,outbound,patient_to_hospital,HOME_P196,H1,H1,other,P2,medium,1.5,prescription_medicale,5,5,1,-1,605,654,670,670,35,1,R0337,PU_R0336,DO_R0336,2026-05-18 10:05:00,2026-05-18 10:54:00,2026-05-18 11:10:00,2026-05-18 11:10:00,10:05,10:54,11:10
R0337,P196,return,hospital_to_patient,H1,HOME_P196,H1,other,P2,medium,1.5,prescription_medicale,5,5,1,-1,745,770,820,745,35,1,R0336,PU_R0337,DO_R0337,2026-05-18 12:25:00,2026-05-18 12:50:00,2026-05-18 13:40:00,2026-05-18 12:25:00,12:25,12:50,13:40
R0338,P197,outbound,patient_to_hospital,HOME_P197,H1,H1,oncology,P1,high,2.0,vsl_required,5,5,1,-1,615,665,670,670,25,1,R0339,PU_R0338,DO_R0338,2026-05-18 10:15:00,2026-05-18 11:05:00,2026-05-18 11:10:00,2026-05-18 11:10:00,10:15,11:05,11:10
R0339,P197,return,hospital_to_patient,H1,HOME_P197,H1,oncology,P1,high,2.0,vsl_required,5,5,1,-1,825,840,880,825,25,1,R0338,PU_R0339,DO_R0339,2026-05-18 13:45:00,2026-05-18 14:00:00,2026-05-18 14:40:00,2026-05-18 13:45:00,13:45,14:00,14:40
R0340,P198,outbound,patient_to_hospital,HOME_P198,H1,H1,external,P3,low,1.0,standard_assis,5,5,1,-1,475,533,550,550,45,1,R0341,PU_R0340,DO_R0340,2026-05-18 07:55:00,2026-05-18 08:53:00,2026-05-18 09:10:00,2026-05-18 09:10:00,07:55,08:53,09:10
R0341,P198,return,hospital_to_patient,H1,HOME_P198,H1,external,P3,low,1.0,standard_assis,5,5,1,-1,580,615,675,580,45,1,R0340,PU_R0341,DO_R0341,2026-05-18 09:40:00,2026-05-18 10:15:00,2026-05-18 11:15:00,2026-05-18 09:40:00,09:40,10:15,11:15
R0342,P199,outbound,patient_to_hospital,HOME_P199,H2,H2,oncology,P1,high,2.0,vsl_required,5,5,1,-1,760,801,815,815,25,1,R0343,PU_R0342,DO_R0342,2026-05-18 12:40:00,2026-05-18 13:21:00,2026-05-18 13:35:00,2026-05-18 13:35:00,12:40,13:21,13:35
R0343,P199,return,hospital_to_patient,H2,HOME_P199,H2,oncology,P1,high,2.0,vsl_required,5,5,1,-1,1005,1020,1060,1005,25,1,R0342,PU_R0343,DO_R0343,2026-05-18 16:45:00,2026-05-18 17:00:00,2026-05-18 17:40:00,2026-05-18 16:45:00,16:45,17:00,17:40
R0344,P200,outbound,patient_to_hospital,HOME_P200,H1,H1,dialysis,P1,high,2.0,vsl_required,5,5,1,-1,445,491,500,500,25,1,R0345,PU_R0344,DO_R0344,2026-05-18 07:25:00,2026-05-18 08:11:00,2026-05-18 08:20:00,2026-05-18 08:20:00,07:25,08:11,08:20
R0345,P200,return,hospital_to_patient,H1,HOME_P200,H1,dialysis,P1,high,2.0,vsl_required,5,5,1,-1,740,755,795,740,25,1,R0344,PU_R0345,DO_R0345,2026-05-18 12:20:00,2026-05-18 12:35:00,2026-05-18 13:15:00,2026-05-18 12:20:00,12:20,12:35,13:15
R0346,P201,outbound,patient_to_hospital,HOME_P201,H1,H1,dialysis,P1,high,2.0,prescription_medicale,5,5,1,-1,1020,1065,1075,1075,25,1,,PU_R0346,DO_R0346,2026-05-18 17:00:00,2026-05-18 17:45:00,2026-05-18 17:55:00,2026-05-18 17:55:00,17:00,17:45,17:55
R0347,P202,outbound,patient_to_hospital,HOME_P202,H1,H1,external,P3,low,1.0,premium,5,5,1,-1,877,933,965,965,58,1,,PU_R0347,DO_R0347,2026-05-18 14:37:00,2026-05-18 15:33:00,2026-05-18 16:05:00,2026-05-18 16:05:00,14:37,15:33,16:05
R0348,P203,outbound,patient_to_hospital,HOME_P203,H1,H1,other,P2,medium,1.5,standard_assis,5,5,1,-1,590,637,655,655,35,1,R0349,PU_R0348,DO_R0348,2026-05-18 09:50:00,2026-05-18 10:37:00,2026-05-18 10:55:00,2026-05-18 10:55:00,09:50,10:37,10:55
R0349,P203,return,hospital_to_patient,H1,HOME_P203,H1,other,P2,medium,1.5,standard_assis,5,5,1,-1,745,770,820,745,35,1,R0348,PU_R0349,DO_R0349,2026-05-18 12:25:00,2026-05-18 12:50:00,2026-05-18 13:40:00,2026-05-18 12:25:00,12:25,12:50,13:40
R0350,P204,outbound,patient_to_hospital,HOME_P204,H2,H2,dialysis,P1,high,2.0,vsl_required,5,5,1,-1,740,789,795,795,25,1,,PU_R0350,DO_R0350,2026-05-18 12:20:00,2026-05-18 13:09:00,2026-05-18 13:15:00,2026-05-18 13:15:00,12:20,13:09,13:15
R0351,P205,outbound,patient_to_hospital,HOME_P205,H1,H1,other,P2,medium,1.5,standard_assis,5,5,1,-1,850,894,915,915,35,1,R0352,PU_R0351,DO_R0351,2026-05-18 14:10:00,2026-05-18 14:54:00,2026-05-18 15:15:00,2026-05-18 15:15:00,14:10,14:54,15:15
R0352,P205,return,hospital_to_patient,H1,HOME_P205,H1,other,P2,medium,1.5,standard_assis,5,5,1,-1,980,1005,1055,980,35,1,R0351,PU_R0352,DO_R0352,2026-05-18 16:20:00,2026-05-18 16:45:00,2026-05-18 17:35:00,2026-05-18 16:20:00,16:20,16:45,17:35
R0353,P206,outbound,patient_to_hospital,HOME_P206,H1,H1,oncology,P1,high,2.0,vsl_required,5,5,1,-1,605,648,660,660,25,1,R0354,PU_R0353,DO_R0353,2026-05-18 10:05:00,2026-05-18 10:48:00,2026-05-18 11:00:00,2026-05-18 11:00:00,10:05,10:48,11:00
R0354,P206,return,hospital_to_patient,H1,HOME_P206,H1,oncology,P1,high,2.0,vsl_required,5,5,1,-1,820,835,875,820,25,1,R0353,PU_R0354,DO_R0354,2026-05-18 13:40:00,2026-05-18 13:55:00,2026-05-18 14:35:00,2026-05-18 13:40:00,13:40,13:55,14:35
R0355,P207,outbound,patient_to_hospital,HOME_P207,H1,H1,dialysis,P1,high,2.0,vsl_required,5,5,1,-1,1005,1047,1060,1060,25,1,,PU_R0355,DO_R0355,2026-05-18 16:45:00,2026-05-18 17:27:00,2026-05-18 17:40:00,2026-05-18 17:40:00,16:45,17:27,17:40
R0356,P208,outbound,patient_to_hospital,HOME_P208,H2,H2,oncology,P1,high,2.0,prescription_medicale,5,5,1,-1,780,820,835,835,25,1,,PU_R0356,DO_R0356,2026-05-18 13:00:00,2026-05-18 13:40:00,2026-05-18 13:55:00,2026-05-18 13:55:00,13:00,13:40,13:55
R0357,P209,outbound,patient_to_hospital,HOME_P209,H3,H3,dialysis,P1,high,2.0,vsl_required,5,5,1,-1,430,473,485,485,25,1,R0358,PU_R0357,DO_R0357,2026-05-18 07:10:00,2026-05-18 07:53:00,2026-05-18 08:05:00,2026-05-18 08:05:00,07:10,07:53,08:05
R0358,P209,return,hospital_to_patient,H3,HOME_P209,H3,dialysis,P1,high,2.0,vsl_required,5,5,1,-1,740,755,795,740,25,1,R0357,PU_R0358,DO_R0358,2026-05-18 12:20:00,2026-05-18 12:35:00,2026-05-18 13:15:00,2026-05-18 12:20:00,12:20,12:35,13:15
R0359,P210,outbound,patient_to_hospital,HOME_P210,H2,H2,other,P2,medium,1.5,standard_assis,5,5,1,-1,480,524,545,545,35,1,R0360,PU_R0359,DO_R0359,2026-05-18 08:00:00,2026-05-18 08:44:00,2026-05-18 09:05:00,2026-05-18 09:05:00,08:00,08:44,09:05
R0360,P210,return,hospital_to_patient,H2,HOME_P210,H2,other,P2,medium,1.5,standard_assis,5,5,1,-1,575,600,650,575,35,1,R0359,PU_R0360,DO_R0360,2026-05-18 09:35:00,2026-05-18 10:00:00,2026-05-18 10:50:00,2026-05-18 09:35:00,09:35,10:00,10:50
R0361,P211,outbound,patient_to_hospital,HOME_P211,H1,H1,other,P2,medium,1.5,standard_assis,5,5,1,-1,530,574,595,595,35,1,R0362,PU_R0361,DO_R0361,2026-05-18 08:50:00,2026-05-18 09:34:00,2026-05-18 09:55:00,2026-05-18 09:55:00,08:50,09:34,09:55
R0362,P211,return,hospital_to_patient,H1,HOME_P211,H1,other,P2,medium,1.5,standard_assis,5,5,1,-1,675,700,750,675,35,1,R0361,PU_R0362,DO_R0362,2026-05-18 11:15:00,2026-05-18 11:40:00,2026-05-18 12:30:00,2026-05-18 11:15:00,11:15,11:40,12:30
R0363,P212,outbound,patient_to_hospital,HOME_P212,H2,H2,other,P2,medium,1.5,standard_assis,5,5,1,-1,600,654,665,665,35,1,R0364,PU_R0363,DO_R0363,2026-05-18 10:00:00,2026-05-18 10:54:00,2026-05-18 11:05:00,2026-05-18 11:05:00,10:00,10:54,11:05
R0364,P212,return,hospital_to_patient,H2,HOME_P212,H2,other,P2,medium,1.5,standard_assis,5,5,1,-1,700,725,775,700,35,1,R0363,PU_R0364,DO_R0364,2026-05-18 11:40:00,2026-05-18 12:05:00,2026-05-18 12:55:00,2026-05-18 11:40:00,11:40,12:05,12:55
R0365,P213,outbound,patient_to_hospital,HOME_P213,H1,H1,oncology,P1,high,2.0,prescription_medicale,5,5,1,-1,450,500,505,505,25,1,R0366,PU_R0365,DO_R0365,2026-05-18 07:30:00,2026-05-18 08:20:00,2026-05-18 08:25:00,2026-05-18 08:25:00,07:30,08:20,08:25
R0366,P213,return,hospital_to_patient,H1,HOME_P213,H1,oncology,P1,high,2.0,prescription_medicale,5,5,1,-1,670,685,725,670,25,1,R0365,PU_R0366,DO_R0366,2026-05-18 11:10:00,2026-05-18 11:25:00,2026-05-18 12:05:00,2026-05-18 11:10:00,11:10,11:25,12:05
R0367,P214,outbound,patient_to_hospital,HOME_P214,H2,H2,dialysis,P1,high,2.0,vsl_required,5,5,1,-1,735,780,790,790,25,1,R0368,PU_R0367,DO_R0367,2026-05-18 12:15:00,2026-05-18 13:00:00,2026-05-18 13:10:00,2026-05-18 13:10:00,12:15,13:00,13:10
R0368,P214,return,hospital_to_patient,H2,HOME_P214,H2,dialysis,P1,high,2.0,vsl_required,5,5,1,-1,1025,1040,1080,1025,25,1,R0367,PU_R0368,DO_R0368,2026-05-18 17:05:00,2026-05-18 17:20:00,2026-05-18 18:00:00,2026-05-18 17:05:00,17:05,17:20,18:00
R0369,P215,outbound,patient_to_hospital,HOME_P215,H1,H1,other,P2,medium,1.5,standard_assis,5,5,1,-1,805,852,870,870,35,1,R0370,PU_R0369,DO_R0369,2026-05-18 13:25:00,2026-05-18 14:12:00,2026-05-18 14:30:00,2026-05-18 14:30:00,13:25,14:12,14:30
R0370,P215,return,hospital_to_patient,H1,HOME_P215,H1,other,P2,medium,1.5,standard_assis,5,5,1,-1,955,980,1030,955,35,1,R0369,PU_R0370,DO_R0370,2026-05-18 15:55:00,2026-05-18 16:20:00,2026-05-18 17:10:00,2026-05-18 15:55:00,15:55,16:20,17:10
R0371,P216,outbound,patient_to_hospital,HOME_P216,H1,H1,other,P2,medium,1.5,standard_assis,5,5,1,-1,450,507,515,515,35,1,R0372,PU_R0371,DO_R0371,2026-05-18 07:30:00,2026-05-18 08:27:00,2026-05-18 08:35:00,2026-05-18 08:35:00,07:30,08:27,08:35
R0372,P216,return,hospital_to_patient,H1,HOME_P216,H1,other,P2,medium,1.5,standard_assis,5,5,1,-1,620,645,695,620,35,1,R0371,PU_R0372,DO_R0372,2026-05-18 10:20:00,2026-05-18 10:45:00,2026-05-18 11:35:00,2026-05-18 10:20:00,10:20,10:45,11:35
R0373,P217,outbound,patient_to_hospital,HOME_P217,H1,H1,dialysis,P1,high,2.0,prescription_medicale,5,5,1,-1,445,493,500,500,25,1,R0374,PU_R0373,DO_R0373,2026-05-18 07:25:00,2026-05-18 08:13:00,2026-05-18 08:20:00,2026-05-18 08:20:00,07:25,08:13,08:20
R0374,P217,return,hospital_to_patient,H1,HOME_P217,H1,dialysis,P1,high,2.0,prescription_medicale,5,5,1,-1,740,755,795,740,25,1,R0373,PU_R0374,DO_R0374,2026-05-18 12:20:00,2026-05-18 12:35:00,2026-05-18 13:15:00,2026-05-18 12:20:00,12:20,12:35,13:15
R0375,P218,outbound,patient_to_hospital,HOME_P218,H2,H2,dialysis,P1,high,2.0,prescription_medicale,5,5,1,-1,765,807,820,820,25,1,,PU_R0375,DO_R0375,2026-05-18 12:45:00,2026-05-18 13:27:00,2026-05-18 13:40:00,2026-05-18 13:40:00,12:45,13:27,13:40
R0376,P219,outbound,patient_to_hospital,HOME_P219,H1,H1,external,P3,low,1.0,standard_assis,5,5,1,-1,640,692,715,715,45,1,R0377,PU_R0376,DO_R0376,2026-05-18 10:40:00,2026-05-18 11:32:00,2026-05-18 11:55:00,2026-05-18 11:55:00,10:40,11:32,11:55
R0377,P219,return,hospital_to_patient,H1,HOME_P219,H1,external,P3,low,1.0,standard_assis,5,5,1,-1,735,770,830,735,45,1,R0376,PU_R0377,DO_R0377,2026-05-18 12:15:00,2026-05-18 12:50:00,2026-05-18 13:50:00,2026-05-18 12:15:00,12:15,12:50,13:50
R0378,P220,outbound,patient_to_hospital,HOME_P220,H2,H2,dialysis,P1,high,2.0,vsl_required,5,5,1,-1,450,498,505,505,25,1,R0379,PU_R0378,DO_R0378,2026-05-18 07:30:00,2026-05-18 08:18:00,2026-05-18 08:25:00,2026-05-18 08:25:00,07:30,08:18,08:25
R0379,P220,return,hospital_to_patient,H2,HOME_P220,H2,dialysis,P1,high,2.0,vsl_required,5,5,1,-1,730,745,785,730,25,1,R0378,PU_R0379,DO_R0379,2026-05-18 12:10:00,2026-05-18 12:25:00,2026-05-18 13:05:00,2026-05-18 12:10:00,12:10,12:25,13:05
R0380,P221,outbound,patient_to_hospital,HOME_P221,H1,H1,other,P2,medium,1.5,premium,5,5,1,-1,480,525,545,545,35,1,R0381,PU_R0380,DO_R0380,2026-05-18 08:00:00,2026-05-18 08:45:00,2026-05-18 09:05:00,2026-05-18 09:05:00,08:00,08:45,09:05
R0381,P221,return,hospital_to_patient,H1,HOME_P221,H1,other,P2,medium,1.5,premium,5,5,1,-1,630,655,705,630,35,1,R0380,PU_R0381,DO_R0381,2026-05-18 10:30:00,2026-05-18 10:55:00,2026-05-18 11:45:00,2026-05-18 10:30:00,10:30,10:55,11:45
R0382,P222,outbound,patient_to_hospital,HOME_P222,H1,H1,other,P2,medium,1.5,prescription_medicale,5,5,1,-1,940,997,1005,1005,35,1,,PU_R0382,DO_R0382,2026-05-18 15:40:00,2026-05-18 16:37:00,2026-05-18 16:45:00,2026-05-18 16:45:00,15:40,16:37,16:45
R0383,P223,outbound,patient_to_hospital,HOME_P223,H1,H1,other,P2,medium,1.5,standard_assis,5,5,1,-1,490,534,555,555,35,1,R0384,PU_R0383,DO_R0383,2026-05-18 08:10:00,2026-05-18 08:54:00,2026-05-18 09:15:00,2026-05-18 09:15:00,08:10,08:54,09:15
R0384,P223,return,hospital_to_patient,H1,HOME_P223,H1,other,P2,medium,1.5,standard_assis,5,5,1,-1,645,670,720,645,35,1,R0383,PU_R0384,DO_R0384,2026-05-18 10:45:00,2026-05-18 11:10:00,2026-05-18 12:00:00,2026-05-18 10:45:00,10:45,11:10,12:00
R0385,P224,outbound,patient_to_hospital,HOME_P224,H1,H1,dialysis,P1,high,2.0,prescription_medicale,5,5,1,-1,470,520,525,525,25,1,R0386,PU_R0385,DO_R0385,2026-05-18 07:50:00,2026-05-18 08:40:00,2026-05-18 08:45:00,2026-05-18 08:45:00,07:50,08:40,08:45
R0386,P224,return,hospital_to_patient,H1,HOME_P224,H1,dialysis,P1,high,2.0,prescription_medicale,5,5,1,-1,765,780,820,765,25,1,R0385,PU_R0386,DO_R0386,2026-05-18 12:45:00,2026-05-18 13:00:00,2026-05-18 13:40:00,2026-05-18 12:45:00,12:45,13:00,13:40
R0387,P225,outbound,patient_to_hospital,HOME_P225,H2,H2,other,P2,medium,1.5,prescription_medicale,5,5,1,-1,570,624,635,635,35,1,R0388,PU_R0387,DO_R0387,2026-05-18 09:30:00,2026-05-18 10:24:00,2026-05-18 10:35:00,2026-05-18 10:35:00,09:30,10:24,10:35
R0388,P225,return,hospital_to_patient,H2,HOME_P225,H2,other,P2,medium,1.5,prescription_medicale,5,5,1,-1,665,690,740,665,35,1,R0387,PU_R0388,DO_R0388,2026-05-18 11:05:00,2026-05-18 11:30:00,2026-05-18 12:20:00,2026-05-18 11:05:00,11:05,11:30,12:20
R0389,P226,outbound,patient_to_hospital,HOME_P226,H2,H2,other,P2,medium,1.5,standard_assis,5,5,1,-1,455,510,520,520,35,1,R0390,PU_R0389,DO_R0389,2026-05-18 07:35:00,2026-05-18 08:30:00,2026-05-18 08:40:00,2026-05-18 08:40:00,07:35,08:30,08:40
R0390,P226,return,hospital_to_patient,H2,HOME_P226,H2,other,P2,medium,1.5,standard_assis,5,5,1,-1,560,585,635,560,35,1,R0389,PU_R0390,DO_R0390,2026-05-18 09:20:00,2026-05-18 09:45:00,2026-05-18 10:35:00,2026-05-18 09:20:00,09:20,09:45,10:35
R0391,P227,outbound,patient_to_hospital,HOME_P227,H1,H1,oncology,P1,high,2.0,prescription_medicale,5,5,1,-1,475,523,530,530,25,1,R0392,PU_R0391,DO_R0391,2026-05-18 07:55:00,2026-05-18 08:43:00,2026-05-18 08:50:00,2026-05-18 08:50:00,07:55,08:43,08:50
R0392,P227,return,hospital_to_patient,H1,HOME_P227,H1,oncology,P1,high,2.0,prescription_medicale,5,5,1,-1,700,715,755,700,25,1,R0391,PU_R0392,DO_R0392,2026-05-18 11:40:00,2026-05-18 11:55:00,2026-05-18 12:35:00,2026-05-18 11:40:00,11:40,11:55,12:35
R0393,P228,outbound,patient_to_hospital,HOME_P228,H1,H1,oncology,P1,high,2.0,prescription_medicale,5,5,1,-1,480,522,535,535,25,1,R0394,PU_R0393,DO_R0393,2026-05-18 08:00:00,2026-05-18 08:42:00,2026-05-18 08:55:00,2026-05-18 08:55:00,08:00,08:42,08:55
R0394,P228,return,hospital_to_patient,H1,HOME_P228,H1,oncology,P1,high,2.0,prescription_medicale,5,5,1,-1,715,730,770,715,25,1,R0393,PU_R0394,DO_R0394,2026-05-18 11:55:00,2026-05-18 12:10:00,2026-05-18 12:50:00,2026-05-18 11:55:00,11:55,12:10,12:50
R0395,P229,outbound,patient_to_hospital,HOME_P229,H2,H2,oncology,P1,high,2.0,prescription_medicale,5,5,1,-1,445,483,500,500,25,1,R0396,PU_R0395,DO_R0395,2026-05-18 07:25:00,2026-05-18 08:03:00,2026-05-18 08:20:00,2026-05-18 08:20:00,07:25,08:03,08:20
R0396,P229,return,hospital_to_patient,H2,HOME_P229,H2,oncology,P1,high,2.0,prescription_medicale,5,5,1,-1,825,840,880,825,25,1,R0395,PU_R0396,DO_R0396,2026-05-18 13:45:00,2026-05-18 14:00:00,2026-05-18 14:40:00,2026-05-18 13:45:00,13:45,14:00,14:40
R0397,P230,outbound,patient_to_hospital,HOME_P230,H3,H3,dialysis,P1,high,2.0,vsl_required,5,5,1,-1,425,467,480,480,25,1,R0398,PU_R0397,DO_R0397,2026-05-18 07:05:00,2026-05-18 07:47:00,2026-05-18 08:00:00,2026-05-18 08:00:00,07:05,07:47,08:00
R0398,P230,return,hospital_to_patient,H3,HOME_P230,H3,dialysis,P1,high,2.0,vsl_required,5,5,1,-1,700,715,755,700,25,1,R0397,PU_R0398,DO_R0398,2026-05-18 11:40:00,2026-05-18 11:55:00,2026-05-18 12:35:00,2026-05-18 11:40:00,11:40,11:55,12:35
R0399,P231,outbound,patient_to_hospital,HOME_P231,H3,H3,dialysis,P1,high,2.0,vsl_required,5,5,1,-1,1010,1053,1065,1065,25,1,,PU_R0399,DO_R0399,2026-05-18 16:50:00,2026-05-18 17:33:00,2026-05-18 17:45:00,2026-05-18 17:45:00,16:50,17:33,17:45
R0400,P232,outbound,patient_to_hospital,HOME_P232,H3,H3,dialysis,P1,high,2.0,prescription_medicale,5,5,1,-1,440,480,495,495,25,1,R0401,PU_R0400,DO_R0400,2026-05-18 07:20:00,2026-05-18 08:00:00,2026-05-18 08:15:00,2026-05-18 08:15:00,07:20,08:00,08:15
R0401,P232,return,hospital_to_patient,H3,HOME_P232,H3,dialysis,P1,high,2.0,prescription_medicale,5,5,1,-1,745,760,800,745,25,1,R0400,PU_R0401,DO_R0401,2026-05-18 12:25:00,2026-05-18 12:40:00,2026-05-18 13:20:00,2026-05-18 12:25:00,12:25,12:40,13:20
R0402,P233,outbound,patient_to_hospital,HOME_P233,H2,H2,dialysis,P1,high,2.0,vsl_required,5,5,1,-1,460,505,515,515,25,1,R0403,PU_R0402,DO_R0402,2026-05-18 07:40:00,2026-05-18 08:25:00,2026-05-18 08:35:00,2026-05-18 08:35:00,07:40,08:25,08:35
R0403,P233,return,hospital_to_patient,H2,HOME_P233,H2,dialysis,P1,high,2.0,vsl_required,5,5,1,-1,765,780,820,765,25,1,R0402,PU_R0403,DO_R0403,2026-05-18 12:45:00,2026-05-18 13:00:00,2026-05-18 13:40:00,2026-05-18 12:45:00,12:45,13:00,13:40
R0404,P234,outbound,patient_to_hospital,HOME_P234,H1,H1,dialysis,P1,high,2.0,vsl_required,5,5,1,-1,770,814,825,825,25,1,,PU_R0404,DO_R0404,2026-05-18 12:50:00,2026-05-18 13:34:00,2026-05-18 13:45:00,2026-05-18 13:45:00,12:50,13:34,13:45
R0405,P235,outbound,patient_to_hospital,HOME_P235,H1,H1,other,P2,medium,1.5,standard_assis,5,5,1,-1,480,530,545,545,35,1,R0406,PU_R0405,DO_R0405,2026-05-18 08:00:00,2026-05-18 08:50:00,2026-05-18 09:05:00,2026-05-18 09:05:00,08:00,08:50,09:05
R0406,P235,return,hospital_to_patient,H1,HOME_P235,H1,other,P2,medium,1.5,standard_assis,5,5,1,-1,645,670,720,645,35,1,R0405,PU_R0406,DO_R0406,2026-05-18 10:45:00,2026-05-18 11:10:00,2026-05-18 12:00:00,2026-05-18 10:45:00,10:45,11:10,12:00
R0407,P236,outbound,patient_to_hospital,HOME_P236,H1,H1,other,P2,medium,1.5,standard_assis,5,5,1,-1,495,548,560,560,35,1,R0408,PU_R0407,DO_R0407,2026-05-18 08:15:00,2026-05-18 09:08:00,2026-05-18 09:20:00,2026-05-18 09:20:00,08:15,09:08,09:20
R0408,P236,return,hospital_to_patient,H1,HOME_P236,H1,other,P2,medium,1.5,standard_assis,5,5,1,-1,625,650,700,625,35,1,R0407,PU_R0408,DO_R0408,2026-05-18 10:25:00,2026-05-18 10:50:00,2026-05-18 11:40:00,2026-05-18 10:25:00,10:25,10:50,11:40
R0409,P237,outbound,patient_to_hospital,HOME_P237,H1,H1,other,P2,medium,1.5,standard_assis,5,5,1,-1,605,664,670,670,35,1,R0410,PU_R0409,DO_R0409,2026-05-18 10:05:00,2026-05-18 11:04:00,2026-05-18 11:10:00,2026-05-18 11:10:00,10:05,11:04,11:10
R0410,P237,return,hospital_to_patient,H1,HOME_P237,H1,other,P2,medium,1.5,standard_assis,5,5,1,-1,760,785,835,760,35,1,R0409,PU_R0410,DO_R0410,2026-05-18 12:40:00,2026-05-18 13:05:00,2026-05-18 13:55:00,2026-05-18 12:40:00,12:40,13:05,13:55
R0411,P238,outbound,patient_to_hospital,HOME_P238,H2,H2,oncology,P1,high,2.0,prescription_medicale,5,5,1,-1,470,516,525,525,25,1,R0412,PU_R0411,DO_R0411,2026-05-18 07:50:00,2026-05-18 08:36:00,2026-05-18 08:45:00,2026-05-18 08:45:00,07:50,08:36,08:45
R0412,P238,return,hospital_to_patient,H2,HOME_P238,H2,oncology,P1,high,2.0,prescription_medicale,5,5,1,-1,815,830,870,815,25,1,R0411,PU_R0412,DO_R0412,2026-05-18 13:35:00,2026-05-18 13:50:00,2026-05-18 14:30:00,2026-05-18 13:35:00,13:35,13:50,14:30
R0413,P239,outbound,patient_to_hospital,HOME_P239,H1,H1,dialysis,P1,high,2.0,vsl_required,5,5,1,-1,725,769,780,780,25,1,,PU_R0413,DO_R0413,2026-05-18 12:05:00,2026-05-18 12:49:00,2026-05-18 13:00:00,2026-05-18 13:00:00,12:05,12:49,13:00
R0414,P240,outbound,patient_to_hospital,HOME_P240,H3,H3,dialysis,P1,high,2.0,vsl_required,5,5,1,-1,755,798,810,810,25,1,,PU_R0414,DO_R0414,2026-05-18 12:35:00,2026-05-18 13:18:00,2026-05-18 13:30:00,2026-05-18 13:30:00,12:35,13:18,13:30
R0415,P241,outbound,patient_to_hospital,HOME_P241,H1,H1,other,P2,medium,1.5,standard_assis,5,5,1,-1,600,648,665,665,35,1,R0416,PU_R0415,DO_R0415,2026-05-18 10:00:00,2026-05-18 10:48:00,2026-05-18 11:05:00,2026-05-18 11:05:00,10:00,10:48,11:05
R0416,P241,return,hospital_to_patient,H1,HOME_P241,H1,other,P2,medium,1.5,standard_assis,5,5,1,-1,765,790,840,765,35,1,R0415,PU_R0416,DO_R0416,2026-05-18 12:45:00,2026-05-18 13:10:00,2026-05-18 14:00:00,2026-05-18 12:45:00,12:45,13:10,14:00
R0417,P242,outbound,patient_to_hospital,HOME_P242,H2,H2,oncology,P1,high,2.0,prescription_medicale,5,5,1,-1,750,789,805,805,25,1,,PU_R0417,DO_R0417,2026-05-18 12:30:00,2026-05-18 13:09:00,2026-05-18 13:25:00,2026-05-18 13:25:00,12:30,13:09,13:25
R0418,P243,outbound,patient_to_hospital,HOME_P243,H1,H1,external,P3,low,1.0,standard_assis,5,5,1,-1,973,1028,1060,1060,57,1,,PU_R0418,DO_R0418,2026-05-18 16:13:00,2026-05-18 17:08:00,2026-05-18 17:40:00,2026-05-18 17:40:00,16:13,17:08,17:40
R0419,P244,outbound,patient_to_hospital,HOME_P244,H2,H2,dialysis,P1,high,2.0,prescription_medicale,5,5,1,-1,435,485,490,490,25,1,,PU_R0419,DO_R0419,2026-05-18 07:15:00,2026-05-18 08:05:00,2026-05-18 08:10:00,2026-05-18 08:10:00,07:15,08:05,08:10
R0420,P245,outbound,patient_to_hospital,HOME_P245,H3,H3,dialysis,P1,high,2.0,vsl_required,5,5,1,-1,470,520,525,525,25,1,R0421,PU_R0420,DO_R0420,2026-05-18 07:50:00,2026-05-18 08:40:00,2026-05-18 08:45:00,2026-05-18 08:45:00,07:50,08:40,08:45
R0421,P245,return,hospital_to_patient,H3,HOME_P245,H3,dialysis,P1,high,2.0,vsl_required,5,5,1,-1,780,795,835,780,25,1,R0420,PU_R0421,DO_R0421,2026-05-18 13:00:00,2026-05-18 13:15:00,2026-05-18 13:55:00,2026-05-18 13:00:00,13:00,13:15,13:55
R0422,P246,outbound,patient_to_hospital,HOME_P246,H1,H1,dialysis,P1,high,2.0,vsl_required,5,5,1,-1,475,516,530,530,25,1,R0423,PU_R0422,DO_R0422,2026-05-18 07:55:00,2026-05-18 08:36:00,2026-05-18 08:50:00,2026-05-18 08:50:00,07:55,08:36,08:50
R0423,P246,return,hospital_to_patient,H1,HOME_P246,H1,dialysis,P1,high,2.0,vsl_required,5,5,1,-1,770,785,825,770,25,1,R0422,PU_R0423,DO_R0423,2026-05-18 12:50:00,2026-05-18 13:05:00,2026-05-18 13:45:00,2026-05-18 12:50:00,12:50,13:05,13:45
R0424,P247,outbound,patient_to_hospital,HOME_P247,H2,H2,other,P2,medium,1.5,standard_assis,5,5,1,-1,445,505,510,510,35,1,R0425,PU_R0424,DO_R0424,2026-05-18 07:25:00,2026-05-18 08:25:00,2026-05-18 08:30:00,2026-05-18 08:30:00,07:25,08:25,08:30
R0425,P247,return,hospital_to_patient,H2,HOME_P247,H2,other,P2,medium,1.5,standard_assis,5,5,1,-1,545,570,620,545,35,1,R0424,PU_R0425,DO_R0425,2026-05-18 09:05:00,2026-05-18 09:30:00,2026-05-18 10:20:00,2026-05-18 09:05:00,09:05,09:30,10:20
R0426,P248,outbound,patient_to_hospital,HOME_P248,H1,H1,dialysis,P1,high,2.0,vsl_required,5,5,1,-1,740,783,795,795,25,1,,PU_R0426,DO_R0426,2026-05-18 12:20:00,2026-05-18 13:03:00,2026-05-18 13:15:00,2026-05-18 13:15:00,12:20,13:03,13:15
R0427,P249,outbound,patient_to_hospital,HOME_P249,H1,H1,oncology,P1,high,2.0,prescription_medicale,5,5,1,-1,615,660,670,670,25,1,R0428,PU_R0427,DO_R0427,2026-05-18 10:15:00,2026-05-18 11:00:00,2026-05-18 11:10:00,2026-05-18 11:10:00,10:15,11:00,11:10
R0428,P249,return,hospital_to_patient,H1,HOME_P249,H1,oncology,P1,high,2.0,prescription_medicale,5,5,1,-1,820,835,875,820,25,1,R0427,PU_R0428,DO_R0428,2026-05-18 13:40:00,2026-05-18 13:55:00,2026-05-18 14:35:00,2026-05-18 13:40:00,13:40,13:55,14:35
R0429,P250,outbound,patient_to_hospital,HOME_P250,H1,H1,dialysis,P1,high,2.0,vsl_required,5,5,1,-1,480,530,535,535,25,1,R0430,PU_R0429,DO_R0429,2026-05-18 08:00:00,2026-05-18 08:50:00,2026-05-18 08:55:00,2026-05-18 08:55:00,08:00,08:50,08:55
R0430,P250,return,hospital_to_patient,H1,HOME_P250,H1,dialysis,P1,high,2.0,vsl_required,5,5,1,-1,775,790,830,775,25,1,R0429,PU_R0430,DO_R0430,2026-05-18 12:55:00,2026-05-18 13:10:00,2026-05-18 13:50:00,2026-05-18 12:55:00,12:55,13:10,13:50
R0431,P251,outbound,patient_to_hospital,HOME_P251,H1,H1,other,P2,medium,1.5,standard_assis,5,5,1,-1,485,530,550,550,35,1,R0432,PU_R0431,DO_R0431,2026-05-18 08:05:00,2026-05-18 08:50:00,2026-05-18 09:10:00,2026-05-18 09:10:00,08:05,08:50,09:10
R0432,P251,return,hospital_to_patient,H1,HOME_P251,H1,other,P2,medium,1.5,standard_assis,5,5,1,-1,635,660,710,635,35,1,R0431,PU_R0432,DO_R0432,2026-05-18 10:35:00,2026-05-18 11:00:00,2026-05-18 11:50:00,2026-05-18 10:35:00,10:35,11:00,11:50
R0433,P252,outbound,patient_to_hospital,HOME_P252,H3,H3,dialysis,P1,high,2.0,vsl_required,5,5,1,-1,725,769,780,780,25,1,R0434,PU_R0433,DO_R0433,2026-05-18 12:05:00,2026-05-18 12:49:00,2026-05-18 13:00:00,2026-05-18 13:00:00,12:05,12:49,13:00
R0434,P252,return,hospital_to_patient,H3,HOME_P252,H3,dialysis,P1,high,2.0,vsl_required,5,5,1,-1,1020,1035,1075,1020,25,1,R0433,PU_R0434,DO_R0434,2026-05-18 17:00:00,2026-05-18 17:15:00,2026-05-18 17:55:00,2026-05-18 17:00:00,17:00,17:15,17:55
R0435,P253,outbound,patient_to_hospital,HOME_P253,H2,H2,other,P2,medium,1.5,standard_assis,5,5,1,-1,645,697,710,710,35,1,R0436,PU_R0435,DO_R0435,2026-05-18 10:45:00,2026-05-18 11:37:00,2026-05-18 11:50:00,2026-05-18 11:50:00,10:45,11:37,11:50
R0436,P253,return,hospital_to_patient,H2,HOME_P253,H2,other,P2,medium,1.5,standard_assis,5,5,1,-1,740,765,815,740,35,1,R0435,PU_R0436,DO_R0436,2026-05-18 12:20:00,2026-05-18 12:45:00,2026-05-18 13:35:00,2026-05-18 12:20:00,12:20,12:45,13:35
R0437,P254,outbound,patient_to_hospital,HOME_P254,H1,H1,dialysis,P1,high,2.0,vsl_required,5,5,1,-1,460,504,515,515,25,1,R0438,PU_R0437,DO_R0437,2026-05-18 07:40:00,2026-05-18 08:24:00,2026-05-18 08:35:00,2026-05-18 08:35:00,07:40,08:24,08:35
R0438,P254,return,hospital_to_patient,H1,HOME_P254,H1,dialysis,P1,high,2.0,vsl_required,5,5,1,-1,755,770,810,755,25,1,R0437,PU_R0438,DO_R0438,2026-05-18 12:35:00,2026-05-18 12:50:00,2026-05-18 13:30:00,2026-05-18 12:35:00,12:35,12:50,13:30
R0439,P255,outbound,patient_to_hospital,HOME_P255,H1,H1,dialysis,P1,high,2.0,prescription_medicale,5,5,1,-1,745,791,800,800,25,1,,PU_R0439,DO_R0439,2026-05-18 12:25:00,2026-05-18 13:11:00,2026-05-18 13:20:00,2026-05-18 13:20:00,12:25,13:11,13:20
R0440,P256,outbound,patient_to_hospital,HOME_P256,H1,H1,dialysis,P1,high,2.0,prescription_medicale,5,5,1,-1,455,500,510,510,25,1,R0441,PU_R0440,DO_R0440,2026-05-18 07:35:00,2026-05-18 08:20:00,2026-05-18 08:30:00,2026-05-18 08:30:00,07:35,08:20,08:30
R0441,P256,return,hospital_to_patient,H1,HOME_P256,H1,dialysis,P1,high,2.0,prescription_medicale,5,5,1,-1,750,765,805,750,25,1,R0440,PU_R0441,DO_R0441,2026-05-18 12:30:00,2026-05-18 12:45:00,2026-05-18 13:25:00,2026-05-18 12:30:00,12:30,12:45,13:25
R0442,P257,outbound,patient_to_hospital,HOME_P257,H1,H1,oncology,P1,high,2.0,standard_assis,5,5,1,-1,445,488,500,500,25,1,R0443,PU_R0442,DO_R0442,2026-05-18 07:25:00,2026-05-18 08:08:00,2026-05-18 08:20:00,2026-05-18 08:20:00,07:25,08:08,08:20
R0443,P257,return,hospital_to_patient,H1,HOME_P257,H1,oncology,P1,high,2.0,standard_assis,5,5,1,-1,665,680,720,665,25,1,R0442,PU_R0443,DO_R0443,2026-05-18 11:05:00,2026-05-18 11:20:00,2026-05-18 12:00:00,2026-05-18 11:05:00,11:05,11:20,12:00
R0444,P258,outbound,patient_to_hospital,HOME_P258,H1,H1,oncology,P1,high,2.0,vsl_required,5,5,1,-1,470,516,525,525,25,1,R0445,PU_R0444,DO_R0444,2026-05-18 07:50:00,2026-05-18 08:36:00,2026-05-18 08:45:00,2026-05-18 08:45:00,07:50,08:36,08:45
R0445,P258,return,hospital_to_patient,H1,HOME_P258,H1,oncology,P1,high,2.0,vsl_required,5,5,1,-1,690,705,745,690,25,1,R0444,PU_R0445,DO_R0445,2026-05-18 11:30:00,2026-05-18 11:45:00,2026-05-18 12:25:00,2026-05-18 11:30:00,11:30,11:45,12:25
R0446,P259,outbound,patient_to_hospital,HOME_P259,H1,H1,dialysis,P1,high,2.0,prescription_medicale,5,5,1,-1,745,790,800,800,25,1,,PU_R0446,DO_R0446,2026-05-18 12:25:00,2026-05-18 13:10:00,2026-05-18 13:20:00,2026-05-18 13:20:00,12:25,13:10,13:20
R0447,P260,outbound,patient_to_hospital,HOME_P260,H1,H1,oncology,P1,high,2.0,prescription_medicale,5,5,1,-1,460,497,515,515,25,1,R0448,PU_R0447,DO_R0447,2026-05-18 07:40:00,2026-05-18 08:17:00,2026-05-18 08:35:00,2026-05-18 08:35:00,07:40,08:17,08:35
R0448,P260,return,hospital_to_patient,H1,HOME_P260,H1,oncology,P1,high,2.0,prescription_medicale,5,5,1,-1,670,685,725,670,25,1,R0447,PU_R0448,DO_R0448,2026-05-18 11:10:00,2026-05-18 11:25:00,2026-05-18 12:05:00,2026-05-18 11:10:00,11:10,11:25,12:05
R0449,P261,outbound,patient_to_hospital,HOME_P261,H1,H1,other,P2,medium,1.5,standard_assis,5,5,1,-1,505,556,570,570,35,1,R0450,PU_R0449,DO_R0449,2026-05-18 08:25:00,2026-05-18 09:16:00,2026-05-18 09:30:00,2026-05-18 09:30:00,08:25,09:16,09:30
R0450,P261,return,hospital_to_patient,H1,HOME_P261,H1,other,P2,medium,1.5,standard_assis,5,5,1,-1,690,715,765,690,35,1,R0449,PU_R0450,DO_R0450,2026-05-18 11:30:00,2026-05-18 11:55:00,2026-05-18 12:45:00,2026-05-18 11:30:00,11:30,11:55,12:45
R0451,P262,outbound,patient_to_hospital,HOME_P262,H1,H1,dialysis,P1,high,2.0,vsl_required,5,5,1,-1,760,803,815,815,25,1,,PU_R0451,DO_R0451,2026-05-18 12:40:00,2026-05-18 13:23:00,2026-05-18 13:35:00,2026-05-18 13:35:00,12:40,13:23,13:35
R0452,P263,outbound,patient_to_hospital,HOME_P263,H2,H2,other,P2,medium,1.5,standard_assis,5,5,1,-1,510,559,575,575,35,1,R0453,PU_R0452,DO_R0452,2026-05-18 08:30:00,2026-05-18 09:19:00,2026-05-18 09:35:00,2026-05-18 09:35:00,08:30,09:19,09:35
R0453,P263,return,hospital_to_patient,H2,HOME_P263,H2,other,P2,medium,1.5,standard_assis,5,5,1,-1,605,630,680,605,35,1,R0452,PU_R0453,DO_R0453,2026-05-18 10:05:00,2026-05-18 10:30:00,2026-05-18 11:20:00,2026-05-18 10:05:00,10:05,10:30,11:20
R0454,P264,outbound,patient_to_hospital,HOME_P264,H1,H1,oncology,P1,high,2.0,prescription_medicale,5,5,1,-1,470,510,525,525,25,1,R0455,PU_R0454,DO_R0454,2026-05-18 07:50:00,2026-05-18 08:30:00,2026-05-18 08:45:00,2026-05-18 08:45:00,07:50,08:30,08:45
R0455,P264,return,hospital_to_patient,H1,HOME_P264,H1,oncology,P1,high,2.0,prescription_medicale,5,5,1,-1,675,690,730,675,25,1,R0454,PU_R0455,DO_R0455,2026-05-18 11:15:00,2026-05-18 11:30:00,2026-05-18 12:10:00,2026-05-18 11:15:00,11:15,11:30,12:10
R0456,P265,outbound,patient_to_hospital,HOME_P265,H2,H2,other,P2,medium,1.5,standard_assis,5,5,1,-1,640,691,705,705,35,1,R0457,PU_R0456,DO_R0456,2026-05-18 10:40:00,2026-05-18 11:31:00,2026-05-18 11:45:00,2026-05-18 11:45:00,10:40,11:31,11:45
R0457,P265,return,hospital_to_patient,H2,HOME_P265,H2,other,P2,medium,1.5,standard_assis,5,5,1,-1,730,755,805,730,35,1,R0456,PU_R0457,DO_R0457,2026-05-18 12:10:00,2026-05-18 12:35:00,2026-05-18 13:25:00,2026-05-18 12:10:00,12:10,12:35,13:25
R0458,P266,outbound,patient_to_hospital,HOME_P266,H2,H2,other,P2,medium,1.5,standard_assis,5,5,1,-1,785,832,850,850,35,1,R0459,PU_R0458,DO_R0458,2026-05-18 13:05:00,2026-05-18 13:52:00,2026-05-18 14:10:00,2026-05-18 14:10:00,13:05,13:52,14:10
R0459,P266,return,hospital_to_patient,H2,HOME_P266,H2,other,P2,medium,1.5,standard_assis,5,5,1,-1,875,900,950,875,35,1,R0458,PU_R0459,DO_R0459,2026-05-18 14:35:00,2026-05-18 15:00:00,2026-05-18 15:50:00,2026-05-18 14:35:00,14:35,15:00,15:50
R0460,P267,outbound,patient_to_hospital,HOME_P267,H1,H1,other,P2,medium,1.5,standard_assis,5,5,1,-1,860,918,925,925,35,1,,PU_R0460,DO_R0460,2026-05-18 14:20:00,2026-05-18 15:18:00,2026-05-18 15:25:00,2026-05-18 15:25:00,14:20,15:18,15:25
R0461,P268,outbound,patient_to_hospital,HOME_P268,H2,H2,dialysis,P1,high,2.0,vsl_required,5,5,1,-1,780,822,835,835,25,1,,PU_R0461,DO_R0461,2026-05-18 13:00:00,2026-05-18 13:42:00,2026-05-18 13:55:00,2026-05-18 13:55:00,13:00,13:42,13:55
R0462,P269,outbound,patient_to_hospital,HOME_P269,H1,H1,external,P3,low,1.0,premium,5,5,1,-1,520,572,595,595,45,1,R0463,PU_R0462,DO_R0462,2026-05-18 08:40:00,2026-05-18 09:32:00,2026-05-18 09:55:00,2026-05-18 09:55:00,08:40,09:32,09:55
R0463,P269,return,hospital_to_patient,H1,HOME_P269,H1,external,P3,low,1.0,premium,5,5,1,-1,620,655,715,620,45,1,R0462,PU_R0463,DO_R0463,2026-05-18 10:20:00,2026-05-18 10:55:00,2026-05-18 11:55:00,2026-05-18 10:20:00,10:20,10:55,11:55
R0464,P270,outbound,patient_to_hospital,HOME_P270,H1,H1,oncology,P1,high,2.0,standard_assis,5,5,1,-1,470,509,525,525,25,1,R0465,PU_R0464,DO_R0464,2026-05-18 07:50:00,2026-05-18 08:29:00,2026-05-18 08:45:00,2026-05-18 08:45:00,07:50,08:29,08:45
R0465,P270,return,hospital_to_patient,H1,HOME_P270,H1,oncology,P1,high,2.0,standard_assis,5,5,1,-1,675,690,730,675,25,1,R0464,PU_R0465,DO_R0465,2026-05-18 11:15:00,2026-05-18 11:30:00,2026-05-18 12:10:00,2026-05-18 11:15:00,11:15,11:30,12:10
R0466,P271,outbound,patient_to_hospital,HOME_P271,H1,H1,dialysis,P1,high,2.0,prescription_medicale,5,5,1,-1,465,507,520,520,25,1,R0467,PU_R0466,DO_R0466,2026-05-18 07:45:00,2026-05-18 08:27:00,2026-05-18 08:40:00,2026-05-18 08:40:00,07:45,08:27,08:40
R0467,P271,return,hospital_to_patient,H1,HOME_P271,H1,dialysis,P1,high,2.0,prescription_medicale,5,5,1,-1,760,775,815,760,25,1,R0466,PU_R0467,DO_R0467,2026-05-18 12:40:00,2026-05-18 12:55:00,2026-05-18 13:35:00,2026-05-18 12:40:00,12:40,12:55,13:35
R0468,P272,outbound,patient_to_hospital,HOME_P272,H2,H2,dialysis,P1,high,2.0,vsl_required,5,5,1,-1,430,476,485,485,25,1,R0469,PU_R0468,DO_R0468,2026-05-18 07:10:00,2026-05-18 07:56:00,2026-05-18 08:05:00,2026-05-18 08:05:00,07:10,07:56,08:05
R0469,P272,return,hospital_to_patient,H2,HOME_P272,H2,dialysis,P1,high,2.0,vsl_required,5,5,1,-1,755,770,810,755,25,1,R0468,PU_R0469,DO_R0469,2026-05-18 12:35:00,2026-05-18 12:50:00,2026-05-18 13:30:00,2026-05-18 12:35:00,12:35,12:50,13:30
R0470,P273,outbound,patient_to_hospital,HOME_P273,H2,H2,other,P2,medium,1.5,vsl_required,5,5,1,-1,855,911,920,920,35,1,,PU_R0470,DO_R0470,2026-05-18 14:15:00,2026-05-18 15:11:00,2026-05-18 15:20:00,2026-05-18 15:20:00,14:15,15:11,15:20
R0471,P274,outbound,patient_to_hospital,HOME_P274,H3,H3,dialysis,P1,high,2.0,vsl_required,5,5,1,-1,740,785,795,795,25,1,,PU_R0471,DO_R0471,2026-05-18 12:20:00,2026-05-18 13:05:00,2026-05-18 13:15:00,2026-05-18 13:15:00,12:20,13:05,13:15
R0472,P275,outbound,patient_to_hospital,HOME_P275,H2,H2,other,P2,medium,1.5,prescription_medicale,5,5,1,-1,940,1000,1005,1005,35,1,,PU_R0472,DO_R0472,2026-05-18 15:40:00,2026-05-18 16:40:00,2026-05-18 16:45:00,2026-05-18 16:45:00,15:40,16:40,16:45
R0473,P276,outbound,patient_to_hospital,HOME_P276,H3,H3,dialysis,P1,high,2.0,vsl_required,5,5,1,-1,755,801,810,810,25,1,,PU_R0473,DO_R0473,2026-05-18 12:35:00,2026-05-18 13:21:00,2026-05-18 13:30:00,2026-05-18 13:30:00,12:35,13:21,13:30
R0474,P277,outbound,patient_to_hospital,HOME_P277,H1,H1,dialysis,P1,high,2.0,vsl_required,5,5,1,-1,985,1034,1040,1040,25,1,,PU_R0474,DO_R0474,2026-05-18 16:25:00,2026-05-18 17:14:00,2026-05-18 17:20:00,2026-05-18 17:20:00,16:25,17:14,17:20
R0475,P278,outbound,patient_to_hospital,HOME_P278,H2,H2,dialysis,P1,high,2.0,vsl_required,5,5,1,-1,430,476,485,485,25,1,R0476,PU_R0475,DO_R0475,2026-05-18 07:10:00,2026-05-18 07:56:00,2026-05-18 08:05:00,2026-05-18 08:05:00,07:10,07:56,08:05
R0476,P278,return,hospital_to_patient,H2,HOME_P278,H2,dialysis,P1,high,2.0,vsl_required,5,5,1,-1,755,770,810,755,25,1,R0475,PU_R0476,DO_R0476,2026-05-18 12:35:00,2026-05-18 12:50:00,2026-05-18 13:30:00,2026-05-18 12:35:00,12:35,12:50,13:30
R0477,P279,outbound,patient_to_hospital,HOME_P279,H1,H1,oncology,P1,high,2.0,vsl_required,5,5,1,-1,475,521,530,530,25,1,R0478,PU_R0477,DO_R0477,2026-05-18 07:55:00,2026-05-18 08:41:00,2026-05-18 08:50:00,2026-05-18 08:50:00,07:55,08:41,08:50
R0478,P279,return,hospital_to_patient,H1,HOME_P279,H1,oncology,P1,high,2.0,vsl_required,5,5,1,-1,680,695,735,680,25,1,R0477,PU_R0478,DO_R0478,2026-05-18 11:20:00,2026-05-18 11:35:00,2026-05-18 12:15:00,2026-05-18 11:20:00,11:20,11:35,12:15
R0479,P280,outbound,patient_to_hospital,HOME_P280,H1,H1,oncology,P1,high,2.0,prescription_medicale,5,5,1,-1,435,477,490,490,25,1,R0480,PU_R0479,DO_R0479,2026-05-18 07:15:00,2026-05-18 07:57:00,2026-05-18 08:10:00,2026-05-18 08:10:00,07:15,07:57,08:10
R0480,P280,return,hospital_to_patient,H1,HOME_P280,H1,oncology,P1,high,2.0,prescription_medicale,5,5,1,-1,655,670,710,655,25,1,R0479,PU_R0480,DO_R0480,2026-05-18 10:55:00,2026-05-18 11:10:00,2026-05-18 11:50:00,2026-05-18 10:55:00,10:55,11:10,11:50
R0481,P281,outbound,patient_to_hospital,HOME_P281,H1,H1,oncology,P1,high,2.0,standard_assis,5,5,1,-1,840,877,895,895,25,1,,PU_R0481,DO_R0481,2026-05-18 14:00:00,2026-05-18 14:37:00,2026-05-18 14:55:00,2026-05-18 14:55:00,14:00,14:37,14:55
R0482,P282,outbound,patient_to_hospital,HOME_P282,H2,H2,other,P2,medium,1.5,vsl_required,5,5,1,-1,925,971,990,990,35,1,,PU_R0482,DO_R0482,2026-05-18 15:25:00,2026-05-18 16:11:00,2026-05-18 16:30:00,2026-05-18 16:30:00,15:25,16:11,16:30
R0483,P283,outbound,patient_to_hospital,HOME_P283,H1,H1,dialysis,P1,high,2.0,vsl_required,5,5,1,-1,775,817,830,830,25,1,,PU_R0483,DO_R0483,2026-05-18 12:55:00,2026-05-18 13:37:00,2026-05-18 13:50:00,2026-05-18 13:50:00,12:55,13:37,13:50
R0484,P284,outbound,patient_to_hospital,HOME_P284,H2,H2,other,P2,medium,1.5,standard_assis,5,5,1,-1,650,706,715,715,35,1,R0485,PU_R0484,DO_R0484,2026-05-18 10:50:00,2026-05-18 11:46:00,2026-05-18 11:55:00,2026-05-18 11:55:00,10:50,11:46,11:55
R0485,P284,return,hospital_to_patient,H2,HOME_P284,H2,other,P2,medium,1.5,standard_assis,5,5,1,-1,755,780,830,755,35,1,R0484,PU_R0485,DO_R0485,2026-05-18 12:35:00,2026-05-18 13:00:00,2026-05-18 13:50:00,2026-05-18 12:35:00,12:35,13:00,13:50
R0486,P285,outbound,patient_to_hospital,HOME_P285,H3,H3,dialysis,P1,high,2.0,vsl_required,5,5,1,-1,730,774,785,785,25,1,,PU_R0486,DO_R0486,2026-05-18 12:10:00,2026-05-18 12:54:00,2026-05-18 13:05:00,2026-05-18 13:05:00,12:10,12:54,13:05
R0487,P286,outbound,patient_to_hospital,HOME_P286,H1,H1,oncology,P1,high,2.0,vsl_required,5,5,1,-1,655,701,710,710,25,1,R0488,PU_R0487,DO_R0487,2026-05-18 10:55:00,2026-05-18 11:41:00,2026-05-18 11:50:00,2026-05-18 11:50:00,10:55,11:41,11:50
R0488,P286,return,hospital_to_patient,H1,HOME_P286,H1,oncology,P1,high,2.0,vsl_required,5,5,1,-1,890,905,945,890,25,1,R0487,PU_R0488,DO_R0488,2026-05-18 14:50:00,2026-05-18 15:05:00,2026-05-18 15:45:00,2026-05-18 14:50:00,14:50,15:05,15:45
R0489,P287,outbound,patient_to_hospital,HOME_P287,H1,H1,dialysis,P1,high,2.0,vsl_required,5,5,1,-1,440,482,495,495,25,1,R0490,PU_R0489,DO_R0489,2026-05-18 07:20:00,2026-05-18 08:02:00,2026-05-18 08:15:00,2026-05-18 08:15:00,07:20,08:02,08:15
R0490,P287,return,hospital_to_patient,H1,HOME_P287,H1,dialysis,P1,high,2.0,vsl_required,5,5,1,-1,735,750,790,735,25,1,R0489,PU_R0490,DO_R0490,2026-05-18 12:15:00,2026-05-18 12:30:00,2026-05-18 13:10:00,2026-05-18 12:15:00,12:15,12:30,13:10
R0491,P288,outbound,patient_to_hospital,HOME_P288,H2,H2,other,P2,medium,1.5,prescription_medicale,5,5,1,-1,795,844,860,860,35,1,R0492,PU_R0491,DO_R0491,2026-05-18 13:15:00,2026-05-18 14:04:00,2026-05-18 14:20:00,2026-05-18 14:20:00,13:15,14:04,14:20
R0492,P288,return,hospital_to_patient,H2,HOME_P288,H2,other,P2,medium,1.5,prescription_medicale,5,5,1,-1,900,925,975,900,35,1,R0491,PU_R0492,DO_R0492,2026-05-18 15:00:00,2026-05-18 15:25:00,2026-05-18 16:15:00,2026-05-18 15:00:00,15:00,15:25,16:15
R0493,P289,outbound,patient_to_hospital,HOME_P289,H1,H1,external,P3,low,1.0,standard_assis,5,5,1,-1,580,645,655,655,45,1,R0494,PU_R0493,DO_R0493,2026-05-18 09:40:00,2026-05-18 10:45:00,2026-05-18 10:55:00,2026-05-18 10:55:00,09:40,10:45,10:55
R0494,P289,return,hospital_to_patient,H1,HOME_P289,H1,external,P3,low,1.0,standard_assis,5,5,1,-1,675,710,770,675,45,1,R0493,PU_R0494,DO_R0494,2026-05-18 11:15:00,2026-05-18 11:50:00,2026-05-18 12:50:00,2026-05-18 11:15:00,11:15,11:50,12:50
R0495,P290,outbound,patient_to_hospital,HOME_P290,H2,H2,dialysis,P1,high,2.0,prescription_medicale,5,5,1,-1,445,486,500,500,25,1,R0496,PU_R0495,DO_R0495,2026-05-18 07:25:00,2026-05-18 08:06:00,2026-05-18 08:20:00,2026-05-18 08:20:00,07:25,08:06,08:20
R0496,P290,return,hospital_to_patient,H2,HOME_P290,H2,dialysis,P1,high,2.0,prescription_medicale,5,5,1,-1,760,775,815,760,25,1,R0495,PU_R0496,DO_R0496,2026-05-18 12:40:00,2026-05-18 12:55:00,2026-05-18 13:35:00,2026-05-18 12:40:00,12:40,12:55,13:35
R0497,P291,outbound,patient_to_hospital,HOME_P291,H1,H1,dialysis,P1,high,2.0,vsl_required,5,5,1,-1,745,787,800,800,25,1,,PU_R0497,DO_R0497,2026-05-18 12:25:00,2026-05-18 13:07:00,2026-05-18 13:20:00,2026-05-18 13:20:00,12:25,13:07,13:20
R0498,P292,outbound,patient_to_hospital,HOME_P292,H2,H2,other,P2,medium,1.5,standard_assis,5,5,1,-1,810,859,875,875,35,1,R0499,PU_R0498,DO_R0498,2026-05-18 13:30:00,2026-05-18 14:19:00,2026-05-18 14:35:00,2026-05-18 14:35:00,13:30,14:19,14:35
R0499,P292,return,hospital_to_patient,H2,HOME_P292,H2,other,P2,medium,1.5,standard_assis,5,5,1,-1,905,930,980,905,35,1,R0498,PU_R0499,DO_R0499,2026-05-18 15:05:00,2026-05-18 15:30:00,2026-05-18 16:20:00,2026-05-18 15:05:00,15:05,15:30,16:20
R0500,P293,outbound,patient_to_hospital,HOME_P293,H1,H1,dialysis,P1,high,2.0,prescription_medicale,5,5,1,-1,445,495,500,500,25,1,R0501,PU_R0500,DO_R0500,2026-05-18 07:25:00,2026-05-18 08:15:00,2026-05-18 08:20:00,2026-05-18 08:20:00,07:25,08:15,08:20
R0501,P293,return,hospital_to_patient,H1,HOME_P293,H1,dialysis,P1,high,2.0,prescription_medicale,5,5,1,-1,740,755,795,740,25,1,R0500,PU_R0501,DO_R0501,2026-05-18 12:20:00,2026-05-18 12:35:00,2026-05-18 13:15:00,2026-05-18 12:20:00,12:20,12:35,13:15
R0502,P294,outbound,patient_to_hospital,HOME_P294,H1,H1,external,P3,low,1.0,prescription_medicale,5,5,1,-1,688,739,765,765,47,1,,PU_R0502,DO_R0502,2026-05-18 11:28:00,2026-05-18 12:19:00,2026-05-18 12:45:00,2026-05-18 12:45:00,11:28,12:19,12:45
R0503,P295,outbound,patient_to_hospital,HOME_P295,H2,H2,other,P2,medium,1.5,prescription_medicale,5,5,1,-1,530,575,595,595,35,1,R0504,PU_R0503,DO_R0503,2026-05-18 08:50:00,2026-05-18 09:35:00,2026-05-18 09:55:00,2026-05-18 09:55:00,08:50,09:35,09:55
R0504,P295,return,hospital_to_patient,H2,HOME_P295,H2,other,P2,medium,1.5,prescription_medicale,5,5,1,-1,635,660,710,635,35,1,R0503,PU_R0504,DO_R0504,2026-05-18 10:35:00,2026-05-18 11:00:00,2026-05-18 11:50:00,2026-05-18 10:35:00,10:35,11:00,11:50
R0505,P296,outbound,patient_to_hospital,HOME_P296,H2,H2,other,P2,medium,1.5,standard_assis,5,5,1,-1,810,859,875,875,35,1,R0506,PU_R0505,DO_R0505,2026-05-18 13:30:00,2026-05-18 14:19:00,2026-05-18 14:35:00,2026-05-18 14:35:00,13:30,14:19,14:35
R0506,P296,return,hospital_to_patient,H2,HOME_P296,H2,other,P2,medium,1.5,standard_assis,5,5,1,-1,910,935,985,910,35,1,R0505,PU_R0506,DO_R0506,2026-05-18 15:10:00,2026-05-18 15:35:00,2026-05-18 16:25:00,2026-05-18 15:10:00,15:10,15:35,16:25
R0507,P297,outbound,patient_to_hospital,HOME_P297,H2,H2,dialysis,P1,high,2.0,vsl_required,5,5,1,-1,440,490,495,495,25,1,R0508,PU_R0507,DO_R0507,2026-05-18 07:20:00,2026-05-18 08:10:00,2026-05-18 08:15:00,2026-05-18 08:15:00,07:20,08:10,08:15
R0508,P297,return,hospital_to_patient,H2,HOME_P297,H2,dialysis,P1,high,2.0,vsl_required,5,5,1,-1,730,745,785,730,25,1,R0507,PU_R0508,DO_R0508,2026-05-18 12:10:00,2026-05-18 12:25:00,2026-05-18 13:05:00,2026-05-18 12:10:00,12:10,12:25,13:05
R0509,P298,outbound,patient_to_hospital,HOME_P298,H3,H3,dialysis,P1,high,2.0,vsl_required,5,5,1,-1,735,776,790,790,25,1,,PU_R0509,DO_R0509,2026-05-18 12:15:00,2026-05-18 12:56:00,2026-05-18 13:10:00,2026-05-18 13:10:00,12:15,12:56,13:10
R0510,P299,outbound,patient_to_hospital,HOME_P299,H1,H1,oncology,P1,high,2.0,vsl_required,5,5,1,-1,605,643,660,660,25,1,R0511,PU_R0510,DO_R0510,2026-05-18 10:05:00,2026-05-18 10:43:00,2026-05-18 11:00:00,2026-05-18 11:00:00,10:05,10:43,11:00
R0511,P299,return,hospital_to_patient,H1,HOME_P299,H1,oncology,P1,high,2.0,vsl_required,5,5,1,-1,820,835,875,820,25,1,R0510,PU_R0511,DO_R0511,2026-05-18 13:40:00,2026-05-18 13:55:00,2026-05-18 14:35:00,2026-05-18 13:40:00,13:40,13:55,14:35
R0512,P300,outbound,patient_to_hospital,HOME_P300,H3,H3,dialysis,P1,high,2.0,vsl_required,5,5,1,-1,455,502,510,510,25,1,R0513,PU_R0512,DO_R0512,2026-05-18 07:35:00,2026-05-18 08:22:00,2026-05-18 08:30:00,2026-05-18 08:30:00,07:35,08:22,08:30
R0513,P300,return,hospital_to_patient,H3,HOME_P300,H3,dialysis,P1,high,2.0,vsl_required,5,5,1,-1,725,740,780,725,25,1,R0512,PU_R0513,DO_R0513,2026-05-18 12:05:00,2026-05-18 12:20:00,2026-05-18 13:00:00,2026-05-18 12:05:00,12:05,12:20,13:00
R0514,P301,outbound,patient_to_hospital,HOME_P301,H1,H1,other,P2,medium,1.5,prescription_medicale,5,5,1,-1,475,530,540,540,35,1,R0515,PU_R0514,DO_R0514,2026-05-18 07:55:00,2026-05-18 08:50:00,2026-05-18 09:00:00,2026-05-18 09:00:00,07:55,08:50,09:00
R0515,P301,return,hospital_to_patient,H1,HOME_P301,H1,other,P2,medium,1.5,prescription_medicale,5,5,1,-1,625,650,700,625,35,1,R0514,PU_R0515,DO_R0515,2026-05-18 10:25:00,2026-05-18 10:50:00,2026-05-18 11:40:00,2026-05-18 10:25:00,10:25,10:50,11:40
R0516,P302,outbound,patient_to_hospital,HOME_P302,H2,H2,other,P2,medium,1.5,standard_assis,5,5,1,-1,785,829,850,850,35,1,R0517,PU_R0516,DO_R0516,2026-05-18 13:05:00,2026-05-18 13:49:00,2026-05-18 14:10:00,2026-05-18 14:10:00,13:05,13:49,14:10
R0517,P302,return,hospital_to_patient,H2,HOME_P302,H2,other,P2,medium,1.5,standard_assis,5,5,1,-1,875,900,950,875,35,1,R0516,PU_R0517,DO_R0517,2026-05-18 14:35:00,2026-05-18 15:00:00,2026-05-18 15:50:00,2026-05-18 14:35:00,14:35,15:00,15:50
R0518,P303,outbound,patient_to_hospital,HOME_P303,H2,H2,dialysis,P1,high,2.0,prescription_medicale,5,5,1,-1,455,501,510,510,25,1,R0519,PU_R0518,DO_R0518,2026-05-18 07:35:00,2026-05-18 08:21:00,2026-05-18 08:30:00,2026-05-18 08:30:00,07:35,08:21,08:30
R0519,P303,return,hospital_to_patient,H2,HOME_P303,H2,dialysis,P1,high,2.0,prescription_medicale,5,5,1,-1,730,745,785,730,25,1,R0518,PU_R0519,DO_R0519,2026-05-18 12:10:00,2026-05-18 12:25:00,2026-05-18 13:05:00,2026-05-18 12:10:00,12:10,12:25,13:05
R0520,P304,outbound,patient_to_hospital,HOME_P304,H2,H2,oncology,P1,high,2.0,vsl_required,5,5,1,-1,475,520,530,530,25,1,R0521,PU_R0520,DO_R0520,2026-05-18 07:55:00,2026-05-18 08:40:00,2026-05-18 08:50:00,2026-05-18 08:50:00,07:55,08:40,08:50
R0521,P304,return,hospital_to_patient,H2,HOME_P304,H2,oncology,P1,high,2.0,vsl_required,5,5,1,-1,690,705,745,690,25,1,R0520,PU_R0521,DO_R0521,2026-05-18 11:30:00,2026-05-18 11:45:00,2026-05-18 12:25:00,2026-05-18 11:30:00,11:30,11:45,12:25
R0522,P305,outbound,patient_to_hospital,HOME_P305,H1,H1,other,P2,medium,1.5,standard_assis,5,5,1,-1,980,1025,1045,1045,35,1,,PU_R0522,DO_R0522,2026-05-18 16:20:00,2026-05-18 17:05:00,2026-05-18 17:25:00,2026-05-18 17:25:00,16:20,17:05,17:25
R0523,P306,outbound,patient_to_hospital,HOME_P306,H1,H1,oncology,P1,high,2.0,prescription_medicale,5,5,1,-1,430,472,485,485,25,1,R0524,PU_R0523,DO_R0523,2026-05-18 07:10:00,2026-05-18 07:52:00,2026-05-18 08:05:00,2026-05-18 08:05:00,07:10,07:52,08:05
R0524,P306,return,hospital_to_patient,H1,HOME_P306,H1,oncology,P1,high,2.0,prescription_medicale,5,5,1,-1,660,675,715,660,25,1,R0523,PU_R0524,DO_R0524,2026-05-18 11:00:00,2026-05-18 11:15:00,2026-05-18 11:55:00,2026-05-18 11:00:00,11:00,11:15,11:55
R0525,P307,outbound,patient_to_hospital,HOME_P307,H3,H3,dialysis,P1,high,2.0,vsl_required,5,5,1,-1,480,521,535,535,25,1,R0526,PU_R0525,DO_R0525,2026-05-18 08:00:00,2026-05-18 08:41:00,2026-05-18 08:55:00,2026-05-18 08:55:00,08:00,08:41,08:55
R0526,P307,return,hospital_to_patient,H3,HOME_P307,H3,dialysis,P1,high,2.0,vsl_required,5,5,1,-1,765,780,820,765,25,1,R0525,PU_R0526,DO_R0526,2026-05-18 12:45:00,2026-05-18 13:00:00,2026-05-18 13:40:00,2026-05-18 12:45:00,12:45,13:00,13:40
R0527,P308,outbound,patient_to_hospital,HOME_P308,H1,H1,oncology,P1,high,2.0,vsl_required,5,5,1,-1,640,684,695,695,25,1,R0528,PU_R0527,DO_R0527,2026-05-18 10:40:00,2026-05-18 11:24:00,2026-05-18 11:35:00,2026-05-18 11:35:00,10:40,11:24,11:35
R0528,P308,return,hospital_to_patient,H1,HOME_P308,H1,oncology,P1,high,2.0,vsl_required,5,5,1,-1,870,885,925,870,25,1,R0527,PU_R0528,DO_R0528,2026-05-18 14:30:00,2026-05-18 14:45:00,2026-05-18 15:25:00,2026-05-18 14:30:00,14:30,14:45,15:25
R0529,P309,outbound,patient_to_hospital,HOME_P309,H1,H1,oncology,P1,high,2.0,prescription_medicale,5,5,1,-1,435,485,490,490,25,1,R0530,PU_R0529,DO_R0529,2026-05-18 07:15:00,2026-05-18 08:05:00,2026-05-18 08:10:00,2026-05-18 08:10:00,07:15,08:05,08:10
R0530,P309,return,hospital_to_patient,H1,HOME_P309,H1,oncology,P1,high,2.0,prescription_medicale,5,5,1,-1,665,680,720,665,25,1,R0529,PU_R0530,DO_R0530,2026-05-18 11:05:00,2026-05-18 11:20:00,2026-05-18 12:00:00,2026-05-18 11:05:00,11:05,11:20,12:00
R0531,P310,outbound,patient_to_hospital,HOME_P310,H1,H1,dialysis,P1,high,2.0,vsl_required,5,5,1,-1,465,509,520,520,25,1,R0532,PU_R0531,DO_R0531,2026-05-18 07:45:00,2026-05-18 08:29:00,2026-05-18 08:40:00,2026-05-18 08:40:00,07:45,08:29,08:40
R0532,P310,return,hospital_to_patient,H1,HOME_P310,H1,dialysis,P1,high,2.0,vsl_required,5,5,1,-1,760,775,815,760,25,1,R0531,PU_R0532,DO_R0532,2026-05-18 12:40:00,2026-05-18 12:55:00,2026-05-18 13:35:00,2026-05-18 12:40:00,12:40,12:55,13:35
R0533,P311,outbound,patient_to_hospital,HOME_P311,H2,H2,other,P2,medium,1.5,standard_assis,5,5,1,-1,950,1009,1015,1015,35,1,,PU_R0533,DO_R0533,2026-05-18 15:50:00,2026-05-18 16:49:00,2026-05-18 16:55:00,2026-05-18 16:55:00,15:50,16:49,16:55
R0534,P312,outbound,patient_to_hospital,HOME_P312,H1,H1,dialysis,P1,high,2.0,vsl_required,5,5,1,-1,730,771,785,785,25,1,R0535,PU_R0534,DO_R0534,2026-05-18 12:10:00,2026-05-18 12:51:00,2026-05-18 13:05:00,2026-05-18 13:05:00,12:10,12:51,13:05
R0535,P312,return,hospital_to_patient,H1,HOME_P312,H1,dialysis,P1,high,2.0,vsl_required,5,5,1,-1,1025,1040,1080,1025,25,1,R0534,PU_R0535,DO_R0535,2026-05-18 17:05:00,2026-05-18 17:20:00,2026-05-18 18:00:00,2026-05-18 17:05:00,17:05,17:20,18:00
R0536,P313,outbound,patient_to_hospital,HOME_P313,H1,H1,other,P2,medium,1.5,prescription_medicale,5,5,1,-1,845,889,910,910,35,1,R0537,PU_R0536,DO_R0536,2026-05-18 14:05:00,2026-05-18 14:49:00,2026-05-18 15:10:00,2026-05-18 15:10:00,14:05,14:49,15:10
R0537,P313,return,hospital_to_patient,H1,HOME_P313,H1,other,P2,medium,1.5,prescription_medicale,5,5,1,-1,1000,1025,1075,1000,35,1,R0536,PU_R0537,DO_R0537,2026-05-18 16:40:00,2026-05-18 17:05:00,2026-05-18 17:55:00,2026-05-18 16:40:00,16:40,17:05,17:55
R0538,P314,outbound,patient_to_hospital,HOME_P314,H2,H2,dialysis,P1,high,2.0,prescription_medicale,5,5,1,-1,735,782,790,790,25,1,,PU_R0538,DO_R0538,2026-05-18 12:15:00,2026-05-18 13:02:00,2026-05-18 13:10:00,2026-05-18 13:10:00,12:15,13:02,13:10
R0539,P315,outbound,patient_to_hospital,HOME_P315,H2,H2,oncology,P1,high,2.0,vsl_required,5,5,1,-1,775,813,830,830,25,1,R0540,PU_R0539,DO_R0539,2026-05-18 12:55:00,2026-05-18 13:33:00,2026-05-18 13:50:00,2026-05-18 13:50:00,12:55,13:33,13:50
R0540,P315,return,hospital_to_patient,H2,HOME_P315,H2,oncology,P1,high,2.0,vsl_required,5,5,1,-1,1005,1020,1060,1005,25,1,R0539,PU_R0540,DO_R0540,2026-05-18 16:45:00,2026-05-18 17:00:00,2026-05-18 17:40:00,2026-05-18 16:45:00,16:45,17:00,17:40
R0541,P316,outbound,patient_to_hospital,HOME_P316,H1,H1,dialysis,P1,high,2.0,vsl_required,5,5,1,-1,460,502,515,515,25,1,R0542,PU_R0541,DO_R0541,2026-05-18 07:40:00,2026-05-18 08:22:00,2026-05-18 08:35:00,2026-05-18 08:35:00,07:40,08:22,08:35
R0542,P316,return,hospital_to_patient,H1,HOME_P316,H1,dialysis,P1,high,2.0,vsl_required,5,5,1,-1,755,770,810,755,25,1,R0541,PU_R0542,DO_R0542,2026-05-18 12:35:00,2026-05-18 12:50:00,2026-05-18 13:30:00,2026-05-18 12:35:00,12:35,12:50,13:30
R0543,P317,outbound,patient_to_hospital,HOME_P317,H2,H2,other,P2,medium,1.5,prescription_medicale,5,5,1,-1,810,856,875,875,35,1,R0544,PU_R0543,DO_R0543,2026-05-18 13:30:00,2026-05-18 14:16:00,2026-05-18 14:35:00,2026-05-18 14:35:00,13:30,14:16,14:35
R0544,P317,return,hospital_to_patient,H2,HOME_P317,H2,other,P2,medium,1.5,prescription_medicale,5,5,1,-1,905,930,980,905,35,1,R0543,PU_R0544,DO_R0544,2026-05-18 15:05:00,2026-05-18 15:30:00,2026-05-18 16:20:00,2026-05-18 15:05:00,15:05,15:30,16:20
R0545,P318,outbound,patient_to_hospital,HOME_P318,H1,H1,dialysis,P1,high,2.0,prescription_medicale,5,5,1,-1,440,487,495,495,25,1,R0546,PU_R0545,DO_R0545,2026-05-18 07:20:00,2026-05-18 08:07:00,2026-05-18 08:15:00,2026-05-18 08:15:00,07:20,08:07,08:15
R0546,P318,return,hospital_to_patient,H1,HOME_P318,H1,dialysis,P1,high,2.0,prescription_medicale,5,5,1,-1,735,750,790,735,25,1,R0545,PU_R0546,DO_R0546,2026-05-18 12:15:00,2026-05-18 12:30:00,2026-05-18 13:10:00,2026-05-18 12:15:00,12:15,12:30,13:10
R0547,P319,outbound,patient_to_hospital,HOME_P319,H1,H1,dialysis,P1,high,2.0,prescription_medicale,5,5,1,-1,770,813,825,825,25,1,,PU_R0547,DO_R0547,2026-05-18 12:50:00,2026-05-18 13:33:00,2026-05-18 13:45:00,2026-05-18 13:45:00,12:50,13:33,13:45
R0548,P320,outbound,patient_to_hospital,HOME_P320,H1,H1,other,P2,medium,1.5,prescription_medicale,5,5,1,-1,530,579,595,595,35,1,R0549,PU_R0548,DO_R0548,2026-05-18 08:50:00,2026-05-18 09:39:00,2026-05-18 09:55:00,2026-05-18 09:55:00,08:50,09:39,09:55
R0549,P320,return,hospital_to_patient,H1,HOME_P320,H1,other,P2,medium,1.5,prescription_medicale,5,5,1,-1,690,715,765,690,35,1,R0548,PU_R0549,DO_R0549,2026-05-18 11:30:00,2026-05-18 11:55:00,2026-05-18 12:45:00,2026-05-18 11:30:00,11:30,11:55,12:45
R0550,P321,outbound,patient_to_hospital,HOME_P321,H1,H1,dialysis,P1,high,2.0,vsl_required,5,5,1,-1,445,493,500,500,25,1,R0551,PU_R0550,DO_R0550,2026-05-18 07:25:00,2026-05-18 08:13:00,2026-05-18 08:20:00,2026-05-18 08:20:00,07:25,08:13,08:20
R0551,P321,return,hospital_to_patient,H1,HOME_P321,H1,dialysis,P1,high,2.0,vsl_required,5,5,1,-1,740,755,795,740,25,1,R0550,PU_R0551,DO_R0551,2026-05-18 12:20:00,2026-05-18 12:35:00,2026-05-18 13:15:00,2026-05-18 12:20:00,12:20,12:35,13:15
R0552,P322,outbound,patient_to_hospital,HOME_P322,H2,H2,other,P2,medium,1.5,prescription_medicale,5,5,1,-1,620,667,685,685,35,1,R0553,PU_R0552,DO_R0552,2026-05-18 10:20:00,2026-05-18 11:07:00,2026-05-18 11:25:00,2026-05-18 11:25:00,10:20,11:07,11:25
R0553,P322,return,hospital_to_patient,H2,HOME_P322,H2,other,P2,medium,1.5,prescription_medicale,5,5,1,-1,715,740,790,715,35,1,R0552,PU_R0553,DO_R0553,2026-05-18 11:55:00,2026-05-18 12:20:00,2026-05-18 13:10:00,2026-05-18 11:55:00,11:55,12:20,13:10
R0554,P323,outbound,patient_to_hospital,HOME_P323,H1,H1,other,P2,medium,1.5,standard_assis,5,5,1,-1,780,837,845,845,35,1,R0555,PU_R0554,DO_R0554,2026-05-18 13:00:00,2026-05-18 13:57:00,2026-05-18 14:05:00,2026-05-18 14:05:00,13:00,13:57,14:05
R0555,P323,return,hospital_to_patient,H1,HOME_P323,H1,other,P2,medium,1.5,standard_assis,5,5,1,-1,915,940,990,915,35,1,R0554,PU_R0555,DO_R0555,2026-05-18 15:15:00,2026-05-18 15:40:00,2026-05-18 16:30:00,2026-05-18 15:15:00,15:15,15:40,16:30
R0556,P324,outbound,patient_to_hospital,HOME_P324,H2,H2,other,P2,medium,1.5,standard_assis,5,5,1,-1,495,540,560,560,35,1,R0557,PU_R0556,DO_R0556,2026-05-18 08:15:00,2026-05-18 09:00:00,2026-05-18 09:20:00,2026-05-18 09:20:00,08:15,09:00,09:20
R0557,P324,return,hospital_to_patient,H2,HOME_P324,H2,other,P2,medium,1.5,standard_assis,5,5,1,-1,600,625,675,600,35,1,R0556,PU_R0557,DO_R0557,2026-05-18 10:00:00,2026-05-18 10:25:00,2026-05-18 11:15:00,2026-05-18 10:00:00,10:00,10:25,11:15
R0558,P325,outbound,patient_to_hospital,HOME_P325,H2,H2,other,P2,medium,1.5,vsl_required,5,5,1,-1,465,511,530,530,35,1,R0559,PU_R0558,DO_R0558,2026-05-18 07:45:00,2026-05-18 08:31:00,2026-05-18 08:50:00,2026-05-18 08:50:00,07:45,08:31,08:50
R0559,P325,return,hospital_to_patient,H2,HOME_P325,H2,other,P2,medium,1.5,vsl_required,5,5,1,-1,560,585,635,560,35,1,R0558,PU_R0559,DO_R0559,2026-05-18 09:20:00,2026-05-18 09:45:00,2026-05-18 10:35:00,2026-05-18 09:20:00,09:20,09:45,10:35
R0560,P326,outbound,patient_to_hospital,HOME_P326,H3,H3,dialysis,P1,high,2.0,vsl_required,5,5,1,-1,435,484,490,490,25,1,R0561,PU_R0560,DO_R0560,2026-05-18 07:15:00,2026-05-18 08:04:00,2026-05-18 08:10:00,2026-05-18 08:10:00,07:15,08:04,08:10
R0561,P326,return,hospital_to_patient,H3,HOME_P326,H3,dialysis,P1,high,2.0,vsl_required,5,5,1,-1,730,745,785,730,25,1,R0560,PU_R0561,DO_R0561,2026-05-18 12:10:00,2026-05-18 12:25:00,2026-05-18 13:05:00,2026-05-18 12:10:00,12:10,12:25,13:05
R0562,P327,outbound,patient_to_hospital,HOME_P327,H2,H2,dialysis,P1,high,2.0,prescription_medicale,5,5,1,-1,725,774,780,780,25,1,R0563,PU_R0562,DO_R0562,2026-05-18 12:05:00,2026-05-18 12:54:00,2026-05-18 13:00:00,2026-05-18 13:00:00,12:05,12:54,13:00
R0563,P327,return,hospital_to_patient,H2,HOME_P327,H2,dialysis,P1,high,2.0,prescription_medicale,5,5,1,-1,995,1010,1050,995,25,1,R0562,PU_R0563,DO_R0563,2026-05-18 16:35:00,2026-05-18 16:50:00,2026-05-18 17:30:00,2026-05-18 16:35:00,16:35,16:50,17:30
R0564,P328,outbound,patient_to_hospital,HOME_P328,H1,H1,external,P3,low,1.0,standard_assis,5,5,1,-1,860,915,935,935,45,1,R0565,PU_R0564,DO_R0564,2026-05-18 14:20:00,2026-05-18 15:15:00,2026-05-18 15:35:00,2026-05-18 15:35:00,14:20,15:15,15:35
R0565,P328,return,hospital_to_patient,H1,HOME_P328,H1,external,P3,low,1.0,standard_assis,5,5,1,-1,965,1000,1060,965,45,1,R0564,PU_R0565,DO_R0565,2026-05-18 16:05:00,2026-05-18 16:40:00,2026-05-18 17:40:00,2026-05-18 16:05:00,16:05,16:40,17:40
R0566,P329,outbound,patient_to_hospital,HOME_P329,H1,H1,other,P2,medium,1.5,prescription_medicale,5,5,1,-1,530,578,595,595,35,1,R0567,PU_R0566,DO_R0566,2026-05-18 08:50:00,2026-05-18 09:38:00,2026-05-18 09:55:00,2026-05-18 09:55:00,08:50,09:38,09:55
R0567,P329,return,hospital_to_patient,H1,HOME_P329,H1,other,P2,medium,1.5,prescription_medicale,5,5,1,-1,715,740,790,715,35,1,R0566,PU_R0567,DO_R0567,2026-05-18 11:55:00,2026-05-18 12:20:00,2026-05-18 13:10:00,2026-05-18 11:55:00,11:55,12:20,13:10
R0568,P330,outbound,patient_to_hospital,HOME_P330,H2,H2,dialysis,P1,high,2.0,vsl_required,5,5,1,-1,740,782,795,795,25,1,,PU_R0568,DO_R0568,2026-05-18 12:20:00,2026-05-18 13:02:00,2026-05-18 13:15:00,2026-05-18 13:15:00,12:20,13:02,13:15
R0569,P331,outbound,patient_to_hospital,HOME_P331,H1,H1,other,P2,medium,1.5,prescription_medicale,5,5,1,-1,800,846,865,865,35,1,R0570,PU_R0569,DO_R0569,2026-05-18 13:20:00,2026-05-18 14:06:00,2026-05-18 14:25:00,2026-05-18 14:25:00,13:20,14:06,14:25
R0570,P331,return,hospital_to_patient,H1,HOME_P331,H1,other,P2,medium,1.5,prescription_medicale,5,5,1,-1,975,1000,1050,975,35,1,R0569,PU_R0570,DO_R0570,2026-05-18 16:15:00,2026-05-18 16:40:00,2026-05-18 17:30:00,2026-05-18 16:15:00,16:15,16:40,17:30
R0571,P332,outbound,patient_to_hospital,HOME_P332,H1,H1,other,P2,medium,1.5,standard_assis,5,5,1,-1,800,844,865,865,35,1,R0572,PU_R0571,DO_R0571,2026-05-18 13:20:00,2026-05-18 14:04:00,2026-05-18 14:25:00,2026-05-18 14:25:00,13:20,14:04,14:25
R0572,P332,return,hospital_to_patient,H1,HOME_P332,H1,other,P2,medium,1.5,standard_assis,5,5,1,-1,985,1010,1060,985,35,1,R0571,PU_R0572,DO_R0572,2026-05-18 16:25:00,2026-05-18 16:50:00,2026-05-18 17:40:00,2026-05-18 16:25:00,16:25,16:50,17:40
R0573,P333,outbound,patient_to_hospital,HOME_P333,H1,H1,dialysis,P1,high,2.0,prescription_medicale,5,5,1,-1,430,477,485,485,25,1,R0574,PU_R0573,DO_R0573,2026-05-18 07:10:00,2026-05-18 07:57:00,2026-05-18 08:05:00,2026-05-18 08:05:00,07:10,07:57,08:05
R0574,P333,return,hospital_to_patient,H1,HOME_P333,H1,dialysis,P1,high,2.0,prescription_medicale,5,5,1,-1,725,740,780,725,25,1,R0573,PU_R0574,DO_R0574,2026-05-18 12:05:00,2026-05-18 12:20:00,2026-05-18 13:00:00,2026-05-18 12:05:00,12:05,12:20,13:00
R0575,P334,outbound,patient_to_hospital,HOME_P334,H1,H1,other,P2,medium,1.5,vsl_required,5,5,1,-1,595,640,660,660,35,1,R0576,PU_R0575,DO_R0575,2026-05-18 09:55:00,2026-05-18 10:40:00,2026-05-18 11:00:00,2026-05-18 11:00:00,09:55,10:40,11:00
R0576,P334,return,hospital_to_patient,H1,HOME_P334,H1,other,P2,medium,1.5,vsl_required,5,5,1,-1,780,805,855,780,35,1,R0575,PU_R0576,DO_R0576,2026-05-18 13:00:00,2026-05-18 13:25:00,2026-05-18 14:15:00,2026-05-18 13:00:00,13:00,13:25,14:15
R0577,P335,outbound,patient_to_hospital,HOME_P335,H2,H2,oncology,P1,high,2.0,vsl_required,5,5,1,-1,865,907,920,920,25,1,,PU_R0577,DO_R0577,2026-05-18 14:25:00,2026-05-18 15:07:00,2026-05-18 15:20:00,2026-05-18 15:20:00,14:25,15:07,15:20
R0578,P336,outbound,patient_to_hospital,HOME_P336,H1,H1,dialysis,P1,high,2.0,vsl_required,5,5,1,-1,465,508,520,520,25,1,R0579,PU_R0578,DO_R0578,2026-05-18 07:45:00,2026-05-18 08:28:00,2026-05-18 08:40:00,2026-05-18 08:40:00,07:45,08:28,08:40
R0579,P336,return,hospital_to_patient,H1,HOME_P336,H1,dialysis,P1,high,2.0,vsl_required,5,5,1,-1,760,775,815,760,25,1,R0578,PU_R0579,DO_R0579,2026-05-18 12:40:00,2026-05-18 12:55:00,2026-05-18 13:35:00,2026-05-18 12:40:00,12:40,12:55,13:35
R0580,P337,outbound,patient_to_hospital,HOME_P337,H2,H2,other,P2,medium,1.5,standard_assis,5,5,1,-1,455,507,520,520,35,1,,PU_R0580,DO_R0580,2026-05-18 07:35:00,2026-05-18 08:27:00,2026-05-18 08:40:00,2026-05-18 08:40:00,07:35,08:27,08:40
R0581,P338,outbound,patient_to_hospital,HOME_P338,H1,H1,dialysis,P1,high,2.0,vsl_required,5,5,1,-1,735,785,790,790,25,1,,PU_R0581,DO_R0581,2026-05-18 12:15:00,2026-05-18 13:05:00,2026-05-18 13:10:00,2026-05-18 13:10:00,12:15,13:05,13:10
R0582,P339,outbound,patient_to_hospital,HOME_P339,H1,H1,dialysis,P1,high,2.0,vsl_required,5,5,1,-1,425,473,480,480,25,1,R0583,PU_R0582,DO_R0582,2026-05-18 07:05:00,2026-05-18 07:53:00,2026-05-18 08:00:00,2026-05-18 08:00:00,07:05,07:53,08:00
R0583,P339,return,hospital_to_patient,H1,HOME_P339,H1,dialysis,P1,high,2.0,vsl_required,5,5,1,-1,720,735,775,720,25,1,R0582,PU_R0583,DO_R0583,2026-05-18 12:00:00,2026-05-18 12:15:00,2026-05-18 12:55:00,2026-05-18 12:00:00,12:00,12:15,12:55
R0584,P340,outbound,patient_to_hospital,HOME_P340,H1,H1,dialysis,P1,high,2.0,prescription_medicale,5,5,1,-1,460,501,515,515,25,1,R0585,PU_R0584,DO_R0584,2026-05-18 07:40:00,2026-05-18 08:21:00,2026-05-18 08:35:00,2026-05-18 08:35:00,07:40,08:21,08:35
R0585,P340,return,hospital_to_patient,H1,HOME_P340,H1,dialysis,P1,high,2.0,prescription_medicale,5,5,1,-1,755,770,810,755,25,1,R0584,PU_R0585,DO_R0585,2026-05-18 12:35:00,2026-05-18 12:50:00,2026-05-18 13:30:00,2026-05-18 12:35:00,12:35,12:50,13:30
R0586,P341,outbound,patient_to_hospital,HOME_P341,H2,H2,oncology,P1,high,2.0,prescription_medicale,5,5,1,-1,435,484,490,490,25,1,R0587,PU_R0586,DO_R0586,2026-05-18 07:15:00,2026-05-18 08:04:00,2026-05-18 08:10:00,2026-05-18 08:10:00,07:15,08:04,08:10
R0587,P341,return,hospital_to_patient,H2,HOME_P341,H2,oncology,P1,high,2.0,prescription_medicale,5,5,1,-1,770,785,825,770,25,1,R0586,PU_R0587,DO_R0587,2026-05-18 12:50:00,2026-05-18 13:05:00,2026-05-18 13:45:00,2026-05-18 12:50:00,12:50,13:05,13:45
R0588,P342,outbound,patient_to_hospital,HOME_P342,H3,H3,dialysis,P1,high,2.0,prescription_medicale,5,5,1,-1,770,811,825,825,25,1,,PU_R0588,DO_R0588,2026-05-18 12:50:00,2026-05-18 13:31:00,2026-05-18 13:45:00,2026-05-18 13:45:00,12:50,13:31,13:45
R0589,P343,outbound,patient_to_hospital,HOME_P343,H2,H2,dialysis,P1,high,2.0,vsl_required,5,5,1,-1,780,824,835,835,25,1,,PU_R0589,DO_R0589,2026-05-18 13:00:00,2026-05-18 13:44:00,2026-05-18 13:55:00,2026-05-18 13:55:00,13:00,13:44,13:55
R0590,P344,outbound,patient_to_hospital,HOME_P344,H2,H2,dialysis,P1,high,2.0,prescription_medicale,5,5,1,-1,730,779,785,785,25,1,,PU_R0590,DO_R0590,2026-05-18 12:10:00,2026-05-18 12:59:00,2026-05-18 13:05:00,2026-05-18 13:05:00,12:10,12:59,13:05
R0591,P345,outbound,patient_to_hospital,HOME_P345,H1,H1,dialysis,P1,high,2.0,vsl_required,5,5,1,-1,460,508,515,515,25,1,R0592,PU_R0591,DO_R0591,2026-05-18 07:40:00,2026-05-18 08:28:00,2026-05-18 08:35:00,2026-05-18 08:35:00,07:40,08:28,08:35
R0592,P345,return,hospital_to_patient,H1,HOME_P345,H1,dialysis,P1,high,2.0,vsl_required,5,5,1,-1,755,770,810,755,25,1,R0591,PU_R0592,DO_R0592,2026-05-18 12:35:00,2026-05-18 12:50:00,2026-05-18 13:30:00,2026-05-18 12:35:00,12:35,12:50,13:30
R0593,P346,outbound,patient_to_hospital,HOME_P346,H2,H2,other,P2,medium,1.5,standard_assis,5,5,1,-1,785,836,850,850,35,1,R0594,PU_R0593,DO_R0593,2026-05-18 13:05:00,2026-05-18 13:56:00,2026-05-18 14:10:00,2026-05-18 14:10:00,13:05,13:56,14:10
R0594,P346,return,hospital_to_patient,H2,HOME_P346,H2,other,P2,medium,1.5,standard_assis,5,5,1,-1,875,900,950,875,35,1,R0593,PU_R0594,DO_R0594,2026-05-18 14:35:00,2026-05-18 15:00:00,2026-05-18 15:50:00,2026-05-18 14:35:00,14:35,15:00,15:50
R0595,P347,outbound,patient_to_hospital,HOME_P347,H1,H1,dialysis,P1,high,2.0,prescription_medicale,5,5,1,-1,775,815,830,830,25,1,,PU_R0595,DO_R0595,2026-05-18 12:55:00,2026-05-18 13:35:00,2026-05-18 13:50:00,2026-05-18 13:50:00,12:55,13:35,13:50
R0596,P348,outbound,patient_to_hospital,HOME_P348,H1,H1,dialysis,P1,high,2.0,prescription_medicale,5,5,1,-1,765,808,820,820,25,1,,PU_R0596,DO_R0596,2026-05-18 12:45:00,2026-05-18 13:28:00,2026-05-18 13:40:00,2026-05-18 13:40:00,12:45,13:28,13:40
R0597,P349,outbound,patient_to_hospital,HOME_P349,H1,H1,dialysis,P1,high,2.0,vsl_required,5,5,1,-1,435,481,490,490,25,1,R0598,PU_R0597,DO_R0597,2026-05-18 07:15:00,2026-05-18 08:01:00,2026-05-18 08:10:00,2026-05-18 08:10:00,07:15,08:01,08:10
R0598,P349,return,hospital_to_patient,H1,HOME_P349,H1,dialysis,P1,high,2.0,vsl_required,5,5,1,-1,730,745,785,730,25,1,R0597,PU_R0598,DO_R0598,2026-05-18 12:10:00,2026-05-18 12:25:00,2026-05-18 13:05:00,2026-05-18 12:10:00,12:10,12:25,13:05
R0599,P350,outbound,patient_to_hospital,HOME_P350,H1,H1,oncology,P1,high,2.0,prescription_medicale,5,5,1,-1,605,649,660,660,25,1,R0600,PU_R0599,DO_R0599,2026-05-18 10:05:00,2026-05-18 10:49:00,2026-05-18 11:00:00,2026-05-18 11:00:00,10:05,10:49,11:00
R0600,P350,return,hospital_to_patient,H1,HOME_P350,H1,oncology,P1,high,2.0,prescription_medicale,5,5,1,-1,810,825,865,810,25,1,R0599,PU_R0600,DO_R0600,2026-05-18 13:30:00,2026-05-18 13:45:00,2026-05-18 14:25:00,2026-05-18 13:30:00,13:30,13:45,14:25
