request_id,patient_id,trip_type,origin_point_id,destination_point_id,hospital_id,activity_type,origin_point_type,destination_point_type,distance_km,distance_m,distance_source
R0001,P1,outbound,HOME_P1,H1,H1,other,patient_home,hospital,8.79764,8797.64,haversine_x_road_factor
R0002,P2,outbound,HOME_P2,H1,H1,external,patient_home,hospital,4.70033,4700.33,haversine_x_road_factor
R0003,P2,return,H1,HOME_P2,H1,external,hospital,patient_home,4.70033,4700.33,haversine_x_road_factor
R0004,P3,outbound,HOME_P3,H1,H1,other,patient_home,hospital,4.10909,4109.09,haversine_x_road_factor
R0005,P3,return,H1,HOME_P3,H1,other,hospital,patient_home,4.10909,4109.09,haversine_x_road_factor
R0006,P4,outbound,HOME_P4,H2,H2,oncology,patient_home,hospital,12.23914,12239.14,haversine_x_road_factor
R0007,P4,return,H2,HOME_P4,H2,oncology,hospital,patient_home,12.23914,12239.14,haversine_x_road_factor
R0008,P5,outbound,HOME_P5,H1,H1,other,patient_home,hospital,8.04543,8045.43,haversine_x_road_factor
R0009,P5,return,H1,HOME_P5,H1,other,hospital,patient_home,8.04543,8045.43,haversine_x_road_factor
R0010,P6,outbound,HOME_P6,H1,H1,oncology,patient_home,hospital,9.6983,9698.3,haversine_x_road_factor
R0011,P6,return,H1,HOME_P6,H1,oncology,hospital,patient_home,9.6983,9698.3,haversine_x_road_factor
R0012,P7,outbound,HOME_P7,H1,H1,dialysis,patient_home,hospital,5.64283,5642.83,haversine_x_road_factor
R0013,P7,return,H1,HOME_P7,H1,dialysis,hospital,patient_home,5.64283,5642.83,haversine_x_road_factor
R0014,P8,outbound,HOME_P8,H1,H1,dialysis,patient_home,hospital,4.98648,4986.48,haversine_x_road_factor
R0015,P8,return,H1,HOME_P8,H1,dialysis,hospital,patient_home,4.98648,4986.48,haversine_x_road_factor
R0016,P9,outbound,HOME_P9,H1,H1,oncology,patient_home,hospital,7.67692,7676.92,haversine_x_road_factor
R0017,P9,return,H1,HOME_P9,H1,oncology,hospital,patient_home,7.67692,7676.92,haversine_x_road_factor
R0018,P10,outbound,HOME_P10,H2,H2,dialysis,patient_home,hospital,6.61582,6615.82,haversine_x_road_factor
R0019,P10,return,H2,HOME_P10,H2,dialysis,hospital,patient_home,6.61582,6615.82,haversine_x_road_factor
R0020,P11,outbound,HOME_P11,H1,H1,external,patient_home,hospital,8.18352,8183.52,haversine_x_road_factor
R0021,P12,outbound,HOME_P12,H1,H1,other,patient_home,hospital,9.09005,9090.05,haversine_x_road_factor
R0022,P12,return,H1,HOME_P12,H1,other,hospital,patient_home,9.09005,9090.05,haversine_x_road_factor
R0023,P13,outbound,HOME_P13,H1,H1,other,patient_home,hospital,4.53424,4534.24,haversine_x_road_factor
R0024,P13,return,H1,HOME_P13,H1,other,hospital,patient_home,4.53424,4534.24,haversine_x_road_factor
R0025,P14,outbound,HOME_P14,H1,H1,dialysis,patient_home,hospital,4.42638,4426.38,haversine_x_road_factor
R0026,P14,return,H1,HOME_P14,H1,dialysis,hospital,patient_home,4.42638,4426.38,haversine_x_road_factor
R0027,P15,outbound,HOME_P15,H1,H1,oncology,patient_home,hospital,11.18837,11188.37,haversine_x_road_factor
R0028,P16,outbound,HOME_P16,H2,H2,other,patient_home,hospital,1.66515,1665.15,haversine_x_road_factor
R0029,P16,return,H2,HOME_P16,H2,other,hospital,patient_home,1.66515,1665.15,haversine_x_road_factor
R0030,P17,outbound,HOME_P17,H1,H1,other,patient_home,hospital,13.24771,13247.71,haversine_x_road_factor
R0031,P17,return,H1,HOME_P17,H1,other,hospital,patient_home,13.24771,13247.71,haversine_x_road_factor
R0032,P18,outbound,HOME_P18,H2,H2,dialysis,patient_home,hospital,3.99804,3998.04,haversine_x_road_factor
R0033,P19,outbound,HOME_P19,H2,H2,dialysis,patient_home,hospital,9.60656,9606.56,haversine_x_road_factor
R0034,P19,return,H2,HOME_P19,H2,dialysis,hospital,patient_home,9.60656,9606.56,haversine_x_road_factor
R0035,P20,outbound,HOME_P20,H2,H2,other,patient_home,hospital,13.36732,13367.32,haversine_x_road_factor
R0036,P20,return,H2,HOME_P20,H2,other,hospital,patient_home,13.36732,13367.32,haversine_x_road_factor
R0037,P21,outbound,HOME_P21,H1,H1,dialysis,patient_home,hospital,9.2068,9206.8,haversine_x_road_factor
R0038,P21,return,H1,HOME_P21,H1,dialysis,hospital,patient_home,9.2068,9206.8,haversine_x_road_factor
R0039,P22,outbound,HOME_P22,H1,H1,oncology,patient_home,hospital,7.64921,7649.21,haversine_x_road_factor
R0040,P22,return,H1,HOME_P22,H1,oncology,hospital,patient_home,7.64921,7649.21,haversine_x_road_factor
R0041,P23,outbound,HOME_P23,H1,H1,dialysis,patient_home,hospital,2.55942,2559.42,haversine_x_road_factor
R0042,P23,return,H1,HOME_P23,H1,dialysis,hospital,patient_home,2.55942,2559.42,haversine_x_road_factor
R0043,P24,outbound,HOME_P24,H1,H1,oncology,patient_home,hospital,11.40356,11403.56,haversine_x_road_factor
R0044,P24,return,H1,HOME_P24,H1,oncology,hospital,patient_home,11.40356,11403.56,haversine_x_road_factor
R0045,P25,outbound,HOME_P25,H1,H1,dialysis,patient_home,hospital,2.5746,2574.6,haversine_x_road_factor
R0046,P26,outbound,HOME_P26,H2,H2,oncology,patient_home,hospital,4.5881,4588.1,haversine_x_road_factor
R0047,P26,return,H2,HOME_P26,H2,oncology,hospital,patient_home,4.5881,4588.1,haversine_x_road_factor
R0048,P27,outbound,HOME_P27,H1,H1,dialysis,patient_home,hospital,8.56345,8563.45,haversine_x_road_factor
R0049,P27,return,H1,HOME_P27,H1,dialysis,hospital,patient_home,8.56345,8563.45,haversine_x_road_factor
R0050,P28,outbound,HOME_P28,H2,H2,oncology,patient_home,hospital,1.64169,1641.69,haversine_x_road_factor
R0051,P28,return,H2,HOME_P28,H2,oncology,hospital,patient_home,1.64169,1641.69,haversine_x_road_factor
R0052,P29,outbound,HOME_P29,H1,H1,dialysis,patient_home,hospital,7.83301,7833.01,haversine_x_road_factor
R0053,P30,outbound,HOME_P30,H1,H1,other,patient_home,hospital,14.0409,14040.9,haversine_x_road_factor
R0054,P31,outbound,HOME_P31,H1,H1,dialysis,patient_home,hospital,7.57426,7574.26,haversine_x_road_factor
R0055,P32,outbound,HOME_P32,H3,H3,dialysis,patient_home,hospital,9.31094,9310.94,haversine_x_road_factor
R0056,P32,return,H3,HOME_P32,H3,dialysis,hospital,patient_home,9.31094,9310.94,haversine_x_road_factor
R0057,P33,outbound,HOME_P33,H3,H3,dialysis,patient_home,hospital,8.80204,8802.04,haversine_x_road_factor
R0058,P34,outbound,HOME_P34,H1,H1,external,patient_home,hospital,22.03487,22034.87,haversine_x_road_factor
R0059,P35,outbound,HOME_P35,H2,H2,oncology,patient_home,hospital,9.23095,9230.95,haversine_x_road_factor
R0060,P35,return,H2,HOME_P35,H2,oncology,hospital,patient_home,9.23095,9230.95,haversine_x_road_factor
R0061,P36,outbound,HOME_P36,H2,H2,other,patient_home,hospital,5.2315,5231.5,haversine_x_road_factor
R0062,P36,return,H2,HOME_P36,H2,other,hospital,patient_home,5.2315,5231.5,haversine_x_road_factor
R0063,P37,outbound,HOME_P37,H1,H1,dialysis,patient_home,hospital,9.58784,9587.84,haversine_x_road_factor
R0064,P38,outbound,HOME_P38,H2,H2,other,patient_home,hospital,3.911,3911.0,haversine_x_road_factor
R0065,P39,outbound,HOME_P39,H1,H1,external,patient_home,hospital,15.76372,15763.72,haversine_x_road_factor
R0066,P39,return,H1,HOME_P39,H1,external,hospital,patient_home,15.76372,15763.72,haversine_x_road_factor
R0067,P40,outbound,HOME_P40,H3,H3,dialysis,patient_home,hospital,9.28144,9281.44,haversine_x_road_factor
R0068,P40,return,H3,HOME_P40,H3,dialysis,hospital,patient_home,9.28144,9281.44,haversine_x_road_factor
R0069,P41,outbound,HOME_P41,H1,H1,dialysis,patient_home,hospital,6.25698,6256.98,haversine_x_road_factor
R0070,P41,return,H1,HOME_P41,H1,dialysis,hospital,patient_home,6.25698,6256.98,haversine_x_road_factor
R0071,P42,outbound,HOME_P42,H3,H3,dialysis,patient_home,hospital,4.18902,4189.02,haversine_x_road_factor
R0072,P42,return,H3,HOME_P42,H3,dialysis,hospital,patient_home,4.18902,4189.02,haversine_x_road_factor
R0073,P43,outbound,HOME_P43,H3,H3,dialysis,patient_home,hospital,9.61759,9617.59,haversine_x_road_factor
R0074,P43,return,H3,HOME_P43,H3,dialysis,hospital,patient_home,9.61759,9617.59,haversine_x_road_factor
R0075,P44,outbound,HOME_P44,H2,H2,other,patient_home,hospital,12.16401,12164.01,haversine_x_road_factor
R0076,P44,return,H2,HOME_P44,H2,other,hospital,patient_home,12.16401,12164.01,haversine_x_road_factor
R0077,P45,outbound,HOME_P45,H2,H2,dialysis,patient_home,hospital,7.66074,7660.74,haversine_x_road_factor
R0078,P46,outbound,HOME_P46,H1,H1,external,patient_home,hospital,16.17025,16170.25,haversine_x_road_factor
R0079,P47,outbound,HOME_P47,H1,H1,other,patient_home,hospital,10.67744,10677.44,haversine_x_road_factor
R0080,P47,return,H1,HOME_P47,H1,other,hospital,patient_home,10.67744,10677.44,haversine_x_road_factor
R0081,P48,outbound,HOME_P48,H2,H2,other,patient_home,hospital,1.86601,1866.01,haversine_x_road_factor
R0082,P48,return,H2,HOME_P48,H2,other,hospital,patient_home,1.86601,1866.01,haversine_x_road_factor
R0083,P49,outbound,HOME_P49,H1,H1,oncology,patient_home,hospital,5.27445,5274.45,haversine_x_road_factor
R0084,P50,outbound,HOME_P50,H1,H1,other,patient_home,hospital,10.29974,10299.74,haversine_x_road_factor
R0085,P50,return,H1,HOME_P50,H1,other,hospital,patient_home,10.29974,10299.74,haversine_x_road_factor
R0086,P51,outbound,HOME_P51,H2,H2,other,patient_home,hospital,10.97811,10978.11,haversine_x_road_factor
R0087,P51,return,H2,HOME_P51,H2,other,hospital,patient_home,10.97811,10978.11,haversine_x_road_factor
R0088,P52,outbound,HOME_P52,H1,H1,external,patient_home,hospital,11.3836,11383.6,haversine_x_road_factor
R0089,P53,outbound,HOME_P53,H1,H1,dialysis,patient_home,hospital,4.97906,4979.06,haversine_x_road_factor
R0090,P54,outbound,HOME_P54,H1,H1,dialysis,patient_home,hospital,8.31535,8315.35,haversine_x_road_factor
R0091,P54,return,H1,HOME_P54,H1,dialysis,hospital,patient_home,8.31535,8315.35,haversine_x_road_factor
R0092,P55,outbound,HOME_P55,H2,H2,dialysis,patient_home,hospital,9.83982,9839.82,haversine_x_road_factor
R0093,P55,return,H2,HOME_P55,H2,dialysis,hospital,patient_home,9.83982,9839.82,haversine_x_road_factor
R0094,P56,outbound,HOME_P56,H1,H1,oncology,patient_home,hospital,3.85864,3858.64,haversine_x_road_factor
R0095,P56,return,H1,HOME_P56,H1,oncology,hospital,patient_home,3.85864,3858.64,haversine_x_road_factor
R0096,P57,outbound,HOME_P57,H2,H2,dialysis,patient_home,hospital,8.44608,8446.08,haversine_x_road_factor
R0097,P57,return,H2,HOME_P57,H2,dialysis,hospital,patient_home,8.44608,8446.08,haversine_x_road_factor
R0098,P58,outbound,HOME_P58,H1,H1,oncology,patient_home,hospital,12.06746,12067.46,haversine_x_road_factor
R0099,P58,return,H1,HOME_P58,H1,oncology,hospital,patient_home,12.06746,12067.46,haversine_x_road_factor
R0100,P59,outbound,HOME_P59,H2,H2,other,patient_home,hospital,6.50346,6503.46,haversine_x_road_factor
R0101,P59,return,H2,HOME_P59,H2,other,hospital,patient_home,6.50346,6503.46,haversine_x_road_factor
R0102,P60,outbound,HOME_P60,H2,H2,other,patient_home,hospital,11.22137,11221.37,haversine_x_road_factor
R0103,P61,outbound,HOME_P61,H1,H1,oncology,patient_home,hospital,11.90445,11904.45,haversine_x_road_factor
R0104,P61,return,H1,HOME_P61,H1,oncology,hospital,patient_home,11.90445,11904.45,haversine_x_road_factor
R0105,P62,outbound,HOME_P62,H1,H1,dialysis,patient_home,hospital,7.62956,7629.56,haversine_x_road_factor
R0106,P62,return,H1,HOME_P62,H1,dialysis,hospital,patient_home,7.62956,7629.56,haversine_x_road_factor
R0107,P63,outbound,HOME_P63,H2,H2,dialysis,patient_home,hospital,4.90111,4901.11,haversine_x_road_factor
R0108,P64,outbound,HOME_P64,H3,H3,dialysis,patient_home,hospital,8.30244,8302.44,haversine_x_road_factor
R0109,P65,outbound,HOME_P65,H1,H1,oncology,patient_home,hospital,9.25963,9259.63,haversine_x_road_factor
R0110,P65,return,H1,HOME_P65,H1,oncology,hospital,patient_home,9.25963,9259.63,haversine_x_road_factor
R0111,P66,outbound,HOME_P66,H2,H2,other,patient_home,hospital,13.26264,13262.64,haversine_x_road_factor
R0112,P67,outbound,HOME_P67,H2,H2,other,patient_home,hospital,13.80861,13808.61,haversine_x_road_factor
R0113,P67,return,H2,HOME_P67,H2,other,hospital,patient_home,13.80861,13808.61,haversine_x_road_factor
R0114,P68,outbound,HOME_P68,H2,H2,oncology,patient_home,hospital,1.76374,1763.74,haversine_x_road_factor
R0115,P68,return,H2,HOME_P68,H2,oncology,hospital,patient_home,1.76374,1763.74,haversine_x_road_factor
R0116,P69,outbound,HOME_P69,H1,H1,other,patient_home,hospital,11.4391,11439.1,haversine_x_road_factor
R0117,P69,return,H1,HOME_P69,H1,other,hospital,patient_home,11.4391,11439.1,haversine_x_road_factor
R0118,P70,outbound,HOME_P70,H1,H1,dialysis,patient_home,hospital,9.56526,9565.26,haversine_x_road_factor
R0119,P71,outbound,HOME_P71,H2,H2,dialysis,patient_home,hospital,9.19585,9195.85,haversine_x_road_factor
R0120,P71,return,H2,HOME_P71,H2,dialysis,hospital,patient_home,9.19585,9195.85,haversine_x_road_factor
R0121,P72,outbound,HOME_P72,H1,H1,oncology,patient_home,hospital,3.24618,3246.18,haversine_x_road_factor
R0122,P72,return,H1,HOME_P72,H1,oncology,hospital,patient_home,3.24618,3246.18,haversine_x_road_factor
R0123,P73,outbound,HOME_P73,H1,H1,oncology,patient_home,hospital,12.29923,12299.23,haversine_x_road_factor
R0124,P73,return,H1,HOME_P73,H1,oncology,hospital,patient_home,12.29923,12299.23,haversine_x_road_factor
R0125,P74,outbound,HOME_P74,H1,H1,dialysis,patient_home,hospital,8.45402,8454.02,haversine_x_road_factor
R0126,P75,outbound,HOME_P75,H1,H1,other,patient_home,hospital,4.18222,4182.22,haversine_x_road_factor
R0127,P75,return,H1,HOME_P75,H1,other,hospital,patient_home,4.18222,4182.22,haversine_x_road_factor
R0128,P76,outbound,HOME_P76,H1,H1,dialysis,patient_home,hospital,7.35602,7356.02,haversine_x_road_factor
R0129,P77,outbound,HOME_P77,H1,H1,dialysis,patient_home,hospital,4.96804,4968.04,haversine_x_road_factor
R0130,P78,outbound,HOME_P78,H1,H1,external,patient_home,hospital,20.39555,20395.55,haversine_x_road_factor
R0131,P78,return,H1,HOME_P78,H1,external,hospital,patient_home,20.39555,20395.55,haversine_x_road_factor
R0132,P79,outbound,HOME_P79,H2,H2,other,patient_home,hospital,4.99059,4990.59,haversine_x_road_factor
R0133,P79,return,H2,HOME_P79,H2,other,hospital,patient_home,4.99059,4990.59,haversine_x_road_factor
R0134,P80,outbound,HOME_P80,H1,H1,oncology,patient_home,hospital,11.36376,11363.76,haversine_x_road_factor
R0135,P80,return,H1,HOME_P80,H1,oncology,hospital,patient_home,11.36376,11363.76,haversine_x_road_factor
R0136,P81,outbound,HOME_P81,H1,H1,dialysis,patient_home,hospital,8.94076,8940.76,haversine_x_road_factor
R0137,P82,outbound,HOME_P82,H1,H1,other,patient_home,hospital,7.47664,7476.64,haversine_x_road_factor
R0138,P82,return,H1,HOME_P82,H1,other,hospital,patient_home,7.47664,7476.64,haversine_x_road_factor
R0139,P83,outbound,HOME_P83,H1,H1,dialysis,patient_home,hospital,7.95404,7954.04,haversine_x_road_factor
R0140,P83,return,H1,HOME_P83,H1,dialysis,hospital,patient_home,7.95404,7954.04,haversine_x_road_factor
R0141,P84,outbound,HOME_P84,H1,H1,dialysis,patient_home,hospital,9.80021,9800.21,haversine_x_road_factor
R0142,P84,return,H1,HOME_P84,H1,dialysis,hospital,patient_home,9.80021,9800.21,haversine_x_road_factor
R0143,P85,outbound,HOME_P85,H1,H1,dialysis,patient_home,hospital,8.14445,8144.45,haversine_x_road_factor
R0144,P86,outbound,HOME_P86,H1,H1,other,patient_home,hospital,13.12661,13126.61,haversine_x_road_factor
R0145,P86,return,H1,HOME_P86,H1,other,hospital,patient_home,13.12661,13126.61,haversine_x_road_factor
R0146,P87,outbound,HOME_P87,H1,H1,dialysis,patient_home,hospital,9.72381,9723.81,haversine_x_road_factor
R0147,P88,outbound,HOME_P88,H1,H1,dialysis,patient_home,hospital,7.54543,7545.43,haversine_x_road_factor
R0148,P88,return,H1,HOME_P88,H1,dialysis,hospital,patient_home,7.54543,7545.43,haversine_x_road_factor
R0149,P89,outbound,HOME_P89,H1,H1,external,patient_home,hospital,17.31223,17312.23,haversine_x_road_factor
R0150,P90,outbound,HOME_P90,H1,H1,other,patient_home,hospital,10.43071,10430.71,haversine_x_road_factor
R0151,P90,return,H1,HOME_P90,H1,other,hospital,patient_home,10.43071,10430.71,haversine_x_road_factor
R0152,P91,outbound,HOME_P91,H1,H1,dialysis,patient_home,hospital,5.76295,5762.95,haversine_x_road_factor
R0153,P91,return,H1,HOME_P91,H1,dialysis,hospital,patient_home,5.76295,5762.95,haversine_x_road_factor
R0154,P92,outbound,HOME_P92,H2,H2,other,patient_home,hospital,11.68416,11684.16,haversine_x_road_factor
R0155,P92,return,H2,HOME_P92,H2,other,hospital,patient_home,11.68416,11684.16,haversine_x_road_factor
R0156,P93,outbound,HOME_P93,H3,H3,dialysis,patient_home,hospital,7.81729,7817.29,haversine_x_road_factor
R0157,P93,return,H3,HOME_P93,H3,dialysis,hospital,patient_home,7.81729,7817.29,haversine_x_road_factor
R0158,P94,outbound,HOME_P94,H1,H1,other,patient_home,hospital,3.79505,3795.05,haversine_x_road_factor
R0159,P94,return,H1,HOME_P94,H1,other,hospital,patient_home,3.79505,3795.05,haversine_x_road_factor
R0160,P95,outbound,HOME_P95,H2,H2,other,patient_home,hospital,14.37209,14372.09,haversine_x_road_factor
R0161,P96,outbound,HOME_P96,H1,H1,oncology,patient_home,hospital,10.54706,10547.06,haversine_x_road_factor
R0162,P96,return,H1,HOME_P96,H1,oncology,hospital,patient_home,10.54706,10547.06,haversine_x_road_factor
R0163,P97,outbound,HOME_P97,H2,H2,dialysis,patient_home,hospital,4.21462,4214.62,haversine_x_road_factor
R0164,P97,return,H2,HOME_P97,H2,dialysis,hospital,patient_home,4.21462,4214.62,haversine_x_road_factor
R0165,P98,outbound,HOME_P98,H2,H2,other,patient_home,hospital,13.22087,13220.87,haversine_x_road_factor
R0166,P98,return,H2,HOME_P98,H2,other,hospital,patient_home,13.22087,13220.87,haversine_x_road_factor
R0167,P99,outbound,HOME_P99,H1,H1,dialysis,patient_home,hospital,4.56343,4563.43,haversine_x_road_factor
R0168,P100,outbound,HOME_P100,H1,H1,dialysis,patient_home,hospital,6.2757,6275.7,haversine_x_road_factor
R0169,P100,return,H1,HOME_P100,H1,dialysis,hospital,patient_home,6.2757,6275.7,haversine_x_road_factor
R0170,P101,outbound,HOME_P101,H1,H1,dialysis,patient_home,hospital,1.49198,1491.98,haversine_x_road_factor
R0171,P102,outbound,HOME_P102,H3,H3,dialysis,patient_home,hospital,3.53237,3532.37,haversine_x_road_factor
R0172,P102,return,H3,HOME_P102,H3,dialysis,hospital,patient_home,3.53237,3532.37,haversine_x_road_factor
R0173,P103,outbound,HOME_P103,H1,H1,other,patient_home,hospital,10.16061,10160.61,haversine_x_road_factor
R0174,P103,return,H1,HOME_P103,H1,other,hospital,patient_home,10.16061,10160.61,haversine_x_road_factor
R0175,P104,outbound,HOME_P104,H2,H2,other,patient_home,hospital,10.72196,10721.96,haversine_x_road_factor
R0176,P104,return,H2,HOME_P104,H2,other,hospital,patient_home,10.72196,10721.96,haversine_x_road_factor
R0177,P105,outbound,HOME_P105,H3,H3,dialysis,patient_home,hospital,6.23714,6237.14,haversine_x_road_factor
R0178,P105,return,H3,HOME_P105,H3,dialysis,hospital,patient_home,6.23714,6237.14,haversine_x_road_factor
R0179,P106,outbound,HOME_P106,H1,H1,other,patient_home,hospital,13.26731,13267.31,haversine_x_road_factor
R0180,P106,return,H1,HOME_P106,H1,other,hospital,patient_home,13.26731,13267.31,haversine_x_road_factor
R0181,P107,outbound,HOME_P107,H2,H2,dialysis,patient_home,hospital,6.79958,6799.58,haversine_x_road_factor
R0182,P108,outbound,HOME_P108,H3,H3,dialysis,patient_home,hospital,5.43728,5437.28,haversine_x_road_factor
R0183,P108,return,H3,HOME_P108,H3,dialysis,hospital,patient_home,5.43728,5437.28,haversine_x_road_factor
R0184,P109,outbound,HOME_P109,H1,H1,other,patient_home,hospital,9.6264,9626.4,haversine_x_road_factor
R0185,P109,return,H1,HOME_P109,H1,other,hospital,patient_home,9.6264,9626.4,haversine_x_road_factor
R0186,P110,outbound,HOME_P110,H1,H1,dialysis,patient_home,hospital,8.74868,8748.68,haversine_x_road_factor
R0187,P110,return,H1,HOME_P110,H1,dialysis,hospital,patient_home,8.74868,8748.68,haversine_x_road_factor
R0188,P111,outbound,HOME_P111,H3,H3,dialysis,patient_home,hospital,4.04195,4041.95,haversine_x_road_factor
R0189,P111,return,H3,HOME_P111,H3,dialysis,hospital,patient_home,4.04195,4041.95,haversine_x_road_factor
R0190,P112,outbound,HOME_P112,H2,H2,dialysis,patient_home,hospital,7.7915,7791.5,haversine_x_road_factor
R0191,P113,outbound,HOME_P113,H1,H1,external,patient_home,hospital,17.96518,17965.18,haversine_x_road_factor
R0192,P113,return,H1,HOME_P113,H1,external,hospital,patient_home,17.96518,17965.18,haversine_x_road_factor
R0193,P114,outbound,HOME_P114,H2,H2,other,patient_home,hospital,11.71866,11718.66,haversine_x_road_factor
R0194,P114,return,H2,HOME_P114,H2,other,hospital,patient_home,11.71866,11718.66,haversine_x_road_factor
R0195,P115,outbound,HOME_P115,H1,H1,other,patient_home,hospital,11.31231,11312.31,haversine_x_road_factor
R0196,P115,return,H1,HOME_P115,H1,other,hospital,patient_home,11.31231,11312.31,haversine_x_road_factor
R0197,P116,outbound,HOME_P116,H1,H1,other,patient_home,hospital,12.70012,12700.12,haversine_x_road_factor
R0198,P116,return,H1,HOME_P116,H1,other,hospital,patient_home,12.70012,12700.12,haversine_x_road_factor
R0199,P117,outbound,HOME_P117,H1,H1,other,patient_home,hospital,7.40995,7409.95,haversine_x_road_factor
R0200,P117,return,H1,HOME_P117,H1,other,hospital,patient_home,7.40995,7409.95,haversine_x_road_factor
R0201,P118,outbound,HOME_P118,H2,H2,oncology,patient_home,hospital,6.74392,6743.92,haversine_x_road_factor
R0202,P119,outbound,HOME_P119,H1,H1,dialysis,patient_home,hospital,7.8025,7802.5,haversine_x_road_factor
R0203,P119,return,H1,HOME_P119,H1,dialysis,hospital,patient_home,7.8025,7802.5,haversine_x_road_factor
R0204,P120,outbound,HOME_P120,H2,H2,other,patient_home,hospital,14.83401,14834.01,haversine_x_road_factor
R0205,P120,return,H2,HOME_P120,H2,other,hospital,patient_home,14.83401,14834.01,haversine_x_road_factor
R0206,P121,outbound,HOME_P121,H1,H1,dialysis,patient_home,hospital,6.93248,6932.48,haversine_x_road_factor
R0207,P121,return,H1,HOME_P121,H1,dialysis,hospital,patient_home,6.93248,6932.48,haversine_x_road_factor
R0208,P122,outbound,HOME_P122,H2,H2,oncology,patient_home,hospital,8.00522,8005.22,haversine_x_road_factor
R0209,P122,return,H2,HOME_P122,H2,oncology,hospital,patient_home,8.00522,8005.22,haversine_x_road_factor
R0210,P123,outbound,HOME_P123,H3,H3,dialysis,patient_home,hospital,8.60458,8604.58,haversine_x_road_factor
R0211,P124,outbound,HOME_P124,H1,H1,other,patient_home,hospital,12.54324,12543.24,haversine_x_road_factor
R0212,P124,return,H1,HOME_P124,H1,other,hospital,patient_home,12.54324,12543.24,haversine_x_road_factor
R0213,P125,outbound,HOME_P125,H1,H1,other,patient_home,hospital,3.59464,3594.64,haversine_x_road_factor
R0214,P126,outbound,HOME_P126,H2,H2,other,patient_home,hospital,6.40272,6402.72,haversine_x_road_factor
R0215,P126,return,H2,HOME_P126,H2,other,hospital,patient_home,6.40272,6402.72,haversine_x_road_factor
R0216,P127,outbound,HOME_P127,H2,H2,dialysis,patient_home,hospital,6.44473,6444.73,haversine_x_road_factor
R0217,P128,outbound,HOME_P128,H1,H1,oncology,patient_home,hospital,10.50022,10500.22,haversine_x_road_factor
R0218,P128,return,H1,HOME_P128,H1,oncology,hospital,patient_home,10.50022,10500.22,haversine_x_road_factor
R0219,P129,outbound,HOME_P129,H2,H2,oncology,patient_home,hospital,8.6378,8637.8,haversine_x_road_factor
R0220,P130,outbound,HOME_P130,H1,H1,other,patient_home,hospital,14.21193,14211.93,haversine_x_road_factor
R0221,P130,return,H1,HOME_P130,H1,other,hospital,patient_home,14.21193,14211.93,haversine_x_road_factor
R0222,P131,outbound,HOME_P131,H1,H1,other,patient_home,hospital,7.82298,7822.98,haversine_x_road_factor
R0223,P131,return,H1,HOME_P131,H1,other,hospital,patient_home,7.82298,7822.98,haversine_x_road_factor
R0224,P132,outbound,HOME_P132,H3,H3,dialysis,patient_home,hospital,3.93318,3933.18,haversine_x_road_factor
R0225,P133,outbound,HOME_P133,H1,H1,dialysis,patient_home,hospital,8.10839,8108.39,haversine_x_road_factor
R0226,P133,return,H1,HOME_P133,H1,dialysis,hospital,patient_home,8.10839,8108.39,haversine_x_road_factor
R0227,P134,outbound,HOME_P134,H2,H2,other,patient_home,hospital,14.52018,14520.18,haversine_x_road_factor
R0228,P134,return,H2,HOME_P134,H2,other,hospital,patient_home,14.52018,14520.18,haversine_x_road_factor
R0229,P135,outbound,HOME_P135,H1,H1,dialysis,patient_home,hospital,8.17755,8177.55,haversine_x_road_factor
R0230,P135,return,H1,HOME_P135,H1,dialysis,hospital,patient_home,8.17755,8177.55,haversine_x_road_factor
R0231,P136,outbound,HOME_P136,H1,H1,dialysis,patient_home,hospital,9.69747,9697.47,haversine_x_road_factor
R0232,P136,return,H1,HOME_P136,H1,dialysis,hospital,patient_home,9.69747,9697.47,haversine_x_road_factor
R0233,P137,outbound,HOME_P137,H2,H2,other,patient_home,hospital,10.40518,10405.18,haversine_x_road_factor
R0234,P137,return,H2,HOME_P137,H2,other,hospital,patient_home,10.40518,10405.18,haversine_x_road_factor
R0235,P138,outbound,HOME_P138,H1,H1,dialysis,patient_home,hospital,8.3277,8327.7,haversine_x_road_factor
R0236,P138,return,H1,HOME_P138,H1,dialysis,hospital,patient_home,8.3277,8327.7,haversine_x_road_factor
R0237,P139,outbound,HOME_P139,H1,H1,external,patient_home,hospital,20.81836,20818.36,haversine_x_road_factor
R0238,P139,return,H1,HOME_P139,H1,external,hospital,patient_home,20.81836,20818.36,haversine_x_road_factor
R0239,P140,outbound,HOME_P140,H2,H2,other,patient_home,hospital,9.37748,9377.48,haversine_x_road_factor
R0240,P140,return,H2,HOME_P140,H2,other,hospital,patient_home,9.37748,9377.48,haversine_x_road_factor
R0241,P141,outbound,HOME_P141,H1,H1,dialysis,patient_home,hospital,3.25993,3259.93,haversine_x_road_factor
R0242,P142,outbound,HOME_P142,H1,H1,other,patient_home,hospital,11.18321,11183.21,haversine_x_road_factor
R0243,P142,return,H1,HOME_P142,H1,other,hospital,patient_home,11.18321,11183.21,haversine_x_road_factor
R0244,P143,outbound,HOME_P143,H1,H1,dialysis,patient_home,hospital,3.49596,3495.96,haversine_x_road_factor
R0245,P144,outbound,HOME_P144,H1,H1,external,patient_home,hospital,11.4481,11448.1,haversine_x_road_factor
R0246,P144,return,H1,HOME_P144,H1,external,hospital,patient_home,11.4481,11448.1,haversine_x_road_factor
R0247,P145,outbound,HOME_P145,H1,H1,oncology,patient_home,hospital,7.0203,7020.3,haversine_x_road_factor
R0248,P145,return,H1,HOME_P145,H1,oncology,hospital,patient_home,7.0203,7020.3,haversine_x_road_factor
R0249,P146,outbound,HOME_P146,H1,H1,dialysis,patient_home,hospital,7.49129,7491.29,haversine_x_road_factor
R0250,P147,outbound,HOME_P147,H1,H1,external,patient_home,hospital,16.58042,16580.42,haversine_x_road_factor
R0251,P147,return,H1,HOME_P147,H1,external,hospital,patient_home,16.58042,16580.42,haversine_x_road_factor
R0252,P148,outbound,HOME_P148,H3,H3,dialysis,patient_home,hospital,9.3081,9308.1,haversine_x_road_factor
R0253,P148,return,H3,HOME_P148,H3,dialysis,hospital,patient_home,9.3081,9308.1,haversine_x_road_factor
R0254,P149,outbound,HOME_P149,H1,H1,other,patient_home,hospital,14.93688,14936.88,haversine_x_road_factor
R0255,P149,return,H1,HOME_P149,H1,other,hospital,patient_home,14.93688,14936.88,haversine_x_road_factor
R0256,P150,outbound,HOME_P150,H2,H2,other,patient_home,hospital,7.49465,7494.65,haversine_x_road_factor
R0257,P151,outbound,HOME_P151,H1,H1,dialysis,patient_home,hospital,8.45684,8456.84,haversine_x_road_factor
R0258,P152,outbound,HOME_P152,H2,H2,other,patient_home,hospital,5.53563,5535.63,haversine_x_road_factor
R0259,P152,return,H2,HOME_P152,H2,other,hospital,patient_home,5.53563,5535.63,haversine_x_road_factor
R0260,P153,outbound,HOME_P153,H2,H2,dialysis,patient_home,hospital,1.0937,1093.7,haversine_x_road_factor
R0261,P154,outbound,HOME_P154,H1,H1,other,patient_home,hospital,12.16147,12161.47,haversine_x_road_factor
R0262,P154,return,H1,HOME_P154,H1,other,hospital,patient_home,12.16147,12161.47,haversine_x_road_factor
R0263,P155,outbound,HOME_P155,H3,H3,dialysis,patient_home,hospital,9.56833,9568.33,haversine_x_road_factor
R0264,P155,return,H3,HOME_P155,H3,dialysis,hospital,patient_home,9.56833,9568.33,haversine_x_road_factor
R0265,P156,outbound,HOME_P156,H3,H3,dialysis,patient_home,hospital,5.25301,5253.01,haversine_x_road_factor
R0266,P157,outbound,HOME_P157,H2,H2,other,patient_home,hospital,6.23909,6239.09,haversine_x_road_factor
R0267,P157,return,H2,HOME_P157,H2,other,hospital,patient_home,6.23909,6239.09,haversine_x_road_factor
R0268,P158,outbound,HOME_P158,H2,H2,other,patient_home,hospital,14.53614,14536.14,haversine_x_road_factor
R0269,P158,return,H2,HOME_P158,H2,other,hospital,patient_home,14.53614,14536.14,haversine_x_road_factor
R0270,P159,outbound,HOME_P159,H1,H1,other,patient_home,hospital,10.5568,10556.8,haversine_x_road_factor
R0271,P159,return,H1,HOME_P159,H1,other,hospital,patient_home,10.5568,10556.8,haversine_x_road_factor
R0272,P160,outbound,HOME_P160,H1,H1,dialysis,patient_home,hospital,1.36047,1360.47,haversine_x_road_factor
R0273,P161,outbound,HOME_P161,H2,H2,oncology,patient_home,hospital,5.09954,5099.54,haversine_x_road_factor
R0274,P161,return,H2,HOME_P161,H2,oncology,hospital,patient_home,5.09954,5099.54,haversine_x_road_factor
R0275,P162,outbound,HOME_P162,H1,H1,other,patient_home,hospital,7.51629,7516.29,haversine_x_road_factor
R0276,P162,return,H1,HOME_P162,H1,other,hospital,patient_home,7.51629,7516.29,haversine_x_road_factor
R0277,P163,outbound,HOME_P163,H3,H3,dialysis,patient_home,hospital,7.14356,7143.56,haversine_x_road_factor
R0278,P163,return,H3,HOME_P163,H3,dialysis,hospital,patient_home,7.14356,7143.56,haversine_x_road_factor
R0279,P164,outbound,HOME_P164,H1,H1,dialysis,patient_home,hospital,5.37552,5375.52,haversine_x_road_factor
R0280,P164,return,H1,HOME_P164,H1,dialysis,hospital,patient_home,5.37552,5375.52,haversine_x_road_factor
R0281,P165,outbound,HOME_P165,H1,H1,oncology,patient_home,hospital,6.48079,6480.79,haversine_x_road_factor
R0282,P165,return,H1,HOME_P165,H1,oncology,hospital,patient_home,6.48079,6480.79,haversine_x_road_factor
R0283,P166,outbound,HOME_P166,H1,H1,external,patient_home,hospital,12.8706,12870.6,haversine_x_road_factor
R0284,P166,return,H1,HOME_P166,H1,external,hospital,patient_home,12.8706,12870.6,haversine_x_road_factor
R0285,P167,outbound,HOME_P167,H3,H3,dialysis,patient_home,hospital,9.71485,9714.85,haversine_x_road_factor
R0286,P167,return,H3,HOME_P167,H3,dialysis,hospital,patient_home,9.71485,9714.85,haversine_x_road_factor
R0287,P168,outbound,HOME_P168,H2,H2,dialysis,patient_home,hospital,9.63336,9633.36,haversine_x_road_factor
R0288,P168,return,H2,HOME_P168,H2,dialysis,hospital,patient_home,9.63336,9633.36,haversine_x_road_factor
R0289,P169,outbound,HOME_P169,H1,H1,other,patient_home,hospital,13.00013,13000.13,haversine_x_road_factor
R0290,P170,outbound,HOME_P170,H2,H2,dialysis,patient_home,hospital,8.23795,8237.95,haversine_x_road_factor
R0291,P170,return,H2,HOME_P170,H2,dialysis,hospital,patient_home,8.23795,8237.95,haversine_x_road_factor
R0292,P171,outbound,HOME_P171,H2,H2,dialysis,patient_home,hospital,3.34455,3344.55,haversine_x_road_factor
R0293,P171,return,H2,HOME_P171,H2,dialysis,hospital,patient_home,3.34455,3344.55,haversine_x_road_factor
R0294,P172,outbound,HOME_P172,H1,H1,other,patient_home,hospital,11.3335,11333.5,haversine_x_road_factor
R0295,P172,return,H1,HOME_P172,H1,other,hospital,patient_home,11.3335,11333.5,haversine_x_road_factor
R0296,P173,outbound,HOME_P173,H1,H1,other,patient_home,hospital,11.65514,11655.14,haversine_x_road_factor
R0297,P173,return,H1,HOME_P173,H1,other,hospital,patient_home,11.65514,11655.14,haversine_x_road_factor
R0298,P174,outbound,HOME_P174,H1,H1,oncology,patient_home,hospital,8.08279,8082.79,haversine_x_road_factor
R0299,P174,return,H1,HOME_P174,H1,oncology,hospital,patient_home,8.08279,8082.79,haversine_x_road_factor
R0300,P175,outbound,HOME_P175,H1,H1,oncology,patient_home,hospital,7.08062,7080.62,haversine_x_road_factor
R0301,P175,return,H1,HOME_P175,H1,oncology,hospital,patient_home,7.08062,7080.62,haversine_x_road_factor
R0302,P176,outbound,HOME_P176,H2,H2,other,patient_home,hospital,14.27434,14274.34,haversine_x_road_factor
R0303,P176,return,H2,HOME_P176,H2,other,hospital,patient_home,14.27434,14274.34,haversine_x_road_factor
R0304,P177,outbound,HOME_P177,H1,H1,oncology,patient_home,hospital,12.18958,12189.58,haversine_x_road_factor
R0305,P177,return,H1,HOME_P177,H1,oncology,hospital,patient_home,12.18958,12189.58,haversine_x_road_factor
R0306,P178,outbound,HOME_P178,H1,H1,oncology,patient_home,hospital,10.65024,10650.24,haversine_x_road_factor
R0307,P178,return,H1,HOME_P178,H1,oncology,hospital,patient_home,10.65024,10650.24,haversine_x_road_factor
R0308,P179,outbound,HOME_P179,H1,H1,other,patient_home,hospital,14.13018,14130.18,haversine_x_road_factor
R0309,P179,return,H1,HOME_P179,H1,other,hospital,patient_home,14.13018,14130.18,haversine_x_road_factor
R0310,P180,outbound,HOME_P180,H2,H2,dialysis,patient_home,hospital,5.07385,5073.85,haversine_x_road_factor
R0311,P181,outbound,HOME_P181,H1,H1,oncology,patient_home,hospital,12.34265,12342.65,haversine_x_road_factor
R0312,P181,return,H1,HOME_P181,H1,oncology,hospital,patient_home,12.34265,12342.65,haversine_x_road_factor
R0313,P182,outbound,HOME_P182,H1,H1,oncology,patient_home,hospital,11.76914,11769.14,haversine_x_road_factor
R0314,P182,return,H1,HOME_P182,H1,oncology,hospital,patient_home,11.76914,11769.14,haversine_x_road_factor
R0315,P183,outbound,HOME_P183,H1,H1,oncology,patient_home,hospital,5.11401,5114.01,haversine_x_road_factor
R0316,P183,return,H1,HOME_P183,H1,oncology,hospital,patient_home,5.11401,5114.01,haversine_x_road_factor
R0317,P184,outbound,HOME_P184,H1,H1,dialysis,patient_home,hospital,7.00458,7004.58,haversine_x_road_factor
R0318,P184,return,H1,HOME_P184,H1,dialysis,hospital,patient_home,7.00458,7004.58,haversine_x_road_factor
R0319,P185,outbound,HOME_P185,H2,H2,other,patient_home,hospital,14.69566,14695.66,haversine_x_road_factor
R0320,P185,return,H2,HOME_P185,H2,other,hospital,patient_home,14.69566,14695.66,haversine_x_road_factor
R0321,P186,outbound,HOME_P186,H1,H1,other,patient_home,hospital,12.03936,12039.36,haversine_x_road_factor
R0322,P186,return,H1,HOME_P186,H1,other,hospital,patient_home,12.03936,12039.36,haversine_x_road_factor
R0323,P187,outbound,HOME_P187,H1,H1,oncology,patient_home,hospital,4.48236,4482.36,haversine_x_road_factor
R0324,P187,return,H1,HOME_P187,H1,oncology,hospital,patient_home,4.48236,4482.36,haversine_x_road_factor
R0325,P188,outbound,HOME_P188,H2,H2,oncology,patient_home,hospital,8.38827,8388.27,haversine_x_road_factor
R0326,P188,return,H2,HOME_P188,H2,oncology,hospital,patient_home,8.38827,8388.27,haversine_x_road_factor
R0327,P189,outbound,HOME_P189,H2,H2,dialysis,patient_home,hospital,4.08016,4080.16,haversine_x_road_factor
R0328,P189,return,H2,HOME_P189,H2,dialysis,hospital,patient_home,4.08016,4080.16,haversine_x_road_factor
R0329,P190,outbound,HOME_P190,H3,H3,dialysis,patient_home,hospital,8.07481,8074.81,haversine_x_road_factor
R0330,P190,return,H3,HOME_P190,H3,dialysis,hospital,patient_home,8.07481,8074.81,haversine_x_road_factor
R0331,P191,outbound,HOME_P191,H2,H2,other,patient_home,hospital,13.45055,13450.55,haversine_x_road_factor
R0332,P191,return,H2,HOME_P191,H2,other,hospital,patient_home,13.45055,13450.55,haversine_x_road_factor
R0333,P192,outbound,HOME_P192,H1,H1,other,patient_home,hospital,5.25553,5255.53,haversine_x_road_factor
R0334,P193,outbound,HOME_P193,H1,H1,other,patient_home,hospital,8.10622,8106.22,haversine_x_road_factor
R0335,P194,outbound,HOME_P194,H1,H1,dialysis,patient_home,hospital,5.62154,5621.54,haversine_x_road_factor
R0336,P195,outbound,HOME_P195,H1,H1,dialysis,patient_home,hospital,7.83337,7833.37,haversine_x_road_factor
R0337,P196,outbound,HOME_P196,H2,H2,dialysis,patient_home,hospital,4.32971,4329.71,haversine_x_road_factor
R0338,P196,return,H2,HOME_P196,H2,dialysis,hospital,patient_home,4.32971,4329.71,haversine_x_road_factor
R0339,P197,outbound,HOME_P197,H1,H1,other,patient_home,hospital,12.41211,12412.11,haversine_x_road_factor
R0340,P197,return,H1,HOME_P197,H1,other,hospital,patient_home,12.41211,12412.11,haversine_x_road_factor
R0341,P198,outbound,HOME_P198,H1,H1,other,patient_home,hospital,14.08674,14086.74,haversine_x_road_factor
R0342,P198,return,H1,HOME_P198,H1,other,hospital,patient_home,14.08674,14086.74,haversine_x_road_factor
R0343,P199,outbound,HOME_P199,H2,H2,other,patient_home,hospital,7.43927,7439.27,haversine_x_road_factor
R0344,P199,return,H2,HOME_P199,H2,other,hospital,patient_home,7.43927,7439.27,haversine_x_road_factor
R0345,P200,outbound,HOME_P200,H1,H1,oncology,patient_home,hospital,6.37086,6370.86,haversine_x_road_factor
R0346,P200,return,H1,HOME_P200,H1,oncology,hospital,patient_home,6.37086,6370.86,haversine_x_road_factor
R0347,P201,outbound,HOME_P201,H1,H1,dialysis,patient_home,hospital,8.36925,8369.25,haversine_x_road_factor
R0348,P202,outbound,HOME_P202,H1,H1,oncology,patient_home,hospital,12.19222,12192.22,haversine_x_road_factor
R0349,P202,return,H1,HOME_P202,H1,oncology,hospital,patient_home,12.19222,12192.22,haversine_x_road_factor
R0350,P203,outbound,HOME_P203,H2,H2,dialysis,patient_home,hospital,6.82958,6829.58,haversine_x_road_factor
R0351,P204,outbound,HOME_P204,H1,H1,other,patient_home,hospital,12.38193,12381.93,haversine_x_road_factor
R0352,P204,return,H1,HOME_P204,H1,other,hospital,patient_home,12.38193,12381.93,haversine_x_road_factor
R0353,P205,outbound,HOME_P205,H1,H1,oncology,patient_home,hospital,11.70534,11705.34,haversine_x_road_factor
R0354,P205,return,H1,HOME_P205,H1,oncology,hospital,patient_home,11.70534,11705.34,haversine_x_road_factor
R0355,P206,outbound,HOME_P206,H1,H1,other,patient_home,hospital,11.75371,11753.71,haversine_x_road_factor
R0356,P207,outbound,HOME_P207,H3,H3,dialysis,patient_home,hospital,5.24012,5240.12,haversine_x_road_factor
R0357,P207,return,H3,HOME_P207,H3,dialysis,hospital,patient_home,5.24012,5240.12,haversine_x_road_factor
R0358,P208,outbound,HOME_P208,H1,H1,dialysis,patient_home,hospital,8.93512,8935.12,haversine_x_road_factor
R0359,P208,return,H1,HOME_P208,H1,dialysis,hospital,patient_home,8.93512,8935.12,haversine_x_road_factor
R0360,P209,outbound,HOME_P209,H2,H2,dialysis,patient_home,hospital,9.24257,9242.57,haversine_x_road_factor
R0361,P209,return,H2,HOME_P209,H2,dialysis,hospital,patient_home,9.24257,9242.57,haversine_x_road_factor
R0362,P210,outbound,HOME_P210,H2,H2,dialysis,patient_home,hospital,8.41725,8417.25,haversine_x_road_factor
R0363,P211,outbound,HOME_P211,H2,H2,oncology,patient_home,hospital,9.45973,9459.73,haversine_x_road_factor
R0364,P211,return,H2,HOME_P211,H2,oncology,hospital,patient_home,9.45973,9459.73,haversine_x_road_factor
R0365,P212,outbound,HOME_P212,H2,H2,dialysis,patient_home,hospital,0.87724,877.24,haversine_x_road_factor
R0366,P212,return,H2,HOME_P212,H2,dialysis,hospital,patient_home,0.87724,877.24,haversine_x_road_factor
R0367,P213,outbound,HOME_P213,H1,H1,other,patient_home,hospital,11.87664,11876.64,haversine_x_road_factor
R0368,P214,outbound,HOME_P214,H2,H2,other,patient_home,hospital,2.66874,2668.74,haversine_x_road_factor
R0369,P215,outbound,HOME_P215,H2,H2,dialysis,patient_home,hospital,8.85818,8858.18,haversine_x_road_factor
R0370,P215,return,H2,HOME_P215,H2,dialysis,hospital,patient_home,8.85818,8858.18,haversine_x_road_factor
R0371,P216,outbound,HOME_P216,H1,H1,oncology,patient_home,hospital,9.39765,9397.65,haversine_x_road_factor
R0372,P216,return,H1,HOME_P216,H1,oncology,hospital,patient_home,9.39765,9397.65,haversine_x_road_factor
R0373,P217,outbound,HOME_P217,H1,H1,other,patient_home,hospital,6.42896,6428.96,haversine_x_road_factor
R0374,P217,return,H1,HOME_P217,H1,other,hospital,patient_home,6.42896,6428.96,haversine_x_road_factor
R0375,P218,outbound,HOME_P218,H1,H1,dialysis,patient_home,hospital,6.0797,6079.7,haversine_x_road_factor
R0376,P218,return,H1,HOME_P218,H1,dialysis,hospital,patient_home,6.0797,6079.7,haversine_x_road_factor
R0377,P219,outbound,HOME_P219,H1,H1,oncology,patient_home,hospital,8.10601,8106.01,haversine_x_road_factor
R0378,P219,return,H1,HOME_P219,H1,oncology,hospital,patient_home,8.10601,8106.01,haversine_x_road_factor
R0379,P220,outbound,HOME_P220,H2,H2,other,patient_home,hospital,13.21458,13214.58,haversine_x_road_factor
R0380,P220,return,H2,HOME_P220,H2,other,hospital,patient_home,13.21458,13214.58,haversine_x_road_factor
R0381,P221,outbound,HOME_P221,H1,H1,other,patient_home,hospital,10.53724,10537.24,haversine_x_road_factor
R0382,P221,return,H1,HOME_P221,H1,other,hospital,patient_home,10.53724,10537.24,haversine_x_road_factor
R0383,P222,outbound,HOME_P222,H2,H2,dialysis,patient_home,hospital,6.01316,6013.16,haversine_x_road_factor
R0384,P222,return,H2,HOME_P222,H2,dialysis,hospital,patient_home,6.01316,6013.16,haversine_x_road_factor
R0385,P223,outbound,HOME_P223,H2,H2,dialysis,patient_home,hospital,10.0129,10012.9,haversine_x_road_factor
R0386,P223,return,H2,HOME_P223,H2,dialysis,hospital,patient_home,10.0129,10012.9,haversine_x_road_factor
R0387,P224,outbound,HOME_P224,H2,H2,other,patient_home,hospital,8.85252,8852.52,haversine_x_road_factor
R0388,P224,return,H2,HOME_P224,H2,other,hospital,patient_home,8.85252,8852.52,haversine_x_road_factor
R0389,P225,outbound,HOME_P225,H2,H2,dialysis,patient_home,hospital,7.40711,7407.11,haversine_x_road_factor
R0390,P226,outbound,HOME_P226,H1,H1,dialysis,patient_home,hospital,3.09736,3097.36,haversine_x_road_factor
R0391,P226,return,H1,HOME_P226,H1,dialysis,hospital,patient_home,3.09736,3097.36,haversine_x_road_factor
R0392,P227,outbound,HOME_P227,H2,H2,other,patient_home,hospital,8.99162,8991.62,haversine_x_road_factor
R0393,P227,return,H2,HOME_P227,H2,other,hospital,patient_home,8.99162,8991.62,haversine_x_road_factor
R0394,P228,outbound,HOME_P228,H2,H2,other,patient_home,hospital,7.1921,7192.1,haversine_x_road_factor
R0395,P228,return,H2,HOME_P228,H2,other,hospital,patient_home,7.1921,7192.1,haversine_x_road_factor
R0396,P229,outbound,HOME_P229,H2,H2,dialysis,patient_home,hospital,9.33512,9335.12,haversine_x_road_factor
R0397,P230,outbound,HOME_P230,H2,H2,other,patient_home,hospital,8.18508,8185.08,haversine_x_road_factor
R0398,P230,return,H2,HOME_P230,H2,other,hospital,patient_home,8.18508,8185.08,haversine_x_road_factor
R0399,P231,outbound,HOME_P231,H1,H1,other,patient_home,hospital,12.39096,12390.96,haversine_x_road_factor
R0400,P231,return,H1,HOME_P231,H1,other,hospital,patient_home,12.39096,12390.96,haversine_x_road_factor
R0401,P232,outbound,HOME_P232,H1,H1,oncology,patient_home,hospital,11.43425,11434.25,haversine_x_road_factor
R0402,P232,return,H1,HOME_P232,H1,oncology,hospital,patient_home,11.43425,11434.25,haversine_x_road_factor
R0403,P233,outbound,HOME_P233,H2,H2,other,patient_home,hospital,11.21978,11219.78,haversine_x_road_factor
R0404,P234,outbound,HOME_P234,H1,H1,other,patient_home,hospital,13.00744,13007.44,haversine_x_road_factor
R0405,P234,return,H1,HOME_P234,H1,other,hospital,patient_home,13.00744,13007.44,haversine_x_road_factor
R0406,P235,outbound,HOME_P235,H1,H1,oncology,patient_home,hospital,8.45032,8450.32,haversine_x_road_factor
R0407,P235,return,H1,HOME_P235,H1,oncology,hospital,patient_home,8.45032,8450.32,haversine_x_road_factor
R0408,P236,outbound,HOME_P236,H1,H1,external,patient_home,hospital,9.37719,9377.19,haversine_x_road_factor
R0409,P236,return,H1,HOME_P236,H1,external,hospital,patient_home,9.37719,9377.19,haversine_x_road_factor
R0410,P237,outbound,HOME_P237,H2,H2,dialysis,patient_home,hospital,6.14681,6146.81,haversine_x_road_factor
R0411,P237,return,H2,HOME_P237,H2,dialysis,hospital,patient_home,6.14681,6146.81,haversine_x_road_factor
R0412,P238,outbound,HOME_P238,H2,H2,oncology,patient_home,hospital,1.5753,1575.3,haversine_x_road_factor
R0413,P238,return,H2,HOME_P238,H2,oncology,hospital,patient_home,1.5753,1575.3,haversine_x_road_factor
R0414,P239,outbound,HOME_P239,H1,H1,external,patient_home,hospital,14.06636,14066.36,haversine_x_road_factor
R0415,P239,return,H1,HOME_P239,H1,external,hospital,patient_home,14.06636,14066.36,haversine_x_road_factor
R0416,P240,outbound,HOME_P240,H1,H1,dialysis,patient_home,hospital,4.68115,4681.15,haversine_x_road_factor
R0417,P241,outbound,HOME_P241,H1,H1,external,patient_home,hospital,19.68308,19683.08,haversine_x_road_factor
R0418,P241,return,H1,HOME_P241,H1,external,hospital,patient_home,19.68308,19683.08,haversine_x_road_factor
R0419,P242,outbound,HOME_P242,H1,H1,dialysis,patient_home,hospital,6.54119,6541.19,haversine_x_road_factor
R0420,P243,outbound,HOME_P243,H3,H3,dialysis,patient_home,hospital,9.78887,9788.87,haversine_x_road_factor
R0421,P243,return,H3,HOME_P243,H3,dialysis,hospital,patient_home,9.78887,9788.87,haversine_x_road_factor
R0422,P244,outbound,HOME_P244,H3,H3,dialysis,patient_home,hospital,8.46575,8465.75,haversine_x_road_factor
R0423,P245,outbound,HOME_P245,H1,H1,dialysis,patient_home,hospital,3.34917,3349.17,haversine_x_road_factor
R0424,P245,return,H1,HOME_P245,H1,dialysis,hospital,patient_home,3.34917,3349.17,haversine_x_road_factor
R0425,P246,outbound,HOME_P246,H2,H2,oncology,patient_home,hospital,11.75529,11755.29,haversine_x_road_factor
R0426,P247,outbound,HOME_P247,H1,H1,dialysis,patient_home,hospital,8.09156,8091.56,haversine_x_road_factor
R0427,P248,outbound,HOME_P248,H2,H2,dialysis,patient_home,hospital,8.03801,8038.01,haversine_x_road_factor
R0428,P249,outbound,HOME_P249,H1,H1,dialysis,patient_home,hospital,4.27529,4275.29,haversine_x_road_factor
R0429,P249,return,H1,HOME_P249,H1,dialysis,hospital,patient_home,4.27529,4275.29,haversine_x_road_factor
R0430,P250,outbound,HOME_P250,H1,H1,dialysis,patient_home,hospital,9.91746,9917.46,haversine_x_road_factor
R0431,P250,return,H1,HOME_P250,H1,dialysis,hospital,patient_home,9.91746,9917.46,haversine_x_road_factor
R0432,P251,outbound,HOME_P251,H1,H1,other,patient_home,hospital,7.61331,7613.31,haversine_x_road_factor
R0433,P251,return,H1,HOME_P251,H1,other,hospital,patient_home,7.61331,7613.31,haversine_x_road_factor
R0434,P252,outbound,HOME_P252,H2,H2,oncology,patient_home,hospital,5.96366,5963.66,haversine_x_road_factor
R0435,P252,return,H2,HOME_P252,H2,oncology,hospital,patient_home,5.96366,5963.66,haversine_x_road_factor
R0436,P253,outbound,HOME_P253,H1,H1,dialysis,patient_home,hospital,5.15892,5158.92,haversine_x_road_factor
R0437,P253,return,H1,HOME_P253,H1,dialysis,hospital,patient_home,5.15892,5158.92,haversine_x_road_factor
R0438,P254,outbound,HOME_P254,H2,H2,other,patient_home,hospital,5.46424,5464.24,haversine_x_road_factor
R0439,P254,return,H2,HOME_P254,H2,other,hospital,patient_home,5.46424,5464.24,haversine_x_road_factor
R0440,P255,outbound,HOME_P255,H1,H1,dialysis,patient_home,hospital,4.07519,4075.19,haversine_x_road_factor
R0441,P256,outbound,HOME_P256,H1,H1,dialysis,patient_home,hospital,2.63419,2634.19,haversine_x_road_factor
R0442,P257,outbound,HOME_P257,H1,H1,dialysis,patient_home,hospital,4.62929,4629.29,haversine_x_road_factor
R0443,P257,return,H1,HOME_P257,H1,dialysis,hospital,patient_home,4.62929,4629.29,haversine_x_road_factor
R0444,P258,outbound,HOME_P258,H1,H1,dialysis,patient_home,hospital,5.76065,5760.65,haversine_x_road_factor
R0445,P258,return,H1,HOME_P258,H1,dialysis,hospital,patient_home,5.76065,5760.65,haversine_x_road_factor
R0446,P259,outbound,HOME_P259,H1,H1,other,patient_home,hospital,4.89826,4898.26,haversine_x_road_factor
R0447,P260,outbound,HOME_P260,H1,H1,oncology,patient_home,hospital,11.67274,11672.74,haversine_x_road_factor
R0448,P260,return,H1,HOME_P260,H1,oncology,hospital,patient_home,11.67274,11672.74,haversine_x_road_factor
R0449,P261,outbound,HOME_P261,H3,H3,dialysis,patient_home,hospital,9.16844,9168.44,haversine_x_road_factor
R0450,P262,outbound,HOME_P262,H2,H2,dialysis,patient_home,hospital,9.85374,9853.74,haversine_x_road_factor
R0451,P262,return,H2,HOME_P262,H2,dialysis,hospital,patient_home,9.85374,9853.74,haversine_x_road_factor
R0452,P263,outbound,HOME_P263,H1,H1,external,patient_home,hospital,10.7246,10724.6,haversine_x_road_factor
R0453,P263,return,H1,HOME_P263,H1,external,hospital,patient_home,10.7246,10724.6,haversine_x_road_factor
R0454,P264,outbound,HOME_P264,H1,H1,dialysis,patient_home,hospital,7.40371,7403.71,haversine_x_road_factor
R0455,P264,return,H1,HOME_P264,H1,dialysis,hospital,patient_home,7.40371,7403.71,haversine_x_road_factor
R0456,P265,outbound,HOME_P265,H1,H1,dialysis,patient_home,hospital,6.08373,6083.73,haversine_x_road_factor
R0457,P266,outbound,HOME_P266,H2,H2,dialysis,patient_home,hospital,4.61098,4610.98,haversine_x_road_factor
R0458,P266,return,H2,HOME_P266,H2,dialysis,hospital,patient_home,4.61098,4610.98,haversine_x_road_factor
R0459,P267,outbound,HOME_P267,H2,H2,other,patient_home,hospital,10.89823,10898.23,haversine_x_road_factor
R0460,P267,return,H2,HOME_P267,H2,other,hospital,patient_home,10.89823,10898.23,haversine_x_road_factor
R0461,P268,outbound,HOME_P268,H1,H1,other,patient_home,hospital,7.28749,7287.49,haversine_x_road_factor
R0462,P268,return,H1,HOME_P268,H1,other,hospital,patient_home,7.28749,7287.49,haversine_x_road_factor
R0463,P269,outbound,HOME_P269,H2,H2,dialysis,patient_home,hospital,5.25337,5253.37,haversine_x_road_factor
R0464,P269,return,H2,HOME_P269,H2,dialysis,hospital,patient_home,5.25337,5253.37,haversine_x_road_factor
R0465,P270,outbound,HOME_P270,H1,H1,dialysis,patient_home,hospital,9.58959,9589.59,haversine_x_road_factor
R0466,P271,outbound,HOME_P271,H1,H1,other,patient_home,hospital,1.84013,1840.13,haversine_x_road_factor
R0467,P271,return,H1,HOME_P271,H1,other,hospital,patient_home,1.84013,1840.13,haversine_x_road_factor
R0468,P272,outbound,HOME_P272,H2,H2,other,patient_home,hospital,8.94706,8947.06,haversine_x_road_factor
R0469,P272,return,H2,HOME_P272,H2,other,hospital,patient_home,8.94706,8947.06,haversine_x_road_factor
R0470,P273,outbound,HOME_P273,H1,H1,other,patient_home,hospital,3.41098,3410.98,haversine_x_road_factor
R0471,P273,return,H1,HOME_P273,H1,other,hospital,patient_home,3.41098,3410.98,haversine_x_road_factor
R0472,P274,outbound,HOME_P274,H1,H1,dialysis,patient_home,hospital,9.86624,9866.24,haversine_x_road_factor
R0473,P275,outbound,HOME_P275,H1,H1,dialysis,patient_home,hospital,3.24588,3245.88,haversine_x_road_factor
R0474,P276,outbound,HOME_P276,H1,H1,oncology,patient_home,hospital,4.62038,4620.38,haversine_x_road_factor
R0475,P276,return,H1,HOME_P276,H1,oncology,hospital,patient_home,4.62038,4620.38,haversine_x_road_factor
R0476,P277,outbound,HOME_P277,H2,H2,other,patient_home,hospital,10.62185,10621.85,haversine_x_road_factor
R0477,P277,return,H2,HOME_P277,H2,other,hospital,patient_home,10.62185,10621.85,haversine_x_road_factor
R0478,P278,outbound,HOME_P278,H2,H2,other,patient_home,hospital,4.96011,4960.11,haversine_x_road_factor
R0479,P278,return,H2,HOME_P278,H2,other,hospital,patient_home,4.96011,4960.11,haversine_x_road_factor
R0480,P279,outbound,HOME_P279,H1,H1,dialysis,patient_home,hospital,4.60655,4606.55,haversine_x_road_factor
R0481,P279,return,H1,HOME_P279,H1,dialysis,hospital,patient_home,4.60655,4606.55,haversine_x_road_factor
R0482,P280,outbound,HOME_P280,H1,H1,external,patient_home,hospital,20.23619,20236.19,haversine_x_road_factor
R0483,P280,return,H1,HOME_P280,H1,external,hospital,patient_home,20.23619,20236.19,haversine_x_road_factor
R0484,P281,outbound,HOME_P281,H1,H1,other,patient_home,hospital,13.16048,13160.48,haversine_x_road_factor
R0485,P281,return,H1,HOME_P281,H1,other,hospital,patient_home,13.16048,13160.48,haversine_x_road_factor
R0486,P282,outbound,HOME_P282,H1,H1,other,patient_home,hospital,12.20915,12209.15,haversine_x_road_factor
R0487,P282,return,H1,HOME_P282,H1,other,hospital,patient_home,12.20915,12209.15,haversine_x_road_factor
R0488,P283,outbound,HOME_P283,H1,H1,oncology,patient_home,hospital,8.79574,8795.74,haversine_x_road_factor
R0489,P283,return,H1,HOME_P283,H1,oncology,hospital,patient_home,8.79574,8795.74,haversine_x_road_factor
R0490,P284,outbound,HOME_P284,H2,H2,other,patient_home,hospital,10.05118,10051.18,haversine_x_road_factor
R0491,P284,return,H2,HOME_P284,H2,other,hospital,patient_home,10.05118,10051.18,haversine_x_road_factor
R0492,P285,outbound,HOME_P285,H2,H2,dialysis,patient_home,hospital,9.02834,9028.34,haversine_x_road_factor
R0493,P285,return,H2,HOME_P285,H2,dialysis,hospital,patient_home,9.02834,9028.34,haversine_x_road_factor
R0494,P286,outbound,HOME_P286,H2,H2,other,patient_home,hospital,7.17565,7175.65,haversine_x_road_factor
R0495,P286,return,H2,HOME_P286,H2,other,hospital,patient_home,7.17565,7175.65,haversine_x_road_factor
R0496,P287,outbound,HOME_P287,H2,H2,dialysis,patient_home,hospital,9.75738,9757.38,haversine_x_road_factor
R0497,P287,return,H2,HOME_P287,H2,dialysis,hospital,patient_home,9.75738,9757.38,haversine_x_road_factor
R0498,P288,outbound,HOME_P288,H1,H1,dialysis,patient_home,hospital,7.94689,7946.89,haversine_x_road_factor
R0499,P289,outbound,HOME_P289,H1,H1,oncology,patient_home,hospital,12.10438,12104.38,haversine_x_road_factor
R0500,P289,return,H1,HOME_P289,H1,oncology,hospital,patient_home,12.10438,12104.38,haversine_x_road_factor
R0501,P290,outbound,HOME_P290,H1,H1,other,patient_home,hospital,4.52768,4527.68,haversine_x_road_factor
R0502,P290,return,H1,HOME_P290,H1,other,hospital,patient_home,4.52768,4527.68,haversine_x_road_factor
R0503,P291,outbound,HOME_P291,H2,H2,oncology,patient_home,hospital,6.37487,6374.87,haversine_x_road_factor
R0504,P291,return,H2,HOME_P291,H2,oncology,hospital,patient_home,6.37487,6374.87,haversine_x_road_factor
R0505,P292,outbound,HOME_P292,H3,H3,dialysis,patient_home,hospital,8.79539,8795.39,haversine_x_road_factor
R0506,P293,outbound,HOME_P293,H1,H1,dialysis,patient_home,hospital,2.89043,2890.43,haversine_x_road_factor
R0507,P293,return,H1,HOME_P293,H1,dialysis,hospital,patient_home,2.89043,2890.43,haversine_x_road_factor
R0508,P294,outbound,HOME_P294,H1,H1,oncology,patient_home,hospital,9.33408,9334.08,haversine_x_road_factor
R0509,P294,return,H1,HOME_P294,H1,oncology,hospital,patient_home,9.33408,9334.08,haversine_x_road_factor
R0510,P295,outbound,HOME_P295,H1,H1,oncology,patient_home,hospital,11.09448,11094.48,haversine_x_road_factor
R0511,P295,return,H1,HOME_P295,H1,oncology,hospital,patient_home,11.09448,11094.48,haversine_x_road_factor
R0512,P296,outbound,HOME_P296,H2,H2,other,patient_home,hospital,11.30434,11304.34,haversine_x_road_factor
R0513,P296,return,H2,HOME_P296,H2,other,hospital,patient_home,11.30434,11304.34,haversine_x_road_factor
R0514,P297,outbound,HOME_P297,H1,H1,oncology,patient_home,hospital,6.85314,6853.14,haversine_x_road_factor
R0515,P298,outbound,HOME_P298,H2,H2,other,patient_home,hospital,5.31371,5313.71,haversine_x_road_factor
R0516,P298,return,H2,HOME_P298,H2,other,hospital,patient_home,5.31371,5313.71,haversine_x_road_factor
R0517,P299,outbound,HOME_P299,H1,H1,other,patient_home,hospital,9.22975,9229.75,haversine_x_road_factor
R0518,P300,outbound,HOME_P300,H1,H1,external,patient_home,hospital,18.5919,18591.9,haversine_x_road_factor
R0519,P301,outbound,HOME_P301,H2,H2,other,patient_home,hospital,10.72995,10729.95,haversine_x_road_factor
R0520,P301,return,H2,HOME_P301,H2,other,hospital,patient_home,10.72995,10729.95,haversine_x_road_factor
R0521,P302,outbound,HOME_P302,H1,H1,other,patient_home,hospital,7.30461,7304.61,haversine_x_road_factor
R0522,P302,return,H1,HOME_P302,H1,other,hospital,patient_home,7.30461,7304.61,haversine_x_road_factor
R0523,P303,outbound,HOME_P303,H1,H1,dialysis,patient_home,hospital,8.21313,8213.13,haversine_x_road_factor
R0524,P303,return,H1,HOME_P303,H1,dialysis,hospital,patient_home,8.21313,8213.13,haversine_x_road_factor
R0525,P304,outbound,HOME_P304,H2,H2,dialysis,patient_home,hospital,8.39008,8390.08,haversine_x_road_factor
R0526,P304,return,H2,HOME_P304,H2,dialysis,hospital,patient_home,8.39008,8390.08,haversine_x_road_factor
R0527,P305,outbound,HOME_P305,H1,H1,dialysis,patient_home,hospital,5.66758,5667.58,haversine_x_road_factor
R0528,P306,outbound,HOME_P306,H2,H2,other,patient_home,hospital,3.54977,3549.77,haversine_x_road_factor
R0529,P306,return,H2,HOME_P306,H2,other,hospital,patient_home,3.54977,3549.77,haversine_x_road_factor
R0530,P307,outbound,HOME_P307,H3,H3,dialysis,patient_home,hospital,7.6422,7642.2,haversine_x_road_factor
R0531,P307,return,H3,HOME_P307,H3,dialysis,hospital,patient_home,7.6422,7642.2,haversine_x_road_factor
R0532,P308,outbound,HOME_P308,H2,H2,other,patient_home,hospital,10.56052,10560.52,haversine_x_road_factor
R0533,P308,return,H2,HOME_P308,H2,other,hospital,patient_home,10.56052,10560.52,haversine_x_road_factor
R0534,P309,outbound,HOME_P309,H2,H2,oncology,patient_home,hospital,8.93343,8933.43,haversine_x_road_factor
R0535,P310,outbound,HOME_P310,H1,H1,dialysis,patient_home,hospital,9.13534,9135.34,haversine_x_road_factor
R0536,P311,outbound,HOME_P311,H1,H1,oncology,patient_home,hospital,8.76116,8761.16,haversine_x_road_factor
R0537,P311,return,H1,HOME_P311,H1,oncology,hospital,patient_home,8.76116,8761.16,haversine_x_road_factor
R0538,P312,outbound,HOME_P312,H1,H1,other,patient_home,hospital,13.73914,13739.14,haversine_x_road_factor
R0539,P312,return,H1,HOME_P312,H1,other,hospital,patient_home,13.73914,13739.14,haversine_x_road_factor
R0540,P313,outbound,HOME_P313,H1,H1,other,patient_home,hospital,13.54348,13543.48,haversine_x_road_factor
R0541,P314,outbound,HOME_P314,H1,H1,dialysis,patient_home,hospital,9.86553,9865.53,haversine_x_road_factor
R0542,P315,outbound,HOME_P315,H1,H1,oncology,patient_home,hospital,10.477,10477.0,haversine_x_road_factor
R0543,P315,return,H1,HOME_P315,H1,oncology,hospital,patient_home,10.477,10477.0,haversine_x_road_factor
R0544,P316,outbound,HOME_P316,H1,H1,other,patient_home,hospital,9.34434,9344.34,haversine_x_road_factor
R0545,P317,outbound,HOME_P317,H1,H1,other,patient_home,hospital,9.08919,9089.19,haversine_x_road_factor
R0546,P317,return,H1,HOME_P317,H1,other,hospital,patient_home,9.08919,9089.19,haversine_x_road_factor
R0547,P318,outbound,HOME_P318,H2,H2,dialysis,patient_home,hospital,7.92414,7924.14,haversine_x_road_factor
R0548,P318,return,H2,HOME_P318,H2,dialysis,hospital,patient_home,7.92414,7924.14,haversine_x_road_factor
R0549,P319,outbound,HOME_P319,H1,H1,other,patient_home,hospital,10.30115,10301.15,haversine_x_road_factor
R0550,P319,return,H1,HOME_P319,H1,other,hospital,patient_home,10.30115,10301.15,haversine_x_road_factor
R0551,P320,outbound,HOME_P320,H2,H2,oncology,patient_home,hospital,11.97104,11971.04,haversine_x_road_factor
R0552,P320,return,H2,HOME_P320,H2,oncology,hospital,patient_home,11.97104,11971.04,haversine_x_road_factor
R0553,P321,outbound,HOME_P321,H2,H2,other,patient_home,hospital,10.19169,10191.69,haversine_x_road_factor
R0554,P321,return,H2,HOME_P321,H2,other,hospital,patient_home,10.19169,10191.69,haversine_x_road_factor
R0555,P322,outbound,HOME_P322,H1,H1,other,patient_home,hospital,6.98971,6989.71,haversine_x_road_factor
R0556,P322,return,H1,HOME_P322,H1,other,hospital,patient_home,6.98971,6989.71,haversine_x_road_factor
R0557,P323,outbound,HOME_P323,H2,H2,oncology,patient_home,hospital,9.48116,9481.16,haversine_x_road_factor
R0558,P323,return,H2,HOME_P323,H2,oncology,hospital,patient_home,9.48116,9481.16,haversine_x_road_factor
R0559,P324,outbound,HOME_P324,H1,H1,dialysis,patient_home,hospital,9.84976,9849.76,haversine_x_road_factor
R0560,P324,return,H1,HOME_P324,H1,dialysis,hospital,patient_home,9.84976,9849.76,haversine_x_road_factor
R0561,P325,outbound,HOME_P325,H2,H2,oncology,patient_home,hospital,5.8877,5887.7,haversine_x_road_factor
R0562,P326,outbound,HOME_P326,H2,H2,dialysis,patient_home,hospital,8.76645,8766.45,haversine_x_road_factor
R0563,P327,outbound,HOME_P327,H1,H1,other,patient_home,hospital,13.82835,13828.35,haversine_x_road_factor
R0564,P328,outbound,HOME_P328,H1,H1,dialysis,patient_home,hospital,7.52817,7528.17,haversine_x_road_factor
R0565,P329,outbound,HOME_P329,H1,H1,dialysis,patient_home,hospital,3.5548,3554.8,haversine_x_road_factor
R0566,P329,return,H1,HOME_P329,H1,dialysis,hospital,patient_home,3.5548,3554.8,haversine_x_road_factor
R0567,P330,outbound,HOME_P330,H1,H1,external,patient_home,hospital,20.79937,20799.37,haversine_x_road_factor
R0568,P330,return,H1,HOME_P330,H1,external,hospital,patient_home,20.79937,20799.37,haversine_x_road_factor
R0569,P331,outbound,HOME_P331,H1,H1,oncology,patient_home,hospital,7.35539,7355.39,haversine_x_road_factor
R0570,P331,return,H1,HOME_P331,H1,oncology,hospital,patient_home,7.35539,7355.39,haversine_x_road_factor
R0571,P332,outbound,HOME_P332,H2,H2,oncology,patient_home,hospital,3.19693,3196.93,haversine_x_road_factor
R0572,P332,return,H2,HOME_P332,H2,oncology,hospital,patient_home,3.19693,3196.93,haversine_x_road_factor
R0573,P333,outbound,HOME_P333,H2,H2,oncology,patient_home,hospital,8.10247,8102.47,haversine_x_road_factor
R0574,P333,return,H2,HOME_P333,H2,oncology,hospital,patient_home,8.10247,8102.47,haversine_x_road_factor
R0575,P334,outbound,HOME_P334,H1,H1,external,patient_home,hospital,21.20511,21205.11,haversine_x_road_factor
R0576,P334,return,H1,HOME_P334,H1,external,hospital,patient_home,21.20511,21205.11,haversine_x_road_factor
R0577,P335,outbound,HOME_P335,H1,H1,oncology,patient_home,hospital,1.11953,1119.53,haversine_x_road_factor
R0578,P335,return,H1,HOME_P335,H1,oncology,hospital,patient_home,1.11953,1119.53,haversine_x_road_factor
R0579,P336,outbound,HOME_P336,H3,H3,dialysis,patient_home,hospital,3.94917,3949.17,haversine_x_road_factor
R0580,P336,return,H3,HOME_P336,H3,dialysis,hospital,patient_home,3.94917,3949.17,haversine_x_road_factor
R0581,P337,outbound,HOME_P337,H2,H2,other,patient_home,hospital,3.53345,3533.45,haversine_x_road_factor
R0582,P337,return,H2,HOME_P337,H2,other,hospital,patient_home,3.53345,3533.45,haversine_x_road_factor
R0583,P338,outbound,HOME_P338,H1,H1,oncology,patient_home,hospital,10.67913,10679.13,haversine_x_road_factor
R0584,P338,return,H1,HOME_P338,H1,oncology,hospital,patient_home,10.67913,10679.13,haversine_x_road_factor
R0585,P339,outbound,HOME_P339,H3,H3,dialysis,patient_home,hospital,7.33695,7336.95,haversine_x_road_factor
R0586,P340,outbound,HOME_P340,H1,H1,dialysis,patient_home,hospital,7.53325,7533.25,haversine_x_road_factor
R0587,P340,return,H1,HOME_P340,H1,dialysis,hospital,patient_home,7.53325,7533.25,haversine_x_road_factor
R0588,P341,outbound,HOME_P341,H2,H2,other,patient_home,hospital,6.53441,6534.41,haversine_x_road_factor
R0589,P341,return,H2,HOME_P341,H2,other,hospital,patient_home,6.53441,6534.41,haversine_x_road_factor
R0590,P342,outbound,HOME_P342,H1,H1,other,patient_home,hospital,7.16605,7166.05,haversine_x_road_factor
R0591,P342,return,H1,HOME_P342,H1,other,hospital,patient_home,7.16605,7166.05,haversine_x_road_factor
R0592,P343,outbound,HOME_P343,H1,H1,dialysis,patient_home,hospital,8.6075,8607.5,haversine_x_road_factor
R0593,P344,outbound,HOME_P344,H2,H2,other,patient_home,hospital,9.25161,9251.61,haversine_x_road_factor
R0594,P344,return,H2,HOME_P344,H2,other,hospital,patient_home,9.25161,9251.61,haversine_x_road_factor
R0595,P345,outbound,HOME_P345,H3,H3,dialysis,patient_home,hospital,7.82088,7820.88,haversine_x_road_factor
R0596,P345,return,H3,HOME_P345,H3,dialysis,hospital,patient_home,7.82088,7820.88,haversine_x_road_factor
R0597,P346,outbound,HOME_P346,H2,H2,other,patient_home,hospital,3.738,3738.0,haversine_x_road_factor
R0598,P346,return,H2,HOME_P346,H2,other,hospital,patient_home,3.738,3738.0,haversine_x_road_factor
R0599,P347,outbound,HOME_P347,H2,H2,other,patient_home,hospital,3.06891,3068.91,haversine_x_road_factor
R0600,P347,return,H2,HOME_P347,H2,other,hospital,patient_home,3.06891,3068.91,haversine_x_road_factor
R0601,P348,outbound,HOME_P348,H1,H1,external,patient_home,hospital,18.08317,18083.17,haversine_x_road_factor
R0602,P348,return,H1,HOME_P348,H1,external,hospital,patient_home,18.08317,18083.17,haversine_x_road_factor
R0603,P349,outbound,HOME_P349,H1,H1,oncology,patient_home,hospital,0.88179,881.79,haversine_x_road_factor
R0604,P349,return,H1,HOME_P349,H1,oncology,hospital,patient_home,0.88179,881.79,haversine_x_road_factor
R0605,P350,outbound,HOME_P350,H1,H1,other,patient_home,hospital,2.70547,2705.47,haversine_x_road_factor
R0606,P350,return,H1,HOME_P350,H1,other,hospital,patient_home,2.70547,2705.47,haversine_x_road_factor
R0607,P351,outbound,HOME_P351,H2,H2,other,patient_home,hospital,13.54042,13540.42,haversine_x_road_factor
R0608,P351,return,H2,HOME_P351,H2,other,hospital,patient_home,13.54042,13540.42,haversine_x_road_factor
R0609,P352,outbound,HOME_P352,H2,H2,dialysis,patient_home,hospital,5.86185,5861.85,haversine_x_road_factor
R0610,P353,outbound,HOME_P353,H1,H1,dialysis,patient_home,hospital,2.10867,2108.67,haversine_x_road_factor
R0611,P354,outbound,HOME_P354,H3,H3,dialysis,patient_home,hospital,6.69655,6696.55,haversine_x_road_factor
R0612,P355,outbound,HOME_P355,H1,H1,dialysis,patient_home,hospital,6.94377,6943.77,haversine_x_road_factor
R0613,P356,outbound,HOME_P356,H2,H2,other,patient_home,hospital,6.26464,6264.64,haversine_x_road_factor
R0614,P356,return,H2,HOME_P356,H2,other,hospital,patient_home,6.26464,6264.64,haversine_x_road_factor
R0615,P357,outbound,HOME_P357,H1,H1,other,patient_home,hospital,14.39221,14392.21,haversine_x_road_factor
R0616,P357,return,H1,HOME_P357,H1,other,hospital,patient_home,14.39221,14392.21,haversine_x_road_factor
R0617,P358,outbound,HOME_P358,H2,H2,dialysis,patient_home,hospital,5.07766,5077.66,haversine_x_road_factor
R0618,P358,return,H2,HOME_P358,H2,dialysis,hospital,patient_home,5.07766,5077.66,haversine_x_road_factor
R0619,P359,outbound,HOME_P359,H2,H2,oncology,patient_home,hospital,10.09741,10097.41,haversine_x_road_factor
R0620,P359,return,H2,HOME_P359,H2,oncology,hospital,patient_home,10.09741,10097.41,haversine_x_road_factor
R0621,P360,outbound,HOME_P360,H3,H3,dialysis,patient_home,hospital,7.53984,7539.84,haversine_x_road_factor
R0622,P361,outbound,HOME_P361,H1,H1,oncology,patient_home,hospital,5.21005,5210.05,haversine_x_road_factor
R0623,P361,return,H1,HOME_P361,H1,oncology,hospital,patient_home,5.21005,5210.05,haversine_x_road_factor
R0624,P362,outbound,HOME_P362,H2,H2,dialysis,patient_home,hospital,3.20582,3205.82,haversine_x_road_factor
R0625,P362,return,H2,HOME_P362,H2,dialysis,hospital,patient_home,3.20582,3205.82,haversine_x_road_factor
R0626,P363,outbound,HOME_P363,H2,H2,other,patient_home,hospital,11.78797,11787.97,haversine_x_road_factor
R0627,P363,return,H2,HOME_P363,H2,other,hospital,patient_home,11.78797,11787.97,haversine_x_road_factor
R0628,P364,outbound,HOME_P364,H3,H3,dialysis,patient_home,hospital,6.08376,6083.76,haversine_x_road_factor
R0629,P365,outbound,HOME_P365,H1,H1,dialysis,patient_home,hospital,7.01737,7017.37,haversine_x_road_factor
R0630,P365,return,H1,HOME_P365,H1,dialysis,hospital,patient_home,7.01737,7017.37,haversine_x_road_factor
R0631,P366,outbound,HOME_P366,H1,H1,dialysis,patient_home,hospital,9.74105,9741.05,haversine_x_road_factor
R0632,P367,outbound,HOME_P367,H2,H2,other,patient_home,hospital,10.38028,10380.28,haversine_x_road_factor
R0633,P367,return,H2,HOME_P367,H2,other,hospital,patient_home,10.38028,10380.28,haversine_x_road_factor
R0634,P368,outbound,HOME_P368,H1,H1,dialysis,patient_home,hospital,3.24094,3240.94,haversine_x_road_factor
R0635,P368,return,H1,HOME_P368,H1,dialysis,hospital,patient_home,3.24094,3240.94,haversine_x_road_factor
R0636,P369,outbound,HOME_P369,H1,H1,oncology,patient_home,hospital,11.04758,11047.58,haversine_x_road_factor
R0637,P369,return,H1,HOME_P369,H1,oncology,hospital,patient_home,11.04758,11047.58,haversine_x_road_factor
R0638,P370,outbound,HOME_P370,H1,H1,oncology,patient_home,hospital,10.37064,10370.64,haversine_x_road_factor
R0639,P370,return,H1,HOME_P370,H1,oncology,hospital,patient_home,10.37064,10370.64,haversine_x_road_factor
R0640,P371,outbound,HOME_P371,H1,H1,other,patient_home,hospital,2.05006,2050.06,haversine_x_road_factor
R0641,P372,outbound,HOME_P372,H1,H1,other,patient_home,hospital,4.44003,4440.03,haversine_x_road_factor
R0642,P372,return,H1,HOME_P372,H1,other,hospital,patient_home,4.44003,4440.03,haversine_x_road_factor
R0643,P373,outbound,HOME_P373,H2,H2,dialysis,patient_home,hospital,5.88915,5889.15,haversine_x_road_factor
R0644,P374,outbound,HOME_P374,H1,H1,other,patient_home,hospital,12.63468,12634.68,haversine_x_road_factor
R0645,P374,return,H1,HOME_P374,H1,other,hospital,patient_home,12.63468,12634.68,haversine_x_road_factor
R0646,P375,outbound,HOME_P375,H3,H3,dialysis,patient_home,hospital,7.44061,7440.61,haversine_x_road_factor
R0647,P375,return,H3,HOME_P375,H3,dialysis,hospital,patient_home,7.44061,7440.61,haversine_x_road_factor
R0648,P376,outbound,HOME_P376,H2,H2,other,patient_home,hospital,9.37473,9374.73,haversine_x_road_factor
R0649,P377,outbound,HOME_P377,H1,H1,other,patient_home,hospital,7.45391,7453.91,haversine_x_road_factor
R0650,P377,return,H1,HOME_P377,H1,other,hospital,patient_home,7.45391,7453.91,haversine_x_road_factor
R0651,P378,outbound,HOME_P378,H2,H2,other,patient_home,hospital,6.03218,6032.18,haversine_x_road_factor
R0652,P378,return,H2,HOME_P378,H2,other,hospital,patient_home,6.03218,6032.18,haversine_x_road_factor
R0653,P379,outbound,HOME_P379,H1,H1,dialysis,patient_home,hospital,8.29702,8297.02,haversine_x_road_factor
R0654,P379,return,H1,HOME_P379,H1,dialysis,hospital,patient_home,8.29702,8297.02,haversine_x_road_factor
R0655,P380,outbound,HOME_P380,H1,H1,other,patient_home,hospital,5.57223,5572.23,haversine_x_road_factor
R0656,P381,outbound,HOME_P381,H1,H1,dialysis,patient_home,hospital,8.52842,8528.42,haversine_x_road_factor
R0657,P382,outbound,HOME_P382,H1,H1,oncology,patient_home,hospital,6.03008,6030.08,haversine_x_road_factor
R0658,P382,return,H1,HOME_P382,H1,oncology,hospital,patient_home,6.03008,6030.08,haversine_x_road_factor
R0659,P383,outbound,HOME_P383,H1,H1,dialysis,patient_home,hospital,2.66646,2666.46,haversine_x_road_factor
R0660,P383,return,H1,HOME_P383,H1,dialysis,hospital,patient_home,2.66646,2666.46,haversine_x_road_factor
R0661,P384,outbound,HOME_P384,H1,H1,other,patient_home,hospital,8.33126,8331.26,haversine_x_road_factor
R0662,P384,return,H1,HOME_P384,H1,other,hospital,patient_home,8.33126,8331.26,haversine_x_road_factor
R0663,P385,outbound,HOME_P385,H1,H1,external,patient_home,hospital,19.19594,19195.94,haversine_x_road_factor
R0664,P385,return,H1,HOME_P385,H1,external,hospital,patient_home,19.19594,19195.94,haversine_x_road_factor
R0665,P386,outbound,HOME_P386,H1,H1,other,patient_home,hospital,14.63914,14639.14,haversine_x_road_factor
R0666,P387,outbound,HOME_P387,H3,H3,dialysis,patient_home,hospital,1.47659,1476.59,haversine_x_road_factor
R0667,P387,return,H3,HOME_P387,H3,dialysis,hospital,patient_home,1.47659,1476.59,haversine_x_road_factor
R0668,P388,outbound,HOME_P388,H2,H2,oncology,patient_home,hospital,11.28011,11280.11,haversine_x_road_factor
R0669,P388,return,H2,HOME_P388,H2,oncology,hospital,patient_home,11.28011,11280.11,haversine_x_road_factor
R0670,P389,outbound,HOME_P389,H2,H2,dialysis,patient_home,hospital,9.66347,9663.47,haversine_x_road_factor
R0671,P389,return,H2,HOME_P389,H2,dialysis,hospital,patient_home,9.66347,9663.47,haversine_x_road_factor
R0672,P390,outbound,HOME_P390,H3,H3,dialysis,patient_home,hospital,7.7653,7765.3,haversine_x_road_factor
R0673,P390,return,H3,HOME_P390,H3,dialysis,hospital,patient_home,7.7653,7765.3,haversine_x_road_factor
R0674,P391,outbound,HOME_P391,H2,H2,oncology,patient_home,hospital,6.06884,6068.84,haversine_x_road_factor
R0675,P391,return,H2,HOME_P391,H2,oncology,hospital,patient_home,6.06884,6068.84,haversine_x_road_factor
R0676,P392,outbound,HOME_P392,H1,H1,other,patient_home,hospital,13.50847,13508.47,haversine_x_road_factor
R0677,P392,return,H1,HOME_P392,H1,other,hospital,patient_home,13.50847,13508.47,haversine_x_road_factor
R0678,P393,outbound,HOME_P393,H3,H3,dialysis,patient_home,hospital,5.04903,5049.03,haversine_x_road_factor
R0679,P394,outbound,HOME_P394,H2,H2,dialysis,patient_home,hospital,7.36423,7364.23,haversine_x_road_factor
R0680,P395,outbound,HOME_P395,H1,H1,external,patient_home,hospital,20.416,20416.0,haversine_x_road_factor
R0681,P395,return,H1,HOME_P395,H1,external,hospital,patient_home,20.416,20416.0,haversine_x_road_factor
R0682,P396,outbound,HOME_P396,H2,H2,other,patient_home,hospital,13.57575,13575.75,haversine_x_road_factor
R0683,P396,return,H2,HOME_P396,H2,other,hospital,patient_home,13.57575,13575.75,haversine_x_road_factor
R0684,P397,outbound,HOME_P397,H1,H1,dialysis,patient_home,hospital,5.46775,5467.75,haversine_x_road_factor
R0685,P397,return,H1,HOME_P397,H1,dialysis,hospital,patient_home,5.46775,5467.75,haversine_x_road_factor
R0686,P398,outbound,HOME_P398,H1,H1,other,patient_home,hospital,14.0703,14070.3,haversine_x_road_factor
R0687,P398,return,H1,HOME_P398,H1,other,hospital,patient_home,14.0703,14070.3,haversine_x_road_factor
R0688,P399,outbound,HOME_P399,H1,H1,dialysis,patient_home,hospital,4.89582,4895.82,haversine_x_road_factor
R0689,P400,outbound,HOME_P400,H1,H1,oncology,patient_home,hospital,11.21462,11214.62,haversine_x_road_factor
R0690,P400,return,H1,HOME_P400,H1,oncology,hospital,patient_home,11.21462,11214.62,haversine_x_road_factor
R0691,P401,outbound,HOME_P401,H2,H2,other,patient_home,hospital,9.98934,9989.34,haversine_x_road_factor
R0692,P401,return,H2,HOME_P401,H2,other,hospital,patient_home,9.98934,9989.34,haversine_x_road_factor
R0693,P402,outbound,HOME_P402,H3,H3,dialysis,patient_home,hospital,6.75436,6754.36,haversine_x_road_factor
R0694,P403,outbound,HOME_P403,H1,H1,dialysis,patient_home,hospital,9.57173,9571.73,haversine_x_road_factor
R0695,P403,return,H1,HOME_P403,H1,dialysis,hospital,patient_home,9.57173,9571.73,haversine_x_road_factor
R0696,P404,outbound,HOME_P404,H2,H2,other,patient_home,hospital,11.31182,11311.82,haversine_x_road_factor
R0697,P404,return,H2,HOME_P404,H2,other,hospital,patient_home,11.31182,11311.82,haversine_x_road_factor
R0698,P405,outbound,HOME_P405,H1,H1,dialysis,patient_home,hospital,9.69885,9698.85,haversine_x_road_factor
R0699,P405,return,H1,HOME_P405,H1,dialysis,hospital,patient_home,9.69885,9698.85,haversine_x_road_factor
R0700,P406,outbound,HOME_P406,H1,H1,other,patient_home,hospital,13.52844,13528.44,haversine_x_road_factor
R0701,P406,return,H1,HOME_P406,H1,other,hospital,patient_home,13.52844,13528.44,haversine_x_road_factor
R0702,P407,outbound,HOME_P407,H2,H2,dialysis,patient_home,hospital,4.52512,4525.12,haversine_x_road_factor
R0703,P407,return,H2,HOME_P407,H2,dialysis,hospital,patient_home,4.52512,4525.12,haversine_x_road_factor
R0704,P408,outbound,HOME_P408,H1,H1,dialysis,patient_home,hospital,4.58806,4588.06,haversine_x_road_factor
R0705,P409,outbound,HOME_P409,H1,H1,other,patient_home,hospital,8.62464,8624.64,haversine_x_road_factor
R0706,P409,return,H1,HOME_P409,H1,other,hospital,patient_home,8.62464,8624.64,haversine_x_road_factor
R0707,P410,outbound,HOME_P410,H1,H1,dialysis,patient_home,hospital,4.10543,4105.43,haversine_x_road_factor
R0708,P411,outbound,HOME_P411,H1,H1,oncology,patient_home,hospital,5.92437,5924.37,haversine_x_road_factor
R0709,P411,return,H1,HOME_P411,H1,oncology,hospital,patient_home,5.92437,5924.37,haversine_x_road_factor
R0710,P412,outbound,HOME_P412,H2,H2,dialysis,patient_home,hospital,3.47105,3471.05,haversine_x_road_factor
R0711,P412,return,H2,HOME_P412,H2,dialysis,hospital,patient_home,3.47105,3471.05,haversine_x_road_factor
R0712,P413,outbound,HOME_P413,H1,H1,other,patient_home,hospital,10.83499,10834.99,haversine_x_road_factor
R0713,P413,return,H1,HOME_P413,H1,other,hospital,patient_home,10.83499,10834.99,haversine_x_road_factor
R0714,P414,outbound,HOME_P414,H2,H2,oncology,patient_home,hospital,3.98303,3983.03,haversine_x_road_factor
R0715,P414,return,H2,HOME_P414,H2,oncology,hospital,patient_home,3.98303,3983.03,haversine_x_road_factor
R0716,P415,outbound,HOME_P415,H1,H1,oncology,patient_home,hospital,10.54044,10540.44,haversine_x_road_factor
R0717,P415,return,H1,HOME_P415,H1,oncology,hospital,patient_home,10.54044,10540.44,haversine_x_road_factor
R0718,P416,outbound,HOME_P416,H3,H3,dialysis,patient_home,hospital,3.54551,3545.51,haversine_x_road_factor
R0719,P417,outbound,HOME_P417,H2,H2,dialysis,patient_home,hospital,7.86467,7864.67,haversine_x_road_factor
R0720,P418,outbound,HOME_P418,H1,H1,oncology,patient_home,hospital,11.8396,11839.6,haversine_x_road_factor
R0721,P418,return,H1,HOME_P418,H1,oncology,hospital,patient_home,11.8396,11839.6,haversine_x_road_factor
R0722,P419,outbound,HOME_P419,H3,H3,dialysis,patient_home,hospital,7.15168,7151.68,haversine_x_road_factor
R0723,P420,outbound,HOME_P420,H1,H1,dialysis,patient_home,hospital,4.01335,4013.35,haversine_x_road_factor
R0724,P421,outbound,HOME_P421,H2,H2,dialysis,patient_home,hospital,6.67007,6670.07,haversine_x_road_factor
R0725,P422,outbound,HOME_P422,H1,H1,dialysis,patient_home,hospital,6.66983,6669.83,haversine_x_road_factor
R0726,P423,outbound,HOME_P423,H1,H1,oncology,patient_home,hospital,9.60045,9600.45,haversine_x_road_factor
R0727,P423,return,H1,HOME_P423,H1,oncology,hospital,patient_home,9.60045,9600.45,haversine_x_road_factor
R0728,P424,outbound,HOME_P424,H1,H1,dialysis,patient_home,hospital,6.12643,6126.43,haversine_x_road_factor
R0729,P424,return,H1,HOME_P424,H1,dialysis,hospital,patient_home,6.12643,6126.43,haversine_x_road_factor
R0730,P425,outbound,HOME_P425,H3,H3,dialysis,patient_home,hospital,9.73413,9734.13,haversine_x_road_factor
R0731,P425,return,H3,HOME_P425,H3,dialysis,hospital,patient_home,9.73413,9734.13,haversine_x_road_factor
R0732,P426,outbound,HOME_P426,H2,H2,other,patient_home,hospital,4.6576,4657.6,haversine_x_road_factor
R0733,P427,outbound,HOME_P427,H2,H2,other,patient_home,hospital,12.14,12140.0,haversine_x_road_factor
R0734,P428,outbound,HOME_P428,H2,H2,oncology,patient_home,hospital,12.41278,12412.78,haversine_x_road_factor
R0735,P429,outbound,HOME_P429,H1,H1,oncology,patient_home,hospital,1.92365,1923.65,haversine_x_road_factor
R0736,P429,return,H1,HOME_P429,H1,oncology,hospital,patient_home,1.92365,1923.65,haversine_x_road_factor
R0737,P430,outbound,HOME_P430,H1,H1,dialysis,patient_home,hospital,4.84445,4844.45,haversine_x_road_factor
R0738,P431,outbound,HOME_P431,H1,H1,dialysis,patient_home,hospital,3.99837,3998.37,haversine_x_road_factor
R0739,P432,outbound,HOME_P432,H1,H1,oncology,patient_home,hospital,10.82896,10828.96,haversine_x_road_factor
R0740,P432,return,H1,HOME_P432,H1,oncology,hospital,patient_home,10.82896,10828.96,haversine_x_road_factor
R0741,P433,outbound,HOME_P433,H1,H1,other,patient_home,hospital,13.67099,13670.99,haversine_x_road_factor
R0742,P433,return,H1,HOME_P433,H1,other,hospital,patient_home,13.67099,13670.99,haversine_x_road_factor
R0743,P434,outbound,HOME_P434,H1,H1,oncology,patient_home,hospital,12.01641,12016.41,haversine_x_road_factor
R0744,P434,return,H1,HOME_P434,H1,oncology,hospital,patient_home,12.01641,12016.41,haversine_x_road_factor
R0745,P435,outbound,HOME_P435,H1,H1,dialysis,patient_home,hospital,8.24196,8241.96,haversine_x_road_factor
R0746,P435,return,H1,HOME_P435,H1,dialysis,hospital,patient_home,8.24196,8241.96,haversine_x_road_factor
R0747,P436,outbound,HOME_P436,H2,H2,other,patient_home,hospital,14.172,14172.0,haversine_x_road_factor
R0748,P436,return,H2,HOME_P436,H2,other,hospital,patient_home,14.172,14172.0,haversine_x_road_factor
R0749,P437,outbound,HOME_P437,H1,H1,dialysis,patient_home,hospital,6.69318,6693.18,haversine_x_road_factor
R0750,P438,outbound,HOME_P438,H1,H1,other,patient_home,hospital,12.5227,12522.7,haversine_x_road_factor
R0751,P438,return,H1,HOME_P438,H1,other,hospital,patient_home,12.5227,12522.7,haversine_x_road_factor
R0752,P439,outbound,HOME_P439,H2,H2,other,patient_home,hospital,12.60968,12609.68,haversine_x_road_factor
R0753,P440,outbound,HOME_P440,H1,H1,external,patient_home,hospital,15.86756,15867.56,haversine_x_road_factor
R0754,P440,return,H1,HOME_P440,H1,external,hospital,patient_home,15.86756,15867.56,haversine_x_road_factor
R0755,P441,outbound,HOME_P441,H1,H1,other,patient_home,hospital,13.4719,13471.9,haversine_x_road_factor
R0756,P441,return,H1,HOME_P441,H1,other,hospital,patient_home,13.4719,13471.9,haversine_x_road_factor
R0757,P442,outbound,HOME_P442,H1,H1,other,patient_home,hospital,10.01653,10016.53,haversine_x_road_factor
R0758,P442,return,H1,HOME_P442,H1,other,hospital,patient_home,10.01653,10016.53,haversine_x_road_factor
R0759,P443,outbound,HOME_P443,H2,H2,other,patient_home,hospital,10.72986,10729.86,haversine_x_road_factor
R0760,P444,outbound,HOME_P444,H1,H1,dialysis,patient_home,hospital,4.61387,4613.87,haversine_x_road_factor
R0761,P445,outbound,HOME_P445,H1,H1,dialysis,patient_home,hospital,7.41152,7411.52,haversine_x_road_factor
R0762,P445,return,H1,HOME_P445,H1,dialysis,hospital,patient_home,7.41152,7411.52,haversine_x_road_factor
R0763,P446,outbound,HOME_P446,H1,H1,other,patient_home,hospital,12.83019,12830.19,haversine_x_road_factor
R0764,P446,return,H1,HOME_P446,H1,other,hospital,patient_home,12.83019,12830.19,haversine_x_road_factor
R0765,P447,outbound,HOME_P447,H1,H1,dialysis,patient_home,hospital,2.27795,2277.95,haversine_x_road_factor
R0766,P447,return,H1,HOME_P447,H1,dialysis,hospital,patient_home,2.27795,2277.95,haversine_x_road_factor
R0767,P448,outbound,HOME_P448,H3,H3,dialysis,patient_home,hospital,4.61585,4615.85,haversine_x_road_factor
R0768,P449,outbound,HOME_P449,H1,H1,other,patient_home,hospital,6.49613,6496.13,haversine_x_road_factor
R0769,P450,outbound,HOME_P450,H1,H1,other,patient_home,hospital,5.85012,5850.12,haversine_x_road_factor
R0770,P450,return,H1,HOME_P450,H1,other,hospital,patient_home,5.85012,5850.12,haversine_x_road_factor
R0771,P451,outbound,HOME_P451,H2,H2,dialysis,patient_home,hospital,7.96195,7961.95,haversine_x_road_factor
R0772,P451,return,H2,HOME_P451,H2,dialysis,hospital,patient_home,7.96195,7961.95,haversine_x_road_factor
R0773,P452,outbound,HOME_P452,H1,H1,other,patient_home,hospital,6.42675,6426.75,haversine_x_road_factor
R0774,P452,return,H1,HOME_P452,H1,other,hospital,patient_home,6.42675,6426.75,haversine_x_road_factor
R0775,P453,outbound,HOME_P453,H2,H2,oncology,patient_home,hospital,7.09618,7096.18,haversine_x_road_factor
R0776,P453,return,H2,HOME_P453,H2,oncology,hospital,patient_home,7.09618,7096.18,haversine_x_road_factor
R0777,P454,outbound,HOME_P454,H1,H1,other,patient_home,hospital,12.76522,12765.22,haversine_x_road_factor
R0778,P455,outbound,HOME_P455,H1,H1,dialysis,patient_home,hospital,6.6135,6613.5,haversine_x_road_factor
R0779,P455,return,H1,HOME_P455,H1,dialysis,hospital,patient_home,6.6135,6613.5,haversine_x_road_factor
R0780,P456,outbound,HOME_P456,H3,H3,dialysis,patient_home,hospital,7.69881,7698.81,haversine_x_road_factor
R0781,P457,outbound,HOME_P457,H2,H2,dialysis,patient_home,hospital,7.08181,7081.81,haversine_x_road_factor
R0782,P458,outbound,HOME_P458,H2,H2,dialysis,patient_home,hospital,8.31609,8316.09,haversine_x_road_factor
R0783,P458,return,H2,HOME_P458,H2,dialysis,hospital,patient_home,8.31609,8316.09,haversine_x_road_factor
R0784,P459,outbound,HOME_P459,H1,H1,oncology,patient_home,hospital,9.75022,9750.22,haversine_x_road_factor
R0785,P459,return,H1,HOME_P459,H1,oncology,hospital,patient_home,9.75022,9750.22,haversine_x_road_factor
R0786,P460,outbound,HOME_P460,H1,H1,oncology,patient_home,hospital,4.69551,4695.51,haversine_x_road_factor
R0787,P460,return,H1,HOME_P460,H1,oncology,hospital,patient_home,4.69551,4695.51,haversine_x_road_factor
R0788,P461,outbound,HOME_P461,H1,H1,other,patient_home,hospital,6.33723,6337.23,haversine_x_road_factor
R0789,P461,return,H1,HOME_P461,H1,other,hospital,patient_home,6.33723,6337.23,haversine_x_road_factor
R0790,P462,outbound,HOME_P462,H2,H2,oncology,patient_home,hospital,8.70489,8704.89,haversine_x_road_factor
R0791,P462,return,H2,HOME_P462,H2,oncology,hospital,patient_home,8.70489,8704.89,haversine_x_road_factor
R0792,P463,outbound,HOME_P463,H1,H1,other,patient_home,hospital,4.85491,4854.91,haversine_x_road_factor
R0793,P463,return,H1,HOME_P463,H1,other,hospital,patient_home,4.85491,4854.91,haversine_x_road_factor
R0794,P464,outbound,HOME_P464,H3,H3,dialysis,patient_home,hospital,8.93302,8933.02,haversine_x_road_factor
R0795,P464,return,H3,HOME_P464,H3,dialysis,hospital,patient_home,8.93302,8933.02,haversine_x_road_factor
R0796,P465,outbound,HOME_P465,H1,H1,other,patient_home,hospital,9.17662,9176.62,haversine_x_road_factor
R0797,P465,return,H1,HOME_P465,H1,other,hospital,patient_home,9.17662,9176.62,haversine_x_road_factor
R0798,P466,outbound,HOME_P466,H2,H2,oncology,patient_home,hospital,7.56246,7562.46,haversine_x_road_factor
R0799,P466,return,H2,HOME_P466,H2,oncology,hospital,patient_home,7.56246,7562.46,haversine_x_road_factor
R0800,P467,outbound,HOME_P467,H1,H1,other,patient_home,hospital,6.30383,6303.83,haversine_x_road_factor
R0801,P467,return,H1,HOME_P467,H1,other,hospital,patient_home,6.30383,6303.83,haversine_x_road_factor
R0802,P468,outbound,HOME_P468,H3,H3,dialysis,patient_home,hospital,6.00274,6002.74,haversine_x_road_factor
R0803,P469,outbound,HOME_P469,H2,H2,dialysis,patient_home,hospital,4.74568,4745.68,haversine_x_road_factor
R0804,P469,return,H2,HOME_P469,H2,dialysis,hospital,patient_home,4.74568,4745.68,haversine_x_road_factor
R0805,P470,outbound,HOME_P470,H2,H2,other,patient_home,hospital,12.0801,12080.1,haversine_x_road_factor
R0806,P471,outbound,HOME_P471,H1,H1,oncology,patient_home,hospital,10.77339,10773.39,haversine_x_road_factor
R0807,P471,return,H1,HOME_P471,H1,oncology,hospital,patient_home,10.77339,10773.39,haversine_x_road_factor
R0808,P472,outbound,HOME_P472,H2,H2,other,patient_home,hospital,10.39017,10390.17,haversine_x_road_factor
R0809,P472,return,H2,HOME_P472,H2,other,hospital,patient_home,10.39017,10390.17,haversine_x_road_factor
R0810,P473,outbound,HOME_P473,H1,H1,dialysis,patient_home,hospital,8.75617,8756.17,haversine_x_road_factor
R0811,P473,return,H1,HOME_P473,H1,dialysis,hospital,patient_home,8.75617,8756.17,haversine_x_road_factor
R0812,P474,outbound,HOME_P474,H2,H2,dialysis,patient_home,hospital,9.3034,9303.4,haversine_x_road_factor
R0813,P474,return,H2,HOME_P474,H2,dialysis,hospital,patient_home,9.3034,9303.4,haversine_x_road_factor
R0814,P475,outbound,HOME_P475,H2,H2,other,patient_home,hospital,11.91975,11919.75,haversine_x_road_factor
R0815,P475,return,H2,HOME_P475,H2,other,hospital,patient_home,11.91975,11919.75,haversine_x_road_factor
R0816,P476,outbound,HOME_P476,H2,H2,oncology,patient_home,hospital,8.41489,8414.89,haversine_x_road_factor
R0817,P477,outbound,HOME_P477,H1,H1,dialysis,patient_home,hospital,7.04618,7046.18,haversine_x_road_factor
R0818,P477,return,H1,HOME_P477,H1,dialysis,hospital,patient_home,7.04618,7046.18,haversine_x_road_factor
R0819,P478,outbound,HOME_P478,H2,H2,dialysis,patient_home,hospital,2.79108,2791.08,haversine_x_road_factor
R0820,P478,return,H2,HOME_P478,H2,dialysis,hospital,patient_home,2.79108,2791.08,haversine_x_road_factor
R0821,P479,outbound,HOME_P479,H2,H2,dialysis,patient_home,hospital,9.19079,9190.79,haversine_x_road_factor
R0822,P479,return,H2,HOME_P479,H2,dialysis,hospital,patient_home,9.19079,9190.79,haversine_x_road_factor
R0823,P480,outbound,HOME_P480,H2,H2,other,patient_home,hospital,12.64229,12642.29,haversine_x_road_factor
R0824,P480,return,H2,HOME_P480,H2,other,hospital,patient_home,12.64229,12642.29,haversine_x_road_factor
R0825,P481,outbound,HOME_P481,H1,H1,other,patient_home,hospital,4.45184,4451.84,haversine_x_road_factor
R0826,P481,return,H1,HOME_P481,H1,other,hospital,patient_home,4.45184,4451.84,haversine_x_road_factor
R0827,P482,outbound,HOME_P482,H1,H1,other,patient_home,hospital,12.85927,12859.27,haversine_x_road_factor
R0828,P482,return,H1,HOME_P482,H1,other,hospital,patient_home,12.85927,12859.27,haversine_x_road_factor
R0829,P483,outbound,HOME_P483,H1,H1,oncology,patient_home,hospital,9.30155,9301.55,haversine_x_road_factor
R0830,P483,return,H1,HOME_P483,H1,oncology,hospital,patient_home,9.30155,9301.55,haversine_x_road_factor
R0831,P484,outbound,HOME_P484,H1,H1,dialysis,patient_home,hospital,7.26264,7262.64,haversine_x_road_factor
R0832,P485,outbound,HOME_P485,H1,H1,dialysis,patient_home,hospital,10.00624,10006.24,haversine_x_road_factor
R0833,P486,outbound,HOME_P486,H1,H1,dialysis,patient_home,hospital,4.07173,4071.73,haversine_x_road_factor
R0834,P486,return,H1,HOME_P486,H1,dialysis,hospital,patient_home,4.07173,4071.73,haversine_x_road_factor
R0835,P487,outbound,HOME_P487,H1,H1,other,patient_home,hospital,4.5847,4584.7,haversine_x_road_factor
R0836,P488,outbound,HOME_P488,H1,H1,other,patient_home,hospital,14.42682,14426.82,haversine_x_road_factor
R0837,P488,return,H1,HOME_P488,H1,other,hospital,patient_home,14.42682,14426.82,haversine_x_road_factor
R0838,P489,outbound,HOME_P489,H1,H1,other,patient_home,hospital,11.25035,11250.35,haversine_x_road_factor
R0839,P489,return,H1,HOME_P489,H1,other,hospital,patient_home,11.25035,11250.35,haversine_x_road_factor
R0840,P490,outbound,HOME_P490,H2,H2,dialysis,patient_home,hospital,6.58918,6589.18,haversine_x_road_factor
R0841,P491,outbound,HOME_P491,H1,H1,dialysis,patient_home,hospital,5.34036,5340.36,haversine_x_road_factor
R0842,P491,return,H1,HOME_P491,H1,dialysis,hospital,patient_home,5.34036,5340.36,haversine_x_road_factor
R0843,P492,outbound,HOME_P492,H1,H1,oncology,patient_home,hospital,7.87955,7879.55,haversine_x_road_factor
R0844,P492,return,H1,HOME_P492,H1,oncology,hospital,patient_home,7.87955,7879.55,haversine_x_road_factor
R0845,P493,outbound,HOME_P493,H2,H2,dialysis,patient_home,hospital,5.70251,5702.51,haversine_x_road_factor
R0846,P494,outbound,HOME_P494,H2,H2,other,patient_home,hospital,3.29065,3290.65,haversine_x_road_factor
R0847,P494,return,H2,HOME_P494,H2,other,hospital,patient_home,3.29065,3290.65,haversine_x_road_factor
R0848,P495,outbound,HOME_P495,H2,H2,other,patient_home,hospital,10.14575,10145.75,haversine_x_road_factor
R0849,P495,return,H2,HOME_P495,H2,other,hospital,patient_home,10.14575,10145.75,haversine_x_road_factor
R0850,P496,outbound,HOME_P496,H2,H2,dialysis,patient_home,hospital,7.36474,7364.74,haversine_x_road_factor
R0851,P496,return,H2,HOME_P496,H2,dialysis,hospital,patient_home,7.36474,7364.74,haversine_x_road_factor
R0852,P497,outbound,HOME_P497,H1,H1,dialysis,patient_home,hospital,9.91046,9910.46,haversine_x_road_factor
R0853,P498,outbound,HOME_P498,H2,H2,other,patient_home,hospital,13.31265,13312.65,haversine_x_road_factor
R0854,P498,return,H2,HOME_P498,H2,other,hospital,patient_home,13.31265,13312.65,haversine_x_road_factor
R0855,P499,outbound,HOME_P499,H3,H3,dialysis,patient_home,hospital,8.07487,8074.87,haversine_x_road_factor
R0856,P499,return,H3,HOME_P499,H3,dialysis,hospital,patient_home,8.07487,8074.87,haversine_x_road_factor
R0857,P500,outbound,HOME_P500,H1,H1,other,patient_home,hospital,11.34585,11345.85,haversine_x_road_factor
R0858,P501,outbound,HOME_P501,H2,H2,dialysis,patient_home,hospital,3.2182,3218.2,haversine_x_road_factor
R0859,P501,return,H2,HOME_P501,H2,dialysis,hospital,patient_home,3.2182,3218.2,haversine_x_road_factor
R0860,P502,outbound,HOME_P502,H3,H3,dialysis,patient_home,hospital,6.42549,6425.49,haversine_x_road_factor
R0861,P502,return,H3,HOME_P502,H3,dialysis,hospital,patient_home,6.42549,6425.49,haversine_x_road_factor
R0862,P503,outbound,HOME_P503,H2,H2,oncology,patient_home,hospital,5.20434,5204.34,haversine_x_road_factor
R0863,P503,return,H2,HOME_P503,H2,oncology,hospital,patient_home,5.20434,5204.34,haversine_x_road_factor
R0864,P504,outbound,HOME_P504,H1,H1,other,patient_home,hospital,14.1769,14176.9,haversine_x_road_factor
R0865,P504,return,H1,HOME_P504,H1,other,hospital,patient_home,14.1769,14176.9,haversine_x_road_factor
R0866,P505,outbound,HOME_P505,H2,H2,other,patient_home,hospital,6.35169,6351.69,haversine_x_road_factor
R0867,P505,return,H2,HOME_P505,H2,other,hospital,patient_home,6.35169,6351.69,haversine_x_road_factor
R0868,P506,outbound,HOME_P506,H2,H2,oncology,patient_home,hospital,8.95046,8950.46,haversine_x_road_factor
R0869,P506,return,H2,HOME_P506,H2,oncology,hospital,patient_home,8.95046,8950.46,haversine_x_road_factor
R0870,P507,outbound,HOME_P507,H2,H2,dialysis,patient_home,hospital,8.48436,8484.36,haversine_x_road_factor
R0871,P507,return,H2,HOME_P507,H2,dialysis,hospital,patient_home,8.48436,8484.36,haversine_x_road_factor
R0872,P508,outbound,HOME_P508,H3,H3,dialysis,patient_home,hospital,8.07773,8077.73,haversine_x_road_factor
R0873,P509,outbound,HOME_P509,H2,H2,other,patient_home,hospital,12.79571,12795.71,haversine_x_road_factor
R0874,P509,return,H2,HOME_P509,H2,other,hospital,patient_home,12.79571,12795.71,haversine_x_road_factor
R0875,P510,outbound,HOME_P510,H2,H2,dialysis,patient_home,hospital,7.41593,7415.93,haversine_x_road_factor
R0876,P510,return,H2,HOME_P510,H2,dialysis,hospital,patient_home,7.41593,7415.93,haversine_x_road_factor
R0877,P511,outbound,HOME_P511,H2,H2,dialysis,patient_home,hospital,8.15756,8157.56,haversine_x_road_factor
R0878,P512,outbound,HOME_P512,H1,H1,other,patient_home,hospital,14.35887,14358.87,haversine_x_road_factor
R0879,P512,return,H1,HOME_P512,H1,other,hospital,patient_home,14.35887,14358.87,haversine_x_road_factor
R0880,P513,outbound,HOME_P513,H3,H3,dialysis,patient_home,hospital,3.02781,3027.81,haversine_x_road_factor
R0881,P513,return,H3,HOME_P513,H3,dialysis,hospital,patient_home,3.02781,3027.81,haversine_x_road_factor
R0882,P514,outbound,HOME_P514,H3,H3,dialysis,patient_home,hospital,7.40782,7407.82,haversine_x_road_factor
R0883,P514,return,H3,HOME_P514,H3,dialysis,hospital,patient_home,7.40782,7407.82,haversine_x_road_factor
R0884,P515,outbound,HOME_P515,H1,H1,external,patient_home,hospital,18.60732,18607.32,haversine_x_road_factor
R0885,P515,return,H1,HOME_P515,H1,external,hospital,patient_home,18.60732,18607.32,haversine_x_road_factor
R0886,P516,outbound,HOME_P516,H1,H1,other,patient_home,hospital,14.83325,14833.25,haversine_x_road_factor
R0887,P516,return,H1,HOME_P516,H1,other,hospital,patient_home,14.83325,14833.25,haversine_x_road_factor
R0888,P517,outbound,HOME_P517,H1,H1,dialysis,patient_home,hospital,4.39711,4397.11,haversine_x_road_factor
R0889,P518,outbound,HOME_P518,H1,H1,dialysis,patient_home,hospital,3.92824,3928.24,haversine_x_road_factor
R0890,P519,outbound,HOME_P519,H2,H2,dialysis,patient_home,hospital,4.90228,4902.28,haversine_x_road_factor
R0891,P520,outbound,HOME_P520,H2,H2,other,patient_home,hospital,8.79168,8791.68,haversine_x_road_factor
R0892,P520,return,H2,HOME_P520,H2,other,hospital,patient_home,8.79168,8791.68,haversine_x_road_factor
R0893,P521,outbound,HOME_P521,H2,H2,dialysis,patient_home,hospital,2.98958,2989.58,haversine_x_road_factor
R0894,P521,return,H2,HOME_P521,H2,dialysis,hospital,patient_home,2.98958,2989.58,haversine_x_road_factor
R0895,P522,outbound,HOME_P522,H2,H2,other,patient_home,hospital,6.86809,6868.09,haversine_x_road_factor
R0896,P522,return,H2,HOME_P522,H2,other,hospital,patient_home,6.86809,6868.09,haversine_x_road_factor
R0897,P523,outbound,HOME_P523,H2,H2,other,patient_home,hospital,9.15047,9150.47,haversine_x_road_factor
R0898,P523,return,H2,HOME_P523,H2,other,hospital,patient_home,9.15047,9150.47,haversine_x_road_factor
R0899,P524,outbound,HOME_P524,H1,H1,dialysis,patient_home,hospital,4.89309,4893.09,haversine_x_road_factor
R0900,P525,outbound,HOME_P525,H2,H2,oncology,patient_home,hospital,10.24781,10247.81,haversine_x_road_factor
R0901,P525,return,H2,HOME_P525,H2,oncology,hospital,patient_home,10.24781,10247.81,haversine_x_road_factor
R0902,P526,outbound,HOME_P526,H1,H1,other,patient_home,hospital,14.10885,14108.85,haversine_x_road_factor
R0903,P526,return,H1,HOME_P526,H1,other,hospital,patient_home,14.10885,14108.85,haversine_x_road_factor
R0904,P527,outbound,HOME_P527,H2,H2,oncology,patient_home,hospital,6.95006,6950.06,haversine_x_road_factor
R0905,P527,return,H2,HOME_P527,H2,oncology,hospital,patient_home,6.95006,6950.06,haversine_x_road_factor
R0906,P528,outbound,HOME_P528,H1,H1,other,patient_home,hospital,2.68294,2682.94,haversine_x_road_factor
R0907,P528,return,H1,HOME_P528,H1,other,hospital,patient_home,2.68294,2682.94,haversine_x_road_factor
R0908,P529,outbound,HOME_P529,H1,H1,dialysis,patient_home,hospital,4.00761,4007.61,haversine_x_road_factor
R0909,P529,return,H1,HOME_P529,H1,dialysis,hospital,patient_home,4.00761,4007.61,haversine_x_road_factor
R0910,P530,outbound,HOME_P530,H1,H1,other,patient_home,hospital,14.91713,14917.13,haversine_x_road_factor
R0911,P531,outbound,HOME_P531,H3,H3,dialysis,patient_home,hospital,5.71592,5715.92,haversine_x_road_factor
R0912,P531,return,H3,HOME_P531,H3,dialysis,hospital,patient_home,5.71592,5715.92,haversine_x_road_factor
R0913,P532,outbound,HOME_P532,H3,H3,dialysis,patient_home,hospital,8.41493,8414.93,haversine_x_road_factor
R0914,P533,outbound,HOME_P533,H1,H1,dialysis,patient_home,hospital,8.30886,8308.86,haversine_x_road_factor
R0915,P533,return,H1,HOME_P533,H1,dialysis,hospital,patient_home,8.30886,8308.86,haversine_x_road_factor
R0916,P534,outbound,HOME_P534,H2,H2,oncology,patient_home,hospital,11.52848,11528.48,haversine_x_road_factor
R0917,P534,return,H2,HOME_P534,H2,oncology,hospital,patient_home,11.52848,11528.48,haversine_x_road_factor
R0918,P535,outbound,HOME_P535,H1,H1,dialysis,patient_home,hospital,7.68768,7687.68,haversine_x_road_factor
R0919,P535,return,H1,HOME_P535,H1,dialysis,hospital,patient_home,7.68768,7687.68,haversine_x_road_factor
R0920,P536,outbound,HOME_P536,H1,H1,oncology,patient_home,hospital,12.00587,12005.87,haversine_x_road_factor
R0921,P536,return,H1,HOME_P536,H1,oncology,hospital,patient_home,12.00587,12005.87,haversine_x_road_factor
R0922,P537,outbound,HOME_P537,H2,H2,dialysis,patient_home,hospital,9.23929,9239.29,haversine_x_road_factor
R0923,P537,return,H2,HOME_P537,H2,dialysis,hospital,patient_home,9.23929,9239.29,haversine_x_road_factor
R0924,P538,outbound,HOME_P538,H1,H1,external,patient_home,hospital,17.70477,17704.77,haversine_x_road_factor
R0925,P538,return,H1,HOME_P538,H1,external,hospital,patient_home,17.70477,17704.77,haversine_x_road_factor
R0926,P539,outbound,HOME_P539,H3,H3,dialysis,patient_home,hospital,9.42589,9425.89,haversine_x_road_factor
R0927,P540,outbound,HOME_P540,H1,H1,external,patient_home,hospital,16.05857,16058.57,haversine_x_road_factor
R0928,P541,outbound,HOME_P541,H1,H1,other,patient_home,hospital,13.64938,13649.38,haversine_x_road_factor
R0929,P541,return,H1,HOME_P541,H1,other,hospital,patient_home,13.64938,13649.38,haversine_x_road_factor
R0930,P542,outbound,HOME_P542,H1,H1,oncology,patient_home,hospital,9.73208,9732.08,haversine_x_road_factor
R0931,P542,return,H1,HOME_P542,H1,oncology,hospital,patient_home,9.73208,9732.08,haversine_x_road_factor
R0932,P543,outbound,HOME_P543,H3,H3,dialysis,patient_home,hospital,7.03944,7039.44,haversine_x_road_factor
R0933,P543,return,H3,HOME_P543,H3,dialysis,hospital,patient_home,7.03944,7039.44,haversine_x_road_factor
R0934,P544,outbound,HOME_P544,H1,H1,other,patient_home,hospital,14.78797,14787.97,haversine_x_road_factor
R0935,P544,return,H1,HOME_P544,H1,other,hospital,patient_home,14.78797,14787.97,haversine_x_road_factor
R0936,P545,outbound,HOME_P545,H2,H2,oncology,patient_home,hospital,10.38762,10387.62,haversine_x_road_factor
R0937,P545,return,H2,HOME_P545,H2,oncology,hospital,patient_home,10.38762,10387.62,haversine_x_road_factor
R0938,P546,outbound,HOME_P546,H2,H2,oncology,patient_home,hospital,11.15714,11157.14,haversine_x_road_factor
R0939,P546,return,H2,HOME_P546,H2,oncology,hospital,patient_home,11.15714,11157.14,haversine_x_road_factor
R0940,P547,outbound,HOME_P547,H1,H1,dialysis,patient_home,hospital,5.99727,5997.27,haversine_x_road_factor
R0941,P547,return,H1,HOME_P547,H1,dialysis,hospital,patient_home,5.99727,5997.27,haversine_x_road_factor
R0942,P548,outbound,HOME_P548,H1,H1,other,patient_home,hospital,2.65522,2655.22,haversine_x_road_factor
R0943,P548,return,H1,HOME_P548,H1,other,hospital,patient_home,2.65522,2655.22,haversine_x_road_factor
R0944,P549,outbound,HOME_P549,H1,H1,oncology,patient_home,hospital,9.7882,9788.2,haversine_x_road_factor
R0945,P549,return,H1,HOME_P549,H1,oncology,hospital,patient_home,9.7882,9788.2,haversine_x_road_factor
R0946,P550,outbound,HOME_P550,H1,H1,dialysis,patient_home,hospital,8.45595,8455.95,haversine_x_road_factor
R0947,P551,outbound,HOME_P551,H1,H1,other,patient_home,hospital,10.56327,10563.27,haversine_x_road_factor
R0948,P551,return,H1,HOME_P551,H1,other,hospital,patient_home,10.56327,10563.27,haversine_x_road_factor
R0949,P552,outbound,HOME_P552,H1,H1,oncology,patient_home,hospital,7.54945,7549.45,haversine_x_road_factor
R0950,P552,return,H1,HOME_P552,H1,oncology,hospital,patient_home,7.54945,7549.45,haversine_x_road_factor
R0951,P553,outbound,HOME_P553,H1,H1,dialysis,patient_home,hospital,7.35919,7359.19,haversine_x_road_factor
R0952,P553,return,H1,HOME_P553,H1,dialysis,hospital,patient_home,7.35919,7359.19,haversine_x_road_factor
R0953,P554,outbound,HOME_P554,H3,H3,dialysis,patient_home,hospital,7.69663,7696.63,haversine_x_road_factor
R0954,P554,return,H3,HOME_P554,H3,dialysis,hospital,patient_home,7.69663,7696.63,haversine_x_road_factor
R0955,P555,outbound,HOME_P555,H2,H2,other,patient_home,hospital,7.50213,7502.13,haversine_x_road_factor
R0956,P556,outbound,HOME_P556,H1,H1,oncology,patient_home,hospital,10.80301,10803.01,haversine_x_road_factor
R0957,P556,return,H1,HOME_P556,H1,oncology,hospital,patient_home,10.80301,10803.01,haversine_x_road_factor
R0958,P557,outbound,HOME_P557,H1,H1,other,patient_home,hospital,4.02484,4024.84,haversine_x_road_factor
R0959,P557,return,H1,HOME_P557,H1,other,hospital,patient_home,4.02484,4024.84,haversine_x_road_factor
R0960,P558,outbound,HOME_P558,H1,H1,oncology,patient_home,hospital,5.79943,5799.43,haversine_x_road_factor
R0961,P558,return,H1,HOME_P558,H1,oncology,hospital,patient_home,5.79943,5799.43,haversine_x_road_factor
R0962,P559,outbound,HOME_P559,H1,H1,other,patient_home,hospital,12.01984,12019.84,haversine_x_road_factor
R0963,P559,return,H1,HOME_P559,H1,other,hospital,patient_home,12.01984,12019.84,haversine_x_road_factor
R0964,P560,outbound,HOME_P560,H1,H1,dialysis,patient_home,hospital,8.62852,8628.52,haversine_x_road_factor
R0965,P561,outbound,HOME_P561,H1,H1,oncology,patient_home,hospital,3.7804,3780.4,haversine_x_road_factor
R0966,P561,return,H1,HOME_P561,H1,oncology,hospital,patient_home,3.7804,3780.4,haversine_x_road_factor
R0967,P562,outbound,HOME_P562,H2,H2,dialysis,patient_home,hospital,7.38832,7388.32,haversine_x_road_factor
R0968,P562,return,H2,HOME_P562,H2,dialysis,hospital,patient_home,7.38832,7388.32,haversine_x_road_factor
R0969,P563,outbound,HOME_P563,H1,H1,dialysis,patient_home,hospital,7.32596,7325.96,haversine_x_road_factor
R0970,P563,return,H1,HOME_P563,H1,dialysis,hospital,patient_home,7.32596,7325.96,haversine_x_road_factor
R0971,P564,outbound,HOME_P564,H1,H1,other,patient_home,hospital,8.52082,8520.82,haversine_x_road_factor
R0972,P564,return,H1,HOME_P564,H1,other,hospital,patient_home,8.52082,8520.82,haversine_x_road_factor
R0973,P565,outbound,HOME_P565,H1,H1,other,patient_home,hospital,11.44414,11444.14,haversine_x_road_factor
R0974,P565,return,H1,HOME_P565,H1,other,hospital,patient_home,11.44414,11444.14,haversine_x_road_factor
R0975,P566,outbound,HOME_P566,H1,H1,dialysis,patient_home,hospital,7.31837,7318.37,haversine_x_road_factor
R0976,P567,outbound,HOME_P567,H1,H1,dialysis,patient_home,hospital,9.704,9704.0,haversine_x_road_factor
R0977,P567,return,H1,HOME_P567,H1,dialysis,hospital,patient_home,9.704,9704.0,haversine_x_road_factor
R0978,P568,outbound,HOME_P568,H1,H1,other,patient_home,hospital,9.03989,9039.89,haversine_x_road_factor
R0979,P568,return,H1,HOME_P568,H1,other,hospital,patient_home,9.03989,9039.89,haversine_x_road_factor
R0980,P569,outbound,HOME_P569,H3,H3,dialysis,patient_home,hospital,6.97969,6979.69,haversine_x_road_factor
R0981,P569,return,H3,HOME_P569,H3,dialysis,hospital,patient_home,6.97969,6979.69,haversine_x_road_factor
R0982,P570,outbound,HOME_P570,H1,H1,dialysis,patient_home,hospital,9.47707,9477.07,haversine_x_road_factor
R0983,P570,return,H1,HOME_P570,H1,dialysis,hospital,patient_home,9.47707,9477.07,haversine_x_road_factor
R0984,P571,outbound,HOME_P571,H2,H2,oncology,patient_home,hospital,10.02382,10023.82,haversine_x_road_factor
R0985,P572,outbound,HOME_P572,H1,H1,dialysis,patient_home,hospital,6.40884,6408.84,haversine_x_road_factor
R0986,P572,return,H1,HOME_P572,H1,dialysis,hospital,patient_home,6.40884,6408.84,haversine_x_road_factor
R0987,P573,outbound,HOME_P573,H1,H1,other,patient_home,hospital,11.49846,11498.46,haversine_x_road_factor
R0988,P573,return,H1,HOME_P573,H1,other,hospital,patient_home,11.49846,11498.46,haversine_x_road_factor
R0989,P574,outbound,HOME_P574,H2,H2,dialysis,patient_home,hospital,7.36209,7362.09,haversine_x_road_factor
R0990,P574,return,H2,HOME_P574,H2,dialysis,hospital,patient_home,7.36209,7362.09,haversine_x_road_factor
R0991,P575,outbound,HOME_P575,H2,H2,dialysis,patient_home,hospital,8.85111,8851.11,haversine_x_road_factor
R0992,P575,return,H2,HOME_P575,H2,dialysis,hospital,patient_home,8.85111,8851.11,haversine_x_road_factor
R0993,P576,outbound,HOME_P576,H1,H1,other,patient_home,hospital,7.31028,7310.28,haversine_x_road_factor
R0994,P576,return,H1,HOME_P576,H1,other,hospital,patient_home,7.31028,7310.28,haversine_x_road_factor
R0995,P577,outbound,HOME_P577,H1,H1,dialysis,patient_home,hospital,8.04688,8046.88,haversine_x_road_factor
R0996,P577,return,H1,HOME_P577,H1,dialysis,hospital,patient_home,8.04688,8046.88,haversine_x_road_factor
R0997,P578,outbound,HOME_P578,H3,H3,dialysis,patient_home,hospital,9.54168,9541.68,haversine_x_road_factor
R0998,P579,outbound,HOME_P579,H1,H1,other,patient_home,hospital,13.48435,13484.35,haversine_x_road_factor
R0999,P579,return,H1,HOME_P579,H1,other,hospital,patient_home,13.48435,13484.35,haversine_x_road_factor
R1000,P580,outbound,HOME_P580,H2,H2,other,patient_home,hospital,11.3129,11312.9,haversine_x_road_factor
R1001,P580,return,H2,HOME_P580,H2,other,hospital,patient_home,11.3129,11312.9,haversine_x_road_factor
R1002,P581,outbound,HOME_P581,H2,H2,other,patient_home,hospital,8.88423,8884.23,haversine_x_road_factor
R1003,P581,return,H2,HOME_P581,H2,other,hospital,patient_home,8.88423,8884.23,haversine_x_road_factor
R1004,P582,outbound,HOME_P582,H1,H1,dialysis,patient_home,hospital,9.82261,9822.61,haversine_x_road_factor
R1005,P582,return,H1,HOME_P582,H1,dialysis,hospital,patient_home,9.82261,9822.61,haversine_x_road_factor
R1006,P583,outbound,HOME_P583,H1,H1,oncology,patient_home,hospital,5.75161,5751.61,haversine_x_road_factor
R1007,P583,return,H1,HOME_P583,H1,oncology,hospital,patient_home,5.75161,5751.61,haversine_x_road_factor
R1008,P584,outbound,HOME_P584,H3,H3,dialysis,patient_home,hospital,6.87569,6875.69,haversine_x_road_factor
R1009,P584,return,H3,HOME_P584,H3,dialysis,hospital,patient_home,6.87569,6875.69,haversine_x_road_factor
R1010,P585,outbound,HOME_P585,H2,H2,other,patient_home,hospital,14.72912,14729.12,haversine_x_road_factor
R1011,P585,return,H2,HOME_P585,H2,other,hospital,patient_home,14.72912,14729.12,haversine_x_road_factor
R1012,P586,outbound,HOME_P586,H2,H2,oncology,patient_home,hospital,9.95305,9953.05,haversine_x_road_factor
R1013,P586,return,H2,HOME_P586,H2,oncology,hospital,patient_home,9.95305,9953.05,haversine_x_road_factor
R1014,P587,outbound,HOME_P587,H2,H2,dialysis,patient_home,hospital,8.77985,8779.85,haversine_x_road_factor
R1015,P587,return,H2,HOME_P587,H2,dialysis,hospital,patient_home,8.77985,8779.85,haversine_x_road_factor
R1016,P588,outbound,HOME_P588,H2,H2,oncology,patient_home,hospital,9.73218,9732.18,haversine_x_road_factor
R1017,P588,return,H2,HOME_P588,H2,oncology,hospital,patient_home,9.73218,9732.18,haversine_x_road_factor
R1018,P589,outbound,HOME_P589,H3,H3,dialysis,patient_home,hospital,9.56118,9561.18,haversine_x_road_factor
R1019,P589,return,H3,HOME_P589,H3,dialysis,hospital,patient_home,9.56118,9561.18,haversine_x_road_factor
R1020,P590,outbound,HOME_P590,H1,H1,dialysis,patient_home,hospital,5.5044,5504.4,haversine_x_road_factor
R1021,P591,outbound,HOME_P591,H1,H1,external,patient_home,hospital,15.27164,15271.64,haversine_x_road_factor
R1022,P591,return,H1,HOME_P591,H1,external,hospital,patient_home,15.27164,15271.64,haversine_x_road_factor
R1023,P592,outbound,HOME_P592,H1,H1,oncology,patient_home,hospital,6.75819,6758.19,haversine_x_road_factor
R1024,P592,return,H1,HOME_P592,H1,oncology,hospital,patient_home,6.75819,6758.19,haversine_x_road_factor
R1025,P593,outbound,HOME_P593,H1,H1,other,patient_home,hospital,4.08565,4085.65,haversine_x_road_factor
R1026,P593,return,H1,HOME_P593,H1,other,hospital,patient_home,4.08565,4085.65,haversine_x_road_factor
R1027,P594,outbound,HOME_P594,H2,H2,other,patient_home,hospital,3.39479,3394.79,haversine_x_road_factor
R1028,P594,return,H2,HOME_P594,H2,other,hospital,patient_home,3.39479,3394.79,haversine_x_road_factor
R1029,P595,outbound,HOME_P595,H1,H1,external,patient_home,hospital,6.0426,6042.6,haversine_x_road_factor
R1030,P595,return,H1,HOME_P595,H1,external,hospital,patient_home,6.0426,6042.6,haversine_x_road_factor
R1031,P596,outbound,HOME_P596,H1,H1,other,patient_home,hospital,5.77202,5772.02,haversine_x_road_factor
R1032,P596,return,H1,HOME_P596,H1,other,hospital,patient_home,5.77202,5772.02,haversine_x_road_factor
R1033,P597,outbound,HOME_P597,H1,H1,dialysis,patient_home,hospital,6.34759,6347.59,haversine_x_road_factor
R1034,P597,return,H1,HOME_P597,H1,dialysis,hospital,patient_home,6.34759,6347.59,haversine_x_road_factor
R1035,P598,outbound,HOME_P598,H1,H1,dialysis,patient_home,hospital,4.92266,4922.66,haversine_x_road_factor
R1036,P598,return,H1,HOME_P598,H1,dialysis,hospital,patient_home,4.92266,4922.66,haversine_x_road_factor
R1037,P599,outbound,HOME_P599,H2,H2,other,patient_home,hospital,12.17274,12172.74,haversine_x_road_factor
R1038,P599,return,H2,HOME_P599,H2,other,hospital,patient_home,12.17274,12172.74,haversine_x_road_factor
R1039,P600,outbound,HOME_P600,H1,H1,other,patient_home,hospital,11.38662,11386.62,haversine_x_road_factor
R1040,P600,return,H1,HOME_P600,H1,other,hospital,patient_home,11.38662,11386.62,haversine_x_road_factor
R1041,P601,outbound,HOME_P601,H3,H3,dialysis,patient_home,hospital,9.44531,9445.31,haversine_x_road_factor
R1042,P601,return,H3,HOME_P601,H3,dialysis,hospital,patient_home,9.44531,9445.31,haversine_x_road_factor
R1043,P602,outbound,HOME_P602,H2,H2,oncology,patient_home,hospital,11.8308,11830.8,haversine_x_road_factor
R1044,P602,return,H2,HOME_P602,H2,oncology,hospital,patient_home,11.8308,11830.8,haversine_x_road_factor
R1045,P603,outbound,HOME_P603,H1,H1,dialysis,patient_home,hospital,0.54447,544.47,haversine_x_road_factor
R1046,P604,outbound,HOME_P604,H2,H2,other,patient_home,hospital,3.0769,3076.9,haversine_x_road_factor
R1047,P604,return,H2,HOME_P604,H2,other,hospital,patient_home,3.0769,3076.9,haversine_x_road_factor
R1048,P605,outbound,HOME_P605,H3,H3,dialysis,patient_home,hospital,0.08536,85.36,haversine_x_road_factor
R1049,P605,return,H3,HOME_P605,H3,dialysis,hospital,patient_home,0.08536,85.36,haversine_x_road_factor
R1050,P606,outbound,HOME_P606,H2,H2,dialysis,patient_home,hospital,7.14348,7143.48,haversine_x_road_factor
R1051,P607,outbound,HOME_P607,H1,H1,dialysis,patient_home,hospital,6.48835,6488.35,haversine_x_road_factor
R1052,P607,return,H1,HOME_P607,H1,dialysis,hospital,patient_home,6.48835,6488.35,haversine_x_road_factor
R1053,P608,outbound,HOME_P608,H2,H2,other,patient_home,hospital,8.95578,8955.78,haversine_x_road_factor
R1054,P608,return,H2,HOME_P608,H2,other,hospital,patient_home,8.95578,8955.78,haversine_x_road_factor
R1055,P609,outbound,HOME_P609,H1,H1,other,patient_home,hospital,14.12195,14121.95,haversine_x_road_factor
R1056,P609,return,H1,HOME_P609,H1,other,hospital,patient_home,14.12195,14121.95,haversine_x_road_factor
R1057,P610,outbound,HOME_P610,H2,H2,oncology,patient_home,hospital,7.44595,7445.95,haversine_x_road_factor
R1058,P611,outbound,HOME_P611,H1,H1,dialysis,patient_home,hospital,4.91249,4912.49,haversine_x_road_factor
R1059,P611,return,H1,HOME_P611,H1,dialysis,hospital,patient_home,4.91249,4912.49,haversine_x_road_factor
R1060,P612,outbound,HOME_P612,H2,H2,dialysis,patient_home,hospital,7.27259,7272.59,haversine_x_road_factor
R1061,P613,outbound,HOME_P613,H1,H1,oncology,patient_home,hospital,7.09446,7094.46,haversine_x_road_factor
R1062,P613,return,H1,HOME_P613,H1,oncology,hospital,patient_home,7.09446,7094.46,haversine_x_road_factor
R1063,P614,outbound,HOME_P614,H1,H1,other,patient_home,hospital,9.91485,9914.85,haversine_x_road_factor
R1064,P614,return,H1,HOME_P614,H1,other,hospital,patient_home,9.91485,9914.85,haversine_x_road_factor
R1065,P615,outbound,HOME_P615,H2,H2,dialysis,patient_home,hospital,5.9588,5958.8,haversine_x_road_factor
R1066,P615,return,H2,HOME_P615,H2,dialysis,hospital,patient_home,5.9588,5958.8,haversine_x_road_factor
R1067,P616,outbound,HOME_P616,H1,H1,other,patient_home,hospital,10.82566,10825.66,haversine_x_road_factor
R1068,P617,outbound,HOME_P617,H1,H1,external,patient_home,hospital,20.29703,20297.03,haversine_x_road_factor
R1069,P618,outbound,HOME_P618,H2,H2,other,patient_home,hospital,2.63451,2634.51,haversine_x_road_factor
R1070,P618,return,H2,HOME_P618,H2,other,hospital,patient_home,2.63451,2634.51,haversine_x_road_factor
R1071,P619,outbound,HOME_P619,H2,H2,dialysis,patient_home,hospital,9.83886,9838.86,haversine_x_road_factor
R1072,P619,return,H2,HOME_P619,H2,dialysis,hospital,patient_home,9.83886,9838.86,haversine_x_road_factor
R1073,P620,outbound,HOME_P620,H1,H1,oncology,patient_home,hospital,6.35816,6358.16,haversine_x_road_factor
R1074,P620,return,H1,HOME_P620,H1,oncology,hospital,patient_home,6.35816,6358.16,haversine_x_road_factor
R1075,P621,outbound,HOME_P621,H1,H1,dialysis,patient_home,hospital,7.57609,7576.09,haversine_x_road_factor
R1076,P622,outbound,HOME_P622,H3,H3,dialysis,patient_home,hospital,8.93718,8937.18,haversine_x_road_factor
R1077,P623,outbound,HOME_P623,H1,H1,oncology,patient_home,hospital,11.00461,11004.61,haversine_x_road_factor
R1078,P623,return,H1,HOME_P623,H1,oncology,hospital,patient_home,11.00461,11004.61,haversine_x_road_factor
R1079,P624,outbound,HOME_P624,H1,H1,other,patient_home,hospital,6.58874,6588.74,haversine_x_road_factor
R1080,P625,outbound,HOME_P625,H2,H2,dialysis,patient_home,hospital,6.3951,6395.1,haversine_x_road_factor
R1081,P626,outbound,HOME_P626,H1,H1,other,patient_home,hospital,14.83216,14832.16,haversine_x_road_factor
R1082,P627,outbound,HOME_P627,H1,H1,other,patient_home,hospital,12.84456,12844.56,haversine_x_road_factor
R1083,P627,return,H1,HOME_P627,H1,other,hospital,patient_home,12.84456,12844.56,haversine_x_road_factor
R1084,P628,outbound,HOME_P628,H1,H1,other,patient_home,hospital,8.91923,8919.23,haversine_x_road_factor
R1085,P628,return,H1,HOME_P628,H1,other,hospital,patient_home,8.91923,8919.23,haversine_x_road_factor
R1086,P629,outbound,HOME_P629,H2,H2,other,patient_home,hospital,14.69589,14695.89,haversine_x_road_factor
R1087,P629,return,H2,HOME_P629,H2,other,hospital,patient_home,14.69589,14695.89,haversine_x_road_factor
R1088,P630,outbound,HOME_P630,H1,H1,oncology,patient_home,hospital,12.48157,12481.57,haversine_x_road_factor
R1089,P630,return,H1,HOME_P630,H1,oncology,hospital,patient_home,12.48157,12481.57,haversine_x_road_factor
R1090,P631,outbound,HOME_P631,H1,H1,oncology,patient_home,hospital,6.87997,6879.97,haversine_x_road_factor
R1091,P631,return,H1,HOME_P631,H1,oncology,hospital,patient_home,6.87997,6879.97,haversine_x_road_factor
R1092,P632,outbound,HOME_P632,H2,H2,other,patient_home,hospital,14.27128,14271.28,haversine_x_road_factor
R1093,P632,return,H2,HOME_P632,H2,other,hospital,patient_home,14.27128,14271.28,haversine_x_road_factor
R1094,P633,outbound,HOME_P633,H1,H1,oncology,patient_home,hospital,6.4177,6417.7,haversine_x_road_factor
R1095,P633,return,H1,HOME_P633,H1,oncology,hospital,patient_home,6.4177,6417.7,haversine_x_road_factor
R1096,P634,outbound,HOME_P634,H2,H2,dialysis,patient_home,hospital,6.51922,6519.22,haversine_x_road_factor
R1097,P634,return,H2,HOME_P634,H2,dialysis,hospital,patient_home,6.51922,6519.22,haversine_x_road_factor
R1098,P635,outbound,HOME_P635,H2,H2,dialysis,patient_home,hospital,7.65903,7659.03,haversine_x_road_factor
R1099,P636,outbound,HOME_P636,H1,H1,dialysis,patient_home,hospital,7.99306,7993.06,haversine_x_road_factor
R1100,P636,return,H1,HOME_P636,H1,dialysis,hospital,patient_home,7.99306,7993.06,haversine_x_road_factor
R1101,P637,outbound,HOME_P637,H1,H1,dialysis,patient_home,hospital,1.86936,1869.36,haversine_x_road_factor
R1102,P638,outbound,HOME_P638,H1,H1,dialysis,patient_home,hospital,2.55129,2551.29,haversine_x_road_factor
R1103,P639,outbound,HOME_P639,H1,H1,other,patient_home,hospital,10.51245,10512.45,haversine_x_road_factor
R1104,P639,return,H1,HOME_P639,H1,other,hospital,patient_home,10.51245,10512.45,haversine_x_road_factor
R1105,P640,outbound,HOME_P640,H3,H3,dialysis,patient_home,hospital,9.932,9932.0,haversine_x_road_factor
R1106,P641,outbound,HOME_P641,H1,H1,dialysis,patient_home,hospital,7.23979,7239.79,haversine_x_road_factor
R1107,P641,return,H1,HOME_P641,H1,dialysis,hospital,patient_home,7.23979,7239.79,haversine_x_road_factor
R1108,P642,outbound,HOME_P642,H2,H2,other,patient_home,hospital,5.79082,5790.82,haversine_x_road_factor
R1109,P642,return,H2,HOME_P642,H2,other,hospital,patient_home,5.79082,5790.82,haversine_x_road_factor
R1110,P643,outbound,HOME_P643,H2,H2,dialysis,patient_home,hospital,2.36518,2365.18,haversine_x_road_factor
R1111,P643,return,H2,HOME_P643,H2,dialysis,hospital,patient_home,2.36518,2365.18,haversine_x_road_factor
R1112,P644,outbound,HOME_P644,H3,H3,dialysis,patient_home,hospital,9.81329,9813.29,haversine_x_road_factor
R1113,P645,outbound,HOME_P645,H1,H1,other,patient_home,hospital,14.1642,14164.2,haversine_x_road_factor
R1114,P645,return,H1,HOME_P645,H1,other,hospital,patient_home,14.1642,14164.2,haversine_x_road_factor
R1115,P646,outbound,HOME_P646,H3,H3,dialysis,patient_home,hospital,1.49612,1496.12,haversine_x_road_factor
R1116,P646,return,H3,HOME_P646,H3,dialysis,hospital,patient_home,1.49612,1496.12,haversine_x_road_factor
R1117,P647,outbound,HOME_P647,H1,H1,dialysis,patient_home,hospital,6.16733,6167.33,haversine_x_road_factor
R1118,P647,return,H1,HOME_P647,H1,dialysis,hospital,patient_home,6.16733,6167.33,haversine_x_road_factor
R1119,P648,outbound,HOME_P648,H1,H1,dialysis,patient_home,hospital,5.44679,5446.79,haversine_x_road_factor
R1120,P649,outbound,HOME_P649,H2,H2,dialysis,patient_home,hospital,1.8304,1830.4,haversine_x_road_factor
R1121,P650,outbound,HOME_P650,H1,H1,oncology,patient_home,hospital,6.94232,6942.32,haversine_x_road_factor
R1122,P650,return,H1,HOME_P650,H1,oncology,hospital,patient_home,6.94232,6942.32,haversine_x_road_factor
