patient_id,home_point_id,home_lat,home_lon,hospital_id,activity_type,appointment_id,slot_time,priority_code,priority_class,theta_p,requirement,appointment_datetime,appointment_minute,appointment_time_hhmm,hospital_stay_min,return_ready_datetime,return_ready_minute,return_ready_time_hhmm,waiting_time_after_treatment_min,return_same_day,max_ride_time_min,direct_distance_est_km,direct_travel_time_est_min,distance_to_assigned_hospital_km,closest_hospital_id,closest_hospital_distance_km,assigned_hospital_is_coherent,home_generation_method,catchment_radius_km,source_quality,source_note
P1,HOME_P1,46.05584944389953,4.028036201534118,H3,dialysis,A0732,13:00,P1,high,2.0,vsl_required,2026-05-18 13:10:00,790,13:10,220,2026-05-18 16:50:00,1010,16:50,15,1,25,4.129,5.9,4.129,H3,4.129,1,catchment_near_assigned_hospital,8,assumption_to_validate,Third dialysis center: assumed 24/day.
P2,HOME_P2,45.97164151503103,4.124146659630495,H2,other,A0654,14:00,P2,medium,1.5,standard_assis,2026-05-18 14:15:00,855,14:15,35,2026-05-18 14:50:00,890,14:50,25,1,35,11.598,16.57,11.598,H2,11.598,1,catchment_near_assigned_hospital,12,assumption_to_validate,Renaison other: assumed 36/day.
P3,HOME_P3,46.0538449637658,3.9347836147905526,H2,other,A0610,10:30,P2,medium,1.5,standard_assis,2026-05-18 11:45:00,705,11:45,40,2026-05-18 12:25:00,745,12:25,25,0,35,12.978,18.54,12.978,H2,12.978,1,catchment_near_assigned_hospital,12,assumption_to_validate,Renaison other: assumed 36/day.
P4,HOME_P4,45.979926387433856,4.046626615397722,H2,dialysis,A0455,08:00,P1,high,2.0,vsl_required,2026-05-18 08:45:00,525,08:45,230,2026-05-18 12:35:00,755,12:35,15,1,25,9.389,13.41,9.389,H2,9.389,1,catchment_near_assigned_hospital,8,assumption_to_validate,Renaison dialysis: assumed 30/day.
P5,HOME_P5,46.078444126568684,4.1063130989548755,H1,dialysis,A0159,17:00,P1,high,2.0,vsl_required,2026-05-18 17:25:00,1045,17:25,240,2026-05-18 21:25:00,1285,21:25,15,1,25,4.767,6.81,4.767,H1,4.767,1,catchment_near_assigned_hospital,8,observed_user_table,"CH Roanne dialysis: 53/day. 26 morning, 23 noon, 4 evening."
P6,HOME_P6,46.08792775850037,4.059245985867644,H1,other,A0257,08:30,P2,medium,1.5,standard_assis,2026-05-18 09:55:00,595,09:55,90,2026-05-18 11:25:00,685,11:25,25,1,35,4.985,7.12,4.985,H1,4.985,1,catchment_near_assigned_hospital,12,observed_user_table,CH Roanne other: 49/day.
P7,HOME_P7,46.09868385022598,4.138586018710714,H3,dialysis,A0721,13:00,P1,high,2.0,vsl_required,2026-05-18 13:10:00,790,13:10,215,2026-05-18 16:45:00,1005,16:45,15,1,25,9.462,13.52,9.462,H1,8.953,1,catchment_near_assigned_hospital,8,assumption_to_validate,Third dialysis center: assumed 24/day.
P8,HOME_P8,45.98312252773635,4.0581722022839015,H1,other,A0339,10:30,P2,medium,1.5,standard_assis,2026-05-18 11:20:00,680,11:20,110,2026-05-18 13:10:00,790,13:10,25,1,35,9.854,14.08,9.854,H2,8.758,1,catchment_near_assigned_hospital,12,observed_user_table,CH Roanne other: 49/day.
P9,HOME_P9,46.104311095333316,4.116892206244781,H3,dialysis,A0685,08:00,P1,high,2.0,vsl_required,2026-05-18 08:45:00,525,08:45,235,2026-05-18 12:40:00,760,12:40,15,1,25,8.799,12.57,8.799,H1,8.272,1,catchment_near_assigned_hospital,8,assumption_to_validate,Third dialysis center: assumed 24/day.
P10,HOME_P10,46.00634566661066,4.116501984295383,H1,oncology,A0230,11:00,P1,high,2.0,vsl_required,2026-05-18 11:25:00,685,11:25,175,2026-05-18 14:20:00,860,14:20,15,1,25,7.776,11.11,7.776,H2,7.149,1,catchment_near_assigned_hospital,10,observed_user_table,CH Roanne chemotherapy: 30/day.
P11,HOME_P11,46.11137619324698,4.10865217242755,H1,other,A0360,14:00,P2,medium,1.5,vsl_required,2026-05-18 14:00:00,840,14:00,115,2026-05-18 15:55:00,955,15:55,25,1,35,8.785,12.55,8.785,H1,8.785,1,catchment_near_assigned_hospital,12,observed_user_table,CH Roanne other: 49/day.
P12,HOME_P12,46.000805326414905,3.9661137255313315,H2,other,A0623,10:30,P2,medium,1.5,standard_assis,2026-05-18 11:15:00,675,11:15,40,2026-05-18 11:55:00,715,11:55,25,1,35,11.711,16.73,11.711,H2,11.711,1,catchment_near_assigned_hospital,12,assumption_to_validate,Renaison other: assumed 36/day.
P13,HOME_P13,46.05500707604259,4.088568261751806,H2,dialysis,A0485,13:00,P1,high,2.0,vsl_required,2026-05-18 13:10:00,790,13:10,245,2026-05-18 17:15:00,1035,17:15,15,1,25,2.304,5.0,2.304,H1,1.549,1,catchment_near_assigned_hospital,8,assumption_to_validate,Renaison dialysis: assumed 30/day.
P14,HOME_P14,46.068124466005834,4.141925026219042,H1,dialysis,A0057,08:00,P1,high,2.0,prescription_medicale,2026-05-18 08:55:00,535,08:55,240,2026-05-18 12:55:00,775,12:55,15,1,25,6.987,9.98,6.987,H1,6.987,1,catchment_near_assigned_hospital,8,observed_user_table,"CH Roanne dialysis: 53/day. 26 morning, 23 noon, 4 evening."
P15,HOME_P15,46.053888656699286,3.978497488082823,H1,dialysis,A0012,08:00,P1,high,2.0,vsl_required,2026-05-18 08:10:00,490,08:10,240,2026-05-18 12:10:00,730,12:10,15,1,25,9.087,12.98,9.087,H2,8.785,1,catchment_near_assigned_hospital,8,observed_user_table,"CH Roanne dialysis: 53/day. 26 morning, 23 noon, 4 evening."
P16,HOME_P16,46.08393986872155,4.041096433534762,H2,dialysis,A0452,08:00,P1,high,2.0,vsl_required,2026-05-18 08:05:00,485,08:05,250,2026-05-18 12:15:00,735,12:15,15,1,25,5.949,8.5,5.949,H1,5.237,1,catchment_near_assigned_hospital,8,assumption_to_validate,Renaison dialysis: assumed 30/day.
P17,HOME_P17,45.99865355642111,4.067812454027575,H1,oncology,A0181,08:00,P1,high,2.0,prescription_medicale,2026-05-18 08:15:00,495,08:15,170,2026-05-18 11:05:00,665,11:05,15,1,25,7.61,10.87,7.61,H2,6.54,1,catchment_near_assigned_hospital,10,observed_user_table,CH Roanne chemotherapy: 30/day.
P18,HOME_P18,46.04688093066959,4.018208707800079,H1,dialysis,A0098,13:00,P1,high,2.0,vsl_required,2026-05-18 13:45:00,825,13:45,240,2026-05-18 17:45:00,1065,17:45,15,1,25,5.332,7.62,5.332,H2,4.883,1,catchment_near_assigned_hospital,8,observed_user_table,"CH Roanne dialysis: 53/day. 26 morning, 23 noon, 4 evening."
P19,HOME_P19,45.993978966999606,4.070100401444352,H2,dialysis,A0467,08:00,P1,high,2.0,prescription_medicale,2026-05-18 08:30:00,510,08:30,245,2026-05-18 12:35:00,755,12:35,15,1,25,7.19,10.27,7.19,H2,7.19,1,catchment_near_assigned_hospital,8,assumption_to_validate,Renaison dialysis: assumed 30/day.
P20,HOME_P20,46.07931795551226,4.1187686410795585,H3,dialysis,A0682,08:00,P1,high,2.0,vsl_required,2026-05-18 08:05:00,485,08:05,250,2026-05-18 12:15:00,735,12:15,15,1,25,6.223,8.89,6.223,H1,5.729,1,catchment_near_assigned_hospital,8,assumption_to_validate,Third dialysis center: assumed 24/day.
P21,HOME_P21,46.060432628370485,4.092015009216808,H1,dialysis,A0074,08:00,P1,high,2.0,vsl_required,2026-05-18 08:45:00,525,08:45,240,2026-05-18 12:45:00,765,12:45,15,1,25,2.11,5.0,2.11,H1,2.11,1,catchment_near_assigned_hospital,8,observed_user_table,"CH Roanne dialysis: 53/day. 26 morning, 23 noon, 4 evening."
P22,HOME_P22,46.085862453015764,4.10022764334929,H1,dialysis,A0037,08:00,P1,high,2.0,vsl_required,2026-05-18 08:55:00,535,08:55,240,2026-05-18 12:55:00,775,12:55,15,1,25,5.247,7.5,5.247,H1,5.247,1,catchment_near_assigned_hospital,8,observed_user_table,"CH Roanne dialysis: 53/day. 26 morning, 23 noon, 4 evening."
P23,HOME_P23,46.05989735497552,4.227150205173195,H1,other,A0343,10:30,P2,medium,1.5,standard_assis,2026-05-18 10:40:00,640,10:40,60,2026-05-18 11:40:00,700,11:40,25,1,35,14.926,21.32,14.926,H1,14.926,1,catchment_near_assigned_hospital,12,observed_user_table,CH Roanne other: 49/day.
P24,HOME_P24,46.061607390939486,4.072481929180756,H1,dialysis,A0021,08:00,P1,high,2.0,prescription_medicale,2026-05-18 08:25:00,505,08:25,240,2026-05-18 12:25:00,745,12:25,15,1,25,1.155,5.0,1.155,H1,1.155,1,catchment_near_assigned_hospital,8,observed_user_table,"CH Roanne dialysis: 53/day. 26 morning, 23 noon, 4 evening."
P25,HOME_P25,46.033496811302705,3.9789760924464805,H1,other,A0347,10:30,P2,medium,1.5,prescription_medicale,2026-05-18 10:30:00,630,10:30,100,2026-05-18 12:10:00,730,12:10,25,1,35,9.452,13.5,9.452,H2,8.831,1,catchment_near_assigned_hospital,12,observed_user_table,CH Roanne other: 49/day.
P26,HOME_P26,46.05495975485987,3.941166446148351,H1,other,A0391,16:00,P2,medium,1.5,standard_assis,2026-05-18 16:25:00,985,16:25,80,2026-05-18 17:45:00,1065,17:45,25,1,35,12.69,18.13,12.69,H2,12.379,1,catchment_near_assigned_hospital,12,observed_user_table,CH Roanne other: 49/day.
P27,HOME_P27,45.9877542597964,4.029097899244084,H1,external,A0421,14:30,P3,low,1.0,standard_assis,2026-05-18 15:45:00,945,15:45,25,2026-05-18 16:10:00,970,16:10,35,0,45,10.035,14.34,10.035,H2,8.919,1,catchment_near_assigned_hospital,18,computed_from_user_table,External visits: 75/day * 15% using fleet.
P28,HOME_P28,46.041619090204016,4.170404949200129,H1,dialysis,A0016,08:00,P1,high,2.0,vsl_required,2026-05-18 08:00:00,480,08:00,240,2026-05-18 12:00:00,720,12:00,15,1,25,9.564,13.66,9.564,H1,9.564,1,catchment_near_assigned_hospital,8,observed_user_table,"CH Roanne dialysis: 53/day. 26 morning, 23 noon, 4 evening."
P29,HOME_P29,46.011114257682905,4.075969212063419,H2,other,A0630,10:30,P2,medium,1.5,premium,2026-05-18 11:15:00,675,11:15,30,2026-05-18 11:45:00,705,11:45,25,1,35,4.857,6.94,4.857,H2,4.857,1,catchment_near_assigned_hospital,12,assumption_to_validate,Renaison other: assumed 36/day.
P30,HOME_P30,46.10147152824676,4.103217548698017,H2,other,A0652,14:00,P2,medium,1.5,standard_assis,2026-05-18 14:50:00,890,14:50,35,2026-05-18 15:25:00,925,15:25,25,1,35,8.432,12.05,8.432,H1,7.314,1,catchment_near_assigned_hospital,12,assumption_to_validate,Renaison other: assumed 36/day.
P31,HOME_P31,45.99892409176717,4.074914058450055,H1,other,A0361,14:00,P2,medium,1.5,standard_assis,2026-05-18 14:35:00,875,14:35,120,2026-05-18 16:35:00,995,16:35,25,1,35,7.561,10.8,7.561,H2,6.528,1,catchment_near_assigned_hospital,12,observed_user_table,CH Roanne other: 49/day.
P32,HOME_P32,46.072787936898614,4.085334462711586,H1,dialysis,A0038,08:00,P1,high,2.0,vsl_required,2026-05-18 08:45:00,525,08:45,240,2026-05-18 12:45:00,765,12:45,15,1,25,2.97,5.0,2.97,H1,2.97,1,catchment_near_assigned_hospital,8,observed_user_table,"CH Roanne dialysis: 53/day. 26 morning, 23 noon, 4 evening."
P33,HOME_P33,46.04055061981802,4.024368771543793,H1,other,A0340,10:30,P2,medium,1.5,standard_assis,2026-05-18 10:35:00,635,10:35,70,2026-05-18 11:45:00,705,11:45,25,1,35,4.988,7.13,4.988,H2,4.346,1,catchment_near_assigned_hospital,12,observed_user_table,CH Roanne other: 49/day.
P34,HOME_P34,45.99238236245019,4.043709522885724,H1,dialysis,A0140,13:00,P1,high,2.0,vsl_required,2026-05-18 13:30:00,810,13:30,240,2026-05-18 17:30:00,1050,17:30,15,1,25,8.917,12.74,8.917,H2,7.796,1,catchment_near_assigned_hospital,8,observed_user_table,"CH Roanne dialysis: 53/day. 26 morning, 23 noon, 4 evening."
P35,HOME_P35,46.01943558756465,4.123994993388033,H2,other,A0663,14:00,P2,medium,1.5,standard_assis,2026-05-18 14:05:00,845,14:05,35,2026-05-18 14:40:00,880,14:40,25,1,35,6.457,9.22,6.457,H2,6.457,1,catchment_near_assigned_hospital,12,assumption_to_validate,Renaison other: assumed 36/day.
P36,HOME_P36,46.01499041102996,3.9426878920039643,H2,other,A0650,14:00,P2,medium,1.5,standard_assis,2026-05-18 14:35:00,875,14:35,40,2026-05-18 15:15:00,915,15:15,25,1,35,12.897,18.42,12.897,H2,12.897,1,catchment_near_assigned_hospital,12,assumption_to_validate,Renaison other: assumed 36/day.
P37,HOME_P37,45.99020674355431,3.9725196912284577,H1,other,A0395,16:00,P2,medium,1.5,standard_assis,2026-05-18 16:30:00,990,16:30,105,2026-05-18 18:15:00,1095,18:15,25,1,35,13.053,18.65,13.053,H2,12.077,1,catchment_near_assigned_hospital,12,observed_user_table,CH Roanne other: 49/day.
P38,HOME_P38,46.1505192598934,4.064165765638452,H1,external,A0429,16:30,P3,low,1.0,standard_assis,2026-05-18 16:30:00,990,16:30,30,2026-05-18 17:00:00,1020,17:00,35,1,45,13.538,19.34,13.538,H1,13.538,1,catchment_near_assigned_hospital,18,computed_from_user_table,External visits: 75/day * 15% using fleet.
P39,HOME_P39,46.062835800285015,3.9885970636805546,H2,dialysis,A0474,08:00,P1,high,2.0,vsl_required,2026-05-18 08:50:00,530,08:50,245,2026-05-18 12:55:00,775,12:55,15,1,25,8.095,11.56,8.095,H3,8.052,1,catchment_near_assigned_hospital,8,assumption_to_validate,Renaison dialysis: assumed 30/day.
P40,HOME_P40,46.11571562540002,4.100796409052481,H2,other,A0627,10:30,P2,medium,1.5,premium,2026-05-18 10:50:00,650,10:50,30,2026-05-18 11:20:00,680,11:20,25,1,35,10.209,14.58,10.209,H1,9.088,1,catchment_near_assigned_hospital,12,assumption_to_validate,Renaison other: assumed 36/day.
P41,HOME_P41,45.96334530279197,4.0910141096612564,H2,other,A0582,08:30,P2,medium,1.5,standard_assis,2026-05-18 09:40:00,580,09:40,40,2026-05-18 10:20:00,620,10:20,25,0,35,11.646,16.64,11.646,H2,11.646,1,catchment_near_assigned_hospital,12,assumption_to_validate,Renaison other: assumed 36/day.
P42,HOME_P42,46.01729174287625,4.018988343547837,H2,dialysis,A0439,08:00,P1,high,2.0,vsl_required,2026-05-18 08:40:00,520,08:40,265,2026-05-18 13:05:00,785,13:05,15,1,25,6.221,8.89,6.221,H2,6.221,1,catchment_near_assigned_hospital,8,assumption_to_validate,Renaison dialysis: assumed 30/day.
P43,HOME_P43,45.993249771502875,4.045347368405543,H2,dialysis,A0436,08:00,P1,high,2.0,prescription_medicale,2026-05-18 08:35:00,515,08:35,210,2026-05-18 12:05:00,725,12:05,15,1,25,7.634,10.91,7.634,H2,7.634,1,catchment_near_assigned_hospital,8,assumption_to_validate,Renaison dialysis: assumed 30/day.
P44,HOME_P44,46.07966370328635,4.034923618556452,H1,oncology,A0163,08:00,P1,high,2.0,vsl_required,2026-05-18 08:45:00,525,08:45,160,2026-05-18 11:25:00,685,11:25,15,1,25,5.167,7.38,5.167,H1,5.167,1,catchment_near_assigned_hospital,10,observed_user_table,CH Roanne chemotherapy: 30/day.
P45,HOME_P45,45.980085467361235,4.16517299034589,H2,other,A0608,08:30,P2,medium,1.5,standard_assis,2026-05-18 09:45:00,585,09:45,25,2026-05-18 10:10:00,610,10:10,25,1,35,13.028,18.61,13.028,H2,13.028,1,catchment_near_assigned_hospital,12,assumption_to_validate,Renaison other: assumed 36/day.
P46,HOME_P46,45.991870058891834,4.029223527260922,H2,other,A0625,10:30,P2,medium,1.5,standard_assis,2026-05-18 11:40:00,700,11:40,40,2026-05-18 12:20:00,740,12:20,25,1,35,8.401,12.0,8.401,H2,8.401,1,catchment_near_assigned_hospital,12,assumption_to_validate,Renaison other: assumed 36/day.
P47,HOME_P47,46.1005242216824,4.018329499941636,H2,dialysis,A0458,08:00,P1,high,2.0,vsl_required,2026-05-18 08:20:00,500,08:20,270,2026-05-18 12:50:00,770,12:50,15,1,25,9.042,12.92,9.042,H1,8.4,1,catchment_near_assigned_hospital,8,assumption_to_validate,Renaison dialysis: assumed 30/day.
P48,HOME_P48,46.09018476169844,4.0604474959316335,H1,dialysis,A0067,08:00,P1,high,2.0,vsl_required,2026-05-18 08:05:00,485,08:05,240,2026-05-18 12:05:00,725,12:05,15,1,25,5.261,7.52,5.261,H1,5.261,1,catchment_near_assigned_hospital,8,observed_user_table,"CH Roanne dialysis: 53/day. 26 morning, 23 noon, 4 evening."
P49,HOME_P49,46.00031954789304,4.083115686097552,H2,oncology,A0545,08:00,P1,high,2.0,prescription_medicale,2026-05-18 08:05:00,485,08:05,60,2026-05-18 09:05:00,545,09:05,15,1,25,6.457,9.22,6.457,H2,6.457,1,catchment_near_assigned_hospital,10,assumption_to_validate,Renaison oncology: assumed 16/day.
P50,HOME_P50,46.08927783464024,4.088269055545382,H1,dialysis,A0007,08:00,P1,high,2.0,vsl_required,2026-05-18 08:40:00,520,08:40,240,2026-05-18 12:40:00,760,12:40,15,1,25,5.221,7.46,5.221,H1,5.221,1,catchment_near_assigned_hospital,8,observed_user_table,"CH Roanne dialysis: 53/day. 26 morning, 23 noon, 4 evening."
P51,HOME_P51,46.10469829842984,4.049181369493735,H1,oncology,A0166,08:00,P1,high,2.0,vsl_required,2026-05-18 08:55:00,535,08:55,175,2026-05-18 11:50:00,710,11:50,15,1,25,7.495,10.71,7.495,H1,7.495,1,catchment_near_assigned_hospital,10,observed_user_table,CH Roanne chemotherapy: 30/day.
P52,HOME_P52,46.09815184570265,4.073016769435656,H2,other,A0591,08:30,P2,medium,1.5,standard_assis,2026-05-18 08:30:00,510,08:30,30,2026-05-18 09:00:00,540,09:00,25,1,35,7.302,10.43,7.302,H1,6.234,1,catchment_near_assigned_hospital,12,assumption_to_validate,Renaison other: assumed 36/day.
P53,HOME_P53,46.000357404079594,4.013883093956067,H1,dialysis,A0075,08:00,P1,high,2.0,vsl_required,2026-05-18 08:20:00,500,08:20,240,2026-05-18 12:20:00,740,12:20,15,1,25,9.294,13.28,9.294,H2,8.235,1,catchment_near_assigned_hospital,8,observed_user_table,"CH Roanne dialysis: 53/day. 26 morning, 23 noon, 4 evening."
P54,HOME_P54,46.06429659165558,4.148886349161336,H2,other,A0612,10:30,P2,medium,1.5,standard_assis,2026-05-18 11:00:00,660,11:00,30,2026-05-18 11:30:00,690,11:30,25,1,35,8.146,11.64,8.146,H1,7.505,1,catchment_near_assigned_hospital,12,assumption_to_validate,Renaison other: assumed 36/day.
P55,HOME_P55,46.12576106632142,4.022917364210587,H1,oncology,A0190,08:00,P1,high,2.0,prescription_medicale,2026-05-18 08:15:00,495,08:15,160,2026-05-18 10:55:00,655,10:55,15,1,25,11.156,15.94,11.156,H1,11.156,1,catchment_near_assigned_hospital,10,observed_user_table,CH Roanne chemotherapy: 30/day.
P56,HOME_P56,45.989702589027665,4.048026500428322,H1,dialysis,A0119,13:00,P1,high,2.0,vsl_required,2026-05-18 13:45:00,825,13:45,240,2026-05-18 17:45:00,1065,17:45,15,1,25,9.155,13.08,9.155,H2,8.037,1,catchment_near_assigned_hospital,8,observed_user_table,"CH Roanne dialysis: 53/day. 26 morning, 23 noon, 4 evening."
P57,HOME_P57,46.10813102789724,4.075975262275348,H1,other,A0345,10:30,P2,medium,1.5,standard_assis,2026-05-18 10:35:00,635,10:35,85,2026-05-18 12:00:00,720,12:00,25,1,35,7.628,10.9,7.628,H1,7.628,1,catchment_near_assigned_hospital,12,observed_user_table,CH Roanne other: 49/day.
P58,HOME_P58,46.11697542212037,4.093719896534998,H1,oncology,A0169,08:00,P1,high,2.0,vsl_required,2026-05-18 08:25:00,505,08:25,160,2026-05-18 11:05:00,665,11:05,15,1,25,9.08,12.97,9.08,H1,9.08,1,catchment_near_assigned_hospital,10,observed_user_table,CH Roanne chemotherapy: 30/day.
P59,HOME_P59,46.088853888565644,4.038119521917295,H2,dialysis,A0468,08:00,P1,high,2.0,prescription_medicale,2026-05-18 08:55:00,535,08:55,210,2026-05-18 12:25:00,745,12:25,15,1,25,6.688,9.55,6.688,H1,5.962,1,catchment_near_assigned_hospital,8,assumption_to_validate,Renaison dialysis: assumed 30/day.
P60,HOME_P60,46.080076705251585,4.016971736401006,H2,oncology,A0524,08:00,P1,high,2.0,vsl_required,2026-05-18 08:25:00,505,08:25,320,2026-05-18 13:45:00,825,13:45,15,1,25,6.915,9.88,6.915,H1,6.537,1,catchment_near_assigned_hospital,10,assumption_to_validate,Renaison oncology: assumed 16/day.
P61,HOME_P61,46.04693742455611,4.008972673930173,H1,dialysis,A0131,13:00,P1,high,2.0,vsl_required,2026-05-18 13:25:00,805,13:25,240,2026-05-18 17:25:00,1045,17:25,15,1,25,6.211,8.87,6.211,H2,5.774,1,catchment_near_assigned_hospital,8,observed_user_table,"CH Roanne dialysis: 53/day. 26 morning, 23 noon, 4 evening."
P62,HOME_P62,46.04612781734824,4.069248444007217,H1,dialysis,A0143,13:00,P1,high,2.0,vsl_required,2026-05-18 13:45:00,825,13:45,240,2026-05-18 17:45:00,1065,17:45,15,1,25,1.051,5.0,1.051,H2,0.074,1,catchment_near_assigned_hospital,8,observed_user_table,"CH Roanne dialysis: 53/day. 26 morning, 23 noon, 4 evening."
P63,HOME_P63,46.05127541959271,4.139233529203319,H1,dialysis,A0154,17:00,P1,high,2.0,vsl_required,2026-05-18 17:25:00,1045,17:25,240,2026-05-18 21:25:00,1285,21:25,15,1,25,6.424,9.18,6.424,H1,6.424,1,catchment_near_assigned_hospital,8,observed_user_table,"CH Roanne dialysis: 53/day. 26 morning, 23 noon, 4 evening."
P64,HOME_P64,46.075540138159,4.03583560785039,H3,dialysis,A0727,13:00,P1,high,2.0,prescription_medicale,2026-05-18 13:55:00,835,13:55,245,2026-05-18 18:00:00,1080,18:00,15,1,25,4.843,6.92,4.843,H1,4.711,1,catchment_near_assigned_hospital,8,assumption_to_validate,Third dialysis center: assumed 24/day.
P65,HOME_P65,46.042839100108544,4.140712351266177,H1,other,A0366,14:00,P2,medium,1.5,standard_assis,2026-05-18 15:00:00,900,15:00,120,2026-05-18 17:00:00,1020,17:00,25,1,35,6.72,9.6,6.72,H1,6.72,1,catchment_near_assigned_hospital,12,observed_user_table,CH Roanne other: 49/day.
P66,HOME_P66,46.141893031665795,4.117720916514769,H1,other,A0329,10:30,P2,medium,1.5,vsl_required,2026-05-18 11:10:00,670,11:10,80,2026-05-18 12:30:00,750,12:30,25,1,35,13.056,18.65,13.056,H1,13.056,1,catchment_near_assigned_hospital,12,observed_user_table,CH Roanne other: 49/day.
P67,HOME_P67,46.02639575954012,4.047773103129301,H3,dialysis,A0730,13:00,P1,high,2.0,vsl_required,2026-05-18 13:30:00,810,13:30,270,2026-05-18 18:00:00,1080,18:00,15,1,25,3.92,5.6,3.92,H2,3.364,1,catchment_near_assigned_hospital,8,assumption_to_validate,Third dialysis center: assumed 24/day.
P68,HOME_P68,46.01712367702989,4.059927131587862,H3,dialysis,A0746,13:00,P1,high,2.0,prescription_medicale,2026-05-18 13:45:00,825,13:45,215,2026-05-18 17:20:00,1040,17:20,15,1,25,4.672,6.67,4.672,H2,4.063,1,catchment_near_assigned_hospital,8,assumption_to_validate,Third dialysis center: assumed 24/day.
P69,HOME_P69,46.1186262816141,4.0884347418244085,H3,dialysis,A0711,08:00,P1,high,2.0,vsl_required,2026-05-18 08:40:00,520,08:40,245,2026-05-18 12:45:00,765,12:45,15,1,25,9.703,13.86,9.703,H1,9.206,1,catchment_near_assigned_hospital,8,assumption_to_validate,Third dialysis center: assumed 24/day.
P70,HOME_P70,46.02320634087601,4.075669072289078,H1,other,A0270,08:30,P2,medium,1.5,standard_assis,2026-05-18 08:30:00,510,08:30,80,2026-05-18 09:50:00,590,09:50,25,1,35,4.193,5.99,4.193,H2,3.196,1,catchment_near_assigned_hospital,12,observed_user_table,CH Roanne other: 49/day.
P71,HOME_P71,46.17951201404468,4.0292600571016575,H1,external,A0417,12:30,P3,low,1.0,prescription_medicale,2026-05-18 13:50:00,830,13:50,30,2026-05-18 14:20:00,860,14:20,35,1,47,18.035,25.76,18.035,H1,18.035,1,catchment_near_assigned_hospital,18,computed_from_user_table,External visits: 75/day * 15% using fleet.
P72,HOME_P72,46.01572566982387,4.1065821182115565,H1,oncology,A0203,08:00,P1,high,2.0,prescription_medicale,2026-05-18 08:50:00,530,08:50,155,2026-05-18 11:25:00,685,11:25,15,1,25,6.162,8.8,6.162,H2,5.536,1,catchment_near_assigned_hospital,10,observed_user_table,CH Roanne chemotherapy: 30/day.
P73,HOME_P73,46.025216337579025,4.075284672480109,H1,dialysis,A0044,08:00,P1,high,2.0,vsl_required,2026-05-18 08:15:00,495,08:15,240,2026-05-18 12:15:00,735,12:15,15,1,25,3.911,5.59,3.911,H2,2.915,1,catchment_near_assigned_hospital,8,observed_user_table,"CH Roanne dialysis: 53/day. 26 morning, 23 noon, 4 evening."
P74,HOME_P74,45.97145468314225,4.023268805081906,H1,external,A0413,11:30,P3,low,1.0,prescription_medicale,2026-05-18 11:35:00,695,11:35,20,2026-05-18 11:55:00,715,11:55,35,1,45,12.336,17.62,12.336,H2,11.217,1,catchment_near_assigned_hospital,18,computed_from_user_table,External visits: 75/day * 15% using fleet.
P75,HOME_P75,46.0126418837146,4.154377350860227,H1,dialysis,A0137,13:00,P1,high,2.0,vsl_required,2026-05-18 13:05:00,785,13:05,240,2026-05-18 17:05:00,1025,17:05,15,1,25,9.698,13.85,9.698,H2,9.451,1,catchment_near_assigned_hospital,8,observed_user_table,"CH Roanne dialysis: 53/day. 26 morning, 23 noon, 4 evening."
P76,HOME_P76,46.099917563153205,4.115258853683916,H2,dialysis,A0464,08:00,P1,high,2.0,vsl_required,2026-05-18 08:10:00,490,08:10,230,2026-05-18 12:00:00,720,12:00,15,1,25,8.767,12.52,8.767,H1,7.67,1,catchment_near_assigned_hospital,8,assumption_to_validate,Renaison dialysis: assumed 30/day.
P77,HOME_P77,46.12115682718322,4.113983981065511,H2,oncology,A0555,13:00,P1,high,2.0,vsl_required,2026-05-18 13:50:00,830,13:50,70,2026-05-18 15:00:00,900,15:00,15,1,25,11.357,16.22,11.357,H1,10.237,1,catchment_near_assigned_hospital,10,assumption_to_validate,Renaison oncology: assumed 16/day.
P78,HOME_P78,45.98076442679961,4.045102239702144,H2,oncology,A0570,15:00,P1,high,2.0,vsl_required,2026-05-18 15:45:00,945,15:45,305,2026-05-18 20:50:00,1250,20:50,15,1,25,9.311,13.3,9.311,H2,9.311,1,catchment_near_assigned_hospital,10,assumption_to_validate,Renaison oncology: assumed 16/day.
P79,HOME_P79,45.92368271656998,4.019517421661367,H1,external,A0416,12:30,P3,low,1.0,prescription_medicale,2026-05-18 12:45:00,765,12:45,25,2026-05-18 13:10:00,790,13:10,35,1,49,18.734,26.76,18.734,H2,17.615,1,catchment_near_assigned_hospital,18,computed_from_user_table,External visits: 75/day * 15% using fleet.
P80,HOME_P80,46.0452937514205,4.172348523248027,H1,other,A0251,08:30,P2,medium,1.5,standard_assis,2026-05-18 09:20:00,560,09:20,90,2026-05-18 10:50:00,650,10:50,25,1,35,9.677,13.82,9.677,H1,9.677,1,catchment_near_assigned_hospital,12,observed_user_table,CH Roanne other: 49/day.
P81,HOME_P81,46.09230848746581,4.1183436852449065,H3,dialysis,A0738,13:00,P1,high,2.0,vsl_required,2026-05-18 13:00:00,780,13:00,255,2026-05-18 17:15:00,1035,17:15,15,1,25,7.504,10.72,7.504,H1,6.983,1,catchment_near_assigned_hospital,8,assumption_to_validate,Third dialysis center: assumed 24/day.
P82,HOME_P82,45.99453736690711,4.196541820352659,H1,other,A0364,14:00,P2,medium,1.5,prescription_medicale,2026-05-18 14:15:00,855,14:15,75,2026-05-18 15:30:00,930,15:30,25,1,35,14.476,20.68,14.476,H2,14.233,1,catchment_near_assigned_hospital,12,observed_user_table,CH Roanne other: 49/day.
P83,HOME_P83,45.99655349368169,4.0603814634394695,H2,oncology,A0540,08:00,P1,high,2.0,vsl_required,2026-05-18 08:10:00,490,08:10,175,2026-05-18 11:05:00,665,11:05,15,1,25,6.879,9.83,6.879,H2,6.879,1,catchment_near_assigned_hospital,10,assumption_to_validate,Renaison oncology: assumed 16/day.
P84,HOME_P84,45.985561742094184,4.020694802433608,H1,other,A0378,14:00,P2,medium,1.5,vsl_required,2026-05-18 15:15:00,915,15:15,80,2026-05-18 16:35:00,995,16:35,25,0,35,10.67,15.24,10.67,H2,9.562,1,catchment_near_assigned_hospital,12,observed_user_table,CH Roanne other: 49/day.
P85,HOME_P85,46.10323269237946,4.085964168727166,H1,dialysis,A0112,13:00,P1,high,2.0,vsl_required,2026-05-18 13:50:00,830,13:50,240,2026-05-18 17:50:00,1070,17:50,15,1,25,7.057,10.08,7.057,H1,7.057,1,catchment_near_assigned_hospital,8,observed_user_table,"CH Roanne dialysis: 53/day. 26 morning, 23 noon, 4 evening."
P86,HOME_P86,45.997927085309854,4.025545183874809,H1,dialysis,A0157,17:00,P1,high,2.0,prescription_medicale,2026-05-18 17:25:00,1045,17:25,240,2026-05-18 21:25:00,1285,21:25,15,1,25,8.941,12.77,8.941,H2,7.843,1,catchment_near_assigned_hospital,8,observed_user_table,"CH Roanne dialysis: 53/day. 26 morning, 23 noon, 4 evening."
P87,HOME_P87,46.11683474910398,4.076879934430048,H1,external,A0420,13:30,P3,low,1.0,standard_assis,2026-05-18 13:55:00,835,13:55,20,2026-05-18 14:15:00,855,14:15,35,1,45,8.84,12.63,8.84,H1,8.84,1,catchment_near_assigned_hospital,18,computed_from_user_table,External visits: 75/day * 15% using fleet.
P88,HOME_P88,46.00061453680504,4.079052955170998,H2,other,A0621,10:30,P2,medium,1.5,standard_assis,2026-05-18 11:00:00,660,11:00,25,2026-05-18 11:25:00,685,11:25,25,1,35,6.344,9.06,6.344,H2,6.344,1,catchment_near_assigned_hospital,12,assumption_to_validate,Renaison other: assumed 36/day.
P89,HOME_P89,46.01688300299525,4.14562035378726,H2,other,A0604,08:30,P2,medium,1.5,standard_assis,2026-05-18 09:30:00,570,09:30,40,2026-05-18 10:10:00,610,10:10,25,1,35,8.426,12.04,8.426,H2,8.426,1,catchment_near_assigned_hospital,12,assumption_to_validate,Renaison other: assumed 36/day.
P90,HOME_P90,46.09495322380023,4.062580012638441,H1,dialysis,A0127,13:00,P1,high,2.0,prescription_medicale,2026-05-18 13:50:00,830,13:50,240,2026-05-18 17:50:00,1070,17:50,15,1,25,5.871,8.39,5.871,H1,5.871,1,catchment_near_assigned_hospital,8,observed_user_table,"CH Roanne dialysis: 53/day. 26 morning, 23 noon, 4 evening."
P91,HOME_P91,46.0581923080883,3.9775089213048846,H1,other,A0302,08:30,P2,medium,1.5,standard_assis,2026-05-18 09:50:00,590,09:50,95,2026-05-18 11:25:00,685,11:25,25,1,35,9.207,13.15,9.207,H2,8.976,1,catchment_near_assigned_hospital,12,observed_user_table,CH Roanne other: 49/day.
P92,HOME_P92,46.125994810288276,3.95808161035437,H1,other,A0369,14:00,P2,medium,1.5,vsl_required,2026-05-18 14:25:00,865,14:25,60,2026-05-18 15:25:00,925,15:25,25,1,35,14.972,21.39,14.972,H1,14.972,1,catchment_near_assigned_hospital,12,observed_user_table,CH Roanne other: 49/day.
P93,HOME_P93,46.04495477035369,4.103457687345296,H1,dialysis,A0147,13:00,P1,high,2.0,prescription_medicale,2026-05-18 13:55:00,835,13:55,240,2026-05-18 17:55:00,1075,17:55,15,1,25,3.186,5.0,3.186,H1,3.186,1,catchment_near_assigned_hospital,8,observed_user_table,"CH Roanne dialysis: 53/day. 26 morning, 23 noon, 4 evening."
P94,HOME_P94,46.05190152598379,4.107790887219149,H2,dialysis,A0465,08:00,P1,high,2.0,prescription_medicale,2026-05-18 08:20:00,500,08:20,215,2026-05-18 11:55:00,715,11:55,15,1,25,3.859,5.51,3.859,H1,3.39,1,catchment_near_assigned_hospital,8,assumption_to_validate,Renaison dialysis: assumed 30/day.
P95,HOME_P95,46.04384973246851,4.164744470887209,H1,dialysis,A0001,08:00,P1,high,2.0,prescription_medicale,2026-05-18 08:30:00,510,08:30,240,2026-05-18 12:30:00,750,12:30,15,1,25,8.976,12.82,8.976,H1,8.976,1,catchment_near_assigned_hospital,8,observed_user_table,"CH Roanne dialysis: 53/day. 26 morning, 23 noon, 4 evening."
P96,HOME_P96,46.14434831363739,4.053260006864479,H2,other,A0571,08:30,P2,medium,1.5,prescription_medicale,2026-05-18 09:10:00,550,09:10,25,2026-05-18 09:35:00,575,09:35,25,1,35,13.793,19.7,13.793,H1,12.793,1,catchment_near_assigned_hospital,12,assumption_to_validate,Renaison other: assumed 36/day.
P97,HOME_P97,46.08153043745571,4.121167703801782,H1,other,A0250,08:30,P2,medium,1.5,standard_assis,2026-05-18 09:25:00,565,09:25,70,2026-05-18 10:35:00,635,10:35,25,1,35,6.103,8.72,6.103,H1,6.103,1,catchment_near_assigned_hospital,12,observed_user_table,CH Roanne other: 49/day.
P98,HOME_P98,45.98211700010353,4.058545595076568,H1,oncology,A0212,11:00,P1,high,2.0,vsl_required,2026-05-18 11:20:00,680,11:20,155,2026-05-18 13:55:00,835,13:55,15,1,25,9.988,14.27,9.988,H2,8.893,1,catchment_near_assigned_hospital,10,observed_user_table,CH Roanne chemotherapy: 30/day.
P99,HOME_P99,46.034254322832616,4.100067270786347,H2,other,A0587,08:30,P2,medium,1.5,prescription_medicale,2026-05-18 09:50:00,590,09:50,25,2026-05-18 10:15:00,615,10:15,25,1,35,3.411,5.0,3.411,H2,3.411,1,catchment_near_assigned_hospital,12,assumption_to_validate,Renaison other: assumed 36/day.
P100,HOME_P100,46.07974990921953,4.070997018400985,H1,other,A0372,14:00,P2,medium,1.5,standard_assis,2026-05-18 15:25:00,925,15:25,120,2026-05-18 17:25:00,1045,17:25,25,0,35,3.68,5.26,3.68,H1,3.68,1,catchment_near_assigned_hospital,12,observed_user_table,CH Roanne other: 49/day.
P101,HOME_P101,46.04424014468849,4.012450218639247,H3,dialysis,A0698,08:00,P1,high,2.0,vsl_required,2026-05-18 08:30:00,510,08:30,210,2026-05-18 12:00:00,720,12:00,15,1,25,5.609,8.01,5.609,H2,5.44,1,catchment_near_assigned_hospital,8,assumption_to_validate,Third dialysis center: assumed 24/day.
P102,HOME_P102,46.02423565716252,4.159561205168309,H2,dialysis,A0453,08:00,P1,high,2.0,prescription_medicale,2026-05-18 08:15:00,495,08:15,245,2026-05-18 12:20:00,740,12:20,15,1,25,9.252,13.22,9.252,H2,9.252,1,catchment_near_assigned_hospital,8,assumption_to_validate,Renaison dialysis: assumed 30/day.
P103,HOME_P103,46.05445784875826,4.111902817348675,H1,oncology,A0194,08:00,P1,high,2.0,standard_assis,2026-05-18 08:45:00,525,08:45,165,2026-05-18 11:30:00,690,11:30,15,1,25,3.785,5.41,3.785,H1,3.785,1,catchment_near_assigned_hospital,10,observed_user_table,CH Roanne chemotherapy: 30/day.
P104,HOME_P104,46.0192124730831,3.9463804530769098,H1,other,A0260,08:30,P2,medium,1.5,standard_assis,2026-05-18 09:15:00,555,09:15,105,2026-05-18 11:00:00,660,11:00,25,1,35,13.077,18.68,13.077,H2,12.373,1,catchment_near_assigned_hospital,12,observed_user_table,CH Roanne other: 49/day.
P105,HOME_P105,46.00913305709311,4.008915283981558,H2,dialysis,A0466,08:00,P1,high,2.0,vsl_required,2026-05-18 08:55:00,535,08:55,265,2026-05-18 13:20:00,800,13:20,15,1,25,7.696,10.99,7.696,H2,7.696,1,catchment_near_assigned_hospital,8,assumption_to_validate,Renaison dialysis: assumed 30/day.
P106,HOME_P106,45.99725632081596,4.049259385335381,H2,other,A0602,08:30,P2,medium,1.5,standard_assis,2026-05-18 08:55:00,535,08:55,30,2026-05-18 09:25:00,565,09:25,25,1,35,6.993,9.99,6.993,H2,6.993,1,catchment_near_assigned_hospital,12,assumption_to_validate,Renaison other: assumed 36/day.
P107,HOME_P107,46.07995297397471,4.131208249829923,H1,dialysis,A0123,13:00,P1,high,2.0,vsl_required,2026-05-18 13:30:00,810,13:30,240,2026-05-18 17:30:00,1050,17:30,15,1,25,6.75,9.64,6.75,H1,6.75,1,catchment_near_assigned_hospital,8,observed_user_table,"CH Roanne dialysis: 53/day. 26 morning, 23 noon, 4 evening."
P108,HOME_P108,45.99797206123325,4.10099424435164,H1,dialysis,A0146,13:00,P1,high,2.0,vsl_required,2026-05-18 13:40:00,820,13:40,240,2026-05-18 17:40:00,1060,17:40,15,1,25,8.161,11.66,8.161,H2,7.326,1,catchment_near_assigned_hospital,8,observed_user_table,"CH Roanne dialysis: 53/day. 26 morning, 23 noon, 4 evening."
P109,HOME_P109,46.05285735199045,4.163237464851648,H1,dialysis,A0151,17:00,P1,high,2.0,vsl_required,2026-05-18 17:10:00,1030,17:10,240,2026-05-18 21:10:00,1270,21:10,15,1,25,8.734,12.48,8.734,H1,8.734,1,catchment_near_assigned_hospital,8,observed_user_table,"CH Roanne dialysis: 53/day. 26 morning, 23 noon, 4 evening."
P110,HOME_P110,46.051917185557,4.029789887581031,H1,oncology,A0193,08:00,P1,high,2.0,vsl_required,2026-05-18 08:30:00,510,08:30,150,2026-05-18 11:00:00,660,11:00,15,1,25,4.144,5.92,4.144,H2,3.861,1,catchment_near_assigned_hospital,10,observed_user_table,CH Roanne chemotherapy: 30/day.
P111,HOME_P111,46.0052816972074,4.098298498510192,H1,dialysis,A0142,13:00,P1,high,2.0,prescription_medicale,2026-05-18 13:00:00,780,13:00,240,2026-05-18 17:00:00,1020,17:00,15,1,25,7.117,10.17,7.117,H2,6.298,1,catchment_near_assigned_hospital,8,observed_user_table,"CH Roanne dialysis: 53/day. 26 morning, 23 noon, 4 evening."
P112,HOME_P112,46.07277443590064,3.9918636993074315,H1,dialysis,A0071,08:00,P1,high,2.0,prescription_medicale,2026-05-18 08:50:00,530,08:50,240,2026-05-18 12:50:00,770,12:50,15,1,25,8.253,11.79,8.253,H3,8.174,1,catchment_near_assigned_hospital,8,observed_user_table,"CH Roanne dialysis: 53/day. 26 morning, 23 noon, 4 evening."
P113,HOME_P113,46.09239611963682,4.211399224560158,H1,other,A0355,14:00,P2,medium,1.5,standard_assis,2026-05-18 14:45:00,885,14:45,75,2026-05-18 16:00:00,960,16:00,25,1,35,14.436,20.62,14.436,H1,14.436,1,catchment_near_assigned_hospital,12,observed_user_table,CH Roanne other: 49/day.
P114,HOME_P114,46.09004605330648,3.942068602543422,H1,external,A0407,09:30,P3,low,1.0,standard_assis,2026-05-18 09:35:00,575,09:35,20,2026-05-18 09:55:00,595,09:55,35,1,45,13.593,19.42,13.593,H3,13.534,1,catchment_near_assigned_hospital,18,computed_from_user_table,External visits: 75/day * 15% using fleet.
P115,HOME_P115,46.06754853824235,3.9727809302763717,H3,dialysis,A0726,13:00,P1,high,2.0,vsl_required,2026-05-18 13:55:00,835,13:55,210,2026-05-18 17:25:00,1045,17:25,15,1,25,9.689,13.84,9.689,H3,9.689,1,catchment_near_assigned_hospital,8,assumption_to_validate,Third dialysis center: assumed 24/day.
P116,HOME_P116,46.077694257167515,4.0736205972600175,H1,dialysis,A0072,08:00,P1,high,2.0,vsl_required,2026-05-18 08:55:00,535,08:55,240,2026-05-18 12:55:00,775,12:55,15,1,25,3.392,5.0,3.392,H1,3.392,1,catchment_near_assigned_hospital,8,observed_user_table,"CH Roanne dialysis: 53/day. 26 morning, 23 noon, 4 evening."
P117,HOME_P117,46.05339173109426,4.045203371802002,H1,other,A0292,08:30,P2,medium,1.5,vsl_required,2026-05-18 09:40:00,580,09:40,80,2026-05-18 11:00:00,660,11:00,25,1,35,2.652,5.0,2.652,H3,2.438,1,catchment_near_assigned_hospital,12,observed_user_table,CH Roanne other: 49/day.
P118,HOME_P118,45.981679258349324,4.161790116762731,H1,other,A0392,16:00,P2,medium,1.5,standard_assis,2026-05-18 16:00:00,960,16:00,110,2026-05-18 17:50:00,1070,17:50,25,1,35,13.155,18.79,13.155,H2,12.639,1,catchment_near_assigned_hospital,12,observed_user_table,CH Roanne other: 49/day.
P119,HOME_P119,46.02578303342907,3.9262200000444163,H1,other,A0346,10:30,P2,medium,1.5,standard_assis,2026-05-18 11:20:00,680,11:20,70,2026-05-18 12:30:00,750,12:30,25,1,35,14.641,20.92,14.641,H2,14.033,1,catchment_near_assigned_hospital,12,observed_user_table,CH Roanne other: 49/day.
P120,HOME_P120,46.04856813586403,4.1223550777847215,H1,other,A0275,08:30,P2,medium,1.5,standard_assis,2026-05-18 09:55:00,595,09:55,65,2026-05-18 11:00:00,660,11:00,25,1,35,4.835,6.91,4.835,H1,4.835,1,catchment_near_assigned_hospital,12,observed_user_table,CH Roanne other: 49/day.
P121,HOME_P121,46.05995326133487,4.123298199554293,H2,dialysis,A0492,13:00,P1,high,2.0,prescription_medicale,2026-05-18 13:00:00,780,13:00,265,2026-05-18 17:25:00,1045,17:25,15,1,25,5.618,8.03,5.618,H1,4.967,1,catchment_near_assigned_hospital,8,assumption_to_validate,Renaison dialysis: assumed 30/day.
P122,HOME_P122,46.08009620663093,3.9987964373324676,H1,dialysis,A0087,13:00,P1,high,2.0,vsl_required,2026-05-18 13:50:00,830,13:50,240,2026-05-18 17:50:00,1070,17:50,15,1,25,8.042,11.49,8.042,H3,8.041,1,catchment_near_assigned_hospital,8,observed_user_table,"CH Roanne dialysis: 53/day. 26 morning, 23 noon, 4 evening."
P123,HOME_P123,46.051933043408354,4.2052413469542165,H1,other,A0357,14:00,P2,medium,1.5,standard_assis,2026-05-18 14:00:00,840,14:00,85,2026-05-18 15:25:00,925,15:25,25,1,35,12.787,18.27,12.787,H1,12.787,1,catchment_near_assigned_hospital,12,observed_user_table,CH Roanne other: 49/day.
P124,HOME_P124,46.032017521655774,4.061528545861046,H1,dialysis,A0070,08:00,P1,high,2.0,prescription_medicale,2026-05-18 08:55:00,535,08:55,240,2026-05-18 12:55:00,775,12:55,15,1,25,3.148,5.0,3.148,H2,2.027,1,catchment_near_assigned_hospital,8,observed_user_table,"CH Roanne dialysis: 53/day. 26 morning, 23 noon, 4 evening."
P125,HOME_P125,46.0236013415721,4.046682632687552,H1,dialysis,A0005,08:00,P1,high,2.0,vsl_required,2026-05-18 08:10:00,490,08:10,240,2026-05-18 12:10:00,730,12:10,15,1,25,4.831,6.9,4.831,H2,3.74,1,catchment_near_assigned_hospital,8,observed_user_table,"CH Roanne dialysis: 53/day. 26 morning, 23 noon, 4 evening."
P126,HOME_P126,46.10337745012564,3.969973416511203,H1,other,A0390,16:00,P2,medium,1.5,vsl_required,2026-05-18 16:50:00,1010,16:50,60,2026-05-18 17:50:00,1070,17:50,25,1,35,12.106,17.29,12.106,H1,12.106,1,catchment_near_assigned_hospital,12,observed_user_table,CH Roanne other: 49/day.
P127,HOME_P127,46.03363361218333,3.9843633079330223,H3,dialysis,A0684,08:00,P1,high,2.0,vsl_required,2026-05-18 08:55:00,535,08:55,215,2026-05-18 12:30:00,750,12:30,15,1,25,8.57,12.24,8.57,H2,8.318,1,catchment_near_assigned_hospital,8,assumption_to_validate,Third dialysis center: assumed 24/day.
P128,HOME_P128,46.071899915198884,3.9763842717456948,H2,dialysis,A0486,13:00,P1,high,2.0,vsl_required,2026-05-18 13:00:00,780,13:00,230,2026-05-18 16:50:00,1010,16:50,15,1,25,9.629,13.76,9.629,H3,9.528,1,catchment_near_assigned_hospital,8,assumption_to_validate,Renaison dialysis: assumed 30/day.
P129,HOME_P129,45.99563061133048,4.055864343070768,H2,oncology,A0557,13:00,P1,high,2.0,prescription_medicale,2026-05-18 13:55:00,835,13:55,125,2026-05-18 16:00:00,960,16:00,15,1,25,7.07,10.1,7.07,H2,7.07,1,catchment_near_assigned_hospital,10,assumption_to_validate,Renaison oncology: assumed 16/day.
P130,HOME_P130,46.01634596914494,4.072500273929492,H1,dialysis,A0064,08:00,P1,high,2.0,prescription_medicale,2026-05-18 08:15:00,495,08:15,240,2026-05-18 12:15:00,735,12:15,15,1,25,5.136,7.34,5.136,H2,4.096,1,catchment_near_assigned_hospital,8,observed_user_table,"CH Roanne dialysis: 53/day. 26 morning, 23 noon, 4 evening."
P131,HOME_P131,46.07345474576083,4.10687347340955,H1,oncology,A0236,11:00,P1,high,2.0,vsl_required,2026-05-18 11:50:00,710,11:50,180,2026-05-18 14:50:00,890,14:50,15,1,25,4.325,6.18,4.325,H1,4.325,1,catchment_near_assigned_hospital,10,observed_user_table,CH Roanne chemotherapy: 30/day.
P132,HOME_P132,46.09577348620679,4.063066345024671,H1,oncology,A0239,11:00,P1,high,2.0,prescription_medicale,2026-05-18 11:00:00,660,11:00,175,2026-05-18 13:55:00,835,13:55,15,1,25,5.976,8.54,5.976,H1,5.976,1,catchment_near_assigned_hospital,10,observed_user_table,CH Roanne chemotherapy: 30/day.
P133,HOME_P133,46.00872161878813,4.009030045070205,H2,dialysis,A0469,08:00,P1,high,2.0,vsl_required,2026-05-18 08:45:00,525,08:45,230,2026-05-18 12:35:00,755,12:35,15,1,25,7.726,11.04,7.726,H2,7.726,1,catchment_near_assigned_hospital,8,assumption_to_validate,Renaison dialysis: assumed 30/day.
P134,HOME_P134,46.11078681767263,4.005285068767497,H2,oncology,A0567,15:00,P1,high,2.0,prescription_medicale,2026-05-18 15:45:00,945,15:45,285,2026-05-18 20:30:00,1230,20:30,15,1,25,10.924,15.61,10.924,H1,10.3,1,catchment_near_assigned_hospital,10,assumption_to_validate,Renaison oncology: assumed 16/day.
P135,HOME_P135,46.0089542415935,4.110253323580347,H1,dialysis,A0097,13:00,P1,high,2.0,prescription_medicale,2026-05-18 13:20:00,800,13:20,240,2026-05-18 17:20:00,1040,17:20,15,1,25,7.15,10.21,7.15,H2,6.488,1,catchment_near_assigned_hospital,8,observed_user_table,"CH Roanne dialysis: 53/day. 26 morning, 23 noon, 4 evening."
P136,HOME_P136,46.10864810165932,4.114917959205789,H3,dialysis,A0699,08:00,P1,high,2.0,vsl_required,2026-05-18 08:20:00,500,08:20,250,2026-05-18 12:30:00,750,12:30,15,1,25,9.231,13.19,9.231,H1,8.703,1,catchment_near_assigned_hospital,8,assumption_to_validate,Third dialysis center: assumed 24/day.
P137,HOME_P137,46.03388013519302,4.186302520809874,H1,oncology,A0188,08:00,P1,high,2.0,prescription_medicale,2026-05-18 08:50:00,530,08:50,165,2026-05-18 11:35:00,695,11:35,15,1,25,11.288,16.13,11.288,H1,11.288,1,catchment_near_assigned_hospital,10,observed_user_table,CH Roanne chemotherapy: 30/day.
P138,HOME_P138,46.0930734444595,4.212032116969188,H1,other,A0335,10:30,P2,medium,1.5,prescription_medicale,2026-05-18 11:25:00,685,11:25,120,2026-05-18 13:25:00,805,13:25,25,1,35,14.528,20.75,14.528,H1,14.528,1,catchment_near_assigned_hospital,12,observed_user_table,CH Roanne other: 49/day.
P139,HOME_P139,46.03780396608143,4.087048309999517,H2,dialysis,A0472,08:00,P1,high,2.0,prescription_medicale,2026-05-18 08:55:00,535,08:55,255,2026-05-18 13:10:00,790,13:10,15,1,25,2.075,5.0,2.075,H2,2.075,1,catchment_near_assigned_hospital,8,assumption_to_validate,Renaison dialysis: assumed 30/day.
P140,HOME_P140,46.01609815287174,4.090191052794004,H1,oncology,A0198,08:00,P1,high,2.0,vsl_required,2026-05-18 08:15:00,495,08:15,180,2026-05-18 11:15:00,675,11:15,15,1,25,5.439,7.77,5.439,H2,4.603,1,catchment_near_assigned_hospital,10,observed_user_table,CH Roanne chemotherapy: 30/day.
P141,HOME_P141,46.046824759357754,4.094279013077468,H3,dialysis,A0718,13:00,P1,high,2.0,vsl_required,2026-05-18 13:35:00,815,13:35,215,2026-05-18 17:10:00,1030,17:10,15,1,25,2.383,5.0,2.383,H1,2.268,1,catchment_near_assigned_hospital,8,assumption_to_validate,Third dialysis center: assumed 24/day.
P142,HOME_P142,46.10911988563286,3.985378860405064,H1,oncology,A0199,08:00,P1,high,2.0,standard_assis,2026-05-18 08:05:00,485,08:05,170,2026-05-18 10:55:00,655,10:55,15,1,25,11.449,16.36,11.449,H1,11.449,1,catchment_near_assigned_hospital,10,observed_user_table,CH Roanne chemotherapy: 30/day.
P143,HOME_P143,46.01188302708007,4.0452601158808585,H1,other,A0323,10:30,P2,medium,1.5,standard_assis,2026-05-18 11:50:00,710,11:50,105,2026-05-18 13:35:00,815,13:35,25,1,35,6.336,9.05,6.336,H2,5.221,1,catchment_near_assigned_hospital,12,observed_user_table,CH Roanne other: 49/day.
P144,HOME_P144,46.131289657241446,3.9842621995966505,H2,other,A0660,14:00,P2,medium,1.5,vsl_required,2026-05-18 15:00:00,900,15:00,35,2026-05-18 15:35:00,935,15:35,25,1,35,14.42,20.6,14.42,H1,13.79,1,catchment_near_assigned_hospital,12,assumption_to_validate,Renaison other: assumed 36/day.
P145,HOME_P145,46.10996439406519,4.060848958740096,H1,dialysis,A0013,08:00,P1,high,2.0,vsl_required,2026-05-18 08:40:00,520,08:40,240,2026-05-18 12:40:00,760,12:40,15,1,25,7.958,11.37,7.958,H1,7.958,1,catchment_near_assigned_hospital,8,observed_user_table,"CH Roanne dialysis: 53/day. 26 morning, 23 noon, 4 evening."
P146,HOME_P146,46.09553619222995,4.078868148459486,H1,other,A0367,14:00,P2,medium,1.5,prescription_medicale,2026-05-18 14:00:00,840,14:00,110,2026-05-18 15:50:00,950,15:50,25,1,35,5.901,8.43,5.901,H1,5.901,1,catchment_near_assigned_hospital,12,observed_user_table,CH Roanne other: 49/day.
P147,HOME_P147,46.054460715592406,4.166642568255113,H1,dialysis,A0085,13:00,P1,high,2.0,prescription_medicale,2026-05-18 13:10:00,790,13:10,240,2026-05-18 17:10:00,1030,17:10,15,1,25,9.063,12.95,9.063,H1,9.063,1,catchment_near_assigned_hospital,8,observed_user_table,"CH Roanne dialysis: 53/day. 26 morning, 23 noon, 4 evening."
P148,HOME_P148,46.02889287280919,4.1646270853103875,H2,dialysis,A0473,08:00,P1,high,2.0,vsl_required,2026-05-18 08:55:00,535,08:55,240,2026-05-18 12:55:00,775,12:55,15,1,25,9.537,13.62,9.537,H1,9.496,1,catchment_near_assigned_hospital,8,assumption_to_validate,Renaison dialysis: assumed 30/day.
P149,HOME_P149,46.026643222495686,4.1361305231335805,H3,dialysis,A0688,08:00,P1,high,2.0,vsl_required,2026-05-18 08:45:00,525,08:45,240,2026-05-18 12:45:00,765,12:45,15,1,25,7.159,10.23,7.159,H2,7.016,1,catchment_near_assigned_hospital,8,assumption_to_validate,Third dialysis center: assumed 24/day.
P150,HOME_P150,46.08221159422803,4.180501928904918,H1,oncology,A0214,11:00,P1,high,2.0,prescription_medicale,2026-05-18 11:35:00,695,11:35,180,2026-05-18 14:35:00,875,14:35,15,1,25,11.146,15.92,11.146,H1,11.146,1,catchment_near_assigned_hospital,10,observed_user_table,CH Roanne chemotherapy: 30/day.
P151,HOME_P151,46.06432885165518,4.041256135868715,H2,dialysis,A0483,13:00,P1,high,2.0,vsl_required,2026-05-18 13:45:00,825,13:45,270,2026-05-18 18:15:00,1095,18:15,15,1,25,3.71,5.3,3.71,H1,3.398,1,catchment_near_assigned_hospital,8,assumption_to_validate,Renaison dialysis: assumed 30/day.
P152,HOME_P152,46.11680923850965,4.081700249987077,H3,dialysis,A0683,08:00,P1,high,2.0,prescription_medicale,2026-05-18 08:15:00,495,08:15,265,2026-05-18 12:40:00,760,12:40,15,1,25,9.354,13.36,9.354,H1,8.87,1,catchment_near_assigned_hospital,8,assumption_to_validate,Third dialysis center: assumed 24/day.
P153,HOME_P153,46.08106786326928,3.943324573722253,H2,other,A0628,10:30,P2,medium,1.5,standard_assis,2026-05-18 11:10:00,670,11:10,35,2026-05-18 11:45:00,705,11:45,25,1,35,13.062,18.66,13.062,H3,12.957,1,catchment_near_assigned_hospital,12,assumption_to_validate,Renaison other: assumed 36/day.
P154,HOME_P154,46.01266040155085,4.122604811064584,H1,other,A0291,08:30,P2,medium,1.5,standard_assis,2026-05-18 09:35:00,575,09:35,110,2026-05-18 11:25:00,685,11:25,25,1,35,7.423,10.6,7.423,H2,6.932,1,catchment_near_assigned_hospital,12,observed_user_table,CH Roanne other: 49/day.
P155,HOME_P155,46.007069176357525,4.036449058630367,H1,other,A0342,10:30,P2,medium,1.5,standard_assis,2026-05-18 11:00:00,660,11:00,100,2026-05-18 12:40:00,760,12:40,25,1,35,7.316,10.45,7.316,H2,6.211,1,catchment_near_assigned_hospital,12,observed_user_table,CH Roanne other: 49/day.
P156,HOME_P156,46.0062757123706,3.98851054347111,H3,dialysis,A0680,08:00,P1,high,2.0,vsl_required,2026-05-18 08:50:00,530,08:50,250,2026-05-18 13:00:00,780,13:00,15,1,25,9.939,14.2,9.939,H2,9.49,1,catchment_near_assigned_hospital,8,assumption_to_validate,Third dialysis center: assumed 24/day.
P157,HOME_P157,46.08623620217363,4.024560806963713,H3,dialysis,A0717,13:00,P1,high,2.0,vsl_required,2026-05-18 13:25:00,805,13:25,255,2026-05-18 17:40:00,1060,17:40,15,1,25,6.676,9.54,6.676,H1,6.52,1,catchment_near_assigned_hospital,8,assumption_to_validate,Third dialysis center: assumed 24/day.
P158,HOME_P158,46.1029065912322,4.170811096182706,H1,external,A0425,15:30,P3,low,1.0,standard_assis,2026-05-18 16:25:00,985,16:25,25,2026-05-18 16:50:00,1010,16:50,35,1,45,11.706,16.72,11.706,H1,11.706,1,catchment_near_assigned_hospital,18,computed_from_user_table,External visits: 75/day * 15% using fleet.
P159,HOME_P159,46.140803770872566,4.230905956478937,H1,external,A0427,16:30,P3,low,1.0,standard_assis,2026-05-18 17:20:00,1040,17:20,30,2026-05-18 17:50:00,1070,17:50,35,1,51,19.505,27.86,19.505,H1,19.505,1,catchment_near_assigned_hospital,18,computed_from_user_table,External visits: 75/day * 15% using fleet.
P160,HOME_P160,45.99988243643495,4.2012738908369585,H1,other,A0265,08:30,P2,medium,1.5,prescription_medicale,2026-05-18 08:45:00,525,08:45,70,2026-05-18 09:55:00,595,09:55,25,1,35,14.46,20.66,14.46,H2,14.284,1,catchment_near_assigned_hospital,12,observed_user_table,CH Roanne other: 49/day.
P161,HOME_P161,46.073192039732355,4.125477911070258,H1,oncology,A0248,14:00,P1,high,2.0,vsl_required,2026-05-18 14:10:00,850,14:10,170,2026-05-18 17:00:00,1020,17:00,15,1,25,5.792,8.27,5.792,H1,5.792,1,catchment_near_assigned_hospital,10,observed_user_table,CH Roanne chemotherapy: 30/day.
P162,HOME_P162,46.067492647784356,4.016909012857937,H2,dialysis,A0435,08:00,P1,high,2.0,vsl_required,2026-05-18 08:10:00,490,08:10,265,2026-05-18 12:35:00,755,12:35,15,1,25,5.85,8.36,5.85,H3,5.669,1,catchment_near_assigned_hospital,8,assumption_to_validate,Renaison dialysis: assumed 30/day.
P163,HOME_P163,46.082008713007504,4.009233955796804,H2,dialysis,A0494,13:00,P1,high,2.0,vsl_required,2026-05-18 13:25:00,805,13:25,255,2026-05-18 17:40:00,1060,17:40,15,1,25,7.647,10.92,7.647,H1,7.306,1,catchment_near_assigned_hospital,8,assumption_to_validate,Renaison dialysis: assumed 30/day.
P164,HOME_P164,45.96820957954422,3.995427228984813,H1,other,A0396,16:00,P2,medium,1.5,standard_assis,2026-05-18 16:50:00,1010,16:50,110,2026-05-18 18:40:00,1120,18:40,25,1,35,13.983,19.98,13.983,H2,12.891,1,catchment_near_assigned_hospital,12,observed_user_table,CH Roanne other: 49/day.
P165,HOME_P165,46.111090452845914,4.004922373465621,H1,other,A0334,10:30,P2,medium,1.5,standard_assis,2026-05-18 10:30:00,630,10:30,75,2026-05-18 11:45:00,705,11:45,25,1,35,10.355,14.79,10.355,H1,10.355,1,catchment_near_assigned_hospital,12,observed_user_table,CH Roanne other: 49/day.
P166,HOME_P166,46.057282865997124,3.982020519827235,H1,dialysis,A0035,08:00,P1,high,2.0,vsl_required,2026-05-18 08:25:00,505,08:25,240,2026-05-18 12:25:00,745,12:25,15,1,25,8.764,12.52,8.764,H2,8.524,1,catchment_near_assigned_hospital,8,observed_user_table,"CH Roanne dialysis: 53/day. 26 morning, 23 noon, 4 evening."
P167,HOME_P167,46.041027053957,3.9741874706214655,H1,other,A0365,14:00,P2,medium,1.5,standard_assis,2026-05-18 14:35:00,875,14:35,120,2026-05-18 16:35:00,995,16:35,25,0,35,9.655,13.79,9.655,H2,9.151,1,catchment_near_assigned_hospital,12,observed_user_table,CH Roanne other: 49/day.
P168,HOME_P168,46.060114397223245,4.130958467995719,H1,oncology,A0244,14:00,P1,high,2.0,standard_assis,2026-05-18 14:10:00,850,14:10,160,2026-05-18 16:50:00,1010,16:50,15,1,25,5.699,8.14,5.699,H1,5.699,1,catchment_near_assigned_hospital,10,observed_user_table,CH Roanne chemotherapy: 30/day.
P169,HOME_P169,46.06692720163346,4.046359936775618,H3,dialysis,A0743,13:00,P1,high,2.0,vsl_required,2026-05-18 13:50:00,830,13:50,220,2026-05-18 17:30:00,1050,17:30,15,1,25,3.276,5.0,3.276,H1,3.169,1,catchment_near_assigned_hospital,8,assumption_to_validate,Third dialysis center: assumed 24/day.
P170,HOME_P170,45.9878677250071,4.018362738697376,H1,other,A0299,08:30,P2,medium,1.5,standard_assis,2026-05-18 09:30:00,570,09:30,60,2026-05-18 10:30:00,630,10:30,25,1,35,10.498,15.0,10.498,H2,9.398,1,catchment_near_assigned_hospital,12,observed_user_table,CH Roanne other: 49/day.
P171,HOME_P171,46.03450484467989,4.12622446176701,H2,dialysis,A0500,13:00,P1,high,2.0,vsl_required,2026-05-18 13:15:00,795,13:15,255,2026-05-18 17:30:00,1050,17:30,15,1,25,5.755,8.22,5.755,H2,5.755,1,catchment_near_assigned_hospital,8,assumption_to_validate,Renaison dialysis: assumed 30/day.
P172,HOME_P172,45.99021448424039,4.04981537979183,H1,dialysis,A0066,08:00,P1,high,2.0,vsl_required,2026-05-18 08:45:00,525,08:45,240,2026-05-18 12:45:00,765,12:45,15,1,25,9.042,12.92,9.042,H2,7.927,1,catchment_near_assigned_hospital,8,observed_user_table,"CH Roanne dialysis: 53/day. 26 morning, 23 noon, 4 evening."
P173,HOME_P173,45.965736580631656,4.011288599241223,H2,other,A0646,14:00,P2,medium,1.5,standard_assis,2026-05-18 15:00:00,900,15:00,30,2026-05-18 15:30:00,930,15:30,25,1,35,12.424,17.75,12.424,H2,12.424,1,catchment_near_assigned_hospital,12,assumption_to_validate,Renaison other: assumed 36/day.
P174,HOME_P174,46.07694884918034,4.145360697092337,H1,other,A0341,10:30,P2,medium,1.5,prescription_medicale,2026-05-18 11:55:00,715,11:55,120,2026-05-18 13:55:00,835,13:55,25,0,35,7.74,11.06,7.74,H1,7.74,1,catchment_near_assigned_hospital,12,observed_user_table,CH Roanne other: 49/day.
P175,HOME_P175,46.013574886181736,4.167771877871922,H1,other,A0318,10:30,P2,medium,1.5,standard_assis,2026-05-18 11:30:00,690,11:30,110,2026-05-18 13:20:00,800,13:20,25,1,35,10.707,15.3,10.707,H2,10.543,1,catchment_near_assigned_hospital,12,observed_user_table,CH Roanne other: 49/day.
P176,HOME_P176,46.051942829429805,4.148479154732712,H3,dialysis,A0748,17:00,P1,high,2.0,vsl_required,2026-05-18 17:05:00,1025,17:05,235,2026-05-18 21:00:00,1260,21:00,15,1,25,7.575,10.82,7.575,H1,7.312,1,catchment_near_assigned_hospital,8,assumption_to_validate,Third dialysis center: assumed 24/day.
P177,HOME_P177,46.13996497551964,4.093294204741444,H1,other,A0283,08:30,P2,medium,1.5,standard_assis,2026-05-18 08:35:00,515,08:35,95,2026-05-18 10:10:00,610,10:10,25,1,35,12.208,17.44,12.208,H1,12.208,1,catchment_near_assigned_hospital,12,observed_user_table,CH Roanne other: 49/day.
P178,HOME_P178,46.12063118504772,4.179325554990211,H1,other,A0386,16:00,P2,medium,1.5,vsl_required,2026-05-18 16:25:00,985,16:25,120,2026-05-18 18:25:00,1105,18:25,25,1,35,13.901,19.86,13.901,H1,13.901,1,catchment_near_assigned_hospital,12,observed_user_table,CH Roanne other: 49/day.
P179,HOME_P179,46.0951094312113,4.116751511644872,H2,dialysis,A0518,13:00,P1,high,2.0,vsl_required,2026-05-18 13:05:00,785,13:05,220,2026-05-18 16:45:00,1005,16:45,15,1,25,8.279,11.83,8.279,H1,7.198,1,catchment_near_assigned_hospital,8,assumption_to_validate,Renaison dialysis: assumed 30/day.
P180,HOME_P180,46.11467849939496,4.010151660330654,H1,oncology,A0222,11:00,P1,high,2.0,vsl_required,2026-05-18 11:30:00,690,11:30,150,2026-05-18 14:00:00,840,14:00,15,1,25,10.447,14.92,10.447,H1,10.447,1,catchment_near_assigned_hospital,10,observed_user_table,CH Roanne chemotherapy: 30/day.
P181,HOME_P181,46.00050442868459,4.0595156957685585,H3,dialysis,A0724,13:00,P1,high,2.0,prescription_medicale,2026-05-18 13:45:00,825,13:45,230,2026-05-18 17:35:00,1055,17:35,15,1,25,6.954,9.93,6.954,H2,6.345,1,catchment_near_assigned_hospital,8,assumption_to_validate,Third dialysis center: assumed 24/day.
P182,HOME_P182,46.07089752913854,3.9830103752273427,H2,dialysis,A0506,13:00,P1,high,2.0,prescription_medicale,2026-05-18 13:05:00,785,13:05,240,2026-05-18 17:05:00,1025,17:05,15,1,25,8.985,12.84,8.985,H3,8.879,1,catchment_near_assigned_hospital,8,assumption_to_validate,Renaison dialysis: assumed 30/day.
P183,HOME_P183,46.103029282317046,4.105267556918003,H1,oncology,A0160,08:00,P1,high,2.0,standard_assis,2026-05-18 08:10:00,490,08:10,160,2026-05-18 10:50:00,650,10:50,15,1,25,7.592,10.85,7.592,H1,7.592,1,catchment_near_assigned_hospital,10,observed_user_table,CH Roanne chemotherapy: 30/day.
P184,HOME_P184,46.10567596408333,4.145802304675147,H2,other,A0634,10:30,P2,medium,1.5,standard_assis,2026-05-18 11:35:00,695,11:35,35,2026-05-18 12:10:00,730,12:10,25,1,35,11.163,15.95,11.163,H1,10.133,1,catchment_near_assigned_hospital,12,assumption_to_validate,Renaison other: assumed 36/day.
P185,HOME_P185,46.05744933246233,4.1401583735257015,H3,dialysis,A0679,08:00,P1,high,2.0,vsl_required,2026-05-18 08:55:00,535,08:55,265,2026-05-18 13:20:00,800,13:20,15,1,25,6.846,9.78,6.846,H1,6.532,1,catchment_near_assigned_hospital,8,assumption_to_validate,Third dialysis center: assumed 24/day.
P186,HOME_P186,46.1418428090864,4.139868928805002,H1,external,A0406,09:30,P3,low,1.0,standard_assis,2026-05-18 09:45:00,585,09:45,30,2026-05-18 10:15:00,615,10:15,35,1,45,13.906,19.87,13.906,H1,13.906,1,catchment_near_assigned_hospital,18,computed_from_user_table,External visits: 75/day * 15% using fleet.
P187,HOME_P187,45.98238030383367,4.10789323938088,H1,oncology,A0220,11:00,P1,high,2.0,standard_assis,2026-05-18 11:35:00,695,11:35,165,2026-05-18 14:20:00,860,14:20,15,1,25,10.426,14.89,10.426,H2,9.576,1,catchment_near_assigned_hospital,10,observed_user_table,CH Roanne chemotherapy: 30/day.
P188,HOME_P188,46.091760047875226,4.1027749322752,H1,dialysis,A0096,13:00,P1,high,2.0,vsl_required,2026-05-18 13:40:00,820,13:40,240,2026-05-18 17:40:00,1060,17:40,15,1,25,6.082,8.69,6.082,H1,6.082,1,catchment_near_assigned_hospital,8,observed_user_table,"CH Roanne dialysis: 53/day. 26 morning, 23 noon, 4 evening."
P189,HOME_P189,45.956709902565144,4.083219694802511,H1,other,A0328,10:30,P2,medium,1.5,standard_assis,2026-05-18 11:40:00,700,11:40,60,2026-05-18 12:40:00,760,12:40,25,1,35,13.464,19.23,13.464,H2,12.447,1,catchment_near_assigned_hospital,12,observed_user_table,CH Roanne other: 49/day.
P190,HOME_P190,46.128679496744205,4.030418648411122,H1,oncology,A0179,08:00,P1,high,2.0,vsl_required,2026-05-18 08:45:00,525,08:45,170,2026-05-18 11:35:00,695,11:35,15,1,25,11.242,16.06,11.242,H1,11.242,1,catchment_near_assigned_hospital,10,observed_user_table,CH Roanne chemotherapy: 30/day.
P191,HOME_P191,46.02937241725814,4.016196120006269,H1,dialysis,A0114,13:00,P1,high,2.0,vsl_required,2026-05-18 13:35:00,815,13:35,240,2026-05-18 17:35:00,1055,17:35,15,1,25,6.386,9.12,6.386,H2,5.56,1,catchment_near_assigned_hospital,8,observed_user_table,"CH Roanne dialysis: 53/day. 26 morning, 23 noon, 4 evening."
P192,HOME_P192,46.053454673094855,4.1374350309709165,H1,dialysis,A0052,08:00,P1,high,2.0,prescription_medicale,2026-05-18 08:55:00,535,08:55,240,2026-05-18 12:55:00,775,12:55,15,1,25,6.244,8.92,6.244,H1,6.244,1,catchment_near_assigned_hospital,8,observed_user_table,"CH Roanne dialysis: 53/day. 26 morning, 23 noon, 4 evening."
P193,HOME_P193,45.971470613861406,4.144068861007497,H1,external,A0430,17:30,P3,low,1.0,standard_assis,2026-05-18 17:45:00,1065,17:45,20,2026-05-18 18:05:00,1085,18:05,35,1,45,13.298,19.0,13.298,H2,12.619,1,catchment_near_assigned_hospital,18,computed_from_user_table,External visits: 75/day * 15% using fleet.
P194,HOME_P194,45.95718836096493,4.090778072527173,H2,oncology,A0550,13:00,P1,high,2.0,vsl_required,2026-05-18 13:35:00,815,13:35,265,2026-05-18 18:00:00,1080,18:00,15,1,25,12.484,17.83,12.484,H2,12.484,1,catchment_near_assigned_hospital,10,assumption_to_validate,Renaison oncology: assumed 16/day.
P195,HOME_P195,46.1091952969187,4.0460645612352835,H1,other,A0303,08:30,P2,medium,1.5,standard_assis,2026-05-18 09:40:00,580,09:40,110,2026-05-18 11:30:00,690,11:30,25,1,35,8.182,11.69,8.182,H1,8.182,1,catchment_near_assigned_hospital,12,observed_user_table,CH Roanne other: 49/day.
P196,HOME_P196,46.01240343664707,3.9730293578060385,H1,external,A0410,10:30,P3,low,1.0,prescription_medicale,2026-05-18 11:10:00,670,11:10,25,2026-05-18 11:35:00,695,11:35,35,1,45,11.172,15.96,11.172,H2,10.336,1,catchment_near_assigned_hospital,18,computed_from_user_table,External visits: 75/day * 15% using fleet.
P197,HOME_P197,46.11868787486396,4.035906669498171,H1,dialysis,A0002,08:00,P1,high,2.0,vsl_required,2026-05-18 08:35:00,515,08:35,240,2026-05-18 12:35:00,755,12:35,15,1,25,9.756,13.94,9.756,H1,9.756,1,catchment_near_assigned_hospital,8,observed_user_table,"CH Roanne dialysis: 53/day. 26 morning, 23 noon, 4 evening."
P198,HOME_P198,46.06187934250382,4.155792727445482,H2,dialysis,A0481,13:00,P1,high,2.0,vsl_required,2026-05-18 13:15:00,795,13:15,215,2026-05-18 16:50:00,1010,16:50,15,1,25,8.687,12.41,8.687,H1,8.103,1,catchment_near_assigned_hospital,8,assumption_to_validate,Renaison dialysis: assumed 30/day.
P199,HOME_P199,46.05089887581432,4.128300927052418,H2,dialysis,A0479,13:00,P1,high,2.0,prescription_medicale,2026-05-18 13:40:00,820,13:40,255,2026-05-18 17:55:00,1075,17:55,15,1,25,5.785,8.26,5.785,H1,5.374,1,catchment_near_assigned_hospital,8,assumption_to_validate,Renaison dialysis: assumed 30/day.
P200,HOME_P200,46.154545160297275,4.020506653829149,H1,other,A0268,08:30,P2,medium,1.5,standard_assis,2026-05-18 09:25:00,565,09:25,115,2026-05-18 11:20:00,680,11:20,25,1,35,14.944,21.35,14.944,H1,14.944,1,catchment_near_assigned_hospital,12,observed_user_table,CH Roanne other: 49/day.
P201,HOME_P201,46.024709636930524,3.981251676589111,H2,oncology,A0526,08:00,P1,high,2.0,vsl_required,2026-05-18 08:15:00,495,08:15,315,2026-05-18 13:30:00,810,13:30,15,1,25,8.937,12.77,8.937,H2,8.937,1,catchment_near_assigned_hospital,10,assumption_to_validate,Renaison oncology: assumed 16/day.
P202,HOME_P202,46.110943915963794,4.028158627950765,H3,dialysis,A0722,13:00,P1,high,2.0,vsl_required,2026-05-18 13:10:00,790,13:10,220,2026-05-18 16:50:00,1010,16:50,15,1,25,9.382,13.4,9.382,H1,9.09,1,catchment_near_assigned_hospital,8,assumption_to_validate,Third dialysis center: assumed 24/day.
P203,HOME_P203,46.02760936141426,4.131459180377428,H1,dialysis,A0045,08:00,P1,high,2.0,vsl_required,2026-05-18 08:30:00,510,08:30,240,2026-05-18 12:30:00,750,12:30,15,1,25,6.7,9.57,6.7,H2,6.548,1,catchment_near_assigned_hospital,8,observed_user_table,"CH Roanne dialysis: 53/day. 26 morning, 23 noon, 4 evening."
P204,HOME_P204,46.0376990101795,4.132723154708287,H2,oncology,A0529,08:00,P1,high,2.0,prescription_medicale,2026-05-18 08:50:00,530,08:50,275,2026-05-18 13:25:00,805,13:25,15,1,25,6.267,8.95,6.267,H1,6.183,1,catchment_near_assigned_hospital,10,assumption_to_validate,Renaison oncology: assumed 16/day.
P205,HOME_P205,46.033255951805984,3.989556002093296,H1,external,A0422,14:30,P3,low,1.0,standard_assis,2026-05-18 16:25:00,985,16:25,20,2026-05-18 16:45:00,1005,16:45,35,1,45,8.492,12.13,8.492,H2,7.839,1,catchment_near_assigned_hospital,18,computed_from_user_table,External visits: 75/day * 15% using fleet.
P206,HOME_P206,46.10542067652873,4.0955942487694195,H1,other,A0307,10:30,P2,medium,1.5,standard_assis,2026-05-18 11:30:00,690,11:30,105,2026-05-18 13:15:00,795,13:15,25,1,35,7.573,10.82,7.573,H1,7.573,1,catchment_near_assigned_hospital,12,observed_user_table,CH Roanne other: 49/day.
P207,HOME_P207,45.97794745711608,4.015163553070797,H1,other,A0271,08:30,P2,medium,1.5,standard_assis,2026-05-18 09:45:00,585,09:45,85,2026-05-18 11:10:00,670,11:10,25,0,35,11.855,16.94,11.855,H2,10.747,1,catchment_near_assigned_hospital,12,observed_user_table,CH Roanne other: 49/day.
P208,HOME_P208,46.11766739969693,4.019930388947116,H1,oncology,A0191,08:00,P1,high,2.0,vsl_required,2026-05-18 08:25:00,505,08:25,180,2026-05-18 11:25:00,685,11:25,15,1,25,10.292,14.7,10.292,H1,10.292,1,catchment_near_assigned_hospital,10,observed_user_table,CH Roanne chemotherapy: 30/day.
P209,HOME_P209,46.045117708265664,3.9968507743003365,H1,other,A0383,16:00,P2,medium,1.5,standard_assis,2026-05-18 17:20:00,1040,17:20,100,2026-05-18 19:00:00,1140,19:00,25,1,35,7.405,10.58,7.405,H2,6.942,1,catchment_near_assigned_hospital,12,observed_user_table,CH Roanne other: 49/day.
P210,HOME_P210,46.09119970347449,4.127377054127819,H3,dialysis,A0694,08:00,P1,high,2.0,vsl_required,2026-05-18 08:35:00,515,08:35,265,2026-05-18 13:00:00,780,13:00,15,1,25,7.963,11.38,7.963,H1,7.453,1,catchment_near_assigned_hospital,8,assumption_to_validate,Third dialysis center: assumed 24/day.
P211,HOME_P211,45.987238139802244,4.126385990112917,H2,oncology,A0536,08:00,P1,high,2.0,prescription_medicale,2026-05-18 08:55:00,535,08:55,215,2026-05-18 12:30:00,750,12:30,15,1,25,9.845,14.06,9.845,H2,9.845,1,catchment_near_assigned_hospital,10,assumption_to_validate,Renaison oncology: assumed 16/day.
P212,HOME_P212,46.02295403018324,3.963721375409708,H2,oncology,A0542,08:00,P1,high,2.0,vsl_required,2026-05-18 08:25:00,505,08:25,160,2026-05-18 11:05:00,665,11:05,15,1,25,10.621,15.17,10.621,H2,10.621,1,catchment_near_assigned_hospital,10,assumption_to_validate,Renaison oncology: assumed 16/day.
P213,HOME_P213,46.04775154347582,3.9800513500435333,H2,dialysis,A0476,08:00,P1,high,2.0,vsl_required,2026-05-18 08:45:00,525,08:45,245,2026-05-18 12:50:00,770,12:50,15,1,25,8.566,12.24,8.566,H2,8.566,1,catchment_near_assigned_hospital,8,assumption_to_validate,Renaison dialysis: assumed 30/day.
P214,HOME_P214,46.03583711178624,4.007100843010518,H1,dialysis,A0144,13:00,P1,high,2.0,prescription_medicale,2026-05-18 13:55:00,835,13:55,240,2026-05-18 17:55:00,1075,17:55,15,1,25,6.778,9.68,6.778,H2,6.109,1,catchment_near_assigned_hospital,8,observed_user_table,"CH Roanne dialysis: 53/day. 26 morning, 23 noon, 4 evening."
P215,HOME_P215,46.04006474881064,3.972429156872025,H3,dialysis,A0714,08:00,P1,high,2.0,prescription_medicale,2026-05-18 08:30:00,510,08:30,240,2026-05-18 12:30:00,750,12:30,15,1,25,9.514,13.59,9.514,H2,9.331,1,catchment_near_assigned_hospital,8,assumption_to_validate,Third dialysis center: assumed 24/day.
P216,HOME_P216,45.99699454911296,4.041816038348515,H1,dialysis,A0148,17:00,P1,high,2.0,vsl_required,2026-05-18 17:50:00,1070,17:50,240,2026-05-18 21:50:00,1310,21:50,15,1,25,8.374,11.96,8.374,H2,7.253,1,catchment_near_assigned_hospital,8,observed_user_table,"CH Roanne dialysis: 53/day. 26 morning, 23 noon, 4 evening."
P217,HOME_P217,46.035307192053736,4.058625453054262,H1,other,A0312,10:30,P2,medium,1.5,standard_assis,2026-05-18 11:00:00,660,11:00,100,2026-05-18 12:40:00,760,12:40,25,1,35,2.846,5.0,2.846,H2,1.747,1,catchment_near_assigned_hospital,12,observed_user_table,CH Roanne other: 49/day.
P218,HOME_P218,46.190271442653064,4.069190541752909,H1,external,A0399,08:30,P3,low,1.0,standard_assis,2026-05-18 08:30:00,510,08:30,20,2026-05-18 08:50:00,530,08:50,35,1,49,19.041,27.2,19.041,H1,19.041,1,catchment_near_assigned_hospital,18,computed_from_user_table,External visits: 75/day * 15% using fleet.
P219,HOME_P219,46.106169646430345,4.014157205180012,H1,dialysis,A0125,13:00,P1,high,2.0,vsl_required,2026-05-18 13:40:00,820,13:40,240,2026-05-18 17:40:00,1060,17:40,15,1,25,9.266,13.24,9.266,H1,9.266,1,catchment_near_assigned_hospital,8,observed_user_table,"CH Roanne dialysis: 53/day. 26 morning, 23 noon, 4 evening."
P220,HOME_P220,46.102573559041886,4.182905770911203,H1,external,A0432,17:30,P3,low,1.0,prescription_medicale,2026-05-18 17:30:00,1050,17:30,20,2026-05-18 17:50:00,1070,17:50,35,1,45,12.642,18.06,12.642,H1,12.642,1,catchment_near_assigned_hospital,18,computed_from_user_table,External visits: 75/day * 15% using fleet.
P221,HOME_P221,45.97768947126169,4.183492686142258,H2,other,A0573,08:30,P2,medium,1.5,standard_assis,2026-05-18 09:55:00,595,09:55,25,2026-05-18 10:20:00,620,10:20,25,1,35,14.558,20.8,14.558,H2,14.558,1,catchment_near_assigned_hospital,12,assumption_to_validate,Renaison other: assumed 36/day.
P222,HOME_P222,45.98361632873592,4.057186217057382,H2,dialysis,A0478,13:00,P1,high,2.0,prescription_medicale,2026-05-18 13:35:00,815,13:35,235,2026-05-18 17:30:00,1050,17:30,15,1,25,8.702,12.43,8.702,H2,8.702,1,catchment_near_assigned_hospital,8,assumption_to_validate,Renaison dialysis: assumed 30/day.
P223,HOME_P223,46.06323564016884,4.094152404355942,H1,dialysis,A0053,08:00,P1,high,2.0,vsl_required,2026-05-18 08:15:00,495,08:15,240,2026-05-18 12:15:00,735,12:15,15,1,25,2.488,5.0,2.488,H1,2.488,1,catchment_near_assigned_hospital,8,observed_user_table,"CH Roanne dialysis: 53/day. 26 morning, 23 noon, 4 evening."
P224,HOME_P224,45.98738429434764,4.041474512790256,H1,dialysis,A0058,08:00,P1,high,2.0,vsl_required,2026-05-18 08:40:00,520,08:40,240,2026-05-18 12:40:00,760,12:40,15,1,25,9.645,13.78,9.645,H2,8.524,1,catchment_near_assigned_hospital,8,observed_user_table,"CH Roanne dialysis: 53/day. 26 morning, 23 noon, 4 evening."
P225,HOME_P225,46.083841017068536,3.9758452138302602,H2,oncology,A0541,08:00,P1,high,2.0,vsl_required,2026-05-18 08:50:00,530,08:50,225,2026-05-18 12:35:00,755,12:35,15,1,25,10.415,14.88,10.415,H3,10.226,1,catchment_near_assigned_hospital,10,assumption_to_validate,Renaison oncology: assumed 16/day.
P226,HOME_P226,46.0315013963007,4.01368693381299,H2,dialysis,A0521,17:00,P1,high,2.0,vsl_required,2026-05-18 17:50:00,1070,17:50,270,2026-05-18 22:20:00,1340,22:20,15,1,25,5.672,8.1,5.672,H2,5.672,1,catchment_near_assigned_hospital,8,assumption_to_validate,Renaison dialysis: assumed 30/day.
P227,HOME_P227,46.02582776470804,4.140160774413997,H1,dialysis,A0158,17:00,P1,high,2.0,vsl_required,2026-05-18 17:15:00,1035,17:15,240,2026-05-18 21:15:00,1275,21:15,15,1,25,7.546,10.78,7.546,H2,7.419,1,catchment_near_assigned_hospital,8,observed_user_table,"CH Roanne dialysis: 53/day. 26 morning, 23 noon, 4 evening."
P228,HOME_P228,46.02837260622506,4.0344581429748025,H1,external,A0401,08:30,P3,low,1.0,standard_assis,2026-05-18 08:35:00,515,08:35,20,2026-05-18 08:55:00,535,08:55,35,1,45,5.061,7.23,5.061,H2,4.096,1,catchment_near_assigned_hospital,18,computed_from_user_table,External visits: 75/day * 15% using fleet.
P229,HOME_P229,46.04527687651542,4.118095427647171,H1,dialysis,A0126,13:00,P1,high,2.0,vsl_required,2026-05-18 13:10:00,790,13:10,240,2026-05-18 17:10:00,1030,17:10,15,1,25,4.519,6.46,4.519,H1,4.519,1,catchment_near_assigned_hospital,8,observed_user_table,"CH Roanne dialysis: 53/day. 26 morning, 23 noon, 4 evening."
P230,HOME_P230,46.03046147857939,4.128831894522266,H1,dialysis,A0079,13:00,P1,high,2.0,vsl_required,2026-05-18 13:30:00,810,13:30,240,2026-05-18 17:30:00,1050,17:30,15,1,25,6.277,8.97,6.277,H2,6.167,1,catchment_near_assigned_hospital,8,observed_user_table,"CH Roanne dialysis: 53/day. 26 morning, 23 noon, 4 evening."
P231,HOME_P231,46.12881225290709,4.095620925794665,H2,other,A0647,14:00,P2,medium,1.5,prescription_medicale,2026-05-18 14:15:00,855,14:15,25,2026-05-18 14:40:00,880,14:40,25,1,35,11.838,16.91,11.838,H1,10.726,1,catchment_near_assigned_hospital,12,assumption_to_validate,Renaison other: assumed 36/day.
P232,HOME_P232,46.06113699444834,4.1001743745355475,H2,oncology,A0546,08:00,P1,high,2.0,standard_assis,2026-05-18 08:50:00,530,08:50,295,2026-05-18 13:45:00,825,13:45,15,1,25,3.71,5.3,3.71,H1,2.865,1,catchment_near_assigned_hospital,10,assumption_to_validate,Renaison oncology: assumed 16/day.
P233,HOME_P233,45.95819492598629,4.046015213956589,H2,other,A0617,10:30,P2,medium,1.5,standard_assis,2026-05-18 11:20:00,680,11:20,35,2026-05-18 11:55:00,715,11:55,25,1,35,12.36,17.66,12.36,H2,12.36,1,catchment_near_assigned_hospital,12,assumption_to_validate,Renaison other: assumed 36/day.
P234,HOME_P234,46.010059900993085,4.074624946189424,H1,oncology,A0223,11:00,P1,high,2.0,prescription_medicale,2026-05-18 11:30:00,690,11:30,180,2026-05-18 14:30:00,870,14:30,15,1,25,6.013,8.59,6.013,H2,4.986,1,catchment_near_assigned_hospital,10,observed_user_table,CH Roanne chemotherapy: 30/day.
P235,HOME_P235,46.084663988812565,4.094629506081515,H1,dialysis,A0065,08:00,P1,high,2.0,vsl_required,2026-05-18 08:25:00,505,08:25,240,2026-05-18 12:25:00,745,12:25,15,1,25,4.845,6.92,4.845,H1,4.845,1,catchment_near_assigned_hospital,8,observed_user_table,"CH Roanne dialysis: 53/day. 26 morning, 23 noon, 4 evening."
P236,HOME_P236,46.0870907074117,4.115508425268961,H2,other,A0669,16:30,P2,medium,1.5,premium,2026-05-18 17:25:00,1045,17:25,35,2026-05-18 18:00:00,1080,18:00,25,1,35,7.307,10.44,7.307,H1,6.253,1,catchment_near_assigned_hospital,12,assumption_to_validate,Renaison other: assumed 36/day.
P237,HOME_P237,46.06300555317712,3.9698735208014564,H1,other,A0362,14:00,P2,medium,1.5,standard_assis,2026-05-18 14:05:00,845,14:05,60,2026-05-18 15:05:00,905,15:05,25,1,35,10.009,14.3,10.009,H3,9.825,1,catchment_near_assigned_hospital,12,observed_user_table,CH Roanne other: 49/day.
P238,HOME_P238,46.09868261129864,4.137263288974045,H2,other,A0605,08:30,P2,medium,1.5,prescription_medicale,2026-05-18 09:40:00,580,09:40,30,2026-05-18 10:10:00,610,10:10,25,1,35,9.89,14.13,9.89,H1,8.862,1,catchment_near_assigned_hospital,12,assumption_to_validate,Renaison other: assumed 36/day.
P239,HOME_P239,46.02281798696137,3.986131722325646,H3,dialysis,A0725,13:00,P1,high,2.0,vsl_required,2026-05-18 13:20:00,800,13:20,220,2026-05-18 17:00:00,1020,17:00,15,1,25,8.931,12.76,8.931,H2,8.588,1,catchment_near_assigned_hospital,8,assumption_to_validate,Third dialysis center: assumed 24/day.
P240,HOME_P240,46.03970608914491,3.9821472259911292,H1,oncology,A0173,08:00,P1,high,2.0,vsl_required,2026-05-18 08:00:00,480,08:00,160,2026-05-18 10:40:00,640,10:40,15,1,25,8.938,12.77,8.938,H2,8.402,1,catchment_near_assigned_hospital,10,observed_user_table,CH Roanne chemotherapy: 30/day.
P241,HOME_P241,46.07701618553212,4.042179708680896,H3,dialysis,A0715,13:00,P1,high,2.0,vsl_required,2026-05-18 13:20:00,800,13:20,215,2026-05-18 16:55:00,1015,16:55,15,1,25,4.615,6.59,4.615,H1,4.419,1,catchment_near_assigned_hospital,8,assumption_to_validate,Third dialysis center: assumed 24/day.
P242,HOME_P242,46.05583958579067,3.91790074107521,H1,other,A0274,08:30,P2,medium,1.5,standard_assis,2026-05-18 09:00:00,540,09:00,65,2026-05-18 10:05:00,605,10:05,25,1,35,14.936,21.34,14.936,H2,14.624,1,catchment_near_assigned_hospital,12,observed_user_table,CH Roanne other: 49/day.
P243,HOME_P243,46.02617951067186,3.9751785189924953,H2,other,A0585,08:30,P2,medium,1.5,standard_assis,2026-05-18 09:50:00,590,09:50,25,2026-05-18 10:15:00,615,10:15,25,1,35,9.432,13.47,9.432,H2,9.432,1,catchment_near_assigned_hospital,12,assumption_to_validate,Renaison other: assumed 36/day.
P244,HOME_P244,46.071355146246844,4.178704383295786,H1,oncology,A0186,08:00,P1,high,2.0,prescription_medicale,2026-05-18 08:10:00,490,08:10,155,2026-05-18 10:45:00,645,10:45,15,1,25,10.527,15.04,10.527,H1,10.527,1,catchment_near_assigned_hospital,10,observed_user_table,CH Roanne chemotherapy: 30/day.
P245,HOME_P245,46.10061605715099,4.0860140935258,H3,dialysis,A0745,13:00,P1,high,2.0,vsl_required,2026-05-18 13:45:00,825,13:45,210,2026-05-18 17:15:00,1035,17:15,15,1,25,7.203,10.29,7.203,H1,6.701,1,catchment_near_assigned_hospital,8,assumption_to_validate,Third dialysis center: assumed 24/day.
P246,HOME_P246,46.044794580861385,4.1316623748198715,H1,oncology,A0235,11:00,P1,high,2.0,vsl_required,2026-05-18 11:25:00,685,11:25,150,2026-05-18 13:55:00,835,13:55,15,1,25,5.81,8.3,5.81,H1,5.81,1,catchment_near_assigned_hospital,10,observed_user_table,CH Roanne chemotherapy: 30/day.
P247,HOME_P247,46.073316610107234,4.155527031445043,H1,dialysis,A0129,13:00,P1,high,2.0,vsl_required,2026-05-18 13:55:00,835,13:55,240,2026-05-18 17:55:00,1075,17:55,15,1,25,8.459,12.08,8.459,H1,8.459,1,catchment_near_assigned_hospital,8,observed_user_table,"CH Roanne dialysis: 53/day. 26 morning, 23 noon, 4 evening."
P248,HOME_P248,46.09595059343306,4.12850787144277,H2,other,A0648,14:00,P2,medium,1.5,standard_assis,2026-05-18 14:25:00,865,14:25,35,2026-05-18 15:00:00,900,15:00,25,1,35,9.052,12.93,9.052,H1,8.006,1,catchment_near_assigned_hospital,12,assumption_to_validate,Renaison other: assumed 36/day.
P249,HOME_P249,46.01946043878722,3.9660269896152185,H1,other,A0284,08:30,P2,medium,1.5,standard_assis,2026-05-18 09:55:00,595,09:55,85,2026-05-18 11:20:00,680,11:20,25,1,35,11.317,16.17,11.317,H2,10.567,1,catchment_near_assigned_hospital,12,observed_user_table,CH Roanne other: 49/day.
P250,HOME_P250,46.053803323713296,4.001103933143926,H2,dialysis,A0496,13:00,P1,high,2.0,vsl_required,2026-05-18 13:35:00,815,13:35,265,2026-05-18 18:00:00,1080,18:00,15,1,25,6.627,9.47,6.627,H2,6.627,1,catchment_near_assigned_hospital,8,assumption_to_validate,Renaison dialysis: assumed 30/day.
P251,HOME_P251,46.020134684221645,4.048724445995928,H3,dialysis,A0747,13:00,P1,high,2.0,vsl_required,2026-05-18 13:50:00,830,13:50,240,2026-05-18 17:50:00,1070,17:50,15,1,25,4.631,6.62,4.631,H2,4.047,1,catchment_near_assigned_hospital,8,assumption_to_validate,Third dialysis center: assumed 24/day.
P252,HOME_P252,46.06736183559846,4.085479703064472,H3,dialysis,A0710,08:00,P1,high,2.0,prescription_medicale,2026-05-18 08:00:00,480,08:00,215,2026-05-18 11:35:00,695,11:35,15,1,25,2.838,5.0,2.838,H1,2.311,1,catchment_near_assigned_hospital,8,assumption_to_validate,Third dialysis center: assumed 24/day.
P253,HOME_P253,46.00068117832538,4.056488424823848,H1,dialysis,A0051,08:00,P1,high,2.0,vsl_required,2026-05-18 08:35:00,515,08:35,240,2026-05-18 12:35:00,755,12:35,15,1,25,7.479,10.68,7.479,H2,6.369,1,catchment_near_assigned_hospital,8,observed_user_table,"CH Roanne dialysis: 53/day. 26 morning, 23 noon, 4 evening."
P254,HOME_P254,46.056871711921225,4.193641953044287,H1,other,A0262,08:30,P2,medium,1.5,standard_assis,2026-05-18 08:50:00,530,08:50,60,2026-05-18 09:50:00,590,09:50,25,0,35,11.676,16.68,11.676,H1,11.676,1,catchment_near_assigned_hospital,12,observed_user_table,CH Roanne other: 49/day.
P255,HOME_P255,46.024854464826795,4.054708348337725,H1,other,A0296,08:30,P2,medium,1.5,prescription_medicale,2026-05-18 09:40:00,580,09:40,85,2026-05-18 11:05:00,665,11:05,25,1,35,4.318,6.17,4.318,H2,3.201,1,catchment_near_assigned_hospital,12,observed_user_table,CH Roanne other: 49/day.
P256,HOME_P256,46.09470751771968,4.148075656736071,H3,dialysis,A0742,13:00,P1,high,2.0,vsl_required,2026-05-18 13:35:00,815,13:35,240,2026-05-18 17:35:00,1055,17:35,15,1,25,9.762,13.95,9.762,H1,9.271,1,catchment_near_assigned_hospital,8,assumption_to_validate,Third dialysis center: assumed 24/day.
P257,HOME_P257,46.02752321152312,4.055173602234969,H1,other,A0266,08:30,P2,medium,1.5,standard_assis,2026-05-18 09:25:00,565,09:25,110,2026-05-18 11:15:00,675,11:15,25,1,35,3.962,5.66,3.962,H2,2.848,1,catchment_near_assigned_hospital,12,observed_user_table,CH Roanne other: 49/day.
P258,HOME_P258,46.03565643967215,4.0446489132691825,H2,other,A0598,08:30,P2,medium,1.5,prescription_medicale,2026-05-18 08:45:00,525,08:45,40,2026-05-18 09:25:00,565,09:25,25,1,35,2.716,5.0,2.716,H2,2.716,1,catchment_near_assigned_hospital,12,assumption_to_validate,Renaison other: assumed 36/day.
P259,HOME_P259,45.98139458298044,4.078175422348443,H1,dialysis,A0110,13:00,P1,high,2.0,prescription_medicale,2026-05-18 13:25:00,805,13:25,240,2026-05-18 17:25:00,1045,17:25,15,1,25,10.008,14.3,10.008,H2,8.984,1,catchment_near_assigned_hospital,8,observed_user_table,"CH Roanne dialysis: 53/day. 26 morning, 23 noon, 4 evening."
P260,HOME_P260,46.08643056843455,4.036856336941327,H1,dialysis,A0076,08:00,P1,high,2.0,vsl_required,2026-05-18 08:10:00,490,08:10,240,2026-05-18 12:10:00,730,12:10,15,1,25,5.758,8.23,5.758,H1,5.758,1,catchment_near_assigned_hospital,8,observed_user_table,"CH Roanne dialysis: 53/day. 26 morning, 23 noon, 4 evening."
P261,HOME_P261,45.967988018171354,3.9613633912136432,H2,other,A0644,14:00,P2,medium,1.5,standard_assis,2026-05-18 15:05:00,905,15:05,30,2026-05-18 15:35:00,935,15:35,25,1,35,14.975,21.39,14.975,H2,14.975,1,catchment_near_assigned_hospital,12,assumption_to_validate,Renaison other: assumed 36/day.
P262,HOME_P262,46.03212728396648,4.074101481865338,H1,dialysis,A0006,08:00,P1,high,2.0,vsl_required,2026-05-18 08:15:00,495,08:15,240,2026-05-18 12:15:00,735,12:15,15,1,25,2.946,5.0,2.946,H2,1.955,1,catchment_near_assigned_hospital,8,observed_user_table,"CH Roanne dialysis: 53/day. 26 morning, 23 noon, 4 evening."
P263,HOME_P263,46.01901425145296,3.987821121696583,H2,other,A0597,08:30,P2,medium,1.5,prescription_medicale,2026-05-18 09:45:00,585,09:45,30,2026-05-18 10:15:00,615,10:15,25,1,35,8.65,12.36,8.65,H2,8.65,1,catchment_near_assigned_hospital,12,assumption_to_validate,Renaison other: assumed 36/day.
P264,HOME_P264,46.08822995993902,3.9288008543815787,H1,other,A0285,08:30,P2,medium,1.5,standard_assis,2026-05-18 08:30:00,510,08:30,95,2026-05-18 10:05:00,605,10:05,25,1,35,14.701,21.0,14.701,H3,14.616,1,catchment_near_assigned_hospital,12,observed_user_table,CH Roanne other: 49/day.
P265,HOME_P265,46.03093828837491,4.1847631864073085,H2,oncology,A0547,08:00,P1,high,2.0,prescription_medicale,2026-05-18 08:15:00,495,08:15,90,2026-05-18 09:45:00,585,09:45,15,1,25,11.375,16.25,11.375,H1,11.25,1,catchment_near_assigned_hospital,10,assumption_to_validate,Renaison oncology: assumed 16/day.
P266,HOME_P266,46.00490536271468,3.967216049451696,H1,oncology,A0208,08:00,P1,high,2.0,standard_assis,2026-05-18 08:55:00,535,08:55,155,2026-05-18 11:30:00,690,11:30,15,1,25,12.201,17.43,12.201,H2,11.325,1,catchment_near_assigned_hospital,10,observed_user_table,CH Roanne chemotherapy: 30/day.
P267,HOME_P267,46.070269051668475,4.101528924448229,H1,dialysis,A0042,08:00,P1,high,2.0,vsl_required,2026-05-18 08:00:00,480,08:00,240,2026-05-18 12:00:00,720,12:00,15,1,25,3.646,5.21,3.646,H1,3.646,1,catchment_near_assigned_hospital,8,observed_user_table,"CH Roanne dialysis: 53/day. 26 morning, 23 noon, 4 evening."
P268,HOME_P268,46.13114923092138,3.9737067227157463,H2,other,A0668,16:30,P2,medium,1.5,prescription_medicale,2026-05-18 16:45:00,1005,16:45,30,2026-05-18 17:15:00,1035,17:15,25,1,35,15.003,21.43,15.003,H1,14.427,1,catchment_near_assigned_hospital,12,assumption_to_validate,Renaison other: assumed 36/day.
P269,HOME_P269,46.07060896819925,4.066931825507811,H1,dialysis,A0121,13:00,P1,high,2.0,vsl_required,2026-05-18 13:25:00,805,13:25,240,2026-05-18 17:25:00,1045,17:25,15,1,25,2.469,5.0,2.469,H1,2.469,1,catchment_near_assigned_hospital,8,observed_user_table,"CH Roanne dialysis: 53/day. 26 morning, 23 noon, 4 evening."
P270,HOME_P270,46.04742807737369,4.158188727663926,H2,oncology,A0527,08:00,P1,high,2.0,standard_assis,2026-05-18 08:55:00,535,08:55,240,2026-05-18 12:55:00,775,12:55,15,1,25,8.627,12.32,8.627,H1,8.287,1,catchment_near_assigned_hospital,10,assumption_to_validate,Renaison oncology: assumed 16/day.
P271,HOME_P271,46.091760813794345,4.127420963592068,H2,other,A0595,08:30,P2,medium,1.5,premium,2026-05-18 08:50:00,530,08:50,35,2026-05-18 09:25:00,565,09:25,25,1,35,8.541,12.2,8.541,H1,7.511,1,catchment_near_assigned_hospital,12,assumption_to_validate,Renaison other: assumed 36/day.
P272,HOME_P272,46.147027708194976,4.1147692018548145,H1,other,A0381,14:00,P2,medium,1.5,standard_assis,2026-05-18 15:10:00,910,15:10,60,2026-05-18 16:10:00,970,16:10,25,1,35,13.644,19.49,13.644,H1,13.644,1,catchment_near_assigned_hospital,12,observed_user_table,CH Roanne other: 49/day.
P273,HOME_P273,46.063261112074464,4.116759145952522,H1,dialysis,A0027,08:00,P1,high,2.0,vsl_required,2026-05-18 08:05:00,485,08:05,240,2026-05-18 12:05:00,725,12:05,15,1,25,4.469,6.38,4.469,H1,4.469,1,catchment_near_assigned_hospital,8,observed_user_table,"CH Roanne dialysis: 53/day. 26 morning, 23 noon, 4 evening."
P274,HOME_P274,45.99955558653919,4.156898696022875,H1,other,A0363,14:00,P2,medium,1.5,prescription_medicale,2026-05-18 14:20:00,860,14:20,80,2026-05-18 15:40:00,940,15:40,25,1,35,11.038,15.77,11.038,H2,10.65,1,catchment_near_assigned_hospital,12,observed_user_table,CH Roanne other: 49/day.
P275,HOME_P275,46.00894488262082,4.125105152084638,H2,other,A0655,14:00,P2,medium,1.5,standard_assis,2026-05-18 14:10:00,850,14:10,35,2026-05-18 14:45:00,885,14:45,25,1,35,7.458,10.65,7.458,H2,7.458,1,catchment_near_assigned_hospital,12,assumption_to_validate,Renaison other: assumed 36/day.
P276,HOME_P276,46.09571691615372,4.085364902520565,H1,dialysis,A0028,08:00,P1,high,2.0,prescription_medicale,2026-05-18 08:20:00,500,08:20,240,2026-05-18 12:20:00,740,12:20,15,1,25,6.021,8.6,6.021,H1,6.021,1,catchment_near_assigned_hospital,8,observed_user_table,"CH Roanne dialysis: 53/day. 26 morning, 23 noon, 4 evening."
P277,HOME_P277,46.05973151506353,4.016908361085379,H2,other,A0631,10:30,P2,medium,1.5,prescription_medicale,2026-05-18 11:50:00,710,11:50,35,2026-05-18 12:25:00,745,12:25,25,1,35,5.372,7.67,5.372,H3,5.297,1,catchment_near_assigned_hospital,12,assumption_to_validate,Renaison other: assumed 36/day.
P278,HOME_P278,46.01661661341539,4.01771268041865,H2,dialysis,A0475,08:00,P1,high,2.0,vsl_required,2026-05-18 08:30:00,510,08:30,245,2026-05-18 12:35:00,755,12:35,15,1,25,6.375,9.11,6.375,H2,6.375,1,catchment_near_assigned_hospital,8,assumption_to_validate,Renaison dialysis: assumed 30/day.
P279,HOME_P279,45.97563253262079,4.209206035187714,H1,external,A0405,09:30,P3,low,1.0,standard_assis,2026-05-18 11:20:00,680,11:20,20,2026-05-18 11:40:00,700,11:40,35,0,45,17.034,24.33,17.034,H2,16.69,1,catchment_near_assigned_hospital,18,computed_from_user_table,External visits: 75/day * 15% using fleet.
P280,HOME_P280,46.05013686452318,3.9780627548762966,H3,dialysis,A0707,08:00,P1,high,2.0,vsl_required,2026-05-18 08:10:00,490,08:10,265,2026-05-18 12:35:00,755,12:35,15,1,25,8.869,12.67,8.869,H2,8.775,1,catchment_near_assigned_hospital,8,assumption_to_validate,Third dialysis center: assumed 24/day.
P281,HOME_P281,46.00053953320621,4.058459524939583,H1,oncology,A0195,08:00,P1,high,2.0,vsl_required,2026-05-18 08:20:00,500,08:20,165,2026-05-18 11:05:00,665,11:05,15,1,25,7.461,10.66,7.461,H2,6.356,1,catchment_near_assigned_hospital,10,observed_user_table,CH Roanne chemotherapy: 30/day.
P282,HOME_P282,46.09325401518325,4.124406138137628,H1,other,A0377,14:00,P2,medium,1.5,standard_assis,2026-05-18 14:40:00,880,14:40,60,2026-05-18 15:40:00,940,15:40,25,1,35,7.463,10.66,7.463,H1,7.463,1,catchment_near_assigned_hospital,12,observed_user_table,CH Roanne other: 49/day.
P283,HOME_P283,46.101381686815586,3.96460590154894,H1,oncology,A0207,08:00,P1,high,2.0,prescription_medicale,2026-05-18 08:45:00,525,08:45,150,2026-05-18 11:15:00,675,11:15,15,1,25,12.381,17.69,12.381,H1,12.381,1,catchment_near_assigned_hospital,10,observed_user_table,CH Roanne chemotherapy: 30/day.
P284,HOME_P284,45.99586989833838,4.127533366627323,H1,oncology,A0216,11:00,P1,high,2.0,vsl_required,2026-05-18 11:35:00,695,11:35,165,2026-05-18 14:20:00,860,14:20,15,1,25,9.577,13.68,9.577,H2,8.95,1,catchment_near_assigned_hospital,10,observed_user_table,CH Roanne chemotherapy: 30/day.
P285,HOME_P285,46.060075869463574,4.065502432418848,H2,dialysis,A0493,13:00,P1,high,2.0,vsl_required,2026-05-18 13:00:00,780,13:00,250,2026-05-18 17:10:00,1030,17:10,15,1,25,2.023,5.0,2.023,H1,1.17,1,catchment_near_assigned_hospital,8,assumption_to_validate,Renaison dialysis: assumed 30/day.
P286,HOME_P286,46.046239816507686,4.075621613247067,H3,dialysis,A0705,08:00,P1,high,2.0,prescription_medicale,2026-05-18 08:20:00,500,08:20,240,2026-05-18 12:20:00,740,12:20,15,1,25,0.753,5.0,0.753,H2,0.662,1,catchment_near_assigned_hospital,8,assumption_to_validate,Third dialysis center: assumed 24/day.
P287,HOME_P287,46.04722470111755,4.099668301487026,H2,dialysis,A0445,08:00,P1,high,2.0,vsl_required,2026-05-18 08:05:00,485,08:05,210,2026-05-18 11:35:00,695,11:35,15,1,25,2.985,5.0,2.985,H1,2.735,1,catchment_near_assigned_hospital,8,assumption_to_validate,Renaison dialysis: assumed 30/day.
P288,HOME_P288,45.984515960963705,4.068414344354325,H1,oncology,A0196,08:00,P1,high,2.0,vsl_required,2026-05-18 08:05:00,485,08:05,175,2026-05-18 11:00:00,660,11:00,15,1,25,9.569,13.67,9.569,H2,8.504,1,catchment_near_assigned_hospital,10,observed_user_table,CH Roanne chemotherapy: 30/day.
P289,HOME_P289,46.10227612335076,3.980554641906652,H2,oncology,A0525,08:00,P1,high,2.0,vsl_required,2026-05-18 08:30:00,510,08:30,340,2026-05-18 14:10:00,850,14:10,15,1,25,11.586,16.55,11.586,H1,11.193,1,catchment_near_assigned_hospital,10,assumption_to_validate,Renaison oncology: assumed 16/day.
P290,HOME_P290,46.07540951238252,4.145352972253431,H3,dialysis,A0723,13:00,P1,high,2.0,prescription_medicale,2026-05-18 13:55:00,835,13:55,210,2026-05-18 17:25:00,1045,17:25,15,1,25,8.08,11.54,8.08,H1,7.651,1,catchment_near_assigned_hospital,8,assumption_to_validate,Third dialysis center: assumed 24/day.
P291,HOME_P291,46.12205421240058,4.065834419786675,H1,dialysis,A0033,08:00,P1,high,2.0,vsl_required,2026-05-18 08:30:00,510,08:30,240,2026-05-18 12:30:00,750,12:30,15,1,25,9.579,13.68,9.579,H1,9.579,1,catchment_near_assigned_hospital,8,observed_user_table,"CH Roanne dialysis: 53/day. 26 morning, 23 noon, 4 evening."
P292,HOME_P292,46.115021900285036,4.046562629287677,H2,dialysis,A0504,13:00,P1,high,2.0,vsl_required,2026-05-18 13:45:00,825,13:45,225,2026-05-18 17:30:00,1050,17:30,15,1,25,9.871,14.1,9.871,H1,8.941,1,catchment_near_assigned_hospital,8,assumption_to_validate,Renaison dialysis: assumed 30/day.
P293,HOME_P293,46.120655621958015,4.089295710567442,H1,other,A0368,14:00,P2,medium,1.5,prescription_medicale,2026-05-18 15:05:00,905,15:05,110,2026-05-18 16:55:00,1015,16:55,25,1,35,9.498,13.57,9.498,H1,9.498,1,catchment_near_assigned_hospital,12,observed_user_table,CH Roanne other: 49/day.
P294,HOME_P294,46.09798867361338,4.066967980632274,H1,dialysis,A0113,13:00,P1,high,2.0,vsl_required,2026-05-18 13:40:00,820,13:40,240,2026-05-18 17:40:00,1060,17:40,15,1,25,6.236,8.91,6.236,H1,6.236,1,catchment_near_assigned_hospital,8,observed_user_table,"CH Roanne dialysis: 53/day. 26 morning, 23 noon, 4 evening."
P295,HOME_P295,46.08348950615458,3.986424879999257,H2,other,A0615,10:30,P2,medium,1.5,standard_assis,2026-05-18 11:35:00,695,11:35,40,2026-05-18 12:15:00,735,12:15,25,1,35,9.524,13.61,9.524,H3,9.307,1,catchment_near_assigned_hospital,12,assumption_to_validate,Renaison other: assumed 36/day.
P296,HOME_P296,46.01290745494743,4.03443939203484,H1,other,A0276,08:30,P2,medium,1.5,standard_assis,2026-05-18 09:25:00,565,09:25,95,2026-05-18 11:00:00,660,11:00,25,1,35,6.719,9.6,6.719,H2,5.636,1,catchment_near_assigned_hospital,12,observed_user_table,CH Roanne other: 49/day.
P297,HOME_P297,45.9731594953098,3.989676836426117,H2,other,A0673,16:30,P2,medium,1.5,standard_assis,2026-05-18 17:25:00,1045,17:25,35,2026-05-18 18:00:00,1080,18:00,25,0,35,12.649,18.07,12.649,H2,12.649,1,catchment_near_assigned_hospital,12,assumption_to_validate,Renaison other: assumed 36/day.
P298,HOME_P298,46.061952454832266,4.049867888823718,H2,oncology,A0558,13:00,P1,high,2.0,vsl_required,2026-05-18 13:50:00,830,13:50,275,2026-05-18 18:25:00,1105,18:25,15,1,25,2.905,5.0,2.905,H1,2.509,1,catchment_near_assigned_hospital,10,assumption_to_validate,Renaison oncology: assumed 16/day.
P299,HOME_P299,46.04773773193795,4.093703660483951,H2,dialysis,A0491,13:00,P1,high,2.0,vsl_required,2026-05-18 13:50:00,830,13:50,215,2026-05-18 17:25:00,1045,17:25,15,1,25,2.419,5.0,2.419,H1,2.169,1,catchment_near_assigned_hospital,8,assumption_to_validate,Renaison dialysis: assumed 30/day.
P300,HOME_P300,45.981546243889355,4.081302539198287,H1,oncology,A0175,08:00,P1,high,2.0,prescription_medicale,2026-05-18 08:50:00,530,08:50,175,2026-05-18 11:45:00,705,11:45,15,1,25,10.008,14.3,10.008,H2,8.998,1,catchment_near_assigned_hospital,10,observed_user_table,CH Roanne chemotherapy: 30/day.
P301,HOME_P301,46.09837701644744,4.115851737285946,H2,other,A0629,10:30,P2,medium,1.5,standard_assis,2026-05-18 11:00:00,660,11:00,30,2026-05-18 11:30:00,690,11:30,25,1,35,8.614,12.31,8.614,H1,7.521,1,catchment_near_assigned_hospital,12,assumption_to_validate,Renaison other: assumed 36/day.
P302,HOME_P302,46.08886503523309,3.966202724520752,H1,oncology,A0184,08:00,P1,high,2.0,prescription_medicale,2026-05-18 08:05:00,485,08:05,180,2026-05-18 11:05:00,665,11:05,15,1,25,11.397,16.28,11.397,H3,11.374,1,catchment_near_assigned_hospital,10,observed_user_table,CH Roanne chemotherapy: 30/day.
P303,HOME_P303,46.107793587361954,4.1127045952627,H2,other,A0662,14:00,P2,medium,1.5,standard_assis,2026-05-18 14:25:00,865,14:25,30,2026-05-18 14:55:00,895,14:55,25,1,35,9.613,13.73,9.613,H1,8.5,1,catchment_near_assigned_hospital,12,assumption_to_validate,Renaison other: assumed 36/day.
P304,HOME_P304,46.10855743119839,4.008518713092527,H1,dialysis,A0056,08:00,P1,high,2.0,vsl_required,2026-05-18 08:15:00,495,08:15,240,2026-05-18 12:15:00,735,12:15,15,1,25,9.863,14.09,9.863,H1,9.863,1,catchment_near_assigned_hospital,8,observed_user_table,"CH Roanne dialysis: 53/day. 26 morning, 23 noon, 4 evening."
P305,HOME_P305,46.119073707278076,3.96565822214784,H1,other,A0315,10:30,P2,medium,1.5,standard_assis,2026-05-18 11:20:00,680,11:20,75,2026-05-18 12:35:00,755,12:35,25,0,35,13.786,19.69,13.786,H1,13.786,1,catchment_near_assigned_hospital,12,observed_user_table,CH Roanne other: 49/day.
P306,HOME_P306,46.113469141721616,4.146663335669921,H1,other,A0304,08:30,P2,medium,1.5,standard_assis,2026-05-18 08:35:00,515,08:35,60,2026-05-18 09:35:00,575,09:35,25,1,35,10.99,15.7,10.99,H1,10.99,1,catchment_near_assigned_hospital,12,observed_user_table,CH Roanne other: 49/day.
P307,HOME_P307,45.99203732250598,4.015789639169305,H3,dialysis,A0739,13:00,P1,high,2.0,vsl_required,2026-05-18 13:10:00,790,13:10,260,2026-05-18 17:30:00,1050,17:30,15,1,25,9.606,13.72,9.606,H2,9.045,1,catchment_near_assigned_hospital,8,assumption_to_validate,Third dialysis center: assumed 24/day.
P308,HOME_P308,45.9684849919458,4.107171590655745,H2,other,A0619,10:30,P2,medium,1.5,standard_assis,2026-05-18 10:30:00,630,10:30,35,2026-05-18 11:05:00,665,11:05,25,1,35,11.354,16.22,11.354,H2,11.354,1,catchment_near_assigned_hospital,12,assumption_to_validate,Renaison other: assumed 36/day.
P309,HOME_P309,46.045916176559714,4.095614971542982,H1,dialysis,A0039,08:00,P1,high,2.0,vsl_required,2026-05-18 08:35:00,515,08:35,240,2026-05-18 12:35:00,755,12:35,15,1,25,2.437,5.0,2.437,H1,2.437,1,catchment_near_assigned_hospital,8,observed_user_table,"CH Roanne dialysis: 53/day. 26 morning, 23 noon, 4 evening."
P310,HOME_P310,46.062908554689834,4.194100189623855,H1,other,A0264,08:30,P2,medium,1.5,prescription_medicale,2026-05-18 09:50:00,590,09:50,70,2026-05-18 11:00:00,660,11:00,25,1,35,11.785,16.84,11.785,H1,11.785,1,catchment_near_assigned_hospital,12,observed_user_table,CH Roanne other: 49/day.
P311,HOME_P311,46.08146627498429,4.203438669949415,H2,other,A0603,08:30,P2,medium,1.5,standard_assis,2026-05-18 08:30:00,510,08:30,35,2026-05-18 09:05:00,545,09:05,25,1,35,13.904,19.86,13.904,H1,13.202,1,catchment_near_assigned_hospital,12,assumption_to_validate,Renaison other: assumed 36/day.
P312,HOME_P312,45.97253003292655,4.173829606742984,H2,other,A0589,08:30,P2,medium,1.5,vsl_required,2026-05-18 09:10:00,550,09:10,40,2026-05-18 09:50:00,590,09:50,25,1,35,14.361,20.52,14.361,H2,14.361,1,catchment_near_assigned_hospital,12,assumption_to_validate,Renaison other: assumed 36/day.
P313,HOME_P313,45.992395725234736,4.0076023626703945,H2,dialysis,A0498,13:00,P1,high,2.0,vsl_required,2026-05-18 13:10:00,790,13:10,245,2026-05-18 17:15:00,1035,17:15,15,1,25,9.475,13.54,9.475,H2,9.475,1,catchment_near_assigned_hospital,8,assumption_to_validate,Renaison dialysis: assumed 30/day.
P314,HOME_P314,46.01306406817276,4.104035309563236,H2,dialysis,A0438,08:00,P1,high,2.0,vsl_required,2026-05-18 08:10:00,490,08:10,235,2026-05-18 12:05:00,725,12:05,15,1,25,5.669,8.1,5.669,H2,5.669,1,catchment_near_assigned_hospital,8,assumption_to_validate,Renaison dialysis: assumed 30/day.
P315,HOME_P315,45.98807693096664,3.9969224361098368,H1,oncology,A0211,11:00,P1,high,2.0,prescription_medicale,2026-05-18 11:20:00,680,11:20,175,2026-05-18 14:15:00,855,14:15,15,1,25,11.648,16.64,11.648,H2,10.596,1,catchment_near_assigned_hospital,10,observed_user_table,CH Roanne chemotherapy: 30/day.
P316,HOME_P316,45.98409416351336,4.1477383437947095,H2,other,A0657,14:00,P2,medium,1.5,standard_assis,2026-05-18 14:20:00,860,14:20,35,2026-05-18 14:55:00,895,14:55,25,1,35,11.462,16.37,11.462,H2,11.462,1,catchment_near_assigned_hospital,12,assumption_to_validate,Renaison other: assumed 36/day.
P317,HOME_P317,46.17787722399168,4.151170303747772,H1,external,A0402,08:30,P3,low,1.0,prescription_medicale,2026-05-18 09:10:00,550,09:10,20,2026-05-18 09:30:00,570,09:30,35,1,49,18.894,26.99,18.894,H1,18.894,1,catchment_near_assigned_hospital,18,computed_from_user_table,External visits: 75/day * 15% using fleet.
P318,HOME_P318,46.117214302959724,4.086437994224221,H2,other,A0607,08:30,P2,medium,1.5,vsl_required,2026-05-18 09:50:00,590,09:50,30,2026-05-18 10:20:00,620,10:20,25,1,35,10.084,14.41,10.084,H1,8.982,1,catchment_near_assigned_hospital,12,assumption_to_validate,Renaison other: assumed 36/day.
P319,HOME_P319,45.9889010950039,4.0641041328858165,H1,other,A0267,08:30,P2,medium,1.5,standard_assis,2026-05-18 09:40:00,580,09:40,60,2026-05-18 10:40:00,640,10:40,25,1,35,8.989,12.84,8.989,H2,7.908,1,catchment_near_assigned_hospital,12,observed_user_table,CH Roanne other: 49/day.
P320,HOME_P320,46.023407183128626,4.042133124467416,H1,dialysis,A0115,13:00,P1,high,2.0,vsl_required,2026-05-18 13:10:00,790,13:10,240,2026-05-18 17:10:00,1030,17:10,15,1,25,5.095,7.28,5.095,H2,4.028,1,catchment_near_assigned_hospital,8,observed_user_table,"CH Roanne dialysis: 53/day. 26 morning, 23 noon, 4 evening."
P321,HOME_P321,46.0902105099014,4.063445575320435,H1,dialysis,A0080,13:00,P1,high,2.0,vsl_required,2026-05-18 13:50:00,830,13:50,240,2026-05-18 17:50:00,1070,17:50,15,1,25,5.207,7.44,5.207,H1,5.207,1,catchment_near_assigned_hospital,8,observed_user_table,"CH Roanne dialysis: 53/day. 26 morning, 23 noon, 4 evening."
P322,HOME_P322,45.98419645916174,4.0508687923002205,H2,dialysis,A0461,08:00,P1,high,2.0,prescription_medicale,2026-05-18 08:35:00,515,08:35,255,2026-05-18 12:50:00,770,12:50,15,1,25,8.722,12.46,8.722,H2,8.722,1,catchment_near_assigned_hospital,8,assumption_to_validate,Renaison dialysis: assumed 30/day.
P323,HOME_P323,46.049226696732354,4.052053232898908,H1,dialysis,A0017,08:00,P1,high,2.0,vsl_required,2026-05-18 08:30:00,510,08:30,240,2026-05-18 12:30:00,750,12:30,15,1,25,2.071,5.0,2.071,H2,1.688,1,catchment_near_assigned_hospital,8,observed_user_table,"CH Roanne dialysis: 53/day. 26 morning, 23 noon, 4 evening."
P324,HOME_P324,45.97397978669096,4.078898058089661,H1,oncology,A0201,08:00,P1,high,2.0,vsl_required,2026-05-18 08:55:00,535,08:55,150,2026-05-18 11:25:00,685,11:25,15,1,25,11.041,15.77,11.041,H2,10.016,1,catchment_near_assigned_hospital,10,observed_user_table,CH Roanne chemotherapy: 30/day.
P325,HOME_P325,46.08348238277199,4.154581759192694,H1,other,A0298,08:30,P2,medium,1.5,standard_assis,2026-05-18 08:45:00,525,08:45,75,2026-05-18 10:00:00,600,10:00,25,1,35,8.941,12.77,8.941,H1,8.941,1,catchment_near_assigned_hospital,12,observed_user_table,CH Roanne other: 49/day.
P326,HOME_P326,46.01520538456501,4.116347492417057,H2,other,A0618,10:30,P2,medium,1.5,standard_assis,2026-05-18 10:35:00,635,10:35,40,2026-05-18 11:15:00,675,11:15,25,1,35,6.246,8.92,6.246,H2,6.246,1,catchment_near_assigned_hospital,12,assumption_to_validate,Renaison other: assumed 36/day.
P327,HOME_P327,46.052813291666425,4.050047967539062,H1,other,A0286,08:30,P2,medium,1.5,prescription_medicale,2026-05-18 08:45:00,525,08:45,65,2026-05-18 09:50:00,590,09:50,25,1,35,2.186,5.0,2.186,H3,1.964,1,catchment_near_assigned_hospital,12,observed_user_table,CH Roanne other: 49/day.
P328,HOME_P328,46.04694824263276,3.9992734796332217,H2,dialysis,A0514,13:00,P1,high,2.0,prescription_medicale,2026-05-18 13:00:00,780,13:00,225,2026-05-18 16:45:00,1005,16:45,15,1,25,6.71,9.59,6.71,H2,6.71,1,catchment_near_assigned_hospital,8,assumption_to_validate,Renaison dialysis: assumed 30/day.
P329,HOME_P329,45.98872846731722,4.098402477879747,H3,dialysis,A0736,13:00,P1,high,2.0,vsl_required,2026-05-18 13:30:00,810,13:30,235,2026-05-18 17:25:00,1045,17:25,15,1,25,8.947,12.78,8.947,H2,8.418,1,catchment_near_assigned_hospital,8,assumption_to_validate,Third dialysis center: assumed 24/day.
P330,HOME_P330,45.99352802458872,4.127149188220803,H2,dialysis,A0433,08:00,P1,high,2.0,vsl_required,2026-05-18 08:45:00,525,08:45,270,2026-05-18 13:15:00,795,13:15,15,1,25,9.182,13.12,9.182,H2,9.182,1,catchment_near_assigned_hospital,8,assumption_to_validate,Renaison dialysis: assumed 30/day.
P331,HOME_P331,46.07845320398734,4.0066435281672685,H2,dialysis,A0446,08:00,P1,high,2.0,prescription_medicale,2026-05-18 08:00:00,480,08:00,240,2026-05-18 12:00:00,720,12:00,15,1,25,7.527,10.75,7.527,H1,7.267,1,catchment_near_assigned_hospital,8,assumption_to_validate,Renaison dialysis: assumed 30/day.
P332,HOME_P332,46.12749249956016,4.12985231325635,H1,oncology,A0167,08:00,P1,high,2.0,prescription_medicale,2026-05-18 08:20:00,500,08:20,160,2026-05-18 11:00:00,660,11:00,15,1,25,11.692,16.7,11.692,H1,11.692,1,catchment_near_assigned_hospital,10,observed_user_table,CH Roanne chemotherapy: 30/day.
P333,HOME_P333,46.020122029914084,4.042505629313642,H1,dialysis,A0077,08:00,P1,high,2.0,prescription_medicale,2026-05-18 08:20:00,500,08:20,240,2026-05-18 12:20:00,740,12:20,15,1,25,5.455,7.79,5.455,H2,4.368,1,catchment_near_assigned_hospital,8,observed_user_table,"CH Roanne dialysis: 53/day. 26 morning, 23 noon, 4 evening."
P334,HOME_P334,46.00247456461811,4.13943931557378,H1,dialysis,A0093,13:00,P1,high,2.0,prescription_medicale,2026-05-18 13:55:00,835,13:55,240,2026-05-18 17:55:00,1075,17:55,15,1,25,9.56,13.66,9.56,H2,9.087,1,catchment_near_assigned_hospital,8,observed_user_table,"CH Roanne dialysis: 53/day. 26 morning, 23 noon, 4 evening."
P335,HOME_P335,46.04252659408384,4.1537971526728334,H1,oncology,A0209,08:00,P1,high,2.0,vsl_required,2026-05-18 08:15:00,495,08:15,160,2026-05-18 10:55:00,655,10:55,15,1,25,7.965,11.38,7.965,H1,7.965,1,catchment_near_assigned_hospital,10,observed_user_table,CH Roanne chemotherapy: 30/day.
P336,HOME_P336,46.101506380332665,4.000556760474083,H2,oncology,A0544,08:00,P1,high,2.0,standard_assis,2026-05-18 08:15:00,495,08:15,215,2026-05-18 11:50:00,710,11:50,15,1,25,10.172,14.53,10.172,H1,9.658,1,catchment_near_assigned_hospital,10,assumption_to_validate,Renaison oncology: assumed 16/day.
P337,HOME_P337,46.06997844744319,4.107912255605457,H1,dialysis,A0086,13:00,P1,high,2.0,vsl_required,2026-05-18 13:00:00,780,13:00,240,2026-05-18 17:00:00,1020,17:00,15,1,25,4.112,5.87,4.112,H1,4.112,1,catchment_near_assigned_hospital,8,observed_user_table,"CH Roanne dialysis: 53/day. 26 morning, 23 noon, 4 evening."
P338,HOME_P338,46.05020676031431,4.052354631669083,H1,dialysis,A0031,08:00,P1,high,2.0,prescription_medicale,2026-05-18 08:00:00,480,08:00,240,2026-05-18 12:00:00,720,12:00,15,1,25,2.009,5.0,2.009,H3,1.702,1,catchment_near_assigned_hospital,8,observed_user_table,"CH Roanne dialysis: 53/day. 26 morning, 23 noon, 4 evening."
P339,HOME_P339,45.96882547587574,4.080195570079748,H2,other,A0676,16:30,P2,medium,1.5,standard_assis,2026-05-18 17:15:00,1035,17:15,35,2026-05-18 17:50:00,1070,17:50,25,1,35,10.742,15.35,10.742,H2,10.742,1,catchment_near_assigned_hospital,12,assumption_to_validate,Renaison other: assumed 36/day.
P340,HOME_P340,46.012787641332075,4.0833708825578015,H1,dialysis,A0099,13:00,P1,high,2.0,vsl_required,2026-05-18 13:35:00,815,13:35,240,2026-05-18 17:35:00,1055,17:35,15,1,25,5.724,8.18,5.724,H2,4.786,1,catchment_near_assigned_hospital,8,observed_user_table,"CH Roanne dialysis: 53/day. 26 morning, 23 noon, 4 evening."
P341,HOME_P341,46.06615112392751,4.070190270645675,H1,dialysis,A0050,08:00,P1,high,2.0,vsl_required,2026-05-18 08:50:00,530,08:50,240,2026-05-18 12:50:00,770,12:50,15,1,25,1.803,5.0,1.803,H1,1.803,1,catchment_near_assigned_hospital,8,observed_user_table,"CH Roanne dialysis: 53/day. 26 morning, 23 noon, 4 evening."
P342,HOME_P342,46.02207224524826,4.037978195950092,H2,dialysis,A0490,13:00,P1,high,2.0,vsl_required,2026-05-18 13:50:00,830,13:50,230,2026-05-18 17:40:00,1060,17:40,15,1,25,4.431,6.33,4.431,H2,4.431,1,catchment_near_assigned_hospital,8,assumption_to_validate,Renaison dialysis: assumed 30/day.
P343,HOME_P343,46.052731430751315,4.112034711488474,H2,other,A0649,14:00,P2,medium,1.5,vsl_required,2026-05-18 14:40:00,880,14:40,35,2026-05-18 15:15:00,915,15:15,25,1,35,4.284,6.12,4.284,H1,3.795,1,catchment_near_assigned_hospital,12,assumption_to_validate,Renaison other: assumed 36/day.
P344,HOME_P344,46.01545088351759,4.118788381148393,H1,dialysis,A0091,13:00,P1,high,2.0,vsl_required,2026-05-18 13:55:00,835,13:55,240,2026-05-18 17:55:00,1075,17:55,15,1,25,6.889,9.84,6.889,H2,6.399,1,catchment_near_assigned_hospital,8,observed_user_table,"CH Roanne dialysis: 53/day. 26 morning, 23 noon, 4 evening."
P345,HOME_P345,45.96503521242552,4.056171288125267,H1,other,A0374,14:00,P2,medium,1.5,standard_assis,2026-05-18 14:30:00,870,14:30,110,2026-05-18 16:20:00,980,16:20,25,1,35,12.372,17.67,12.372,H2,11.278,1,catchment_near_assigned_hospital,12,observed_user_table,CH Roanne other: 49/day.
P346,HOME_P346,46.016203464628006,4.002940079402338,H1,dialysis,A0026,08:00,P1,high,2.0,vsl_required,2026-05-18 08:30:00,510,08:30,240,2026-05-18 12:30:00,750,12:30,15,1,25,8.479,12.11,8.479,H2,7.563,1,catchment_near_assigned_hospital,8,observed_user_table,"CH Roanne dialysis: 53/day. 26 morning, 23 noon, 4 evening."
P347,HOME_P347,46.04458889274134,3.987079526784883,H1,oncology,A0171,08:00,P1,high,2.0,prescription_medicale,2026-05-18 08:35:00,515,08:35,180,2026-05-18 11:35:00,695,11:35,15,1,25,8.348,11.93,8.348,H2,7.885,1,catchment_near_assigned_hospital,10,observed_user_table,CH Roanne chemotherapy: 30/day.
P348,HOME_P348,46.068634864669775,4.0331913286522365,H1,dialysis,A0003,08:00,P1,high,2.0,vsl_required,2026-05-18 08:35:00,515,08:35,240,2026-05-18 12:35:00,755,12:35,15,1,25,4.366,6.24,4.366,H1,4.366,1,catchment_near_assigned_hospital,8,observed_user_table,"CH Roanne dialysis: 53/day. 26 morning, 23 noon, 4 evening."
P349,HOME_P349,46.04331471038581,4.038024266665534,H2,dialysis,A0512,13:00,P1,high,2.0,vsl_required,2026-05-18 13:55:00,835,13:55,245,2026-05-18 18:00:00,1080,18:00,15,1,25,2.988,5.0,2.988,H2,2.988,1,catchment_near_assigned_hospital,8,assumption_to_validate,Renaison dialysis: assumed 30/day.
P350,HOME_P350,46.066483309831455,4.04105742370955,H2,other,A0576,08:30,P2,medium,1.5,vsl_required,2026-05-18 09:35:00,575,09:35,40,2026-05-18 10:15:00,615,10:15,25,1,35,3.938,5.63,3.938,H1,3.56,1,catchment_near_assigned_hospital,12,assumption_to_validate,Renaison other: assumed 36/day.
P351,HOME_P351,46.113728262566944,3.944386114274677,H1,other,A0373,14:00,P2,medium,1.5,prescription_medicale,2026-05-18 14:00:00,840,14:00,65,2026-05-18 15:05:00,905,15:05,25,1,35,14.952,21.36,14.952,H1,14.952,1,catchment_near_assigned_hospital,12,observed_user_table,CH Roanne other: 49/day.
P352,HOME_P352,45.94135338486835,4.03612511585268,H2,other,A0661,14:00,P2,medium,1.5,standard_assis,2026-05-18 15:05:00,905,15:05,25,2026-05-18 15:30:00,930,15:30,25,1,35,14.843,21.2,14.843,H2,14.843,1,catchment_near_assigned_hospital,12,assumption_to_validate,Renaison other: assumed 36/day.
P353,HOME_P353,46.09152262676955,3.934024788481378,H1,other,A0332,10:30,P2,medium,1.5,prescription_medicale,2026-05-18 11:15:00,675,11:15,95,2026-05-18 12:50:00,770,12:50,25,1,35,14.389,20.56,14.389,H3,14.326,1,catchment_near_assigned_hospital,12,observed_user_table,CH Roanne other: 49/day.
P354,HOME_P354,46.101156741398015,4.101009618479836,H1,oncology,A0205,08:00,P1,high,2.0,standard_assis,2026-05-18 08:10:00,490,08:10,155,2026-05-18 10:45:00,645,10:45,15,1,25,7.19,10.27,7.19,H1,7.19,1,catchment_near_assigned_hospital,10,observed_user_table,CH Roanne chemotherapy: 30/day.
P355,HOME_P355,46.102640449284614,4.000064826845715,H1,oncology,A0197,08:00,P1,high,2.0,standard_assis,2026-05-18 08:10:00,490,08:10,155,2026-05-18 10:45:00,645,10:45,15,1,25,9.802,14.0,9.802,H1,9.802,1,catchment_near_assigned_hospital,10,observed_user_table,CH Roanne chemotherapy: 30/day.
P356,HOME_P356,46.086772720803815,4.07234911368062,H1,other,A0289,08:30,P2,medium,1.5,standard_assis,2026-05-18 09:15:00,555,09:15,105,2026-05-18 11:00:00,660,11:00,25,1,35,4.653,6.65,4.653,H1,4.653,1,catchment_near_assigned_hospital,12,observed_user_table,CH Roanne other: 49/day.
P357,HOME_P357,46.05803221419541,4.153203747171377,H2,oncology,A0556,13:00,P1,high,2.0,prescription_medicale,2026-05-18 13:40:00,820,13:40,305,2026-05-18 18:45:00,1125,18:45,15,1,25,8.32,11.89,8.32,H1,7.793,1,catchment_near_assigned_hospital,10,assumption_to_validate,Renaison oncology: assumed 16/day.
P358,HOME_P358,45.99969223299544,4.131603185247145,H3,dialysis,A0712,08:00,P1,high,2.0,vsl_required,2026-05-18 08:25:00,505,08:25,235,2026-05-18 12:20:00,740,12:20,15,1,25,9.178,13.11,9.178,H2,8.811,1,catchment_near_assigned_hospital,8,assumption_to_validate,Third dialysis center: assumed 24/day.
P359,HOME_P359,46.02309989963032,4.17123369492151,H2,other,A0645,14:00,P2,medium,1.5,vsl_required,2026-05-18 14:30:00,870,14:30,35,2026-05-18 15:05:00,905,15:05,25,1,35,10.371,14.82,10.371,H2,10.371,1,catchment_near_assigned_hospital,12,assumption_to_validate,Renaison other: assumed 36/day.
P360,HOME_P360,46.06832722380831,4.028616027403669,H1,external,A0419,13:30,P3,low,1.0,standard_assis,2026-05-18 15:05:00,905,15:05,30,2026-05-18 15:35:00,935,15:35,35,1,45,4.737,6.77,4.737,H3,4.735,1,catchment_near_assigned_hospital,18,computed_from_user_table,External visits: 75/day * 15% using fleet.
P361,HOME_P361,46.091076447698825,4.146904472141395,H2,other,A0671,16:30,P2,medium,1.5,prescription_medicale,2026-05-18 17:50:00,1070,17:50,40,2026-05-18 18:30:00,1110,18:30,25,1,35,9.824,14.03,9.824,H1,8.875,1,catchment_near_assigned_hospital,12,assumption_to_validate,Renaison other: assumed 36/day.
P362,HOME_P362,46.025154459261614,4.014715079466762,H1,dialysis,A0004,08:00,P1,high,2.0,vsl_required,2026-05-18 08:40:00,520,08:40,240,2026-05-18 12:40:00,760,12:40,15,1,25,6.827,9.75,6.827,H2,5.949,1,catchment_near_assigned_hospital,8,observed_user_table,"CH Roanne dialysis: 53/day. 26 morning, 23 noon, 4 evening."
P363,HOME_P363,46.061043508691924,4.016247788206035,H2,other,A0624,10:30,P2,medium,1.5,standard_assis,2026-05-18 10:30:00,630,10:30,40,2026-05-18 11:10:00,670,11:10,25,1,35,5.5,7.86,5.5,H3,5.407,1,catchment_near_assigned_hospital,12,assumption_to_validate,Renaison other: assumed 36/day.
P364,HOME_P364,46.05256177512241,4.050713215857177,H1,dialysis,A0122,13:00,P1,high,2.0,prescription_medicale,2026-05-18 13:50:00,830,13:50,240,2026-05-18 17:50:00,1070,17:50,15,1,25,2.123,5.0,2.123,H3,1.894,1,catchment_near_assigned_hospital,8,observed_user_table,"CH Roanne dialysis: 53/day. 26 morning, 23 noon, 4 evening."
P365,HOME_P365,46.06405010389995,4.024710864361243,H1,other,A0305,08:30,P2,medium,1.5,standard_assis,2026-05-18 09:20:00,560,09:20,110,2026-05-18 11:10:00,670,11:10,25,1,35,4.864,6.95,4.864,H3,4.785,1,catchment_near_assigned_hospital,12,observed_user_table,CH Roanne other: 49/day.
P366,HOME_P366,46.04047386087512,4.116958429991117,H2,oncology,A0554,13:00,P1,high,2.0,standard_assis,2026-05-18 13:35:00,815,13:35,350,2026-05-18 19:25:00,1165,19:25,15,1,25,4.703,6.72,4.703,H1,4.627,1,catchment_near_assigned_hospital,10,assumption_to_validate,Renaison oncology: assumed 16/day.
P367,HOME_P367,46.08010201145244,3.979241149859633,H1,oncology,A0217,11:00,P1,high,2.0,vsl_required,2026-05-18 11:10:00,670,11:10,175,2026-05-18 14:05:00,845,14:05,15,1,25,9.752,13.93,9.752,H3,9.701,1,catchment_near_assigned_hospital,10,observed_user_table,CH Roanne chemotherapy: 30/day.
P368,HOME_P368,46.06592449673128,4.0144053357130165,H1,dialysis,A0132,13:00,P1,high,2.0,vsl_required,2026-05-18 13:35:00,815,13:35,240,2026-05-18 17:35:00,1055,17:35,15,1,25,5.89,8.41,5.89,H3,5.801,1,catchment_near_assigned_hospital,8,observed_user_table,"CH Roanne dialysis: 53/day. 26 morning, 23 noon, 4 evening."
P369,HOME_P369,46.145664105736316,4.063773885827395,H2,other,A0672,16:30,P2,medium,1.5,standard_assis,2026-05-18 17:55:00,1075,17:55,40,2026-05-18 18:35:00,1115,18:35,25,1,35,13.903,19.86,13.903,H1,12.867,1,catchment_near_assigned_hospital,12,assumption_to_validate,Renaison other: assumed 36/day.
P370,HOME_P370,46.02457982546461,3.9929747722481954,H1,dialysis,A0014,08:00,P1,high,2.0,vsl_required,2026-05-18 08:30:00,510,08:30,240,2026-05-18 12:30:00,750,12:30,15,1,25,8.666,12.38,8.666,H2,7.883,1,catchment_near_assigned_hospital,8,observed_user_table,"CH Roanne dialysis: 53/day. 26 morning, 23 noon, 4 evening."
P371,HOME_P371,46.01671739271318,3.9497668005497637,H2,oncology,A0530,08:00,P1,high,2.0,prescription_medicale,2026-05-18 08:40:00,520,08:40,315,2026-05-18 13:55:00,835,13:55,15,1,25,12.172,17.39,12.172,H2,12.172,1,catchment_near_assigned_hospital,10,assumption_to_validate,Renaison oncology: assumed 16/day.
P372,HOME_P372,46.039385698855426,3.9360791684657523,H2,other,A0588,08:30,P2,medium,1.5,standard_assis,2026-05-18 09:55:00,595,09:55,40,2026-05-18 10:35:00,635,10:35,25,1,35,12.835,18.34,12.835,H2,12.835,1,catchment_near_assigned_hospital,12,assumption_to_validate,Renaison other: assumed 36/day.
P373,HOME_P373,46.097589994924306,4.121426085922138,H1,other,A0308,10:30,P2,medium,1.5,standard_assis,2026-05-18 11:35:00,695,11:35,80,2026-05-18 12:55:00,775,12:55,25,1,35,7.744,11.06,7.744,H1,7.744,1,catchment_near_assigned_hospital,12,observed_user_table,CH Roanne other: 49/day.
P374,HOME_P374,45.948746604865775,4.057898674431878,H1,other,A0316,10:30,P2,medium,1.5,standard_assis,2026-05-18 11:50:00,710,11:50,110,2026-05-18 13:40:00,820,13:40,25,1,35,14.602,20.86,14.602,H2,13.517,1,catchment_near_assigned_hospital,12,observed_user_table,CH Roanne other: 49/day.
P375,HOME_P375,46.036960712962205,4.075749692118329,H1,dialysis,A0141,13:00,P1,high,2.0,prescription_medicale,2026-05-18 13:10:00,790,13:10,240,2026-05-18 17:10:00,1030,17:10,15,1,25,2.29,5.0,2.29,H2,1.387,1,catchment_near_assigned_hospital,8,observed_user_table,"CH Roanne dialysis: 53/day. 26 morning, 23 noon, 4 evening."
P376,HOME_P376,46.10007641810122,4.045435307901484,H2,dialysis,A0450,08:00,P1,high,2.0,prescription_medicale,2026-05-18 08:35:00,515,08:35,260,2026-05-18 12:55:00,775,12:55,15,1,25,7.887,11.27,7.887,H1,7.013,1,catchment_near_assigned_hospital,8,assumption_to_validate,Renaison dialysis: assumed 30/day.
P377,HOME_P377,45.94910392311715,4.118228704629023,H2,other,A0675,16:30,P2,medium,1.5,standard_assis,2026-05-18 17:40:00,1060,17:40,25,2026-05-18 18:05:00,1085,18:05,25,1,35,14.249,20.36,14.249,H2,14.249,1,catchment_near_assigned_hospital,12,assumption_to_validate,Renaison other: assumed 36/day.
P378,HOME_P378,46.01215794699036,4.057867554403497,H1,other,A0311,10:30,P2,medium,1.5,vsl_required,2026-05-18 11:55:00,715,11:55,85,2026-05-18 13:20:00,800,13:20,25,0,35,5.895,8.42,5.895,H2,4.78,1,catchment_near_assigned_hospital,12,observed_user_table,CH Roanne other: 49/day.
P379,HOME_P379,46.023482469301506,4.050407981914537,H1,dialysis,A0059,08:00,P1,high,2.0,prescription_medicale,2026-05-18 08:15:00,495,08:15,240,2026-05-18 12:15:00,735,12:15,15,1,25,4.669,6.67,4.669,H2,3.562,1,catchment_near_assigned_hospital,8,observed_user_table,"CH Roanne dialysis: 53/day. 26 morning, 23 noon, 4 evening."
P380,HOME_P380,46.048596282456344,4.108416956338062,H1,oncology,A0218,11:00,P1,high,2.0,prescription_medicale,2026-05-18 11:50:00,710,11:50,180,2026-05-18 14:50:00,890,14:50,15,1,25,3.507,5.01,3.507,H1,3.507,1,catchment_near_assigned_hospital,10,observed_user_table,CH Roanne chemotherapy: 30/day.
P381,HOME_P381,46.014488151281974,4.059058926890945,H1,dialysis,A0034,08:00,P1,high,2.0,prescription_medicale,2026-05-18 08:55:00,535,08:55,240,2026-05-18 12:55:00,775,12:55,15,1,25,5.553,7.93,5.553,H2,4.439,1,catchment_near_assigned_hospital,8,observed_user_table,"CH Roanne dialysis: 53/day. 26 morning, 23 noon, 4 evening."
P382,HOME_P382,46.06783669998406,3.977980131246558,H3,dialysis,A0704,08:00,P1,high,2.0,vsl_required,2026-05-18 08:30:00,510,08:30,260,2026-05-18 12:50:00,770,12:50,15,1,25,9.215,13.16,9.215,H3,9.215,1,catchment_near_assigned_hospital,8,assumption_to_validate,Third dialysis center: assumed 24/day.
P383,HOME_P383,46.095436752106785,4.092779558157043,H1,dialysis,A0008,08:00,P1,high,2.0,vsl_required,2026-05-18 08:10:00,490,08:10,240,2026-05-18 12:10:00,730,12:10,15,1,25,6.168,8.81,6.168,H1,6.168,1,catchment_near_assigned_hospital,8,observed_user_table,"CH Roanne dialysis: 53/day. 26 morning, 23 noon, 4 evening."
P384,HOME_P384,45.953303929497814,4.0413275327720175,H1,other,A0281,08:30,P2,medium,1.5,prescription_medicale,2026-05-18 09:25:00,565,09:25,70,2026-05-18 10:35:00,635,10:35,25,1,35,14.225,20.32,14.225,H2,13.114,1,catchment_near_assigned_hospital,12,observed_user_table,CH Roanne other: 49/day.
P385,HOME_P385,45.97416322674219,4.097397910810401,H1,oncology,A0231,11:00,P1,high,2.0,prescription_medicale,2026-05-18 11:50:00,710,11:50,180,2026-05-18 14:50:00,890,14:50,15,1,25,11.255,16.08,11.255,H2,10.319,1,catchment_near_assigned_hospital,10,observed_user_table,CH Roanne chemotherapy: 30/day.
P386,HOME_P386,46.0345555978138,4.16692686971892,H1,dialysis,A0081,13:00,P1,high,2.0,prescription_medicale,2026-05-18 13:25:00,805,13:25,240,2026-05-18 17:25:00,1045,17:25,15,1,25,9.457,13.51,9.457,H1,9.457,1,catchment_near_assigned_hospital,8,observed_user_table,"CH Roanne dialysis: 53/day. 26 morning, 23 noon, 4 evening."
P387,HOME_P387,46.01709166730756,4.06102751502853,H2,dialysis,A0507,13:00,P1,high,2.0,prescription_medicale,2026-05-18 13:05:00,785,13:05,250,2026-05-18 17:15:00,1035,17:15,15,1,25,4.046,5.78,4.046,H2,4.046,1,catchment_near_assigned_hospital,8,assumption_to_validate,Renaison dialysis: assumed 30/day.
P388,HOME_P388,46.05563573449122,4.037758207149008,H1,other,A0376,14:00,P2,medium,1.5,vsl_required,2026-05-18 14:35:00,875,14:35,110,2026-05-18 16:25:00,985,16:25,25,1,35,3.386,5.0,3.386,H3,3.207,1,catchment_near_assigned_hospital,12,observed_user_table,CH Roanne other: 49/day.
P389,HOME_P389,46.0758013331747,4.184540895709234,H2,other,A0636,10:30,P2,medium,1.5,prescription_medicale,2026-05-18 11:20:00,680,11:20,35,2026-05-18 11:55:00,715,11:55,25,1,35,11.921,17.03,11.921,H1,11.23,1,catchment_near_assigned_hospital,12,assumption_to_validate,Renaison other: assumed 36/day.
P390,HOME_P390,45.998422127822,4.078730437053684,H2,other,A0651,14:00,P2,medium,1.5,prescription_medicale,2026-05-18 14:35:00,875,14:35,30,2026-05-18 15:05:00,905,15:05,25,1,35,6.641,9.49,6.641,H2,6.641,1,catchment_near_assigned_hospital,12,assumption_to_validate,Renaison other: assumed 36/day.
P391,HOME_P391,45.979124342091566,4.133599359613179,H1,other,A0269,08:30,P2,medium,1.5,prescription_medicale,2026-05-18 09:50:00,590,09:50,120,2026-05-18 11:50:00,710,11:50,25,1,35,11.868,16.95,11.868,H2,11.169,1,catchment_near_assigned_hospital,12,observed_user_table,CH Roanne other: 49/day.
P392,HOME_P392,46.01956452853637,4.0511086839278905,H1,dialysis,A0130,13:00,P1,high,2.0,vsl_required,2026-05-18 13:40:00,820,13:40,240,2026-05-18 17:40:00,1060,17:40,15,1,25,5.131,7.33,5.131,H2,4.014,1,catchment_near_assigned_hospital,8,observed_user_table,"CH Roanne dialysis: 53/day. 26 morning, 23 noon, 4 evening."
P393,HOME_P393,46.150129911365475,4.081849344878296,H1,other,A0261,08:30,P2,medium,1.5,standard_assis,2026-05-18 08:30:00,510,08:30,110,2026-05-18 10:20:00,620,10:20,25,1,35,13.488,19.27,13.488,H1,13.488,1,catchment_near_assigned_hospital,12,observed_user_table,CH Roanne other: 49/day.
P394,HOME_P394,46.03688045856367,4.142324740147196,H1,oncology,A0233,11:00,P1,high,2.0,prescription_medicale,2026-05-18 11:55:00,715,11:55,150,2026-05-18 14:25:00,865,14:25,15,1,25,7.094,10.13,7.094,H1,7.094,1,catchment_near_assigned_hospital,10,observed_user_table,CH Roanne chemotherapy: 30/day.
P395,HOME_P395,46.102481215995205,4.073035679149943,H1,other,A0344,10:30,P2,medium,1.5,prescription_medicale,2026-05-18 11:35:00,695,11:35,105,2026-05-18 13:20:00,800,13:20,25,1,35,6.836,9.77,6.836,H1,6.836,1,catchment_near_assigned_hospital,12,observed_user_table,CH Roanne other: 49/day.
P396,HOME_P396,46.07704012981229,4.01422137698038,H3,dialysis,A0741,13:00,P1,high,2.0,vsl_required,2026-05-18 13:40:00,820,13:40,265,2026-05-18 18:05:00,1085,18:05,15,1,25,6.562,9.37,6.562,H1,6.534,1,catchment_near_assigned_hospital,8,assumption_to_validate,Third dialysis center: assumed 24/day.
P397,HOME_P397,46.01014598926229,4.014428690160849,H1,dialysis,A0092,13:00,P1,high,2.0,vsl_required,2026-05-18 13:55:00,835,13:55,240,2026-05-18 17:55:00,1075,17:55,15,1,25,8.222,11.75,8.222,H2,7.208,1,catchment_near_assigned_hospital,8,observed_user_table,"CH Roanne dialysis: 53/day. 26 morning, 23 noon, 4 evening."
P398,HOME_P398,46.04777141332003,4.0231856302470685,H1,dialysis,A0015,08:00,P1,high,2.0,vsl_required,2026-05-18 08:15:00,495,08:15,240,2026-05-18 12:15:00,735,12:15,15,1,25,4.838,6.91,4.838,H2,4.41,1,catchment_near_assigned_hospital,8,observed_user_table,"CH Roanne dialysis: 53/day. 26 morning, 23 noon, 4 evening."
P399,HOME_P399,46.03555005967237,4.043519918487333,H2,oncology,A0568,15:00,P1,high,2.0,vsl_required,2026-05-18 15:45:00,945,15:45,95,2026-05-18 17:20:00,1040,17:20,15,1,25,2.818,5.0,2.818,H2,2.818,1,catchment_near_assigned_hospital,10,assumption_to_validate,Renaison oncology: assumed 16/day.
P400,HOME_P400,46.006679113217494,4.143620169175667,H1,dialysis,A0010,08:00,P1,high,2.0,prescription_medicale,2026-05-18 08:50:00,530,08:50,240,2026-05-18 12:50:00,770,12:50,15,1,25,9.425,13.46,9.425,H2,9.031,1,catchment_near_assigned_hospital,8,observed_user_table,"CH Roanne dialysis: 53/day. 26 morning, 23 noon, 4 evening."
P401,HOME_P401,46.0743695713457,3.9967627480464696,H1,dialysis,A0155,17:00,P1,high,2.0,vsl_required,2026-05-18 17:30:00,1050,17:30,240,2026-05-18 21:30:00,1290,21:30,15,1,25,7.887,11.27,7.887,H3,7.834,1,catchment_near_assigned_hospital,8,observed_user_table,"CH Roanne dialysis: 53/day. 26 morning, 23 noon, 4 evening."
P402,HOME_P402,46.01947125635947,4.133931487958292,H1,dialysis,A0073,08:00,P1,high,2.0,vsl_required,2026-05-18 08:10:00,490,08:10,240,2026-05-18 12:10:00,730,12:10,15,1,25,7.551,10.79,7.551,H2,7.266,1,catchment_near_assigned_hospital,8,observed_user_table,"CH Roanne dialysis: 53/day. 26 morning, 23 noon, 4 evening."
P403,HOME_P403,46.100688467620145,4.0764136926123955,H1,dialysis,A0084,13:00,P1,high,2.0,vsl_required,2026-05-18 13:15:00,795,13:15,240,2026-05-18 17:15:00,1035,17:15,15,1,25,6.596,9.42,6.596,H1,6.596,1,catchment_near_assigned_hospital,8,observed_user_table,"CH Roanne dialysis: 53/day. 26 morning, 23 noon, 4 evening."
P404,HOME_P404,46.00751921681353,4.111312327901516,H3,dialysis,A0696,08:00,P1,high,2.0,prescription_medicale,2026-05-18 08:05:00,485,08:05,215,2026-05-18 11:40:00,700,11:40,15,1,25,7.124,10.18,7.124,H2,6.708,1,catchment_near_assigned_hospital,8,assumption_to_validate,Third dialysis center: assumed 24/day.
P405,HOME_P405,46.03843229831364,4.041511247776882,H2,oncology,A0531,08:00,P1,high,2.0,standard_assis,2026-05-18 08:45:00,525,08:45,255,2026-05-18 13:00:00,780,13:00,15,1,25,2.82,5.0,2.82,H2,2.82,1,catchment_near_assigned_hospital,10,assumption_to_validate,Renaison oncology: assumed 16/day.
P406,HOME_P406,46.02915570032035,4.223478458516685,H1,other,A0319,10:30,P2,medium,1.5,standard_assis,2026-05-18 11:15:00,675,11:15,85,2026-05-18 12:40:00,760,12:40,25,1,35,14.929,21.33,14.929,H1,14.929,1,catchment_near_assigned_hospital,12,observed_user_table,CH Roanne other: 49/day.
P407,HOME_P407,46.04254338056383,4.044622963976811,H1,oncology,A0240,11:00,P1,high,2.0,prescription_medicale,2026-05-18 11:45:00,705,11:45,160,2026-05-18 14:25:00,865,14:25,15,1,25,3.094,5.0,3.094,H2,2.373,1,catchment_near_assigned_hospital,10,observed_user_table,CH Roanne chemotherapy: 30/day.
P408,HOME_P408,46.08070899266252,4.130782704252674,H1,dialysis,A0049,08:00,P1,high,2.0,prescription_medicale,2026-05-18 08:30:00,510,08:30,240,2026-05-18 12:30:00,750,12:30,15,1,25,6.774,9.68,6.774,H1,6.774,1,catchment_near_assigned_hospital,8,observed_user_table,"CH Roanne dialysis: 53/day. 26 morning, 23 noon, 4 evening."
P409,HOME_P409,46.079066884097024,4.154813274268092,H3,dialysis,A0716,13:00,P1,high,2.0,prescription_medicale,2026-05-18 13:55:00,835,13:55,220,2026-05-18 17:35:00,1055,17:35,15,1,25,9.123,13.03,9.123,H1,8.691,1,catchment_near_assigned_hospital,8,assumption_to_validate,Third dialysis center: assumed 24/day.
P410,HOME_P410,46.09678772498684,3.9726070630235752,H2,other,A0596,08:30,P2,medium,1.5,premium,2026-05-18 08:55:00,535,08:55,30,2026-05-18 09:25:00,565,09:25,25,1,35,11.682,16.69,11.682,H1,11.388,1,catchment_near_assigned_hospital,12,assumption_to_validate,Renaison other: assumed 36/day.
P411,HOME_P411,46.03349156617006,4.042567687341878,H2,other,A0638,14:00,P2,medium,1.5,premium,2026-05-18 15:25:00,925,15:25,40,2026-05-18 16:05:00,965,16:05,25,1,35,3.047,5.0,3.047,H2,3.047,1,catchment_near_assigned_hospital,12,assumption_to_validate,Renaison other: assumed 36/day.
P412,HOME_P412,46.08841976148009,4.128700107151295,H3,dialysis,A0692,08:00,P1,high,2.0,vsl_required,2026-05-18 08:05:00,485,08:05,215,2026-05-18 11:40:00,700,11:40,15,1,25,7.782,11.12,7.782,H1,7.279,1,catchment_near_assigned_hospital,8,assumption_to_validate,Third dialysis center: assumed 24/day.
P413,HOME_P413,46.083786052528595,4.066070259460954,H2,dialysis,A0520,17:00,P1,high,2.0,prescription_medicale,2026-05-18 17:40:00,1060,17:40,230,2026-05-18 21:30:00,1290,21:30,15,1,25,5.3,7.57,5.3,H1,4.285,1,catchment_near_assigned_hospital,8,assumption_to_validate,Renaison dialysis: assumed 30/day.
P414,HOME_P414,45.99916944444336,3.920594224038059,H1,external,A0404,09:30,P3,low,1.0,prescription_medicale,2026-05-18 09:50:00,590,09:50,20,2026-05-18 10:10:00,610,10:10,35,1,45,16.495,23.56,16.495,H2,15.698,1,catchment_near_assigned_hospital,18,computed_from_user_table,External visits: 75/day * 15% using fleet.
P415,HOME_P415,46.068746534647964,4.009611760072401,H1,dialysis,A0024,08:00,P1,high,2.0,vsl_required,2026-05-18 08:30:00,510,08:30,240,2026-05-18 12:30:00,750,12:30,15,1,25,6.452,9.22,6.452,H3,6.381,1,catchment_near_assigned_hospital,8,observed_user_table,"CH Roanne dialysis: 53/day. 26 morning, 23 noon, 4 evening."
P416,HOME_P416,46.072109133322016,3.9990162906740316,H2,other,A0574,08:30,P2,medium,1.5,vsl_required,2026-05-18 09:20:00,560,09:20,30,2026-05-18 09:50:00,590,09:50,25,1,35,7.667,10.95,7.667,H3,7.504,1,catchment_near_assigned_hospital,12,assumption_to_validate,Renaison other: assumed 36/day.
P417,HOME_P417,46.05104832674152,4.138478021599965,H1,oncology,A0185,08:00,P1,high,2.0,prescription_medicale,2026-05-18 08:45:00,525,08:45,165,2026-05-18 11:30:00,690,11:30,15,1,25,6.353,9.08,6.353,H1,6.353,1,catchment_near_assigned_hospital,10,observed_user_table,CH Roanne chemotherapy: 30/day.
P418,HOME_P418,46.09051691574842,4.1774852477884306,H1,other,A0306,08:30,P2,medium,1.5,prescription_medicale,2026-05-18 09:10:00,550,09:10,90,2026-05-18 10:40:00,640,10:40,25,1,35,11.351,16.22,11.351,H1,11.351,1,catchment_near_assigned_hospital,12,observed_user_table,CH Roanne other: 49/day.
P419,HOME_P419,45.90770196294915,4.167624851833172,H1,external,A0431,17:30,P3,low,1.0,standard_assis,2026-05-18 17:50:00,1070,17:50,20,2026-05-18 18:10:00,1090,18:10,35,1,58,22.217,31.74,22.217,H2,21.425,1,catchment_near_assigned_hospital,18,computed_from_user_table,External visits: 75/day * 15% using fleet.
P420,HOME_P420,45.97714452311508,4.001956305924425,H1,other,A0325,10:30,P2,medium,1.5,standard_assis,2026-05-18 11:50:00,710,11:50,110,2026-05-18 13:40:00,820,13:40,25,1,35,12.597,18.0,12.597,H2,11.508,1,catchment_near_assigned_hospital,12,observed_user_table,CH Roanne other: 49/day.
P421,HOME_P421,46.038938213334546,4.051727621246791,H3,dialysis,A0693,08:00,P1,high,2.0,prescription_medicale,2026-05-18 08:30:00,510,08:30,210,2026-05-18 12:00:00,720,12:00,15,1,25,2.339,5.0,2.339,H2,1.896,1,catchment_near_assigned_hospital,8,assumption_to_validate,Third dialysis center: assumed 24/day.
P422,HOME_P422,46.09524073094446,4.158655612262731,H2,oncology,A0539,08:00,P1,high,2.0,vsl_required,2026-05-18 08:25:00,505,08:25,70,2026-05-18 09:35:00,575,09:35,15,1,25,11.068,15.81,11.068,H1,10.133,1,catchment_near_assigned_hospital,10,assumption_to_validate,Renaison oncology: assumed 16/day.
P423,HOME_P423,46.071726818148115,4.029620775882642,H1,other,A0358,14:00,P2,medium,1.5,prescription_medicale,2026-05-18 14:50:00,890,14:50,120,2026-05-18 16:50:00,1010,16:50,25,1,35,4.881,6.97,4.881,H1,4.881,1,catchment_near_assigned_hospital,12,observed_user_table,CH Roanne other: 49/day.
P424,HOME_P424,46.143718505973226,4.044222446020667,H2,other,A0643,14:00,P2,medium,1.5,standard_assis,2026-05-18 14:05:00,845,14:05,40,2026-05-18 14:45:00,885,14:45,25,1,35,13.828,19.75,13.828,H1,12.864,1,catchment_near_assigned_hospital,12,assumption_to_validate,Renaison other: assumed 36/day.
P425,HOME_P425,46.05437647411971,4.146256698297816,H2,dialysis,A0509,13:00,P1,high,2.0,prescription_medicale,2026-05-18 13:00:00,780,13:00,270,2026-05-18 17:30:00,1050,17:30,15,1,25,7.569,10.81,7.569,H1,7.097,1,catchment_near_assigned_hospital,8,assumption_to_validate,Renaison dialysis: assumed 30/day.
P426,HOME_P426,46.05692934179328,4.09946027177264,H1,other,A0359,14:00,P2,medium,1.5,premium,2026-05-18 15:00:00,900,15:00,80,2026-05-18 16:20:00,980,16:20,25,1,35,2.63,5.0,2.63,H1,2.63,1,catchment_near_assigned_hospital,12,observed_user_table,CH Roanne other: 49/day.
P427,HOME_P427,46.008166012340105,3.9921251199071732,H1,oncology,A0210,08:00,P1,high,2.0,prescription_medicale,2026-05-18 08:50:00,530,08:50,155,2026-05-18 11:25:00,685,11:25,15,1,25,9.991,14.27,9.991,H2,9.054,1,catchment_near_assigned_hospital,10,observed_user_table,CH Roanne chemotherapy: 30/day.
P428,HOME_P428,46.03761440211171,4.1582233454721145,H2,dialysis,A0460,08:00,P1,high,2.0,vsl_required,2026-05-18 08:50:00,530,08:50,265,2026-05-18 13:15:00,795,13:15,15,1,25,8.7,12.43,8.7,H1,8.534,1,catchment_near_assigned_hospital,8,assumption_to_validate,Renaison dialysis: assumed 30/day.
P429,HOME_P429,46.036931928451665,4.101015744623165,H3,dialysis,A0713,08:00,P1,high,2.0,vsl_required,2026-05-18 08:00:00,480,08:00,225,2026-05-18 11:45:00,705,11:45,15,1,25,3.5,5.0,3.5,H2,3.339,1,catchment_near_assigned_hospital,8,assumption_to_validate,Third dialysis center: assumed 24/day.
P430,HOME_P430,46.14363484703576,4.070846632501639,H2,other,A0677,16:30,P2,medium,1.5,standard_assis,2026-05-18 17:00:00,1020,17:00,30,2026-05-18 17:30:00,1050,17:30,25,0,35,13.614,19.45,13.614,H1,12.557,1,catchment_near_assigned_hospital,12,assumption_to_validate,Renaison other: assumed 36/day.
P431,HOME_P431,45.962332778462624,4.140216222895742,H2,other,A0637,14:00,P2,medium,1.5,prescription_medicale,2026-05-18 14:25:00,865,14:25,25,2026-05-18 14:50:00,890,14:50,25,1,35,13.484,19.26,13.484,H2,13.484,1,catchment_near_assigned_hospital,12,assumption_to_validate,Renaison other: assumed 36/day.
P432,HOME_P432,46.08396116229882,4.11765228990898,H2,other,A0586,08:30,P2,medium,1.5,standard_assis,2026-05-18 09:30:00,570,09:30,40,2026-05-18 10:10:00,610,10:10,25,1,35,7.105,10.15,7.105,H1,6.079,1,catchment_near_assigned_hospital,12,assumption_to_validate,Renaison other: assumed 36/day.
P433,HOME_P433,46.04546496920615,4.06173324245999,H1,dialysis,A0025,08:00,P1,high,2.0,vsl_required,2026-05-18 08:15:00,495,08:15,240,2026-05-18 12:15:00,735,12:15,15,1,25,1.518,5.0,1.518,H2,0.683,1,catchment_near_assigned_hospital,8,observed_user_table,"CH Roanne dialysis: 53/day. 26 morning, 23 noon, 4 evening."
P434,HOME_P434,45.99606796233498,4.033813836244601,H3,dialysis,A0687,08:00,P1,high,2.0,prescription_medicale,2026-05-18 08:35:00,515,08:35,230,2026-05-18 12:25:00,745,12:25,15,1,25,8.27,11.81,8.27,H2,7.681,1,catchment_near_assigned_hospital,8,assumption_to_validate,Third dialysis center: assumed 24/day.
P435,HOME_P435,45.98835151431473,4.0272759025901115,H2,dialysis,A0484,13:00,P1,high,2.0,vsl_required,2026-05-18 13:55:00,835,13:55,245,2026-05-18 18:00:00,1080,18:00,15,1,25,8.922,12.75,8.922,H2,8.922,1,catchment_near_assigned_hospital,8,assumption_to_validate,Renaison dialysis: assumed 30/day.
P436,HOME_P436,46.01905220541121,4.048061909713309,H2,dialysis,A0448,08:00,P1,high,2.0,prescription_medicale,2026-05-18 08:45:00,525,08:45,255,2026-05-18 13:00:00,780,13:00,15,1,25,4.21,6.01,4.21,H2,4.21,1,catchment_near_assigned_hospital,8,assumption_to_validate,Renaison dialysis: assumed 30/day.
P437,HOME_P437,45.99799820978573,4.1607545148321865,H2,oncology,A0534,08:00,P1,high,2.0,prescription_medicale,2026-05-18 08:25:00,505,08:25,360,2026-05-18 14:25:00,865,14:25,15,1,25,11.078,15.83,11.078,H2,11.078,1,catchment_near_assigned_hospital,10,assumption_to_validate,Renaison oncology: assumed 16/day.
P438,HOME_P438,46.11350820294926,4.138379862349958,H2,other,A0667,16:30,P2,medium,1.5,prescription_medicale,2026-05-18 17:10:00,1030,17:10,35,2026-05-18 17:45:00,1065,17:45,25,1,35,11.569,16.53,11.569,H1,10.494,1,catchment_near_assigned_hospital,12,assumption_to_validate,Renaison other: assumed 36/day.
P439,HOME_P439,46.14212449221259,4.088031221646755,H1,oncology,A0174,08:00,P1,high,2.0,vsl_required,2026-05-18 08:05:00,485,08:05,170,2026-05-18 10:55:00,655,10:55,15,1,25,12.434,17.76,12.434,H1,12.434,1,catchment_near_assigned_hospital,10,observed_user_table,CH Roanne chemotherapy: 30/day.
P440,HOME_P440,46.09017782819858,3.9938693836723838,H1,dialysis,A0023,08:00,P1,high,2.0,vsl_required,2026-05-18 08:25:00,505,08:25,240,2026-05-18 12:25:00,745,12:25,15,1,25,9.168,13.1,9.168,H1,9.168,1,catchment_near_assigned_hospital,8,observed_user_table,"CH Roanne dialysis: 53/day. 26 morning, 23 noon, 4 evening."
P441,HOME_P441,45.97094660996032,4.15284200409286,H2,other,A0584,08:30,P2,medium,1.5,standard_assis,2026-05-18 09:40:00,580,09:40,35,2026-05-18 10:15:00,615,10:15,25,1,35,13.183,18.83,13.183,H2,13.183,1,catchment_near_assigned_hospital,12,assumption_to_validate,Renaison other: assumed 36/day.
P442,HOME_P442,46.104185469279315,3.9660880713819915,H2,other,A0578,08:30,P2,medium,1.5,prescription_medicale,2026-05-18 09:45:00,585,09:45,35,2026-05-18 10:20:00,620,10:20,25,0,35,12.813,18.3,12.813,H1,12.477,1,catchment_near_assigned_hospital,12,assumption_to_validate,Renaison other: assumed 36/day.
P443,HOME_P443,45.959055080677615,4.037224829774748,H2,other,A0640,14:00,P2,medium,1.5,vsl_required,2026-05-18 14:15:00,855,14:15,40,2026-05-18 14:55:00,895,14:55,25,0,35,12.423,17.75,12.423,H2,12.423,1,catchment_near_assigned_hospital,12,assumption_to_validate,Renaison other: assumed 36/day.
P444,HOME_P444,46.051480665856566,4.156444121783218,H2,other,A0620,10:30,P2,medium,1.5,standard_assis,2026-05-18 11:35:00,695,11:35,35,2026-05-18 12:10:00,730,12:10,25,1,35,8.493,12.13,8.493,H1,8.082,1,catchment_near_assigned_hospital,12,assumption_to_validate,Renaison other: assumed 36/day.
P445,HOME_P445,46.1343091040093,4.08317223916293,H1,other,A0295,08:30,P2,medium,1.5,standard_assis,2026-05-18 09:10:00,550,09:10,105,2026-05-18 10:55:00,655,10:55,25,1,35,11.305,16.15,11.305,H1,11.305,1,catchment_near_assigned_hospital,12,observed_user_table,CH Roanne other: 49/day.
P446,HOME_P446,45.97492561445023,4.101428925059884,H2,other,A0639,14:00,P2,medium,1.5,standard_assis,2026-05-18 14:00:00,840,14:00,35,2026-05-18 14:35:00,875,14:35,25,1,35,10.329,14.76,10.329,H2,10.329,1,catchment_near_assigned_hospital,12,assumption_to_validate,Renaison other: assumed 36/day.
P447,HOME_P447,46.12894704278336,4.090026190630255,H1,oncology,A0237,11:00,P1,high,2.0,vsl_required,2026-05-18 11:15:00,675,11:15,155,2026-05-18 13:50:00,830,13:50,15,1,25,10.646,15.21,10.646,H1,10.646,1,catchment_near_assigned_hospital,10,observed_user_table,CH Roanne chemotherapy: 30/day.
P448,HOME_P448,46.063005874678346,4.187607101371936,H2,oncology,A0548,08:00,P1,high,2.0,standard_assis,2026-05-18 08:00:00,480,08:00,85,2026-05-18 09:25:00,565,09:25,15,1,25,11.71,16.73,11.71,H1,11.165,1,catchment_near_assigned_hospital,10,assumption_to_validate,Renaison oncology: assumed 16/day.
P449,HOME_P449,45.99080491628082,4.055612773552354,H1,other,A0354,14:00,P2,medium,1.5,prescription_medicale,2026-05-18 14:55:00,895,14:55,110,2026-05-18 16:45:00,1005,16:45,25,1,35,8.842,12.63,8.842,H2,7.736,1,catchment_near_assigned_hospital,12,observed_user_table,CH Roanne other: 49/day.
P450,HOME_P450,46.07003052632364,3.979238451845777,H1,dialysis,A0082,13:00,P1,high,2.0,vsl_required,2026-05-18 13:30:00,810,13:30,240,2026-05-18 17:30:00,1050,17:30,15,1,25,9.309,13.3,9.309,H3,9.186,1,catchment_near_assigned_hospital,8,observed_user_table,"CH Roanne dialysis: 53/day. 26 morning, 23 noon, 4 evening."
P451,HOME_P451,46.11889420418159,4.100526601839214,H1,dialysis,A0011,08:00,P1,high,2.0,vsl_required,2026-05-18 08:20:00,500,08:20,240,2026-05-18 12:20:00,740,12:20,15,1,25,9.504,13.58,9.504,H1,9.504,1,catchment_near_assigned_hospital,8,observed_user_table,"CH Roanne dialysis: 53/day. 26 morning, 23 noon, 4 evening."
P452,HOME_P452,46.140807896891864,4.0702806840778605,H1,other,A0254,08:30,P2,medium,1.5,prescription_medicale,2026-05-18 09:40:00,580,09:40,115,2026-05-18 11:35:00,695,11:35,25,1,35,12.165,17.38,12.165,H1,12.165,1,catchment_near_assigned_hospital,12,observed_user_table,CH Roanne other: 49/day.
P453,HOME_P453,46.02178780022086,4.062385649622344,H1,dialysis,A0009,08:00,P1,high,2.0,vsl_required,2026-05-18 08:10:00,490,08:10,240,2026-05-18 12:10:00,730,12:10,15,1,25,4.492,6.42,4.492,H2,3.381,1,catchment_near_assigned_hospital,8,observed_user_table,"CH Roanne dialysis: 53/day. 26 morning, 23 noon, 4 evening."
P454,HOME_P454,46.12874726128413,4.029391094564511,H1,oncology,A0213,11:00,P1,high,2.0,prescription_medicale,2026-05-18 11:25:00,685,11:25,155,2026-05-18 14:00:00,840,14:00,15,1,25,11.287,16.12,11.287,H1,11.287,1,catchment_near_assigned_hospital,10,observed_user_table,CH Roanne chemotherapy: 30/day.
P455,HOME_P455,46.05791635003896,4.188110294334694,H1,oncology,A0176,08:00,P1,high,2.0,vsl_required,2026-05-18 08:00:00,480,08:00,175,2026-05-18 10:55:00,655,10:55,15,1,25,11.15,15.93,11.15,H1,11.15,1,catchment_near_assigned_hospital,10,observed_user_table,CH Roanne chemotherapy: 30/day.
P456,HOME_P456,46.04726212869808,4.171043813353281,H2,other,A0632,10:30,P2,medium,1.5,standard_assis,2026-05-18 11:35:00,695,11:35,30,2026-05-18 12:05:00,725,12:05,25,0,35,9.866,14.09,9.866,H1,9.524,1,catchment_near_assigned_hospital,12,assumption_to_validate,Renaison other: assumed 36/day.
P457,HOME_P457,46.040462744141514,4.080359142717824,H1,dialysis,A0139,13:00,P1,high,2.0,prescription_medicale,2026-05-18 13:45:00,825,13:45,240,2026-05-18 17:45:00,1065,17:45,15,1,25,1.931,5.0,1.931,H2,1.332,1,catchment_near_assigned_hospital,8,observed_user_table,"CH Roanne dialysis: 53/day. 26 morning, 23 noon, 4 evening."
P458,HOME_P458,46.11571978729041,4.107718180152898,H1,other,A0293,08:30,P2,medium,1.5,vsl_required,2026-05-18 09:40:00,580,09:40,60,2026-05-18 10:40:00,640,10:40,25,1,35,9.31,13.3,9.31,H1,9.31,1,catchment_near_assigned_hospital,12,observed_user_table,CH Roanne other: 49/day.
P459,HOME_P459,46.10267723506941,4.029507999839982,H3,dialysis,A0749,17:00,P1,high,2.0,prescription_medicale,2026-05-18 17:35:00,1055,17:35,225,2026-05-18 21:20:00,1280,21:20,15,1,25,8.298,11.85,8.298,H1,8.028,1,catchment_near_assigned_hospital,8,assumption_to_validate,Third dialysis center: assumed 24/day.
P460,HOME_P460,46.08618202699637,4.144147964120315,H1,dialysis,A0153,17:00,P1,high,2.0,prescription_medicale,2026-05-18 17:55:00,1075,17:55,240,2026-05-18 21:55:00,1315,21:55,15,1,25,8.268,11.81,8.268,H1,8.268,1,catchment_near_assigned_hospital,8,observed_user_table,"CH Roanne dialysis: 53/day. 26 morning, 23 noon, 4 evening."
P461,HOME_P461,46.035787771171194,4.154957943368554,H3,dialysis,A0728,13:00,P1,high,2.0,vsl_required,2026-05-18 13:45:00,825,13:45,235,2026-05-18 17:40:00,1060,17:40,15,1,25,8.431,12.04,8.431,H1,8.301,1,catchment_near_assigned_hospital,8,assumption_to_validate,Third dialysis center: assumed 24/day.
P462,HOME_P462,46.03291577867102,4.004710990737394,H2,other,A0609,08:30,P2,medium,1.5,standard_assis,2026-05-18 09:30:00,570,09:30,30,2026-05-18 10:00:00,600,10:00,25,1,35,6.434,9.19,6.434,H2,6.434,1,catchment_near_assigned_hospital,12,assumption_to_validate,Renaison other: assumed 36/day.
P463,HOME_P463,45.98916217645785,4.102604250996158,H2,dialysis,A0463,08:00,P1,high,2.0,vsl_required,2026-05-18 08:00:00,480,08:00,235,2026-05-18 11:55:00,715,11:55,15,1,25,8.509,12.16,8.509,H2,8.509,1,catchment_near_assigned_hospital,8,assumption_to_validate,Renaison dialysis: assumed 30/day.
P464,HOME_P464,46.02034059313545,4.003727503957107,H3,dialysis,A0708,08:00,P1,high,2.0,vsl_required,2026-05-18 08:05:00,485,08:05,215,2026-05-18 11:40:00,700,11:40,15,1,25,7.608,10.87,7.608,H2,7.201,1,catchment_near_assigned_hospital,8,assumption_to_validate,Third dialysis center: assumed 24/day.
P465,HOME_P465,46.03179639351348,4.032330869487382,H1,dialysis,A0043,08:00,P1,high,2.0,prescription_medicale,2026-05-18 08:55:00,535,08:55,240,2026-05-18 12:55:00,775,12:55,15,1,25,4.909,7.01,4.909,H2,4.014,1,catchment_near_assigned_hospital,8,observed_user_table,"CH Roanne dialysis: 53/day. 26 morning, 23 noon, 4 evening."
P466,HOME_P466,46.063824982707864,4.146903072659899,H1,other,A0322,10:30,P2,medium,1.5,standard_assis,2026-05-18 11:35:00,695,11:35,95,2026-05-18 13:10:00,790,13:10,25,1,35,7.305,10.44,7.305,H1,7.305,1,catchment_near_assigned_hospital,12,observed_user_table,CH Roanne other: 49/day.
P467,HOME_P467,46.067983610719985,4.134595934574305,H1,dialysis,A0109,13:00,P1,high,2.0,vsl_required,2026-05-18 13:50:00,830,13:50,240,2026-05-18 17:50:00,1070,17:50,15,1,25,6.309,9.01,6.309,H1,6.309,1,catchment_near_assigned_hospital,8,observed_user_table,"CH Roanne dialysis: 53/day. 26 morning, 23 noon, 4 evening."
P468,HOME_P468,45.97762078200813,4.048216752538885,H1,oncology,A0168,08:00,P1,high,2.0,vsl_required,2026-05-18 08:30:00,510,08:30,150,2026-05-18 11:00:00,660,11:00,15,1,25,10.781,15.4,10.781,H2,9.669,1,catchment_near_assigned_hospital,10,observed_user_table,CH Roanne chemotherapy: 30/day.
P469,HOME_P469,46.136275330785985,4.124767552982375,H1,other,A0255,08:30,P2,medium,1.5,standard_assis,2026-05-18 08:35:00,515,08:35,115,2026-05-18 10:30:00,630,10:30,25,1,35,12.578,17.97,12.578,H1,12.578,1,catchment_near_assigned_hospital,12,observed_user_table,CH Roanne other: 49/day.
P470,HOME_P470,46.03973810983373,4.104448065815436,H1,oncology,A0232,11:00,P1,high,2.0,vsl_required,2026-05-18 11:00:00,660,11:00,175,2026-05-18 13:55:00,835,13:55,15,1,25,3.596,5.14,3.596,H2,3.538,1,catchment_near_assigned_hospital,10,observed_user_table,CH Roanne chemotherapy: 30/day.
P471,HOME_P471,46.016439819278865,3.9794765642159415,H2,dialysis,A0480,13:00,P1,high,2.0,vsl_required,2026-05-18 13:30:00,810,13:30,245,2026-05-18 17:35:00,1055,17:35,15,1,25,9.531,13.62,9.531,H2,9.531,1,catchment_near_assigned_hospital,8,assumption_to_validate,Renaison dialysis: assumed 30/day.
P472,HOME_P472,46.06590399237856,4.050975843915116,H1,dialysis,A0103,13:00,P1,high,2.0,vsl_required,2026-05-18 13:30:00,810,13:30,240,2026-05-18 17:30:00,1050,17:30,15,1,25,2.731,5.0,2.731,H1,2.731,1,catchment_near_assigned_hospital,8,observed_user_table,"CH Roanne dialysis: 53/day. 26 morning, 23 noon, 4 evening."
P473,HOME_P473,46.07035563793479,4.145750300102735,H1,dialysis,A0061,08:00,P1,high,2.0,vsl_required,2026-05-18 08:40:00,520,08:40,240,2026-05-18 12:40:00,760,12:40,15,1,25,7.433,10.62,7.433,H1,7.433,1,catchment_near_assigned_hospital,8,observed_user_table,"CH Roanne dialysis: 53/day. 26 morning, 23 noon, 4 evening."
P474,HOME_P474,46.07274082933653,4.102951227351355,H1,oncology,A0245,14:00,P1,high,2.0,prescription_medicale,2026-05-18 14:10:00,850,14:10,175,2026-05-18 17:05:00,1025,17:05,15,1,25,3.977,5.68,3.977,H1,3.977,1,catchment_near_assigned_hospital,10,observed_user_table,CH Roanne chemotherapy: 30/day.
P475,HOME_P475,46.0180812738181,4.020244311422366,H3,dialysis,A0706,08:00,P1,high,2.0,vsl_required,2026-05-18 08:05:00,485,08:05,265,2026-05-18 12:30:00,750,12:30,15,1,25,6.537,9.34,6.537,H2,6.057,1,catchment_near_assigned_hospital,8,assumption_to_validate,Third dialysis center: assumed 24/day.
P476,HOME_P476,46.07489260763815,3.97001828020852,H1,other,A0256,08:30,P2,medium,1.5,standard_assis,2026-05-18 09:50:00,590,09:50,60,2026-05-18 10:50:00,650,10:50,25,1,35,10.348,14.78,10.348,H3,10.245,1,catchment_near_assigned_hospital,12,observed_user_table,CH Roanne other: 49/day.
P477,HOME_P477,46.125155135240746,4.0544685882928055,H1,other,A0280,08:30,P2,medium,1.5,standard_assis,2026-05-18 08:55:00,535,08:55,110,2026-05-18 10:45:00,645,10:45,25,1,35,10.141,14.49,10.141,H1,10.141,1,catchment_near_assigned_hospital,12,observed_user_table,CH Roanne other: 49/day.
P478,HOME_P478,45.9511482425606,4.09577375937949,H1,external,A0403,09:30,P3,low,1.0,prescription_medicale,2026-05-18 10:35:00,635,10:35,30,2026-05-18 11:05:00,665,11:05,35,1,45,14.372,20.53,14.372,H2,13.398,1,catchment_near_assigned_hospital,18,computed_from_user_table,External visits: 75/day * 15% using fleet.
P479,HOME_P479,46.01207940048903,4.186807180694368,H1,oncology,A0202,08:00,P1,high,2.0,prescription_medicale,2026-05-18 08:15:00,495,08:15,175,2026-05-18 11:10:00,670,11:10,15,1,25,12.412,17.73,12.412,H2,12.31,1,catchment_near_assigned_hospital,10,observed_user_table,CH Roanne chemotherapy: 30/day.
P480,HOME_P480,46.02887752792077,4.086125216865654,H1,dialysis,A0062,08:00,P1,high,2.0,vsl_required,2026-05-18 08:50:00,530,08:50,240,2026-05-18 12:50:00,770,12:50,15,1,25,3.633,5.19,3.633,H2,2.874,1,catchment_near_assigned_hospital,8,observed_user_table,"CH Roanne dialysis: 53/day. 26 morning, 23 noon, 4 evening."
P481,HOME_P481,46.102871020695126,4.080318215333903,H1,dialysis,A0029,08:00,P1,high,2.0,vsl_required,2026-05-18 08:15:00,495,08:15,240,2026-05-18 12:15:00,735,12:15,15,1,25,6.929,9.9,6.929,H1,6.929,1,catchment_near_assigned_hospital,8,observed_user_table,"CH Roanne dialysis: 53/day. 26 morning, 23 noon, 4 evening."
P482,HOME_P482,46.03940399502488,4.070326973031331,H2,dialysis,A0517,13:00,P1,high,2.0,vsl_required,2026-05-18 13:05:00,785,13:05,225,2026-05-18 16:50:00,1010,16:50,15,1,25,0.887,5.0,0.887,H2,0.887,1,catchment_near_assigned_hospital,8,assumption_to_validate,Renaison dialysis: assumed 30/day.
P483,HOME_P483,45.98799826181906,4.071627066653306,H2,dialysis,A0501,13:00,P1,high,2.0,vsl_required,2026-05-18 13:55:00,835,13:55,245,2026-05-18 18:00:00,1080,18:00,15,1,25,8.025,11.46,8.025,H2,8.025,1,catchment_near_assigned_hospital,8,assumption_to_validate,Renaison dialysis: assumed 30/day.
P484,HOME_P484,45.98163521422839,4.082474721493033,H2,dialysis,A0462,08:00,P1,high,2.0,vsl_required,2026-05-18 08:35:00,515,08:35,220,2026-05-18 12:15:00,735,12:15,15,1,25,9.002,12.86,9.002,H2,9.002,1,catchment_near_assigned_hospital,8,assumption_to_validate,Renaison dialysis: assumed 30/day.
P485,HOME_P485,46.1023591210363,4.1240438509265145,H1,oncology,A0170,08:00,P1,high,2.0,prescription_medicale,2026-05-18 08:25:00,505,08:25,150,2026-05-18 10:55:00,655,10:55,15,1,25,8.426,12.04,8.426,H1,8.426,1,catchment_near_assigned_hospital,10,observed_user_table,CH Roanne chemotherapy: 30/day.
P486,HOME_P486,46.095489813128424,4.054310915664774,H1,dialysis,A0046,08:00,P1,high,2.0,vsl_required,2026-05-18 08:15:00,495,08:15,240,2026-05-18 12:15:00,735,12:15,15,1,25,6.126,8.75,6.126,H1,6.126,1,catchment_near_assigned_hospital,8,observed_user_table,"CH Roanne dialysis: 53/day. 26 morning, 23 noon, 4 evening."
P487,HOME_P487,46.01070735625214,4.136203948335672,H1,other,A0326,10:30,P2,medium,1.5,prescription_medicale,2026-05-18 11:30:00,690,11:30,100,2026-05-18 13:10:00,790,13:10,25,1,35,8.521,12.17,8.521,H2,8.122,1,catchment_near_assigned_hospital,12,observed_user_table,CH Roanne other: 49/day.
P488,HOME_P488,46.13923273474307,4.0868766377427965,H1,other,A0387,16:00,P2,medium,1.5,standard_assis,2026-05-18 17:05:00,1025,17:05,75,2026-05-18 18:20:00,1100,18:20,25,1,35,12.022,17.17,12.022,H1,12.022,1,catchment_near_assigned_hospital,12,observed_user_table,CH Roanne other: 49/day.
P489,HOME_P489,46.11722256939402,4.03578049542747,H1,dialysis,A0022,08:00,P1,high,2.0,vsl_required,2026-05-18 08:10:00,490,08:10,240,2026-05-18 12:10:00,730,12:10,15,1,25,9.571,13.67,9.571,H1,9.571,1,catchment_near_assigned_hospital,8,observed_user_table,"CH Roanne dialysis: 53/day. 26 morning, 23 noon, 4 evening."
P490,HOME_P490,46.05157269755668,4.082905344334307,H1,oncology,A0200,08:00,P1,high,2.0,standard_assis,2026-05-18 08:45:00,525,08:45,160,2026-05-18 11:25:00,685,11:25,15,1,25,1.013,5.0,1.013,H1,1.013,1,catchment_near_assigned_hospital,10,observed_user_table,CH Roanne chemotherapy: 30/day.
P491,HOME_P491,46.05081580064157,4.110197869656042,H1,oncology,A0182,08:00,P1,high,2.0,vsl_required,2026-05-18 08:10:00,490,08:10,150,2026-05-18 10:40:00,640,10:40,15,1,25,3.634,5.19,3.634,H1,3.634,1,catchment_near_assigned_hospital,10,observed_user_table,CH Roanne chemotherapy: 30/day.
P492,HOME_P492,46.120747442356084,4.164660455946793,H2,other,A0653,14:00,P2,medium,1.5,standard_assis,2026-05-18 14:50:00,890,14:50,35,2026-05-18 15:25:00,925,15:25,25,0,35,13.936,19.91,13.936,H1,12.903,1,catchment_near_assigned_hospital,12,assumption_to_validate,Renaison other: assumed 36/day.
P493,HOME_P493,46.20078141605299,3.998167578574433,H1,external,A0412,11:30,P3,low,1.0,prescription_medicale,2026-05-18 11:40:00,700,11:40,30,2026-05-18 12:10:00,730,12:10,35,1,56,21.72,31.03,21.72,H1,21.72,1,catchment_near_assigned_hospital,18,computed_from_user_table,External visits: 75/day * 15% using fleet.
P494,HOME_P494,46.075190289792886,4.006895896858152,H2,other,A0635,10:30,P2,medium,1.5,prescription_medicale,2026-05-18 11:05:00,665,11:05,25,2026-05-18 11:30:00,690,11:30,25,1,35,7.242,10.35,7.242,H3,7.021,1,catchment_near_assigned_hospital,12,assumption_to_validate,Renaison other: assumed 36/day.
P495,HOME_P495,46.06492885048899,4.06702954208783,H1,external,A0415,12:30,P3,low,1.0,prescription_medicale,2026-05-18 13:50:00,830,13:50,30,2026-05-18 14:20:00,860,14:20,35,1,45,1.706,5.0,1.706,H1,1.706,1,catchment_near_assigned_hospital,18,computed_from_user_table,External visits: 75/day * 15% using fleet.
P496,HOME_P496,46.03010022857555,4.135546827597954,H3,dialysis,A0681,08:00,P1,high,2.0,vsl_required,2026-05-18 08:50:00,530,08:50,255,2026-05-18 13:05:00,785,13:05,15,1,25,6.903,9.86,6.903,H2,6.795,1,catchment_near_assigned_hospital,8,assumption_to_validate,Third dialysis center: assumed 24/day.
P497,HOME_P497,46.088451881791826,4.082830505434996,H1,dialysis,A0040,08:00,P1,high,2.0,prescription_medicale,2026-05-18 08:40:00,520,08:40,240,2026-05-18 12:40:00,760,12:40,15,1,25,4.983,7.12,4.983,H1,4.983,1,catchment_near_assigned_hospital,8,observed_user_table,"CH Roanne dialysis: 53/day. 26 morning, 23 noon, 4 evening."
P498,HOME_P498,45.98790801590864,3.953173832575134,H2,other,A0575,08:30,P2,medium,1.5,standard_assis,2026-05-18 09:05:00,545,09:05,30,2026-05-18 09:35:00,575,09:35,25,1,35,13.751,19.64,13.751,H2,13.751,1,catchment_near_assigned_hospital,12,assumption_to_validate,Renaison other: assumed 36/day.
P499,HOME_P499,46.01633944961821,4.087737298036009,H2,dialysis,A0505,13:00,P1,high,2.0,vsl_required,2026-05-18 13:05:00,785,13:05,225,2026-05-18 16:50:00,1010,16:50,15,1,25,4.471,6.39,4.471,H2,4.471,1,catchment_near_assigned_hospital,8,assumption_to_validate,Renaison dialysis: assumed 30/day.
P500,HOME_P500,45.98697704573655,3.9531116953485905,H1,other,A0277,08:30,P2,medium,1.5,prescription_medicale,2026-05-18 08:40:00,520,08:40,60,2026-05-18 09:40:00,580,09:40,25,1,35,14.772,21.1,14.772,H2,13.832,1,catchment_near_assigned_hospital,12,observed_user_table,CH Roanne other: 49/day.
P501,HOME_P501,45.98816445419169,4.039089189573549,H2,dialysis,A0510,13:00,P1,high,2.0,vsl_required,2026-05-18 13:15:00,795,13:15,230,2026-05-18 17:05:00,1025,17:05,15,1,25,8.496,12.14,8.496,H2,8.496,1,catchment_near_assigned_hospital,8,assumption_to_validate,Renaison dialysis: assumed 30/day.
P502,HOME_P502,46.01720974604951,4.148951809713284,H1,oncology,A0177,08:00,P1,high,2.0,prescription_medicale,2026-05-18 08:10:00,490,08:10,180,2026-05-18 11:10:00,670,11:10,15,1,25,8.905,12.72,8.905,H2,8.689,1,catchment_near_assigned_hospital,10,observed_user_table,CH Roanne chemotherapy: 30/day.
P503,HOME_P503,46.124988877251,4.04980614274931,H1,external,A0423,14:30,P3,low,1.0,standard_assis,2026-05-18 15:00:00,900,15:00,20,2026-05-18 15:20:00,920,15:20,35,1,45,10.206,14.58,10.206,H1,10.206,1,catchment_near_assigned_hospital,18,computed_from_user_table,External visits: 75/day * 15% using fleet.
P504,HOME_P504,45.972710241516275,3.9775777698448778,H1,other,A0388,16:00,P2,medium,1.5,standard_assis,2026-05-18 16:15:00,975,16:15,85,2026-05-18 17:40:00,1060,17:40,25,1,35,14.484,20.69,14.484,H2,13.434,1,catchment_near_assigned_hospital,12,observed_user_table,CH Roanne other: 49/day.
P505,HOME_P505,46.038104724161414,4.046079439612589,H1,other,A0301,08:30,P2,medium,1.5,standard_assis,2026-05-18 09:20:00,560,09:20,65,2026-05-18 10:25:00,625,10:25,25,1,35,3.325,5.0,3.325,H2,2.433,1,catchment_near_assigned_hospital,12,observed_user_table,CH Roanne other: 49/day.
P506,HOME_P506,46.09378017536477,4.023849450907432,H3,dialysis,A0690,08:00,P1,high,2.0,vsl_required,2026-05-18 08:50:00,530,08:50,270,2026-05-18 13:20:00,800,13:20,15,1,25,7.539,10.77,7.539,H1,7.338,1,catchment_near_assigned_hospital,8,assumption_to_validate,Third dialysis center: assumed 24/day.
P507,HOME_P507,46.05216691111618,4.052429738361118,H3,dialysis,A0740,13:00,P1,high,2.0,vsl_required,2026-05-18 13:45:00,825,13:45,235,2026-05-18 17:40:00,1060,17:40,15,1,25,1.721,5.0,1.721,H3,1.721,1,catchment_near_assigned_hospital,8,assumption_to_validate,Third dialysis center: assumed 24/day.
P508,HOME_P508,46.0830539320328,4.150651736631314,H1,dialysis,A0135,13:00,P1,high,2.0,prescription_medicale,2026-05-18 13:00:00,780,13:00,240,2026-05-18 17:00:00,1020,17:00,15,1,25,8.58,12.26,8.58,H1,8.58,1,catchment_near_assigned_hospital,8,observed_user_table,"CH Roanne dialysis: 53/day. 26 morning, 23 noon, 4 evening."
P509,HOME_P509,46.05406938325635,4.103205863990913,H2,dialysis,A0451,08:00,P1,high,2.0,prescription_medicale,2026-05-18 08:40:00,520,08:40,220,2026-05-18 12:20:00,740,12:20,15,1,25,3.517,5.02,3.517,H1,2.945,1,catchment_near_assigned_hospital,8,assumption_to_validate,Renaison dialysis: assumed 30/day.
P510,HOME_P510,46.08737143848189,4.064073620760516,H1,dialysis,A0047,08:00,P1,high,2.0,vsl_required,2026-05-18 08:10:00,490,08:10,240,2026-05-18 12:10:00,730,12:10,15,1,25,4.808,6.87,4.808,H1,4.808,1,catchment_near_assigned_hospital,8,observed_user_table,"CH Roanne dialysis: 53/day. 26 morning, 23 noon, 4 evening."
P511,HOME_P511,45.99770709986703,4.168467927671338,H2,other,A0579,08:30,P2,medium,1.5,vsl_required,2026-05-18 08:50:00,530,08:50,30,2026-05-18 09:20:00,560,09:20,25,1,35,11.706,16.72,11.706,H2,11.706,1,catchment_near_assigned_hospital,12,assumption_to_validate,Renaison other: assumed 36/day.
P512,HOME_P512,45.990911573194026,4.171158014133597,H2,oncology,A0523,08:00,P1,high,2.0,vsl_required,2026-05-18 08:00:00,480,08:00,310,2026-05-18 13:10:00,790,13:10,15,1,25,12.474,17.82,12.474,H2,12.474,1,catchment_near_assigned_hospital,10,assumption_to_validate,Renaison oncology: assumed 16/day.
P513,HOME_P513,46.066914348511865,3.9944260836084036,H1,dialysis,A0018,08:00,P1,high,2.0,vsl_required,2026-05-18 08:45:00,525,08:45,240,2026-05-18 12:45:00,765,12:45,15,1,25,7.783,11.12,7.783,H3,7.659,1,catchment_near_assigned_hospital,8,observed_user_table,"CH Roanne dialysis: 53/day. 26 morning, 23 noon, 4 evening."
P514,HOME_P514,45.99322750879311,4.093353128754242,H1,dialysis,A0128,13:00,P1,high,2.0,vsl_required,2026-05-18 13:55:00,835,13:55,240,2026-05-18 17:55:00,1075,17:55,15,1,25,8.584,12.26,8.584,H2,7.669,1,catchment_near_assigned_hospital,8,observed_user_table,"CH Roanne dialysis: 53/day. 26 morning, 23 noon, 4 evening."
P515,HOME_P515,46.06895400461269,4.201716747932541,H1,other,A0297,08:30,P2,medium,1.5,prescription_medicale,2026-05-18 09:05:00,545,09:05,70,2026-05-18 10:15:00,615,10:15,25,0,35,12.632,18.05,12.632,H1,12.632,1,catchment_near_assigned_hospital,12,observed_user_table,CH Roanne other: 49/day.
P516,HOME_P516,46.00928434565794,4.149586356211946,H2,oncology,A0549,08:00,P1,high,2.0,vsl_required,2026-05-18 08:50:00,530,08:50,225,2026-05-18 12:35:00,755,12:35,15,1,25,9.295,13.28,9.295,H2,9.295,1,catchment_near_assigned_hospital,10,assumption_to_validate,Renaison oncology: assumed 16/day.
P517,HOME_P517,46.000869065796195,4.06977749823307,H1,dialysis,A0100,13:00,P1,high,2.0,vsl_required,2026-05-18 13:50:00,830,13:50,240,2026-05-18 17:50:00,1070,17:50,15,1,25,7.293,10.42,7.293,H2,6.232,1,catchment_near_assigned_hospital,8,observed_user_table,"CH Roanne dialysis: 53/day. 26 morning, 23 noon, 4 evening."
P518,HOME_P518,46.052851401378014,4.156973145006751,H1,oncology,A0224,11:00,P1,high,2.0,standard_assis,2026-05-18 11:30:00,690,11:30,170,2026-05-18 14:20:00,860,14:20,15,1,25,8.129,11.61,8.129,H1,8.129,1,catchment_near_assigned_hospital,10,observed_user_table,CH Roanne chemotherapy: 30/day.
P519,HOME_P519,46.11742266551871,3.952793655201545,H1,other,A0394,16:00,P2,medium,1.5,standard_assis,2026-05-18 16:20:00,980,16:20,85,2026-05-18 17:45:00,1065,17:45,25,1,35,14.596,20.85,14.596,H1,14.596,1,catchment_near_assigned_hospital,12,observed_user_table,CH Roanne other: 49/day.
P520,HOME_P520,45.99966073210974,4.0201072413610826,H2,dialysis,A0487,13:00,P1,high,2.0,prescription_medicale,2026-05-18 13:30:00,810,13:30,225,2026-05-18 17:15:00,1035,17:15,15,1,25,7.939,11.34,7.939,H2,7.939,1,catchment_near_assigned_hospital,8,assumption_to_validate,Renaison dialysis: assumed 30/day.
P521,HOME_P521,46.10271809062448,4.0654096246062155,H1,oncology,A0226,11:00,P1,high,2.0,vsl_required,2026-05-18 11:45:00,705,11:45,150,2026-05-18 14:15:00,855,14:15,15,1,25,6.905,9.86,6.905,H1,6.905,1,catchment_near_assigned_hospital,10,observed_user_table,CH Roanne chemotherapy: 30/day.
P522,HOME_P522,46.06684541741121,4.0072024054297595,H2,dialysis,A0513,13:00,P1,high,2.0,vsl_required,2026-05-18 13:40:00,820,13:40,250,2026-05-18 17:50:00,1070,17:50,15,1,25,6.629,9.47,6.629,H3,6.494,1,catchment_near_assigned_hospital,8,assumption_to_validate,Renaison dialysis: assumed 30/day.
P523,HOME_P523,46.00739301085446,4.173605462856364,H1,other,A0282,08:30,P2,medium,1.5,prescription_medicale,2026-05-18 08:45:00,525,08:45,70,2026-05-18 09:55:00,595,09:55,25,1,35,11.642,16.63,11.642,H2,11.43,1,catchment_near_assigned_hospital,12,observed_user_table,CH Roanne other: 49/day.
P524,HOME_P524,46.00892294984425,4.136119859693513,H1,oncology,A0215,11:00,P1,high,2.0,standard_assis,2026-05-18 11:55:00,715,11:55,160,2026-05-18 14:35:00,875,14:35,15,1,25,8.689,12.41,8.689,H2,8.267,1,catchment_near_assigned_hospital,10,observed_user_table,CH Roanne chemotherapy: 30/day.
P525,HOME_P525,45.989303800014206,3.984056430150682,H1,other,A0352,14:00,P2,medium,1.5,standard_assis,2026-05-18 14:20:00,860,14:20,115,2026-05-18 16:15:00,975,16:15,25,1,35,12.342,17.63,12.342,H2,11.329,1,catchment_near_assigned_hospital,12,observed_user_table,CH Roanne other: 49/day.
P526,HOME_P526,46.07531733745716,4.138077446555484,H2,other,A0670,16:30,P2,medium,1.5,vsl_required,2026-05-18 17:30:00,1050,17:30,25,2026-05-18 17:55:00,1075,17:55,25,1,35,7.848,11.21,7.848,H1,7.008,1,catchment_near_assigned_hospital,12,assumption_to_validate,Renaison other: assumed 36/day.
P527,HOME_P527,46.009530302278066,4.0468769726194225,H3,dialysis,A0709,08:00,P1,high,2.0,vsl_required,2026-05-18 08:05:00,485,08:05,230,2026-05-18 11:55:00,715,11:55,15,1,25,6.051,8.64,6.051,H2,5.454,1,catchment_near_assigned_hospital,8,assumption_to_validate,Third dialysis center: assumed 24/day.
P528,HOME_P528,46.00469389499409,4.045893995529738,H2,dialysis,A0447,08:00,P1,high,2.0,vsl_required,2026-05-18 08:10:00,490,08:10,240,2026-05-18 12:10:00,730,12:10,15,1,25,6.113,8.73,6.113,H2,6.113,1,catchment_near_assigned_hospital,8,assumption_to_validate,Renaison dialysis: assumed 30/day.
P529,HOME_P529,46.06902297395827,4.050686888429211,H2,other,A0613,10:30,P2,medium,1.5,prescription_medicale,2026-05-18 10:45:00,645,10:45,30,2026-05-18 11:15:00,675,11:15,25,0,35,3.683,5.26,3.683,H1,3.047,1,catchment_near_assigned_hospital,12,assumption_to_validate,Renaison other: assumed 36/day.
P530,HOME_P530,46.02498201525139,4.067962017189618,H3,dialysis,A0737,13:00,P1,high,2.0,vsl_required,2026-05-18 13:35:00,815,13:35,250,2026-05-18 17:45:00,1065,17:45,15,1,25,3.483,5.0,3.483,H2,2.881,1,catchment_near_assigned_hospital,8,assumption_to_validate,Third dialysis center: assumed 24/day.
P531,HOME_P531,46.049491708694575,4.047455568337907,H1,other,A0263,08:30,P2,medium,1.5,vsl_required,2026-05-18 09:35:00,575,09:35,110,2026-05-18 11:25:00,685,11:25,25,1,35,2.492,5.0,2.492,H2,2.125,1,catchment_near_assigned_hospital,12,observed_user_table,CH Roanne other: 49/day.
P532,HOME_P532,46.09096020515453,4.0065009044874715,H1,dialysis,A0118,13:00,P1,high,2.0,prescription_medicale,2026-05-18 13:30:00,810,13:30,240,2026-05-18 17:30:00,1050,17:30,15,1,25,8.255,11.79,8.255,H1,8.255,1,catchment_near_assigned_hospital,8,observed_user_table,"CH Roanne dialysis: 53/day. 26 morning, 23 noon, 4 evening."
P533,HOME_P533,46.02948441377672,3.9293036668111005,H1,other,A0380,14:00,P2,medium,1.5,standard_assis,2026-05-18 14:15:00,855,14:15,70,2026-05-18 15:25:00,925,15:25,25,1,35,14.225,20.32,14.225,H2,13.647,1,catchment_near_assigned_hospital,12,observed_user_table,CH Roanne other: 49/day.
P534,HOME_P534,46.19117169810612,4.11354479450015,H1,external,A0424,15:30,P3,low,1.0,standard_assis,2026-05-18 17:10:00,1030,17:10,30,2026-05-18 17:40:00,1060,17:40,35,1,51,19.563,27.95,19.563,H1,19.563,1,catchment_near_assigned_hospital,18,computed_from_user_table,External visits: 75/day * 15% using fleet.
P535,HOME_P535,46.05911583447921,4.171463774571135,H1,dialysis,A0088,13:00,P1,high,2.0,prescription_medicale,2026-05-18 13:25:00,805,13:25,240,2026-05-18 17:25:00,1045,17:25,15,1,25,9.56,13.66,9.56,H1,9.56,1,catchment_near_assigned_hospital,8,observed_user_table,"CH Roanne dialysis: 53/day. 26 morning, 23 noon, 4 evening."
P536,HOME_P536,46.02137259846527,3.9590323534112266,H1,other,A0320,10:30,P2,medium,1.5,prescription_medicale,2026-05-18 10:50:00,650,10:50,120,2026-05-18 12:50:00,770,12:50,25,1,35,11.831,16.9,11.831,H2,11.119,1,catchment_near_assigned_hospital,12,observed_user_table,CH Roanne other: 49/day.
P537,HOME_P537,46.08782259801153,4.026823270390747,H3,dialysis,A0731,13:00,P1,high,2.0,vsl_required,2026-05-18 13:10:00,790,13:10,265,2026-05-18 17:35:00,1055,17:35,15,1,25,6.706,9.58,6.706,H1,6.527,1,catchment_near_assigned_hospital,8,assumption_to_validate,Third dialysis center: assumed 24/day.
P538,HOME_P538,46.00238305605696,4.138106456763633,H2,oncology,A0533,08:00,P1,high,2.0,vsl_required,2026-05-18 08:10:00,490,08:10,75,2026-05-18 09:25:00,565,09:25,15,1,25,8.999,12.86,8.999,H2,8.999,1,catchment_near_assigned_hospital,10,assumption_to_validate,Renaison oncology: assumed 16/day.
P539,HOME_P539,45.94929878566525,4.216771281386189,H1,external,A0414,11:30,P3,low,1.0,standard_assis,2026-05-18 13:00:00,780,13:00,30,2026-05-18 13:30:00,810,13:30,35,1,52,20.061,28.66,20.061,H2,19.588,1,catchment_near_assigned_hospital,18,computed_from_user_table,External visits: 75/day * 15% using fleet.
P540,HOME_P540,46.08234627756614,4.000813077117849,H2,dialysis,A0515,13:00,P1,high,2.0,vsl_required,2026-05-18 13:50:00,830,13:50,265,2026-05-18 18:15:00,1095,18:15,15,1,25,8.303,11.86,8.303,H1,8.022,1,catchment_near_assigned_hospital,8,assumption_to_validate,Renaison dialysis: assumed 30/day.
P541,HOME_P541,45.992106833309215,4.142862157940268,H1,other,A0393,16:00,P2,medium,1.5,standard_assis,2026-05-18 17:10:00,1030,17:10,100,2026-05-18 18:50:00,1130,18:50,25,0,35,10.872,15.53,10.872,H2,10.324,1,catchment_near_assigned_hospital,12,observed_user_table,CH Roanne other: 49/day.
P542,HOME_P542,45.95823804248113,3.983348845327911,H1,external,A0428,16:30,P3,low,1.0,standard_assis,2026-05-18 16:55:00,1015,16:55,30,2026-05-18 17:25:00,1045,17:25,35,0,45,15.78,22.54,15.78,H2,14.692,1,catchment_near_assigned_hospital,18,computed_from_user_table,External visits: 75/day * 15% using fleet.
P543,HOME_P543,46.02303107492053,4.123800945347109,H1,dialysis,A0120,13:00,P1,high,2.0,prescription_medicale,2026-05-18 13:20:00,800,13:20,240,2026-05-18 17:20:00,1040,17:20,15,1,25,6.482,9.26,6.482,H2,6.172,1,catchment_near_assigned_hospital,8,observed_user_table,"CH Roanne dialysis: 53/day. 26 morning, 23 noon, 4 evening."
P544,HOME_P544,46.080521678236366,3.99783505283237,H2,dialysis,A0442,08:00,P1,high,2.0,prescription_medicale,2026-05-18 08:15:00,495,08:15,235,2026-05-18 12:10:00,730,12:10,15,1,25,8.383,11.98,8.383,H3,8.151,1,catchment_near_assigned_hospital,8,assumption_to_validate,Renaison dialysis: assumed 30/day.
P545,HOME_P545,46.02842838564746,4.135781018885464,H1,other,A0324,10:30,P2,medium,1.5,premium,2026-05-18 11:50:00,710,11:50,65,2026-05-18 12:55:00,775,12:55,25,1,35,6.999,10.0,6.999,H2,6.894,1,catchment_near_assigned_hospital,12,observed_user_table,CH Roanne other: 49/day.
P546,HOME_P546,45.98043767932268,3.9636921470409745,H1,other,A0313,10:30,P2,medium,1.5,prescription_medicale,2026-05-18 11:30:00,690,11:30,95,2026-05-18 13:05:00,785,13:05,25,1,35,14.604,20.86,14.604,H2,13.61,1,catchment_near_assigned_hospital,12,observed_user_table,CH Roanne other: 49/day.
P547,HOME_P547,46.08977893433212,4.13470391947951,H2,dialysis,A0489,13:00,P1,high,2.0,vsl_required,2026-05-18 13:35:00,815,13:35,260,2026-05-18 17:55:00,1075,17:55,15,1,25,8.828,12.61,8.828,H1,7.839,1,catchment_near_assigned_hospital,8,assumption_to_validate,Renaison dialysis: assumed 30/day.
P548,HOME_P548,46.00455039122361,4.0445168634468995,H2,other,A0600,08:30,P2,medium,1.5,standard_assis,2026-05-18 09:25:00,565,09:25,40,2026-05-18 10:05:00,605,10:05,25,1,35,6.181,8.83,6.181,H2,6.181,1,catchment_near_assigned_hospital,12,assumption_to_validate,Renaison other: assumed 36/day.
P549,HOME_P549,46.06261127765273,4.103660704129886,H1,dialysis,A0108,13:00,P1,high,2.0,vsl_required,2026-05-18 13:40:00,820,13:40,240,2026-05-18 17:40:00,1060,17:40,15,1,25,3.255,5.0,3.255,H1,3.255,1,catchment_near_assigned_hospital,8,observed_user_table,"CH Roanne dialysis: 53/day. 26 morning, 23 noon, 4 evening."
P550,HOME_P550,45.99760279739863,4.1105178590535605,H1,oncology,A0249,14:00,P1,high,2.0,prescription_medicale,2026-05-18 14:35:00,875,14:35,155,2026-05-18 17:10:00,1030,17:10,15,1,25,8.559,12.23,8.559,H2,7.804,1,catchment_near_assigned_hospital,10,observed_user_table,CH Roanne chemotherapy: 30/day.
P551,HOME_P551,46.053744382222504,4.188457901685328,H1,oncology,A0219,11:00,P1,high,2.0,vsl_required,2026-05-18 11:05:00,665,11:05,175,2026-05-18 14:00:00,840,14:00,15,1,25,11.166,15.95,11.166,H1,11.166,1,catchment_near_assigned_hospital,10,observed_user_table,CH Roanne chemotherapy: 30/day.
P552,HOME_P552,45.97156176064501,3.9622927318749626,H2,other,A0611,10:30,P2,medium,1.5,prescription_medicale,2026-05-18 11:05:00,665,11:05,40,2026-05-18 11:45:00,705,11:45,25,1,35,14.557,20.8,14.557,H2,14.557,1,catchment_near_assigned_hospital,12,assumption_to_validate,Renaison other: assumed 36/day.
P553,HOME_P553,46.02851690615199,4.1930142086457,H2,other,A0614,10:30,P2,medium,1.5,prescription_medicale,2026-05-18 11:40:00,700,11:40,30,2026-05-18 12:10:00,730,12:10,25,1,35,12.221,17.46,12.221,H1,12.108,1,catchment_near_assigned_hospital,12,assumption_to_validate,Renaison other: assumed 36/day.
P554,HOME_P554,46.04619021965569,4.001571808160254,H1,dialysis,A0060,08:00,P1,high,2.0,vsl_required,2026-05-18 08:10:00,490,08:10,240,2026-05-18 12:10:00,730,12:10,15,1,25,6.932,9.9,6.932,H2,6.486,1,catchment_near_assigned_hospital,8,observed_user_table,"CH Roanne dialysis: 53/day. 26 morning, 23 noon, 4 evening."
P555,HOME_P555,46.03713503777674,4.0244283268764605,H1,oncology,A0221,11:00,P1,high,2.0,vsl_required,2026-05-18 11:05:00,665,11:05,180,2026-05-18 14:05:00,845,14:05,15,1,25,5.171,7.39,5.171,H2,4.443,1,catchment_near_assigned_hospital,10,observed_user_table,CH Roanne chemotherapy: 30/day.
P556,HOME_P556,46.078696118074795,4.024650433157257,H1,oncology,A0161,08:00,P1,high,2.0,standard_assis,2026-05-18 08:55:00,535,08:55,155,2026-05-18 11:30:00,690,11:30,15,1,25,5.825,8.32,5.825,H1,5.825,1,catchment_near_assigned_hospital,10,observed_user_table,CH Roanne chemotherapy: 30/day.
P557,HOME_P557,45.994128471984276,4.147936135011661,H1,oncology,A0204,08:00,P1,high,2.0,vsl_required,2026-05-18 08:35:00,515,08:35,160,2026-05-18 11:15:00,675,11:15,15,1,25,10.971,15.67,10.971,H2,10.475,1,catchment_near_assigned_hospital,10,observed_user_table,CH Roanne chemotherapy: 30/day.
P558,HOME_P558,46.11774548876776,4.044629545970257,H2,other,A0592,08:30,P2,medium,1.5,vsl_required,2026-05-18 09:45:00,585,09:45,40,2026-05-18 10:25:00,625,10:25,25,1,35,10.281,14.69,10.281,H1,9.357,1,catchment_near_assigned_hospital,12,assumption_to_validate,Renaison other: assumed 36/day.
P559,HOME_P559,46.05535477061195,4.047919928554362,H3,dialysis,A0702,08:00,P1,high,2.0,vsl_required,2026-05-18 08:35:00,515,08:35,225,2026-05-18 12:20:00,740,12:20,15,1,25,2.256,5.0,2.256,H3,2.256,1,catchment_near_assigned_hospital,8,assumption_to_validate,Third dialysis center: assumed 24/day.
P560,HOME_P560,46.014258754284974,4.024198143096385,H1,oncology,A0189,08:00,P1,high,2.0,vsl_required,2026-05-18 08:15:00,495,08:15,155,2026-05-18 10:50:00,650,10:50,15,1,25,7.166,10.24,7.166,H2,6.134,1,catchment_near_assigned_hospital,10,observed_user_table,CH Roanne chemotherapy: 30/day.
P561,HOME_P561,46.13582427319378,4.118435094191885,H1,other,A0336,10:30,P2,medium,1.5,prescription_medicale,2026-05-18 11:50:00,710,11:50,110,2026-05-18 13:40:00,820,13:40,25,1,35,12.288,17.55,12.288,H1,12.288,1,catchment_near_assigned_hospital,12,observed_user_table,CH Roanne other: 49/day.
P562,HOME_P562,46.13528939140088,4.0262830596112975,H2,other,A0633,10:30,P2,medium,1.5,standard_assis,2026-05-18 11:30:00,690,11:30,30,2026-05-18 12:00:00,720,12:00,25,1,35,13.109,18.73,13.109,H1,12.243,1,catchment_near_assigned_hospital,12,assumption_to_validate,Renaison other: assumed 36/day.
P563,HOME_P563,46.01007391003752,4.144652995192192,H1,other,A0349,10:30,P2,medium,1.5,standard_assis,2026-05-18 10:40:00,640,10:40,65,2026-05-18 11:45:00,705,11:45,25,1,35,9.182,13.12,9.182,H2,8.838,1,catchment_near_assigned_hospital,12,observed_user_table,CH Roanne other: 49/day.
P564,HOME_P564,46.03249233835762,4.156175070314141,H3,dialysis,A0733,13:00,P1,high,2.0,vsl_required,2026-05-18 13:50:00,830,13:50,250,2026-05-18 18:00:00,1080,18:00,15,1,25,8.663,12.38,8.663,H1,8.557,1,catchment_near_assigned_hospital,8,assumption_to_validate,Third dialysis center: assumed 24/day.
P565,HOME_P565,46.08741328895929,4.137008091462689,H3,dialysis,A0689,08:00,P1,high,2.0,vsl_required,2026-05-18 08:10:00,490,08:10,225,2026-05-18 11:55:00,715,11:55,15,1,25,8.294,11.85,8.294,H1,7.806,1,catchment_near_assigned_hospital,8,assumption_to_validate,Third dialysis center: assumed 24/day.
P566,HOME_P566,46.084639116001,3.972692648183222,H2,oncology,A0552,13:00,P1,high,2.0,standard_assis,2026-05-18 13:25:00,805,13:25,90,2026-05-18 14:55:00,895,14:55,15,1,25,10.733,15.33,10.733,H3,10.547,1,catchment_near_assigned_hospital,10,assumption_to_validate,Renaison oncology: assumed 16/day.
P567,HOME_P567,45.98906126624541,4.0673510092573055,H1,other,A0338,10:30,P2,medium,1.5,standard_assis,2026-05-18 10:45:00,645,10:45,80,2026-05-18 12:05:00,725,12:05,25,1,35,8.944,12.78,8.944,H2,7.874,1,catchment_near_assigned_hospital,12,observed_user_table,CH Roanne other: 49/day.
P568,HOME_P568,46.11451785247782,4.117342889459355,H1,oncology,A0165,08:00,P1,high,2.0,vsl_required,2026-05-18 08:55:00,535,08:55,160,2026-05-18 11:35:00,695,11:35,15,1,25,9.535,13.62,9.535,H1,9.535,1,catchment_near_assigned_hospital,10,observed_user_table,CH Roanne chemotherapy: 30/day.
P569,HOME_P569,45.95925717772177,4.124333677967354,H2,other,A0666,16:30,P2,medium,1.5,premium,2026-05-18 16:55:00,1015,16:55,30,2026-05-18 17:25:00,1045,17:25,25,1,35,13.157,18.8,13.157,H2,13.157,1,catchment_near_assigned_hospital,12,assumption_to_validate,Renaison other: assumed 36/day.
P570,HOME_P570,45.977118505199606,4.082081260813358,H1,other,A0314,10:30,P2,medium,1.5,prescription_medicale,2026-05-18 11:10:00,670,11:10,60,2026-05-18 12:10:00,730,12:10,25,1,35,10.627,15.18,10.627,H2,9.618,1,catchment_near_assigned_hospital,12,observed_user_table,CH Roanne other: 49/day.
P571,HOME_P571,46.082652047225146,4.137373212797352,H2,other,A0665,16:30,P2,medium,1.5,standard_assis,2026-05-18 17:45:00,1065,17:45,25,2026-05-18 18:10:00,1090,18:10,25,1,35,8.373,11.96,8.373,H1,7.453,1,catchment_near_assigned_hospital,12,assumption_to_validate,Renaison other: assumed 36/day.
P572,HOME_P572,46.044539875773594,4.111353743398663,H2,oncology,A0538,08:00,P1,high,2.0,vsl_required,2026-05-18 08:55:00,535,08:55,290,2026-05-18 13:45:00,825,13:45,15,1,25,4.109,5.87,4.109,H1,3.923,1,catchment_near_assigned_hospital,10,assumption_to_validate,Renaison oncology: assumed 16/day.
P573,HOME_P573,46.05759474442198,4.05495651208986,H1,oncology,A0183,08:00,P1,high,2.0,prescription_medicale,2026-05-18 08:10:00,490,08:10,165,2026-05-18 10:55:00,655,10:55,15,1,25,1.813,5.0,1.813,H3,1.794,1,catchment_near_assigned_hospital,10,observed_user_table,CH Roanne chemotherapy: 30/day.
P574,HOME_P574,46.10107698317005,4.0090655507434025,H2,oncology,A0537,08:00,P1,high,2.0,prescription_medicale,2026-05-18 08:45:00,525,08:45,110,2026-05-18 10:35:00,635,10:35,15,1,25,9.614,13.73,9.614,H1,9.041,1,catchment_near_assigned_hospital,10,assumption_to_validate,Renaison oncology: assumed 16/day.
P575,HOME_P575,46.02613867525971,4.040344948105559,H3,dialysis,A0734,13:00,P1,high,2.0,prescription_medicale,2026-05-18 13:10:00,790,13:10,225,2026-05-18 16:55:00,1015,16:55,15,1,25,4.38,6.26,4.38,H2,3.864,1,catchment_near_assigned_hospital,8,assumption_to_validate,Third dialysis center: assumed 24/day.
P576,HOME_P576,45.99232883571253,4.030174110884261,H1,dialysis,A0054,08:00,P1,high,2.0,vsl_required,2026-05-18 08:50:00,530,08:50,240,2026-05-18 12:50:00,770,12:50,15,1,25,9.416,13.45,9.416,H2,8.302,1,catchment_near_assigned_hospital,8,observed_user_table,"CH Roanne dialysis: 53/day. 26 morning, 23 noon, 4 evening."
P577,HOME_P577,46.04307255772147,4.016475638905962,H1,other,A0327,10:30,P2,medium,1.5,standard_assis,2026-05-18 11:00:00,660,11:00,90,2026-05-18 12:30:00,750,12:30,25,1,35,5.607,8.01,5.607,H2,5.061,1,catchment_near_assigned_hospital,12,observed_user_table,CH Roanne other: 49/day.
P578,HOME_P578,46.05295869476675,4.070126748028121,H1,dialysis,A0134,13:00,P1,high,2.0,prescription_medicale,2026-05-18 13:00:00,780,13:00,240,2026-05-18 17:00:00,1020,17:00,15,1,25,0.253,5.0,0.253,H1,0.253,1,catchment_near_assigned_hospital,8,observed_user_table,"CH Roanne dialysis: 53/day. 26 morning, 23 noon, 4 evening."
P579,HOME_P579,45.983773507214806,4.125473671313241,H1,external,A0426,15:30,P3,low,1.0,standard_assis,2026-05-18 16:30:00,990,16:30,30,2026-05-18 17:00:00,1020,17:00,35,1,45,10.924,15.61,10.924,H2,10.199,1,catchment_near_assigned_hospital,18,computed_from_user_table,External visits: 75/day * 15% using fleet.
P580,HOME_P580,46.077411932423495,3.8661045589559726,H1,external,A0408,09:30,P3,low,1.0,standard_assis,2026-05-18 09:55:00,595,09:55,25,2026-05-18 10:20:00,620,10:20,35,1,52,20.204,28.86,20.204,H3,20.03,1,catchment_near_assigned_hospital,18,computed_from_user_table,External visits: 75/day * 15% using fleet.
P581,HOME_P581,46.13362380576198,4.093685903107172,H1,other,A0337,10:30,P2,medium,1.5,prescription_medicale,2026-05-18 11:50:00,710,11:50,120,2026-05-18 13:50:00,830,13:50,25,1,35,11.346,16.21,11.346,H1,11.346,1,catchment_near_assigned_hospital,12,observed_user_table,CH Roanne other: 49/day.
P582,HOME_P582,46.106414851142944,4.041845362889658,H1,dialysis,A0105,13:00,P1,high,2.0,vsl_required,2026-05-18 13:15:00,795,13:15,240,2026-05-18 17:15:00,1035,17:15,15,1,25,7.959,11.37,7.959,H1,7.959,1,catchment_near_assigned_hospital,8,observed_user_table,"CH Roanne dialysis: 53/day. 26 morning, 23 noon, 4 evening."
P583,HOME_P583,46.096082198176646,4.121054831064425,H2,dialysis,A0511,13:00,P1,high,2.0,vsl_required,2026-05-18 13:55:00,835,13:55,240,2026-05-18 17:55:00,1075,17:55,15,1,25,8.627,12.32,8.627,H1,7.556,1,catchment_near_assigned_hospital,8,assumption_to_validate,Renaison dialysis: assumed 30/day.
P584,HOME_P584,46.058680813545394,4.019519798541275,H1,other,A0331,10:30,P2,medium,1.5,premium,2026-05-18 11:35:00,695,11:35,85,2026-05-18 13:00:00,780,13:00,25,1,35,5.184,7.41,5.184,H3,5.016,1,catchment_near_assigned_hospital,12,observed_user_table,CH Roanne other: 49/day.
P585,HOME_P585,46.094417653214144,4.004439457614055,H2,dialysis,A0519,13:00,P1,high,2.0,vsl_required,2026-05-18 13:00:00,780,13:00,225,2026-05-18 16:45:00,1005,16:45,15,1,25,9.185,13.12,9.185,H1,8.717,1,catchment_near_assigned_hospital,8,assumption_to_validate,Renaison dialysis: assumed 30/day.
P586,HOME_P586,46.067433089569185,4.033053940777849,H1,dialysis,A0078,08:00,P1,high,2.0,vsl_required,2026-05-18 08:20:00,500,08:20,240,2026-05-18 12:20:00,740,12:20,15,1,25,4.299,6.14,4.299,H1,4.299,1,catchment_near_assigned_hospital,8,observed_user_table,"CH Roanne dialysis: 53/day. 26 morning, 23 noon, 4 evening."
P587,HOME_P587,46.01407417725248,4.001607837424503,H1,dialysis,A0019,08:00,P1,high,2.0,vsl_required,2026-05-18 08:20:00,500,08:20,240,2026-05-18 12:20:00,740,12:20,15,1,25,8.763,12.52,8.763,H2,7.834,1,catchment_near_assigned_hospital,8,observed_user_table,"CH Roanne dialysis: 53/day. 26 morning, 23 noon, 4 evening."
P588,HOME_P588,46.02658713243885,4.213814363401561,H1,other,A0370,14:00,P2,medium,1.5,prescription_medicale,2026-05-18 15:15:00,915,15:15,70,2026-05-18 16:25:00,985,16:25,25,1,35,14.112,20.16,14.112,H1,14.112,1,catchment_near_assigned_hospital,12,observed_user_table,CH Roanne other: 49/day.
P589,HOME_P589,46.02662723426421,4.105669446715055,H3,dialysis,A0720,13:00,P1,high,2.0,vsl_required,2026-05-18 13:20:00,800,13:20,210,2026-05-18 16:50:00,1010,16:50,15,1,25,4.733,6.76,4.733,H2,4.437,1,catchment_near_assigned_hospital,8,assumption_to_validate,Third dialysis center: assumed 24/day.
P590,HOME_P590,46.00842101047777,4.078152856050307,H2,dialysis,A0508,13:00,P1,high,2.0,vsl_required,2026-05-18 13:35:00,815,13:35,220,2026-05-18 17:15:00,1035,17:15,15,1,25,5.26,7.51,5.26,H2,5.26,1,catchment_near_assigned_hospital,8,assumption_to_validate,Renaison dialysis: assumed 30/day.
P591,HOME_P591,45.998633103391825,4.147550150099811,H1,other,A0353,14:00,P2,medium,1.5,standard_assis,2026-05-18 15:20:00,920,15:20,60,2026-05-18 16:20:00,980,16:20,25,1,35,10.484,14.98,10.484,H2,10.028,1,catchment_near_assigned_hospital,12,observed_user_table,CH Roanne other: 49/day.
P592,HOME_P592,46.01227309912135,4.060157120510666,H1,dialysis,A0095,13:00,P1,high,2.0,vsl_required,2026-05-18 13:00:00,780,13:00,240,2026-05-18 17:00:00,1020,17:00,15,1,25,5.83,8.33,5.83,H2,4.72,1,catchment_near_assigned_hospital,8,observed_user_table,"CH Roanne dialysis: 53/day. 26 morning, 23 noon, 4 evening."
P593,HOME_P593,46.08044314741535,4.121616072355274,H1,oncology,A0225,11:00,P1,high,2.0,prescription_medicale,2026-05-18 11:30:00,690,11:30,175,2026-05-18 14:25:00,865,14:25,15,1,25,6.04,8.63,6.04,H1,6.04,1,catchment_near_assigned_hospital,10,observed_user_table,CH Roanne chemotherapy: 30/day.
P594,HOME_P594,46.075173599543014,4.062356140527478,H3,dialysis,A0691,08:00,P1,high,2.0,vsl_required,2026-05-18 08:35:00,515,08:35,220,2026-05-18 12:15:00,735,12:15,15,1,25,3.576,5.11,3.576,H1,3.2,1,catchment_near_assigned_hospital,8,assumption_to_validate,Third dialysis center: assumed 24/day.
P595,HOME_P595,46.02898044408624,3.9792513902387707,H2,other,A0580,08:30,P2,medium,1.5,standard_assis,2026-05-18 09:30:00,570,09:30,25,2026-05-18 09:55:00,595,09:55,25,1,35,8.947,12.78,8.947,H2,8.947,1,catchment_near_assigned_hospital,12,assumption_to_validate,Renaison other: assumed 36/day.
P596,HOME_P596,46.09879060593634,4.154305562940078,H2,other,A0590,08:30,P2,medium,1.5,vsl_required,2026-05-18 09:50:00,590,09:50,25,2026-05-18 10:15:00,615,10:15,25,1,35,11.065,15.81,11.065,H1,10.094,1,catchment_near_assigned_hospital,12,assumption_to_validate,Renaison other: assumed 36/day.
P597,HOME_P597,46.01256003904019,4.058289787533147,H2,oncology,A0532,08:00,P1,high,2.0,vsl_required,2026-05-18 08:05:00,485,08:05,140,2026-05-18 10:25:00,625,10:25,15,1,25,4.717,6.74,4.717,H2,4.717,1,catchment_near_assigned_hospital,10,assumption_to_validate,Renaison oncology: assumed 16/day.
P598,HOME_P598,46.1146123329988,4.024857120797805,H1,other,A0290,08:30,P2,medium,1.5,standard_assis,2026-05-18 09:40:00,580,09:40,110,2026-05-18 11:30:00,690,11:30,25,1,35,9.69,13.84,9.69,H1,9.69,1,catchment_near_assigned_hospital,12,observed_user_table,CH Roanne other: 49/day.
P599,HOME_P599,45.987274421240684,4.117466907989304,H2,dialysis,A0459,08:00,P1,high,2.0,vsl_required,2026-05-18 08:25:00,505,08:25,225,2026-05-18 12:10:00,730,12:10,15,1,25,9.382,13.4,9.382,H2,9.382,1,catchment_near_assigned_hospital,8,assumption_to_validate,Renaison dialysis: assumed 30/day.
P600,HOME_P600,45.996153093762686,4.088831673381981,H2,dialysis,A0444,08:00,P1,high,2.0,vsl_required,2026-05-18 08:20:00,500,08:20,270,2026-05-18 12:50:00,770,12:50,15,1,25,7.153,10.22,7.153,H2,7.153,1,catchment_near_assigned_hospital,8,assumption_to_validate,Renaison dialysis: assumed 30/day.
P601,HOME_P601,46.10222376560107,4.165244357968928,H1,oncology,A0238,11:00,P1,high,2.0,prescription_medicale,2026-05-18 11:45:00,705,11:45,180,2026-05-18 14:45:00,885,14:45,15,1,25,11.219,16.03,11.219,H1,11.219,1,catchment_near_assigned_hospital,10,observed_user_table,CH Roanne chemotherapy: 30/day.
P602,HOME_P602,46.06535332658149,4.119238136098724,H1,other,A0379,14:00,P2,medium,1.5,standard_assis,2026-05-18 15:05:00,905,15:05,60,2026-05-18 16:05:00,965,16:05,25,1,35,4.791,6.84,4.791,H1,4.791,1,catchment_near_assigned_hospital,12,observed_user_table,CH Roanne other: 49/day.
P603,HOME_P603,46.00929987151829,4.118167016632133,H1,dialysis,A0145,13:00,P1,high,2.0,vsl_required,2026-05-18 13:00:00,780,13:00,240,2026-05-18 17:00:00,1020,17:00,15,1,25,7.527,10.75,7.527,H2,6.949,1,catchment_near_assigned_hospital,8,observed_user_table,"CH Roanne dialysis: 53/day. 26 morning, 23 noon, 4 evening."
P604,HOME_P604,46.0727933675013,4.059463883444016,H3,dialysis,A0750,17:00,P1,high,2.0,vsl_required,2026-05-18 17:05:00,1025,17:05,265,2026-05-18 21:30:00,1290,21:30,15,1,25,3.327,5.0,3.327,H1,2.995,1,catchment_near_assigned_hospital,8,assumption_to_validate,Third dialysis center: assumed 24/day.
P605,HOME_P605,46.02045642433809,4.065053620868774,H2,other,A0622,10:30,P2,medium,1.5,standard_assis,2026-05-18 10:50:00,650,10:50,40,2026-05-18 11:30:00,690,11:30,25,1,35,3.527,5.04,3.527,H2,3.527,1,catchment_near_assigned_hospital,12,assumption_to_validate,Renaison other: assumed 36/day.
P606,HOME_P606,46.098296300763536,3.935432166368414,H2,other,A0577,08:30,P2,medium,1.5,prescription_medicale,2026-05-18 09:10:00,550,09:10,35,2026-05-18 09:45:00,585,09:45,25,1,35,14.793,21.13,14.793,H3,14.609,1,catchment_near_assigned_hospital,12,assumption_to_validate,Renaison other: assumed 36/day.
P607,HOME_P607,46.02217188930774,4.041010468380117,H1,dialysis,A0020,08:00,P1,high,2.0,prescription_medicale,2026-05-18 08:55:00,535,08:55,240,2026-05-18 12:55:00,775,12:55,15,1,25,5.298,7.57,5.298,H2,4.229,1,catchment_near_assigned_hospital,8,observed_user_table,"CH Roanne dialysis: 53/day. 26 morning, 23 noon, 4 evening."
P608,HOME_P608,46.059424546929066,4.065258183575311,H2,dialysis,A0440,08:00,P1,high,2.0,vsl_required,2026-05-18 08:40:00,520,08:40,230,2026-05-18 12:30:00,750,12:30,15,1,25,1.938,5.0,1.938,H1,1.114,1,catchment_near_assigned_hospital,8,assumption_to_validate,Renaison dialysis: assumed 30/day.
P609,HOME_P609,46.05406967916478,4.015074948219749,H2,other,A0641,14:00,P2,medium,1.5,standard_assis,2026-05-18 14:20:00,860,14:20,25,2026-05-18 14:45:00,885,14:45,25,1,35,5.312,7.59,5.312,H2,5.312,1,catchment_near_assigned_hospital,12,assumption_to_validate,Renaison other: assumed 36/day.
P610,HOME_P610,45.994964337500925,4.097114526572104,H3,dialysis,A0719,13:00,P1,high,2.0,prescription_medicale,2026-05-18 13:55:00,835,13:55,260,2026-05-18 18:15:00,1095,18:15,15,1,25,8.085,11.55,8.085,H2,7.563,1,catchment_near_assigned_hospital,8,assumption_to_validate,Third dialysis center: assumed 24/day.
P611,HOME_P611,46.01543457481433,3.995210277882417,H1,dialysis,A0106,13:00,P1,high,2.0,prescription_medicale,2026-05-18 13:50:00,830,13:50,240,2026-05-18 17:50:00,1070,17:50,15,1,25,9.144,13.06,9.144,H2,8.254,1,catchment_near_assigned_hospital,8,observed_user_table,"CH Roanne dialysis: 53/day. 26 morning, 23 noon, 4 evening."
P612,HOME_P612,45.985275703944346,4.142227727986928,H2,other,A0659,14:00,P2,medium,1.5,prescription_medicale,2026-05-18 14:20:00,860,14:20,30,2026-05-18 14:50:00,890,14:50,25,1,35,10.99,15.7,10.99,H2,10.99,1,catchment_near_assigned_hospital,12,assumption_to_validate,Renaison other: assumed 36/day.
P613,HOME_P613,46.090879428527955,3.9928398278304313,H2,dialysis,A0434,08:00,P1,high,2.0,vsl_required,2026-05-18 08:35:00,515,08:35,250,2026-05-18 12:45:00,765,12:45,15,1,25,9.648,13.78,9.648,H1,9.305,1,catchment_near_assigned_hospital,8,assumption_to_validate,Renaison dialysis: assumed 30/day.
P614,HOME_P614,46.034027677886435,4.119749704695942,H1,other,A0348,10:30,P2,medium,1.5,standard_assis,2026-05-18 11:50:00,710,11:50,60,2026-05-18 12:50:00,770,12:50,25,1,35,5.271,7.53,5.271,H2,5.177,1,catchment_near_assigned_hospital,12,observed_user_table,CH Roanne other: 49/day.
P615,HOME_P615,45.950876757931354,4.052861003471236,H1,other,A0333,10:30,P2,medium,1.5,standard_assis,2026-05-18 10:40:00,640,10:40,60,2026-05-18 11:40:00,700,11:40,25,1,35,14.364,20.52,14.364,H2,13.269,1,catchment_near_assigned_hospital,12,observed_user_table,CH Roanne other: 49/day.
P616,HOME_P616,46.12678853265256,4.101068694072612,H2,oncology,A0566,15:00,P1,high,2.0,standard_assis,2026-05-18 15:40:00,940,15:40,100,2026-05-18 17:20:00,1040,17:20,15,1,25,11.692,16.7,11.692,H1,10.574,1,catchment_near_assigned_hospital,10,assumption_to_validate,Renaison oncology: assumed 16/day.
P617,HOME_P617,46.03943938309383,3.975074177700667,H2,dialysis,A0441,08:00,P1,high,2.0,vsl_required,2026-05-18 08:15:00,495,08:15,235,2026-05-18 12:10:00,730,12:10,15,1,25,9.084,12.98,9.084,H2,9.084,1,catchment_near_assigned_hospital,8,assumption_to_validate,Renaison dialysis: assumed 30/day.
P618,HOME_P618,46.00688027857309,4.008120605922343,H1,other,A0384,16:00,P2,medium,1.5,standard_assis,2026-05-18 16:35:00,995,16:35,110,2026-05-18 18:25:00,1105,18:25,25,1,35,8.97,12.81,8.97,H2,7.963,1,catchment_near_assigned_hospital,12,observed_user_table,CH Roanne other: 49/day.
P619,HOME_P619,45.99756763261638,4.037934837212183,H1,dialysis,A0090,13:00,P1,high,2.0,prescription_medicale,2026-05-18 13:50:00,830,13:50,240,2026-05-18 17:50:00,1070,17:50,15,1,25,8.442,12.06,8.442,H2,7.323,1,catchment_near_assigned_hospital,8,observed_user_table,"CH Roanne dialysis: 53/day. 26 morning, 23 noon, 4 evening."
P620,HOME_P620,46.02075172297663,3.9772921015275156,H3,dialysis,A0697,08:00,P1,high,2.0,vsl_required,2026-05-18 08:00:00,480,08:00,255,2026-05-18 12:15:00,735,12:15,15,1,25,9.826,14.04,9.826,H2,9.487,1,catchment_near_assigned_hospital,8,assumption_to_validate,Third dialysis center: assumed 24/day.
P621,HOME_P621,46.05521878605723,4.163995584621035,H3,dialysis,A0700,08:00,P1,high,2.0,prescription_medicale,2026-05-18 08:30:00,510,08:30,240,2026-05-18 12:30:00,750,12:30,15,1,25,9.096,12.99,9.096,H1,8.81,1,catchment_near_assigned_hospital,8,assumption_to_validate,Third dialysis center: assumed 24/day.
P622,HOME_P622,46.05407662132612,3.992621612074108,H2,other,A0616,10:30,P2,medium,1.5,standard_assis,2026-05-18 11:55:00,715,11:55,35,2026-05-18 12:30:00,750,12:30,25,1,35,7.44,10.63,7.44,H2,7.44,1,catchment_near_assigned_hospital,12,assumption_to_validate,Renaison other: assumed 36/day.
P623,HOME_P623,46.10646412141378,4.116851685519807,H1,dialysis,A0063,08:00,P1,high,2.0,vsl_required,2026-05-18 08:10:00,490,08:10,240,2026-05-18 12:10:00,730,12:10,15,1,25,8.528,12.18,8.528,H1,8.528,1,catchment_near_assigned_hospital,8,observed_user_table,"CH Roanne dialysis: 53/day. 26 morning, 23 noon, 4 evening."
P624,HOME_P624,45.975428570099446,4.028619931524214,H1,other,A0258,08:30,P2,medium,1.5,standard_assis,2026-05-18 09:25:00,565,09:25,80,2026-05-18 10:45:00,645,10:45,25,1,35,11.63,16.61,11.63,H2,10.509,1,catchment_near_assigned_hospital,12,observed_user_table,CH Roanne other: 49/day.
P625,HOME_P625,46.02219128206236,4.101899995583107,H1,dialysis,A0069,08:00,P1,high,2.0,vsl_required,2026-05-18 08:35:00,515,08:35,240,2026-05-18 12:35:00,755,12:35,15,1,25,5.161,7.37,5.161,H2,4.569,1,catchment_near_assigned_hospital,8,observed_user_table,"CH Roanne dialysis: 53/day. 26 morning, 23 noon, 4 evening."
P626,HOME_P626,46.02612275671016,4.13838266970224,H2,oncology,A0560,13:00,P1,high,2.0,standard_assis,2026-05-18 13:50:00,830,13:50,255,2026-05-18 18:05:00,1085,18:05,15,1,25,7.245,10.35,7.245,H2,7.245,1,catchment_near_assigned_hospital,10,assumption_to_validate,Renaison oncology: assumed 16/day.
P627,HOME_P627,46.11502750432482,4.085335741294741,H1,oncology,A0162,08:00,P1,high,2.0,prescription_medicale,2026-05-18 08:25:00,505,08:25,175,2026-05-18 11:20:00,680,11:20,15,1,25,8.666,12.38,8.666,H1,8.666,1,catchment_near_assigned_hospital,10,observed_user_table,CH Roanne chemotherapy: 30/day.
P628,HOME_P628,46.123229958321424,4.0966028620825075,H2,oncology,A0551,13:00,P1,high,2.0,vsl_required,2026-05-18 13:50:00,830,13:50,135,2026-05-18 16:05:00,965,16:05,15,1,25,11.105,15.86,11.105,H1,9.989,1,catchment_near_assigned_hospital,10,assumption_to_validate,Renaison oncology: assumed 16/day.
P629,HOME_P629,46.018874678782744,3.962716100109375,H2,other,A0594,08:30,P2,medium,1.5,standard_assis,2026-05-18 08:50:00,530,08:50,25,2026-05-18 09:15:00,555,09:15,25,1,35,10.895,15.56,10.895,H2,10.895,1,catchment_near_assigned_hospital,12,assumption_to_validate,Renaison other: assumed 36/day.
P630,HOME_P630,46.04242884599902,4.126944408764591,H2,dialysis,A0470,08:00,P1,high,2.0,vsl_required,2026-05-18 08:20:00,500,08:20,240,2026-05-18 12:20:00,740,12:20,15,1,25,5.628,8.04,5.628,H1,5.447,1,catchment_near_assigned_hospital,8,assumption_to_validate,Renaison dialysis: assumed 30/day.
P631,HOME_P631,46.04871103052351,4.111650319217086,H1,other,A0389,16:00,P2,medium,1.5,premium,2026-05-18 16:00:00,960,16:00,70,2026-05-18 17:10:00,1030,17:10,25,1,35,3.811,5.44,3.811,H1,3.811,1,catchment_near_assigned_hospital,12,observed_user_table,CH Roanne other: 49/day.
P632,HOME_P632,46.12539638417819,4.158008649745322,H2,other,A0593,08:30,P2,medium,1.5,prescription_medicale,2026-05-18 08:50:00,530,08:50,25,2026-05-18 09:15:00,555,09:15,25,1,35,14.024,20.03,14.024,H1,12.963,1,catchment_near_assigned_hospital,12,assumption_to_validate,Renaison other: assumed 36/day.
P633,HOME_P633,46.04054638931224,4.094470062982668,H2,dialysis,A0457,08:00,P1,high,2.0,vsl_required,2026-05-18 08:05:00,485,08:05,220,2026-05-18 11:45:00,705,11:45,15,1,25,2.578,5.0,2.578,H2,2.578,1,catchment_near_assigned_hospital,8,assumption_to_validate,Renaison dialysis: assumed 30/day.
P634,HOME_P634,46.00308713630352,4.009857044437768,H1,oncology,A0180,08:00,P1,high,2.0,vsl_required,2026-05-18 08:30:00,510,08:30,165,2026-05-18 11:15:00,675,11:15,15,1,25,9.246,13.21,9.246,H2,8.212,1,catchment_near_assigned_hospital,10,observed_user_table,CH Roanne chemotherapy: 30/day.
P635,HOME_P635,46.01802440620489,4.117542718257393,H1,dialysis,A0101,13:00,P1,high,2.0,vsl_required,2026-05-18 13:40:00,820,13:40,240,2026-05-18 17:40:00,1060,17:40,15,1,25,6.539,9.34,6.539,H2,6.076,1,catchment_near_assigned_hospital,8,observed_user_table,"CH Roanne dialysis: 53/day. 26 morning, 23 noon, 4 evening."
P636,HOME_P636,45.984225806303115,3.9629540728787402,H2,other,A0606,08:30,P2,medium,1.5,standard_assis,2026-05-18 09:20:00,560,09:20,35,2026-05-18 09:55:00,595,09:55,25,1,35,13.319,19.03,13.319,H2,13.319,1,catchment_near_assigned_hospital,12,assumption_to_validate,Renaison other: assumed 36/day.
P637,HOME_P637,46.07022967344118,3.9916475246363845,H2,other,A0658,14:00,P2,medium,1.5,standard_assis,2026-05-18 14:10:00,850,14:10,25,2026-05-18 14:35:00,875,14:35,25,1,35,8.185,11.69,8.185,H3,8.063,1,catchment_near_assigned_hospital,12,assumption_to_validate,Renaison other: assumed 36/day.
P638,HOME_P638,46.095545366746215,4.0552632385954555,H2,other,A0642,14:00,P2,medium,1.5,standard_assis,2026-05-18 14:00:00,840,14:00,40,2026-05-18 14:40:00,880,14:40,25,1,35,7.05,10.07,7.05,H1,6.108,1,catchment_near_assigned_hospital,12,assumption_to_validate,Renaison other: assumed 36/day.
P639,HOME_P639,45.989418245578065,4.066381595951099,H1,other,A0252,08:30,P2,medium,1.5,standard_assis,2026-05-18 08:50:00,530,08:50,75,2026-05-18 10:05:00,605,10:05,25,1,35,8.9,12.71,8.9,H2,7.826,1,catchment_near_assigned_hospital,12,observed_user_table,CH Roanne other: 49/day.
P640,HOME_P640,46.10174815617558,4.055235990883155,H2,dialysis,A0516,13:00,P1,high,2.0,vsl_required,2026-05-18 13:55:00,835,13:55,215,2026-05-18 17:30:00,1050,17:30,15,1,25,7.899,11.28,7.899,H1,6.941,1,catchment_near_assigned_hospital,8,assumption_to_validate,Renaison dialysis: assumed 30/day.
P641,HOME_P641,46.042220861396636,4.094482306912186,H1,dialysis,A0048,08:00,P1,high,2.0,prescription_medicale,2026-05-18 08:05:00,485,08:05,240,2026-05-18 12:05:00,725,12:05,15,1,25,2.605,5.0,2.605,H2,2.524,1,catchment_near_assigned_hospital,8,observed_user_table,"CH Roanne dialysis: 53/day. 26 morning, 23 noon, 4 evening."
P642,HOME_P642,46.080775347882216,4.010853131565531,H1,dialysis,A0116,13:00,P1,high,2.0,vsl_required,2026-05-18 13:35:00,815,13:35,240,2026-05-18 17:35:00,1055,17:35,15,1,25,7.082,10.12,7.082,H1,7.082,1,catchment_near_assigned_hospital,8,observed_user_table,"CH Roanne dialysis: 53/day. 26 morning, 23 noon, 4 evening."
P643,HOME_P643,46.055490469419176,4.1028553862512425,H1,dialysis,A0089,13:00,P1,high,2.0,prescription_medicale,2026-05-18 13:45:00,825,13:45,240,2026-05-18 17:45:00,1065,17:45,15,1,25,2.925,5.0,2.925,H1,2.925,1,catchment_near_assigned_hospital,8,observed_user_table,"CH Roanne dialysis: 53/day. 26 morning, 23 noon, 4 evening."
P644,HOME_P644,45.99524653022184,4.201812656469927,H1,other,A0278,08:30,P2,medium,1.5,prescription_medicale,2026-05-18 09:15:00,555,09:15,95,2026-05-18 10:50:00,650,10:50,25,1,35,14.845,21.21,14.845,H2,14.629,1,catchment_near_assigned_hospital,12,observed_user_table,CH Roanne other: 49/day.
P645,HOME_P645,45.91653864601922,4.164023752022724,H1,external,A0400,08:30,P3,low,1.0,standard_assis,2026-05-18 10:20:00,620,10:20,25,2026-05-18 10:45:00,645,10:45,35,1,54,20.955,29.94,20.955,H2,20.171,1,catchment_near_assigned_hospital,18,computed_from_user_table,External visits: 75/day * 15% using fleet.
P646,HOME_P646,46.03899705664393,3.9364234092631873,H2,other,A0678,16:30,P2,medium,1.5,standard_assis,2026-05-18 17:10:00,1030,17:10,25,2026-05-18 17:35:00,1055,17:35,25,1,35,12.806,18.29,12.806,H2,12.806,1,catchment_near_assigned_hospital,12,assumption_to_validate,Renaison other: assumed 36/day.
P647,HOME_P647,46.058539989912504,4.130560214217783,H1,dialysis,A0150,17:00,P1,high,2.0,prescription_medicale,2026-05-18 17:30:00,1050,17:30,240,2026-05-18 21:30:00,1290,21:30,15,1,25,5.628,8.04,5.628,H1,5.628,1,catchment_near_assigned_hospital,8,observed_user_table,"CH Roanne dialysis: 53/day. 26 morning, 23 noon, 4 evening."
P648,HOME_P648,46.107197169300335,4.138359816640191,H1,external,A0411,10:30,P3,low,1.0,prescription_medicale,2026-05-18 11:15:00,675,11:15,30,2026-05-18 11:45:00,705,11:45,35,1,45,9.808,14.01,9.808,H1,9.808,1,catchment_near_assigned_hospital,18,computed_from_user_table,External visits: 75/day * 15% using fleet.
P649,HOME_P649,46.0921424329312,4.026538212652166,H1,oncology,A0243,14:00,P1,high,2.0,prescription_medicale,2026-05-18 14:35:00,875,14:35,170,2026-05-18 17:25:00,1045,17:25,15,1,25,6.997,10.0,6.997,H1,6.997,1,catchment_near_assigned_hospital,10,observed_user_table,CH Roanne chemotherapy: 30/day.
P650,HOME_P650,46.09016331179556,4.112874370967103,H3,dialysis,A0701,08:00,P1,high,2.0,vsl_required,2026-05-18 08:15:00,495,08:15,265,2026-05-18 12:40:00,760,12:40,15,1,25,6.947,9.92,6.947,H1,6.423,1,catchment_near_assigned_hospital,8,assumption_to_validate,Third dialysis center: assumed 24/day.
P651,HOME_P651,46.05640840900027,4.096360999454283,H2,dialysis,A0497,13:00,P1,high,2.0,vsl_required,2026-05-18 13:40:00,820,13:40,235,2026-05-18 17:35:00,1055,17:35,15,1,25,3.047,5.0,3.047,H1,2.323,1,catchment_near_assigned_hospital,8,assumption_to_validate,Renaison dialysis: assumed 30/day.
P652,HOME_P652,46.11808183024041,4.189999453855539,H1,other,A0317,10:30,P2,medium,1.5,standard_assis,2026-05-18 11:10:00,670,11:10,105,2026-05-18 12:55:00,775,12:55,25,1,35,14.455,20.65,14.455,H1,14.455,1,catchment_near_assigned_hospital,12,observed_user_table,CH Roanne other: 49/day.
P653,HOME_P653,45.96430149314756,4.221314771658427,H1,external,A0409,10:30,P3,low,1.0,premium,2026-05-18 10:30:00,630,10:30,25,2026-05-18 10:55:00,655,10:55,35,1,49,18.944,27.06,18.944,H2,18.569,1,catchment_near_assigned_hospital,18,computed_from_user_table,External visits: 75/day * 15% using fleet.
P654,HOME_P654,45.963399953040074,4.089837830463251,H1,other,A0330,10:30,P2,medium,1.5,premium,2026-05-18 10:55:00,655,10:55,80,2026-05-18 12:15:00,735,12:15,25,1,35,12.605,18.01,12.605,H2,11.618,1,catchment_near_assigned_hospital,12,observed_user_table,CH Roanne other: 49/day.
P655,HOME_P655,46.043699197643015,4.143935352142257,H1,dialysis,A0104,13:00,P1,high,2.0,prescription_medicale,2026-05-18 13:15:00,795,13:15,240,2026-05-18 17:15:00,1035,17:15,15,1,25,7.0,10.0,7.0,H1,7.0,1,catchment_near_assigned_hospital,8,observed_user_table,"CH Roanne dialysis: 53/day. 26 morning, 23 noon, 4 evening."
P656,HOME_P656,46.009892954642645,4.058952100217877,H2,oncology,A0528,08:00,P1,high,2.0,prescription_medicale,2026-05-18 08:10:00,490,08:10,280,2026-05-18 12:50:00,770,12:50,15,1,25,5.067,7.24,5.067,H2,5.067,1,catchment_near_assigned_hospital,10,assumption_to_validate,Renaison oncology: assumed 16/day.
P657,HOME_P657,46.098021792733284,3.9974738080964243,H1,oncology,A0228,11:00,P1,high,2.0,prescription_medicale,2026-05-18 11:00:00,660,11:00,175,2026-05-18 13:55:00,835,13:55,15,1,25,9.553,13.65,9.553,H1,9.553,1,catchment_near_assigned_hospital,10,observed_user_table,CH Roanne chemotherapy: 30/day.
P658,HOME_P658,45.95343969270323,4.019311731199601,H2,other,A0656,14:00,P2,medium,1.5,standard_assis,2026-05-18 14:55:00,895,14:55,35,2026-05-18 15:30:00,930,15:30,25,1,35,13.685,19.55,13.685,H2,13.685,1,catchment_near_assigned_hospital,12,assumption_to_validate,Renaison other: assumed 36/day.
P659,HOME_P659,46.13270386612958,4.167861644833524,H1,other,A0375,14:00,P2,medium,1.5,standard_assis,2026-05-18 15:10:00,910,15:10,95,2026-05-18 16:45:00,1005,16:45,25,1,35,14.351,20.5,14.351,H1,14.351,1,catchment_near_assigned_hospital,12,observed_user_table,CH Roanne other: 49/day.
P660,HOME_P660,46.025993262325464,3.9714913984374642,H2,oncology,A0564,13:00,P1,high,2.0,vsl_required,2026-05-18 13:20:00,800,13:20,80,2026-05-18 14:40:00,880,14:40,15,1,25,9.781,13.97,9.781,H2,9.781,1,catchment_near_assigned_hospital,10,assumption_to_validate,Renaison oncology: assumed 16/day.
P661,HOME_P661,46.0384821992301,4.0070798371769945,H1,dialysis,A0030,08:00,P1,high,2.0,vsl_required,2026-05-18 08:30:00,510,08:30,240,2026-05-18 12:30:00,750,12:30,15,1,25,6.657,9.51,6.657,H2,6.039,1,catchment_near_assigned_hospital,8,observed_user_table,"CH Roanne dialysis: 53/day. 26 morning, 23 noon, 4 evening."
P662,HOME_P662,46.03483556850939,3.9900005931199836,H1,dialysis,A0041,08:00,P1,high,2.0,prescription_medicale,2026-05-18 08:55:00,535,08:55,240,2026-05-18 12:55:00,775,12:55,15,1,25,8.381,11.97,8.381,H2,7.751,1,catchment_near_assigned_hospital,8,observed_user_table,"CH Roanne dialysis: 53/day. 26 morning, 23 noon, 4 evening."
P663,HOME_P663,45.97838809409135,4.039783353793846,H1,other,A0385,16:00,P2,medium,1.5,standard_assis,2026-05-18 16:20:00,980,16:20,80,2026-05-18 17:40:00,1060,17:40,25,1,35,10.886,15.55,10.886,H2,9.766,1,catchment_near_assigned_hospital,12,observed_user_table,CH Roanne other: 49/day.
P664,HOME_P664,46.001878245265935,4.020465551781703,H2,oncology,A0562,13:00,P1,high,2.0,prescription_medicale,2026-05-18 13:30:00,810,13:30,350,2026-05-18 19:20:00,1160,19:20,15,1,25,7.672,10.96,7.672,H2,7.672,1,catchment_near_assigned_hospital,10,assumption_to_validate,Renaison oncology: assumed 16/day.
P665,HOME_P665,46.00574408955383,4.015292716440118,H1,dialysis,A0117,13:00,P1,high,2.0,prescription_medicale,2026-05-18 13:45:00,825,13:45,240,2026-05-18 17:45:00,1065,17:45,15,1,25,8.625,12.32,8.625,H2,7.583,1,catchment_near_assigned_hospital,8,observed_user_table,"CH Roanne dialysis: 53/day. 26 morning, 23 noon, 4 evening."
P666,HOME_P666,46.048788614865515,4.055746033900741,H2,dialysis,A0488,13:00,P1,high,2.0,vsl_required,2026-05-18 13:35:00,815,13:35,225,2026-05-18 17:20:00,1040,17:20,15,1,25,1.33,5.0,1.33,H2,1.33,1,catchment_near_assigned_hospital,8,assumption_to_validate,Renaison dialysis: assumed 30/day.
P667,HOME_P667,46.015180452057265,4.0884867854806,H1,dialysis,A0036,08:00,P1,high,2.0,vsl_required,2026-05-18 08:45:00,525,08:45,240,2026-05-18 12:45:00,765,12:45,15,1,25,5.513,7.88,5.513,H2,4.648,1,catchment_near_assigned_hospital,8,observed_user_table,"CH Roanne dialysis: 53/day. 26 morning, 23 noon, 4 evening."
P668,HOME_P668,46.10589897042575,4.046869663975706,H1,oncology,A0172,08:00,P1,high,2.0,vsl_required,2026-05-18 08:20:00,500,08:20,150,2026-05-18 10:50:00,650,10:50,15,1,25,7.723,11.03,7.723,H1,7.723,1,catchment_near_assigned_hospital,10,observed_user_table,CH Roanne chemotherapy: 30/day.
P669,HOME_P669,46.07231099869306,4.0250178794812514,H2,dialysis,A0437,08:00,P1,high,2.0,vsl_required,2026-05-18 08:05:00,485,08:05,260,2026-05-18 12:25:00,745,12:25,15,1,25,5.614,8.02,5.614,H1,5.304,1,catchment_near_assigned_hospital,8,assumption_to_validate,Renaison dialysis: assumed 30/day.
P670,HOME_P670,46.03724877437992,3.9922587779139316,H1,oncology,A0164,08:00,P1,high,2.0,standard_assis,2026-05-18 08:30:00,510,08:30,150,2026-05-18 11:00:00,660,11:00,15,1,25,8.075,11.54,8.075,H2,7.478,1,catchment_near_assigned_hospital,10,observed_user_table,CH Roanne chemotherapy: 30/day.
P671,HOME_P671,46.003026298843494,4.075085153140616,H1,oncology,A0229,11:00,P1,high,2.0,vsl_required,2026-05-18 11:20:00,680,11:20,155,2026-05-18 13:55:00,835,13:55,15,1,25,6.992,9.99,6.992,H2,5.962,1,catchment_near_assigned_hospital,10,observed_user_table,CH Roanne chemotherapy: 30/day.
P672,HOME_P672,46.06368148628604,4.1391092434297665,H2,oncology,A0543,08:00,P1,high,2.0,vsl_required,2026-05-18 08:35:00,515,08:35,110,2026-05-18 10:25:00,625,10:25,15,1,25,7.228,10.33,7.228,H1,6.566,1,catchment_near_assigned_hospital,10,assumption_to_validate,Renaison oncology: assumed 16/day.
P673,HOME_P673,45.97357102066386,3.9816309817444404,H1,other,A0294,08:30,P2,medium,1.5,standard_assis,2026-05-18 09:25:00,565,09:25,110,2026-05-18 11:15:00,675,11:15,25,1,35,14.145,20.21,14.145,H2,13.089,1,catchment_near_assigned_hospital,12,observed_user_table,CH Roanne other: 49/day.
P674,HOME_P674,45.97577702280413,4.04688357706064,H2,other,A0674,16:30,P2,medium,1.5,standard_assis,2026-05-18 17:25:00,1045,17:25,30,2026-05-18 17:55:00,1075,17:55,25,1,35,9.946,14.21,9.946,H2,9.946,1,catchment_near_assigned_hospital,12,assumption_to_validate,Renaison other: assumed 36/day.
P675,HOME_P675,45.98835427380928,3.998081531369535,H1,other,A0310,10:30,P2,medium,1.5,standard_assis,2026-05-18 11:05:00,665,11:05,70,2026-05-18 12:15:00,735,12:15,25,1,35,11.548,16.5,11.548,H2,10.494,1,catchment_near_assigned_hospital,12,observed_user_table,CH Roanne other: 49/day.
P676,HOME_P676,45.990939948553375,4.061986713483354,H3,dialysis,A0703,08:00,P1,high,2.0,vsl_required,2026-05-18 08:50:00,530,08:50,270,2026-05-18 13:20:00,800,13:20,15,1,25,8.245,11.78,8.245,H2,7.64,1,catchment_near_assigned_hospital,8,assumption_to_validate,Third dialysis center: assumed 24/day.
P677,HOME_P677,46.09264696492377,4.092793591143459,H2,dialysis,A0503,13:00,P1,high,2.0,prescription_medicale,2026-05-18 13:00:00,780,13:00,225,2026-05-18 16:45:00,1005,16:45,15,1,25,6.923,9.89,6.923,H1,5.802,1,catchment_near_assigned_hospital,8,assumption_to_validate,Renaison dialysis: assumed 30/day.
P678,HOME_P678,46.06698139108871,4.014940336275631,H1,dialysis,A0149,17:00,P1,high,2.0,vsl_required,2026-05-18 17:45:00,1065,17:45,240,2026-05-18 21:45:00,1305,21:45,15,1,25,5.886,8.41,5.886,H3,5.811,1,catchment_near_assigned_hospital,8,observed_user_table,"CH Roanne dialysis: 53/day. 26 morning, 23 noon, 4 evening."
P679,HOME_P679,46.102551885459576,4.1232118422227515,H1,dialysis,A0055,08:00,P1,high,2.0,prescription_medicale,2026-05-18 08:40:00,520,08:40,240,2026-05-18 12:40:00,760,12:40,15,1,25,8.401,12.0,8.401,H1,8.401,1,catchment_near_assigned_hospital,8,observed_user_table,"CH Roanne dialysis: 53/day. 26 morning, 23 noon, 4 evening."
P680,HOME_P680,46.13330555799638,4.091037685364504,H1,oncology,A0227,11:00,P1,high,2.0,prescription_medicale,2026-05-18 11:50:00,710,11:50,150,2026-05-18 14:20:00,860,14:20,15,1,25,11.26,16.09,11.26,H1,11.26,1,catchment_near_assigned_hospital,10,observed_user_table,CH Roanne chemotherapy: 30/day.
P681,HOME_P681,45.976537882299695,4.045629649256809,H1,oncology,A0246,14:00,P1,high,2.0,vsl_required,2026-05-18 14:40:00,880,14:40,175,2026-05-18 17:35:00,1055,17:35,15,1,25,10.985,15.69,10.985,H2,9.87,1,catchment_near_assigned_hospital,10,observed_user_table,CH Roanne chemotherapy: 30/day.
P682,HOME_P682,46.087904319383014,3.997421750837307,H3,dialysis,A0735,13:00,P1,high,2.0,prescription_medicale,2026-05-18 13:30:00,810,13:30,260,2026-05-18 17:50:00,1070,17:50,15,1,25,8.76,12.51,8.76,H1,8.708,1,catchment_near_assigned_hospital,8,assumption_to_validate,Third dialysis center: assumed 24/day.
P683,HOME_P683,46.00194133395114,3.9613416289290533,H1,other,A0272,08:30,P2,medium,1.5,prescription_medicale,2026-05-18 09:05:00,545,09:05,80,2026-05-18 10:25:00,625,10:25,25,1,35,12.901,18.43,12.901,H2,12.023,1,catchment_near_assigned_hospital,12,observed_user_table,CH Roanne other: 49/day.
P684,HOME_P684,46.05147103852327,3.9803520556688934,H3,dialysis,A0695,08:00,P1,high,2.0,vsl_required,2026-05-18 08:35:00,515,08:35,215,2026-05-18 12:10:00,730,12:10,15,1,25,8.65,12.36,8.65,H2,8.57,1,catchment_near_assigned_hospital,8,assumption_to_validate,Third dialysis center: assumed 24/day.
P685,HOME_P685,46.076949344524415,4.096993268521694,H2,other,A0626,10:30,P2,medium,1.5,prescription_medicale,2026-05-18 11:55:00,715,11:55,40,2026-05-18 12:35:00,755,12:35,25,1,35,5.124,7.32,5.124,H1,4.037,1,catchment_near_assigned_hospital,12,assumption_to_validate,Renaison other: assumed 36/day.
P686,HOME_P686,45.9766861002133,3.996736492096973,H2,oncology,A0559,13:00,P1,high,2.0,vsl_required,2026-05-18 13:35:00,815,13:35,225,2026-05-18 17:20:00,1040,17:20,15,1,25,11.849,16.93,11.849,H2,11.849,1,catchment_near_assigned_hospital,10,assumption_to_validate,Renaison oncology: assumed 16/day.
P687,HOME_P687,45.994618421902686,4.052347934638316,H1,dialysis,A0124,13:00,P1,high,2.0,vsl_required,2026-05-18 13:10:00,790,13:10,240,2026-05-18 17:10:00,1030,17:10,15,1,25,8.39,11.99,8.39,H2,7.275,1,catchment_near_assigned_hospital,8,observed_user_table,"CH Roanne dialysis: 53/day. 26 morning, 23 noon, 4 evening."
P688,HOME_P688,46.10059242594383,4.101540481635711,H2,oncology,A0561,13:00,P1,high,2.0,standard_assis,2026-05-18 13:15:00,795,13:15,180,2026-05-18 16:15:00,975,16:15,15,1,25,8.257,11.8,8.257,H1,7.137,1,catchment_near_assigned_hospital,10,assumption_to_validate,Renaison oncology: assumed 16/day.
P689,HOME_P689,46.08102900817514,3.9296847833098076,H1,other,A0356,14:00,P2,medium,1.5,premium,2026-05-18 14:20:00,860,14:20,75,2026-05-18 15:35:00,935,15:35,25,1,35,14.32,20.46,14.32,H3,14.202,1,catchment_near_assigned_hospital,12,observed_user_table,CH Roanne other: 49/day.
P690,HOME_P690,45.96256722689344,3.9761142879890934,H2,other,A0664,16:30,P2,medium,1.5,standard_assis,2026-05-18 17:55:00,1075,17:55,35,2026-05-18 18:30:00,1110,18:30,25,1,35,14.615,20.88,14.615,H2,14.615,1,catchment_near_assigned_hospital,12,assumption_to_validate,Renaison other: assumed 36/day.
P691,HOME_P691,45.98551179693507,4.040454332521562,H1,other,A0259,08:30,P2,medium,1.5,vsl_required,2026-05-18 09:15:00,555,09:15,110,2026-05-18 11:05:00,665,11:05,25,1,35,9.923,14.18,9.923,H2,8.802,1,catchment_near_assigned_hospital,12,observed_user_table,CH Roanne other: 49/day.
P692,HOME_P692,46.08242709881958,3.997991361473759,H2,dialysis,A0449,08:00,P1,high,2.0,vsl_required,2026-05-18 08:30:00,510,08:30,210,2026-05-18 12:00:00,720,12:00,15,1,25,8.526,12.18,8.526,H1,8.264,1,catchment_near_assigned_hospital,8,assumption_to_validate,Renaison dialysis: assumed 30/day.
P693,HOME_P693,46.04283836518464,4.15088658126295,H2,dialysis,A0522,17:00,P1,high,2.0,vsl_required,2026-05-18 17:50:00,1070,17:50,250,2026-05-18 22:00:00,1320,22:00,15,1,25,7.929,11.33,7.929,H1,7.681,1,catchment_near_assigned_hospital,8,assumption_to_validate,Renaison dialysis: assumed 30/day.
P694,HOME_P694,46.02970506090798,4.108261583859472,H1,dialysis,A0068,08:00,P1,high,2.0,vsl_required,2026-05-18 08:40:00,520,08:40,240,2026-05-18 12:40:00,760,12:40,15,1,25,4.746,6.78,4.746,H2,4.409,1,catchment_near_assigned_hospital,8,observed_user_table,"CH Roanne dialysis: 53/day. 26 morning, 23 noon, 4 evening."
P695,HOME_P695,46.07134688772904,3.9899306245561696,H1,dialysis,A0107,13:00,P1,high,2.0,prescription_medicale,2026-05-18 13:15:00,795,13:15,240,2026-05-18 17:15:00,1035,17:15,15,1,25,8.367,11.95,8.367,H3,8.273,1,catchment_near_assigned_hospital,8,observed_user_table,"CH Roanne dialysis: 53/day. 26 morning, 23 noon, 4 evening."
P696,HOME_P696,46.066716169688185,4.049349745784084,H1,oncology,A0178,08:00,P1,high,2.0,vsl_required,2026-05-18 08:25:00,505,08:25,160,2026-05-18 11:05:00,665,11:05,15,1,25,2.924,5.0,2.924,H1,2.924,1,catchment_near_assigned_hospital,10,observed_user_table,CH Roanne chemotherapy: 30/day.
P697,HOME_P697,46.086195338500794,3.983813524951815,H2,dialysis,A0502,13:00,P1,high,2.0,vsl_required,2026-05-18 13:20:00,800,13:20,240,2026-05-18 17:20:00,1040,17:20,15,1,25,9.943,14.2,9.943,H1,9.715,1,catchment_near_assigned_hospital,8,assumption_to_validate,Renaison dialysis: assumed 30/day.
P698,HOME_P698,45.98284461353472,4.068558646847724,H2,other,A0601,08:30,P2,medium,1.5,standard_assis,2026-05-18 09:55:00,595,09:55,25,2026-05-18 10:20:00,620,10:20,25,1,35,8.737,12.48,8.737,H2,8.737,1,catchment_near_assigned_hospital,12,assumption_to_validate,Renaison other: assumed 36/day.
P699,HOME_P699,46.08863642827434,4.101920060891436,H3,dialysis,A0744,13:00,P1,high,2.0,vsl_required,2026-05-18 13:25:00,805,13:25,260,2026-05-18 17:45:00,1065,17:45,15,1,25,6.19,8.84,6.19,H1,5.662,1,catchment_near_assigned_hospital,8,assumption_to_validate,Third dialysis center: assumed 24/day.
P700,HOME_P700,46.02118513904834,4.0585236415491694,H1,dialysis,A0138,13:00,P1,high,2.0,vsl_required,2026-05-18 13:05:00,785,13:05,240,2026-05-18 17:05:00,1025,17:05,15,1,25,4.669,6.67,4.669,H2,3.549,1,catchment_near_assigned_hospital,8,observed_user_table,"CH Roanne dialysis: 53/day. 26 morning, 23 noon, 4 evening."
P701,HOME_P701,46.03236559080629,3.944274103801932,H1,other,A0309,10:30,P2,medium,1.5,standard_assis,2026-05-18 10:30:00,630,10:30,65,2026-05-18 11:35:00,695,11:35,25,1,35,12.727,18.18,12.727,H2,12.157,1,catchment_near_assigned_hospital,12,observed_user_table,CH Roanne other: 49/day.
P702,HOME_P702,45.927033487424346,4.055497990932347,H1,external,A0397,08:30,P3,low,1.0,standard_assis,2026-05-18 10:10:00,610,10:10,25,2026-05-18 10:35:00,635,10:35,35,1,46,17.629,25.18,17.629,H2,16.544,1,catchment_near_assigned_hospital,18,computed_from_user_table,External visits: 75/day * 15% using fleet.
P703,HOME_P703,46.008306139908996,4.07763381407383,H2,dialysis,A0499,13:00,P1,high,2.0,prescription_medicale,2026-05-18 13:10:00,790,13:10,255,2026-05-18 17:25:00,1045,17:25,15,1,25,5.267,7.52,5.267,H2,5.267,1,catchment_near_assigned_hospital,8,assumption_to_validate,Renaison dialysis: assumed 30/day.
P704,HOME_P704,46.06211359773427,4.143160320654343,H2,dialysis,A0477,08:00,P1,high,2.0,prescription_medicale,2026-05-18 08:05:00,485,08:05,235,2026-05-18 12:00:00,720,12:00,15,1,25,7.527,10.75,7.527,H1,6.906,1,catchment_near_assigned_hospital,8,assumption_to_validate,Renaison dialysis: assumed 30/day.
P705,HOME_P705,46.0494298084746,4.110387714940526,H2,other,A0581,08:30,P2,medium,1.5,standard_assis,2026-05-18 08:55:00,535,08:55,35,2026-05-18 09:30:00,570,09:30,25,1,35,4.045,5.78,4.045,H1,3.675,1,catchment_near_assigned_hospital,12,assumption_to_validate,Renaison other: assumed 36/day.
P706,HOME_P706,46.048687435228395,4.084296467142827,H1,oncology,A0234,11:00,P1,high,2.0,vsl_required,2026-05-18 11:10:00,670,11:10,165,2026-05-18 13:55:00,835,13:55,15,1,25,1.289,5.0,1.289,H1,1.289,1,catchment_near_assigned_hospital,10,observed_user_table,CH Roanne chemotherapy: 30/day.
P707,HOME_P707,46.09983536350617,3.9990353259910134,H2,oncology,A0563,13:00,P1,high,2.0,prescription_medicale,2026-05-18 13:05:00,785,13:05,335,2026-05-18 18:40:00,1120,18:40,15,1,25,10.093,14.42,10.093,H1,9.607,1,catchment_near_assigned_hospital,10,assumption_to_validate,Renaison oncology: assumed 16/day.
P708,HOME_P708,46.01183845494147,3.9392592526750967,H1,other,A0350,10:30,P2,medium,1.5,vsl_required,2026-05-18 10:45:00,645,10:45,90,2026-05-18 12:15:00,735,12:15,25,1,35,14.107,20.15,14.107,H2,13.358,1,catchment_near_assigned_hospital,12,observed_user_table,CH Roanne other: 49/day.
P709,HOME_P709,46.05290817132992,4.053887122247109,H1,oncology,A0206,08:00,P1,high,2.0,vsl_required,2026-05-18 08:15:00,495,08:15,155,2026-05-18 10:50:00,650,10:50,15,1,25,1.816,5.0,1.816,H3,1.606,1,catchment_near_assigned_hospital,10,observed_user_table,CH Roanne chemotherapy: 30/day.
P710,HOME_P710,46.10506072447526,4.1222821429130905,H1,dialysis,A0152,17:00,P1,high,2.0,vsl_required,2026-05-18 17:45:00,1065,17:45,240,2026-05-18 21:45:00,1305,21:45,15,1,25,8.638,12.34,8.638,H1,8.638,1,catchment_near_assigned_hospital,8,observed_user_table,"CH Roanne dialysis: 53/day. 26 morning, 23 noon, 4 evening."
P711,HOME_P711,46.053928549258416,4.062514546810483,H1,dialysis,A0111,13:00,P1,high,2.0,vsl_required,2026-05-18 13:05:00,785,13:05,240,2026-05-18 17:05:00,1025,17:05,15,1,25,0.986,5.0,0.986,H3,0.905,1,catchment_near_assigned_hospital,8,observed_user_table,"CH Roanne dialysis: 53/day. 26 morning, 23 noon, 4 evening."
P712,HOME_P712,46.00485599532766,4.128913653936834,H1,oncology,A0187,08:00,P1,high,2.0,standard_assis,2026-05-18 08:40:00,520,08:40,165,2026-05-18 11:25:00,685,11:25,15,1,25,8.647,12.35,8.647,H2,8.117,1,catchment_near_assigned_hospital,10,observed_user_table,CH Roanne chemotherapy: 30/day.
P713,HOME_P713,46.05381314115265,4.08004854897541,H2,dialysis,A0495,13:00,P1,high,2.0,vsl_required,2026-05-18 13:25:00,805,13:25,235,2026-05-18 17:20:00,1040,17:20,15,1,25,1.565,5.0,1.565,H1,0.712,1,catchment_near_assigned_hospital,8,assumption_to_validate,Renaison dialysis: assumed 30/day.
P714,HOME_P714,45.94479496682804,3.9520052213177648,H1,external,A0398,08:30,P3,low,1.0,standard_assis,2026-05-18 08:45:00,525,08:45,20,2026-05-18 09:05:00,545,09:05,35,1,50,19.059,27.23,19.059,H2,17.997,1,catchment_near_assigned_hospital,18,computed_from_user_table,External visits: 75/day * 15% using fleet.
P715,HOME_P715,46.028715328962875,4.006859373972687,H1,dialysis,A0156,17:00,P1,high,2.0,vsl_required,2026-05-18 17:25:00,1045,17:25,240,2026-05-18 21:25:00,1285,21:25,15,1,25,7.213,10.3,7.213,H2,6.426,1,catchment_near_assigned_hospital,8,observed_user_table,"CH Roanne dialysis: 53/day. 26 morning, 23 noon, 4 evening."
P716,HOME_P716,46.008190122341915,4.007246540420751,H1,other,A0273,08:30,P2,medium,1.5,prescription_medicale,2026-05-18 09:05:00,545,09:05,75,2026-05-18 10:20:00,620,10:20,25,1,35,8.9,12.71,8.9,H2,7.904,1,catchment_near_assigned_hospital,12,observed_user_table,CH Roanne other: 49/day.
P717,HOME_P717,45.99635347758713,4.108112813827027,H1,dialysis,A0032,08:00,P1,high,2.0,vsl_required,2026-05-18 08:45:00,525,08:45,240,2026-05-18 12:45:00,765,12:45,15,1,25,8.622,12.32,8.622,H2,7.838,1,catchment_near_assigned_hospital,8,observed_user_table,"CH Roanne dialysis: 53/day. 26 morning, 23 noon, 4 evening."
P718,HOME_P718,46.149228500914944,4.004008665324592,H1,other,A0371,14:00,P2,medium,1.5,standard_assis,2026-05-18 14:05:00,845,14:05,95,2026-05-18 15:40:00,940,15:40,25,1,35,14.887,21.27,14.887,H1,14.887,1,catchment_near_assigned_hospital,12,observed_user_table,CH Roanne other: 49/day.
P719,HOME_P719,45.966617327783155,4.094468074924803,H1,oncology,A0241,14:00,P1,high,2.0,prescription_medicale,2026-05-18 14:25:00,865,14:25,170,2026-05-18 17:15:00,1035,17:15,15,1,25,12.23,17.47,12.23,H2,11.268,1,catchment_near_assigned_hospital,10,observed_user_table,CH Roanne chemotherapy: 30/day.
P720,HOME_P720,46.06032696112437,4.091722457792986,H2,dialysis,A0456,08:00,P1,high,2.0,prescription_medicale,2026-05-18 08:50:00,530,08:50,225,2026-05-18 12:35:00,755,12:35,15,1,25,3.004,5.0,3.004,H1,2.079,1,catchment_near_assigned_hospital,8,assumption_to_validate,Renaison dialysis: assumed 30/day.
P721,HOME_P721,46.02732118992502,3.974218096368387,H2,dialysis,A0454,08:00,P1,high,2.0,vsl_required,2026-05-18 08:40:00,520,08:40,225,2026-05-18 12:25:00,745,12:25,15,1,25,9.477,13.54,9.477,H2,9.477,1,catchment_near_assigned_hospital,8,assumption_to_validate,Renaison dialysis: assumed 30/day.
P722,HOME_P722,46.121107759410094,4.134343563346912,H2,oncology,A0553,13:00,P1,high,2.0,vsl_required,2026-05-18 13:00:00,780,13:00,235,2026-05-18 16:55:00,1015,16:55,15,1,25,12.239,17.48,12.239,H1,11.142,1,catchment_near_assigned_hospital,10,assumption_to_validate,Renaison oncology: assumed 16/day.
P723,HOME_P723,46.04848430373665,4.0510236104332655,H1,dialysis,A0094,13:00,P1,high,2.0,vsl_required,2026-05-18 13:30:00,810,13:30,240,2026-05-18 17:30:00,1050,17:30,15,1,25,2.196,5.0,2.196,H2,1.758,1,catchment_near_assigned_hospital,8,observed_user_table,"CH Roanne dialysis: 53/day. 26 morning, 23 noon, 4 evening."
P724,HOME_P724,46.09492990601797,3.9412939613331304,H1,other,A0288,08:30,P2,medium,1.5,standard_assis,2026-05-18 08:35:00,515,08:35,70,2026-05-18 09:45:00,585,09:45,25,1,35,13.929,19.9,13.929,H3,13.893,1,catchment_near_assigned_hospital,12,observed_user_table,CH Roanne other: 49/day.
P725,HOME_P725,46.08262493952718,4.135152590077297,H3,dialysis,A0686,08:00,P1,high,2.0,prescription_medicale,2026-05-18 08:35:00,515,08:35,220,2026-05-18 12:15:00,735,12:15,15,1,25,7.749,11.07,7.749,H1,7.272,1,catchment_near_assigned_hospital,8,assumption_to_validate,Third dialysis center: assumed 24/day.
P726,HOME_P726,46.058176128986545,4.058131836590449,H2,dialysis,A0471,08:00,P1,high,2.0,vsl_required,2026-05-18 08:40:00,520,08:40,215,2026-05-18 12:15:00,735,12:15,15,1,25,2.016,5.0,2.016,H1,1.56,1,catchment_near_assigned_hospital,8,assumption_to_validate,Renaison dialysis: assumed 30/day.
P727,HOME_P727,46.03755529906464,4.0425552928243285,H1,dialysis,A0136,13:00,P1,high,2.0,prescription_medicale,2026-05-18 13:45:00,825,13:45,240,2026-05-18 17:45:00,1065,17:45,15,1,25,3.64,5.2,3.64,H2,2.774,1,catchment_near_assigned_hospital,8,observed_user_table,"CH Roanne dialysis: 53/day. 26 morning, 23 noon, 4 evening."
P728,HOME_P728,46.12098553954829,4.09448332946014,H1,oncology,A0192,08:00,P1,high,2.0,prescription_medicale,2026-05-18 08:20:00,500,08:20,155,2026-05-18 10:55:00,655,10:55,15,1,25,9.639,13.77,9.639,H1,9.639,1,catchment_near_assigned_hospital,10,observed_user_table,CH Roanne chemotherapy: 30/day.
P729,HOME_P729,46.025025410337314,4.051451576889029,H2,dialysis,A0482,13:00,P1,high,2.0,vsl_required,2026-05-18 13:15:00,795,13:15,235,2026-05-18 17:10:00,1030,17:10,15,1,25,3.326,5.0,3.326,H2,3.326,1,catchment_near_assigned_hospital,8,assumption_to_validate,Renaison dialysis: assumed 30/day.
P730,HOME_P730,45.955169550121816,4.059303203408076,H2,other,A0599,08:30,P2,medium,1.5,prescription_medicale,2026-05-18 09:40:00,580,09:40,35,2026-05-18 10:15:00,615,10:15,25,1,35,12.617,18.02,12.617,H2,12.617,1,catchment_near_assigned_hospital,12,assumption_to_validate,Renaison other: assumed 36/day.
P731,HOME_P731,46.12216200737724,4.015518458561192,H1,oncology,A0247,14:00,P1,high,2.0,prescription_medicale,2026-05-18 14:15:00,855,14:15,155,2026-05-18 16:50:00,1010,16:50,15,1,25,11.045,15.78,11.045,H1,11.045,1,catchment_near_assigned_hospital,10,observed_user_table,CH Roanne chemotherapy: 30/day.
P732,HOME_P732,46.03931701403478,4.112880812845379,H2,oncology,A0569,15:00,P1,high,2.0,vsl_required,2026-05-18 15:00:00,900,15:00,250,2026-05-18 19:10:00,1150,19:10,15,1,25,4.344,6.21,4.344,H1,4.336,1,catchment_near_assigned_hospital,10,assumption_to_validate,Renaison oncology: assumed 16/day.
P733,HOME_P733,46.086159483853514,4.062457402384545,H2,other,A0583,08:30,P2,medium,1.5,prescription_medicale,2026-05-18 08:35:00,515,08:35,30,2026-05-18 09:05:00,545,09:05,25,0,35,5.657,8.08,5.657,H1,4.673,1,catchment_near_assigned_hospital,12,assumption_to_validate,Renaison other: assumed 36/day.
P734,HOME_P734,46.09112763776676,3.987135665146951,H1,other,A0382,16:00,P2,medium,1.5,standard_assis,2026-05-18 16:20:00,980,16:20,95,2026-05-18 17:55:00,1075,17:55,25,1,35,9.784,13.98,9.784,H1,9.784,1,catchment_near_assigned_hospital,12,observed_user_table,CH Roanne other: 49/day.
P735,HOME_P735,46.023435262811795,4.027336777624861,H1,oncology,A0242,14:00,P1,high,2.0,vsl_required,2026-05-18 14:50:00,890,14:50,170,2026-05-18 17:40:00,1060,17:40,15,1,25,6.032,8.62,6.032,H2,5.058,1,catchment_near_assigned_hospital,10,observed_user_table,CH Roanne chemotherapy: 30/day.
P736,HOME_P736,46.11363992538489,4.109172462040687,H2,oncology,A0565,15:00,P1,high,2.0,prescription_medicale,2026-05-18 15:40:00,940,15:40,335,2026-05-18 21:15:00,1275,21:15,15,1,25,10.214,14.59,10.214,H1,9.094,1,catchment_near_assigned_hospital,10,assumption_to_validate,Renaison oncology: assumed 16/day.
P737,HOME_P737,46.06632704568172,4.094388431323741,H1,other,A0279,08:30,P2,medium,1.5,prescription_medicale,2026-05-18 08:40:00,520,08:40,60,2026-05-18 09:40:00,580,09:40,25,1,35,2.767,5.0,2.767,H1,2.767,1,catchment_near_assigned_hospital,12,observed_user_table,CH Roanne other: 49/day.
P738,HOME_P738,45.983135889336175,4.0252304503167045,H1,other,A0321,10:30,P2,medium,1.5,standard_assis,2026-05-18 10:45:00,645,10:45,110,2026-05-18 12:35:00,755,12:35,25,1,35,10.775,15.39,10.775,H2,9.66,1,catchment_near_assigned_hospital,12,observed_user_table,CH Roanne other: 49/day.
P739,HOME_P739,46.02906164396033,4.002151866237887,H3,dialysis,A0729,13:00,P1,high,2.0,vsl_required,2026-05-18 13:45:00,825,13:45,225,2026-05-18 17:30:00,1050,17:30,15,1,25,7.164,10.23,7.164,H2,6.834,1,catchment_near_assigned_hospital,8,assumption_to_validate,Third dialysis center: assumed 24/day.
P740,HOME_P740,46.082639772673936,4.058679138563605,H1,other,A0351,10:30,P2,medium,1.5,prescription_medicale,2026-05-18 10:50:00,650,10:50,75,2026-05-18 12:05:00,725,12:05,25,1,35,4.296,6.14,4.296,H1,4.296,1,catchment_near_assigned_hospital,12,observed_user_table,CH Roanne other: 49/day.
P741,HOME_P741,46.01558686812536,4.023180259362567,H2,other,A0572,08:30,P2,medium,1.5,prescription_medicale,2026-05-18 09:50:00,590,09:50,35,2026-05-18 10:25:00,625,10:25,25,1,35,6.074,8.68,6.074,H2,6.074,1,catchment_near_assigned_hospital,12,assumption_to_validate,Renaison other: assumed 36/day.
P742,HOME_P742,46.11134511573592,3.8996208362270965,H1,external,A0418,13:30,P3,low,1.0,standard_assis,2026-05-18 13:30:00,810,13:30,25,2026-05-18 13:55:00,835,13:55,35,1,48,18.535,26.48,18.535,H3,18.508,1,catchment_near_assigned_hospital,18,computed_from_user_table,External visits: 75/day * 15% using fleet.
P743,HOME_P743,46.02031876257363,3.9743565413526247,H1,other,A0253,08:30,P2,medium,1.5,standard_assis,2026-05-18 08:30:00,510,08:30,80,2026-05-18 09:50:00,590,09:50,25,1,35,10.538,15.05,10.538,H2,9.772,1,catchment_near_assigned_hospital,12,observed_user_table,CH Roanne other: 49/day.
P744,HOME_P744,46.0388227746565,4.161888121132451,H1,dialysis,A0083,13:00,P1,high,2.0,prescription_medicale,2026-05-18 13:15:00,795,13:15,240,2026-05-18 17:15:00,1035,17:15,15,1,25,8.836,12.62,8.836,H1,8.836,1,catchment_near_assigned_hospital,8,observed_user_table,"CH Roanne dialysis: 53/day. 26 morning, 23 noon, 4 evening."
P745,HOME_P745,46.0575637571365,4.036964788081495,H2,dialysis,A0443,08:00,P1,high,2.0,vsl_required,2026-05-18 08:20:00,500,08:20,250,2026-05-18 12:30:00,750,12:30,15,1,25,3.486,5.0,3.486,H3,3.355,1,catchment_near_assigned_hospital,8,assumption_to_validate,Renaison dialysis: assumed 30/day.
P746,HOME_P746,46.07065160922874,4.005972763483639,H1,dialysis,A0102,13:00,P1,high,2.0,vsl_required,2026-05-18 13:50:00,830,13:50,240,2026-05-18 17:50:00,1070,17:50,15,1,25,6.873,9.82,6.873,H3,6.81,1,catchment_near_assigned_hospital,8,observed_user_table,"CH Roanne dialysis: 53/day. 26 morning, 23 noon, 4 evening."
P747,HOME_P747,46.109713555345884,4.027529510859005,H1,other,A0300,08:30,P2,medium,1.5,standard_assis,2026-05-18 09:00:00,540,09:00,80,2026-05-18 10:20:00,620,10:20,25,1,35,8.969,12.81,8.969,H1,8.969,1,catchment_near_assigned_hospital,12,observed_user_table,CH Roanne other: 49/day.
P748,HOME_P748,46.089367218817436,4.176620775939298,H2,oncology,A0535,08:00,P1,high,2.0,vsl_required,2026-05-18 08:00:00,480,08:00,190,2026-05-18 11:10:00,670,11:10,15,1,25,12.04,17.2,12.04,H1,11.205,1,catchment_near_assigned_hospital,10,assumption_to_validate,Renaison oncology: assumed 16/day.
P749,HOME_P749,46.01462501561417,4.123116998827116,H1,dialysis,A0133,13:00,P1,high,2.0,vsl_required,2026-05-18 13:40:00,820,13:40,240,2026-05-18 17:40:00,1060,17:40,15,1,25,7.25,10.36,7.25,H2,6.792,1,catchment_near_assigned_hospital,8,observed_user_table,"CH Roanne dialysis: 53/day. 26 morning, 23 noon, 4 evening."
P750,HOME_P750,46.02149837716476,4.091071854307904,H1,other,A0287,08:30,P2,medium,1.5,standard_assis,2026-05-18 09:40:00,580,09:40,110,2026-05-18 11:30:00,690,11:30,25,0,35,4.762,6.8,4.762,H2,3.992,1,catchment_near_assigned_hospital,12,observed_user_table,CH Roanne other: 49/day.
