model_node_id,model_node_label,request_id,patient_id,node_role,physical_point_id,lat,lon,service_time_min,q_i,time_window_start_min,time_window_end_min
1,PU_R0001,R0001,P1,pickup,HOME_P1,46.10783386114432,4.0170614630491475,5,1,770,811
2,DO_R0001,R0001,P1,dropoff,H3,46.05,4.07,5,-1,780,825
3,PU_R0002,R0002,P2,pickup,HOME_P2,46.07372586657906,4.150228539769819,5,1,465,508
4,DO_R0002,R0002,P2,dropoff,H1,46.0533,4.0727,5,-1,475,520
5,PU_R0003,R0003,P2,pickup,H1,46.0533,4.0727,5,1,760,775
6,DO_R0003,R0003,P2,dropoff,HOME_P2,46.07372586657906,4.150228539769819,5,-1,760,815
7,PU_R0004,R0004,P3,pickup,HOME_P3,46.030441381280426,4.053525838684212,5,1,950,1010
8,DO_R0004,R0004,P3,dropoff,H2,46.0457,4.0688,5,-1,970,1015
9,PU_R0005,R0005,P4,pickup,HOME_P4,45.99110396027702,4.005389891176068,5,1,425,466
10,DO_R0005,R0005,P4,dropoff,H2,46.0457,4.0688,5,-1,435,480
11,PU_R0006,R0006,P4,pickup,H2,46.0457,4.0688,5,1,705,720
12,DO_R0006,R0006,P4,dropoff,HOME_P4,45.99110396027702,4.005389891176068,5,-1,705,760
13,PU_R0007,R0007,P5,pickup,HOME_P5,46.061843206794066,3.9662616776653334,5,1,590,640
14,DO_R0007,R0007,P5,dropoff,H2,46.0457,4.0688,5,-1,610,655
15,PU_R0008,R0008,P5,pickup,H2,46.0457,4.0688,5,1,685,710
16,DO_R0008,R0008,P5,dropoff,HOME_P5,46.061843206794066,3.9662616776653334,5,-1,685,760
17,PU_R0009,R0009,P6,pickup,HOME_P6,46.10230738868136,4.1659028489444,5,1,445,492
18,DO_R0009,R0009,P6,dropoff,H2,46.0457,4.0688,5,-1,465,510
19,PU_R0010,R0010,P6,pickup,H2,46.0457,4.0688,5,1,540,565
20,DO_R0010,R0010,P6,dropoff,HOME_P6,46.10230738868136,4.1659028489444,5,-1,540,615
21,PU_R0011,R0011,P7,pickup,HOME_P7,45.9889954769024,4.112770919538789,5,1,465,506
22,DO_R0011,R0011,P7,dropoff,H1,46.0533,4.0727,5,-1,475,520
23,PU_R0012,R0012,P7,pickup,H1,46.0533,4.0727,5,1,760,775
24,DO_R0012,R0012,P7,dropoff,HOME_P7,45.9889954769024,4.112770919538789,5,-1,760,815
25,PU_R0013,R0013,P8,pickup,HOME_P8,45.97577769145212,3.9990957154945823,5,1,465,503
26,DO_R0013,R0013,P8,dropoff,H2,46.0457,4.0688,5,-1,475,520
27,PU_R0014,R0014,P8,pickup,H2,46.0457,4.0688,5,1,740,755
28,DO_R0014,R0014,P8,dropoff,HOME_P8,45.97577769145212,3.9990957154945823,5,-1,740,795
29,PU_R0015,R0015,P9,pickup,HOME_P9,46.08913064287359,4.086978113094166,5,1,430,476
30,DO_R0015,R0015,P9,dropoff,H3,46.05,4.07,5,-1,440,485
31,PU_R0016,R0016,P9,pickup,H3,46.05,4.07,5,1,710,725
32,DO_R0016,R0016,P9,dropoff,HOME_P9,46.08913064287359,4.086978113094166,5,-1,710,765
33,PU_R0017,R0017,P10,pickup,HOME_P10,46.095093607131744,4.028055526756416,5,1,775,818
34,DO_R0017,R0017,P10,dropoff,H2,46.0457,4.0688,5,-1,785,830
35,PU_R0018,R0018,P11,pickup,HOME_P11,46.05107512921769,4.002602793133937,5,1,775,820
36,DO_R0018,R0018,P11,dropoff,H1,46.0533,4.0727,5,-1,785,830
37,PU_R0019,R0019,P12,pickup,HOME_P12,45.977922908900396,4.135043030813001,5,1,785,833
38,DO_R0019,R0019,P12,dropoff,H2,46.0457,4.0688,5,-1,805,850
39,PU_R0020,R0020,P12,pickup,H2,46.0457,4.0688,5,1,880,905
40,DO_R0020,R0020,P12,dropoff,HOME_P12,45.977922908900396,4.135043030813001,5,-1,880,955
41,PU_R0021,R0021,P13,pickup,HOME_P13,46.11704654261393,4.114059008234606,5,1,425,466
42,DO_R0021,R0021,P13,dropoff,H1,46.0533,4.0727,5,-1,435,480
43,PU_R0022,R0022,P13,pickup,H1,46.0533,4.0727,5,1,720,735
44,DO_R0022,R0022,P13,dropoff,HOME_P13,46.11704654261393,4.114059008234606,5,-1,720,775
45,PU_R0023,R0023,P14,pickup,HOME_P14,46.04882183655678,3.986959869284549,5,1,430,473
46,DO_R0023,R0023,P14,dropoff,H3,46.05,4.07,5,-1,440,485
47,PU_R0024,R0024,P14,pickup,H3,46.05,4.07,5,1,725,740
48,DO_R0024,R0024,P14,dropoff,HOME_P14,46.04882183655678,3.986959869284549,5,-1,725,780
49,PU_R0025,R0025,P15,pickup,HOME_P15,46.09849393036503,4.079111944882352,5,1,740,785
50,DO_R0025,R0025,P15,dropoff,H1,46.0533,4.0727,5,-1,750,795
51,PU_R0026,R0026,P16,pickup,HOME_P16,46.085422388706654,4.047580709868673,5,1,465,511
52,DO_R0026,R0026,P16,dropoff,H2,46.0457,4.0688,5,-1,475,520
53,PU_R0027,R0027,P16,pickup,H2,46.0457,4.0688,5,1,730,745
54,DO_R0027,R0027,P16,dropoff,HOME_P16,46.085422388706654,4.047580709868673,5,-1,730,785
55,PU_R0028,R0028,P17,pickup,HOME_P17,46.07605282012087,4.081964473145916,5,1,465,515
56,DO_R0028,R0028,P17,dropoff,H1,46.0533,4.0727,5,-1,475,520
57,PU_R0029,R0029,P17,pickup,H1,46.0533,4.0727,5,1,685,700
58,DO_R0029,R0029,P17,dropoff,HOME_P17,46.07605282012087,4.081964473145916,5,-1,685,740
59,PU_R0030,R0030,P18,pickup,HOME_P18,45.95014069120083,4.0404144495860645,5,1,490,535
60,DO_R0030,R0030,P18,dropoff,H2,46.0457,4.0688,5,-1,510,555
61,PU_R0031,R0031,P18,pickup,H2,46.0457,4.0688,5,1,580,605
62,DO_R0031,R0031,P18,dropoff,HOME_P18,45.95014069120083,4.0404144495860645,5,-1,580,655
63,PU_R0032,R0032,P19,pickup,HOME_P19,46.098498729168234,4.153113773804685,5,1,495,545
64,DO_R0032,R0032,P19,dropoff,H1,46.0533,4.0727,5,-1,515,560
65,PU_R0033,R0033,P19,pickup,H1,46.0533,4.0727,5,1,635,660
66,DO_R0033,R0033,P19,dropoff,HOME_P19,46.098498729168234,4.153113773804685,5,-1,635,710
67,PU_R0034,R0034,P20,pickup,HOME_P20,46.00012966159381,4.145679993488287,5,1,735,776
68,DO_R0034,R0034,P20,dropoff,H2,46.0457,4.0688,5,-1,745,790
69,PU_R0035,R0035,P21,pickup,HOME_P21,46.089590925786716,3.9726532635991694,5,1,450,509
70,DO_R0035,R0035,P21,dropoff,H1,46.0533,4.0727,5,-1,480,525
71,PU_R0036,R0036,P21,pickup,H1,46.0533,4.0727,5,1,545,580
72,DO_R0036,R0036,P21,dropoff,HOME_P21,46.089590925786716,3.9726532635991694,5,-1,545,640
73,PU_R0037,R0037,P22,pickup,HOME_P22,45.99937417910424,4.107585515166739,5,1,525,578
74,DO_R0037,R0037,P22,dropoff,H1,46.0533,4.0727,5,-1,545,590
75,PU_R0038,R0038,P22,pickup,H1,46.0533,4.0727,5,1,705,730
76,DO_R0038,R0038,P22,dropoff,HOME_P22,45.99937417910424,4.107585515166739,5,-1,705,780
77,PU_R0039,R0039,P23,pickup,HOME_P23,46.08177982301597,4.090771804126516,5,1,760,807
78,DO_R0039,R0039,P23,dropoff,H2,46.0457,4.0688,5,-1,770,815
79,PU_R0040,R0040,P24,pickup,HOME_P24,46.05097023306854,4.1100254110563075,5,1,460,509
80,DO_R0040,R0040,P24,dropoff,H1,46.0533,4.0727,5,-1,470,515
81,PU_R0041,R0041,P24,pickup,H1,46.0533,4.0727,5,1,755,770
82,DO_R0041,R0041,P24,dropoff,HOME_P24,46.05097023306854,4.1100254110563075,5,-1,755,810
83,PU_R0042,R0042,P25,pickup,HOME_P25,46.023171617062886,4.172661306547461,5,1,780,829
84,DO_R0042,R0042,P25,dropoff,H1,46.0533,4.0727,5,-1,800,845
85,PU_R0043,R0043,P25,pickup,H1,46.0533,4.0727,5,1,915,940
86,DO_R0043,R0043,P25,dropoff,HOME_P25,46.023171617062886,4.172661306547461,5,-1,915,990
87,PU_R0044,R0044,P26,pickup,HOME_P26,46.086223881229586,4.150724208842964,5,1,1015,1056
88,DO_R0044,R0044,P26,dropoff,H2,46.0457,4.0688,5,-1,1025,1070
89,PU_R0045,R0045,P27,pickup,HOME_P27,46.12323097834125,4.174938361537567,5,1,505,550
90,DO_R0045,R0045,P27,dropoff,H1,46.0533,4.0727,5,-1,525,570
91,PU_R0046,R0046,P27,pickup,H1,46.0533,4.0727,5,1,645,670
92,DO_R0046,R0046,P27,dropoff,HOME_P27,46.12323097834125,4.174938361537567,5,-1,645,720
93,PU_R0047,R0047,P28,pickup,HOME_P28,46.031545389905524,4.080278352708457,5,1,450,510
94,DO_R0047,R0047,P28,dropoff,H2,46.0457,4.0688,5,-1,470,515
95,PU_R0048,R0048,P28,pickup,H2,46.0457,4.0688,5,1,540,565
96,DO_R0048,R0048,P28,dropoff,HOME_P28,46.031545389905524,4.080278352708457,5,-1,540,615
97,PU_R0049,R0049,P29,pickup,HOME_P29,46.03328056950777,3.966871045680522,5,1,445,494
98,DO_R0049,R0049,P29,dropoff,H1,46.0533,4.0727,5,-1,465,510
99,PU_R0050,R0050,P29,pickup,H1,46.0533,4.0727,5,1,575,600
100,DO_R0050,R0050,P29,dropoff,HOME_P29,46.03328056950777,3.966871045680522,5,-1,575,650
101,PU_R0051,R0051,P30,pickup,HOME_P30,46.034486678357624,4.150106595476509,5,1,455,498
102,DO_R0051,R0051,P30,dropoff,H1,46.0533,4.0727,5,-1,465,510
103,PU_R0052,R0052,P30,pickup,H1,46.0533,4.0727,5,1,670,685
104,DO_R0052,R0052,P30,dropoff,HOME_P30,46.034486678357624,4.150106595476509,5,-1,670,725
105,PU_R0053,R0053,P31,pickup,HOME_P31,46.050785197441876,4.15122524044711,5,1,565,619
106,DO_R0053,R0053,P31,dropoff,H1,46.0533,4.0727,5,-1,585,630
107,PU_R0054,R0054,P32,pickup,HOME_P32,46.13620030568583,4.086234595634203,5,1,645,683
108,DO_R0054,R0054,P32,dropoff,H1,46.0533,4.0727,5,-1,655,700
109,PU_R0055,R0055,P32,pickup,H1,46.0533,4.0727,5,1,875,890
110,DO_R0055,R0055,P32,dropoff,HOME_P32,46.13620030568583,4.086234595634203,5,-1,875,930
111,PU_R0056,R0056,P33,pickup,HOME_P33,45.89420963142134,4.049887030045395,5,1,787,843
112,DO_R0056,R0056,P33,dropoff,H1,46.0533,4.0727,5,-1,830,875
113,PU_R0057,R0057,P33,pickup,H1,46.0533,4.0727,5,1,905,940
114,DO_R0057,R0057,P33,dropoff,HOME_P33,45.89420963142134,4.049887030045395,5,-1,905,1013
115,PU_R0058,R0058,P34,pickup,HOME_P34,46.10180557588772,4.118915480655903,5,1,970,1013
116,DO_R0058,R0058,P34,dropoff,H1,46.0533,4.0727,5,-1,980,1025
117,PU_R0059,R0059,P35,pickup,HOME_P35,45.99174607222787,4.047253654422459,5,1,760,803
118,DO_R0059,R0059,P35,dropoff,H3,46.05,4.07,5,-1,770,815
119,PU_R0060,R0060,P36,pickup,HOME_P36,46.097163300674914,4.047749349791951,5,1,455,500
120,DO_R0060,R0060,P36,dropoff,H1,46.0533,4.0727,5,-1,465,510
121,PU_R0061,R0061,P36,pickup,H1,46.0533,4.0727,5,1,750,765
122,DO_R0061,R0061,P36,dropoff,HOME_P36,46.097163300674914,4.047749349791951,5,-1,750,805
123,PU_R0062,R0062,P37,pickup,HOME_P37,46.03803656206121,4.183641719225001,5,1,490,539
124,DO_R0062,R0062,P37,dropoff,H2,46.0457,4.0688,5,-1,510,555
125,PU_R0063,R0063,P37,pickup,H2,46.0457,4.0688,5,1,590,615
126,DO_R0063,R0063,P37,dropoff,HOME_P37,46.03803656206121,4.183641719225001,5,-1,590,665
127,PU_R0064,R0064,P38,pickup,HOME_P38,46.056079247409585,4.125866538651494,5,1,425,472
128,DO_R0064,R0064,P38,dropoff,H1,46.0533,4.0727,5,-1,435,480
129,PU_R0065,R0065,P38,pickup,H1,46.0533,4.0727,5,1,720,735
130,DO_R0065,R0065,P38,dropoff,HOME_P38,46.056079247409585,4.125866538651494,5,-1,720,775
131,PU_R0066,R0066,P39,pickup,HOME_P39,46.054685311246224,4.068287564589786,5,1,455,505
132,DO_R0066,R0066,P39,dropoff,H2,46.0457,4.0688,5,-1,465,510
133,PU_R0067,R0067,P39,pickup,H2,46.0457,4.0688,5,1,740,755
134,DO_R0067,R0067,P39,dropoff,HOME_P39,46.054685311246224,4.068287564589786,5,-1,740,795
135,PU_R0068,R0068,P40,pickup,HOME_P40,45.99453102842536,3.9622565389588114,5,1,500,545
136,DO_R0068,R0068,P40,dropoff,H1,46.0533,4.0727,5,-1,520,565
137,PU_R0069,R0069,P40,pickup,H1,46.0533,4.0727,5,1,660,685
138,DO_R0069,R0069,P40,dropoff,HOME_P40,45.99453102842536,3.9622565389588114,5,-1,660,735
139,PU_R0070,R0070,P41,pickup,HOME_P41,46.02681047131166,4.076658390781124,5,1,430,479
140,DO_R0070,R0070,P41,dropoff,H1,46.0533,4.0727,5,-1,440,485
141,PU_R0071,R0071,P41,pickup,H1,46.0533,4.0727,5,1,725,740
142,DO_R0071,R0071,P41,dropoff,HOME_P41,46.02681047131166,4.076658390781124,5,-1,725,780
143,PU_R0072,R0072,P42,pickup,HOME_P42,46.01769972159802,4.153377669912593,5,1,465,516
144,DO_R0072,R0072,P42,dropoff,H1,46.0533,4.0727,5,-1,485,530
145,PU_R0073,R0073,P42,pickup,H1,46.0533,4.0727,5,1,625,650
146,DO_R0073,R0073,P42,dropoff,HOME_P42,46.01769972159802,4.153377669912593,5,-1,625,700
147,PU_R0074,R0074,P43,pickup,HOME_P43,46.04203877957853,4.148152971907244,5,1,895,939
148,DO_R0074,R0074,P43,dropoff,H2,46.0457,4.0688,5,-1,905,950
149,PU_R0075,R0075,P44,pickup,HOME_P44,46.099990120251064,4.006157895528148,5,1,455,496
150,DO_R0075,R0075,P44,dropoff,H1,46.0533,4.0727,5,-1,465,510
151,PU_R0076,R0076,P44,pickup,H1,46.0533,4.0727,5,1,675,690
152,DO_R0076,R0076,P44,dropoff,HOME_P44,46.099990120251064,4.006157895528148,5,-1,675,730
153,PU_R0077,R0077,P45,pickup,HOME_P45,46.126720782636816,4.133377973361011,5,1,605,643
154,DO_R0077,R0077,P45,dropoff,H1,46.0533,4.0727,5,-1,615,660
155,PU_R0078,R0078,P45,pickup,H1,46.0533,4.0727,5,1,820,835
156,DO_R0078,R0078,P45,dropoff,HOME_P45,46.126720782636816,4.133377973361011,5,-1,820,875
157,PU_R0079,R0079,P46,pickup,HOME_P46,46.07448407534584,4.180334975835695,5,1,480,519
158,DO_R0079,R0079,P46,dropoff,H1,46.0533,4.0727,5,-1,490,535
159,PU_R0080,R0080,P46,pickup,H1,46.0533,4.0727,5,1,710,725
160,DO_R0080,R0080,P46,dropoff,HOME_P46,46.07448407534584,4.180334975835695,5,-1,710,765
161,PU_R0081,R0081,P47,pickup,HOME_P47,46.08134908846538,4.044989943374789,5,1,745,792
162,DO_R0081,R0081,P47,dropoff,H2,46.0457,4.0688,5,-1,755,800
163,PU_R0082,R0082,P48,pickup,HOME_P48,46.08994014036826,4.0993293237303945,5,1,780,826
164,DO_R0082,R0082,P48,dropoff,H1,46.0533,4.0727,5,-1,790,835
165,PU_R0083,R0083,P49,pickup,HOME_P49,46.02254878130456,3.9797147719633843,5,1,430,471
166,DO_R0083,R0083,P49,dropoff,H3,46.05,4.07,5,-1,440,485
167,PU_R0084,R0084,P49,pickup,H3,46.05,4.07,5,1,700,715
168,DO_R0084,R0084,P49,dropoff,HOME_P49,46.02254878130456,3.9797147719633843,5,-1,700,755
169,PU_R0085,R0085,P50,pickup,HOME_P50,46.066933693496736,3.987697935214582,5,1,630,672
170,DO_R0085,R0085,P50,dropoff,H1,46.0533,4.0727,5,-1,640,685
171,PU_R0086,R0086,P50,pickup,H1,46.0533,4.0727,5,1,840,855
172,DO_R0086,R0086,P50,dropoff,HOME_P50,46.066933693496736,3.987697935214582,5,-1,840,895
173,PU_R0087,R0087,P51,pickup,HOME_P51,46.06441972509781,4.20694086764138,5,1,940,986
174,DO_R0087,R0087,P51,dropoff,H1,46.0533,4.0727,5,-1,960,1005
175,PU_R0088,R0088,P52,pickup,HOME_P52,46.00650433202213,4.0932990383921055,5,1,435,481
176,DO_R0088,R0088,P52,dropoff,H2,46.0457,4.0688,5,-1,445,490
177,PU_R0089,R0089,P52,pickup,H2,46.0457,4.0688,5,1,710,725
178,DO_R0089,R0089,P52,dropoff,HOME_P52,46.00650433202213,4.0932990383921055,5,-1,710,765
179,PU_R0090,R0090,P53,pickup,HOME_P53,45.99907409383322,4.053677645166388,5,1,770,813
180,DO_R0090,R0090,P53,dropoff,H1,46.0533,4.0727,5,-1,780,825
181,PU_R0091,R0091,P54,pickup,HOME_P54,46.02867298399076,4.094723996255323,5,1,465,515
182,DO_R0091,R0091,P54,dropoff,H2,46.0457,4.0688,5,-1,475,520
183,PU_R0092,R0092,P54,pickup,H2,46.0457,4.0688,5,1,645,660
184,DO_R0092,R0092,P54,dropoff,HOME_P54,46.02867298399076,4.094723996255323,5,-1,645,700
185,PU_R0093,R0093,P55,pickup,HOME_P55,46.02627882776504,4.013082093384408,5,1,475,521
186,DO_R0093,R0093,P55,dropoff,H2,46.0457,4.0688,5,-1,485,530
187,PU_R0094,R0094,P55,pickup,H2,46.0457,4.0688,5,1,765,780
188,DO_R0094,R0094,P55,dropoff,HOME_P55,46.02627882776504,4.013082093384408,5,-1,765,820
189,PU_R0095,R0095,P56,pickup,HOME_P56,46.137362345889144,4.110703111307536,5,1,970,1015
190,DO_R0095,R0095,P56,dropoff,H2,46.0457,4.0688,5,-1,990,1035
191,PU_R0096,R0096,P57,pickup,HOME_P57,46.08907876199531,4.156983398425008,5,1,840,891
192,DO_R0096,R0096,P57,dropoff,H1,46.0533,4.0727,5,-1,860,905
193,PU_R0097,R0097,P57,pickup,H1,46.0533,4.0727,5,1,995,1020
194,DO_R0097,R0097,P57,dropoff,HOME_P57,46.08907876199531,4.156983398425008,5,-1,995,1070
195,PU_R0098,R0098,P58,pickup,HOME_P58,46.03448671142711,4.048381504819452,5,1,440,490
196,DO_R0098,R0098,P58,dropoff,H2,46.0457,4.0688,5,-1,450,495
197,PU_R0099,R0099,P58,pickup,H2,46.0457,4.0688,5,1,715,730
198,DO_R0099,R0099,P58,dropoff,HOME_P58,46.03448671142711,4.048381504819452,5,-1,715,770
199,PU_R0100,R0100,P59,pickup,HOME_P59,46.103901600680395,4.0833717588446365,5,1,435,478
200,DO_R0100,R0100,P59,dropoff,H2,46.0457,4.0688,5,-1,445,490
201,PU_R0101,R0101,P59,pickup,H2,46.0457,4.0688,5,1,760,775
202,DO_R0101,R0101,P59,dropoff,HOME_P59,46.103901600680395,4.0833717588446365,5,-1,760,815
203,PU_R0102,R0102,P60,pickup,HOME_P60,46.06876393341641,4.1369870424453925,5,1,455,500
204,DO_R0102,R0102,P60,dropoff,H1,46.0533,4.0727,5,-1,465,510
205,PU_R0103,R0103,P60,pickup,H1,46.0533,4.0727,5,1,750,765
206,DO_R0103,R0103,P60,dropoff,HOME_P60,46.06876393341641,4.1369870424453925,5,-1,750,805
207,PU_R0104,R0104,P61,pickup,HOME_P61,46.005150016915955,4.00481446269019,5,1,450,491
208,DO_R0104,R0104,P61,dropoff,H1,46.0533,4.0727,5,-1,460,505
209,PU_R0105,R0105,P61,pickup,H1,46.0533,4.0727,5,1,675,690
210,DO_R0105,R0105,P61,dropoff,HOME_P61,46.005150016915955,4.00481446269019,5,-1,675,730
211,PU_R0106,R0106,P62,pickup,HOME_P62,45.98642320363223,4.066651559793829,5,1,750,793
212,DO_R0106,R0106,P62,dropoff,H2,46.0457,4.0688,5,-1,760,805
213,PU_R0107,R0107,P63,pickup,HOME_P63,46.01595040884353,4.023021551435812,5,1,455,499
214,DO_R0107,R0107,P63,dropoff,H1,46.0533,4.0727,5,-1,465,510
215,PU_R0108,R0108,P63,pickup,H1,46.0533,4.0727,5,1,750,765
216,DO_R0108,R0108,P63,dropoff,HOME_P63,46.01595040884353,4.023021551435812,5,-1,750,805
217,PU_R0109,R0109,P64,pickup,HOME_P64,45.986785588978094,4.058969089458326,5,1,430,471
218,DO_R0109,R0109,P64,dropoff,H1,46.0533,4.0727,5,-1,440,485
219,PU_R0110,R0110,P64,pickup,H1,46.0533,4.0727,5,1,725,740
220,DO_R0110,R0110,P64,dropoff,HOME_P64,45.986785588978094,4.058969089458326,5,-1,725,780
221,PU_R0111,R0111,P65,pickup,HOME_P65,46.12157364177357,4.007339043232719,5,1,610,648
222,DO_R0111,R0111,P65,dropoff,H1,46.0533,4.0727,5,-1,620,665
223,PU_R0112,R0112,P65,pickup,H1,46.0533,4.0727,5,1,815,830
224,DO_R0112,R0112,P65,dropoff,HOME_P65,46.12157364177357,4.007339043232719,5,-1,815,870
225,PU_R0113,R0113,P66,pickup,HOME_P66,46.0954281857233,4.028623370882359,5,1,740,783
226,DO_R0113,R0113,P66,dropoff,H2,46.0457,4.0688,5,-1,750,795
227,PU_R0114,R0114,P67,pickup,HOME_P67,46.07597918110467,4.008818083876648,5,1,445,490
228,DO_R0114,R0114,P67,dropoff,H1,46.0533,4.0727,5,-1,455,500
229,PU_R0115,R0115,P67,pickup,H1,46.0533,4.0727,5,1,740,755
230,DO_R0115,R0115,P67,dropoff,HOME_P67,46.07597918110467,4.008818083876648,5,-1,740,795
231,PU_R0116,R0116,P68,pickup,HOME_P68,46.026476511038986,4.038961626109254,5,1,815,862
232,DO_R0116,R0116,P68,dropoff,H1,46.0533,4.0727,5,-1,825,870
233,PU_R0117,R0117,P68,pickup,H1,46.0533,4.0727,5,1,1025,1040
234,DO_R0117,R0117,P68,dropoff,HOME_P68,46.026476511038986,4.038961626109254,5,-1,1025,1080
235,PU_R0118,R0118,P69,pickup,HOME_P69,46.07410169847452,4.016779521179923,5,1,620,675
236,DO_R0118,R0118,P69,dropoff,H2,46.0457,4.0688,5,-1,640,685
237,PU_R0119,R0119,P69,pickup,H2,46.0457,4.0688,5,1,710,735
238,DO_R0119,R0119,P69,dropoff,HOME_P69,46.07410169847452,4.016779521179923,5,-1,710,785
239,PU_R0120,R0120,P70,pickup,HOME_P70,46.093052751005885,3.9830171892185815,5,1,520,570
240,DO_R0120,R0120,P70,dropoff,H1,46.0533,4.0727,5,-1,540,585
241,PU_R0121,R0121,P70,pickup,H1,46.0533,4.0727,5,1,650,675
242,DO_R0121,R0121,P70,dropoff,HOME_P70,46.093052751005885,3.9830171892185815,5,-1,650,725
243,PU_R0122,R0122,P71,pickup,HOME_P71,46.107924195204504,4.015541703068512,5,1,450,491
244,DO_R0122,R0122,P71,dropoff,H1,46.0533,4.0727,5,-1,460,505
245,PU_R0123,R0123,P71,pickup,H1,46.0533,4.0727,5,1,745,760
246,DO_R0123,R0123,P71,dropoff,HOME_P71,46.107924195204504,4.015541703068512,5,-1,745,800
247,PU_R0124,R0124,P72,pickup,HOME_P72,46.01669667137591,4.037992820187503,5,1,555,621
248,DO_R0124,R0124,P72,dropoff,H1,46.0533,4.0727,5,-1,585,630
249,PU_R0125,R0125,P72,pickup,H1,46.0533,4.0727,5,1,660,695
250,DO_R0125,R0125,P72,dropoff,HOME_P72,46.01669667137591,4.037992820187503,5,-1,660,755
251,PU_R0126,R0126,P73,pickup,HOME_P73,45.90705849004421,3.985826819555491,5,1,898,953
252,DO_R0126,R0126,P73,dropoff,H1,46.0533,4.0727,5,-1,940,985
253,PU_R0127,R0127,P74,pickup,HOME_P74,46.05871686131739,3.9807874750145764,5,1,455,497
254,DO_R0127,R0127,P74,dropoff,H1,46.0533,4.0727,5,-1,465,510
255,PU_R0128,R0128,P74,pickup,H1,46.0533,4.0727,5,1,750,765
256,DO_R0128,R0128,P74,dropoff,HOME_P74,46.05871686131739,3.9807874750145764,5,-1,750,805
257,PU_R0129,R0129,P75,pickup,HOME_P75,46.065921360764854,4.0431536141107225,5,1,725,775
258,DO_R0129,R0129,P75,dropoff,H1,46.0533,4.0727,5,-1,735,780
259,PU_R0130,R0130,P75,pickup,H1,46.0533,4.0727,5,1,1020,1035
260,DO_R0130,R0130,P75,dropoff,HOME_P75,46.065921360764854,4.0431536141107225,5,-1,1020,1075
261,PU_R0131,R0131,P76,pickup,HOME_P76,45.99932733865114,4.114473251680049,5,1,755,798
262,DO_R0131,R0131,P76,dropoff,H2,46.0457,4.0688,5,-1,765,810
263,PU_R0132,R0132,P76,pickup,H2,46.0457,4.0688,5,1,1025,1040
264,DO_R0132,R0132,P76,dropoff,HOME_P76,45.99932733865114,4.114473251680049,5,-1,1025,1080
265,PU_R0133,R0133,P77,pickup,HOME_P77,46.07497872469842,4.091816392513323,5,1,610,669
266,DO_R0133,R0133,P77,dropoff,H1,46.0533,4.0727,5,-1,630,675
267,PU_R0134,R0134,P77,pickup,H1,46.0533,4.0727,5,1,735,760
268,DO_R0134,R0134,P77,dropoff,HOME_P77,46.07497872469842,4.091816392513323,5,-1,735,810
269,PU_R0135,R0135,P78,pickup,HOME_P78,46.08011689864302,4.008906213888804,5,1,725,769
270,DO_R0135,R0135,P78,dropoff,H1,46.0533,4.0727,5,-1,735,780
271,PU_R0136,R0136,P78,pickup,H1,46.0533,4.0727,5,1,1020,1035
272,DO_R0136,R0136,P78,dropoff,HOME_P78,46.08011689864302,4.008906213888804,5,-1,1020,1075
273,PU_R0137,R0137,P79,pickup,HOME_P79,46.06725859100974,4.170298555943841,5,1,730,771
274,DO_R0137,R0137,P79,dropoff,H1,46.0533,4.0727,5,-1,740,785
275,PU_R0138,R0138,P79,pickup,H1,46.0533,4.0727,5,1,1025,1040
276,DO_R0138,R0138,P79,dropoff,HOME_P79,46.06725859100974,4.170298555943841,5,-1,1025,1080
277,PU_R0139,R0139,P80,pickup,HOME_P80,46.08642042540897,4.1616282242764635,5,1,740,781
278,DO_R0139,R0139,P80,dropoff,H1,46.0533,4.0727,5,-1,750,795
279,PU_R0140,R0140,P81,pickup,HOME_P81,46.08741318823576,4.181553099442593,5,1,460,498
280,DO_R0140,R0140,P81,dropoff,H1,46.0533,4.0727,5,-1,470,515
281,PU_R0141,R0141,P81,pickup,H1,46.0533,4.0727,5,1,675,690
282,DO_R0141,R0141,P81,dropoff,HOME_P81,46.08741318823576,4.181553099442593,5,-1,675,730
283,PU_R0142,R0142,P82,pickup,HOME_P82,45.99572774787845,4.129554526578835,5,1,485,536
284,DO_R0142,R0142,P82,dropoff,H1,46.0533,4.0727,5,-1,505,550
285,PU_R0143,R0143,P82,pickup,H1,46.0533,4.0727,5,1,625,650
286,DO_R0143,R0143,P82,dropoff,HOME_P82,45.99572774787845,4.129554526578835,5,-1,625,700
287,PU_R0144,R0144,P83,pickup,HOME_P83,46.082810163904036,4.210972294424901,5,1,580,625
288,DO_R0144,R0144,P83,dropoff,H1,46.0533,4.0727,5,-1,600,645
289,PU_R0145,R0145,P83,pickup,H1,46.0533,4.0727,5,1,725,750
290,DO_R0145,R0145,P83,dropoff,HOME_P83,46.082810163904036,4.210972294424901,5,-1,725,800
291,PU_R0146,R0146,P84,pickup,HOME_P84,45.99189318329899,3.975548714288693,5,1,950,998
292,DO_R0146,R0146,P84,dropoff,H2,46.0457,4.0688,5,-1,970,1015
293,PU_R0147,R0147,P85,pickup,HOME_P85,46.05695571147613,3.9205489205152477,5,1,805,849
294,DO_R0147,R0147,P85,dropoff,H2,46.0457,4.0688,5,-1,825,870
295,PU_R0148,R0148,P85,pickup,H2,46.0457,4.0688,5,1,900,925
296,DO_R0148,R0148,P85,dropoff,HOME_P85,46.05695571147613,3.9205489205152477,5,-1,900,975
297,PU_R0149,R0149,P86,pickup,HOME_P86,46.11141056231334,4.1273451015523674,5,1,615,666
298,DO_R0149,R0149,P86,dropoff,H1,46.0533,4.0727,5,-1,635,680
299,PU_R0150,R0150,P86,pickup,H1,46.0533,4.0727,5,1,795,820
300,DO_R0150,R0150,P86,dropoff,HOME_P86,46.11141056231334,4.1273451015523674,5,-1,795,870
301,PU_R0151,R0151,P87,pickup,HOME_P87,46.077650642041085,4.010152427770357,5,1,425,470
302,DO_R0151,R0151,P87,dropoff,H3,46.05,4.07,5,-1,435,480
303,PU_R0152,R0152,P87,pickup,H3,46.05,4.07,5,1,745,760
304,DO_R0152,R0152,P87,dropoff,HOME_P87,46.077650642041085,4.010152427770357,5,-1,745,800
305,PU_R0153,R0153,P88,pickup,HOME_P88,46.06470952474089,4.117384921837553,5,1,970,1018
306,DO_R0153,R0153,P88,dropoff,H1,46.0533,4.0727,5,-1,980,1025
307,PU_R0154,R0154,P89,pickup,HOME_P89,46.008366981892614,3.9989328133655184,5,1,770,811
308,DO_R0154,R0154,P89,dropoff,H1,46.0533,4.0727,5,-1,780,825
309,PU_R0155,R0155,P90,pickup,HOME_P90,45.991623026866755,4.056359077618392,5,1,775,817
310,DO_R0155,R0155,P90,dropoff,H1,46.0533,4.0727,5,-1,785,830
311,PU_R0156,R0156,P91,pickup,HOME_P91,46.04481932223726,4.009000891919081,5,1,440,486
312,DO_R0156,R0156,P91,dropoff,H1,46.0533,4.0727,5,-1,450,495
313,PU_R0157,R0157,P91,pickup,H1,46.0533,4.0727,5,1,670,685
314,DO_R0157,R0157,P91,dropoff,HOME_P91,46.04481932223726,4.009000891919081,5,-1,670,725
315,PU_R0158,R0158,P92,pickup,HOME_P92,46.08662495079148,4.061944306736333,5,1,460,506
316,DO_R0158,R0158,P92,dropoff,H2,46.0457,4.0688,5,-1,470,515
317,PU_R0159,R0159,P92,pickup,H2,46.0457,4.0688,5,1,765,780
318,DO_R0159,R0159,P92,dropoff,HOME_P92,46.08662495079148,4.061944306736333,5,-1,765,820
319,PU_R0160,R0160,P93,pickup,HOME_P93,45.98238419031111,4.124321193694825,5,1,435,474
320,DO_R0160,R0160,P93,dropoff,H1,46.0533,4.0727,5,-1,445,490
321,PU_R0161,R0161,P93,pickup,H1,46.0533,4.0727,5,1,655,670
322,DO_R0161,R0161,P93,dropoff,HOME_P93,45.98238419031111,4.124321193694825,5,-1,655,710
323,PU_R0162,R0162,P94,pickup,HOME_P94,46.08712263815488,4.159114508054993,5,1,780,831
324,DO_R0162,R0162,P94,dropoff,H1,46.0533,4.0727,5,-1,800,845
325,PU_R0163,R0163,P94,pickup,H1,46.0533,4.0727,5,1,915,940
326,DO_R0163,R0163,P94,dropoff,HOME_P94,46.08712263815488,4.159114508054993,5,-1,915,990
327,PU_R0164,R0164,P95,pickup,HOME_P95,46.061049339613696,3.9624931305555964,5,1,460,499
328,DO_R0164,R0164,P95,dropoff,H1,46.0533,4.0727,5,-1,470,515
329,PU_R0165,R0165,P95,pickup,H1,46.0533,4.0727,5,1,680,695
330,DO_R0165,R0165,P95,dropoff,HOME_P95,46.061049339613696,3.9624931305555964,5,-1,680,735
331,PU_R0166,R0166,P96,pickup,HOME_P96,46.02815110774557,3.930224051960458,5,1,1000,1045
332,DO_R0166,R0166,P96,dropoff,H2,46.0457,4.0688,5,-1,1020,1065
333,PU_R0167,R0167,P97,pickup,HOME_P97,46.0356483591227,4.08814733245821,5,1,460,510
334,DO_R0167,R0167,P97,dropoff,H1,46.0533,4.0727,5,-1,470,515
335,PU_R0168,R0168,P97,pickup,H1,46.0533,4.0727,5,1,755,770
336,DO_R0168,R0168,P97,dropoff,HOME_P97,46.0356483591227,4.08814733245821,5,-1,755,810
337,PU_R0169,R0169,P98,pickup,HOME_P98,46.05670406604975,3.943217610780936,5,1,590,637
338,DO_R0169,R0169,P98,dropoff,H2,46.0457,4.0688,5,-1,610,655
339,PU_R0170,R0170,P98,pickup,H2,46.0457,4.0688,5,1,695,720
340,DO_R0170,R0170,P98,dropoff,HOME_P98,46.05670406604975,3.943217610780936,5,-1,695,770
341,PU_R0171,R0171,P99,pickup,HOME_P99,45.980060163980745,4.005240314696284,5,1,660,697
342,DO_R0171,R0171,P99,dropoff,H1,46.0533,4.0727,5,-1,670,715
343,PU_R0172,R0172,P99,pickup,H1,46.0533,4.0727,5,1,890,905
344,DO_R0172,R0172,P99,dropoff,HOME_P99,45.980060163980745,4.005240314696284,5,-1,890,945
345,PU_R0173,R0173,P100,pickup,HOME_P100,45.94602124735861,4.075963235253019,5,1,495,538
346,DO_R0173,R0173,P100,dropoff,H1,46.0533,4.0727,5,-1,515,560
347,PU_R0174,R0174,P100,pickup,H1,46.0533,4.0727,5,1,625,650
348,DO_R0174,R0174,P100,dropoff,HOME_P100,45.94602124735861,4.075963235253019,5,-1,625,700
349,PU_R0175,R0175,P101,pickup,HOME_P101,46.05428117197187,4.062813494023372,5,1,440,490
350,DO_R0175,R0175,P101,dropoff,H1,46.0533,4.0727,5,-1,450,495
351,PU_R0176,R0176,P101,pickup,H1,46.0533,4.0727,5,1,735,750
352,DO_R0176,R0176,P101,dropoff,HOME_P101,46.05428117197187,4.062813494023372,5,-1,735,790
353,PU_R0177,R0177,P102,pickup,HOME_P102,46.058267813161315,4.0094543994367315,5,1,460,506
354,DO_R0177,R0177,P102,dropoff,H1,46.0533,4.0727,5,-1,470,515
355,PU_R0178,R0178,P102,pickup,H1,46.0533,4.0727,5,1,755,770
356,DO_R0178,R0178,P102,dropoff,HOME_P102,46.058267813161315,4.0094543994367315,5,-1,755,810
357,PU_R0179,R0179,P103,pickup,HOME_P103,46.11533677037154,3.982282898192734,5,1,505,551
358,DO_R0179,R0179,P103,dropoff,H2,46.0457,4.0688,5,-1,525,570
359,PU_R0180,R0180,P103,pickup,H2,46.0457,4.0688,5,1,595,620
360,DO_R0180,R0180,P103,dropoff,HOME_P103,46.11533677037154,3.982282898192734,5,-1,595,670
361,PU_R0181,R0181,P104,pickup,HOME_P104,46.002288811831136,4.086873559147196,5,1,655,699
362,DO_R0181,R0181,P104,dropoff,H1,46.0533,4.0727,5,-1,665,710
363,PU_R0182,R0182,P104,pickup,H1,46.0533,4.0727,5,1,870,885
364,DO_R0182,R0182,P104,dropoff,HOME_P104,46.002288811831136,4.086873559147196,5,-1,870,925
365,PU_R0183,R0183,P105,pickup,HOME_P105,46.08273771747857,4.150273643106284,5,1,520,571
366,DO_R0183,R0183,P105,dropoff,H2,46.0457,4.0688,5,-1,540,585
367,PU_R0184,R0184,P105,pickup,H2,46.0457,4.0688,5,1,625,650
368,DO_R0184,R0184,P105,dropoff,HOME_P105,46.08273771747857,4.150273643106284,5,-1,625,700
369,PU_R0185,R0185,P106,pickup,HOME_P106,46.09935797560897,4.06786239517951,5,1,750,794
370,DO_R0185,R0185,P106,dropoff,H2,46.0457,4.0688,5,-1,760,805
371,PU_R0186,R0186,P107,pickup,HOME_P107,45.95990033594587,3.9963292513277215,5,1,530,573
372,DO_R0186,R0186,P107,dropoff,H1,46.0533,4.0727,5,-1,550,595
373,PU_R0187,R0187,P107,pickup,H1,46.0533,4.0727,5,1,705,730
374,DO_R0187,R0187,P107,dropoff,HOME_P107,45.95990033594587,3.9963292513277215,5,-1,705,780
375,PU_R0188,R0188,P108,pickup,HOME_P108,46.09694433115415,4.159283898001253,5,1,475,525
376,DO_R0188,R0188,P108,dropoff,H1,46.0533,4.0727,5,-1,495,540
377,PU_R0189,R0189,P108,pickup,H1,46.0533,4.0727,5,1,600,625
378,DO_R0189,R0189,P108,dropoff,HOME_P108,46.09694433115415,4.159283898001253,5,-1,600,675
379,PU_R0190,R0190,P109,pickup,HOME_P109,46.14315713181037,3.985494234731138,5,1,505,558
380,DO_R0190,R0190,P109,dropoff,H1,46.0533,4.0727,5,-1,535,580
381,PU_R0191,R0191,P109,pickup,H1,46.0533,4.0727,5,1,610,645
382,DO_R0191,R0191,P109,dropoff,HOME_P109,46.14315713181037,3.985494234731138,5,-1,610,705
383,PU_R0192,R0192,P110,pickup,HOME_P110,46.01719371903585,4.144275829127712,5,1,775,828
384,DO_R0192,R0192,P110,dropoff,H2,46.0457,4.0688,5,-1,795,840
385,PU_R0193,R0193,P110,pickup,H2,46.0457,4.0688,5,1,875,900
386,DO_R0193,R0193,P110,dropoff,HOME_P110,46.01719371903585,4.144275829127712,5,-1,875,950
387,PU_R0194,R0194,P111,pickup,HOME_P111,46.00159775315316,3.988630191477853,5,1,455,495
388,DO_R0194,R0194,P111,dropoff,H2,46.0457,4.0688,5,-1,465,510
389,PU_R0195,R0195,P111,pickup,H2,46.0457,4.0688,5,1,760,775
390,DO_R0195,R0195,P111,dropoff,HOME_P111,46.00159775315316,3.988630191477853,5,-1,760,815
391,PU_R0196,R0196,P112,pickup,HOME_P112,46.04282956855971,4.067596274174236,5,1,475,525
392,DO_R0196,R0196,P112,dropoff,H3,46.05,4.07,5,-1,485,530
393,PU_R0197,R0197,P112,pickup,H3,46.05,4.07,5,1,755,770
394,DO_R0197,R0197,P112,dropoff,HOME_P112,46.04282956855971,4.067596274174236,5,-1,755,810
395,PU_R0198,R0198,P113,pickup,HOME_P113,46.08690421785824,4.091149981577268,5,1,960,1017
396,DO_R0198,R0198,P113,dropoff,H1,46.0533,4.0727,5,-1,980,1025
397,PU_R0199,R0199,P114,pickup,HOME_P114,46.0273361891832,4.147602999756207,5,1,430,473
398,DO_R0199,R0199,P114,dropoff,H1,46.0533,4.0727,5,-1,440,485
399,PU_R0200,R0200,P114,pickup,H1,46.0533,4.0727,5,1,635,650
400,DO_R0200,R0200,P114,dropoff,HOME_P114,46.0273361891832,4.147602999756207,5,-1,635,690
401,PU_R0201,R0201,P115,pickup,HOME_P115,46.00323802382555,4.041787221424485,5,1,730,775
402,DO_R0201,R0201,P115,dropoff,H2,46.0457,4.0688,5,-1,740,785
403,PU_R0202,R0202,P116,pickup,HOME_P116,46.04226515054757,3.94158692013089,5,1,765,802
404,DO_R0202,R0202,P116,dropoff,H2,46.0457,4.0688,5,-1,775,820
405,PU_R0203,R0203,P116,pickup,H2,46.0457,4.0688,5,1,965,980
406,DO_R0203,R0203,P116,dropoff,HOME_P116,46.04226515054757,3.94158692013089,5,-1,965,1020
407,PU_R0204,R0204,P117,pickup,HOME_P117,46.093108677600405,4.0478078039667515,5,1,640,695
408,DO_R0204,R0204,P117,dropoff,H2,46.0457,4.0688,5,-1,660,705
409,PU_R0205,R0205,P117,pickup,H2,46.0457,4.0688,5,1,745,770
410,DO_R0205,R0205,P117,dropoff,HOME_P117,46.093108677600405,4.0478078039667515,5,-1,745,820
411,PU_R0206,R0206,P118,pickup,HOME_P118,46.091468776512436,4.106277787122357,5,1,465,511
412,DO_R0206,R0206,P118,dropoff,H1,46.0533,4.0727,5,-1,475,520
413,PU_R0207,R0207,P118,pickup,H1,46.0533,4.0727,5,1,760,775
414,DO_R0207,R0207,P118,dropoff,HOME_P118,46.091468776512436,4.106277787122357,5,-1,760,815
415,PU_R0208,R0208,P119,pickup,HOME_P119,46.13429706959289,4.084400955075758,5,1,455,493
416,DO_R0208,R0208,P119,dropoff,H1,46.0533,4.0727,5,-1,465,510
417,PU_R0209,R0209,P119,pickup,H1,46.0533,4.0727,5,1,665,680
418,DO_R0209,R0209,P119,dropoff,HOME_P119,46.13429706959289,4.084400955075758,5,-1,665,720
419,PU_R0210,R0210,P120,pickup,HOME_P120,46.05885454168713,4.052324436262068,5,1,440,490
420,DO_R0210,R0210,P120,dropoff,H1,46.0533,4.0727,5,-1,450,495
421,PU_R0211,R0211,P120,pickup,H1,46.0533,4.0727,5,1,735,750
422,DO_R0211,R0211,P120,dropoff,HOME_P120,46.05885454168713,4.052324436262068,5,-1,735,790
423,PU_R0212,R0212,P121,pickup,HOME_P121,46.04692459789464,3.9797787469036887,5,1,435,477
424,DO_R0212,R0212,P121,dropoff,H1,46.0533,4.0727,5,-1,445,490
425,PU_R0213,R0213,P121,pickup,H1,46.0533,4.0727,5,1,730,745
426,DO_R0213,R0213,P121,dropoff,HOME_P121,46.04692459789464,3.9797787469036887,5,-1,730,785
427,PU_R0214,R0214,P122,pickup,HOME_P122,45.9667760128423,3.918734190139404,5,1,745,797
428,DO_R0214,R0214,P122,dropoff,H1,46.0533,4.0727,5,-1,780,825
429,PU_R0215,R0215,P122,pickup,H1,46.0533,4.0727,5,1,855,890
430,DO_R0215,R0215,P122,dropoff,HOME_P122,45.9667760128423,3.918734190139404,5,-1,855,955
431,PU_R0216,R0216,P123,pickup,HOME_P123,45.99145490416697,4.042119807973341,5,1,975,1017
432,DO_R0216,R0216,P123,dropoff,H1,46.0533,4.0727,5,-1,985,1030
433,PU_R0217,R0217,P124,pickup,HOME_P124,46.12105918527244,4.007016658727634,5,1,645,683
434,DO_R0217,R0217,P124,dropoff,H1,46.0533,4.0727,5,-1,655,700
435,PU_R0218,R0218,P124,pickup,H1,46.0533,4.0727,5,1,880,895
436,DO_R0218,R0218,P124,dropoff,HOME_P124,46.12105918527244,4.007016658727634,5,-1,880,935
437,PU_R0219,R0219,P125,pickup,HOME_P125,46.091701875986814,4.049215352454839,5,1,755,800
438,DO_R0219,R0219,P125,dropoff,H2,46.0457,4.0688,5,-1,765,810
439,PU_R0220,R0220,P126,pickup,HOME_P126,46.12250233498995,4.067094330026647,5,1,735,774
440,DO_R0220,R0220,P126,dropoff,H2,46.0457,4.0688,5,-1,745,790
441,PU_R0221,R0221,P126,pickup,H2,46.0457,4.0688,5,1,975,990
442,DO_R0221,R0221,P126,dropoff,HOME_P126,46.12250233498995,4.067094330026647,5,-1,975,1030
443,PU_R0222,R0222,P127,pickup,HOME_P127,46.0211685577678,4.1367952285931455,5,1,430,474
444,DO_R0222,R0222,P127,dropoff,H1,46.0533,4.0727,5,-1,440,485
445,PU_R0223,R0223,P127,pickup,H1,46.0533,4.0727,5,1,725,740
446,DO_R0223,R0223,P127,dropoff,HOME_P127,46.0211685577678,4.1367952285931455,5,-1,725,780
447,PU_R0224,R0224,P128,pickup,HOME_P128,46.032148118039444,4.163749631277015,5,1,470,511
448,DO_R0224,R0224,P128,dropoff,H2,46.0457,4.0688,5,-1,480,525
449,PU_R0225,R0225,P128,pickup,H2,46.0457,4.0688,5,1,770,785
450,DO_R0225,R0225,P128,dropoff,HOME_P128,46.032148118039444,4.163749631277015,5,-1,770,825
451,PU_R0226,R0226,P129,pickup,HOME_P129,45.9495604132288,4.064710525830231,5,1,640,685
452,DO_R0226,R0226,P129,dropoff,H2,46.0457,4.0688,5,-1,660,705
453,PU_R0227,R0227,P130,pickup,HOME_P130,46.112979736520224,4.102102428319332,5,1,480,522
454,DO_R0227,R0227,P130,dropoff,H1,46.0533,4.0727,5,-1,490,535
455,PU_R0228,R0228,P130,pickup,H1,46.0533,4.0727,5,1,775,790
456,DO_R0228,R0228,P130,dropoff,HOME_P130,46.112979736520224,4.102102428319332,5,-1,775,830
457,PU_R0229,R0229,P131,pickup,HOME_P131,46.02346886179385,4.076629080750684,5,1,435,485
458,DO_R0229,R0229,P131,dropoff,H2,46.0457,4.0688,5,-1,445,490
459,PU_R0230,R0230,P131,pickup,H2,46.0457,4.0688,5,1,735,750
460,DO_R0230,R0230,P131,dropoff,HOME_P131,46.02346886179385,4.076629080750684,5,-1,735,790
461,PU_R0231,R0231,P132,pickup,HOME_P132,46.10780840199914,4.029356684641035,5,1,630,681
462,DO_R0231,R0231,P132,dropoff,H2,46.0457,4.0688,5,-1,650,695
463,PU_R0232,R0232,P132,pickup,H2,46.0457,4.0688,5,1,725,750
464,DO_R0232,R0232,P132,dropoff,HOME_P132,46.10780840199914,4.029356684641035,5,-1,725,800
465,PU_R0233,R0233,P133,pickup,HOME_P133,46.02521874749094,4.207641656961777,5,1,475,520
466,DO_R0233,R0233,P133,dropoff,H1,46.0533,4.0727,5,-1,495,540
467,PU_R0234,R0234,P133,pickup,H1,46.0533,4.0727,5,1,655,680
468,DO_R0234,R0234,P133,dropoff,HOME_P133,46.02521874749094,4.207641656961777,5,-1,655,730
469,PU_R0235,R0235,P134,pickup,HOME_P134,45.99833275797165,4.078567945608409,5,1,1010,1054
470,DO_R0235,R0235,P134,dropoff,H1,46.0533,4.0727,5,-1,1020,1065
471,PU_R0236,R0236,P135,pickup,HOME_P135,46.00996000071646,4.153784661862523,5,1,455,495
472,DO_R0236,R0236,P135,dropoff,H3,46.05,4.07,5,-1,465,510
473,PU_R0237,R0237,P135,pickup,H3,46.05,4.07,5,1,720,735
474,DO_R0237,R0237,P135,dropoff,HOME_P135,46.00996000071646,4.153784661862523,5,-1,720,775
475,PU_R0238,R0238,P136,pickup,HOME_P136,46.02090905755465,4.025064058806183,5,1,745,790
476,DO_R0238,R0238,P136,dropoff,H1,46.0533,4.0727,5,-1,755,800
477,PU_R0239,R0239,P137,pickup,HOME_P137,46.031961421385795,4.073376626590384,5,1,770,820
478,DO_R0239,R0239,P137,dropoff,H3,46.05,4.07,5,-1,780,825
479,PU_R0240,R0240,P138,pickup,HOME_P138,45.98829704869683,4.129832210231402,5,1,580,629
480,DO_R0240,R0240,P138,dropoff,H1,46.0533,4.0727,5,-1,600,645
481,PU_R0241,R0241,P138,pickup,H1,46.0533,4.0727,5,1,745,770
482,DO_R0241,R0241,P138,dropoff,HOME_P138,45.98829704869683,4.129832210231402,5,-1,745,820
483,PU_R0242,R0242,P139,pickup,HOME_P139,46.108913342727234,4.1116801048495075,5,1,445,486
484,DO_R0242,R0242,P139,dropoff,H3,46.05,4.07,5,-1,455,500
485,PU_R0243,R0243,P139,pickup,H3,46.05,4.07,5,1,750,765
486,DO_R0243,R0243,P139,dropoff,HOME_P139,46.108913342727234,4.1116801048495075,5,-1,750,805
487,PU_R0244,R0244,P140,pickup,HOME_P140,46.09687417666386,3.9772781762214517,5,1,775,824
488,DO_R0244,R0244,P140,dropoff,H1,46.0533,4.0727,5,-1,795,840
489,PU_R0245,R0245,P140,pickup,H1,46.0533,4.0727,5,1,945,970
490,DO_R0245,R0245,P140,dropoff,HOME_P140,46.09687417666386,3.9772781762214517,5,-1,945,1020
491,PU_R0246,R0246,P141,pickup,HOME_P141,46.13862097866986,4.013824860581409,5,1,605,651
492,DO_R0246,R0246,P141,dropoff,H1,46.0533,4.0727,5,-1,625,670
493,PU_R0247,R0247,P141,pickup,H1,46.0533,4.0727,5,1,775,800
494,DO_R0247,R0247,P141,dropoff,HOME_P141,46.13862097866986,4.013824860581409,5,-1,775,850
495,PU_R0248,R0248,P142,pickup,HOME_P142,46.120717727873625,4.141564591247564,5,1,830,868
496,DO_R0248,R0248,P142,dropoff,H1,46.0533,4.0727,5,-1,840,885
497,PU_R0249,R0249,P143,pickup,HOME_P143,45.93388941472933,4.064284197666274,5,1,635,686
498,DO_R0249,R0249,P143,dropoff,H1,46.0533,4.0727,5,-1,665,710
499,PU_R0250,R0250,P143,pickup,H1,46.0533,4.0727,5,1,740,775
500,DO_R0250,R0250,P143,dropoff,HOME_P143,45.93388941472933,4.064284197666274,5,-1,740,835
501,PU_R0251,R0251,P144,pickup,HOME_P144,46.033282832896106,3.995889366055238,5,1,765,809
502,DO_R0251,R0251,P144,dropoff,H2,46.0457,4.0688,5,-1,775,820
503,PU_R0252,R0252,P145,pickup,HOME_P145,46.002618568537436,4.03496005380791,5,1,475,518
504,DO_R0252,R0252,P145,dropoff,H1,46.0533,4.0727,5,-1,485,530
505,PU_R0253,R0253,P145,pickup,H1,46.0533,4.0727,5,1,770,785
506,DO_R0253,R0253,P145,dropoff,HOME_P145,46.002618568537436,4.03496005380791,5,-1,770,825
507,PU_R0254,R0254,P146,pickup,HOME_P146,45.933522437048296,4.022858487761277,5,1,780,830
508,DO_R0254,R0254,P146,dropoff,H1,46.0533,4.0727,5,-1,810,855
509,PU_R0255,R0255,P146,pickup,H1,46.0533,4.0727,5,1,880,915
510,DO_R0255,R0255,P146,dropoff,HOME_P146,45.933522437048296,4.022858487761277,5,-1,880,975
511,PU_R0256,R0256,P147,pickup,HOME_P147,46.10238843369157,4.044614541454183,5,1,775,818
512,DO_R0256,R0256,P147,dropoff,H2,46.0457,4.0688,5,-1,785,830
513,PU_R0257,R0257,P148,pickup,HOME_P148,46.04175553638607,3.9928638422742893,5,1,465,509
514,DO_R0257,R0257,P148,dropoff,H2,46.0457,4.0688,5,-1,475,520
515,PU_R0258,R0258,P148,pickup,H2,46.0457,4.0688,5,1,785,800
516,DO_R0258,R0258,P148,dropoff,HOME_P148,46.04175553638607,3.9928638422742893,5,-1,785,840
517,PU_R0259,R0259,P149,pickup,HOME_P149,45.985187743068614,4.0767542408472615,5,1,995,1036
518,DO_R0259,R0259,P149,dropoff,H1,46.0533,4.0727,5,-1,1005,1050
519,PU_R0260,R0260,P150,pickup,HOME_P150,46.01815840321394,4.087880249788721,5,1,630,677
520,DO_R0260,R0260,P150,dropoff,H1,46.0533,4.0727,5,-1,640,685
521,PU_R0261,R0261,P150,pickup,H1,46.0533,4.0727,5,1,865,880
522,DO_R0261,R0261,P150,dropoff,HOME_P150,46.01815840321394,4.087880249788721,5,-1,865,920
523,PU_R0262,R0262,P151,pickup,HOME_P151,46.02545289657676,4.0100189790057135,5,1,775,820
524,DO_R0262,R0262,P151,dropoff,H3,46.05,4.07,5,-1,785,830
525,PU_R0263,R0263,P152,pickup,HOME_P152,46.12074396549885,4.089760632091198,5,1,450,491
526,DO_R0263,R0263,P152,dropoff,H1,46.0533,4.0727,5,-1,460,505
527,PU_R0264,R0264,P152,pickup,H1,46.0533,4.0727,5,1,745,760
528,DO_R0264,R0264,P152,dropoff,HOME_P152,46.12074396549885,4.089760632091198,5,-1,745,800
529,PU_R0265,R0265,P153,pickup,HOME_P153,46.03572183513404,4.07883337894926,5,1,970,1040
530,DO_R0265,R0265,P153,dropoff,H1,46.0533,4.0727,5,-1,1000,1045
531,PU_R0266,R0266,P154,pickup,HOME_P154,46.078825039944206,4.128054826055006,5,1,460,504
532,DO_R0266,R0266,P154,dropoff,H2,46.0457,4.0688,5,-1,470,515
533,PU_R0267,R0267,P154,pickup,H2,46.0457,4.0688,5,1,730,745
534,DO_R0267,R0267,P154,dropoff,HOME_P154,46.078825039944206,4.128054826055006,5,-1,730,785
535,PU_R0268,R0268,P155,pickup,HOME_P155,46.10489801230055,4.065955579637612,5,1,995,1039
536,DO_R0268,R0268,P155,dropoff,H1,46.0533,4.0727,5,-1,1005,1050
537,PU_R0269,R0269,P156,pickup,HOME_P156,45.97061125445298,4.099492289679495,5,1,470,518
538,DO_R0269,R0269,P156,dropoff,H1,46.0533,4.0727,5,-1,490,535
539,PU_R0270,R0270,P156,pickup,H1,46.0533,4.0727,5,1,610,635
540,DO_R0270,R0270,P156,dropoff,HOME_P156,45.97061125445298,4.099492289679495,5,-1,610,685
541,PU_R0271,R0271,P157,pickup,HOME_P157,45.958980654305925,4.102621886228053,5,1,450,487
542,DO_R0271,R0271,P157,dropoff,H2,46.0457,4.0688,5,-1,460,505
543,PU_R0272,R0272,P157,pickup,H2,46.0457,4.0688,5,1,865,880
544,DO_R0272,R0272,P157,dropoff,HOME_P157,45.958980654305925,4.102621886228053,5,-1,865,920
545,PU_R0273,R0273,P158,pickup,HOME_P158,46.02639335757069,4.135215229241529,5,1,435,479
546,DO_R0273,R0273,P158,dropoff,H1,46.0533,4.0727,5,-1,445,490
547,PU_R0274,R0274,P158,pickup,H1,46.0533,4.0727,5,1,730,745
548,DO_R0274,R0274,P158,dropoff,HOME_P158,46.02639335757069,4.135215229241529,5,-1,730,785
549,PU_R0275,R0275,P159,pickup,HOME_P159,46.11706144673168,4.1004492436177875,5,1,780,821
550,DO_R0275,R0275,P159,dropoff,H1,46.0533,4.0727,5,-1,790,835
551,PU_R0276,R0276,P160,pickup,HOME_P160,45.978007841879936,4.097149493472076,5,1,855,906
552,DO_R0276,R0276,P160,dropoff,H2,46.0457,4.0688,5,-1,875,920
553,PU_R0277,R0277,P160,pickup,H2,46.0457,4.0688,5,1,955,980
554,DO_R0277,R0277,P160,dropoff,HOME_P160,45.978007841879936,4.097149493472076,5,-1,955,1030
555,PU_R0278,R0278,P161,pickup,HOME_P161,46.05343249413773,4.064446701903767,5,1,600,660
556,DO_R0278,R0278,P161,dropoff,H1,46.0533,4.0727,5,-1,620,665
557,PU_R0279,R0279,P161,pickup,H1,46.0533,4.0727,5,1,765,790
558,DO_R0279,R0279,P161,dropoff,HOME_P161,46.05343249413773,4.064446701903767,5,-1,765,840
559,PU_R0280,R0280,P162,pickup,HOME_P162,46.14465631650521,4.055237294922498,5,1,455,500
560,DO_R0280,R0280,P162,dropoff,H2,46.0457,4.0688,5,-1,475,520
561,PU_R0281,R0281,P162,pickup,H2,46.0457,4.0688,5,1,555,580
562,DO_R0281,R0281,P162,dropoff,HOME_P162,46.14465631650521,4.055237294922498,5,-1,555,630
563,PU_R0282,R0282,P163,pickup,HOME_P163,46.138349144335436,4.154913111568818,5,1,475,519
564,DO_R0282,R0282,P163,dropoff,H1,46.0533,4.0727,5,-1,495,540
565,PU_R0283,R0283,P163,pickup,H1,46.0533,4.0727,5,1,645,670
566,DO_R0283,R0283,P163,dropoff,HOME_P163,46.138349144335436,4.154913111568818,5,-1,645,720
567,PU_R0284,R0284,P164,pickup,HOME_P164,45.97045849658215,4.0051426560796,5,1,595,642
568,DO_R0284,R0284,P164,dropoff,H2,46.0457,4.0688,5,-1,615,660
569,PU_R0285,R0285,P164,pickup,H2,46.0457,4.0688,5,1,685,710
570,DO_R0285,R0285,P164,dropoff,HOME_P164,45.97045849658215,4.0051426560796,5,-1,685,760
571,PU_R0286,R0286,P165,pickup,HOME_P165,46.10471475575283,4.026136745497123,5,1,485,536
572,DO_R0286,R0286,P165,dropoff,H2,46.0457,4.0688,5,-1,505,550
573,PU_R0287,R0287,P165,pickup,H2,46.0457,4.0688,5,1,575,600
574,DO_R0287,R0287,P165,dropoff,HOME_P165,46.10471475575283,4.026136745497123,5,-1,575,650
575,PU_R0288,R0288,P166,pickup,HOME_P166,45.9874476673173,4.042430405344381,5,1,765,807
576,DO_R0288,R0288,P166,dropoff,H2,46.0457,4.0688,5,-1,775,820
577,PU_R0289,R0289,P167,pickup,HOME_P167,46.01614909436002,3.968801057417018,5,1,815,863
578,DO_R0289,R0289,P167,dropoff,H1,46.0533,4.0727,5,-1,835,880
579,PU_R0290,R0290,P167,pickup,H1,46.0533,4.0727,5,1,980,1005
580,DO_R0290,R0290,P167,dropoff,HOME_P167,46.01614909436002,3.968801057417018,5,-1,980,1055
581,PU_R0291,R0291,P168,pickup,HOME_P168,46.09068796267302,3.9920903576923923,5,1,725,766
582,DO_R0291,R0291,P168,dropoff,H2,46.0457,4.0688,5,-1,735,780
583,PU_R0292,R0292,P169,pickup,HOME_P169,46.05851130192388,4.171643236976569,5,1,855,906
584,DO_R0292,R0292,P169,dropoff,H1,46.0533,4.0727,5,-1,875,920
585,PU_R0293,R0293,P170,pickup,HOME_P170,46.15904818753631,4.073703464590318,5,1,590,634
586,DO_R0293,R0293,P170,dropoff,H1,46.0533,4.0727,5,-1,610,655
587,PU_R0294,R0294,P170,pickup,H1,46.0533,4.0727,5,1,715,740
588,DO_R0294,R0294,P170,dropoff,HOME_P170,46.15904818753631,4.073703464590318,5,-1,715,790
589,PU_R0295,R0295,P171,pickup,HOME_P171,45.99076468558143,4.058004044932869,5,1,450,492
590,DO_R0295,R0295,P171,dropoff,H1,46.0533,4.0727,5,-1,460,505
591,PU_R0296,R0296,P171,pickup,H1,46.0533,4.0727,5,1,685,700
592,DO_R0296,R0296,P171,dropoff,HOME_P171,45.99076468558143,4.058004044932869,5,-1,685,740
593,PU_R0297,R0297,P172,pickup,HOME_P172,46.00701394470531,4.063579278477027,5,1,775,822
594,DO_R0297,R0297,P172,dropoff,H2,46.0457,4.0688,5,-1,785,830
595,PU_R0298,R0298,P173,pickup,HOME_P173,46.05209744529243,4.146093800303781,5,1,430,474
596,DO_R0298,R0298,P173,dropoff,H1,46.0533,4.0727,5,-1,440,485
597,PU_R0299,R0299,P173,pickup,H1,46.0533,4.0727,5,1,725,740
598,DO_R0299,R0299,P173,dropoff,HOME_P173,46.05209744529243,4.146093800303781,5,-1,725,780
599,PU_R0300,R0300,P174,pickup,HOME_P174,46.071998451247396,4.073940126293913,5,1,460,510
600,DO_R0300,R0300,P174,dropoff,H1,46.0533,4.0727,5,-1,470,515
601,PU_R0301,R0301,P174,pickup,H1,46.0533,4.0727,5,1,755,770
602,DO_R0301,R0301,P174,dropoff,HOME_P174,46.071998451247396,4.073940126293913,5,-1,755,810
603,PU_R0302,R0302,P175,pickup,HOME_P175,46.035683076247714,4.136451045862275,5,1,430,475
604,DO_R0302,R0302,P175,dropoff,H1,46.0533,4.0727,5,-1,440,485
605,PU_R0303,R0303,P175,pickup,H1,46.0533,4.0727,5,1,660,675
606,DO_R0303,R0303,P175,dropoff,HOME_P175,46.035683076247714,4.136451045862275,5,-1,660,715
607,PU_R0304,R0304,P176,pickup,HOME_P176,46.0064971948717,4.009961140242655,5,1,460,513
608,DO_R0304,R0304,P176,dropoff,H2,46.0457,4.0688,5,-1,480,525
609,PU_R0305,R0305,P176,pickup,H2,46.0457,4.0688,5,1,565,590
610,DO_R0305,R0305,P176,dropoff,HOME_P176,46.0064971948717,4.009961140242655,5,-1,565,640
611,PU_R0306,R0306,P177,pickup,HOME_P177,46.047232245334065,4.1393916765292795,5,1,625,670
612,DO_R0306,R0306,P177,dropoff,H1,46.0533,4.0727,5,-1,635,680
613,PU_R0307,R0307,P177,pickup,H1,46.0533,4.0727,5,1,845,860
614,DO_R0307,R0307,P177,dropoff,HOME_P177,46.047232245334065,4.1393916765292795,5,-1,845,900
615,PU_R0308,R0308,P178,pickup,HOME_P178,46.0066453027235,4.151967565892594,5,1,735,776
616,DO_R0308,R0308,P178,dropoff,H2,46.0457,4.0688,5,-1,745,790
617,PU_R0309,R0309,P179,pickup,HOME_P179,46.08787044865759,4.090348310439452,5,1,435,482
618,DO_R0309,R0309,P179,dropoff,H1,46.0533,4.0727,5,-1,445,490
619,PU_R0310,R0310,P179,pickup,H1,46.0533,4.0727,5,1,730,745
620,DO_R0310,R0310,P179,dropoff,HOME_P179,46.08787044865759,4.090348310439452,5,-1,730,785
621,PU_R0311,R0311,P180,pickup,HOME_P180,45.96375912744624,4.115378710067639,5,1,850,887
622,DO_R0311,R0311,P180,dropoff,H2,46.0457,4.0688,5,-1,860,905
623,PU_R0312,R0312,P181,pickup,HOME_P181,46.07852403093921,4.065033507518195,5,1,460,509
624,DO_R0312,R0312,P181,dropoff,H1,46.0533,4.0727,5,-1,470,515
625,PU_R0313,R0313,P181,pickup,H1,46.0533,4.0727,5,1,675,690
626,DO_R0313,R0313,P181,dropoff,HOME_P181,46.07852403093921,4.065033507518195,5,-1,675,730
627,PU_R0314,R0314,P182,pickup,HOME_P182,46.06585751520832,3.9716794930914086,5,1,465,506
628,DO_R0314,R0314,P182,dropoff,H2,46.0457,4.0688,5,-1,475,520
629,PU_R0315,R0315,P182,pickup,H2,46.0457,4.0688,5,1,785,800
630,DO_R0315,R0315,P182,dropoff,HOME_P182,46.06585751520832,3.9716794930914086,5,-1,785,840
631,PU_R0316,R0316,P183,pickup,HOME_P183,46.13226806621785,4.025571809135538,5,1,795,853
632,DO_R0316,R0316,P183,dropoff,H1,46.0533,4.0727,5,-1,825,870
633,PU_R0317,R0317,P183,pickup,H1,46.0533,4.0727,5,1,890,925
634,DO_R0317,R0317,P183,dropoff,HOME_P183,46.13226806621785,4.025571809135538,5,-1,890,985
635,PU_R0318,R0318,P184,pickup,HOME_P184,46.077145406368885,4.060692957765253,5,1,490,549
636,DO_R0318,R0318,P184,dropoff,H1,46.0533,4.0727,5,-1,510,555
637,PU_R0319,R0319,P184,pickup,H1,46.0533,4.0727,5,1,645,670
638,DO_R0319,R0319,P184,dropoff,HOME_P184,46.077145406368885,4.060692957765253,5,-1,645,720
639,PU_R0320,R0320,P185,pickup,HOME_P185,46.09935180202504,4.070172524314799,5,1,740,785
640,DO_R0320,R0320,P185,dropoff,H1,46.0533,4.0727,5,-1,750,795
641,PU_R0321,R0321,P186,pickup,HOME_P186,46.0372204589646,4.17912529776155,5,1,780,819
642,DO_R0321,R0321,P186,dropoff,H2,46.0457,4.0688,5,-1,790,835
643,PU_R0322,R0322,P187,pickup,HOME_P187,46.07978863213535,4.021896099092199,5,1,470,516
644,DO_R0322,R0322,P187,dropoff,H1,46.0533,4.0727,5,-1,480,525
645,PU_R0323,R0323,P187,pickup,H1,46.0533,4.0727,5,1,700,715
646,DO_R0323,R0323,P187,dropoff,HOME_P187,46.07978863213535,4.021896099092199,5,-1,700,755
647,PU_R0324,R0324,P188,pickup,HOME_P188,46.02700454071711,4.056285244730295,5,1,480,530
648,DO_R0324,R0324,P188,dropoff,H3,46.05,4.07,5,-1,490,535
649,PU_R0325,R0325,P188,pickup,H3,46.05,4.07,5,1,805,820
650,DO_R0325,R0325,P188,dropoff,HOME_P188,46.02700454071711,4.056285244730295,5,-1,805,860
651,PU_R0326,R0326,P189,pickup,HOME_P189,46.11826229108498,4.070669619734997,5,1,730,772
652,DO_R0326,R0326,P189,dropoff,H1,46.0533,4.0727,5,-1,740,785
653,PU_R0327,R0327,P189,pickup,H1,46.0533,4.0727,5,1,1025,1040
654,DO_R0327,R0327,P189,dropoff,HOME_P189,46.11826229108498,4.070669619734997,5,-1,1025,1080
655,PU_R0328,R0328,P190,pickup,HOME_P190,46.0680860136825,4.084445309701357,5,1,425,475
656,DO_R0328,R0328,P190,dropoff,H2,46.0457,4.0688,5,-1,435,480
657,PU_R0329,R0329,P190,pickup,H2,46.0457,4.0688,5,1,750,765
658,DO_R0329,R0329,P190,dropoff,HOME_P190,46.0680860136825,4.084445309701357,5,-1,750,805
659,PU_R0330,R0330,P191,pickup,HOME_P191,46.03165655234797,4.165796082622209,5,1,430,471
660,DO_R0330,R0330,P191,dropoff,H1,46.0533,4.0727,5,-1,440,485
661,PU_R0331,R0331,P191,pickup,H1,46.0533,4.0727,5,1,645,660
662,DO_R0331,R0331,P191,dropoff,HOME_P191,46.03165655234797,4.165796082622209,5,-1,645,700
663,PU_R0332,R0332,P192,pickup,HOME_P192,46.08114207038359,4.118950657333498,5,1,765,811
664,DO_R0332,R0332,P192,dropoff,H1,46.0533,4.0727,5,-1,775,820
665,PU_R0333,R0333,P193,pickup,HOME_P193,46.05934302716764,4.152202317451766,5,1,475,528
666,DO_R0333,R0333,P193,dropoff,H1,46.0533,4.0727,5,-1,495,540
667,PU_R0334,R0334,P193,pickup,H1,46.0533,4.0727,5,1,620,645
668,DO_R0334,R0334,P193,dropoff,HOME_P193,46.05934302716764,4.152202317451766,5,-1,620,695
669,PU_R0335,R0335,P194,pickup,HOME_P194,46.022311586579804,4.008075088917483,5,1,775,819
670,DO_R0335,R0335,P194,dropoff,H3,46.05,4.07,5,-1,785,830
671,PU_R0336,R0336,P195,pickup,HOME_P195,46.02220777514689,4.078683398740168,5,1,725,773
672,DO_R0336,R0336,P195,dropoff,H1,46.0533,4.0727,5,-1,735,780
673,PU_R0337,R0337,P195,pickup,H1,46.0533,4.0727,5,1,1020,1035
674,DO_R0337,R0337,P195,dropoff,HOME_P195,46.02220777514689,4.078683398740168,5,-1,1020,1075
675,PU_R0338,R0338,P196,pickup,HOME_P196,46.015729403297115,4.131943136231513,5,1,610,653
676,DO_R0338,R0338,P196,dropoff,H1,46.0533,4.0727,5,-1,620,665
677,PU_R0339,R0339,P196,pickup,H1,46.0533,4.0727,5,1,820,835
678,DO_R0339,R0339,P196,dropoff,HOME_P196,46.015729403297115,4.131943136231513,5,-1,820,875
679,PU_R0340,R0340,P197,pickup,HOME_P197,45.99366632135538,4.0646311470797905,5,1,760,803
680,DO_R0340,R0340,P197,dropoff,H3,46.05,4.07,5,-1,770,815
681,PU_R0341,R0341,P198,pickup,HOME_P198,46.055123319729596,4.161738835719748,5,1,445,487
682,DO_R0341,R0341,P198,dropoff,H1,46.0533,4.0727,5,-1,455,500
683,PU_R0342,R0342,P198,pickup,H1,46.0533,4.0727,5,1,680,695
684,DO_R0342,R0342,P198,dropoff,HOME_P198,46.055123319729596,4.161738835719748,5,-1,680,735
685,PU_R0343,R0343,P199,pickup,HOME_P199,46.067225970441136,4.157738465581796,5,1,465,507
686,DO_R0343,R0343,P199,dropoff,H2,46.0457,4.0688,5,-1,475,520
687,PU_R0344,R0344,P199,pickup,H2,46.0457,4.0688,5,1,740,755
688,DO_R0344,R0344,P199,dropoff,HOME_P199,46.067225970441136,4.157738465581796,5,-1,740,795
689,PU_R0345,R0345,P200,pickup,HOME_P200,46.01616112555489,4.182359738650231,5,1,430,468
690,DO_R0345,R0345,P200,dropoff,H2,46.0457,4.0688,5,-1,440,485
691,PU_R0346,R0346,P200,pickup,H2,46.0457,4.0688,5,1,555,570
692,DO_R0346,R0346,P200,dropoff,HOME_P200,46.01616112555489,4.182359738650231,5,-1,555,610
693,PU_R0347,R0347,P201,pickup,HOME_P201,46.07611922971149,4.044204807465434,5,1,445,494
694,DO_R0347,R0347,P201,dropoff,H1,46.0533,4.0727,5,-1,455,500
695,PU_R0348,R0348,P201,pickup,H1,46.0533,4.0727,5,1,740,755
696,DO_R0348,R0348,P201,dropoff,HOME_P201,46.07611922971149,4.044204807465434,5,-1,740,795
697,PU_R0349,R0349,P202,pickup,HOME_P202,46.064044941548275,4.222062937197939,5,1,460,504
698,DO_R0349,R0349,P202,dropoff,H1,46.0533,4.0727,5,-1,480,525
699,PU_R0350,R0350,P202,pickup,H1,46.0533,4.0727,5,1,635,660
700,DO_R0350,R0350,P202,dropoff,HOME_P202,46.064044941548275,4.222062937197939,5,-1,635,710
701,PU_R0351,R0351,P203,pickup,HOME_P203,45.95971756196317,4.018332531375523,5,1,465,509
702,DO_R0351,R0351,P203,dropoff,H1,46.0533,4.0727,5,-1,485,530
703,PU_R0352,R0352,P203,pickup,H1,46.0533,4.0727,5,1,645,670
704,DO_R0352,R0352,P203,dropoff,HOME_P203,45.95971756196317,4.018332531375523,5,-1,645,720
705,PU_R0353,R0353,P204,pickup,HOME_P204,45.974688410906495,4.112869994378307,5,1,635,684
706,DO_R0353,R0353,P204,dropoff,H2,46.0457,4.0688,5,-1,655,700
707,PU_R0354,R0354,P204,pickup,H2,46.0457,4.0688,5,1,725,750
708,DO_R0354,R0354,P204,dropoff,HOME_P204,45.974688410906495,4.112869994378307,5,-1,725,800
709,PU_R0355,R0355,P205,pickup,HOME_P205,46.08448649239106,4.1366470899340015,5,1,430,474
710,DO_R0355,R0355,P205,dropoff,H1,46.0533,4.0727,5,-1,440,485
711,PU_R0356,R0356,P205,pickup,H1,46.0533,4.0727,5,1,635,650
712,DO_R0356,R0356,P205,dropoff,HOME_P205,46.08448649239106,4.1366470899340015,5,-1,635,690
713,PU_R0357,R0357,P206,pickup,HOME_P206,46.09208315941142,4.088970569998197,5,1,775,821
714,DO_R0357,R0357,P206,dropoff,H1,46.0533,4.0727,5,-1,785,830
715,PU_R0358,R0358,P207,pickup,HOME_P207,46.09009898421148,3.9638613741388804,5,1,480,528
716,DO_R0358,R0358,P207,dropoff,H1,46.0533,4.0727,5,-1,500,545
717,PU_R0359,R0359,P207,pickup,H1,46.0533,4.0727,5,1,615,640
718,DO_R0359,R0359,P207,dropoff,HOME_P207,46.09009898421148,3.9638613741388804,5,-1,615,690
719,PU_R0360,R0360,P208,pickup,HOME_P208,46.04395400546962,4.057011242087743,5,1,470,520
720,DO_R0360,R0360,P208,dropoff,H1,46.0533,4.0727,5,-1,480,525
721,PU_R0361,R0361,P208,pickup,H1,46.0533,4.0727,5,1,690,705
722,DO_R0361,R0361,P208,dropoff,HOME_P208,46.04395400546962,4.057011242087743,5,-1,690,745
723,PU_R0362,R0362,P209,pickup,HOME_P209,46.05522646075645,4.112443416056782,5,1,790,848
724,DO_R0362,R0362,P209,dropoff,H2,46.0457,4.0688,5,-1,810,855
725,PU_R0363,R0363,P209,pickup,H2,46.0457,4.0688,5,1,880,905
726,DO_R0363,R0363,P209,dropoff,HOME_P209,46.05522646075645,4.112443416056782,5,-1,880,955
727,PU_R0364,R0364,P210,pickup,HOME_P210,45.99900086375374,4.143308403393823,5,1,480,521
728,DO_R0364,R0364,P210,dropoff,H2,46.0457,4.0688,5,-1,490,535
729,PU_R0365,R0365,P210,pickup,H2,46.0457,4.0688,5,1,780,795
730,DO_R0365,R0365,P210,dropoff,HOME_P210,45.99900086375374,4.143308403393823,5,-1,780,835
731,PU_R0366,R0366,P211,pickup,HOME_P211,46.059754124592764,4.088312495938318,5,1,975,1035
732,DO_R0366,R0366,P211,dropoff,H2,46.0457,4.0688,5,-1,995,1040
733,PU_R0367,R0367,P212,pickup,HOME_P212,45.935863488757875,4.11634573404452,5,1,985,1035
734,DO_R0367,R0367,P212,dropoff,H1,46.0533,4.0727,5,-1,1015,1060
735,PU_R0368,R0368,P213,pickup,HOME_P213,45.987239918159126,4.110848076786058,5,1,765,805
736,DO_R0368,R0368,P213,dropoff,H1,46.0533,4.0727,5,-1,775,820
737,PU_R0369,R0369,P214,pickup,HOME_P214,46.13417041347752,4.047859325443933,5,1,630,668
738,DO_R0369,R0369,P214,dropoff,H1,46.0533,4.0727,5,-1,640,685
739,PU_R0370,R0370,P214,pickup,H1,46.0533,4.0727,5,1,835,850
740,DO_R0370,R0370,P214,dropoff,HOME_P214,46.13417041347752,4.047859325443933,5,-1,835,890
741,PU_R0371,R0371,P215,pickup,HOME_P215,46.03153611580174,4.001448928617942,5,1,460,504
742,DO_R0371,R0371,P215,dropoff,H1,46.0533,4.0727,5,-1,470,515
743,PU_R0372,R0372,P215,pickup,H1,46.0533,4.0727,5,1,755,770
744,DO_R0372,R0372,P215,dropoff,HOME_P215,46.03153611580174,4.001448928617942,5,-1,755,810
745,PU_R0373,R0373,P216,pickup,HOME_P216,46.006858295010474,4.108125219725348,5,1,460,505
746,DO_R0373,R0373,P216,dropoff,H2,46.0457,4.0688,5,-1,470,515
747,PU_R0374,R0374,P216,pickup,H2,46.0457,4.0688,5,1,680,695
748,DO_R0374,R0374,P216,dropoff,HOME_P216,46.006858295010474,4.108125219725348,5,-1,680,735
749,PU_R0375,R0375,P217,pickup,HOME_P217,46.130628054008405,4.050345441967404,5,1,505,552
750,DO_R0375,R0375,P217,dropoff,H2,46.0457,4.0688,5,-1,525,570
751,PU_R0376,R0376,P217,pickup,H2,46.0457,4.0688,5,1,610,635
752,DO_R0376,R0376,P217,dropoff,HOME_P217,46.130628054008405,4.050345441967404,5,-1,610,685
753,PU_R0377,R0377,P218,pickup,HOME_P218,46.11574374029984,4.046858374034778,5,1,630,680
754,DO_R0377,R0377,P218,dropoff,H2,46.0457,4.0688,5,-1,650,695
755,PU_R0378,R0378,P218,pickup,H2,46.0457,4.0688,5,1,725,750
756,DO_R0378,R0378,P218,dropoff,HOME_P218,46.11574374029984,4.046858374034778,5,-1,725,800
757,PU_R0379,R0379,P219,pickup,HOME_P219,46.034857557889744,4.089706209430833,5,1,995,1045
758,DO_R0379,R0379,P219,dropoff,H3,46.05,4.07,5,-1,1005,1050
759,PU_R0380,R0380,P220,pickup,HOME_P220,45.98208518346783,4.105336112584384,5,1,460,501
760,DO_R0380,R0380,P220,dropoff,H2,46.0457,4.0688,5,-1,470,515
761,PU_R0381,R0381,P220,pickup,H2,46.0457,4.0688,5,1,730,745
762,DO_R0381,R0381,P220,dropoff,HOME_P220,45.98208518346783,4.105336112584384,5,-1,730,785
763,PU_R0382,R0382,P221,pickup,HOME_P221,46.017130624861665,4.074539807712083,5,1,775,822
764,DO_R0382,R0382,P221,dropoff,H1,46.0533,4.0727,5,-1,785,830
765,PU_R0383,R0383,P222,pickup,HOME_P222,45.98154872673583,4.073647541489224,5,1,450,492
766,DO_R0383,R0383,P222,dropoff,H2,46.0457,4.0688,5,-1,460,505
767,PU_R0384,R0384,P222,pickup,H2,46.0457,4.0688,5,1,745,760
768,DO_R0384,R0384,P222,dropoff,HOME_P222,45.98154872673583,4.073647541489224,5,-1,745,800
769,PU_R0385,R0385,P223,pickup,HOME_P223,46.02162783286622,3.9298168487545517,5,1,475,519
770,DO_R0385,R0385,P223,dropoff,H1,46.0533,4.0727,5,-1,495,540
771,PU_R0386,R0386,P223,pickup,H1,46.0533,4.0727,5,1,655,680
772,DO_R0386,R0386,P223,dropoff,HOME_P223,46.02162783286622,3.9298168487545517,5,-1,655,730
773,PU_R0387,R0387,P224,pickup,HOME_P224,46.0787178805283,4.00060086064872,5,1,475,518
774,DO_R0387,R0387,P224,dropoff,H2,46.0457,4.0688,5,-1,485,530
775,PU_R0388,R0388,P224,pickup,H2,46.0457,4.0688,5,1,645,660
776,DO_R0388,R0388,P224,dropoff,HOME_P224,46.0787178805283,4.00060086064872,5,-1,645,700
777,PU_R0389,R0389,P225,pickup,HOME_P225,46.103060685085794,4.0687083257621275,5,1,475,520
778,DO_R0389,R0389,P225,dropoff,H1,46.0533,4.0727,5,-1,485,530
779,PU_R0390,R0390,P225,pickup,H1,46.0533,4.0727,5,1,705,720
780,DO_R0390,R0390,P225,dropoff,HOME_P225,46.103060685085794,4.0687083257621275,5,-1,705,760
781,PU_R0391,R0391,P226,pickup,HOME_P226,46.12976405381132,4.08377560012713,5,1,665,724
782,DO_R0391,R0391,P226,dropoff,H1,46.0533,4.0727,5,-1,695,740
783,PU_R0392,R0392,P226,pickup,H1,46.0533,4.0727,5,1,770,805
784,DO_R0392,R0392,P226,dropoff,HOME_P226,46.12976405381132,4.08377560012713,5,-1,770,865
785,PU_R0393,R0393,P227,pickup,HOME_P227,46.08895457512837,3.9735638792765946,5,1,815,864
786,DO_R0393,R0393,P227,dropoff,H1,46.0533,4.0727,5,-1,835,880
787,PU_R0394,R0394,P227,pickup,H1,46.0533,4.0727,5,1,990,1015
788,DO_R0394,R0394,P227,dropoff,HOME_P227,46.08895457512837,3.9735638792765946,5,-1,990,1065
789,PU_R0395,R0395,P228,pickup,HOME_P228,46.082521402356164,4.048218155392599,5,1,975,1033
790,DO_R0395,R0395,P228,dropoff,H1,46.0533,4.0727,5,-1,995,1040
791,PU_R0396,R0396,P229,pickup,HOME_P229,46.11052276719283,4.127353228314778,5,1,590,641
792,DO_R0396,R0396,P229,dropoff,H1,46.0533,4.0727,5,-1,610,655
793,PU_R0397,R0397,P229,pickup,H1,46.0533,4.0727,5,1,730,755
794,DO_R0397,R0397,P229,dropoff,HOME_P229,46.11052276719283,4.127353228314778,5,-1,730,805
795,PU_R0398,R0398,P230,pickup,HOME_P230,46.060709898786186,3.9640698977015676,5,1,510,559
796,DO_R0398,R0398,P230,dropoff,H1,46.0533,4.0727,5,-1,530,575
797,PU_R0399,R0399,P231,pickup,HOME_P231,46.06073098044042,4.084222840322756,5,1,780,830
798,DO_R0399,R0399,P231,dropoff,H2,46.0457,4.0688,5,-1,790,835
799,PU_R0400,R0400,P232,pickup,HOME_P232,46.05675421798594,4.1943158988820235,5,1,505,553
800,DO_R0400,R0400,P232,dropoff,H1,46.0533,4.0727,5,-1,525,570
801,PU_R0401,R0401,P232,pickup,H1,46.0533,4.0727,5,1,655,680
802,DO_R0401,R0401,P232,dropoff,HOME_P232,46.05675421798594,4.1943158988820235,5,-1,655,730
803,PU_R0402,R0402,P233,pickup,HOME_P233,46.07810251702873,4.11232394591795,5,1,730,777
804,DO_R0402,R0402,P233,dropoff,H1,46.0533,4.0727,5,-1,740,785
805,PU_R0403,R0403,P233,pickup,H1,46.0533,4.0727,5,1,1025,1040
806,DO_R0403,R0403,P233,dropoff,HOME_P233,46.07810251702873,4.11232394591795,5,-1,1025,1080
807,PU_R0404,R0404,P234,pickup,HOME_P234,46.09418582237671,3.9998717181194694,5,1,510,562
808,DO_R0404,R0404,P234,dropoff,H1,46.0533,4.0727,5,-1,530,575
809,PU_R0405,R0405,P234,pickup,H1,46.0533,4.0727,5,1,650,675
810,DO_R0405,R0405,P234,dropoff,HOME_P234,46.09418582237671,3.9998717181194694,5,-1,650,725
811,PU_R0406,R0406,P235,pickup,HOME_P235,46.014579724317535,4.003700577588224,5,1,520,572
812,DO_R0406,R0406,P235,dropoff,H1,46.0533,4.0727,5,-1,540,585
813,PU_R0407,R0407,P236,pickup,HOME_P236,46.08572230957355,4.1096280540015,5,1,440,486
814,DO_R0407,R0407,P236,dropoff,H1,46.0533,4.0727,5,-1,450,495
815,PU_R0408,R0408,P236,pickup,H1,46.0533,4.0727,5,1,735,750
816,DO_R0408,R0408,P236,dropoff,HOME_P236,46.08572230957355,4.1096280540015,5,-1,735,790
817,PU_R0409,R0409,P237,pickup,HOME_P237,46.07404673843645,4.057591904462623,5,1,815,875
818,DO_R0409,R0409,P237,dropoff,H1,46.0533,4.0727,5,-1,835,880
819,PU_R0410,R0410,P237,pickup,H1,46.0533,4.0727,5,1,985,1010
820,DO_R0410,R0410,P237,dropoff,HOME_P237,46.07404673843645,4.057591904462623,5,-1,985,1060
821,PU_R0411,R0411,P238,pickup,HOME_P238,46.0752093027518,4.098942553081018,5,1,755,803
822,DO_R0411,R0411,P238,dropoff,H3,46.05,4.07,5,-1,765,810
823,PU_R0412,R0412,P239,pickup,HOME_P239,45.96894641757333,4.022190725040052,5,1,565,611
824,DO_R0412,R0412,P239,dropoff,H1,46.0533,4.0727,5,-1,585,630
825,PU_R0413,R0413,P239,pickup,H1,46.0533,4.0727,5,1,695,720
826,DO_R0413,R0413,P239,dropoff,HOME_P239,45.96894641757333,4.022190725040052,5,-1,695,770
827,PU_R0414,R0414,P240,pickup,HOME_P240,46.04238173650706,4.057999454002279,5,1,440,490
828,DO_R0414,R0414,P240,dropoff,H2,46.0457,4.0688,5,-1,450,495
829,PU_R0415,R0415,P240,pickup,H2,46.0457,4.0688,5,1,730,745
830,DO_R0415,R0415,P240,dropoff,HOME_P240,46.04238173650706,4.057999454002279,5,-1,730,785
831,PU_R0416,R0416,P241,pickup,HOME_P241,46.00287751182137,4.051693238371766,5,1,500,556
832,DO_R0416,R0416,P241,dropoff,H2,46.0457,4.0688,5,-1,520,565
833,PU_R0417,R0417,P241,pickup,H2,46.0457,4.0688,5,1,595,620
834,DO_R0417,R0417,P241,dropoff,HOME_P241,46.00287751182137,4.051693238371766,5,-1,595,670
835,PU_R0418,R0418,P242,pickup,HOME_P242,46.07841594543317,4.1563885669849165,5,1,780,822
836,DO_R0418,R0418,P242,dropoff,H1,46.0533,4.0727,5,-1,790,835
837,PU_R0419,R0419,P243,pickup,HOME_P243,46.01320096150043,4.1542810133822865,5,1,445,486
838,DO_R0419,R0419,P243,dropoff,H1,46.0533,4.0727,5,-1,455,500
839,PU_R0420,R0420,P243,pickup,H1,46.0533,4.0727,5,1,740,755
840,DO_R0420,R0420,P243,dropoff,HOME_P243,46.01320096150043,4.1542810133822865,5,-1,740,795
841,PU_R0421,R0421,P244,pickup,HOME_P244,46.03334658363374,4.187664497416743,5,1,785,823
842,DO_R0421,R0421,P244,dropoff,H1,46.0533,4.0727,5,-1,795,840
843,PU_R0422,R0422,P244,pickup,H1,46.0533,4.0727,5,1,1020,1035
844,DO_R0422,R0422,P244,dropoff,HOME_P244,46.03334658363374,4.187664497416743,5,-1,1020,1075
845,PU_R0423,R0423,P245,pickup,HOME_P245,46.05002674558405,4.159558945254002,5,1,455,497
846,DO_R0423,R0423,P245,dropoff,H3,46.05,4.07,5,-1,465,510
847,PU_R0424,R0424,P245,pickup,H3,46.05,4.07,5,1,745,760
848,DO_R0424,R0424,P245,dropoff,HOME_P245,46.05002674558405,4.159558945254002,5,-1,745,800
849,PU_R0425,R0425,P246,pickup,HOME_P246,46.03591665687477,4.173275653267827,5,1,810,850
850,DO_R0425,R0425,P246,dropoff,H1,46.0533,4.0727,5,-1,820,865
851,PU_R0426,R0426,P247,pickup,HOME_P247,46.104967901133904,4.062272280057135,5,1,480,524
852,DO_R0426,R0426,P247,dropoff,H1,46.0533,4.0727,5,-1,490,535
853,PU_R0427,R0427,P247,pickup,H1,46.0533,4.0727,5,1,775,790
854,DO_R0427,R0427,P247,dropoff,HOME_P247,46.104967901133904,4.062272280057135,5,-1,775,830
855,PU_R0428,R0428,P248,pickup,HOME_P248,46.043755887530025,4.054993864905675,5,1,770,820
856,DO_R0428,R0428,P248,dropoff,H1,46.0533,4.0727,5,-1,780,825
857,PU_R0429,R0429,P249,pickup,HOME_P249,46.03410908578297,4.104975334142,5,1,480,529
858,DO_R0429,R0429,P249,dropoff,H1,46.0533,4.0727,5,-1,490,535
859,PU_R0430,R0430,P249,pickup,H1,46.0533,4.0727,5,1,700,715
860,DO_R0430,R0430,P249,dropoff,HOME_P249,46.03410908578297,4.104975334142,5,-1,700,755
861,PU_R0431,R0431,P250,pickup,HOME_P250,46.05154893934034,4.100677262831728,5,1,730,780
862,DO_R0431,R0431,P250,dropoff,H2,46.0457,4.0688,5,-1,740,785
863,PU_R0432,R0432,P251,pickup,HOME_P251,45.99766073848812,3.9998852909904943,5,1,975,1025
864,DO_R0432,R0432,P251,dropoff,H1,46.0533,4.0727,5,-1,995,1040
865,PU_R0433,R0433,P252,pickup,HOME_P252,45.9366836994849,4.005444444416426,5,1,540,590
866,DO_R0433,R0433,P252,dropoff,H1,46.0533,4.0727,5,-1,570,615
867,PU_R0434,R0434,P253,pickup,HOME_P253,45.99101976160894,4.0866223634500916,5,1,470,522
868,DO_R0434,R0434,P253,dropoff,H1,46.0533,4.0727,5,-1,490,535
869,PU_R0435,R0435,P253,pickup,H1,46.0533,4.0727,5,1,600,625
870,DO_R0435,R0435,P253,dropoff,HOME_P253,45.99101976160894,4.0866223634500916,5,-1,600,675
871,PU_R0436,R0436,P254,pickup,HOME_P254,46.0678235477269,4.006157904470704,5,1,955,1010
872,DO_R0436,R0436,P254,dropoff,H1,46.0533,4.0727,5,-1,975,1020
873,PU_R0437,R0437,P255,pickup,HOME_P255,46.03870335750078,3.981532390243256,5,1,480,522
874,DO_R0437,R0437,P255,dropoff,H1,46.0533,4.0727,5,-1,490,535
875,PU_R0438,R0438,P255,pickup,H1,46.0533,4.0727,5,1,775,790
876,DO_R0438,R0438,P255,dropoff,HOME_P255,46.03870335750078,3.981532390243256,5,-1,775,830
877,PU_R0439,R0439,P256,pickup,HOME_P256,46.03412410084214,4.107182002995924,5,1,530,598
878,DO_R0439,R0439,P256,dropoff,H1,46.0533,4.0727,5,-1,560,605
879,PU_R0440,R0440,P256,pickup,H1,46.0533,4.0727,5,1,625,660
880,DO_R0440,R0440,P256,dropoff,HOME_P256,46.03412410084214,4.107182002995924,5,-1,625,720
881,PU_R0441,R0441,P257,pickup,HOME_P257,45.98686337684496,4.067539802896692,5,1,735,776
882,DO_R0441,R0441,P257,dropoff,H1,46.0533,4.0727,5,-1,745,790
883,PU_R0442,R0442,P258,pickup,HOME_P258,46.057033944283965,4.015174485711056,5,1,455,502
884,DO_R0442,R0442,P258,dropoff,H1,46.0533,4.0727,5,-1,465,510
885,PU_R0443,R0443,P258,pickup,H1,46.0533,4.0727,5,1,750,765
886,DO_R0443,R0443,P258,dropoff,HOME_P258,46.057033944283965,4.015174485711056,5,-1,750,805
887,PU_R0444,R0444,P259,pickup,HOME_P259,46.0286421407586,4.002517851715275,5,1,655,699
888,DO_R0444,R0444,P259,dropoff,H1,46.0533,4.0727,5,-1,665,710
889,PU_R0445,R0445,P259,pickup,H1,46.0533,4.0727,5,1,875,890
890,DO_R0445,R0445,P259,dropoff,HOME_P259,46.0286421407586,4.002517851715275,5,-1,875,930
891,PU_R0446,R0446,P260,pickup,HOME_P260,46.107322112359434,4.119792723396792,5,1,735,777
892,DO_R0446,R0446,P260,dropoff,H1,46.0533,4.0727,5,-1,745,790
893,PU_R0447,R0447,P261,pickup,HOME_P261,46.0043813264573,4.043479536461956,5,1,450,495
894,DO_R0447,R0447,P261,dropoff,H3,46.05,4.07,5,-1,460,505
895,PU_R0448,R0448,P261,pickup,H3,46.05,4.07,5,1,750,765
896,DO_R0448,R0448,P261,dropoff,HOME_P261,46.0043813264573,4.043479536461956,5,-1,750,805
897,PU_R0449,R0449,P262,pickup,HOME_P262,46.079235045695995,4.167608827736507,5,1,775,815
898,DO_R0449,R0449,P262,dropoff,H1,46.0533,4.0727,5,-1,785,830
899,PU_R0450,R0450,P263,pickup,HOME_P263,46.03280720160824,4.132439240474325,5,1,765,810
900,DO_R0450,R0450,P263,dropoff,H3,46.05,4.07,5,-1,775,820
901,PU_R0451,R0451,P264,pickup,HOME_P264,46.07649336916974,4.100271141153508,5,1,755,803
902,DO_R0451,R0451,P264,dropoff,H3,46.05,4.07,5,-1,765,810
903,PU_R0452,R0452,P265,pickup,HOME_P265,46.04861780865582,4.09915556666587,5,1,515,575
904,DO_R0452,R0452,P265,dropoff,H2,46.0457,4.0688,5,-1,535,580
905,PU_R0453,R0453,P265,pickup,H2,46.0457,4.0688,5,1,610,635
906,DO_R0453,R0453,P265,dropoff,HOME_P265,46.04861780865582,4.09915556666587,5,-1,610,685
907,PU_R0454,R0454,P266,pickup,HOME_P266,46.08935014476819,4.172187154746273,5,1,750,788
908,DO_R0454,R0454,P266,dropoff,H2,46.0457,4.0688,5,-1,760,805
909,PU_R0455,R0455,P266,pickup,H2,46.0457,4.0688,5,1,990,1005
910,DO_R0455,R0455,P266,dropoff,HOME_P266,46.08935014476819,4.172187154746273,5,-1,990,1045
911,PU_R0456,R0456,P267,pickup,HOME_P267,46.10697831289405,4.151336149744088,5,1,445,493
912,DO_R0456,R0456,P267,dropoff,H2,46.0457,4.0688,5,-1,465,510
913,PU_R0457,R0457,P267,pickup,H2,46.0457,4.0688,5,1,535,560
914,DO_R0457,R0457,P267,dropoff,HOME_P267,46.10697831289405,4.151336149744088,5,-1,535,610
915,PU_R0458,R0458,P268,pickup,HOME_P268,46.16033519785479,4.225516416624361,5,1,651,705
916,DO_R0458,R0458,P268,dropoff,H1,46.0533,4.0727,5,-1,690,735
917,PU_R0459,R0459,P268,pickup,H1,46.0533,4.0727,5,1,755,790
918,DO_R0459,R0459,P268,dropoff,HOME_P268,46.16033519785479,4.225516416624361,5,-1,755,859
919,PU_R0460,R0460,P269,pickup,HOME_P269,46.01612901169628,4.135043158000028,5,1,430,473
920,DO_R0460,R0460,P269,dropoff,H1,46.0533,4.0727,5,-1,440,485
921,PU_R0461,R0461,P269,pickup,H1,46.0533,4.0727,5,1,725,740
922,DO_R0461,R0461,P269,dropoff,HOME_P269,46.01612901169628,4.135043158000028,5,-1,725,780
923,PU_R0462,R0462,P270,pickup,HOME_P270,46.094634035667774,4.032091741424386,5,1,620,675
924,DO_R0462,R0462,P270,dropoff,H1,46.0533,4.0727,5,-1,640,685
925,PU_R0463,R0463,P270,pickup,H1,46.0533,4.0727,5,1,750,775
926,DO_R0463,R0463,P270,dropoff,HOME_P270,46.094634035667774,4.032091741424386,5,-1,750,825
927,PU_R0464,R0464,P271,pickup,HOME_P271,46.11719957704176,4.1058598411763185,5,1,795,846
928,DO_R0464,R0464,P271,dropoff,H1,46.0533,4.0727,5,-1,815,860
929,PU_R0465,R0465,P272,pickup,HOME_P272,46.08697349103401,4.086714594548978,5,1,465,512
930,DO_R0465,R0465,P272,dropoff,H3,46.05,4.07,5,-1,475,520
931,PU_R0466,R0466,P272,pickup,H3,46.05,4.07,5,1,785,800
932,DO_R0466,R0466,P272,dropoff,HOME_P272,46.08697349103401,4.086714594548978,5,-1,785,840
933,PU_R0467,R0467,P273,pickup,HOME_P273,46.0628462624868,3.9857738615187803,5,1,440,483
934,DO_R0467,R0467,P273,dropoff,H2,46.0457,4.0688,5,-1,450,495
935,PU_R0468,R0468,P273,pickup,H2,46.0457,4.0688,5,1,760,775
936,DO_R0468,R0468,P273,dropoff,HOME_P273,46.0628462624868,3.9857738615187803,5,-1,760,815
937,PU_R0469,R0469,P274,pickup,HOME_P274,46.09433220424058,4.1839274865447855,5,1,625,672
938,DO_R0469,R0469,P274,dropoff,H1,46.0533,4.0727,5,-1,645,690
939,PU_R0470,R0470,P274,pickup,H1,46.0533,4.0727,5,1,785,810
940,DO_R0470,R0470,P274,dropoff,HOME_P274,46.09433220424058,4.1839274865447855,5,-1,785,860
941,PU_R0471,R0471,P275,pickup,HOME_P275,46.10431001487466,4.092490810145729,5,1,450,494
942,DO_R0471,R0471,P275,dropoff,H1,46.0533,4.0727,5,-1,460,505
943,PU_R0472,R0472,P275,pickup,H1,46.0533,4.0727,5,1,745,760
944,DO_R0472,R0472,P275,dropoff,HOME_P275,46.10431001487466,4.092490810145729,5,-1,745,800
945,PU_R0473,R0473,P276,pickup,HOME_P276,46.01449791967964,4.136380417024137,5,1,650,693
946,DO_R0473,R0473,P276,dropoff,H1,46.0533,4.0727,5,-1,660,705
947,PU_R0474,R0474,P276,pickup,H1,46.0533,4.0727,5,1,885,900
948,DO_R0474,R0474,P276,dropoff,HOME_P276,46.01449791967964,4.136380417024137,5,-1,885,940
949,PU_R0475,R0475,P277,pickup,HOME_P277,46.024504513633346,3.923947926116078,5,1,840,884
950,DO_R0475,R0475,P277,dropoff,H2,46.0457,4.0688,5,-1,860,905
951,PU_R0476,R0476,P277,pickup,H2,46.0457,4.0688,5,1,930,955
952,DO_R0476,R0476,P277,dropoff,HOME_P277,46.024504513633346,3.923947926116078,5,-1,930,1005
953,PU_R0477,R0477,P278,pickup,HOME_P278,45.982335855382786,4.130250487019102,5,1,565,613
954,DO_R0477,R0477,P278,dropoff,H1,46.0533,4.0727,5,-1,585,630
955,PU_R0478,R0478,P278,pickup,H1,46.0533,4.0727,5,1,735,760
956,DO_R0478,R0478,P278,dropoff,HOME_P278,45.982335855382786,4.130250487019102,5,-1,735,810
957,PU_R0479,R0479,P279,pickup,HOME_P279,46.010654947907476,4.079656367599454,5,1,435,481
958,DO_R0479,R0479,P279,dropoff,H1,46.0533,4.0727,5,-1,445,490
959,PU_R0480,R0480,P279,pickup,H1,46.0533,4.0727,5,1,730,745
960,DO_R0480,R0480,P279,dropoff,HOME_P279,46.010654947907476,4.079656367599454,5,-1,730,785
961,PU_R0481,R0481,P280,pickup,HOME_P280,46.12344111730434,4.139263735403034,5,1,650,698
962,DO_R0481,R0481,P280,dropoff,H1,46.0533,4.0727,5,-1,670,715
963,PU_R0482,R0482,P280,pickup,H1,46.0533,4.0727,5,1,785,810
964,DO_R0482,R0482,P280,dropoff,HOME_P280,46.12344111730434,4.139263735403034,5,-1,785,860
965,PU_R0483,R0483,P281,pickup,HOME_P281,46.06020870693651,4.134792589698529,5,1,750,796
966,DO_R0483,R0483,P281,dropoff,H1,46.0533,4.0727,5,-1,760,805
967,PU_R0484,R0484,P282,pickup,HOME_P282,46.04157295176763,3.9490957023924014,5,1,840,888
968,DO_R0484,R0484,P282,dropoff,H2,46.0457,4.0688,5,-1,860,905
969,PU_R0485,R0485,P282,pickup,H2,46.0457,4.0688,5,1,940,965
970,DO_R0485,R0485,P282,dropoff,HOME_P282,46.04157295176763,3.9490957023924014,5,-1,940,1015
971,PU_R0486,R0486,P283,pickup,HOME_P283,46.061809520571806,4.056021309824178,5,1,455,505
972,DO_R0486,R0486,P283,dropoff,H1,46.0533,4.0727,5,-1,465,510
973,PU_R0487,R0487,P283,pickup,H1,46.0533,4.0727,5,1,750,765
974,DO_R0487,R0487,P283,dropoff,HOME_P283,46.061809520571806,4.056021309824178,5,-1,750,805
975,PU_R0488,R0488,P284,pickup,HOME_P284,46.08481024072933,4.1775591773929595,5,1,475,523
976,DO_R0488,R0488,P284,dropoff,H2,46.0457,4.0688,5,-1,495,540
977,PU_R0489,R0489,P285,pickup,HOME_P285,46.03855491214152,4.064557841816104,5,1,775,825
978,DO_R0489,R0489,P285,dropoff,H2,46.0457,4.0688,5,-1,785,830
979,PU_R0490,R0490,P286,pickup,HOME_P286,46.04423888522433,3.9998372750961377,5,1,425,469
980,DO_R0490,R0490,P286,dropoff,H1,46.0533,4.0727,5,-1,435,480
981,PU_R0491,R0491,P286,pickup,H1,46.0533,4.0727,5,1,630,645
982,DO_R0491,R0491,P286,dropoff,HOME_P286,46.04423888522433,3.9998372750961377,5,-1,630,685
983,PU_R0492,R0492,P287,pickup,HOME_P287,46.09971173416028,4.101757641403031,5,1,730,773
984,DO_R0492,R0492,P287,dropoff,H2,46.0457,4.0688,5,-1,740,785
985,PU_R0493,R0493,P288,pickup,HOME_P288,46.011720850726114,4.143366685477773,5,1,450,492
986,DO_R0493,R0493,P288,dropoff,H1,46.0533,4.0727,5,-1,460,505
987,PU_R0494,R0494,P288,pickup,H1,46.0533,4.0727,5,1,675,690
988,DO_R0494,R0494,P288,dropoff,HOME_P288,46.011720850726114,4.143366685477773,5,-1,675,730
989,PU_R0495,R0495,P289,pickup,HOME_P289,46.085430993533976,4.152405993886084,5,1,1000,1041
990,DO_R0495,R0495,P289,dropoff,H3,46.05,4.07,5,-1,1010,1055
991,PU_R0496,R0496,P290,pickup,HOME_P290,46.02151847527025,4.104941712515627,5,1,765,813
992,DO_R0496,R0496,P290,dropoff,H2,46.0457,4.0688,5,-1,775,820
993,PU_R0497,R0497,P291,pickup,HOME_P291,46.14006864978662,4.021453700163193,5,1,830,876
994,DO_R0497,R0497,P291,dropoff,H1,46.0533,4.0727,5,-1,850,895
995,PU_R0498,R0498,P291,pickup,H1,46.0533,4.0727,5,1,970,995
996,DO_R0498,R0498,P291,dropoff,HOME_P291,46.14006864978662,4.021453700163193,5,-1,970,1045
997,PU_R0499,R0499,P292,pickup,HOME_P292,46.075314830358124,4.035464508569979,5,1,775,823
998,DO_R0499,R0499,P292,dropoff,H1,46.0533,4.0727,5,-1,785,830
999,PU_R0500,R0500,P293,pickup,HOME_P293,45.9425871262376,4.067641704897684,5,1,790,834
1000,DO_R0500,R0500,P293,dropoff,H2,46.0457,4.0688,5,-1,810,855
1001,PU_R0501,R0501,P293,pickup,H2,46.0457,4.0688,5,1,895,920
1002,DO_R0501,R0501,P293,dropoff,HOME_P293,45.9425871262376,4.067641704897684,5,-1,895,970
1003,PU_R0502,R0502,P294,pickup,HOME_P294,46.07788279958354,4.105339042385026,5,1,980,1038
1004,DO_R0502,R0502,P294,dropoff,H1,46.0533,4.0727,5,-1,1000,1045
1005,PU_R0503,R0503,P295,pickup,HOME_P295,46.14275913708777,4.055099254084483,5,1,520,565
1006,DO_R0503,R0503,P295,dropoff,H2,46.0457,4.0688,5,-1,540,585
1007,PU_R0504,R0504,P295,pickup,H2,46.0457,4.0688,5,1,610,635
1008,DO_R0504,R0504,P295,dropoff,HOME_P295,46.14275913708777,4.055099254084483,5,-1,610,685
1009,PU_R0505,R0505,P296,pickup,HOME_P296,45.97820510917976,4.088735673327558,5,1,575,626
1010,DO_R0505,R0505,P296,dropoff,H2,46.0457,4.0688,5,-1,595,640
1011,PU_R0506,R0506,P297,pickup,HOME_P297,46.08484186928788,4.115435888300128,5,1,475,520
1012,DO_R0506,R0506,P297,dropoff,H3,46.05,4.07,5,-1,485,530
1013,PU_R0507,R0507,P297,pickup,H3,46.05,4.07,5,1,790,805
1014,DO_R0507,R0507,P297,dropoff,HOME_P297,46.08484186928788,4.115435888300128,5,-1,790,845
1015,PU_R0508,R0508,P298,pickup,HOME_P298,46.03939822419717,4.112871339658535,5,1,615,673
1016,DO_R0508,R0508,P298,dropoff,H1,46.0533,4.0727,5,-1,635,680
1017,PU_R0509,R0509,P299,pickup,HOME_P299,45.97284341617014,4.26339107500703,5,1,574,629
1018,DO_R0509,R0509,P299,dropoff,H1,46.0533,4.0727,5,-1,615,660
1019,PU_R0510,R0510,P299,pickup,H1,46.0533,4.0727,5,1,685,720
1020,DO_R0510,R0510,P299,dropoff,HOME_P299,45.97284341617014,4.26339107500703,5,-1,685,791
1021,PU_R0511,R0511,P300,pickup,HOME_P300,46.06303454578056,3.9522840663575582,5,1,590,638
1022,DO_R0511,R0511,P300,dropoff,H1,46.0533,4.0727,5,-1,610,655
1023,PU_R0512,R0512,P300,pickup,H1,46.0533,4.0727,5,1,735,760
1024,DO_R0512,R0512,P300,dropoff,HOME_P300,46.06303454578056,3.9522840663575582,5,-1,735,810
1025,PU_R0513,R0513,P301,pickup,HOME_P301,46.11412818522962,4.049412130216084,5,1,740,782
1026,DO_R0513,R0513,P301,dropoff,H1,46.0533,4.0727,5,-1,750,795
1027,PU_R0514,R0514,P302,pickup,HOME_P302,46.05269855191128,4.218999724097012,5,1,570,614
1028,DO_R0514,R0514,P302,dropoff,H1,46.0533,4.0727,5,-1,590,635
1029,PU_R0515,R0515,P302,pickup,H1,46.0533,4.0727,5,1,720,745
1030,DO_R0515,R0515,P302,dropoff,HOME_P302,46.05269855191128,4.218999724097012,5,-1,720,795
1031,PU_R0516,R0516,P303,pickup,HOME_P303,45.969172651928865,3.971245139289417,5,1,475,519
1032,DO_R0516,R0516,P303,dropoff,H2,46.0457,4.0688,5,-1,495,540
1033,PU_R0517,R0517,P303,pickup,H2,46.0457,4.0688,5,1,580,605
1034,DO_R0517,R0517,P303,dropoff,HOME_P303,45.969172651928865,3.971245139289417,5,-1,580,655
1035,PU_R0518,R0518,P304,pickup,HOME_P304,46.112466684443255,4.081848101666777,5,1,445,486
1036,DO_R0518,R0518,P304,dropoff,H2,46.0457,4.0688,5,-1,455,500
1037,PU_R0519,R0519,P304,pickup,H2,46.0457,4.0688,5,1,715,730
1038,DO_R0519,R0519,P304,dropoff,HOME_P304,46.112466684443255,4.081848101666777,5,-1,715,770
1039,PU_R0520,R0520,P305,pickup,HOME_P305,46.0311892989074,3.967690071982724,5,1,445,484
1040,DO_R0520,R0520,P305,dropoff,H1,46.0533,4.0727,5,-1,455,500
1041,PU_R0521,R0521,P305,pickup,H1,46.0533,4.0727,5,1,655,670
1042,DO_R0521,R0521,P305,dropoff,HOME_P305,46.0311892989074,3.967690071982724,5,-1,655,710
1043,PU_R0522,R0522,P306,pickup,HOME_P306,46.057218868783046,4.101995875542064,5,1,450,499
1044,DO_R0522,R0522,P306,dropoff,H2,46.0457,4.0688,5,-1,460,505
1045,PU_R0523,R0523,P306,pickup,H2,46.0457,4.0688,5,1,740,755
1046,DO_R0523,R0523,P306,dropoff,HOME_P306,46.057218868783046,4.101995875542064,5,-1,740,795
1047,PU_R0524,R0524,P307,pickup,HOME_P307,46.13102415936586,4.07467499876546,5,1,470,509
1048,DO_R0524,R0524,P307,dropoff,H1,46.0533,4.0727,5,-1,480,525
1049,PU_R0525,R0525,P307,pickup,H1,46.0533,4.0727,5,1,695,710
1050,DO_R0525,R0525,P307,dropoff,HOME_P307,46.13102415936586,4.07467499876546,5,-1,695,750
1051,PU_R0526,R0526,P308,pickup,HOME_P308,45.98000809457266,4.048262671195047,5,1,750,790
1052,DO_R0526,R0526,P308,dropoff,H3,46.05,4.07,5,-1,760,805
1053,PU_R0527,R0527,P309,pickup,HOME_P309,46.07631604423989,4.019412758303622,5,1,615,671
1054,DO_R0527,R0527,P309,dropoff,H1,46.0533,4.0727,5,-1,635,680
1055,PU_R0528,R0528,P309,pickup,H1,46.0533,4.0727,5,1,745,770
1056,DO_R0528,R0528,P309,dropoff,HOME_P309,46.07631604423989,4.019412758303622,5,-1,745,820
1057,PU_R0529,R0529,P310,pickup,HOME_P310,46.10519327378959,4.070621336103004,5,1,460,504
1058,DO_R0529,R0529,P310,dropoff,H1,46.0533,4.0727,5,-1,470,515
1059,PU_R0530,R0530,P310,pickup,H1,46.0533,4.0727,5,1,685,700
1060,DO_R0530,R0530,P310,dropoff,HOME_P310,46.10519327378959,4.070621336103004,5,-1,685,740
1061,PU_R0531,R0531,P311,pickup,HOME_P311,46.02321534310755,4.007565777882124,5,1,465,519
1062,DO_R0531,R0531,P311,dropoff,H1,46.0533,4.0727,5,-1,485,530
1063,PU_R0532,R0532,P311,pickup,H1,46.0533,4.0727,5,1,615,640
1064,DO_R0532,R0532,P311,dropoff,HOME_P311,46.02321534310755,4.007565777882124,5,-1,615,690
1065,PU_R0533,R0533,P312,pickup,HOME_P312,46.03487959972152,4.2087209673909305,5,1,815,860
1066,DO_R0533,R0533,P312,dropoff,H1,46.0533,4.0727,5,-1,835,880
1067,PU_R0534,R0534,P312,pickup,H1,46.0533,4.0727,5,1,1000,1025
1068,DO_R0534,R0534,P312,dropoff,HOME_P312,46.03487959972152,4.2087209673909305,5,-1,1000,1075
1069,PU_R0535,R0535,P313,pickup,HOME_P313,46.01118229559675,4.116448673341621,5,1,450,494
1070,DO_R0535,R0535,P313,dropoff,H1,46.0533,4.0727,5,-1,460,505
1071,PU_R0536,R0536,P313,pickup,H1,46.0533,4.0727,5,1,680,695
1072,DO_R0536,R0536,P313,dropoff,HOME_P313,46.01118229559675,4.116448673341621,5,-1,680,735
1073,PU_R0537,R0537,P314,pickup,HOME_P314,45.99261840335258,4.099408283868153,5,1,435,477
1074,DO_R0537,R0537,P314,dropoff,H3,46.05,4.07,5,-1,445,490
1075,PU_R0538,R0538,P314,pickup,H3,46.05,4.07,5,1,715,730
1076,DO_R0538,R0538,P314,dropoff,HOME_P314,45.99261840335258,4.099408283868153,5,-1,715,770
1077,PU_R0539,R0539,P315,pickup,HOME_P315,46.05452838183264,4.079313596032258,5,1,450,500
1078,DO_R0539,R0539,P315,dropoff,H2,46.0457,4.0688,5,-1,460,505
1079,PU_R0540,R0540,P315,pickup,H2,46.0457,4.0688,5,1,850,865
1080,DO_R0540,R0540,P315,dropoff,HOME_P315,46.05452838183264,4.079313596032258,5,-1,850,905
1081,PU_R0541,R0541,P316,pickup,HOME_P316,46.012157340219076,4.180032684248632,5,1,825,873
1082,DO_R0541,R0541,P316,dropoff,H1,46.0533,4.0727,5,-1,845,890
1083,PU_R0542,R0542,P316,pickup,H1,46.0533,4.0727,5,1,1000,1025
1084,DO_R0542,R0542,P316,dropoff,HOME_P316,46.012157340219076,4.180032684248632,5,-1,1000,1075
1085,PU_R0543,R0543,P317,pickup,HOME_P317,46.0920356025949,4.0666845511272935,5,1,980,1035
1086,DO_R0543,R0543,P317,dropoff,H2,46.0457,4.0688,5,-1,1000,1045
1087,PU_R0544,R0544,P318,pickup,HOME_P318,46.02913311898524,4.01877112267084,5,1,760,806
1088,DO_R0544,R0544,P318,dropoff,H3,46.05,4.07,5,-1,770,815
1089,PU_R0545,R0545,P319,pickup,HOME_P319,46.07298031014004,4.107217261397373,5,1,470,527
1090,DO_R0545,R0545,P319,dropoff,H2,46.0457,4.0688,5,-1,490,535
1091,PU_R0546,R0546,P319,pickup,H2,46.0457,4.0688,5,1,560,585
1092,DO_R0546,R0546,P319,dropoff,HOME_P319,46.07298031014004,4.107217261397373,5,-1,560,635
1093,PU_R0547,R0547,P320,pickup,HOME_P320,46.01394604862439,4.041173365176983,5,1,480,526
1094,DO_R0547,R0547,P320,dropoff,H1,46.0533,4.0727,5,-1,490,535
1095,PU_R0548,R0548,P320,pickup,H1,46.0533,4.0727,5,1,775,790
1096,DO_R0548,R0548,P320,dropoff,HOME_P320,46.01394604862439,4.041173365176983,5,-1,775,830
1097,PU_R0549,R0549,P321,pickup,HOME_P321,46.091577532360105,4.051084448571435,5,1,780,826
1098,DO_R0549,R0549,P321,dropoff,H3,46.05,4.07,5,-1,790,835
1099,PU_R0550,R0550,P322,pickup,HOME_P322,45.95527754098437,4.122087884058125,5,1,610,654
1100,DO_R0550,R0550,P322,dropoff,H1,46.0533,4.0727,5,-1,630,675
1101,PU_R0551,R0551,P322,pickup,H1,46.0533,4.0727,5,1,780,805
1102,DO_R0551,R0551,P322,dropoff,HOME_P322,45.95527754098437,4.122087884058125,5,-1,780,855
1103,PU_R0552,R0552,P323,pickup,HOME_P323,45.99853706056494,3.971182745596609,5,1,620,668
1104,DO_R0552,R0552,P323,dropoff,H2,46.0457,4.0688,5,-1,640,685
1105,PU_R0553,R0553,P323,pickup,H2,46.0457,4.0688,5,1,725,750
1106,DO_R0553,R0553,P323,dropoff,HOME_P323,45.99853706056494,3.971182745596609,5,-1,725,800
1107,PU_R0554,R0554,P324,pickup,HOME_P324,46.07580031909477,4.0544561802724095,5,1,470,518
1108,DO_R0554,R0554,P324,dropoff,H2,46.0457,4.0688,5,-1,480,525
1109,PU_R0555,R0555,P324,pickup,H2,46.0457,4.0688,5,1,745,760
1110,DO_R0555,R0555,P324,dropoff,HOME_P324,46.07580031909477,4.0544561802724095,5,-1,745,800
1111,PU_R0556,R0556,P325,pickup,HOME_P325,46.09747400178687,4.097814980633561,5,1,615,668
1112,DO_R0556,R0556,P325,dropoff,H2,46.0457,4.0688,5,-1,635,680
1113,PU_R0557,R0557,P325,pickup,H2,46.0457,4.0688,5,1,715,740
1114,DO_R0557,R0557,P325,dropoff,HOME_P325,46.09747400178687,4.097814980633561,5,-1,715,790
1115,PU_R0558,R0558,P326,pickup,HOME_P326,46.06191657438446,4.04127645506965,5,1,640,690
1116,DO_R0558,R0558,P326,dropoff,H1,46.0533,4.0727,5,-1,650,695
1117,PU_R0559,R0559,P326,pickup,H1,46.0533,4.0727,5,1,870,885
1118,DO_R0559,R0559,P326,dropoff,HOME_P326,46.06191657438446,4.04127645506965,5,-1,870,925
1119,PU_R0560,R0560,P327,pickup,HOME_P327,46.08266098130567,3.9969047174873604,5,1,645,688
1120,DO_R0560,R0560,P327,dropoff,H1,46.0533,4.0727,5,-1,655,700
1121,PU_R0561,R0561,P327,pickup,H1,46.0533,4.0727,5,1,865,880
1122,DO_R0561,R0561,P327,dropoff,HOME_P327,46.08266098130567,3.9969047174873604,5,-1,865,920
1123,PU_R0562,R0562,P328,pickup,HOME_P328,46.04361703340752,4.093117197529577,5,1,465,535
1124,DO_R0562,R0562,P328,dropoff,H1,46.0533,4.0727,5,-1,495,540
1125,PU_R0563,R0563,P328,pickup,H1,46.0533,4.0727,5,1,570,605
1126,DO_R0563,R0563,P328,dropoff,HOME_P328,46.04361703340752,4.093117197529577,5,-1,570,665
1127,PU_R0564,R0564,P329,pickup,HOME_P329,46.07483185686253,4.044395882071111,5,1,475,523
1128,DO_R0564,R0564,P329,dropoff,H2,46.0457,4.0688,5,-1,485,530
1129,PU_R0565,R0565,P329,pickup,H2,46.0457,4.0688,5,1,820,835
1130,DO_R0565,R0565,P329,dropoff,HOME_P329,46.07483185686253,4.044395882071111,5,-1,820,875
1131,PU_R0566,R0566,P330,pickup,HOME_P330,46.03607320061594,4.09525366693888,5,1,780,840
1132,DO_R0566,R0566,P330,dropoff,H1,46.0533,4.0727,5,-1,800,845
1133,PU_R0567,R0567,P330,pickup,H1,46.0533,4.0727,5,1,930,955
1134,DO_R0567,R0567,P330,dropoff,HOME_P330,46.03607320061594,4.09525366693888,5,-1,930,1005
1135,PU_R0568,R0568,P331,pickup,HOME_P331,46.119867848131,4.174239043688305,5,1,855,900
1136,DO_R0568,R0568,P331,dropoff,H1,46.0533,4.0727,5,-1,875,920
1137,PU_R0569,R0569,P332,pickup,HOME_P332,46.07014570258205,4.111540393393826,5,1,430,477
1138,DO_R0569,R0569,P332,dropoff,H2,46.0457,4.0688,5,-1,440,485
1139,PU_R0570,R0570,P332,pickup,H2,46.0457,4.0688,5,1,815,830
1140,DO_R0570,R0570,P332,dropoff,HOME_P332,46.07014570258205,4.111540393393826,5,-1,815,870
1141,PU_R0571,R0571,P333,pickup,HOME_P333,46.094816395963754,4.014019081427079,5,1,475,517
1142,DO_R0571,R0571,P333,dropoff,H2,46.0457,4.0688,5,-1,485,530
1143,PU_R0572,R0572,P333,pickup,H2,46.0457,4.0688,5,1,735,750
1144,DO_R0572,R0572,P333,dropoff,HOME_P333,46.094816395963754,4.014019081427079,5,-1,735,790
1145,PU_R0573,R0573,P334,pickup,HOME_P334,46.102009973410745,4.069548864071662,5,1,425,469
1146,DO_R0573,R0573,P334,dropoff,H3,46.05,4.07,5,-1,435,480
1147,PU_R0574,R0574,P334,pickup,H3,46.05,4.07,5,1,715,730
1148,DO_R0574,R0574,P334,dropoff,HOME_P334,46.102009973410745,4.069548864071662,5,-1,715,770
1149,PU_R0575,R0575,P335,pickup,HOME_P335,46.110979700412095,3.9629316802491807,5,1,830,875
1150,DO_R0575,R0575,P335,dropoff,H2,46.0457,4.0688,5,-1,850,895
1151,PU_R0576,R0576,P335,pickup,H2,46.0457,4.0688,5,1,930,955
1152,DO_R0576,R0576,P335,dropoff,HOME_P335,46.110979700412095,3.9629316802491807,5,-1,930,1005
1153,PU_R0577,R0577,P336,pickup,HOME_P336,46.02379389665219,3.9892585602826807,5,1,460,502
1154,DO_R0577,R0577,P336,dropoff,H3,46.05,4.07,5,-1,470,515
1155,PU_R0578,R0578,P336,pickup,H3,46.05,4.07,5,1,775,790
1156,DO_R0578,R0578,P336,dropoff,HOME_P336,46.02379389665219,3.9892585602826807,5,-1,775,830
1157,PU_R0579,R0579,P337,pickup,HOME_P337,46.0629444095215,4.072489781755945,5,1,430,480
1158,DO_R0579,R0579,P337,dropoff,H1,46.0533,4.0727,5,-1,440,485
1159,PU_R0580,R0580,P337,pickup,H1,46.0533,4.0727,5,1,725,740
1160,DO_R0580,R0580,P337,dropoff,HOME_P337,46.0629444095215,4.072489781755945,5,-1,725,780
1161,PU_R0581,R0581,P338,pickup,HOME_P338,46.006799009546576,4.0551695976765965,5,1,430,476
1162,DO_R0581,R0581,P338,dropoff,H3,46.05,4.07,5,-1,440,485
1163,PU_R0582,R0582,P338,pickup,H3,46.05,4.07,5,1,705,720
1164,DO_R0582,R0582,P338,dropoff,HOME_P338,46.006799009546576,4.0551695976765965,5,-1,705,760
1165,PU_R0583,R0583,P339,pickup,HOME_P339,46.03648590780222,4.097693354077508,5,1,840,890
1166,DO_R0583,R0583,P339,dropoff,H1,46.0533,4.0727,5,-1,850,895
1167,PU_R0584,R0584,P340,pickup,HOME_P340,46.0408078332258,4.105864479210878,5,1,460,519
1168,DO_R0584,R0584,P340,dropoff,H1,46.0533,4.0727,5,-1,480,525
1169,PU_R0585,R0585,P340,pickup,H1,46.0533,4.0727,5,1,625,650
1170,DO_R0585,R0585,P340,dropoff,HOME_P340,46.0408078332258,4.105864479210878,5,-1,625,700
1171,PU_R0586,R0586,P341,pickup,HOME_P341,46.05865663347407,3.9910261968359295,5,1,480,523
1172,DO_R0586,R0586,P341,dropoff,H2,46.0457,4.0688,5,-1,490,535
1173,PU_R0587,R0587,P341,pickup,H2,46.0457,4.0688,5,1,730,745
1174,DO_R0587,R0587,P341,dropoff,HOME_P341,46.05865663347407,3.9910261968359295,5,-1,730,785
1175,PU_R0588,R0588,P342,pickup,HOME_P342,46.041874813490985,4.150520274877889,5,1,770,813
1176,DO_R0588,R0588,P342,dropoff,H2,46.0457,4.0688,5,-1,780,825
1177,PU_R0589,R0589,P343,pickup,HOME_P343,46.00457354369503,4.203449635127627,5,1,855,899
1178,DO_R0589,R0589,P343,dropoff,H2,46.0457,4.0688,5,-1,875,920
1179,PU_R0590,R0590,P343,pickup,H2,46.0457,4.0688,5,1,950,975
1180,DO_R0590,R0590,P343,dropoff,HOME_P343,46.00457354369503,4.203449635127627,5,-1,950,1025
1181,PU_R0591,R0591,P344,pickup,HOME_P344,46.12113715766002,4.06424093271743,5,1,450,501
1182,DO_R0591,R0591,P344,dropoff,H1,46.0533,4.0727,5,-1,470,515
1183,PU_R0592,R0592,P344,pickup,H1,46.0533,4.0727,5,1,615,640
1184,DO_R0592,R0592,P344,dropoff,HOME_P344,46.12113715766002,4.06424093271743,5,-1,615,690
1185,PU_R0593,R0593,P345,pickup,HOME_P345,46.01756469715281,4.0231361878789516,5,1,455,500
1186,DO_R0593,R0593,P345,dropoff,H1,46.0533,4.0727,5,-1,465,510
1187,PU_R0594,R0594,P345,pickup,H1,46.0533,4.0727,5,1,750,765
1188,DO_R0594,R0594,P345,dropoff,HOME_P345,46.01756469715281,4.0231361878789516,5,-1,750,805
1189,PU_R0595,R0595,P346,pickup,HOME_P346,46.002915315847545,4.1466313365266885,5,1,475,525
1190,DO_R0595,R0595,P346,dropoff,H1,46.0533,4.0727,5,-1,495,540
1191,PU_R0596,R0596,P346,pickup,H1,46.0533,4.0727,5,1,655,680
1192,DO_R0596,R0596,P346,dropoff,HOME_P346,46.002915315847545,4.1466313365266885,5,-1,655,730
1193,PU_R0597,R0597,P347,pickup,HOME_P347,45.95777758559236,4.124014511393931,5,1,950,1004
1194,DO_R0597,R0597,P347,dropoff,H1,46.0533,4.0727,5,-1,980,1025
1195,PU_R0598,R0598,P348,pickup,HOME_P348,46.02179150157826,3.980123336235683,5,1,435,476
1196,DO_R0598,R0598,P348,dropoff,H2,46.0457,4.0688,5,-1,445,490
1197,PU_R0599,R0599,P348,pickup,H2,46.0457,4.0688,5,1,725,740
1198,DO_R0599,R0599,P348,dropoff,HOME_P348,46.02179150157826,3.980123336235683,5,-1,725,780
1199,PU_R0600,R0600,P349,pickup,HOME_P349,46.043423323987525,3.9960033693362504,5,1,765,809
1200,DO_R0600,R0600,P349,dropoff,H1,46.0533,4.0727,5,-1,775,820
1201,PU_R0601,R0601,P350,pickup,HOME_P350,45.95794892102778,4.045882644264283,5,1,820,867
1202,DO_R0601,R0601,P350,dropoff,H2,46.0457,4.0688,5,-1,840,885
1203,PU_R0602,R0602,P350,pickup,H2,46.0457,4.0688,5,1,920,945
1204,DO_R0602,R0602,P350,dropoff,HOME_P350,45.95794892102778,4.045882644264283,5,-1,920,995
1205,PU_R0603,R0603,P351,pickup,HOME_P351,46.0397087702096,4.17492218834153,5,1,505,555
1206,DO_R0603,R0603,P351,dropoff,H2,46.0457,4.0688,5,-1,525,570
1207,PU_R0604,R0604,P351,pickup,H2,46.0457,4.0688,5,1,605,630
1208,DO_R0604,R0604,P351,dropoff,HOME_P351,46.0397087702096,4.17492218834153,5,-1,605,680
1209,PU_R0605,R0605,P352,pickup,HOME_P352,46.08448357936202,4.152301277023548,5,1,765,806
1210,DO_R0605,R0605,P352,dropoff,H2,46.0457,4.0688,5,-1,775,820
1211,PU_R0606,R0606,P352,pickup,H2,46.0457,4.0688,5,1,950,965
1212,DO_R0606,R0606,P352,dropoff,HOME_P352,46.08448357936202,4.152301277023548,5,-1,950,1005
1213,PU_R0607,R0607,P353,pickup,HOME_P353,46.03940653683681,4.06486286591615,5,1,590,650
1214,DO_R0607,R0607,P353,dropoff,H2,46.0457,4.0688,5,-1,610,655
1215,PU_R0608,R0608,P353,pickup,H2,46.0457,4.0688,5,1,690,715
1216,DO_R0608,R0608,P353,dropoff,HOME_P353,46.03940653683681,4.06486286591615,5,-1,690,765
1217,PU_R0609,R0609,P354,pickup,HOME_P354,46.13410650068917,4.1071193937174035,5,1,655,693
1218,DO_R0609,R0609,P354,dropoff,H1,46.0533,4.0727,5,-1,665,710
1219,PU_R0610,R0610,P354,pickup,H1,46.0533,4.0727,5,1,880,895
1220,DO_R0610,R0610,P354,dropoff,HOME_P354,46.13410650068917,4.1071193937174035,5,-1,880,935
1221,PU_R0611,R0611,P355,pickup,HOME_P355,46.08421584285402,4.033524583973579,5,1,510,566
1222,DO_R0611,R0611,P355,dropoff,H1,46.0533,4.0727,5,-1,530,575
1223,PU_R0612,R0612,P355,pickup,H1,46.0533,4.0727,5,1,675,700
1224,DO_R0612,R0612,P355,dropoff,HOME_P355,46.08421584285402,4.033524583973579,5,-1,675,750
1225,PU_R0613,R0613,P356,pickup,HOME_P356,46.03803308498012,3.9917485178525984,5,1,605,658
1226,DO_R0613,R0613,P356,dropoff,H1,46.0533,4.0727,5,-1,625,670
1227,PU_R0614,R0614,P356,pickup,H1,46.0533,4.0727,5,1,760,785
1228,DO_R0614,R0614,P356,dropoff,HOME_P356,46.03803308498012,3.9917485178525984,5,-1,760,835
1229,PU_R0615,R0615,P357,pickup,HOME_P357,46.054637767083825,4.084905047346289,5,1,1010,1060
1230,DO_R0615,R0615,P357,dropoff,H2,46.0457,4.0688,5,-1,1020,1065
1231,PU_R0616,R0616,P358,pickup,HOME_P358,46.02251948683659,4.012662972756377,5,1,760,804
1232,DO_R0616,R0616,P358,dropoff,H1,46.0533,4.0727,5,-1,770,815
1233,PU_R0617,R0617,P359,pickup,HOME_P359,46.12254629561472,4.053489254736746,5,1,980,1030
1234,DO_R0617,R0617,P359,dropoff,H1,46.0533,4.0727,5,-1,1000,1045
1235,PU_R0618,R0618,P360,pickup,HOME_P360,46.10107402313529,4.184704856108651,5,1,915,961
1236,DO_R0618,R0618,P360,dropoff,H1,46.0533,4.0727,5,-1,935,980
1237,PU_R0619,R0619,P361,pickup,HOME_P361,46.03852094310721,4.04514590406707,5,1,840,900
1238,DO_R0619,R0619,P361,dropoff,H2,46.0457,4.0688,5,-1,860,905
1239,PU_R0620,R0620,P361,pickup,H2,46.0457,4.0688,5,1,930,955
1240,DO_R0620,R0620,P361,dropoff,HOME_P361,46.03852094310721,4.04514590406707,5,-1,930,1005
1241,PU_R0621,R0621,P362,pickup,HOME_P362,46.0334027303216,4.0003593159398445,5,1,735,779
1242,DO_R0621,R0621,P362,dropoff,H1,46.0533,4.0727,5,-1,745,790
1243,PU_R0622,R0622,P363,pickup,HOME_P363,46.097889200094016,4.119009389436347,5,1,745,789
1244,DO_R0622,R0622,P363,dropoff,H1,46.0533,4.0727,5,-1,755,800
1245,PU_R0623,R0623,P364,pickup,HOME_P364,46.088311459447716,4.119413552687189,5,1,780,824
1246,DO_R0623,R0623,P364,dropoff,H2,46.0457,4.0688,5,-1,790,835
1247,PU_R0624,R0624,P365,pickup,HOME_P365,45.96519092937923,4.08364015618216,5,1,855,903
1248,DO_R0624,R0624,P365,dropoff,H2,46.0457,4.0688,5,-1,875,920
1249,PU_R0625,R0625,P365,pickup,H2,46.0457,4.0688,5,1,945,970
1250,DO_R0625,R0625,P365,dropoff,HOME_P365,45.96519092937923,4.08364015618216,5,-1,945,1020
1251,PU_R0626,R0626,P366,pickup,HOME_P366,46.03360662863793,4.040469329265859,5,1,755,804
1252,DO_R0626,R0626,P366,dropoff,H1,46.0533,4.0727,5,-1,765,810
1253,PU_R0627,R0627,P367,pickup,HOME_P367,46.0420291194082,4.049325777525613,5,1,795,865
1254,DO_R0627,R0627,P367,dropoff,H1,46.0533,4.0727,5,-1,825,870
1255,PU_R0628,R0628,P368,pickup,HOME_P368,46.066002594498165,3.9880471057919933,5,1,835,888
1256,DO_R0628,R0628,P368,dropoff,H1,46.0533,4.0727,5,-1,855,900
1257,PU_R0629,R0629,P369,pickup,HOME_P369,45.99828123458092,4.172608253622669,5,1,430,467
1258,DO_R0629,R0629,P369,dropoff,H2,46.0457,4.0688,5,-1,440,485
1259,PU_R0630,R0630,P369,pickup,H2,46.0457,4.0688,5,1,715,730
1260,DO_R0630,R0630,P369,dropoff,HOME_P369,45.99828123458092,4.172608253622669,5,-1,715,770
1261,PU_R0631,R0631,P370,pickup,HOME_P370,45.98982549679289,4.080333914278409,5,1,735,778
1262,DO_R0631,R0631,P370,dropoff,H2,46.0457,4.0688,5,-1,745,790
1263,PU_R0632,R0632,P370,pickup,H2,46.0457,4.0688,5,1,1025,1040
1264,DO_R0632,R0632,P370,dropoff,HOME_P370,45.98982549679289,4.080333914278409,5,-1,1025,1080
1265,PU_R0633,R0633,P371,pickup,HOME_P371,46.06353799792502,3.9921557238282266,5,1,630,683
1266,DO_R0633,R0633,P371,dropoff,H1,46.0533,4.0727,5,-1,650,695
1267,PU_R0634,R0634,P371,pickup,H1,46.0533,4.0727,5,1,790,815
1268,DO_R0634,R0634,P371,dropoff,HOME_P371,46.06353799792502,3.9921557238282266,5,-1,790,865
1269,PU_R0635,R0635,P372,pickup,HOME_P372,46.04149075475198,4.145777872235355,5,1,460,504
1270,DO_R0635,R0635,P372,dropoff,H2,46.0457,4.0688,5,-1,470,515
1271,PU_R0636,R0636,P372,pickup,H2,46.0457,4.0688,5,1,825,840
1272,DO_R0636,R0636,P372,dropoff,HOME_P372,46.04149075475198,4.145777872235355,5,-1,825,880
1273,PU_R0637,R0637,P373,pickup,HOME_P373,46.03834540136525,4.020067491805545,5,1,725,772
1274,DO_R0637,R0637,P373,dropoff,H1,46.0533,4.0727,5,-1,735,780
1275,PU_R0638,R0638,P373,pickup,H1,46.0533,4.0727,5,1,1020,1035
1276,DO_R0638,R0638,P373,dropoff,HOME_P373,46.03834540136525,4.020067491805545,5,-1,1020,1075
1277,PU_R0639,R0639,P374,pickup,HOME_P374,45.98552096078937,4.078376905919302,5,1,835,886
1278,DO_R0639,R0639,P374,dropoff,H1,46.0533,4.0727,5,-1,855,900
1279,PU_R0640,R0640,P374,pickup,H1,46.0533,4.0727,5,1,980,1005
1280,DO_R0640,R0640,P374,dropoff,HOME_P374,45.98552096078937,4.078376905919302,5,-1,980,1055
1281,PU_R0641,R0641,P375,pickup,HOME_P375,46.03211360510654,4.0356576780303,5,1,930,989
1282,DO_R0641,R0641,P375,dropoff,H2,46.0457,4.0688,5,-1,950,995
1283,PU_R0642,R0642,P376,pickup,HOME_P376,46.01160831721376,4.074523944459181,5,1,425,471
1284,DO_R0642,R0642,P376,dropoff,H1,46.0533,4.0727,5,-1,435,480
1285,PU_R0643,R0643,P376,pickup,H1,46.0533,4.0727,5,1,720,735
1286,DO_R0643,R0643,P376,dropoff,HOME_P376,46.01160831721376,4.074523944459181,5,-1,720,775
1287,PU_R0644,R0644,P377,pickup,HOME_P377,46.06549406046336,3.9289507457195976,5,1,780,825
1288,DO_R0644,R0644,P377,dropoff,H2,46.0457,4.0688,5,-1,800,845
1289,PU_R0645,R0645,P377,pickup,H2,46.0457,4.0688,5,1,880,905
1290,DO_R0645,R0645,P377,dropoff,HOME_P377,46.06549406046336,3.9289507457195976,5,-1,880,955
1291,PU_R0646,R0646,P378,pickup,HOME_P378,46.1213852252061,4.105900787501451,5,1,755,795
1292,DO_R0646,R0646,P378,dropoff,H1,46.0533,4.0727,5,-1,765,810
1293,PU_R0647,R0647,P379,pickup,HOME_P379,46.011748564365774,4.027622046745697,5,1,730,775
1294,DO_R0647,R0647,P379,dropoff,H3,46.05,4.07,5,-1,740,785
1295,PU_R0648,R0648,P380,pickup,HOME_P380,45.98855839554486,4.123071504538228,5,1,450,490
1296,DO_R0648,R0648,P380,dropoff,H3,46.05,4.07,5,-1,460,505
1297,PU_R0649,R0649,P380,pickup,H3,46.05,4.07,5,1,720,735
1298,DO_R0649,R0649,P380,dropoff,HOME_P380,45.98855839554486,4.123071504538228,5,-1,720,775
1299,PU_R0650,R0650,P381,pickup,HOME_P381,46.12193160061065,4.1368991877099655,5,1,455,502
1300,DO_R0650,R0650,P381,dropoff,H2,46.0457,4.0688,5,-1,475,520
1301,PU_R0651,R0651,P381,pickup,H2,46.0457,4.0688,5,1,545,570
1302,DO_R0651,R0651,P381,dropoff,HOME_P381,46.12193160061065,4.1368991877099655,5,-1,545,620
1303,PU_R0652,R0652,P382,pickup,HOME_P382,46.028058531312986,4.066260382697916,5,1,740,789
1304,DO_R0652,R0652,P382,dropoff,H1,46.0533,4.0727,5,-1,750,795
1305,PU_R0653,R0653,P383,pickup,HOME_P383,46.088691666339564,4.073168483653515,5,1,725,772
1306,DO_R0653,R0653,P383,dropoff,H3,46.05,4.07,5,-1,735,780
1307,PU_R0654,R0654,P383,pickup,H3,46.05,4.07,5,1,995,1010
1308,DO_R0654,R0654,P383,dropoff,HOME_P383,46.088691666339564,4.073168483653515,5,-1,995,1050
1309,PU_R0655,R0655,P384,pickup,HOME_P384,46.07721389801588,4.08238536272634,5,1,865,913
1310,DO_R0655,R0655,P384,dropoff,H2,46.0457,4.0688,5,-1,875,920
1311,PU_R0656,R0656,P385,pickup,HOME_P385,46.088226040889296,4.0801799778571555,5,1,750,797
1312,DO_R0656,R0656,P385,dropoff,H3,46.05,4.07,5,-1,760,805
1313,PU_R0657,R0657,P386,pickup,HOME_P386,46.00223311073259,4.023383423768724,5,1,470,514
1314,DO_R0657,R0657,P386,dropoff,H2,46.0457,4.0688,5,-1,480,525
1315,PU_R0658,R0658,P386,pickup,H2,46.0457,4.0688,5,1,780,795
1316,DO_R0658,R0658,P386,dropoff,HOME_P386,46.00223311073259,4.023383423768724,5,-1,780,835
1317,PU_R0659,R0659,P387,pickup,HOME_P387,46.08537437549395,4.1361095493826205,5,1,775,819
1318,DO_R0659,R0659,P387,dropoff,H1,46.0533,4.0727,5,-1,785,830
1319,PU_R0660,R0660,P388,pickup,HOME_P388,46.11016049702592,4.103384941943431,5,1,635,687
1320,DO_R0660,R0660,P388,dropoff,H1,46.0533,4.0727,5,-1,655,700
1321,PU_R0661,R0661,P388,pickup,H1,46.0533,4.0727,5,1,780,805
1322,DO_R0661,R0661,P388,dropoff,HOME_P388,46.11016049702592,4.103384941943431,5,-1,780,855
1323,PU_R0662,R0662,P389,pickup,HOME_P389,45.987028802670466,4.053010364085555,5,1,430,472
1324,DO_R0662,R0662,P389,dropoff,H3,46.05,4.07,5,-1,440,485
1325,PU_R0663,R0663,P389,pickup,H3,46.05,4.07,5,1,740,755
1326,DO_R0663,R0663,P389,dropoff,HOME_P389,45.987028802670466,4.053010364085555,5,-1,740,795
1327,PU_R0664,R0664,P390,pickup,HOME_P390,45.958839522988264,4.032249160510613,5,1,615,660
1328,DO_R0664,R0664,P390,dropoff,H1,46.0533,4.0727,5,-1,635,680
1329,PU_R0665,R0665,P390,pickup,H1,46.0533,4.0727,5,1,785,810
1330,DO_R0665,R0665,P390,dropoff,HOME_P390,45.958839522988264,4.032249160510613,5,-1,785,860
1331,PU_R0666,R0666,P391,pickup,HOME_P391,46.144799978673646,4.040646448819535,5,1,955,999
1332,DO_R0666,R0666,P391,dropoff,H2,46.0457,4.0688,5,-1,975,1020
1333,PU_R0667,R0667,P392,pickup,HOME_P392,45.969372094959155,4.155966925327827,5,1,565,610
1334,DO_R0667,R0667,P392,dropoff,H2,46.0457,4.0688,5,-1,585,630
1335,PU_R0668,R0668,P392,pickup,H2,46.0457,4.0688,5,1,670,695
1336,DO_R0668,R0668,P392,dropoff,HOME_P392,45.969372094959155,4.155966925327827,5,-1,670,745
1337,PU_R0669,R0669,P393,pickup,HOME_P393,46.03816057574416,4.143483184971205,5,1,480,524
1338,DO_R0669,R0669,P393,dropoff,H3,46.05,4.07,5,-1,490,535
1339,PU_R0670,R0670,P393,pickup,H3,46.05,4.07,5,1,785,800
1340,DO_R0670,R0670,P393,dropoff,HOME_P393,46.03816057574416,4.143483184971205,5,-1,785,840
1341,PU_R0671,R0671,P394,pickup,HOME_P394,46.128915073622814,3.976042336197408,5,1,610,654
1342,DO_R0671,R0671,P394,dropoff,H1,46.0533,4.0727,5,-1,630,675
1343,PU_R0672,R0672,P394,pickup,H1,46.0533,4.0727,5,1,780,805
1344,DO_R0672,R0672,P394,dropoff,HOME_P394,46.128915073622814,3.976042336197408,5,-1,780,855
1345,PU_R0673,R0673,P395,pickup,HOME_P395,46.03360253829857,4.141138836680493,5,1,490,544
1346,DO_R0673,R0673,P395,dropoff,H2,46.0457,4.0688,5,-1,510,555
1347,PU_R0674,R0674,P395,pickup,H2,46.0457,4.0688,5,1,585,610
1348,DO_R0674,R0674,P395,dropoff,HOME_P395,46.03360253829857,4.141138836680493,5,-1,585,660
1349,PU_R0675,R0675,P396,pickup,HOME_P396,46.056481830009346,3.950680192263103,5,1,525,573
1350,DO_R0675,R0675,P396,dropoff,H2,46.0457,4.0688,5,-1,545,590
1351,PU_R0676,R0676,P396,pickup,H2,46.0457,4.0688,5,1,625,650
1352,DO_R0676,R0676,P396,dropoff,HOME_P396,46.056481830009346,3.950680192263103,5,-1,625,700
1353,PU_R0677,R0677,P397,pickup,HOME_P397,45.98789154539042,4.0324236910699485,5,1,750,791
1354,DO_R0677,R0677,P397,dropoff,H3,46.05,4.07,5,-1,760,805
1355,PU_R0678,R0678,P398,pickup,HOME_P398,46.01605870219785,3.9773069674258474,5,1,775,816
1356,DO_R0678,R0678,P398,dropoff,H2,46.0457,4.0688,5,-1,785,830
1357,PU_R0679,R0679,P399,pickup,HOME_P399,46.03311350356292,4.1532849663151765,5,1,725,768
1358,DO_R0679,R0679,P399,dropoff,H3,46.05,4.07,5,-1,735,780
1359,PU_R0680,R0680,P399,pickup,H3,46.05,4.07,5,1,995,1010
1360,DO_R0680,R0680,P399,dropoff,HOME_P399,46.03311350356292,4.1532849663151765,5,-1,995,1050
1361,PU_R0681,R0681,P400,pickup,HOME_P400,45.993715967975525,4.082296553424883,5,1,505,558
1362,DO_R0681,R0681,P400,dropoff,H1,46.0533,4.0727,5,-1,525,570
1363,PU_R0682,R0682,P400,pickup,H1,46.0533,4.0727,5,1,685,710
1364,DO_R0682,R0682,P400,dropoff,HOME_P400,45.993715967975525,4.082296553424883,5,-1,685,760
