model_node_id,model_node_label,request_id,patient_id,node_role,physical_point_id,lat,lon,service_time_min,q_i,time_window_start_min,time_window_end_min
1,PU_R0001,R0001,P1,pickup,HOME_P1,46.07057156539342,4.1604575126290335,5,1,970,1022
2,DO_R0001,R0001,P1,dropoff,H1,46.0533,4.0727,5,-1,990,1035
3,PU_R0002,R0002,P2,pickup,HOME_P2,46.08299775607745,4.0960131673255,5,1,770,838
4,DO_R0002,R0002,P2,dropoff,H1,46.0533,4.0727,5,-1,800,845
5,PU_R0003,R0003,P2,pickup,H1,46.0533,4.0727,5,1,870,905
6,DO_R0003,R0003,P2,dropoff,HOME_P2,46.08299775607745,4.0960131673255,5,-1,870,965
7,PU_R0004,R0004,P3,pickup,HOME_P3,46.071705928445574,4.039359016159826,5,1,590,649
8,DO_R0004,R0004,P3,dropoff,H1,46.0533,4.0727,5,-1,610,655
9,PU_R0005,R0005,P3,pickup,H1,46.0533,4.0727,5,1,760,785
10,DO_R0005,R0005,P3,dropoff,HOME_P3,46.071705928445574,4.039359016159826,5,-1,760,835
11,PU_R0006,R0006,P4,pickup,HOME_P4,46.11966310346248,3.9999106988799307,5,1,765,802
12,DO_R0006,R0006,P4,dropoff,H2,46.0457,4.0688,5,-1,775,820
13,PU_R0007,R0007,P4,pickup,H2,46.0457,4.0688,5,1,950,965
14,DO_R0007,R0007,P4,dropoff,HOME_P4,46.11966310346248,3.9999106988799307,5,-1,950,1005
15,PU_R0008,R0008,P5,pickup,HOME_P5,46.037085018972135,3.992644364200101,5,1,460,513
16,DO_R0008,R0008,P5,dropoff,H1,46.0533,4.0727,5,-1,480,525
17,PU_R0009,R0009,P5,pickup,H1,46.0533,4.0727,5,1,600,625
18,DO_R0009,R0009,P5,dropoff,HOME_P5,46.037085018972135,3.992644364200101,5,-1,600,675
19,PU_R0010,R0010,P6,pickup,HOME_P6,46.111887217159335,4.018064936651073,5,1,450,491
20,DO_R0010,R0010,P6,dropoff,H1,46.0533,4.0727,5,-1,460,505
21,PU_R0011,R0011,P6,pickup,H1,46.0533,4.0727,5,1,685,700
22,DO_R0011,R0011,P6,dropoff,HOME_P6,46.111887217159335,4.018064936651073,5,-1,685,740
23,PU_R0012,R0012,P7,pickup,HOME_P7,46.08696367071639,4.105408116365229,5,1,435,481
24,DO_R0012,R0012,P7,dropoff,H1,46.0533,4.0727,5,-1,445,490
25,PU_R0013,R0013,P7,pickup,H1,46.0533,4.0727,5,1,730,745
26,DO_R0013,R0013,P7,dropoff,HOME_P7,46.08696367071639,4.105408116365229,5,-1,730,785
27,PU_R0014,R0014,P8,pickup,HOME_P8,46.03055128410049,4.112664799464072,5,1,435,482
28,DO_R0014,R0014,P8,dropoff,H1,46.0533,4.0727,5,-1,445,490
29,PU_R0015,R0015,P8,pickup,H1,46.0533,4.0727,5,1,730,745
30,DO_R0015,R0015,P8,dropoff,HOME_P8,46.03055128410049,4.112664799464072,5,-1,730,785
31,PU_R0016,R0016,P9,pickup,HOME_P9,46.00185370093822,4.101644600201496,5,1,445,489
32,DO_R0016,R0016,P9,dropoff,H1,46.0533,4.0727,5,-1,455,500
33,PU_R0017,R0017,P9,pickup,H1,46.0533,4.0727,5,1,680,695
34,DO_R0017,R0017,P9,dropoff,HOME_P9,46.00185370093822,4.101644600201496,5,-1,680,735
35,PU_R0018,R0018,P10,pickup,HOME_P10,46.092178006004076,4.05400487479566,5,1,465,510
36,DO_R0018,R0018,P10,dropoff,H2,46.0457,4.0688,5,-1,475,520
37,PU_R0019,R0019,P10,pickup,H2,46.0457,4.0688,5,1,740,755
38,DO_R0019,R0019,P10,dropoff,HOME_P10,46.092178006004076,4.05400487479566,5,-1,740,795
39,PU_R0020,R0020,P11,pickup,HOME_P11,45.996394690051595,4.09445975914983,5,1,980,1043
40,DO_R0020,R0020,P11,dropoff,H1,46.0533,4.0727,5,-1,1010,1055
41,PU_R0021,R0021,P12,pickup,HOME_P12,46.03549832830279,3.982036536027812,5,1,585,637
42,DO_R0021,R0021,P12,dropoff,H1,46.0533,4.0727,5,-1,605,650
43,PU_R0022,R0022,P12,pickup,H1,46.0533,4.0727,5,1,755,780
44,DO_R0022,R0022,P12,dropoff,HOME_P12,46.03549832830279,3.982036536027812,5,-1,755,830
45,PU_R0023,R0023,P13,pickup,HOME_P13,46.030292127718994,4.039383105296237,5,1,810,868
46,DO_R0023,R0023,P13,dropoff,H1,46.0533,4.0727,5,-1,830,875
47,PU_R0024,R0024,P13,pickup,H1,46.0533,4.0727,5,1,950,975
48,DO_R0024,R0024,P13,dropoff,HOME_P13,46.030292127718994,4.039383105296237,5,-1,950,1025
49,PU_R0025,R0025,P14,pickup,HOME_P14,46.06903223067654,4.112603423190578,5,1,450,498
50,DO_R0025,R0025,P14,dropoff,H1,46.0533,4.0727,5,-1,460,505
51,PU_R0026,R0026,P14,pickup,H1,46.0533,4.0727,5,1,745,760
52,DO_R0026,R0026,P14,dropoff,HOME_P14,46.06903223067654,4.112603423190578,5,-1,745,800
53,PU_R0027,R0027,P15,pickup,HOME_P15,46.06395145498148,4.1876807955467985,5,1,835,874
54,DO_R0027,R0027,P15,dropoff,H1,46.0533,4.0727,5,-1,845,890
55,PU_R0028,R0028,P16,pickup,HOME_P16,46.05369997089351,4.055951257899102,5,1,520,580
56,DO_R0028,R0028,P16,dropoff,H2,46.0457,4.0688,5,-1,540,585
57,PU_R0029,R0029,P16,pickup,H2,46.0457,4.0688,5,1,610,635
58,DO_R0029,R0029,P16,dropoff,HOME_P16,46.05369997089351,4.055951257899102,5,-1,610,685
59,PU_R0030,R0030,P17,pickup,HOME_P17,46.14034494928026,4.128690679132669,5,1,475,521
60,DO_R0030,R0030,P17,dropoff,H1,46.0533,4.0727,5,-1,495,540
61,PU_R0031,R0031,P17,pickup,H1,46.0533,4.0727,5,1,655,680
62,DO_R0031,R0031,P17,dropoff,HOME_P17,46.14034494928026,4.128690679132669,5,-1,655,730
63,PU_R0032,R0032,P18,pickup,HOME_P18,46.06013376922903,4.104651394732228,5,1,725,774
64,DO_R0032,R0032,P18,dropoff,H2,46.0457,4.0688,5,-1,735,780
65,PU_R0033,R0033,P19,pickup,HOME_P19,46.11459582841921,4.060869328245973,5,1,465,506
66,DO_R0033,R0033,P19,dropoff,H2,46.0457,4.0688,5,-1,475,520
67,PU_R0034,R0034,P19,pickup,H2,46.0457,4.0688,5,1,755,770
68,DO_R0034,R0034,P19,dropoff,HOME_P19,46.11459582841921,4.060869328245973,5,-1,755,810
69,PU_R0035,R0035,P20,pickup,HOME_P20,46.140068370113006,4.042067008763584,5,1,600,645
70,DO_R0035,R0035,P20,dropoff,H2,46.0457,4.0688,5,-1,620,665
71,PU_R0036,R0036,P20,pickup,H2,46.0457,4.0688,5,1,690,715
72,DO_R0036,R0036,P20,dropoff,HOME_P20,46.140068370113006,4.042067008763584,5,-1,690,765
73,PU_R0037,R0037,P21,pickup,HOME_P21,46.10938831628038,4.123501580721308,5,1,435,476
74,DO_R0037,R0037,P21,dropoff,H1,46.0533,4.0727,5,-1,445,490
75,PU_R0038,R0038,P21,pickup,H1,46.0533,4.0727,5,1,730,745
76,DO_R0038,R0038,P21,dropoff,HOME_P21,46.10938831628038,4.123501580721308,5,-1,730,785
77,PU_R0039,R0039,P22,pickup,HOME_P22,46.0083508254063,4.118434178437105,5,1,445,489
78,DO_R0039,R0039,P22,dropoff,H1,46.0533,4.0727,5,-1,455,500
79,PU_R0040,R0040,P22,pickup,H1,46.0533,4.0727,5,1,675,690
80,DO_R0040,R0040,P22,dropoff,HOME_P22,46.0083508254063,4.118434178437105,5,-1,675,730
81,PU_R0041,R0041,P23,pickup,HOME_P23,46.071557101446984,4.069243497279466,5,1,730,780
82,DO_R0041,R0041,P23,dropoff,H1,46.0533,4.0727,5,-1,740,785
83,PU_R0042,R0042,P23,pickup,H1,46.0533,4.0727,5,1,1025,1040
84,DO_R0042,R0042,P23,dropoff,HOME_P23,46.071557101446984,4.069243497279466,5,-1,1025,1080
85,PU_R0043,R0043,P24,pickup,HOME_P24,46.06423445404893,4.18987747302389,5,1,440,478
86,DO_R0043,R0043,P24,dropoff,H1,46.0533,4.0727,5,-1,450,495
87,PU_R0044,R0044,P24,pickup,H1,46.0533,4.0727,5,1,675,690
88,DO_R0044,R0044,P24,dropoff,HOME_P24,46.06423445404893,4.18987747302389,5,-1,675,730
89,PU_R0045,R0045,P25,pickup,HOME_P25,46.036955980889765,4.0852582537334605,5,1,760,810
90,DO_R0045,R0045,P25,dropoff,H1,46.0533,4.0727,5,-1,770,815
91,PU_R0046,R0046,P26,pickup,HOME_P26,46.06221206113378,4.109986671025603,5,1,455,503
92,DO_R0046,R0046,P26,dropoff,H2,46.0457,4.0688,5,-1,465,510
93,PU_R0047,R0047,P26,pickup,H2,46.0457,4.0688,5,1,740,755
94,DO_R0047,R0047,P26,dropoff,HOME_P26,46.06221206113378,4.109986671025603,5,-1,740,795
95,PU_R0048,R0048,P27,pickup,HOME_P27,46.04034673969434,3.9859173217932575,5,1,480,522
96,DO_R0048,R0048,P27,dropoff,H1,46.0533,4.0727,5,-1,490,535
97,PU_R0049,R0049,P27,pickup,H1,46.0533,4.0727,5,1,775,790
98,DO_R0049,R0049,P27,dropoff,HOME_P27,46.04034673969434,3.9859173217932575,5,-1,775,830
99,PU_R0050,R0050,P28,pickup,HOME_P28,46.0444015071758,4.051886279034664,5,1,460,510
100,DO_R0050,R0050,P28,dropoff,H2,46.0457,4.0688,5,-1,470,515
101,PU_R0051,R0051,P28,pickup,H2,46.0457,4.0688,5,1,590,605
102,DO_R0051,R0051,P28,dropoff,HOME_P28,46.0444015071758,4.051886279034664,5,-1,590,645
103,PU_R0052,R0052,P29,pickup,HOME_P29,46.00972518582818,4.124174967960551,5,1,965,1008
104,DO_R0052,R0052,P29,dropoff,H1,46.0533,4.0727,5,-1,975,1020
105,PU_R0053,R0053,P30,pickup,HOME_P30,45.97196965401475,4.158973868961953,5,1,940,984
106,DO_R0053,R0053,P30,dropoff,H1,46.0533,4.0727,5,-1,960,1005
107,PU_R0054,R0054,P31,pickup,HOME_P31,45.999583878356155,4.085909869374706,5,1,735,779
108,DO_R0054,R0054,P31,dropoff,H1,46.0533,4.0727,5,-1,745,790
109,PU_R0055,R0055,P32,pickup,HOME_P32,46.0050819890373,3.998422582092582,5,1,425,466
110,DO_R0055,R0055,P32,dropoff,H3,46.05,4.07,5,-1,435,480
111,PU_R0056,R0056,P32,pickup,H3,46.05,4.07,5,1,690,705
112,DO_R0056,R0056,P32,dropoff,HOME_P32,46.0050819890373,3.998422582092582,5,-1,690,745
113,PU_R0057,R0057,P33,pickup,HOME_P33,45.9900365680936,4.040674520513627,5,1,750,792
114,DO_R0057,R0057,P33,dropoff,H3,46.05,4.07,5,-1,760,805
115,PU_R0058,R0058,P34,pickup,HOME_P34,46.169689574159236,3.917437290148839,5,1,993,1048
116,DO_R0058,R0058,P34,dropoff,H1,46.0533,4.0727,5,-1,1035,1080
117,PU_R0059,R0059,P35,pickup,HOME_P35,46.075651198350286,3.9833758618557997,5,1,745,786
118,DO_R0059,R0059,P35,dropoff,H2,46.0457,4.0688,5,-1,755,800
119,PU_R0060,R0060,P35,pickup,H2,46.0457,4.0688,5,1,955,970
120,DO_R0060,R0060,P35,dropoff,HOME_P35,46.075651198350286,3.9833758618557997,5,-1,955,1010
121,PU_R0061,R0061,P36,pickup,HOME_P36,46.01699374438693,4.103863546812477,5,1,775,832
122,DO_R0061,R0061,P36,dropoff,H2,46.0457,4.0688,5,-1,795,840
123,PU_R0062,R0062,P36,pickup,H2,46.0457,4.0688,5,1,875,900
124,DO_R0062,R0062,P36,dropoff,HOME_P36,46.01699374438693,4.103863546812477,5,-1,875,950
125,PU_R0063,R0063,P37,pickup,HOME_P37,46.025873961495726,3.9815196579489585,5,1,735,776
126,DO_R0063,R0063,P37,dropoff,H1,46.0533,4.0727,5,-1,745,790
127,PU_R0064,R0064,P38,pickup,HOME_P38,46.0350951325838,4.031253298265647,5,1,965,1024
128,DO_R0064,R0064,P38,dropoff,H2,46.0457,4.0688,5,-1,985,1030
129,PU_R0065,R0065,P39,pickup,HOME_P39,46.143284936558324,4.172251000808835,5,1,865,917
130,DO_R0065,R0065,P39,dropoff,H1,46.0533,4.0727,5,-1,895,940
131,PU_R0066,R0066,P39,pickup,H1,46.0533,4.0727,5,1,960,995
132,DO_R0066,R0066,P39,dropoff,HOME_P39,46.143284936558324,4.172251000808835,5,-1,960,1055
133,PU_R0067,R0067,P40,pickup,HOME_P40,45.988469534338954,4.032640600301067,5,1,445,486
134,DO_R0067,R0067,P40,dropoff,H3,46.05,4.07,5,-1,455,500
135,PU_R0068,R0068,P40,pickup,H3,46.05,4.07,5,1,765,780
136,DO_R0068,R0068,P40,dropoff,HOME_P40,45.988469534338954,4.032640600301067,5,-1,765,820
137,PU_R0069,R0069,P41,pickup,HOME_P41,46.04925443551658,4.1373011808224085,5,1,465,511
138,DO_R0069,R0069,P41,dropoff,H1,46.0533,4.0727,5,-1,475,520
139,PU_R0070,R0070,P41,pickup,H1,46.0533,4.0727,5,1,760,775
140,DO_R0070,R0070,P41,dropoff,HOME_P41,46.04925443551658,4.1373011808224085,5,-1,760,815
141,PU_R0071,R0071,P42,pickup,HOME_P42,46.055699151854895,4.112643657642682,5,1,425,474
142,DO_R0071,R0071,P42,dropoff,H3,46.05,4.07,5,-1,435,480
143,PU_R0072,R0072,P42,pickup,H3,46.05,4.07,5,1,695,710
144,DO_R0072,R0072,P42,dropoff,HOME_P42,46.055699151854895,4.112643657642682,5,-1,695,750
145,PU_R0073,R0073,P43,pickup,HOME_P43,46.03209352374143,4.166287647582606,5,1,435,476
146,DO_R0073,R0073,P43,dropoff,H3,46.05,4.07,5,-1,445,490
147,PU_R0074,R0074,P43,pickup,H3,46.05,4.07,5,1,760,775
148,DO_R0074,R0074,P43,dropoff,HOME_P43,46.03209352374143,4.166287647582606,5,-1,760,815
149,PU_R0075,R0075,P44,pickup,HOME_P44,46.13205223071556,4.048299829863302,5,1,530,577
150,DO_R0075,R0075,P44,dropoff,H2,46.0457,4.0688,5,-1,550,595
151,PU_R0076,R0076,P44,pickup,H2,46.0457,4.0688,5,1,635,660
152,DO_R0076,R0076,P44,dropoff,HOME_P44,46.13205223071556,4.048299829863302,5,-1,635,710
153,PU_R0077,R0077,P45,pickup,HOME_P45,46.09439291821317,4.031581387899849,5,1,775,819
154,DO_R0077,R0077,P45,dropoff,H2,46.0457,4.0688,5,-1,785,830
155,PU_R0078,R0078,P46,pickup,HOME_P46,45.97845828785142,4.200956528754415,5,1,935,986
156,DO_R0078,R0078,P46,dropoff,H1,46.0533,4.0727,5,-1,965,1010
157,PU_R0079,R0079,P47,pickup,HOME_P47,45.99107358056919,4.007828011335071,5,1,575,624
158,DO_R0079,R0079,P47,dropoff,H1,46.0533,4.0727,5,-1,595,640
159,PU_R0080,R0080,P47,pickup,H1,46.0533,4.0727,5,1,705,730
160,DO_R0080,R0080,P47,dropoff,HOME_P47,45.99107358056919,4.007828011335071,5,-1,705,780
161,PU_R0081,R0081,P48,pickup,HOME_P48,46.04914727118934,4.087494310817734,5,1,530,590
162,DO_R0081,R0081,P48,dropoff,H2,46.0457,4.0688,5,-1,550,595
163,PU_R0082,R0082,P48,pickup,H2,46.0457,4.0688,5,1,625,650
164,DO_R0082,R0082,P48,dropoff,HOME_P48,46.04914727118934,4.087494310817734,5,-1,625,700
165,PU_R0083,R0083,P49,pickup,HOME_P49,46.09009108683197,4.086100079029839,5,1,840,887
166,DO_R0083,R0083,P49,dropoff,H1,46.0533,4.0727,5,-1,850,895
167,PU_R0084,R0084,P50,pickup,HOME_P50,45.98686536209131,4.025427171913239,5,1,600,650
168,DO_R0084,R0084,P50,dropoff,H1,46.0533,4.0727,5,-1,620,665
169,PU_R0085,R0085,P50,pickup,H1,46.0533,4.0727,5,1,730,755
170,DO_R0085,R0085,P50,dropoff,HOME_P50,45.98686536209131,4.025427171913239,5,-1,730,805
171,PU_R0086,R0086,P51,pickup,HOME_P51,46.123577412082724,4.049815022749524,5,1,795,844
172,DO_R0086,R0086,P51,dropoff,H2,46.0457,4.0688,5,-1,815,860
173,PU_R0087,R0087,P51,pickup,H2,46.0457,4.0688,5,1,885,910
174,DO_R0087,R0087,P51,dropoff,HOME_P51,46.123577412082724,4.049815022749524,5,-1,885,960
175,PU_R0088,R0088,P52,pickup,HOME_P52,46.004914429161495,3.977525083342204,5,1,905,963
176,DO_R0088,R0088,P52,dropoff,H1,46.0533,4.0727,5,-1,935,980
177,PU_R0089,R0089,P53,pickup,HOME_P53,46.08223967770032,4.10312952584469,5,1,1010,1057
178,DO_R0089,R0089,P53,dropoff,H1,46.0533,4.0727,5,-1,1020,1065
179,PU_R0090,R0090,P54,pickup,HOME_P54,46.02300261513088,4.147012600901703,5,1,475,518
180,DO_R0090,R0090,P54,dropoff,H1,46.0533,4.0727,5,-1,485,530
181,PU_R0091,R0091,P54,pickup,H1,46.0533,4.0727,5,1,770,785
182,DO_R0091,R0091,P54,dropoff,HOME_P54,46.02300261513088,4.147012600901703,5,-1,770,825
183,PU_R0092,R0092,P55,pickup,HOME_P55,46.115555407440155,4.085357783688979,5,1,460,500
184,DO_R0092,R0092,P55,dropoff,H2,46.0457,4.0688,5,-1,470,515
185,PU_R0093,R0093,P55,pickup,H2,46.0457,4.0688,5,1,735,750
186,DO_R0093,R0093,P55,dropoff,HOME_P55,46.115555407440155,4.085357783688979,5,-1,735,790
187,PU_R0094,R0094,P56,pickup,HOME_P56,46.02611360612827,4.080796364133383,5,1,640,689
188,DO_R0094,R0094,P56,dropoff,H1,46.0533,4.0727,5,-1,650,695
189,PU_R0095,R0095,P56,pickup,H1,46.0533,4.0727,5,1,850,865
190,DO_R0095,R0095,P56,dropoff,HOME_P56,46.02611360612827,4.080796364133383,5,-1,850,905
191,PU_R0096,R0096,P57,pickup,HOME_P57,45.98816752303413,4.096963419284295,5,1,745,787
192,DO_R0096,R0096,P57,dropoff,H2,46.0457,4.0688,5,-1,755,800
193,PU_R0097,R0097,P57,pickup,H2,46.0457,4.0688,5,1,1020,1035
194,DO_R0097,R0097,P57,dropoff,HOME_P57,45.98816752303413,4.096963419284295,5,-1,1020,1075
195,PU_R0098,R0098,P58,pickup,HOME_P58,46.10600802030831,4.1721582934562145,5,1,450,487
196,DO_R0098,R0098,P58,dropoff,H1,46.0533,4.0727,5,-1,460,505
197,PU_R0099,R0099,P58,pickup,H1,46.0533,4.0727,5,1,685,700
198,DO_R0099,R0099,P58,dropoff,HOME_P58,46.10600802030831,4.1721582934562145,5,-1,685,740
199,PU_R0100,R0100,P59,pickup,HOME_P59,46.092484406367845,4.06779380664416,5,1,460,515
200,DO_R0100,R0100,P59,dropoff,H2,46.0457,4.0688,5,-1,480,525
201,PU_R0101,R0101,P59,pickup,H2,46.0457,4.0688,5,1,560,585
202,DO_R0101,R0101,P59,dropoff,HOME_P59,46.092484406367845,4.06779380664416,5,-1,560,635
203,PU_R0102,R0102,P60,pickup,HOME_P60,46.03754401133738,4.184512127108797,5,1,955,1003
204,DO_R0102,R0102,P60,dropoff,H2,46.0457,4.0688,5,-1,975,1020
205,PU_R0103,R0103,P61,pickup,HOME_P61,46.11688720208151,4.155425139688516,5,1,645,682
206,DO_R0103,R0103,P61,dropoff,H1,46.0533,4.0727,5,-1,655,700
207,PU_R0104,R0104,P61,pickup,H1,46.0533,4.0727,5,1,870,885
208,DO_R0104,R0104,P61,dropoff,HOME_P61,46.11688720208151,4.155425139688516,5,-1,870,925
209,PU_R0105,R0105,P62,pickup,HOME_P62,46.07981222596023,4.003425391206452,5,1,480,524
210,DO_R0105,R0105,P62,dropoff,H1,46.0533,4.0727,5,-1,490,535
211,PU_R0106,R0106,P62,pickup,H1,46.0533,4.0727,5,1,775,790
212,DO_R0106,R0106,P62,dropoff,HOME_P62,46.07981222596023,4.003425391206452,5,-1,775,830
213,PU_R0107,R0107,P63,pickup,HOME_P63,46.07889339155846,4.085947274574072,5,1,985,1032
214,DO_R0107,R0107,P63,dropoff,H2,46.0457,4.0688,5,-1,995,1040
215,PU_R0108,R0108,P64,pickup,HOME_P64,46.00024851613287,4.022390972697897,5,1,780,823
216,DO_R0108,R0108,P64,dropoff,H3,46.05,4.07,5,-1,790,835
217,PU_R0109,R0109,P65,pickup,HOME_P65,46.10816785481576,4.018228505642489,5,1,465,506
218,DO_R0109,R0109,P65,dropoff,H1,46.0533,4.0727,5,-1,475,520
219,PU_R0110,R0110,P65,pickup,H1,46.0533,4.0727,5,1,670,685
220,DO_R0110,R0110,P65,dropoff,HOME_P65,46.10816785481576,4.018228505642489,5,-1,670,725
221,PU_R0111,R0111,P66,pickup,HOME_P66,46.13867703001414,4.03787146819058,5,1,930,976
222,DO_R0111,R0111,P66,dropoff,H2,46.0457,4.0688,5,-1,950,995
223,PU_R0112,R0112,P67,pickup,HOME_P67,46.01489426575909,4.20484095883907,5,1,450,495
224,DO_R0112,R0112,P67,dropoff,H2,46.0457,4.0688,5,-1,470,515
225,PU_R0113,R0113,P67,pickup,H2,46.0457,4.0688,5,1,555,580
226,DO_R0113,R0113,P67,dropoff,HOME_P67,46.01489426575909,4.20484095883907,5,-1,555,630
227,PU_R0114,R0114,P68,pickup,HOME_P68,46.038831713197176,4.084171706839693,5,1,440,490
228,DO_R0114,R0114,P68,dropoff,H2,46.0457,4.0688,5,-1,450,495
229,PU_R0115,R0115,P68,pickup,H2,46.0457,4.0688,5,1,725,740
230,DO_R0115,R0115,P68,dropoff,HOME_P68,46.038831713197176,4.084171706839693,5,-1,725,780
231,PU_R0116,R0116,P69,pickup,HOME_P69,46.051444489220216,3.954143148617805,5,1,610,658
232,DO_R0116,R0116,P69,dropoff,H1,46.0533,4.0727,5,-1,630,675
233,PU_R0117,R0117,P69,pickup,H1,46.0533,4.0727,5,1,755,780
234,DO_R0117,R0117,P69,dropoff,HOME_P69,46.051444489220216,3.954143148617805,5,-1,755,830
235,PU_R0118,R0118,P70,pickup,HOME_P70,46.120586088053074,4.093518966341291,5,1,755,796
236,DO_R0118,R0118,P70,dropoff,H1,46.0533,4.0727,5,-1,765,810
237,PU_R0119,R0119,P71,pickup,HOME_P71,46.08996077733571,3.9979232572474857,5,1,440,481
238,DO_R0119,R0119,P71,dropoff,H2,46.0457,4.0688,5,-1,450,495
239,PU_R0120,R0120,P71,pickup,H2,46.0457,4.0688,5,1,715,730
240,DO_R0120,R0120,P71,dropoff,HOME_P71,46.08996077733571,3.9979232572474857,5,-1,715,770
241,PU_R0121,R0121,P72,pickup,HOME_P72,46.073399504956676,4.055558771906625,5,1,610,660
242,DO_R0121,R0121,P72,dropoff,H1,46.0533,4.0727,5,-1,620,665
243,PU_R0122,R0122,P72,pickup,H1,46.0533,4.0727,5,1,840,855
244,DO_R0122,R0122,P72,dropoff,HOME_P72,46.073399504956676,4.055558771906625,5,-1,840,895
245,PU_R0123,R0123,P73,pickup,HOME_P73,45.9731733917003,4.126764479415067,5,1,800,837
246,DO_R0123,R0123,P73,dropoff,H1,46.0533,4.0727,5,-1,810,855
247,PU_R0124,R0124,P73,pickup,H1,46.0533,4.0727,5,1,1010,1025
248,DO_R0124,R0124,P73,dropoff,HOME_P73,45.9731733917003,4.126764479415067,5,-1,1010,1065
249,PU_R0125,R0125,P74,pickup,HOME_P74,46.097872495961084,4.1323579339252525,5,1,735,777
250,DO_R0125,R0125,P74,dropoff,H1,46.0533,4.0727,5,-1,745,790
251,PU_R0126,R0126,P75,pickup,HOME_P75,46.067431449298816,4.110982784913757,5,1,620,679
252,DO_R0126,R0126,P75,dropoff,H1,46.0533,4.0727,5,-1,640,685
253,PU_R0127,R0127,P75,pickup,H1,46.0533,4.0727,5,1,770,795
254,DO_R0127,R0127,P75,dropoff,HOME_P75,46.067431449298816,4.110982784913757,5,-1,770,845
255,PU_R0128,R0128,P76,pickup,HOME_P76,46.10581594701885,4.08214956378659,5,1,755,799
256,DO_R0128,R0128,P76,dropoff,H1,46.0533,4.0727,5,-1,765,810
257,PU_R0129,R0129,P77,pickup,HOME_P77,46.01898181516626,4.058308080219607,5,1,765,812
258,DO_R0129,R0129,P77,dropoff,H1,46.0533,4.0727,5,-1,775,820
259,PU_R0130,R0130,P78,pickup,HOME_P78,46.198702000843234,4.04420291658118,5,1,572,625
260,DO_R0130,R0130,P78,dropoff,H1,46.0533,4.0727,5,-1,610,655
261,PU_R0131,R0131,P78,pickup,H1,46.0533,4.0727,5,1,675,710
262,DO_R0131,R0131,P78,dropoff,HOME_P78,46.198702000843234,4.04420291658118,5,-1,675,778
263,PU_R0132,R0132,P79,pickup,HOME_P79,46.04840898845474,4.120384101808928,5,1,475,532
264,DO_R0132,R0132,P79,dropoff,H2,46.0457,4.0688,5,-1,495,540
265,PU_R0133,R0133,P79,pickup,H2,46.0457,4.0688,5,1,575,600
266,DO_R0133,R0133,P79,dropoff,HOME_P79,46.04840898845474,4.120384101808928,5,-1,575,650
267,PU_R0134,R0134,P80,pickup,HOME_P80,46.11804306114587,4.0007171555584335,5,1,460,498
268,DO_R0134,R0134,P80,dropoff,H1,46.0533,4.0727,5,-1,470,515
269,PU_R0135,R0135,P80,pickup,H1,46.0533,4.0727,5,1,665,680
270,DO_R0135,R0135,P80,dropoff,HOME_P80,46.11804306114587,4.0007171555584335,5,-1,665,720
271,PU_R0136,R0136,P81,pickup,HOME_P81,46.01113273250937,4.142668535955789,5,1,750,792
272,DO_R0136,R0136,P81,dropoff,H1,46.0533,4.0727,5,-1,760,805
273,PU_R0137,R0137,P82,pickup,HOME_P82,46.05492514311386,3.995224067736621,5,1,790,844
274,DO_R0137,R0137,P82,dropoff,H1,46.0533,4.0727,5,-1,810,855
275,PU_R0138,R0138,P82,pickup,H1,46.0533,4.0727,5,1,975,1000
276,DO_R0138,R0138,P82,dropoff,HOME_P82,46.05492514311386,3.995224067736621,5,-1,975,1050
277,PU_R0139,R0139,P83,pickup,HOME_P83,46.06334353211886,4.153886876809052,5,1,445,488
278,DO_R0139,R0139,P83,dropoff,H1,46.0533,4.0727,5,-1,455,500
279,PU_R0140,R0140,P83,pickup,H1,46.0533,4.0727,5,1,740,755
280,DO_R0140,R0140,P83,dropoff,HOME_P83,46.06334353211886,4.153886876809052,5,-1,740,795
281,PU_R0141,R0141,P84,pickup,HOME_P84,46.11681687963877,4.028565932161684,5,1,465,505
282,DO_R0141,R0141,P84,dropoff,H1,46.0533,4.0727,5,-1,475,520
283,PU_R0142,R0142,P84,pickup,H1,46.0533,4.0727,5,1,760,775
284,DO_R0142,R0142,P84,dropoff,HOME_P84,46.11681687963877,4.028565932161684,5,-1,760,815
285,PU_R0143,R0143,P85,pickup,HOME_P85,46.00307558315827,4.116171452046672,5,1,755,798
286,DO_R0143,R0143,P85,dropoff,H1,46.0533,4.0727,5,-1,765,810
287,PU_R0144,R0144,P86,pickup,HOME_P86,45.97956412248035,3.9877287077655836,5,1,450,496
288,DO_R0144,R0144,P86,dropoff,H1,46.0533,4.0727,5,-1,470,515
289,PU_R0145,R0145,P86,pickup,H1,46.0533,4.0727,5,1,585,610
290,DO_R0145,R0145,P86,dropoff,HOME_P86,45.97956412248035,3.9877287077655836,5,-1,585,660
291,PU_R0146,R0146,P87,pickup,HOME_P87,46.06980901220209,4.17067425566397,5,1,1000,1041
292,DO_R0146,R0146,P87,dropoff,H1,46.0533,4.0727,5,-1,1010,1055
293,PU_R0147,R0147,P88,pickup,HOME_P88,46.06352135258145,3.9958686047269523,5,1,465,509
294,DO_R0147,R0147,P88,dropoff,H1,46.0533,4.0727,5,-1,475,520
295,PU_R0148,R0148,P88,pickup,H1,46.0533,4.0727,5,1,760,775
296,DO_R0148,R0148,P88,dropoff,HOME_P88,46.06352135258145,3.9958686047269523,5,-1,760,815
297,PU_R0149,R0149,P89,pickup,HOME_P89,45.96146529245256,3.95155466930382,5,1,570,620
298,DO_R0149,R0149,P89,dropoff,H1,46.0533,4.0727,5,-1,600,645
299,PU_R0150,R0150,P90,pickup,HOME_P90,46.02008643273818,3.9757616235489692,5,1,520,570
300,DO_R0150,R0150,P90,dropoff,H1,46.0533,4.0727,5,-1,540,585
301,PU_R0151,R0151,P90,pickup,H1,46.0533,4.0727,5,1,690,715
302,DO_R0151,R0151,P90,dropoff,HOME_P90,46.02008643273818,3.9757616235489692,5,-1,690,765
303,PU_R0152,R0152,P91,pickup,HOME_P91,46.04237664974679,4.130328028360947,5,1,430,476
304,DO_R0152,R0152,P91,dropoff,H1,46.0533,4.0727,5,-1,440,485
305,PU_R0153,R0153,P91,pickup,H1,46.0533,4.0727,5,1,725,740
306,DO_R0153,R0153,P91,dropoff,HOME_P91,46.04237664974679,4.130328028360947,5,-1,725,780
307,PU_R0154,R0154,P92,pickup,HOME_P92,45.977288769661975,4.1391383851322985,5,1,485,533
308,DO_R0154,R0154,P92,dropoff,H2,46.0457,4.0688,5,-1,505,550
309,PU_R0155,R0155,P92,pickup,H2,46.0457,4.0688,5,1,590,615
310,DO_R0155,R0155,P92,dropoff,HOME_P92,45.977288769661975,4.1391383851322985,5,-1,590,665
311,PU_R0156,R0156,P93,pickup,HOME_P93,46.03867790579117,4.1493697661062665,5,1,460,503
312,DO_R0156,R0156,P93,dropoff,H3,46.05,4.07,5,-1,470,515
313,PU_R0157,R0157,P93,pickup,H3,46.05,4.07,5,1,745,760
314,DO_R0157,R0157,P93,dropoff,HOME_P93,46.03867790579117,4.1493697661062665,5,-1,745,800
315,PU_R0158,R0158,P94,pickup,HOME_P94,46.03776279226035,4.040352540956497,5,1,590,649
316,DO_R0158,R0158,P94,dropoff,H1,46.0533,4.0727,5,-1,610,655
317,PU_R0159,R0159,P94,pickup,H1,46.0533,4.0727,5,1,725,750
318,DO_R0159,R0159,P94,dropoff,HOME_P94,46.03776279226035,4.040352540956497,5,-1,725,800
319,PU_R0160,R0160,P95,pickup,HOME_P95,45.94940904862677,4.1230409672388175,5,1,975,1019
320,DO_R0160,R0160,P95,dropoff,H2,46.0457,4.0688,5,-1,995,1040
321,PU_R0161,R0161,P96,pickup,HOME_P96,46.10202542664614,4.156558094695601,5,1,455,494
322,DO_R0161,R0161,P96,dropoff,H1,46.0533,4.0727,5,-1,465,510
323,PU_R0162,R0162,P96,pickup,H1,46.0533,4.0727,5,1,660,675
324,DO_R0162,R0162,P96,dropoff,HOME_P96,46.10202542664614,4.156558094695601,5,-1,660,715
325,PU_R0163,R0163,P97,pickup,HOME_P97,46.04594830560982,4.0251145162074655,5,1,475,523
326,DO_R0163,R0163,P97,dropoff,H2,46.0457,4.0688,5,-1,485,530
327,PU_R0164,R0164,P97,pickup,H2,46.0457,4.0688,5,1,795,810
328,DO_R0164,R0164,P97,dropoff,HOME_P97,46.04594830560982,4.0251145162074655,5,-1,795,850
329,PU_R0165,R0165,P98,pickup,HOME_P98,45.952062595011476,4.044730803185268,5,1,490,536
330,DO_R0165,R0165,P98,dropoff,H2,46.0457,4.0688,5,-1,510,555
331,PU_R0166,R0166,P98,pickup,H2,46.0457,4.0688,5,1,595,620
332,DO_R0166,R0166,P98,dropoff,HOME_P98,45.952062595011476,4.044730803185268,5,-1,595,670
333,PU_R0167,R0167,P99,pickup,HOME_P99,46.0209764624361,4.080990984583225,5,1,740,788
334,DO_R0167,R0167,P99,dropoff,H1,46.0533,4.0727,5,-1,750,795
335,PU_R0168,R0168,P100,pickup,HOME_P100,46.02194995292187,4.025892799231969,5,1,725,771
336,DO_R0168,R0168,P100,dropoff,H1,46.0533,4.0727,5,-1,735,780
337,PU_R0169,R0169,P100,pickup,H1,46.0533,4.0727,5,1,1020,1035
338,DO_R0169,R0169,P100,dropoff,HOME_P100,46.02194995292187,4.025892799231969,5,-1,1020,1075
339,PU_R0170,R0170,P101,pickup,HOME_P101,46.042623288373974,4.074298300419468,5,1,735,785
340,DO_R0170,R0170,P101,dropoff,H1,46.0533,4.0727,5,-1,745,790
341,PU_R0171,R0171,P102,pickup,HOME_P102,46.02534926250342,4.0789040725053125,5,1,460,509
342,DO_R0171,R0171,P102,dropoff,H3,46.05,4.07,5,-1,470,515
343,PU_R0172,R0172,P102,pickup,H3,46.05,4.07,5,1,775,790
344,DO_R0172,R0172,P102,dropoff,HOME_P102,46.02534926250342,4.0789040725053125,5,-1,775,830
345,PU_R0173,R0173,P103,pickup,HOME_P103,46.01710235663695,3.9812154943507276,5,1,460,510
346,DO_R0173,R0173,P103,dropoff,H1,46.0533,4.0727,5,-1,480,525
347,PU_R0174,R0174,P103,pickup,H1,46.0533,4.0727,5,1,605,630
348,DO_R0174,R0174,P103,dropoff,HOME_P103,46.01710235663695,3.9812154943507276,5,-1,605,680
349,PU_R0175,R0175,P104,pickup,HOME_P104,46.1151611315087,4.020429929750682,5,1,495,544
350,DO_R0175,R0175,P104,dropoff,H2,46.0457,4.0688,5,-1,515,560
351,PU_R0176,R0176,P104,pickup,H2,46.0457,4.0688,5,1,585,610
352,DO_R0176,R0176,P104,dropoff,HOME_P104,46.1151611315087,4.020429929750682,5,-1,585,660
353,PU_R0177,R0177,P105,pickup,HOME_P105,46.01299213996382,4.106554258523149,5,1,450,496
354,DO_R0177,R0177,P105,dropoff,H3,46.05,4.07,5,-1,460,505
355,PU_R0178,R0178,P105,pickup,H3,46.05,4.07,5,1,730,745
356,DO_R0178,R0178,P105,dropoff,HOME_P105,46.01299213996382,4.106554258523149,5,-1,730,785
357,PU_R0179,R0179,P106,pickup,HOME_P106,46.14308404323015,4.119430642986425,5,1,470,516
358,DO_R0179,R0179,P106,dropoff,H1,46.0533,4.0727,5,-1,490,535
359,PU_R0180,R0180,P106,pickup,H1,46.0533,4.0727,5,1,620,645
360,DO_R0180,R0180,P106,dropoff,HOME_P106,46.14308404323015,4.119430642986425,5,-1,620,695
361,PU_R0181,R0181,P107,pickup,HOME_P107,46.08985180481272,4.099163543253101,5,1,760,805
362,DO_R0181,R0181,P107,dropoff,H2,46.0457,4.0688,5,-1,770,815
363,PU_R0182,R0182,P108,pickup,HOME_P108,46.05147577029476,4.126325418946589,5,1,480,527
364,DO_R0182,R0182,P108,dropoff,H3,46.05,4.07,5,-1,490,535
365,PU_R0183,R0183,P108,pickup,H3,46.05,4.07,5,1,750,765
366,DO_R0183,R0183,P108,dropoff,HOME_P108,46.05147577029476,4.126325418946589,5,-1,750,805
367,PU_R0184,R0184,P109,pickup,HOME_P109,46.0526350733728,3.9729084814711095,5,1,590,641
368,DO_R0184,R0184,P109,dropoff,H1,46.0533,4.0727,5,-1,610,655
369,PU_R0185,R0185,P109,pickup,H1,46.0533,4.0727,5,1,765,790
370,DO_R0185,R0185,P109,dropoff,HOME_P109,46.0526350733728,3.9729084814711095,5,-1,765,840
371,PU_R0186,R0186,P110,pickup,HOME_P110,46.01380805923432,4.0021011269793,5,1,460,502
372,DO_R0186,R0186,P110,dropoff,H1,46.0533,4.0727,5,-1,470,515
373,PU_R0187,R0187,P110,pickup,H1,46.0533,4.0727,5,1,755,770
374,DO_R0187,R0187,P110,dropoff,HOME_P110,46.01380805923432,4.0021011269793,5,-1,755,810
375,PU_R0188,R0188,P111,pickup,HOME_P111,46.027219136303124,4.09603740789057,5,1,445,494
376,DO_R0188,R0188,P111,dropoff,H3,46.05,4.07,5,-1,455,500
377,PU_R0189,R0189,P111,pickup,H3,46.05,4.07,5,1,760,775
378,DO_R0189,R0189,P111,dropoff,HOME_P111,46.027219136303124,4.09603740789057,5,-1,760,815
379,PU_R0190,R0190,P112,pickup,HOME_P112,46.09537487451044,4.106241358592774,5,1,760,803
380,DO_R0190,R0190,P112,dropoff,H2,46.0457,4.0688,5,-1,770,815
381,PU_R0191,R0191,P113,pickup,HOME_P113,46.04881497073875,3.8865748816311845,5,1,688,739
382,DO_R0191,R0191,P113,dropoff,H1,46.0533,4.0727,5,-1,720,765
383,PU_R0192,R0192,P113,pickup,H1,46.0533,4.0727,5,1,790,825
384,DO_R0192,R0192,P113,dropoff,HOME_P113,46.04881497073875,3.8865748816311845,5,-1,790,887
385,PU_R0193,R0193,P114,pickup,HOME_P114,46.04377689997331,3.947363239285378,5,1,515,563
386,DO_R0193,R0193,P114,dropoff,H2,46.0457,4.0688,5,-1,535,580
387,PU_R0194,R0194,P114,pickup,H2,46.0457,4.0688,5,1,605,630
388,DO_R0194,R0194,P114,dropoff,HOME_P114,46.04377689997331,3.947363239285378,5,-1,605,680
389,PU_R0195,R0195,P115,pickup,HOME_P115,46.07194033872319,3.958523490962523,5,1,500,548
390,DO_R0195,R0195,P115,dropoff,H1,46.0533,4.0727,5,-1,520,565
391,PU_R0196,R0196,P115,pickup,H1,46.0533,4.0727,5,1,670,695
392,DO_R0196,R0196,P115,dropoff,HOME_P115,46.07194033872319,3.958523490962523,5,-1,670,745
393,PU_R0197,R0197,P116,pickup,HOME_P116,45.99792675880815,4.177378000946195,5,1,515,561
394,DO_R0197,R0197,P116,dropoff,H1,46.0533,4.0727,5,-1,535,580
395,PU_R0198,R0198,P116,pickup,H1,46.0533,4.0727,5,1,665,690
396,DO_R0198,R0198,P116,dropoff,HOME_P116,45.99792675880815,4.177378000946195,5,-1,665,740
397,PU_R0199,R0199,P117,pickup,HOME_P117,46.098142349270205,4.031138140882496,5,1,630,684
398,DO_R0199,R0199,P117,dropoff,H1,46.0533,4.0727,5,-1,650,695
399,PU_R0200,R0200,P117,pickup,H1,46.0533,4.0727,5,1,795,820
400,DO_R0200,R0200,P117,dropoff,HOME_P117,46.098142349270205,4.031138140882496,5,-1,795,870
401,PU_R0201,R0201,P118,pickup,HOME_P118,46.08606658970857,4.030000806413542,5,1,780,825
402,DO_R0201,R0201,P118,dropoff,H2,46.0457,4.0688,5,-1,790,835
403,PU_R0202,R0202,P119,pickup,HOME_P119,46.10032365737748,4.028502958346436,5,1,445,488
404,DO_R0202,R0202,P119,dropoff,H1,46.0533,4.0727,5,-1,455,500
405,PU_R0203,R0203,P119,pickup,H1,46.0533,4.0727,5,1,740,755
406,DO_R0203,R0203,P119,dropoff,HOME_P119,46.10032365737748,4.028502958346436,5,-1,740,795
407,PU_R0204,R0204,P120,pickup,HOME_P120,45.96376760377904,3.9703405109590677,5,1,645,688
408,DO_R0204,R0204,P120,dropoff,H2,46.0457,4.0688,5,-1,665,710
409,PU_R0205,R0205,P120,pickup,H2,46.0457,4.0688,5,1,735,760
410,DO_R0205,R0205,P120,dropoff,HOME_P120,45.96376760377904,3.9703405109590677,5,-1,735,810
411,PU_R0206,R0206,P121,pickup,HOME_P121,46.08817595992996,4.124093741891164,5,1,440,485
412,DO_R0206,R0206,P121,dropoff,H1,46.0533,4.0727,5,-1,450,495
413,PU_R0207,R0207,P121,pickup,H1,46.0533,4.0727,5,1,735,750
414,DO_R0207,R0207,P121,dropoff,HOME_P121,46.08817595992996,4.124093741891164,5,-1,735,790
415,PU_R0208,R0208,P122,pickup,HOME_P122,46.08249301331081,4.132660499074751,5,1,875,918
416,DO_R0208,R0208,P122,dropoff,H2,46.0457,4.0688,5,-1,885,930
417,PU_R0209,R0209,P122,pickup,H2,46.0457,4.0688,5,1,990,1005
418,DO_R0209,R0209,P122,dropoff,HOME_P122,46.08249301331081,4.132660499074751,5,-1,990,1045
419,PU_R0210,R0210,P123,pickup,HOME_P123,45.99256703125252,4.036726193756003,5,1,740,782
420,DO_R0210,R0210,P123,dropoff,H3,46.05,4.07,5,-1,750,795
421,PU_R0211,R0211,P124,pickup,HOME_P124,45.9637764371461,4.089076326121338,5,1,490,537
422,DO_R0211,R0211,P124,dropoff,H1,46.0533,4.0727,5,-1,510,555
423,PU_R0212,R0212,P124,pickup,H1,46.0533,4.0727,5,1,625,650
424,DO_R0212,R0212,P124,dropoff,HOME_P124,45.9637764371461,4.089076326121338,5,-1,625,700
425,PU_R0213,R0213,P125,pickup,HOME_P125,46.05677438426655,4.035771086904818,5,1,530,589
426,DO_R0213,R0213,P125,dropoff,H1,46.0533,4.0727,5,-1,550,595
427,PU_R0214,R0214,P126,pickup,HOME_P126,46.09067870553267,4.083132648264452,5,1,460,515
428,DO_R0214,R0214,P126,dropoff,H2,46.0457,4.0688,5,-1,480,525
429,PU_R0215,R0215,P126,pickup,H2,46.0457,4.0688,5,1,560,585
430,DO_R0215,R0215,P126,dropoff,HOME_P126,46.09067870553267,4.083132648264452,5,-1,560,635
431,PU_R0216,R0216,P127,pickup,HOME_P127,46.085693874606775,4.102612820744561,5,1,755,800
432,DO_R0216,R0216,P127,dropoff,H2,46.0457,4.0688,5,-1,765,810
433,PU_R0217,R0217,P128,pickup,HOME_P128,46.12054090660268,4.023053475960809,5,1,450,489
434,DO_R0217,R0217,P128,dropoff,H1,46.0533,4.0727,5,-1,460,505
435,PU_R0218,R0218,P128,pickup,H1,46.0533,4.0727,5,1,670,685
436,DO_R0218,R0218,P128,dropoff,HOME_P128,46.12054090660268,4.023053475960809,5,-1,670,725
437,PU_R0219,R0219,P129,pickup,HOME_P129,46.0591374345714,3.981371813195325,5,1,880,922
438,DO_R0219,R0219,P129,dropoff,H2,46.0457,4.0688,5,-1,890,935
439,PU_R0220,R0220,P130,pickup,HOME_P130,46.15073546114866,4.02798792572426,5,1,790,834
440,DO_R0220,R0220,P130,dropoff,H1,46.0533,4.0727,5,-1,810,855
441,PU_R0221,R0221,P130,pickup,H1,46.0533,4.0727,5,1,970,995
442,DO_R0221,R0221,P130,dropoff,HOME_P130,46.15073546114866,4.02798792572426,5,-1,970,1045
443,PU_R0222,R0222,P131,pickup,HOME_P131,46.08688268887177,4.137801677796592,5,1,500,553
444,DO_R0222,R0222,P131,dropoff,H1,46.0533,4.0727,5,-1,520,565
445,PU_R0223,R0223,P131,pickup,H1,46.0533,4.0727,5,1,655,680
446,DO_R0223,R0223,P131,dropoff,HOME_P131,46.08688268887177,4.137801677796592,5,-1,655,730
447,PU_R0224,R0224,P132,pickup,HOME_P132,46.02289981053242,4.058267998771679,5,1,750,799
448,DO_R0224,R0224,P132,dropoff,H3,46.05,4.07,5,-1,760,805
449,PU_R0225,R0225,P133,pickup,HOME_P133,46.02914200572363,3.996203673022179,5,1,470,513
450,DO_R0225,R0225,P133,dropoff,H1,46.0533,4.0727,5,-1,480,525
451,PU_R0226,R0226,P133,pickup,H1,46.0533,4.0727,5,1,765,780
452,DO_R0226,R0226,P133,dropoff,HOME_P133,46.02914200572363,3.996203673022179,5,-1,765,820
453,PU_R0227,R0227,P134,pickup,HOME_P134,46.03657588194879,3.9188777319287538,5,1,565,609
454,DO_R0227,R0227,P134,dropoff,H2,46.0457,4.0688,5,-1,585,630
455,PU_R0228,R0228,P134,pickup,H2,46.0457,4.0688,5,1,655,680
456,DO_R0228,R0228,P134,dropoff,HOME_P134,46.03657588194879,3.9188777319287538,5,-1,655,730
457,PU_R0229,R0229,P135,pickup,HOME_P135,46.10077955015708,4.122785377542767,5,1,460,503
458,DO_R0229,R0229,P135,dropoff,H1,46.0533,4.0727,5,-1,470,515
459,PU_R0230,R0230,P135,pickup,H1,46.0533,4.0727,5,1,755,770
460,DO_R0230,R0230,P135,dropoff,HOME_P135,46.10077955015708,4.122785377542767,5,-1,755,810
461,PU_R0231,R0231,P136,pickup,HOME_P136,46.02963251335004,4.167252105967854,5,1,440,481
462,DO_R0231,R0231,P136,dropoff,H1,46.0533,4.0727,5,-1,450,495
463,PU_R0232,R0232,P136,pickup,H1,46.0533,4.0727,5,1,735,750
464,DO_R0232,R0232,P136,dropoff,HOME_P136,46.02963251335004,4.167252105967854,5,-1,735,790
465,PU_R0233,R0233,P137,pickup,HOME_P137,46.0648258851945,4.1730941410655245,5,1,845,895
466,DO_R0233,R0233,P137,dropoff,H2,46.0457,4.0688,5,-1,865,910
467,PU_R0234,R0234,P137,pickup,H2,46.0457,4.0688,5,1,945,970
468,DO_R0234,R0234,P137,dropoff,HOME_P137,46.0648258851945,4.1730941410655245,5,-1,945,1020
469,PU_R0235,R0235,P138,pickup,HOME_P138,45.99952356585264,4.034654296609096,5,1,455,498
470,DO_R0235,R0235,P138,dropoff,H1,46.0533,4.0727,5,-1,465,510
471,PU_R0236,R0236,P138,pickup,H1,46.0533,4.0727,5,1,750,765
472,DO_R0236,R0236,P138,dropoff,HOME_P138,45.99952356585264,4.034654296609096,5,-1,750,805
473,PU_R0237,R0237,P139,pickup,HOME_P139,45.91309672160694,3.9968642405914676,5,1,536,590
474,DO_R0237,R0237,P139,dropoff,H1,46.0533,4.0727,5,-1,575,620
475,PU_R0238,R0238,P139,pickup,H1,46.0533,4.0727,5,1,650,685
476,DO_R0238,R0238,P139,dropoff,HOME_P139,45.91309672160694,3.9968642405914676,5,-1,650,754
477,PU_R0239,R0239,P140,pickup,HOME_P140,46.05585154588571,3.9726950025772534,5,1,510,561
478,DO_R0239,R0239,P140,dropoff,H2,46.0457,4.0688,5,-1,530,575
479,PU_R0240,R0240,P140,pickup,H2,46.0457,4.0688,5,1,600,625
480,DO_R0240,R0240,P140,dropoff,HOME_P140,46.05585154588571,3.9726950025772534,5,-1,600,675
481,PU_R0241,R0241,P141,pickup,HOME_P141,46.035005712332605,4.093844510655523,5,1,745,795
482,DO_R0241,R0241,P141,dropoff,H1,46.0533,4.0727,5,-1,755,800
483,PU_R0242,R0242,P142,pickup,HOME_P142,46.06695413270739,3.958431326423697,5,1,850,899
484,DO_R0242,R0242,P142,dropoff,H1,46.0533,4.0727,5,-1,870,915
485,PU_R0243,R0243,P142,pickup,H1,46.0533,4.0727,5,1,985,1010
486,DO_R0243,R0243,P142,dropoff,HOME_P142,46.06695413270739,3.958431326423697,5,-1,985,1060
487,PU_R0244,R0244,P143,pickup,HOME_P143,46.04103386460478,4.104336985041076,5,1,990,1040
488,DO_R0244,R0244,P143,dropoff,H1,46.0533,4.0727,5,-1,1000,1045
489,PU_R0245,R0245,P144,pickup,HOME_P144,46.11817443368071,3.9995346990177367,5,1,600,658
490,DO_R0245,R0245,P144,dropoff,H1,46.0533,4.0727,5,-1,630,675
491,PU_R0246,R0246,P144,pickup,H1,46.0533,4.0727,5,1,695,730
492,DO_R0246,R0246,P144,dropoff,HOME_P144,46.11817443368071,3.9995346990177367,5,-1,695,790
493,PU_R0247,R0247,P145,pickup,HOME_P145,46.02114989606935,4.016585302361539,5,1,785,829
494,DO_R0247,R0247,P145,dropoff,H1,46.0533,4.0727,5,-1,795,840
495,PU_R0248,R0248,P145,pickup,H1,46.0533,4.0727,5,1,1015,1030
496,DO_R0248,R0248,P145,dropoff,HOME_P145,46.02114989606935,4.016585302361539,5,-1,1015,1070
497,PU_R0249,R0249,P146,pickup,HOME_P146,46.08702237723851,4.133300705873166,5,1,750,794
498,DO_R0249,R0249,P146,dropoff,H1,46.0533,4.0727,5,-1,760,805
499,PU_R0250,R0250,P147,pickup,HOME_P147,45.94931758992287,3.9885419723085485,5,1,520,571
500,DO_R0250,R0250,P147,dropoff,H1,46.0533,4.0727,5,-1,550,595
501,PU_R0251,R0251,P147,pickup,H1,46.0533,4.0727,5,1,615,650
502,DO_R0251,R0251,P147,dropoff,HOME_P147,45.94931758992287,3.9885419723085485,5,-1,615,710
503,PU_R0252,R0252,P148,pickup,HOME_P148,45.99285126046358,4.1202744680385175,5,1,455,496
504,DO_R0252,R0252,P148,dropoff,H3,46.05,4.07,5,-1,465,510
505,PU_R0253,R0253,P148,pickup,H3,46.05,4.07,5,1,775,790
506,DO_R0253,R0253,P148,dropoff,HOME_P148,45.99285126046358,4.1202744680385175,5,-1,775,830
507,PU_R0254,R0254,P149,pickup,HOME_P149,45.947435122783546,4.046107359472095,5,1,630,673
508,DO_R0254,R0254,P149,dropoff,H1,46.0533,4.0727,5,-1,650,695
509,PU_R0255,R0255,P149,pickup,H1,46.0533,4.0727,5,1,810,835
510,DO_R0255,R0255,P149,dropoff,HOME_P149,45.947435122783546,4.046107359472095,5,-1,810,885
511,PU_R0256,R0256,P150,pickup,HOME_P150,46.022564092460776,4.138956961726306,5,1,970,1024
512,DO_R0256,R0256,P150,dropoff,H2,46.0457,4.0688,5,-1,990,1035
513,PU_R0257,R0257,P151,pickup,HOME_P151,45.99788818555916,4.108890797516745,5,1,1000,1042
514,DO_R0257,R0257,P151,dropoff,H1,46.0533,4.0727,5,-1,1010,1055
515,PU_R0258,R0258,P152,pickup,HOME_P152,46.06420467706185,4.017981342927397,5,1,455,512
516,DO_R0258,R0258,P152,dropoff,H2,46.0457,4.0688,5,-1,475,520
517,PU_R0259,R0259,P152,pickup,H2,46.0457,4.0688,5,1,550,575
518,DO_R0259,R0259,P152,dropoff,HOME_P152,46.06420467706185,4.017981342927397,5,-1,550,625
519,PU_R0260,R0260,P153,pickup,HOME_P153,46.05316981500782,4.072363820469728,5,1,730,780
520,DO_R0260,R0260,P153,dropoff,H2,46.0457,4.0688,5,-1,740,785
521,PU_R0261,R0261,P154,pickup,HOME_P154,46.12652922477426,4.003652185565039,5,1,820,867
522,DO_R0261,R0261,P154,dropoff,H1,46.0533,4.0727,5,-1,840,885
523,PU_R0262,R0262,P154,pickup,H1,46.0533,4.0727,5,1,1005,1030
524,DO_R0262,R0262,P154,dropoff,HOME_P154,46.12652922477426,4.003652185565039,5,-1,1005,1080
525,PU_R0263,R0263,P155,pickup,HOME_P155,45.98213466327969,4.08662212348712,5,1,725,766
526,DO_R0263,R0263,P155,dropoff,H3,46.05,4.07,5,-1,735,780
527,PU_R0264,R0264,P155,pickup,H3,46.05,4.07,5,1,1000,1015
528,DO_R0264,R0264,P155,dropoff,HOME_P155,45.98213466327969,4.08662212348712,5,-1,1000,1055
529,PU_R0265,R0265,P156,pickup,HOME_P156,46.04846139404898,4.124408702504655,5,1,1015,1062
530,DO_R0265,R0265,P156,dropoff,H3,46.05,4.07,5,-1,1025,1070
531,PU_R0266,R0266,P157,pickup,HOME_P157,46.00554095497132,4.039918449784946,5,1,585,641
532,DO_R0266,R0266,P157,dropoff,H2,46.0457,4.0688,5,-1,605,650
533,PU_R0267,R0267,P157,pickup,H2,46.0457,4.0688,5,1,680,705
534,DO_R0267,R0267,P157,dropoff,HOME_P157,46.00554095497132,4.039918449784946,5,-1,680,755
535,PU_R0268,R0268,P158,pickup,HOME_P158,45.95467583218082,3.9946681283739,5,1,650,694
536,DO_R0268,R0268,P158,dropoff,H2,46.0457,4.0688,5,-1,670,715
537,PU_R0269,R0269,P158,pickup,H2,46.0457,4.0688,5,1,740,765
538,DO_R0269,R0269,P158,dropoff,HOME_P158,45.95467583218082,3.9946681283739,5,-1,740,815
539,PU_R0270,R0270,P159,pickup,HOME_P159,45.980328661080975,4.042362786927332,5,1,475,524
540,DO_R0270,R0270,P159,dropoff,H1,46.0533,4.0727,5,-1,495,540
541,PU_R0271,R0271,P159,pickup,H1,46.0533,4.0727,5,1,635,660
542,DO_R0271,R0271,P159,dropoff,HOME_P159,45.980328661080975,4.042362786927332,5,-1,635,710
543,PU_R0272,R0272,P160,pickup,HOME_P160,46.051321352462985,4.0865125384081304,5,1,965,1015
544,DO_R0272,R0272,P160,dropoff,H1,46.0533,4.0727,5,-1,975,1020
545,PU_R0273,R0273,P161,pickup,HOME_P161,46.070121745268295,4.108256366909901,5,1,730,777
546,DO_R0273,R0273,P161,dropoff,H2,46.0457,4.0688,5,-1,740,785
547,PU_R0274,R0274,P161,pickup,H2,46.0457,4.0688,5,1,1025,1040
548,DO_R0274,R0274,P161,dropoff,HOME_P161,46.070121745268295,4.108256366909901,5,-1,1025,1080
549,PU_R0275,R0275,P162,pickup,HOME_P162,46.06385037201252,4.149131148894854,5,1,580,634
550,DO_R0275,R0275,P162,dropoff,H1,46.0533,4.0727,5,-1,600,645
551,PU_R0276,R0276,P162,pickup,H1,46.0533,4.0727,5,1,745,770
552,DO_R0276,R0276,P162,dropoff,HOME_P162,46.06385037201252,4.149131148894854,5,-1,745,820
553,PU_R0277,R0277,P163,pickup,HOME_P163,45.99868246883082,4.074058764369719,5,1,465,509
554,DO_R0277,R0277,P163,dropoff,H3,46.05,4.07,5,-1,475,520
555,PU_R0278,R0278,P163,pickup,H3,46.05,4.07,5,1,735,750
556,DO_R0278,R0278,P163,dropoff,HOME_P163,45.99868246883082,4.074058764369719,5,-1,735,790
557,PU_R0279,R0279,P164,pickup,HOME_P164,46.01858634574772,4.097259581442337,5,1,475,522
558,DO_R0279,R0279,P164,dropoff,H1,46.0533,4.0727,5,-1,485,530
559,PU_R0280,R0280,P164,pickup,H1,46.0533,4.0727,5,1,770,785
560,DO_R0280,R0280,P164,dropoff,HOME_P164,46.01858634574772,4.097259581442337,5,-1,770,825
561,PU_R0281,R0281,P165,pickup,HOME_P165,46.039671485053326,4.136944314714396,5,1,635,680
562,DO_R0281,R0281,P165,dropoff,H1,46.0533,4.0727,5,-1,645,690
563,PU_R0282,R0282,P165,pickup,H1,46.0533,4.0727,5,1,840,855
564,DO_R0282,R0282,P165,dropoff,HOME_P165,46.039671485053326,4.136944314714396,5,-1,840,895
565,PU_R0283,R0283,P166,pickup,HOME_P166,46.036306456089655,4.20384299878522,5,1,560,616
566,DO_R0283,R0283,P166,dropoff,H1,46.0533,4.0727,5,-1,590,635
567,PU_R0284,R0284,P166,pickup,H1,46.0533,4.0727,5,1,665,700
568,DO_R0284,R0284,P166,dropoff,HOME_P166,46.036306456089655,4.20384299878522,5,-1,665,760
569,PU_R0285,R0285,P167,pickup,HOME_P167,45.998984915299566,4.001191511053746,5,1,440,481
570,DO_R0285,R0285,P167,dropoff,H3,46.05,4.07,5,-1,450,495
571,PU_R0286,R0286,P167,pickup,H3,46.05,4.07,5,1,705,720
572,DO_R0286,R0286,P167,dropoff,HOME_P167,45.998984915299566,4.001191511053746,5,-1,705,760
573,PU_R0287,R0287,P168,pickup,HOME_P168,46.11216002528653,4.097147116607452,5,1,735,776
574,DO_R0287,R0287,P168,dropoff,H2,46.0457,4.0688,5,-1,745,790
575,PU_R0288,R0288,P168,pickup,H2,46.0457,4.0688,5,1,1015,1030
576,DO_R0288,R0288,P168,dropoff,HOME_P168,46.11216002528653,4.097147116607452,5,-1,1015,1070
577,PU_R0289,R0289,P169,pickup,HOME_P169,46.05304722619148,3.937928675685677,5,1,970,1016
578,DO_R0289,R0289,P169,dropoff,H1,46.0533,4.0727,5,-1,990,1035
579,PU_R0290,R0290,P170,pickup,HOME_P170,46.01949715229569,4.145374478498145,5,1,470,513
580,DO_R0290,R0290,P170,dropoff,H2,46.0457,4.0688,5,-1,480,525
581,PU_R0291,R0291,P170,pickup,H2,46.0457,4.0688,5,1,775,790
582,DO_R0291,R0291,P170,dropoff,HOME_P170,46.01949715229569,4.145374478498145,5,-1,775,830
583,PU_R0292,R0292,P171,pickup,HOME_P171,46.02698695005871,4.047009266651193,5,1,730,780
584,DO_R0292,R0292,P171,dropoff,H2,46.0457,4.0688,5,-1,740,785
585,PU_R0293,R0293,P171,pickup,H2,46.0457,4.0688,5,1,1025,1040
586,DO_R0293,R0293,P171,dropoff,HOME_P171,46.02698695005871,4.047009266651193,5,-1,1025,1080
587,PU_R0294,R0294,P172,pickup,HOME_P172,45.998778106519495,3.9853775773039697,5,1,635,683
588,DO_R0294,R0294,P172,dropoff,H1,46.0533,4.0727,5,-1,655,700
589,PU_R0295,R0295,P172,pickup,H1,46.0533,4.0727,5,1,760,785
590,DO_R0295,R0295,P172,dropoff,HOME_P172,45.998778106519495,3.9853775773039697,5,-1,760,835
591,PU_R0296,R0296,P173,pickup,HOME_P173,46.0543164749799,4.193520878437619,5,1,505,553
592,DO_R0296,R0296,P173,dropoff,H1,46.0533,4.0727,5,-1,525,570
593,PU_R0297,R0297,P173,pickup,H1,46.0533,4.0727,5,1,630,655
594,DO_R0297,R0297,P173,dropoff,HOME_P173,46.0543164749799,4.193520878437619,5,-1,630,705
595,PU_R0298,R0298,P174,pickup,HOME_P174,46.000936739388955,4.036270515010595,5,1,460,503
596,DO_R0298,R0298,P174,dropoff,H1,46.0533,4.0727,5,-1,470,515
597,PU_R0299,R0299,P174,pickup,H1,46.0533,4.0727,5,1,670,685
598,DO_R0299,R0299,P174,dropoff,HOME_P174,46.000936739388955,4.036270515010595,5,-1,670,725
599,PU_R0300,R0300,P175,pickup,HOME_P175,46.05766834718528,3.999562798351421,5,1,440,484
600,DO_R0300,R0300,P175,dropoff,H1,46.0533,4.0727,5,-1,450,495
601,PU_R0301,R0301,P175,pickup,H1,46.0533,4.0727,5,1,660,675
602,DO_R0301,R0301,P175,dropoff,HOME_P175,46.05766834718528,3.999562798351421,5,-1,660,715
603,PU_R0302,R0302,P176,pickup,HOME_P176,46.13395521827532,3.9930781922345027,5,1,490,534
604,DO_R0302,R0302,P176,dropoff,H2,46.0457,4.0688,5,-1,510,555
605,PU_R0303,R0303,P176,pickup,H2,46.0457,4.0688,5,1,585,610
606,DO_R0303,R0303,P176,dropoff,HOME_P176,46.13395521827532,3.9930781922345027,5,-1,585,660
607,PU_R0304,R0304,P177,pickup,HOME_P177,46.013429260892536,3.9601861713887065,5,1,650,687
608,DO_R0304,R0304,P177,dropoff,H1,46.0533,4.0727,5,-1,660,705
609,PU_R0305,R0305,P177,pickup,H1,46.0533,4.0727,5,1,880,895
610,DO_R0305,R0305,P177,dropoff,HOME_P177,46.013429260892536,3.9601861713887065,5,-1,880,935
611,PU_R0306,R0306,P178,pickup,HOME_P178,45.993381555008064,4.003917909839889,5,1,625,664
612,DO_R0306,R0306,P178,dropoff,H1,46.0533,4.0727,5,-1,635,680
613,PU_R0307,R0307,P178,pickup,H1,46.0533,4.0727,5,1,840,855
614,DO_R0307,R0307,P178,dropoff,HOME_P178,45.993381555008064,4.003917909839889,5,-1,840,895
615,PU_R0308,R0308,P179,pickup,HOME_P179,46.08753165078519,4.21067573801604,5,1,650,694
616,DO_R0308,R0308,P179,dropoff,H1,46.0533,4.0727,5,-1,670,715
617,PU_R0309,R0309,P179,pickup,H1,46.0533,4.0727,5,1,800,825
618,DO_R0309,R0309,P179,dropoff,HOME_P179,46.08753165078519,4.21067573801604,5,-1,800,875
619,PU_R0310,R0310,P180,pickup,HOME_P180,46.0423072198301,4.016436004109575,5,1,760,807
620,DO_R0310,R0310,P180,dropoff,H2,46.0457,4.0688,5,-1,770,815
621,PU_R0311,R0311,P181,pickup,HOME_P181,46.09852990093999,3.962540652727909,5,1,605,642
622,DO_R0311,R0311,P181,dropoff,H1,46.0533,4.0727,5,-1,615,660
623,PU_R0312,R0312,P181,pickup,H1,46.0533,4.0727,5,1,830,845
624,DO_R0312,R0312,P181,dropoff,HOME_P181,46.09852990093999,3.962540652727909,5,-1,830,885
625,PU_R0313,R0313,P182,pickup,HOME_P182,46.13730174103928,4.0573453204959495,5,1,795,833
626,DO_R0313,R0313,P182,dropoff,H1,46.0533,4.0727,5,-1,805,850
627,PU_R0314,R0314,P182,pickup,H1,46.0533,4.0727,5,1,1025,1040
628,DO_R0314,R0314,P182,dropoff,HOME_P182,46.13730174103928,4.0573453204959495,5,-1,1025,1080
629,PU_R0315,R0315,P183,pickup,HOME_P183,46.03761225237814,4.120649325095356,5,1,455,502
630,DO_R0315,R0315,P183,dropoff,H1,46.0533,4.0727,5,-1,465,510
631,PU_R0316,R0316,P183,pickup,H1,46.0533,4.0727,5,1,690,705
632,DO_R0316,R0316,P183,dropoff,HOME_P183,46.03761225237814,4.120649325095356,5,-1,690,745
633,PU_R0317,R0317,P184,pickup,HOME_P184,46.01633547219947,4.122040291327188,5,1,440,484
634,DO_R0317,R0317,P184,dropoff,H1,46.0533,4.0727,5,-1,450,495
635,PU_R0318,R0318,P184,pickup,H1,46.0533,4.0727,5,1,735,750
636,DO_R0318,R0318,P184,dropoff,HOME_P184,46.01633547219947,4.122040291327188,5,-1,735,790
637,PU_R0319,R0319,P185,pickup,HOME_P185,46.15099205768894,4.082648077717083,5,1,605,649
638,DO_R0319,R0319,P185,dropoff,H2,46.0457,4.0688,5,-1,625,670
639,PU_R0320,R0320,P185,pickup,H2,46.0457,4.0688,5,1,700,725
640,DO_R0320,R0320,P185,dropoff,HOME_P185,46.15099205768894,4.082648077717083,5,-1,700,775
641,PU_R0321,R0321,P186,pickup,HOME_P186,46.08776354640318,4.18724286097399,5,1,650,697
642,DO_R0321,R0321,P186,dropoff,H1,46.0533,4.0727,5,-1,670,715
643,PU_R0322,R0322,P186,pickup,H1,46.0533,4.0727,5,1,800,825
644,DO_R0322,R0322,P186,dropoff,HOME_P186,46.08776354640318,4.18724286097399,5,-1,800,875
645,PU_R0323,R0323,P187,pickup,HOME_P187,46.039353600541816,4.114593180579391,5,1,465,513
646,DO_R0323,R0323,P187,dropoff,H1,46.0533,4.0727,5,-1,475,520
647,PU_R0324,R0324,P187,pickup,H1,46.0533,4.0727,5,1,700,715
648,DO_R0324,R0324,P187,dropoff,HOME_P187,46.039353600541816,4.114593180579391,5,-1,700,755
649,PU_R0325,R0325,P188,pickup,HOME_P188,45.997340119986184,4.0168069805565,5,1,455,498
650,DO_R0325,R0325,P188,dropoff,H2,46.0457,4.0688,5,-1,465,510
651,PU_R0326,R0326,P188,pickup,H2,46.0457,4.0688,5,1,850,865
652,DO_R0326,R0326,P188,dropoff,HOME_P188,45.997340119986184,4.0168069805565,5,-1,850,905
653,PU_R0327,R0327,P189,pickup,HOME_P189,46.07420721902704,4.078893419866376,5,1,480,529
654,DO_R0327,R0327,P189,dropoff,H2,46.0457,4.0688,5,-1,490,535
655,PU_R0328,R0328,P189,pickup,H2,46.0457,4.0688,5,1,745,760
656,DO_R0328,R0328,P189,dropoff,HOME_P189,46.07420721902704,4.078893419866376,5,-1,745,800
657,PU_R0329,R0329,P190,pickup,HOME_P190,46.00323431271945,4.020358773419295,5,1,725,768
658,DO_R0329,R0329,P190,dropoff,H3,46.05,4.07,5,-1,735,780
659,PU_R0330,R0330,P190,pickup,H3,46.05,4.07,5,1,990,1005
660,DO_R0330,R0330,P190,dropoff,HOME_P190,46.00323431271945,4.020358773419295,5,-1,990,1045
661,PU_R0331,R0331,P191,pickup,HOME_P191,46.109520279858316,4.173665296291926,5,1,520,565
662,DO_R0331,R0331,P191,dropoff,H2,46.0457,4.0688,5,-1,540,585
663,PU_R0332,R0332,P191,pickup,H2,46.0457,4.0688,5,1,610,635
664,DO_R0332,R0332,P191,dropoff,HOME_P191,46.109520279858316,4.173665296291926,5,-1,610,685
665,PU_R0333,R0333,P192,pickup,HOME_P192,46.073648848872644,4.118629558449167,5,1,980,1037
666,DO_R0333,R0333,P192,dropoff,H1,46.0533,4.0727,5,-1,1000,1045
667,PU_R0334,R0334,P193,pickup,HOME_P193,46.03080362524892,3.995182341642209,5,1,930,983
668,DO_R0334,R0334,P193,dropoff,H1,46.0533,4.0727,5,-1,950,995
669,PU_R0335,R0335,P194,pickup,HOME_P194,46.018118029929866,4.043962552688711,5,1,780,826
670,DO_R0335,R0335,P194,dropoff,H1,46.0533,4.0727,5,-1,790,835
671,PU_R0336,R0336,P195,pickup,HOME_P195,46.0155512574447,4.012420380012685,5,1,770,813
672,DO_R0336,R0336,P195,dropoff,H1,46.0533,4.0727,5,-1,780,825
673,PU_R0337,R0337,P196,pickup,HOME_P196,46.0281298843695,4.031746546076848,5,1,480,528
674,DO_R0337,R0337,P196,dropoff,H2,46.0457,4.0688,5,-1,490,535
675,PU_R0338,R0338,P196,pickup,H2,46.0457,4.0688,5,1,755,770
676,DO_R0338,R0338,P196,dropoff,HOME_P196,46.0281298843695,4.031746546076848,5,-1,755,810
677,PU_R0339,R0339,P197,pickup,HOME_P197,46.132853775300646,4.131196562855556,5,1,645,692
678,DO_R0339,R0339,P197,dropoff,H1,46.0533,4.0727,5,-1,665,710
679,PU_R0340,R0340,P197,pickup,H1,46.0533,4.0727,5,1,785,810
680,DO_R0340,R0340,P197,dropoff,HOME_P197,46.132853775300646,4.131196562855556,5,-1,785,860
681,PU_R0341,R0341,P198,pickup,HOME_P198,46.1513563249101,4.109649928847676,5,1,620,664
682,DO_R0341,R0341,P198,dropoff,H1,46.0533,4.0727,5,-1,640,685
683,PU_R0342,R0342,P198,pickup,H1,46.0533,4.0727,5,1,775,800
684,DO_R0342,R0342,P198,dropoff,HOME_P198,46.1513563249101,4.109649928847676,5,-1,775,850
685,PU_R0343,R0343,P199,pickup,HOME_P199,46.09196674010978,4.030016316573422,5,1,825,879
686,DO_R0343,R0343,P199,dropoff,H2,46.0457,4.0688,5,-1,845,890
687,PU_R0344,R0344,P199,pickup,H2,46.0457,4.0688,5,1,915,940
688,DO_R0344,R0344,P199,dropoff,HOME_P199,46.09196674010978,4.030016316573422,5,-1,915,990
689,PU_R0345,R0345,P200,pickup,HOME_P200,46.06111146780428,4.007615027449753,5,1,450,495
690,DO_R0345,R0345,P200,dropoff,H1,46.0533,4.0727,5,-1,460,505
691,PU_R0346,R0346,P200,pickup,H1,46.0533,4.0727,5,1,675,690
692,DO_R0346,R0346,P200,dropoff,HOME_P200,46.06111146780428,4.007615027449753,5,-1,675,730
693,PU_R0347,R0347,P201,pickup,HOME_P201,46.04529254795511,3.986713020661489,5,1,735,778
694,DO_R0347,R0347,P201,dropoff,H1,46.0533,4.0727,5,-1,745,790
695,PU_R0348,R0348,P202,pickup,HOME_P202,46.1251396998708,4.00012477890767,5,1,620,657
696,DO_R0348,R0348,P202,dropoff,H1,46.0533,4.0727,5,-1,630,675
697,PU_R0349,R0349,P202,pickup,H1,46.0533,4.0727,5,1,840,855
698,DO_R0349,R0349,P202,dropoff,HOME_P202,46.1251396998708,4.00012477890767,5,-1,840,895
699,PU_R0350,R0350,P203,pickup,HOME_P203,46.02558162064142,4.004225307619082,5,1,765,810
700,DO_R0350,R0350,P203,dropoff,H2,46.0457,4.0688,5,-1,775,820
701,PU_R0351,R0351,P204,pickup,HOME_P204,45.971830219436825,4.020816043645763,5,1,635,682
702,DO_R0351,R0351,P204,dropoff,H1,46.0533,4.0727,5,-1,655,700
703,PU_R0352,R0352,P204,pickup,H1,46.0533,4.0727,5,1,820,845
704,DO_R0352,R0352,P204,dropoff,HOME_P204,45.971830219436825,4.020816043645763,5,-1,820,895
705,PU_R0353,R0353,P205,pickup,HOME_P205,46.124731380960256,4.137016638177396,5,1,650,688
706,DO_R0353,R0353,P205,dropoff,H1,46.0533,4.0727,5,-1,660,705
707,PU_R0354,R0354,P205,pickup,H1,46.0533,4.0727,5,1,860,875
708,DO_R0354,R0354,P205,dropoff,HOME_P205,46.124731380960256,4.137016638177396,5,-1,860,915
709,PU_R0355,R0355,P206,pickup,HOME_P206,46.013778602371886,4.180385466207497,5,1,950,998
710,DO_R0355,R0355,P206,dropoff,H1,46.0533,4.0727,5,-1,970,1015
711,PU_R0356,R0356,P207,pickup,HOME_P207,46.05834907843236,4.122976244439071,5,1,745,792
712,DO_R0356,R0356,P207,dropoff,H3,46.05,4.07,5,-1,755,800
713,PU_R0357,R0357,P207,pickup,H3,46.05,4.07,5,1,1015,1030
714,DO_R0357,R0357,P207,dropoff,HOME_P207,46.05834907843236,4.122976244439071,5,-1,1015,1070
715,PU_R0358,R0358,P208,pickup,HOME_P208,46.10568726679592,4.126410202664433,5,1,435,477
716,DO_R0358,R0358,P208,dropoff,H1,46.0533,4.0727,5,-1,445,490
717,PU_R0359,R0359,P208,pickup,H1,46.0533,4.0727,5,1,730,745
718,DO_R0359,R0359,P208,dropoff,HOME_P208,46.10568726679592,4.126410202664433,5,-1,730,785
719,PU_R0360,R0360,P209,pickup,HOME_P209,46.09530754597635,4.132627120875094,5,1,450,491
720,DO_R0360,R0360,P209,dropoff,H2,46.0457,4.0688,5,-1,460,505
721,PU_R0361,R0361,P209,pickup,H2,46.0457,4.0688,5,1,715,730
722,DO_R0361,R0361,P209,dropoff,HOME_P209,46.09530754597635,4.132627120875094,5,-1,715,770
723,PU_R0362,R0362,P210,pickup,HOME_P210,46.105063925876834,4.086053476156036,5,1,760,802
724,DO_R0362,R0362,P210,dropoff,H2,46.0457,4.0688,5,-1,770,815
725,PU_R0363,R0363,P211,pickup,HOME_P211,46.085907263731436,3.9896564354615345,5,1,760,801
726,DO_R0363,R0363,P211,dropoff,H2,46.0457,4.0688,5,-1,770,815
727,PU_R0364,R0364,P211,pickup,H2,46.0457,4.0688,5,1,920,935
728,DO_R0364,R0364,P211,dropoff,HOME_P211,46.085907263731436,3.9896564354615345,5,-1,920,975
729,PU_R0365,R0365,P212,pickup,HOME_P212,46.03982668756028,4.072128420028913,5,1,430,480
730,DO_R0365,R0365,P212,dropoff,H2,46.0457,4.0688,5,-1,440,485
731,PU_R0366,R0366,P212,pickup,H2,46.0457,4.0688,5,1,695,710
732,DO_R0366,R0366,P212,dropoff,HOME_P212,46.03982668756028,4.072128420028913,5,-1,695,750
733,PU_R0367,R0367,P213,pickup,HOME_P213,45.989182061260266,3.9913607339002346,5,1,925,973
734,DO_R0367,R0367,P213,dropoff,H1,46.0533,4.0727,5,-1,945,990
735,PU_R0368,R0368,P214,pickup,HOME_P214,46.0639975412446,4.060415329042208,5,1,965,1025
736,DO_R0368,R0368,P214,dropoff,H2,46.0457,4.0688,5,-1,985,1030
737,PU_R0369,R0369,P215,pickup,HOME_P215,45.98499890364233,4.040841373721596,5,1,480,522
738,DO_R0369,R0369,P215,dropoff,H2,46.0457,4.0688,5,-1,490,535
739,PU_R0370,R0370,P215,pickup,H2,46.0457,4.0688,5,1,775,790
740,DO_R0370,R0370,P215,dropoff,HOME_P215,45.98499890364233,4.040841373721596,5,-1,775,830
741,PU_R0371,R0371,P216,pickup,HOME_P216,46.00664492938427,4.143183852728396,5,1,455,496
742,DO_R0371,R0371,P216,dropoff,H1,46.0533,4.0727,5,-1,465,510
743,PU_R0372,R0372,P216,pickup,H1,46.0533,4.0727,5,1,660,675
744,DO_R0372,R0372,P216,dropoff,HOME_P216,46.00664492938427,4.143183852728396,5,-1,660,715
745,PU_R0373,R0373,P217,pickup,HOME_P217,46.01655263434722,4.113162203301157,5,1,850,905
746,DO_R0373,R0373,P217,dropoff,H1,46.0533,4.0727,5,-1,870,915
747,PU_R0374,R0374,P217,pickup,H1,46.0533,4.0727,5,1,985,1010
748,DO_R0374,R0374,P217,dropoff,HOME_P217,46.01655263434722,4.113162203301157,5,-1,985,1060
749,PU_R0375,R0375,P218,pickup,HOME_P218,46.08477651130465,4.028922346049004,5,1,455,501
750,DO_R0375,R0375,P218,dropoff,H1,46.0533,4.0727,5,-1,465,510
751,PU_R0376,R0376,P218,pickup,H1,46.0533,4.0727,5,1,750,765
752,DO_R0376,R0376,P218,dropoff,HOME_P218,46.08477651130465,4.028922346049004,5,-1,750,805
753,PU_R0377,R0377,P219,pickup,HOME_P219,46.10722131713235,4.040669738579248,5,1,440,483
754,DO_R0377,R0377,P219,dropoff,H1,46.0533,4.0727,5,-1,450,495
755,PU_R0378,R0378,P219,pickup,H1,46.0533,4.0727,5,1,655,670
756,DO_R0378,R0378,P219,dropoff,HOME_P219,46.10722131713235,4.040669738579248,5,-1,655,710
757,PU_R0379,R0379,P220,pickup,HOME_P220,45.975169589812225,4.160592754687443,5,1,620,666
758,DO_R0379,R0379,P220,dropoff,H2,46.0457,4.0688,5,-1,640,685
759,PU_R0380,R0380,P220,pickup,H2,46.0457,4.0688,5,1,720,745
760,DO_R0380,R0380,P220,dropoff,HOME_P220,45.975169589812225,4.160592754687443,5,-1,720,795
761,PU_R0381,R0381,P221,pickup,HOME_P221,46.07362215017171,4.177960787482983,5,1,780,829
762,DO_R0381,R0381,P221,dropoff,H1,46.0533,4.0727,5,-1,800,845
763,PU_R0382,R0382,P221,pickup,H1,46.0533,4.0727,5,1,945,970
764,DO_R0382,R0382,P221,dropoff,HOME_P221,46.07362215017171,4.177960787482983,5,-1,945,1020
765,PU_R0383,R0383,P222,pickup,HOME_P222,46.00271639691049,4.061741678823389,5,1,730,776
766,DO_R0383,R0383,P222,dropoff,H2,46.0457,4.0688,5,-1,740,785
767,PU_R0384,R0384,P222,pickup,H2,46.0457,4.0688,5,1,1015,1030
768,DO_R0384,R0384,P222,dropoff,HOME_P222,46.00271639691049,4.061741678823389,5,-1,1015,1070
769,PU_R0385,R0385,P223,pickup,HOME_P223,45.98313237524284,4.017387251609794,5,1,470,510
770,DO_R0385,R0385,P223,dropoff,H2,46.0457,4.0688,5,-1,480,525
771,PU_R0386,R0386,P223,pickup,H2,46.0457,4.0688,5,1,755,770
772,DO_R0386,R0386,P223,dropoff,HOME_P223,45.98313237524284,4.017387251609794,5,-1,755,810
773,PU_R0387,R0387,P224,pickup,HOME_P224,46.09505855846056,4.010782189933336,5,1,830,882
774,DO_R0387,R0387,P224,dropoff,H2,46.0457,4.0688,5,-1,850,895
775,PU_R0388,R0388,P224,pickup,H2,46.0457,4.0688,5,1,920,945
776,DO_R0388,R0388,P224,dropoff,HOME_P224,46.09505855846056,4.010782189933336,5,-1,920,995
777,PU_R0389,R0389,P225,pickup,HOME_P225,45.99291406340466,4.079340595238619,5,1,975,1019
778,DO_R0389,R0389,P225,dropoff,H2,46.0457,4.0688,5,-1,985,1030
779,PU_R0390,R0390,P226,pickup,HOME_P226,46.045436967875226,4.0426572441226245,5,1,475,525
780,DO_R0390,R0390,P226,dropoff,H1,46.0533,4.0727,5,-1,485,530
781,PU_R0391,R0391,P226,pickup,H1,46.0533,4.0727,5,1,770,785
782,DO_R0391,R0391,P226,dropoff,HOME_P226,46.045436967875226,4.0426572441226245,5,-1,770,825
783,PU_R0392,R0392,P227,pickup,HOME_P227,46.06458810284689,3.9796427633087568,5,1,860,912
784,DO_R0392,R0392,P227,dropoff,H2,46.0457,4.0688,5,-1,880,925
785,PU_R0393,R0393,P227,pickup,H2,46.0457,4.0688,5,1,955,980
786,DO_R0393,R0393,P227,dropoff,HOME_P227,46.06458810284689,3.9796427633087568,5,-1,955,1030
787,PU_R0394,R0394,P228,pickup,HOME_P228,46.04147606028162,3.9945014794357787,5,1,495,549
788,DO_R0394,R0394,P228,dropoff,H2,46.0457,4.0688,5,-1,515,560
789,PU_R0395,R0395,P228,pickup,H2,46.0457,4.0688,5,1,590,615
790,DO_R0395,R0395,P228,dropoff,HOME_P228,46.04147606028162,3.9945014794357787,5,-1,590,665
791,PU_R0396,R0396,P229,pickup,HOME_P229,45.985472257741144,4.026001807413963,5,1,775,816
792,DO_R0396,R0396,P229,dropoff,H2,46.0457,4.0688,5,-1,785,830
793,PU_R0397,R0397,P230,pickup,HOME_P230,46.080403585279754,4.137366497949909,5,1,605,658
794,DO_R0397,R0397,P230,dropoff,H2,46.0457,4.0688,5,-1,625,670
795,PU_R0398,R0398,P230,pickup,H2,46.0457,4.0688,5,1,700,725
796,DO_R0398,R0398,P230,dropoff,HOME_P230,46.080403585279754,4.137366497949909,5,-1,700,775
797,PU_R0399,R0399,P231,pickup,HOME_P231,45.96430635553063,4.065157965515374,5,1,785,832
798,DO_R0399,R0399,P231,dropoff,H1,46.0533,4.0727,5,-1,805,850
799,PU_R0400,R0400,P231,pickup,H1,46.0533,4.0727,5,1,925,950
800,DO_R0400,R0400,P231,dropoff,HOME_P231,45.96430635553063,4.065157965515374,5,-1,925,1000
801,PU_R0401,R0401,P232,pickup,HOME_P232,46.09681589778132,4.173335986078953,5,1,445,483
802,DO_R0401,R0401,P232,dropoff,H1,46.0533,4.0727,5,-1,455,500
803,PU_R0402,R0402,P232,pickup,H1,46.0533,4.0727,5,1,670,685
804,DO_R0402,R0402,P232,dropoff,HOME_P232,46.09681589778132,4.173335986078953,5,-1,670,725
805,PU_R0403,R0403,P233,pickup,HOME_P233,46.12619796093964,4.060143373196738,5,1,940,988
806,DO_R0403,R0403,P233,dropoff,H2,46.0457,4.0688,5,-1,960,1005
807,PU_R0404,R0404,P234,pickup,HOME_P234,45.98615107616632,4.166567747400037,5,1,510,556
808,DO_R0404,R0404,P234,dropoff,H1,46.0533,4.0727,5,-1,530,575
809,PU_R0405,R0405,P234,pickup,H1,46.0533,4.0727,5,1,695,720
810,DO_R0405,R0405,P234,dropoff,HOME_P234,45.98615107616632,4.166567747400037,5,-1,695,770
811,PU_R0406,R0406,P235,pickup,HOME_P235,46.074147755428136,4.155008268401341,5,1,455,497
812,DO_R0406,R0406,P235,dropoff,H1,46.0533,4.0727,5,-1,465,510
813,PU_R0407,R0407,P235,pickup,H1,46.0533,4.0727,5,1,685,700
814,DO_R0407,R0407,P235,dropoff,HOME_P235,46.074147755428136,4.155008268401341,5,-1,685,740
815,PU_R0408,R0408,P236,pickup,HOME_P236,46.11132198392281,4.122328134653656,5,1,780,841
816,DO_R0408,R0408,P236,dropoff,H1,46.0533,4.0727,5,-1,810,855
817,PU_R0409,R0409,P236,pickup,H1,46.0533,4.0727,5,1,875,910
818,DO_R0409,R0409,P236,dropoff,HOME_P236,46.11132198392281,4.122328134653656,5,-1,875,970
819,PU_R0410,R0410,P237,pickup,HOME_P237,46.05285993454859,4.1316785562973095,5,1,450,496
820,DO_R0410,R0410,P237,dropoff,H2,46.0457,4.0688,5,-1,460,505
821,PU_R0411,R0411,P237,pickup,H2,46.0457,4.0688,5,1,770,785
822,DO_R0411,R0411,P237,dropoff,HOME_P237,46.05285993454859,4.1316785562973095,5,-1,770,825
823,PU_R0412,R0412,P238,pickup,HOME_P238,46.048184714172265,4.052868043382031,5,1,465,515
824,DO_R0412,R0412,P238,dropoff,H2,46.0457,4.0688,5,-1,475,520
825,PU_R0413,R0413,P238,pickup,H2,46.0457,4.0688,5,1,795,810
826,DO_R0413,R0413,P238,dropoff,HOME_P238,46.048184714172265,4.052868043382031,5,-1,795,850
827,PU_R0414,R0414,P239,pickup,HOME_P239,46.09524103330799,4.205463597257252,5,1,825,879
828,DO_R0414,R0414,P239,dropoff,H1,46.0533,4.0727,5,-1,855,900
829,PU_R0415,R0415,P239,pickup,H1,46.0533,4.0727,5,1,930,965
830,DO_R0415,R0415,P239,dropoff,HOME_P239,46.09524103330799,4.205463597257252,5,-1,930,1025
831,PU_R0416,R0416,P240,pickup,HOME_P240,46.054311927086125,4.02419205098501,5,1,765,813
832,DO_R0416,R0416,P240,dropoff,H1,46.0533,4.0727,5,-1,775,820
833,PU_R0417,R0417,P241,pickup,HOME_P241,46.18388152295224,3.9936532167565093,5,1,719,771
834,DO_R0417,R0417,P241,dropoff,H1,46.0533,4.0727,5,-1,755,800
835,PU_R0418,R0418,P241,pickup,H1,46.0533,4.0727,5,1,825,860
836,DO_R0418,R0418,P241,dropoff,HOME_P241,46.18388152295224,3.9936532167565093,5,-1,825,926
837,PU_R0419,R0419,P242,pickup,HOME_P242,46.08027922755453,4.017123735122562,5,1,1000,1045
838,DO_R0419,R0419,P242,dropoff,H1,46.0533,4.0727,5,-1,1010,1055
839,PU_R0420,R0420,P243,pickup,HOME_P243,46.012035475607625,4.155439449469667,5,1,455,496
840,DO_R0420,R0420,P243,dropoff,H3,46.05,4.07,5,-1,465,510
841,PU_R0421,R0421,P243,pickup,H3,46.05,4.07,5,1,735,750
842,DO_R0421,R0421,P243,dropoff,HOME_P243,46.012035475607625,4.155439449469667,5,-1,735,790
843,PU_R0422,R0422,P244,pickup,HOME_P244,46.10959043240485,4.088160914509861,5,1,765,807
844,DO_R0422,R0422,P244,dropoff,H3,46.05,4.07,5,-1,775,820
845,PU_R0423,R0423,P245,pickup,HOME_P245,46.02984247003529,4.080636964695271,5,1,430,480
846,DO_R0423,R0423,P245,dropoff,H1,46.0533,4.0727,5,-1,440,485
847,PU_R0424,R0424,P245,pickup,H1,46.0533,4.0727,5,1,725,740
848,DO_R0424,R0424,P245,dropoff,HOME_P245,46.02984247003529,4.080636964695271,5,-1,725,780
849,PU_R0425,R0425,P246,pickup,HOME_P246,45.988285645332596,4.158223857277238,5,1,775,813
850,DO_R0425,R0425,P246,dropoff,H2,46.0457,4.0688,5,-1,785,830
851,PU_R0426,R0426,P247,pickup,HOME_P247,45.99584463486792,4.05919734019745,5,1,750,793
852,DO_R0426,R0426,P247,dropoff,H1,46.0533,4.0727,5,-1,760,805
853,PU_R0427,R0427,P248,pickup,HOME_P248,46.020482513667794,3.9938374396556653,5,1,745,788
854,DO_R0427,R0427,P248,dropoff,H2,46.0457,4.0688,5,-1,755,800
855,PU_R0428,R0428,P249,pickup,HOME_P249,46.0824640615532,4.086790049572983,5,1,480,528
856,DO_R0428,R0428,P249,dropoff,H1,46.0533,4.0727,5,-1,490,535
857,PU_R0429,R0429,P249,pickup,H1,46.0533,4.0727,5,1,775,790
858,DO_R0429,R0429,P249,dropoff,HOME_P249,46.0824640615532,4.086790049572983,5,-1,775,830
859,PU_R0430,R0430,P250,pickup,HOME_P250,46.11980933414314,4.109953479636057,5,1,730,770
860,DO_R0430,R0430,P250,dropoff,H1,46.0533,4.0727,5,-1,740,785
861,PU_R0431,R0431,P250,pickup,H1,46.0533,4.0727,5,1,1025,1040
862,DO_R0431,R0431,P250,dropoff,HOME_P250,46.11980933414314,4.109953479636057,5,-1,1025,1080
863,PU_R0432,R0432,P251,pickup,HOME_P251,46.08889194079371,4.0126870549188505,5,1,805,859
864,DO_R0432,R0432,P251,dropoff,H1,46.0533,4.0727,5,-1,825,870
865,PU_R0433,R0433,P251,pickup,H1,46.0533,4.0727,5,1,930,955
866,DO_R0433,R0433,P251,dropoff,HOME_P251,46.08889194079371,4.0126870549188505,5,-1,930,1005
867,PU_R0434,R0434,P252,pickup,HOME_P252,46.006449561038416,4.093759186631395,5,1,460,506
868,DO_R0434,R0434,P252,dropoff,H2,46.0457,4.0688,5,-1,470,515
869,PU_R0435,R0435,P252,pickup,H2,46.0457,4.0688,5,1,585,600
870,DO_R0435,R0435,P252,dropoff,HOME_P252,46.006449561038416,4.093759186631395,5,-1,585,640
871,PU_R0436,R0436,P253,pickup,HOME_P253,46.059881207732616,4.020061906919799,5,1,455,502
872,DO_R0436,R0436,P253,dropoff,H1,46.0533,4.0727,5,-1,465,510
873,PU_R0437,R0437,P253,pickup,H1,46.0533,4.0727,5,1,750,765
874,DO_R0437,R0437,P253,dropoff,HOME_P253,46.059881207732616,4.020061906919799,5,-1,750,805
875,PU_R0438,R0438,P254,pickup,HOME_P254,46.06467454478324,4.019185663447235,5,1,450,507
876,DO_R0438,R0438,P254,dropoff,H2,46.0457,4.0688,5,-1,470,515
877,PU_R0439,R0439,P254,pickup,H2,46.0457,4.0688,5,1,545,570
878,DO_R0439,R0439,P254,dropoff,HOME_P254,46.06467454478324,4.019185663447235,5,-1,545,620
879,PU_R0440,R0440,P255,pickup,HOME_P255,46.038430563317384,4.109106289844976,5,1,735,784
880,DO_R0440,R0440,P255,dropoff,H1,46.0533,4.0727,5,-1,745,790
881,PU_R0441,R0441,P256,pickup,HOME_P256,46.03460380105891,4.077169633439829,5,1,780,830
882,DO_R0441,R0441,P256,dropoff,H1,46.0533,4.0727,5,-1,790,835
883,PU_R0442,R0442,P257,pickup,HOME_P257,46.019994521717294,4.072495952210592,5,1,450,498
884,DO_R0442,R0442,P257,dropoff,H1,46.0533,4.0727,5,-1,460,505
885,PU_R0443,R0443,P257,pickup,H1,46.0533,4.0727,5,1,745,760
886,DO_R0443,R0443,P257,dropoff,HOME_P257,46.019994521717294,4.072495952210592,5,-1,745,800
887,PU_R0444,R0444,P258,pickup,HOME_P258,46.07697114225997,4.0236676440016,5,1,480,526
888,DO_R0444,R0444,P258,dropoff,H1,46.0533,4.0727,5,-1,490,535
889,PU_R0445,R0445,P258,pickup,H1,46.0533,4.0727,5,1,775,790
890,DO_R0445,R0445,P258,dropoff,HOME_P258,46.07697114225997,4.0236676440016,5,-1,775,830
891,PU_R0446,R0446,P259,pickup,HOME_P259,46.08576181772352,4.052929119885964,5,1,605,663
892,DO_R0446,R0446,P259,dropoff,H1,46.0533,4.0727,5,-1,625,670
893,PU_R0447,R0447,P260,pickup,HOME_P260,46.0450922810764,3.952277136287117,5,1,815,853
894,DO_R0447,R0447,P260,dropoff,H1,46.0533,4.0727,5,-1,825,870
895,PU_R0448,R0448,P260,pickup,H1,46.0533,4.0727,5,1,1020,1035
896,DO_R0448,R0448,P260,dropoff,HOME_P260,46.0450922810764,3.952277136287117,5,-1,1020,1075
897,PU_R0449,R0449,P261,pickup,HOME_P261,45.99669738038687,4.014037996395698,5,1,725,766
898,DO_R0449,R0449,P261,dropoff,H3,46.05,4.07,5,-1,735,780
899,PU_R0450,R0450,P262,pickup,HOME_P262,46.0784224038698,3.978164811086586,5,1,725,765
900,DO_R0450,R0450,P262,dropoff,H2,46.0457,4.0688,5,-1,735,780
901,PU_R0451,R0451,P262,pickup,H2,46.0457,4.0688,5,1,1020,1035
902,DO_R0451,R0451,P262,dropoff,HOME_P262,46.0784224038698,3.978164811086586,5,-1,1020,1075
903,PU_R0452,R0452,P263,pickup,HOME_P263,46.020384077283985,4.173227419784641,5,1,470,529
904,DO_R0452,R0452,P263,dropoff,H1,46.0533,4.0727,5,-1,500,545
905,PU_R0453,R0453,P263,pickup,H1,46.0533,4.0727,5,1,570,605
906,DO_R0453,R0453,P263,dropoff,HOME_P263,46.020384077283985,4.173227419784641,5,-1,570,665
907,PU_R0454,R0454,P264,pickup,HOME_P264,46.01150300323802,4.120262288678569,5,1,430,474
908,DO_R0454,R0454,P264,dropoff,H1,46.0533,4.0727,5,-1,440,485
909,PU_R0455,R0455,P264,pickup,H1,46.0533,4.0727,5,1,725,740
910,DO_R0455,R0455,P264,dropoff,HOME_P264,46.01150300323802,4.120262288678569,5,-1,725,780
911,PU_R0456,R0456,P265,pickup,HOME_P265,46.09002462943165,4.038374124576244,5,1,735,781
912,DO_R0456,R0456,P265,dropoff,H1,46.0533,4.0727,5,-1,745,790
913,PU_R0457,R0457,P266,pickup,HOME_P266,46.04698422307035,4.116560081662747,5,1,465,513
914,DO_R0457,R0457,P266,dropoff,H2,46.0457,4.0688,5,-1,475,520
915,PU_R0458,R0458,P266,pickup,H2,46.0457,4.0688,5,1,765,780
916,DO_R0458,R0458,P266,dropoff,HOME_P266,46.04698422307035,4.116560081662747,5,-1,765,820
917,PU_R0459,R0459,P267,pickup,HOME_P267,46.108326009494334,4.1368108830352845,5,1,785,834
918,DO_R0459,R0459,P267,dropoff,H2,46.0457,4.0688,5,-1,805,850
919,PU_R0460,R0460,P267,pickup,H2,46.0457,4.0688,5,1,875,900
920,DO_R0460,R0460,P267,dropoff,HOME_P267,46.108326009494334,4.1368108830352845,5,-1,875,950
921,PU_R0461,R0461,P268,pickup,HOME_P268,46.095607883892114,4.117339566656282,5,1,515,569
922,DO_R0461,R0461,P268,dropoff,H1,46.0533,4.0727,5,-1,535,580
923,PU_R0462,R0462,P268,pickup,H1,46.0533,4.0727,5,1,645,670
924,DO_R0462,R0462,P268,dropoff,HOME_P268,46.095607883892114,4.117339566656282,5,-1,645,720
925,PU_R0463,R0463,P269,pickup,HOME_P269,46.08075838568891,4.089152693205719,5,1,470,517
926,DO_R0463,R0463,P269,dropoff,H2,46.0457,4.0688,5,-1,480,525
927,PU_R0464,R0464,P269,pickup,H2,46.0457,4.0688,5,1,755,770
928,DO_R0464,R0464,P269,dropoff,HOME_P269,46.08075838568891,4.089152693205719,5,-1,755,810
929,PU_R0465,R0465,P270,pickup,HOME_P270,46.08072126890016,4.16394833235757,5,1,740,781
930,DO_R0465,R0465,P270,dropoff,H1,46.0533,4.0727,5,-1,750,795
931,PU_R0466,R0466,P271,pickup,HOME_P271,46.06148093850717,4.057700489923741,5,1,530,590
932,DO_R0466,R0466,P271,dropoff,H1,46.0533,4.0727,5,-1,550,595
933,PU_R0467,R0467,P271,pickup,H1,46.0533,4.0727,5,1,685,710
934,DO_R0467,R0467,P271,dropoff,HOME_P271,46.06148093850717,4.057700489923741,5,-1,685,760
935,PU_R0468,R0468,P272,pickup,HOME_P272,46.10969772279602,4.07876891931599,5,1,800,852
936,DO_R0468,R0468,P272,dropoff,H2,46.0457,4.0688,5,-1,820,865
937,PU_R0469,R0469,P272,pickup,H2,46.0457,4.0688,5,1,905,930
938,DO_R0469,R0469,P272,dropoff,HOME_P272,46.10969772279602,4.07876891931599,5,-1,905,980
939,PU_R0470,R0470,P273,pickup,HOME_P273,46.045245476996044,4.039299701349053,5,1,465,525
940,DO_R0470,R0470,P273,dropoff,H1,46.0533,4.0727,5,-1,485,530
941,PU_R0471,R0471,P273,pickup,H1,46.0533,4.0727,5,1,610,635
942,DO_R0471,R0471,P273,dropoff,HOME_P273,46.045245476996044,4.039299701349053,5,-1,610,685
943,PU_R0472,R0472,P274,pickup,HOME_P274,46.02109781204374,4.163825723997623,5,1,775,815
944,DO_R0472,R0472,P274,dropoff,H1,46.0533,4.0727,5,-1,785,830
945,PU_R0473,R0473,P275,pickup,HOME_P275,46.07379994344631,4.088819738405027,5,1,745,795
946,DO_R0473,R0473,P275,dropoff,H1,46.0533,4.0727,5,-1,755,800
947,PU_R0474,R0474,P276,pickup,HOME_P276,46.07281355730488,4.03391518994265,5,1,605,653
948,DO_R0474,R0474,P276,dropoff,H1,46.0533,4.0727,5,-1,615,660
949,PU_R0475,R0475,P276,pickup,H1,46.0533,4.0727,5,1,835,850
950,DO_R0475,R0475,P276,dropoff,HOME_P276,46.07281355730488,4.03391518994265,5,-1,835,890
951,PU_R0476,R0476,P277,pickup,HOME_P277,46.11959777831906,4.040729880934856,5,1,565,614
952,DO_R0476,R0476,P277,dropoff,H2,46.0457,4.0688,5,-1,585,630
953,PU_R0477,R0477,P277,pickup,H2,46.0457,4.0688,5,1,655,680
954,DO_R0477,R0477,P277,dropoff,HOME_P277,46.11959777831906,4.040729880934856,5,-1,655,730
955,PU_R0478,R0478,P278,pickup,HOME_P278,46.078827683781824,4.049678612654749,5,1,570,627
956,DO_R0478,R0478,P278,dropoff,H2,46.0457,4.0688,5,-1,590,635
957,PU_R0479,R0479,P278,pickup,H2,46.0457,4.0688,5,1,670,695
958,DO_R0479,R0479,P278,dropoff,HOME_P278,46.078827683781824,4.049678612654749,5,-1,670,745
959,PU_R0480,R0480,P279,pickup,HOME_P279,46.03599790833815,4.113425279461961,5,1,450,498
960,DO_R0480,R0480,P279,dropoff,H1,46.0533,4.0727,5,-1,460,505
961,PU_R0481,R0481,P279,pickup,H1,46.0533,4.0727,5,1,745,760
962,DO_R0481,R0481,P279,dropoff,HOME_P279,46.03599790833815,4.113425279461961,5,-1,745,800
963,PU_R0482,R0482,P280,pickup,HOME_P280,45.90771072302403,4.0736361494601265,5,1,597,651
964,DO_R0482,R0482,P280,dropoff,H1,46.0533,4.0727,5,-1,635,680
965,PU_R0483,R0483,P280,pickup,H1,46.0533,4.0727,5,1,710,745
966,DO_R0483,R0483,P280,dropoff,HOME_P280,45.90771072302403,4.0736361494601265,5,-1,710,813
967,PU_R0484,R0484,P281,pickup,HOME_P281,45.96309577528827,4.031263939682235,5,1,445,491
968,DO_R0484,R0484,P281,dropoff,H1,46.0533,4.0727,5,-1,465,510
969,PU_R0485,R0485,P281,pickup,H1,46.0533,4.0727,5,1,605,630
970,DO_R0485,R0485,P281,dropoff,HOME_P281,45.96309577528827,4.031263939682235,5,-1,605,680
971,PU_R0486,R0486,P282,pickup,HOME_P282,46.01969247217101,4.189606115678405,5,1,795,842
972,DO_R0486,R0486,P282,dropoff,H1,46.0533,4.0727,5,-1,815,860
973,PU_R0487,R0487,P282,pickup,H1,46.0533,4.0727,5,1,975,1000
974,DO_R0487,R0487,P282,dropoff,HOME_P282,46.01969247217101,4.189606115678405,5,-1,975,1050
975,PU_R0488,R0488,P283,pickup,HOME_P283,46.11653428103588,4.06917189973292,5,1,625,667
976,DO_R0488,R0488,P283,dropoff,H1,46.0533,4.0727,5,-1,635,680
977,PU_R0489,R0489,P283,pickup,H1,46.0533,4.0727,5,1,835,850
978,DO_R0489,R0489,P283,dropoff,HOME_P283,46.11653428103588,4.06917189973292,5,-1,835,890
979,PU_R0490,R0490,P284,pickup,HOME_P284,46.051989692215024,4.172597131245049,5,1,590,640
980,DO_R0490,R0490,P284,dropoff,H2,46.0457,4.0688,5,-1,610,655
981,PU_R0491,R0491,P284,pickup,H2,46.0457,4.0688,5,1,695,720
982,DO_R0491,R0491,P284,dropoff,HOME_P284,46.051989692215024,4.172597131245049,5,-1,695,770
983,PU_R0492,R0492,P285,pickup,HOME_P285,46.10132266847331,4.020445654681781,5,1,730,772
984,DO_R0492,R0492,P285,dropoff,H2,46.0457,4.0688,5,-1,740,785
985,PU_R0493,R0493,P285,pickup,H2,46.0457,4.0688,5,1,1010,1025
986,DO_R0493,R0493,P285,dropoff,HOME_P285,46.10132266847331,4.020445654681781,5,-1,1010,1065
987,PU_R0494,R0494,P286,pickup,HOME_P286,46.078238302588304,4.126563465366293,5,1,515,569
988,DO_R0494,R0494,P286,dropoff,H2,46.0457,4.0688,5,-1,535,580
989,PU_R0495,R0495,P286,pickup,H2,46.0457,4.0688,5,1,620,645
990,DO_R0495,R0495,P286,dropoff,HOME_P286,46.078238302588304,4.126563465366293,5,-1,620,695
991,PU_R0496,R0496,P287,pickup,HOME_P287,46.09723170355614,4.000085673819453,5,1,730,771
992,DO_R0496,R0496,P287,dropoff,H2,46.0457,4.0688,5,-1,740,785
993,PU_R0497,R0497,P287,pickup,H2,46.0457,4.0688,5,1,1000,1015
994,DO_R0497,R0497,P287,dropoff,HOME_P287,46.09723170355614,4.000085673819453,5,-1,1000,1055
995,PU_R0498,R0498,P288,pickup,HOME_P288,46.02653265476674,4.145481150795949,5,1,990,1033
996,DO_R0498,R0498,P288,dropoff,H1,46.0533,4.0727,5,-1,1000,1045
997,PU_R0499,R0499,P289,pickup,HOME_P289,45.97101194509274,4.113745836367107,5,1,605,642
998,DO_R0499,R0499,P289,dropoff,H1,46.0533,4.0727,5,-1,615,660
999,PU_R0500,R0500,P289,pickup,H1,46.0533,4.0727,5,1,830,845
1000,DO_R0500,R0500,P289,dropoff,HOME_P289,45.97101194509274,4.113745836367107,5,-1,830,885
1001,PU_R0501,R0501,P290,pickup,HOME_P290,46.02187126493046,4.085037186133772,5,1,590,648
1002,DO_R0501,R0501,P290,dropoff,H1,46.0533,4.0727,5,-1,610,655
1003,PU_R0502,R0502,P290,pickup,H1,46.0533,4.0727,5,1,755,780
1004,DO_R0502,R0502,P290,dropoff,HOME_P290,46.02187126493046,4.085037186133772,5,-1,755,830
1005,PU_R0503,R0503,P291,pickup,HOME_P291,46.02407632346432,4.010537378740012,5,1,450,495
1006,DO_R0503,R0503,P291,dropoff,H2,46.0457,4.0688,5,-1,460,505
1007,PU_R0504,R0504,P291,pickup,H2,46.0457,4.0688,5,1,725,740
1008,DO_R0504,R0504,P291,dropoff,HOME_P291,46.02407632346432,4.010537378740012,5,-1,725,780
1009,PU_R0505,R0505,P292,pickup,HOME_P292,46.09523566475236,4.006217224193594,5,1,775,817
1010,DO_R0505,R0505,P292,dropoff,H3,46.05,4.07,5,-1,785,830
1011,PU_R0506,R0506,P293,pickup,HOME_P293,46.06172551186088,4.045302565241086,5,1,480,530
1012,DO_R0506,R0506,P293,dropoff,H1,46.0533,4.0727,5,-1,490,535
1013,PU_R0507,R0507,P293,pickup,H1,46.0533,4.0727,5,1,775,790
1014,DO_R0507,R0507,P293,dropoff,HOME_P293,46.06172551186088,4.045302565241086,5,-1,775,830
1015,PU_R0508,R0508,P294,pickup,HOME_P294,46.11944056285881,4.0559366225589235,5,1,455,496
1016,DO_R0508,R0508,P294,dropoff,H1,46.0533,4.0727,5,-1,465,510
1017,PU_R0509,R0509,P294,pickup,H1,46.0533,4.0727,5,1,670,685
1018,DO_R0509,R0509,P294,dropoff,HOME_P294,46.11944056285881,4.0559366225589235,5,-1,670,725
1019,PU_R0510,R0510,P295,pickup,HOME_P295,46.131103599706094,4.0984072514443595,5,1,615,654
1020,DO_R0510,R0510,P295,dropoff,H1,46.0533,4.0727,5,-1,625,670
1021,PU_R0511,R0511,P295,pickup,H1,46.0533,4.0727,5,1,820,835
1022,DO_R0511,R0511,P295,dropoff,HOME_P295,46.131103599706094,4.0984072514443595,5,-1,820,875
1023,PU_R0512,R0512,P296,pickup,HOME_P296,46.11369755133711,4.004475176565017,5,1,585,633
1024,DO_R0512,R0512,P296,dropoff,H2,46.0457,4.0688,5,-1,605,650
1025,PU_R0513,R0513,P296,pickup,H2,46.0457,4.0688,5,1,675,700
1026,DO_R0513,R0513,P296,dropoff,HOME_P296,46.11369755133711,4.004475176565017,5,-1,675,750
1027,PU_R0514,R0514,P297,pickup,HOME_P297,46.01505751595282,4.0278714772841155,5,1,835,880
1028,DO_R0514,R0514,P297,dropoff,H1,46.0533,4.0727,5,-1,845,890
1029,PU_R0515,R0515,P298,pickup,HOME_P298,46.083929882592535,4.068783908649763,5,1,775,832
1030,DO_R0515,R0515,P298,dropoff,H2,46.0457,4.0688,5,-1,795,840
1031,PU_R0516,R0516,P298,pickup,H2,46.0457,4.0688,5,1,880,905
1032,DO_R0516,R0516,P298,dropoff,HOME_P298,46.083929882592535,4.068783908649763,5,-1,880,955
1033,PU_R0517,R0517,P299,pickup,HOME_P299,45.987779611955084,4.057150697556637,5,1,980,1031
1034,DO_R0517,R0517,P299,dropoff,H1,46.0533,4.0727,5,-1,1000,1045
1035,PU_R0518,R0518,P300,pickup,HOME_P300,46.10746344035352,4.24901994493687,5,1,887,938
1036,DO_R0518,R0518,P300,dropoff,H1,46.0533,4.0727,5,-1,920,965
1037,PU_R0519,R0519,P301,pickup,HOME_P301,46.00220178164708,3.9769514149742227,5,1,475,524
1038,DO_R0519,R0519,P301,dropoff,H2,46.0457,4.0688,5,-1,495,540
1039,PU_R0520,R0520,P301,pickup,H2,46.0457,4.0688,5,1,570,595
1040,DO_R0520,R0520,P301,dropoff,HOME_P301,46.00220178164708,3.9769514149742227,5,-1,570,645
1041,PU_R0521,R0521,P302,pickup,HOME_P302,46.067406204979136,4.145657215383386,5,1,480,534
1042,DO_R0521,R0521,P302,dropoff,H1,46.0533,4.0727,5,-1,500,545
1043,PU_R0522,R0522,P302,pickup,H1,46.0533,4.0727,5,1,635,660
1044,DO_R0522,R0522,P302,dropoff,HOME_P302,46.067406204979136,4.145657215383386,5,-1,635,710
1045,PU_R0523,R0523,P303,pickup,HOME_P303,46.03468430711882,3.9919039972778467,5,1,470,513
1046,DO_R0523,R0523,P303,dropoff,H1,46.0533,4.0727,5,-1,480,525
1047,PU_R0524,R0524,P303,pickup,H1,46.0533,4.0727,5,1,765,780
1048,DO_R0524,R0524,P303,dropoff,HOME_P303,46.03468430711882,3.9919039972778467,5,-1,765,820
1049,PU_R0525,R0525,P304,pickup,HOME_P304,46.09217146014319,4.124326702685678,5,1,470,513
1050,DO_R0525,R0525,P304,dropoff,H2,46.0457,4.0688,5,-1,480,525
1051,PU_R0526,R0526,P304,pickup,H2,46.0457,4.0688,5,1,750,765
1052,DO_R0526,R0526,P304,dropoff,HOME_P304,46.09217146014319,4.124326702685678,5,-1,750,805
1053,PU_R0527,R0527,P305,pickup,HOME_P305,46.04362076377308,4.129771374978791,5,1,745,791
1054,DO_R0527,R0527,P305,dropoff,H1,46.0533,4.0727,5,-1,755,800
1055,PU_R0528,R0528,P306,pickup,HOME_P306,46.044236813575274,4.032065571648663,5,1,500,559
1056,DO_R0528,R0528,P306,dropoff,H2,46.0457,4.0688,5,-1,520,565
1057,PU_R0529,R0529,P306,pickup,H2,46.0457,4.0688,5,1,600,625
1058,DO_R0529,R0529,P306,dropoff,HOME_P306,46.044236813575274,4.032065571648663,5,-1,600,675
1059,PU_R0530,R0530,P307,pickup,HOME_P307,46.10482864959138,4.064076969872608,5,1,465,509
1060,DO_R0530,R0530,P307,dropoff,H3,46.05,4.07,5,-1,475,520
1061,PU_R0531,R0531,P307,pickup,H3,46.05,4.07,5,1,740,755
1062,DO_R0531,R0531,P307,dropoff,HOME_P307,46.10482864959138,4.064076969872608,5,-1,740,795
1063,PU_R0532,R0532,P308,pickup,HOME_P308,46.10578738609201,4.0017691311980705,5,1,855,904
1064,DO_R0532,R0532,P308,dropoff,H2,46.0457,4.0688,5,-1,875,920
1065,PU_R0533,R0533,P308,pickup,H2,46.0457,4.0688,5,1,955,980
1066,DO_R0533,R0533,P308,dropoff,HOME_P308,46.10578738609201,4.0017691311980705,5,-1,955,1030
1067,PU_R0534,R0534,P309,pickup,HOME_P309,46.067400310003535,4.155979481241056,5,1,860,902
1068,DO_R0534,R0534,P309,dropoff,H2,46.0457,4.0688,5,-1,870,915
1069,PU_R0535,R0535,P310,pickup,HOME_P310,46.117160157261154,4.095111957699283,5,1,755,796
1070,DO_R0535,R0535,P310,dropoff,H1,46.0533,4.0727,5,-1,765,810
1071,PU_R0536,R0536,P311,pickup,HOME_P311,46.069440952127394,4.16051131341222,5,1,470,512
1072,DO_R0536,R0536,P311,dropoff,H1,46.0533,4.0727,5,-1,480,525
1073,PU_R0537,R0537,P311,pickup,H1,46.0533,4.0727,5,1,675,690
1074,DO_R0537,R0537,P311,dropoff,HOME_P311,46.069440952127394,4.16051131341222,5,-1,675,730
1075,PU_R0538,R0538,P312,pickup,HOME_P312,45.98804447470093,3.9657784278388686,5,1,585,630
1076,DO_R0538,R0538,P312,dropoff,H1,46.0533,4.0727,5,-1,605,650
1077,PU_R0539,R0539,P312,pickup,H1,46.0533,4.0727,5,1,725,750
1078,DO_R0539,R0539,P312,dropoff,HOME_P312,45.98804447470093,3.9657784278388686,5,-1,725,800
1079,PU_R0540,R0540,P313,pickup,HOME_P313,46.087874737695124,4.2040100435420715,5,1,605,650
1080,DO_R0540,R0540,P313,dropoff,H1,46.0533,4.0727,5,-1,625,670
1081,PU_R0541,R0541,P314,pickup,HOME_P314,46.12390111553666,4.062163471044978,5,1,975,1015
1082,DO_R0541,R0541,P314,dropoff,H1,46.0533,4.0727,5,-1,985,1030
1083,PU_R0542,R0542,P315,pickup,HOME_P315,46.031639886556256,4.176713601424125,5,1,650,690
1084,DO_R0542,R0542,P315,dropoff,H1,46.0533,4.0727,5,-1,660,705
1085,PU_R0543,R0543,P315,pickup,H1,46.0533,4.0727,5,1,865,880
1086,DO_R0543,R0543,P315,dropoff,HOME_P315,46.031639886556256,4.176713601424125,5,-1,865,920
1087,PU_R0544,R0544,P316,pickup,HOME_P316,46.10453843189048,4.135444123146881,5,1,935,986
1088,DO_R0544,R0544,P316,dropoff,H1,46.0533,4.0727,5,-1,955,1000
1089,PU_R0545,R0545,P317,pickup,HOME_P317,46.10136351004773,4.136620726676601,5,1,475,527
1090,DO_R0545,R0545,P317,dropoff,H1,46.0533,4.0727,5,-1,495,540
1091,PU_R0546,R0546,P317,pickup,H1,46.0533,4.0727,5,1,645,670
1092,DO_R0546,R0546,P317,dropoff,HOME_P317,46.10136351004773,4.136620726676601,5,-1,645,720
1093,PU_R0547,R0547,P318,pickup,HOME_P318,46.0999957275492,4.043741583654065,5,1,760,803
1094,DO_R0547,R0547,P318,dropoff,H2,46.0457,4.0688,5,-1,770,815
1095,PU_R0548,R0548,P318,pickup,H2,46.0457,4.0688,5,1,1025,1040
1096,DO_R0548,R0548,P318,dropoff,HOME_P318,46.0999957275492,4.043741583654065,5,-1,1025,1080
1097,PU_R0549,R0549,P319,pickup,HOME_P319,46.07270178229091,3.9696143969230566,5,1,470,520
1098,DO_R0549,R0549,P319,dropoff,H1,46.0533,4.0727,5,-1,490,535
1099,PU_R0550,R0550,P319,pickup,H1,46.0533,4.0727,5,1,640,665
1100,DO_R0550,R0550,P319,dropoff,HOME_P319,46.07270178229091,3.9696143969230566,5,-1,640,715
1101,PU_R0551,R0551,P320,pickup,HOME_P320,45.96220957063156,4.099242282618532,5,1,470,507
1102,DO_R0551,R0551,P320,dropoff,H2,46.0457,4.0688,5,-1,480,525
1103,PU_R0552,R0552,P320,pickup,H2,46.0457,4.0688,5,1,875,890
1104,DO_R0552,R0552,P320,dropoff,HOME_P320,45.96220957063156,4.099242282618532,5,-1,875,930
1105,PU_R0553,R0553,P321,pickup,HOME_P321,46.112928152560144,4.026599344027061,5,1,840,890
1106,DO_R0553,R0553,P321,dropoff,H2,46.0457,4.0688,5,-1,860,905
1107,PU_R0554,R0554,P321,pickup,H2,46.0457,4.0688,5,1,945,970
1108,DO_R0554,R0554,P321,dropoff,HOME_P321,46.112928152560144,4.026599344027061,5,-1,945,1020
1109,PU_R0555,R0555,P322,pickup,HOME_P322,46.0926922301725,4.027641275971213,5,1,515,570
1110,DO_R0555,R0555,P322,dropoff,H1,46.0533,4.0727,5,-1,535,580
1111,PU_R0556,R0556,P322,pickup,H1,46.0533,4.0727,5,1,665,690
1112,DO_R0556,R0556,P322,dropoff,HOME_P322,46.0926922301725,4.027641275971213,5,-1,665,740
1113,PU_R0557,R0557,P323,pickup,HOME_P323,46.03459239736719,3.9718439629231677,5,1,445,486
1114,DO_R0557,R0557,P323,dropoff,H2,46.0457,4.0688,5,-1,455,500
1115,PU_R0558,R0558,P323,pickup,H2,46.0457,4.0688,5,1,740,755
1116,DO_R0558,R0558,P323,dropoff,HOME_P323,46.03459239736719,3.9718439629231677,5,-1,740,795
1117,PU_R0559,R0559,P324,pickup,HOME_P324,46.03625287070945,3.9736015266466986,5,1,460,500
1118,DO_R0559,R0559,P324,dropoff,H1,46.0533,4.0727,5,-1,470,515
1119,PU_R0560,R0560,P324,pickup,H1,46.0533,4.0727,5,1,755,770
1120,DO_R0560,R0560,P324,dropoff,HOME_P324,46.03625287070945,3.9736015266466986,5,-1,755,810
1121,PU_R0561,R0561,P325,pickup,HOME_P325,46.02173985295388,4.018482944264942,5,1,870,916
1122,DO_R0561,R0561,P325,dropoff,H2,46.0457,4.0688,5,-1,880,925
1123,PU_R0562,R0562,P326,pickup,HOME_P326,46.01449055262664,3.9898579419943125,5,1,745,787
1124,DO_R0562,R0562,P326,dropoff,H2,46.0457,4.0688,5,-1,755,800
1125,PU_R0563,R0563,P327,pickup,HOME_P327,46.11898880102097,4.180431285789492,5,1,595,640
1126,DO_R0563,R0563,P327,dropoff,H1,46.0533,4.0727,5,-1,615,660
1127,PU_R0564,R0564,P328,pickup,HOME_P328,46.077120416170985,4.142806524141088,5,1,780,824
1128,DO_R0564,R0564,P328,dropoff,H1,46.0533,4.0727,5,-1,790,835
1129,PU_R0565,R0565,P329,pickup,HOME_P329,46.07741572096352,4.060425935447942,5,1,480,529
1130,DO_R0565,R0565,P329,dropoff,H1,46.0533,4.0727,5,-1,490,535
1131,PU_R0566,R0566,P329,pickup,H1,46.0533,4.0727,5,1,775,790
1132,DO_R0566,R0566,P329,dropoff,HOME_P329,46.07741572096352,4.060425935447942,5,-1,775,830
1133,PU_R0567,R0567,P330,pickup,HOME_P330,45.95524936667547,3.9099538542085455,5,1,671,725
1134,DO_R0567,R0567,P330,dropoff,H1,46.0533,4.0727,5,-1,710,755
1135,PU_R0568,R0568,P330,pickup,H1,46.0533,4.0727,5,1,780,815
1136,DO_R0568,R0568,P330,dropoff,HOME_P330,45.95524936667547,3.9099538542085455,5,-1,780,884
1137,PU_R0569,R0569,P331,pickup,HOME_P331,46.06847798932109,4.145759528401987,5,1,655,699
1138,DO_R0569,R0569,P331,dropoff,H1,46.0533,4.0727,5,-1,665,710
1139,PU_R0570,R0570,P331,pickup,H1,46.0533,4.0727,5,1,880,895
1140,DO_R0570,R0570,P331,dropoff,HOME_P331,46.06847798932109,4.145759528401987,5,-1,880,935
1141,PU_R0571,R0571,P332,pickup,HOME_P332,46.044598858645045,4.035700329488843,5,1,455,505
1142,DO_R0571,R0571,P332,dropoff,H2,46.0457,4.0688,5,-1,465,510
1143,PU_R0572,R0572,P332,pickup,H2,46.0457,4.0688,5,1,590,605
1144,DO_R0572,R0572,P332,dropoff,HOME_P332,46.044598858645045,4.035700329488843,5,-1,590,645
1145,PU_R0573,R0573,P333,pickup,HOME_P333,46.06496385378825,3.9895179241736503,5,1,475,518
1146,DO_R0573,R0573,P333,dropoff,H2,46.0457,4.0688,5,-1,485,530
1147,PU_R0574,R0574,P333,pickup,H2,46.0457,4.0688,5,1,825,840
1148,DO_R0574,R0574,P333,dropoff,HOME_P333,46.06496385378825,3.9895179241736503,5,-1,825,880
1149,PU_R0575,R0575,P334,pickup,HOME_P334,45.914983066586935,3.980062179937469,5,1,690,744
1150,DO_R0575,R0575,P334,dropoff,H1,46.0533,4.0727,5,-1,730,775
1151,PU_R0576,R0576,P334,pickup,H1,46.0533,4.0727,5,1,795,830
1152,DO_R0576,R0576,P334,dropoff,HOME_P334,45.914983066586935,3.980062179937469,5,-1,795,900
1153,PU_R0577,R0577,P335,pickup,HOME_P335,46.04764035971134,4.080957657539042,5,1,430,480
1154,DO_R0577,R0577,P335,dropoff,H1,46.0533,4.0727,5,-1,440,485
1155,PU_R0578,R0578,P335,pickup,H1,46.0533,4.0727,5,1,635,650
1156,DO_R0578,R0578,P335,dropoff,HOME_P335,46.04764035971134,4.080957657539042,5,-1,635,690
1157,PU_R0579,R0579,P336,pickup,HOME_P336,46.02251716682518,4.080384716470868,5,1,440,489
1158,DO_R0579,R0579,P336,dropoff,H3,46.05,4.07,5,-1,450,495
1159,PU_R0580,R0580,P336,pickup,H3,46.05,4.07,5,1,715,730
1160,DO_R0580,R0580,P336,dropoff,HOME_P336,46.02251716682518,4.080384716470868,5,-1,715,770
1161,PU_R0581,R0581,P337,pickup,HOME_P337,46.03906156659458,4.033446712451031,5,1,580,639
1162,DO_R0581,R0581,P337,dropoff,H2,46.0457,4.0688,5,-1,600,645
1163,PU_R0582,R0582,P337,pickup,H2,46.0457,4.0688,5,1,680,705
1164,DO_R0582,R0582,P337,dropoff,HOME_P337,46.03906156659458,4.033446712451031,5,-1,680,755
1165,PU_R0583,R0583,P338,pickup,HOME_P338,46.073386581725536,4.1795794466138565,5,1,440,479
1166,DO_R0583,R0583,P338,dropoff,H1,46.0533,4.0727,5,-1,450,495
1167,PU_R0584,R0584,P338,pickup,H1,46.0533,4.0727,5,1,660,675
1168,DO_R0584,R0584,P338,dropoff,HOME_P338,46.073386581725536,4.1795794466138565,5,-1,660,715
1169,PU_R0585,R0585,P339,pickup,HOME_P339,46.102626025573535,4.075924324463858,5,1,755,799
1170,DO_R0585,R0585,P339,dropoff,H3,46.05,4.07,5,-1,765,810
1171,PU_R0586,R0586,P340,pickup,HOME_P340,46.00134434136338,4.094923668378479,5,1,430,474
1172,DO_R0586,R0586,P340,dropoff,H1,46.0533,4.0727,5,-1,440,485
1173,PU_R0587,R0587,P340,pickup,H1,46.0533,4.0727,5,1,725,740
1174,DO_R0587,R0587,P340,dropoff,HOME_P340,46.00134434136338,4.094923668378479,5,-1,725,780
1175,PU_R0588,R0588,P341,pickup,HOME_P341,45.999763136828996,4.054401206633526,5,1,570,625
1176,DO_R0588,R0588,P341,dropoff,H2,46.0457,4.0688,5,-1,590,635
1177,PU_R0589,R0589,P341,pickup,H2,46.0457,4.0688,5,1,670,695
1178,DO_R0589,R0589,P341,dropoff,HOME_P341,45.999763136828996,4.054401206633526,5,-1,670,745
1179,PU_R0590,R0590,P342,pickup,HOME_P342,46.01710155782415,4.125582464046109,5,1,500,554
1180,DO_R0590,R0590,P342,dropoff,H1,46.0533,4.0727,5,-1,520,565
1181,PU_R0591,R0591,P342,pickup,H1,46.0533,4.0727,5,1,635,660
1182,DO_R0591,R0591,P342,dropoff,HOME_P342,46.01710155782415,4.125582464046109,5,-1,635,710
1183,PU_R0592,R0592,P343,pickup,HOME_P343,46.09187487687423,4.00286826576911,5,1,770,812
1184,DO_R0592,R0592,P343,dropoff,H1,46.0533,4.0727,5,-1,780,825
1185,PU_R0593,R0593,P344,pickup,HOME_P344,46.093153247662855,4.001523450964378,5,1,460,511
1186,DO_R0593,R0593,P344,dropoff,H2,46.0457,4.0688,5,-1,480,525
1187,PU_R0594,R0594,P344,pickup,H2,46.0457,4.0688,5,1,555,580
1188,DO_R0594,R0594,P344,dropoff,HOME_P344,46.093153247662855,4.001523450964378,5,-1,555,630
1189,PU_R0595,R0595,P345,pickup,HOME_P345,46.105926857515975,4.078917274308336,5,1,480,523
1190,DO_R0595,R0595,P345,dropoff,H3,46.05,4.07,5,-1,490,535
1191,PU_R0596,R0596,P345,pickup,H3,46.05,4.07,5,1,745,760
1192,DO_R0596,R0596,P345,dropoff,HOME_P345,46.105926857515975,4.078917274308336,5,-1,745,800
1193,PU_R0597,R0597,P346,pickup,HOME_P346,46.020395562042786,4.055682113946122,5,1,525,584
1194,DO_R0597,R0597,P346,dropoff,H2,46.0457,4.0688,5,-1,545,590
1195,PU_R0598,R0598,P346,pickup,H2,46.0457,4.0688,5,1,630,655
1196,DO_R0598,R0598,P346,dropoff,HOME_P346,46.020395562042786,4.055682113946122,5,-1,630,705
1197,PU_R0599,R0599,P347,pickup,HOME_P347,46.02760743362658,4.050569555233913,5,1,825,885
1198,DO_R0599,R0599,P347,dropoff,H2,46.0457,4.0688,5,-1,845,890
1199,PU_R0600,R0600,P347,pickup,H2,46.0457,4.0688,5,1,920,945
1200,DO_R0600,R0600,P347,dropoff,HOME_P347,46.02760743362658,4.050569555233913,5,-1,920,995
1201,PU_R0601,R0601,P348,pickup,HOME_P348,45.99102709584806,3.908194918547536,5,1,598,649
1202,DO_R0601,R0601,P348,dropoff,H1,46.0533,4.0727,5,-1,630,675
1203,PU_R0602,R0602,P348,pickup,H1,46.0533,4.0727,5,1,695,730
1204,DO_R0602,R0602,P348,dropoff,HOME_P348,45.99102709584806,3.908194918547536,5,-1,695,792
1205,PU_R0603,R0603,P349,pickup,HOME_P349,46.05964410666995,4.072681094420185,5,1,435,485
1206,DO_R0603,R0603,P349,dropoff,H1,46.0533,4.0727,5,-1,445,490
1207,PU_R0604,R0604,P349,pickup,H1,46.0533,4.0727,5,1,670,685
1208,DO_R0604,R0604,P349,dropoff,HOME_P349,46.05964410666995,4.072681094420185,5,-1,670,725
1209,PU_R0605,R0605,P350,pickup,HOME_P350,46.03687249348628,4.087742541102974,5,1,465,525
1210,DO_R0605,R0605,P350,dropoff,H1,46.0533,4.0727,5,-1,485,530
1211,PU_R0606,R0606,P350,pickup,H1,46.0533,4.0727,5,1,615,640
1212,DO_R0606,R0606,P350,dropoff,HOME_P350,46.03687249348628,4.087742541102974,5,-1,615,690
1213,PU_R0607,R0607,P351,pickup,HOME_P351,46.13595097325265,4.121680207150567,5,1,565,610
1214,DO_R0607,R0607,P351,dropoff,H2,46.0457,4.0688,5,-1,585,630
1215,PU_R0608,R0608,P351,pickup,H2,46.0457,4.0688,5,1,670,695
1216,DO_R0608,R0608,P351,dropoff,HOME_P351,46.13595097325265,4.121680207150567,5,-1,670,745
1217,PU_R0609,R0609,P352,pickup,HOME_P352,46.03696981716475,4.128240592853201,5,1,740,786
1218,DO_R0609,R0609,P352,dropoff,H2,46.0457,4.0688,5,-1,750,795
1219,PU_R0610,R0610,P353,pickup,HOME_P353,46.06011874512535,4.053170698133652,5,1,760,810
1220,DO_R0610,R0610,P353,dropoff,H1,46.0533,4.0727,5,-1,770,815
1221,PU_R0611,R0611,P354,pickup,HOME_P354,46.00210627714146,4.077537452527096,5,1,1000,1045
1222,DO_R0611,R0611,P354,dropoff,H3,46.05,4.07,5,-1,1010,1055
1223,PU_R0612,R0612,P355,pickup,HOME_P355,46.01100260201025,4.034409377846913,5,1,740,785
1224,DO_R0612,R0612,P355,dropoff,H1,46.0533,4.0727,5,-1,750,795
1225,PU_R0613,R0613,P356,pickup,HOME_P356,46.062419269602955,4.129112537942431,5,1,475,531
1226,DO_R0613,R0613,P356,dropoff,H2,46.0457,4.0688,5,-1,495,540
1227,PU_R0614,R0614,P356,pickup,H2,46.0457,4.0688,5,1,570,595
1228,DO_R0614,R0614,P356,dropoff,HOME_P356,46.062419269602955,4.129112537942431,5,-1,570,645
1229,PU_R0615,R0615,P357,pickup,HOME_P357,46.05122916596938,3.923528796551976,5,1,630,674
1230,DO_R0615,R0615,P357,dropoff,H1,46.0533,4.0727,5,-1,650,695
1231,PU_R0616,R0616,P357,pickup,H1,46.0533,4.0727,5,1,815,840
1232,DO_R0616,R0616,P357,dropoff,HOME_P357,46.05122916596938,3.923528796551976,5,-1,815,890
1233,PU_R0617,R0617,P358,pickup,HOME_P358,46.02493676550117,4.02550311421965,5,1,475,522
1234,DO_R0617,R0617,P358,dropoff,H2,46.0457,4.0688,5,-1,485,530
1235,PU_R0618,R0618,P358,pickup,H2,46.0457,4.0688,5,1,795,810
1236,DO_R0618,R0618,P358,dropoff,HOME_P358,46.02493676550117,4.02550311421965,5,-1,795,850
1237,PU_R0619,R0619,P359,pickup,HOME_P359,46.021269957894454,3.9702522601831185,5,1,475,515
1238,DO_R0619,R0619,P359,dropoff,H2,46.0457,4.0688,5,-1,485,530
1239,PU_R0620,R0620,P359,pickup,H2,46.0457,4.0688,5,1,695,710
1240,DO_R0620,R0620,P359,dropoff,HOME_P359,46.021269957894454,3.9702522601831185,5,-1,695,750
1241,PU_R0621,R0621,P360,pickup,HOME_P360,46.09939626719486,4.102317565967526,5,1,430,474
1242,DO_R0621,R0621,P360,dropoff,H3,46.05,4.07,5,-1,440,485
1243,PU_R0622,R0622,P361,pickup,HOME_P361,46.032867131486135,4.11797382850494,5,1,430,477
1244,DO_R0622,R0622,P361,dropoff,H1,46.0533,4.0727,5,-1,440,485
1245,PU_R0623,R0623,P361,pickup,H1,46.0533,4.0727,5,1,655,670
1246,DO_R0623,R0623,P361,dropoff,HOME_P361,46.032867131486135,4.11797382850494,5,-1,655,710
1247,PU_R0624,R0624,P362,pickup,HOME_P362,46.03314634982595,4.040926335181946,5,1,450,500
1248,DO_R0624,R0624,P362,dropoff,H2,46.0457,4.0688,5,-1,460,505
1249,PU_R0625,R0625,P362,pickup,H2,46.0457,4.0688,5,1,775,790
1250,DO_R0625,R0625,P362,dropoff,HOME_P362,46.03314634982595,4.040926335181946,5,-1,775,830
1251,PU_R0626,R0626,P363,pickup,HOME_P363,46.05154985008537,4.190704326801794,5,1,610,658
1252,DO_R0626,R0626,P363,dropoff,H2,46.0457,4.0688,5,-1,630,675
1253,PU_R0627,R0627,P363,pickup,H2,46.0457,4.0688,5,1,715,740
1254,DO_R0627,R0627,P363,dropoff,HOME_P363,46.05154985008537,4.190704326801794,5,-1,715,790
1255,PU_R0628,R0628,P364,pickup,HOME_P364,46.09376538668593,4.0709187118009895,5,1,780,826
1256,DO_R0628,R0628,P364,dropoff,H3,46.05,4.07,5,-1,790,835
1257,PU_R0629,R0629,P365,pickup,HOME_P365,46.01838039093083,4.125224663924861,5,1,435,479
1258,DO_R0629,R0629,P365,dropoff,H1,46.0533,4.0727,5,-1,445,490
1259,PU_R0630,R0630,P365,pickup,H1,46.0533,4.0727,5,1,730,745
1260,DO_R0630,R0630,P365,dropoff,HOME_P365,46.01838039093083,4.125224663924861,5,-1,730,785
1261,PU_R0631,R0631,P366,pickup,HOME_P366,45.99016344098366,4.116508158910271,5,1,740,781
1262,DO_R0631,R0631,P366,dropoff,H1,46.0533,4.0727,5,-1,750,795
1263,PU_R0632,R0632,P367,pickup,HOME_P367,46.009904292027024,3.9743981696008475,5,1,490,540
1264,DO_R0632,R0632,P367,dropoff,H2,46.0457,4.0688,5,-1,510,555
1265,PU_R0633,R0633,P367,pickup,H2,46.0457,4.0688,5,1,580,605
1266,DO_R0633,R0633,P367,dropoff,HOME_P367,46.009904292027024,3.9743981696008475,5,-1,580,655
1267,PU_R0634,R0634,P368,pickup,HOME_P368,46.0689525657074,4.047793140658522,5,1,440,490
1268,DO_R0634,R0634,P368,dropoff,H1,46.0533,4.0727,5,-1,450,495
1269,PU_R0635,R0635,P368,pickup,H1,46.0533,4.0727,5,1,735,750
1270,DO_R0635,R0635,P368,dropoff,HOME_P368,46.0689525657074,4.047793140658522,5,-1,735,790
1271,PU_R0636,R0636,P369,pickup,HOME_P369,46.12867845925342,4.036348100754213,5,1,480,519
1272,DO_R0636,R0636,P369,dropoff,H1,46.0533,4.0727,5,-1,490,535
1273,PU_R0637,R0637,P369,pickup,H1,46.0533,4.0727,5,1,700,715
1274,DO_R0637,R0637,P369,dropoff,HOME_P369,46.12867845925342,4.036348100754213,5,-1,700,755
1275,PU_R0638,R0638,P370,pickup,HOME_P370,45.9839146177059,4.033192868557226,5,1,650,690
1276,DO_R0638,R0638,P370,dropoff,H1,46.0533,4.0727,5,-1,660,705
1277,PU_R0639,R0639,P370,pickup,H1,46.0533,4.0727,5,1,885,900
1278,DO_R0639,R0639,P370,dropoff,HOME_P370,45.9839146177059,4.033192868557226,5,-1,885,940
1279,PU_R0640,R0640,P371,pickup,HOME_P371,46.0534807263211,4.051448606754006,5,1,910,970
1280,DO_R0640,R0640,P371,dropoff,H1,46.0533,4.0727,5,-1,930,975
1281,PU_R0641,R0641,P372,pickup,HOME_P372,46.08508211789289,4.077331233796568,5,1,480,538
1282,DO_R0641,R0641,P372,dropoff,H1,46.0533,4.0727,5,-1,500,545
1283,PU_R0642,R0642,P372,pickup,H1,46.0533,4.0727,5,1,660,685
1284,DO_R0642,R0642,P372,dropoff,HOME_P372,46.08508211789289,4.077331233796568,5,-1,660,735
1285,PU_R0643,R0643,P373,pickup,HOME_P373,46.0327235194437,4.0106958962503505,5,1,780,826
1286,DO_R0643,R0643,P373,dropoff,H2,46.0457,4.0688,5,-1,790,835
1287,PU_R0644,R0644,P374,pickup,HOME_P374,45.98424814842158,3.9875684204876043,5,1,615,661
1288,DO_R0644,R0644,P374,dropoff,H1,46.0533,4.0727,5,-1,635,680
1289,PU_R0645,R0645,P374,pickup,H1,46.0533,4.0727,5,1,755,780
1290,DO_R0645,R0645,P374,dropoff,HOME_P374,45.98424814842158,3.9875684204876043,5,-1,755,830
1291,PU_R0646,R0646,P375,pickup,HOME_P375,46.10085930539285,4.0459213411517885,5,1,455,499
1292,DO_R0646,R0646,P375,dropoff,H3,46.05,4.07,5,-1,465,510
1293,PU_R0647,R0647,P375,pickup,H3,46.05,4.07,5,1,770,785
1294,DO_R0647,R0647,P375,dropoff,HOME_P375,46.10085930539285,4.0459213411517885,5,-1,770,825
1295,PU_R0648,R0648,P376,pickup,HOME_P376,46.01630321262957,3.9813644056729176,5,1,965,1016
1296,DO_R0648,R0648,P376,dropoff,H2,46.0457,4.0688,5,-1,985,1030
1297,PU_R0649,R0649,P377,pickup,HOME_P377,46.105846493214955,4.057254136660588,5,1,825,879
1298,DO_R0649,R0649,P377,dropoff,H1,46.0533,4.0727,5,-1,845,890
1299,PU_R0650,R0650,P377,pickup,H1,46.0533,4.0727,5,1,985,1010
1300,DO_R0650,R0650,P377,dropoff,HOME_P377,46.105846493214955,4.057254136660588,5,-1,985,1060
1301,PU_R0651,R0651,P378,pickup,HOME_P378,46.026223138540686,4.124666632275955,5,1,830,886
1302,DO_R0651,R0651,P378,dropoff,H2,46.0457,4.0688,5,-1,850,895
1303,PU_R0652,R0652,P378,pickup,H2,46.0457,4.0688,5,1,925,950
1304,DO_R0652,R0652,P378,dropoff,HOME_P378,46.026223138540686,4.124666632275955,5,-1,925,1000
1305,PU_R0653,R0653,P379,pickup,HOME_P379,46.009624562824236,4.014089481116725,5,1,450,493
1306,DO_R0653,R0653,P379,dropoff,H1,46.0533,4.0727,5,-1,460,505
1307,PU_R0654,R0654,P379,pickup,H1,46.0533,4.0727,5,1,745,760
1308,DO_R0654,R0654,P379,dropoff,HOME_P379,46.009624562824236,4.014089481116725,5,-1,745,800
1309,PU_R0655,R0655,P380,pickup,HOME_P380,46.01330184055855,4.076602891800576,5,1,940,997
1310,DO_R0655,R0655,P380,dropoff,H1,46.0533,4.0727,5,-1,960,1005
1311,PU_R0656,R0656,P381,pickup,HOME_P381,46.1096726462191,4.107628376810986,5,1,745,787
1312,DO_R0656,R0656,P381,dropoff,H1,46.0533,4.0727,5,-1,755,800
1313,PU_R0657,R0657,P382,pickup,HOME_P382,46.08656894173862,4.112834931678534,5,1,455,501
1314,DO_R0657,R0657,P382,dropoff,H1,46.0533,4.0727,5,-1,465,510
1315,PU_R0658,R0658,P382,pickup,H1,46.0533,4.0727,5,1,675,690
1316,DO_R0658,R0658,P382,dropoff,HOME_P382,46.08656894173862,4.112834931678534,5,-1,675,730
1317,PU_R0659,R0659,P383,pickup,HOME_P383,46.03529841636802,4.063146665563258,5,1,725,775
1318,DO_R0659,R0659,P383,dropoff,H1,46.0533,4.0727,5,-1,735,780
1319,PU_R0660,R0660,P383,pickup,H1,46.0533,4.0727,5,1,1020,1035
1320,DO_R0660,R0660,P383,dropoff,HOME_P383,46.03529841636802,4.063146665563258,5,-1,1020,1075
1321,PU_R0661,R0661,P384,pickup,HOME_P384,46.012135191278354,4.009943018989275,5,1,825,878
1322,DO_R0661,R0661,P384,dropoff,H1,46.0533,4.0727,5,-1,845,890
1323,PU_R0662,R0662,P384,pickup,H1,46.0533,4.0727,5,1,960,985
1324,DO_R0662,R0662,P384,dropoff,HOME_P384,46.012135191278354,4.009943018989275,5,-1,960,1035
1325,PU_R0663,R0663,P385,pickup,HOME_P385,46.1819973817356,4.000418415840338,5,1,485,537
1326,DO_R0663,R0663,P385,dropoff,H1,46.0533,4.0727,5,-1,520,565
1327,PU_R0664,R0664,P385,pickup,H1,46.0533,4.0727,5,1,585,620
1328,DO_R0664,R0664,P385,dropoff,HOME_P385,46.1819973817356,4.000418415840338,5,-1,585,685
1329,PU_R0665,R0665,P386,pickup,HOME_P386,45.99004616074932,4.193976235264793,5,1,945,989
1330,DO_R0665,R0665,P386,dropoff,H1,46.0533,4.0727,5,-1,965,1010
1331,PU_R0666,R0666,P387,pickup,HOME_P387,46.055667647999336,4.082947147556457,5,1,725,775
1332,DO_R0666,R0666,P387,dropoff,H3,46.05,4.07,5,-1,735,780
1333,PU_R0667,R0667,P387,pickup,H3,46.05,4.07,5,1,1005,1020
1334,DO_R0667,R0667,P387,dropoff,HOME_P387,46.055667647999336,4.082947147556457,5,-1,1005,1060
1335,PU_R0668,R0668,P388,pickup,HOME_P388,46.1141975863474,4.1315454855837155,5,1,440,478
1336,DO_R0668,R0668,P388,dropoff,H2,46.0457,4.0688,5,-1,450,495
1337,PU_R0669,R0669,P388,pickup,H2,46.0457,4.0688,5,1,815,830
1338,DO_R0669,R0669,P388,dropoff,HOME_P388,46.1141975863474,4.1315454855837155,5,-1,815,870
1339,PU_R0670,R0670,P389,pickup,HOME_P389,46.0614199546138,4.166387128089386,5,1,480,521
1340,DO_R0670,R0670,P389,dropoff,H2,46.0457,4.0688,5,-1,490,535
1341,PU_R0671,R0671,P389,pickup,H2,46.0457,4.0688,5,1,755,770
1342,DO_R0671,R0671,P389,dropoff,HOME_P389,46.0614199546138,4.166387128089386,5,-1,755,810
1343,PU_R0672,R0672,P390,pickup,HOME_P390,46.068069753443716,3.9938163986756523,5,1,435,478
1344,DO_R0672,R0672,P390,dropoff,H3,46.05,4.07,5,-1,445,490
1345,PU_R0673,R0673,P390,pickup,H3,46.05,4.07,5,1,720,735
1346,DO_R0673,R0673,P390,dropoff,HOME_P390,46.068069753443716,3.9938163986756523,5,-1,720,775
1347,PU_R0674,R0674,P391,pickup,HOME_P391,46.04108869263889,4.006247474760711,5,1,465,511
1348,DO_R0674,R0674,P391,dropoff,H2,46.0457,4.0688,5,-1,475,520
1349,PU_R0675,R0675,P391,pickup,H2,46.0457,4.0688,5,1,610,625
1350,DO_R0675,R0675,P391,dropoff,HOME_P391,46.04108869263889,4.006247474760711,5,-1,610,665
1351,PU_R0676,R0676,P392,pickup,HOME_P392,46.15048764664324,4.07261220017607,5,1,630,675
1352,DO_R0676,R0676,P392,dropoff,H1,46.0533,4.0727,5,-1,650,695
1353,PU_R0677,R0677,P392,pickup,H1,46.0533,4.0727,5,1,760,785
1354,DO_R0677,R0677,P392,dropoff,HOME_P392,46.15048764664324,4.07261220017607,5,-1,760,835
1355,PU_R0678,R0678,P393,pickup,HOME_P393,46.07478248913017,4.031723669765606,5,1,985,1032
1356,DO_R0678,R0678,P393,dropoff,H3,46.05,4.07,5,-1,995,1040
1357,PU_R0679,R0679,P394,pickup,HOME_P394,46.09578718749019,4.09369990704634,5,1,760,804
1358,DO_R0679,R0679,P394,dropoff,H2,46.0457,4.0688,5,-1,770,815
1359,PU_R0680,R0680,P395,pickup,HOME_P395,45.969803158974585,4.246698361935634,5,1,652,705
1360,DO_R0680,R0680,P395,dropoff,H1,46.0533,4.0727,5,-1,690,735
1361,PU_R0681,R0681,P395,pickup,H1,46.0533,4.0727,5,1,765,800
1362,DO_R0681,R0681,P395,dropoff,HOME_P395,45.969803158974585,4.246698361935634,5,-1,765,868
1363,PU_R0682,R0682,P396,pickup,HOME_P396,45.95893603259408,4.0042291115811866,5,1,605,650
1364,DO_R0682,R0682,P396,dropoff,H2,46.0457,4.0688,5,-1,625,670
1365,PU_R0683,R0683,P396,pickup,H2,46.0457,4.0688,5,1,700,725
1366,DO_R0683,R0683,P396,dropoff,HOME_P396,45.95893603259408,4.0042291115811866,5,-1,700,775
1367,PU_R0684,R0684,P397,pickup,HOME_P397,46.04407110788966,4.017602526049796,5,1,725,772
1368,DO_R0684,R0684,P397,dropoff,H1,46.0533,4.0727,5,-1,735,780
1369,PU_R0685,R0685,P397,pickup,H1,46.0533,4.0727,5,1,1020,1035
1370,DO_R0685,R0685,P397,dropoff,HOME_P397,46.04407110788966,4.017602526049796,5,-1,1020,1075
1371,PU_R0686,R0686,P398,pickup,HOME_P398,45.993303035305416,3.955277286050813,5,1,570,614
1372,DO_R0686,R0686,P398,dropoff,H1,46.0533,4.0727,5,-1,590,635
1373,PU_R0687,R0687,P398,pickup,H1,46.0533,4.0727,5,1,705,730
1374,DO_R0687,R0687,P398,dropoff,HOME_P398,45.993303035305416,3.955277286050813,5,-1,705,780
1375,PU_R0688,R0688,P399,pickup,HOME_P399,46.04903206649145,4.123078953905888,5,1,750,798
1376,DO_R0688,R0688,P399,dropoff,H1,46.0533,4.0727,5,-1,760,805
1377,PU_R0689,R0689,P400,pickup,HOME_P400,46.001559293855294,4.161867466756903,5,1,650,688
1378,DO_R0689,R0689,P400,dropoff,H1,46.0533,4.0727,5,-1,660,705
1379,PU_R0690,R0690,P400,pickup,H1,46.0533,4.0727,5,1,860,875
1380,DO_R0690,R0690,P400,dropoff,HOME_P400,46.001559293855294,4.161867466756903,5,-1,860,915
1381,PU_R0691,R0691,P401,pickup,HOME_P401,46.027093278735556,3.968802160485448,5,1,505,555
1382,DO_R0691,R0691,P401,dropoff,H2,46.0457,4.0688,5,-1,525,570
1383,PU_R0692,R0692,P401,pickup,H2,46.0457,4.0688,5,1,600,625
1384,DO_R0692,R0692,P401,dropoff,HOME_P401,46.027093278735556,3.968802160485448,5,-1,600,675
1385,PU_R0693,R0693,P402,pickup,HOME_P402,46.029378847420254,4.006610430774776,5,1,760,805
1386,DO_R0693,R0693,P402,dropoff,H3,46.05,4.07,5,-1,770,815
1387,PU_R0694,R0694,P403,pickup,HOME_P403,46.118111041106985,4.039138326427458,5,1,480,521
1388,DO_R0694,R0694,P403,dropoff,H1,46.0533,4.0727,5,-1,490,535
1389,PU_R0695,R0695,P403,pickup,H1,46.0533,4.0727,5,1,775,790
1390,DO_R0695,R0695,P403,dropoff,HOME_P403,46.118111041106985,4.039138326427458,5,-1,775,830
1391,PU_R0696,R0696,P404,pickup,HOME_P404,46.12129801994726,4.1122498159630885,5,1,620,668
1392,DO_R0696,R0696,P404,dropoff,H2,46.0457,4.0688,5,-1,640,685
1393,PU_R0697,R0697,P404,pickup,H2,46.0457,4.0688,5,1,710,735
1394,DO_R0697,R0697,P404,dropoff,HOME_P404,46.12129801994726,4.1122498159630885,5,-1,710,785
1395,PU_R0698,R0698,P405,pickup,HOME_P405,46.07457447880092,4.1684792048151476,5,1,465,506
1396,DO_R0698,R0698,P405,dropoff,H1,46.0533,4.0727,5,-1,475,520
1397,PU_R0699,R0699,P405,pickup,H1,46.0533,4.0727,5,1,760,775
1398,DO_R0699,R0699,P405,dropoff,HOME_P405,46.07457447880092,4.1684792048151476,5,-1,760,815
1399,PU_R0700,R0700,P406,pickup,HOME_P406,46.146110600354255,4.114982025137741,5,1,590,635
1400,DO_R0700,R0700,P406,dropoff,H1,46.0533,4.0727,5,-1,610,655
1401,PU_R0701,R0701,P406,pickup,H1,46.0533,4.0727,5,1,720,745
1402,DO_R0701,R0701,P406,dropoff,HOME_P406,46.146110600354255,4.114982025137741,5,-1,720,795
1403,PU_R0702,R0702,P407,pickup,HOME_P407,46.07773228736621,4.077184160640556,5,1,425,473
1404,DO_R0702,R0702,P407,dropoff,H2,46.0457,4.0688,5,-1,435,480
1405,PU_R0703,R0703,P407,pickup,H2,46.0457,4.0688,5,1,745,760
1406,DO_R0703,R0703,P407,dropoff,HOME_P407,46.07773228736621,4.077184160640556,5,-1,745,800
1407,PU_R0704,R0704,P408,pickup,HOME_P408,46.025853359830734,4.099117526353233,5,1,735,783
1408,DO_R0704,R0704,P408,dropoff,H1,46.0533,4.0727,5,-1,745,790
1409,PU_R0705,R0705,P409,pickup,HOME_P409,45.99816830244628,4.031690918753008,5,1,610,662
1410,DO_R0705,R0705,P409,dropoff,H1,46.0533,4.0727,5,-1,630,675
1411,PU_R0706,R0706,P409,pickup,H1,46.0533,4.0727,5,1,760,785
1412,DO_R0706,R0706,P409,dropoff,HOME_P409,45.99816830244628,4.031690918753008,5,-1,760,835
1413,PU_R0707,R0707,P410,pickup,HOME_P410,46.049012730059395,4.114808525957449,5,1,445,494
1414,DO_R0707,R0707,P410,dropoff,H1,46.0533,4.0727,5,-1,455,500
1415,PU_R0708,R0708,P411,pickup,HOME_P411,46.03178099328392,4.1257054912987945,5,1,475,521
1416,DO_R0708,R0708,P411,dropoff,H1,46.0533,4.0727,5,-1,485,530
1417,PU_R0709,R0709,P411,pickup,H1,46.0533,4.0727,5,1,680,695
1418,DO_R0709,R0709,P411,dropoff,HOME_P411,46.03178099328392,4.1257054912987945,5,-1,680,735
1419,PU_R0710,R0710,P412,pickup,HOME_P412,46.06021062516913,4.0980860750839305,5,1,470,520
1420,DO_R0710,R0710,P412,dropoff,H2,46.0457,4.0688,5,-1,480,525
1421,PU_R0711,R0711,P412,pickup,H2,46.0457,4.0688,5,1,750,765
1422,DO_R0711,R0711,P412,dropoff,HOME_P412,46.06021062516913,4.0980860750839305,5,-1,750,805
1423,PU_R0712,R0712,P413,pickup,HOME_P413,46.12726856327188,4.108176347786463,5,1,810,859
1424,DO_R0712,R0712,P413,dropoff,H1,46.0533,4.0727,5,-1,830,875
1425,PU_R0713,R0713,P413,pickup,H1,46.0533,4.0727,5,1,960,985
1426,DO_R0713,R0713,P413,dropoff,HOME_P413,46.12726856327188,4.108176347786463,5,-1,960,1035
1427,PU_R0714,R0714,P414,pickup,HOME_P414,46.01862969709056,4.082340897918348,5,1,435,484
1428,DO_R0714,R0714,P414,dropoff,H2,46.0457,4.0688,5,-1,445,490
1429,PU_R0715,R0715,P414,pickup,H2,46.0457,4.0688,5,1,575,590
1430,DO_R0715,R0715,P414,dropoff,HOME_P414,46.01862969709056,4.082340897918348,5,-1,575,630
1431,PU_R0716,R0716,P415,pickup,HOME_P415,45.98940394618803,4.1315172762535095,5,1,445,484
1432,DO_R0716,R0716,P415,dropoff,H1,46.0533,4.0727,5,-1,455,500
1433,PU_R0717,R0717,P415,pickup,H1,46.0533,4.0727,5,1,655,670
1434,DO_R0717,R0717,P415,dropoff,HOME_P415,45.98940394618803,4.1315172762535095,5,-1,655,710
1435,PU_R0718,R0718,P416,pickup,HOME_P416,46.06441647585653,4.100325276925214,5,1,735,784
1436,DO_R0718,R0718,P416,dropoff,H3,46.05,4.07,5,-1,745,790
1437,PU_R0719,R0719,P417,pickup,HOME_P417,46.0974751947135,4.035900235994809,5,1,765,808
1438,DO_R0719,R0719,P417,dropoff,H2,46.0457,4.0688,5,-1,775,820
1439,PU_R0720,R0720,P418,pickup,HOME_P418,46.03795668079734,4.193416570759431,5,1,475,513
1440,DO_R0720,R0720,P418,dropoff,H1,46.0533,4.0727,5,-1,485,530
1441,PU_R0721,R0721,P418,pickup,H1,46.0533,4.0727,5,1,695,710
1442,DO_R0721,R0721,P418,dropoff,HOME_P418,46.03795668079734,4.193416570759431,5,-1,695,750
1443,PU_R0722,R0722,P419,pickup,HOME_P419,46.04816597930519,3.995911358262281,5,1,750,794
1444,DO_R0722,R0722,P419,dropoff,H3,46.05,4.07,5,-1,760,805
1445,PU_R0723,R0723,P420,pickup,HOME_P420,46.03902959236996,4.108865170785683,5,1,760,809
1446,DO_R0723,R0723,P420,dropoff,H1,46.0533,4.0727,5,-1,770,815
1447,PU_R0724,R0724,P421,pickup,HOME_P421,46.0036512975529,4.035494924977743,5,1,745,790
1448,DO_R0724,R0724,P421,dropoff,H2,46.0457,4.0688,5,-1,755,800
1449,PU_R0725,R0725,P422,pickup,HOME_P422,46.01939859193669,4.023777798152693,5,1,750,795
1450,DO_R0725,R0725,P422,dropoff,H1,46.0533,4.0727,5,-1,760,805
1451,PU_R0726,R0726,P423,pickup,HOME_P423,46.10286468898521,4.142048889006415,5,1,815,856
1452,DO_R0726,R0726,P423,dropoff,H1,46.0533,4.0727,5,-1,825,870
1453,PU_R0727,R0727,P423,pickup,H1,46.0533,4.0727,5,1,1020,1035
1454,DO_R0727,R0727,P423,dropoff,HOME_P423,46.10286468898521,4.142048889006415,5,-1,1020,1075
1455,PU_R0728,R0728,P424,pickup,HOME_P424,46.090363839040705,4.107085249348363,5,1,440,486
1456,DO_R0728,R0728,P424,dropoff,H1,46.0533,4.0727,5,-1,450,495
1457,PU_R0729,R0729,P424,pickup,H1,46.0533,4.0727,5,1,735,750
1458,DO_R0729,R0729,P424,dropoff,HOME_P424,46.090363839040705,4.107085249348363,5,-1,735,790
1459,PU_R0730,R0730,P425,pickup,HOME_P425,46.112967183291794,4.114194941754861,5,1,735,776
1460,DO_R0730,R0730,P425,dropoff,H3,46.05,4.07,5,-1,745,790
1461,PU_R0731,R0731,P425,pickup,H3,46.05,4.07,5,1,1000,1015
1462,DO_R0731,R0731,P425,dropoff,HOME_P425,46.112967183291794,4.114194941754861,5,-1,1000,1055
1463,PU_R0732,R0732,P426,pickup,HOME_P426,46.07401606545045,4.042976877631056,5,1,955,1013
1464,DO_R0732,R0732,P426,dropoff,H2,46.0457,4.0688,5,-1,975,1020
1465,PU_R0733,R0733,P427,pickup,HOME_P427,46.09830498812427,3.9682982024230835,5,1,1005,1052
1466,DO_R0733,R0733,P427,dropoff,H2,46.0457,4.0688,5,-1,1025,1070
1467,PU_R0734,R0734,P428,pickup,HOME_P428,45.97744656657101,4.151723653119893,5,1,850,887
1468,DO_R0734,R0734,P428,dropoff,H2,46.0457,4.0688,5,-1,860,905
1469,PU_R0735,R0735,P429,pickup,HOME_P429,46.06498323437479,4.083391660846031,5,1,620,670
1470,DO_R0735,R0735,P429,dropoff,H1,46.0533,4.0727,5,-1,630,675
1471,PU_R0736,R0736,P429,pickup,H1,46.0533,4.0727,5,1,825,840
1472,DO_R0736,R0736,P429,dropoff,HOME_P429,46.06498323437479,4.083391660846031,5,-1,825,880
1473,PU_R0737,R0737,P430,pickup,HOME_P430,46.04318074499684,4.02464536845962,5,1,735,783
1474,DO_R0737,R0737,P430,dropoff,H1,46.0533,4.0727,5,-1,745,790
1475,PU_R0738,R0738,P431,pickup,HOME_P431,46.0295611771754,4.096106801406318,5,1,765,814
1476,DO_R0738,R0738,P431,dropoff,H1,46.0533,4.0727,5,-1,775,820
1477,PU_R0739,R0739,P432,pickup,HOME_P432,45.98393692679837,4.123789889067545,5,1,425,464
1478,DO_R0739,R0739,P432,dropoff,H1,46.0533,4.0727,5,-1,435,480
1479,PU_R0740,R0740,P432,pickup,H1,46.0533,4.0727,5,1,645,660
1480,DO_R0740,R0740,P432,dropoff,HOME_P432,45.98393692679837,4.123789889067545,5,-1,645,700
1481,PU_R0741,R0741,P433,pickup,HOME_P433,46.15083804970407,4.090966388774113,5,1,785,830
1482,DO_R0741,R0741,P433,dropoff,H1,46.0533,4.0727,5,-1,805,850
1483,PU_R0742,R0742,P433,pickup,H1,46.0533,4.0727,5,1,945,970
1484,DO_R0742,R0742,P433,dropoff,HOME_P433,46.15083804970407,4.090966388774113,5,-1,945,1020
1485,PU_R0743,R0743,P434,pickup,HOME_P434,45.97143275125432,4.03269664530642,5,1,430,467
1486,DO_R0743,R0743,P434,dropoff,H1,46.0533,4.0727,5,-1,440,485
1487,PU_R0744,R0744,P434,pickup,H1,46.0533,4.0727,5,1,665,680
1488,DO_R0744,R0744,P434,dropoff,HOME_P434,45.97143275125432,4.03269664530642,5,-1,665,720
1489,PU_R0745,R0745,P435,pickup,HOME_P435,46.10507058606454,4.031017710418546,5,1,470,513
1490,DO_R0745,R0745,P435,dropoff,H1,46.0533,4.0727,5,-1,480,525
1491,PU_R0746,R0746,P435,pickup,H1,46.0533,4.0727,5,1,765,780
1492,DO_R0746,R0746,P435,dropoff,HOME_P435,46.10507058606454,4.031017710418546,5,-1,765,820
1493,PU_R0747,R0747,P436,pickup,HOME_P436,46.02329159145379,3.9255199426850433,5,1,465,509
1494,DO_R0747,R0747,P436,dropoff,H2,46.0457,4.0688,5,-1,485,530
1495,PU_R0748,R0748,P436,pickup,H2,46.0457,4.0688,5,1,570,595
1496,DO_R0748,R0748,P436,dropoff,HOME_P436,46.02329159145379,3.9255199426850433,5,-1,570,645
1497,PU_R0749,R0749,P437,pickup,HOME_P437,46.02990811274981,4.012061551329042,5,1,745,790
1498,DO_R0749,R0749,P437,dropoff,H1,46.0533,4.0727,5,-1,755,800
1499,PU_R0750,R0750,P438,pickup,HOME_P438,45.96326076594564,4.077282980499969,5,1,495,542
1500,DO_R0750,R0750,P438,dropoff,H1,46.0533,4.0727,5,-1,515,560
1501,PU_R0751,R0751,P438,pickup,H1,46.0533,4.0727,5,1,665,690
1502,DO_R0751,R0751,P438,dropoff,HOME_P438,45.96326076594564,4.077282980499969,5,-1,665,740
1503,PU_R0752,R0752,P439,pickup,HOME_P439,45.97981822658095,3.978994954653253,5,1,960,1006
1504,DO_R0752,R0752,P439,dropoff,H2,46.0457,4.0688,5,-1,980,1025
1505,PU_R0753,R0753,P440,pickup,HOME_P440,45.94082590646526,4.0445596660302,5,1,485,537
1506,DO_R0753,R0753,P440,dropoff,H1,46.0533,4.0727,5,-1,515,560
1507,PU_R0754,R0754,P440,pickup,H1,46.0533,4.0727,5,1,580,615
1508,DO_R0754,R0754,P440,dropoff,HOME_P440,45.94082590646526,4.0445596660302,5,-1,580,675
1509,PU_R0755,R0755,P441,pickup,HOME_P441,46.07325099087908,3.9360030960548635,5,1,455,500
1510,DO_R0755,R0755,P441,dropoff,H1,46.0533,4.0727,5,-1,475,520
1511,PU_R0756,R0756,P441,pickup,H1,46.0533,4.0727,5,1,600,625
1512,DO_R0756,R0756,P441,dropoff,HOME_P441,46.07325099087908,3.9360030960548635,5,-1,600,675
1513,PU_R0757,R0757,P442,pickup,HOME_P442,45.982357561036814,4.090942346037787,5,1,620,670
1514,DO_R0757,R0757,P442,dropoff,H1,46.0533,4.0727,5,-1,640,685
1515,PU_R0758,R0758,P442,pickup,H1,46.0533,4.0727,5,1,745,770
1516,DO_R0758,R0758,P442,dropoff,HOME_P442,45.982357561036814,4.090942346037787,5,-1,745,820
1517,PU_R0759,R0759,P443,pickup,HOME_P443,46.05133395617837,3.957869963451817,5,1,970,1019
1518,DO_R0759,R0759,P443,dropoff,H2,46.0457,4.0688,5,-1,990,1035
1519,PU_R0760,R0760,P444,pickup,HOME_P444,46.05150211772869,4.024939077464035,5,1,760,808
1520,DO_R0760,R0760,P444,dropoff,H1,46.0533,4.0727,5,-1,770,815
1521,PU_R0761,R0761,P445,pickup,HOME_P445,46.01383913708666,4.124358192842376,5,1,445,489
1522,DO_R0761,R0761,P445,dropoff,H1,46.0533,4.0727,5,-1,455,500
1523,PU_R0762,R0762,P445,pickup,H1,46.0533,4.0727,5,1,740,755
1524,DO_R0762,R0762,P445,dropoff,HOME_P445,46.01383913708666,4.124358192842376,5,-1,740,795
1525,PU_R0763,R0763,P446,pickup,HOME_P446,46.12491807814502,4.156671047866253,5,1,515,561
1526,DO_R0763,R0763,P446,dropoff,H1,46.0533,4.0727,5,-1,535,580
1527,PU_R0764,R0764,P446,pickup,H1,46.0533,4.0727,5,1,650,675
1528,DO_R0764,R0764,P446,dropoff,HOME_P446,46.12491807814502,4.156671047866253,5,-1,650,725
1529,PU_R0765,R0765,P447,pickup,HOME_P447,46.04377204024141,4.053487170042,5,1,470,520
1530,DO_R0765,R0765,P447,dropoff,H1,46.0533,4.0727,5,-1,480,525
1531,PU_R0766,R0766,P447,pickup,H1,46.0533,4.0727,5,1,765,780
1532,DO_R0766,R0766,P447,dropoff,HOME_P447,46.04377204024141,4.053487170042,5,-1,765,820
1533,PU_R0767,R0767,P448,pickup,HOME_P448,46.034780300900096,4.11252274009684,5,1,775,823
1534,DO_R0767,R0767,P448,dropoff,H3,46.05,4.07,5,-1,785,830
1535,PU_R0768,R0768,P449,pickup,HOME_P449,46.03138560081728,4.132171384089606,5,1,840,895
1536,DO_R0768,R0768,P449,dropoff,H1,46.0533,4.0727,5,-1,860,905
1537,PU_R0769,R0769,P450,pickup,HOME_P450,46.08940638258468,4.103876689812102,5,1,475,531
1538,DO_R0769,R0769,P450,dropoff,H1,46.0533,4.0727,5,-1,495,540
1539,PU_R0770,R0770,P450,pickup,H1,46.0533,4.0727,5,1,610,635
1540,DO_R0770,R0770,P450,dropoff,HOME_P450,46.08940638258468,4.103876689812102,5,-1,610,685
1541,PU_R0771,R0771,P451,pickup,HOME_P451,46.10190196523681,4.084764640689778,5,1,425,468
1542,DO_R0771,R0771,P451,dropoff,H2,46.0457,4.0688,5,-1,435,480
1543,PU_R0772,R0772,P451,pickup,H2,46.0457,4.0688,5,1,730,745
1544,DO_R0772,R0772,P451,dropoff,HOME_P451,46.10190196523681,4.084764640689778,5,-1,730,785
1545,PU_R0773,R0773,P452,pickup,HOME_P452,46.06365802161348,4.137638840025194,5,1,445,500
1546,DO_R0773,R0773,P452,dropoff,H1,46.0533,4.0727,5,-1,465,510
1547,PU_R0774,R0774,P452,pickup,H1,46.0533,4.0727,5,1,575,600
1548,DO_R0774,R0774,P452,dropoff,HOME_P452,46.06365802161348,4.137638840025194,5,-1,575,650
1549,PU_R0775,R0775,P453,pickup,HOME_P453,46.0742448611155,4.1298003526384885,5,1,475,519
1550,DO_R0775,R0775,P453,dropoff,H2,46.0457,4.0688,5,-1,485,530
1551,PU_R0776,R0776,P453,pickup,H2,46.0457,4.0688,5,1,635,650
1552,DO_R0776,R0776,P453,dropoff,HOME_P453,46.0742448611155,4.1298003526384885,5,-1,635,690
1553,PU_R0777,R0777,P454,pickup,HOME_P454,45.973656751035556,4.138552742783259,5,1,850,896
1554,DO_R0777,R0777,P454,dropoff,H1,46.0533,4.0727,5,-1,870,915
1555,PU_R0778,R0778,P455,pickup,HOME_P455,46.024407779503434,4.127160800674963,5,1,460,505
1556,DO_R0778,R0778,P455,dropoff,H1,46.0533,4.0727,5,-1,470,515
1557,PU_R0779,R0779,P455,pickup,H1,46.0533,4.0727,5,1,755,770
1558,DO_R0779,R0779,P455,dropoff,HOME_P455,46.024407779503434,4.127160800674963,5,-1,755,810
1559,PU_R0780,R0780,P456,pickup,HOME_P456,45.997479879660666,4.095342677461845,5,1,770,814
1560,DO_R0780,R0780,P456,dropoff,H3,46.05,4.07,5,-1,780,825
1561,PU_R0781,R0781,P457,pickup,HOME_P457,46.08005169827336,4.014569557133874,5,1,770,814
1562,DO_R0781,R0781,P457,dropoff,H2,46.0457,4.0688,5,-1,780,825
1563,PU_R0782,R0782,P458,pickup,HOME_P458,46.02895701186307,3.986055633182574,5,1,440,483
1564,DO_R0782,R0782,P458,dropoff,H2,46.0457,4.0688,5,-1,450,495
1565,PU_R0783,R0783,P458,pickup,H2,46.0457,4.0688,5,1,745,760
1566,DO_R0783,R0783,P458,dropoff,HOME_P458,46.02895701186307,3.986055633182574,5,-1,745,800
1567,PU_R0784,R0784,P459,pickup,HOME_P459,46.019617695944035,4.161339015881886,5,1,615,656
1568,DO_R0784,R0784,P459,dropoff,H1,46.0533,4.0727,5,-1,625,670
1569,PU_R0785,R0785,P459,pickup,H1,46.0533,4.0727,5,1,830,845
1570,DO_R0785,R0785,P459,dropoff,HOME_P459,46.019617695944035,4.161339015881886,5,-1,830,885
1571,PU_R0786,R0786,P460,pickup,HOME_P460,46.02900623547626,4.038882126931245,5,1,465,513
1572,DO_R0786,R0786,P460,dropoff,H1,46.0533,4.0727,5,-1,475,520
1573,PU_R0787,R0787,P460,pickup,H1,46.0533,4.0727,5,1,690,705
1574,DO_R0787,R0787,P460,dropoff,HOME_P460,46.02900623547626,4.038882126931245,5,-1,690,745
1575,PU_R0788,R0788,P461,pickup,HOME_P461,46.034914399973026,4.012590416622701,5,1,510,565
1576,DO_R0788,R0788,P461,dropoff,H1,46.0533,4.0727,5,-1,530,575
1577,PU_R0789,R0789,P461,pickup,H1,46.0533,4.0727,5,1,660,685
1578,DO_R0789,R0789,P461,dropoff,HOME_P461,46.034914399973026,4.012590416622701,5,-1,660,735
1579,PU_R0790,R0790,P462,pickup,HOME_P462,46.09607638368371,4.1224326309814305,5,1,455,497
1580,DO_R0790,R0790,P462,dropoff,H2,46.0457,4.0688,5,-1,465,510
1581,PU_R0791,R0791,P462,pickup,H2,46.0457,4.0688,5,1,630,645
1582,DO_R0791,R0791,P462,dropoff,HOME_P462,46.09607638368371,4.1224326309814305,5,-1,630,685
1583,PU_R0792,R0792,P463,pickup,HOME_P463,46.07996222115091,4.105222190206946,5,1,630,688
1584,DO_R0792,R0792,P463,dropoff,H1,46.0533,4.0727,5,-1,650,695
1585,PU_R0793,R0793,P463,pickup,H1,46.0533,4.0727,5,1,770,795
1586,DO_R0793,R0793,P463,dropoff,HOME_P463,46.07996222115091,4.105222190206946,5,-1,770,845
1587,PU_R0794,R0794,P464,pickup,HOME_P464,46.06521083611447,4.159984477789623,5,1,755,797
1588,DO_R0794,R0794,P464,dropoff,H3,46.05,4.07,5,-1,765,810
1589,PU_R0795,R0795,P464,pickup,H3,46.05,4.07,5,1,1025,1040
1590,DO_R0795,R0795,P464,dropoff,HOME_P464,46.06521083611447,4.159984477789623,5,-1,1025,1080
1591,PU_R0796,R0796,P465,pickup,HOME_P465,46.09459141975394,3.9984404384146393,5,1,515,566
1592,DO_R0796,R0796,P465,dropoff,H1,46.0533,4.0727,5,-1,535,580
1593,PU_R0797,R0797,P465,pickup,H1,46.0533,4.0727,5,1,695,720
1594,DO_R0797,R0797,P465,dropoff,HOME_P465,46.09459141975394,3.9984404384146393,5,-1,695,770
1595,PU_R0798,R0798,P466,pickup,HOME_P466,46.06326391236072,4.143004130715894,5,1,455,499
1596,DO_R0798,R0798,P466,dropoff,H2,46.0457,4.0688,5,-1,465,510
1597,PU_R0799,R0799,P466,pickup,H2,46.0457,4.0688,5,1,585,600
1598,DO_R0799,R0799,P466,dropoff,HOME_P466,46.06326391236072,4.143004130715894,5,-1,585,640
1599,PU_R0800,R0800,P467,pickup,HOME_P467,46.098652028243286,4.07220018271504,5,1,800,855
1600,DO_R0800,R0800,P467,dropoff,H1,46.0533,4.0727,5,-1,820,865
1601,PU_R0801,R0801,P467,pickup,H1,46.0533,4.0727,5,1,980,1005
1602,DO_R0801,R0801,P467,dropoff,HOME_P467,46.098652028243286,4.07220018271504,5,-1,980,1055
1603,PU_R0802,R0802,P468,pickup,HOME_P468,46.02537512773764,4.018891424478008,5,1,455,501
1604,DO_R0802,R0802,P468,dropoff,H3,46.05,4.07,5,-1,465,510
1605,PU_R0803,R0803,P469,pickup,HOME_P469,46.01908114086635,4.038001271586819,5,1,730,778
1606,DO_R0803,R0803,P469,dropoff,H2,46.0457,4.0688,5,-1,740,785
1607,PU_R0804,R0804,P469,pickup,H2,46.0457,4.0688,5,1,1020,1035
1608,DO_R0804,R0804,P469,dropoff,HOME_P469,46.01908114086635,4.038001271586819,5,-1,1020,1075
1609,PU_R0805,R0805,P470,pickup,HOME_P470,45.979815776018356,4.150415444284574,5,1,480,527
1610,DO_R0805,R0805,P470,dropoff,H2,46.0457,4.0688,5,-1,500,545
1611,PU_R0806,R0806,P471,pickup,HOME_P471,45.99353216988602,4.143774692271071,5,1,660,699
1612,DO_R0806,R0806,P471,dropoff,H1,46.0533,4.0727,5,-1,670,715
1613,PU_R0807,R0807,P471,pickup,H1,46.0533,4.0727,5,1,885,900
1614,DO_R0807,R0807,P471,dropoff,HOME_P471,45.99353216988602,4.143774692271071,5,-1,885,940
1615,PU_R0808,R0808,P472,pickup,HOME_P472,46.035404521259984,4.175463588230725,5,1,620,670
1616,DO_R0808,R0808,P472,dropoff,H2,46.0457,4.0688,5,-1,640,685
1617,PU_R0809,R0809,P472,pickup,H2,46.0457,4.0688,5,1,710,735
1618,DO_R0809,R0809,P472,dropoff,HOME_P472,46.035404521259984,4.175463588230725,5,-1,710,785
1619,PU_R0810,R0810,P473,pickup,HOME_P473,46.01659906974056,4.146454910598301,5,1,470,512
1620,DO_R0810,R0810,P473,dropoff,H1,46.0533,4.0727,5,-1,480,525
1621,PU_R0811,R0811,P473,pickup,H1,46.0533,4.0727,5,1,765,780
1622,DO_R0811,R0811,P473,dropoff,HOME_P473,46.01659906974056,4.146454910598301,5,-1,765,820
1623,PU_R0812,R0812,P474,pickup,HOME_P474,45.97970729342893,4.052694028829839,5,1,470,511
1624,DO_R0812,R0812,P474,dropoff,H2,46.0457,4.0688,5,-1,480,525
1625,PU_R0813,R0813,P474,pickup,H2,46.0457,4.0688,5,1,750,765
1626,DO_R0813,R0813,P474,dropoff,HOME_P474,45.97970729342893,4.052694028829839,5,-1,750,805
1627,PU_R0814,R0814,P475,pickup,HOME_P475,46.13141164371377,4.064756921120067,5,1,515,562
1628,DO_R0814,R0814,P475,dropoff,H2,46.0457,4.0688,5,-1,535,580
1629,PU_R0815,R0815,P475,pickup,H2,46.0457,4.0688,5,1,620,645
1630,DO_R0815,R0815,P475,dropoff,HOME_P475,46.13141164371377,4.064756921120067,5,-1,620,695
1631,PU_R0816,R0816,P476,pickup,HOME_P476,46.0151785238591,4.144108629505548,5,1,725,767
1632,DO_R0816,R0816,P476,dropoff,H2,46.0457,4.0688,5,-1,735,780
1633,PU_R0817,R0817,P477,pickup,HOME_P477,46.00261871913721,4.074351132355388,5,1,435,479
1634,DO_R0817,R0817,P477,dropoff,H1,46.0533,4.0727,5,-1,445,490
1635,PU_R0818,R0818,P477,pickup,H1,46.0533,4.0727,5,1,730,745
1636,DO_R0818,R0818,P477,dropoff,HOME_P477,46.00261871913721,4.074351132355388,5,-1,730,785
1637,PU_R0819,R0819,P478,pickup,HOME_P478,46.05724411772145,4.045125198740503,5,1,455,505
1638,DO_R0819,R0819,P478,dropoff,H2,46.0457,4.0688,5,-1,465,510
1639,PU_R0820,R0820,P478,pickup,H2,46.0457,4.0688,5,1,770,785
1640,DO_R0820,R0820,P478,dropoff,HOME_P478,46.05724411772145,4.045125198740503,5,-1,770,825
1641,PU_R0821,R0821,P479,pickup,HOME_P479,45.98361380296007,4.101561883966347,5,1,425,466
1642,DO_R0821,R0821,P479,dropoff,H2,46.0457,4.0688,5,-1,435,480
1643,PU_R0822,R0822,P479,pickup,H2,46.0457,4.0688,5,1,710,725
1644,DO_R0822,R0822,P479,dropoff,HOME_P479,45.98361380296007,4.101561883966347,5,-1,710,765
1645,PU_R0823,R0823,P480,pickup,HOME_P480,46.12722082347213,4.126962843105642,5,1,860,906
1646,DO_R0823,R0823,P480,dropoff,H2,46.0457,4.0688,5,-1,880,925
1647,PU_R0824,R0824,P480,pickup,H2,46.0457,4.0688,5,1,960,985
1648,DO_R0824,R0824,P480,dropoff,HOME_P480,46.12722082347213,4.126962843105642,5,-1,960,1035
1649,PU_R0825,R0825,P481,pickup,HOME_P481,46.06936338453377,4.032765910400945,5,1,470,528
1650,DO_R0825,R0825,P481,dropoff,H1,46.0533,4.0727,5,-1,490,535
1651,PU_R0826,R0826,P481,pickup,H1,46.0533,4.0727,5,1,620,645
1652,DO_R0826,R0826,P481,dropoff,HOME_P481,46.06936338453377,4.032765910400945,5,-1,620,695
1653,PU_R0827,R0827,P482,pickup,HOME_P482,46.085916130620305,3.947910459880259,5,1,585,631
1654,DO_R0827,R0827,P482,dropoff,H1,46.0533,4.0727,5,-1,605,650
1655,PU_R0828,R0828,P482,pickup,H1,46.0533,4.0727,5,1,710,735
1656,DO_R0828,R0828,P482,dropoff,HOME_P482,46.085916130620305,3.947910459880259,5,-1,710,785
1657,PU_R0829,R0829,P483,pickup,HOME_P483,45.987333901976065,4.056480528581809,5,1,460,501
1658,DO_R0829,R0829,P483,dropoff,H1,46.0533,4.0727,5,-1,470,515
1659,PU_R0830,R0830,P483,pickup,H1,46.0533,4.0727,5,1,680,695
1660,DO_R0830,R0830,P483,dropoff,HOME_P483,45.987333901976065,4.056480528581809,5,-1,680,735
1661,PU_R0831,R0831,P484,pickup,HOME_P484,46.096148150333995,4.029592794297742,5,1,775,819
1662,DO_R0831,R0831,P484,dropoff,H1,46.0533,4.0727,5,-1,785,830
1663,PU_R0832,R0832,P485,pickup,HOME_P485,46.01130188048131,3.9884790656333635,5,1,765,805
1664,DO_R0832,R0832,P485,dropoff,H1,46.0533,4.0727,5,-1,775,820
1665,PU_R0833,R0833,P486,pickup,HOME_P486,46.04747100628661,4.114065336621311,5,1,440,489
1666,DO_R0833,R0833,P486,dropoff,H1,46.0533,4.0727,5,-1,450,495
1667,PU_R0834,R0834,P486,pickup,H1,46.0533,4.0727,5,1,735,750
1668,DO_R0834,R0834,P486,dropoff,HOME_P486,46.04747100628661,4.114065336621311,5,-1,735,790
1669,PU_R0835,R0835,P487,pickup,HOME_P487,46.022208408299235,4.056832984803837,5,1,620,678
1670,DO_R0835,R0835,P487,dropoff,H1,46.0533,4.0727,5,-1,640,685
1671,PU_R0836,R0836,P488,pickup,HOME_P488,46.14509740758601,4.0028400350920395,5,1,790,834
1672,DO_R0836,R0836,P488,dropoff,H1,46.0533,4.0727,5,-1,810,855
1673,PU_R0837,R0837,P488,pickup,H1,46.0533,4.0727,5,1,970,995
1674,DO_R0837,R0837,P488,dropoff,HOME_P488,46.14509740758601,4.0028400350920395,5,-1,970,1045
1675,PU_R0838,R0838,P489,pickup,HOME_P489,45.98768623371901,4.140954156611438,5,1,820,868
1676,DO_R0838,R0838,P489,dropoff,H1,46.0533,4.0727,5,-1,840,885
1677,PU_R0839,R0839,P489,pickup,H1,46.0533,4.0727,5,1,945,970
1678,DO_R0839,R0839,P489,dropoff,HOME_P489,45.98768623371901,4.140954156611438,5,-1,945,1020
1679,PU_R0840,R0840,P490,pickup,HOME_P490,46.01203602673819,4.1168746974076855,5,1,780,825
1680,DO_R0840,R0840,P490,dropoff,H2,46.0457,4.0688,5,-1,790,835
1681,PU_R0841,R0841,P491,pickup,HOME_P491,46.0917076312099,4.071208005778706,5,1,425,472
1682,DO_R0841,R0841,P491,dropoff,H1,46.0533,4.0727,5,-1,435,480
1683,PU_R0842,R0842,P491,pickup,H1,46.0533,4.0727,5,1,720,735
1684,DO_R0842,R0842,P491,dropoff,HOME_P491,46.0917076312099,4.071208005778706,5,-1,720,775
1685,PU_R0843,R0843,P492,pickup,HOME_P492,46.03952009014528,3.993472694711953,5,1,635,678
1686,DO_R0843,R0843,P492,dropoff,H1,46.0533,4.0727,5,-1,645,690
1687,PU_R0844,R0844,P492,pickup,H1,46.0533,4.0727,5,1,865,880
1688,DO_R0844,R0844,P492,dropoff,HOME_P492,46.03952009014528,3.993472694711953,5,-1,865,920
1689,PU_R0845,R0845,P493,pickup,HOME_P493,46.08371587952215,4.046564619457192,5,1,775,821
1690,DO_R0845,R0845,P493,dropoff,H2,46.0457,4.0688,5,-1,785,830
1691,PU_R0846,R0846,P494,pickup,HOME_P494,46.05889573927194,4.097123083227031,5,1,525,585
1692,DO_R0846,R0846,P494,dropoff,H2,46.0457,4.0688,5,-1,545,590
1693,PU_R0847,R0847,P494,pickup,H2,46.0457,4.0688,5,1,625,650
1694,DO_R0847,R0847,P494,dropoff,HOME_P494,46.05889573927194,4.097123083227031,5,-1,625,700
1695,PU_R0848,R0848,P495,pickup,HOME_P495,46.097387725062134,3.9945065446923573,5,1,805,855
1696,DO_R0848,R0848,P495,dropoff,H2,46.0457,4.0688,5,-1,825,870
1697,PU_R0849,R0849,P495,pickup,H2,46.0457,4.0688,5,1,905,930
1698,DO_R0849,R0849,P495,dropoff,HOME_P495,46.097387725062134,3.9945065446923573,5,-1,905,980
1699,PU_R0850,R0850,P496,pickup,HOME_P496,46.08096245002098,4.125797770618042,5,1,440,484
1700,DO_R0850,R0850,P496,dropoff,H2,46.0457,4.0688,5,-1,450,495
1701,PU_R0851,R0851,P496,pickup,H2,46.0457,4.0688,5,1,750,765
1702,DO_R0851,R0851,P496,dropoff,HOME_P496,46.08096245002098,4.125797770618042,5,-1,750,805
1703,PU_R0852,R0852,P497,pickup,HOME_P497,46.06440471353167,3.9712019256438804,5,1,755,795
1704,DO_R0852,R0852,P497,dropoff,H1,46.0533,4.0727,5,-1,765,810
1705,PU_R0853,R0853,P498,pickup,HOME_P498,45.95975307782015,4.007947703457114,5,1,830,875
1706,DO_R0853,R0853,P498,dropoff,H2,46.0457,4.0688,5,-1,850,895
1707,PU_R0854,R0854,P498,pickup,H2,46.0457,4.0688,5,1,925,950
1708,DO_R0854,R0854,P498,dropoff,HOME_P498,45.95975307782015,4.007947703457114,5,-1,925,1000
1709,PU_R0855,R0855,P499,pickup,HOME_P499,46.0084230540452,4.12844235591573,5,1,460,503
1710,DO_R0855,R0855,P499,dropoff,H3,46.05,4.07,5,-1,470,515
1711,PU_R0856,R0856,P499,pickup,H3,46.05,4.07,5,1,755,770
1712,DO_R0856,R0856,P499,dropoff,HOME_P499,46.0084230540452,4.12844235591573,5,-1,755,810
1713,PU_R0857,R0857,P500,pickup,HOME_P500,45.971876676595414,4.064370650449395,5,1,505,553
1714,DO_R0857,R0857,P500,dropoff,H1,46.0533,4.0727,5,-1,525,570
1715,PU_R0858,R0858,P501,pickup,HOME_P501,46.06193570261711,4.092586354790974,5,1,455,505
1716,DO_R0858,R0858,P501,dropoff,H2,46.0457,4.0688,5,-1,465,510
1717,PU_R0859,R0859,P501,pickup,H2,46.0457,4.0688,5,1,735,750
1718,DO_R0859,R0859,P501,dropoff,HOME_P501,46.06193570261711,4.092586354790974,5,-1,735,790
1719,PU_R0860,R0860,P502,pickup,HOME_P502,46.07687903401461,4.1242057530962235,5,1,480,525
1720,DO_R0860,R0860,P502,dropoff,H3,46.05,4.07,5,-1,490,535
1721,PU_R0861,R0861,P502,pickup,H3,46.05,4.07,5,1,770,785
1722,DO_R0861,R0861,P502,dropoff,HOME_P502,46.07687903401461,4.1242057530962235,5,-1,770,825
1723,PU_R0862,R0862,P503,pickup,HOME_P503,46.033297362231586,4.11969475456053,5,1,735,782
1724,DO_R0862,R0862,P503,dropoff,H2,46.0457,4.0688,5,-1,745,790
1725,PU_R0863,R0863,P503,pickup,H2,46.0457,4.0688,5,1,1025,1040
1726,DO_R0863,R0863,P503,dropoff,HOME_P503,46.033297362231586,4.11969475456053,5,-1,1025,1080
1727,PU_R0864,R0864,P504,pickup,HOME_P504,46.123762707130744,4.179030526177298,5,1,520,564
1728,DO_R0864,R0864,P504,dropoff,H1,46.0533,4.0727,5,-1,540,585
1729,PU_R0865,R0865,P504,pickup,H1,46.0533,4.0727,5,1,655,680
1730,DO_R0865,R0865,P504,dropoff,HOME_P504,46.123762707130744,4.179030526177298,5,-1,655,730
1731,PU_R0866,R0866,P505,pickup,HOME_P505,46.006724372834846,4.034439453046456,5,1,515,570
1732,DO_R0866,R0866,P505,dropoff,H2,46.0457,4.0688,5,-1,535,580
1733,PU_R0867,R0867,P505,pickup,H2,46.0457,4.0688,5,1,620,645
1734,DO_R0867,R0867,P505,dropoff,HOME_P505,46.006724372834846,4.034439453046456,5,-1,620,695
1735,PU_R0868,R0868,P506,pickup,HOME_P506,46.10867990235871,4.04944802878435,5,1,735,777
1736,DO_R0868,R0868,P506,dropoff,H2,46.0457,4.0688,5,-1,745,790
1737,PU_R0869,R0869,P506,pickup,H2,46.0457,4.0688,5,1,945,960
1738,DO_R0869,R0869,P506,dropoff,HOME_P506,46.10867990235871,4.04944802878435,5,-1,945,1000
1739,PU_R0870,R0870,P507,pickup,HOME_P507,46.0132793878755,4.143293491585385,5,1,435,477
1740,DO_R0870,R0870,P507,dropoff,H2,46.0457,4.0688,5,-1,445,490
1741,PU_R0871,R0871,P507,pickup,H2,46.0457,4.0688,5,1,750,765
1742,DO_R0871,R0871,P507,dropoff,HOME_P507,46.0132793878755,4.143293491585385,5,-1,750,805
1743,PU_R0872,R0872,P508,pickup,HOME_P508,46.10682970289877,4.052471948429526,5,1,745,788
1744,DO_R0872,R0872,P508,dropoff,H3,46.05,4.07,5,-1,755,800
1745,PU_R0873,R0873,P509,pickup,HOME_P509,46.09468509606532,4.1811490248747525,5,1,620,666
1746,DO_R0873,R0873,P509,dropoff,H2,46.0457,4.0688,5,-1,640,685
1747,PU_R0874,R0874,P509,pickup,H2,46.0457,4.0688,5,1,710,735
1748,DO_R0874,R0874,P509,dropoff,HOME_P509,46.09468509606532,4.1811490248747525,5,-1,710,785
1749,PU_R0875,R0875,P510,pickup,HOME_P510,45.99279022225341,4.078699141513962,5,1,425,469
1750,DO_R0875,R0875,P510,dropoff,H2,46.0457,4.0688,5,-1,435,480
1751,PU_R0876,R0876,P510,pickup,H2,46.0457,4.0688,5,1,740,755
1752,DO_R0876,R0876,P510,dropoff,HOME_P510,45.99279022225341,4.078699141513962,5,-1,740,795
1753,PU_R0877,R0877,P511,pickup,HOME_P511,45.987659728402456,4.0562575819133215,5,1,760,803
1754,DO_R0877,R0877,P511,dropoff,H2,46.0457,4.0688,5,-1,770,815
1755,PU_R0878,R0878,P512,pickup,HOME_P512,46.09318570692384,4.210065401968437,5,1,495,539
1756,DO_R0878,R0878,P512,dropoff,H1,46.0533,4.0727,5,-1,515,560
1757,PU_R0879,R0879,P512,pickup,H1,46.0533,4.0727,5,1,630,655
1758,DO_R0879,R0879,P512,dropoff,HOME_P512,46.09318570692384,4.210065401968437,5,-1,630,705
1759,PU_R0880,R0880,P513,pickup,HOME_P513,46.071246140434866,4.076931544256156,5,1,455,505
1760,DO_R0880,R0880,P513,dropoff,H3,46.05,4.07,5,-1,465,510
1761,PU_R0881,R0881,P513,pickup,H3,46.05,4.07,5,1,765,780
1762,DO_R0881,R0881,P513,dropoff,HOME_P513,46.071246140434866,4.076931544256156,5,-1,765,820
1763,PU_R0882,R0882,P514,pickup,HOME_P514,46.022209906225484,4.135509886437874,5,1,725,769
1764,DO_R0882,R0882,P514,dropoff,H3,46.05,4.07,5,-1,735,780
1765,PU_R0883,R0883,P514,pickup,H3,46.05,4.07,5,1,1015,1030
1766,DO_R0883,R0883,P514,dropoff,HOME_P514,46.022209906225484,4.135509886437874,5,-1,1015,1070
1767,PU_R0884,R0884,P515,pickup,HOME_P515,46.173650712797645,4.15727332415412,5,1,817,868
1768,DO_R0884,R0884,P515,dropoff,H1,46.0533,4.0727,5,-1,850,895
1769,PU_R0885,R0885,P515,pickup,H1,46.0533,4.0727,5,1,925,960
1770,DO_R0885,R0885,P515,dropoff,HOME_P515,46.173650712797645,4.15727332415412,5,-1,925,1023
1771,PU_R0886,R0886,P516,pickup,HOME_P516,46.115586240151735,3.9477621955545303,5,1,510,553
1772,DO_R0886,R0886,P516,dropoff,H1,46.0533,4.0727,5,-1,530,575
1773,PU_R0887,R0887,P516,pickup,H1,46.0533,4.0727,5,1,675,700
1774,DO_R0887,R0887,P516,dropoff,HOME_P516,46.115586240151735,3.9477621955545303,5,-1,675,750
1775,PU_R0888,R0888,P517,pickup,HOME_P517,46.03049034527792,4.104279929685321,5,1,755,803
1776,DO_R0888,R0888,P517,dropoff,H1,46.0533,4.0727,5,-1,765,810
1777,PU_R0889,R0889,P518,pickup,HOME_P518,46.02577458361653,4.081934480238089,5,1,970,1019
1778,DO_R0889,R0889,P518,dropoff,H1,46.0533,4.0727,5,-1,980,1025
1779,PU_R0890,R0890,P519,pickup,HOME_P519,46.06314421473102,4.112971459361899,5,1,770,817
1780,DO_R0890,R0890,P519,dropoff,H2,46.0457,4.0688,5,-1,780,825
1781,PU_R0891,R0891,P520,pickup,HOME_P520,46.099857357599774,4.021696265532985,5,1,825,877
1782,DO_R0891,R0891,P520,dropoff,H2,46.0457,4.0688,5,-1,845,890
1783,PU_R0892,R0892,P520,pickup,H2,46.0457,4.0688,5,1,920,945
1784,DO_R0892,R0892,P520,dropoff,HOME_P520,46.099857357599774,4.021696265532985,5,-1,920,995
1785,PU_R0893,R0893,P521,pickup,HOME_P521,46.05100321724416,4.03876662753222,5,1,470,520
1786,DO_R0893,R0893,P521,dropoff,H2,46.0457,4.0688,5,-1,480,525
1787,PU_R0894,R0894,P521,pickup,H2,46.0457,4.0688,5,1,755,770
1788,DO_R0894,R0894,P521,dropoff,HOME_P521,46.05100321724416,4.03876662753222,5,-1,755,810
1789,PU_R0895,R0895,P522,pickup,HOME_P522,46.03565602885575,4.138498987532234,5,1,830,885
1790,DO_R0895,R0895,P522,dropoff,H2,46.0457,4.0688,5,-1,850,895
1791,PU_R0896,R0896,P522,pickup,H2,46.0457,4.0688,5,1,925,950
1792,DO_R0896,R0896,P522,dropoff,HOME_P522,46.03565602885575,4.138498987532234,5,-1,925,1000
1793,PU_R0897,R0897,P523,pickup,HOME_P523,46.00436747874623,4.142598537670928,5,1,640,691
1794,DO_R0897,R0897,P523,dropoff,H2,46.0457,4.0688,5,-1,660,705
1795,PU_R0898,R0898,P523,pickup,H2,46.0457,4.0688,5,1,740,765
1796,DO_R0898,R0898,P523,dropoff,HOME_P523,46.00436747874623,4.142598537670928,5,-1,740,815
1797,PU_R0899,R0899,P524,pickup,HOME_P524,46.03800335200153,4.118381210302138,5,1,735,783
1798,DO_R0899,R0899,P524,dropoff,H1,46.0533,4.0727,5,-1,745,790
1799,PU_R0900,R0900,P525,pickup,HOME_P525,45.9990819981509,3.9865395003896795,5,1,735,775
1800,DO_R0900,R0900,P525,dropoff,H2,46.0457,4.0688,5,-1,745,790
1801,PU_R0901,R0901,P525,pickup,H2,46.0457,4.0688,5,1,915,930
1802,DO_R0901,R0901,P525,dropoff,HOME_P525,45.9990819981509,3.9865395003896795,5,-1,915,970
1803,PU_R0902,R0902,P526,pickup,HOME_P526,45.98433662884481,4.179959367093459,5,1,530,574
1804,DO_R0902,R0902,P526,dropoff,H1,46.0533,4.0727,5,-1,550,595
1805,PU_R0903,R0903,P526,pickup,H1,46.0533,4.0727,5,1,695,720
1806,DO_R0903,R0903,P526,dropoff,HOME_P526,45.98433662884481,4.179959367093459,5,-1,695,770
1807,PU_R0904,R0904,P527,pickup,HOME_P527,46.09568159526821,4.066706940762999,5,1,445,490
1808,DO_R0904,R0904,P527,dropoff,H2,46.0457,4.0688,5,-1,455,500
1809,PU_R0905,R0905,P527,pickup,H2,46.0457,4.0688,5,1,650,665
1810,DO_R0905,R0905,P527,dropoff,HOME_P527,46.09568159526821,4.066706940762999,5,-1,650,705
1811,PU_R0906,R0906,P528,pickup,HOME_P528,46.03405571346324,4.070540422280715,5,1,615,675
1812,DO_R0906,R0906,P528,dropoff,H1,46.0533,4.0727,5,-1,635,680
1813,PU_R0907,R0907,P528,pickup,H1,46.0533,4.0727,5,1,790,815
1814,DO_R0907,R0907,P528,dropoff,HOME_P528,46.03405571346324,4.070540422280715,5,-1,790,865
1815,PU_R0908,R0908,P529,pickup,HOME_P529,46.08171203694997,4.079776036494562,5,1,465,514
1816,DO_R0908,R0908,P529,dropoff,H1,46.0533,4.0727,5,-1,475,520
1817,PU_R0909,R0909,P529,pickup,H1,46.0533,4.0727,5,1,760,775
1818,DO_R0909,R0909,P529,dropoff,HOME_P529,46.08171203694997,4.079776036494562,5,-1,760,815
1819,PU_R0910,R0910,P530,pickup,HOME_P530,45.982981093253635,4.189452094685359,5,1,930,973
1820,DO_R0910,R0910,P530,dropoff,H1,46.0533,4.0727,5,-1,950,995
1821,PU_R0911,R0911,P531,pickup,HOME_P531,46.038987862476326,4.127083663149554,5,1,480,526
1822,DO_R0911,R0911,P531,dropoff,H3,46.05,4.07,5,-1,490,535
1823,PU_R0912,R0912,P531,pickup,H3,46.05,4.07,5,1,800,815
1824,DO_R0912,R0912,P531,dropoff,HOME_P531,46.038987862476326,4.127083663149554,5,-1,800,855
1825,PU_R0913,R0913,P532,pickup,HOME_P532,46.050602312255364,4.157228413244563,5,1,740,782
1826,DO_R0913,R0913,P532,dropoff,H3,46.05,4.07,5,-1,750,795
1827,PU_R0914,R0914,P533,pickup,HOME_P533,46.07888715114141,4.150566346003083,5,1,465,508
1828,DO_R0914,R0914,P533,dropoff,H1,46.0533,4.0727,5,-1,475,520
1829,PU_R0915,R0915,P533,pickup,H1,46.0533,4.0727,5,1,760,775
1830,DO_R0915,R0915,P533,dropoff,HOME_P533,46.07888715114141,4.150566346003083,5,-1,760,815
1831,PU_R0916,R0916,P534,pickup,HOME_P534,46.116311791710146,4.131532266064535,5,1,480,518
1832,DO_R0916,R0916,P534,dropoff,H2,46.0457,4.0688,5,-1,490,535
1833,PU_R0917,R0917,P534,pickup,H2,46.0457,4.0688,5,1,710,725
1834,DO_R0917,R0917,P534,dropoff,HOME_P534,46.116311791710146,4.131532266064535,5,-1,710,765
1835,PU_R0918,R0918,P535,pickup,HOME_P535,46.04274558447286,3.9944738751875737,5,1,480,524
1836,DO_R0918,R0918,P535,dropoff,H1,46.0533,4.0727,5,-1,490,535
1837,PU_R0919,R0919,P535,pickup,H1,46.0533,4.0727,5,1,775,790
1838,DO_R0919,R0919,P535,dropoff,HOME_P535,46.04274558447286,3.9944738751875737,5,-1,775,830
1839,PU_R0920,R0920,P536,pickup,HOME_P536,46.12028685721761,3.994074313428784,5,1,630,667
1840,DO_R0920,R0920,P536,dropoff,H1,46.0533,4.0727,5,-1,640,685
1841,PU_R0921,R0921,P536,pickup,H1,46.0533,4.0727,5,1,855,870
1842,DO_R0921,R0921,P536,dropoff,HOME_P536,46.12028685721761,3.994074313428784,5,-1,855,910
1843,PU_R0922,R0922,P537,pickup,HOME_P537,45.97927945467871,4.072591109059192,5,1,740,781
1844,DO_R0922,R0922,P537,dropoff,H2,46.0457,4.0688,5,-1,750,795
1845,PU_R0923,R0923,P537,pickup,H2,46.0457,4.0688,5,1,1020,1035
1846,DO_R0923,R0923,P537,dropoff,HOME_P537,45.97927945467871,4.072591109059192,5,-1,1020,1075
1847,PU_R0924,R0924,P538,pickup,HOME_P538,46.000060038774144,4.239363465696854,5,1,489,539
1848,DO_R0924,R0924,P538,dropoff,H1,46.0533,4.0727,5,-1,520,565
1849,PU_R0925,R0925,P538,pickup,H1,46.0533,4.0727,5,1,595,630
1850,DO_R0925,R0925,P538,dropoff,HOME_P538,46.000060038774144,4.239363465696854,5,-1,595,691
1851,PU_R0926,R0926,P539,pickup,HOME_P539,46.10983499808619,4.116012491871815,5,1,760,801
1852,DO_R0926,R0926,P539,dropoff,H3,46.05,4.07,5,-1,770,815
1853,PU_R0927,R0927,P540,pickup,HOME_P540,46.0534927384644,4.239179027289112,5,1,980,1032
1854,DO_R0927,R0927,P540,dropoff,H1,46.0533,4.0727,5,-1,1010,1055
1855,PU_R0928,R0928,P541,pickup,HOME_P541,45.989115831765154,4.179733277566638,5,1,500,545
1856,DO_R0928,R0928,P541,dropoff,H1,46.0533,4.0727,5,-1,520,565
1857,PU_R0929,R0929,P541,pickup,H1,46.0533,4.0727,5,1,655,680
1858,DO_R0929,R0929,P541,dropoff,HOME_P541,45.989115831765154,4.179733277566638,5,-1,655,730
1859,PU_R0930,R0930,P542,pickup,HOME_P542,45.9841978687404,4.088956404518019,5,1,445,486
1860,DO_R0930,R0930,P542,dropoff,H1,46.0533,4.0727,5,-1,455,500
1861,PU_R0931,R0931,P542,pickup,H1,46.0533,4.0727,5,1,675,690
1862,DO_R0931,R0931,P542,dropoff,HOME_P542,45.9841978687404,4.088956404518019,5,-1,675,730
1863,PU_R0932,R0932,P543,pickup,HOME_P543,46.01830729273191,4.013096589610362,5,1,460,504
1864,DO_R0932,R0932,P543,dropoff,H3,46.05,4.07,5,-1,470,515
1865,PU_R0933,R0933,P543,pickup,H3,46.05,4.07,5,1,750,765
1866,DO_R0933,R0933,P543,dropoff,HOME_P543,46.01830729273191,4.013096589610362,5,-1,750,805
1867,PU_R0934,R0934,P544,pickup,HOME_P544,45.963337963413885,3.9909196356134906,5,1,485,528
1868,DO_R0934,R0934,P544,dropoff,H1,46.0533,4.0727,5,-1,505,550
1869,PU_R0935,R0935,P544,pickup,H1,46.0533,4.0727,5,1,615,640
1870,DO_R0935,R0935,P544,dropoff,HOME_P544,45.963337963413885,3.9909196356134906,5,-1,615,690
1871,PU_R0936,R0936,P545,pickup,HOME_P545,46.005495980129915,3.97806726553963,5,1,780,820
1872,DO_R0936,R0936,P545,dropoff,H2,46.0457,4.0688,5,-1,790,835
1873,PU_R0937,R0937,P545,pickup,H2,46.0457,4.0688,5,1,1010,1025
1874,DO_R0937,R0937,P545,dropoff,HOME_P545,46.005495980129915,3.97806726553963,5,-1,1010,1065
1875,PU_R0938,R0938,P546,pickup,HOME_P546,45.967601682981694,4.0420944988467475,5,1,450,489
1876,DO_R0938,R0938,P546,dropoff,H2,46.0457,4.0688,5,-1,460,505
1877,PU_R0939,R0939,P546,pickup,H2,46.0457,4.0688,5,1,715,730
1878,DO_R0939,R0939,P546,dropoff,HOME_P546,45.967601682981694,4.0420944988467475,5,-1,715,770
1879,PU_R0940,R0940,P547,pickup,HOME_P547,46.01232704500203,4.053217142264621,5,1,450,496
1880,DO_R0940,R0940,P547,dropoff,H1,46.0533,4.0727,5,-1,460,505
1881,PU_R0941,R0941,P547,pickup,H1,46.0533,4.0727,5,1,745,760
1882,DO_R0941,R0941,P547,dropoff,HOME_P547,46.01232704500203,4.053217142264621,5,-1,745,800
1883,PU_R0942,R0942,P548,pickup,HOME_P548,46.05898569220488,4.046419473439561,5,1,845,905
1884,DO_R0942,R0942,P548,dropoff,H1,46.0533,4.0727,5,-1,865,910
1885,PU_R0943,R0943,P548,pickup,H1,46.0533,4.0727,5,1,985,1010
1886,DO_R0943,R0943,P548,dropoff,HOME_P548,46.05898569220488,4.046419473439561,5,-1,985,1060
1887,PU_R0944,R0944,P549,pickup,HOME_P549,46.07871329382222,4.167358106677817,5,1,475,516
1888,DO_R0944,R0944,P549,dropoff,H1,46.0533,4.0727,5,-1,485,530
1889,PU_R0945,R0945,P549,pickup,H1,46.0533,4.0727,5,1,690,705
1890,DO_R0945,R0945,P549,dropoff,HOME_P549,46.07871329382222,4.167358106677817,5,-1,690,745
1891,PU_R0946,R0946,P550,pickup,HOME_P550,46.02906311065586,4.15308798866949,5,1,770,812
1892,DO_R0946,R0946,P550,dropoff,H1,46.0533,4.0727,5,-1,780,825
1893,PU_R0947,R0947,P551,pickup,HOME_P551,46.05298440964861,4.182208025929433,5,1,505,554
1894,DO_R0947,R0947,P551,dropoff,H1,46.0533,4.0727,5,-1,525,570
1895,PU_R0948,R0948,P551,pickup,H1,46.0533,4.0727,5,1,675,700
1896,DO_R0948,R0948,P551,dropoff,HOME_P551,46.05298440964861,4.182208025929433,5,-1,675,750
1897,PU_R0949,R0949,P552,pickup,HOME_P552,46.01473229734298,4.017610614554415,5,1,605,649
1898,DO_R0949,R0949,P552,dropoff,H1,46.0533,4.0727,5,-1,615,660
1899,PU_R0950,R0950,P552,pickup,H1,46.0533,4.0727,5,1,830,845
1900,DO_R0950,R0950,P552,dropoff,HOME_P552,46.01473229734298,4.017610614554415,5,-1,830,885
1901,PU_R0951,R0951,P553,pickup,HOME_P553,46.01503216707099,4.019993142078429,5,1,450,494
1902,DO_R0951,R0951,P553,dropoff,H1,46.0533,4.0727,5,-1,460,505
1903,PU_R0952,R0952,P553,pickup,H1,46.0533,4.0727,5,1,745,760
1904,DO_R0952,R0952,P553,dropoff,HOME_P553,46.01503216707099,4.019993142078429,5,-1,745,800
1905,PU_R0953,R0953,P554,pickup,HOME_P554,46.08947024386642,4.014020162932395,5,1,465,509
1906,DO_R0953,R0953,P554,dropoff,H3,46.05,4.07,5,-1,475,520
1907,PU_R0954,R0954,P554,pickup,H3,46.05,4.07,5,1,760,775
1908,DO_R0954,R0954,P554,dropoff,HOME_P554,46.08947024386642,4.014020162932395,5,-1,760,815
1909,PU_R0955,R0955,P555,pickup,HOME_P555,45.99245242514753,4.056085547940618,5,1,950,1004
1910,DO_R0955,R0955,P555,dropoff,H2,46.0457,4.0688,5,-1,970,1015
1911,PU_R0956,R0956,P556,pickup,HOME_P556,46.0367859394439,3.963278927611537,5,1,460,499
1912,DO_R0956,R0956,P556,dropoff,H1,46.0533,4.0727,5,-1,470,515
1913,PU_R0957,R0957,P556,pickup,H1,46.0533,4.0727,5,1,680,695
1914,DO_R0957,R0957,P556,dropoff,HOME_P556,46.0367859394439,3.963278927611537,5,-1,680,735
1915,PU_R0958,R0958,P557,pickup,HOME_P557,46.03585730453877,4.0393990882493025,5,1,820,879
1916,DO_R0958,R0958,P557,dropoff,H1,46.0533,4.0727,5,-1,840,885
1917,PU_R0959,R0959,P557,pickup,H1,46.0533,4.0727,5,1,990,1015
1918,DO_R0959,R0959,P557,dropoff,HOME_P557,46.03585730453877,4.0393990882493025,5,-1,990,1065
1919,PU_R0960,R0960,P558,pickup,HOME_P558,46.08997060007379,4.101391023397433,5,1,440,486
1920,DO_R0960,R0960,P558,dropoff,H1,46.0533,4.0727,5,-1,450,495
1921,PU_R0961,R0961,P558,pickup,H1,46.0533,4.0727,5,1,645,660
1922,DO_R0961,R0961,P558,dropoff,HOME_P558,46.08997060007379,4.101391023397433,5,-1,645,700
1923,PU_R0962,R0962,P559,pickup,HOME_P559,46.117786029157585,3.9896259377631886,5,1,525,572
1924,DO_R0962,R0962,P559,dropoff,H1,46.0533,4.0727,5,-1,545,590
1925,PU_R0963,R0963,P559,pickup,H1,46.0533,4.0727,5,1,665,690
1926,DO_R0963,R0963,P559,dropoff,HOME_P559,46.117786029157585,3.9896259377631886,5,-1,665,740
1927,PU_R0964,R0964,P560,pickup,HOME_P560,46.01042779875443,4.137368585794599,5,1,770,812
1928,DO_R0964,R0964,P560,dropoff,H1,46.0533,4.0727,5,-1,780,825
1929,PU_R0965,R0965,P561,pickup,HOME_P561,46.04167625378519,4.108128246752125,5,1,650,699
1930,DO_R0965,R0965,P561,dropoff,H1,46.0533,4.0727,5,-1,660,705
1931,PU_R0966,R0966,P561,pickup,H1,46.0533,4.0727,5,1,870,885
1932,DO_R0966,R0966,P561,dropoff,HOME_P561,46.04167625378519,4.108128246752125,5,-1,870,925
1933,PU_R0967,R0967,P562,pickup,HOME_P562,46.02002916477028,4.135845693661954,5,1,440,484
1934,DO_R0967,R0967,P562,dropoff,H2,46.0457,4.0688,5,-1,450,495
1935,PU_R0968,R0968,P562,pickup,H2,46.0457,4.0688,5,1,765,780
1936,DO_R0968,R0968,P562,dropoff,HOME_P562,46.02002916477028,4.135845693661954,5,-1,765,820
1937,PU_R0969,R0969,P563,pickup,HOME_P563,46.09910456058268,4.110290457951915,5,1,435,479
1938,DO_R0969,R0969,P563,dropoff,H1,46.0533,4.0727,5,-1,445,490
1939,PU_R0970,R0970,P563,pickup,H1,46.0533,4.0727,5,1,730,745
1940,DO_R0970,R0970,P563,dropoff,HOME_P563,46.09910456058268,4.110290457951915,5,-1,730,785
1941,PU_R0971,R0971,P564,pickup,HOME_P564,45.9927975897954,4.058472664074537,5,1,530,582
1942,DO_R0971,R0971,P564,dropoff,H1,46.0533,4.0727,5,-1,550,595
1943,PU_R0972,R0972,P564,pickup,H1,46.0533,4.0727,5,1,680,705
1944,DO_R0972,R0972,P564,dropoff,HOME_P564,45.9927975897954,4.058472664074537,5,-1,680,755
1945,PU_R0973,R0973,P565,pickup,HOME_P565,45.97680474197365,4.028843141047604,5,1,830,878
1946,DO_R0973,R0973,P565,dropoff,H1,46.0533,4.0727,5,-1,850,895
1947,PU_R0974,R0974,P565,pickup,H1,46.0533,4.0727,5,1,975,1000
1948,DO_R0974,R0974,P565,dropoff,HOME_P565,45.97680474197365,4.028843141047604,5,-1,975,1050
1949,PU_R0975,R0975,P566,pickup,HOME_P566,46.1058868939595,4.068910521811728,5,1,765,809
1950,DO_R0975,R0975,P566,dropoff,H1,46.0533,4.0727,5,-1,775,820
1951,PU_R0976,R0976,P567,pickup,HOME_P567,46.11379806650116,4.1229392975029535,5,1,470,511
1952,DO_R0976,R0976,P567,dropoff,H1,46.0533,4.0727,5,-1,480,525
1953,PU_R0977,R0977,P567,pickup,H1,46.0533,4.0727,5,1,765,780
1954,DO_R0977,R0977,P567,dropoff,HOME_P567,46.11379806650116,4.1229392975029535,5,-1,765,820
1955,PU_R0978,R0978,P568,pickup,HOME_P568,46.073949314416765,3.9838158829808457,5,1,575,627
1956,DO_R0978,R0978,P568,dropoff,H1,46.0533,4.0727,5,-1,595,640
1957,PU_R0979,R0979,P568,pickup,H1,46.0533,4.0727,5,1,760,785
1958,DO_R0979,R0979,P568,dropoff,HOME_P568,46.073949314416765,3.9838158829808457,5,-1,760,835
1959,PU_R0980,R0980,P569,pickup,HOME_P569,46.07076256962023,4.004107865696958,5,1,445,490
1960,DO_R0980,R0980,P569,dropoff,H3,46.05,4.07,5,-1,455,500
1961,PU_R0981,R0981,P569,pickup,H3,46.05,4.07,5,1,750,765
1962,DO_R0981,R0981,P569,dropoff,HOME_P569,46.07076256962023,4.004107865696958,5,-1,750,805
1963,PU_R0982,R0982,P570,pickup,HOME_P570,46.121389746980164,4.067547167713054,5,1,435,476
1964,DO_R0982,R0982,P570,dropoff,H1,46.0533,4.0727,5,-1,445,490
1965,PU_R0983,R0983,P570,pickup,H1,46.0533,4.0727,5,1,730,745
1966,DO_R0983,R0983,P570,dropoff,HOME_P570,46.121389746980164,4.067547167713054,5,-1,730,785
1967,PU_R0984,R0984,P571,pickup,HOME_P571,46.00892606072392,4.158149470718338,5,1,780,820
1968,DO_R0984,R0984,P571,dropoff,H2,46.0457,4.0688,5,-1,790,835
1969,PU_R0985,R0985,P572,pickup,HOME_P572,46.08730393948195,4.0278138153991625,5,1,435,480
1970,DO_R0985,R0985,P572,dropoff,H1,46.0533,4.0727,5,-1,445,490
1971,PU_R0986,R0986,P572,pickup,H1,46.0533,4.0727,5,1,730,745
1972,DO_R0986,R0986,P572,dropoff,HOME_P572,46.08730393948195,4.0278138153991625,5,-1,730,785
1973,PU_R0987,R0987,P573,pickup,HOME_P573,46.020507895338845,4.182106881378873,5,1,470,518
1974,DO_R0987,R0987,P573,dropoff,H1,46.0533,4.0727,5,-1,490,535
1975,PU_R0988,R0988,P573,pickup,H1,46.0533,4.0727,5,1,635,660
1976,DO_R0988,R0988,P573,dropoff,HOME_P573,46.020507895338845,4.182106881378873,5,-1,635,710
1977,PU_R0989,R0989,P574,pickup,HOME_P574,46.00493621878259,4.020091137294376,5,1,480,524
1978,DO_R0989,R0989,P574,dropoff,H2,46.0457,4.0688,5,-1,490,535
1979,PU_R0990,R0990,P574,pickup,H2,46.0457,4.0688,5,1,795,810
1980,DO_R0990,R0990,P574,dropoff,HOME_P574,46.00493621878259,4.020091137294376,5,-1,795,850
1981,PU_R0991,R0991,P575,pickup,HOME_P575,46.10891815300584,4.057764878120868,5,1,470,512
1982,DO_R0991,R0991,P575,dropoff,H2,46.0457,4.0688,5,-1,480,525
1983,PU_R0992,R0992,P575,pickup,H2,46.0457,4.0688,5,1,765,780
1984,DO_R0992,R0992,P575,dropoff,HOME_P575,46.10891815300584,4.057764878120868,5,-1,765,820
1985,PU_R0993,R0993,P576,pickup,HOME_P576,46.04004082887339,3.999371104057081,5,1,445,499
1986,DO_R0993,R0993,P576,dropoff,H1,46.0533,4.0727,5,-1,465,510
1987,PU_R0994,R0994,P576,pickup,H1,46.0533,4.0727,5,1,625,650
1988,DO_R0994,R0994,P576,dropoff,HOME_P576,46.04004082887339,3.999371104057081,5,-1,625,700
1989,PU_R0995,R0995,P577,pickup,HOME_P577,46.03225889641746,4.150402390368423,5,1,440,483
1990,DO_R0995,R0995,P577,dropoff,H1,46.0533,4.0727,5,-1,450,495
1991,PU_R0996,R0996,P577,pickup,H1,46.0533,4.0727,5,1,735,750
1992,DO_R0996,R0996,P577,dropoff,HOME_P577,46.03225889641746,4.150402390368423,5,-1,735,790
1993,PU_R0997,R0997,P578,pickup,HOME_P578,46.1138965622457,4.033819051760768,5,1,760,801
1994,DO_R0997,R0997,P578,dropoff,H3,46.05,4.07,5,-1,770,815
1995,PU_R0998,R0998,P579,pickup,HOME_P579,45.99994436680555,4.189395078863442,5,1,780,825
1996,DO_R0998,R0998,P579,dropoff,H1,46.0533,4.0727,5,-1,800,845
1997,PU_R0999,R0999,P579,pickup,H1,46.0533,4.0727,5,1,915,940
1998,DO_R0999,R0999,P579,dropoff,HOME_P579,45.99994436680555,4.189395078863442,5,-1,915,990
1999,PU_R1000,R1000,P580,pickup,HOME_P580,45.96831290618223,4.032496699548827,5,1,490,538
2000,DO_R1000,R1000,P580,dropoff,H2,46.0457,4.0688,5,-1,510,555
2001,PU_R1001,R1001,P580,pickup,H2,46.0457,4.0688,5,1,595,620
2002,DO_R1001,R1001,P580,dropoff,HOME_P580,45.96831290618223,4.032496699548827,5,-1,595,670
2003,PU_R1002,R1002,P581,pickup,HOME_P581,45.98347162618533,4.089823778966416,5,1,815,867
2004,DO_R1002,R1002,P581,dropoff,H2,46.0457,4.0688,5,-1,835,880
2005,PU_R1003,R1003,P581,pickup,H2,46.0457,4.0688,5,1,915,940
2006,DO_R1003,R1003,P581,dropoff,HOME_P581,45.98347162618533,4.089823778966416,5,-1,915,990
2007,PU_R1004,R1004,P582,pickup,HOME_P582,46.075442725778686,3.975977400926439,5,1,460,500
2008,DO_R1004,R1004,P582,dropoff,H1,46.0533,4.0727,5,-1,470,515
2009,PU_R1005,R1005,P582,pickup,H1,46.0533,4.0727,5,1,755,770
2010,DO_R1005,R1005,P582,dropoff,HOME_P582,46.075442725778686,3.975977400926439,5,-1,755,810
2011,PU_R1006,R1006,P583,pickup,HOME_P583,46.01291919962638,4.059678400895689,5,1,475,521
2012,DO_R1006,R1006,P583,dropoff,H1,46.0533,4.0727,5,-1,485,530
2013,PU_R1007,R1007,P583,pickup,H1,46.0533,4.0727,5,1,710,725
2014,DO_R1007,R1007,P583,dropoff,HOME_P583,46.01291919962638,4.059678400895689,5,-1,710,765
2015,PU_R1008,R1008,P584,pickup,HOME_P584,46.08364312714007,4.0177305771703695,5,1,745,790
2016,DO_R1008,R1008,P584,dropoff,H3,46.05,4.07,5,-1,755,800
2017,PU_R1009,R1009,P584,pickup,H3,46.05,4.07,5,1,1020,1035
2018,DO_R1009,R1009,P584,dropoff,HOME_P584,46.08364312714007,4.0177305771703695,5,-1,1020,1075
2019,PU_R1010,R1010,P585,pickup,HOME_P585,45.995479158766194,4.203180424896925,5,1,495,538
2020,DO_R1010,R1010,P585,dropoff,H2,46.0457,4.0688,5,-1,515,560
2021,PU_R1011,R1011,P585,pickup,H2,46.0457,4.0688,5,1,595,620
2022,DO_R1011,R1011,P585,dropoff,HOME_P585,45.995479158766194,4.203180424896925,5,-1,595,670
2023,PU_R1012,R1012,P586,pickup,HOME_P586,46.00102536406932,3.9882038419451815,5,1,460,500
2024,DO_R1012,R1012,P586,dropoff,H2,46.0457,4.0688,5,-1,470,515
2025,PU_R1013,R1013,P586,pickup,H2,46.0457,4.0688,5,1,675,690
2026,DO_R1013,R1013,P586,dropoff,HOME_P586,46.00102536406932,3.9882038419451815,5,-1,675,730
2027,PU_R1014,R1014,P587,pickup,HOME_P587,46.0794127674415,3.9918137376864347,5,1,480,522
2028,DO_R1014,R1014,P587,dropoff,H2,46.0457,4.0688,5,-1,490,535
2029,PU_R1015,R1015,P587,pickup,H2,46.0457,4.0688,5,1,775,790
2030,DO_R1015,R1015,P587,dropoff,HOME_P587,46.0794127674415,3.9918137376864347,5,-1,775,830
2031,PU_R1016,R1016,P588,pickup,HOME_P588,46.11486994016292,4.08447118475454,5,1,480,521
2032,DO_R1016,R1016,P588,dropoff,H2,46.0457,4.0688,5,-1,490,535
2033,PU_R1017,R1017,P588,pickup,H2,46.0457,4.0688,5,1,725,740
2034,DO_R1017,R1017,P588,dropoff,HOME_P588,46.11486994016292,4.08447118475454,5,-1,725,780
2035,PU_R1018,R1018,P589,pickup,HOME_P589,46.08356364925964,4.156542167343185,5,1,440,481
2036,DO_R1018,R1018,P589,dropoff,H3,46.05,4.07,5,-1,450,495
2037,PU_R1019,R1019,P589,pickup,H3,46.05,4.07,5,1,725,740
2038,DO_R1019,R1019,P589,dropoff,HOME_P589,46.08356364925964,4.156542167343185,5,-1,725,780
2039,PU_R1020,R1020,P590,pickup,HOME_P590,46.02363425713996,4.034907692635095,5,1,775,822
2040,DO_R1020,R1020,P590,dropoff,H1,46.0533,4.0727,5,-1,785,830
2041,PU_R1021,R1021,P591,pickup,HOME_P591,45.95321977152863,4.137978100428068,5,1,775,828
2042,DO_R1021,R1021,P591,dropoff,H1,46.0533,4.0727,5,-1,805,850
2043,PU_R1022,R1022,P591,pickup,H1,46.0533,4.0727,5,1,870,905
2044,DO_R1022,R1022,P591,dropoff,HOME_P591,45.95321977152863,4.137978100428068,5,-1,870,965
2045,PU_R1023,R1023,P592,pickup,HOME_P592,46.0889460995495,4.120364324444809,5,1,625,670
2046,DO_R1023,R1023,P592,dropoff,H1,46.0533,4.0727,5,-1,635,680
2047,PU_R1024,R1024,P592,pickup,H1,46.0533,4.0727,5,1,845,860
2048,DO_R1024,R1024,P592,dropoff,HOME_P592,46.0889460995495,4.120364324444809,5,-1,845,900
2049,PU_R1025,R1025,P593,pickup,HOME_P593,46.082241214502496,4.080111509905152,5,1,515,574
2050,DO_R1025,R1025,P593,dropoff,H1,46.0533,4.0727,5,-1,535,580
2051,PU_R1026,R1026,P593,pickup,H1,46.0533,4.0727,5,1,640,665
2052,DO_R1026,R1026,P593,dropoff,HOME_P593,46.082241214502496,4.080111509905152,5,-1,640,715
2053,PU_R1027,R1027,P594,pickup,HOME_P594,46.06953444131199,4.061112942215276,5,1,630,690
2054,DO_R1027,R1027,P594,dropoff,H2,46.0457,4.0688,5,-1,650,695
2055,PU_R1028,R1028,P594,pickup,H2,46.0457,4.0688,5,1,735,760
2056,DO_R1028,R1028,P594,dropoff,HOME_P594,46.06953444131199,4.061112942215276,5,-1,735,810
2057,PU_R1029,R1029,P595,pickup,HOME_P595,46.07306988041815,4.016898562693159,5,1,520,586
2058,DO_R1029,R1029,P595,dropoff,H1,46.0533,4.0727,5,-1,550,595
2059,PU_R1030,R1030,P595,pickup,H1,46.0533,4.0727,5,1,620,655
2060,DO_R1030,R1030,P595,dropoff,HOME_P595,46.07306988041815,4.016898562693159,5,-1,620,715
2061,PU_R1031,R1031,P596,pickup,HOME_P596,46.01910928153987,4.106651410330619,5,1,580,636
2062,DO_R1031,R1031,P596,dropoff,H1,46.0533,4.0727,5,-1,600,645
2063,PU_R1032,R1032,P596,pickup,H1,46.0533,4.0727,5,1,735,760
2064,DO_R1032,R1032,P596,dropoff,HOME_P596,46.01910928153987,4.106651410330619,5,-1,735,810
2065,PU_R1033,R1033,P597,pickup,HOME_P597,46.060118165603114,4.1377718222237645,5,1,445,490
2066,DO_R1033,R1033,P597,dropoff,H1,46.0533,4.0727,5,-1,455,500
2067,PU_R1034,R1034,P597,pickup,H1,46.0533,4.0727,5,1,740,755
2068,DO_R1034,R1034,P597,dropoff,HOME_P597,46.060118165603114,4.1377718222237645,5,-1,740,795
2069,PU_R1035,R1035,P598,pickup,HOME_P598,46.06303181761686,4.023626963706205,5,1,455,502
2070,DO_R1035,R1035,P598,dropoff,H1,46.0533,4.0727,5,-1,465,510
2071,PU_R1036,R1036,P598,pickup,H1,46.0533,4.0727,5,1,750,765
2072,DO_R1036,R1036,P598,dropoff,HOME_P598,46.06303181761686,4.023626963706205,5,-1,750,805
2073,PU_R1037,R1037,P599,pickup,HOME_P599,46.01216473779758,4.185324867814804,5,1,775,822
2074,DO_R1037,R1037,P599,dropoff,H2,46.0457,4.0688,5,-1,795,840
2075,PU_R1038,R1038,P599,pickup,H2,46.0457,4.0688,5,1,880,905
2076,DO_R1038,R1038,P599,dropoff,HOME_P599,46.01216473779758,4.185324867814804,5,-1,880,955
2077,PU_R1039,R1039,P600,pickup,HOME_P600,46.06327391027858,4.1898773256615796,5,1,460,508
2078,DO_R1039,R1039,P600,dropoff,H1,46.0533,4.0727,5,-1,480,525
2079,PU_R1040,R1040,P600,pickup,H1,46.0533,4.0727,5,1,615,640
2080,DO_R1040,R1040,P600,dropoff,HOME_P600,46.06327391027858,4.1898773256615796,5,-1,615,690
2081,PU_R1041,R1041,P601,pickup,HOME_P601,46.11634979754808,4.048831613223342,5,1,465,506
2082,DO_R1041,R1041,P601,dropoff,H3,46.05,4.07,5,-1,475,520
2083,PU_R1042,R1042,P601,pickup,H3,46.05,4.07,5,1,750,765
2084,DO_R1042,R1042,P601,dropoff,HOME_P601,46.11634979754808,4.048831613223342,5,-1,750,805
2085,PU_R1043,R1043,P602,pickup,HOME_P602,46.08857683617778,3.9628216006018477,5,1,470,508
2086,DO_R1043,R1043,P602,dropoff,H2,46.0457,4.0688,5,-1,480,525
2087,PU_R1044,R1044,P602,pickup,H2,46.0457,4.0688,5,1,670,685
2088,DO_R1044,R1044,P602,dropoff,HOME_P602,46.08857683617778,3.9628216006018477,5,-1,670,725
2089,PU_R1045,R1045,P603,pickup,HOME_P603,46.05245055068214,4.067189879398507,5,1,765,815
2090,DO_R1045,R1045,P603,dropoff,H1,46.0533,4.0727,5,-1,775,820
2091,PU_R1046,R1046,P604,pickup,HOME_P604,46.05748293226872,4.095803281848446,5,1,525,585
2092,DO_R1046,R1046,P604,dropoff,H2,46.0457,4.0688,5,-1,545,590
2093,PU_R1047,R1047,P604,pickup,H2,46.0457,4.0688,5,1,625,650
2094,DO_R1047,R1047,P604,dropoff,HOME_P604,46.05748293226872,4.095803281848446,5,-1,625,700
2095,PU_R1048,R1048,P605,pickup,HOME_P605,46.049727398722624,4.069207113893969,5,1,475,525
2096,DO_R1048,R1048,P605,dropoff,H3,46.05,4.07,5,-1,485,530
2097,PU_R1049,R1049,P605,pickup,H3,46.05,4.07,5,1,775,790
2098,DO_R1049,R1049,P605,dropoff,HOME_P605,46.049727398722624,4.069207113893969,5,-1,775,830
2099,PU_R1050,R1050,P606,pickup,HOME_P606,46.0893315067216,4.02965383933381,5,1,765,809
2100,DO_R1050,R1050,P606,dropoff,H2,46.0457,4.0688,5,-1,775,820
2101,PU_R1051,R1051,P607,pickup,HOME_P607,46.007100368888636,4.0630698232094025,5,1,730,775
2102,DO_R1051,R1051,P607,dropoff,H1,46.0533,4.0727,5,-1,740,785
2103,PU_R1052,R1052,P607,pickup,H1,46.0533,4.0727,5,1,1025,1040
2104,DO_R1052,R1052,P607,dropoff,HOME_P607,46.007100368888636,4.0630698232094025,5,-1,1025,1080
2105,PU_R1053,R1053,P608,pickup,HOME_P608,46.091046860189664,4.00282390370983,5,1,775,827
2106,DO_R1053,R1053,P608,dropoff,H2,46.0457,4.0688,5,-1,795,840
2107,PU_R1054,R1054,P608,pickup,H2,46.0457,4.0688,5,1,875,900
2108,DO_R1054,R1054,P608,dropoff,HOME_P608,46.091046860189664,4.00282390370983,5,-1,875,950
2109,PU_R1055,R1055,P609,pickup,HOME_P609,46.04437611478213,4.218524520686647,5,1,645,689
2110,DO_R1055,R1055,P609,dropoff,H1,46.0533,4.0727,5,-1,665,710
2111,PU_R1056,R1056,P609,pickup,H1,46.0533,4.0727,5,1,785,810
2112,DO_R1056,R1056,P609,dropoff,HOME_P609,46.04437611478213,4.218524520686647,5,-1,785,860
2113,PU_R1057,R1057,P610,pickup,HOME_P610,46.081739776541795,4.011677429235635,5,1,775,819
2114,DO_R1057,R1057,P610,dropoff,H2,46.0457,4.0688,5,-1,785,830
2115,PU_R1058,R1058,P611,pickup,HOME_P611,46.08668732019061,4.089412270587217,5,1,450,497
2116,DO_R1058,R1058,P611,dropoff,H1,46.0533,4.0727,5,-1,460,505
2117,PU_R1059,R1059,P611,pickup,H1,46.0533,4.0727,5,1,745,760
2118,DO_R1059,R1059,P611,dropoff,HOME_P611,46.08668732019061,4.089412270587217,5,-1,745,800
2119,PU_R1060,R1060,P612,pickup,HOME_P612,45.99439580584985,4.0835981434026865,5,1,770,814
2120,DO_R1060,R1060,P612,dropoff,H2,46.0457,4.0688,5,-1,780,825
2121,PU_R1061,R1061,P613,pickup,HOME_P613,46.00722623680852,4.104337048062349,5,1,655,699
2122,DO_R1061,R1061,P613,dropoff,H1,46.0533,4.0727,5,-1,665,710
2123,PU_R1062,R1062,P613,pickup,H1,46.0533,4.0727,5,1,890,905
2124,DO_R1062,R1062,P613,dropoff,HOME_P613,46.00722623680852,4.104337048062349,5,-1,890,945
2125,PU_R1063,R1063,P614,pickup,HOME_P614,46.078834790351806,4.168698131315704,5,1,640,690
2126,DO_R1063,R1063,P614,dropoff,H1,46.0533,4.0727,5,-1,660,705
2127,PU_R1064,R1064,P614,pickup,H1,46.0533,4.0727,5,1,785,810
2128,DO_R1064,R1064,P614,dropoff,HOME_P614,46.078834790351806,4.168698131315704,5,-1,785,860
2129,PU_R1065,R1065,P615,pickup,HOME_P615,46.02930070095371,4.1258602081244335,5,1,475,521
2130,DO_R1065,R1065,P615,dropoff,H2,46.0457,4.0688,5,-1,485,530
2131,PU_R1066,R1066,P615,pickup,H2,46.0457,4.0688,5,1,760,775
2132,DO_R1066,R1066,P615,dropoff,HOME_P615,46.02930070095371,4.1258602081244335,5,-1,760,815
2133,PU_R1067,R1067,P616,pickup,HOME_P616,46.11904501761175,4.012491587498976,5,1,840,889
2134,DO_R1067,R1067,P616,dropoff,H1,46.0533,4.0727,5,-1,860,905
2135,PU_R1068,R1068,P617,pickup,HOME_P617,46.06210216410937,3.8626467982715105,5,1,867,921
2136,DO_R1068,R1068,P617,dropoff,H1,46.0533,4.0727,5,-1,905,950
2137,PU_R1069,R1069,P618,pickup,HOME_P618,46.038383962620124,4.09399027165706,5,1,570,630
2138,DO_R1069,R1069,P618,dropoff,H2,46.0457,4.0688,5,-1,590,635
2139,PU_R1070,R1070,P618,pickup,H2,46.0457,4.0688,5,1,665,690
2140,DO_R1070,R1070,P618,dropoff,HOME_P618,46.038383962620124,4.09399027165706,5,-1,665,740
2141,PU_R1071,R1071,P619,pickup,HOME_P619,45.975394195410175,4.056943229532202,5,1,445,485
2142,DO_R1071,R1071,P619,dropoff,H2,46.0457,4.0688,5,-1,455,500
2143,PU_R1072,R1072,P619,pickup,H2,46.0457,4.0688,5,1,760,775
2144,DO_R1072,R1072,P619,dropoff,HOME_P619,45.975394195410175,4.056943229532202,5,-1,760,815
2145,PU_R1073,R1073,P620,pickup,HOME_P620,46.01024646152131,4.05043540801249,5,1,460,505
2146,DO_R1073,R1073,P620,dropoff,H1,46.0533,4.0727,5,-1,470,515
2147,PU_R1074,R1074,P620,pickup,H1,46.0533,4.0727,5,1,680,695
2148,DO_R1074,R1074,P620,dropoff,HOME_P620,46.01024646152131,4.05043540801249,5,-1,680,735
2149,PU_R1075,R1075,P621,pickup,HOME_P621,45.99958523932281,4.086033453224147,5,1,760,804
2150,DO_R1075,R1075,P621,dropoff,H1,46.0533,4.0727,5,-1,770,815
2151,PU_R1076,R1076,P622,pickup,HOME_P622,46.02111723698143,4.1527515765386545,5,1,765,807
2152,DO_R1076,R1076,P622,dropoff,H3,46.05,4.07,5,-1,775,820
2153,PU_R1077,R1077,P623,pickup,HOME_P623,46.05819449544802,4.186571469448133,5,1,465,504
2154,DO_R1077,R1077,P623,dropoff,H1,46.0533,4.0727,5,-1,475,520
2155,PU_R1078,R1078,P623,pickup,H1,46.0533,4.0727,5,1,680,695
2156,DO_R1078,R1078,P623,dropoff,HOME_P623,46.05819449544802,4.186571469448133,5,-1,680,735
2157,PU_R1079,R1079,P624,pickup,HOME_P624,46.07754838759773,4.131405112135137,5,1,615,670
2158,DO_R1079,R1079,P624,dropoff,H1,46.0533,4.0727,5,-1,635,680
2159,PU_R1080,R1080,P625,pickup,HOME_P625,46.000119086326386,4.0778281835648365,5,1,765,810
2160,DO_R1080,R1080,P625,dropoff,H2,46.0457,4.0688,5,-1,775,820
2161,PU_R1081,R1081,P626,pickup,HOME_P626,45.94710015574346,4.08771856770683,5,1,515,558
2162,DO_R1081,R1081,P626,dropoff,H1,46.0533,4.0727,5,-1,535,580
2163,PU_R1082,R1082,P627,pickup,HOME_P627,45.96606041490446,4.116586404091537,5,1,810,856
2164,DO_R1082,R1082,P627,dropoff,H1,46.0533,4.0727,5,-1,830,875
2165,PU_R1083,R1083,P627,pickup,H1,46.0533,4.0727,5,1,990,1015
2166,DO_R1083,R1083,P627,dropoff,HOME_P627,45.96606041490446,4.116586404091537,5,-1,990,1065
2167,PU_R1084,R1084,P628,pickup,HOME_P628,46.116868111232336,4.060057820133063,5,1,470,522
2168,DO_R1084,R1084,P628,dropoff,H1,46.0533,4.0727,5,-1,490,535
2169,PU_R1085,R1085,P628,pickup,H1,46.0533,4.0727,5,1,645,670
2170,DO_R1085,R1085,P628,dropoff,HOME_P628,46.116868111232336,4.060057820133063,5,-1,645,720
2171,PU_R1086,R1086,P629,pickup,HOME_P629,46.08660841788356,4.209319121323289,5,1,510,554
2172,DO_R1086,R1086,P629,dropoff,H2,46.0457,4.0688,5,-1,530,575
2173,PU_R1087,R1087,P629,pickup,H2,46.0457,4.0688,5,1,615,640
2174,DO_R1087,R1087,P629,dropoff,HOME_P629,46.08660841788356,4.209319121323289,5,-1,615,690
2175,PU_R1088,R1088,P630,pickup,HOME_P630,46.00802225962251,3.961001560570881,5,1,425,462
2176,DO_R1088,R1088,P630,dropoff,H1,46.0533,4.0727,5,-1,435,480
2177,PU_R1089,R1089,P630,pickup,H1,46.0533,4.0727,5,1,650,665
2178,DO_R1089,R1089,P630,dropoff,HOME_P630,46.00802225962251,3.961001560570881,5,-1,650,705
2179,PU_R1090,R1090,P631,pickup,HOME_P631,46.0512251036688,4.1439605220223195,5,1,440,485
2180,DO_R1090,R1090,P631,dropoff,H1,46.0533,4.0727,5,-1,450,495
2181,PU_R1091,R1091,P631,pickup,H1,46.0533,4.0727,5,1,645,660
2182,DO_R1091,R1091,P631,dropoff,HOME_P631,46.0512251036688,4.1439605220223195,5,-1,645,700
2183,PU_R1092,R1092,P632,pickup,HOME_P632,45.99707500052254,4.199032160022735,5,1,860,904
2184,DO_R1092,R1092,P632,dropoff,H2,46.0457,4.0688,5,-1,880,925
2185,PU_R1093,R1093,P632,pickup,H2,46.0457,4.0688,5,1,950,975
2186,DO_R1093,R1093,P632,dropoff,HOME_P632,45.99707500052254,4.199032160022735,5,-1,950,1025
2187,PU_R1094,R1094,P633,pickup,HOME_P633,46.06860899637201,4.135477432086944,5,1,475,520
2188,DO_R1094,R1094,P633,dropoff,H1,46.0533,4.0727,5,-1,485,530
2189,PU_R1095,R1095,P633,pickup,H1,46.0533,4.0727,5,1,690,705
2190,DO_R1095,R1095,P633,dropoff,HOME_P633,46.06860899637201,4.135477432086944,5,-1,690,745
2191,PU_R1096,R1096,P634,pickup,HOME_P634,46.00009563821908,4.0530153266038385,5,1,425,470
2192,DO_R1096,R1096,P634,dropoff,H2,46.0457,4.0688,5,-1,435,480
2193,PU_R1097,R1097,P634,pickup,H2,46.0457,4.0688,5,1,700,715
2194,DO_R1097,R1097,P634,dropoff,HOME_P634,46.00009563821908,4.0530153266038385,5,-1,700,755
2195,PU_R1098,R1098,P635,pickup,HOME_P635,46.095109607605146,4.103961693796548,5,1,980,1024
2196,DO_R1098,R1098,P635,dropoff,H2,46.0457,4.0688,5,-1,990,1035
2197,PU_R1099,R1099,P636,pickup,HOME_P636,46.05108358348838,4.155500745806776,5,1,465,508
2198,DO_R1099,R1099,P636,dropoff,H1,46.0533,4.0727,5,-1,475,520
2199,PU_R1100,R1100,P636,pickup,H1,46.0533,4.0727,5,1,760,775
2200,DO_R1100,R1100,P636,dropoff,HOME_P636,46.05108358348838,4.155500745806776,5,-1,760,815
2201,PU_R1101,R1101,P637,pickup,HOME_P637,46.04588827913759,4.088870133220866,5,1,745,795
2202,DO_R1101,R1101,P637,dropoff,H1,46.0533,4.0727,5,-1,755,800
2203,PU_R1102,R1102,P638,pickup,HOME_P638,46.07071044706084,4.081078402670568,5,1,735,785
2204,DO_R1102,R1102,P638,dropoff,H1,46.0533,4.0727,5,-1,745,790
2205,PU_R1103,R1103,P639,pickup,HOME_P639,46.087189915699746,4.170159117808453,5,1,775,824
2206,DO_R1103,R1103,P639,dropoff,H1,46.0533,4.0727,5,-1,795,840
2207,PU_R1104,R1104,P639,pickup,H1,46.0533,4.0727,5,1,930,955
2208,DO_R1104,R1104,P639,dropoff,HOME_P639,46.087189915699746,4.170159117808453,5,-1,930,1005
2209,PU_R1105,R1105,P640,pickup,HOME_P640,46.11462118702037,4.1139691648884,5,1,760,800
2210,DO_R1105,R1105,P640,dropoff,H3,46.05,4.07,5,-1,770,815
2211,PU_R1106,R1106,P641,pickup,HOME_P641,46.00124952427452,4.069883336750307,5,1,435,479
2212,DO_R1106,R1106,P641,dropoff,H1,46.0533,4.0727,5,-1,445,490
2213,PU_R1107,R1107,P641,pickup,H1,46.0533,4.0727,5,1,730,745
2214,DO_R1107,R1107,P641,dropoff,HOME_P641,46.00124952427452,4.069883336750307,5,-1,730,785
2215,PU_R1108,R1108,P642,pickup,HOME_P642,46.02458757300983,4.120537366842652,5,1,830,886
2216,DO_R1108,R1108,P642,dropoff,H2,46.0457,4.0688,5,-1,850,895
2217,PU_R1109,R1109,P642,pickup,H2,46.0457,4.0688,5,1,920,945
2218,DO_R1109,R1109,P642,dropoff,HOME_P642,46.02458757300983,4.120537366842652,5,-1,920,995
2219,PU_R1110,R1110,P643,pickup,HOME_P643,46.06203027342503,4.075692847090264,5,1,440,490
2220,DO_R1110,R1110,P643,dropoff,H2,46.0457,4.0688,5,-1,450,495
2221,PU_R1111,R1111,P643,pickup,H2,46.0457,4.0688,5,1,710,725
2222,DO_R1111,R1111,P643,dropoff,HOME_P643,46.06203027342503,4.075692847090264,5,-1,710,765
2223,PU_R1112,R1112,P644,pickup,HOME_P644,46.1182739493738,4.095926288920139,5,1,775,815
2224,DO_R1112,R1112,P644,dropoff,H3,46.05,4.07,5,-1,785,830
2225,PU_R1113,R1113,P645,pickup,HOME_P645,45.95564498378036,4.114629089506835,5,1,635,679
2226,DO_R1113,R1113,P645,dropoff,H1,46.0533,4.0727,5,-1,655,700
2227,PU_R1114,R1114,P645,pickup,H1,46.0533,4.0727,5,1,790,815
2228,DO_R1114,R1114,P645,dropoff,HOME_P645,45.95564498378036,4.114629089506835,5,-1,790,865
2229,PU_R1115,R1115,P646,pickup,HOME_P646,46.0462874094226,4.055442893935392,5,1,430,480
2230,DO_R1115,R1115,P646,dropoff,H3,46.05,4.07,5,-1,440,485
2231,PU_R1116,R1116,P646,pickup,H3,46.05,4.07,5,1,705,720
2232,DO_R1116,R1116,P646,dropoff,HOME_P646,46.0462874094226,4.055442893935392,5,-1,705,760
2233,PU_R1117,R1117,P647,pickup,HOME_P647,46.03514372746705,4.014370615962265,5,1,465,511
2234,DO_R1117,R1117,P647,dropoff,H1,46.0533,4.0727,5,-1,475,520
2235,PU_R1118,R1118,P647,pickup,H1,46.0533,4.0727,5,1,760,775
2236,DO_R1118,R1118,P647,dropoff,HOME_P647,46.03514372746705,4.014370615962265,5,-1,760,815
2237,PU_R1119,R1119,P648,pickup,HOME_P648,46.06355804783624,4.018197112612656,5,1,765,812
2238,DO_R1119,R1119,P648,dropoff,H1,46.0533,4.0727,5,-1,775,820
2239,PU_R1120,R1120,P649,pickup,HOME_P649,46.05886883950716,4.068720008892936,5,1,760,810
2240,DO_R1120,R1120,P649,dropoff,H2,46.0457,4.0688,5,-1,770,815
2241,PU_R1121,R1121,P650,pickup,HOME_P650,46.00387853448515,4.083108498406109,5,1,480,525
2242,DO_R1121,R1121,P650,dropoff,H1,46.0533,4.0727,5,-1,490,535
2243,PU_R1122,R1122,P650,pickup,H1,46.0533,4.0727,5,1,705,720
2244,DO_R1122,R1122,P650,dropoff,HOME_P650,46.00387853448515,4.083108498406109,5,-1,705,760
