request_id,patient_id,trip_type,direction,origin_point_id,destination_point_id,hospital_id,activity_type,priority_code,priority_class,theta_p,requirement,service_pickup_min,service_dropoff_min,q_pickup,q_dropoff,earliest_pickup_min,latest_pickup_min,latest_dropoff_min,appointment_minute_a_p,max_ride_time_L_p_min,in_planning_horizon,paired_request_id,pickup_model_node_label,dropoff_model_node_label,earliest_pickup_datetime,latest_pickup_datetime,latest_dropoff_datetime,appointment_datetime_a_p,earliest_pickup_hhmm,latest_pickup_hhmm,latest_dropoff_hhmm
R0001,P1,outbound,patient_to_hospital,HOME_P1,H1,H1,other,P2,medium,1.5,standard_assis,5,5,1,-1,970,1022,1035,1035,35,1,,PU_R0001,DO_R0001,2026-05-18 16:10:00,2026-05-18 17:02:00,2026-05-18 17:15:00,2026-05-18 17:15:00,16:10,17:02,17:15
R0002,P2,outbound,patient_to_hospital,HOME_P2,H1,H1,external,P3,low,1.0,standard_assis,5,5,1,-1,770,838,845,845,45,1,R0003,PU_R0002,DO_R0002,2026-05-18 12:50:00,2026-05-18 13:58:00,2026-05-18 14:05:00,2026-05-18 14:05:00,12:50,13:58,14:05
R0003,P2,return,hospital_to_patient,H1,HOME_P2,H1,external,P3,low,1.0,standard_assis,5,5,1,-1,870,905,965,870,45,1,R0002,PU_R0003,DO_R0003,2026-05-18 14:30:00,2026-05-18 15:05:00,2026-05-18 16:05:00,2026-05-18 14:30:00,14:30,15:05,16:05
R0004,P3,outbound,patient_to_hospital,HOME_P3,H1,H1,other,P2,medium,1.5,standard_assis,5,5,1,-1,590,649,655,655,35,1,R0005,PU_R0004,DO_R0004,2026-05-18 09:50:00,2026-05-18 10:49:00,2026-05-18 10:55:00,2026-05-18 10:55:00,09:50,10:49,10:55
R0005,P3,return,hospital_to_patient,H1,HOME_P3,H1,other,P2,medium,1.5,standard_assis,5,5,1,-1,760,785,835,760,35,1,R0004,PU_R0005,DO_R0005,2026-05-18 12:40:00,2026-05-18 13:05:00,2026-05-18 13:55:00,2026-05-18 12:40:00,12:40,13:05,13:55
R0006,P4,outbound,patient_to_hospital,HOME_P4,H2,H2,oncology,P1,high,2.0,prescription_medicale,5,5,1,-1,765,802,820,820,25,1,R0007,PU_R0006,DO_R0006,2026-05-18 12:45:00,2026-05-18 13:22:00,2026-05-18 13:40:00,2026-05-18 13:40:00,12:45,13:22,13:40
R0007,P4,return,hospital_to_patient,H2,HOME_P4,H2,oncology,P1,high,2.0,prescription_medicale,5,5,1,-1,950,965,1005,950,25,1,R0006,PU_R0007,DO_R0007,2026-05-18 15:50:00,2026-05-18 16:05:00,2026-05-18 16:45:00,2026-05-18 15:50:00,15:50,16:05,16:45
R0008,P5,outbound,patient_to_hospital,HOME_P5,H1,H1,other,P2,medium,1.5,standard_assis,5,5,1,-1,460,513,525,525,35,1,R0009,PU_R0008,DO_R0008,2026-05-18 07:40:00,2026-05-18 08:33:00,2026-05-18 08:45:00,2026-05-18 08:45:00,07:40,08:33,08:45
R0009,P5,return,hospital_to_patient,H1,HOME_P5,H1,other,P2,medium,1.5,standard_assis,5,5,1,-1,600,625,675,600,35,1,R0008,PU_R0009,DO_R0009,2026-05-18 10:00:00,2026-05-18 10:25:00,2026-05-18 11:15:00,2026-05-18 10:00:00,10:00,10:25,11:15
R0010,P6,outbound,patient_to_hospital,HOME_P6,H1,H1,oncology,P1,high,2.0,prescription_medicale,5,5,1,-1,450,491,505,505,25,1,R0011,PU_R0010,DO_R0010,2026-05-18 07:30:00,2026-05-18 08:11:00,2026-05-18 08:25:00,2026-05-18 08:25:00,07:30,08:11,08:25
R0011,P6,return,hospital_to_patient,H1,HOME_P6,H1,oncology,P1,high,2.0,prescription_medicale,5,5,1,-1,685,700,740,685,25,1,R0010,PU_R0011,DO_R0011,2026-05-18 11:25:00,2026-05-18 11:40:00,2026-05-18 12:20:00,2026-05-18 11:25:00,11:25,11:40,12:20
R0012,P7,outbound,patient_to_hospital,HOME_P7,H1,H1,dialysis,P1,high,2.0,vsl_required,5,5,1,-1,435,481,490,490,25,1,R0013,PU_R0012,DO_R0012,2026-05-18 07:15:00,2026-05-18 08:01:00,2026-05-18 08:10:00,2026-05-18 08:10:00,07:15,08:01,08:10
R0013,P7,return,hospital_to_patient,H1,HOME_P7,H1,dialysis,P1,high,2.0,vsl_required,5,5,1,-1,730,745,785,730,25,1,R0012,PU_R0013,DO_R0013,2026-05-18 12:10:00,2026-05-18 12:25:00,2026-05-18 13:05:00,2026-05-18 12:10:00,12:10,12:25,13:05
R0014,P8,outbound,patient_to_hospital,HOME_P8,H1,H1,dialysis,P1,high,2.0,vsl_required,5,5,1,-1,435,482,490,490,25,1,R0015,PU_R0014,DO_R0014,2026-05-18 07:15:00,2026-05-18 08:02:00,2026-05-18 08:10:00,2026-05-18 08:10:00,07:15,08:02,08:10
R0015,P8,return,hospital_to_patient,H1,HOME_P8,H1,dialysis,P1,high,2.0,vsl_required,5,5,1,-1,730,745,785,730,25,1,R0014,PU_R0015,DO_R0015,2026-05-18 12:10:00,2026-05-18 12:25:00,2026-05-18 13:05:00,2026-05-18 12:10:00,12:10,12:25,13:05
R0016,P9,outbound,patient_to_hospital,HOME_P9,H1,H1,oncology,P1,high,2.0,standard_assis,5,5,1,-1,445,489,500,500,25,1,R0017,PU_R0016,DO_R0016,2026-05-18 07:25:00,2026-05-18 08:09:00,2026-05-18 08:20:00,2026-05-18 08:20:00,07:25,08:09,08:20
R0017,P9,return,hospital_to_patient,H1,HOME_P9,H1,oncology,P1,high,2.0,standard_assis,5,5,1,-1,680,695,735,680,25,1,R0016,PU_R0017,DO_R0017,2026-05-18 11:20:00,2026-05-18 11:35:00,2026-05-18 12:15:00,2026-05-18 11:20:00,11:20,11:35,12:15
R0018,P10,outbound,patient_to_hospital,HOME_P10,H2,H2,dialysis,P1,high,2.0,vsl_required,5,5,1,-1,465,510,520,520,25,1,R0019,PU_R0018,DO_R0018,2026-05-18 07:45:00,2026-05-18 08:30:00,2026-05-18 08:40:00,2026-05-18 08:40:00,07:45,08:30,08:40
R0019,P10,return,hospital_to_patient,H2,HOME_P10,H2,dialysis,P1,high,2.0,vsl_required,5,5,1,-1,740,755,795,740,25,1,R0018,PU_R0019,DO_R0019,2026-05-18 12:20:00,2026-05-18 12:35:00,2026-05-18 13:15:00,2026-05-18 12:20:00,12:20,12:35,13:15
R0020,P11,outbound,patient_to_hospital,HOME_P11,H1,H1,external,P3,low,1.0,standard_assis,5,5,1,-1,980,1043,1055,1055,45,1,,PU_R0020,DO_R0020,2026-05-18 16:20:00,2026-05-18 17:23:00,2026-05-18 17:35:00,2026-05-18 17:35:00,16:20,17:23,17:35
R0021,P12,outbound,patient_to_hospital,HOME_P12,H1,H1,other,P2,medium,1.5,prescription_medicale,5,5,1,-1,585,637,650,650,35,1,R0022,PU_R0021,DO_R0021,2026-05-18 09:45:00,2026-05-18 10:37:00,2026-05-18 10:50:00,2026-05-18 10:50:00,09:45,10:37,10:50
R0022,P12,return,hospital_to_patient,H1,HOME_P12,H1,other,P2,medium,1.5,prescription_medicale,5,5,1,-1,755,780,830,755,35,1,R0021,PU_R0022,DO_R0022,2026-05-18 12:35:00,2026-05-18 13:00:00,2026-05-18 13:50:00,2026-05-18 12:35:00,12:35,13:00,13:50
R0023,P13,outbound,patient_to_hospital,HOME_P13,H1,H1,other,P2,medium,1.5,prescription_medicale,5,5,1,-1,810,868,875,875,35,1,R0024,PU_R0023,DO_R0023,2026-05-18 13:30:00,2026-05-18 14:28:00,2026-05-18 14:35:00,2026-05-18 14:35:00,13:30,14:28,14:35
R0024,P13,return,hospital_to_patient,H1,HOME_P13,H1,other,P2,medium,1.5,prescription_medicale,5,5,1,-1,950,975,1025,950,35,1,R0023,PU_R0024,DO_R0024,2026-05-18 15:50:00,2026-05-18 16:15:00,2026-05-18 17:05:00,2026-05-18 15:50:00,15:50,16:15,17:05
R0025,P14,outbound,patient_to_hospital,HOME_P14,H1,H1,dialysis,P1,high,2.0,prescription_medicale,5,5,1,-1,450,498,505,505,25,1,R0026,PU_R0025,DO_R0025,2026-05-18 07:30:00,2026-05-18 08:18:00,2026-05-18 08:25:00,2026-05-18 08:25:00,07:30,08:18,08:25
R0026,P14,return,hospital_to_patient,H1,HOME_P14,H1,dialysis,P1,high,2.0,prescription_medicale,5,5,1,-1,745,760,800,745,25,1,R0025,PU_R0026,DO_R0026,2026-05-18 12:25:00,2026-05-18 12:40:00,2026-05-18 13:20:00,2026-05-18 12:25:00,12:25,12:40,13:20
R0027,P15,outbound,patient_to_hospital,HOME_P15,H1,H1,oncology,P1,high,2.0,prescription_medicale,5,5,1,-1,835,874,890,890,25,1,,PU_R0027,DO_R0027,2026-05-18 13:55:00,2026-05-18 14:34:00,2026-05-18 14:50:00,2026-05-18 14:50:00,13:55,14:34,14:50
R0028,P16,outbound,patient_to_hospital,HOME_P16,H2,H2,other,P2,medium,1.5,standard_assis,5,5,1,-1,520,580,585,585,35,1,R0029,PU_R0028,DO_R0028,2026-05-18 08:40:00,2026-05-18 09:40:00,2026-05-18 09:45:00,2026-05-18 09:45:00,08:40,09:40,09:45
R0029,P16,return,hospital_to_patient,H2,HOME_P16,H2,other,P2,medium,1.5,standard_assis,5,5,1,-1,610,635,685,610,35,1,R0028,PU_R0029,DO_R0029,2026-05-18 10:10:00,2026-05-18 10:35:00,2026-05-18 11:25:00,2026-05-18 10:10:00,10:10,10:35,11:25
R0030,P17,outbound,patient_to_hospital,HOME_P17,H1,H1,other,P2,medium,1.5,standard_assis,5,5,1,-1,475,521,540,540,35,1,R0031,PU_R0030,DO_R0030,2026-05-18 07:55:00,2026-05-18 08:41:00,2026-05-18 09:00:00,2026-05-18 09:00:00,07:55,08:41,09:00
R0031,P17,return,hospital_to_patient,H1,HOME_P17,H1,other,P2,medium,1.5,standard_assis,5,5,1,-1,655,680,730,655,35,1,R0030,PU_R0031,DO_R0031,2026-05-18 10:55:00,2026-05-18 11:20:00,2026-05-18 12:10:00,2026-05-18 10:55:00,10:55,11:20,12:10
R0032,P18,outbound,patient_to_hospital,HOME_P18,H2,H2,dialysis,P1,high,2.0,vsl_required,5,5,1,-1,725,774,780,780,25,1,,PU_R0032,DO_R0032,2026-05-18 12:05:00,2026-05-18 12:54:00,2026-05-18 13:00:00,2026-05-18 13:00:00,12:05,12:54,13:00
R0033,P19,outbound,patient_to_hospital,HOME_P19,H2,H2,dialysis,P1,high,2.0,vsl_required,5,5,1,-1,465,506,520,520,25,1,R0034,PU_R0033,DO_R0033,2026-05-18 07:45:00,2026-05-18 08:26:00,2026-05-18 08:40:00,2026-05-18 08:40:00,07:45,08:26,08:40
R0034,P19,return,hospital_to_patient,H2,HOME_P19,H2,dialysis,P1,high,2.0,vsl_required,5,5,1,-1,755,770,810,755,25,1,R0033,PU_R0034,DO_R0034,2026-05-18 12:35:00,2026-05-18 12:50:00,2026-05-18 13:30:00,2026-05-18 12:35:00,12:35,12:50,13:30
R0035,P20,outbound,patient_to_hospital,HOME_P20,H2,H2,other,P2,medium,1.5,vsl_required,5,5,1,-1,600,645,665,665,35,1,R0036,PU_R0035,DO_R0035,2026-05-18 10:00:00,2026-05-18 10:45:00,2026-05-18 11:05:00,2026-05-18 11:05:00,10:00,10:45,11:05
R0036,P20,return,hospital_to_patient,H2,HOME_P20,H2,other,P2,medium,1.5,vsl_required,5,5,1,-1,690,715,765,690,35,1,R0035,PU_R0036,DO_R0036,2026-05-18 11:30:00,2026-05-18 11:55:00,2026-05-18 12:45:00,2026-05-18 11:30:00,11:30,11:55,12:45
R0037,P21,outbound,patient_to_hospital,HOME_P21,H1,H1,dialysis,P1,high,2.0,vsl_required,5,5,1,-1,435,476,490,490,25,1,R0038,PU_R0037,DO_R0037,2026-05-18 07:15:00,2026-05-18 07:56:00,2026-05-18 08:10:00,2026-05-18 08:10:00,07:15,07:56,08:10
R0038,P21,return,hospital_to_patient,H1,HOME_P21,H1,dialysis,P1,high,2.0,vsl_required,5,5,1,-1,730,745,785,730,25,1,R0037,PU_R0038,DO_R0038,2026-05-18 12:10:00,2026-05-18 12:25:00,2026-05-18 13:05:00,2026-05-18 12:10:00,12:10,12:25,13:05
R0039,P22,outbound,patient_to_hospital,HOME_P22,H1,H1,oncology,P1,high,2.0,prescription_medicale,5,5,1,-1,445,489,500,500,25,1,R0040,PU_R0039,DO_R0039,2026-05-18 07:25:00,2026-05-18 08:09:00,2026-05-18 08:20:00,2026-05-18 08:20:00,07:25,08:09,08:20
R0040,P22,return,hospital_to_patient,H1,HOME_P22,H1,oncology,P1,high,2.0,prescription_medicale,5,5,1,-1,675,690,730,675,25,1,R0039,PU_R0040,DO_R0040,2026-05-18 11:15:00,2026-05-18 11:30:00,2026-05-18 12:10:00,2026-05-18 11:15:00,11:15,11:30,12:10
R0041,P23,outbound,patient_to_hospital,HOME_P23,H1,H1,dialysis,P1,high,2.0,prescription_medicale,5,5,1,-1,730,780,785,785,25,1,R0042,PU_R0041,DO_R0041,2026-05-18 12:10:00,2026-05-18 13:00:00,2026-05-18 13:05:00,2026-05-18 13:05:00,12:10,13:00,13:05
R0042,P23,return,hospital_to_patient,H1,HOME_P23,H1,dialysis,P1,high,2.0,prescription_medicale,5,5,1,-1,1025,1040,1080,1025,25,1,R0041,PU_R0042,DO_R0042,2026-05-18 17:05:00,2026-05-18 17:20:00,2026-05-18 18:00:00,2026-05-18 17:05:00,17:05,17:20,18:00
R0043,P24,outbound,patient_to_hospital,HOME_P24,H1,H1,oncology,P1,high,2.0,vsl_required,5,5,1,-1,440,478,495,495,25,1,R0044,PU_R0043,DO_R0043,2026-05-18 07:20:00,2026-05-18 07:58:00,2026-05-18 08:15:00,2026-05-18 08:15:00,07:20,07:58,08:15
R0044,P24,return,hospital_to_patient,H1,HOME_P24,H1,oncology,P1,high,2.0,vsl_required,5,5,1,-1,675,690,730,675,25,1,R0043,PU_R0044,DO_R0044,2026-05-18 11:15:00,2026-05-18 11:30:00,2026-05-18 12:10:00,2026-05-18 11:15:00,11:15,11:30,12:10
R0045,P25,outbound,patient_to_hospital,HOME_P25,H1,H1,dialysis,P1,high,2.0,vsl_required,5,5,1,-1,760,810,815,815,25,1,,PU_R0045,DO_R0045,2026-05-18 12:40:00,2026-05-18 13:30:00,2026-05-18 13:35:00,2026-05-18 13:35:00,12:40,13:30,13:35
R0046,P26,outbound,patient_to_hospital,HOME_P26,H2,H2,oncology,P1,high,2.0,prescription_medicale,5,5,1,-1,455,503,510,510,25,1,R0047,PU_R0046,DO_R0046,2026-05-18 07:35:00,2026-05-18 08:23:00,2026-05-18 08:30:00,2026-05-18 08:30:00,07:35,08:23,08:30
R0047,P26,return,hospital_to_patient,H2,HOME_P26,H2,oncology,P1,high,2.0,prescription_medicale,5,5,1,-1,740,755,795,740,25,1,R0046,PU_R0047,DO_R0047,2026-05-18 12:20:00,2026-05-18 12:35:00,2026-05-18 13:15:00,2026-05-18 12:20:00,12:20,12:35,13:15
R0048,P27,outbound,patient_to_hospital,HOME_P27,H1,H1,dialysis,P1,high,2.0,vsl_required,5,5,1,-1,480,522,535,535,25,1,R0049,PU_R0048,DO_R0048,2026-05-18 08:00:00,2026-05-18 08:42:00,2026-05-18 08:55:00,2026-05-18 08:55:00,08:00,08:42,08:55
R0049,P27,return,hospital_to_patient,H1,HOME_P27,H1,dialysis,P1,high,2.0,vsl_required,5,5,1,-1,775,790,830,775,25,1,R0048,PU_R0049,DO_R0049,2026-05-18 12:55:00,2026-05-18 13:10:00,2026-05-18 13:50:00,2026-05-18 12:55:00,12:55,13:10,13:50
R0050,P28,outbound,patient_to_hospital,HOME_P28,H2,H2,oncology,P1,high,2.0,prescription_medicale,5,5,1,-1,460,510,515,515,25,1,R0051,PU_R0050,DO_R0050,2026-05-18 07:40:00,2026-05-18 08:30:00,2026-05-18 08:35:00,2026-05-18 08:35:00,07:40,08:30,08:35
R0051,P28,return,hospital_to_patient,H2,HOME_P28,H2,oncology,P1,high,2.0,prescription_medicale,5,5,1,-1,590,605,645,590,25,1,R0050,PU_R0051,DO_R0051,2026-05-18 09:50:00,2026-05-18 10:05:00,2026-05-18 10:45:00,2026-05-18 09:50:00,09:50,10:05,10:45
R0052,P29,outbound,patient_to_hospital,HOME_P29,H1,H1,dialysis,P1,high,2.0,vsl_required,5,5,1,-1,965,1008,1020,1020,25,1,,PU_R0052,DO_R0052,2026-05-18 16:05:00,2026-05-18 16:48:00,2026-05-18 17:00:00,2026-05-18 17:00:00,16:05,16:48,17:00
R0053,P30,outbound,patient_to_hospital,HOME_P30,H1,H1,other,P2,medium,1.5,standard_assis,5,5,1,-1,940,984,1005,1005,35,1,,PU_R0053,DO_R0053,2026-05-18 15:40:00,2026-05-18 16:24:00,2026-05-18 16:45:00,2026-05-18 16:45:00,15:40,16:24,16:45
R0054,P31,outbound,patient_to_hospital,HOME_P31,H1,H1,dialysis,P1,high,2.0,vsl_required,5,5,1,-1,735,779,790,790,25,1,,PU_R0054,DO_R0054,2026-05-18 12:15:00,2026-05-18 12:59:00,2026-05-18 13:10:00,2026-05-18 13:10:00,12:15,12:59,13:10
R0055,P32,outbound,patient_to_hospital,HOME_P32,H3,H3,dialysis,P1,high,2.0,vsl_required,5,5,1,-1,425,466,480,480,25,1,R0056,PU_R0055,DO_R0055,2026-05-18 07:05:00,2026-05-18 07:46:00,2026-05-18 08:00:00,2026-05-18 08:00:00,07:05,07:46,08:00
R0056,P32,return,hospital_to_patient,H3,HOME_P32,H3,dialysis,P1,high,2.0,vsl_required,5,5,1,-1,690,705,745,690,25,1,R0055,PU_R0056,DO_R0056,2026-05-18 11:30:00,2026-05-18 11:45:00,2026-05-18 12:25:00,2026-05-18 11:30:00,11:30,11:45,12:25
R0057,P33,outbound,patient_to_hospital,HOME_P33,H3,H3,dialysis,P1,high,2.0,vsl_required,5,5,1,-1,750,792,805,805,25,1,,PU_R0057,DO_R0057,2026-05-18 12:30:00,2026-05-18 13:12:00,2026-05-18 13:25:00,2026-05-18 13:25:00,12:30,13:12,13:25
R0058,P34,outbound,patient_to_hospital,HOME_P34,H1,H1,external,P3,low,1.0,standard_assis,5,5,1,-1,993,1048,1080,1080,57,1,,PU_R0058,DO_R0058,2026-05-18 16:33:00,2026-05-18 17:28:00,2026-05-18 18:00:00,2026-05-18 18:00:00,16:33,17:28,18:00
R0059,P35,outbound,patient_to_hospital,HOME_P35,H2,H2,oncology,P1,high,2.0,vsl_required,5,5,1,-1,745,786,800,800,25,1,R0060,PU_R0059,DO_R0059,2026-05-18 12:25:00,2026-05-18 13:06:00,2026-05-18 13:20:00,2026-05-18 13:20:00,12:25,13:06,13:20
R0060,P35,return,hospital_to_patient,H2,HOME_P35,H2,oncology,P1,high,2.0,vsl_required,5,5,1,-1,955,970,1010,955,25,1,R0059,PU_R0060,DO_R0060,2026-05-18 15:55:00,2026-05-18 16:10:00,2026-05-18 16:50:00,2026-05-18 15:55:00,15:55,16:10,16:50
R0061,P36,outbound,patient_to_hospital,HOME_P36,H2,H2,other,P2,medium,1.5,standard_assis,5,5,1,-1,775,832,840,840,35,1,R0062,PU_R0061,DO_R0061,2026-05-18 12:55:00,2026-05-18 13:52:00,2026-05-18 14:00:00,2026-05-18 14:00:00,12:55,13:52,14:00
R0062,P36,return,hospital_to_patient,H2,HOME_P36,H2,other,P2,medium,1.5,standard_assis,5,5,1,-1,875,900,950,875,35,1,R0061,PU_R0062,DO_R0062,2026-05-18 14:35:00,2026-05-18 15:00:00,2026-05-18 15:50:00,2026-05-18 14:35:00,14:35,15:00,15:50
R0063,P37,outbound,patient_to_hospital,HOME_P37,H1,H1,dialysis,P1,high,2.0,prescription_medicale,5,5,1,-1,735,776,790,790,25,1,,PU_R0063,DO_R0063,2026-05-18 12:15:00,2026-05-18 12:56:00,2026-05-18 13:10:00,2026-05-18 13:10:00,12:15,12:56,13:10
R0064,P38,outbound,patient_to_hospital,HOME_P38,H2,H2,other,P2,medium,1.5,vsl_required,5,5,1,-1,965,1024,1030,1030,35,1,,PU_R0064,DO_R0064,2026-05-18 16:05:00,2026-05-18 17:04:00,2026-05-18 17:10:00,2026-05-18 17:10:00,16:05,17:04,17:10
R0065,P39,outbound,patient_to_hospital,HOME_P39,H1,H1,external,P3,low,1.0,prescription_medicale,5,5,1,-1,865,917,940,940,45,1,R0066,PU_R0065,DO_R0065,2026-05-18 14:25:00,2026-05-18 15:17:00,2026-05-18 15:40:00,2026-05-18 15:40:00,14:25,15:17,15:40
R0066,P39,return,hospital_to_patient,H1,HOME_P39,H1,external,P3,low,1.0,prescription_medicale,5,5,1,-1,960,995,1055,960,45,1,R0065,PU_R0066,DO_R0066,2026-05-18 16:00:00,2026-05-18 16:35:00,2026-05-18 17:35:00,2026-05-18 16:00:00,16:00,16:35,17:35
R0067,P40,outbound,patient_to_hospital,HOME_P40,H3,H3,dialysis,P1,high,2.0,vsl_required,5,5,1,-1,445,486,500,500,25,1,R0068,PU_R0067,DO_R0067,2026-05-18 07:25:00,2026-05-18 08:06:00,2026-05-18 08:20:00,2026-05-18 08:20:00,07:25,08:06,08:20
R0068,P40,return,hospital_to_patient,H3,HOME_P40,H3,dialysis,P1,high,2.0,vsl_required,5,5,1,-1,765,780,820,765,25,1,R0067,PU_R0068,DO_R0068,2026-05-18 12:45:00,2026-05-18 13:00:00,2026-05-18 13:40:00,2026-05-18 12:45:00,12:45,13:00,13:40
R0069,P41,outbound,patient_to_hospital,HOME_P41,H1,H1,dialysis,P1,high,2.0,vsl_required,5,5,1,-1,465,511,520,520,25,1,R0070,PU_R0069,DO_R0069,2026-05-18 07:45:00,2026-05-18 08:31:00,2026-05-18 08:40:00,2026-05-18 08:40:00,07:45,08:31,08:40
R0070,P41,return,hospital_to_patient,H1,HOME_P41,H1,dialysis,P1,high,2.0,vsl_required,5,5,1,-1,760,775,815,760,25,1,R0069,PU_R0070,DO_R0070,2026-05-18 12:40:00,2026-05-18 12:55:00,2026-05-18 13:35:00,2026-05-18 12:40:00,12:40,12:55,13:35
R0071,P42,outbound,patient_to_hospital,HOME_P42,H3,H3,dialysis,P1,high,2.0,prescription_medicale,5,5,1,-1,425,474,480,480,25,1,R0072,PU_R0071,DO_R0071,2026-05-18 07:05:00,2026-05-18 07:54:00,2026-05-18 08:00:00,2026-05-18 08:00:00,07:05,07:54,08:00
R0072,P42,return,hospital_to_patient,H3,HOME_P42,H3,dialysis,P1,high,2.0,prescription_medicale,5,5,1,-1,695,710,750,695,25,1,R0071,PU_R0072,DO_R0072,2026-05-18 11:35:00,2026-05-18 11:50:00,2026-05-18 12:30:00,2026-05-18 11:35:00,11:35,11:50,12:30
R0073,P43,outbound,patient_to_hospital,HOME_P43,H3,H3,dialysis,P1,high,2.0,prescription_medicale,5,5,1,-1,435,476,490,490,25,1,R0074,PU_R0073,DO_R0073,2026-05-18 07:15:00,2026-05-18 07:56:00,2026-05-18 08:10:00,2026-05-18 08:10:00,07:15,07:56,08:10
R0074,P43,return,hospital_to_patient,H3,HOME_P43,H3,dialysis,P1,high,2.0,prescription_medicale,5,5,1,-1,760,775,815,760,25,1,R0073,PU_R0074,DO_R0074,2026-05-18 12:40:00,2026-05-18 12:55:00,2026-05-18 13:35:00,2026-05-18 12:40:00,12:40,12:55,13:35
R0075,P44,outbound,patient_to_hospital,HOME_P44,H2,H2,other,P2,medium,1.5,standard_assis,5,5,1,-1,530,577,595,595,35,1,R0076,PU_R0075,DO_R0075,2026-05-18 08:50:00,2026-05-18 09:37:00,2026-05-18 09:55:00,2026-05-18 09:55:00,08:50,09:37,09:55
R0076,P44,return,hospital_to_patient,H2,HOME_P44,H2,other,P2,medium,1.5,standard_assis,5,5,1,-1,635,660,710,635,35,1,R0075,PU_R0076,DO_R0076,2026-05-18 10:35:00,2026-05-18 11:00:00,2026-05-18 11:50:00,2026-05-18 10:35:00,10:35,11:00,11:50
R0077,P45,outbound,patient_to_hospital,HOME_P45,H2,H2,dialysis,P1,high,2.0,prescription_medicale,5,5,1,-1,775,819,830,830,25,1,,PU_R0077,DO_R0077,2026-05-18 12:55:00,2026-05-18 13:39:00,2026-05-18 13:50:00,2026-05-18 13:50:00,12:55,13:39,13:50
R0078,P46,outbound,patient_to_hospital,HOME_P46,H1,H1,external,P3,low,1.0,standard_assis,5,5,1,-1,935,986,1010,1010,45,1,,PU_R0078,DO_R0078,2026-05-18 15:35:00,2026-05-18 16:26:00,2026-05-18 16:50:00,2026-05-18 16:50:00,15:35,16:26,16:50
R0079,P47,outbound,patient_to_hospital,HOME_P47,H1,H1,other,P2,medium,1.5,standard_assis,5,5,1,-1,575,624,640,640,35,1,R0080,PU_R0079,DO_R0079,2026-05-18 09:35:00,2026-05-18 10:24:00,2026-05-18 10:40:00,2026-05-18 10:40:00,09:35,10:24,10:40
R0080,P47,return,hospital_to_patient,H1,HOME_P47,H1,other,P2,medium,1.5,standard_assis,5,5,1,-1,705,730,780,705,35,1,R0079,PU_R0080,DO_R0080,2026-05-18 11:45:00,2026-05-18 12:10:00,2026-05-18 13:00:00,2026-05-18 11:45:00,11:45,12:10,13:00
R0081,P48,outbound,patient_to_hospital,HOME_P48,H2,H2,other,P2,medium,1.5,standard_assis,5,5,1,-1,530,590,595,595,35,1,R0082,PU_R0081,DO_R0081,2026-05-18 08:50:00,2026-05-18 09:50:00,2026-05-18 09:55:00,2026-05-18 09:55:00,08:50,09:50,09:55
R0082,P48,return,hospital_to_patient,H2,HOME_P48,H2,other,P2,medium,1.5,standard_assis,5,5,1,-1,625,650,700,625,35,1,R0081,PU_R0082,DO_R0082,2026-05-18 10:25:00,2026-05-18 10:50:00,2026-05-18 11:40:00,2026-05-18 10:25:00,10:25,10:50,11:40
R0083,P49,outbound,patient_to_hospital,HOME_P49,H1,H1,oncology,P1,high,2.0,prescription_medicale,5,5,1,-1,840,887,895,895,25,1,,PU_R0083,DO_R0083,2026-05-18 14:00:00,2026-05-18 14:47:00,2026-05-18 14:55:00,2026-05-18 14:55:00,14:00,14:47,14:55
R0084,P50,outbound,patient_to_hospital,HOME_P50,H1,H1,other,P2,medium,1.5,prescription_medicale,5,5,1,-1,600,650,665,665,35,1,R0085,PU_R0084,DO_R0084,2026-05-18 10:00:00,2026-05-18 10:50:00,2026-05-18 11:05:00,2026-05-18 11:05:00,10:00,10:50,11:05
R0085,P50,return,hospital_to_patient,H1,HOME_P50,H1,other,P2,medium,1.5,prescription_medicale,5,5,1,-1,730,755,805,730,35,1,R0084,PU_R0085,DO_R0085,2026-05-18 12:10:00,2026-05-18 12:35:00,2026-05-18 13:25:00,2026-05-18 12:10:00,12:10,12:35,13:25
R0086,P51,outbound,patient_to_hospital,HOME_P51,H2,H2,other,P2,medium,1.5,prescription_medicale,5,5,1,-1,795,844,860,860,35,1,R0087,PU_R0086,DO_R0086,2026-05-18 13:15:00,2026-05-18 14:04:00,2026-05-18 14:20:00,2026-05-18 14:20:00,13:15,14:04,14:20
R0087,P51,return,hospital_to_patient,H2,HOME_P51,H2,other,P2,medium,1.5,prescription_medicale,5,5,1,-1,885,910,960,885,35,1,R0086,PU_R0087,DO_R0087,2026-05-18 14:45:00,2026-05-18 15:10:00,2026-05-18 16:00:00,2026-05-18 14:45:00,14:45,15:10,16:00
R0088,P52,outbound,patient_to_hospital,HOME_P52,H1,H1,external,P3,low,1.0,standard_assis,5,5,1,-1,905,963,980,980,45,1,,PU_R0088,DO_R0088,2026-05-18 15:05:00,2026-05-18 16:03:00,2026-05-18 16:20:00,2026-05-18 16:20:00,15:05,16:03,16:20
R0089,P53,outbound,patient_to_hospital,HOME_P53,H1,H1,dialysis,P1,high,2.0,prescription_medicale,5,5,1,-1,1010,1057,1065,1065,25,1,,PU_R0089,DO_R0089,2026-05-18 16:50:00,2026-05-18 17:37:00,2026-05-18 17:45:00,2026-05-18 17:45:00,16:50,17:37,17:45
R0090,P54,outbound,patient_to_hospital,HOME_P54,H1,H1,dialysis,P1,high,2.0,vsl_required,5,5,1,-1,475,518,530,530,25,1,R0091,PU_R0090,DO_R0090,2026-05-18 07:55:00,2026-05-18 08:38:00,2026-05-18 08:50:00,2026-05-18 08:50:00,07:55,08:38,08:50
R0091,P54,return,hospital_to_patient,H1,HOME_P54,H1,dialysis,P1,high,2.0,vsl_required,5,5,1,-1,770,785,825,770,25,1,R0090,PU_R0091,DO_R0091,2026-05-18 12:50:00,2026-05-18 13:05:00,2026-05-18 13:45:00,2026-05-18 12:50:00,12:50,13:05,13:45
R0092,P55,outbound,patient_to_hospital,HOME_P55,H2,H2,dialysis,P1,high,2.0,vsl_required,5,5,1,-1,460,500,515,515,25,1,R0093,PU_R0092,DO_R0092,2026-05-18 07:40:00,2026-05-18 08:20:00,2026-05-18 08:35:00,2026-05-18 08:35:00,07:40,08:20,08:35
R0093,P55,return,hospital_to_patient,H2,HOME_P55,H2,dialysis,P1,high,2.0,vsl_required,5,5,1,-1,735,750,790,735,25,1,R0092,PU_R0093,DO_R0093,2026-05-18 12:15:00,2026-05-18 12:30:00,2026-05-18 13:10:00,2026-05-18 12:15:00,12:15,12:30,13:10
R0094,P56,outbound,patient_to_hospital,HOME_P56,H1,H1,oncology,P1,high,2.0,prescription_medicale,5,5,1,-1,640,689,695,695,25,1,R0095,PU_R0094,DO_R0094,2026-05-18 10:40:00,2026-05-18 11:29:00,2026-05-18 11:35:00,2026-05-18 11:35:00,10:40,11:29,11:35
R0095,P56,return,hospital_to_patient,H1,HOME_P56,H1,oncology,P1,high,2.0,prescription_medicale,5,5,1,-1,850,865,905,850,25,1,R0094,PU_R0095,DO_R0095,2026-05-18 14:10:00,2026-05-18 14:25:00,2026-05-18 15:05:00,2026-05-18 14:10:00,14:10,14:25,15:05
R0096,P57,outbound,patient_to_hospital,HOME_P57,H2,H2,dialysis,P1,high,2.0,vsl_required,5,5,1,-1,745,787,800,800,25,1,R0097,PU_R0096,DO_R0096,2026-05-18 12:25:00,2026-05-18 13:07:00,2026-05-18 13:20:00,2026-05-18 13:20:00,12:25,13:07,13:20
R0097,P57,return,hospital_to_patient,H2,HOME_P57,H2,dialysis,P1,high,2.0,vsl_required,5,5,1,-1,1020,1035,1075,1020,25,1,R0096,PU_R0097,DO_R0097,2026-05-18 17:00:00,2026-05-18 17:15:00,2026-05-18 17:55:00,2026-05-18 17:00:00,17:00,17:15,17:55
R0098,P58,outbound,patient_to_hospital,HOME_P58,H1,H1,oncology,P1,high,2.0,vsl_required,5,5,1,-1,450,487,505,505,25,1,R0099,PU_R0098,DO_R0098,2026-05-18 07:30:00,2026-05-18 08:07:00,2026-05-18 08:25:00,2026-05-18 08:25:00,07:30,08:07,08:25
R0099,P58,return,hospital_to_patient,H1,HOME_P58,H1,oncology,P1,high,2.0,vsl_required,5,5,1,-1,685,700,740,685,25,1,R0098,PU_R0099,DO_R0099,2026-05-18 11:25:00,2026-05-18 11:40:00,2026-05-18 12:20:00,2026-05-18 11:25:00,11:25,11:40,12:20
R0100,P59,outbound,patient_to_hospital,HOME_P59,H2,H2,other,P2,medium,1.5,prescription_medicale,5,5,1,-1,460,515,525,525,35,1,R0101,PU_R0100,DO_R0100,2026-05-18 07:40:00,2026-05-18 08:35:00,2026-05-18 08:45:00,2026-05-18 08:45:00,07:40,08:35,08:45
R0101,P59,return,hospital_to_patient,H2,HOME_P59,H2,other,P2,medium,1.5,prescription_medicale,5,5,1,-1,560,585,635,560,35,1,R0100,PU_R0101,DO_R0101,2026-05-18 09:20:00,2026-05-18 09:45:00,2026-05-18 10:35:00,2026-05-18 09:20:00,09:20,09:45,10:35
R0102,P60,outbound,patient_to_hospital,HOME_P60,H2,H2,other,P2,medium,1.5,premium,5,5,1,-1,955,1003,1020,1020,35,1,,PU_R0102,DO_R0102,2026-05-18 15:55:00,2026-05-18 16:43:00,2026-05-18 17:00:00,2026-05-18 17:00:00,15:55,16:43,17:00
R0103,P61,outbound,patient_to_hospital,HOME_P61,H1,H1,oncology,P1,high,2.0,vsl_required,5,5,1,-1,645,682,700,700,25,1,R0104,PU_R0103,DO_R0103,2026-05-18 10:45:00,2026-05-18 11:22:00,2026-05-18 11:40:00,2026-05-18 11:40:00,10:45,11:22,11:40
R0104,P61,return,hospital_to_patient,H1,HOME_P61,H1,oncology,P1,high,2.0,vsl_required,5,5,1,-1,870,885,925,870,25,1,R0103,PU_R0104,DO_R0104,2026-05-18 14:30:00,2026-05-18 14:45:00,2026-05-18 15:25:00,2026-05-18 14:30:00,14:30,14:45,15:25
R0105,P62,outbound,patient_to_hospital,HOME_P62,H1,H1,dialysis,P1,high,2.0,vsl_required,5,5,1,-1,480,524,535,535,25,1,R0106,PU_R0105,DO_R0105,2026-05-18 08:00:00,2026-05-18 08:44:00,2026-05-18 08:55:00,2026-05-18 08:55:00,08:00,08:44,08:55
R0106,P62,return,hospital_to_patient,H1,HOME_P62,H1,dialysis,P1,high,2.0,vsl_required,5,5,1,-1,775,790,830,775,25,1,R0105,PU_R0106,DO_R0106,2026-05-18 12:55:00,2026-05-18 13:10:00,2026-05-18 13:50:00,2026-05-18 12:55:00,12:55,13:10,13:50
R0107,P63,outbound,patient_to_hospital,HOME_P63,H2,H2,dialysis,P1,high,2.0,prescription_medicale,5,5,1,-1,985,1032,1040,1040,25,1,,PU_R0107,DO_R0107,2026-05-18 16:25:00,2026-05-18 17:12:00,2026-05-18 17:20:00,2026-05-18 17:20:00,16:25,17:12,17:20
R0108,P64,outbound,patient_to_hospital,HOME_P64,H3,H3,dialysis,P1,high,2.0,vsl_required,5,5,1,-1,780,823,835,835,25,1,,PU_R0108,DO_R0108,2026-05-18 13:00:00,2026-05-18 13:43:00,2026-05-18 13:55:00,2026-05-18 13:55:00,13:00,13:43,13:55
R0109,P65,outbound,patient_to_hospital,HOME_P65,H1,H1,oncology,P1,high,2.0,prescription_medicale,5,5,1,-1,465,506,520,520,25,1,R0110,PU_R0109,DO_R0109,2026-05-18 07:45:00,2026-05-18 08:26:00,2026-05-18 08:40:00,2026-05-18 08:40:00,07:45,08:26,08:40
R0110,P65,return,hospital_to_patient,H1,HOME_P65,H1,oncology,P1,high,2.0,prescription_medicale,5,5,1,-1,670,685,725,670,25,1,R0109,PU_R0110,DO_R0110,2026-05-18 11:10:00,2026-05-18 11:25:00,2026-05-18 12:05:00,2026-05-18 11:10:00,11:10,11:25,12:05
R0111,P66,outbound,patient_to_hospital,HOME_P66,H2,H2,other,P2,medium,1.5,standard_assis,5,5,1,-1,930,976,995,995,35,1,,PU_R0111,DO_R0111,2026-05-18 15:30:00,2026-05-18 16:16:00,2026-05-18 16:35:00,2026-05-18 16:35:00,15:30,16:16,16:35
R0112,P67,outbound,patient_to_hospital,HOME_P67,H2,H2,other,P2,medium,1.5,standard_assis,5,5,1,-1,450,495,515,515,35,1,R0113,PU_R0112,DO_R0112,2026-05-18 07:30:00,2026-05-18 08:15:00,2026-05-18 08:35:00,2026-05-18 08:35:00,07:30,08:15,08:35
R0113,P67,return,hospital_to_patient,H2,HOME_P67,H2,other,P2,medium,1.5,standard_assis,5,5,1,-1,555,580,630,555,35,1,R0112,PU_R0113,DO_R0113,2026-05-18 09:15:00,2026-05-18 09:40:00,2026-05-18 10:30:00,2026-05-18 09:15:00,09:15,09:40,10:30
R0114,P68,outbound,patient_to_hospital,HOME_P68,H2,H2,oncology,P1,high,2.0,prescription_medicale,5,5,1,-1,440,490,495,495,25,1,R0115,PU_R0114,DO_R0114,2026-05-18 07:20:00,2026-05-18 08:10:00,2026-05-18 08:15:00,2026-05-18 08:15:00,07:20,08:10,08:15
R0115,P68,return,hospital_to_patient,H2,HOME_P68,H2,oncology,P1,high,2.0,prescription_medicale,5,5,1,-1,725,740,780,725,25,1,R0114,PU_R0115,DO_R0115,2026-05-18 12:05:00,2026-05-18 12:20:00,2026-05-18 13:00:00,2026-05-18 12:05:00,12:05,12:20,13:00
R0116,P69,outbound,patient_to_hospital,HOME_P69,H1,H1,other,P2,medium,1.5,prescription_medicale,5,5,1,-1,610,658,675,675,35,1,R0117,PU_R0116,DO_R0116,2026-05-18 10:10:00,2026-05-18 10:58:00,2026-05-18 11:15:00,2026-05-18 11:15:00,10:10,10:58,11:15
R0117,P69,return,hospital_to_patient,H1,HOME_P69,H1,other,P2,medium,1.5,prescription_medicale,5,5,1,-1,755,780,830,755,35,1,R0116,PU_R0117,DO_R0117,2026-05-18 12:35:00,2026-05-18 13:00:00,2026-05-18 13:50:00,2026-05-18 12:35:00,12:35,13:00,13:50
R0118,P70,outbound,patient_to_hospital,HOME_P70,H1,H1,dialysis,P1,high,2.0,vsl_required,5,5,1,-1,755,796,810,810,25,1,,PU_R0118,DO_R0118,2026-05-18 12:35:00,2026-05-18 13:16:00,2026-05-18 13:30:00,2026-05-18 13:30:00,12:35,13:16,13:30
R0119,P71,outbound,patient_to_hospital,HOME_P71,H2,H2,dialysis,P1,high,2.0,prescription_medicale,5,5,1,-1,440,481,495,495,25,1,R0120,PU_R0119,DO_R0119,2026-05-18 07:20:00,2026-05-18 08:01:00,2026-05-18 08:15:00,2026-05-18 08:15:00,07:20,08:01,08:15
R0120,P71,return,hospital_to_patient,H2,HOME_P71,H2,dialysis,P1,high,2.0,prescription_medicale,5,5,1,-1,715,730,770,715,25,1,R0119,PU_R0120,DO_R0120,2026-05-18 11:55:00,2026-05-18 12:10:00,2026-05-18 12:50:00,2026-05-18 11:55:00,11:55,12:10,12:50
R0121,P72,outbound,patient_to_hospital,HOME_P72,H1,H1,oncology,P1,high,2.0,vsl_required,5,5,1,-1,610,660,665,665,25,1,R0122,PU_R0121,DO_R0121,2026-05-18 10:10:00,2026-05-18 11:00:00,2026-05-18 11:05:00,2026-05-18 11:05:00,10:10,11:00,11:05
R0122,P72,return,hospital_to_patient,H1,HOME_P72,H1,oncology,P1,high,2.0,vsl_required,5,5,1,-1,840,855,895,840,25,1,R0121,PU_R0122,DO_R0122,2026-05-18 14:00:00,2026-05-18 14:15:00,2026-05-18 14:55:00,2026-05-18 14:00:00,14:00,14:15,14:55
R0123,P73,outbound,patient_to_hospital,HOME_P73,H1,H1,oncology,P1,high,2.0,standard_assis,5,5,1,-1,800,837,855,855,25,1,R0124,PU_R0123,DO_R0123,2026-05-18 13:20:00,2026-05-18 13:57:00,2026-05-18 14:15:00,2026-05-18 14:15:00,13:20,13:57,14:15
R0124,P73,return,hospital_to_patient,H1,HOME_P73,H1,oncology,P1,high,2.0,standard_assis,5,5,1,-1,1010,1025,1065,1010,25,1,R0123,PU_R0124,DO_R0124,2026-05-18 16:50:00,2026-05-18 17:05:00,2026-05-18 17:45:00,2026-05-18 16:50:00,16:50,17:05,17:45
R0125,P74,outbound,patient_to_hospital,HOME_P74,H1,H1,dialysis,P1,high,2.0,vsl_required,5,5,1,-1,735,777,790,790,25,1,,PU_R0125,DO_R0125,2026-05-18 12:15:00,2026-05-18 12:57:00,2026-05-18 13:10:00,2026-05-18 13:10:00,12:15,12:57,13:10
R0126,P75,outbound,patient_to_hospital,HOME_P75,H1,H1,other,P2,medium,1.5,standard_assis,5,5,1,-1,620,679,685,685,35,1,R0127,PU_R0126,DO_R0126,2026-05-18 10:20:00,2026-05-18 11:19:00,2026-05-18 11:25:00,2026-05-18 11:25:00,10:20,11:19,11:25
R0127,P75,return,hospital_to_patient,H1,HOME_P75,H1,other,P2,medium,1.5,standard_assis,5,5,1,-1,770,795,845,770,35,1,R0126,PU_R0127,DO_R0127,2026-05-18 12:50:00,2026-05-18 13:15:00,2026-05-18 14:05:00,2026-05-18 12:50:00,12:50,13:15,14:05
R0128,P76,outbound,patient_to_hospital,HOME_P76,H1,H1,dialysis,P1,high,2.0,vsl_required,5,5,1,-1,755,799,810,810,25,1,,PU_R0128,DO_R0128,2026-05-18 12:35:00,2026-05-18 13:19:00,2026-05-18 13:30:00,2026-05-18 13:30:00,12:35,13:19,13:30
R0129,P77,outbound,patient_to_hospital,HOME_P77,H1,H1,dialysis,P1,high,2.0,prescription_medicale,5,5,1,-1,765,812,820,820,25,1,,PU_R0129,DO_R0129,2026-05-18 12:45:00,2026-05-18 13:32:00,2026-05-18 13:40:00,2026-05-18 13:40:00,12:45,13:32,13:40
R0130,P78,outbound,patient_to_hospital,HOME_P78,H1,H1,external,P3,low,1.0,standard_assis,5,5,1,-1,572,625,655,655,53,1,R0131,PU_R0130,DO_R0130,2026-05-18 09:32:00,2026-05-18 10:25:00,2026-05-18 10:55:00,2026-05-18 10:55:00,09:32,10:25,10:55
R0131,P78,return,hospital_to_patient,H1,HOME_P78,H1,external,P3,low,1.0,standard_assis,5,5,1,-1,675,710,778,675,53,1,R0130,PU_R0131,DO_R0131,2026-05-18 11:15:00,2026-05-18 11:50:00,2026-05-18 12:58:00,2026-05-18 11:15:00,11:15,11:50,12:58
R0132,P79,outbound,patient_to_hospital,HOME_P79,H2,H2,other,P2,medium,1.5,standard_assis,5,5,1,-1,475,532,540,540,35,1,R0133,PU_R0132,DO_R0132,2026-05-18 07:55:00,2026-05-18 08:52:00,2026-05-18 09:00:00,2026-05-18 09:00:00,07:55,08:52,09:00
R0133,P79,return,hospital_to_patient,H2,HOME_P79,H2,other,P2,medium,1.5,standard_assis,5,5,1,-1,575,600,650,575,35,1,R0132,PU_R0133,DO_R0133,2026-05-18 09:35:00,2026-05-18 10:00:00,2026-05-18 10:50:00,2026-05-18 09:35:00,09:35,10:00,10:50
R0134,P80,outbound,patient_to_hospital,HOME_P80,H1,H1,oncology,P1,high,2.0,vsl_required,5,5,1,-1,460,498,515,515,25,1,R0135,PU_R0134,DO_R0134,2026-05-18 07:40:00,2026-05-18 08:18:00,2026-05-18 08:35:00,2026-05-18 08:35:00,07:40,08:18,08:35
R0135,P80,return,hospital_to_patient,H1,HOME_P80,H1,oncology,P1,high,2.0,vsl_required,5,5,1,-1,665,680,720,665,25,1,R0134,PU_R0135,DO_R0135,2026-05-18 11:05:00,2026-05-18 11:20:00,2026-05-18 12:00:00,2026-05-18 11:05:00,11:05,11:20,12:00
R0136,P81,outbound,patient_to_hospital,HOME_P81,H1,H1,dialysis,P1,high,2.0,vsl_required,5,5,1,-1,750,792,805,805,25,1,,PU_R0136,DO_R0136,2026-05-18 12:30:00,2026-05-18 13:12:00,2026-05-18 13:25:00,2026-05-18 13:25:00,12:30,13:12,13:25
R0137,P82,outbound,patient_to_hospital,HOME_P82,H1,H1,other,P2,medium,1.5,standard_assis,5,5,1,-1,790,844,855,855,35,1,R0138,PU_R0137,DO_R0137,2026-05-18 13:10:00,2026-05-18 14:04:00,2026-05-18 14:15:00,2026-05-18 14:15:00,13:10,14:04,14:15
R0138,P82,return,hospital_to_patient,H1,HOME_P82,H1,other,P2,medium,1.5,standard_assis,5,5,1,-1,975,1000,1050,975,35,1,R0137,PU_R0138,DO_R0138,2026-05-18 16:15:00,2026-05-18 16:40:00,2026-05-18 17:30:00,2026-05-18 16:15:00,16:15,16:40,17:30
R0139,P83,outbound,patient_to_hospital,HOME_P83,H1,H1,dialysis,P1,high,2.0,vsl_required,5,5,1,-1,445,488,500,500,25,1,R0140,PU_R0139,DO_R0139,2026-05-18 07:25:00,2026-05-18 08:08:00,2026-05-18 08:20:00,2026-05-18 08:20:00,07:25,08:08,08:20
R0140,P83,return,hospital_to_patient,H1,HOME_P83,H1,dialysis,P1,high,2.0,vsl_required,5,5,1,-1,740,755,795,740,25,1,R0139,PU_R0140,DO_R0140,2026-05-18 12:20:00,2026-05-18 12:35:00,2026-05-18 13:15:00,2026-05-18 12:20:00,12:20,12:35,13:15
R0141,P84,outbound,patient_to_hospital,HOME_P84,H1,H1,dialysis,P1,high,2.0,vsl_required,5,5,1,-1,465,505,520,520,25,1,R0142,PU_R0141,DO_R0141,2026-05-18 07:45:00,2026-05-18 08:25:00,2026-05-18 08:40:00,2026-05-18 08:40:00,07:45,08:25,08:40
R0142,P84,return,hospital_to_patient,H1,HOME_P84,H1,dialysis,P1,high,2.0,vsl_required,5,5,1,-1,760,775,815,760,25,1,R0141,PU_R0142,DO_R0142,2026-05-18 12:40:00,2026-05-18 12:55:00,2026-05-18 13:35:00,2026-05-18 12:40:00,12:40,12:55,13:35
R0143,P85,outbound,patient_to_hospital,HOME_P85,H1,H1,dialysis,P1,high,2.0,vsl_required,5,5,1,-1,755,798,810,810,25,1,,PU_R0143,DO_R0143,2026-05-18 12:35:00,2026-05-18 13:18:00,2026-05-18 13:30:00,2026-05-18 13:30:00,12:35,13:18,13:30
R0144,P86,outbound,patient_to_hospital,HOME_P86,H1,H1,other,P2,medium,1.5,standard_assis,5,5,1,-1,450,496,515,515,35,1,R0145,PU_R0144,DO_R0144,2026-05-18 07:30:00,2026-05-18 08:16:00,2026-05-18 08:35:00,2026-05-18 08:35:00,07:30,08:16,08:35
R0145,P86,return,hospital_to_patient,H1,HOME_P86,H1,other,P2,medium,1.5,standard_assis,5,5,1,-1,585,610,660,585,35,1,R0144,PU_R0145,DO_R0145,2026-05-18 09:45:00,2026-05-18 10:10:00,2026-05-18 11:00:00,2026-05-18 09:45:00,09:45,10:10,11:00
R0146,P87,outbound,patient_to_hospital,HOME_P87,H1,H1,dialysis,P1,high,2.0,vsl_required,5,5,1,-1,1000,1041,1055,1055,25,1,,PU_R0146,DO_R0146,2026-05-18 16:40:00,2026-05-18 17:21:00,2026-05-18 17:35:00,2026-05-18 17:35:00,16:40,17:21,17:35
R0147,P88,outbound,patient_to_hospital,HOME_P88,H1,H1,dialysis,P1,high,2.0,vsl_required,5,5,1,-1,465,509,520,520,25,1,R0148,PU_R0147,DO_R0147,2026-05-18 07:45:00,2026-05-18 08:29:00,2026-05-18 08:40:00,2026-05-18 08:40:00,07:45,08:29,08:40
R0148,P88,return,hospital_to_patient,H1,HOME_P88,H1,dialysis,P1,high,2.0,vsl_required,5,5,1,-1,760,775,815,760,25,1,R0147,PU_R0148,DO_R0148,2026-05-18 12:40:00,2026-05-18 12:55:00,2026-05-18 13:35:00,2026-05-18 12:40:00,12:40,12:55,13:35
R0149,P89,outbound,patient_to_hospital,HOME_P89,H1,H1,external,P3,low,1.0,standard_assis,5,5,1,-1,570,620,645,645,45,1,,PU_R0149,DO_R0149,2026-05-18 09:30:00,2026-05-18 10:20:00,2026-05-18 10:45:00,2026-05-18 10:45:00,09:30,10:20,10:45
R0150,P90,outbound,patient_to_hospital,HOME_P90,H1,H1,other,P2,medium,1.5,standard_assis,5,5,1,-1,520,570,585,585,35,1,R0151,PU_R0150,DO_R0150,2026-05-18 08:40:00,2026-05-18 09:30:00,2026-05-18 09:45:00,2026-05-18 09:45:00,08:40,09:30,09:45
R0151,P90,return,hospital_to_patient,H1,HOME_P90,H1,other,P2,medium,1.5,standard_assis,5,5,1,-1,690,715,765,690,35,1,R0150,PU_R0151,DO_R0151,2026-05-18 11:30:00,2026-05-18 11:55:00,2026-05-18 12:45:00,2026-05-18 11:30:00,11:30,11:55,12:45
R0152,P91,outbound,patient_to_hospital,HOME_P91,H1,H1,dialysis,P1,high,2.0,prescription_medicale,5,5,1,-1,430,476,485,485,25,1,R0153,PU_R0152,DO_R0152,2026-05-18 07:10:00,2026-05-18 07:56:00,2026-05-18 08:05:00,2026-05-18 08:05:00,07:10,07:56,08:05
R0153,P91,return,hospital_to_patient,H1,HOME_P91,H1,dialysis,P1,high,2.0,prescription_medicale,5,5,1,-1,725,740,780,725,25,1,R0152,PU_R0153,DO_R0153,2026-05-18 12:05:00,2026-05-18 12:20:00,2026-05-18 13:00:00,2026-05-18 12:05:00,12:05,12:20,13:00
R0154,P92,outbound,patient_to_hospital,HOME_P92,H2,H2,other,P2,medium,1.5,standard_assis,5,5,1,-1,485,533,550,550,35,1,R0155,PU_R0154,DO_R0154,2026-05-18 08:05:00,2026-05-18 08:53:00,2026-05-18 09:10:00,2026-05-18 09:10:00,08:05,08:53,09:10
R0155,P92,return,hospital_to_patient,H2,HOME_P92,H2,other,P2,medium,1.5,standard_assis,5,5,1,-1,590,615,665,590,35,1,R0154,PU_R0155,DO_R0155,2026-05-18 09:50:00,2026-05-18 10:15:00,2026-05-18 11:05:00,2026-05-18 09:50:00,09:50,10:15,11:05
R0156,P93,outbound,patient_to_hospital,HOME_P93,H3,H3,dialysis,P1,high,2.0,prescription_medicale,5,5,1,-1,460,503,515,515,25,1,R0157,PU_R0156,DO_R0156,2026-05-18 07:40:00,2026-05-18 08:23:00,2026-05-18 08:35:00,2026-05-18 08:35:00,07:40,08:23,08:35
R0157,P93,return,hospital_to_patient,H3,HOME_P93,H3,dialysis,P1,high,2.0,prescription_medicale,5,5,1,-1,745,760,800,745,25,1,R0156,PU_R0157,DO_R0157,2026-05-18 12:25:00,2026-05-18 12:40:00,2026-05-18 13:20:00,2026-05-18 12:25:00,12:25,12:40,13:20
R0158,P94,outbound,patient_to_hospital,HOME_P94,H1,H1,other,P2,medium,1.5,standard_assis,5,5,1,-1,590,649,655,655,35,1,R0159,PU_R0158,DO_R0158,2026-05-18 09:50:00,2026-05-18 10:49:00,2026-05-18 10:55:00,2026-05-18 10:55:00,09:50,10:49,10:55
R0159,P94,return,hospital_to_patient,H1,HOME_P94,H1,other,P2,medium,1.5,standard_assis,5,5,1,-1,725,750,800,725,35,1,R0158,PU_R0159,DO_R0159,2026-05-18 12:05:00,2026-05-18 12:30:00,2026-05-18 13:20:00,2026-05-18 12:05:00,12:05,12:30,13:20
R0160,P95,outbound,patient_to_hospital,HOME_P95,H2,H2,other,P2,medium,1.5,prescription_medicale,5,5,1,-1,975,1019,1040,1040,35,1,,PU_R0160,DO_R0160,2026-05-18 16:15:00,2026-05-18 16:59:00,2026-05-18 17:20:00,2026-05-18 17:20:00,16:15,16:59,17:20
R0161,P96,outbound,patient_to_hospital,HOME_P96,H1,H1,oncology,P1,high,2.0,prescription_medicale,5,5,1,-1,455,494,510,510,25,1,R0162,PU_R0161,DO_R0161,2026-05-18 07:35:00,2026-05-18 08:14:00,2026-05-18 08:30:00,2026-05-18 08:30:00,07:35,08:14,08:30
R0162,P96,return,hospital_to_patient,H1,HOME_P96,H1,oncology,P1,high,2.0,prescription_medicale,5,5,1,-1,660,675,715,660,25,1,R0161,PU_R0162,DO_R0162,2026-05-18 11:00:00,2026-05-18 11:15:00,2026-05-18 11:55:00,2026-05-18 11:00:00,11:00,11:15,11:55
R0163,P97,outbound,patient_to_hospital,HOME_P97,H2,H2,dialysis,P1,high,2.0,prescription_medicale,5,5,1,-1,475,523,530,530,25,1,R0164,PU_R0163,DO_R0163,2026-05-18 07:55:00,2026-05-18 08:43:00,2026-05-18 08:50:00,2026-05-18 08:50:00,07:55,08:43,08:50
R0164,P97,return,hospital_to_patient,H2,HOME_P97,H2,dialysis,P1,high,2.0,prescription_medicale,5,5,1,-1,795,810,850,795,25,1,R0163,PU_R0164,DO_R0164,2026-05-18 13:15:00,2026-05-18 13:30:00,2026-05-18 14:10:00,2026-05-18 13:15:00,13:15,13:30,14:10
R0165,P98,outbound,patient_to_hospital,HOME_P98,H2,H2,other,P2,medium,1.5,standard_assis,5,5,1,-1,490,536,555,555,35,1,R0166,PU_R0165,DO_R0165,2026-05-18 08:10:00,2026-05-18 08:56:00,2026-05-18 09:15:00,2026-05-18 09:15:00,08:10,08:56,09:15
R0166,P98,return,hospital_to_patient,H2,HOME_P98,H2,other,P2,medium,1.5,standard_assis,5,5,1,-1,595,620,670,595,35,1,R0165,PU_R0166,DO_R0166,2026-05-18 09:55:00,2026-05-18 10:20:00,2026-05-18 11:10:00,2026-05-18 09:55:00,09:55,10:20,11:10
R0167,P99,outbound,patient_to_hospital,HOME_P99,H1,H1,dialysis,P1,high,2.0,vsl_required,5,5,1,-1,740,788,795,795,25,1,,PU_R0167,DO_R0167,2026-05-18 12:20:00,2026-05-18 13:08:00,2026-05-18 13:15:00,2026-05-18 13:15:00,12:20,13:08,13:15
R0168,P100,outbound,patient_to_hospital,HOME_P100,H1,H1,dialysis,P1,high,2.0,vsl_required,5,5,1,-1,725,771,780,780,25,1,R0169,PU_R0168,DO_R0168,2026-05-18 12:05:00,2026-05-18 12:51:00,2026-05-18 13:00:00,2026-05-18 13:00:00,12:05,12:51,13:00
R0169,P100,return,hospital_to_patient,H1,HOME_P100,H1,dialysis,P1,high,2.0,vsl_required,5,5,1,-1,1020,1035,1075,1020,25,1,R0168,PU_R0169,DO_R0169,2026-05-18 17:00:00,2026-05-18 17:15:00,2026-05-18 17:55:00,2026-05-18 17:00:00,17:00,17:15,17:55
R0170,P101,outbound,patient_to_hospital,HOME_P101,H1,H1,dialysis,P1,high,2.0,prescription_medicale,5,5,1,-1,735,785,790,790,25,1,,PU_R0170,DO_R0170,2026-05-18 12:15:00,2026-05-18 13:05:00,2026-05-18 13:10:00,2026-05-18 13:10:00,12:15,13:05,13:10
R0171,P102,outbound,patient_to_hospital,HOME_P102,H3,H3,dialysis,P1,high,2.0,vsl_required,5,5,1,-1,460,509,515,515,25,1,R0172,PU_R0171,DO_R0171,2026-05-18 07:40:00,2026-05-18 08:29:00,2026-05-18 08:35:00,2026-05-18 08:35:00,07:40,08:29,08:35
R0172,P102,return,hospital_to_patient,H3,HOME_P102,H3,dialysis,P1,high,2.0,vsl_required,5,5,1,-1,775,790,830,775,25,1,R0171,PU_R0172,DO_R0172,2026-05-18 12:55:00,2026-05-18 13:10:00,2026-05-18 13:50:00,2026-05-18 12:55:00,12:55,13:10,13:50
R0173,P103,outbound,patient_to_hospital,HOME_P103,H1,H1,other,P2,medium,1.5,standard_assis,5,5,1,-1,460,510,525,525,35,1,R0174,PU_R0173,DO_R0173,2026-05-18 07:40:00,2026-05-18 08:30:00,2026-05-18 08:45:00,2026-05-18 08:45:00,07:40,08:30,08:45
R0174,P103,return,hospital_to_patient,H1,HOME_P103,H1,other,P2,medium,1.5,standard_assis,5,5,1,-1,605,630,680,605,35,1,R0173,PU_R0174,DO_R0174,2026-05-18 10:05:00,2026-05-18 10:30:00,2026-05-18 11:20:00,2026-05-18 10:05:00,10:05,10:30,11:20
R0175,P104,outbound,patient_to_hospital,HOME_P104,H2,H2,other,P2,medium,1.5,standard_assis,5,5,1,-1,495,544,560,560,35,1,R0176,PU_R0175,DO_R0175,2026-05-18 08:15:00,2026-05-18 09:04:00,2026-05-18 09:20:00,2026-05-18 09:20:00,08:15,09:04,09:20
R0176,P104,return,hospital_to_patient,H2,HOME_P104,H2,other,P2,medium,1.5,standard_assis,5,5,1,-1,585,610,660,585,35,1,R0175,PU_R0176,DO_R0176,2026-05-18 09:45:00,2026-05-18 10:10:00,2026-05-18 11:00:00,2026-05-18 09:45:00,09:45,10:10,11:00
R0177,P105,outbound,patient_to_hospital,HOME_P105,H3,H3,dialysis,P1,high,2.0,vsl_required,5,5,1,-1,450,496,505,505,25,1,R0178,PU_R0177,DO_R0177,2026-05-18 07:30:00,2026-05-18 08:16:00,2026-05-18 08:25:00,2026-05-18 08:25:00,07:30,08:16,08:25
R0178,P105,return,hospital_to_patient,H3,HOME_P105,H3,dialysis,P1,high,2.0,vsl_required,5,5,1,-1,730,745,785,730,25,1,R0177,PU_R0178,DO_R0178,2026-05-18 12:10:00,2026-05-18 12:25:00,2026-05-18 13:05:00,2026-05-18 12:10:00,12:10,12:25,13:05
R0179,P106,outbound,patient_to_hospital,HOME_P106,H1,H1,other,P2,medium,1.5,prescription_medicale,5,5,1,-1,470,516,535,535,35,1,R0180,PU_R0179,DO_R0179,2026-05-18 07:50:00,2026-05-18 08:36:00,2026-05-18 08:55:00,2026-05-18 08:55:00,07:50,08:36,08:55
R0180,P106,return,hospital_to_patient,H1,HOME_P106,H1,other,P2,medium,1.5,prescription_medicale,5,5,1,-1,620,645,695,620,35,1,R0179,PU_R0180,DO_R0180,2026-05-18 10:20:00,2026-05-18 10:45:00,2026-05-18 11:35:00,2026-05-18 10:20:00,10:20,10:45,11:35
R0181,P107,outbound,patient_to_hospital,HOME_P107,H2,H2,dialysis,P1,high,2.0,prescription_medicale,5,5,1,-1,760,805,815,815,25,1,,PU_R0181,DO_R0181,2026-05-18 12:40:00,2026-05-18 13:25:00,2026-05-18 13:35:00,2026-05-18 13:35:00,12:40,13:25,13:35
R0182,P108,outbound,patient_to_hospital,HOME_P108,H3,H3,dialysis,P1,high,2.0,vsl_required,5,5,1,-1,480,527,535,535,25,1,R0183,PU_R0182,DO_R0182,2026-05-18 08:00:00,2026-05-18 08:47:00,2026-05-18 08:55:00,2026-05-18 08:55:00,08:00,08:47,08:55
R0183,P108,return,hospital_to_patient,H3,HOME_P108,H3,dialysis,P1,high,2.0,vsl_required,5,5,1,-1,750,765,805,750,25,1,R0182,PU_R0183,DO_R0183,2026-05-18 12:30:00,2026-05-18 12:45:00,2026-05-18 13:25:00,2026-05-18 12:30:00,12:30,12:45,13:25
R0184,P109,outbound,patient_to_hospital,HOME_P109,H1,H1,other,P2,medium,1.5,standard_assis,5,5,1,-1,590,641,655,655,35,1,R0185,PU_R0184,DO_R0184,2026-05-18 09:50:00,2026-05-18 10:41:00,2026-05-18 10:55:00,2026-05-18 10:55:00,09:50,10:41,10:55
R0185,P109,return,hospital_to_patient,H1,HOME_P109,H1,other,P2,medium,1.5,standard_assis,5,5,1,-1,765,790,840,765,35,1,R0184,PU_R0185,DO_R0185,2026-05-18 12:45:00,2026-05-18 13:10:00,2026-05-18 14:00:00,2026-05-18 12:45:00,12:45,13:10,14:00
R0186,P110,outbound,patient_to_hospital,HOME_P110,H1,H1,dialysis,P1,high,2.0,vsl_required,5,5,1,-1,460,502,515,515,25,1,R0187,PU_R0186,DO_R0186,2026-05-18 07:40:00,2026-05-18 08:22:00,2026-05-18 08:35:00,2026-05-18 08:35:00,07:40,08:22,08:35
R0187,P110,return,hospital_to_patient,H1,HOME_P110,H1,dialysis,P1,high,2.0,vsl_required,5,5,1,-1,755,770,810,755,25,1,R0186,PU_R0187,DO_R0187,2026-05-18 12:35:00,2026-05-18 12:50:00,2026-05-18 13:30:00,2026-05-18 12:35:00,12:35,12:50,13:30
R0188,P111,outbound,patient_to_hospital,HOME_P111,H3,H3,dialysis,P1,high,2.0,prescription_medicale,5,5,1,-1,445,494,500,500,25,1,R0189,PU_R0188,DO_R0188,2026-05-18 07:25:00,2026-05-18 08:14:00,2026-05-18 08:20:00,2026-05-18 08:20:00,07:25,08:14,08:20
R0189,P111,return,hospital_to_patient,H3,HOME_P111,H3,dialysis,P1,high,2.0,prescription_medicale,5,5,1,-1,760,775,815,760,25,1,R0188,PU_R0189,DO_R0189,2026-05-18 12:40:00,2026-05-18 12:55:00,2026-05-18 13:35:00,2026-05-18 12:40:00,12:40,12:55,13:35
R0190,P112,outbound,patient_to_hospital,HOME_P112,H2,H2,dialysis,P1,high,2.0,vsl_required,5,5,1,-1,760,803,815,815,25,1,,PU_R0190,DO_R0190,2026-05-18 12:40:00,2026-05-18 13:23:00,2026-05-18 13:35:00,2026-05-18 13:35:00,12:40,13:23,13:35
R0191,P113,outbound,patient_to_hospital,HOME_P113,H1,H1,external,P3,low,1.0,standard_assis,5,5,1,-1,688,739,765,765,47,1,R0192,PU_R0191,DO_R0191,2026-05-18 11:28:00,2026-05-18 12:19:00,2026-05-18 12:45:00,2026-05-18 12:45:00,11:28,12:19,12:45
R0192,P113,return,hospital_to_patient,H1,HOME_P113,H1,external,P3,low,1.0,standard_assis,5,5,1,-1,790,825,887,790,47,1,R0191,PU_R0192,DO_R0192,2026-05-18 13:10:00,2026-05-18 13:45:00,2026-05-18 14:47:00,2026-05-18 13:10:00,13:10,13:45,14:47
R0193,P114,outbound,patient_to_hospital,HOME_P114,H2,H2,other,P2,medium,1.5,prescription_medicale,5,5,1,-1,515,563,580,580,35,1,R0194,PU_R0193,DO_R0193,2026-05-18 08:35:00,2026-05-18 09:23:00,2026-05-18 09:40:00,2026-05-18 09:40:00,08:35,09:23,09:40
R0194,P114,return,hospital_to_patient,H2,HOME_P114,H2,other,P2,medium,1.5,prescription_medicale,5,5,1,-1,605,630,680,605,35,1,R0193,PU_R0194,DO_R0194,2026-05-18 10:05:00,2026-05-18 10:30:00,2026-05-18 11:20:00,2026-05-18 10:05:00,10:05,10:30,11:20
R0195,P115,outbound,patient_to_hospital,HOME_P115,H1,H1,other,P2,medium,1.5,standard_assis,5,5,1,-1,500,548,565,565,35,1,R0196,PU_R0195,DO_R0195,2026-05-18 08:20:00,2026-05-18 09:08:00,2026-05-18 09:25:00,2026-05-18 09:25:00,08:20,09:08,09:25
R0196,P115,return,hospital_to_patient,H1,HOME_P115,H1,other,P2,medium,1.5,standard_assis,5,5,1,-1,670,695,745,670,35,1,R0195,PU_R0196,DO_R0196,2026-05-18 11:10:00,2026-05-18 11:35:00,2026-05-18 12:25:00,2026-05-18 11:10:00,11:10,11:35,12:25
R0197,P116,outbound,patient_to_hospital,HOME_P116,H1,H1,other,P2,medium,1.5,prescription_medicale,5,5,1,-1,515,561,580,580,35,1,R0198,PU_R0197,DO_R0197,2026-05-18 08:35:00,2026-05-18 09:21:00,2026-05-18 09:40:00,2026-05-18 09:40:00,08:35,09:21,09:40
R0198,P116,return,hospital_to_patient,H1,HOME_P116,H1,other,P2,medium,1.5,prescription_medicale,5,5,1,-1,665,690,740,665,35,1,R0197,PU_R0198,DO_R0198,2026-05-18 11:05:00,2026-05-18 11:30:00,2026-05-18 12:20:00,2026-05-18 11:05:00,11:05,11:30,12:20
R0199,P117,outbound,patient_to_hospital,HOME_P117,H1,H1,other,P2,medium,1.5,vsl_required,5,5,1,-1,630,684,695,695,35,1,R0200,PU_R0199,DO_R0199,2026-05-18 10:30:00,2026-05-18 11:24:00,2026-05-18 11:35:00,2026-05-18 11:35:00,10:30,11:24,11:35
R0200,P117,return,hospital_to_patient,H1,HOME_P117,H1,other,P2,medium,1.5,vsl_required,5,5,1,-1,795,820,870,795,35,1,R0199,PU_R0200,DO_R0200,2026-05-18 13:15:00,2026-05-18 13:40:00,2026-05-18 14:30:00,2026-05-18 13:15:00,13:15,13:40,14:30
R0201,P118,outbound,patient_to_hospital,HOME_P118,H2,H2,oncology,P1,high,2.0,vsl_required,5,5,1,-1,780,825,835,835,25,1,,PU_R0201,DO_R0201,2026-05-18 13:00:00,2026-05-18 13:45:00,2026-05-18 13:55:00,2026-05-18 13:55:00,13:00,13:45,13:55
R0202,P119,outbound,patient_to_hospital,HOME_P119,H1,H1,dialysis,P1,high,2.0,prescription_medicale,5,5,1,-1,445,488,500,500,25,1,R0203,PU_R0202,DO_R0202,2026-05-18 07:25:00,2026-05-18 08:08:00,2026-05-18 08:20:00,2026-05-18 08:20:00,07:25,08:08,08:20
R0203,P119,return,hospital_to_patient,H1,HOME_P119,H1,dialysis,P1,high,2.0,prescription_medicale,5,5,1,-1,740,755,795,740,25,1,R0202,PU_R0203,DO_R0203,2026-05-18 12:20:00,2026-05-18 12:35:00,2026-05-18 13:15:00,2026-05-18 12:20:00,12:20,12:35,13:15
R0204,P120,outbound,patient_to_hospital,HOME_P120,H2,H2,other,P2,medium,1.5,prescription_medicale,5,5,1,-1,645,688,710,710,35,1,R0205,PU_R0204,DO_R0204,2026-05-18 10:45:00,2026-05-18 11:28:00,2026-05-18 11:50:00,2026-05-18 11:50:00,10:45,11:28,11:50
R0205,P120,return,hospital_to_patient,H2,HOME_P120,H2,other,P2,medium,1.5,prescription_medicale,5,5,1,-1,735,760,810,735,35,1,R0204,PU_R0205,DO_R0205,2026-05-18 12:15:00,2026-05-18 12:40:00,2026-05-18 13:30:00,2026-05-18 12:15:00,12:15,12:40,13:30
R0206,P121,outbound,patient_to_hospital,HOME_P121,H1,H1,dialysis,P1,high,2.0,vsl_required,5,5,1,-1,440,485,495,495,25,1,R0207,PU_R0206,DO_R0206,2026-05-18 07:20:00,2026-05-18 08:05:00,2026-05-18 08:15:00,2026-05-18 08:15:00,07:20,08:05,08:15
R0207,P121,return,hospital_to_patient,H1,HOME_P121,H1,dialysis,P1,high,2.0,vsl_required,5,5,1,-1,735,750,790,735,25,1,R0206,PU_R0207,DO_R0207,2026-05-18 12:15:00,2026-05-18 12:30:00,2026-05-18 13:10:00,2026-05-18 12:15:00,12:15,12:30,13:10
R0208,P122,outbound,patient_to_hospital,HOME_P122,H2,H2,oncology,P1,high,2.0,vsl_required,5,5,1,-1,875,918,930,930,25,1,R0209,PU_R0208,DO_R0208,2026-05-18 14:35:00,2026-05-18 15:18:00,2026-05-18 15:30:00,2026-05-18 15:30:00,14:35,15:18,15:30
R0209,P122,return,hospital_to_patient,H2,HOME_P122,H2,oncology,P1,high,2.0,vsl_required,5,5,1,-1,990,1005,1045,990,25,1,R0208,PU_R0209,DO_R0209,2026-05-18 16:30:00,2026-05-18 16:45:00,2026-05-18 17:25:00,2026-05-18 16:30:00,16:30,16:45,17:25
R0210,P123,outbound,patient_to_hospital,HOME_P123,H3,H3,dialysis,P1,high,2.0,prescription_medicale,5,5,1,-1,740,782,795,795,25,1,,PU_R0210,DO_R0210,2026-05-18 12:20:00,2026-05-18 13:02:00,2026-05-18 13:15:00,2026-05-18 13:15:00,12:20,13:02,13:15
R0211,P124,outbound,patient_to_hospital,HOME_P124,H1,H1,other,P2,medium,1.5,standard_assis,5,5,1,-1,490,537,555,555,35,1,R0212,PU_R0211,DO_R0211,2026-05-18 08:10:00,2026-05-18 08:57:00,2026-05-18 09:15:00,2026-05-18 09:15:00,08:10,08:57,09:15
R0212,P124,return,hospital_to_patient,H1,HOME_P124,H1,other,P2,medium,1.5,standard_assis,5,5,1,-1,625,650,700,625,35,1,R0211,PU_R0212,DO_R0212,2026-05-18 10:25:00,2026-05-18 10:50:00,2026-05-18 11:40:00,2026-05-18 10:25:00,10:25,10:50,11:40
R0213,P125,outbound,patient_to_hospital,HOME_P125,H1,H1,other,P2,medium,1.5,prescription_medicale,5,5,1,-1,530,589,595,595,35,1,,PU_R0213,DO_R0213,2026-05-18 08:50:00,2026-05-18 09:49:00,2026-05-18 09:55:00,2026-05-18 09:55:00,08:50,09:49,09:55
R0214,P126,outbound,patient_to_hospital,HOME_P126,H2,H2,other,P2,medium,1.5,vsl_required,5,5,1,-1,460,515,525,525,35,1,R0215,PU_R0214,DO_R0214,2026-05-18 07:40:00,2026-05-18 08:35:00,2026-05-18 08:45:00,2026-05-18 08:45:00,07:40,08:35,08:45
R0215,P126,return,hospital_to_patient,H2,HOME_P126,H2,other,P2,medium,1.5,vsl_required,5,5,1,-1,560,585,635,560,35,1,R0214,PU_R0215,DO_R0215,2026-05-18 09:20:00,2026-05-18 09:45:00,2026-05-18 10:35:00,2026-05-18 09:20:00,09:20,09:45,10:35
R0216,P127,outbound,patient_to_hospital,HOME_P127,H2,H2,dialysis,P1,high,2.0,vsl_required,5,5,1,-1,755,800,810,810,25,1,,PU_R0216,DO_R0216,2026-05-18 12:35:00,2026-05-18 13:20:00,2026-05-18 13:30:00,2026-05-18 13:30:00,12:35,13:20,13:30
R0217,P128,outbound,patient_to_hospital,HOME_P128,H1,H1,oncology,P1,high,2.0,vsl_required,5,5,1,-1,450,489,505,505,25,1,R0218,PU_R0217,DO_R0217,2026-05-18 07:30:00,2026-05-18 08:09:00,2026-05-18 08:25:00,2026-05-18 08:25:00,07:30,08:09,08:25
R0218,P128,return,hospital_to_patient,H1,HOME_P128,H1,oncology,P1,high,2.0,vsl_required,5,5,1,-1,670,685,725,670,25,1,R0217,PU_R0218,DO_R0218,2026-05-18 11:10:00,2026-05-18 11:25:00,2026-05-18 12:05:00,2026-05-18 11:10:00,11:10,11:25,12:05
R0219,P129,outbound,patient_to_hospital,HOME_P129,H2,H2,oncology,P1,high,2.0,vsl_required,5,5,1,-1,880,922,935,935,25,1,,PU_R0219,DO_R0219,2026-05-18 14:40:00,2026-05-18 15:22:00,2026-05-18 15:35:00,2026-05-18 15:35:00,14:40,15:22,15:35
R0220,P130,outbound,patient_to_hospital,HOME_P130,H1,H1,other,P2,medium,1.5,vsl_required,5,5,1,-1,790,834,855,855,35,1,R0221,PU_R0220,DO_R0220,2026-05-18 13:10:00,2026-05-18 13:54:00,2026-05-18 14:15:00,2026-05-18 14:15:00,13:10,13:54,14:15
R0221,P130,return,hospital_to_patient,H1,HOME_P130,H1,other,P2,medium,1.5,vsl_required,5,5,1,-1,970,995,1045,970,35,1,R0220,PU_R0221,DO_R0221,2026-05-18 16:10:00,2026-05-18 16:35:00,2026-05-18 17:25:00,2026-05-18 16:10:00,16:10,16:35,17:25
R0222,P131,outbound,patient_to_hospital,HOME_P131,H1,H1,other,P2,medium,1.5,prescription_medicale,5,5,1,-1,500,553,565,565,35,1,R0223,PU_R0222,DO_R0222,2026-05-18 08:20:00,2026-05-18 09:13:00,2026-05-18 09:25:00,2026-05-18 09:25:00,08:20,09:13,09:25
R0223,P131,return,hospital_to_patient,H1,HOME_P131,H1,other,P2,medium,1.5,prescription_medicale,5,5,1,-1,655,680,730,655,35,1,R0222,PU_R0223,DO_R0223,2026-05-18 10:55:00,2026-05-18 11:20:00,2026-05-18 12:10:00,2026-05-18 10:55:00,10:55,11:20,12:10
R0224,P132,outbound,patient_to_hospital,HOME_P132,H3,H3,dialysis,P1,high,2.0,vsl_required,5,5,1,-1,750,799,805,805,25,1,,PU_R0224,DO_R0224,2026-05-18 12:30:00,2026-05-18 13:19:00,2026-05-18 13:25:00,2026-05-18 13:25:00,12:30,13:19,13:25
R0225,P133,outbound,patient_to_hospital,HOME_P133,H1,H1,dialysis,P1,high,2.0,prescription_medicale,5,5,1,-1,470,513,525,525,25,1,R0226,PU_R0225,DO_R0225,2026-05-18 07:50:00,2026-05-18 08:33:00,2026-05-18 08:45:00,2026-05-18 08:45:00,07:50,08:33,08:45
R0226,P133,return,hospital_to_patient,H1,HOME_P133,H1,dialysis,P1,high,2.0,prescription_medicale,5,5,1,-1,765,780,820,765,25,1,R0225,PU_R0226,DO_R0226,2026-05-18 12:45:00,2026-05-18 13:00:00,2026-05-18 13:40:00,2026-05-18 12:45:00,12:45,13:00,13:40
R0227,P134,outbound,patient_to_hospital,HOME_P134,H2,H2,other,P2,medium,1.5,standard_assis,5,5,1,-1,565,609,630,630,35,1,R0228,PU_R0227,DO_R0227,2026-05-18 09:25:00,2026-05-18 10:09:00,2026-05-18 10:30:00,2026-05-18 10:30:00,09:25,10:09,10:30
R0228,P134,return,hospital_to_patient,H2,HOME_P134,H2,other,P2,medium,1.5,standard_assis,5,5,1,-1,655,680,730,655,35,1,R0227,PU_R0228,DO_R0228,2026-05-18 10:55:00,2026-05-18 11:20:00,2026-05-18 12:10:00,2026-05-18 10:55:00,10:55,11:20,12:10
R0229,P135,outbound,patient_to_hospital,HOME_P135,H1,H1,dialysis,P1,high,2.0,vsl_required,5,5,1,-1,460,503,515,515,25,1,R0230,PU_R0229,DO_R0229,2026-05-18 07:40:00,2026-05-18 08:23:00,2026-05-18 08:35:00,2026-05-18 08:35:00,07:40,08:23,08:35
R0230,P135,return,hospital_to_patient,H1,HOME_P135,H1,dialysis,P1,high,2.0,vsl_required,5,5,1,-1,755,770,810,755,25,1,R0229,PU_R0230,DO_R0230,2026-05-18 12:35:00,2026-05-18 12:50:00,2026-05-18 13:30:00,2026-05-18 12:35:00,12:35,12:50,13:30
R0231,P136,outbound,patient_to_hospital,HOME_P136,H1,H1,dialysis,P1,high,2.0,vsl_required,5,5,1,-1,440,481,495,495,25,1,R0232,PU_R0231,DO_R0231,2026-05-18 07:20:00,2026-05-18 08:01:00,2026-05-18 08:15:00,2026-05-18 08:15:00,07:20,08:01,08:15
R0232,P136,return,hospital_to_patient,H1,HOME_P136,H1,dialysis,P1,high,2.0,vsl_required,5,5,1,-1,735,750,790,735,25,1,R0231,PU_R0232,DO_R0232,2026-05-18 12:15:00,2026-05-18 12:30:00,2026-05-18 13:10:00,2026-05-18 12:15:00,12:15,12:30,13:10
R0233,P137,outbound,patient_to_hospital,HOME_P137,H2,H2,other,P2,medium,1.5,prescription_medicale,5,5,1,-1,845,895,910,910,35,1,R0234,PU_R0233,DO_R0233,2026-05-18 14:05:00,2026-05-18 14:55:00,2026-05-18 15:10:00,2026-05-18 15:10:00,14:05,14:55,15:10
R0234,P137,return,hospital_to_patient,H2,HOME_P137,H2,other,P2,medium,1.5,prescription_medicale,5,5,1,-1,945,970,1020,945,35,1,R0233,PU_R0234,DO_R0234,2026-05-18 15:45:00,2026-05-18 16:10:00,2026-05-18 17:00:00,2026-05-18 15:45:00,15:45,16:10,17:00
R0235,P138,outbound,patient_to_hospital,HOME_P138,H1,H1,dialysis,P1,high,2.0,vsl_required,5,5,1,-1,455,498,510,510,25,1,R0236,PU_R0235,DO_R0235,2026-05-18 07:35:00,2026-05-18 08:18:00,2026-05-18 08:30:00,2026-05-18 08:30:00,07:35,08:18,08:30
R0236,P138,return,hospital_to_patient,H1,HOME_P138,H1,dialysis,P1,high,2.0,vsl_required,5,5,1,-1,750,765,805,750,25,1,R0235,PU_R0236,DO_R0236,2026-05-18 12:30:00,2026-05-18 12:45:00,2026-05-18 13:25:00,2026-05-18 12:30:00,12:30,12:45,13:25
R0237,P139,outbound,patient_to_hospital,HOME_P139,H1,H1,external,P3,low,1.0,premium,5,5,1,-1,536,590,620,620,54,1,R0238,PU_R0237,DO_R0237,2026-05-18 08:56:00,2026-05-18 09:50:00,2026-05-18 10:20:00,2026-05-18 10:20:00,08:56,09:50,10:20
R0238,P139,return,hospital_to_patient,H1,HOME_P139,H1,external,P3,low,1.0,premium,5,5,1,-1,650,685,754,650,54,1,R0237,PU_R0238,DO_R0238,2026-05-18 10:50:00,2026-05-18 11:25:00,2026-05-18 12:34:00,2026-05-18 10:50:00,10:50,11:25,12:34
R0239,P140,outbound,patient_to_hospital,HOME_P140,H2,H2,other,P2,medium,1.5,standard_assis,5,5,1,-1,510,561,575,575,35,1,R0240,PU_R0239,DO_R0239,2026-05-18 08:30:00,2026-05-18 09:21:00,2026-05-18 09:35:00,2026-05-18 09:35:00,08:30,09:21,09:35
R0240,P140,return,hospital_to_patient,H2,HOME_P140,H2,other,P2,medium,1.5,standard_assis,5,5,1,-1,600,625,675,600,35,1,R0239,PU_R0240,DO_R0240,2026-05-18 10:00:00,2026-05-18 10:25:00,2026-05-18 11:15:00,2026-05-18 10:00:00,10:00,10:25,11:15
R0241,P141,outbound,patient_to_hospital,HOME_P141,H1,H1,dialysis,P1,high,2.0,vsl_required,5,5,1,-1,745,795,800,800,25,1,,PU_R0241,DO_R0241,2026-05-18 12:25:00,2026-05-18 13:15:00,2026-05-18 13:20:00,2026-05-18 13:20:00,12:25,13:15,13:20
R0242,P142,outbound,patient_to_hospital,HOME_P142,H1,H1,other,P2,medium,1.5,prescription_medicale,5,5,1,-1,850,899,915,915,35,1,R0243,PU_R0242,DO_R0242,2026-05-18 14:10:00,2026-05-18 14:59:00,2026-05-18 15:15:00,2026-05-18 15:15:00,14:10,14:59,15:15
R0243,P142,return,hospital_to_patient,H1,HOME_P142,H1,other,P2,medium,1.5,prescription_medicale,5,5,1,-1,985,1010,1060,985,35,1,R0242,PU_R0243,DO_R0243,2026-05-18 16:25:00,2026-05-18 16:50:00,2026-05-18 17:40:00,2026-05-18 16:25:00,16:25,16:50,17:40
R0244,P143,outbound,patient_to_hospital,HOME_P143,H1,H1,dialysis,P1,high,2.0,vsl_required,5,5,1,-1,990,1040,1045,1045,25,1,,PU_R0244,DO_R0244,2026-05-18 16:30:00,2026-05-18 17:20:00,2026-05-18 17:25:00,2026-05-18 17:25:00,16:30,17:20,17:25
R0245,P144,outbound,patient_to_hospital,HOME_P144,H1,H1,external,P3,low,1.0,prescription_medicale,5,5,1,-1,600,658,675,675,45,1,R0246,PU_R0245,DO_R0245,2026-05-18 10:00:00,2026-05-18 10:58:00,2026-05-18 11:15:00,2026-05-18 11:15:00,10:00,10:58,11:15
R0246,P144,return,hospital_to_patient,H1,HOME_P144,H1,external,P3,low,1.0,prescription_medicale,5,5,1,-1,695,730,790,695,45,1,R0245,PU_R0246,DO_R0246,2026-05-18 11:35:00,2026-05-18 12:10:00,2026-05-18 13:10:00,2026-05-18 11:35:00,11:35,12:10,13:10
R0247,P145,outbound,patient_to_hospital,HOME_P145,H1,H1,oncology,P1,high,2.0,standard_assis,5,5,1,-1,785,829,840,840,25,1,R0248,PU_R0247,DO_R0247,2026-05-18 13:05:00,2026-05-18 13:49:00,2026-05-18 14:00:00,2026-05-18 14:00:00,13:05,13:49,14:00
R0248,P145,return,hospital_to_patient,H1,HOME_P145,H1,oncology,P1,high,2.0,standard_assis,5,5,1,-1,1015,1030,1070,1015,25,1,R0247,PU_R0248,DO_R0248,2026-05-18 16:55:00,2026-05-18 17:10:00,2026-05-18 17:50:00,2026-05-18 16:55:00,16:55,17:10,17:50
R0249,P146,outbound,patient_to_hospital,HOME_P146,H1,H1,dialysis,P1,high,2.0,prescription_medicale,5,5,1,-1,750,794,805,805,25,1,,PU_R0249,DO_R0249,2026-05-18 12:30:00,2026-05-18 13:14:00,2026-05-18 13:25:00,2026-05-18 13:25:00,12:30,13:14,13:25
R0250,P147,outbound,patient_to_hospital,HOME_P147,H1,H1,external,P3,low,1.0,standard_assis,5,5,1,-1,520,571,595,595,45,1,R0251,PU_R0250,DO_R0250,2026-05-18 08:40:00,2026-05-18 09:31:00,2026-05-18 09:55:00,2026-05-18 09:55:00,08:40,09:31,09:55
R0251,P147,return,hospital_to_patient,H1,HOME_P147,H1,external,P3,low,1.0,standard_assis,5,5,1,-1,615,650,710,615,45,1,R0250,PU_R0251,DO_R0251,2026-05-18 10:15:00,2026-05-18 10:50:00,2026-05-18 11:50:00,2026-05-18 10:15:00,10:15,10:50,11:50
R0252,P148,outbound,patient_to_hospital,HOME_P148,H3,H3,dialysis,P1,high,2.0,prescription_medicale,5,5,1,-1,455,496,510,510,25,1,R0253,PU_R0252,DO_R0252,2026-05-18 07:35:00,2026-05-18 08:16:00,2026-05-18 08:30:00,2026-05-18 08:30:00,07:35,08:16,08:30
R0253,P148,return,hospital_to_patient,H3,HOME_P148,H3,dialysis,P1,high,2.0,prescription_medicale,5,5,1,-1,775,790,830,775,25,1,R0252,PU_R0253,DO_R0253,2026-05-18 12:55:00,2026-05-18 13:10:00,2026-05-18 13:50:00,2026-05-18 12:55:00,12:55,13:10,13:50
R0254,P149,outbound,patient_to_hospital,HOME_P149,H1,H1,other,P2,medium,1.5,standard_assis,5,5,1,-1,630,673,695,695,35,1,R0255,PU_R0254,DO_R0254,2026-05-18 10:30:00,2026-05-18 11:13:00,2026-05-18 11:35:00,2026-05-18 11:35:00,10:30,11:13,11:35
R0255,P149,return,hospital_to_patient,H1,HOME_P149,H1,other,P2,medium,1.5,standard_assis,5,5,1,-1,810,835,885,810,35,1,R0254,PU_R0255,DO_R0255,2026-05-18 13:30:00,2026-05-18 13:55:00,2026-05-18 14:45:00,2026-05-18 13:30:00,13:30,13:55,14:45
R0256,P150,outbound,patient_to_hospital,HOME_P150,H2,H2,other,P2,medium,1.5,standard_assis,5,5,1,-1,970,1024,1035,1035,35,1,,PU_R0256,DO_R0256,2026-05-18 16:10:00,2026-05-18 17:04:00,2026-05-18 17:15:00,2026-05-18 17:15:00,16:10,17:04,17:15
R0257,P151,outbound,patient_to_hospital,HOME_P151,H1,H1,dialysis,P1,high,2.0,vsl_required,5,5,1,-1,1000,1042,1055,1055,25,1,,PU_R0257,DO_R0257,2026-05-18 16:40:00,2026-05-18 17:22:00,2026-05-18 17:35:00,2026-05-18 17:35:00,16:40,17:22,17:35
R0258,P152,outbound,patient_to_hospital,HOME_P152,H2,H2,other,P2,medium,1.5,standard_assis,5,5,1,-1,455,512,520,520,35,1,R0259,PU_R0258,DO_R0258,2026-05-18 07:35:00,2026-05-18 08:32:00,2026-05-18 08:40:00,2026-05-18 08:40:00,07:35,08:32,08:40
R0259,P152,return,hospital_to_patient,H2,HOME_P152,H2,other,P2,medium,1.5,standard_assis,5,5,1,-1,550,575,625,550,35,1,R0258,PU_R0259,DO_R0259,2026-05-18 09:10:00,2026-05-18 09:35:00,2026-05-18 10:25:00,2026-05-18 09:10:00,09:10,09:35,10:25
R0260,P153,outbound,patient_to_hospital,HOME_P153,H2,H2,dialysis,P1,high,2.0,vsl_required,5,5,1,-1,730,780,785,785,25,1,,PU_R0260,DO_R0260,2026-05-18 12:10:00,2026-05-18 13:00:00,2026-05-18 13:05:00,2026-05-18 13:05:00,12:10,13:00,13:05
R0261,P154,outbound,patient_to_hospital,HOME_P154,H1,H1,other,P2,medium,1.5,standard_assis,5,5,1,-1,820,867,885,885,35,1,R0262,PU_R0261,DO_R0261,2026-05-18 13:40:00,2026-05-18 14:27:00,2026-05-18 14:45:00,2026-05-18 14:45:00,13:40,14:27,14:45
R0262,P154,return,hospital_to_patient,H1,HOME_P154,H1,other,P2,medium,1.5,standard_assis,5,5,1,-1,1005,1030,1080,1005,35,1,R0261,PU_R0262,DO_R0262,2026-05-18 16:45:00,2026-05-18 17:10:00,2026-05-18 18:00:00,2026-05-18 16:45:00,16:45,17:10,18:00
R0263,P155,outbound,patient_to_hospital,HOME_P155,H3,H3,dialysis,P1,high,2.0,prescription_medicale,5,5,1,-1,725,766,780,780,25,1,R0264,PU_R0263,DO_R0263,2026-05-18 12:05:00,2026-05-18 12:46:00,2026-05-18 13:00:00,2026-05-18 13:00:00,12:05,12:46,13:00
R0264,P155,return,hospital_to_patient,H3,HOME_P155,H3,dialysis,P1,high,2.0,prescription_medicale,5,5,1,-1,1000,1015,1055,1000,25,1,R0263,PU_R0264,DO_R0264,2026-05-18 16:40:00,2026-05-18 16:55:00,2026-05-18 17:35:00,2026-05-18 16:40:00,16:40,16:55,17:35
R0265,P156,outbound,patient_to_hospital,HOME_P156,H3,H3,dialysis,P1,high,2.0,prescription_medicale,5,5,1,-1,1015,1062,1070,1070,25,1,,PU_R0265,DO_R0265,2026-05-18 16:55:00,2026-05-18 17:42:00,2026-05-18 17:50:00,2026-05-18 17:50:00,16:55,17:42,17:50
R0266,P157,outbound,patient_to_hospital,HOME_P157,H2,H2,other,P2,medium,1.5,standard_assis,5,5,1,-1,585,641,650,650,35,1,R0267,PU_R0266,DO_R0266,2026-05-18 09:45:00,2026-05-18 10:41:00,2026-05-18 10:50:00,2026-05-18 10:50:00,09:45,10:41,10:50
R0267,P157,return,hospital_to_patient,H2,HOME_P157,H2,other,P2,medium,1.5,standard_assis,5,5,1,-1,680,705,755,680,35,1,R0266,PU_R0267,DO_R0267,2026-05-18 11:20:00,2026-05-18 11:45:00,2026-05-18 12:35:00,2026-05-18 11:20:00,11:20,11:45,12:35
R0268,P158,outbound,patient_to_hospital,HOME_P158,H2,H2,other,P2,medium,1.5,vsl_required,5,5,1,-1,650,694,715,715,35,1,R0269,PU_R0268,DO_R0268,2026-05-18 10:50:00,2026-05-18 11:34:00,2026-05-18 11:55:00,2026-05-18 11:55:00,10:50,11:34,11:55
R0269,P158,return,hospital_to_patient,H2,HOME_P158,H2,other,P2,medium,1.5,vsl_required,5,5,1,-1,740,765,815,740,35,1,R0268,PU_R0269,DO_R0269,2026-05-18 12:20:00,2026-05-18 12:45:00,2026-05-18 13:35:00,2026-05-18 12:20:00,12:20,12:45,13:35
R0270,P159,outbound,patient_to_hospital,HOME_P159,H1,H1,other,P2,medium,1.5,standard_assis,5,5,1,-1,475,524,540,540,35,1,R0271,PU_R0270,DO_R0270,2026-05-18 07:55:00,2026-05-18 08:44:00,2026-05-18 09:00:00,2026-05-18 09:00:00,07:55,08:44,09:00
R0271,P159,return,hospital_to_patient,H1,HOME_P159,H1,other,P2,medium,1.5,standard_assis,5,5,1,-1,635,660,710,635,35,1,R0270,PU_R0271,DO_R0271,2026-05-18 10:35:00,2026-05-18 11:00:00,2026-05-18 11:50:00,2026-05-18 10:35:00,10:35,11:00,11:50
R0272,P160,outbound,patient_to_hospital,HOME_P160,H1,H1,dialysis,P1,high,2.0,prescription_medicale,5,5,1,-1,965,1015,1020,1020,25,1,,PU_R0272,DO_R0272,2026-05-18 16:05:00,2026-05-18 16:55:00,2026-05-18 17:00:00,2026-05-18 17:00:00,16:05,16:55,17:00
R0273,P161,outbound,patient_to_hospital,HOME_P161,H2,H2,oncology,P1,high,2.0,vsl_required,5,5,1,-1,730,777,785,785,25,1,R0274,PU_R0273,DO_R0273,2026-05-18 12:10:00,2026-05-18 12:57:00,2026-05-18 13:05:00,2026-05-18 13:05:00,12:10,12:57,13:05
R0274,P161,return,hospital_to_patient,H2,HOME_P161,H2,oncology,P1,high,2.0,vsl_required,5,5,1,-1,1025,1040,1080,1025,25,1,R0273,PU_R0274,DO_R0274,2026-05-18 17:05:00,2026-05-18 17:20:00,2026-05-18 18:00:00,2026-05-18 17:05:00,17:05,17:20,18:00
R0275,P162,outbound,patient_to_hospital,HOME_P162,H1,H1,other,P2,medium,1.5,standard_assis,5,5,1,-1,580,634,645,645,35,1,R0276,PU_R0275,DO_R0275,2026-05-18 09:40:00,2026-05-18 10:34:00,2026-05-18 10:45:00,2026-05-18 10:45:00,09:40,10:34,10:45
R0276,P162,return,hospital_to_patient,H1,HOME_P162,H1,other,P2,medium,1.5,standard_assis,5,5,1,-1,745,770,820,745,35,1,R0275,PU_R0276,DO_R0276,2026-05-18 12:25:00,2026-05-18 12:50:00,2026-05-18 13:40:00,2026-05-18 12:25:00,12:25,12:50,13:40
R0277,P163,outbound,patient_to_hospital,HOME_P163,H3,H3,dialysis,P1,high,2.0,vsl_required,5,5,1,-1,465,509,520,520,25,1,R0278,PU_R0277,DO_R0277,2026-05-18 07:45:00,2026-05-18 08:29:00,2026-05-18 08:40:00,2026-05-18 08:40:00,07:45,08:29,08:40
R0278,P163,return,hospital_to_patient,H3,HOME_P163,H3,dialysis,P1,high,2.0,vsl_required,5,5,1,-1,735,750,790,735,25,1,R0277,PU_R0278,DO_R0278,2026-05-18 12:15:00,2026-05-18 12:30:00,2026-05-18 13:10:00,2026-05-18 12:15:00,12:15,12:30,13:10
R0279,P164,outbound,patient_to_hospital,HOME_P164,H1,H1,dialysis,P1,high,2.0,prescription_medicale,5,5,1,-1,475,522,530,530,25,1,R0280,PU_R0279,DO_R0279,2026-05-18 07:55:00,2026-05-18 08:42:00,2026-05-18 08:50:00,2026-05-18 08:50:00,07:55,08:42,08:50
R0280,P164,return,hospital_to_patient,H1,HOME_P164,H1,dialysis,P1,high,2.0,prescription_medicale,5,5,1,-1,770,785,825,770,25,1,R0279,PU_R0280,DO_R0280,2026-05-18 12:50:00,2026-05-18 13:05:00,2026-05-18 13:45:00,2026-05-18 12:50:00,12:50,13:05,13:45
R0281,P165,outbound,patient_to_hospital,HOME_P165,H1,H1,oncology,P1,high,2.0,prescription_medicale,5,5,1,-1,635,680,690,690,25,1,R0282,PU_R0281,DO_R0281,2026-05-18 10:35:00,2026-05-18 11:20:00,2026-05-18 11:30:00,2026-05-18 11:30:00,10:35,11:20,11:30
R0282,P165,return,hospital_to_patient,H1,HOME_P165,H1,oncology,P1,high,2.0,prescription_medicale,5,5,1,-1,840,855,895,840,25,1,R0281,PU_R0282,DO_R0282,2026-05-18 14:00:00,2026-05-18 14:15:00,2026-05-18 14:55:00,2026-05-18 14:00:00,14:00,14:15,14:55
R0283,P166,outbound,patient_to_hospital,HOME_P166,H1,H1,external,P3,low,1.0,standard_assis,5,5,1,-1,560,616,635,635,45,1,R0284,PU_R0283,DO_R0283,2026-05-18 09:20:00,2026-05-18 10:16:00,2026-05-18 10:35:00,2026-05-18 10:35:00,09:20,10:16,10:35
R0284,P166,return,hospital_to_patient,H1,HOME_P166,H1,external,P3,low,1.0,standard_assis,5,5,1,-1,665,700,760,665,45,1,R0283,PU_R0284,DO_R0284,2026-05-18 11:05:00,2026-05-18 11:40:00,2026-05-18 12:40:00,2026-05-18 11:05:00,11:05,11:40,12:40
R0285,P167,outbound,patient_to_hospital,HOME_P167,H3,H3,dialysis,P1,high,2.0,vsl_required,5,5,1,-1,440,481,495,495,25,1,R0286,PU_R0285,DO_R0285,2026-05-18 07:20:00,2026-05-18 08:01:00,2026-05-18 08:15:00,2026-05-18 08:15:00,07:20,08:01,08:15
R0286,P167,return,hospital_to_patient,H3,HOME_P167,H3,dialysis,P1,high,2.0,vsl_required,5,5,1,-1,705,720,760,705,25,1,R0285,PU_R0286,DO_R0286,2026-05-18 11:45:00,2026-05-18 12:00:00,2026-05-18 12:40:00,2026-05-18 11:45:00,11:45,12:00,12:40
R0287,P168,outbound,patient_to_hospital,HOME_P168,H2,H2,dialysis,P1,high,2.0,prescription_medicale,5,5,1,-1,735,776,790,790,25,1,R0288,PU_R0287,DO_R0287,2026-05-18 12:15:00,2026-05-18 12:56:00,2026-05-18 13:10:00,2026-05-18 13:10:00,12:15,12:56,13:10
R0288,P168,return,hospital_to_patient,H2,HOME_P168,H2,dialysis,P1,high,2.0,prescription_medicale,5,5,1,-1,1015,1030,1070,1015,25,1,R0287,PU_R0288,DO_R0288,2026-05-18 16:55:00,2026-05-18 17:10:00,2026-05-18 17:50:00,2026-05-18 16:55:00,16:55,17:10,17:50
R0289,P169,outbound,patient_to_hospital,HOME_P169,H1,H1,other,P2,medium,1.5,standard_assis,5,5,1,-1,970,1016,1035,1035,35,1,,PU_R0289,DO_R0289,2026-05-18 16:10:00,2026-05-18 16:56:00,2026-05-18 17:15:00,2026-05-18 17:15:00,16:10,16:56,17:15
R0290,P170,outbound,patient_to_hospital,HOME_P170,H2,H2,dialysis,P1,high,2.0,vsl_required,5,5,1,-1,470,513,525,525,25,1,R0291,PU_R0290,DO_R0290,2026-05-18 07:50:00,2026-05-18 08:33:00,2026-05-18 08:45:00,2026-05-18 08:45:00,07:50,08:33,08:45
R0291,P170,return,hospital_to_patient,H2,HOME_P170,H2,dialysis,P1,high,2.0,vsl_required,5,5,1,-1,775,790,830,775,25,1,R0290,PU_R0291,DO_R0291,2026-05-18 12:55:00,2026-05-18 13:10:00,2026-05-18 13:50:00,2026-05-18 12:55:00,12:55,13:10,13:50
R0292,P171,outbound,patient_to_hospital,HOME_P171,H2,H2,dialysis,P1,high,2.0,vsl_required,5,5,1,-1,730,780,785,785,25,1,R0293,PU_R0292,DO_R0292,2026-05-18 12:10:00,2026-05-18 13:00:00,2026-05-18 13:05:00,2026-05-18 13:05:00,12:10,13:00,13:05
R0293,P171,return,hospital_to_patient,H2,HOME_P171,H2,dialysis,P1,high,2.0,vsl_required,5,5,1,-1,1025,1040,1080,1025,25,1,R0292,PU_R0293,DO_R0293,2026-05-18 17:05:00,2026-05-18 17:20:00,2026-05-18 18:00:00,2026-05-18 17:05:00,17:05,17:20,18:00
R0294,P172,outbound,patient_to_hospital,HOME_P172,H1,H1,other,P2,medium,1.5,standard_assis,5,5,1,-1,635,683,700,700,35,1,R0295,PU_R0294,DO_R0294,2026-05-18 10:35:00,2026-05-18 11:23:00,2026-05-18 11:40:00,2026-05-18 11:40:00,10:35,11:23,11:40
R0295,P172,return,hospital_to_patient,H1,HOME_P172,H1,other,P2,medium,1.5,standard_assis,5,5,1,-1,760,785,835,760,35,1,R0294,PU_R0295,DO_R0295,2026-05-18 12:40:00,2026-05-18 13:05:00,2026-05-18 13:55:00,2026-05-18 12:40:00,12:40,13:05,13:55
R0296,P173,outbound,patient_to_hospital,HOME_P173,H1,H1,other,P2,medium,1.5,standard_assis,5,5,1,-1,505,553,570,570,35,1,R0297,PU_R0296,DO_R0296,2026-05-18 08:25:00,2026-05-18 09:13:00,2026-05-18 09:30:00,2026-05-18 09:30:00,08:25,09:13,09:30
R0297,P173,return,hospital_to_patient,H1,HOME_P173,H1,other,P2,medium,1.5,standard_assis,5,5,1,-1,630,655,705,630,35,1,R0296,PU_R0297,DO_R0297,2026-05-18 10:30:00,2026-05-18 10:55:00,2026-05-18 11:45:00,2026-05-18 10:30:00,10:30,10:55,11:45
R0298,P174,outbound,patient_to_hospital,HOME_P174,H1,H1,oncology,P1,high,2.0,vsl_required,5,5,1,-1,460,503,515,515,25,1,R0299,PU_R0298,DO_R0298,2026-05-18 07:40:00,2026-05-18 08:23:00,2026-05-18 08:35:00,2026-05-18 08:35:00,07:40,08:23,08:35
R0299,P174,return,hospital_to_patient,H1,HOME_P174,H1,oncology,P1,high,2.0,vsl_required,5,5,1,-1,670,685,725,670,25,1,R0298,PU_R0299,DO_R0299,2026-05-18 11:10:00,2026-05-18 11:25:00,2026-05-18 12:05:00,2026-05-18 11:10:00,11:10,11:25,12:05
R0300,P175,outbound,patient_to_hospital,HOME_P175,H1,H1,oncology,P1,high,2.0,vsl_required,5,5,1,-1,440,484,495,495,25,1,R0301,PU_R0300,DO_R0300,2026-05-18 07:20:00,2026-05-18 08:04:00,2026-05-18 08:15:00,2026-05-18 08:15:00,07:20,08:04,08:15
R0301,P175,return,hospital_to_patient,H1,HOME_P175,H1,oncology,P1,high,2.0,vsl_required,5,5,1,-1,660,675,715,660,25,1,R0300,PU_R0301,DO_R0301,2026-05-18 11:00:00,2026-05-18 11:15:00,2026-05-18 11:55:00,2026-05-18 11:00:00,11:00,11:15,11:55
R0302,P176,outbound,patient_to_hospital,HOME_P176,H2,H2,other,P2,medium,1.5,vsl_required,5,5,1,-1,490,534,555,555,35,1,R0303,PU_R0302,DO_R0302,2026-05-18 08:10:00,2026-05-18 08:54:00,2026-05-18 09:15:00,2026-05-18 09:15:00,08:10,08:54,09:15
R0303,P176,return,hospital_to_patient,H2,HOME_P176,H2,other,P2,medium,1.5,vsl_required,5,5,1,-1,585,610,660,585,35,1,R0302,PU_R0303,DO_R0303,2026-05-18 09:45:00,2026-05-18 10:10:00,2026-05-18 11:00:00,2026-05-18 09:45:00,09:45,10:10,11:00
R0304,P177,outbound,patient_to_hospital,HOME_P177,H1,H1,oncology,P1,high,2.0,vsl_required,5,5,1,-1,650,687,705,705,25,1,R0305,PU_R0304,DO_R0304,2026-05-18 10:50:00,2026-05-18 11:27:00,2026-05-18 11:45:00,2026-05-18 11:45:00,10:50,11:27,11:45
R0305,P177,return,hospital_to_patient,H1,HOME_P177,H1,oncology,P1,high,2.0,vsl_required,5,5,1,-1,880,895,935,880,25,1,R0304,PU_R0305,DO_R0305,2026-05-18 14:40:00,2026-05-18 14:55:00,2026-05-18 15:35:00,2026-05-18 14:40:00,14:40,14:55,15:35
R0306,P178,outbound,patient_to_hospital,HOME_P178,H1,H1,oncology,P1,high,2.0,vsl_required,5,5,1,-1,625,664,680,680,25,1,R0307,PU_R0306,DO_R0306,2026-05-18 10:25:00,2026-05-18 11:04:00,2026-05-18 11:20:00,2026-05-18 11:20:00,10:25,11:04,11:20
R0307,P178,return,hospital_to_patient,H1,HOME_P178,H1,oncology,P1,high,2.0,vsl_required,5,5,1,-1,840,855,895,840,25,1,R0306,PU_R0307,DO_R0307,2026-05-18 14:00:00,2026-05-18 14:15:00,2026-05-18 14:55:00,2026-05-18 14:00:00,14:00,14:15,14:55
R0308,P179,outbound,patient_to_hospital,HOME_P179,H1,H1,other,P2,medium,1.5,vsl_required,5,5,1,-1,650,694,715,715,35,1,R0309,PU_R0308,DO_R0308,2026-05-18 10:50:00,2026-05-18 11:34:00,2026-05-18 11:55:00,2026-05-18 11:55:00,10:50,11:34,11:55
R0309,P179,return,hospital_to_patient,H1,HOME_P179,H1,other,P2,medium,1.5,vsl_required,5,5,1,-1,800,825,875,800,35,1,R0308,PU_R0309,DO_R0309,2026-05-18 13:20:00,2026-05-18 13:45:00,2026-05-18 14:35:00,2026-05-18 13:20:00,13:20,13:45,14:35
R0310,P180,outbound,patient_to_hospital,HOME_P180,H2,H2,dialysis,P1,high,2.0,vsl_required,5,5,1,-1,760,807,815,815,25,1,,PU_R0310,DO_R0310,2026-05-18 12:40:00,2026-05-18 13:27:00,2026-05-18 13:35:00,2026-05-18 13:35:00,12:40,13:27,13:35
R0311,P181,outbound,patient_to_hospital,HOME_P181,H1,H1,oncology,P1,high,2.0,prescription_medicale,5,5,1,-1,605,642,660,660,25,1,R0312,PU_R0311,DO_R0311,2026-05-18 10:05:00,2026-05-18 10:42:00,2026-05-18 11:00:00,2026-05-18 11:00:00,10:05,10:42,11:00
R0312,P181,return,hospital_to_patient,H1,HOME_P181,H1,oncology,P1,high,2.0,prescription_medicale,5,5,1,-1,830,845,885,830,25,1,R0311,PU_R0312,DO_R0312,2026-05-18 13:50:00,2026-05-18 14:05:00,2026-05-18 14:45:00,2026-05-18 13:50:00,13:50,14:05,14:45
R0313,P182,outbound,patient_to_hospital,HOME_P182,H1,H1,oncology,P1,high,2.0,vsl_required,5,5,1,-1,795,833,850,850,25,1,R0314,PU_R0313,DO_R0313,2026-05-18 13:15:00,2026-05-18 13:53:00,2026-05-18 14:10:00,2026-05-18 14:10:00,13:15,13:53,14:10
R0314,P182,return,hospital_to_patient,H1,HOME_P182,H1,oncology,P1,high,2.0,vsl_required,5,5,1,-1,1025,1040,1080,1025,25,1,R0313,PU_R0314,DO_R0314,2026-05-18 17:05:00,2026-05-18 17:20:00,2026-05-18 18:00:00,2026-05-18 17:05:00,17:05,17:20,18:00
R0315,P183,outbound,patient_to_hospital,HOME_P183,H1,H1,oncology,P1,high,2.0,prescription_medicale,5,5,1,-1,455,502,510,510,25,1,R0316,PU_R0315,DO_R0315,2026-05-18 07:35:00,2026-05-18 08:22:00,2026-05-18 08:30:00,2026-05-18 08:30:00,07:35,08:22,08:30
R0316,P183,return,hospital_to_patient,H1,HOME_P183,H1,oncology,P1,high,2.0,prescription_medicale,5,5,1,-1,690,705,745,690,25,1,R0315,PU_R0316,DO_R0316,2026-05-18 11:30:00,2026-05-18 11:45:00,2026-05-18 12:25:00,2026-05-18 11:30:00,11:30,11:45,12:25
R0317,P184,outbound,patient_to_hospital,HOME_P184,H1,H1,dialysis,P1,high,2.0,prescription_medicale,5,5,1,-1,440,484,495,495,25,1,R0318,PU_R0317,DO_R0317,2026-05-18 07:20:00,2026-05-18 08:04:00,2026-05-18 08:15:00,2026-05-18 08:15:00,07:20,08:04,08:15
R0318,P184,return,hospital_to_patient,H1,HOME_P184,H1,dialysis,P1,high,2.0,prescription_medicale,5,5,1,-1,735,750,790,735,25,1,R0317,PU_R0318,DO_R0318,2026-05-18 12:15:00,2026-05-18 12:30:00,2026-05-18 13:10:00,2026-05-18 12:15:00,12:15,12:30,13:10
R0319,P185,outbound,patient_to_hospital,HOME_P185,H2,H2,other,P2,medium,1.5,vsl_required,5,5,1,-1,605,649,670,670,35,1,R0320,PU_R0319,DO_R0319,2026-05-18 10:05:00,2026-05-18 10:49:00,2026-05-18 11:10:00,2026-05-18 11:10:00,10:05,10:49,11:10
R0320,P185,return,hospital_to_patient,H2,HOME_P185,H2,other,P2,medium,1.5,vsl_required,5,5,1,-1,700,725,775,700,35,1,R0319,PU_R0320,DO_R0320,2026-05-18 11:40:00,2026-05-18 12:05:00,2026-05-18 12:55:00,2026-05-18 11:40:00,11:40,12:05,12:55
R0321,P186,outbound,patient_to_hospital,HOME_P186,H1,H1,other,P2,medium,1.5,standard_assis,5,5,1,-1,650,697,715,715,35,1,R0322,PU_R0321,DO_R0321,2026-05-18 10:50:00,2026-05-18 11:37:00,2026-05-18 11:55:00,2026-05-18 11:55:00,10:50,11:37,11:55
R0322,P186,return,hospital_to_patient,H1,HOME_P186,H1,other,P2,medium,1.5,standard_assis,5,5,1,-1,800,825,875,800,35,1,R0321,PU_R0322,DO_R0322,2026-05-18 13:20:00,2026-05-18 13:45:00,2026-05-18 14:35:00,2026-05-18 13:20:00,13:20,13:45,14:35
R0323,P187,outbound,patient_to_hospital,HOME_P187,H1,H1,oncology,P1,high,2.0,vsl_required,5,5,1,-1,465,513,520,520,25,1,R0324,PU_R0323,DO_R0323,2026-05-18 07:45:00,2026-05-18 08:33:00,2026-05-18 08:40:00,2026-05-18 08:40:00,07:45,08:33,08:40
R0324,P187,return,hospital_to_patient,H1,HOME_P187,H1,oncology,P1,high,2.0,vsl_required,5,5,1,-1,700,715,755,700,25,1,R0323,PU_R0324,DO_R0324,2026-05-18 11:40:00,2026-05-18 11:55:00,2026-05-18 12:35:00,2026-05-18 11:40:00,11:40,11:55,12:35
R0325,P188,outbound,patient_to_hospital,HOME_P188,H2,H2,oncology,P1,high,2.0,vsl_required,5,5,1,-1,455,498,510,510,25,1,R0326,PU_R0325,DO_R0325,2026-05-18 07:35:00,2026-05-18 08:18:00,2026-05-18 08:30:00,2026-05-18 08:30:00,07:35,08:18,08:30
R0326,P188,return,hospital_to_patient,H2,HOME_P188,H2,oncology,P1,high,2.0,vsl_required,5,5,1,-1,850,865,905,850,25,1,R0325,PU_R0326,DO_R0326,2026-05-18 14:10:00,2026-05-18 14:25:00,2026-05-18 15:05:00,2026-05-18 14:10:00,14:10,14:25,15:05
R0327,P189,outbound,patient_to_hospital,HOME_P189,H2,H2,dialysis,P1,high,2.0,prescription_medicale,5,5,1,-1,480,529,535,535,25,1,R0328,PU_R0327,DO_R0327,2026-05-18 08:00:00,2026-05-18 08:49:00,2026-05-18 08:55:00,2026-05-18 08:55:00,08:00,08:49,08:55
R0328,P189,return,hospital_to_patient,H2,HOME_P189,H2,dialysis,P1,high,2.0,prescription_medicale,5,5,1,-1,745,760,800,745,25,1,R0327,PU_R0328,DO_R0328,2026-05-18 12:25:00,2026-05-18 12:40:00,2026-05-18 13:20:00,2026-05-18 12:25:00,12:25,12:40,13:20
R0329,P190,outbound,patient_to_hospital,HOME_P190,H3,H3,dialysis,P1,high,2.0,vsl_required,5,5,1,-1,725,768,780,780,25,1,R0330,PU_R0329,DO_R0329,2026-05-18 12:05:00,2026-05-18 12:48:00,2026-05-18 13:00:00,2026-05-18 13:00:00,12:05,12:48,13:00
R0330,P190,return,hospital_to_patient,H3,HOME_P190,H3,dialysis,P1,high,2.0,vsl_required,5,5,1,-1,990,1005,1045,990,25,1,R0329,PU_R0330,DO_R0330,2026-05-18 16:30:00,2026-05-18 16:45:00,2026-05-18 17:25:00,2026-05-18 16:30:00,16:30,16:45,17:25
R0331,P191,outbound,patient_to_hospital,HOME_P191,H2,H2,other,P2,medium,1.5,prescription_medicale,5,5,1,-1,520,565,585,585,35,1,R0332,PU_R0331,DO_R0331,2026-05-18 08:40:00,2026-05-18 09:25:00,2026-05-18 09:45:00,2026-05-18 09:45:00,08:40,09:25,09:45
R0332,P191,return,hospital_to_patient,H2,HOME_P191,H2,other,P2,medium,1.5,prescription_medicale,5,5,1,-1,610,635,685,610,35,1,R0331,PU_R0332,DO_R0332,2026-05-18 10:10:00,2026-05-18 10:35:00,2026-05-18 11:25:00,2026-05-18 10:10:00,10:10,10:35,11:25
R0333,P192,outbound,patient_to_hospital,HOME_P192,H1,H1,other,P2,medium,1.5,standard_assis,5,5,1,-1,980,1037,1045,1045,35,1,,PU_R0333,DO_R0333,2026-05-18 16:20:00,2026-05-18 17:17:00,2026-05-18 17:25:00,2026-05-18 17:25:00,16:20,17:17,17:25
R0334,P193,outbound,patient_to_hospital,HOME_P193,H1,H1,other,P2,medium,1.5,standard_assis,5,5,1,-1,930,983,995,995,35,1,,PU_R0334,DO_R0334,2026-05-18 15:30:00,2026-05-18 16:23:00,2026-05-18 16:35:00,2026-05-18 16:35:00,15:30,16:23,16:35
R0335,P194,outbound,patient_to_hospital,HOME_P194,H1,H1,dialysis,P1,high,2.0,vsl_required,5,5,1,-1,780,826,835,835,25,1,,PU_R0335,DO_R0335,2026-05-18 13:00:00,2026-05-18 13:46:00,2026-05-18 13:55:00,2026-05-18 13:55:00,13:00,13:46,13:55
R0336,P195,outbound,patient_to_hospital,HOME_P195,H1,H1,dialysis,P1,high,2.0,prescription_medicale,5,5,1,-1,770,813,825,825,25,1,,PU_R0336,DO_R0336,2026-05-18 12:50:00,2026-05-18 13:33:00,2026-05-18 13:45:00,2026-05-18 13:45:00,12:50,13:33,13:45
R0337,P196,outbound,patient_to_hospital,HOME_P196,H2,H2,dialysis,P1,high,2.0,vsl_required,5,5,1,-1,480,528,535,535,25,1,R0338,PU_R0337,DO_R0337,2026-05-18 08:00:00,2026-05-18 08:48:00,2026-05-18 08:55:00,2026-05-18 08:55:00,08:00,08:48,08:55
R0338,P196,return,hospital_to_patient,H2,HOME_P196,H2,dialysis,P1,high,2.0,vsl_required,5,5,1,-1,755,770,810,755,25,1,R0337,PU_R0338,DO_R0338,2026-05-18 12:35:00,2026-05-18 12:50:00,2026-05-18 13:30:00,2026-05-18 12:35:00,12:35,12:50,13:30
R0339,P197,outbound,patient_to_hospital,HOME_P197,H1,H1,other,P2,medium,1.5,premium,5,5,1,-1,645,692,710,710,35,1,R0340,PU_R0339,DO_R0339,2026-05-18 10:45:00,2026-05-18 11:32:00,2026-05-18 11:50:00,2026-05-18 11:50:00,10:45,11:32,11:50
R0340,P197,return,hospital_to_patient,H1,HOME_P197,H1,other,P2,medium,1.5,premium,5,5,1,-1,785,810,860,785,35,1,R0339,PU_R0340,DO_R0340,2026-05-18 13:05:00,2026-05-18 13:30:00,2026-05-18 14:20:00,2026-05-18 13:05:00,13:05,13:30,14:20
R0341,P198,outbound,patient_to_hospital,HOME_P198,H1,H1,other,P2,medium,1.5,standard_assis,5,5,1,-1,620,664,685,685,35,1,R0342,PU_R0341,DO_R0341,2026-05-18 10:20:00,2026-05-18 11:04:00,2026-05-18 11:25:00,2026-05-18 11:25:00,10:20,11:04,11:25
R0342,P198,return,hospital_to_patient,H1,HOME_P198,H1,other,P2,medium,1.5,standard_assis,5,5,1,-1,775,800,850,775,35,1,R0341,PU_R0342,DO_R0342,2026-05-18 12:55:00,2026-05-18 13:20:00,2026-05-18 14:10:00,2026-05-18 12:55:00,12:55,13:20,14:10
R0343,P199,outbound,patient_to_hospital,HOME_P199,H2,H2,other,P2,medium,1.5,standard_assis,5,5,1,-1,825,879,890,890,35,1,R0344,PU_R0343,DO_R0343,2026-05-18 13:45:00,2026-05-18 14:39:00,2026-05-18 14:50:00,2026-05-18 14:50:00,13:45,14:39,14:50
R0344,P199,return,hospital_to_patient,H2,HOME_P199,H2,other,P2,medium,1.5,standard_assis,5,5,1,-1,915,940,990,915,35,1,R0343,PU_R0344,DO_R0344,2026-05-18 15:15:00,2026-05-18 15:40:00,2026-05-18 16:30:00,2026-05-18 15:15:00,15:15,15:40,16:30
R0345,P200,outbound,patient_to_hospital,HOME_P200,H1,H1,oncology,P1,high,2.0,prescription_medicale,5,5,1,-1,450,495,505,505,25,1,R0346,PU_R0345,DO_R0345,2026-05-18 07:30:00,2026-05-18 08:15:00,2026-05-18 08:25:00,2026-05-18 08:25:00,07:30,08:15,08:25
R0346,P200,return,hospital_to_patient,H1,HOME_P200,H1,oncology,P1,high,2.0,prescription_medicale,5,5,1,-1,675,690,730,675,25,1,R0345,PU_R0346,DO_R0346,2026-05-18 11:15:00,2026-05-18 11:30:00,2026-05-18 12:10:00,2026-05-18 11:15:00,11:15,11:30,12:10
R0347,P201,outbound,patient_to_hospital,HOME_P201,H1,H1,dialysis,P1,high,2.0,prescription_medicale,5,5,1,-1,735,778,790,790,25,1,,PU_R0347,DO_R0347,2026-05-18 12:15:00,2026-05-18 12:58:00,2026-05-18 13:10:00,2026-05-18 13:10:00,12:15,12:58,13:10
R0348,P202,outbound,patient_to_hospital,HOME_P202,H1,H1,oncology,P1,high,2.0,vsl_required,5,5,1,-1,620,657,675,675,25,1,R0349,PU_R0348,DO_R0348,2026-05-18 10:20:00,2026-05-18 10:57:00,2026-05-18 11:15:00,2026-05-18 11:15:00,10:20,10:57,11:15
R0349,P202,return,hospital_to_patient,H1,HOME_P202,H1,oncology,P1,high,2.0,vsl_required,5,5,1,-1,840,855,895,840,25,1,R0348,PU_R0349,DO_R0349,2026-05-18 14:00:00,2026-05-18 14:15:00,2026-05-18 14:55:00,2026-05-18 14:00:00,14:00,14:15,14:55
R0350,P203,outbound,patient_to_hospital,HOME_P203,H2,H2,dialysis,P1,high,2.0,vsl_required,5,5,1,-1,765,810,820,820,25,1,,PU_R0350,DO_R0350,2026-05-18 12:45:00,2026-05-18 13:30:00,2026-05-18 13:40:00,2026-05-18 13:40:00,12:45,13:30,13:40
R0351,P204,outbound,patient_to_hospital,HOME_P204,H1,H1,other,P2,medium,1.5,standard_assis,5,5,1,-1,635,682,700,700,35,1,R0352,PU_R0351,DO_R0351,2026-05-18 10:35:00,2026-05-18 11:22:00,2026-05-18 11:40:00,2026-05-18 11:40:00,10:35,11:22,11:40
R0352,P204,return,hospital_to_patient,H1,HOME_P204,H1,other,P2,medium,1.5,standard_assis,5,5,1,-1,820,845,895,820,35,1,R0351,PU_R0352,DO_R0352,2026-05-18 13:40:00,2026-05-18 14:05:00,2026-05-18 14:55:00,2026-05-18 13:40:00,13:40,14:05,14:55
R0353,P205,outbound,patient_to_hospital,HOME_P205,H1,H1,oncology,P1,high,2.0,standard_assis,5,5,1,-1,650,688,705,705,25,1,R0354,PU_R0353,DO_R0353,2026-05-18 10:50:00,2026-05-18 11:28:00,2026-05-18 11:45:00,2026-05-18 11:45:00,10:50,11:28,11:45
R0354,P205,return,hospital_to_patient,H1,HOME_P205,H1,oncology,P1,high,2.0,standard_assis,5,5,1,-1,860,875,915,860,25,1,R0353,PU_R0354,DO_R0354,2026-05-18 14:20:00,2026-05-18 14:35:00,2026-05-18 15:15:00,2026-05-18 14:20:00,14:20,14:35,15:15
R0355,P206,outbound,patient_to_hospital,HOME_P206,H1,H1,other,P2,medium,1.5,standard_assis,5,5,1,-1,950,998,1015,1015,35,1,,PU_R0355,DO_R0355,2026-05-18 15:50:00,2026-05-18 16:38:00,2026-05-18 16:55:00,2026-05-18 16:55:00,15:50,16:38,16:55
R0356,P207,outbound,patient_to_hospital,HOME_P207,H3,H3,dialysis,P1,high,2.0,vsl_required,5,5,1,-1,745,792,800,800,25,1,R0357,PU_R0356,DO_R0356,2026-05-18 12:25:00,2026-05-18 13:12:00,2026-05-18 13:20:00,2026-05-18 13:20:00,12:25,13:12,13:20
R0357,P207,return,hospital_to_patient,H3,HOME_P207,H3,dialysis,P1,high,2.0,vsl_required,5,5,1,-1,1015,1030,1070,1015,25,1,R0356,PU_R0357,DO_R0357,2026-05-18 16:55:00,2026-05-18 17:10:00,2026-05-18 17:50:00,2026-05-18 16:55:00,16:55,17:10,17:50
R0358,P208,outbound,patient_to_hospital,HOME_P208,H1,H1,dialysis,P1,high,2.0,vsl_required,5,5,1,-1,435,477,490,490,25,1,R0359,PU_R0358,DO_R0358,2026-05-18 07:15:00,2026-05-18 07:57:00,2026-05-18 08:10:00,2026-05-18 08:10:00,07:15,07:57,08:10
R0359,P208,return,hospital_to_patient,H1,HOME_P208,H1,dialysis,P1,high,2.0,vsl_required,5,5,1,-1,730,745,785,730,25,1,R0358,PU_R0359,DO_R0359,2026-05-18 12:10:00,2026-05-18 12:25:00,2026-05-18 13:05:00,2026-05-18 12:10:00,12:10,12:25,13:05
R0360,P209,outbound,patient_to_hospital,HOME_P209,H2,H2,dialysis,P1,high,2.0,vsl_required,5,5,1,-1,450,491,505,505,25,1,R0361,PU_R0360,DO_R0360,2026-05-18 07:30:00,2026-05-18 08:11:00,2026-05-18 08:25:00,2026-05-18 08:25:00,07:30,08:11,08:25
R0361,P209,return,hospital_to_patient,H2,HOME_P209,H2,dialysis,P1,high,2.0,vsl_required,5,5,1,-1,715,730,770,715,25,1,R0360,PU_R0361,DO_R0361,2026-05-18 11:55:00,2026-05-18 12:10:00,2026-05-18 12:50:00,2026-05-18 11:55:00,11:55,12:10,12:50
R0362,P210,outbound,patient_to_hospital,HOME_P210,H2,H2,dialysis,P1,high,2.0,vsl_required,5,5,1,-1,760,802,815,815,25,1,,PU_R0362,DO_R0362,2026-05-18 12:40:00,2026-05-18 13:22:00,2026-05-18 13:35:00,2026-05-18 13:35:00,12:40,13:22,13:35
R0363,P211,outbound,patient_to_hospital,HOME_P211,H2,H2,oncology,P1,high,2.0,vsl_required,5,5,1,-1,760,801,815,815,25,1,R0364,PU_R0363,DO_R0363,2026-05-18 12:40:00,2026-05-18 13:21:00,2026-05-18 13:35:00,2026-05-18 13:35:00,12:40,13:21,13:35
R0364,P211,return,hospital_to_patient,H2,HOME_P211,H2,oncology,P1,high,2.0,vsl_required,5,5,1,-1,920,935,975,920,25,1,R0363,PU_R0364,DO_R0364,2026-05-18 15:20:00,2026-05-18 15:35:00,2026-05-18 16:15:00,2026-05-18 15:20:00,15:20,15:35,16:15
R0365,P212,outbound,patient_to_hospital,HOME_P212,H2,H2,dialysis,P1,high,2.0,vsl_required,5,5,1,-1,430,480,485,485,25,1,R0366,PU_R0365,DO_R0365,2026-05-18 07:10:00,2026-05-18 08:00:00,2026-05-18 08:05:00,2026-05-18 08:05:00,07:10,08:00,08:05
R0366,P212,return,hospital_to_patient,H2,HOME_P212,H2,dialysis,P1,high,2.0,vsl_required,5,5,1,-1,695,710,750,695,25,1,R0365,PU_R0366,DO_R0366,2026-05-18 11:35:00,2026-05-18 11:50:00,2026-05-18 12:30:00,2026-05-18 11:35:00,11:35,11:50,12:30
R0367,P213,outbound,patient_to_hospital,HOME_P213,H1,H1,other,P2,medium,1.5,premium,5,5,1,-1,925,973,990,990,35,1,,PU_R0367,DO_R0367,2026-05-18 15:25:00,2026-05-18 16:13:00,2026-05-18 16:30:00,2026-05-18 16:30:00,15:25,16:13,16:30
R0368,P214,outbound,patient_to_hospital,HOME_P214,H2,H2,other,P2,medium,1.5,standard_assis,5,5,1,-1,965,1025,1030,1030,35,1,,PU_R0368,DO_R0368,2026-05-18 16:05:00,2026-05-18 17:05:00,2026-05-18 17:10:00,2026-05-18 17:10:00,16:05,17:05,17:10
R0369,P215,outbound,patient_to_hospital,HOME_P215,H2,H2,dialysis,P1,high,2.0,prescription_medicale,5,5,1,-1,480,522,535,535,25,1,R0370,PU_R0369,DO_R0369,2026-05-18 08:00:00,2026-05-18 08:42:00,2026-05-18 08:55:00,2026-05-18 08:55:00,08:00,08:42,08:55
R0370,P215,return,hospital_to_patient,H2,HOME_P215,H2,dialysis,P1,high,2.0,prescription_medicale,5,5,1,-1,775,790,830,775,25,1,R0369,PU_R0370,DO_R0370,2026-05-18 12:55:00,2026-05-18 13:10:00,2026-05-18 13:50:00,2026-05-18 12:55:00,12:55,13:10,13:50
R0371,P216,outbound,patient_to_hospital,HOME_P216,H1,H1,oncology,P1,high,2.0,vsl_required,5,5,1,-1,455,496,510,510,25,1,R0372,PU_R0371,DO_R0371,2026-05-18 07:35:00,2026-05-18 08:16:00,2026-05-18 08:30:00,2026-05-18 08:30:00,07:35,08:16,08:30
R0372,P216,return,hospital_to_patient,H1,HOME_P216,H1,oncology,P1,high,2.0,vsl_required,5,5,1,-1,660,675,715,660,25,1,R0371,PU_R0372,DO_R0372,2026-05-18 11:00:00,2026-05-18 11:15:00,2026-05-18 11:55:00,2026-05-18 11:00:00,11:00,11:15,11:55
R0373,P217,outbound,patient_to_hospital,HOME_P217,H1,H1,other,P2,medium,1.5,standard_assis,5,5,1,-1,850,905,915,915,35,1,R0374,PU_R0373,DO_R0373,2026-05-18 14:10:00,2026-05-18 15:05:00,2026-05-18 15:15:00,2026-05-18 15:15:00,14:10,15:05,15:15
R0374,P217,return,hospital_to_patient,H1,HOME_P217,H1,other,P2,medium,1.5,standard_assis,5,5,1,-1,985,1010,1060,985,35,1,R0373,PU_R0374,DO_R0374,2026-05-18 16:25:00,2026-05-18 16:50:00,2026-05-18 17:40:00,2026-05-18 16:25:00,16:25,16:50,17:40
R0375,P218,outbound,patient_to_hospital,HOME_P218,H1,H1,dialysis,P1,high,2.0,vsl_required,5,5,1,-1,455,501,510,510,25,1,R0376,PU_R0375,DO_R0375,2026-05-18 07:35:00,2026-05-18 08:21:00,2026-05-18 08:30:00,2026-05-18 08:30:00,07:35,08:21,08:30
R0376,P218,return,hospital_to_patient,H1,HOME_P218,H1,dialysis,P1,high,2.0,vsl_required,5,5,1,-1,750,765,805,750,25,1,R0375,PU_R0376,DO_R0376,2026-05-18 12:30:00,2026-05-18 12:45:00,2026-05-18 13:25:00,2026-05-18 12:30:00,12:30,12:45,13:25
R0377,P219,outbound,patient_to_hospital,HOME_P219,H1,H1,oncology,P1,high,2.0,vsl_required,5,5,1,-1,440,483,495,495,25,1,R0378,PU_R0377,DO_R0377,2026-05-18 07:20:00,2026-05-18 08:03:00,2026-05-18 08:15:00,2026-05-18 08:15:00,07:20,08:03,08:15
R0378,P219,return,hospital_to_patient,H1,HOME_P219,H1,oncology,P1,high,2.0,vsl_required,5,5,1,-1,655,670,710,655,25,1,R0377,PU_R0378,DO_R0378,2026-05-18 10:55:00,2026-05-18 11:10:00,2026-05-18 11:50:00,2026-05-18 10:55:00,10:55,11:10,11:50
R0379,P220,outbound,patient_to_hospital,HOME_P220,H2,H2,other,P2,medium,1.5,prescription_medicale,5,5,1,-1,620,666,685,685,35,1,R0380,PU_R0379,DO_R0379,2026-05-18 10:20:00,2026-05-18 11:06:00,2026-05-18 11:25:00,2026-05-18 11:25:00,10:20,11:06,11:25
R0380,P220,return,hospital_to_patient,H2,HOME_P220,H2,other,P2,medium,1.5,prescription_medicale,5,5,1,-1,720,745,795,720,35,1,R0379,PU_R0380,DO_R0380,2026-05-18 12:00:00,2026-05-18 12:25:00,2026-05-18 13:15:00,2026-05-18 12:00:00,12:00,12:25,13:15
R0381,P221,outbound,patient_to_hospital,HOME_P221,H1,H1,other,P2,medium,1.5,prescription_medicale,5,5,1,-1,780,829,845,845,35,1,R0382,PU_R0381,DO_R0381,2026-05-18 13:00:00,2026-05-18 13:49:00,2026-05-18 14:05:00,2026-05-18 14:05:00,13:00,13:49,14:05
R0382,P221,return,hospital_to_patient,H1,HOME_P221,H1,other,P2,medium,1.5,prescription_medicale,5,5,1,-1,945,970,1020,945,35,1,R0381,PU_R0382,DO_R0382,2026-05-18 15:45:00,2026-05-18 16:10:00,2026-05-18 17:00:00,2026-05-18 15:45:00,15:45,16:10,17:00
R0383,P222,outbound,patient_to_hospital,HOME_P222,H2,H2,dialysis,P1,high,2.0,vsl_required,5,5,1,-1,730,776,785,785,25,1,R0384,PU_R0383,DO_R0383,2026-05-18 12:10:00,2026-05-18 12:56:00,2026-05-18 13:05:00,2026-05-18 13:05:00,12:10,12:56,13:05
R0384,P222,return,hospital_to_patient,H2,HOME_P222,H2,dialysis,P1,high,2.0,vsl_required,5,5,1,-1,1015,1030,1070,1015,25,1,R0383,PU_R0384,DO_R0384,2026-05-18 16:55:00,2026-05-18 17:10:00,2026-05-18 17:50:00,2026-05-18 16:55:00,16:55,17:10,17:50
R0385,P223,outbound,patient_to_hospital,HOME_P223,H2,H2,dialysis,P1,high,2.0,prescription_medicale,5,5,1,-1,470,510,525,525,25,1,R0386,PU_R0385,DO_R0385,2026-05-18 07:50:00,2026-05-18 08:30:00,2026-05-18 08:45:00,2026-05-18 08:45:00,07:50,08:30,08:45
R0386,P223,return,hospital_to_patient,H2,HOME_P223,H2,dialysis,P1,high,2.0,prescription_medicale,5,5,1,-1,755,770,810,755,25,1,R0385,PU_R0386,DO_R0386,2026-05-18 12:35:00,2026-05-18 12:50:00,2026-05-18 13:30:00,2026-05-18 12:35:00,12:35,12:50,13:30
R0387,P224,outbound,patient_to_hospital,HOME_P224,H2,H2,other,P2,medium,1.5,standard_assis,5,5,1,-1,830,882,895,895,35,1,R0388,PU_R0387,DO_R0387,2026-05-18 13:50:00,2026-05-18 14:42:00,2026-05-18 14:55:00,2026-05-18 14:55:00,13:50,14:42,14:55
R0388,P224,return,hospital_to_patient,H2,HOME_P224,H2,other,P2,medium,1.5,standard_assis,5,5,1,-1,920,945,995,920,35,1,R0387,PU_R0388,DO_R0388,2026-05-18 15:20:00,2026-05-18 15:45:00,2026-05-18 16:35:00,2026-05-18 15:20:00,15:20,15:45,16:35
R0389,P225,outbound,patient_to_hospital,HOME_P225,H2,H2,dialysis,P1,high,2.0,vsl_required,5,5,1,-1,975,1019,1030,1030,25,1,,PU_R0389,DO_R0389,2026-05-18 16:15:00,2026-05-18 16:59:00,2026-05-18 17:10:00,2026-05-18 17:10:00,16:15,16:59,17:10
R0390,P226,outbound,patient_to_hospital,HOME_P226,H1,H1,dialysis,P1,high,2.0,vsl_required,5,5,1,-1,475,525,530,530,25,1,R0391,PU_R0390,DO_R0390,2026-05-18 07:55:00,2026-05-18 08:45:00,2026-05-18 08:50:00,2026-05-18 08:50:00,07:55,08:45,08:50
R0391,P226,return,hospital_to_patient,H1,HOME_P226,H1,dialysis,P1,high,2.0,vsl_required,5,5,1,-1,770,785,825,770,25,1,R0390,PU_R0391,DO_R0391,2026-05-18 12:50:00,2026-05-18 13:05:00,2026-05-18 13:45:00,2026-05-18 12:50:00,12:50,13:05,13:45
R0392,P227,outbound,patient_to_hospital,HOME_P227,H2,H2,other,P2,medium,1.5,vsl_required,5,5,1,-1,860,912,925,925,35,1,R0393,PU_R0392,DO_R0392,2026-05-18 14:20:00,2026-05-18 15:12:00,2026-05-18 15:25:00,2026-05-18 15:25:00,14:20,15:12,15:25
R0393,P227,return,hospital_to_patient,H2,HOME_P227,H2,other,P2,medium,1.5,vsl_required,5,5,1,-1,955,980,1030,955,35,1,R0392,PU_R0393,DO_R0393,2026-05-18 15:55:00,2026-05-18 16:20:00,2026-05-18 17:10:00,2026-05-18 15:55:00,15:55,16:20,17:10
R0394,P228,outbound,patient_to_hospital,HOME_P228,H2,H2,other,P2,medium,1.5,standard_assis,5,5,1,-1,495,549,560,560,35,1,R0395,PU_R0394,DO_R0394,2026-05-18 08:15:00,2026-05-18 09:09:00,2026-05-18 09:20:00,2026-05-18 09:20:00,08:15,09:09,09:20
R0395,P228,return,hospital_to_patient,H2,HOME_P228,H2,other,P2,medium,1.5,standard_assis,5,5,1,-1,590,615,665,590,35,1,R0394,PU_R0395,DO_R0395,2026-05-18 09:50:00,2026-05-18 10:15:00,2026-05-18 11:05:00,2026-05-18 09:50:00,09:50,10:15,11:05
R0396,P229,outbound,patient_to_hospital,HOME_P229,H2,H2,dialysis,P1,high,2.0,vsl_required,5,5,1,-1,775,816,830,830,25,1,,PU_R0396,DO_R0396,2026-05-18 12:55:00,2026-05-18 13:36:00,2026-05-18 13:50:00,2026-05-18 13:50:00,12:55,13:36,13:50
R0397,P230,outbound,patient_to_hospital,HOME_P230,H2,H2,other,P2,medium,1.5,standard_assis,5,5,1,-1,605,658,670,670,35,1,R0398,PU_R0397,DO_R0397,2026-05-18 10:05:00,2026-05-18 10:58:00,2026-05-18 11:10:00,2026-05-18 11:10:00,10:05,10:58,11:10
R0398,P230,return,hospital_to_patient,H2,HOME_P230,H2,other,P2,medium,1.5,standard_assis,5,5,1,-1,700,725,775,700,35,1,R0397,PU_R0398,DO_R0398,2026-05-18 11:40:00,2026-05-18 12:05:00,2026-05-18 12:55:00,2026-05-18 11:40:00,11:40,12:05,12:55
R0399,P231,outbound,patient_to_hospital,HOME_P231,H1,H1,other,P2,medium,1.5,premium,5,5,1,-1,785,832,850,850,35,1,R0400,PU_R0399,DO_R0399,2026-05-18 13:05:00,2026-05-18 13:52:00,2026-05-18 14:10:00,2026-05-18 14:10:00,13:05,13:52,14:10
R0400,P231,return,hospital_to_patient,H1,HOME_P231,H1,other,P2,medium,1.5,premium,5,5,1,-1,925,950,1000,925,35,1,R0399,PU_R0400,DO_R0400,2026-05-18 15:25:00,2026-05-18 15:50:00,2026-05-18 16:40:00,2026-05-18 15:25:00,15:25,15:50,16:40
R0401,P232,outbound,patient_to_hospital,HOME_P232,H1,H1,oncology,P1,high,2.0,vsl_required,5,5,1,-1,445,483,500,500,25,1,R0402,PU_R0401,DO_R0401,2026-05-18 07:25:00,2026-05-18 08:03:00,2026-05-18 08:20:00,2026-05-18 08:20:00,07:25,08:03,08:20
R0402,P232,return,hospital_to_patient,H1,HOME_P232,H1,oncology,P1,high,2.0,vsl_required,5,5,1,-1,670,685,725,670,25,1,R0401,PU_R0402,DO_R0402,2026-05-18 11:10:00,2026-05-18 11:25:00,2026-05-18 12:05:00,2026-05-18 11:10:00,11:10,11:25,12:05
R0403,P233,outbound,patient_to_hospital,HOME_P233,H2,H2,other,P2,medium,1.5,prescription_medicale,5,5,1,-1,940,988,1005,1005,35,1,,PU_R0403,DO_R0403,2026-05-18 15:40:00,2026-05-18 16:28:00,2026-05-18 16:45:00,2026-05-18 16:45:00,15:40,16:28,16:45
R0404,P234,outbound,patient_to_hospital,HOME_P234,H1,H1,other,P2,medium,1.5,prescription_medicale,5,5,1,-1,510,556,575,575,35,1,R0405,PU_R0404,DO_R0404,2026-05-18 08:30:00,2026-05-18 09:16:00,2026-05-18 09:35:00,2026-05-18 09:35:00,08:30,09:16,09:35
R0405,P234,return,hospital_to_patient,H1,HOME_P234,H1,other,P2,medium,1.5,prescription_medicale,5,5,1,-1,695,720,770,695,35,1,R0404,PU_R0405,DO_R0405,2026-05-18 11:35:00,2026-05-18 12:00:00,2026-05-18 12:50:00,2026-05-18 11:35:00,11:35,12:00,12:50
R0406,P235,outbound,patient_to_hospital,HOME_P235,H1,H1,oncology,P1,high,2.0,prescription_medicale,5,5,1,-1,455,497,510,510,25,1,R0407,PU_R0406,DO_R0406,2026-05-18 07:35:00,2026-05-18 08:17:00,2026-05-18 08:30:00,2026-05-18 08:30:00,07:35,08:17,08:30
R0407,P235,return,hospital_to_patient,H1,HOME_P235,H1,oncology,P1,high,2.0,prescription_medicale,5,5,1,-1,685,700,740,685,25,1,R0406,PU_R0407,DO_R0407,2026-05-18 11:25:00,2026-05-18 11:40:00,2026-05-18 12:20:00,2026-05-18 11:25:00,11:25,11:40,12:20
R0408,P236,outbound,patient_to_hospital,HOME_P236,H1,H1,external,P3,low,1.0,standard_assis,5,5,1,-1,780,841,855,855,45,1,R0409,PU_R0408,DO_R0408,2026-05-18 13:00:00,2026-05-18 14:01:00,2026-05-18 14:15:00,2026-05-18 14:15:00,13:00,14:01,14:15
R0409,P236,return,hospital_to_patient,H1,HOME_P236,H1,external,P3,low,1.0,standard_assis,5,5,1,-1,875,910,970,875,45,1,R0408,PU_R0409,DO_R0409,2026-05-18 14:35:00,2026-05-18 15:10:00,2026-05-18 16:10:00,2026-05-18 14:35:00,14:35,15:10,16:10
R0410,P237,outbound,patient_to_hospital,HOME_P237,H2,H2,dialysis,P1,high,2.0,vsl_required,5,5,1,-1,450,496,505,505,25,1,R0411,PU_R0410,DO_R0410,2026-05-18 07:30:00,2026-05-18 08:16:00,2026-05-18 08:25:00,2026-05-18 08:25:00,07:30,08:16,08:25
R0411,P237,return,hospital_to_patient,H2,HOME_P237,H2,dialysis,P1,high,2.0,vsl_required,5,5,1,-1,770,785,825,770,25,1,R0410,PU_R0411,DO_R0411,2026-05-18 12:50:00,2026-05-18 13:05:00,2026-05-18 13:45:00,2026-05-18 12:50:00,12:50,13:05,13:45
R0412,P238,outbound,patient_to_hospital,HOME_P238,H2,H2,oncology,P1,high,2.0,prescription_medicale,5,5,1,-1,465,515,520,520,25,1,R0413,PU_R0412,DO_R0412,2026-05-18 07:45:00,2026-05-18 08:35:00,2026-05-18 08:40:00,2026-05-18 08:40:00,07:45,08:35,08:40
R0413,P238,return,hospital_to_patient,H2,HOME_P238,H2,oncology,P1,high,2.0,prescription_medicale,5,5,1,-1,795,810,850,795,25,1,R0412,PU_R0413,DO_R0413,2026-05-18 13:15:00,2026-05-18 13:30:00,2026-05-18 14:10:00,2026-05-18 13:15:00,13:15,13:30,14:10
R0414,P239,outbound,patient_to_hospital,HOME_P239,H1,H1,external,P3,low,1.0,standard_assis,5,5,1,-1,825,879,900,900,45,1,R0415,PU_R0414,DO_R0414,2026-05-18 13:45:00,2026-05-18 14:39:00,2026-05-18 15:00:00,2026-05-18 15:00:00,13:45,14:39,15:00
R0415,P239,return,hospital_to_patient,H1,HOME_P239,H1,external,P3,low,1.0,standard_assis,5,5,1,-1,930,965,1025,930,45,1,R0414,PU_R0415,DO_R0415,2026-05-18 15:30:00,2026-05-18 16:05:00,2026-05-18 17:05:00,2026-05-18 15:30:00,15:30,16:05,17:05
R0416,P240,outbound,patient_to_hospital,HOME_P240,H1,H1,dialysis,P1,high,2.0,prescription_medicale,5,5,1,-1,765,813,820,820,25,1,,PU_R0416,DO_R0416,2026-05-18 12:45:00,2026-05-18 13:33:00,2026-05-18 13:40:00,2026-05-18 13:40:00,12:45,13:33,13:40
R0417,P241,outbound,patient_to_hospital,HOME_P241,H1,H1,external,P3,low,1.0,standard_assis,5,5,1,-1,719,771,800,800,51,1,R0418,PU_R0417,DO_R0417,2026-05-18 11:59:00,2026-05-18 12:51:00,2026-05-18 13:20:00,2026-05-18 13:20:00,11:59,12:51,13:20
R0418,P241,return,hospital_to_patient,H1,HOME_P241,H1,external,P3,low,1.0,standard_assis,5,5,1,-1,825,860,926,825,51,1,R0417,PU_R0418,DO_R0418,2026-05-18 13:45:00,2026-05-18 14:20:00,2026-05-18 15:26:00,2026-05-18 13:45:00,13:45,14:20,15:26
R0419,P242,outbound,patient_to_hospital,HOME_P242,H1,H1,dialysis,P1,high,2.0,vsl_required,5,5,1,-1,1000,1045,1055,1055,25,1,,PU_R0419,DO_R0419,2026-05-18 16:40:00,2026-05-18 17:25:00,2026-05-18 17:35:00,2026-05-18 17:35:00,16:40,17:25,17:35
R0420,P243,outbound,patient_to_hospital,HOME_P243,H3,H3,dialysis,P1,high,2.0,prescription_medicale,5,5,1,-1,455,496,510,510,25,1,R0421,PU_R0420,DO_R0420,2026-05-18 07:35:00,2026-05-18 08:16:00,2026-05-18 08:30:00,2026-05-18 08:30:00,07:35,08:16,08:30
R0421,P243,return,hospital_to_patient,H3,HOME_P243,H3,dialysis,P1,high,2.0,prescription_medicale,5,5,1,-1,735,750,790,735,25,1,R0420,PU_R0421,DO_R0421,2026-05-18 12:15:00,2026-05-18 12:30:00,2026-05-18 13:10:00,2026-05-18 12:15:00,12:15,12:30,13:10
R0422,P244,outbound,patient_to_hospital,HOME_P244,H3,H3,dialysis,P1,high,2.0,vsl_required,5,5,1,-1,765,807,820,820,25,1,,PU_R0422,DO_R0422,2026-05-18 12:45:00,2026-05-18 13:27:00,2026-05-18 13:40:00,2026-05-18 13:40:00,12:45,13:27,13:40
R0423,P245,outbound,patient_to_hospital,HOME_P245,H1,H1,dialysis,P1,high,2.0,vsl_required,5,5,1,-1,430,480,485,485,25,1,R0424,PU_R0423,DO_R0423,2026-05-18 07:10:00,2026-05-18 08:00:00,2026-05-18 08:05:00,2026-05-18 08:05:00,07:10,08:00,08:05
R0424,P245,return,hospital_to_patient,H1,HOME_P245,H1,dialysis,P1,high,2.0,vsl_required,5,5,1,-1,725,740,780,725,25,1,R0423,PU_R0424,DO_R0424,2026-05-18 12:05:00,2026-05-18 12:20:00,2026-05-18 13:00:00,2026-05-18 12:05:00,12:05,12:20,13:00
R0425,P246,outbound,patient_to_hospital,HOME_P246,H2,H2,oncology,P1,high,2.0,vsl_required,5,5,1,-1,775,813,830,830,25,1,,PU_R0425,DO_R0425,2026-05-18 12:55:00,2026-05-18 13:33:00,2026-05-18 13:50:00,2026-05-18 13:50:00,12:55,13:33,13:50
R0426,P247,outbound,patient_to_hospital,HOME_P247,H1,H1,dialysis,P1,high,2.0,prescription_medicale,5,5,1,-1,750,793,805,805,25,1,,PU_R0426,DO_R0426,2026-05-18 12:30:00,2026-05-18 13:13:00,2026-05-18 13:25:00,2026-05-18 13:25:00,12:30,13:13,13:25
R0427,P248,outbound,patient_to_hospital,HOME_P248,H2,H2,dialysis,P1,high,2.0,vsl_required,5,5,1,-1,745,788,800,800,25,1,,PU_R0427,DO_R0427,2026-05-18 12:25:00,2026-05-18 13:08:00,2026-05-18 13:20:00,2026-05-18 13:20:00,12:25,13:08,13:20
R0428,P249,outbound,patient_to_hospital,HOME_P249,H1,H1,dialysis,P1,high,2.0,vsl_required,5,5,1,-1,480,528,535,535,25,1,R0429,PU_R0428,DO_R0428,2026-05-18 08:00:00,2026-05-18 08:48:00,2026-05-18 08:55:00,2026-05-18 08:55:00,08:00,08:48,08:55
R0429,P249,return,hospital_to_patient,H1,HOME_P249,H1,dialysis,P1,high,2.0,vsl_required,5,5,1,-1,775,790,830,775,25,1,R0428,PU_R0429,DO_R0429,2026-05-18 12:55:00,2026-05-18 13:10:00,2026-05-18 13:50:00,2026-05-18 12:55:00,12:55,13:10,13:50
R0430,P250,outbound,patient_to_hospital,HOME_P250,H1,H1,dialysis,P1,high,2.0,prescription_medicale,5,5,1,-1,730,770,785,785,25,1,R0431,PU_R0430,DO_R0430,2026-05-18 12:10:00,2026-05-18 12:50:00,2026-05-18 13:05:00,2026-05-18 13:05:00,12:10,12:50,13:05
R0431,P250,return,hospital_to_patient,H1,HOME_P250,H1,dialysis,P1,high,2.0,prescription_medicale,5,5,1,-1,1025,1040,1080,1025,25,1,R0430,PU_R0431,DO_R0431,2026-05-18 17:05:00,2026-05-18 17:20:00,2026-05-18 18:00:00,2026-05-18 17:05:00,17:05,17:20,18:00
R0432,P251,outbound,patient_to_hospital,HOME_P251,H1,H1,other,P2,medium,1.5,standard_assis,5,5,1,-1,805,859,870,870,35,1,R0433,PU_R0432,DO_R0432,2026-05-18 13:25:00,2026-05-18 14:19:00,2026-05-18 14:30:00,2026-05-18 14:30:00,13:25,14:19,14:30
R0433,P251,return,hospital_to_patient,H1,HOME_P251,H1,other,P2,medium,1.5,standard_assis,5,5,1,-1,930,955,1005,930,35,1,R0432,PU_R0433,DO_R0433,2026-05-18 15:30:00,2026-05-18 15:55:00,2026-05-18 16:45:00,2026-05-18 15:30:00,15:30,15:55,16:45
R0434,P252,outbound,patient_to_hospital,HOME_P252,H2,H2,oncology,P1,high,2.0,standard_assis,5,5,1,-1,460,506,515,515,25,1,R0435,PU_R0434,DO_R0434,2026-05-18 07:40:00,2026-05-18 08:26:00,2026-05-18 08:35:00,2026-05-18 08:35:00,07:40,08:26,08:35
R0435,P252,return,hospital_to_patient,H2,HOME_P252,H2,oncology,P1,high,2.0,standard_assis,5,5,1,-1,585,600,640,585,25,1,R0434,PU_R0435,DO_R0435,2026-05-18 09:45:00,2026-05-18 10:00:00,2026-05-18 10:40:00,2026-05-18 09:45:00,09:45,10:00,10:40
R0436,P253,outbound,patient_to_hospital,HOME_P253,H1,H1,dialysis,P1,high,2.0,vsl_required,5,5,1,-1,455,502,510,510,25,1,R0437,PU_R0436,DO_R0436,2026-05-18 07:35:00,2026-05-18 08:22:00,2026-05-18 08:30:00,2026-05-18 08:30:00,07:35,08:22,08:30
R0437,P253,return,hospital_to_patient,H1,HOME_P253,H1,dialysis,P1,high,2.0,vsl_required,5,5,1,-1,750,765,805,750,25,1,R0436,PU_R0437,DO_R0437,2026-05-18 12:30:00,2026-05-18 12:45:00,2026-05-18 13:25:00,2026-05-18 12:30:00,12:30,12:45,13:25
R0438,P254,outbound,patient_to_hospital,HOME_P254,H2,H2,other,P2,medium,1.5,prescription_medicale,5,5,1,-1,450,507,515,515,35,1,R0439,PU_R0438,DO_R0438,2026-05-18 07:30:00,2026-05-18 08:27:00,2026-05-18 08:35:00,2026-05-18 08:35:00,07:30,08:27,08:35
R0439,P254,return,hospital_to_patient,H2,HOME_P254,H2,other,P2,medium,1.5,prescription_medicale,5,5,1,-1,545,570,620,545,35,1,R0438,PU_R0439,DO_R0439,2026-05-18 09:05:00,2026-05-18 09:30:00,2026-05-18 10:20:00,2026-05-18 09:05:00,09:05,09:30,10:20
R0440,P255,outbound,patient_to_hospital,HOME_P255,H1,H1,dialysis,P1,high,2.0,vsl_required,5,5,1,-1,735,784,790,790,25,1,,PU_R0440,DO_R0440,2026-05-18 12:15:00,2026-05-18 13:04:00,2026-05-18 13:10:00,2026-05-18 13:10:00,12:15,13:04,13:10
R0441,P256,outbound,patient_to_hospital,HOME_P256,H1,H1,dialysis,P1,high,2.0,vsl_required,5,5,1,-1,780,830,835,835,25,1,,PU_R0441,DO_R0441,2026-05-18 13:00:00,2026-05-18 13:50:00,2026-05-18 13:55:00,2026-05-18 13:55:00,13:00,13:50,13:55
R0442,P257,outbound,patient_to_hospital,HOME_P257,H1,H1,dialysis,P1,high,2.0,vsl_required,5,5,1,-1,450,498,505,505,25,1,R0443,PU_R0442,DO_R0442,2026-05-18 07:30:00,2026-05-18 08:18:00,2026-05-18 08:25:00,2026-05-18 08:25:00,07:30,08:18,08:25
R0443,P257,return,hospital_to_patient,H1,HOME_P257,H1,dialysis,P1,high,2.0,vsl_required,5,5,1,-1,745,760,800,745,25,1,R0442,PU_R0443,DO_R0443,2026-05-18 12:25:00,2026-05-18 12:40:00,2026-05-18 13:20:00,2026-05-18 12:25:00,12:25,12:40,13:20
R0444,P258,outbound,patient_to_hospital,HOME_P258,H1,H1,dialysis,P1,high,2.0,vsl_required,5,5,1,-1,480,526,535,535,25,1,R0445,PU_R0444,DO_R0444,2026-05-18 08:00:00,2026-05-18 08:46:00,2026-05-18 08:55:00,2026-05-18 08:55:00,08:00,08:46,08:55
R0445,P258,return,hospital_to_patient,H1,HOME_P258,H1,dialysis,P1,high,2.0,vsl_required,5,5,1,-1,775,790,830,775,25,1,R0444,PU_R0445,DO_R0445,2026-05-18 12:55:00,2026-05-18 13:10:00,2026-05-18 13:50:00,2026-05-18 12:55:00,12:55,13:10,13:50
R0446,P259,outbound,patient_to_hospital,HOME_P259,H1,H1,other,P2,medium,1.5,vsl_required,5,5,1,-1,605,663,670,670,35,1,,PU_R0446,DO_R0446,2026-05-18 10:05:00,2026-05-18 11:03:00,2026-05-18 11:10:00,2026-05-18 11:10:00,10:05,11:03,11:10
R0447,P260,outbound,patient_to_hospital,HOME_P260,H1,H1,oncology,P1,high,2.0,vsl_required,5,5,1,-1,815,853,870,870,25,1,R0448,PU_R0447,DO_R0447,2026-05-18 13:35:00,2026-05-18 14:13:00,2026-05-18 14:30:00,2026-05-18 14:30:00,13:35,14:13,14:30
R0448,P260,return,hospital_to_patient,H1,HOME_P260,H1,oncology,P1,high,2.0,vsl_required,5,5,1,-1,1020,1035,1075,1020,25,1,R0447,PU_R0448,DO_R0448,2026-05-18 17:00:00,2026-05-18 17:15:00,2026-05-18 17:55:00,2026-05-18 17:00:00,17:00,17:15,17:55
R0449,P261,outbound,patient_to_hospital,HOME_P261,H3,H3,dialysis,P1,high,2.0,vsl_required,5,5,1,-1,725,766,780,780,25,1,,PU_R0449,DO_R0449,2026-05-18 12:05:00,2026-05-18 12:46:00,2026-05-18 13:00:00,2026-05-18 13:00:00,12:05,12:46,13:00
R0450,P262,outbound,patient_to_hospital,HOME_P262,H2,H2,dialysis,P1,high,2.0,vsl_required,5,5,1,-1,725,765,780,780,25,1,R0451,PU_R0450,DO_R0450,2026-05-18 12:05:00,2026-05-18 12:45:00,2026-05-18 13:00:00,2026-05-18 13:00:00,12:05,12:45,13:00
R0451,P262,return,hospital_to_patient,H2,HOME_P262,H2,dialysis,P1,high,2.0,vsl_required,5,5,1,-1,1020,1035,1075,1020,25,1,R0450,PU_R0451,DO_R0451,2026-05-18 17:00:00,2026-05-18 17:15:00,2026-05-18 17:55:00,2026-05-18 17:00:00,17:00,17:15,17:55
R0452,P263,outbound,patient_to_hospital,HOME_P263,H1,H1,external,P3,low,1.0,standard_assis,5,5,1,-1,470,529,545,545,45,1,R0453,PU_R0452,DO_R0452,2026-05-18 07:50:00,2026-05-18 08:49:00,2026-05-18 09:05:00,2026-05-18 09:05:00,07:50,08:49,09:05
R0453,P263,return,hospital_to_patient,H1,HOME_P263,H1,external,P3,low,1.0,standard_assis,5,5,1,-1,570,605,665,570,45,1,R0452,PU_R0453,DO_R0453,2026-05-18 09:30:00,2026-05-18 10:05:00,2026-05-18 11:05:00,2026-05-18 09:30:00,09:30,10:05,11:05
R0454,P264,outbound,patient_to_hospital,HOME_P264,H1,H1,dialysis,P1,high,2.0,vsl_required,5,5,1,-1,430,474,485,485,25,1,R0455,PU_R0454,DO_R0454,2026-05-18 07:10:00,2026-05-18 07:54:00,2026-05-18 08:05:00,2026-05-18 08:05:00,07:10,07:54,08:05
R0455,P264,return,hospital_to_patient,H1,HOME_P264,H1,dialysis,P1,high,2.0,vsl_required,5,5,1,-1,725,740,780,725,25,1,R0454,PU_R0455,DO_R0455,2026-05-18 12:05:00,2026-05-18 12:20:00,2026-05-18 13:00:00,2026-05-18 12:05:00,12:05,12:20,13:00
R0456,P265,outbound,patient_to_hospital,HOME_P265,H1,H1,dialysis,P1,high,2.0,vsl_required,5,5,1,-1,735,781,790,790,25,1,,PU_R0456,DO_R0456,2026-05-18 12:15:00,2026-05-18 13:01:00,2026-05-18 13:10:00,2026-05-18 13:10:00,12:15,13:01,13:10
R0457,P266,outbound,patient_to_hospital,HOME_P266,H2,H2,dialysis,P1,high,2.0,vsl_required,5,5,1,-1,465,513,520,520,25,1,R0458,PU_R0457,DO_R0457,2026-05-18 07:45:00,2026-05-18 08:33:00,2026-05-18 08:40:00,2026-05-18 08:40:00,07:45,08:33,08:40
R0458,P266,return,hospital_to_patient,H2,HOME_P266,H2,dialysis,P1,high,2.0,vsl_required,5,5,1,-1,765,780,820,765,25,1,R0457,PU_R0458,DO_R0458,2026-05-18 12:45:00,2026-05-18 13:00:00,2026-05-18 13:40:00,2026-05-18 12:45:00,12:45,13:00,13:40
R0459,P267,outbound,patient_to_hospital,HOME_P267,H2,H2,other,P2,medium,1.5,vsl_required,5,5,1,-1,785,834,850,850,35,1,R0460,PU_R0459,DO_R0459,2026-05-18 13:05:00,2026-05-18 13:54:00,2026-05-18 14:10:00,2026-05-18 14:10:00,13:05,13:54,14:10
R0460,P267,return,hospital_to_patient,H2,HOME_P267,H2,other,P2,medium,1.5,vsl_required,5,5,1,-1,875,900,950,875,35,1,R0459,PU_R0460,DO_R0460,2026-05-18 14:35:00,2026-05-18 15:00:00,2026-05-18 15:50:00,2026-05-18 14:35:00,14:35,15:00,15:50
R0461,P268,outbound,patient_to_hospital,HOME_P268,H1,H1,other,P2,medium,1.5,standard_assis,5,5,1,-1,515,569,580,580,35,1,R0462,PU_R0461,DO_R0461,2026-05-18 08:35:00,2026-05-18 09:29:00,2026-05-18 09:40:00,2026-05-18 09:40:00,08:35,09:29,09:40
R0462,P268,return,hospital_to_patient,H1,HOME_P268,H1,other,P2,medium,1.5,standard_assis,5,5,1,-1,645,670,720,645,35,1,R0461,PU_R0462,DO_R0462,2026-05-18 10:45:00,2026-05-18 11:10:00,2026-05-18 12:00:00,2026-05-18 10:45:00,10:45,11:10,12:00
R0463,P269,outbound,patient_to_hospital,HOME_P269,H2,H2,dialysis,P1,high,2.0,vsl_required,5,5,1,-1,470,517,525,525,25,1,R0464,PU_R0463,DO_R0463,2026-05-18 07:50:00,2026-05-18 08:37:00,2026-05-18 08:45:00,2026-05-18 08:45:00,07:50,08:37,08:45
R0464,P269,return,hospital_to_patient,H2,HOME_P269,H2,dialysis,P1,high,2.0,vsl_required,5,5,1,-1,755,770,810,755,25,1,R0463,PU_R0464,DO_R0464,2026-05-18 12:35:00,2026-05-18 12:50:00,2026-05-18 13:30:00,2026-05-18 12:35:00,12:35,12:50,13:30
R0465,P270,outbound,patient_to_hospital,HOME_P270,H1,H1,dialysis,P1,high,2.0,vsl_required,5,5,1,-1,740,781,795,795,25,1,,PU_R0465,DO_R0465,2026-05-18 12:20:00,2026-05-18 13:01:00,2026-05-18 13:15:00,2026-05-18 13:15:00,12:20,13:01,13:15
R0466,P271,outbound,patient_to_hospital,HOME_P271,H1,H1,other,P2,medium,1.5,prescription_medicale,5,5,1,-1,530,590,595,595,35,1,R0467,PU_R0466,DO_R0466,2026-05-18 08:50:00,2026-05-18 09:50:00,2026-05-18 09:55:00,2026-05-18 09:55:00,08:50,09:50,09:55
R0467,P271,return,hospital_to_patient,H1,HOME_P271,H1,other,P2,medium,1.5,prescription_medicale,5,5,1,-1,685,710,760,685,35,1,R0466,PU_R0467,DO_R0467,2026-05-18 11:25:00,2026-05-18 11:50:00,2026-05-18 12:40:00,2026-05-18 11:25:00,11:25,11:50,12:40
R0468,P272,outbound,patient_to_hospital,HOME_P272,H2,H2,other,P2,medium,1.5,prescription_medicale,5,5,1,-1,800,852,865,865,35,1,R0469,PU_R0468,DO_R0468,2026-05-18 13:20:00,2026-05-18 14:12:00,2026-05-18 14:25:00,2026-05-18 14:25:00,13:20,14:12,14:25
R0469,P272,return,hospital_to_patient,H2,HOME_P272,H2,other,P2,medium,1.5,prescription_medicale,5,5,1,-1,905,930,980,905,35,1,R0468,PU_R0469,DO_R0469,2026-05-18 15:05:00,2026-05-18 15:30:00,2026-05-18 16:20:00,2026-05-18 15:05:00,15:05,15:30,16:20
R0470,P273,outbound,patient_to_hospital,HOME_P273,H1,H1,other,P2,medium,1.5,standard_assis,5,5,1,-1,465,525,530,530,35,1,R0471,PU_R0470,DO_R0470,2026-05-18 07:45:00,2026-05-18 08:45:00,2026-05-18 08:50:00,2026-05-18 08:50:00,07:45,08:45,08:50
R0471,P273,return,hospital_to_patient,H1,HOME_P273,H1,other,P2,medium,1.5,standard_assis,5,5,1,-1,610,635,685,610,35,1,R0470,PU_R0471,DO_R0471,2026-05-18 10:10:00,2026-05-18 10:35:00,2026-05-18 11:25:00,2026-05-18 10:10:00,10:10,10:35,11:25
R0472,P274,outbound,patient_to_hospital,HOME_P274,H1,H1,dialysis,P1,high,2.0,vsl_required,5,5,1,-1,775,815,830,830,25,1,,PU_R0472,DO_R0472,2026-05-18 12:55:00,2026-05-18 13:35:00,2026-05-18 13:50:00,2026-05-18 13:50:00,12:55,13:35,13:50
R0473,P275,outbound,patient_to_hospital,HOME_P275,H1,H1,dialysis,P1,high,2.0,prescription_medicale,5,5,1,-1,745,795,800,800,25,1,,PU_R0473,DO_R0473,2026-05-18 12:25:00,2026-05-18 13:15:00,2026-05-18 13:20:00,2026-05-18 13:20:00,12:25,13:15,13:20
R0474,P276,outbound,patient_to_hospital,HOME_P276,H1,H1,oncology,P1,high,2.0,vsl_required,5,5,1,-1,605,653,660,660,25,1,R0475,PU_R0474,DO_R0474,2026-05-18 10:05:00,2026-05-18 10:53:00,2026-05-18 11:00:00,2026-05-18 11:00:00,10:05,10:53,11:00
R0475,P276,return,hospital_to_patient,H1,HOME_P276,H1,oncology,P1,high,2.0,vsl_required,5,5,1,-1,835,850,890,835,25,1,R0474,PU_R0475,DO_R0475,2026-05-18 13:55:00,2026-05-18 14:10:00,2026-05-18 14:50:00,2026-05-18 13:55:00,13:55,14:10,14:50
R0476,P277,outbound,patient_to_hospital,HOME_P277,H2,H2,other,P2,medium,1.5,standard_assis,5,5,1,-1,565,614,630,630,35,1,R0477,PU_R0476,DO_R0476,2026-05-18 09:25:00,2026-05-18 10:14:00,2026-05-18 10:30:00,2026-05-18 10:30:00,09:25,10:14,10:30
R0477,P277,return,hospital_to_patient,H2,HOME_P277,H2,other,P2,medium,1.5,standard_assis,5,5,1,-1,655,680,730,655,35,1,R0476,PU_R0477,DO_R0477,2026-05-18 10:55:00,2026-05-18 11:20:00,2026-05-18 12:10:00,2026-05-18 10:55:00,10:55,11:20,12:10
R0478,P278,outbound,patient_to_hospital,HOME_P278,H2,H2,other,P2,medium,1.5,prescription_medicale,5,5,1,-1,570,627,635,635,35,1,R0479,PU_R0478,DO_R0478,2026-05-18 09:30:00,2026-05-18 10:27:00,2026-05-18 10:35:00,2026-05-18 10:35:00,09:30,10:27,10:35
R0479,P278,return,hospital_to_patient,H2,HOME_P278,H2,other,P2,medium,1.5,prescription_medicale,5,5,1,-1,670,695,745,670,35,1,R0478,PU_R0479,DO_R0479,2026-05-18 11:10:00,2026-05-18 11:35:00,2026-05-18 12:25:00,2026-05-18 11:10:00,11:10,11:35,12:25
R0480,P279,outbound,patient_to_hospital,HOME_P279,H1,H1,dialysis,P1,high,2.0,vsl_required,5,5,1,-1,450,498,505,505,25,1,R0481,PU_R0480,DO_R0480,2026-05-18 07:30:00,2026-05-18 08:18:00,2026-05-18 08:25:00,2026-05-18 08:25:00,07:30,08:18,08:25
R0481,P279,return,hospital_to_patient,H1,HOME_P279,H1,dialysis,P1,high,2.0,vsl_required,5,5,1,-1,745,760,800,745,25,1,R0480,PU_R0481,DO_R0481,2026-05-18 12:25:00,2026-05-18 12:40:00,2026-05-18 13:20:00,2026-05-18 12:25:00,12:25,12:40,13:20
R0482,P280,outbound,patient_to_hospital,HOME_P280,H1,H1,external,P3,low,1.0,standard_assis,5,5,1,-1,597,651,680,680,53,1,R0483,PU_R0482,DO_R0482,2026-05-18 09:57:00,2026-05-18 10:51:00,2026-05-18 11:20:00,2026-05-18 11:20:00,09:57,10:51,11:20
R0483,P280,return,hospital_to_patient,H1,HOME_P280,H1,external,P3,low,1.0,standard_assis,5,5,1,-1,710,745,813,710,53,1,R0482,PU_R0483,DO_R0483,2026-05-18 11:50:00,2026-05-18 12:25:00,2026-05-18 13:33:00,2026-05-18 11:50:00,11:50,12:25,13:33
R0484,P281,outbound,patient_to_hospital,HOME_P281,H1,H1,other,P2,medium,1.5,standard_assis,5,5,1,-1,445,491,510,510,35,1,R0485,PU_R0484,DO_R0484,2026-05-18 07:25:00,2026-05-18 08:11:00,2026-05-18 08:30:00,2026-05-18 08:30:00,07:25,08:11,08:30
R0485,P281,return,hospital_to_patient,H1,HOME_P281,H1,other,P2,medium,1.5,standard_assis,5,5,1,-1,605,630,680,605,35,1,R0484,PU_R0485,DO_R0485,2026-05-18 10:05:00,2026-05-18 10:30:00,2026-05-18 11:20:00,2026-05-18 10:05:00,10:05,10:30,11:20
R0486,P282,outbound,patient_to_hospital,HOME_P282,H1,H1,other,P2,medium,1.5,prescription_medicale,5,5,1,-1,795,842,860,860,35,1,R0487,PU_R0486,DO_R0486,2026-05-18 13:15:00,2026-05-18 14:02:00,2026-05-18 14:20:00,2026-05-18 14:20:00,13:15,14:02,14:20
R0487,P282,return,hospital_to_patient,H1,HOME_P282,H1,other,P2,medium,1.5,prescription_medicale,5,5,1,-1,975,1000,1050,975,35,1,R0486,PU_R0487,DO_R0487,2026-05-18 16:15:00,2026-05-18 16:40:00,2026-05-18 17:30:00,2026-05-18 16:15:00,16:15,16:40,17:30
R0488,P283,outbound,patient_to_hospital,HOME_P283,H1,H1,oncology,P1,high,2.0,prescription_medicale,5,5,1,-1,625,667,680,680,25,1,R0489,PU_R0488,DO_R0488,2026-05-18 10:25:00,2026-05-18 11:07:00,2026-05-18 11:20:00,2026-05-18 11:20:00,10:25,11:07,11:20
R0489,P283,return,hospital_to_patient,H1,HOME_P283,H1,oncology,P1,high,2.0,prescription_medicale,5,5,1,-1,835,850,890,835,25,1,R0488,PU_R0489,DO_R0489,2026-05-18 13:55:00,2026-05-18 14:10:00,2026-05-18 14:50:00,2026-05-18 13:55:00,13:55,14:10,14:50
R0490,P284,outbound,patient_to_hospital,HOME_P284,H2,H2,other,P2,medium,1.5,standard_assis,5,5,1,-1,590,640,655,655,35,1,R0491,PU_R0490,DO_R0490,2026-05-18 09:50:00,2026-05-18 10:40:00,2026-05-18 10:55:00,2026-05-18 10:55:00,09:50,10:40,10:55
R0491,P284,return,hospital_to_patient,H2,HOME_P284,H2,other,P2,medium,1.5,standard_assis,5,5,1,-1,695,720,770,695,35,1,R0490,PU_R0491,DO_R0491,2026-05-18 11:35:00,2026-05-18 12:00:00,2026-05-18 12:50:00,2026-05-18 11:35:00,11:35,12:00,12:50
R0492,P285,outbound,patient_to_hospital,HOME_P285,H2,H2,dialysis,P1,high,2.0,vsl_required,5,5,1,-1,730,772,785,785,25,1,R0493,PU_R0492,DO_R0492,2026-05-18 12:10:00,2026-05-18 12:52:00,2026-05-18 13:05:00,2026-05-18 13:05:00,12:10,12:52,13:05
R0493,P285,return,hospital_to_patient,H2,HOME_P285,H2,dialysis,P1,high,2.0,vsl_required,5,5,1,-1,1010,1025,1065,1010,25,1,R0492,PU_R0493,DO_R0493,2026-05-18 16:50:00,2026-05-18 17:05:00,2026-05-18 17:45:00,2026-05-18 16:50:00,16:50,17:05,17:45
R0494,P286,outbound,patient_to_hospital,HOME_P286,H2,H2,other,P2,medium,1.5,standard_assis,5,5,1,-1,515,569,580,580,35,1,R0495,PU_R0494,DO_R0494,2026-05-18 08:35:00,2026-05-18 09:29:00,2026-05-18 09:40:00,2026-05-18 09:40:00,08:35,09:29,09:40
R0495,P286,return,hospital_to_patient,H2,HOME_P286,H2,other,P2,medium,1.5,standard_assis,5,5,1,-1,620,645,695,620,35,1,R0494,PU_R0495,DO_R0495,2026-05-18 10:20:00,2026-05-18 10:45:00,2026-05-18 11:35:00,2026-05-18 10:20:00,10:20,10:45,11:35
R0496,P287,outbound,patient_to_hospital,HOME_P287,H2,H2,dialysis,P1,high,2.0,prescription_medicale,5,5,1,-1,730,771,785,785,25,1,R0497,PU_R0496,DO_R0496,2026-05-18 12:10:00,2026-05-18 12:51:00,2026-05-18 13:05:00,2026-05-18 13:05:00,12:10,12:51,13:05
R0497,P287,return,hospital_to_patient,H2,HOME_P287,H2,dialysis,P1,high,2.0,prescription_medicale,5,5,1,-1,1000,1015,1055,1000,25,1,R0496,PU_R0497,DO_R0497,2026-05-18 16:40:00,2026-05-18 16:55:00,2026-05-18 17:35:00,2026-05-18 16:40:00,16:40,16:55,17:35
R0498,P288,outbound,patient_to_hospital,HOME_P288,H1,H1,dialysis,P1,high,2.0,prescription_medicale,5,5,1,-1,990,1033,1045,1045,25,1,,PU_R0498,DO_R0498,2026-05-18 16:30:00,2026-05-18 17:13:00,2026-05-18 17:25:00,2026-05-18 17:25:00,16:30,17:13,17:25
R0499,P289,outbound,patient_to_hospital,HOME_P289,H1,H1,oncology,P1,high,2.0,prescription_medicale,5,5,1,-1,605,642,660,660,25,1,R0500,PU_R0499,DO_R0499,2026-05-18 10:05:00,2026-05-18 10:42:00,2026-05-18 11:00:00,2026-05-18 11:00:00,10:05,10:42,11:00
R0500,P289,return,hospital_to_patient,H1,HOME_P289,H1,oncology,P1,high,2.0,prescription_medicale,5,5,1,-1,830,845,885,830,25,1,R0499,PU_R0500,DO_R0500,2026-05-18 13:50:00,2026-05-18 14:05:00,2026-05-18 14:45:00,2026-05-18 13:50:00,13:50,14:05,14:45
R0501,P290,outbound,patient_to_hospital,HOME_P290,H1,H1,other,P2,medium,1.5,standard_assis,5,5,1,-1,590,648,655,655,35,1,R0502,PU_R0501,DO_R0501,2026-05-18 09:50:00,2026-05-18 10:48:00,2026-05-18 10:55:00,2026-05-18 10:55:00,09:50,10:48,10:55
R0502,P290,return,hospital_to_patient,H1,HOME_P290,H1,other,P2,medium,1.5,standard_assis,5,5,1,-1,755,780,830,755,35,1,R0501,PU_R0502,DO_R0502,2026-05-18 12:35:00,2026-05-18 13:00:00,2026-05-18 13:50:00,2026-05-18 12:35:00,12:35,13:00,13:50
R0503,P291,outbound,patient_to_hospital,HOME_P291,H2,H2,oncology,P1,high,2.0,standard_assis,5,5,1,-1,450,495,505,505,25,1,R0504,PU_R0503,DO_R0503,2026-05-18 07:30:00,2026-05-18 08:15:00,2026-05-18 08:25:00,2026-05-18 08:25:00,07:30,08:15,08:25
R0504,P291,return,hospital_to_patient,H2,HOME_P291,H2,oncology,P1,high,2.0,standard_assis,5,5,1,-1,725,740,780,725,25,1,R0503,PU_R0504,DO_R0504,2026-05-18 12:05:00,2026-05-18 12:20:00,2026-05-18 13:00:00,2026-05-18 12:05:00,12:05,12:20,13:00
R0505,P292,outbound,patient_to_hospital,HOME_P292,H3,H3,dialysis,P1,high,2.0,vsl_required,5,5,1,-1,775,817,830,830,25,1,,PU_R0505,DO_R0505,2026-05-18 12:55:00,2026-05-18 13:37:00,2026-05-18 13:50:00,2026-05-18 13:50:00,12:55,13:37,13:50
R0506,P293,outbound,patient_to_hospital,HOME_P293,H1,H1,dialysis,P1,high,2.0,vsl_required,5,5,1,-1,480,530,535,535,25,1,R0507,PU_R0506,DO_R0506,2026-05-18 08:00:00,2026-05-18 08:50:00,2026-05-18 08:55:00,2026-05-18 08:55:00,08:00,08:50,08:55
R0507,P293,return,hospital_to_patient,H1,HOME_P293,H1,dialysis,P1,high,2.0,vsl_required,5,5,1,-1,775,790,830,775,25,1,R0506,PU_R0507,DO_R0507,2026-05-18 12:55:00,2026-05-18 13:10:00,2026-05-18 13:50:00,2026-05-18 12:55:00,12:55,13:10,13:50
R0508,P294,outbound,patient_to_hospital,HOME_P294,H1,H1,oncology,P1,high,2.0,standard_assis,5,5,1,-1,455,496,510,510,25,1,R0509,PU_R0508,DO_R0508,2026-05-18 07:35:00,2026-05-18 08:16:00,2026-05-18 08:30:00,2026-05-18 08:30:00,07:35,08:16,08:30
R0509,P294,return,hospital_to_patient,H1,HOME_P294,H1,oncology,P1,high,2.0,standard_assis,5,5,1,-1,670,685,725,670,25,1,R0508,PU_R0509,DO_R0509,2026-05-18 11:10:00,2026-05-18 11:25:00,2026-05-18 12:05:00,2026-05-18 11:10:00,11:10,11:25,12:05
R0510,P295,outbound,patient_to_hospital,HOME_P295,H1,H1,oncology,P1,high,2.0,vsl_required,5,5,1,-1,615,654,670,670,25,1,R0511,PU_R0510,DO_R0510,2026-05-18 10:15:00,2026-05-18 10:54:00,2026-05-18 11:10:00,2026-05-18 11:10:00,10:15,10:54,11:10
R0511,P295,return,hospital_to_patient,H1,HOME_P295,H1,oncology,P1,high,2.0,vsl_required,5,5,1,-1,820,835,875,820,25,1,R0510,PU_R0511,DO_R0511,2026-05-18 13:40:00,2026-05-18 13:55:00,2026-05-18 14:35:00,2026-05-18 13:40:00,13:40,13:55,14:35
R0512,P296,outbound,patient_to_hospital,HOME_P296,H2,H2,other,P2,medium,1.5,prescription_medicale,5,5,1,-1,585,633,650,650,35,1,R0513,PU_R0512,DO_R0512,2026-05-18 09:45:00,2026-05-18 10:33:00,2026-05-18 10:50:00,2026-05-18 10:50:00,09:45,10:33,10:50
R0513,P296,return,hospital_to_patient,H2,HOME_P296,H2,other,P2,medium,1.5,prescription_medicale,5,5,1,-1,675,700,750,675,35,1,R0512,PU_R0513,DO_R0513,2026-05-18 11:15:00,2026-05-18 11:40:00,2026-05-18 12:30:00,2026-05-18 11:15:00,11:15,11:40,12:30
R0514,P297,outbound,patient_to_hospital,HOME_P297,H1,H1,oncology,P1,high,2.0,standard_assis,5,5,1,-1,835,880,890,890,25,1,,PU_R0514,DO_R0514,2026-05-18 13:55:00,2026-05-18 14:40:00,2026-05-18 14:50:00,2026-05-18 14:50:00,13:55,14:40,14:50
R0515,P298,outbound,patient_to_hospital,HOME_P298,H2,H2,other,P2,medium,1.5,premium,5,5,1,-1,775,832,840,840,35,1,R0516,PU_R0515,DO_R0515,2026-05-18 12:55:00,2026-05-18 13:52:00,2026-05-18 14:00:00,2026-05-18 14:00:00,12:55,13:52,14:00
R0516,P298,return,hospital_to_patient,H2,HOME_P298,H2,other,P2,medium,1.5,premium,5,5,1,-1,880,905,955,880,35,1,R0515,PU_R0516,DO_R0516,2026-05-18 14:40:00,2026-05-18 15:05:00,2026-05-18 15:55:00,2026-05-18 14:40:00,14:40,15:05,15:55
R0517,P299,outbound,patient_to_hospital,HOME_P299,H1,H1,other,P2,medium,1.5,vsl_required,5,5,1,-1,980,1031,1045,1045,35,1,,PU_R0517,DO_R0517,2026-05-18 16:20:00,2026-05-18 17:11:00,2026-05-18 17:25:00,2026-05-18 17:25:00,16:20,17:11,17:25
R0518,P300,outbound,patient_to_hospital,HOME_P300,H1,H1,external,P3,low,1.0,prescription_medicale,5,5,1,-1,887,938,965,965,48,1,,PU_R0518,DO_R0518,2026-05-18 14:47:00,2026-05-18 15:38:00,2026-05-18 16:05:00,2026-05-18 16:05:00,14:47,15:38,16:05
R0519,P301,outbound,patient_to_hospital,HOME_P301,H2,H2,other,P2,medium,1.5,standard_assis,5,5,1,-1,475,524,540,540,35,1,R0520,PU_R0519,DO_R0519,2026-05-18 07:55:00,2026-05-18 08:44:00,2026-05-18 09:00:00,2026-05-18 09:00:00,07:55,08:44,09:00
R0520,P301,return,hospital_to_patient,H2,HOME_P301,H2,other,P2,medium,1.5,standard_assis,5,5,1,-1,570,595,645,570,35,1,R0519,PU_R0520,DO_R0520,2026-05-18 09:30:00,2026-05-18 09:55:00,2026-05-18 10:45:00,2026-05-18 09:30:00,09:30,09:55,10:45
R0521,P302,outbound,patient_to_hospital,HOME_P302,H1,H1,other,P2,medium,1.5,prescription_medicale,5,5,1,-1,480,534,545,545,35,1,R0522,PU_R0521,DO_R0521,2026-05-18 08:00:00,2026-05-18 08:54:00,2026-05-18 09:05:00,2026-05-18 09:05:00,08:00,08:54,09:05
R0522,P302,return,hospital_to_patient,H1,HOME_P302,H1,other,P2,medium,1.5,prescription_medicale,5,5,1,-1,635,660,710,635,35,1,R0521,PU_R0522,DO_R0522,2026-05-18 10:35:00,2026-05-18 11:00:00,2026-05-18 11:50:00,2026-05-18 10:35:00,10:35,11:00,11:50
R0523,P303,outbound,patient_to_hospital,HOME_P303,H1,H1,dialysis,P1,high,2.0,vsl_required,5,5,1,-1,470,513,525,525,25,1,R0524,PU_R0523,DO_R0523,2026-05-18 07:50:00,2026-05-18 08:33:00,2026-05-18 08:45:00,2026-05-18 08:45:00,07:50,08:33,08:45
R0524,P303,return,hospital_to_patient,H1,HOME_P303,H1,dialysis,P1,high,2.0,vsl_required,5,5,1,-1,765,780,820,765,25,1,R0523,PU_R0524,DO_R0524,2026-05-18 12:45:00,2026-05-18 13:00:00,2026-05-18 13:40:00,2026-05-18 12:45:00,12:45,13:00,13:40
R0525,P304,outbound,patient_to_hospital,HOME_P304,H2,H2,dialysis,P1,high,2.0,vsl_required,5,5,1,-1,470,513,525,525,25,1,R0526,PU_R0525,DO_R0525,2026-05-18 07:50:00,2026-05-18 08:33:00,2026-05-18 08:45:00,2026-05-18 08:45:00,07:50,08:33,08:45
R0526,P304,return,hospital_to_patient,H2,HOME_P304,H2,dialysis,P1,high,2.0,vsl_required,5,5,1,-1,750,765,805,750,25,1,R0525,PU_R0526,DO_R0526,2026-05-18 12:30:00,2026-05-18 12:45:00,2026-05-18 13:25:00,2026-05-18 12:30:00,12:30,12:45,13:25
R0527,P305,outbound,patient_to_hospital,HOME_P305,H1,H1,dialysis,P1,high,2.0,vsl_required,5,5,1,-1,745,791,800,800,25,1,,PU_R0527,DO_R0527,2026-05-18 12:25:00,2026-05-18 13:11:00,2026-05-18 13:20:00,2026-05-18 13:20:00,12:25,13:11,13:20
R0528,P306,outbound,patient_to_hospital,HOME_P306,H2,H2,other,P2,medium,1.5,premium,5,5,1,-1,500,559,565,565,35,1,R0529,PU_R0528,DO_R0528,2026-05-18 08:20:00,2026-05-18 09:19:00,2026-05-18 09:25:00,2026-05-18 09:25:00,08:20,09:19,09:25
R0529,P306,return,hospital_to_patient,H2,HOME_P306,H2,other,P2,medium,1.5,premium,5,5,1,-1,600,625,675,600,35,1,R0528,PU_R0529,DO_R0529,2026-05-18 10:00:00,2026-05-18 10:25:00,2026-05-18 11:15:00,2026-05-18 10:00:00,10:00,10:25,11:15
R0530,P307,outbound,patient_to_hospital,HOME_P307,H3,H3,dialysis,P1,high,2.0,vsl_required,5,5,1,-1,465,509,520,520,25,1,R0531,PU_R0530,DO_R0530,2026-05-18 07:45:00,2026-05-18 08:29:00,2026-05-18 08:40:00,2026-05-18 08:40:00,07:45,08:29,08:40
R0531,P307,return,hospital_to_patient,H3,HOME_P307,H3,dialysis,P1,high,2.0,vsl_required,5,5,1,-1,740,755,795,740,25,1,R0530,PU_R0531,DO_R0531,2026-05-18 12:20:00,2026-05-18 12:35:00,2026-05-18 13:15:00,2026-05-18 12:20:00,12:20,12:35,13:15
R0532,P308,outbound,patient_to_hospital,HOME_P308,H2,H2,other,P2,medium,1.5,vsl_required,5,5,1,-1,855,904,920,920,35,1,R0533,PU_R0532,DO_R0532,2026-05-18 14:15:00,2026-05-18 15:04:00,2026-05-18 15:20:00,2026-05-18 15:20:00,14:15,15:04,15:20
R0533,P308,return,hospital_to_patient,H2,HOME_P308,H2,other,P2,medium,1.5,vsl_required,5,5,1,-1,955,980,1030,955,35,1,R0532,PU_R0533,DO_R0533,2026-05-18 15:55:00,2026-05-18 16:20:00,2026-05-18 17:10:00,2026-05-18 15:55:00,15:55,16:20,17:10
R0534,P309,outbound,patient_to_hospital,HOME_P309,H2,H2,oncology,P1,high,2.0,vsl_required,5,5,1,-1,860,902,915,915,25,1,,PU_R0534,DO_R0534,2026-05-18 14:20:00,2026-05-18 15:02:00,2026-05-18 15:15:00,2026-05-18 15:15:00,14:20,15:02,15:15
R0535,P310,outbound,patient_to_hospital,HOME_P310,H1,H1,dialysis,P1,high,2.0,vsl_required,5,5,1,-1,755,796,810,810,25,1,,PU_R0535,DO_R0535,2026-05-18 12:35:00,2026-05-18 13:16:00,2026-05-18 13:30:00,2026-05-18 13:30:00,12:35,13:16,13:30
R0536,P311,outbound,patient_to_hospital,HOME_P311,H1,H1,oncology,P1,high,2.0,prescription_medicale,5,5,1,-1,470,512,525,525,25,1,R0537,PU_R0536,DO_R0536,2026-05-18 07:50:00,2026-05-18 08:32:00,2026-05-18 08:45:00,2026-05-18 08:45:00,07:50,08:32,08:45
R0537,P311,return,hospital_to_patient,H1,HOME_P311,H1,oncology,P1,high,2.0,prescription_medicale,5,5,1,-1,675,690,730,675,25,1,R0536,PU_R0537,DO_R0537,2026-05-18 11:15:00,2026-05-18 11:30:00,2026-05-18 12:10:00,2026-05-18 11:15:00,11:15,11:30,12:10
R0538,P312,outbound,patient_to_hospital,HOME_P312,H1,H1,other,P2,medium,1.5,standard_assis,5,5,1,-1,585,630,650,650,35,1,R0539,PU_R0538,DO_R0538,2026-05-18 09:45:00,2026-05-18 10:30:00,2026-05-18 10:50:00,2026-05-18 10:50:00,09:45,10:30,10:50
R0539,P312,return,hospital_to_patient,H1,HOME_P312,H1,other,P2,medium,1.5,standard_assis,5,5,1,-1,725,750,800,725,35,1,R0538,PU_R0539,DO_R0539,2026-05-18 12:05:00,2026-05-18 12:30:00,2026-05-18 13:20:00,2026-05-18 12:05:00,12:05,12:30,13:20
R0540,P313,outbound,patient_to_hospital,HOME_P313,H1,H1,other,P2,medium,1.5,standard_assis,5,5,1,-1,605,650,670,670,35,1,,PU_R0540,DO_R0540,2026-05-18 10:05:00,2026-05-18 10:50:00,2026-05-18 11:10:00,2026-05-18 11:10:00,10:05,10:50,11:10
R0541,P314,outbound,patient_to_hospital,HOME_P314,H1,H1,dialysis,P1,high,2.0,prescription_medicale,5,5,1,-1,975,1015,1030,1030,25,1,,PU_R0541,DO_R0541,2026-05-18 16:15:00,2026-05-18 16:55:00,2026-05-18 17:10:00,2026-05-18 17:10:00,16:15,16:55,17:10
R0542,P315,outbound,patient_to_hospital,HOME_P315,H1,H1,oncology,P1,high,2.0,prescription_medicale,5,5,1,-1,650,690,705,705,25,1,R0543,PU_R0542,DO_R0542,2026-05-18 10:50:00,2026-05-18 11:30:00,2026-05-18 11:45:00,2026-05-18 11:45:00,10:50,11:30,11:45
R0543,P315,return,hospital_to_patient,H1,HOME_P315,H1,oncology,P1,high,2.0,prescription_medicale,5,5,1,-1,865,880,920,865,25,1,R0542,PU_R0543,DO_R0543,2026-05-18 14:25:00,2026-05-18 14:40:00,2026-05-18 15:20:00,2026-05-18 14:25:00,14:25,14:40,15:20
R0544,P316,outbound,patient_to_hospital,HOME_P316,H1,H1,other,P2,medium,1.5,standard_assis,5,5,1,-1,935,986,1000,1000,35,1,,PU_R0544,DO_R0544,2026-05-18 15:35:00,2026-05-18 16:26:00,2026-05-18 16:40:00,2026-05-18 16:40:00,15:35,16:26,16:40
R0545,P317,outbound,patient_to_hospital,HOME_P317,H1,H1,other,P2,medium,1.5,standard_assis,5,5,1,-1,475,527,540,540,35,1,R0546,PU_R0545,DO_R0545,2026-05-18 07:55:00,2026-05-18 08:47:00,2026-05-18 09:00:00,2026-05-18 09:00:00,07:55,08:47,09:00
R0546,P317,return,hospital_to_patient,H1,HOME_P317,H1,other,P2,medium,1.5,standard_assis,5,5,1,-1,645,670,720,645,35,1,R0545,PU_R0546,DO_R0546,2026-05-18 10:45:00,2026-05-18 11:10:00,2026-05-18 12:00:00,2026-05-18 10:45:00,10:45,11:10,12:00
R0547,P318,outbound,patient_to_hospital,HOME_P318,H2,H2,dialysis,P1,high,2.0,vsl_required,5,5,1,-1,760,803,815,815,25,1,R0548,PU_R0547,DO_R0547,2026-05-18 12:40:00,2026-05-18 13:23:00,2026-05-18 13:35:00,2026-05-18 13:35:00,12:40,13:23,13:35
R0548,P318,return,hospital_to_patient,H2,HOME_P318,H2,dialysis,P1,high,2.0,vsl_required,5,5,1,-1,1025,1040,1080,1025,25,1,R0547,PU_R0548,DO_R0548,2026-05-18 17:05:00,2026-05-18 17:20:00,2026-05-18 18:00:00,2026-05-18 17:05:00,17:05,17:20,18:00
R0549,P319,outbound,patient_to_hospital,HOME_P319,H1,H1,other,P2,medium,1.5,standard_assis,5,5,1,-1,470,520,535,535,35,1,R0550,PU_R0549,DO_R0549,2026-05-18 07:50:00,2026-05-18 08:40:00,2026-05-18 08:55:00,2026-05-18 08:55:00,07:50,08:40,08:55
R0550,P319,return,hospital_to_patient,H1,HOME_P319,H1,other,P2,medium,1.5,standard_assis,5,5,1,-1,640,665,715,640,35,1,R0549,PU_R0550,DO_R0550,2026-05-18 10:40:00,2026-05-18 11:05:00,2026-05-18 11:55:00,2026-05-18 10:40:00,10:40,11:05,11:55
R0551,P320,outbound,patient_to_hospital,HOME_P320,H2,H2,oncology,P1,high,2.0,vsl_required,5,5,1,-1,470,507,525,525,25,1,R0552,PU_R0551,DO_R0551,2026-05-18 07:50:00,2026-05-18 08:27:00,2026-05-18 08:45:00,2026-05-18 08:45:00,07:50,08:27,08:45
R0552,P320,return,hospital_to_patient,H2,HOME_P320,H2,oncology,P1,high,2.0,vsl_required,5,5,1,-1,875,890,930,875,25,1,R0551,PU_R0552,DO_R0552,2026-05-18 14:35:00,2026-05-18 14:50:00,2026-05-18 15:30:00,2026-05-18 14:35:00,14:35,14:50,15:30
R0553,P321,outbound,patient_to_hospital,HOME_P321,H2,H2,other,P2,medium,1.5,vsl_required,5,5,1,-1,840,890,905,905,35,1,R0554,PU_R0553,DO_R0553,2026-05-18 14:00:00,2026-05-18 14:50:00,2026-05-18 15:05:00,2026-05-18 15:05:00,14:00,14:50,15:05
R0554,P321,return,hospital_to_patient,H2,HOME_P321,H2,other,P2,medium,1.5,vsl_required,5,5,1,-1,945,970,1020,945,35,1,R0553,PU_R0554,DO_R0554,2026-05-18 15:45:00,2026-05-18 16:10:00,2026-05-18 17:00:00,2026-05-18 15:45:00,15:45,16:10,17:00
R0555,P322,outbound,patient_to_hospital,HOME_P322,H1,H1,other,P2,medium,1.5,standard_assis,5,5,1,-1,515,570,580,580,35,1,R0556,PU_R0555,DO_R0555,2026-05-18 08:35:00,2026-05-18 09:30:00,2026-05-18 09:40:00,2026-05-18 09:40:00,08:35,09:30,09:40
R0556,P322,return,hospital_to_patient,H1,HOME_P322,H1,other,P2,medium,1.5,standard_assis,5,5,1,-1,665,690,740,665,35,1,R0555,PU_R0556,DO_R0556,2026-05-18 11:05:00,2026-05-18 11:30:00,2026-05-18 12:20:00,2026-05-18 11:05:00,11:05,11:30,12:20
R0557,P323,outbound,patient_to_hospital,HOME_P323,H2,H2,oncology,P1,high,2.0,vsl_required,5,5,1,-1,445,486,500,500,25,1,R0558,PU_R0557,DO_R0557,2026-05-18 07:25:00,2026-05-18 08:06:00,2026-05-18 08:20:00,2026-05-18 08:20:00,07:25,08:06,08:20
R0558,P323,return,hospital_to_patient,H2,HOME_P323,H2,oncology,P1,high,2.0,vsl_required,5,5,1,-1,740,755,795,740,25,1,R0557,PU_R0558,DO_R0558,2026-05-18 12:20:00,2026-05-18 12:35:00,2026-05-18 13:15:00,2026-05-18 12:20:00,12:20,12:35,13:15
R0559,P324,outbound,patient_to_hospital,HOME_P324,H1,H1,dialysis,P1,high,2.0,prescription_medicale,5,5,1,-1,460,500,515,515,25,1,R0560,PU_R0559,DO_R0559,2026-05-18 07:40:00,2026-05-18 08:20:00,2026-05-18 08:35:00,2026-05-18 08:35:00,07:40,08:20,08:35
R0560,P324,return,hospital_to_patient,H1,HOME_P324,H1,dialysis,P1,high,2.0,prescription_medicale,5,5,1,-1,755,770,810,755,25,1,R0559,PU_R0560,DO_R0560,2026-05-18 12:35:00,2026-05-18 12:50:00,2026-05-18 13:30:00,2026-05-18 12:35:00,12:35,12:50,13:30
R0561,P325,outbound,patient_to_hospital,HOME_P325,H2,H2,oncology,P1,high,2.0,vsl_required,5,5,1,-1,870,916,925,925,25,1,,PU_R0561,DO_R0561,2026-05-18 14:30:00,2026-05-18 15:16:00,2026-05-18 15:25:00,2026-05-18 15:25:00,14:30,15:16,15:25
R0562,P326,outbound,patient_to_hospital,HOME_P326,H2,H2,dialysis,P1,high,2.0,vsl_required,5,5,1,-1,745,787,800,800,25,1,,PU_R0562,DO_R0562,2026-05-18 12:25:00,2026-05-18 13:07:00,2026-05-18 13:20:00,2026-05-18 13:20:00,12:25,13:07,13:20
R0563,P327,outbound,patient_to_hospital,HOME_P327,H1,H1,other,P2,medium,1.5,vsl_required,5,5,1,-1,595,640,660,660,35,1,,PU_R0563,DO_R0563,2026-05-18 09:55:00,2026-05-18 10:40:00,2026-05-18 11:00:00,2026-05-18 11:00:00,09:55,10:40,11:00
R0564,P328,outbound,patient_to_hospital,HOME_P328,H1,H1,dialysis,P1,high,2.0,prescription_medicale,5,5,1,-1,780,824,835,835,25,1,,PU_R0564,DO_R0564,2026-05-18 13:00:00,2026-05-18 13:44:00,2026-05-18 13:55:00,2026-05-18 13:55:00,13:00,13:44,13:55
R0565,P329,outbound,patient_to_hospital,HOME_P329,H1,H1,dialysis,P1,high,2.0,prescription_medicale,5,5,1,-1,480,529,535,535,25,1,R0566,PU_R0565,DO_R0565,2026-05-18 08:00:00,2026-05-18 08:49:00,2026-05-18 08:55:00,2026-05-18 08:55:00,08:00,08:49,08:55
R0566,P329,return,hospital_to_patient,H1,HOME_P329,H1,dialysis,P1,high,2.0,prescription_medicale,5,5,1,-1,775,790,830,775,25,1,R0565,PU_R0566,DO_R0566,2026-05-18 12:55:00,2026-05-18 13:10:00,2026-05-18 13:50:00,2026-05-18 12:55:00,12:55,13:10,13:50
R0567,P330,outbound,patient_to_hospital,HOME_P330,H1,H1,external,P3,low,1.0,standard_assis,5,5,1,-1,671,725,755,755,54,1,R0568,PU_R0567,DO_R0567,2026-05-18 11:11:00,2026-05-18 12:05:00,2026-05-18 12:35:00,2026-05-18 12:35:00,11:11,12:05,12:35
R0568,P330,return,hospital_to_patient,H1,HOME_P330,H1,external,P3,low,1.0,standard_assis,5,5,1,-1,780,815,884,780,54,1,R0567,PU_R0568,DO_R0568,2026-05-18 13:00:00,2026-05-18 13:35:00,2026-05-18 14:44:00,2026-05-18 13:00:00,13:00,13:35,14:44
R0569,P331,outbound,patient_to_hospital,HOME_P331,H1,H1,oncology,P1,high,2.0,prescription_medicale,5,5,1,-1,655,699,710,710,25,1,R0570,PU_R0569,DO_R0569,2026-05-18 10:55:00,2026-05-18 11:39:00,2026-05-18 11:50:00,2026-05-18 11:50:00,10:55,11:39,11:50
R0570,P331,return,hospital_to_patient,H1,HOME_P331,H1,oncology,P1,high,2.0,prescription_medicale,5,5,1,-1,880,895,935,880,25,1,R0569,PU_R0570,DO_R0570,2026-05-18 14:40:00,2026-05-18 14:55:00,2026-05-18 15:35:00,2026-05-18 14:40:00,14:40,14:55,15:35
R0571,P332,outbound,patient_to_hospital,HOME_P332,H2,H2,oncology,P1,high,2.0,vsl_required,5,5,1,-1,455,505,510,510,25,1,R0572,PU_R0571,DO_R0571,2026-05-18 07:35:00,2026-05-18 08:25:00,2026-05-18 08:30:00,2026-05-18 08:30:00,07:35,08:25,08:30
R0572,P332,return,hospital_to_patient,H2,HOME_P332,H2,oncology,P1,high,2.0,vsl_required,5,5,1,-1,590,605,645,590,25,1,R0571,PU_R0572,DO_R0572,2026-05-18 09:50:00,2026-05-18 10:05:00,2026-05-18 10:45:00,2026-05-18 09:50:00,09:50,10:05,10:45
R0573,P333,outbound,patient_to_hospital,HOME_P333,H2,H2,oncology,P1,high,2.0,vsl_required,5,5,1,-1,475,518,530,530,25,1,R0574,PU_R0573,DO_R0573,2026-05-18 07:55:00,2026-05-18 08:38:00,2026-05-18 08:50:00,2026-05-18 08:50:00,07:55,08:38,08:50
R0574,P333,return,hospital_to_patient,H2,HOME_P333,H2,oncology,P1,high,2.0,vsl_required,5,5,1,-1,825,840,880,825,25,1,R0573,PU_R0574,DO_R0574,2026-05-18 13:45:00,2026-05-18 14:00:00,2026-05-18 14:40:00,2026-05-18 13:45:00,13:45,14:00,14:40
R0575,P334,outbound,patient_to_hospital,HOME_P334,H1,H1,external,P3,low,1.0,standard_assis,5,5,1,-1,690,744,775,775,55,1,R0576,PU_R0575,DO_R0575,2026-05-18 11:30:00,2026-05-18 12:24:00,2026-05-18 12:55:00,2026-05-18 12:55:00,11:30,12:24,12:55
R0576,P334,return,hospital_to_patient,H1,HOME_P334,H1,external,P3,low,1.0,standard_assis,5,5,1,-1,795,830,900,795,55,1,R0575,PU_R0576,DO_R0576,2026-05-18 13:15:00,2026-05-18 13:50:00,2026-05-18 15:00:00,2026-05-18 13:15:00,13:15,13:50,15:00
R0577,P335,outbound,patient_to_hospital,HOME_P335,H1,H1,oncology,P1,high,2.0,prescription_medicale,5,5,1,-1,430,480,485,485,25,1,R0578,PU_R0577,DO_R0577,2026-05-18 07:10:00,2026-05-18 08:00:00,2026-05-18 08:05:00,2026-05-18 08:05:00,07:10,08:00,08:05
R0578,P335,return,hospital_to_patient,H1,HOME_P335,H1,oncology,P1,high,2.0,prescription_medicale,5,5,1,-1,635,650,690,635,25,1,R0577,PU_R0578,DO_R0578,2026-05-18 10:35:00,2026-05-18 10:50:00,2026-05-18 11:30:00,2026-05-18 10:35:00,10:35,10:50,11:30
R0579,P336,outbound,patient_to_hospital,HOME_P336,H3,H3,dialysis,P1,high,2.0,vsl_required,5,5,1,-1,440,489,495,495,25,1,R0580,PU_R0579,DO_R0579,2026-05-18 07:20:00,2026-05-18 08:09:00,2026-05-18 08:15:00,2026-05-18 08:15:00,07:20,08:09,08:15
R0580,P336,return,hospital_to_patient,H3,HOME_P336,H3,dialysis,P1,high,2.0,vsl_required,5,5,1,-1,715,730,770,715,25,1,R0579,PU_R0580,DO_R0580,2026-05-18 11:55:00,2026-05-18 12:10:00,2026-05-18 12:50:00,2026-05-18 11:55:00,11:55,12:10,12:50
R0581,P337,outbound,patient_to_hospital,HOME_P337,H2,H2,other,P2,medium,1.5,premium,5,5,1,-1,580,639,645,645,35,1,R0582,PU_R0581,DO_R0581,2026-05-18 09:40:00,2026-05-18 10:39:00,2026-05-18 10:45:00,2026-05-18 10:45:00,09:40,10:39,10:45
R0582,P337,return,hospital_to_patient,H2,HOME_P337,H2,other,P2,medium,1.5,premium,5,5,1,-1,680,705,755,680,35,1,R0581,PU_R0582,DO_R0582,2026-05-18 11:20:00,2026-05-18 11:45:00,2026-05-18 12:35:00,2026-05-18 11:20:00,11:20,11:45,12:35
R0583,P338,outbound,patient_to_hospital,HOME_P338,H1,H1,oncology,P1,high,2.0,standard_assis,5,5,1,-1,440,479,495,495,25,1,R0584,PU_R0583,DO_R0583,2026-05-18 07:20:00,2026-05-18 07:59:00,2026-05-18 08:15:00,2026-05-18 08:15:00,07:20,07:59,08:15
R0584,P338,return,hospital_to_patient,H1,HOME_P338,H1,oncology,P1,high,2.0,standard_assis,5,5,1,-1,660,675,715,660,25,1,R0583,PU_R0584,DO_R0584,2026-05-18 11:00:00,2026-05-18 11:15:00,2026-05-18 11:55:00,2026-05-18 11:00:00,11:00,11:15,11:55
R0585,P339,outbound,patient_to_hospital,HOME_P339,H3,H3,dialysis,P1,high,2.0,vsl_required,5,5,1,-1,755,799,810,810,25,1,,PU_R0585,DO_R0585,2026-05-18 12:35:00,2026-05-18 13:19:00,2026-05-18 13:30:00,2026-05-18 13:30:00,12:35,13:19,13:30
R0586,P340,outbound,patient_to_hospital,HOME_P340,H1,H1,dialysis,P1,high,2.0,vsl_required,5,5,1,-1,430,474,485,485,25,1,R0587,PU_R0586,DO_R0586,2026-05-18 07:10:00,2026-05-18 07:54:00,2026-05-18 08:05:00,2026-05-18 08:05:00,07:10,07:54,08:05
R0587,P340,return,hospital_to_patient,H1,HOME_P340,H1,dialysis,P1,high,2.0,vsl_required,5,5,1,-1,725,740,780,725,25,1,R0586,PU_R0587,DO_R0587,2026-05-18 12:05:00,2026-05-18 12:20:00,2026-05-18 13:00:00,2026-05-18 12:05:00,12:05,12:20,13:00
R0588,P341,outbound,patient_to_hospital,HOME_P341,H2,H2,other,P2,medium,1.5,standard_assis,5,5,1,-1,570,625,635,635,35,1,R0589,PU_R0588,DO_R0588,2026-05-18 09:30:00,2026-05-18 10:25:00,2026-05-18 10:35:00,2026-05-18 10:35:00,09:30,10:25,10:35
R0589,P341,return,hospital_to_patient,H2,HOME_P341,H2,other,P2,medium,1.5,standard_assis,5,5,1,-1,670,695,745,670,35,1,R0588,PU_R0589,DO_R0589,2026-05-18 11:10:00,2026-05-18 11:35:00,2026-05-18 12:25:00,2026-05-18 11:10:00,11:10,11:35,12:25
R0590,P342,outbound,patient_to_hospital,HOME_P342,H1,H1,other,P2,medium,1.5,standard_assis,5,5,1,-1,500,554,565,565,35,1,R0591,PU_R0590,DO_R0590,2026-05-18 08:20:00,2026-05-18 09:14:00,2026-05-18 09:25:00,2026-05-18 09:25:00,08:20,09:14,09:25
R0591,P342,return,hospital_to_patient,H1,HOME_P342,H1,other,P2,medium,1.5,standard_assis,5,5,1,-1,635,660,710,635,35,1,R0590,PU_R0591,DO_R0591,2026-05-18 10:35:00,2026-05-18 11:00:00,2026-05-18 11:50:00,2026-05-18 10:35:00,10:35,11:00,11:50
R0592,P343,outbound,patient_to_hospital,HOME_P343,H1,H1,dialysis,P1,high,2.0,prescription_medicale,5,5,1,-1,770,812,825,825,25,1,,PU_R0592,DO_R0592,2026-05-18 12:50:00,2026-05-18 13:32:00,2026-05-18 13:45:00,2026-05-18 13:45:00,12:50,13:32,13:45
R0593,P344,outbound,patient_to_hospital,HOME_P344,H2,H2,other,P2,medium,1.5,standard_assis,5,5,1,-1,460,511,525,525,35,1,R0594,PU_R0593,DO_R0593,2026-05-18 07:40:00,2026-05-18 08:31:00,2026-05-18 08:45:00,2026-05-18 08:45:00,07:40,08:31,08:45
R0594,P344,return,hospital_to_patient,H2,HOME_P344,H2,other,P2,medium,1.5,standard_assis,5,5,1,-1,555,580,630,555,35,1,R0593,PU_R0594,DO_R0594,2026-05-18 09:15:00,2026-05-18 09:40:00,2026-05-18 10:30:00,2026-05-18 09:15:00,09:15,09:40,10:30
R0595,P345,outbound,patient_to_hospital,HOME_P345,H3,H3,dialysis,P1,high,2.0,prescription_medicale,5,5,1,-1,480,523,535,535,25,1,R0596,PU_R0595,DO_R0595,2026-05-18 08:00:00,2026-05-18 08:43:00,2026-05-18 08:55:00,2026-05-18 08:55:00,08:00,08:43,08:55
R0596,P345,return,hospital_to_patient,H3,HOME_P345,H3,dialysis,P1,high,2.0,prescription_medicale,5,5,1,-1,745,760,800,745,25,1,R0595,PU_R0596,DO_R0596,2026-05-18 12:25:00,2026-05-18 12:40:00,2026-05-18 13:20:00,2026-05-18 12:25:00,12:25,12:40,13:20
R0597,P346,outbound,patient_to_hospital,HOME_P346,H2,H2,other,P2,medium,1.5,standard_assis,5,5,1,-1,525,584,590,590,35,1,R0598,PU_R0597,DO_R0597,2026-05-18 08:45:00,2026-05-18 09:44:00,2026-05-18 09:50:00,2026-05-18 09:50:00,08:45,09:44,09:50
R0598,P346,return,hospital_to_patient,H2,HOME_P346,H2,other,P2,medium,1.5,standard_assis,5,5,1,-1,630,655,705,630,35,1,R0597,PU_R0598,DO_R0598,2026-05-18 10:30:00,2026-05-18 10:55:00,2026-05-18 11:45:00,2026-05-18 10:30:00,10:30,10:55,11:45
R0599,P347,outbound,patient_to_hospital,HOME_P347,H2,H2,other,P2,medium,1.5,standard_assis,5,5,1,-1,825,885,890,890,35,1,R0600,PU_R0599,DO_R0599,2026-05-18 13:45:00,2026-05-18 14:45:00,2026-05-18 14:50:00,2026-05-18 14:50:00,13:45,14:45,14:50
R0600,P347,return,hospital_to_patient,H2,HOME_P347,H2,other,P2,medium,1.5,standard_assis,5,5,1,-1,920,945,995,920,35,1,R0599,PU_R0600,DO_R0600,2026-05-18 15:20:00,2026-05-18 15:45:00,2026-05-18 16:35:00,2026-05-18 15:20:00,15:20,15:45,16:35
R0601,P348,outbound,patient_to_hospital,HOME_P348,H1,H1,external,P3,low,1.0,standard_assis,5,5,1,-1,598,649,675,675,47,1,R0602,PU_R0601,DO_R0601,2026-05-18 09:58:00,2026-05-18 10:49:00,2026-05-18 11:15:00,2026-05-18 11:15:00,09:58,10:49,11:15
R0602,P348,return,hospital_to_patient,H1,HOME_P348,H1,external,P3,low,1.0,standard_assis,5,5,1,-1,695,730,792,695,47,1,R0601,PU_R0602,DO_R0602,2026-05-18 11:35:00,2026-05-18 12:10:00,2026-05-18 13:12:00,2026-05-18 11:35:00,11:35,12:10,13:12
R0603,P349,outbound,patient_to_hospital,HOME_P349,H1,H1,oncology,P1,high,2.0,standard_assis,5,5,1,-1,435,485,490,490,25,1,R0604,PU_R0603,DO_R0603,2026-05-18 07:15:00,2026-05-18 08:05:00,2026-05-18 08:10:00,2026-05-18 08:10:00,07:15,08:05,08:10
R0604,P349,return,hospital_to_patient,H1,HOME_P349,H1,oncology,P1,high,2.0,standard_assis,5,5,1,-1,670,685,725,670,25,1,R0603,PU_R0604,DO_R0604,2026-05-18 11:10:00,2026-05-18 11:25:00,2026-05-18 12:05:00,2026-05-18 11:10:00,11:10,11:25,12:05
R0605,P350,outbound,patient_to_hospital,HOME_P350,H1,H1,other,P2,medium,1.5,vsl_required,5,5,1,-1,465,525,530,530,35,1,R0606,PU_R0605,DO_R0605,2026-05-18 07:45:00,2026-05-18 08:45:00,2026-05-18 08:50:00,2026-05-18 08:50:00,07:45,08:45,08:50
R0606,P350,return,hospital_to_patient,H1,HOME_P350,H1,other,P2,medium,1.5,vsl_required,5,5,1,-1,615,640,690,615,35,1,R0605,PU_R0606,DO_R0606,2026-05-18 10:15:00,2026-05-18 10:40:00,2026-05-18 11:30:00,2026-05-18 10:15:00,10:15,10:40,11:30
R0607,P351,outbound,patient_to_hospital,HOME_P351,H2,H2,other,P2,medium,1.5,standard_assis,5,5,1,-1,565,610,630,630,35,1,R0608,PU_R0607,DO_R0607,2026-05-18 09:25:00,2026-05-18 10:10:00,2026-05-18 10:30:00,2026-05-18 10:30:00,09:25,10:10,10:30
R0608,P351,return,hospital_to_patient,H2,HOME_P351,H2,other,P2,medium,1.5,standard_assis,5,5,1,-1,670,695,745,670,35,1,R0607,PU_R0608,DO_R0608,2026-05-18 11:10:00,2026-05-18 11:35:00,2026-05-18 12:25:00,2026-05-18 11:10:00,11:10,11:35,12:25
R0609,P352,outbound,patient_to_hospital,HOME_P352,H2,H2,dialysis,P1,high,2.0,vsl_required,5,5,1,-1,740,786,795,795,25,1,,PU_R0609,DO_R0609,2026-05-18 12:20:00,2026-05-18 13:06:00,2026-05-18 13:15:00,2026-05-18 13:15:00,12:20,13:06,13:15
R0610,P353,outbound,patient_to_hospital,HOME_P353,H1,H1,dialysis,P1,high,2.0,vsl_required,5,5,1,-1,760,810,815,815,25,1,,PU_R0610,DO_R0610,2026-05-18 12:40:00,2026-05-18 13:30:00,2026-05-18 13:35:00,2026-05-18 13:35:00,12:40,13:30,13:35
R0611,P354,outbound,patient_to_hospital,HOME_P354,H3,H3,dialysis,P1,high,2.0,prescription_medicale,5,5,1,-1,1000,1045,1055,1055,25,1,,PU_R0611,DO_R0611,2026-05-18 16:40:00,2026-05-18 17:25:00,2026-05-18 17:35:00,2026-05-18 17:35:00,16:40,17:25,17:35
R0612,P355,outbound,patient_to_hospital,HOME_P355,H1,H1,dialysis,P1,high,2.0,vsl_required,5,5,1,-1,740,785,795,795,25,1,,PU_R0612,DO_R0612,2026-05-18 12:20:00,2026-05-18 13:05:00,2026-05-18 13:15:00,2026-05-18 13:15:00,12:20,13:05,13:15
R0613,P356,outbound,patient_to_hospital,HOME_P356,H2,H2,other,P2,medium,1.5,vsl_required,5,5,1,-1,475,531,540,540,35,1,R0614,PU_R0613,DO_R0613,2026-05-18 07:55:00,2026-05-18 08:51:00,2026-05-18 09:00:00,2026-05-18 09:00:00,07:55,08:51,09:00
R0614,P356,return,hospital_to_patient,H2,HOME_P356,H2,other,P2,medium,1.5,vsl_required,5,5,1,-1,570,595,645,570,35,1,R0613,PU_R0614,DO_R0614,2026-05-18 09:30:00,2026-05-18 09:55:00,2026-05-18 10:45:00,2026-05-18 09:30:00,09:30,09:55,10:45
R0615,P357,outbound,patient_to_hospital,HOME_P357,H1,H1,other,P2,medium,1.5,prescription_medicale,5,5,1,-1,630,674,695,695,35,1,R0616,PU_R0615,DO_R0615,2026-05-18 10:30:00,2026-05-18 11:14:00,2026-05-18 11:35:00,2026-05-18 11:35:00,10:30,11:14,11:35
R0616,P357,return,hospital_to_patient,H1,HOME_P357,H1,other,P2,medium,1.5,prescription_medicale,5,5,1,-1,815,840,890,815,35,1,R0615,PU_R0616,DO_R0616,2026-05-18 13:35:00,2026-05-18 14:00:00,2026-05-18 14:50:00,2026-05-18 13:35:00,13:35,14:00,14:50
R0617,P358,outbound,patient_to_hospital,HOME_P358,H2,H2,dialysis,P1,high,2.0,vsl_required,5,5,1,-1,475,522,530,530,25,1,R0618,PU_R0617,DO_R0617,2026-05-18 07:55:00,2026-05-18 08:42:00,2026-05-18 08:50:00,2026-05-18 08:50:00,07:55,08:42,08:50
R0618,P358,return,hospital_to_patient,H2,HOME_P358,H2,dialysis,P1,high,2.0,vsl_required,5,5,1,-1,795,810,850,795,25,1,R0617,PU_R0618,DO_R0618,2026-05-18 13:15:00,2026-05-18 13:30:00,2026-05-18 14:10:00,2026-05-18 13:15:00,13:15,13:30,14:10
R0619,P359,outbound,patient_to_hospital,HOME_P359,H2,H2,oncology,P1,high,2.0,vsl_required,5,5,1,-1,475,515,530,530,25,1,R0620,PU_R0619,DO_R0619,2026-05-18 07:55:00,2026-05-18 08:35:00,2026-05-18 08:50:00,2026-05-18 08:50:00,07:55,08:35,08:50
R0620,P359,return,hospital_to_patient,H2,HOME_P359,H2,oncology,P1,high,2.0,vsl_required,5,5,1,-1,695,710,750,695,25,1,R0619,PU_R0620,DO_R0620,2026-05-18 11:35:00,2026-05-18 11:50:00,2026-05-18 12:30:00,2026-05-18 11:35:00,11:35,11:50,12:30
R0621,P360,outbound,patient_to_hospital,HOME_P360,H3,H3,dialysis,P1,high,2.0,vsl_required,5,5,1,-1,430,474,485,485,25,1,,PU_R0621,DO_R0621,2026-05-18 07:10:00,2026-05-18 07:54:00,2026-05-18 08:05:00,2026-05-18 08:05:00,07:10,07:54,08:05
R0622,P361,outbound,patient_to_hospital,HOME_P361,H1,H1,oncology,P1,high,2.0,vsl_required,5,5,1,-1,430,477,485,485,25,1,R0623,PU_R0622,DO_R0622,2026-05-18 07:10:00,2026-05-18 07:57:00,2026-05-18 08:05:00,2026-05-18 08:05:00,07:10,07:57,08:05
R0623,P361,return,hospital_to_patient,H1,HOME_P361,H1,oncology,P1,high,2.0,vsl_required,5,5,1,-1,655,670,710,655,25,1,R0622,PU_R0623,DO_R0623,2026-05-18 10:55:00,2026-05-18 11:10:00,2026-05-18 11:50:00,2026-05-18 10:55:00,10:55,11:10,11:50
R0624,P362,outbound,patient_to_hospital,HOME_P362,H2,H2,dialysis,P1,high,2.0,vsl_required,5,5,1,-1,450,500,505,505,25,1,R0625,PU_R0624,DO_R0624,2026-05-18 07:30:00,2026-05-18 08:20:00,2026-05-18 08:25:00,2026-05-18 08:25:00,07:30,08:20,08:25
R0625,P362,return,hospital_to_patient,H2,HOME_P362,H2,dialysis,P1,high,2.0,vsl_required,5,5,1,-1,775,790,830,775,25,1,R0624,PU_R0625,DO_R0625,2026-05-18 12:55:00,2026-05-18 13:10:00,2026-05-18 13:50:00,2026-05-18 12:55:00,12:55,13:10,13:50
R0626,P363,outbound,patient_to_hospital,HOME_P363,H2,H2,other,P2,medium,1.5,standard_assis,5,5,1,-1,610,658,675,675,35,1,R0627,PU_R0626,DO_R0626,2026-05-18 10:10:00,2026-05-18 10:58:00,2026-05-18 11:15:00,2026-05-18 11:15:00,10:10,10:58,11:15
R0627,P363,return,hospital_to_patient,H2,HOME_P363,H2,other,P2,medium,1.5,standard_assis,5,5,1,-1,715,740,790,715,35,1,R0626,PU_R0627,DO_R0627,2026-05-18 11:55:00,2026-05-18 12:20:00,2026-05-18 13:10:00,2026-05-18 11:55:00,11:55,12:20,13:10
R0628,P364,outbound,patient_to_hospital,HOME_P364,H3,H3,dialysis,P1,high,2.0,vsl_required,5,5,1,-1,780,826,835,835,25,1,,PU_R0628,DO_R0628,2026-05-18 13:00:00,2026-05-18 13:46:00,2026-05-18 13:55:00,2026-05-18 13:55:00,13:00,13:46,13:55
R0629,P365,outbound,patient_to_hospital,HOME_P365,H1,H1,dialysis,P1,high,2.0,vsl_required,5,5,1,-1,435,479,490,490,25,1,R0630,PU_R0629,DO_R0629,2026-05-18 07:15:00,2026-05-18 07:59:00,2026-05-18 08:10:00,2026-05-18 08:10:00,07:15,07:59,08:10
R0630,P365,return,hospital_to_patient,H1,HOME_P365,H1,dialysis,P1,high,2.0,vsl_required,5,5,1,-1,730,745,785,730,25,1,R0629,PU_R0630,DO_R0630,2026-05-18 12:10:00,2026-05-18 12:25:00,2026-05-18 13:05:00,2026-05-18 12:10:00,12:10,12:25,13:05
R0631,P366,outbound,patient_to_hospital,HOME_P366,H1,H1,dialysis,P1,high,2.0,vsl_required,5,5,1,-1,740,781,795,795,25,1,,PU_R0631,DO_R0631,2026-05-18 12:20:00,2026-05-18 13:01:00,2026-05-18 13:15:00,2026-05-18 13:15:00,12:20,13:01,13:15
R0632,P367,outbound,patient_to_hospital,HOME_P367,H2,H2,other,P2,medium,1.5,vsl_required,5,5,1,-1,490,540,555,555,35,1,R0633,PU_R0632,DO_R0632,2026-05-18 08:10:00,2026-05-18 09:00:00,2026-05-18 09:15:00,2026-05-18 09:15:00,08:10,09:00,09:15
R0633,P367,return,hospital_to_patient,H2,HOME_P367,H2,other,P2,medium,1.5,vsl_required,5,5,1,-1,580,605,655,580,35,1,R0632,PU_R0633,DO_R0633,2026-05-18 09:40:00,2026-05-18 10:05:00,2026-05-18 10:55:00,2026-05-18 09:40:00,09:40,10:05,10:55
R0634,P368,outbound,patient_to_hospital,HOME_P368,H1,H1,dialysis,P1,high,2.0,prescription_medicale,5,5,1,-1,440,490,495,495,25,1,R0635,PU_R0634,DO_R0634,2026-05-18 07:20:00,2026-05-18 08:10:00,2026-05-18 08:15:00,2026-05-18 08:15:00,07:20,08:10,08:15
R0635,P368,return,hospital_to_patient,H1,HOME_P368,H1,dialysis,P1,high,2.0,prescription_medicale,5,5,1,-1,735,750,790,735,25,1,R0634,PU_R0635,DO_R0635,2026-05-18 12:15:00,2026-05-18 12:30:00,2026-05-18 13:10:00,2026-05-18 12:15:00,12:15,12:30,13:10
R0636,P369,outbound,patient_to_hospital,HOME_P369,H1,H1,oncology,P1,high,2.0,vsl_required,5,5,1,-1,480,519,535,535,25,1,R0637,PU_R0636,DO_R0636,2026-05-18 08:00:00,2026-05-18 08:39:00,2026-05-18 08:55:00,2026-05-18 08:55:00,08:00,08:39,08:55
R0637,P369,return,hospital_to_patient,H1,HOME_P369,H1,oncology,P1,high,2.0,vsl_required,5,5,1,-1,700,715,755,700,25,1,R0636,PU_R0637,DO_R0637,2026-05-18 11:40:00,2026-05-18 11:55:00,2026-05-18 12:35:00,2026-05-18 11:40:00,11:40,11:55,12:35
R0638,P370,outbound,patient_to_hospital,HOME_P370,H1,H1,oncology,P1,high,2.0,prescription_medicale,5,5,1,-1,650,690,705,705,25,1,R0639,PU_R0638,DO_R0638,2026-05-18 10:50:00,2026-05-18 11:30:00,2026-05-18 11:45:00,2026-05-18 11:45:00,10:50,11:30,11:45
R0639,P370,return,hospital_to_patient,H1,HOME_P370,H1,oncology,P1,high,2.0,prescription_medicale,5,5,1,-1,885,900,940,885,25,1,R0638,PU_R0639,DO_R0639,2026-05-18 14:45:00,2026-05-18 15:00:00,2026-05-18 15:40:00,2026-05-18 14:45:00,14:45,15:00,15:40
R0640,P371,outbound,patient_to_hospital,HOME_P371,H1,H1,other,P2,medium,1.5,standard_assis,5,5,1,-1,910,970,975,975,35,1,,PU_R0640,DO_R0640,2026-05-18 15:10:00,2026-05-18 16:10:00,2026-05-18 16:15:00,2026-05-18 16:15:00,15:10,16:10,16:15
R0641,P372,outbound,patient_to_hospital,HOME_P372,H1,H1,other,P2,medium,1.5,standard_assis,5,5,1,-1,480,538,545,545,35,1,R0642,PU_R0641,DO_R0641,2026-05-18 08:00:00,2026-05-18 08:58:00,2026-05-18 09:05:00,2026-05-18 09:05:00,08:00,08:58,09:05
R0642,P372,return,hospital_to_patient,H1,HOME_P372,H1,other,P2,medium,1.5,standard_assis,5,5,1,-1,660,685,735,660,35,1,R0641,PU_R0642,DO_R0642,2026-05-18 11:00:00,2026-05-18 11:25:00,2026-05-18 12:15:00,2026-05-18 11:00:00,11:00,11:25,12:15
R0643,P373,outbound,patient_to_hospital,HOME_P373,H2,H2,dialysis,P1,high,2.0,prescription_medicale,5,5,1,-1,780,826,835,835,25,1,,PU_R0643,DO_R0643,2026-05-18 13:00:00,2026-05-18 13:46:00,2026-05-18 13:55:00,2026-05-18 13:55:00,13:00,13:46,13:55
R0644,P374,outbound,patient_to_hospital,HOME_P374,H1,H1,other,P2,medium,1.5,standard_assis,5,5,1,-1,615,661,680,680,35,1,R0645,PU_R0644,DO_R0644,2026-05-18 10:15:00,2026-05-18 11:01:00,2026-05-18 11:20:00,2026-05-18 11:20:00,10:15,11:01,11:20
R0645,P374,return,hospital_to_patient,H1,HOME_P374,H1,other,P2,medium,1.5,standard_assis,5,5,1,-1,755,780,830,755,35,1,R0644,PU_R0645,DO_R0645,2026-05-18 12:35:00,2026-05-18 13:00:00,2026-05-18 13:50:00,2026-05-18 12:35:00,12:35,13:00,13:50
R0646,P375,outbound,patient_to_hospital,HOME_P375,H3,H3,dialysis,P1,high,2.0,prescription_medicale,5,5,1,-1,455,499,510,510,25,1,R0647,PU_R0646,DO_R0646,2026-05-18 07:35:00,2026-05-18 08:19:00,2026-05-18 08:30:00,2026-05-18 08:30:00,07:35,08:19,08:30
R0647,P375,return,hospital_to_patient,H3,HOME_P375,H3,dialysis,P1,high,2.0,prescription_medicale,5,5,1,-1,770,785,825,770,25,1,R0646,PU_R0647,DO_R0647,2026-05-18 12:50:00,2026-05-18 13:05:00,2026-05-18 13:45:00,2026-05-18 12:50:00,12:50,13:05,13:45
R0648,P376,outbound,patient_to_hospital,HOME_P376,H2,H2,other,P2,medium,1.5,standard_assis,5,5,1,-1,965,1016,1030,1030,35,1,,PU_R0648,DO_R0648,2026-05-18 16:05:00,2026-05-18 16:56:00,2026-05-18 17:10:00,2026-05-18 17:10:00,16:05,16:56,17:10
R0649,P377,outbound,patient_to_hospital,HOME_P377,H1,H1,other,P2,medium,1.5,prescription_medicale,5,5,1,-1,825,879,890,890,35,1,R0650,PU_R0649,DO_R0649,2026-05-18 13:45:00,2026-05-18 14:39:00,2026-05-18 14:50:00,2026-05-18 14:50:00,13:45,14:39,14:50
R0650,P377,return,hospital_to_patient,H1,HOME_P377,H1,other,P2,medium,1.5,prescription_medicale,5,5,1,-1,985,1010,1060,985,35,1,R0649,PU_R0650,DO_R0650,2026-05-18 16:25:00,2026-05-18 16:50:00,2026-05-18 17:40:00,2026-05-18 16:25:00,16:25,16:50,17:40
R0651,P378,outbound,patient_to_hospital,HOME_P378,H2,H2,other,P2,medium,1.5,standard_assis,5,5,1,-1,830,886,895,895,35,1,R0652,PU_R0651,DO_R0651,2026-05-18 13:50:00,2026-05-18 14:46:00,2026-05-18 14:55:00,2026-05-18 14:55:00,13:50,14:46,14:55
R0652,P378,return,hospital_to_patient,H2,HOME_P378,H2,other,P2,medium,1.5,standard_assis,5,5,1,-1,925,950,1000,925,35,1,R0651,PU_R0652,DO_R0652,2026-05-18 15:25:00,2026-05-18 15:50:00,2026-05-18 16:40:00,2026-05-18 15:25:00,15:25,15:50,16:40
R0653,P379,outbound,patient_to_hospital,HOME_P379,H1,H1,dialysis,P1,high,2.0,vsl_required,5,5,1,-1,450,493,505,505,25,1,R0654,PU_R0653,DO_R0653,2026-05-18 07:30:00,2026-05-18 08:13:00,2026-05-18 08:25:00,2026-05-18 08:25:00,07:30,08:13,08:25
R0654,P379,return,hospital_to_patient,H1,HOME_P379,H1,dialysis,P1,high,2.0,vsl_required,5,5,1,-1,745,760,800,745,25,1,R0653,PU_R0654,DO_R0654,2026-05-18 12:25:00,2026-05-18 12:40:00,2026-05-18 13:20:00,2026-05-18 12:25:00,12:25,12:40,13:20
R0655,P380,outbound,patient_to_hospital,HOME_P380,H1,H1,other,P2,medium,1.5,standard_assis,5,5,1,-1,940,997,1005,1005,35,1,,PU_R0655,DO_R0655,2026-05-18 15:40:00,2026-05-18 16:37:00,2026-05-18 16:45:00,2026-05-18 16:45:00,15:40,16:37,16:45
R0656,P381,outbound,patient_to_hospital,HOME_P381,H1,H1,dialysis,P1,high,2.0,prescription_medicale,5,5,1,-1,745,787,800,800,25,1,,PU_R0656,DO_R0656,2026-05-18 12:25:00,2026-05-18 13:07:00,2026-05-18 13:20:00,2026-05-18 13:20:00,12:25,13:07,13:20
R0657,P382,outbound,patient_to_hospital,HOME_P382,H1,H1,oncology,P1,high,2.0,standard_assis,5,5,1,-1,455,501,510,510,25,1,R0658,PU_R0657,DO_R0657,2026-05-18 07:35:00,2026-05-18 08:21:00,2026-05-18 08:30:00,2026-05-18 08:30:00,07:35,08:21,08:30
R0658,P382,return,hospital_to_patient,H1,HOME_P382,H1,oncology,P1,high,2.0,standard_assis,5,5,1,-1,675,690,730,675,25,1,R0657,PU_R0658,DO_R0658,2026-05-18 11:15:00,2026-05-18 11:30:00,2026-05-18 12:10:00,2026-05-18 11:15:00,11:15,11:30,12:10
R0659,P383,outbound,patient_to_hospital,HOME_P383,H1,H1,dialysis,P1,high,2.0,vsl_required,5,5,1,-1,725,775,780,780,25,1,R0660,PU_R0659,DO_R0659,2026-05-18 12:05:00,2026-05-18 12:55:00,2026-05-18 13:00:00,2026-05-18 13:00:00,12:05,12:55,13:00
R0660,P383,return,hospital_to_patient,H1,HOME_P383,H1,dialysis,P1,high,2.0,vsl_required,5,5,1,-1,1020,1035,1075,1020,25,1,R0659,PU_R0660,DO_R0660,2026-05-18 17:00:00,2026-05-18 17:15:00,2026-05-18 17:55:00,2026-05-18 17:00:00,17:00,17:15,17:55
R0661,P384,outbound,patient_to_hospital,HOME_P384,H1,H1,other,P2,medium,1.5,prescription_medicale,5,5,1,-1,825,878,890,890,35,1,R0662,PU_R0661,DO_R0661,2026-05-18 13:45:00,2026-05-18 14:38:00,2026-05-18 14:50:00,2026-05-18 14:50:00,13:45,14:38,14:50
R0662,P384,return,hospital_to_patient,H1,HOME_P384,H1,other,P2,medium,1.5,prescription_medicale,5,5,1,-1,960,985,1035,960,35,1,R0661,PU_R0662,DO_R0662,2026-05-18 16:00:00,2026-05-18 16:25:00,2026-05-18 17:15:00,2026-05-18 16:00:00,16:00,16:25,17:15
R0663,P385,outbound,patient_to_hospital,HOME_P385,H1,H1,external,P3,low,1.0,prescription_medicale,5,5,1,-1,485,537,565,565,50,1,R0664,PU_R0663,DO_R0663,2026-05-18 08:05:00,2026-05-18 08:57:00,2026-05-18 09:25:00,2026-05-18 09:25:00,08:05,08:57,09:25
R0664,P385,return,hospital_to_patient,H1,HOME_P385,H1,external,P3,low,1.0,prescription_medicale,5,5,1,-1,585,620,685,585,50,1,R0663,PU_R0664,DO_R0664,2026-05-18 09:45:00,2026-05-18 10:20:00,2026-05-18 11:25:00,2026-05-18 09:45:00,09:45,10:20,11:25
R0665,P386,outbound,patient_to_hospital,HOME_P386,H1,H1,other,P2,medium,1.5,standard_assis,5,5,1,-1,945,989,1010,1010,35,1,,PU_R0665,DO_R0665,2026-05-18 15:45:00,2026-05-18 16:29:00,2026-05-18 16:50:00,2026-05-18 16:50:00,15:45,16:29,16:50
R0666,P387,outbound,patient_to_hospital,HOME_P387,H3,H3,dialysis,P1,high,2.0,prescription_medicale,5,5,1,-1,725,775,780,780,25,1,R0667,PU_R0666,DO_R0666,2026-05-18 12:05:00,2026-05-18 12:55:00,2026-05-18 13:00:00,2026-05-18 13:00:00,12:05,12:55,13:00
R0667,P387,return,hospital_to_patient,H3,HOME_P387,H3,dialysis,P1,high,2.0,prescription_medicale,5,5,1,-1,1005,1020,1060,1005,25,1,R0666,PU_R0667,DO_R0667,2026-05-18 16:45:00,2026-05-18 17:00:00,2026-05-18 17:40:00,2026-05-18 16:45:00,16:45,17:00,17:40
R0668,P388,outbound,patient_to_hospital,HOME_P388,H2,H2,oncology,P1,high,2.0,vsl_required,5,5,1,-1,440,478,495,495,25,1,R0669,PU_R0668,DO_R0668,2026-05-18 07:20:00,2026-05-18 07:58:00,2026-05-18 08:15:00,2026-05-18 08:15:00,07:20,07:58,08:15
R0669,P388,return,hospital_to_patient,H2,HOME_P388,H2,oncology,P1,high,2.0,vsl_required,5,5,1,-1,815,830,870,815,25,1,R0668,PU_R0669,DO_R0669,2026-05-18 13:35:00,2026-05-18 13:50:00,2026-05-18 14:30:00,2026-05-18 13:35:00,13:35,13:50,14:30
R0670,P389,outbound,patient_to_hospital,HOME_P389,H2,H2,dialysis,P1,high,2.0,vsl_required,5,5,1,-1,480,521,535,535,25,1,R0671,PU_R0670,DO_R0670,2026-05-18 08:00:00,2026-05-18 08:41:00,2026-05-18 08:55:00,2026-05-18 08:55:00,08:00,08:41,08:55
R0671,P389,return,hospital_to_patient,H2,HOME_P389,H2,dialysis,P1,high,2.0,vsl_required,5,5,1,-1,755,770,810,755,25,1,R0670,PU_R0671,DO_R0671,2026-05-18 12:35:00,2026-05-18 12:50:00,2026-05-18 13:30:00,2026-05-18 12:35:00,12:35,12:50,13:30
R0672,P390,outbound,patient_to_hospital,HOME_P390,H3,H3,dialysis,P1,high,2.0,prescription_medicale,5,5,1,-1,435,478,490,490,25,1,R0673,PU_R0672,DO_R0672,2026-05-18 07:15:00,2026-05-18 07:58:00,2026-05-18 08:10:00,2026-05-18 08:10:00,07:15,07:58,08:10
R0673,P390,return,hospital_to_patient,H3,HOME_P390,H3,dialysis,P1,high,2.0,prescription_medicale,5,5,1,-1,720,735,775,720,25,1,R0672,PU_R0673,DO_R0673,2026-05-18 12:00:00,2026-05-18 12:15:00,2026-05-18 12:55:00,2026-05-18 12:00:00,12:00,12:15,12:55
R0674,P391,outbound,patient_to_hospital,HOME_P391,H2,H2,oncology,P1,high,2.0,standard_assis,5,5,1,-1,465,511,520,520,25,1,R0675,PU_R0674,DO_R0674,2026-05-18 07:45:00,2026-05-18 08:31:00,2026-05-18 08:40:00,2026-05-18 08:40:00,07:45,08:31,08:40
R0675,P391,return,hospital_to_patient,H2,HOME_P391,H2,oncology,P1,high,2.0,standard_assis,5,5,1,-1,610,625,665,610,25,1,R0674,PU_R0675,DO_R0675,2026-05-18 10:10:00,2026-05-18 10:25:00,2026-05-18 11:05:00,2026-05-18 10:10:00,10:10,10:25,11:05
R0676,P392,outbound,patient_to_hospital,HOME_P392,H1,H1,other,P2,medium,1.5,standard_assis,5,5,1,-1,630,675,695,695,35,1,R0677,PU_R0676,DO_R0676,2026-05-18 10:30:00,2026-05-18 11:15:00,2026-05-18 11:35:00,2026-05-18 11:35:00,10:30,11:15,11:35
R0677,P392,return,hospital_to_patient,H1,HOME_P392,H1,other,P2,medium,1.5,standard_assis,5,5,1,-1,760,785,835,760,35,1,R0676,PU_R0677,DO_R0677,2026-05-18 12:40:00,2026-05-18 13:05:00,2026-05-18 13:55:00,2026-05-18 12:40:00,12:40,13:05,13:55
R0678,P393,outbound,patient_to_hospital,HOME_P393,H3,H3,dialysis,P1,high,2.0,vsl_required,5,5,1,-1,985,1032,1040,1040,25,1,,PU_R0678,DO_R0678,2026-05-18 16:25:00,2026-05-18 17:12:00,2026-05-18 17:20:00,2026-05-18 17:20:00,16:25,17:12,17:20
R0679,P394,outbound,patient_to_hospital,HOME_P394,H2,H2,dialysis,P1,high,2.0,prescription_medicale,5,5,1,-1,760,804,815,815,25,1,,PU_R0679,DO_R0679,2026-05-18 12:40:00,2026-05-18 13:24:00,2026-05-18 13:35:00,2026-05-18 13:35:00,12:40,13:24,13:35
R0680,P395,outbound,patient_to_hospital,HOME_P395,H1,H1,external,P3,low,1.0,standard_assis,5,5,1,-1,652,705,735,735,53,1,R0681,PU_R0680,DO_R0680,2026-05-18 10:52:00,2026-05-18 11:45:00,2026-05-18 12:15:00,2026-05-18 12:15:00,10:52,11:45,12:15
R0681,P395,return,hospital_to_patient,H1,HOME_P395,H1,external,P3,low,1.0,standard_assis,5,5,1,-1,765,800,868,765,53,1,R0680,PU_R0681,DO_R0681,2026-05-18 12:45:00,2026-05-18 13:20:00,2026-05-18 14:28:00,2026-05-18 12:45:00,12:45,13:20,14:28
R0682,P396,outbound,patient_to_hospital,HOME_P396,H2,H2,other,P2,medium,1.5,prescription_medicale,5,5,1,-1,605,650,670,670,35,1,R0683,PU_R0682,DO_R0682,2026-05-18 10:05:00,2026-05-18 10:50:00,2026-05-18 11:10:00,2026-05-18 11:10:00,10:05,10:50,11:10
R0683,P396,return,hospital_to_patient,H2,HOME_P396,H2,other,P2,medium,1.5,prescription_medicale,5,5,1,-1,700,725,775,700,35,1,R0682,PU_R0683,DO_R0683,2026-05-18 11:40:00,2026-05-18 12:05:00,2026-05-18 12:55:00,2026-05-18 11:40:00,11:40,12:05,12:55
R0684,P397,outbound,patient_to_hospital,HOME_P397,H1,H1,dialysis,P1,high,2.0,vsl_required,5,5,1,-1,725,772,780,780,25,1,R0685,PU_R0684,DO_R0684,2026-05-18 12:05:00,2026-05-18 12:52:00,2026-05-18 13:00:00,2026-05-18 13:00:00,12:05,12:52,13:00
R0685,P397,return,hospital_to_patient,H1,HOME_P397,H1,dialysis,P1,high,2.0,vsl_required,5,5,1,-1,1020,1035,1075,1020,25,1,R0684,PU_R0685,DO_R0685,2026-05-18 17:00:00,2026-05-18 17:15:00,2026-05-18 17:55:00,2026-05-18 17:00:00,17:00,17:15,17:55
R0686,P398,outbound,patient_to_hospital,HOME_P398,H1,H1,other,P2,medium,1.5,standard_assis,5,5,1,-1,570,614,635,635,35,1,R0687,PU_R0686,DO_R0686,2026-05-18 09:30:00,2026-05-18 10:14:00,2026-05-18 10:35:00,2026-05-18 10:35:00,09:30,10:14,10:35
R0687,P398,return,hospital_to_patient,H1,HOME_P398,H1,other,P2,medium,1.5,standard_assis,5,5,1,-1,705,730,780,705,35,1,R0686,PU_R0687,DO_R0687,2026-05-18 11:45:00,2026-05-18 12:10:00,2026-05-18 13:00:00,2026-05-18 11:45:00,11:45,12:10,13:00
R0688,P399,outbound,patient_to_hospital,HOME_P399,H1,H1,dialysis,P1,high,2.0,vsl_required,5,5,1,-1,750,798,805,805,25,1,,PU_R0688,DO_R0688,2026-05-18 12:30:00,2026-05-18 13:18:00,2026-05-18 13:25:00,2026-05-18 13:25:00,12:30,13:18,13:25
R0689,P400,outbound,patient_to_hospital,HOME_P400,H1,H1,oncology,P1,high,2.0,vsl_required,5,5,1,-1,650,688,705,705,25,1,R0690,PU_R0689,DO_R0689,2026-05-18 10:50:00,2026-05-18 11:28:00,2026-05-18 11:45:00,2026-05-18 11:45:00,10:50,11:28,11:45
R0690,P400,return,hospital_to_patient,H1,HOME_P400,H1,oncology,P1,high,2.0,vsl_required,5,5,1,-1,860,875,915,860,25,1,R0689,PU_R0690,DO_R0690,2026-05-18 14:20:00,2026-05-18 14:35:00,2026-05-18 15:15:00,2026-05-18 14:20:00,14:20,14:35,15:15
R0691,P401,outbound,patient_to_hospital,HOME_P401,H2,H2,other,P2,medium,1.5,standard_assis,5,5,1,-1,505,555,570,570,35,1,R0692,PU_R0691,DO_R0691,2026-05-18 08:25:00,2026-05-18 09:15:00,2026-05-18 09:30:00,2026-05-18 09:30:00,08:25,09:15,09:30
R0692,P401,return,hospital_to_patient,H2,HOME_P401,H2,other,P2,medium,1.5,standard_assis,5,5,1,-1,600,625,675,600,35,1,R0691,PU_R0692,DO_R0692,2026-05-18 10:00:00,2026-05-18 10:25:00,2026-05-18 11:15:00,2026-05-18 10:00:00,10:00,10:25,11:15
R0693,P402,outbound,patient_to_hospital,HOME_P402,H3,H3,dialysis,P1,high,2.0,vsl_required,5,5,1,-1,760,805,815,815,25,1,,PU_R0693,DO_R0693,2026-05-18 12:40:00,2026-05-18 13:25:00,2026-05-18 13:35:00,2026-05-18 13:35:00,12:40,13:25,13:35
R0694,P403,outbound,patient_to_hospital,HOME_P403,H1,H1,dialysis,P1,high,2.0,vsl_required,5,5,1,-1,480,521,535,535,25,1,R0695,PU_R0694,DO_R0694,2026-05-18 08:00:00,2026-05-18 08:41:00,2026-05-18 08:55:00,2026-05-18 08:55:00,08:00,08:41,08:55
R0695,P403,return,hospital_to_patient,H1,HOME_P403,H1,dialysis,P1,high,2.0,vsl_required,5,5,1,-1,775,790,830,775,25,1,R0694,PU_R0695,DO_R0695,2026-05-18 12:55:00,2026-05-18 13:10:00,2026-05-18 13:50:00,2026-05-18 12:55:00,12:55,13:10,13:50
R0696,P404,outbound,patient_to_hospital,HOME_P404,H2,H2,other,P2,medium,1.5,vsl_required,5,5,1,-1,620,668,685,685,35,1,R0697,PU_R0696,DO_R0696,2026-05-18 10:20:00,2026-05-18 11:08:00,2026-05-18 11:25:00,2026-05-18 11:25:00,10:20,11:08,11:25
R0697,P404,return,hospital_to_patient,H2,HOME_P404,H2,other,P2,medium,1.5,vsl_required,5,5,1,-1,710,735,785,710,35,1,R0696,PU_R0697,DO_R0697,2026-05-18 11:50:00,2026-05-18 12:15:00,2026-05-18 13:05:00,2026-05-18 11:50:00,11:50,12:15,13:05
R0698,P405,outbound,patient_to_hospital,HOME_P405,H1,H1,dialysis,P1,high,2.0,vsl_required,5,5,1,-1,465,506,520,520,25,1,R0699,PU_R0698,DO_R0698,2026-05-18 07:45:00,2026-05-18 08:26:00,2026-05-18 08:40:00,2026-05-18 08:40:00,07:45,08:26,08:40
R0699,P405,return,hospital_to_patient,H1,HOME_P405,H1,dialysis,P1,high,2.0,vsl_required,5,5,1,-1,760,775,815,760,25,1,R0698,PU_R0699,DO_R0699,2026-05-18 12:40:00,2026-05-18 12:55:00,2026-05-18 13:35:00,2026-05-18 12:40:00,12:40,12:55,13:35
R0700,P406,outbound,patient_to_hospital,HOME_P406,H1,H1,other,P2,medium,1.5,standard_assis,5,5,1,-1,590,635,655,655,35,1,R0701,PU_R0700,DO_R0700,2026-05-18 09:50:00,2026-05-18 10:35:00,2026-05-18 10:55:00,2026-05-18 10:55:00,09:50,10:35,10:55
R0701,P406,return,hospital_to_patient,H1,HOME_P406,H1,other,P2,medium,1.5,standard_assis,5,5,1,-1,720,745,795,720,35,1,R0700,PU_R0701,DO_R0701,2026-05-18 12:00:00,2026-05-18 12:25:00,2026-05-18 13:15:00,2026-05-18 12:00:00,12:00,12:25,13:15
R0702,P407,outbound,patient_to_hospital,HOME_P407,H2,H2,dialysis,P1,high,2.0,vsl_required,5,5,1,-1,425,473,480,480,25,1,R0703,PU_R0702,DO_R0702,2026-05-18 07:05:00,2026-05-18 07:53:00,2026-05-18 08:00:00,2026-05-18 08:00:00,07:05,07:53,08:00
R0703,P407,return,hospital_to_patient,H2,HOME_P407,H2,dialysis,P1,high,2.0,vsl_required,5,5,1,-1,745,760,800,745,25,1,R0702,PU_R0703,DO_R0703,2026-05-18 12:25:00,2026-05-18 12:40:00,2026-05-18 13:20:00,2026-05-18 12:25:00,12:25,12:40,13:20
R0704,P408,outbound,patient_to_hospital,HOME_P408,H1,H1,dialysis,P1,high,2.0,prescription_medicale,5,5,1,-1,735,783,790,790,25,1,,PU_R0704,DO_R0704,2026-05-18 12:15:00,2026-05-18 13:03:00,2026-05-18 13:10:00,2026-05-18 13:10:00,12:15,13:03,13:10
R0705,P409,outbound,patient_to_hospital,HOME_P409,H1,H1,other,P2,medium,1.5,standard_assis,5,5,1,-1,610,662,675,675,35,1,R0706,PU_R0705,DO_R0705,2026-05-18 10:10:00,2026-05-18 11:02:00,2026-05-18 11:15:00,2026-05-18 11:15:00,10:10,11:02,11:15
R0706,P409,return,hospital_to_patient,H1,HOME_P409,H1,other,P2,medium,1.5,standard_assis,5,5,1,-1,760,785,835,760,35,1,R0705,PU_R0706,DO_R0706,2026-05-18 12:40:00,2026-05-18 13:05:00,2026-05-18 13:55:00,2026-05-18 12:40:00,12:40,13:05,13:55
R0707,P410,outbound,patient_to_hospital,HOME_P410,H1,H1,dialysis,P1,high,2.0,prescription_medicale,5,5,1,-1,445,494,500,500,25,1,,PU_R0707,DO_R0707,2026-05-18 07:25:00,2026-05-18 08:14:00,2026-05-18 08:20:00,2026-05-18 08:20:00,07:25,08:14,08:20
R0708,P411,outbound,patient_to_hospital,HOME_P411,H1,H1,oncology,P1,high,2.0,standard_assis,5,5,1,-1,475,521,530,530,25,1,R0709,PU_R0708,DO_R0708,2026-05-18 07:55:00,2026-05-18 08:41:00,2026-05-18 08:50:00,2026-05-18 08:50:00,07:55,08:41,08:50
R0709,P411,return,hospital_to_patient,H1,HOME_P411,H1,oncology,P1,high,2.0,standard_assis,5,5,1,-1,680,695,735,680,25,1,R0708,PU_R0709,DO_R0709,2026-05-18 11:20:00,2026-05-18 11:35:00,2026-05-18 12:15:00,2026-05-18 11:20:00,11:20,11:35,12:15
R0710,P412,outbound,patient_to_hospital,HOME_P412,H2,H2,dialysis,P1,high,2.0,vsl_required,5,5,1,-1,470,520,525,525,25,1,R0711,PU_R0710,DO_R0710,2026-05-18 07:50:00,2026-05-18 08:40:00,2026-05-18 08:45:00,2026-05-18 08:45:00,07:50,08:40,08:45
R0711,P412,return,hospital_to_patient,H2,HOME_P412,H2,dialysis,P1,high,2.0,vsl_required,5,5,1,-1,750,765,805,750,25,1,R0710,PU_R0711,DO_R0711,2026-05-18 12:30:00,2026-05-18 12:45:00,2026-05-18 13:25:00,2026-05-18 12:30:00,12:30,12:45,13:25
R0712,P413,outbound,patient_to_hospital,HOME_P413,H1,H1,other,P2,medium,1.5,standard_assis,5,5,1,-1,810,859,875,875,35,1,R0713,PU_R0712,DO_R0712,2026-05-18 13:30:00,2026-05-18 14:19:00,2026-05-18 14:35:00,2026-05-18 14:35:00,13:30,14:19,14:35
R0713,P413,return,hospital_to_patient,H1,HOME_P413,H1,other,P2,medium,1.5,standard_assis,5,5,1,-1,960,985,1035,960,35,1,R0712,PU_R0713,DO_R0713,2026-05-18 16:00:00,2026-05-18 16:25:00,2026-05-18 17:15:00,2026-05-18 16:00:00,16:00,16:25,17:15
R0714,P414,outbound,patient_to_hospital,HOME_P414,H2,H2,oncology,P1,high,2.0,standard_assis,5,5,1,-1,435,484,490,490,25,1,R0715,PU_R0714,DO_R0714,2026-05-18 07:15:00,2026-05-18 08:04:00,2026-05-18 08:10:00,2026-05-18 08:10:00,07:15,08:04,08:10
R0715,P414,return,hospital_to_patient,H2,HOME_P414,H2,oncology,P1,high,2.0,standard_assis,5,5,1,-1,575,590,630,575,25,1,R0714,PU_R0715,DO_R0715,2026-05-18 09:35:00,2026-05-18 09:50:00,2026-05-18 10:30:00,2026-05-18 09:35:00,09:35,09:50,10:30
R0716,P415,outbound,patient_to_hospital,HOME_P415,H1,H1,oncology,P1,high,2.0,vsl_required,5,5,1,-1,445,484,500,500,25,1,R0717,PU_R0716,DO_R0716,2026-05-18 07:25:00,2026-05-18 08:04:00,2026-05-18 08:20:00,2026-05-18 08:20:00,07:25,08:04,08:20
R0717,P415,return,hospital_to_patient,H1,HOME_P415,H1,oncology,P1,high,2.0,vsl_required,5,5,1,-1,655,670,710,655,25,1,R0716,PU_R0717,DO_R0717,2026-05-18 10:55:00,2026-05-18 11:10:00,2026-05-18 11:50:00,2026-05-18 10:55:00,10:55,11:10,11:50
R0718,P416,outbound,patient_to_hospital,HOME_P416,H3,H3,dialysis,P1,high,2.0,vsl_required,5,5,1,-1,735,784,790,790,25,1,,PU_R0718,DO_R0718,2026-05-18 12:15:00,2026-05-18 13:04:00,2026-05-18 13:10:00,2026-05-18 13:10:00,12:15,13:04,13:10
R0719,P417,outbound,patient_to_hospital,HOME_P417,H2,H2,dialysis,P1,high,2.0,vsl_required,5,5,1,-1,765,808,820,820,25,1,,PU_R0719,DO_R0719,2026-05-18 12:45:00,2026-05-18 13:28:00,2026-05-18 13:40:00,2026-05-18 13:40:00,12:45,13:28,13:40
R0720,P418,outbound,patient_to_hospital,HOME_P418,H1,H1,oncology,P1,high,2.0,prescription_medicale,5,5,1,-1,475,513,530,530,25,1,R0721,PU_R0720,DO_R0720,2026-05-18 07:55:00,2026-05-18 08:33:00,2026-05-18 08:50:00,2026-05-18 08:50:00,07:55,08:33,08:50
R0721,P418,return,hospital_to_patient,H1,HOME_P418,H1,oncology,P1,high,2.0,prescription_medicale,5,5,1,-1,695,710,750,695,25,1,R0720,PU_R0721,DO_R0721,2026-05-18 11:35:00,2026-05-18 11:50:00,2026-05-18 12:30:00,2026-05-18 11:35:00,11:35,11:50,12:30
R0722,P419,outbound,patient_to_hospital,HOME_P419,H3,H3,dialysis,P1,high,2.0,vsl_required,5,5,1,-1,750,794,805,805,25,1,,PU_R0722,DO_R0722,2026-05-18 12:30:00,2026-05-18 13:14:00,2026-05-18 13:25:00,2026-05-18 13:25:00,12:30,13:14,13:25
R0723,P420,outbound,patient_to_hospital,HOME_P420,H1,H1,dialysis,P1,high,2.0,vsl_required,5,5,1,-1,760,809,815,815,25,1,,PU_R0723,DO_R0723,2026-05-18 12:40:00,2026-05-18 13:29:00,2026-05-18 13:35:00,2026-05-18 13:35:00,12:40,13:29,13:35
R0724,P421,outbound,patient_to_hospital,HOME_P421,H2,H2,dialysis,P1,high,2.0,vsl_required,5,5,1,-1,745,790,800,800,25,1,,PU_R0724,DO_R0724,2026-05-18 12:25:00,2026-05-18 13:10:00,2026-05-18 13:20:00,2026-05-18 13:20:00,12:25,13:10,13:20
R0725,P422,outbound,patient_to_hospital,HOME_P422,H1,H1,dialysis,P1,high,2.0,vsl_required,5,5,1,-1,750,795,805,805,25,1,,PU_R0725,DO_R0725,2026-05-18 12:30:00,2026-05-18 13:15:00,2026-05-18 13:25:00,2026-05-18 13:25:00,12:30,13:15,13:25
R0726,P423,outbound,patient_to_hospital,HOME_P423,H1,H1,oncology,P1,high,2.0,vsl_required,5,5,1,-1,815,856,870,870,25,1,R0727,PU_R0726,DO_R0726,2026-05-18 13:35:00,2026-05-18 14:16:00,2026-05-18 14:30:00,2026-05-18 14:30:00,13:35,14:16,14:30
R0727,P423,return,hospital_to_patient,H1,HOME_P423,H1,oncology,P1,high,2.0,vsl_required,5,5,1,-1,1020,1035,1075,1020,25,1,R0726,PU_R0727,DO_R0727,2026-05-18 17:00:00,2026-05-18 17:15:00,2026-05-18 17:55:00,2026-05-18 17:00:00,17:00,17:15,17:55
R0728,P424,outbound,patient_to_hospital,HOME_P424,H1,H1,dialysis,P1,high,2.0,vsl_required,5,5,1,-1,440,486,495,495,25,1,R0729,PU_R0728,DO_R0728,2026-05-18 07:20:00,2026-05-18 08:06:00,2026-05-18 08:15:00,2026-05-18 08:15:00,07:20,08:06,08:15
R0729,P424,return,hospital_to_patient,H1,HOME_P424,H1,dialysis,P1,high,2.0,vsl_required,5,5,1,-1,735,750,790,735,25,1,R0728,PU_R0729,DO_R0729,2026-05-18 12:15:00,2026-05-18 12:30:00,2026-05-18 13:10:00,2026-05-18 12:15:00,12:15,12:30,13:10
R0730,P425,outbound,patient_to_hospital,HOME_P425,H3,H3,dialysis,P1,high,2.0,vsl_required,5,5,1,-1,735,776,790,790,25,1,R0731,PU_R0730,DO_R0730,2026-05-18 12:15:00,2026-05-18 12:56:00,2026-05-18 13:10:00,2026-05-18 13:10:00,12:15,12:56,13:10
R0731,P425,return,hospital_to_patient,H3,HOME_P425,H3,dialysis,P1,high,2.0,vsl_required,5,5,1,-1,1000,1015,1055,1000,25,1,R0730,PU_R0731,DO_R0731,2026-05-18 16:40:00,2026-05-18 16:55:00,2026-05-18 17:35:00,2026-05-18 16:40:00,16:40,16:55,17:35
R0732,P426,outbound,patient_to_hospital,HOME_P426,H2,H2,other,P2,medium,1.5,standard_assis,5,5,1,-1,955,1013,1020,1020,35,1,,PU_R0732,DO_R0732,2026-05-18 15:55:00,2026-05-18 16:53:00,2026-05-18 17:00:00,2026-05-18 17:00:00,15:55,16:53,17:00
R0733,P427,outbound,patient_to_hospital,HOME_P427,H2,H2,other,P2,medium,1.5,prescription_medicale,5,5,1,-1,1005,1052,1070,1070,35,1,,PU_R0733,DO_R0733,2026-05-18 16:45:00,2026-05-18 17:32:00,2026-05-18 17:50:00,2026-05-18 17:50:00,16:45,17:32,17:50
R0734,P428,outbound,patient_to_hospital,HOME_P428,H2,H2,oncology,P1,high,2.0,prescription_medicale,5,5,1,-1,850,887,905,905,25,1,,PU_R0734,DO_R0734,2026-05-18 14:10:00,2026-05-18 14:47:00,2026-05-18 15:05:00,2026-05-18 15:05:00,14:10,14:47,15:05
R0735,P429,outbound,patient_to_hospital,HOME_P429,H1,H1,oncology,P1,high,2.0,vsl_required,5,5,1,-1,620,670,675,675,25,1,R0736,PU_R0735,DO_R0735,2026-05-18 10:20:00,2026-05-18 11:10:00,2026-05-18 11:15:00,2026-05-18 11:15:00,10:20,11:10,11:15
R0736,P429,return,hospital_to_patient,H1,HOME_P429,H1,oncology,P1,high,2.0,vsl_required,5,5,1,-1,825,840,880,825,25,1,R0735,PU_R0736,DO_R0736,2026-05-18 13:45:00,2026-05-18 14:00:00,2026-05-18 14:40:00,2026-05-18 13:45:00,13:45,14:00,14:40
R0737,P430,outbound,patient_to_hospital,HOME_P430,H1,H1,dialysis,P1,high,2.0,prescription_medicale,5,5,1,-1,735,783,790,790,25,1,,PU_R0737,DO_R0737,2026-05-18 12:15:00,2026-05-18 13:03:00,2026-05-18 13:10:00,2026-05-18 13:10:00,12:15,13:03,13:10
R0738,P431,outbound,patient_to_hospital,HOME_P431,H1,H1,dialysis,P1,high,2.0,vsl_required,5,5,1,-1,765,814,820,820,25,1,,PU_R0738,DO_R0738,2026-05-18 12:45:00,2026-05-18 13:34:00,2026-05-18 13:40:00,2026-05-18 13:40:00,12:45,13:34,13:40
R0739,P432,outbound,patient_to_hospital,HOME_P432,H1,H1,oncology,P1,high,2.0,vsl_required,5,5,1,-1,425,464,480,480,25,1,R0740,PU_R0739,DO_R0739,2026-05-18 07:05:00,2026-05-18 07:44:00,2026-05-18 08:00:00,2026-05-18 08:00:00,07:05,07:44,08:00
R0740,P432,return,hospital_to_patient,H1,HOME_P432,H1,oncology,P1,high,2.0,vsl_required,5,5,1,-1,645,660,700,645,25,1,R0739,PU_R0740,DO_R0740,2026-05-18 10:45:00,2026-05-18 11:00:00,2026-05-18 11:40:00,2026-05-18 10:45:00,10:45,11:00,11:40
R0741,P433,outbound,patient_to_hospital,HOME_P433,H1,H1,other,P2,medium,1.5,vsl_required,5,5,1,-1,785,830,850,850,35,1,R0742,PU_R0741,DO_R0741,2026-05-18 13:05:00,2026-05-18 13:50:00,2026-05-18 14:10:00,2026-05-18 14:10:00,13:05,13:50,14:10
R0742,P433,return,hospital_to_patient,H1,HOME_P433,H1,other,P2,medium,1.5,vsl_required,5,5,1,-1,945,970,1020,945,35,1,R0741,PU_R0742,DO_R0742,2026-05-18 15:45:00,2026-05-18 16:10:00,2026-05-18 17:00:00,2026-05-18 15:45:00,15:45,16:10,17:00
R0743,P434,outbound,patient_to_hospital,HOME_P434,H1,H1,oncology,P1,high,2.0,prescription_medicale,5,5,1,-1,430,467,485,485,25,1,R0744,PU_R0743,DO_R0743,2026-05-18 07:10:00,2026-05-18 07:47:00,2026-05-18 08:05:00,2026-05-18 08:05:00,07:10,07:47,08:05
R0744,P434,return,hospital_to_patient,H1,HOME_P434,H1,oncology,P1,high,2.0,prescription_medicale,5,5,1,-1,665,680,720,665,25,1,R0743,PU_R0744,DO_R0744,2026-05-18 11:05:00,2026-05-18 11:20:00,2026-05-18 12:00:00,2026-05-18 11:05:00,11:05,11:20,12:00
R0745,P435,outbound,patient_to_hospital,HOME_P435,H1,H1,dialysis,P1,high,2.0,vsl_required,5,5,1,-1,470,513,525,525,25,1,R0746,PU_R0745,DO_R0745,2026-05-18 07:50:00,2026-05-18 08:33:00,2026-05-18 08:45:00,2026-05-18 08:45:00,07:50,08:33,08:45
R0746,P435,return,hospital_to_patient,H1,HOME_P435,H1,dialysis,P1,high,2.0,vsl_required,5,5,1,-1,765,780,820,765,25,1,R0745,PU_R0746,DO_R0746,2026-05-18 12:45:00,2026-05-18 13:00:00,2026-05-18 13:40:00,2026-05-18 12:45:00,12:45,13:00,13:40
R0747,P436,outbound,patient_to_hospital,HOME_P436,H2,H2,other,P2,medium,1.5,standard_assis,5,5,1,-1,465,509,530,530,35,1,R0748,PU_R0747,DO_R0747,2026-05-18 07:45:00,2026-05-18 08:29:00,2026-05-18 08:50:00,2026-05-18 08:50:00,07:45,08:29,08:50
R0748,P436,return,hospital_to_patient,H2,HOME_P436,H2,other,P2,medium,1.5,standard_assis,5,5,1,-1,570,595,645,570,35,1,R0747,PU_R0748,DO_R0748,2026-05-18 09:30:00,2026-05-18 09:55:00,2026-05-18 10:45:00,2026-05-18 09:30:00,09:30,09:55,10:45
R0749,P437,outbound,patient_to_hospital,HOME_P437,H1,H1,dialysis,P1,high,2.0,vsl_required,5,5,1,-1,745,790,800,800,25,1,,PU_R0749,DO_R0749,2026-05-18 12:25:00,2026-05-18 13:10:00,2026-05-18 13:20:00,2026-05-18 13:20:00,12:25,13:10,13:20
R0750,P438,outbound,patient_to_hospital,HOME_P438,H1,H1,other,P2,medium,1.5,vsl_required,5,5,1,-1,495,542,560,560,35,1,R0751,PU_R0750,DO_R0750,2026-05-18 08:15:00,2026-05-18 09:02:00,2026-05-18 09:20:00,2026-05-18 09:20:00,08:15,09:02,09:20
R0751,P438,return,hospital_to_patient,H1,HOME_P438,H1,other,P2,medium,1.5,vsl_required,5,5,1,-1,665,690,740,665,35,1,R0750,PU_R0751,DO_R0751,2026-05-18 11:05:00,2026-05-18 11:30:00,2026-05-18 12:20:00,2026-05-18 11:05:00,11:05,11:30,12:20
R0752,P439,outbound,patient_to_hospital,HOME_P439,H2,H2,other,P2,medium,1.5,standard_assis,5,5,1,-1,960,1006,1025,1025,35,1,,PU_R0752,DO_R0752,2026-05-18 16:00:00,2026-05-18 16:46:00,2026-05-18 17:05:00,2026-05-18 17:05:00,16:00,16:46,17:05
R0753,P440,outbound,patient_to_hospital,HOME_P440,H1,H1,external,P3,low,1.0,prescription_medicale,5,5,1,-1,485,537,560,560,45,1,R0754,PU_R0753,DO_R0753,2026-05-18 08:05:00,2026-05-18 08:57:00,2026-05-18 09:20:00,2026-05-18 09:20:00,08:05,08:57,09:20
R0754,P440,return,hospital_to_patient,H1,HOME_P440,H1,external,P3,low,1.0,prescription_medicale,5,5,1,-1,580,615,675,580,45,1,R0753,PU_R0754,DO_R0754,2026-05-18 09:40:00,2026-05-18 10:15:00,2026-05-18 11:15:00,2026-05-18 09:40:00,09:40,10:15,11:15
R0755,P441,outbound,patient_to_hospital,HOME_P441,H1,H1,other,P2,medium,1.5,standard_assis,5,5,1,-1,455,500,520,520,35,1,R0756,PU_R0755,DO_R0755,2026-05-18 07:35:00,2026-05-18 08:20:00,2026-05-18 08:40:00,2026-05-18 08:40:00,07:35,08:20,08:40
R0756,P441,return,hospital_to_patient,H1,HOME_P441,H1,other,P2,medium,1.5,standard_assis,5,5,1,-1,600,625,675,600,35,1,R0755,PU_R0756,DO_R0756,2026-05-18 10:00:00,2026-05-18 10:25:00,2026-05-18 11:15:00,2026-05-18 10:00:00,10:00,10:25,11:15
R0757,P442,outbound,patient_to_hospital,HOME_P442,H1,H1,other,P2,medium,1.5,prescription_medicale,5,5,1,-1,620,670,685,685,35,1,R0758,PU_R0757,DO_R0757,2026-05-18 10:20:00,2026-05-18 11:10:00,2026-05-18 11:25:00,2026-05-18 11:25:00,10:20,11:10,11:25
R0758,P442,return,hospital_to_patient,H1,HOME_P442,H1,other,P2,medium,1.5,prescription_medicale,5,5,1,-1,745,770,820,745,35,1,R0757,PU_R0758,DO_R0758,2026-05-18 12:25:00,2026-05-18 12:50:00,2026-05-18 13:40:00,2026-05-18 12:25:00,12:25,12:50,13:40
R0759,P443,outbound,patient_to_hospital,HOME_P443,H2,H2,other,P2,medium,1.5,standard_assis,5,5,1,-1,970,1019,1035,1035,35,1,,PU_R0759,DO_R0759,2026-05-18 16:10:00,2026-05-18 16:59:00,2026-05-18 17:15:00,2026-05-18 17:15:00,16:10,16:59,17:15
R0760,P444,outbound,patient_to_hospital,HOME_P444,H1,H1,dialysis,P1,high,2.0,vsl_required,5,5,1,-1,760,808,815,815,25,1,,PU_R0760,DO_R0760,2026-05-18 12:40:00,2026-05-18 13:28:00,2026-05-18 13:35:00,2026-05-18 13:35:00,12:40,13:28,13:35
R0761,P445,outbound,patient_to_hospital,HOME_P445,H1,H1,dialysis,P1,high,2.0,vsl_required,5,5,1,-1,445,489,500,500,25,1,R0762,PU_R0761,DO_R0761,2026-05-18 07:25:00,2026-05-18 08:09:00,2026-05-18 08:20:00,2026-05-18 08:20:00,07:25,08:09,08:20
R0762,P445,return,hospital_to_patient,H1,HOME_P445,H1,dialysis,P1,high,2.0,vsl_required,5,5,1,-1,740,755,795,740,25,1,R0761,PU_R0762,DO_R0762,2026-05-18 12:20:00,2026-05-18 12:35:00,2026-05-18 13:15:00,2026-05-18 12:20:00,12:20,12:35,13:15
R0763,P446,outbound,patient_to_hospital,HOME_P446,H1,H1,other,P2,medium,1.5,standard_assis,5,5,1,-1,515,561,580,580,35,1,R0764,PU_R0763,DO_R0763,2026-05-18 08:35:00,2026-05-18 09:21:00,2026-05-18 09:40:00,2026-05-18 09:40:00,08:35,09:21,09:40
R0764,P446,return,hospital_to_patient,H1,HOME_P446,H1,other,P2,medium,1.5,standard_assis,5,5,1,-1,650,675,725,650,35,1,R0763,PU_R0764,DO_R0764,2026-05-18 10:50:00,2026-05-18 11:15:00,2026-05-18 12:05:00,2026-05-18 10:50:00,10:50,11:15,12:05
R0765,P447,outbound,patient_to_hospital,HOME_P447,H1,H1,dialysis,P1,high,2.0,prescription_medicale,5,5,1,-1,470,520,525,525,25,1,R0766,PU_R0765,DO_R0765,2026-05-18 07:50:00,2026-05-18 08:40:00,2026-05-18 08:45:00,2026-05-18 08:45:00,07:50,08:40,08:45
R0766,P447,return,hospital_to_patient,H1,HOME_P447,H1,dialysis,P1,high,2.0,prescription_medicale,5,5,1,-1,765,780,820,765,25,1,R0765,PU_R0766,DO_R0766,2026-05-18 12:45:00,2026-05-18 13:00:00,2026-05-18 13:40:00,2026-05-18 12:45:00,12:45,13:00,13:40
R0767,P448,outbound,patient_to_hospital,HOME_P448,H3,H3,dialysis,P1,high,2.0,vsl_required,5,5,1,-1,775,823,830,830,25,1,,PU_R0767,DO_R0767,2026-05-18 12:55:00,2026-05-18 13:43:00,2026-05-18 13:50:00,2026-05-18 13:50:00,12:55,13:43,13:50
R0768,P449,outbound,patient_to_hospital,HOME_P449,H1,H1,other,P2,medium,1.5,standard_assis,5,5,1,-1,840,895,905,905,35,1,,PU_R0768,DO_R0768,2026-05-18 14:00:00,2026-05-18 14:55:00,2026-05-18 15:05:00,2026-05-18 15:05:00,14:00,14:55,15:05
R0769,P450,outbound,patient_to_hospital,HOME_P450,H1,H1,other,P2,medium,1.5,standard_assis,5,5,1,-1,475,531,540,540,35,1,R0770,PU_R0769,DO_R0769,2026-05-18 07:55:00,2026-05-18 08:51:00,2026-05-18 09:00:00,2026-05-18 09:00:00,07:55,08:51,09:00
R0770,P450,return,hospital_to_patient,H1,HOME_P450,H1,other,P2,medium,1.5,standard_assis,5,5,1,-1,610,635,685,610,35,1,R0769,PU_R0770,DO_R0770,2026-05-18 10:10:00,2026-05-18 10:35:00,2026-05-18 11:25:00,2026-05-18 10:10:00,10:10,10:35,11:25
R0771,P451,outbound,patient_to_hospital,HOME_P451,H2,H2,dialysis,P1,high,2.0,vsl_required,5,5,1,-1,425,468,480,480,25,1,R0772,PU_R0771,DO_R0771,2026-05-18 07:05:00,2026-05-18 07:48:00,2026-05-18 08:00:00,2026-05-18 08:00:00,07:05,07:48,08:00
R0772,P451,return,hospital_to_patient,H2,HOME_P451,H2,dialysis,P1,high,2.0,vsl_required,5,5,1,-1,730,745,785,730,25,1,R0771,PU_R0772,DO_R0772,2026-05-18 12:10:00,2026-05-18 12:25:00,2026-05-18 13:05:00,2026-05-18 12:10:00,12:10,12:25,13:05
R0773,P452,outbound,patient_to_hospital,HOME_P452,H1,H1,other,P2,medium,1.5,standard_assis,5,5,1,-1,445,500,510,510,35,1,R0774,PU_R0773,DO_R0773,2026-05-18 07:25:00,2026-05-18 08:20:00,2026-05-18 08:30:00,2026-05-18 08:30:00,07:25,08:20,08:30
R0774,P452,return,hospital_to_patient,H1,HOME_P452,H1,other,P2,medium,1.5,standard_assis,5,5,1,-1,575,600,650,575,35,1,R0773,PU_R0774,DO_R0774,2026-05-18 09:35:00,2026-05-18 10:00:00,2026-05-18 10:50:00,2026-05-18 09:35:00,09:35,10:00,10:50
R0775,P453,outbound,patient_to_hospital,HOME_P453,H2,H2,oncology,P1,high,2.0,prescription_medicale,5,5,1,-1,475,519,530,530,25,1,R0776,PU_R0775,DO_R0775,2026-05-18 07:55:00,2026-05-18 08:39:00,2026-05-18 08:50:00,2026-05-18 08:50:00,07:55,08:39,08:50
R0776,P453,return,hospital_to_patient,H2,HOME_P453,H2,oncology,P1,high,2.0,prescription_medicale,5,5,1,-1,635,650,690,635,25,1,R0775,PU_R0776,DO_R0776,2026-05-18 10:35:00,2026-05-18 10:50:00,2026-05-18 11:30:00,2026-05-18 10:35:00,10:35,10:50,11:30
R0777,P454,outbound,patient_to_hospital,HOME_P454,H1,H1,other,P2,medium,1.5,standard_assis,5,5,1,-1,850,896,915,915,35,1,,PU_R0777,DO_R0777,2026-05-18 14:10:00,2026-05-18 14:56:00,2026-05-18 15:15:00,2026-05-18 15:15:00,14:10,14:56,15:15
R0778,P455,outbound,patient_to_hospital,HOME_P455,H1,H1,dialysis,P1,high,2.0,vsl_required,5,5,1,-1,460,505,515,515,25,1,R0779,PU_R0778,DO_R0778,2026-05-18 07:40:00,2026-05-18 08:25:00,2026-05-18 08:35:00,2026-05-18 08:35:00,07:40,08:25,08:35
R0779,P455,return,hospital_to_patient,H1,HOME_P455,H1,dialysis,P1,high,2.0,vsl_required,5,5,1,-1,755,770,810,755,25,1,R0778,PU_R0779,DO_R0779,2026-05-18 12:35:00,2026-05-18 12:50:00,2026-05-18 13:30:00,2026-05-18 12:35:00,12:35,12:50,13:30
R0780,P456,outbound,patient_to_hospital,HOME_P456,H3,H3,dialysis,P1,high,2.0,prescription_medicale,5,5,1,-1,770,814,825,825,25,1,,PU_R0780,DO_R0780,2026-05-18 12:50:00,2026-05-18 13:34:00,2026-05-18 13:45:00,2026-05-18 13:45:00,12:50,13:34,13:45
R0781,P457,outbound,patient_to_hospital,HOME_P457,H2,H2,dialysis,P1,high,2.0,vsl_required,5,5,1,-1,770,814,825,825,25,1,,PU_R0781,DO_R0781,2026-05-18 12:50:00,2026-05-18 13:34:00,2026-05-18 13:45:00,2026-05-18 13:45:00,12:50,13:34,13:45
R0782,P458,outbound,patient_to_hospital,HOME_P458,H2,H2,dialysis,P1,high,2.0,prescription_medicale,5,5,1,-1,440,483,495,495,25,1,R0783,PU_R0782,DO_R0782,2026-05-18 07:20:00,2026-05-18 08:03:00,2026-05-18 08:15:00,2026-05-18 08:15:00,07:20,08:03,08:15
R0783,P458,return,hospital_to_patient,H2,HOME_P458,H2,dialysis,P1,high,2.0,prescription_medicale,5,5,1,-1,745,760,800,745,25,1,R0782,PU_R0783,DO_R0783,2026-05-18 12:25:00,2026-05-18 12:40:00,2026-05-18 13:20:00,2026-05-18 12:25:00,12:25,12:40,13:20
R0784,P459,outbound,patient_to_hospital,HOME_P459,H1,H1,oncology,P1,high,2.0,vsl_required,5,5,1,-1,615,656,670,670,25,1,R0785,PU_R0784,DO_R0784,2026-05-18 10:15:00,2026-05-18 10:56:00,2026-05-18 11:10:00,2026-05-18 11:10:00,10:15,10:56,11:10
R0785,P459,return,hospital_to_patient,H1,HOME_P459,H1,oncology,P1,high,2.0,vsl_required,5,5,1,-1,830,845,885,830,25,1,R0784,PU_R0785,DO_R0785,2026-05-18 13:50:00,2026-05-18 14:05:00,2026-05-18 14:45:00,2026-05-18 13:50:00,13:50,14:05,14:45
R0786,P460,outbound,patient_to_hospital,HOME_P460,H1,H1,oncology,P1,high,2.0,standard_assis,5,5,1,-1,465,513,520,520,25,1,R0787,PU_R0786,DO_R0786,2026-05-18 07:45:00,2026-05-18 08:33:00,2026-05-18 08:40:00,2026-05-18 08:40:00,07:45,08:33,08:40
R0787,P460,return,hospital_to_patient,H1,HOME_P460,H1,oncology,P1,high,2.0,standard_assis,5,5,1,-1,690,705,745,690,25,1,R0786,PU_R0787,DO_R0787,2026-05-18 11:30:00,2026-05-18 11:45:00,2026-05-18 12:25:00,2026-05-18 11:30:00,11:30,11:45,12:25
R0788,P461,outbound,patient_to_hospital,HOME_P461,H1,H1,other,P2,medium,1.5,standard_assis,5,5,1,-1,510,565,575,575,35,1,R0789,PU_R0788,DO_R0788,2026-05-18 08:30:00,2026-05-18 09:25:00,2026-05-18 09:35:00,2026-05-18 09:35:00,08:30,09:25,09:35
R0789,P461,return,hospital_to_patient,H1,HOME_P461,H1,other,P2,medium,1.5,standard_assis,5,5,1,-1,660,685,735,660,35,1,R0788,PU_R0789,DO_R0789,2026-05-18 11:00:00,2026-05-18 11:25:00,2026-05-18 12:15:00,2026-05-18 11:00:00,11:00,11:25,12:15
R0790,P462,outbound,patient_to_hospital,HOME_P462,H2,H2,oncology,P1,high,2.0,vsl_required,5,5,1,-1,455,497,510,510,25,1,R0791,PU_R0790,DO_R0790,2026-05-18 07:35:00,2026-05-18 08:17:00,2026-05-18 08:30:00,2026-05-18 08:30:00,07:35,08:17,08:30
R0791,P462,return,hospital_to_patient,H2,HOME_P462,H2,oncology,P1,high,2.0,vsl_required,5,5,1,-1,630,645,685,630,25,1,R0790,PU_R0791,DO_R0791,2026-05-18 10:30:00,2026-05-18 10:45:00,2026-05-18 11:25:00,2026-05-18 10:30:00,10:30,10:45,11:25
R0792,P463,outbound,patient_to_hospital,HOME_P463,H1,H1,other,P2,medium,1.5,prescription_medicale,5,5,1,-1,630,688,695,695,35,1,R0793,PU_R0792,DO_R0792,2026-05-18 10:30:00,2026-05-18 11:28:00,2026-05-18 11:35:00,2026-05-18 11:35:00,10:30,11:28,11:35
R0793,P463,return,hospital_to_patient,H1,HOME_P463,H1,other,P2,medium,1.5,prescription_medicale,5,5,1,-1,770,795,845,770,35,1,R0792,PU_R0793,DO_R0793,2026-05-18 12:50:00,2026-05-18 13:15:00,2026-05-18 14:05:00,2026-05-18 12:50:00,12:50,13:15,14:05
R0794,P464,outbound,patient_to_hospital,HOME_P464,H3,H3,dialysis,P1,high,2.0,prescription_medicale,5,5,1,-1,755,797,810,810,25,1,R0795,PU_R0794,DO_R0794,2026-05-18 12:35:00,2026-05-18 13:17:00,2026-05-18 13:30:00,2026-05-18 13:30:00,12:35,13:17,13:30
R0795,P464,return,hospital_to_patient,H3,HOME_P464,H3,dialysis,P1,high,2.0,prescription_medicale,5,5,1,-1,1025,1040,1080,1025,25,1,R0794,PU_R0795,DO_R0795,2026-05-18 17:05:00,2026-05-18 17:20:00,2026-05-18 18:00:00,2026-05-18 17:05:00,17:05,17:20,18:00
R0796,P465,outbound,patient_to_hospital,HOME_P465,H1,H1,other,P2,medium,1.5,standard_assis,5,5,1,-1,515,566,580,580,35,1,R0797,PU_R0796,DO_R0796,2026-05-18 08:35:00,2026-05-18 09:26:00,2026-05-18 09:40:00,2026-05-18 09:40:00,08:35,09:26,09:40
R0797,P465,return,hospital_to_patient,H1,HOME_P465,H1,other,P2,medium,1.5,standard_assis,5,5,1,-1,695,720,770,695,35,1,R0796,PU_R0797,DO_R0797,2026-05-18 11:35:00,2026-05-18 12:00:00,2026-05-18 12:50:00,2026-05-18 11:35:00,11:35,12:00,12:50
R0798,P466,outbound,patient_to_hospital,HOME_P466,H2,H2,oncology,P1,high,2.0,vsl_required,5,5,1,-1,455,499,510,510,25,1,R0799,PU_R0798,DO_R0798,2026-05-18 07:35:00,2026-05-18 08:19:00,2026-05-18 08:30:00,2026-05-18 08:30:00,07:35,08:19,08:30
R0799,P466,return,hospital_to_patient,H2,HOME_P466,H2,oncology,P1,high,2.0,vsl_required,5,5,1,-1,585,600,640,585,25,1,R0798,PU_R0799,DO_R0799,2026-05-18 09:45:00,2026-05-18 10:00:00,2026-05-18 10:40:00,2026-05-18 09:45:00,09:45,10:00,10:40
R0800,P467,outbound,patient_to_hospital,HOME_P467,H1,H1,other,P2,medium,1.5,prescription_medicale,5,5,1,-1,800,855,865,865,35,1,R0801,PU_R0800,DO_R0800,2026-05-18 13:20:00,2026-05-18 14:15:00,2026-05-18 14:25:00,2026-05-18 14:25:00,13:20,14:15,14:25
R0801,P467,return,hospital_to_patient,H1,HOME_P467,H1,other,P2,medium,1.5,prescription_medicale,5,5,1,-1,980,1005,1055,980,35,1,R0800,PU_R0801,DO_R0801,2026-05-18 16:20:00,2026-05-18 16:45:00,2026-05-18 17:35:00,2026-05-18 16:20:00,16:20,16:45,17:35
R0802,P468,outbound,patient_to_hospital,HOME_P468,H3,H3,dialysis,P1,high,2.0,prescription_medicale,5,5,1,-1,455,501,510,510,25,1,,PU_R0802,DO_R0802,2026-05-18 07:35:00,2026-05-18 08:21:00,2026-05-18 08:30:00,2026-05-18 08:30:00,07:35,08:21,08:30
R0803,P469,outbound,patient_to_hospital,HOME_P469,H2,H2,dialysis,P1,high,2.0,vsl_required,5,5,1,-1,730,778,785,785,25,1,R0804,PU_R0803,DO_R0803,2026-05-18 12:10:00,2026-05-18 12:58:00,2026-05-18 13:05:00,2026-05-18 13:05:00,12:10,12:58,13:05
R0804,P469,return,hospital_to_patient,H2,HOME_P469,H2,dialysis,P1,high,2.0,vsl_required,5,5,1,-1,1020,1035,1075,1020,25,1,R0803,PU_R0804,DO_R0804,2026-05-18 17:00:00,2026-05-18 17:15:00,2026-05-18 17:55:00,2026-05-18 17:00:00,17:00,17:15,17:55
R0805,P470,outbound,patient_to_hospital,HOME_P470,H2,H2,other,P2,medium,1.5,standard_assis,5,5,1,-1,480,527,545,545,35,1,,PU_R0805,DO_R0805,2026-05-18 08:00:00,2026-05-18 08:47:00,2026-05-18 09:05:00,2026-05-18 09:05:00,08:00,08:47,09:05
R0806,P471,outbound,patient_to_hospital,HOME_P471,H1,H1,oncology,P1,high,2.0,prescription_medicale,5,5,1,-1,660,699,715,715,25,1,R0807,PU_R0806,DO_R0806,2026-05-18 11:00:00,2026-05-18 11:39:00,2026-05-18 11:55:00,2026-05-18 11:55:00,11:00,11:39,11:55
R0807,P471,return,hospital_to_patient,H1,HOME_P471,H1,oncology,P1,high,2.0,prescription_medicale,5,5,1,-1,885,900,940,885,25,1,R0806,PU_R0807,DO_R0807,2026-05-18 14:45:00,2026-05-18 15:00:00,2026-05-18 15:40:00,2026-05-18 14:45:00,14:45,15:00,15:40
R0808,P472,outbound,patient_to_hospital,HOME_P472,H2,H2,other,P2,medium,1.5,prescription_medicale,5,5,1,-1,620,670,685,685,35,1,R0809,PU_R0808,DO_R0808,2026-05-18 10:20:00,2026-05-18 11:10:00,2026-05-18 11:25:00,2026-05-18 11:25:00,10:20,11:10,11:25
R0809,P472,return,hospital_to_patient,H2,HOME_P472,H2,other,P2,medium,1.5,prescription_medicale,5,5,1,-1,710,735,785,710,35,1,R0808,PU_R0809,DO_R0809,2026-05-18 11:50:00,2026-05-18 12:15:00,2026-05-18 13:05:00,2026-05-18 11:50:00,11:50,12:15,13:05
R0810,P473,outbound,patient_to_hospital,HOME_P473,H1,H1,dialysis,P1,high,2.0,vsl_required,5,5,1,-1,470,512,525,525,25,1,R0811,PU_R0810,DO_R0810,2026-05-18 07:50:00,2026-05-18 08:32:00,2026-05-18 08:45:00,2026-05-18 08:45:00,07:50,08:32,08:45
R0811,P473,return,hospital_to_patient,H1,HOME_P473,H1,dialysis,P1,high,2.0,vsl_required,5,5,1,-1,765,780,820,765,25,1,R0810,PU_R0811,DO_R0811,2026-05-18 12:45:00,2026-05-18 13:00:00,2026-05-18 13:40:00,2026-05-18 12:45:00,12:45,13:00,13:40
R0812,P474,outbound,patient_to_hospital,HOME_P474,H2,H2,dialysis,P1,high,2.0,prescription_medicale,5,5,1,-1,470,511,525,525,25,1,R0813,PU_R0812,DO_R0812,2026-05-18 07:50:00,2026-05-18 08:31:00,2026-05-18 08:45:00,2026-05-18 08:45:00,07:50,08:31,08:45
R0813,P474,return,hospital_to_patient,H2,HOME_P474,H2,dialysis,P1,high,2.0,prescription_medicale,5,5,1,-1,750,765,805,750,25,1,R0812,PU_R0813,DO_R0813,2026-05-18 12:30:00,2026-05-18 12:45:00,2026-05-18 13:25:00,2026-05-18 12:30:00,12:30,12:45,13:25
R0814,P475,outbound,patient_to_hospital,HOME_P475,H2,H2,other,P2,medium,1.5,standard_assis,5,5,1,-1,515,562,580,580,35,1,R0815,PU_R0814,DO_R0814,2026-05-18 08:35:00,2026-05-18 09:22:00,2026-05-18 09:40:00,2026-05-18 09:40:00,08:35,09:22,09:40
R0815,P475,return,hospital_to_patient,H2,HOME_P475,H2,other,P2,medium,1.5,standard_assis,5,5,1,-1,620,645,695,620,35,1,R0814,PU_R0815,DO_R0815,2026-05-18 10:20:00,2026-05-18 10:45:00,2026-05-18 11:35:00,2026-05-18 10:20:00,10:20,10:45,11:35
R0816,P476,outbound,patient_to_hospital,HOME_P476,H2,H2,oncology,P1,high,2.0,vsl_required,5,5,1,-1,725,767,780,780,25,1,,PU_R0816,DO_R0816,2026-05-18 12:05:00,2026-05-18 12:47:00,2026-05-18 13:00:00,2026-05-18 13:00:00,12:05,12:47,13:00
R0817,P477,outbound,patient_to_hospital,HOME_P477,H1,H1,dialysis,P1,high,2.0,prescription_medicale,5,5,1,-1,435,479,490,490,25,1,R0818,PU_R0817,DO_R0817,2026-05-18 07:15:00,2026-05-18 07:59:00,2026-05-18 08:10:00,2026-05-18 08:10:00,07:15,07:59,08:10
R0818,P477,return,hospital_to_patient,H1,HOME_P477,H1,dialysis,P1,high,2.0,prescription_medicale,5,5,1,-1,730,745,785,730,25,1,R0817,PU_R0818,DO_R0818,2026-05-18 12:10:00,2026-05-18 12:25:00,2026-05-18 13:05:00,2026-05-18 12:10:00,12:10,12:25,13:05
R0819,P478,outbound,patient_to_hospital,HOME_P478,H2,H2,dialysis,P1,high,2.0,prescription_medicale,5,5,1,-1,455,505,510,510,25,1,R0820,PU_R0819,DO_R0819,2026-05-18 07:35:00,2026-05-18 08:25:00,2026-05-18 08:30:00,2026-05-18 08:30:00,07:35,08:25,08:30
R0820,P478,return,hospital_to_patient,H2,HOME_P478,H2,dialysis,P1,high,2.0,prescription_medicale,5,5,1,-1,770,785,825,770,25,1,R0819,PU_R0820,DO_R0820,2026-05-18 12:50:00,2026-05-18 13:05:00,2026-05-18 13:45:00,2026-05-18 12:50:00,12:50,13:05,13:45
R0821,P479,outbound,patient_to_hospital,HOME_P479,H2,H2,dialysis,P1,high,2.0,vsl_required,5,5,1,-1,425,466,480,480,25,1,R0822,PU_R0821,DO_R0821,2026-05-18 07:05:00,2026-05-18 07:46:00,2026-05-18 08:00:00,2026-05-18 08:00:00,07:05,07:46,08:00
R0822,P479,return,hospital_to_patient,H2,HOME_P479,H2,dialysis,P1,high,2.0,vsl_required,5,5,1,-1,710,725,765,710,25,1,R0821,PU_R0822,DO_R0822,2026-05-18 11:50:00,2026-05-18 12:05:00,2026-05-18 12:45:00,2026-05-18 11:50:00,11:50,12:05,12:45
R0823,P480,outbound,patient_to_hospital,HOME_P480,H2,H2,other,P2,medium,1.5,standard_assis,5,5,1,-1,860,906,925,925,35,1,R0824,PU_R0823,DO_R0823,2026-05-18 14:20:00,2026-05-18 15:06:00,2026-05-18 15:25:00,2026-05-18 15:25:00,14:20,15:06,15:25
R0824,P480,return,hospital_to_patient,H2,HOME_P480,H2,other,P2,medium,1.5,standard_assis,5,5,1,-1,960,985,1035,960,35,1,R0823,PU_R0824,DO_R0824,2026-05-18 16:00:00,2026-05-18 16:25:00,2026-05-18 17:15:00,2026-05-18 16:00:00,16:00,16:25,17:15
R0825,P481,outbound,patient_to_hospital,HOME_P481,H1,H1,other,P2,medium,1.5,standard_assis,5,5,1,-1,470,528,535,535,35,1,R0826,PU_R0825,DO_R0825,2026-05-18 07:50:00,2026-05-18 08:48:00,2026-05-18 08:55:00,2026-05-18 08:55:00,07:50,08:48,08:55
R0826,P481,return,hospital_to_patient,H1,HOME_P481,H1,other,P2,medium,1.5,standard_assis,5,5,1,-1,620,645,695,620,35,1,R0825,PU_R0826,DO_R0826,2026-05-18 10:20:00,2026-05-18 10:45:00,2026-05-18 11:35:00,2026-05-18 10:20:00,10:20,10:45,11:35
R0827,P482,outbound,patient_to_hospital,HOME_P482,H1,H1,other,P2,medium,1.5,standard_assis,5,5,1,-1,585,631,650,650,35,1,R0828,PU_R0827,DO_R0827,2026-05-18 09:45:00,2026-05-18 10:31:00,2026-05-18 10:50:00,2026-05-18 10:50:00,09:45,10:31,10:50
R0828,P482,return,hospital_to_patient,H1,HOME_P482,H1,other,P2,medium,1.5,standard_assis,5,5,1,-1,710,735,785,710,35,1,R0827,PU_R0828,DO_R0828,2026-05-18 11:50:00,2026-05-18 12:15:00,2026-05-18 13:05:00,2026-05-18 11:50:00,11:50,12:15,13:05
R0829,P483,outbound,patient_to_hospital,HOME_P483,H1,H1,oncology,P1,high,2.0,prescription_medicale,5,5,1,-1,460,501,515,515,25,1,R0830,PU_R0829,DO_R0829,2026-05-18 07:40:00,2026-05-18 08:21:00,2026-05-18 08:35:00,2026-05-18 08:35:00,07:40,08:21,08:35
R0830,P483,return,hospital_to_patient,H1,HOME_P483,H1,oncology,P1,high,2.0,prescription_medicale,5,5,1,-1,680,695,735,680,25,1,R0829,PU_R0830,DO_R0830,2026-05-18 11:20:00,2026-05-18 11:35:00,2026-05-18 12:15:00,2026-05-18 11:20:00,11:20,11:35,12:15
R0831,P484,outbound,patient_to_hospital,HOME_P484,H1,H1,dialysis,P1,high,2.0,vsl_required,5,5,1,-1,775,819,830,830,25,1,,PU_R0831,DO_R0831,2026-05-18 12:55:00,2026-05-18 13:39:00,2026-05-18 13:50:00,2026-05-18 13:50:00,12:55,13:39,13:50
R0832,P485,outbound,patient_to_hospital,HOME_P485,H1,H1,dialysis,P1,high,2.0,vsl_required,5,5,1,-1,765,805,820,820,25,1,,PU_R0832,DO_R0832,2026-05-18 12:45:00,2026-05-18 13:25:00,2026-05-18 13:40:00,2026-05-18 13:40:00,12:45,13:25,13:40
R0833,P486,outbound,patient_to_hospital,HOME_P486,H1,H1,dialysis,P1,high,2.0,vsl_required,5,5,1,-1,440,489,495,495,25,1,R0834,PU_R0833,DO_R0833,2026-05-18 07:20:00,2026-05-18 08:09:00,2026-05-18 08:15:00,2026-05-18 08:15:00,07:20,08:09,08:15
R0834,P486,return,hospital_to_patient,H1,HOME_P486,H1,dialysis,P1,high,2.0,vsl_required,5,5,1,-1,735,750,790,735,25,1,R0833,PU_R0834,DO_R0834,2026-05-18 12:15:00,2026-05-18 12:30:00,2026-05-18 13:10:00,2026-05-18 12:15:00,12:15,12:30,13:10
R0835,P487,outbound,patient_to_hospital,HOME_P487,H1,H1,other,P2,medium,1.5,vsl_required,5,5,1,-1,620,678,685,685,35,1,,PU_R0835,DO_R0835,2026-05-18 10:20:00,2026-05-18 11:18:00,2026-05-18 11:25:00,2026-05-18 11:25:00,10:20,11:18,11:25
R0836,P488,outbound,patient_to_hospital,HOME_P488,H1,H1,other,P2,medium,1.5,standard_assis,5,5,1,-1,790,834,855,855,35,1,R0837,PU_R0836,DO_R0836,2026-05-18 13:10:00,2026-05-18 13:54:00,2026-05-18 14:15:00,2026-05-18 14:15:00,13:10,13:54,14:15
R0837,P488,return,hospital_to_patient,H1,HOME_P488,H1,other,P2,medium,1.5,standard_assis,5,5,1,-1,970,995,1045,970,35,1,R0836,PU_R0837,DO_R0837,2026-05-18 16:10:00,2026-05-18 16:35:00,2026-05-18 17:25:00,2026-05-18 16:10:00,16:10,16:35,17:25
R0838,P489,outbound,patient_to_hospital,HOME_P489,H1,H1,other,P2,medium,1.5,standard_assis,5,5,1,-1,820,868,885,885,35,1,R0839,PU_R0838,DO_R0838,2026-05-18 13:40:00,2026-05-18 14:28:00,2026-05-18 14:45:00,2026-05-18 14:45:00,13:40,14:28,14:45
R0839,P489,return,hospital_to_patient,H1,HOME_P489,H1,other,P2,medium,1.5,standard_assis,5,5,1,-1,945,970,1020,945,35,1,R0838,PU_R0839,DO_R0839,2026-05-18 15:45:00,2026-05-18 16:10:00,2026-05-18 17:00:00,2026-05-18 15:45:00,15:45,16:10,17:00
R0840,P490,outbound,patient_to_hospital,HOME_P490,H2,H2,dialysis,P1,high,2.0,vsl_required,5,5,1,-1,780,825,835,835,25,1,,PU_R0840,DO_R0840,2026-05-18 13:00:00,2026-05-18 13:45:00,2026-05-18 13:55:00,2026-05-18 13:55:00,13:00,13:45,13:55
R0841,P491,outbound,patient_to_hospital,HOME_P491,H1,H1,dialysis,P1,high,2.0,vsl_required,5,5,1,-1,425,472,480,480,25,1,R0842,PU_R0841,DO_R0841,2026-05-18 07:05:00,2026-05-18 07:52:00,2026-05-18 08:00:00,2026-05-18 08:00:00,07:05,07:52,08:00
R0842,P491,return,hospital_to_patient,H1,HOME_P491,H1,dialysis,P1,high,2.0,vsl_required,5,5,1,-1,720,735,775,720,25,1,R0841,PU_R0842,DO_R0842,2026-05-18 12:00:00,2026-05-18 12:15:00,2026-05-18 12:55:00,2026-05-18 12:00:00,12:00,12:15,12:55
R0843,P492,outbound,patient_to_hospital,HOME_P492,H1,H1,oncology,P1,high,2.0,standard_assis,5,5,1,-1,635,678,690,690,25,1,R0844,PU_R0843,DO_R0843,2026-05-18 10:35:00,2026-05-18 11:18:00,2026-05-18 11:30:00,2026-05-18 11:30:00,10:35,11:18,11:30
R0844,P492,return,hospital_to_patient,H1,HOME_P492,H1,oncology,P1,high,2.0,standard_assis,5,5,1,-1,865,880,920,865,25,1,R0843,PU_R0844,DO_R0844,2026-05-18 14:25:00,2026-05-18 14:40:00,2026-05-18 15:20:00,2026-05-18 14:25:00,14:25,14:40,15:20
R0845,P493,outbound,patient_to_hospital,HOME_P493,H2,H2,dialysis,P1,high,2.0,prescription_medicale,5,5,1,-1,775,821,830,830,25,1,,PU_R0845,DO_R0845,2026-05-18 12:55:00,2026-05-18 13:41:00,2026-05-18 13:50:00,2026-05-18 13:50:00,12:55,13:41,13:50
R0846,P494,outbound,patient_to_hospital,HOME_P494,H2,H2,other,P2,medium,1.5,vsl_required,5,5,1,-1,525,585,590,590,35,1,R0847,PU_R0846,DO_R0846,2026-05-18 08:45:00,2026-05-18 09:45:00,2026-05-18 09:50:00,2026-05-18 09:50:00,08:45,09:45,09:50
R0847,P494,return,hospital_to_patient,H2,HOME_P494,H2,other,P2,medium,1.5,vsl_required,5,5,1,-1,625,650,700,625,35,1,R0846,PU_R0847,DO_R0847,2026-05-18 10:25:00,2026-05-18 10:50:00,2026-05-18 11:40:00,2026-05-18 10:25:00,10:25,10:50,11:40
R0848,P495,outbound,patient_to_hospital,HOME_P495,H2,H2,other,P2,medium,1.5,standard_assis,5,5,1,-1,805,855,870,870,35,1,R0849,PU_R0848,DO_R0848,2026-05-18 13:25:00,2026-05-18 14:15:00,2026-05-18 14:30:00,2026-05-18 14:30:00,13:25,14:15,14:30
R0849,P495,return,hospital_to_patient,H2,HOME_P495,H2,other,P2,medium,1.5,standard_assis,5,5,1,-1,905,930,980,905,35,1,R0848,PU_R0849,DO_R0849,2026-05-18 15:05:00,2026-05-18 15:30:00,2026-05-18 16:20:00,2026-05-18 15:05:00,15:05,15:30,16:20
R0850,P496,outbound,patient_to_hospital,HOME_P496,H2,H2,dialysis,P1,high,2.0,vsl_required,5,5,1,-1,440,484,495,495,25,1,R0851,PU_R0850,DO_R0850,2026-05-18 07:20:00,2026-05-18 08:04:00,2026-05-18 08:15:00,2026-05-18 08:15:00,07:20,08:04,08:15
R0851,P496,return,hospital_to_patient,H2,HOME_P496,H2,dialysis,P1,high,2.0,vsl_required,5,5,1,-1,750,765,805,750,25,1,R0850,PU_R0851,DO_R0851,2026-05-18 12:30:00,2026-05-18 12:45:00,2026-05-18 13:25:00,2026-05-18 12:30:00,12:30,12:45,13:25
R0852,P497,outbound,patient_to_hospital,HOME_P497,H1,H1,dialysis,P1,high,2.0,prescription_medicale,5,5,1,-1,755,795,810,810,25,1,,PU_R0852,DO_R0852,2026-05-18 12:35:00,2026-05-18 13:15:00,2026-05-18 13:30:00,2026-05-18 13:30:00,12:35,13:15,13:30
R0853,P498,outbound,patient_to_hospital,HOME_P498,H2,H2,other,P2,medium,1.5,vsl_required,5,5,1,-1,830,875,895,895,35,1,R0854,PU_R0853,DO_R0853,2026-05-18 13:50:00,2026-05-18 14:35:00,2026-05-18 14:55:00,2026-05-18 14:55:00,13:50,14:35,14:55
R0854,P498,return,hospital_to_patient,H2,HOME_P498,H2,other,P2,medium,1.5,vsl_required,5,5,1,-1,925,950,1000,925,35,1,R0853,PU_R0854,DO_R0854,2026-05-18 15:25:00,2026-05-18 15:50:00,2026-05-18 16:40:00,2026-05-18 15:25:00,15:25,15:50,16:40
R0855,P499,outbound,patient_to_hospital,HOME_P499,H3,H3,dialysis,P1,high,2.0,prescription_medicale,5,5,1,-1,460,503,515,515,25,1,R0856,PU_R0855,DO_R0855,2026-05-18 07:40:00,2026-05-18 08:23:00,2026-05-18 08:35:00,2026-05-18 08:35:00,07:40,08:23,08:35
R0856,P499,return,hospital_to_patient,H3,HOME_P499,H3,dialysis,P1,high,2.0,prescription_medicale,5,5,1,-1,755,770,810,755,25,1,R0855,PU_R0856,DO_R0856,2026-05-18 12:35:00,2026-05-18 12:50:00,2026-05-18 13:30:00,2026-05-18 12:35:00,12:35,12:50,13:30
R0857,P500,outbound,patient_to_hospital,HOME_P500,H1,H1,other,P2,medium,1.5,standard_assis,5,5,1,-1,505,553,570,570,35,1,,PU_R0857,DO_R0857,2026-05-18 08:25:00,2026-05-18 09:13:00,2026-05-18 09:30:00,2026-05-18 09:30:00,08:25,09:13,09:30
R0858,P501,outbound,patient_to_hospital,HOME_P501,H2,H2,dialysis,P1,high,2.0,vsl_required,5,5,1,-1,455,505,510,510,25,1,R0859,PU_R0858,DO_R0858,2026-05-18 07:35:00,2026-05-18 08:25:00,2026-05-18 08:30:00,2026-05-18 08:30:00,07:35,08:25,08:30
R0859,P501,return,hospital_to_patient,H2,HOME_P501,H2,dialysis,P1,high,2.0,vsl_required,5,5,1,-1,735,750,790,735,25,1,R0858,PU_R0859,DO_R0859,2026-05-18 12:15:00,2026-05-18 12:30:00,2026-05-18 13:10:00,2026-05-18 12:15:00,12:15,12:30,13:10
R0860,P502,outbound,patient_to_hospital,HOME_P502,H3,H3,dialysis,P1,high,2.0,vsl_required,5,5,1,-1,480,525,535,535,25,1,R0861,PU_R0860,DO_R0860,2026-05-18 08:00:00,2026-05-18 08:45:00,2026-05-18 08:55:00,2026-05-18 08:55:00,08:00,08:45,08:55
R0861,P502,return,hospital_to_patient,H3,HOME_P502,H3,dialysis,P1,high,2.0,vsl_required,5,5,1,-1,770,785,825,770,25,1,R0860,PU_R0861,DO_R0861,2026-05-18 12:50:00,2026-05-18 13:05:00,2026-05-18 13:45:00,2026-05-18 12:50:00,12:50,13:05,13:45
R0862,P503,outbound,patient_to_hospital,HOME_P503,H2,H2,oncology,P1,high,2.0,vsl_required,5,5,1,-1,735,782,790,790,25,1,R0863,PU_R0862,DO_R0862,2026-05-18 12:15:00,2026-05-18 13:02:00,2026-05-18 13:10:00,2026-05-18 13:10:00,12:15,13:02,13:10
R0863,P503,return,hospital_to_patient,H2,HOME_P503,H2,oncology,P1,high,2.0,vsl_required,5,5,1,-1,1025,1040,1080,1025,25,1,R0862,PU_R0863,DO_R0863,2026-05-18 17:05:00,2026-05-18 17:20:00,2026-05-18 18:00:00,2026-05-18 17:05:00,17:05,17:20,18:00
R0864,P504,outbound,patient_to_hospital,HOME_P504,H1,H1,other,P2,medium,1.5,standard_assis,5,5,1,-1,520,564,585,585,35,1,R0865,PU_R0864,DO_R0864,2026-05-18 08:40:00,2026-05-18 09:24:00,2026-05-18 09:45:00,2026-05-18 09:45:00,08:40,09:24,09:45
R0865,P504,return,hospital_to_patient,H1,HOME_P504,H1,other,P2,medium,1.5,standard_assis,5,5,1,-1,655,680,730,655,35,1,R0864,PU_R0865,DO_R0865,2026-05-18 10:55:00,2026-05-18 11:20:00,2026-05-18 12:10:00,2026-05-18 10:55:00,10:55,11:20,12:10
R0866,P505,outbound,patient_to_hospital,HOME_P505,H2,H2,other,P2,medium,1.5,premium,5,5,1,-1,515,570,580,580,35,1,R0867,PU_R0866,DO_R0866,2026-05-18 08:35:00,2026-05-18 09:30:00,2026-05-18 09:40:00,2026-05-18 09:40:00,08:35,09:30,09:40
R0867,P505,return,hospital_to_patient,H2,HOME_P505,H2,other,P2,medium,1.5,premium,5,5,1,-1,620,645,695,620,35,1,R0866,PU_R0867,DO_R0867,2026-05-18 10:20:00,2026-05-18 10:45:00,2026-05-18 11:35:00,2026-05-18 10:20:00,10:20,10:45,11:35
R0868,P506,outbound,patient_to_hospital,HOME_P506,H2,H2,oncology,P1,high,2.0,vsl_required,5,5,1,-1,735,777,790,790,25,1,R0869,PU_R0868,DO_R0868,2026-05-18 12:15:00,2026-05-18 12:57:00,2026-05-18 13:10:00,2026-05-18 13:10:00,12:15,12:57,13:10
R0869,P506,return,hospital_to_patient,H2,HOME_P506,H2,oncology,P1,high,2.0,vsl_required,5,5,1,-1,945,960,1000,945,25,1,R0868,PU_R0869,DO_R0869,2026-05-18 15:45:00,2026-05-18 16:00:00,2026-05-18 16:40:00,2026-05-18 15:45:00,15:45,16:00,16:40
R0870,P507,outbound,patient_to_hospital,HOME_P507,H2,H2,dialysis,P1,high,2.0,vsl_required,5,5,1,-1,435,477,490,490,25,1,R0871,PU_R0870,DO_R0870,2026-05-18 07:15:00,2026-05-18 07:57:00,2026-05-18 08:10:00,2026-05-18 08:10:00,07:15,07:57,08:10
R0871,P507,return,hospital_to_patient,H2,HOME_P507,H2,dialysis,P1,high,2.0,vsl_required,5,5,1,-1,750,765,805,750,25,1,R0870,PU_R0871,DO_R0871,2026-05-18 12:30:00,2026-05-18 12:45:00,2026-05-18 13:25:00,2026-05-18 12:30:00,12:30,12:45,13:25
R0872,P508,outbound,patient_to_hospital,HOME_P508,H3,H3,dialysis,P1,high,2.0,vsl_required,5,5,1,-1,745,788,800,800,25,1,,PU_R0872,DO_R0872,2026-05-18 12:25:00,2026-05-18 13:08:00,2026-05-18 13:20:00,2026-05-18 13:20:00,12:25,13:08,13:20
R0873,P509,outbound,patient_to_hospital,HOME_P509,H2,H2,other,P2,medium,1.5,vsl_required,5,5,1,-1,620,666,685,685,35,1,R0874,PU_R0873,DO_R0873,2026-05-18 10:20:00,2026-05-18 11:06:00,2026-05-18 11:25:00,2026-05-18 11:25:00,10:20,11:06,11:25
R0874,P509,return,hospital_to_patient,H2,HOME_P509,H2,other,P2,medium,1.5,vsl_required,5,5,1,-1,710,735,785,710,35,1,R0873,PU_R0874,DO_R0874,2026-05-18 11:50:00,2026-05-18 12:15:00,2026-05-18 13:05:00,2026-05-18 11:50:00,11:50,12:15,13:05
R0875,P510,outbound,patient_to_hospital,HOME_P510,H2,H2,dialysis,P1,high,2.0,prescription_medicale,5,5,1,-1,425,469,480,480,25,1,R0876,PU_R0875,DO_R0875,2026-05-18 07:05:00,2026-05-18 07:49:00,2026-05-18 08:00:00,2026-05-18 08:00:00,07:05,07:49,08:00
R0876,P510,return,hospital_to_patient,H2,HOME_P510,H2,dialysis,P1,high,2.0,prescription_medicale,5,5,1,-1,740,755,795,740,25,1,R0875,PU_R0876,DO_R0876,2026-05-18 12:20:00,2026-05-18 12:35:00,2026-05-18 13:15:00,2026-05-18 12:20:00,12:20,12:35,13:15
R0877,P511,outbound,patient_to_hospital,HOME_P511,H2,H2,dialysis,P1,high,2.0,vsl_required,5,5,1,-1,760,803,815,815,25,1,,PU_R0877,DO_R0877,2026-05-18 12:40:00,2026-05-18 13:23:00,2026-05-18 13:35:00,2026-05-18 13:35:00,12:40,13:23,13:35
R0878,P512,outbound,patient_to_hospital,HOME_P512,H1,H1,other,P2,medium,1.5,standard_assis,5,5,1,-1,495,539,560,560,35,1,R0879,PU_R0878,DO_R0878,2026-05-18 08:15:00,2026-05-18 08:59:00,2026-05-18 09:20:00,2026-05-18 09:20:00,08:15,08:59,09:20
R0879,P512,return,hospital_to_patient,H1,HOME_P512,H1,other,P2,medium,1.5,standard_assis,5,5,1,-1,630,655,705,630,35,1,R0878,PU_R0879,DO_R0879,2026-05-18 10:30:00,2026-05-18 10:55:00,2026-05-18 11:45:00,2026-05-18 10:30:00,10:30,10:55,11:45
R0880,P513,outbound,patient_to_hospital,HOME_P513,H3,H3,dialysis,P1,high,2.0,vsl_required,5,5,1,-1,455,505,510,510,25,1,R0881,PU_R0880,DO_R0880,2026-05-18 07:35:00,2026-05-18 08:25:00,2026-05-18 08:30:00,2026-05-18 08:30:00,07:35,08:25,08:30
R0881,P513,return,hospital_to_patient,H3,HOME_P513,H3,dialysis,P1,high,2.0,vsl_required,5,5,1,-1,765,780,820,765,25,1,R0880,PU_R0881,DO_R0881,2026-05-18 12:45:00,2026-05-18 13:00:00,2026-05-18 13:40:00,2026-05-18 12:45:00,12:45,13:00,13:40
R0882,P514,outbound,patient_to_hospital,HOME_P514,H3,H3,dialysis,P1,high,2.0,prescription_medicale,5,5,1,-1,725,769,780,780,25,1,R0883,PU_R0882,DO_R0882,2026-05-18 12:05:00,2026-05-18 12:49:00,2026-05-18 13:00:00,2026-05-18 13:00:00,12:05,12:49,13:00
R0883,P514,return,hospital_to_patient,H3,HOME_P514,H3,dialysis,P1,high,2.0,prescription_medicale,5,5,1,-1,1015,1030,1070,1015,25,1,R0882,PU_R0883,DO_R0883,2026-05-18 16:55:00,2026-05-18 17:10:00,2026-05-18 17:50:00,2026-05-18 16:55:00,16:55,17:10,17:50
R0884,P515,outbound,patient_to_hospital,HOME_P515,H1,H1,external,P3,low,1.0,standard_assis,5,5,1,-1,817,868,895,895,48,1,R0885,PU_R0884,DO_R0884,2026-05-18 13:37:00,2026-05-18 14:28:00,2026-05-18 14:55:00,2026-05-18 14:55:00,13:37,14:28,14:55
R0885,P515,return,hospital_to_patient,H1,HOME_P515,H1,external,P3,low,1.0,standard_assis,5,5,1,-1,925,960,1023,925,48,1,R0884,PU_R0885,DO_R0885,2026-05-18 15:25:00,2026-05-18 16:00:00,2026-05-18 17:03:00,2026-05-18 15:25:00,15:25,16:00,17:03
R0886,P516,outbound,patient_to_hospital,HOME_P516,H1,H1,other,P2,medium,1.5,standard_assis,5,5,1,-1,510,553,575,575,35,1,R0887,PU_R0886,DO_R0886,2026-05-18 08:30:00,2026-05-18 09:13:00,2026-05-18 09:35:00,2026-05-18 09:35:00,08:30,09:13,09:35
R0887,P516,return,hospital_to_patient,H1,HOME_P516,H1,other,P2,medium,1.5,standard_assis,5,5,1,-1,675,700,750,675,35,1,R0886,PU_R0887,DO_R0887,2026-05-18 11:15:00,2026-05-18 11:40:00,2026-05-18 12:30:00,2026-05-18 11:15:00,11:15,11:40,12:30
R0888,P517,outbound,patient_to_hospital,HOME_P517,H1,H1,dialysis,P1,high,2.0,vsl_required,5,5,1,-1,755,803,810,810,25,1,,PU_R0888,DO_R0888,2026-05-18 12:35:00,2026-05-18 13:23:00,2026-05-18 13:30:00,2026-05-18 13:30:00,12:35,13:23,13:30
R0889,P518,outbound,patient_to_hospital,HOME_P518,H1,H1,dialysis,P1,high,2.0,vsl_required,5,5,1,-1,970,1019,1025,1025,25,1,,PU_R0889,DO_R0889,2026-05-18 16:10:00,2026-05-18 16:59:00,2026-05-18 17:05:00,2026-05-18 17:05:00,16:10,16:59,17:05
R0890,P519,outbound,patient_to_hospital,HOME_P519,H2,H2,dialysis,P1,high,2.0,vsl_required,5,5,1,-1,770,817,825,825,25,1,,PU_R0890,DO_R0890,2026-05-18 12:50:00,2026-05-18 13:37:00,2026-05-18 13:45:00,2026-05-18 13:45:00,12:50,13:37,13:45
R0891,P520,outbound,patient_to_hospital,HOME_P520,H2,H2,other,P2,medium,1.5,standard_assis,5,5,1,-1,825,877,890,890,35,1,R0892,PU_R0891,DO_R0891,2026-05-18 13:45:00,2026-05-18 14:37:00,2026-05-18 14:50:00,2026-05-18 14:50:00,13:45,14:37,14:50
R0892,P520,return,hospital_to_patient,H2,HOME_P520,H2,other,P2,medium,1.5,standard_assis,5,5,1,-1,920,945,995,920,35,1,R0891,PU_R0892,DO_R0892,2026-05-18 15:20:00,2026-05-18 15:45:00,2026-05-18 16:35:00,2026-05-18 15:20:00,15:20,15:45,16:35
R0893,P521,outbound,patient_to_hospital,HOME_P521,H2,H2,dialysis,P1,high,2.0,vsl_required,5,5,1,-1,470,520,525,525,25,1,R0894,PU_R0893,DO_R0893,2026-05-18 07:50:00,2026-05-18 08:40:00,2026-05-18 08:45:00,2026-05-18 08:45:00,07:50,08:40,08:45
R0894,P521,return,hospital_to_patient,H2,HOME_P521,H2,dialysis,P1,high,2.0,vsl_required,5,5,1,-1,755,770,810,755,25,1,R0893,PU_R0894,DO_R0894,2026-05-18 12:35:00,2026-05-18 12:50:00,2026-05-18 13:30:00,2026-05-18 12:35:00,12:35,12:50,13:30
R0895,P522,outbound,patient_to_hospital,HOME_P522,H2,H2,other,P2,medium,1.5,prescription_medicale,5,5,1,-1,830,885,895,895,35,1,R0896,PU_R0895,DO_R0895,2026-05-18 13:50:00,2026-05-18 14:45:00,2026-05-18 14:55:00,2026-05-18 14:55:00,13:50,14:45,14:55
R0896,P522,return,hospital_to_patient,H2,HOME_P522,H2,other,P2,medium,1.5,prescription_medicale,5,5,1,-1,925,950,1000,925,35,1,R0895,PU_R0896,DO_R0896,2026-05-18 15:25:00,2026-05-18 15:50:00,2026-05-18 16:40:00,2026-05-18 15:25:00,15:25,15:50,16:40
R0897,P523,outbound,patient_to_hospital,HOME_P523,H2,H2,other,P2,medium,1.5,prescription_medicale,5,5,1,-1,640,691,705,705,35,1,R0898,PU_R0897,DO_R0897,2026-05-18 10:40:00,2026-05-18 11:31:00,2026-05-18 11:45:00,2026-05-18 11:45:00,10:40,11:31,11:45
R0898,P523,return,hospital_to_patient,H2,HOME_P523,H2,other,P2,medium,1.5,prescription_medicale,5,5,1,-1,740,765,815,740,35,1,R0897,PU_R0898,DO_R0898,2026-05-18 12:20:00,2026-05-18 12:45:00,2026-05-18 13:35:00,2026-05-18 12:20:00,12:20,12:45,13:35
R0899,P524,outbound,patient_to_hospital,HOME_P524,H1,H1,dialysis,P1,high,2.0,vsl_required,5,5,1,-1,735,783,790,790,25,1,,PU_R0899,DO_R0899,2026-05-18 12:15:00,2026-05-18 13:03:00,2026-05-18 13:10:00,2026-05-18 13:10:00,12:15,13:03,13:10
R0900,P525,outbound,patient_to_hospital,HOME_P525,H2,H2,oncology,P1,high,2.0,vsl_required,5,5,1,-1,735,775,790,790,25,1,R0901,PU_R0900,DO_R0900,2026-05-18 12:15:00,2026-05-18 12:55:00,2026-05-18 13:10:00,2026-05-18 13:10:00,12:15,12:55,13:10
R0901,P525,return,hospital_to_patient,H2,HOME_P525,H2,oncology,P1,high,2.0,vsl_required,5,5,1,-1,915,930,970,915,25,1,R0900,PU_R0901,DO_R0901,2026-05-18 15:15:00,2026-05-18 15:30:00,2026-05-18 16:10:00,2026-05-18 15:15:00,15:15,15:30,16:10
R0902,P526,outbound,patient_to_hospital,HOME_P526,H1,H1,other,P2,medium,1.5,standard_assis,5,5,1,-1,530,574,595,595,35,1,R0903,PU_R0902,DO_R0902,2026-05-18 08:50:00,2026-05-18 09:34:00,2026-05-18 09:55:00,2026-05-18 09:55:00,08:50,09:34,09:55
R0903,P526,return,hospital_to_patient,H1,HOME_P526,H1,other,P2,medium,1.5,standard_assis,5,5,1,-1,695,720,770,695,35,1,R0902,PU_R0903,DO_R0903,2026-05-18 11:35:00,2026-05-18 12:00:00,2026-05-18 12:50:00,2026-05-18 11:35:00,11:35,12:00,12:50
R0904,P527,outbound,patient_to_hospital,HOME_P527,H2,H2,oncology,P1,high,2.0,vsl_required,5,5,1,-1,445,490,500,500,25,1,R0905,PU_R0904,DO_R0904,2026-05-18 07:25:00,2026-05-18 08:10:00,2026-05-18 08:20:00,2026-05-18 08:20:00,07:25,08:10,08:20
R0905,P527,return,hospital_to_patient,H2,HOME_P527,H2,oncology,P1,high,2.0,vsl_required,5,5,1,-1,650,665,705,650,25,1,R0904,PU_R0905,DO_R0905,2026-05-18 10:50:00,2026-05-18 11:05:00,2026-05-18 11:45:00,2026-05-18 10:50:00,10:50,11:05,11:45
R0906,P528,outbound,patient_to_hospital,HOME_P528,H1,H1,other,P2,medium,1.5,standard_assis,5,5,1,-1,615,675,680,680,35,1,R0907,PU_R0906,DO_R0906,2026-05-18 10:15:00,2026-05-18 11:15:00,2026-05-18 11:20:00,2026-05-18 11:20:00,10:15,11:15,11:20
R0907,P528,return,hospital_to_patient,H1,HOME_P528,H1,other,P2,medium,1.5,standard_assis,5,5,1,-1,790,815,865,790,35,1,R0906,PU_R0907,DO_R0907,2026-05-18 13:10:00,2026-05-18 13:35:00,2026-05-18 14:25:00,2026-05-18 13:10:00,13:10,13:35,14:25
R0908,P529,outbound,patient_to_hospital,HOME_P529,H1,H1,dialysis,P1,high,2.0,vsl_required,5,5,1,-1,465,514,520,520,25,1,R0909,PU_R0908,DO_R0908,2026-05-18 07:45:00,2026-05-18 08:34:00,2026-05-18 08:40:00,2026-05-18 08:40:00,07:45,08:34,08:40
R0909,P529,return,hospital_to_patient,H1,HOME_P529,H1,dialysis,P1,high,2.0,vsl_required,5,5,1,-1,760,775,815,760,25,1,R0908,PU_R0909,DO_R0909,2026-05-18 12:40:00,2026-05-18 12:55:00,2026-05-18 13:35:00,2026-05-18 12:40:00,12:40,12:55,13:35
R0910,P530,outbound,patient_to_hospital,HOME_P530,H1,H1,other,P2,medium,1.5,prescription_medicale,5,5,1,-1,930,973,995,995,35,1,,PU_R0910,DO_R0910,2026-05-18 15:30:00,2026-05-18 16:13:00,2026-05-18 16:35:00,2026-05-18 16:35:00,15:30,16:13,16:35
R0911,P531,outbound,patient_to_hospital,HOME_P531,H3,H3,dialysis,P1,high,2.0,vsl_required,5,5,1,-1,480,526,535,535,25,1,R0912,PU_R0911,DO_R0911,2026-05-18 08:00:00,2026-05-18 08:46:00,2026-05-18 08:55:00,2026-05-18 08:55:00,08:00,08:46,08:55
R0912,P531,return,hospital_to_patient,H3,HOME_P531,H3,dialysis,P1,high,2.0,vsl_required,5,5,1,-1,800,815,855,800,25,1,R0911,PU_R0912,DO_R0912,2026-05-18 13:20:00,2026-05-18 13:35:00,2026-05-18 14:15:00,2026-05-18 13:20:00,13:20,13:35,14:15
R0913,P532,outbound,patient_to_hospital,HOME_P532,H3,H3,dialysis,P1,high,2.0,prescription_medicale,5,5,1,-1,740,782,795,795,25,1,,PU_R0913,DO_R0913,2026-05-18 12:20:00,2026-05-18 13:02:00,2026-05-18 13:15:00,2026-05-18 13:15:00,12:20,13:02,13:15
R0914,P533,outbound,patient_to_hospital,HOME_P533,H1,H1,dialysis,P1,high,2.0,vsl_required,5,5,1,-1,465,508,520,520,25,1,R0915,PU_R0914,DO_R0914,2026-05-18 07:45:00,2026-05-18 08:28:00,2026-05-18 08:40:00,2026-05-18 08:40:00,07:45,08:28,08:40
R0915,P533,return,hospital_to_patient,H1,HOME_P533,H1,dialysis,P1,high,2.0,vsl_required,5,5,1,-1,760,775,815,760,25,1,R0914,PU_R0915,DO_R0915,2026-05-18 12:40:00,2026-05-18 12:55:00,2026-05-18 13:35:00,2026-05-18 12:40:00,12:40,12:55,13:35
R0916,P534,outbound,patient_to_hospital,HOME_P534,H2,H2,oncology,P1,high,2.0,prescription_medicale,5,5,1,-1,480,518,535,535,25,1,R0917,PU_R0916,DO_R0916,2026-05-18 08:00:00,2026-05-18 08:38:00,2026-05-18 08:55:00,2026-05-18 08:55:00,08:00,08:38,08:55
R0917,P534,return,hospital_to_patient,H2,HOME_P534,H2,oncology,P1,high,2.0,prescription_medicale,5,5,1,-1,710,725,765,710,25,1,R0916,PU_R0917,DO_R0917,2026-05-18 11:50:00,2026-05-18 12:05:00,2026-05-18 12:45:00,2026-05-18 11:50:00,11:50,12:05,12:45
R0918,P535,outbound,patient_to_hospital,HOME_P535,H1,H1,dialysis,P1,high,2.0,prescription_medicale,5,5,1,-1,480,524,535,535,25,1,R0919,PU_R0918,DO_R0918,2026-05-18 08:00:00,2026-05-18 08:44:00,2026-05-18 08:55:00,2026-05-18 08:55:00,08:00,08:44,08:55
R0919,P535,return,hospital_to_patient,H1,HOME_P535,H1,dialysis,P1,high,2.0,prescription_medicale,5,5,1,-1,775,790,830,775,25,1,R0918,PU_R0919,DO_R0919,2026-05-18 12:55:00,2026-05-18 13:10:00,2026-05-18 13:50:00,2026-05-18 12:55:00,12:55,13:10,13:50
R0920,P536,outbound,patient_to_hospital,HOME_P536,H1,H1,oncology,P1,high,2.0,vsl_required,5,5,1,-1,630,667,685,685,25,1,R0921,PU_R0920,DO_R0920,2026-05-18 10:30:00,2026-05-18 11:07:00,2026-05-18 11:25:00,2026-05-18 11:25:00,10:30,11:07,11:25
R0921,P536,return,hospital_to_patient,H1,HOME_P536,H1,oncology,P1,high,2.0,vsl_required,5,5,1,-1,855,870,910,855,25,1,R0920,PU_R0921,DO_R0921,2026-05-18 14:15:00,2026-05-18 14:30:00,2026-05-18 15:10:00,2026-05-18 14:15:00,14:15,14:30,15:10
R0922,P537,outbound,patient_to_hospital,HOME_P537,H2,H2,dialysis,P1,high,2.0,vsl_required,5,5,1,-1,740,781,795,795,25,1,R0923,PU_R0922,DO_R0922,2026-05-18 12:20:00,2026-05-18 13:01:00,2026-05-18 13:15:00,2026-05-18 13:15:00,12:20,13:01,13:15
R0923,P537,return,hospital_to_patient,H2,HOME_P537,H2,dialysis,P1,high,2.0,vsl_required,5,5,1,-1,1020,1035,1075,1020,25,1,R0922,PU_R0923,DO_R0923,2026-05-18 17:00:00,2026-05-18 17:15:00,2026-05-18 17:55:00,2026-05-18 17:00:00,17:00,17:15,17:55
R0924,P538,outbound,patient_to_hospital,HOME_P538,H1,H1,external,P3,low,1.0,standard_assis,5,5,1,-1,489,539,565,565,46,1,R0925,PU_R0924,DO_R0924,2026-05-18 08:09:00,2026-05-18 08:59:00,2026-05-18 09:25:00,2026-05-18 09:25:00,08:09,08:59,09:25
R0925,P538,return,hospital_to_patient,H1,HOME_P538,H1,external,P3,low,1.0,standard_assis,5,5,1,-1,595,630,691,595,46,1,R0924,PU_R0925,DO_R0925,2026-05-18 09:55:00,2026-05-18 10:30:00,2026-05-18 11:31:00,2026-05-18 09:55:00,09:55,10:30,11:31
R0926,P539,outbound,patient_to_hospital,HOME_P539,H3,H3,dialysis,P1,high,2.0,prescription_medicale,5,5,1,-1,760,801,815,815,25,1,,PU_R0926,DO_R0926,2026-05-18 12:40:00,2026-05-18 13:21:00,2026-05-18 13:35:00,2026-05-18 13:35:00,12:40,13:21,13:35
R0927,P540,outbound,patient_to_hospital,HOME_P540,H1,H1,external,P3,low,1.0,standard_assis,5,5,1,-1,980,1032,1055,1055,45,1,,PU_R0927,DO_R0927,2026-05-18 16:20:00,2026-05-18 17:12:00,2026-05-18 17:35:00,2026-05-18 17:35:00,16:20,17:12,17:35
R0928,P541,outbound,patient_to_hospital,HOME_P541,H1,H1,other,P2,medium,1.5,standard_assis,5,5,1,-1,500,545,565,565,35,1,R0929,PU_R0928,DO_R0928,2026-05-18 08:20:00,2026-05-18 09:05:00,2026-05-18 09:25:00,2026-05-18 09:25:00,08:20,09:05,09:25
R0929,P541,return,hospital_to_patient,H1,HOME_P541,H1,other,P2,medium,1.5,standard_assis,5,5,1,-1,655,680,730,655,35,1,R0928,PU_R0929,DO_R0929,2026-05-18 10:55:00,2026-05-18 11:20:00,2026-05-18 12:10:00,2026-05-18 10:55:00,10:55,11:20,12:10
R0930,P542,outbound,patient_to_hospital,HOME_P542,H1,H1,oncology,P1,high,2.0,vsl_required,5,5,1,-1,445,486,500,500,25,1,R0931,PU_R0930,DO_R0930,2026-05-18 07:25:00,2026-05-18 08:06:00,2026-05-18 08:20:00,2026-05-18 08:20:00,07:25,08:06,08:20
R0931,P542,return,hospital_to_patient,H1,HOME_P542,H1,oncology,P1,high,2.0,vsl_required,5,5,1,-1,675,690,730,675,25,1,R0930,PU_R0931,DO_R0931,2026-05-18 11:15:00,2026-05-18 11:30:00,2026-05-18 12:10:00,2026-05-18 11:15:00,11:15,11:30,12:10
R0932,P543,outbound,patient_to_hospital,HOME_P543,H3,H3,dialysis,P1,high,2.0,prescription_medicale,5,5,1,-1,460,504,515,515,25,1,R0933,PU_R0932,DO_R0932,2026-05-18 07:40:00,2026-05-18 08:24:00,2026-05-18 08:35:00,2026-05-18 08:35:00,07:40,08:24,08:35
R0933,P543,return,hospital_to_patient,H3,HOME_P543,H3,dialysis,P1,high,2.0,prescription_medicale,5,5,1,-1,750,765,805,750,25,1,R0932,PU_R0933,DO_R0933,2026-05-18 12:30:00,2026-05-18 12:45:00,2026-05-18 13:25:00,2026-05-18 12:30:00,12:30,12:45,13:25
R0934,P544,outbound,patient_to_hospital,HOME_P544,H1,H1,other,P2,medium,1.5,standard_assis,5,5,1,-1,485,528,550,550,35,1,R0935,PU_R0934,DO_R0934,2026-05-18 08:05:00,2026-05-18 08:48:00,2026-05-18 09:10:00,2026-05-18 09:10:00,08:05,08:48,09:10
R0935,P544,return,hospital_to_patient,H1,HOME_P544,H1,other,P2,medium,1.5,standard_assis,5,5,1,-1,615,640,690,615,35,1,R0934,PU_R0935,DO_R0935,2026-05-18 10:15:00,2026-05-18 10:40:00,2026-05-18 11:30:00,2026-05-18 10:15:00,10:15,10:40,11:30
R0936,P545,outbound,patient_to_hospital,HOME_P545,H2,H2,oncology,P1,high,2.0,vsl_required,5,5,1,-1,780,820,835,835,25,1,R0937,PU_R0936,DO_R0936,2026-05-18 13:00:00,2026-05-18 13:40:00,2026-05-18 13:55:00,2026-05-18 13:55:00,13:00,13:40,13:55
R0937,P545,return,hospital_to_patient,H2,HOME_P545,H2,oncology,P1,high,2.0,vsl_required,5,5,1,-1,1010,1025,1065,1010,25,1,R0936,PU_R0937,DO_R0937,2026-05-18 16:50:00,2026-05-18 17:05:00,2026-05-18 17:45:00,2026-05-18 16:50:00,16:50,17:05,17:45
R0938,P546,outbound,patient_to_hospital,HOME_P546,H2,H2,oncology,P1,high,2.0,vsl_required,5,5,1,-1,450,489,505,505,25,1,R0939,PU_R0938,DO_R0938,2026-05-18 07:30:00,2026-05-18 08:09:00,2026-05-18 08:25:00,2026-05-18 08:25:00,07:30,08:09,08:25
R0939,P546,return,hospital_to_patient,H2,HOME_P546,H2,oncology,P1,high,2.0,vsl_required,5,5,1,-1,715,730,770,715,25,1,R0938,PU_R0939,DO_R0939,2026-05-18 11:55:00,2026-05-18 12:10:00,2026-05-18 12:50:00,2026-05-18 11:55:00,11:55,12:10,12:50
R0940,P547,outbound,patient_to_hospital,HOME_P547,H1,H1,dialysis,P1,high,2.0,vsl_required,5,5,1,-1,450,496,505,505,25,1,R0941,PU_R0940,DO_R0940,2026-05-18 07:30:00,2026-05-18 08:16:00,2026-05-18 08:25:00,2026-05-18 08:25:00,07:30,08:16,08:25
R0941,P547,return,hospital_to_patient,H1,HOME_P547,H1,dialysis,P1,high,2.0,vsl_required,5,5,1,-1,745,760,800,745,25,1,R0940,PU_R0941,DO_R0941,2026-05-18 12:25:00,2026-05-18 12:40:00,2026-05-18 13:20:00,2026-05-18 12:25:00,12:25,12:40,13:20
R0942,P548,outbound,patient_to_hospital,HOME_P548,H1,H1,other,P2,medium,1.5,standard_assis,5,5,1,-1,845,905,910,910,35,1,R0943,PU_R0942,DO_R0942,2026-05-18 14:05:00,2026-05-18 15:05:00,2026-05-18 15:10:00,2026-05-18 15:10:00,14:05,15:05,15:10
R0943,P548,return,hospital_to_patient,H1,HOME_P548,H1,other,P2,medium,1.5,standard_assis,5,5,1,-1,985,1010,1060,985,35,1,R0942,PU_R0943,DO_R0943,2026-05-18 16:25:00,2026-05-18 16:50:00,2026-05-18 17:40:00,2026-05-18 16:25:00,16:25,16:50,17:40
R0944,P549,outbound,patient_to_hospital,HOME_P549,H1,H1,oncology,P1,high,2.0,standard_assis,5,5,1,-1,475,516,530,530,25,1,R0945,PU_R0944,DO_R0944,2026-05-18 07:55:00,2026-05-18 08:36:00,2026-05-18 08:50:00,2026-05-18 08:50:00,07:55,08:36,08:50
R0945,P549,return,hospital_to_patient,H1,HOME_P549,H1,oncology,P1,high,2.0,standard_assis,5,5,1,-1,690,705,745,690,25,1,R0944,PU_R0945,DO_R0945,2026-05-18 11:30:00,2026-05-18 11:45:00,2026-05-18 12:25:00,2026-05-18 11:30:00,11:30,11:45,12:25
R0946,P550,outbound,patient_to_hospital,HOME_P550,H1,H1,dialysis,P1,high,2.0,prescription_medicale,5,5,1,-1,770,812,825,825,25,1,,PU_R0946,DO_R0946,2026-05-18 12:50:00,2026-05-18 13:32:00,2026-05-18 13:45:00,2026-05-18 13:45:00,12:50,13:32,13:45
R0947,P551,outbound,patient_to_hospital,HOME_P551,H1,H1,other,P2,medium,1.5,standard_assis,5,5,1,-1,505,554,570,570,35,1,R0948,PU_R0947,DO_R0947,2026-05-18 08:25:00,2026-05-18 09:14:00,2026-05-18 09:30:00,2026-05-18 09:30:00,08:25,09:14,09:30
R0948,P551,return,hospital_to_patient,H1,HOME_P551,H1,other,P2,medium,1.5,standard_assis,5,5,1,-1,675,700,750,675,35,1,R0947,PU_R0948,DO_R0948,2026-05-18 11:15:00,2026-05-18 11:40:00,2026-05-18 12:30:00,2026-05-18 11:15:00,11:15,11:40,12:30
R0949,P552,outbound,patient_to_hospital,HOME_P552,H1,H1,oncology,P1,high,2.0,vsl_required,5,5,1,-1,605,649,660,660,25,1,R0950,PU_R0949,DO_R0949,2026-05-18 10:05:00,2026-05-18 10:49:00,2026-05-18 11:00:00,2026-05-18 11:00:00,10:05,10:49,11:00
R0950,P552,return,hospital_to_patient,H1,HOME_P552,H1,oncology,P1,high,2.0,vsl_required,5,5,1,-1,830,845,885,830,25,1,R0949,PU_R0950,DO_R0950,2026-05-18 13:50:00,2026-05-18 14:05:00,2026-05-18 14:45:00,2026-05-18 13:50:00,13:50,14:05,14:45
R0951,P553,outbound,patient_to_hospital,HOME_P553,H1,H1,dialysis,P1,high,2.0,vsl_required,5,5,1,-1,450,494,505,505,25,1,R0952,PU_R0951,DO_R0951,2026-05-18 07:30:00,2026-05-18 08:14:00,2026-05-18 08:25:00,2026-05-18 08:25:00,07:30,08:14,08:25
R0952,P553,return,hospital_to_patient,H1,HOME_P553,H1,dialysis,P1,high,2.0,vsl_required,5,5,1,-1,745,760,800,745,25,1,R0951,PU_R0952,DO_R0952,2026-05-18 12:25:00,2026-05-18 12:40:00,2026-05-18 13:20:00,2026-05-18 12:25:00,12:25,12:40,13:20
R0953,P554,outbound,patient_to_hospital,HOME_P554,H3,H3,dialysis,P1,high,2.0,vsl_required,5,5,1,-1,465,509,520,520,25,1,R0954,PU_R0953,DO_R0953,2026-05-18 07:45:00,2026-05-18 08:29:00,2026-05-18 08:40:00,2026-05-18 08:40:00,07:45,08:29,08:40
R0954,P554,return,hospital_to_patient,H3,HOME_P554,H3,dialysis,P1,high,2.0,vsl_required,5,5,1,-1,760,775,815,760,25,1,R0953,PU_R0954,DO_R0954,2026-05-18 12:40:00,2026-05-18 12:55:00,2026-05-18 13:35:00,2026-05-18 12:40:00,12:40,12:55,13:35
R0955,P555,outbound,patient_to_hospital,HOME_P555,H2,H2,other,P2,medium,1.5,standard_assis,5,5,1,-1,950,1004,1015,1015,35,1,,PU_R0955,DO_R0955,2026-05-18 15:50:00,2026-05-18 16:44:00,2026-05-18 16:55:00,2026-05-18 16:55:00,15:50,16:44,16:55
R0956,P556,outbound,patient_to_hospital,HOME_P556,H1,H1,oncology,P1,high,2.0,prescription_medicale,5,5,1,-1,460,499,515,515,25,1,R0957,PU_R0956,DO_R0956,2026-05-18 07:40:00,2026-05-18 08:19:00,2026-05-18 08:35:00,2026-05-18 08:35:00,07:40,08:19,08:35
R0957,P556,return,hospital_to_patient,H1,HOME_P556,H1,oncology,P1,high,2.0,prescription_medicale,5,5,1,-1,680,695,735,680,25,1,R0956,PU_R0957,DO_R0957,2026-05-18 11:20:00,2026-05-18 11:35:00,2026-05-18 12:15:00,2026-05-18 11:20:00,11:20,11:35,12:15
R0958,P557,outbound,patient_to_hospital,HOME_P557,H1,H1,other,P2,medium,1.5,standard_assis,5,5,1,-1,820,879,885,885,35,1,R0959,PU_R0958,DO_R0958,2026-05-18 13:40:00,2026-05-18 14:39:00,2026-05-18 14:45:00,2026-05-18 14:45:00,13:40,14:39,14:45
R0959,P557,return,hospital_to_patient,H1,HOME_P557,H1,other,P2,medium,1.5,standard_assis,5,5,1,-1,990,1015,1065,990,35,1,R0958,PU_R0959,DO_R0959,2026-05-18 16:30:00,2026-05-18 16:55:00,2026-05-18 17:45:00,2026-05-18 16:30:00,16:30,16:55,17:45
R0960,P558,outbound,patient_to_hospital,HOME_P558,H1,H1,oncology,P1,high,2.0,vsl_required,5,5,1,-1,440,486,495,495,25,1,R0961,PU_R0960,DO_R0960,2026-05-18 07:20:00,2026-05-18 08:06:00,2026-05-18 08:15:00,2026-05-18 08:15:00,07:20,08:06,08:15
R0961,P558,return,hospital_to_patient,H1,HOME_P558,H1,oncology,P1,high,2.0,vsl_required,5,5,1,-1,645,660,700,645,25,1,R0960,PU_R0961,DO_R0961,2026-05-18 10:45:00,2026-05-18 11:00:00,2026-05-18 11:40:00,2026-05-18 10:45:00,10:45,11:00,11:40
R0962,P559,outbound,patient_to_hospital,HOME_P559,H1,H1,other,P2,medium,1.5,standard_assis,5,5,1,-1,525,572,590,590,35,1,R0963,PU_R0962,DO_R0962,2026-05-18 08:45:00,2026-05-18 09:32:00,2026-05-18 09:50:00,2026-05-18 09:50:00,08:45,09:32,09:50
R0963,P559,return,hospital_to_patient,H1,HOME_P559,H1,other,P2,medium,1.5,standard_assis,5,5,1,-1,665,690,740,665,35,1,R0962,PU_R0963,DO_R0963,2026-05-18 11:05:00,2026-05-18 11:30:00,2026-05-18 12:20:00,2026-05-18 11:05:00,11:05,11:30,12:20
R0964,P560,outbound,patient_to_hospital,HOME_P560,H1,H1,dialysis,P1,high,2.0,vsl_required,5,5,1,-1,770,812,825,825,25,1,,PU_R0964,DO_R0964,2026-05-18 12:50:00,2026-05-18 13:32:00,2026-05-18 13:45:00,2026-05-18 13:45:00,12:50,13:32,13:45
R0965,P561,outbound,patient_to_hospital,HOME_P561,H1,H1,oncology,P1,high,2.0,prescription_medicale,5,5,1,-1,650,699,705,705,25,1,R0966,PU_R0965,DO_R0965,2026-05-18 10:50:00,2026-05-18 11:39:00,2026-05-18 11:45:00,2026-05-18 11:45:00,10:50,11:39,11:45
R0966,P561,return,hospital_to_patient,H1,HOME_P561,H1,oncology,P1,high,2.0,prescription_medicale,5,5,1,-1,870,885,925,870,25,1,R0965,PU_R0966,DO_R0966,2026-05-18 14:30:00,2026-05-18 14:45:00,2026-05-18 15:25:00,2026-05-18 14:30:00,14:30,14:45,15:25
R0967,P562,outbound,patient_to_hospital,HOME_P562,H2,H2,dialysis,P1,high,2.0,vsl_required,5,5,1,-1,440,484,495,495,25,1,R0968,PU_R0967,DO_R0967,2026-05-18 07:20:00,2026-05-18 08:04:00,2026-05-18 08:15:00,2026-05-18 08:15:00,07:20,08:04,08:15
R0968,P562,return,hospital_to_patient,H2,HOME_P562,H2,dialysis,P1,high,2.0,vsl_required,5,5,1,-1,765,780,820,765,25,1,R0967,PU_R0968,DO_R0968,2026-05-18 12:45:00,2026-05-18 13:00:00,2026-05-18 13:40:00,2026-05-18 12:45:00,12:45,13:00,13:40
R0969,P563,outbound,patient_to_hospital,HOME_P563,H1,H1,dialysis,P1,high,2.0,prescription_medicale,5,5,1,-1,435,479,490,490,25,1,R0970,PU_R0969,DO_R0969,2026-05-18 07:15:00,2026-05-18 07:59:00,2026-05-18 08:10:00,2026-05-18 08:10:00,07:15,07:59,08:10
R0970,P563,return,hospital_to_patient,H1,HOME_P563,H1,dialysis,P1,high,2.0,prescription_medicale,5,5,1,-1,730,745,785,730,25,1,R0969,PU_R0970,DO_R0970,2026-05-18 12:10:00,2026-05-18 12:25:00,2026-05-18 13:05:00,2026-05-18 12:10:00,12:10,12:25,13:05
R0971,P564,outbound,patient_to_hospital,HOME_P564,H1,H1,other,P2,medium,1.5,prescription_medicale,5,5,1,-1,530,582,595,595,35,1,R0972,PU_R0971,DO_R0971,2026-05-18 08:50:00,2026-05-18 09:42:00,2026-05-18 09:55:00,2026-05-18 09:55:00,08:50,09:42,09:55
R0972,P564,return,hospital_to_patient,H1,HOME_P564,H1,other,P2,medium,1.5,prescription_medicale,5,5,1,-1,680,705,755,680,35,1,R0971,PU_R0972,DO_R0972,2026-05-18 11:20:00,2026-05-18 11:45:00,2026-05-18 12:35:00,2026-05-18 11:20:00,11:20,11:45,12:35
R0973,P565,outbound,patient_to_hospital,HOME_P565,H1,H1,other,P2,medium,1.5,prescription_medicale,5,5,1,-1,830,878,895,895,35,1,R0974,PU_R0973,DO_R0973,2026-05-18 13:50:00,2026-05-18 14:38:00,2026-05-18 14:55:00,2026-05-18 14:55:00,13:50,14:38,14:55
R0974,P565,return,hospital_to_patient,H1,HOME_P565,H1,other,P2,medium,1.5,prescription_medicale,5,5,1,-1,975,1000,1050,975,35,1,R0973,PU_R0974,DO_R0974,2026-05-18 16:15:00,2026-05-18 16:40:00,2026-05-18 17:30:00,2026-05-18 16:15:00,16:15,16:40,17:30
R0975,P566,outbound,patient_to_hospital,HOME_P566,H1,H1,dialysis,P1,high,2.0,vsl_required,5,5,1,-1,765,809,820,820,25,1,,PU_R0975,DO_R0975,2026-05-18 12:45:00,2026-05-18 13:29:00,2026-05-18 13:40:00,2026-05-18 13:40:00,12:45,13:29,13:40
R0976,P567,outbound,patient_to_hospital,HOME_P567,H1,H1,dialysis,P1,high,2.0,vsl_required,5,5,1,-1,470,511,525,525,25,1,R0977,PU_R0976,DO_R0976,2026-05-18 07:50:00,2026-05-18 08:31:00,2026-05-18 08:45:00,2026-05-18 08:45:00,07:50,08:31,08:45
R0977,P567,return,hospital_to_patient,H1,HOME_P567,H1,dialysis,P1,high,2.0,vsl_required,5,5,1,-1,765,780,820,765,25,1,R0976,PU_R0977,DO_R0977,2026-05-18 12:45:00,2026-05-18 13:00:00,2026-05-18 13:40:00,2026-05-18 12:45:00,12:45,13:00,13:40
R0978,P568,outbound,patient_to_hospital,HOME_P568,H1,H1,other,P2,medium,1.5,standard_assis,5,5,1,-1,575,627,640,640,35,1,R0979,PU_R0978,DO_R0978,2026-05-18 09:35:00,2026-05-18 10:27:00,2026-05-18 10:40:00,2026-05-18 10:40:00,09:35,10:27,10:40
R0979,P568,return,hospital_to_patient,H1,HOME_P568,H1,other,P2,medium,1.5,standard_assis,5,5,1,-1,760,785,835,760,35,1,R0978,PU_R0979,DO_R0979,2026-05-18 12:40:00,2026-05-18 13:05:00,2026-05-18 13:55:00,2026-05-18 12:40:00,12:40,13:05,13:55
R0980,P569,outbound,patient_to_hospital,HOME_P569,H3,H3,dialysis,P1,high,2.0,vsl_required,5,5,1,-1,445,490,500,500,25,1,R0981,PU_R0980,DO_R0980,2026-05-18 07:25:00,2026-05-18 08:10:00,2026-05-18 08:20:00,2026-05-18 08:20:00,07:25,08:10,08:20
R0981,P569,return,hospital_to_patient,H3,HOME_P569,H3,dialysis,P1,high,2.0,vsl_required,5,5,1,-1,750,765,805,750,25,1,R0980,PU_R0981,DO_R0981,2026-05-18 12:30:00,2026-05-18 12:45:00,2026-05-18 13:25:00,2026-05-18 12:30:00,12:30,12:45,13:25
R0982,P570,outbound,patient_to_hospital,HOME_P570,H1,H1,dialysis,P1,high,2.0,vsl_required,5,5,1,-1,435,476,490,490,25,1,R0983,PU_R0982,DO_R0982,2026-05-18 07:15:00,2026-05-18 07:56:00,2026-05-18 08:10:00,2026-05-18 08:10:00,07:15,07:56,08:10
R0983,P570,return,hospital_to_patient,H1,HOME_P570,H1,dialysis,P1,high,2.0,vsl_required,5,5,1,-1,730,745,785,730,25,1,R0982,PU_R0983,DO_R0983,2026-05-18 12:10:00,2026-05-18 12:25:00,2026-05-18 13:05:00,2026-05-18 12:10:00,12:10,12:25,13:05
R0984,P571,outbound,patient_to_hospital,HOME_P571,H2,H2,oncology,P1,high,2.0,vsl_required,5,5,1,-1,780,820,835,835,25,1,,PU_R0984,DO_R0984,2026-05-18 13:00:00,2026-05-18 13:40:00,2026-05-18 13:55:00,2026-05-18 13:55:00,13:00,13:40,13:55
R0985,P572,outbound,patient_to_hospital,HOME_P572,H1,H1,dialysis,P1,high,2.0,vsl_required,5,5,1,-1,435,480,490,490,25,1,R0986,PU_R0985,DO_R0985,2026-05-18 07:15:00,2026-05-18 08:00:00,2026-05-18 08:10:00,2026-05-18 08:10:00,07:15,08:00,08:10
R0986,P572,return,hospital_to_patient,H1,HOME_P572,H1,dialysis,P1,high,2.0,vsl_required,5,5,1,-1,730,745,785,730,25,1,R0985,PU_R0986,DO_R0986,2026-05-18 12:10:00,2026-05-18 12:25:00,2026-05-18 13:05:00,2026-05-18 12:10:00,12:10,12:25,13:05
R0987,P573,outbound,patient_to_hospital,HOME_P573,H1,H1,other,P2,medium,1.5,standard_assis,5,5,1,-1,470,518,535,535,35,1,R0988,PU_R0987,DO_R0987,2026-05-18 07:50:00,2026-05-18 08:38:00,2026-05-18 08:55:00,2026-05-18 08:55:00,07:50,08:38,08:55
R0988,P573,return,hospital_to_patient,H1,HOME_P573,H1,other,P2,medium,1.5,standard_assis,5,5,1,-1,635,660,710,635,35,1,R0987,PU_R0988,DO_R0988,2026-05-18 10:35:00,2026-05-18 11:00:00,2026-05-18 11:50:00,2026-05-18 10:35:00,10:35,11:00,11:50
R0989,P574,outbound,patient_to_hospital,HOME_P574,H2,H2,dialysis,P1,high,2.0,vsl_required,5,5,1,-1,480,524,535,535,25,1,R0990,PU_R0989,DO_R0989,2026-05-18 08:00:00,2026-05-18 08:44:00,2026-05-18 08:55:00,2026-05-18 08:55:00,08:00,08:44,08:55
R0990,P574,return,hospital_to_patient,H2,HOME_P574,H2,dialysis,P1,high,2.0,vsl_required,5,5,1,-1,795,810,850,795,25,1,R0989,PU_R0990,DO_R0990,2026-05-18 13:15:00,2026-05-18 13:30:00,2026-05-18 14:10:00,2026-05-18 13:15:00,13:15,13:30,14:10
R0991,P575,outbound,patient_to_hospital,HOME_P575,H2,H2,dialysis,P1,high,2.0,vsl_required,5,5,1,-1,470,512,525,525,25,1,R0992,PU_R0991,DO_R0991,2026-05-18 07:50:00,2026-05-18 08:32:00,2026-05-18 08:45:00,2026-05-18 08:45:00,07:50,08:32,08:45
R0992,P575,return,hospital_to_patient,H2,HOME_P575,H2,dialysis,P1,high,2.0,vsl_required,5,5,1,-1,765,780,820,765,25,1,R0991,PU_R0992,DO_R0992,2026-05-18 12:45:00,2026-05-18 13:00:00,2026-05-18 13:40:00,2026-05-18 12:45:00,12:45,13:00,13:40
R0993,P576,outbound,patient_to_hospital,HOME_P576,H1,H1,other,P2,medium,1.5,standard_assis,5,5,1,-1,445,499,510,510,35,1,R0994,PU_R0993,DO_R0993,2026-05-18 07:25:00,2026-05-18 08:19:00,2026-05-18 08:30:00,2026-05-18 08:30:00,07:25,08:19,08:30
R0994,P576,return,hospital_to_patient,H1,HOME_P576,H1,other,P2,medium,1.5,standard_assis,5,5,1,-1,625,650,700,625,35,1,R0993,PU_R0994,DO_R0994,2026-05-18 10:25:00,2026-05-18 10:50:00,2026-05-18 11:40:00,2026-05-18 10:25:00,10:25,10:50,11:40
R0995,P577,outbound,patient_to_hospital,HOME_P577,H1,H1,dialysis,P1,high,2.0,prescription_medicale,5,5,1,-1,440,483,495,495,25,1,R0996,PU_R0995,DO_R0995,2026-05-18 07:20:00,2026-05-18 08:03:00,2026-05-18 08:15:00,2026-05-18 08:15:00,07:20,08:03,08:15
R0996,P577,return,hospital_to_patient,H1,HOME_P577,H1,dialysis,P1,high,2.0,prescription_medicale,5,5,1,-1,735,750,790,735,25,1,R0995,PU_R0996,DO_R0996,2026-05-18 12:15:00,2026-05-18 12:30:00,2026-05-18 13:10:00,2026-05-18 12:15:00,12:15,12:30,13:10
R0997,P578,outbound,patient_to_hospital,HOME_P578,H3,H3,dialysis,P1,high,2.0,vsl_required,5,5,1,-1,760,801,815,815,25,1,,PU_R0997,DO_R0997,2026-05-18 12:40:00,2026-05-18 13:21:00,2026-05-18 13:35:00,2026-05-18 13:35:00,12:40,13:21,13:35
R0998,P579,outbound,patient_to_hospital,HOME_P579,H1,H1,other,P2,medium,1.5,standard_assis,5,5,1,-1,780,825,845,845,35,1,R0999,PU_R0998,DO_R0998,2026-05-18 13:00:00,2026-05-18 13:45:00,2026-05-18 14:05:00,2026-05-18 14:05:00,13:00,13:45,14:05
R0999,P579,return,hospital_to_patient,H1,HOME_P579,H1,other,P2,medium,1.5,standard_assis,5,5,1,-1,915,940,990,915,35,1,R0998,PU_R0999,DO_R0999,2026-05-18 15:15:00,2026-05-18 15:40:00,2026-05-18 16:30:00,2026-05-18 15:15:00,15:15,15:40,16:30
R1000,P580,outbound,patient_to_hospital,HOME_P580,H2,H2,other,P2,medium,1.5,standard_assis,5,5,1,-1,490,538,555,555,35,1,R1001,PU_R1000,DO_R1000,2026-05-18 08:10:00,2026-05-18 08:58:00,2026-05-18 09:15:00,2026-05-18 09:15:00,08:10,08:58,09:15
R1001,P580,return,hospital_to_patient,H2,HOME_P580,H2,other,P2,medium,1.5,standard_assis,5,5,1,-1,595,620,670,595,35,1,R1000,PU_R1001,DO_R1001,2026-05-18 09:55:00,2026-05-18 10:20:00,2026-05-18 11:10:00,2026-05-18 09:55:00,09:55,10:20,11:10
R1002,P581,outbound,patient_to_hospital,HOME_P581,H2,H2,other,P2,medium,1.5,prescription_medicale,5,5,1,-1,815,867,880,880,35,1,R1003,PU_R1002,DO_R1002,2026-05-18 13:35:00,2026-05-18 14:27:00,2026-05-18 14:40:00,2026-05-18 14:40:00,13:35,14:27,14:40
R1003,P581,return,hospital_to_patient,H2,HOME_P581,H2,other,P2,medium,1.5,prescription_medicale,5,5,1,-1,915,940,990,915,35,1,R1002,PU_R1003,DO_R1003,2026-05-18 15:15:00,2026-05-18 15:40:00,2026-05-18 16:30:00,2026-05-18 15:15:00,15:15,15:40,16:30
R1004,P582,outbound,patient_to_hospital,HOME_P582,H1,H1,dialysis,P1,high,2.0,prescription_medicale,5,5,1,-1,460,500,515,515,25,1,R1005,PU_R1004,DO_R1004,2026-05-18 07:40:00,2026-05-18 08:20:00,2026-05-18 08:35:00,2026-05-18 08:35:00,07:40,08:20,08:35
R1005,P582,return,hospital_to_patient,H1,HOME_P582,H1,dialysis,P1,high,2.0,prescription_medicale,5,5,1,-1,755,770,810,755,25,1,R1004,PU_R1005,DO_R1005,2026-05-18 12:35:00,2026-05-18 12:50:00,2026-05-18 13:30:00,2026-05-18 12:35:00,12:35,12:50,13:30
R1006,P583,outbound,patient_to_hospital,HOME_P583,H1,H1,oncology,P1,high,2.0,vsl_required,5,5,1,-1,475,521,530,530,25,1,R1007,PU_R1006,DO_R1006,2026-05-18 07:55:00,2026-05-18 08:41:00,2026-05-18 08:50:00,2026-05-18 08:50:00,07:55,08:41,08:50
R1007,P583,return,hospital_to_patient,H1,HOME_P583,H1,oncology,P1,high,2.0,vsl_required,5,5,1,-1,710,725,765,710,25,1,R1006,PU_R1007,DO_R1007,2026-05-18 11:50:00,2026-05-18 12:05:00,2026-05-18 12:45:00,2026-05-18 11:50:00,11:50,12:05,12:45
R1008,P584,outbound,patient_to_hospital,HOME_P584,H3,H3,dialysis,P1,high,2.0,vsl_required,5,5,1,-1,745,790,800,800,25,1,R1009,PU_R1008,DO_R1008,2026-05-18 12:25:00,2026-05-18 13:10:00,2026-05-18 13:20:00,2026-05-18 13:20:00,12:25,13:10,13:20
R1009,P584,return,hospital_to_patient,H3,HOME_P584,H3,dialysis,P1,high,2.0,vsl_required,5,5,1,-1,1020,1035,1075,1020,25,1,R1008,PU_R1009,DO_R1009,2026-05-18 17:00:00,2026-05-18 17:15:00,2026-05-18 17:55:00,2026-05-18 17:00:00,17:00,17:15,17:55
R1010,P585,outbound,patient_to_hospital,HOME_P585,H2,H2,other,P2,medium,1.5,standard_assis,5,5,1,-1,495,538,560,560,35,1,R1011,PU_R1010,DO_R1010,2026-05-18 08:15:00,2026-05-18 08:58:00,2026-05-18 09:20:00,2026-05-18 09:20:00,08:15,08:58,09:20
R1011,P585,return,hospital_to_patient,H2,HOME_P585,H2,other,P2,medium,1.5,standard_assis,5,5,1,-1,595,620,670,595,35,1,R1010,PU_R1011,DO_R1011,2026-05-18 09:55:00,2026-05-18 10:20:00,2026-05-18 11:10:00,2026-05-18 09:55:00,09:55,10:20,11:10
R1012,P586,outbound,patient_to_hospital,HOME_P586,H2,H2,oncology,P1,high,2.0,vsl_required,5,5,1,-1,460,500,515,515,25,1,R1013,PU_R1012,DO_R1012,2026-05-18 07:40:00,2026-05-18 08:20:00,2026-05-18 08:35:00,2026-05-18 08:35:00,07:40,08:20,08:35
R1013,P586,return,hospital_to_patient,H2,HOME_P586,H2,oncology,P1,high,2.0,vsl_required,5,5,1,-1,675,690,730,675,25,1,R1012,PU_R1013,DO_R1013,2026-05-18 11:15:00,2026-05-18 11:30:00,2026-05-18 12:10:00,2026-05-18 11:15:00,11:15,11:30,12:10
R1014,P587,outbound,patient_to_hospital,HOME_P587,H2,H2,dialysis,P1,high,2.0,prescription_medicale,5,5,1,-1,480,522,535,535,25,1,R1015,PU_R1014,DO_R1014,2026-05-18 08:00:00,2026-05-18 08:42:00,2026-05-18 08:55:00,2026-05-18 08:55:00,08:00,08:42,08:55
R1015,P587,return,hospital_to_patient,H2,HOME_P587,H2,dialysis,P1,high,2.0,prescription_medicale,5,5,1,-1,775,790,830,775,25,1,R1014,PU_R1015,DO_R1015,2026-05-18 12:55:00,2026-05-18 13:10:00,2026-05-18 13:50:00,2026-05-18 12:55:00,12:55,13:10,13:50
R1016,P588,outbound,patient_to_hospital,HOME_P588,H2,H2,oncology,P1,high,2.0,vsl_required,5,5,1,-1,480,521,535,535,25,1,R1017,PU_R1016,DO_R1016,2026-05-18 08:00:00,2026-05-18 08:41:00,2026-05-18 08:55:00,2026-05-18 08:55:00,08:00,08:41,08:55
R1017,P588,return,hospital_to_patient,H2,HOME_P588,H2,oncology,P1,high,2.0,vsl_required,5,5,1,-1,725,740,780,725,25,1,R1016,PU_R1017,DO_R1017,2026-05-18 12:05:00,2026-05-18 12:20:00,2026-05-18 13:00:00,2026-05-18 12:05:00,12:05,12:20,13:00
R1018,P589,outbound,patient_to_hospital,HOME_P589,H3,H3,dialysis,P1,high,2.0,prescription_medicale,5,5,1,-1,440,481,495,495,25,1,R1019,PU_R1018,DO_R1018,2026-05-18 07:20:00,2026-05-18 08:01:00,2026-05-18 08:15:00,2026-05-18 08:15:00,07:20,08:01,08:15
R1019,P589,return,hospital_to_patient,H3,HOME_P589,H3,dialysis,P1,high,2.0,prescription_medicale,5,5,1,-1,725,740,780,725,25,1,R1018,PU_R1019,DO_R1019,2026-05-18 12:05:00,2026-05-18 12:20:00,2026-05-18 13:00:00,2026-05-18 12:05:00,12:05,12:20,13:00
R1020,P590,outbound,patient_to_hospital,HOME_P590,H1,H1,dialysis,P1,high,2.0,vsl_required,5,5,1,-1,775,822,830,830,25,1,,PU_R1020,DO_R1020,2026-05-18 12:55:00,2026-05-18 13:42:00,2026-05-18 13:50:00,2026-05-18 13:50:00,12:55,13:42,13:50
R1021,P591,outbound,patient_to_hospital,HOME_P591,H1,H1,external,P3,low,1.0,standard_assis,5,5,1,-1,775,828,850,850,45,1,R1022,PU_R1021,DO_R1021,2026-05-18 12:55:00,2026-05-18 13:48:00,2026-05-18 14:10:00,2026-05-18 14:10:00,12:55,13:48,14:10
R1022,P591,return,hospital_to_patient,H1,HOME_P591,H1,external,P3,low,1.0,standard_assis,5,5,1,-1,870,905,965,870,45,1,R1021,PU_R1022,DO_R1022,2026-05-18 14:30:00,2026-05-18 15:05:00,2026-05-18 16:05:00,2026-05-18 14:30:00,14:30,15:05,16:05
R1023,P592,outbound,patient_to_hospital,HOME_P592,H1,H1,oncology,P1,high,2.0,vsl_required,5,5,1,-1,625,670,680,680,25,1,R1024,PU_R1023,DO_R1023,2026-05-18 10:25:00,2026-05-18 11:10:00,2026-05-18 11:20:00,2026-05-18 11:20:00,10:25,11:10,11:20
R1024,P592,return,hospital_to_patient,H1,HOME_P592,H1,oncology,P1,high,2.0,vsl_required,5,5,1,-1,845,860,900,845,25,1,R1023,PU_R1024,DO_R1024,2026-05-18 14:05:00,2026-05-18 14:20:00,2026-05-18 15:00:00,2026-05-18 14:05:00,14:05,14:20,15:00
R1025,P593,outbound,patient_to_hospital,HOME_P593,H1,H1,other,P2,medium,1.5,prescription_medicale,5,5,1,-1,515,574,580,580,35,1,R1026,PU_R1025,DO_R1025,2026-05-18 08:35:00,2026-05-18 09:34:00,2026-05-18 09:40:00,2026-05-18 09:40:00,08:35,09:34,09:40
R1026,P593,return,hospital_to_patient,H1,HOME_P593,H1,other,P2,medium,1.5,prescription_medicale,5,5,1,-1,640,665,715,640,35,1,R1025,PU_R1026,DO_R1026,2026-05-18 10:40:00,2026-05-18 11:05:00,2026-05-18 11:55:00,2026-05-18 10:40:00,10:40,11:05,11:55
R1027,P594,outbound,patient_to_hospital,HOME_P594,H2,H2,other,P2,medium,1.5,standard_assis,5,5,1,-1,630,690,695,695,35,1,R1028,PU_R1027,DO_R1027,2026-05-18 10:30:00,2026-05-18 11:30:00,2026-05-18 11:35:00,2026-05-18 11:35:00,10:30,11:30,11:35
R1028,P594,return,hospital_to_patient,H2,HOME_P594,H2,other,P2,medium,1.5,standard_assis,5,5,1,-1,735,760,810,735,35,1,R1027,PU_R1028,DO_R1028,2026-05-18 12:15:00,2026-05-18 12:40:00,2026-05-18 13:30:00,2026-05-18 12:15:00,12:15,12:40,13:30
R1029,P595,outbound,patient_to_hospital,HOME_P595,H1,H1,external,P3,low,1.0,standard_assis,5,5,1,-1,520,586,595,595,45,1,R1030,PU_R1029,DO_R1029,2026-05-18 08:40:00,2026-05-18 09:46:00,2026-05-18 09:55:00,2026-05-18 09:55:00,08:40,09:46,09:55
R1030,P595,return,hospital_to_patient,H1,HOME_P595,H1,external,P3,low,1.0,standard_assis,5,5,1,-1,620,655,715,620,45,1,R1029,PU_R1030,DO_R1030,2026-05-18 10:20:00,2026-05-18 10:55:00,2026-05-18 11:55:00,2026-05-18 10:20:00,10:20,10:55,11:55
R1031,P596,outbound,patient_to_hospital,HOME_P596,H1,H1,other,P2,medium,1.5,prescription_medicale,5,5,1,-1,580,636,645,645,35,1,R1032,PU_R1031,DO_R1031,2026-05-18 09:40:00,2026-05-18 10:36:00,2026-05-18 10:45:00,2026-05-18 10:45:00,09:40,10:36,10:45
R1032,P596,return,hospital_to_patient,H1,HOME_P596,H1,other,P2,medium,1.5,prescription_medicale,5,5,1,-1,735,760,810,735,35,1,R1031,PU_R1032,DO_R1032,2026-05-18 12:15:00,2026-05-18 12:40:00,2026-05-18 13:30:00,2026-05-18 12:15:00,12:15,12:40,13:30
R1033,P597,outbound,patient_to_hospital,HOME_P597,H1,H1,dialysis,P1,high,2.0,vsl_required,5,5,1,-1,445,490,500,500,25,1,R1034,PU_R1033,DO_R1033,2026-05-18 07:25:00,2026-05-18 08:10:00,2026-05-18 08:20:00,2026-05-18 08:20:00,07:25,08:10,08:20
R1034,P597,return,hospital_to_patient,H1,HOME_P597,H1,dialysis,P1,high,2.0,vsl_required,5,5,1,-1,740,755,795,740,25,1,R1033,PU_R1034,DO_R1034,2026-05-18 12:20:00,2026-05-18 12:35:00,2026-05-18 13:15:00,2026-05-18 12:20:00,12:20,12:35,13:15
R1035,P598,outbound,patient_to_hospital,HOME_P598,H1,H1,dialysis,P1,high,2.0,vsl_required,5,5,1,-1,455,502,510,510,25,1,R1036,PU_R1035,DO_R1035,2026-05-18 07:35:00,2026-05-18 08:22:00,2026-05-18 08:30:00,2026-05-18 08:30:00,07:35,08:22,08:30
R1036,P598,return,hospital_to_patient,H1,HOME_P598,H1,dialysis,P1,high,2.0,vsl_required,5,5,1,-1,750,765,805,750,25,1,R1035,PU_R1036,DO_R1036,2026-05-18 12:30:00,2026-05-18 12:45:00,2026-05-18 13:25:00,2026-05-18 12:30:00,12:30,12:45,13:25
R1037,P599,outbound,patient_to_hospital,HOME_P599,H2,H2,other,P2,medium,1.5,standard_assis,5,5,1,-1,775,822,840,840,35,1,R1038,PU_R1037,DO_R1037,2026-05-18 12:55:00,2026-05-18 13:42:00,2026-05-18 14:00:00,2026-05-18 14:00:00,12:55,13:42,14:00
R1038,P599,return,hospital_to_patient,H2,HOME_P599,H2,other,P2,medium,1.5,standard_assis,5,5,1,-1,880,905,955,880,35,1,R1037,PU_R1038,DO_R1038,2026-05-18 14:40:00,2026-05-18 15:05:00,2026-05-18 15:55:00,2026-05-18 14:40:00,14:40,15:05,15:55
R1039,P600,outbound,patient_to_hospital,HOME_P600,H1,H1,other,P2,medium,1.5,prescription_medicale,5,5,1,-1,460,508,525,525,35,1,R1040,PU_R1039,DO_R1039,2026-05-18 07:40:00,2026-05-18 08:28:00,2026-05-18 08:45:00,2026-05-18 08:45:00,07:40,08:28,08:45
R1040,P600,return,hospital_to_patient,H1,HOME_P600,H1,other,P2,medium,1.5,prescription_medicale,5,5,1,-1,615,640,690,615,35,1,R1039,PU_R1040,DO_R1040,2026-05-18 10:15:00,2026-05-18 10:40:00,2026-05-18 11:30:00,2026-05-18 10:15:00,10:15,10:40,11:30
R1041,P601,outbound,patient_to_hospital,HOME_P601,H3,H3,dialysis,P1,high,2.0,vsl_required,5,5,1,-1,465,506,520,520,25,1,R1042,PU_R1041,DO_R1041,2026-05-18 07:45:00,2026-05-18 08:26:00,2026-05-18 08:40:00,2026-05-18 08:40:00,07:45,08:26,08:40
R1042,P601,return,hospital_to_patient,H3,HOME_P601,H3,dialysis,P1,high,2.0,vsl_required,5,5,1,-1,750,765,805,750,25,1,R1041,PU_R1042,DO_R1042,2026-05-18 12:30:00,2026-05-18 12:45:00,2026-05-18 13:25:00,2026-05-18 12:30:00,12:30,12:45,13:25
R1043,P602,outbound,patient_to_hospital,HOME_P602,H2,H2,oncology,P1,high,2.0,vsl_required,5,5,1,-1,470,508,525,525,25,1,R1044,PU_R1043,DO_R1043,2026-05-18 07:50:00,2026-05-18 08:28:00,2026-05-18 08:45:00,2026-05-18 08:45:00,07:50,08:28,08:45
R1044,P602,return,hospital_to_patient,H2,HOME_P602,H2,oncology,P1,high,2.0,vsl_required,5,5,1,-1,670,685,725,670,25,1,R1043,PU_R1044,DO_R1044,2026-05-18 11:10:00,2026-05-18 11:25:00,2026-05-18 12:05:00,2026-05-18 11:10:00,11:10,11:25,12:05
R1045,P603,outbound,patient_to_hospital,HOME_P603,H1,H1,dialysis,P1,high,2.0,vsl_required,5,5,1,-1,765,815,820,820,25,1,,PU_R1045,DO_R1045,2026-05-18 12:45:00,2026-05-18 13:35:00,2026-05-18 13:40:00,2026-05-18 13:40:00,12:45,13:35,13:40
R1046,P604,outbound,patient_to_hospital,HOME_P604,H2,H2,other,P2,medium,1.5,prescription_medicale,5,5,1,-1,525,585,590,590,35,1,R1047,PU_R1046,DO_R1046,2026-05-18 08:45:00,2026-05-18 09:45:00,2026-05-18 09:50:00,2026-05-18 09:50:00,08:45,09:45,09:50
R1047,P604,return,hospital_to_patient,H2,HOME_P604,H2,other,P2,medium,1.5,prescription_medicale,5,5,1,-1,625,650,700,625,35,1,R1046,PU_R1047,DO_R1047,2026-05-18 10:25:00,2026-05-18 10:50:00,2026-05-18 11:40:00,2026-05-18 10:25:00,10:25,10:50,11:40
R1048,P605,outbound,patient_to_hospital,HOME_P605,H3,H3,dialysis,P1,high,2.0,prescription_medicale,5,5,1,-1,475,525,530,530,25,1,R1049,PU_R1048,DO_R1048,2026-05-18 07:55:00,2026-05-18 08:45:00,2026-05-18 08:50:00,2026-05-18 08:50:00,07:55,08:45,08:50
R1049,P605,return,hospital_to_patient,H3,HOME_P605,H3,dialysis,P1,high,2.0,prescription_medicale,5,5,1,-1,775,790,830,775,25,1,R1048,PU_R1049,DO_R1049,2026-05-18 12:55:00,2026-05-18 13:10:00,2026-05-18 13:50:00,2026-05-18 12:55:00,12:55,13:10,13:50
R1050,P606,outbound,patient_to_hospital,HOME_P606,H2,H2,dialysis,P1,high,2.0,vsl_required,5,5,1,-1,765,809,820,820,25,1,,PU_R1050,DO_R1050,2026-05-18 12:45:00,2026-05-18 13:29:00,2026-05-18 13:40:00,2026-05-18 13:40:00,12:45,13:29,13:40
R1051,P607,outbound,patient_to_hospital,HOME_P607,H1,H1,dialysis,P1,high,2.0,prescription_medicale,5,5,1,-1,730,775,785,785,25,1,R1052,PU_R1051,DO_R1051,2026-05-18 12:10:00,2026-05-18 12:55:00,2026-05-18 13:05:00,2026-05-18 13:05:00,12:10,12:55,13:05
R1052,P607,return,hospital_to_patient,H1,HOME_P607,H1,dialysis,P1,high,2.0,prescription_medicale,5,5,1,-1,1025,1040,1080,1025,25,1,R1051,PU_R1052,DO_R1052,2026-05-18 17:05:00,2026-05-18 17:20:00,2026-05-18 18:00:00,2026-05-18 17:05:00,17:05,17:20,18:00
R1053,P608,outbound,patient_to_hospital,HOME_P608,H2,H2,other,P2,medium,1.5,standard_assis,5,5,1,-1,775,827,840,840,35,1,R1054,PU_R1053,DO_R1053,2026-05-18 12:55:00,2026-05-18 13:47:00,2026-05-18 14:00:00,2026-05-18 14:00:00,12:55,13:47,14:00
R1054,P608,return,hospital_to_patient,H2,HOME_P608,H2,other,P2,medium,1.5,standard_assis,5,5,1,-1,875,900,950,875,35,1,R1053,PU_R1054,DO_R1054,2026-05-18 14:35:00,2026-05-18 15:00:00,2026-05-18 15:50:00,2026-05-18 14:35:00,14:35,15:00,15:50
R1055,P609,outbound,patient_to_hospital,HOME_P609,H1,H1,other,P2,medium,1.5,standard_assis,5,5,1,-1,645,689,710,710,35,1,R1056,PU_R1055,DO_R1055,2026-05-18 10:45:00,2026-05-18 11:29:00,2026-05-18 11:50:00,2026-05-18 11:50:00,10:45,11:29,11:50
R1056,P609,return,hospital_to_patient,H1,HOME_P609,H1,other,P2,medium,1.5,standard_assis,5,5,1,-1,785,810,860,785,35,1,R1055,PU_R1056,DO_R1056,2026-05-18 13:05:00,2026-05-18 13:30:00,2026-05-18 14:20:00,2026-05-18 13:05:00,13:05,13:30,14:20
R1057,P610,outbound,patient_to_hospital,HOME_P610,H2,H2,oncology,P1,high,2.0,vsl_required,5,5,1,-1,775,819,830,830,25,1,,PU_R1057,DO_R1057,2026-05-18 12:55:00,2026-05-18 13:39:00,2026-05-18 13:50:00,2026-05-18 13:50:00,12:55,13:39,13:50
R1058,P611,outbound,patient_to_hospital,HOME_P611,H1,H1,dialysis,P1,high,2.0,prescription_medicale,5,5,1,-1,450,497,505,505,25,1,R1059,PU_R1058,DO_R1058,2026-05-18 07:30:00,2026-05-18 08:17:00,2026-05-18 08:25:00,2026-05-18 08:25:00,07:30,08:17,08:25
R1059,P611,return,hospital_to_patient,H1,HOME_P611,H1,dialysis,P1,high,2.0,prescription_medicale,5,5,1,-1,745,760,800,745,25,1,R1058,PU_R1059,DO_R1059,2026-05-18 12:25:00,2026-05-18 12:40:00,2026-05-18 13:20:00,2026-05-18 12:25:00,12:25,12:40,13:20
R1060,P612,outbound,patient_to_hospital,HOME_P612,H2,H2,dialysis,P1,high,2.0,prescription_medicale,5,5,1,-1,770,814,825,825,25,1,,PU_R1060,DO_R1060,2026-05-18 12:50:00,2026-05-18 13:34:00,2026-05-18 13:45:00,2026-05-18 13:45:00,12:50,13:34,13:45
R1061,P613,outbound,patient_to_hospital,HOME_P613,H1,H1,oncology,P1,high,2.0,standard_assis,5,5,1,-1,655,699,710,710,25,1,R1062,PU_R1061,DO_R1061,2026-05-18 10:55:00,2026-05-18 11:39:00,2026-05-18 11:50:00,2026-05-18 11:50:00,10:55,11:39,11:50
R1062,P613,return,hospital_to_patient,H1,HOME_P613,H1,oncology,P1,high,2.0,standard_assis,5,5,1,-1,890,905,945,890,25,1,R1061,PU_R1062,DO_R1062,2026-05-18 14:50:00,2026-05-18 15:05:00,2026-05-18 15:45:00,2026-05-18 14:50:00,14:50,15:05,15:45
R1063,P614,outbound,patient_to_hospital,HOME_P614,H1,H1,other,P2,medium,1.5,standard_assis,5,5,1,-1,640,690,705,705,35,1,R1064,PU_R1063,DO_R1063,2026-05-18 10:40:00,2026-05-18 11:30:00,2026-05-18 11:45:00,2026-05-18 11:45:00,10:40,11:30,11:45
R1064,P614,return,hospital_to_patient,H1,HOME_P614,H1,other,P2,medium,1.5,standard_assis,5,5,1,-1,785,810,860,785,35,1,R1063,PU_R1064,DO_R1064,2026-05-18 13:05:00,2026-05-18 13:30:00,2026-05-18 14:20:00,2026-05-18 13:05:00,13:05,13:30,14:20
R1065,P615,outbound,patient_to_hospital,HOME_P615,H2,H2,dialysis,P1,high,2.0,vsl_required,5,5,1,-1,475,521,530,530,25,1,R1066,PU_R1065,DO_R1065,2026-05-18 07:55:00,2026-05-18 08:41:00,2026-05-18 08:50:00,2026-05-18 08:50:00,07:55,08:41,08:50
R1066,P615,return,hospital_to_patient,H2,HOME_P615,H2,dialysis,P1,high,2.0,vsl_required,5,5,1,-1,760,775,815,760,25,1,R1065,PU_R1066,DO_R1066,2026-05-18 12:40:00,2026-05-18 12:55:00,2026-05-18 13:35:00,2026-05-18 12:40:00,12:40,12:55,13:35
R1067,P616,outbound,patient_to_hospital,HOME_P616,H1,H1,other,P2,medium,1.5,prescription_medicale,5,5,1,-1,840,889,905,905,35,1,,PU_R1067,DO_R1067,2026-05-18 14:00:00,2026-05-18 14:49:00,2026-05-18 15:05:00,2026-05-18 15:05:00,14:00,14:49,15:05
R1068,P617,outbound,patient_to_hospital,HOME_P617,H1,H1,external,P3,low,1.0,standard_assis,5,5,1,-1,867,921,950,950,53,1,,PU_R1068,DO_R1068,2026-05-18 14:27:00,2026-05-18 15:21:00,2026-05-18 15:50:00,2026-05-18 15:50:00,14:27,15:21,15:50
R1069,P618,outbound,patient_to_hospital,HOME_P618,H2,H2,other,P2,medium,1.5,standard_assis,5,5,1,-1,570,630,635,635,35,1,R1070,PU_R1069,DO_R1069,2026-05-18 09:30:00,2026-05-18 10:30:00,2026-05-18 10:35:00,2026-05-18 10:35:00,09:30,10:30,10:35
R1070,P618,return,hospital_to_patient,H2,HOME_P618,H2,other,P2,medium,1.5,standard_assis,5,5,1,-1,665,690,740,665,35,1,R1069,PU_R1070,DO_R1070,2026-05-18 11:05:00,2026-05-18 11:30:00,2026-05-18 12:20:00,2026-05-18 11:05:00,11:05,11:30,12:20
R1071,P619,outbound,patient_to_hospital,HOME_P619,H2,H2,dialysis,P1,high,2.0,vsl_required,5,5,1,-1,445,485,500,500,25,1,R1072,PU_R1071,DO_R1071,2026-05-18 07:25:00,2026-05-18 08:05:00,2026-05-18 08:20:00,2026-05-18 08:20:00,07:25,08:05,08:20
R1072,P619,return,hospital_to_patient,H2,HOME_P619,H2,dialysis,P1,high,2.0,vsl_required,5,5,1,-1,760,775,815,760,25,1,R1071,PU_R1072,DO_R1072,2026-05-18 12:40:00,2026-05-18 12:55:00,2026-05-18 13:35:00,2026-05-18 12:40:00,12:40,12:55,13:35
R1073,P620,outbound,patient_to_hospital,HOME_P620,H1,H1,oncology,P1,high,2.0,prescription_medicale,5,5,1,-1,460,505,515,515,25,1,R1074,PU_R1073,DO_R1073,2026-05-18 07:40:00,2026-05-18 08:25:00,2026-05-18 08:35:00,2026-05-18 08:35:00,07:40,08:25,08:35
R1074,P620,return,hospital_to_patient,H1,HOME_P620,H1,oncology,P1,high,2.0,prescription_medicale,5,5,1,-1,680,695,735,680,25,1,R1073,PU_R1074,DO_R1074,2026-05-18 11:20:00,2026-05-18 11:35:00,2026-05-18 12:15:00,2026-05-18 11:20:00,11:20,11:35,12:15
R1075,P621,outbound,patient_to_hospital,HOME_P621,H1,H1,dialysis,P1,high,2.0,vsl_required,5,5,1,-1,760,804,815,815,25,1,,PU_R1075,DO_R1075,2026-05-18 12:40:00,2026-05-18 13:24:00,2026-05-18 13:35:00,2026-05-18 13:35:00,12:40,13:24,13:35
R1076,P622,outbound,patient_to_hospital,HOME_P622,H3,H3,dialysis,P1,high,2.0,vsl_required,5,5,1,-1,765,807,820,820,25,1,,PU_R1076,DO_R1076,2026-05-18 12:45:00,2026-05-18 13:27:00,2026-05-18 13:40:00,2026-05-18 13:40:00,12:45,13:27,13:40
R1077,P623,outbound,patient_to_hospital,HOME_P623,H1,H1,oncology,P1,high,2.0,prescription_medicale,5,5,1,-1,465,504,520,520,25,1,R1078,PU_R1077,DO_R1077,2026-05-18 07:45:00,2026-05-18 08:24:00,2026-05-18 08:40:00,2026-05-18 08:40:00,07:45,08:24,08:40
R1078,P623,return,hospital_to_patient,H1,HOME_P623,H1,oncology,P1,high,2.0,prescription_medicale,5,5,1,-1,680,695,735,680,25,1,R1077,PU_R1078,DO_R1078,2026-05-18 11:20:00,2026-05-18 11:35:00,2026-05-18 12:15:00,2026-05-18 11:20:00,11:20,11:35,12:15
R1079,P624,outbound,patient_to_hospital,HOME_P624,H1,H1,other,P2,medium,1.5,standard_assis,5,5,1,-1,615,670,680,680,35,1,,PU_R1079,DO_R1079,2026-05-18 10:15:00,2026-05-18 11:10:00,2026-05-18 11:20:00,2026-05-18 11:20:00,10:15,11:10,11:20
R1080,P625,outbound,patient_to_hospital,HOME_P625,H2,H2,dialysis,P1,high,2.0,prescription_medicale,5,5,1,-1,765,810,820,820,25,1,,PU_R1080,DO_R1080,2026-05-18 12:45:00,2026-05-18 13:30:00,2026-05-18 13:40:00,2026-05-18 13:40:00,12:45,13:30,13:40
R1081,P626,outbound,patient_to_hospital,HOME_P626,H1,H1,other,P2,medium,1.5,standard_assis,5,5,1,-1,515,558,580,580,35,1,,PU_R1081,DO_R1081,2026-05-18 08:35:00,2026-05-18 09:18:00,2026-05-18 09:40:00,2026-05-18 09:40:00,08:35,09:18,09:40
R1082,P627,outbound,patient_to_hospital,HOME_P627,H1,H1,other,P2,medium,1.5,prescription_medicale,5,5,1,-1,810,856,875,875,35,1,R1083,PU_R1082,DO_R1082,2026-05-18 13:30:00,2026-05-18 14:16:00,2026-05-18 14:35:00,2026-05-18 14:35:00,13:30,14:16,14:35
R1083,P627,return,hospital_to_patient,H1,HOME_P627,H1,other,P2,medium,1.5,prescription_medicale,5,5,1,-1,990,1015,1065,990,35,1,R1082,PU_R1083,DO_R1083,2026-05-18 16:30:00,2026-05-18 16:55:00,2026-05-18 17:45:00,2026-05-18 16:30:00,16:30,16:55,17:45
R1084,P628,outbound,patient_to_hospital,HOME_P628,H1,H1,other,P2,medium,1.5,standard_assis,5,5,1,-1,470,522,535,535,35,1,R1085,PU_R1084,DO_R1084,2026-05-18 07:50:00,2026-05-18 08:42:00,2026-05-18 08:55:00,2026-05-18 08:55:00,07:50,08:42,08:55
R1085,P628,return,hospital_to_patient,H1,HOME_P628,H1,other,P2,medium,1.5,standard_assis,5,5,1,-1,645,670,720,645,35,1,R1084,PU_R1085,DO_R1085,2026-05-18 10:45:00,2026-05-18 11:10:00,2026-05-18 12:00:00,2026-05-18 10:45:00,10:45,11:10,12:00
R1086,P629,outbound,patient_to_hospital,HOME_P629,H2,H2,other,P2,medium,1.5,standard_assis,5,5,1,-1,510,554,575,575,35,1,R1087,PU_R1086,DO_R1086,2026-05-18 08:30:00,2026-05-18 09:14:00,2026-05-18 09:35:00,2026-05-18 09:35:00,08:30,09:14,09:35
R1087,P629,return,hospital_to_patient,H2,HOME_P629,H2,other,P2,medium,1.5,standard_assis,5,5,1,-1,615,640,690,615,35,1,R1086,PU_R1087,DO_R1087,2026-05-18 10:15:00,2026-05-18 10:40:00,2026-05-18 11:30:00,2026-05-18 10:15:00,10:15,10:40,11:30
R1088,P630,outbound,patient_to_hospital,HOME_P630,H1,H1,oncology,P1,high,2.0,prescription_medicale,5,5,1,-1,425,462,480,480,25,1,R1089,PU_R1088,DO_R1088,2026-05-18 07:05:00,2026-05-18 07:42:00,2026-05-18 08:00:00,2026-05-18 08:00:00,07:05,07:42,08:00
R1089,P630,return,hospital_to_patient,H1,HOME_P630,H1,oncology,P1,high,2.0,prescription_medicale,5,5,1,-1,650,665,705,650,25,1,R1088,PU_R1089,DO_R1089,2026-05-18 10:50:00,2026-05-18 11:05:00,2026-05-18 11:45:00,2026-05-18 10:50:00,10:50,11:05,11:45
R1090,P631,outbound,patient_to_hospital,HOME_P631,H1,H1,oncology,P1,high,2.0,prescription_medicale,5,5,1,-1,440,485,495,495,25,1,R1091,PU_R1090,DO_R1090,2026-05-18 07:20:00,2026-05-18 08:05:00,2026-05-18 08:15:00,2026-05-18 08:15:00,07:20,08:05,08:15
R1091,P631,return,hospital_to_patient,H1,HOME_P631,H1,oncology,P1,high,2.0,prescription_medicale,5,5,1,-1,645,660,700,645,25,1,R1090,PU_R1091,DO_R1091,2026-05-18 10:45:00,2026-05-18 11:00:00,2026-05-18 11:40:00,2026-05-18 10:45:00,10:45,11:00,11:40
R1092,P632,outbound,patient_to_hospital,HOME_P632,H2,H2,other,P2,medium,1.5,prescription_medicale,5,5,1,-1,860,904,925,925,35,1,R1093,PU_R1092,DO_R1092,2026-05-18 14:20:00,2026-05-18 15:04:00,2026-05-18 15:25:00,2026-05-18 15:25:00,14:20,15:04,15:25
R1093,P632,return,hospital_to_patient,H2,HOME_P632,H2,other,P2,medium,1.5,prescription_medicale,5,5,1,-1,950,975,1025,950,35,1,R1092,PU_R1093,DO_R1093,2026-05-18 15:50:00,2026-05-18 16:15:00,2026-05-18 17:05:00,2026-05-18 15:50:00,15:50,16:15,17:05
R1094,P633,outbound,patient_to_hospital,HOME_P633,H1,H1,oncology,P1,high,2.0,standard_assis,5,5,1,-1,475,520,530,530,25,1,R1095,PU_R1094,DO_R1094,2026-05-18 07:55:00,2026-05-18 08:40:00,2026-05-18 08:50:00,2026-05-18 08:50:00,07:55,08:40,08:50
R1095,P633,return,hospital_to_patient,H1,HOME_P633,H1,oncology,P1,high,2.0,standard_assis,5,5,1,-1,690,705,745,690,25,1,R1094,PU_R1095,DO_R1095,2026-05-18 11:30:00,2026-05-18 11:45:00,2026-05-18 12:25:00,2026-05-18 11:30:00,11:30,11:45,12:25
R1096,P634,outbound,patient_to_hospital,HOME_P634,H2,H2,dialysis,P1,high,2.0,prescription_medicale,5,5,1,-1,425,470,480,480,25,1,R1097,PU_R1096,DO_R1096,2026-05-18 07:05:00,2026-05-18 07:50:00,2026-05-18 08:00:00,2026-05-18 08:00:00,07:05,07:50,08:00
R1097,P634,return,hospital_to_patient,H2,HOME_P634,H2,dialysis,P1,high,2.0,prescription_medicale,5,5,1,-1,700,715,755,700,25,1,R1096,PU_R1097,DO_R1097,2026-05-18 11:40:00,2026-05-18 11:55:00,2026-05-18 12:35:00,2026-05-18 11:40:00,11:40,11:55,12:35
R1098,P635,outbound,patient_to_hospital,HOME_P635,H2,H2,dialysis,P1,high,2.0,vsl_required,5,5,1,-1,980,1024,1035,1035,25,1,,PU_R1098,DO_R1098,2026-05-18 16:20:00,2026-05-18 17:04:00,2026-05-18 17:15:00,2026-05-18 17:15:00,16:20,17:04,17:15
R1099,P636,outbound,patient_to_hospital,HOME_P636,H1,H1,dialysis,P1,high,2.0,vsl_required,5,5,1,-1,465,508,520,520,25,1,R1100,PU_R1099,DO_R1099,2026-05-18 07:45:00,2026-05-18 08:28:00,2026-05-18 08:40:00,2026-05-18 08:40:00,07:45,08:28,08:40
R1100,P636,return,hospital_to_patient,H1,HOME_P636,H1,dialysis,P1,high,2.0,vsl_required,5,5,1,-1,760,775,815,760,25,1,R1099,PU_R1100,DO_R1100,2026-05-18 12:40:00,2026-05-18 12:55:00,2026-05-18 13:35:00,2026-05-18 12:40:00,12:40,12:55,13:35
R1101,P637,outbound,patient_to_hospital,HOME_P637,H1,H1,dialysis,P1,high,2.0,vsl_required,5,5,1,-1,745,795,800,800,25,1,,PU_R1101,DO_R1101,2026-05-18 12:25:00,2026-05-18 13:15:00,2026-05-18 13:20:00,2026-05-18 13:20:00,12:25,13:15,13:20
R1102,P638,outbound,patient_to_hospital,HOME_P638,H1,H1,dialysis,P1,high,2.0,vsl_required,5,5,1,-1,735,785,790,790,25,1,,PU_R1102,DO_R1102,2026-05-18 12:15:00,2026-05-18 13:05:00,2026-05-18 13:10:00,2026-05-18 13:10:00,12:15,13:05,13:10
R1103,P639,outbound,patient_to_hospital,HOME_P639,H1,H1,other,P2,medium,1.5,vsl_required,5,5,1,-1,775,824,840,840,35,1,R1104,PU_R1103,DO_R1103,2026-05-18 12:55:00,2026-05-18 13:44:00,2026-05-18 14:00:00,2026-05-18 14:00:00,12:55,13:44,14:00
R1104,P639,return,hospital_to_patient,H1,HOME_P639,H1,other,P2,medium,1.5,vsl_required,5,5,1,-1,930,955,1005,930,35,1,R1103,PU_R1104,DO_R1104,2026-05-18 15:30:00,2026-05-18 15:55:00,2026-05-18 16:45:00,2026-05-18 15:30:00,15:30,15:55,16:45
R1105,P640,outbound,patient_to_hospital,HOME_P640,H3,H3,dialysis,P1,high,2.0,vsl_required,5,5,1,-1,760,800,815,815,25,1,,PU_R1105,DO_R1105,2026-05-18 12:40:00,2026-05-18 13:20:00,2026-05-18 13:35:00,2026-05-18 13:35:00,12:40,13:20,13:35
R1106,P641,outbound,patient_to_hospital,HOME_P641,H1,H1,dialysis,P1,high,2.0,vsl_required,5,5,1,-1,435,479,490,490,25,1,R1107,PU_R1106,DO_R1106,2026-05-18 07:15:00,2026-05-18 07:59:00,2026-05-18 08:10:00,2026-05-18 08:10:00,07:15,07:59,08:10
R1107,P641,return,hospital_to_patient,H1,HOME_P641,H1,dialysis,P1,high,2.0,vsl_required,5,5,1,-1,730,745,785,730,25,1,R1106,PU_R1107,DO_R1107,2026-05-18 12:10:00,2026-05-18 12:25:00,2026-05-18 13:05:00,2026-05-18 12:10:00,12:10,12:25,13:05
R1108,P642,outbound,patient_to_hospital,HOME_P642,H2,H2,other,P2,medium,1.5,standard_assis,5,5,1,-1,830,886,895,895,35,1,R1109,PU_R1108,DO_R1108,2026-05-18 13:50:00,2026-05-18 14:46:00,2026-05-18 14:55:00,2026-05-18 14:55:00,13:50,14:46,14:55
R1109,P642,return,hospital_to_patient,H2,HOME_P642,H2,other,P2,medium,1.5,standard_assis,5,5,1,-1,920,945,995,920,35,1,R1108,PU_R1109,DO_R1109,2026-05-18 15:20:00,2026-05-18 15:45:00,2026-05-18 16:35:00,2026-05-18 15:20:00,15:20,15:45,16:35
R1110,P643,outbound,patient_to_hospital,HOME_P643,H2,H2,dialysis,P1,high,2.0,prescription_medicale,5,5,1,-1,440,490,495,495,25,1,R1111,PU_R1110,DO_R1110,2026-05-18 07:20:00,2026-05-18 08:10:00,2026-05-18 08:15:00,2026-05-18 08:15:00,07:20,08:10,08:15
R1111,P643,return,hospital_to_patient,H2,HOME_P643,H2,dialysis,P1,high,2.0,prescription_medicale,5,5,1,-1,710,725,765,710,25,1,R1110,PU_R1111,DO_R1111,2026-05-18 11:50:00,2026-05-18 12:05:00,2026-05-18 12:45:00,2026-05-18 11:50:00,11:50,12:05,12:45
R1112,P644,outbound,patient_to_hospital,HOME_P644,H3,H3,dialysis,P1,high,2.0,vsl_required,5,5,1,-1,775,815,830,830,25,1,,PU_R1112,DO_R1112,2026-05-18 12:55:00,2026-05-18 13:35:00,2026-05-18 13:50:00,2026-05-18 13:50:00,12:55,13:35,13:50
R1113,P645,outbound,patient_to_hospital,HOME_P645,H1,H1,other,P2,medium,1.5,standard_assis,5,5,1,-1,635,679,700,700,35,1,R1114,PU_R1113,DO_R1113,2026-05-18 10:35:00,2026-05-18 11:19:00,2026-05-18 11:40:00,2026-05-18 11:40:00,10:35,11:19,11:40
R1114,P645,return,hospital_to_patient,H1,HOME_P645,H1,other,P2,medium,1.5,standard_assis,5,5,1,-1,790,815,865,790,35,1,R1113,PU_R1114,DO_R1114,2026-05-18 13:10:00,2026-05-18 13:35:00,2026-05-18 14:25:00,2026-05-18 13:10:00,13:10,13:35,14:25
R1115,P646,outbound,patient_to_hospital,HOME_P646,H3,H3,dialysis,P1,high,2.0,vsl_required,5,5,1,-1,430,480,485,485,25,1,R1116,PU_R1115,DO_R1115,2026-05-18 07:10:00,2026-05-18 08:00:00,2026-05-18 08:05:00,2026-05-18 08:05:00,07:10,08:00,08:05
R1116,P646,return,hospital_to_patient,H3,HOME_P646,H3,dialysis,P1,high,2.0,vsl_required,5,5,1,-1,705,720,760,705,25,1,R1115,PU_R1116,DO_R1116,2026-05-18 11:45:00,2026-05-18 12:00:00,2026-05-18 12:40:00,2026-05-18 11:45:00,11:45,12:00,12:40
R1117,P647,outbound,patient_to_hospital,HOME_P647,H1,H1,dialysis,P1,high,2.0,vsl_required,5,5,1,-1,465,511,520,520,25,1,R1118,PU_R1117,DO_R1117,2026-05-18 07:45:00,2026-05-18 08:31:00,2026-05-18 08:40:00,2026-05-18 08:40:00,07:45,08:31,08:40
R1118,P647,return,hospital_to_patient,H1,HOME_P647,H1,dialysis,P1,high,2.0,vsl_required,5,5,1,-1,760,775,815,760,25,1,R1117,PU_R1118,DO_R1118,2026-05-18 12:40:00,2026-05-18 12:55:00,2026-05-18 13:35:00,2026-05-18 12:40:00,12:40,12:55,13:35
R1119,P648,outbound,patient_to_hospital,HOME_P648,H1,H1,dialysis,P1,high,2.0,vsl_required,5,5,1,-1,765,812,820,820,25,1,,PU_R1119,DO_R1119,2026-05-18 12:45:00,2026-05-18 13:32:00,2026-05-18 13:40:00,2026-05-18 13:40:00,12:45,13:32,13:40
R1120,P649,outbound,patient_to_hospital,HOME_P649,H2,H2,dialysis,P1,high,2.0,vsl_required,5,5,1,-1,760,810,815,815,25,1,,PU_R1120,DO_R1120,2026-05-18 12:40:00,2026-05-18 13:30:00,2026-05-18 13:35:00,2026-05-18 13:35:00,12:40,13:30,13:35
R1121,P650,outbound,patient_to_hospital,HOME_P650,H1,H1,oncology,P1,high,2.0,standard_assis,5,5,1,-1,480,525,535,535,25,1,R1122,PU_R1121,DO_R1121,2026-05-18 08:00:00,2026-05-18 08:45:00,2026-05-18 08:55:00,2026-05-18 08:55:00,08:00,08:45,08:55
R1122,P650,return,hospital_to_patient,H1,HOME_P650,H1,oncology,P1,high,2.0,standard_assis,5,5,1,-1,705,720,760,705,25,1,R1121,PU_R1122,DO_R1122,2026-05-18 11:45:00,2026-05-18 12:00:00,2026-05-18 12:40:00,2026-05-18 11:45:00,11:45,12:00,12:40
