request_id,patient_id,trip_type,hospital_id,activity_type,vehicle_id,vehicle_type,requirement,compatible
R0001,P1,outbound,H1,oncology,V1,taxi_conventionne,vsl_required,0
R0001,P1,outbound,H1,oncology,V2,taxi_conventionne,vsl_required,0
R0001,P1,outbound,H1,oncology,V3,taxi_conventionne,vsl_required,0
R0001,P1,outbound,H1,oncology,V4,taxi_conventionne,vsl_required,0
R0001,P1,outbound,H1,oncology,V5,taxi_conventionne,vsl_required,0
R0001,P1,outbound,H1,oncology,V6,taxi_conventionne,vsl_required,0
R0001,P1,outbound,H1,oncology,V7,taxi_conventionne,vsl_required,0
R0001,P1,outbound,H1,oncology,V8,taxi_conventionne,vsl_required,0
R0001,P1,outbound,H1,oncology,V9,vsl,vsl_required,1
R0001,P1,outbound,H1,oncology,V10,vsl,vsl_required,1
R0001,P1,outbound,H1,oncology,V11,vsl,vsl_required,1
R0001,P1,outbound,H1,oncology,V12,vsl,vsl_required,1
R0001,P1,outbound,H1,oncology,V13,vsl,vsl_required,1
R0001,P1,outbound,H1,oncology,V14,vtc_premium,vsl_required,0
R0001,P1,outbound,H1,oncology,V15,vtc_premium,vsl_required,0
R0002,P1,return,H1,oncology,V1,taxi_conventionne,vsl_required,0
R0002,P1,return,H1,oncology,V2,taxi_conventionne,vsl_required,0
R0002,P1,return,H1,oncology,V3,taxi_conventionne,vsl_required,0
R0002,P1,return,H1,oncology,V4,taxi_conventionne,vsl_required,0
R0002,P1,return,H1,oncology,V5,taxi_conventionne,vsl_required,0
R0002,P1,return,H1,oncology,V6,taxi_conventionne,vsl_required,0
R0002,P1,return,H1,oncology,V7,taxi_conventionne,vsl_required,0
R0002,P1,return,H1,oncology,V8,taxi_conventionne,vsl_required,0
R0002,P1,return,H1,oncology,V9,vsl,vsl_required,1
R0002,P1,return,H1,oncology,V10,vsl,vsl_required,1
R0002,P1,return,H1,oncology,V11,vsl,vsl_required,1
R0002,P1,return,H1,oncology,V12,vsl,vsl_required,1
R0002,P1,return,H1,oncology,V13,vsl,vsl_required,1
R0002,P1,return,H1,oncology,V14,vtc_premium,vsl_required,0
R0002,P1,return,H1,oncology,V15,vtc_premium,vsl_required,0
R0003,P2,outbound,H2,other,V1,taxi_conventionne,premium,1
R0003,P2,outbound,H2,other,V2,taxi_conventionne,premium,1
R0003,P2,outbound,H2,other,V3,taxi_conventionne,premium,1
R0003,P2,outbound,H2,other,V4,taxi_conventionne,premium,1
R0003,P2,outbound,H2,other,V5,taxi_conventionne,premium,1
R0003,P2,outbound,H2,other,V6,taxi_conventionne,premium,1
R0003,P2,outbound,H2,other,V7,taxi_conventionne,premium,1
R0003,P2,outbound,H2,other,V8,taxi_conventionne,premium,1
R0003,P2,outbound,H2,other,V9,vsl,premium,0
R0003,P2,outbound,H2,other,V10,vsl,premium,0
R0003,P2,outbound,H2,other,V11,vsl,premium,0
R0003,P2,outbound,H2,other,V12,vsl,premium,0
R0003,P2,outbound,H2,other,V13,vsl,premium,0
R0003,P2,outbound,H2,other,V14,vtc_premium,premium,1
R0003,P2,outbound,H2,other,V15,vtc_premium,premium,1
R0004,P3,outbound,H2,other,V1,taxi_conventionne,standard_assis,1
R0004,P3,outbound,H2,other,V2,taxi_conventionne,standard_assis,1
R0004,P3,outbound,H2,other,V3,taxi_conventionne,standard_assis,1
R0004,P3,outbound,H2,other,V4,taxi_conventionne,standard_assis,1
R0004,P3,outbound,H2,other,V5,taxi_conventionne,standard_assis,1
R0004,P3,outbound,H2,other,V6,taxi_conventionne,standard_assis,1
R0004,P3,outbound,H2,other,V7,taxi_conventionne,standard_assis,1
R0004,P3,outbound,H2,other,V8,taxi_conventionne,standard_assis,1
R0004,P3,outbound,H2,other,V9,vsl,standard_assis,1
R0004,P3,outbound,H2,other,V10,vsl,standard_assis,1
R0004,P3,outbound,H2,other,V11,vsl,standard_assis,1
R0004,P3,outbound,H2,other,V12,vsl,standard_assis,1
R0004,P3,outbound,H2,other,V13,vsl,standard_assis,1
R0004,P3,outbound,H2,other,V14,vtc_premium,standard_assis,1
R0004,P3,outbound,H2,other,V15,vtc_premium,standard_assis,1
R0005,P4,outbound,H2,other,V1,taxi_conventionne,standard_assis,1
R0005,P4,outbound,H2,other,V2,taxi_conventionne,standard_assis,1
R0005,P4,outbound,H2,other,V3,taxi_conventionne,standard_assis,1
R0005,P4,outbound,H2,other,V4,taxi_conventionne,standard_assis,1
R0005,P4,outbound,H2,other,V5,taxi_conventionne,standard_assis,1
R0005,P4,outbound,H2,other,V6,taxi_conventionne,standard_assis,1
R0005,P4,outbound,H2,other,V7,taxi_conventionne,standard_assis,1
R0005,P4,outbound,H2,other,V8,taxi_conventionne,standard_assis,1
R0005,P4,outbound,H2,other,V9,vsl,standard_assis,1
R0005,P4,outbound,H2,other,V10,vsl,standard_assis,1
R0005,P4,outbound,H2,other,V11,vsl,standard_assis,1
R0005,P4,outbound,H2,other,V12,vsl,standard_assis,1
R0005,P4,outbound,H2,other,V13,vsl,standard_assis,1
R0005,P4,outbound,H2,other,V14,vtc_premium,standard_assis,1
R0005,P4,outbound,H2,other,V15,vtc_premium,standard_assis,1
R0006,P5,outbound,H2,other,V1,taxi_conventionne,standard_assis,1
R0006,P5,outbound,H2,other,V2,taxi_conventionne,standard_assis,1
R0006,P5,outbound,H2,other,V3,taxi_conventionne,standard_assis,1
R0006,P5,outbound,H2,other,V4,taxi_conventionne,standard_assis,1
R0006,P5,outbound,H2,other,V5,taxi_conventionne,standard_assis,1
R0006,P5,outbound,H2,other,V6,taxi_conventionne,standard_assis,1
R0006,P5,outbound,H2,other,V7,taxi_conventionne,standard_assis,1
R0006,P5,outbound,H2,other,V8,taxi_conventionne,standard_assis,1
R0006,P5,outbound,H2,other,V9,vsl,standard_assis,1
R0006,P5,outbound,H2,other,V10,vsl,standard_assis,1
R0006,P5,outbound,H2,other,V11,vsl,standard_assis,1
R0006,P5,outbound,H2,other,V12,vsl,standard_assis,1
R0006,P5,outbound,H2,other,V13,vsl,standard_assis,1
R0006,P5,outbound,H2,other,V14,vtc_premium,standard_assis,1
R0006,P5,outbound,H2,other,V15,vtc_premium,standard_assis,1
R0007,P5,return,H2,other,V1,taxi_conventionne,standard_assis,1
R0007,P5,return,H2,other,V2,taxi_conventionne,standard_assis,1
R0007,P5,return,H2,other,V3,taxi_conventionne,standard_assis,1
R0007,P5,return,H2,other,V4,taxi_conventionne,standard_assis,1
R0007,P5,return,H2,other,V5,taxi_conventionne,standard_assis,1
R0007,P5,return,H2,other,V6,taxi_conventionne,standard_assis,1
R0007,P5,return,H2,other,V7,taxi_conventionne,standard_assis,1
R0007,P5,return,H2,other,V8,taxi_conventionne,standard_assis,1
R0007,P5,return,H2,other,V9,vsl,standard_assis,1
R0007,P5,return,H2,other,V10,vsl,standard_assis,1
R0007,P5,return,H2,other,V11,vsl,standard_assis,1
R0007,P5,return,H2,other,V12,vsl,standard_assis,1
R0007,P5,return,H2,other,V13,vsl,standard_assis,1
R0007,P5,return,H2,other,V14,vtc_premium,standard_assis,1
R0007,P5,return,H2,other,V15,vtc_premium,standard_assis,1
R0008,P6,outbound,H1,oncology,V1,taxi_conventionne,vsl_required,0
R0008,P6,outbound,H1,oncology,V2,taxi_conventionne,vsl_required,0
R0008,P6,outbound,H1,oncology,V3,taxi_conventionne,vsl_required,0
R0008,P6,outbound,H1,oncology,V4,taxi_conventionne,vsl_required,0
R0008,P6,outbound,H1,oncology,V5,taxi_conventionne,vsl_required,0
R0008,P6,outbound,H1,oncology,V6,taxi_conventionne,vsl_required,0
R0008,P6,outbound,H1,oncology,V7,taxi_conventionne,vsl_required,0
R0008,P6,outbound,H1,oncology,V8,taxi_conventionne,vsl_required,0
R0008,P6,outbound,H1,oncology,V9,vsl,vsl_required,1
R0008,P6,outbound,H1,oncology,V10,vsl,vsl_required,1
R0008,P6,outbound,H1,oncology,V11,vsl,vsl_required,1
R0008,P6,outbound,H1,oncology,V12,vsl,vsl_required,1
R0008,P6,outbound,H1,oncology,V13,vsl,vsl_required,1
R0008,P6,outbound,H1,oncology,V14,vtc_premium,vsl_required,0
R0008,P6,outbound,H1,oncology,V15,vtc_premium,vsl_required,0
R0009,P6,return,H1,oncology,V1,taxi_conventionne,vsl_required,0
R0009,P6,return,H1,oncology,V2,taxi_conventionne,vsl_required,0
R0009,P6,return,H1,oncology,V3,taxi_conventionne,vsl_required,0
R0009,P6,return,H1,oncology,V4,taxi_conventionne,vsl_required,0
R0009,P6,return,H1,oncology,V5,taxi_conventionne,vsl_required,0
R0009,P6,return,H1,oncology,V6,taxi_conventionne,vsl_required,0
R0009,P6,return,H1,oncology,V7,taxi_conventionne,vsl_required,0
R0009,P6,return,H1,oncology,V8,taxi_conventionne,vsl_required,0
R0009,P6,return,H1,oncology,V9,vsl,vsl_required,1
R0009,P6,return,H1,oncology,V10,vsl,vsl_required,1
R0009,P6,return,H1,oncology,V11,vsl,vsl_required,1
R0009,P6,return,H1,oncology,V12,vsl,vsl_required,1
R0009,P6,return,H1,oncology,V13,vsl,vsl_required,1
R0009,P6,return,H1,oncology,V14,vtc_premium,vsl_required,0
R0009,P6,return,H1,oncology,V15,vtc_premium,vsl_required,0
R0010,P7,outbound,H1,other,V1,taxi_conventionne,vsl_required,0
R0010,P7,outbound,H1,other,V2,taxi_conventionne,vsl_required,0
R0010,P7,outbound,H1,other,V3,taxi_conventionne,vsl_required,0
R0010,P7,outbound,H1,other,V4,taxi_conventionne,vsl_required,0
R0010,P7,outbound,H1,other,V5,taxi_conventionne,vsl_required,0
R0010,P7,outbound,H1,other,V6,taxi_conventionne,vsl_required,0
R0010,P7,outbound,H1,other,V7,taxi_conventionne,vsl_required,0
R0010,P7,outbound,H1,other,V8,taxi_conventionne,vsl_required,0
R0010,P7,outbound,H1,other,V9,vsl,vsl_required,1
R0010,P7,outbound,H1,other,V10,vsl,vsl_required,1
R0010,P7,outbound,H1,other,V11,vsl,vsl_required,1
R0010,P7,outbound,H1,other,V12,vsl,vsl_required,1
R0010,P7,outbound,H1,other,V13,vsl,vsl_required,1
R0010,P7,outbound,H1,other,V14,vtc_premium,vsl_required,0
R0010,P7,outbound,H1,other,V15,vtc_premium,vsl_required,0
R0011,P7,return,H1,other,V1,taxi_conventionne,vsl_required,0
R0011,P7,return,H1,other,V2,taxi_conventionne,vsl_required,0
R0011,P7,return,H1,other,V3,taxi_conventionne,vsl_required,0
R0011,P7,return,H1,other,V4,taxi_conventionne,vsl_required,0
R0011,P7,return,H1,other,V5,taxi_conventionne,vsl_required,0
R0011,P7,return,H1,other,V6,taxi_conventionne,vsl_required,0
R0011,P7,return,H1,other,V7,taxi_conventionne,vsl_required,0
R0011,P7,return,H1,other,V8,taxi_conventionne,vsl_required,0
R0011,P7,return,H1,other,V9,vsl,vsl_required,1
R0011,P7,return,H1,other,V10,vsl,vsl_required,1
R0011,P7,return,H1,other,V11,vsl,vsl_required,1
R0011,P7,return,H1,other,V12,vsl,vsl_required,1
R0011,P7,return,H1,other,V13,vsl,vsl_required,1
R0011,P7,return,H1,other,V14,vtc_premium,vsl_required,0
R0011,P7,return,H1,other,V15,vtc_premium,vsl_required,0
R0012,P8,outbound,H2,dialysis,V1,taxi_conventionne,vsl_required,0
R0012,P8,outbound,H2,dialysis,V2,taxi_conventionne,vsl_required,0
R0012,P8,outbound,H2,dialysis,V3,taxi_conventionne,vsl_required,0
R0012,P8,outbound,H2,dialysis,V4,taxi_conventionne,vsl_required,0
R0012,P8,outbound,H2,dialysis,V5,taxi_conventionne,vsl_required,0
R0012,P8,outbound,H2,dialysis,V6,taxi_conventionne,vsl_required,0
R0012,P8,outbound,H2,dialysis,V7,taxi_conventionne,vsl_required,0
R0012,P8,outbound,H2,dialysis,V8,taxi_conventionne,vsl_required,0
R0012,P8,outbound,H2,dialysis,V9,vsl,vsl_required,1
R0012,P8,outbound,H2,dialysis,V10,vsl,vsl_required,1
R0012,P8,outbound,H2,dialysis,V11,vsl,vsl_required,1
R0012,P8,outbound,H2,dialysis,V12,vsl,vsl_required,1
R0012,P8,outbound,H2,dialysis,V13,vsl,vsl_required,1
R0012,P8,outbound,H2,dialysis,V14,vtc_premium,vsl_required,0
R0012,P8,outbound,H2,dialysis,V15,vtc_premium,vsl_required,0
R0013,P9,outbound,H1,dialysis,V1,taxi_conventionne,vsl_required,0
R0013,P9,outbound,H1,dialysis,V2,taxi_conventionne,vsl_required,0
R0013,P9,outbound,H1,dialysis,V3,taxi_conventionne,vsl_required,0
R0013,P9,outbound,H1,dialysis,V4,taxi_conventionne,vsl_required,0
R0013,P9,outbound,H1,dialysis,V5,taxi_conventionne,vsl_required,0
R0013,P9,outbound,H1,dialysis,V6,taxi_conventionne,vsl_required,0
R0013,P9,outbound,H1,dialysis,V7,taxi_conventionne,vsl_required,0
R0013,P9,outbound,H1,dialysis,V8,taxi_conventionne,vsl_required,0
R0013,P9,outbound,H1,dialysis,V9,vsl,vsl_required,1
R0013,P9,outbound,H1,dialysis,V10,vsl,vsl_required,1
R0013,P9,outbound,H1,dialysis,V11,vsl,vsl_required,1
R0013,P9,outbound,H1,dialysis,V12,vsl,vsl_required,1
R0013,P9,outbound,H1,dialysis,V13,vsl,vsl_required,1
R0013,P9,outbound,H1,dialysis,V14,vtc_premium,vsl_required,0
R0013,P9,outbound,H1,dialysis,V15,vtc_premium,vsl_required,0
R0014,P10,outbound,H2,oncology,V1,taxi_conventionne,prescription_medicale,1
R0014,P10,outbound,H2,oncology,V2,taxi_conventionne,prescription_medicale,1
R0014,P10,outbound,H2,oncology,V3,taxi_conventionne,prescription_medicale,1
R0014,P10,outbound,H2,oncology,V4,taxi_conventionne,prescription_medicale,1
R0014,P10,outbound,H2,oncology,V5,taxi_conventionne,prescription_medicale,1
R0014,P10,outbound,H2,oncology,V6,taxi_conventionne,prescription_medicale,1
R0014,P10,outbound,H2,oncology,V7,taxi_conventionne,prescription_medicale,1
R0014,P10,outbound,H2,oncology,V8,taxi_conventionne,prescription_medicale,1
R0014,P10,outbound,H2,oncology,V9,vsl,prescription_medicale,1
R0014,P10,outbound,H2,oncology,V10,vsl,prescription_medicale,1
R0014,P10,outbound,H2,oncology,V11,vsl,prescription_medicale,1
R0014,P10,outbound,H2,oncology,V12,vsl,prescription_medicale,1
R0014,P10,outbound,H2,oncology,V13,vsl,prescription_medicale,1
R0014,P10,outbound,H2,oncology,V14,vtc_premium,prescription_medicale,0
R0014,P10,outbound,H2,oncology,V15,vtc_premium,prescription_medicale,0
R0015,P10,return,H2,oncology,V1,taxi_conventionne,prescription_medicale,1
R0015,P10,return,H2,oncology,V2,taxi_conventionne,prescription_medicale,1
R0015,P10,return,H2,oncology,V3,taxi_conventionne,prescription_medicale,1
R0015,P10,return,H2,oncology,V4,taxi_conventionne,prescription_medicale,1
R0015,P10,return,H2,oncology,V5,taxi_conventionne,prescription_medicale,1
R0015,P10,return,H2,oncology,V6,taxi_conventionne,prescription_medicale,1
R0015,P10,return,H2,oncology,V7,taxi_conventionne,prescription_medicale,1
R0015,P10,return,H2,oncology,V8,taxi_conventionne,prescription_medicale,1
R0015,P10,return,H2,oncology,V9,vsl,prescription_medicale,1
R0015,P10,return,H2,oncology,V10,vsl,prescription_medicale,1
R0015,P10,return,H2,oncology,V11,vsl,prescription_medicale,1
R0015,P10,return,H2,oncology,V12,vsl,prescription_medicale,1
R0015,P10,return,H2,oncology,V13,vsl,prescription_medicale,1
R0015,P10,return,H2,oncology,V14,vtc_premium,prescription_medicale,0
R0015,P10,return,H2,oncology,V15,vtc_premium,prescription_medicale,0
R0016,P11,outbound,H1,dialysis,V1,taxi_conventionne,vsl_required,0
R0016,P11,outbound,H1,dialysis,V2,taxi_conventionne,vsl_required,0
R0016,P11,outbound,H1,dialysis,V3,taxi_conventionne,vsl_required,0
R0016,P11,outbound,H1,dialysis,V4,taxi_conventionne,vsl_required,0
R0016,P11,outbound,H1,dialysis,V5,taxi_conventionne,vsl_required,0
R0016,P11,outbound,H1,dialysis,V6,taxi_conventionne,vsl_required,0
R0016,P11,outbound,H1,dialysis,V7,taxi_conventionne,vsl_required,0
R0016,P11,outbound,H1,dialysis,V8,taxi_conventionne,vsl_required,0
R0016,P11,outbound,H1,dialysis,V9,vsl,vsl_required,1
R0016,P11,outbound,H1,dialysis,V10,vsl,vsl_required,1
R0016,P11,outbound,H1,dialysis,V11,vsl,vsl_required,1
R0016,P11,outbound,H1,dialysis,V12,vsl,vsl_required,1
R0016,P11,outbound,H1,dialysis,V13,vsl,vsl_required,1
R0016,P11,outbound,H1,dialysis,V14,vtc_premium,vsl_required,0
R0016,P11,outbound,H1,dialysis,V15,vtc_premium,vsl_required,0
R0017,P11,return,H1,dialysis,V1,taxi_conventionne,vsl_required,0
R0017,P11,return,H1,dialysis,V2,taxi_conventionne,vsl_required,0
R0017,P11,return,H1,dialysis,V3,taxi_conventionne,vsl_required,0
R0017,P11,return,H1,dialysis,V4,taxi_conventionne,vsl_required,0
R0017,P11,return,H1,dialysis,V5,taxi_conventionne,vsl_required,0
R0017,P11,return,H1,dialysis,V6,taxi_conventionne,vsl_required,0
R0017,P11,return,H1,dialysis,V7,taxi_conventionne,vsl_required,0
R0017,P11,return,H1,dialysis,V8,taxi_conventionne,vsl_required,0
R0017,P11,return,H1,dialysis,V9,vsl,vsl_required,1
R0017,P11,return,H1,dialysis,V10,vsl,vsl_required,1
R0017,P11,return,H1,dialysis,V11,vsl,vsl_required,1
R0017,P11,return,H1,dialysis,V12,vsl,vsl_required,1
R0017,P11,return,H1,dialysis,V13,vsl,vsl_required,1
R0017,P11,return,H1,dialysis,V14,vtc_premium,vsl_required,0
R0017,P11,return,H1,dialysis,V15,vtc_premium,vsl_required,0
R0018,P12,outbound,H2,other,V1,taxi_conventionne,prescription_medicale,1
R0018,P12,outbound,H2,other,V2,taxi_conventionne,prescription_medicale,1
R0018,P12,outbound,H2,other,V3,taxi_conventionne,prescription_medicale,1
R0018,P12,outbound,H2,other,V4,taxi_conventionne,prescription_medicale,1
R0018,P12,outbound,H2,other,V5,taxi_conventionne,prescription_medicale,1
R0018,P12,outbound,H2,other,V6,taxi_conventionne,prescription_medicale,1
R0018,P12,outbound,H2,other,V7,taxi_conventionne,prescription_medicale,1
R0018,P12,outbound,H2,other,V8,taxi_conventionne,prescription_medicale,1
R0018,P12,outbound,H2,other,V9,vsl,prescription_medicale,1
R0018,P12,outbound,H2,other,V10,vsl,prescription_medicale,1
R0018,P12,outbound,H2,other,V11,vsl,prescription_medicale,1
R0018,P12,outbound,H2,other,V12,vsl,prescription_medicale,1
R0018,P12,outbound,H2,other,V13,vsl,prescription_medicale,1
R0018,P12,outbound,H2,other,V14,vtc_premium,prescription_medicale,0
R0018,P12,outbound,H2,other,V15,vtc_premium,prescription_medicale,0
R0019,P12,return,H2,other,V1,taxi_conventionne,prescription_medicale,1
R0019,P12,return,H2,other,V2,taxi_conventionne,prescription_medicale,1
R0019,P12,return,H2,other,V3,taxi_conventionne,prescription_medicale,1
R0019,P12,return,H2,other,V4,taxi_conventionne,prescription_medicale,1
R0019,P12,return,H2,other,V5,taxi_conventionne,prescription_medicale,1
R0019,P12,return,H2,other,V6,taxi_conventionne,prescription_medicale,1
R0019,P12,return,H2,other,V7,taxi_conventionne,prescription_medicale,1
R0019,P12,return,H2,other,V8,taxi_conventionne,prescription_medicale,1
R0019,P12,return,H2,other,V9,vsl,prescription_medicale,1
R0019,P12,return,H2,other,V10,vsl,prescription_medicale,1
R0019,P12,return,H2,other,V11,vsl,prescription_medicale,1
R0019,P12,return,H2,other,V12,vsl,prescription_medicale,1
R0019,P12,return,H2,other,V13,vsl,prescription_medicale,1
R0019,P12,return,H2,other,V14,vtc_premium,prescription_medicale,0
R0019,P12,return,H2,other,V15,vtc_premium,prescription_medicale,0
R0020,P13,outbound,H1,dialysis,V1,taxi_conventionne,vsl_required,0
R0020,P13,outbound,H1,dialysis,V2,taxi_conventionne,vsl_required,0
R0020,P13,outbound,H1,dialysis,V3,taxi_conventionne,vsl_required,0
R0020,P13,outbound,H1,dialysis,V4,taxi_conventionne,vsl_required,0
R0020,P13,outbound,H1,dialysis,V5,taxi_conventionne,vsl_required,0
R0020,P13,outbound,H1,dialysis,V6,taxi_conventionne,vsl_required,0
R0020,P13,outbound,H1,dialysis,V7,taxi_conventionne,vsl_required,0
R0020,P13,outbound,H1,dialysis,V8,taxi_conventionne,vsl_required,0
R0020,P13,outbound,H1,dialysis,V9,vsl,vsl_required,1
R0020,P13,outbound,H1,dialysis,V10,vsl,vsl_required,1
R0020,P13,outbound,H1,dialysis,V11,vsl,vsl_required,1
R0020,P13,outbound,H1,dialysis,V12,vsl,vsl_required,1
R0020,P13,outbound,H1,dialysis,V13,vsl,vsl_required,1
R0020,P13,outbound,H1,dialysis,V14,vtc_premium,vsl_required,0
R0020,P13,outbound,H1,dialysis,V15,vtc_premium,vsl_required,0
R0021,P14,outbound,H1,dialysis,V1,taxi_conventionne,vsl_required,0
R0021,P14,outbound,H1,dialysis,V2,taxi_conventionne,vsl_required,0
R0021,P14,outbound,H1,dialysis,V3,taxi_conventionne,vsl_required,0
R0021,P14,outbound,H1,dialysis,V4,taxi_conventionne,vsl_required,0
R0021,P14,outbound,H1,dialysis,V5,taxi_conventionne,vsl_required,0
R0021,P14,outbound,H1,dialysis,V6,taxi_conventionne,vsl_required,0
R0021,P14,outbound,H1,dialysis,V7,taxi_conventionne,vsl_required,0
R0021,P14,outbound,H1,dialysis,V8,taxi_conventionne,vsl_required,0
R0021,P14,outbound,H1,dialysis,V9,vsl,vsl_required,1
R0021,P14,outbound,H1,dialysis,V10,vsl,vsl_required,1
R0021,P14,outbound,H1,dialysis,V11,vsl,vsl_required,1
R0021,P14,outbound,H1,dialysis,V12,vsl,vsl_required,1
R0021,P14,outbound,H1,dialysis,V13,vsl,vsl_required,1
R0021,P14,outbound,H1,dialysis,V14,vtc_premium,vsl_required,0
R0021,P14,outbound,H1,dialysis,V15,vtc_premium,vsl_required,0
R0022,P14,return,H1,dialysis,V1,taxi_conventionne,vsl_required,0
R0022,P14,return,H1,dialysis,V2,taxi_conventionne,vsl_required,0
R0022,P14,return,H1,dialysis,V3,taxi_conventionne,vsl_required,0
R0022,P14,return,H1,dialysis,V4,taxi_conventionne,vsl_required,0
R0022,P14,return,H1,dialysis,V5,taxi_conventionne,vsl_required,0
R0022,P14,return,H1,dialysis,V6,taxi_conventionne,vsl_required,0
R0022,P14,return,H1,dialysis,V7,taxi_conventionne,vsl_required,0
R0022,P14,return,H1,dialysis,V8,taxi_conventionne,vsl_required,0
R0022,P14,return,H1,dialysis,V9,vsl,vsl_required,1
R0022,P14,return,H1,dialysis,V10,vsl,vsl_required,1
R0022,P14,return,H1,dialysis,V11,vsl,vsl_required,1
R0022,P14,return,H1,dialysis,V12,vsl,vsl_required,1
R0022,P14,return,H1,dialysis,V13,vsl,vsl_required,1
R0022,P14,return,H1,dialysis,V14,vtc_premium,vsl_required,0
R0022,P14,return,H1,dialysis,V15,vtc_premium,vsl_required,0
R0023,P15,outbound,H1,dialysis,V1,taxi_conventionne,prescription_medicale,1
R0023,P15,outbound,H1,dialysis,V2,taxi_conventionne,prescription_medicale,1
R0023,P15,outbound,H1,dialysis,V3,taxi_conventionne,prescription_medicale,1
R0023,P15,outbound,H1,dialysis,V4,taxi_conventionne,prescription_medicale,1
R0023,P15,outbound,H1,dialysis,V5,taxi_conventionne,prescription_medicale,1
R0023,P15,outbound,H1,dialysis,V6,taxi_conventionne,prescription_medicale,1
R0023,P15,outbound,H1,dialysis,V7,taxi_conventionne,prescription_medicale,1
R0023,P15,outbound,H1,dialysis,V8,taxi_conventionne,prescription_medicale,1
R0023,P15,outbound,H1,dialysis,V9,vsl,prescription_medicale,1
R0023,P15,outbound,H1,dialysis,V10,vsl,prescription_medicale,1
R0023,P15,outbound,H1,dialysis,V11,vsl,prescription_medicale,1
R0023,P15,outbound,H1,dialysis,V12,vsl,prescription_medicale,1
R0023,P15,outbound,H1,dialysis,V13,vsl,prescription_medicale,1
R0023,P15,outbound,H1,dialysis,V14,vtc_premium,prescription_medicale,0
R0023,P15,outbound,H1,dialysis,V15,vtc_premium,prescription_medicale,0
R0024,P16,outbound,H2,other,V1,taxi_conventionne,vsl_required,0
R0024,P16,outbound,H2,other,V2,taxi_conventionne,vsl_required,0
R0024,P16,outbound,H2,other,V3,taxi_conventionne,vsl_required,0
R0024,P16,outbound,H2,other,V4,taxi_conventionne,vsl_required,0
R0024,P16,outbound,H2,other,V5,taxi_conventionne,vsl_required,0
R0024,P16,outbound,H2,other,V6,taxi_conventionne,vsl_required,0
R0024,P16,outbound,H2,other,V7,taxi_conventionne,vsl_required,0
R0024,P16,outbound,H2,other,V8,taxi_conventionne,vsl_required,0
R0024,P16,outbound,H2,other,V9,vsl,vsl_required,1
R0024,P16,outbound,H2,other,V10,vsl,vsl_required,1
R0024,P16,outbound,H2,other,V11,vsl,vsl_required,1
R0024,P16,outbound,H2,other,V12,vsl,vsl_required,1
R0024,P16,outbound,H2,other,V13,vsl,vsl_required,1
R0024,P16,outbound,H2,other,V14,vtc_premium,vsl_required,0
R0024,P16,outbound,H2,other,V15,vtc_premium,vsl_required,0
R0025,P16,return,H2,other,V1,taxi_conventionne,vsl_required,0
R0025,P16,return,H2,other,V2,taxi_conventionne,vsl_required,0
R0025,P16,return,H2,other,V3,taxi_conventionne,vsl_required,0
R0025,P16,return,H2,other,V4,taxi_conventionne,vsl_required,0
R0025,P16,return,H2,other,V5,taxi_conventionne,vsl_required,0
R0025,P16,return,H2,other,V6,taxi_conventionne,vsl_required,0
R0025,P16,return,H2,other,V7,taxi_conventionne,vsl_required,0
R0025,P16,return,H2,other,V8,taxi_conventionne,vsl_required,0
R0025,P16,return,H2,other,V9,vsl,vsl_required,1
R0025,P16,return,H2,other,V10,vsl,vsl_required,1
R0025,P16,return,H2,other,V11,vsl,vsl_required,1
R0025,P16,return,H2,other,V12,vsl,vsl_required,1
R0025,P16,return,H2,other,V13,vsl,vsl_required,1
R0025,P16,return,H2,other,V14,vtc_premium,vsl_required,0
R0025,P16,return,H2,other,V15,vtc_premium,vsl_required,0
R0026,P17,outbound,H1,dialysis,V1,taxi_conventionne,prescription_medicale,1
R0026,P17,outbound,H1,dialysis,V2,taxi_conventionne,prescription_medicale,1
R0026,P17,outbound,H1,dialysis,V3,taxi_conventionne,prescription_medicale,1
R0026,P17,outbound,H1,dialysis,V4,taxi_conventionne,prescription_medicale,1
R0026,P17,outbound,H1,dialysis,V5,taxi_conventionne,prescription_medicale,1
R0026,P17,outbound,H1,dialysis,V6,taxi_conventionne,prescription_medicale,1
R0026,P17,outbound,H1,dialysis,V7,taxi_conventionne,prescription_medicale,1
R0026,P17,outbound,H1,dialysis,V8,taxi_conventionne,prescription_medicale,1
R0026,P17,outbound,H1,dialysis,V9,vsl,prescription_medicale,1
R0026,P17,outbound,H1,dialysis,V10,vsl,prescription_medicale,1
R0026,P17,outbound,H1,dialysis,V11,vsl,prescription_medicale,1
R0026,P17,outbound,H1,dialysis,V12,vsl,prescription_medicale,1
R0026,P17,outbound,H1,dialysis,V13,vsl,prescription_medicale,1
R0026,P17,outbound,H1,dialysis,V14,vtc_premium,prescription_medicale,0
R0026,P17,outbound,H1,dialysis,V15,vtc_premium,prescription_medicale,0
R0027,P17,return,H1,dialysis,V1,taxi_conventionne,prescription_medicale,1
R0027,P17,return,H1,dialysis,V2,taxi_conventionne,prescription_medicale,1
R0027,P17,return,H1,dialysis,V3,taxi_conventionne,prescription_medicale,1
R0027,P17,return,H1,dialysis,V4,taxi_conventionne,prescription_medicale,1
R0027,P17,return,H1,dialysis,V5,taxi_conventionne,prescription_medicale,1
R0027,P17,return,H1,dialysis,V6,taxi_conventionne,prescription_medicale,1
R0027,P17,return,H1,dialysis,V7,taxi_conventionne,prescription_medicale,1
R0027,P17,return,H1,dialysis,V8,taxi_conventionne,prescription_medicale,1
R0027,P17,return,H1,dialysis,V9,vsl,prescription_medicale,1
R0027,P17,return,H1,dialysis,V10,vsl,prescription_medicale,1
R0027,P17,return,H1,dialysis,V11,vsl,prescription_medicale,1
R0027,P17,return,H1,dialysis,V12,vsl,prescription_medicale,1
R0027,P17,return,H1,dialysis,V13,vsl,prescription_medicale,1
R0027,P17,return,H1,dialysis,V14,vtc_premium,prescription_medicale,0
R0027,P17,return,H1,dialysis,V15,vtc_premium,prescription_medicale,0
R0028,P18,outbound,H2,dialysis,V1,taxi_conventionne,vsl_required,0
R0028,P18,outbound,H2,dialysis,V2,taxi_conventionne,vsl_required,0
R0028,P18,outbound,H2,dialysis,V3,taxi_conventionne,vsl_required,0
R0028,P18,outbound,H2,dialysis,V4,taxi_conventionne,vsl_required,0
R0028,P18,outbound,H2,dialysis,V5,taxi_conventionne,vsl_required,0
R0028,P18,outbound,H2,dialysis,V6,taxi_conventionne,vsl_required,0
R0028,P18,outbound,H2,dialysis,V7,taxi_conventionne,vsl_required,0
R0028,P18,outbound,H2,dialysis,V8,taxi_conventionne,vsl_required,0
R0028,P18,outbound,H2,dialysis,V9,vsl,vsl_required,1
R0028,P18,outbound,H2,dialysis,V10,vsl,vsl_required,1
R0028,P18,outbound,H2,dialysis,V11,vsl,vsl_required,1
R0028,P18,outbound,H2,dialysis,V12,vsl,vsl_required,1
R0028,P18,outbound,H2,dialysis,V13,vsl,vsl_required,1
R0028,P18,outbound,H2,dialysis,V14,vtc_premium,vsl_required,0
R0028,P18,outbound,H2,dialysis,V15,vtc_premium,vsl_required,0
R0029,P18,return,H2,dialysis,V1,taxi_conventionne,vsl_required,0
R0029,P18,return,H2,dialysis,V2,taxi_conventionne,vsl_required,0
R0029,P18,return,H2,dialysis,V3,taxi_conventionne,vsl_required,0
R0029,P18,return,H2,dialysis,V4,taxi_conventionne,vsl_required,0
R0029,P18,return,H2,dialysis,V5,taxi_conventionne,vsl_required,0
R0029,P18,return,H2,dialysis,V6,taxi_conventionne,vsl_required,0
R0029,P18,return,H2,dialysis,V7,taxi_conventionne,vsl_required,0
R0029,P18,return,H2,dialysis,V8,taxi_conventionne,vsl_required,0
R0029,P18,return,H2,dialysis,V9,vsl,vsl_required,1
R0029,P18,return,H2,dialysis,V10,vsl,vsl_required,1
R0029,P18,return,H2,dialysis,V11,vsl,vsl_required,1
R0029,P18,return,H2,dialysis,V12,vsl,vsl_required,1
R0029,P18,return,H2,dialysis,V13,vsl,vsl_required,1
R0029,P18,return,H2,dialysis,V14,vtc_premium,vsl_required,0
R0029,P18,return,H2,dialysis,V15,vtc_premium,vsl_required,0
R0030,P19,outbound,H1,dialysis,V1,taxi_conventionne,vsl_required,0
R0030,P19,outbound,H1,dialysis,V2,taxi_conventionne,vsl_required,0
R0030,P19,outbound,H1,dialysis,V3,taxi_conventionne,vsl_required,0
R0030,P19,outbound,H1,dialysis,V4,taxi_conventionne,vsl_required,0
R0030,P19,outbound,H1,dialysis,V5,taxi_conventionne,vsl_required,0
R0030,P19,outbound,H1,dialysis,V6,taxi_conventionne,vsl_required,0
R0030,P19,outbound,H1,dialysis,V7,taxi_conventionne,vsl_required,0
R0030,P19,outbound,H1,dialysis,V8,taxi_conventionne,vsl_required,0
R0030,P19,outbound,H1,dialysis,V9,vsl,vsl_required,1
R0030,P19,outbound,H1,dialysis,V10,vsl,vsl_required,1
R0030,P19,outbound,H1,dialysis,V11,vsl,vsl_required,1
R0030,P19,outbound,H1,dialysis,V12,vsl,vsl_required,1
R0030,P19,outbound,H1,dialysis,V13,vsl,vsl_required,1
R0030,P19,outbound,H1,dialysis,V14,vtc_premium,vsl_required,0
R0030,P19,outbound,H1,dialysis,V15,vtc_premium,vsl_required,0
R0031,P20,outbound,H2,dialysis,V1,taxi_conventionne,prescription_medicale,1
R0031,P20,outbound,H2,dialysis,V2,taxi_conventionne,prescription_medicale,1
R0031,P20,outbound,H2,dialysis,V3,taxi_conventionne,prescription_medicale,1
R0031,P20,outbound,H2,dialysis,V4,taxi_conventionne,prescription_medicale,1
R0031,P20,outbound,H2,dialysis,V5,taxi_conventionne,prescription_medicale,1
R0031,P20,outbound,H2,dialysis,V6,taxi_conventionne,prescription_medicale,1
R0031,P20,outbound,H2,dialysis,V7,taxi_conventionne,prescription_medicale,1
R0031,P20,outbound,H2,dialysis,V8,taxi_conventionne,prescription_medicale,1
R0031,P20,outbound,H2,dialysis,V9,vsl,prescription_medicale,1
R0031,P20,outbound,H2,dialysis,V10,vsl,prescription_medicale,1
R0031,P20,outbound,H2,dialysis,V11,vsl,prescription_medicale,1
R0031,P20,outbound,H2,dialysis,V12,vsl,prescription_medicale,1
R0031,P20,outbound,H2,dialysis,V13,vsl,prescription_medicale,1
R0031,P20,outbound,H2,dialysis,V14,vtc_premium,prescription_medicale,0
R0031,P20,outbound,H2,dialysis,V15,vtc_premium,prescription_medicale,0
R0032,P20,return,H2,dialysis,V1,taxi_conventionne,prescription_medicale,1
R0032,P20,return,H2,dialysis,V2,taxi_conventionne,prescription_medicale,1
R0032,P20,return,H2,dialysis,V3,taxi_conventionne,prescription_medicale,1
R0032,P20,return,H2,dialysis,V4,taxi_conventionne,prescription_medicale,1
R0032,P20,return,H2,dialysis,V5,taxi_conventionne,prescription_medicale,1
R0032,P20,return,H2,dialysis,V6,taxi_conventionne,prescription_medicale,1
R0032,P20,return,H2,dialysis,V7,taxi_conventionne,prescription_medicale,1
R0032,P20,return,H2,dialysis,V8,taxi_conventionne,prescription_medicale,1
R0032,P20,return,H2,dialysis,V9,vsl,prescription_medicale,1
R0032,P20,return,H2,dialysis,V10,vsl,prescription_medicale,1
R0032,P20,return,H2,dialysis,V11,vsl,prescription_medicale,1
R0032,P20,return,H2,dialysis,V12,vsl,prescription_medicale,1
R0032,P20,return,H2,dialysis,V13,vsl,prescription_medicale,1
R0032,P20,return,H2,dialysis,V14,vtc_premium,prescription_medicale,0
R0032,P20,return,H2,dialysis,V15,vtc_premium,prescription_medicale,0
R0033,P21,outbound,H1,other,V1,taxi_conventionne,standard_assis,1
R0033,P21,outbound,H1,other,V2,taxi_conventionne,standard_assis,1
R0033,P21,outbound,H1,other,V3,taxi_conventionne,standard_assis,1
R0033,P21,outbound,H1,other,V4,taxi_conventionne,standard_assis,1
R0033,P21,outbound,H1,other,V5,taxi_conventionne,standard_assis,1
R0033,P21,outbound,H1,other,V6,taxi_conventionne,standard_assis,1
R0033,P21,outbound,H1,other,V7,taxi_conventionne,standard_assis,1
R0033,P21,outbound,H1,other,V8,taxi_conventionne,standard_assis,1
R0033,P21,outbound,H1,other,V9,vsl,standard_assis,1
R0033,P21,outbound,H1,other,V10,vsl,standard_assis,1
R0033,P21,outbound,H1,other,V11,vsl,standard_assis,1
R0033,P21,outbound,H1,other,V12,vsl,standard_assis,1
R0033,P21,outbound,H1,other,V13,vsl,standard_assis,1
R0033,P21,outbound,H1,other,V14,vtc_premium,standard_assis,1
R0033,P21,outbound,H1,other,V15,vtc_premium,standard_assis,1
R0034,P21,return,H1,other,V1,taxi_conventionne,standard_assis,1
R0034,P21,return,H1,other,V2,taxi_conventionne,standard_assis,1
R0034,P21,return,H1,other,V3,taxi_conventionne,standard_assis,1
R0034,P21,return,H1,other,V4,taxi_conventionne,standard_assis,1
R0034,P21,return,H1,other,V5,taxi_conventionne,standard_assis,1
R0034,P21,return,H1,other,V6,taxi_conventionne,standard_assis,1
R0034,P21,return,H1,other,V7,taxi_conventionne,standard_assis,1
R0034,P21,return,H1,other,V8,taxi_conventionne,standard_assis,1
R0034,P21,return,H1,other,V9,vsl,standard_assis,1
R0034,P21,return,H1,other,V10,vsl,standard_assis,1
R0034,P21,return,H1,other,V11,vsl,standard_assis,1
R0034,P21,return,H1,other,V12,vsl,standard_assis,1
R0034,P21,return,H1,other,V13,vsl,standard_assis,1
R0034,P21,return,H1,other,V14,vtc_premium,standard_assis,1
R0034,P21,return,H1,other,V15,vtc_premium,standard_assis,1
R0035,P22,outbound,H2,other,V1,taxi_conventionne,prescription_medicale,1
R0035,P22,outbound,H2,other,V2,taxi_conventionne,prescription_medicale,1
R0035,P22,outbound,H2,other,V3,taxi_conventionne,prescription_medicale,1
R0035,P22,outbound,H2,other,V4,taxi_conventionne,prescription_medicale,1
R0035,P22,outbound,H2,other,V5,taxi_conventionne,prescription_medicale,1
R0035,P22,outbound,H2,other,V6,taxi_conventionne,prescription_medicale,1
R0035,P22,outbound,H2,other,V7,taxi_conventionne,prescription_medicale,1
R0035,P22,outbound,H2,other,V8,taxi_conventionne,prescription_medicale,1
R0035,P22,outbound,H2,other,V9,vsl,prescription_medicale,1
R0035,P22,outbound,H2,other,V10,vsl,prescription_medicale,1
R0035,P22,outbound,H2,other,V11,vsl,prescription_medicale,1
R0035,P22,outbound,H2,other,V12,vsl,prescription_medicale,1
R0035,P22,outbound,H2,other,V13,vsl,prescription_medicale,1
R0035,P22,outbound,H2,other,V14,vtc_premium,prescription_medicale,0
R0035,P22,outbound,H2,other,V15,vtc_premium,prescription_medicale,0
R0036,P22,return,H2,other,V1,taxi_conventionne,prescription_medicale,1
R0036,P22,return,H2,other,V2,taxi_conventionne,prescription_medicale,1
R0036,P22,return,H2,other,V3,taxi_conventionne,prescription_medicale,1
R0036,P22,return,H2,other,V4,taxi_conventionne,prescription_medicale,1
R0036,P22,return,H2,other,V5,taxi_conventionne,prescription_medicale,1
R0036,P22,return,H2,other,V6,taxi_conventionne,prescription_medicale,1
R0036,P22,return,H2,other,V7,taxi_conventionne,prescription_medicale,1
R0036,P22,return,H2,other,V8,taxi_conventionne,prescription_medicale,1
R0036,P22,return,H2,other,V9,vsl,prescription_medicale,1
R0036,P22,return,H2,other,V10,vsl,prescription_medicale,1
R0036,P22,return,H2,other,V11,vsl,prescription_medicale,1
R0036,P22,return,H2,other,V12,vsl,prescription_medicale,1
R0036,P22,return,H2,other,V13,vsl,prescription_medicale,1
R0036,P22,return,H2,other,V14,vtc_premium,prescription_medicale,0
R0036,P22,return,H2,other,V15,vtc_premium,prescription_medicale,0
R0037,P23,outbound,H1,dialysis,V1,taxi_conventionne,vsl_required,0
R0037,P23,outbound,H1,dialysis,V2,taxi_conventionne,vsl_required,0
R0037,P23,outbound,H1,dialysis,V3,taxi_conventionne,vsl_required,0
R0037,P23,outbound,H1,dialysis,V4,taxi_conventionne,vsl_required,0
R0037,P23,outbound,H1,dialysis,V5,taxi_conventionne,vsl_required,0
R0037,P23,outbound,H1,dialysis,V6,taxi_conventionne,vsl_required,0
R0037,P23,outbound,H1,dialysis,V7,taxi_conventionne,vsl_required,0
R0037,P23,outbound,H1,dialysis,V8,taxi_conventionne,vsl_required,0
R0037,P23,outbound,H1,dialysis,V9,vsl,vsl_required,1
R0037,P23,outbound,H1,dialysis,V10,vsl,vsl_required,1
R0037,P23,outbound,H1,dialysis,V11,vsl,vsl_required,1
R0037,P23,outbound,H1,dialysis,V12,vsl,vsl_required,1
R0037,P23,outbound,H1,dialysis,V13,vsl,vsl_required,1
R0037,P23,outbound,H1,dialysis,V14,vtc_premium,vsl_required,0
R0037,P23,outbound,H1,dialysis,V15,vtc_premium,vsl_required,0
R0038,P24,outbound,H1,external,V1,taxi_conventionne,prescription_medicale,1
R0038,P24,outbound,H1,external,V2,taxi_conventionne,prescription_medicale,1
R0038,P24,outbound,H1,external,V3,taxi_conventionne,prescription_medicale,1
R0038,P24,outbound,H1,external,V4,taxi_conventionne,prescription_medicale,1
R0038,P24,outbound,H1,external,V5,taxi_conventionne,prescription_medicale,1
R0038,P24,outbound,H1,external,V6,taxi_conventionne,prescription_medicale,1
R0038,P24,outbound,H1,external,V7,taxi_conventionne,prescription_medicale,1
R0038,P24,outbound,H1,external,V8,taxi_conventionne,prescription_medicale,1
R0038,P24,outbound,H1,external,V9,vsl,prescription_medicale,1
R0038,P24,outbound,H1,external,V10,vsl,prescription_medicale,1
R0038,P24,outbound,H1,external,V11,vsl,prescription_medicale,1
R0038,P24,outbound,H1,external,V12,vsl,prescription_medicale,1
R0038,P24,outbound,H1,external,V13,vsl,prescription_medicale,1
R0038,P24,outbound,H1,external,V14,vtc_premium,prescription_medicale,0
R0038,P24,outbound,H1,external,V15,vtc_premium,prescription_medicale,0
R0039,P24,return,H1,external,V1,taxi_conventionne,prescription_medicale,1
R0039,P24,return,H1,external,V2,taxi_conventionne,prescription_medicale,1
R0039,P24,return,H1,external,V3,taxi_conventionne,prescription_medicale,1
R0039,P24,return,H1,external,V4,taxi_conventionne,prescription_medicale,1
R0039,P24,return,H1,external,V5,taxi_conventionne,prescription_medicale,1
R0039,P24,return,H1,external,V6,taxi_conventionne,prescription_medicale,1
R0039,P24,return,H1,external,V7,taxi_conventionne,prescription_medicale,1
R0039,P24,return,H1,external,V8,taxi_conventionne,prescription_medicale,1
R0039,P24,return,H1,external,V9,vsl,prescription_medicale,1
R0039,P24,return,H1,external,V10,vsl,prescription_medicale,1
R0039,P24,return,H1,external,V11,vsl,prescription_medicale,1
R0039,P24,return,H1,external,V12,vsl,prescription_medicale,1
R0039,P24,return,H1,external,V13,vsl,prescription_medicale,1
R0039,P24,return,H1,external,V14,vtc_premium,prescription_medicale,0
R0039,P24,return,H1,external,V15,vtc_premium,prescription_medicale,0
R0040,P25,outbound,H1,dialysis,V1,taxi_conventionne,vsl_required,0
R0040,P25,outbound,H1,dialysis,V2,taxi_conventionne,vsl_required,0
R0040,P25,outbound,H1,dialysis,V3,taxi_conventionne,vsl_required,0
R0040,P25,outbound,H1,dialysis,V4,taxi_conventionne,vsl_required,0
R0040,P25,outbound,H1,dialysis,V5,taxi_conventionne,vsl_required,0
R0040,P25,outbound,H1,dialysis,V6,taxi_conventionne,vsl_required,0
R0040,P25,outbound,H1,dialysis,V7,taxi_conventionne,vsl_required,0
R0040,P25,outbound,H1,dialysis,V8,taxi_conventionne,vsl_required,0
R0040,P25,outbound,H1,dialysis,V9,vsl,vsl_required,1
R0040,P25,outbound,H1,dialysis,V10,vsl,vsl_required,1
R0040,P25,outbound,H1,dialysis,V11,vsl,vsl_required,1
R0040,P25,outbound,H1,dialysis,V12,vsl,vsl_required,1
R0040,P25,outbound,H1,dialysis,V13,vsl,vsl_required,1
R0040,P25,outbound,H1,dialysis,V14,vtc_premium,vsl_required,0
R0040,P25,outbound,H1,dialysis,V15,vtc_premium,vsl_required,0
R0041,P25,return,H1,dialysis,V1,taxi_conventionne,vsl_required,0
R0041,P25,return,H1,dialysis,V2,taxi_conventionne,vsl_required,0
R0041,P25,return,H1,dialysis,V3,taxi_conventionne,vsl_required,0
R0041,P25,return,H1,dialysis,V4,taxi_conventionne,vsl_required,0
R0041,P25,return,H1,dialysis,V5,taxi_conventionne,vsl_required,0
R0041,P25,return,H1,dialysis,V6,taxi_conventionne,vsl_required,0
R0041,P25,return,H1,dialysis,V7,taxi_conventionne,vsl_required,0
R0041,P25,return,H1,dialysis,V8,taxi_conventionne,vsl_required,0
R0041,P25,return,H1,dialysis,V9,vsl,vsl_required,1
R0041,P25,return,H1,dialysis,V10,vsl,vsl_required,1
R0041,P25,return,H1,dialysis,V11,vsl,vsl_required,1
R0041,P25,return,H1,dialysis,V12,vsl,vsl_required,1
R0041,P25,return,H1,dialysis,V13,vsl,vsl_required,1
R0041,P25,return,H1,dialysis,V14,vtc_premium,vsl_required,0
R0041,P25,return,H1,dialysis,V15,vtc_premium,vsl_required,0
R0042,P26,outbound,H1,other,V1,taxi_conventionne,standard_assis,1
R0042,P26,outbound,H1,other,V2,taxi_conventionne,standard_assis,1
R0042,P26,outbound,H1,other,V3,taxi_conventionne,standard_assis,1
R0042,P26,outbound,H1,other,V4,taxi_conventionne,standard_assis,1
R0042,P26,outbound,H1,other,V5,taxi_conventionne,standard_assis,1
R0042,P26,outbound,H1,other,V6,taxi_conventionne,standard_assis,1
R0042,P26,outbound,H1,other,V7,taxi_conventionne,standard_assis,1
R0042,P26,outbound,H1,other,V8,taxi_conventionne,standard_assis,1
R0042,P26,outbound,H1,other,V9,vsl,standard_assis,1
R0042,P26,outbound,H1,other,V10,vsl,standard_assis,1
R0042,P26,outbound,H1,other,V11,vsl,standard_assis,1
R0042,P26,outbound,H1,other,V12,vsl,standard_assis,1
R0042,P26,outbound,H1,other,V13,vsl,standard_assis,1
R0042,P26,outbound,H1,other,V14,vtc_premium,standard_assis,1
R0042,P26,outbound,H1,other,V15,vtc_premium,standard_assis,1
R0043,P27,outbound,H2,other,V1,taxi_conventionne,prescription_medicale,1
R0043,P27,outbound,H2,other,V2,taxi_conventionne,prescription_medicale,1
R0043,P27,outbound,H2,other,V3,taxi_conventionne,prescription_medicale,1
R0043,P27,outbound,H2,other,V4,taxi_conventionne,prescription_medicale,1
R0043,P27,outbound,H2,other,V5,taxi_conventionne,prescription_medicale,1
R0043,P27,outbound,H2,other,V6,taxi_conventionne,prescription_medicale,1
R0043,P27,outbound,H2,other,V7,taxi_conventionne,prescription_medicale,1
R0043,P27,outbound,H2,other,V8,taxi_conventionne,prescription_medicale,1
R0043,P27,outbound,H2,other,V9,vsl,prescription_medicale,1
R0043,P27,outbound,H2,other,V10,vsl,prescription_medicale,1
R0043,P27,outbound,H2,other,V11,vsl,prescription_medicale,1
R0043,P27,outbound,H2,other,V12,vsl,prescription_medicale,1
R0043,P27,outbound,H2,other,V13,vsl,prescription_medicale,1
R0043,P27,outbound,H2,other,V14,vtc_premium,prescription_medicale,0
R0043,P27,outbound,H2,other,V15,vtc_premium,prescription_medicale,0
R0044,P27,return,H2,other,V1,taxi_conventionne,prescription_medicale,1
R0044,P27,return,H2,other,V2,taxi_conventionne,prescription_medicale,1
R0044,P27,return,H2,other,V3,taxi_conventionne,prescription_medicale,1
R0044,P27,return,H2,other,V4,taxi_conventionne,prescription_medicale,1
R0044,P27,return,H2,other,V5,taxi_conventionne,prescription_medicale,1
R0044,P27,return,H2,other,V6,taxi_conventionne,prescription_medicale,1
R0044,P27,return,H2,other,V7,taxi_conventionne,prescription_medicale,1
R0044,P27,return,H2,other,V8,taxi_conventionne,prescription_medicale,1
R0044,P27,return,H2,other,V9,vsl,prescription_medicale,1
R0044,P27,return,H2,other,V10,vsl,prescription_medicale,1
R0044,P27,return,H2,other,V11,vsl,prescription_medicale,1
R0044,P27,return,H2,other,V12,vsl,prescription_medicale,1
R0044,P27,return,H2,other,V13,vsl,prescription_medicale,1
R0044,P27,return,H2,other,V14,vtc_premium,prescription_medicale,0
R0044,P27,return,H2,other,V15,vtc_premium,prescription_medicale,0
R0045,P28,outbound,H1,oncology,V1,taxi_conventionne,vsl_required,0
R0045,P28,outbound,H1,oncology,V2,taxi_conventionne,vsl_required,0
R0045,P28,outbound,H1,oncology,V3,taxi_conventionne,vsl_required,0
R0045,P28,outbound,H1,oncology,V4,taxi_conventionne,vsl_required,0
R0045,P28,outbound,H1,oncology,V5,taxi_conventionne,vsl_required,0
R0045,P28,outbound,H1,oncology,V6,taxi_conventionne,vsl_required,0
R0045,P28,outbound,H1,oncology,V7,taxi_conventionne,vsl_required,0
R0045,P28,outbound,H1,oncology,V8,taxi_conventionne,vsl_required,0
R0045,P28,outbound,H1,oncology,V9,vsl,vsl_required,1
R0045,P28,outbound,H1,oncology,V10,vsl,vsl_required,1
R0045,P28,outbound,H1,oncology,V11,vsl,vsl_required,1
R0045,P28,outbound,H1,oncology,V12,vsl,vsl_required,1
R0045,P28,outbound,H1,oncology,V13,vsl,vsl_required,1
R0045,P28,outbound,H1,oncology,V14,vtc_premium,vsl_required,0
R0045,P28,outbound,H1,oncology,V15,vtc_premium,vsl_required,0
R0046,P29,outbound,H2,oncology,V1,taxi_conventionne,standard_assis,1
R0046,P29,outbound,H2,oncology,V2,taxi_conventionne,standard_assis,1
R0046,P29,outbound,H2,oncology,V3,taxi_conventionne,standard_assis,1
R0046,P29,outbound,H2,oncology,V4,taxi_conventionne,standard_assis,1
R0046,P29,outbound,H2,oncology,V5,taxi_conventionne,standard_assis,1
R0046,P29,outbound,H2,oncology,V6,taxi_conventionne,standard_assis,1
R0046,P29,outbound,H2,oncology,V7,taxi_conventionne,standard_assis,1
R0046,P29,outbound,H2,oncology,V8,taxi_conventionne,standard_assis,1
R0046,P29,outbound,H2,oncology,V9,vsl,standard_assis,1
R0046,P29,outbound,H2,oncology,V10,vsl,standard_assis,1
R0046,P29,outbound,H2,oncology,V11,vsl,standard_assis,1
R0046,P29,outbound,H2,oncology,V12,vsl,standard_assis,1
R0046,P29,outbound,H2,oncology,V13,vsl,standard_assis,1
R0046,P29,outbound,H2,oncology,V14,vtc_premium,standard_assis,1
R0046,P29,outbound,H2,oncology,V15,vtc_premium,standard_assis,1
R0047,P29,return,H2,oncology,V1,taxi_conventionne,standard_assis,1
R0047,P29,return,H2,oncology,V2,taxi_conventionne,standard_assis,1
R0047,P29,return,H2,oncology,V3,taxi_conventionne,standard_assis,1
R0047,P29,return,H2,oncology,V4,taxi_conventionne,standard_assis,1
R0047,P29,return,H2,oncology,V5,taxi_conventionne,standard_assis,1
R0047,P29,return,H2,oncology,V6,taxi_conventionne,standard_assis,1
R0047,P29,return,H2,oncology,V7,taxi_conventionne,standard_assis,1
R0047,P29,return,H2,oncology,V8,taxi_conventionne,standard_assis,1
R0047,P29,return,H2,oncology,V9,vsl,standard_assis,1
R0047,P29,return,H2,oncology,V10,vsl,standard_assis,1
R0047,P29,return,H2,oncology,V11,vsl,standard_assis,1
R0047,P29,return,H2,oncology,V12,vsl,standard_assis,1
R0047,P29,return,H2,oncology,V13,vsl,standard_assis,1
R0047,P29,return,H2,oncology,V14,vtc_premium,standard_assis,1
R0047,P29,return,H2,oncology,V15,vtc_premium,standard_assis,1
R0048,P30,outbound,H1,other,V1,taxi_conventionne,prescription_medicale,1
R0048,P30,outbound,H1,other,V2,taxi_conventionne,prescription_medicale,1
R0048,P30,outbound,H1,other,V3,taxi_conventionne,prescription_medicale,1
R0048,P30,outbound,H1,other,V4,taxi_conventionne,prescription_medicale,1
R0048,P30,outbound,H1,other,V5,taxi_conventionne,prescription_medicale,1
R0048,P30,outbound,H1,other,V6,taxi_conventionne,prescription_medicale,1
R0048,P30,outbound,H1,other,V7,taxi_conventionne,prescription_medicale,1
R0048,P30,outbound,H1,other,V8,taxi_conventionne,prescription_medicale,1
R0048,P30,outbound,H1,other,V9,vsl,prescription_medicale,1
R0048,P30,outbound,H1,other,V10,vsl,prescription_medicale,1
R0048,P30,outbound,H1,other,V11,vsl,prescription_medicale,1
R0048,P30,outbound,H1,other,V12,vsl,prescription_medicale,1
R0048,P30,outbound,H1,other,V13,vsl,prescription_medicale,1
R0048,P30,outbound,H1,other,V14,vtc_premium,prescription_medicale,0
R0048,P30,outbound,H1,other,V15,vtc_premium,prescription_medicale,0
R0049,P30,return,H1,other,V1,taxi_conventionne,prescription_medicale,1
R0049,P30,return,H1,other,V2,taxi_conventionne,prescription_medicale,1
R0049,P30,return,H1,other,V3,taxi_conventionne,prescription_medicale,1
R0049,P30,return,H1,other,V4,taxi_conventionne,prescription_medicale,1
R0049,P30,return,H1,other,V5,taxi_conventionne,prescription_medicale,1
R0049,P30,return,H1,other,V6,taxi_conventionne,prescription_medicale,1
R0049,P30,return,H1,other,V7,taxi_conventionne,prescription_medicale,1
R0049,P30,return,H1,other,V8,taxi_conventionne,prescription_medicale,1
R0049,P30,return,H1,other,V9,vsl,prescription_medicale,1
R0049,P30,return,H1,other,V10,vsl,prescription_medicale,1
R0049,P30,return,H1,other,V11,vsl,prescription_medicale,1
R0049,P30,return,H1,other,V12,vsl,prescription_medicale,1
R0049,P30,return,H1,other,V13,vsl,prescription_medicale,1
R0049,P30,return,H1,other,V14,vtc_premium,prescription_medicale,0
R0049,P30,return,H1,other,V15,vtc_premium,prescription_medicale,0
R0050,P31,outbound,H2,dialysis,V1,taxi_conventionne,prescription_medicale,1
R0050,P31,outbound,H2,dialysis,V2,taxi_conventionne,prescription_medicale,1
R0050,P31,outbound,H2,dialysis,V3,taxi_conventionne,prescription_medicale,1
R0050,P31,outbound,H2,dialysis,V4,taxi_conventionne,prescription_medicale,1
R0050,P31,outbound,H2,dialysis,V5,taxi_conventionne,prescription_medicale,1
R0050,P31,outbound,H2,dialysis,V6,taxi_conventionne,prescription_medicale,1
R0050,P31,outbound,H2,dialysis,V7,taxi_conventionne,prescription_medicale,1
R0050,P31,outbound,H2,dialysis,V8,taxi_conventionne,prescription_medicale,1
R0050,P31,outbound,H2,dialysis,V9,vsl,prescription_medicale,1
R0050,P31,outbound,H2,dialysis,V10,vsl,prescription_medicale,1
R0050,P31,outbound,H2,dialysis,V11,vsl,prescription_medicale,1
R0050,P31,outbound,H2,dialysis,V12,vsl,prescription_medicale,1
R0050,P31,outbound,H2,dialysis,V13,vsl,prescription_medicale,1
R0050,P31,outbound,H2,dialysis,V14,vtc_premium,prescription_medicale,0
R0050,P31,outbound,H2,dialysis,V15,vtc_premium,prescription_medicale,0
R0051,P31,return,H2,dialysis,V1,taxi_conventionne,prescription_medicale,1
R0051,P31,return,H2,dialysis,V2,taxi_conventionne,prescription_medicale,1
R0051,P31,return,H2,dialysis,V3,taxi_conventionne,prescription_medicale,1
R0051,P31,return,H2,dialysis,V4,taxi_conventionne,prescription_medicale,1
R0051,P31,return,H2,dialysis,V5,taxi_conventionne,prescription_medicale,1
R0051,P31,return,H2,dialysis,V6,taxi_conventionne,prescription_medicale,1
R0051,P31,return,H2,dialysis,V7,taxi_conventionne,prescription_medicale,1
R0051,P31,return,H2,dialysis,V8,taxi_conventionne,prescription_medicale,1
R0051,P31,return,H2,dialysis,V9,vsl,prescription_medicale,1
R0051,P31,return,H2,dialysis,V10,vsl,prescription_medicale,1
R0051,P31,return,H2,dialysis,V11,vsl,prescription_medicale,1
R0051,P31,return,H2,dialysis,V12,vsl,prescription_medicale,1
R0051,P31,return,H2,dialysis,V13,vsl,prescription_medicale,1
R0051,P31,return,H2,dialysis,V14,vtc_premium,prescription_medicale,0
R0051,P31,return,H2,dialysis,V15,vtc_premium,prescription_medicale,0
R0052,P32,outbound,H1,dialysis,V1,taxi_conventionne,prescription_medicale,1
R0052,P32,outbound,H1,dialysis,V2,taxi_conventionne,prescription_medicale,1
R0052,P32,outbound,H1,dialysis,V3,taxi_conventionne,prescription_medicale,1
R0052,P32,outbound,H1,dialysis,V4,taxi_conventionne,prescription_medicale,1
R0052,P32,outbound,H1,dialysis,V5,taxi_conventionne,prescription_medicale,1
R0052,P32,outbound,H1,dialysis,V6,taxi_conventionne,prescription_medicale,1
R0052,P32,outbound,H1,dialysis,V7,taxi_conventionne,prescription_medicale,1
R0052,P32,outbound,H1,dialysis,V8,taxi_conventionne,prescription_medicale,1
R0052,P32,outbound,H1,dialysis,V9,vsl,prescription_medicale,1
R0052,P32,outbound,H1,dialysis,V10,vsl,prescription_medicale,1
R0052,P32,outbound,H1,dialysis,V11,vsl,prescription_medicale,1
R0052,P32,outbound,H1,dialysis,V12,vsl,prescription_medicale,1
R0052,P32,outbound,H1,dialysis,V13,vsl,prescription_medicale,1
R0052,P32,outbound,H1,dialysis,V14,vtc_premium,prescription_medicale,0
R0052,P32,outbound,H1,dialysis,V15,vtc_premium,prescription_medicale,0
R0053,P33,outbound,H2,dialysis,V1,taxi_conventionne,vsl_required,0
R0053,P33,outbound,H2,dialysis,V2,taxi_conventionne,vsl_required,0
R0053,P33,outbound,H2,dialysis,V3,taxi_conventionne,vsl_required,0
R0053,P33,outbound,H2,dialysis,V4,taxi_conventionne,vsl_required,0
R0053,P33,outbound,H2,dialysis,V5,taxi_conventionne,vsl_required,0
R0053,P33,outbound,H2,dialysis,V6,taxi_conventionne,vsl_required,0
R0053,P33,outbound,H2,dialysis,V7,taxi_conventionne,vsl_required,0
R0053,P33,outbound,H2,dialysis,V8,taxi_conventionne,vsl_required,0
R0053,P33,outbound,H2,dialysis,V9,vsl,vsl_required,1
R0053,P33,outbound,H2,dialysis,V10,vsl,vsl_required,1
R0053,P33,outbound,H2,dialysis,V11,vsl,vsl_required,1
R0053,P33,outbound,H2,dialysis,V12,vsl,vsl_required,1
R0053,P33,outbound,H2,dialysis,V13,vsl,vsl_required,1
R0053,P33,outbound,H2,dialysis,V14,vtc_premium,vsl_required,0
R0053,P33,outbound,H2,dialysis,V15,vtc_premium,vsl_required,0
R0054,P33,return,H2,dialysis,V1,taxi_conventionne,vsl_required,0
R0054,P33,return,H2,dialysis,V2,taxi_conventionne,vsl_required,0
R0054,P33,return,H2,dialysis,V3,taxi_conventionne,vsl_required,0
R0054,P33,return,H2,dialysis,V4,taxi_conventionne,vsl_required,0
R0054,P33,return,H2,dialysis,V5,taxi_conventionne,vsl_required,0
R0054,P33,return,H2,dialysis,V6,taxi_conventionne,vsl_required,0
R0054,P33,return,H2,dialysis,V7,taxi_conventionne,vsl_required,0
R0054,P33,return,H2,dialysis,V8,taxi_conventionne,vsl_required,0
R0054,P33,return,H2,dialysis,V9,vsl,vsl_required,1
R0054,P33,return,H2,dialysis,V10,vsl,vsl_required,1
R0054,P33,return,H2,dialysis,V11,vsl,vsl_required,1
R0054,P33,return,H2,dialysis,V12,vsl,vsl_required,1
R0054,P33,return,H2,dialysis,V13,vsl,vsl_required,1
R0054,P33,return,H2,dialysis,V14,vtc_premium,vsl_required,0
R0054,P33,return,H2,dialysis,V15,vtc_premium,vsl_required,0
R0055,P34,outbound,H1,dialysis,V1,taxi_conventionne,vsl_required,0
R0055,P34,outbound,H1,dialysis,V2,taxi_conventionne,vsl_required,0
R0055,P34,outbound,H1,dialysis,V3,taxi_conventionne,vsl_required,0
R0055,P34,outbound,H1,dialysis,V4,taxi_conventionne,vsl_required,0
R0055,P34,outbound,H1,dialysis,V5,taxi_conventionne,vsl_required,0
R0055,P34,outbound,H1,dialysis,V6,taxi_conventionne,vsl_required,0
R0055,P34,outbound,H1,dialysis,V7,taxi_conventionne,vsl_required,0
R0055,P34,outbound,H1,dialysis,V8,taxi_conventionne,vsl_required,0
R0055,P34,outbound,H1,dialysis,V9,vsl,vsl_required,1
R0055,P34,outbound,H1,dialysis,V10,vsl,vsl_required,1
R0055,P34,outbound,H1,dialysis,V11,vsl,vsl_required,1
R0055,P34,outbound,H1,dialysis,V12,vsl,vsl_required,1
R0055,P34,outbound,H1,dialysis,V13,vsl,vsl_required,1
R0055,P34,outbound,H1,dialysis,V14,vtc_premium,vsl_required,0
R0055,P34,outbound,H1,dialysis,V15,vtc_premium,vsl_required,0
R0056,P35,outbound,H1,dialysis,V1,taxi_conventionne,vsl_required,0
R0056,P35,outbound,H1,dialysis,V2,taxi_conventionne,vsl_required,0
R0056,P35,outbound,H1,dialysis,V3,taxi_conventionne,vsl_required,0
R0056,P35,outbound,H1,dialysis,V4,taxi_conventionne,vsl_required,0
R0056,P35,outbound,H1,dialysis,V5,taxi_conventionne,vsl_required,0
R0056,P35,outbound,H1,dialysis,V6,taxi_conventionne,vsl_required,0
R0056,P35,outbound,H1,dialysis,V7,taxi_conventionne,vsl_required,0
R0056,P35,outbound,H1,dialysis,V8,taxi_conventionne,vsl_required,0
R0056,P35,outbound,H1,dialysis,V9,vsl,vsl_required,1
R0056,P35,outbound,H1,dialysis,V10,vsl,vsl_required,1
R0056,P35,outbound,H1,dialysis,V11,vsl,vsl_required,1
R0056,P35,outbound,H1,dialysis,V12,vsl,vsl_required,1
R0056,P35,outbound,H1,dialysis,V13,vsl,vsl_required,1
R0056,P35,outbound,H1,dialysis,V14,vtc_premium,vsl_required,0
R0056,P35,outbound,H1,dialysis,V15,vtc_premium,vsl_required,0
R0057,P35,return,H1,dialysis,V1,taxi_conventionne,vsl_required,0
R0057,P35,return,H1,dialysis,V2,taxi_conventionne,vsl_required,0
R0057,P35,return,H1,dialysis,V3,taxi_conventionne,vsl_required,0
R0057,P35,return,H1,dialysis,V4,taxi_conventionne,vsl_required,0
R0057,P35,return,H1,dialysis,V5,taxi_conventionne,vsl_required,0
R0057,P35,return,H1,dialysis,V6,taxi_conventionne,vsl_required,0
R0057,P35,return,H1,dialysis,V7,taxi_conventionne,vsl_required,0
R0057,P35,return,H1,dialysis,V8,taxi_conventionne,vsl_required,0
R0057,P35,return,H1,dialysis,V9,vsl,vsl_required,1
R0057,P35,return,H1,dialysis,V10,vsl,vsl_required,1
R0057,P35,return,H1,dialysis,V11,vsl,vsl_required,1
R0057,P35,return,H1,dialysis,V12,vsl,vsl_required,1
R0057,P35,return,H1,dialysis,V13,vsl,vsl_required,1
R0057,P35,return,H1,dialysis,V14,vtc_premium,vsl_required,0
R0057,P35,return,H1,dialysis,V15,vtc_premium,vsl_required,0
R0058,P36,outbound,H2,other,V1,taxi_conventionne,standard_assis,1
R0058,P36,outbound,H2,other,V2,taxi_conventionne,standard_assis,1
R0058,P36,outbound,H2,other,V3,taxi_conventionne,standard_assis,1
R0058,P36,outbound,H2,other,V4,taxi_conventionne,standard_assis,1
R0058,P36,outbound,H2,other,V5,taxi_conventionne,standard_assis,1
R0058,P36,outbound,H2,other,V6,taxi_conventionne,standard_assis,1
R0058,P36,outbound,H2,other,V7,taxi_conventionne,standard_assis,1
R0058,P36,outbound,H2,other,V8,taxi_conventionne,standard_assis,1
R0058,P36,outbound,H2,other,V9,vsl,standard_assis,1
R0058,P36,outbound,H2,other,V10,vsl,standard_assis,1
R0058,P36,outbound,H2,other,V11,vsl,standard_assis,1
R0058,P36,outbound,H2,other,V12,vsl,standard_assis,1
R0058,P36,outbound,H2,other,V13,vsl,standard_assis,1
R0058,P36,outbound,H2,other,V14,vtc_premium,standard_assis,1
R0058,P36,outbound,H2,other,V15,vtc_premium,standard_assis,1
R0059,P36,return,H2,other,V1,taxi_conventionne,standard_assis,1
R0059,P36,return,H2,other,V2,taxi_conventionne,standard_assis,1
R0059,P36,return,H2,other,V3,taxi_conventionne,standard_assis,1
R0059,P36,return,H2,other,V4,taxi_conventionne,standard_assis,1
R0059,P36,return,H2,other,V5,taxi_conventionne,standard_assis,1
R0059,P36,return,H2,other,V6,taxi_conventionne,standard_assis,1
R0059,P36,return,H2,other,V7,taxi_conventionne,standard_assis,1
R0059,P36,return,H2,other,V8,taxi_conventionne,standard_assis,1
R0059,P36,return,H2,other,V9,vsl,standard_assis,1
R0059,P36,return,H2,other,V10,vsl,standard_assis,1
R0059,P36,return,H2,other,V11,vsl,standard_assis,1
R0059,P36,return,H2,other,V12,vsl,standard_assis,1
R0059,P36,return,H2,other,V13,vsl,standard_assis,1
R0059,P36,return,H2,other,V14,vtc_premium,standard_assis,1
R0059,P36,return,H2,other,V15,vtc_premium,standard_assis,1
R0060,P37,outbound,H1,dialysis,V1,taxi_conventionne,prescription_medicale,1
R0060,P37,outbound,H1,dialysis,V2,taxi_conventionne,prescription_medicale,1
R0060,P37,outbound,H1,dialysis,V3,taxi_conventionne,prescription_medicale,1
R0060,P37,outbound,H1,dialysis,V4,taxi_conventionne,prescription_medicale,1
R0060,P37,outbound,H1,dialysis,V5,taxi_conventionne,prescription_medicale,1
R0060,P37,outbound,H1,dialysis,V6,taxi_conventionne,prescription_medicale,1
R0060,P37,outbound,H1,dialysis,V7,taxi_conventionne,prescription_medicale,1
R0060,P37,outbound,H1,dialysis,V8,taxi_conventionne,prescription_medicale,1
R0060,P37,outbound,H1,dialysis,V9,vsl,prescription_medicale,1
R0060,P37,outbound,H1,dialysis,V10,vsl,prescription_medicale,1
R0060,P37,outbound,H1,dialysis,V11,vsl,prescription_medicale,1
R0060,P37,outbound,H1,dialysis,V12,vsl,prescription_medicale,1
R0060,P37,outbound,H1,dialysis,V13,vsl,prescription_medicale,1
R0060,P37,outbound,H1,dialysis,V14,vtc_premium,prescription_medicale,0
R0060,P37,outbound,H1,dialysis,V15,vtc_premium,prescription_medicale,0
R0061,P38,outbound,H2,oncology,V1,taxi_conventionne,vsl_required,0
R0061,P38,outbound,H2,oncology,V2,taxi_conventionne,vsl_required,0
R0061,P38,outbound,H2,oncology,V3,taxi_conventionne,vsl_required,0
R0061,P38,outbound,H2,oncology,V4,taxi_conventionne,vsl_required,0
R0061,P38,outbound,H2,oncology,V5,taxi_conventionne,vsl_required,0
R0061,P38,outbound,H2,oncology,V6,taxi_conventionne,vsl_required,0
R0061,P38,outbound,H2,oncology,V7,taxi_conventionne,vsl_required,0
R0061,P38,outbound,H2,oncology,V8,taxi_conventionne,vsl_required,0
R0061,P38,outbound,H2,oncology,V9,vsl,vsl_required,1
R0061,P38,outbound,H2,oncology,V10,vsl,vsl_required,1
R0061,P38,outbound,H2,oncology,V11,vsl,vsl_required,1
R0061,P38,outbound,H2,oncology,V12,vsl,vsl_required,1
R0061,P38,outbound,H2,oncology,V13,vsl,vsl_required,1
R0061,P38,outbound,H2,oncology,V14,vtc_premium,vsl_required,0
R0061,P38,outbound,H2,oncology,V15,vtc_premium,vsl_required,0
R0062,P38,return,H2,oncology,V1,taxi_conventionne,vsl_required,0
R0062,P38,return,H2,oncology,V2,taxi_conventionne,vsl_required,0
R0062,P38,return,H2,oncology,V3,taxi_conventionne,vsl_required,0
R0062,P38,return,H2,oncology,V4,taxi_conventionne,vsl_required,0
R0062,P38,return,H2,oncology,V5,taxi_conventionne,vsl_required,0
R0062,P38,return,H2,oncology,V6,taxi_conventionne,vsl_required,0
R0062,P38,return,H2,oncology,V7,taxi_conventionne,vsl_required,0
R0062,P38,return,H2,oncology,V8,taxi_conventionne,vsl_required,0
R0062,P38,return,H2,oncology,V9,vsl,vsl_required,1
R0062,P38,return,H2,oncology,V10,vsl,vsl_required,1
R0062,P38,return,H2,oncology,V11,vsl,vsl_required,1
R0062,P38,return,H2,oncology,V12,vsl,vsl_required,1
R0062,P38,return,H2,oncology,V13,vsl,vsl_required,1
R0062,P38,return,H2,oncology,V14,vtc_premium,vsl_required,0
R0062,P38,return,H2,oncology,V15,vtc_premium,vsl_required,0
R0063,P39,outbound,H2,oncology,V1,taxi_conventionne,vsl_required,0
R0063,P39,outbound,H2,oncology,V2,taxi_conventionne,vsl_required,0
R0063,P39,outbound,H2,oncology,V3,taxi_conventionne,vsl_required,0
R0063,P39,outbound,H2,oncology,V4,taxi_conventionne,vsl_required,0
R0063,P39,outbound,H2,oncology,V5,taxi_conventionne,vsl_required,0
R0063,P39,outbound,H2,oncology,V6,taxi_conventionne,vsl_required,0
R0063,P39,outbound,H2,oncology,V7,taxi_conventionne,vsl_required,0
R0063,P39,outbound,H2,oncology,V8,taxi_conventionne,vsl_required,0
R0063,P39,outbound,H2,oncology,V9,vsl,vsl_required,1
R0063,P39,outbound,H2,oncology,V10,vsl,vsl_required,1
R0063,P39,outbound,H2,oncology,V11,vsl,vsl_required,1
R0063,P39,outbound,H2,oncology,V12,vsl,vsl_required,1
R0063,P39,outbound,H2,oncology,V13,vsl,vsl_required,1
R0063,P39,outbound,H2,oncology,V14,vtc_premium,vsl_required,0
R0063,P39,outbound,H2,oncology,V15,vtc_premium,vsl_required,0
R0064,P39,return,H2,oncology,V1,taxi_conventionne,vsl_required,0
R0064,P39,return,H2,oncology,V2,taxi_conventionne,vsl_required,0
R0064,P39,return,H2,oncology,V3,taxi_conventionne,vsl_required,0
R0064,P39,return,H2,oncology,V4,taxi_conventionne,vsl_required,0
R0064,P39,return,H2,oncology,V5,taxi_conventionne,vsl_required,0
R0064,P39,return,H2,oncology,V6,taxi_conventionne,vsl_required,0
R0064,P39,return,H2,oncology,V7,taxi_conventionne,vsl_required,0
R0064,P39,return,H2,oncology,V8,taxi_conventionne,vsl_required,0
R0064,P39,return,H2,oncology,V9,vsl,vsl_required,1
R0064,P39,return,H2,oncology,V10,vsl,vsl_required,1
R0064,P39,return,H2,oncology,V11,vsl,vsl_required,1
R0064,P39,return,H2,oncology,V12,vsl,vsl_required,1
R0064,P39,return,H2,oncology,V13,vsl,vsl_required,1
R0064,P39,return,H2,oncology,V14,vtc_premium,vsl_required,0
R0064,P39,return,H2,oncology,V15,vtc_premium,vsl_required,0
R0065,P40,outbound,H1,dialysis,V1,taxi_conventionne,prescription_medicale,1
R0065,P40,outbound,H1,dialysis,V2,taxi_conventionne,prescription_medicale,1
R0065,P40,outbound,H1,dialysis,V3,taxi_conventionne,prescription_medicale,1
R0065,P40,outbound,H1,dialysis,V4,taxi_conventionne,prescription_medicale,1
R0065,P40,outbound,H1,dialysis,V5,taxi_conventionne,prescription_medicale,1
R0065,P40,outbound,H1,dialysis,V6,taxi_conventionne,prescription_medicale,1
R0065,P40,outbound,H1,dialysis,V7,taxi_conventionne,prescription_medicale,1
R0065,P40,outbound,H1,dialysis,V8,taxi_conventionne,prescription_medicale,1
R0065,P40,outbound,H1,dialysis,V9,vsl,prescription_medicale,1
R0065,P40,outbound,H1,dialysis,V10,vsl,prescription_medicale,1
R0065,P40,outbound,H1,dialysis,V11,vsl,prescription_medicale,1
R0065,P40,outbound,H1,dialysis,V12,vsl,prescription_medicale,1
R0065,P40,outbound,H1,dialysis,V13,vsl,prescription_medicale,1
R0065,P40,outbound,H1,dialysis,V14,vtc_premium,prescription_medicale,0
R0065,P40,outbound,H1,dialysis,V15,vtc_premium,prescription_medicale,0
R0066,P40,return,H1,dialysis,V1,taxi_conventionne,prescription_medicale,1
R0066,P40,return,H1,dialysis,V2,taxi_conventionne,prescription_medicale,1
R0066,P40,return,H1,dialysis,V3,taxi_conventionne,prescription_medicale,1
R0066,P40,return,H1,dialysis,V4,taxi_conventionne,prescription_medicale,1
R0066,P40,return,H1,dialysis,V5,taxi_conventionne,prescription_medicale,1
R0066,P40,return,H1,dialysis,V6,taxi_conventionne,prescription_medicale,1
R0066,P40,return,H1,dialysis,V7,taxi_conventionne,prescription_medicale,1
R0066,P40,return,H1,dialysis,V8,taxi_conventionne,prescription_medicale,1
R0066,P40,return,H1,dialysis,V9,vsl,prescription_medicale,1
R0066,P40,return,H1,dialysis,V10,vsl,prescription_medicale,1
R0066,P40,return,H1,dialysis,V11,vsl,prescription_medicale,1
R0066,P40,return,H1,dialysis,V12,vsl,prescription_medicale,1
R0066,P40,return,H1,dialysis,V13,vsl,prescription_medicale,1
R0066,P40,return,H1,dialysis,V14,vtc_premium,prescription_medicale,0
R0066,P40,return,H1,dialysis,V15,vtc_premium,prescription_medicale,0
R0067,P41,outbound,H1,oncology,V1,taxi_conventionne,prescription_medicale,1
R0067,P41,outbound,H1,oncology,V2,taxi_conventionne,prescription_medicale,1
R0067,P41,outbound,H1,oncology,V3,taxi_conventionne,prescription_medicale,1
R0067,P41,outbound,H1,oncology,V4,taxi_conventionne,prescription_medicale,1
R0067,P41,outbound,H1,oncology,V5,taxi_conventionne,prescription_medicale,1
R0067,P41,outbound,H1,oncology,V6,taxi_conventionne,prescription_medicale,1
R0067,P41,outbound,H1,oncology,V7,taxi_conventionne,prescription_medicale,1
R0067,P41,outbound,H1,oncology,V8,taxi_conventionne,prescription_medicale,1
R0067,P41,outbound,H1,oncology,V9,vsl,prescription_medicale,1
R0067,P41,outbound,H1,oncology,V10,vsl,prescription_medicale,1
R0067,P41,outbound,H1,oncology,V11,vsl,prescription_medicale,1
R0067,P41,outbound,H1,oncology,V12,vsl,prescription_medicale,1
R0067,P41,outbound,H1,oncology,V13,vsl,prescription_medicale,1
R0067,P41,outbound,H1,oncology,V14,vtc_premium,prescription_medicale,0
R0067,P41,outbound,H1,oncology,V15,vtc_premium,prescription_medicale,0
R0068,P41,return,H1,oncology,V1,taxi_conventionne,prescription_medicale,1
R0068,P41,return,H1,oncology,V2,taxi_conventionne,prescription_medicale,1
R0068,P41,return,H1,oncology,V3,taxi_conventionne,prescription_medicale,1
R0068,P41,return,H1,oncology,V4,taxi_conventionne,prescription_medicale,1
R0068,P41,return,H1,oncology,V5,taxi_conventionne,prescription_medicale,1
R0068,P41,return,H1,oncology,V6,taxi_conventionne,prescription_medicale,1
R0068,P41,return,H1,oncology,V7,taxi_conventionne,prescription_medicale,1
R0068,P41,return,H1,oncology,V8,taxi_conventionne,prescription_medicale,1
R0068,P41,return,H1,oncology,V9,vsl,prescription_medicale,1
R0068,P41,return,H1,oncology,V10,vsl,prescription_medicale,1
R0068,P41,return,H1,oncology,V11,vsl,prescription_medicale,1
R0068,P41,return,H1,oncology,V12,vsl,prescription_medicale,1
R0068,P41,return,H1,oncology,V13,vsl,prescription_medicale,1
R0068,P41,return,H1,oncology,V14,vtc_premium,prescription_medicale,0
R0068,P41,return,H1,oncology,V15,vtc_premium,prescription_medicale,0
R0069,P42,outbound,H1,other,V1,taxi_conventionne,standard_assis,1
R0069,P42,outbound,H1,other,V2,taxi_conventionne,standard_assis,1
R0069,P42,outbound,H1,other,V3,taxi_conventionne,standard_assis,1
R0069,P42,outbound,H1,other,V4,taxi_conventionne,standard_assis,1
R0069,P42,outbound,H1,other,V5,taxi_conventionne,standard_assis,1
R0069,P42,outbound,H1,other,V6,taxi_conventionne,standard_assis,1
R0069,P42,outbound,H1,other,V7,taxi_conventionne,standard_assis,1
R0069,P42,outbound,H1,other,V8,taxi_conventionne,standard_assis,1
R0069,P42,outbound,H1,other,V9,vsl,standard_assis,1
R0069,P42,outbound,H1,other,V10,vsl,standard_assis,1
R0069,P42,outbound,H1,other,V11,vsl,standard_assis,1
R0069,P42,outbound,H1,other,V12,vsl,standard_assis,1
R0069,P42,outbound,H1,other,V13,vsl,standard_assis,1
R0069,P42,outbound,H1,other,V14,vtc_premium,standard_assis,1
R0069,P42,outbound,H1,other,V15,vtc_premium,standard_assis,1
R0070,P42,return,H1,other,V1,taxi_conventionne,standard_assis,1
R0070,P42,return,H1,other,V2,taxi_conventionne,standard_assis,1
R0070,P42,return,H1,other,V3,taxi_conventionne,standard_assis,1
R0070,P42,return,H1,other,V4,taxi_conventionne,standard_assis,1
R0070,P42,return,H1,other,V5,taxi_conventionne,standard_assis,1
R0070,P42,return,H1,other,V6,taxi_conventionne,standard_assis,1
R0070,P42,return,H1,other,V7,taxi_conventionne,standard_assis,1
R0070,P42,return,H1,other,V8,taxi_conventionne,standard_assis,1
R0070,P42,return,H1,other,V9,vsl,standard_assis,1
R0070,P42,return,H1,other,V10,vsl,standard_assis,1
R0070,P42,return,H1,other,V11,vsl,standard_assis,1
R0070,P42,return,H1,other,V12,vsl,standard_assis,1
R0070,P42,return,H1,other,V13,vsl,standard_assis,1
R0070,P42,return,H1,other,V14,vtc_premium,standard_assis,1
R0070,P42,return,H1,other,V15,vtc_premium,standard_assis,1
R0071,P43,outbound,H2,dialysis,V1,taxi_conventionne,prescription_medicale,1
R0071,P43,outbound,H2,dialysis,V2,taxi_conventionne,prescription_medicale,1
R0071,P43,outbound,H2,dialysis,V3,taxi_conventionne,prescription_medicale,1
R0071,P43,outbound,H2,dialysis,V4,taxi_conventionne,prescription_medicale,1
R0071,P43,outbound,H2,dialysis,V5,taxi_conventionne,prescription_medicale,1
R0071,P43,outbound,H2,dialysis,V6,taxi_conventionne,prescription_medicale,1
R0071,P43,outbound,H2,dialysis,V7,taxi_conventionne,prescription_medicale,1
R0071,P43,outbound,H2,dialysis,V8,taxi_conventionne,prescription_medicale,1
R0071,P43,outbound,H2,dialysis,V9,vsl,prescription_medicale,1
R0071,P43,outbound,H2,dialysis,V10,vsl,prescription_medicale,1
R0071,P43,outbound,H2,dialysis,V11,vsl,prescription_medicale,1
R0071,P43,outbound,H2,dialysis,V12,vsl,prescription_medicale,1
R0071,P43,outbound,H2,dialysis,V13,vsl,prescription_medicale,1
R0071,P43,outbound,H2,dialysis,V14,vtc_premium,prescription_medicale,0
R0071,P43,outbound,H2,dialysis,V15,vtc_premium,prescription_medicale,0
R0072,P43,return,H2,dialysis,V1,taxi_conventionne,prescription_medicale,1
R0072,P43,return,H2,dialysis,V2,taxi_conventionne,prescription_medicale,1
R0072,P43,return,H2,dialysis,V3,taxi_conventionne,prescription_medicale,1
R0072,P43,return,H2,dialysis,V4,taxi_conventionne,prescription_medicale,1
R0072,P43,return,H2,dialysis,V5,taxi_conventionne,prescription_medicale,1
R0072,P43,return,H2,dialysis,V6,taxi_conventionne,prescription_medicale,1
R0072,P43,return,H2,dialysis,V7,taxi_conventionne,prescription_medicale,1
R0072,P43,return,H2,dialysis,V8,taxi_conventionne,prescription_medicale,1
R0072,P43,return,H2,dialysis,V9,vsl,prescription_medicale,1
R0072,P43,return,H2,dialysis,V10,vsl,prescription_medicale,1
R0072,P43,return,H2,dialysis,V11,vsl,prescription_medicale,1
R0072,P43,return,H2,dialysis,V12,vsl,prescription_medicale,1
R0072,P43,return,H2,dialysis,V13,vsl,prescription_medicale,1
R0072,P43,return,H2,dialysis,V14,vtc_premium,prescription_medicale,0
R0072,P43,return,H2,dialysis,V15,vtc_premium,prescription_medicale,0
R0073,P44,outbound,H1,oncology,V1,taxi_conventionne,prescription_medicale,1
R0073,P44,outbound,H1,oncology,V2,taxi_conventionne,prescription_medicale,1
R0073,P44,outbound,H1,oncology,V3,taxi_conventionne,prescription_medicale,1
R0073,P44,outbound,H1,oncology,V4,taxi_conventionne,prescription_medicale,1
R0073,P44,outbound,H1,oncology,V5,taxi_conventionne,prescription_medicale,1
R0073,P44,outbound,H1,oncology,V6,taxi_conventionne,prescription_medicale,1
R0073,P44,outbound,H1,oncology,V7,taxi_conventionne,prescription_medicale,1
R0073,P44,outbound,H1,oncology,V8,taxi_conventionne,prescription_medicale,1
R0073,P44,outbound,H1,oncology,V9,vsl,prescription_medicale,1
R0073,P44,outbound,H1,oncology,V10,vsl,prescription_medicale,1
R0073,P44,outbound,H1,oncology,V11,vsl,prescription_medicale,1
R0073,P44,outbound,H1,oncology,V12,vsl,prescription_medicale,1
R0073,P44,outbound,H1,oncology,V13,vsl,prescription_medicale,1
R0073,P44,outbound,H1,oncology,V14,vtc_premium,prescription_medicale,0
R0073,P44,outbound,H1,oncology,V15,vtc_premium,prescription_medicale,0
R0074,P44,return,H1,oncology,V1,taxi_conventionne,prescription_medicale,1
R0074,P44,return,H1,oncology,V2,taxi_conventionne,prescription_medicale,1
R0074,P44,return,H1,oncology,V3,taxi_conventionne,prescription_medicale,1
R0074,P44,return,H1,oncology,V4,taxi_conventionne,prescription_medicale,1
R0074,P44,return,H1,oncology,V5,taxi_conventionne,prescription_medicale,1
R0074,P44,return,H1,oncology,V6,taxi_conventionne,prescription_medicale,1
R0074,P44,return,H1,oncology,V7,taxi_conventionne,prescription_medicale,1
R0074,P44,return,H1,oncology,V8,taxi_conventionne,prescription_medicale,1
R0074,P44,return,H1,oncology,V9,vsl,prescription_medicale,1
R0074,P44,return,H1,oncology,V10,vsl,prescription_medicale,1
R0074,P44,return,H1,oncology,V11,vsl,prescription_medicale,1
R0074,P44,return,H1,oncology,V12,vsl,prescription_medicale,1
R0074,P44,return,H1,oncology,V13,vsl,prescription_medicale,1
R0074,P44,return,H1,oncology,V14,vtc_premium,prescription_medicale,0
R0074,P44,return,H1,oncology,V15,vtc_premium,prescription_medicale,0
R0075,P45,outbound,H1,dialysis,V1,taxi_conventionne,vsl_required,0
R0075,P45,outbound,H1,dialysis,V2,taxi_conventionne,vsl_required,0
R0075,P45,outbound,H1,dialysis,V3,taxi_conventionne,vsl_required,0
R0075,P45,outbound,H1,dialysis,V4,taxi_conventionne,vsl_required,0
R0075,P45,outbound,H1,dialysis,V5,taxi_conventionne,vsl_required,0
R0075,P45,outbound,H1,dialysis,V6,taxi_conventionne,vsl_required,0
R0075,P45,outbound,H1,dialysis,V7,taxi_conventionne,vsl_required,0
R0075,P45,outbound,H1,dialysis,V8,taxi_conventionne,vsl_required,0
R0075,P45,outbound,H1,dialysis,V9,vsl,vsl_required,1
R0075,P45,outbound,H1,dialysis,V10,vsl,vsl_required,1
R0075,P45,outbound,H1,dialysis,V11,vsl,vsl_required,1
R0075,P45,outbound,H1,dialysis,V12,vsl,vsl_required,1
R0075,P45,outbound,H1,dialysis,V13,vsl,vsl_required,1
R0075,P45,outbound,H1,dialysis,V14,vtc_premium,vsl_required,0
R0075,P45,outbound,H1,dialysis,V15,vtc_premium,vsl_required,0
R0076,P46,outbound,H1,dialysis,V1,taxi_conventionne,vsl_required,0
R0076,P46,outbound,H1,dialysis,V2,taxi_conventionne,vsl_required,0
R0076,P46,outbound,H1,dialysis,V3,taxi_conventionne,vsl_required,0
R0076,P46,outbound,H1,dialysis,V4,taxi_conventionne,vsl_required,0
R0076,P46,outbound,H1,dialysis,V5,taxi_conventionne,vsl_required,0
R0076,P46,outbound,H1,dialysis,V6,taxi_conventionne,vsl_required,0
R0076,P46,outbound,H1,dialysis,V7,taxi_conventionne,vsl_required,0
R0076,P46,outbound,H1,dialysis,V8,taxi_conventionne,vsl_required,0
R0076,P46,outbound,H1,dialysis,V9,vsl,vsl_required,1
R0076,P46,outbound,H1,dialysis,V10,vsl,vsl_required,1
R0076,P46,outbound,H1,dialysis,V11,vsl,vsl_required,1
R0076,P46,outbound,H1,dialysis,V12,vsl,vsl_required,1
R0076,P46,outbound,H1,dialysis,V13,vsl,vsl_required,1
R0076,P46,outbound,H1,dialysis,V14,vtc_premium,vsl_required,0
R0076,P46,outbound,H1,dialysis,V15,vtc_premium,vsl_required,0
R0077,P46,return,H1,dialysis,V1,taxi_conventionne,vsl_required,0
R0077,P46,return,H1,dialysis,V2,taxi_conventionne,vsl_required,0
R0077,P46,return,H1,dialysis,V3,taxi_conventionne,vsl_required,0
R0077,P46,return,H1,dialysis,V4,taxi_conventionne,vsl_required,0
R0077,P46,return,H1,dialysis,V5,taxi_conventionne,vsl_required,0
R0077,P46,return,H1,dialysis,V6,taxi_conventionne,vsl_required,0
R0077,P46,return,H1,dialysis,V7,taxi_conventionne,vsl_required,0
R0077,P46,return,H1,dialysis,V8,taxi_conventionne,vsl_required,0
R0077,P46,return,H1,dialysis,V9,vsl,vsl_required,1
R0077,P46,return,H1,dialysis,V10,vsl,vsl_required,1
R0077,P46,return,H1,dialysis,V11,vsl,vsl_required,1
R0077,P46,return,H1,dialysis,V12,vsl,vsl_required,1
R0077,P46,return,H1,dialysis,V13,vsl,vsl_required,1
R0077,P46,return,H1,dialysis,V14,vtc_premium,vsl_required,0
R0077,P46,return,H1,dialysis,V15,vtc_premium,vsl_required,0
R0078,P47,outbound,H1,other,V1,taxi_conventionne,prescription_medicale,1
R0078,P47,outbound,H1,other,V2,taxi_conventionne,prescription_medicale,1
R0078,P47,outbound,H1,other,V3,taxi_conventionne,prescription_medicale,1
R0078,P47,outbound,H1,other,V4,taxi_conventionne,prescription_medicale,1
R0078,P47,outbound,H1,other,V5,taxi_conventionne,prescription_medicale,1
R0078,P47,outbound,H1,other,V6,taxi_conventionne,prescription_medicale,1
R0078,P47,outbound,H1,other,V7,taxi_conventionne,prescription_medicale,1
R0078,P47,outbound,H1,other,V8,taxi_conventionne,prescription_medicale,1
R0078,P47,outbound,H1,other,V9,vsl,prescription_medicale,1
R0078,P47,outbound,H1,other,V10,vsl,prescription_medicale,1
R0078,P47,outbound,H1,other,V11,vsl,prescription_medicale,1
R0078,P47,outbound,H1,other,V12,vsl,prescription_medicale,1
R0078,P47,outbound,H1,other,V13,vsl,prescription_medicale,1
R0078,P47,outbound,H1,other,V14,vtc_premium,prescription_medicale,0
R0078,P47,outbound,H1,other,V15,vtc_premium,prescription_medicale,0
R0079,P47,return,H1,other,V1,taxi_conventionne,prescription_medicale,1
R0079,P47,return,H1,other,V2,taxi_conventionne,prescription_medicale,1
R0079,P47,return,H1,other,V3,taxi_conventionne,prescription_medicale,1
R0079,P47,return,H1,other,V4,taxi_conventionne,prescription_medicale,1
R0079,P47,return,H1,other,V5,taxi_conventionne,prescription_medicale,1
R0079,P47,return,H1,other,V6,taxi_conventionne,prescription_medicale,1
R0079,P47,return,H1,other,V7,taxi_conventionne,prescription_medicale,1
R0079,P47,return,H1,other,V8,taxi_conventionne,prescription_medicale,1
R0079,P47,return,H1,other,V9,vsl,prescription_medicale,1
R0079,P47,return,H1,other,V10,vsl,prescription_medicale,1
R0079,P47,return,H1,other,V11,vsl,prescription_medicale,1
R0079,P47,return,H1,other,V12,vsl,prescription_medicale,1
R0079,P47,return,H1,other,V13,vsl,prescription_medicale,1
R0079,P47,return,H1,other,V14,vtc_premium,prescription_medicale,0
R0079,P47,return,H1,other,V15,vtc_premium,prescription_medicale,0
R0080,P48,outbound,H1,dialysis,V1,taxi_conventionne,vsl_required,0
R0080,P48,outbound,H1,dialysis,V2,taxi_conventionne,vsl_required,0
R0080,P48,outbound,H1,dialysis,V3,taxi_conventionne,vsl_required,0
R0080,P48,outbound,H1,dialysis,V4,taxi_conventionne,vsl_required,0
R0080,P48,outbound,H1,dialysis,V5,taxi_conventionne,vsl_required,0
R0080,P48,outbound,H1,dialysis,V6,taxi_conventionne,vsl_required,0
R0080,P48,outbound,H1,dialysis,V7,taxi_conventionne,vsl_required,0
R0080,P48,outbound,H1,dialysis,V8,taxi_conventionne,vsl_required,0
R0080,P48,outbound,H1,dialysis,V9,vsl,vsl_required,1
R0080,P48,outbound,H1,dialysis,V10,vsl,vsl_required,1
R0080,P48,outbound,H1,dialysis,V11,vsl,vsl_required,1
R0080,P48,outbound,H1,dialysis,V12,vsl,vsl_required,1
R0080,P48,outbound,H1,dialysis,V13,vsl,vsl_required,1
R0080,P48,outbound,H1,dialysis,V14,vtc_premium,vsl_required,0
R0080,P48,outbound,H1,dialysis,V15,vtc_premium,vsl_required,0
R0081,P48,return,H1,dialysis,V1,taxi_conventionne,vsl_required,0
R0081,P48,return,H1,dialysis,V2,taxi_conventionne,vsl_required,0
R0081,P48,return,H1,dialysis,V3,taxi_conventionne,vsl_required,0
R0081,P48,return,H1,dialysis,V4,taxi_conventionne,vsl_required,0
R0081,P48,return,H1,dialysis,V5,taxi_conventionne,vsl_required,0
R0081,P48,return,H1,dialysis,V6,taxi_conventionne,vsl_required,0
R0081,P48,return,H1,dialysis,V7,taxi_conventionne,vsl_required,0
R0081,P48,return,H1,dialysis,V8,taxi_conventionne,vsl_required,0
R0081,P48,return,H1,dialysis,V9,vsl,vsl_required,1
R0081,P48,return,H1,dialysis,V10,vsl,vsl_required,1
R0081,P48,return,H1,dialysis,V11,vsl,vsl_required,1
R0081,P48,return,H1,dialysis,V12,vsl,vsl_required,1
R0081,P48,return,H1,dialysis,V13,vsl,vsl_required,1
R0081,P48,return,H1,dialysis,V14,vtc_premium,vsl_required,0
R0081,P48,return,H1,dialysis,V15,vtc_premium,vsl_required,0
R0082,P49,outbound,H2,other,V1,taxi_conventionne,prescription_medicale,1
R0082,P49,outbound,H2,other,V2,taxi_conventionne,prescription_medicale,1
R0082,P49,outbound,H2,other,V3,taxi_conventionne,prescription_medicale,1
R0082,P49,outbound,H2,other,V4,taxi_conventionne,prescription_medicale,1
R0082,P49,outbound,H2,other,V5,taxi_conventionne,prescription_medicale,1
R0082,P49,outbound,H2,other,V6,taxi_conventionne,prescription_medicale,1
R0082,P49,outbound,H2,other,V7,taxi_conventionne,prescription_medicale,1
R0082,P49,outbound,H2,other,V8,taxi_conventionne,prescription_medicale,1
R0082,P49,outbound,H2,other,V9,vsl,prescription_medicale,1
R0082,P49,outbound,H2,other,V10,vsl,prescription_medicale,1
R0082,P49,outbound,H2,other,V11,vsl,prescription_medicale,1
R0082,P49,outbound,H2,other,V12,vsl,prescription_medicale,1
R0082,P49,outbound,H2,other,V13,vsl,prescription_medicale,1
R0082,P49,outbound,H2,other,V14,vtc_premium,prescription_medicale,0
R0082,P49,outbound,H2,other,V15,vtc_premium,prescription_medicale,0
R0083,P49,return,H2,other,V1,taxi_conventionne,prescription_medicale,1
R0083,P49,return,H2,other,V2,taxi_conventionne,prescription_medicale,1
R0083,P49,return,H2,other,V3,taxi_conventionne,prescription_medicale,1
R0083,P49,return,H2,other,V4,taxi_conventionne,prescription_medicale,1
R0083,P49,return,H2,other,V5,taxi_conventionne,prescription_medicale,1
R0083,P49,return,H2,other,V6,taxi_conventionne,prescription_medicale,1
R0083,P49,return,H2,other,V7,taxi_conventionne,prescription_medicale,1
R0083,P49,return,H2,other,V8,taxi_conventionne,prescription_medicale,1
R0083,P49,return,H2,other,V9,vsl,prescription_medicale,1
R0083,P49,return,H2,other,V10,vsl,prescription_medicale,1
R0083,P49,return,H2,other,V11,vsl,prescription_medicale,1
R0083,P49,return,H2,other,V12,vsl,prescription_medicale,1
R0083,P49,return,H2,other,V13,vsl,prescription_medicale,1
R0083,P49,return,H2,other,V14,vtc_premium,prescription_medicale,0
R0083,P49,return,H2,other,V15,vtc_premium,prescription_medicale,0
R0084,P50,outbound,H1,dialysis,V1,taxi_conventionne,prescription_medicale,1
R0084,P50,outbound,H1,dialysis,V2,taxi_conventionne,prescription_medicale,1
R0084,P50,outbound,H1,dialysis,V3,taxi_conventionne,prescription_medicale,1
R0084,P50,outbound,H1,dialysis,V4,taxi_conventionne,prescription_medicale,1
R0084,P50,outbound,H1,dialysis,V5,taxi_conventionne,prescription_medicale,1
R0084,P50,outbound,H1,dialysis,V6,taxi_conventionne,prescription_medicale,1
R0084,P50,outbound,H1,dialysis,V7,taxi_conventionne,prescription_medicale,1
R0084,P50,outbound,H1,dialysis,V8,taxi_conventionne,prescription_medicale,1
R0084,P50,outbound,H1,dialysis,V9,vsl,prescription_medicale,1
R0084,P50,outbound,H1,dialysis,V10,vsl,prescription_medicale,1
R0084,P50,outbound,H1,dialysis,V11,vsl,prescription_medicale,1
R0084,P50,outbound,H1,dialysis,V12,vsl,prescription_medicale,1
R0084,P50,outbound,H1,dialysis,V13,vsl,prescription_medicale,1
R0084,P50,outbound,H1,dialysis,V14,vtc_premium,prescription_medicale,0
R0084,P50,outbound,H1,dialysis,V15,vtc_premium,prescription_medicale,0
R0085,P50,return,H1,dialysis,V1,taxi_conventionne,prescription_medicale,1
R0085,P50,return,H1,dialysis,V2,taxi_conventionne,prescription_medicale,1
R0085,P50,return,H1,dialysis,V3,taxi_conventionne,prescription_medicale,1
R0085,P50,return,H1,dialysis,V4,taxi_conventionne,prescription_medicale,1
R0085,P50,return,H1,dialysis,V5,taxi_conventionne,prescription_medicale,1
R0085,P50,return,H1,dialysis,V6,taxi_conventionne,prescription_medicale,1
R0085,P50,return,H1,dialysis,V7,taxi_conventionne,prescription_medicale,1
R0085,P50,return,H1,dialysis,V8,taxi_conventionne,prescription_medicale,1
R0085,P50,return,H1,dialysis,V9,vsl,prescription_medicale,1
R0085,P50,return,H1,dialysis,V10,vsl,prescription_medicale,1
R0085,P50,return,H1,dialysis,V11,vsl,prescription_medicale,1
R0085,P50,return,H1,dialysis,V12,vsl,prescription_medicale,1
R0085,P50,return,H1,dialysis,V13,vsl,prescription_medicale,1
R0085,P50,return,H1,dialysis,V14,vtc_premium,prescription_medicale,0
R0085,P50,return,H1,dialysis,V15,vtc_premium,prescription_medicale,0
R0086,P51,outbound,H2,oncology,V1,taxi_conventionne,prescription_medicale,1
R0086,P51,outbound,H2,oncology,V2,taxi_conventionne,prescription_medicale,1
R0086,P51,outbound,H2,oncology,V3,taxi_conventionne,prescription_medicale,1
R0086,P51,outbound,H2,oncology,V4,taxi_conventionne,prescription_medicale,1
R0086,P51,outbound,H2,oncology,V5,taxi_conventionne,prescription_medicale,1
R0086,P51,outbound,H2,oncology,V6,taxi_conventionne,prescription_medicale,1
R0086,P51,outbound,H2,oncology,V7,taxi_conventionne,prescription_medicale,1
R0086,P51,outbound,H2,oncology,V8,taxi_conventionne,prescription_medicale,1
R0086,P51,outbound,H2,oncology,V9,vsl,prescription_medicale,1
R0086,P51,outbound,H2,oncology,V10,vsl,prescription_medicale,1
R0086,P51,outbound,H2,oncology,V11,vsl,prescription_medicale,1
R0086,P51,outbound,H2,oncology,V12,vsl,prescription_medicale,1
R0086,P51,outbound,H2,oncology,V13,vsl,prescription_medicale,1
R0086,P51,outbound,H2,oncology,V14,vtc_premium,prescription_medicale,0
R0086,P51,outbound,H2,oncology,V15,vtc_premium,prescription_medicale,0
R0087,P51,return,H2,oncology,V1,taxi_conventionne,prescription_medicale,1
R0087,P51,return,H2,oncology,V2,taxi_conventionne,prescription_medicale,1
R0087,P51,return,H2,oncology,V3,taxi_conventionne,prescription_medicale,1
R0087,P51,return,H2,oncology,V4,taxi_conventionne,prescription_medicale,1
R0087,P51,return,H2,oncology,V5,taxi_conventionne,prescription_medicale,1
R0087,P51,return,H2,oncology,V6,taxi_conventionne,prescription_medicale,1
R0087,P51,return,H2,oncology,V7,taxi_conventionne,prescription_medicale,1
R0087,P51,return,H2,oncology,V8,taxi_conventionne,prescription_medicale,1
R0087,P51,return,H2,oncology,V9,vsl,prescription_medicale,1
R0087,P51,return,H2,oncology,V10,vsl,prescription_medicale,1
R0087,P51,return,H2,oncology,V11,vsl,prescription_medicale,1
R0087,P51,return,H2,oncology,V12,vsl,prescription_medicale,1
R0087,P51,return,H2,oncology,V13,vsl,prescription_medicale,1
R0087,P51,return,H2,oncology,V14,vtc_premium,prescription_medicale,0
R0087,P51,return,H2,oncology,V15,vtc_premium,prescription_medicale,0
R0088,P52,outbound,H1,oncology,V1,taxi_conventionne,vsl_required,0
R0088,P52,outbound,H1,oncology,V2,taxi_conventionne,vsl_required,0
R0088,P52,outbound,H1,oncology,V3,taxi_conventionne,vsl_required,0
R0088,P52,outbound,H1,oncology,V4,taxi_conventionne,vsl_required,0
R0088,P52,outbound,H1,oncology,V5,taxi_conventionne,vsl_required,0
R0088,P52,outbound,H1,oncology,V6,taxi_conventionne,vsl_required,0
R0088,P52,outbound,H1,oncology,V7,taxi_conventionne,vsl_required,0
R0088,P52,outbound,H1,oncology,V8,taxi_conventionne,vsl_required,0
R0088,P52,outbound,H1,oncology,V9,vsl,vsl_required,1
R0088,P52,outbound,H1,oncology,V10,vsl,vsl_required,1
R0088,P52,outbound,H1,oncology,V11,vsl,vsl_required,1
R0088,P52,outbound,H1,oncology,V12,vsl,vsl_required,1
R0088,P52,outbound,H1,oncology,V13,vsl,vsl_required,1
R0088,P52,outbound,H1,oncology,V14,vtc_premium,vsl_required,0
R0088,P52,outbound,H1,oncology,V15,vtc_premium,vsl_required,0
R0089,P52,return,H1,oncology,V1,taxi_conventionne,vsl_required,0
R0089,P52,return,H1,oncology,V2,taxi_conventionne,vsl_required,0
R0089,P52,return,H1,oncology,V3,taxi_conventionne,vsl_required,0
R0089,P52,return,H1,oncology,V4,taxi_conventionne,vsl_required,0
R0089,P52,return,H1,oncology,V5,taxi_conventionne,vsl_required,0
R0089,P52,return,H1,oncology,V6,taxi_conventionne,vsl_required,0
R0089,P52,return,H1,oncology,V7,taxi_conventionne,vsl_required,0
R0089,P52,return,H1,oncology,V8,taxi_conventionne,vsl_required,0
R0089,P52,return,H1,oncology,V9,vsl,vsl_required,1
R0089,P52,return,H1,oncology,V10,vsl,vsl_required,1
R0089,P52,return,H1,oncology,V11,vsl,vsl_required,1
R0089,P52,return,H1,oncology,V12,vsl,vsl_required,1
R0089,P52,return,H1,oncology,V13,vsl,vsl_required,1
R0089,P52,return,H1,oncology,V14,vtc_premium,vsl_required,0
R0089,P52,return,H1,oncology,V15,vtc_premium,vsl_required,0
R0090,P53,outbound,H1,other,V1,taxi_conventionne,standard_assis,1
R0090,P53,outbound,H1,other,V2,taxi_conventionne,standard_assis,1
R0090,P53,outbound,H1,other,V3,taxi_conventionne,standard_assis,1
R0090,P53,outbound,H1,other,V4,taxi_conventionne,standard_assis,1
R0090,P53,outbound,H1,other,V5,taxi_conventionne,standard_assis,1
R0090,P53,outbound,H1,other,V6,taxi_conventionne,standard_assis,1
R0090,P53,outbound,H1,other,V7,taxi_conventionne,standard_assis,1
R0090,P53,outbound,H1,other,V8,taxi_conventionne,standard_assis,1
R0090,P53,outbound,H1,other,V9,vsl,standard_assis,1
R0090,P53,outbound,H1,other,V10,vsl,standard_assis,1
R0090,P53,outbound,H1,other,V11,vsl,standard_assis,1
R0090,P53,outbound,H1,other,V12,vsl,standard_assis,1
R0090,P53,outbound,H1,other,V13,vsl,standard_assis,1
R0090,P53,outbound,H1,other,V14,vtc_premium,standard_assis,1
R0090,P53,outbound,H1,other,V15,vtc_premium,standard_assis,1
R0091,P53,return,H1,other,V1,taxi_conventionne,standard_assis,1
R0091,P53,return,H1,other,V2,taxi_conventionne,standard_assis,1
R0091,P53,return,H1,other,V3,taxi_conventionne,standard_assis,1
R0091,P53,return,H1,other,V4,taxi_conventionne,standard_assis,1
R0091,P53,return,H1,other,V5,taxi_conventionne,standard_assis,1
R0091,P53,return,H1,other,V6,taxi_conventionne,standard_assis,1
R0091,P53,return,H1,other,V7,taxi_conventionne,standard_assis,1
R0091,P53,return,H1,other,V8,taxi_conventionne,standard_assis,1
R0091,P53,return,H1,other,V9,vsl,standard_assis,1
R0091,P53,return,H1,other,V10,vsl,standard_assis,1
R0091,P53,return,H1,other,V11,vsl,standard_assis,1
R0091,P53,return,H1,other,V12,vsl,standard_assis,1
R0091,P53,return,H1,other,V13,vsl,standard_assis,1
R0091,P53,return,H1,other,V14,vtc_premium,standard_assis,1
R0091,P53,return,H1,other,V15,vtc_premium,standard_assis,1
R0092,P54,outbound,H1,other,V1,taxi_conventionne,standard_assis,1
R0092,P54,outbound,H1,other,V2,taxi_conventionne,standard_assis,1
R0092,P54,outbound,H1,other,V3,taxi_conventionne,standard_assis,1
R0092,P54,outbound,H1,other,V4,taxi_conventionne,standard_assis,1
R0092,P54,outbound,H1,other,V5,taxi_conventionne,standard_assis,1
R0092,P54,outbound,H1,other,V6,taxi_conventionne,standard_assis,1
R0092,P54,outbound,H1,other,V7,taxi_conventionne,standard_assis,1
R0092,P54,outbound,H1,other,V8,taxi_conventionne,standard_assis,1
R0092,P54,outbound,H1,other,V9,vsl,standard_assis,1
R0092,P54,outbound,H1,other,V10,vsl,standard_assis,1
R0092,P54,outbound,H1,other,V11,vsl,standard_assis,1
R0092,P54,outbound,H1,other,V12,vsl,standard_assis,1
R0092,P54,outbound,H1,other,V13,vsl,standard_assis,1
R0092,P54,outbound,H1,other,V14,vtc_premium,standard_assis,1
R0092,P54,outbound,H1,other,V15,vtc_premium,standard_assis,1
R0093,P55,outbound,H1,oncology,V1,taxi_conventionne,vsl_required,0
R0093,P55,outbound,H1,oncology,V2,taxi_conventionne,vsl_required,0
R0093,P55,outbound,H1,oncology,V3,taxi_conventionne,vsl_required,0
R0093,P55,outbound,H1,oncology,V4,taxi_conventionne,vsl_required,0
R0093,P55,outbound,H1,oncology,V5,taxi_conventionne,vsl_required,0
R0093,P55,outbound,H1,oncology,V6,taxi_conventionne,vsl_required,0
R0093,P55,outbound,H1,oncology,V7,taxi_conventionne,vsl_required,0
R0093,P55,outbound,H1,oncology,V8,taxi_conventionne,vsl_required,0
R0093,P55,outbound,H1,oncology,V9,vsl,vsl_required,1
R0093,P55,outbound,H1,oncology,V10,vsl,vsl_required,1
R0093,P55,outbound,H1,oncology,V11,vsl,vsl_required,1
R0093,P55,outbound,H1,oncology,V12,vsl,vsl_required,1
R0093,P55,outbound,H1,oncology,V13,vsl,vsl_required,1
R0093,P55,outbound,H1,oncology,V14,vtc_premium,vsl_required,0
R0093,P55,outbound,H1,oncology,V15,vtc_premium,vsl_required,0
R0094,P55,return,H1,oncology,V1,taxi_conventionne,vsl_required,0
R0094,P55,return,H1,oncology,V2,taxi_conventionne,vsl_required,0
R0094,P55,return,H1,oncology,V3,taxi_conventionne,vsl_required,0
R0094,P55,return,H1,oncology,V4,taxi_conventionne,vsl_required,0
R0094,P55,return,H1,oncology,V5,taxi_conventionne,vsl_required,0
R0094,P55,return,H1,oncology,V6,taxi_conventionne,vsl_required,0
R0094,P55,return,H1,oncology,V7,taxi_conventionne,vsl_required,0
R0094,P55,return,H1,oncology,V8,taxi_conventionne,vsl_required,0
R0094,P55,return,H1,oncology,V9,vsl,vsl_required,1
R0094,P55,return,H1,oncology,V10,vsl,vsl_required,1
R0094,P55,return,H1,oncology,V11,vsl,vsl_required,1
R0094,P55,return,H1,oncology,V12,vsl,vsl_required,1
R0094,P55,return,H1,oncology,V13,vsl,vsl_required,1
R0094,P55,return,H1,oncology,V14,vtc_premium,vsl_required,0
R0094,P55,return,H1,oncology,V15,vtc_premium,vsl_required,0
R0095,P56,outbound,H2,dialysis,V1,taxi_conventionne,vsl_required,0
R0095,P56,outbound,H2,dialysis,V2,taxi_conventionne,vsl_required,0
R0095,P56,outbound,H2,dialysis,V3,taxi_conventionne,vsl_required,0
R0095,P56,outbound,H2,dialysis,V4,taxi_conventionne,vsl_required,0
R0095,P56,outbound,H2,dialysis,V5,taxi_conventionne,vsl_required,0
R0095,P56,outbound,H2,dialysis,V6,taxi_conventionne,vsl_required,0
R0095,P56,outbound,H2,dialysis,V7,taxi_conventionne,vsl_required,0
R0095,P56,outbound,H2,dialysis,V8,taxi_conventionne,vsl_required,0
R0095,P56,outbound,H2,dialysis,V9,vsl,vsl_required,1
R0095,P56,outbound,H2,dialysis,V10,vsl,vsl_required,1
R0095,P56,outbound,H2,dialysis,V11,vsl,vsl_required,1
R0095,P56,outbound,H2,dialysis,V12,vsl,vsl_required,1
R0095,P56,outbound,H2,dialysis,V13,vsl,vsl_required,1
R0095,P56,outbound,H2,dialysis,V14,vtc_premium,vsl_required,0
R0095,P56,outbound,H2,dialysis,V15,vtc_premium,vsl_required,0
R0096,P56,return,H2,dialysis,V1,taxi_conventionne,vsl_required,0
R0096,P56,return,H2,dialysis,V2,taxi_conventionne,vsl_required,0
R0096,P56,return,H2,dialysis,V3,taxi_conventionne,vsl_required,0
R0096,P56,return,H2,dialysis,V4,taxi_conventionne,vsl_required,0
R0096,P56,return,H2,dialysis,V5,taxi_conventionne,vsl_required,0
R0096,P56,return,H2,dialysis,V6,taxi_conventionne,vsl_required,0
R0096,P56,return,H2,dialysis,V7,taxi_conventionne,vsl_required,0
R0096,P56,return,H2,dialysis,V8,taxi_conventionne,vsl_required,0
R0096,P56,return,H2,dialysis,V9,vsl,vsl_required,1
R0096,P56,return,H2,dialysis,V10,vsl,vsl_required,1
R0096,P56,return,H2,dialysis,V11,vsl,vsl_required,1
R0096,P56,return,H2,dialysis,V12,vsl,vsl_required,1
R0096,P56,return,H2,dialysis,V13,vsl,vsl_required,1
R0096,P56,return,H2,dialysis,V14,vtc_premium,vsl_required,0
R0096,P56,return,H2,dialysis,V15,vtc_premium,vsl_required,0
R0097,P57,outbound,H1,dialysis,V1,taxi_conventionne,vsl_required,0
R0097,P57,outbound,H1,dialysis,V2,taxi_conventionne,vsl_required,0
R0097,P57,outbound,H1,dialysis,V3,taxi_conventionne,vsl_required,0
R0097,P57,outbound,H1,dialysis,V4,taxi_conventionne,vsl_required,0
R0097,P57,outbound,H1,dialysis,V5,taxi_conventionne,vsl_required,0
R0097,P57,outbound,H1,dialysis,V6,taxi_conventionne,vsl_required,0
R0097,P57,outbound,H1,dialysis,V7,taxi_conventionne,vsl_required,0
R0097,P57,outbound,H1,dialysis,V8,taxi_conventionne,vsl_required,0
R0097,P57,outbound,H1,dialysis,V9,vsl,vsl_required,1
R0097,P57,outbound,H1,dialysis,V10,vsl,vsl_required,1
R0097,P57,outbound,H1,dialysis,V11,vsl,vsl_required,1
R0097,P57,outbound,H1,dialysis,V12,vsl,vsl_required,1
R0097,P57,outbound,H1,dialysis,V13,vsl,vsl_required,1
R0097,P57,outbound,H1,dialysis,V14,vtc_premium,vsl_required,0
R0097,P57,outbound,H1,dialysis,V15,vtc_premium,vsl_required,0
R0098,P58,outbound,H1,dialysis,V1,taxi_conventionne,prescription_medicale,1
R0098,P58,outbound,H1,dialysis,V2,taxi_conventionne,prescription_medicale,1
R0098,P58,outbound,H1,dialysis,V3,taxi_conventionne,prescription_medicale,1
R0098,P58,outbound,H1,dialysis,V4,taxi_conventionne,prescription_medicale,1
R0098,P58,outbound,H1,dialysis,V5,taxi_conventionne,prescription_medicale,1
R0098,P58,outbound,H1,dialysis,V6,taxi_conventionne,prescription_medicale,1
R0098,P58,outbound,H1,dialysis,V7,taxi_conventionne,prescription_medicale,1
R0098,P58,outbound,H1,dialysis,V8,taxi_conventionne,prescription_medicale,1
R0098,P58,outbound,H1,dialysis,V9,vsl,prescription_medicale,1
R0098,P58,outbound,H1,dialysis,V10,vsl,prescription_medicale,1
R0098,P58,outbound,H1,dialysis,V11,vsl,prescription_medicale,1
R0098,P58,outbound,H1,dialysis,V12,vsl,prescription_medicale,1
R0098,P58,outbound,H1,dialysis,V13,vsl,prescription_medicale,1
R0098,P58,outbound,H1,dialysis,V14,vtc_premium,prescription_medicale,0
R0098,P58,outbound,H1,dialysis,V15,vtc_premium,prescription_medicale,0
R0099,P59,outbound,H2,oncology,V1,taxi_conventionne,vsl_required,0
R0099,P59,outbound,H2,oncology,V2,taxi_conventionne,vsl_required,0
R0099,P59,outbound,H2,oncology,V3,taxi_conventionne,vsl_required,0
R0099,P59,outbound,H2,oncology,V4,taxi_conventionne,vsl_required,0
R0099,P59,outbound,H2,oncology,V5,taxi_conventionne,vsl_required,0
R0099,P59,outbound,H2,oncology,V6,taxi_conventionne,vsl_required,0
R0099,P59,outbound,H2,oncology,V7,taxi_conventionne,vsl_required,0
R0099,P59,outbound,H2,oncology,V8,taxi_conventionne,vsl_required,0
R0099,P59,outbound,H2,oncology,V9,vsl,vsl_required,1
R0099,P59,outbound,H2,oncology,V10,vsl,vsl_required,1
R0099,P59,outbound,H2,oncology,V11,vsl,vsl_required,1
R0099,P59,outbound,H2,oncology,V12,vsl,vsl_required,1
R0099,P59,outbound,H2,oncology,V13,vsl,vsl_required,1
R0099,P59,outbound,H2,oncology,V14,vtc_premium,vsl_required,0
R0099,P59,outbound,H2,oncology,V15,vtc_premium,vsl_required,0
R0100,P59,return,H2,oncology,V1,taxi_conventionne,vsl_required,0
R0100,P59,return,H2,oncology,V2,taxi_conventionne,vsl_required,0
R0100,P59,return,H2,oncology,V3,taxi_conventionne,vsl_required,0
R0100,P59,return,H2,oncology,V4,taxi_conventionne,vsl_required,0
R0100,P59,return,H2,oncology,V5,taxi_conventionne,vsl_required,0
R0100,P59,return,H2,oncology,V6,taxi_conventionne,vsl_required,0
R0100,P59,return,H2,oncology,V7,taxi_conventionne,vsl_required,0
R0100,P59,return,H2,oncology,V8,taxi_conventionne,vsl_required,0
R0100,P59,return,H2,oncology,V9,vsl,vsl_required,1
R0100,P59,return,H2,oncology,V10,vsl,vsl_required,1
R0100,P59,return,H2,oncology,V11,vsl,vsl_required,1
R0100,P59,return,H2,oncology,V12,vsl,vsl_required,1
R0100,P59,return,H2,oncology,V13,vsl,vsl_required,1
R0100,P59,return,H2,oncology,V14,vtc_premium,vsl_required,0
R0100,P59,return,H2,oncology,V15,vtc_premium,vsl_required,0
R0101,P60,outbound,H1,other,V1,taxi_conventionne,prescription_medicale,1
R0101,P60,outbound,H1,other,V2,taxi_conventionne,prescription_medicale,1
R0101,P60,outbound,H1,other,V3,taxi_conventionne,prescription_medicale,1
R0101,P60,outbound,H1,other,V4,taxi_conventionne,prescription_medicale,1
R0101,P60,outbound,H1,other,V5,taxi_conventionne,prescription_medicale,1
R0101,P60,outbound,H1,other,V6,taxi_conventionne,prescription_medicale,1
R0101,P60,outbound,H1,other,V7,taxi_conventionne,prescription_medicale,1
R0101,P60,outbound,H1,other,V8,taxi_conventionne,prescription_medicale,1
R0101,P60,outbound,H1,other,V9,vsl,prescription_medicale,1
R0101,P60,outbound,H1,other,V10,vsl,prescription_medicale,1
R0101,P60,outbound,H1,other,V11,vsl,prescription_medicale,1
R0101,P60,outbound,H1,other,V12,vsl,prescription_medicale,1
R0101,P60,outbound,H1,other,V13,vsl,prescription_medicale,1
R0101,P60,outbound,H1,other,V14,vtc_premium,prescription_medicale,0
R0101,P60,outbound,H1,other,V15,vtc_premium,prescription_medicale,0
R0102,P60,return,H1,other,V1,taxi_conventionne,prescription_medicale,1
R0102,P60,return,H1,other,V2,taxi_conventionne,prescription_medicale,1
R0102,P60,return,H1,other,V3,taxi_conventionne,prescription_medicale,1
R0102,P60,return,H1,other,V4,taxi_conventionne,prescription_medicale,1
R0102,P60,return,H1,other,V5,taxi_conventionne,prescription_medicale,1
R0102,P60,return,H1,other,V6,taxi_conventionne,prescription_medicale,1
R0102,P60,return,H1,other,V7,taxi_conventionne,prescription_medicale,1
R0102,P60,return,H1,other,V8,taxi_conventionne,prescription_medicale,1
R0102,P60,return,H1,other,V9,vsl,prescription_medicale,1
R0102,P60,return,H1,other,V10,vsl,prescription_medicale,1
R0102,P60,return,H1,other,V11,vsl,prescription_medicale,1
R0102,P60,return,H1,other,V12,vsl,prescription_medicale,1
R0102,P60,return,H1,other,V13,vsl,prescription_medicale,1
R0102,P60,return,H1,other,V14,vtc_premium,prescription_medicale,0
R0102,P60,return,H1,other,V15,vtc_premium,prescription_medicale,0
R0103,P61,outbound,H2,other,V1,taxi_conventionne,prescription_medicale,1
R0103,P61,outbound,H2,other,V2,taxi_conventionne,prescription_medicale,1
R0103,P61,outbound,H2,other,V3,taxi_conventionne,prescription_medicale,1
R0103,P61,outbound,H2,other,V4,taxi_conventionne,prescription_medicale,1
R0103,P61,outbound,H2,other,V5,taxi_conventionne,prescription_medicale,1
R0103,P61,outbound,H2,other,V6,taxi_conventionne,prescription_medicale,1
R0103,P61,outbound,H2,other,V7,taxi_conventionne,prescription_medicale,1
R0103,P61,outbound,H2,other,V8,taxi_conventionne,prescription_medicale,1
R0103,P61,outbound,H2,other,V9,vsl,prescription_medicale,1
R0103,P61,outbound,H2,other,V10,vsl,prescription_medicale,1
R0103,P61,outbound,H2,other,V11,vsl,prescription_medicale,1
R0103,P61,outbound,H2,other,V12,vsl,prescription_medicale,1
R0103,P61,outbound,H2,other,V13,vsl,prescription_medicale,1
R0103,P61,outbound,H2,other,V14,vtc_premium,prescription_medicale,0
R0103,P61,outbound,H2,other,V15,vtc_premium,prescription_medicale,0
R0104,P61,return,H2,other,V1,taxi_conventionne,prescription_medicale,1
R0104,P61,return,H2,other,V2,taxi_conventionne,prescription_medicale,1
R0104,P61,return,H2,other,V3,taxi_conventionne,prescription_medicale,1
R0104,P61,return,H2,other,V4,taxi_conventionne,prescription_medicale,1
R0104,P61,return,H2,other,V5,taxi_conventionne,prescription_medicale,1
R0104,P61,return,H2,other,V6,taxi_conventionne,prescription_medicale,1
R0104,P61,return,H2,other,V7,taxi_conventionne,prescription_medicale,1
R0104,P61,return,H2,other,V8,taxi_conventionne,prescription_medicale,1
R0104,P61,return,H2,other,V9,vsl,prescription_medicale,1
R0104,P61,return,H2,other,V10,vsl,prescription_medicale,1
R0104,P61,return,H2,other,V11,vsl,prescription_medicale,1
R0104,P61,return,H2,other,V12,vsl,prescription_medicale,1
R0104,P61,return,H2,other,V13,vsl,prescription_medicale,1
R0104,P61,return,H2,other,V14,vtc_premium,prescription_medicale,0
R0104,P61,return,H2,other,V15,vtc_premium,prescription_medicale,0
R0105,P62,outbound,H1,other,V1,taxi_conventionne,standard_assis,1
R0105,P62,outbound,H1,other,V2,taxi_conventionne,standard_assis,1
R0105,P62,outbound,H1,other,V3,taxi_conventionne,standard_assis,1
R0105,P62,outbound,H1,other,V4,taxi_conventionne,standard_assis,1
R0105,P62,outbound,H1,other,V5,taxi_conventionne,standard_assis,1
R0105,P62,outbound,H1,other,V6,taxi_conventionne,standard_assis,1
R0105,P62,outbound,H1,other,V7,taxi_conventionne,standard_assis,1
R0105,P62,outbound,H1,other,V8,taxi_conventionne,standard_assis,1
R0105,P62,outbound,H1,other,V9,vsl,standard_assis,1
R0105,P62,outbound,H1,other,V10,vsl,standard_assis,1
R0105,P62,outbound,H1,other,V11,vsl,standard_assis,1
R0105,P62,outbound,H1,other,V12,vsl,standard_assis,1
R0105,P62,outbound,H1,other,V13,vsl,standard_assis,1
R0105,P62,outbound,H1,other,V14,vtc_premium,standard_assis,1
R0105,P62,outbound,H1,other,V15,vtc_premium,standard_assis,1
R0106,P63,outbound,H1,other,V1,taxi_conventionne,standard_assis,1
R0106,P63,outbound,H1,other,V2,taxi_conventionne,standard_assis,1
R0106,P63,outbound,H1,other,V3,taxi_conventionne,standard_assis,1
R0106,P63,outbound,H1,other,V4,taxi_conventionne,standard_assis,1
R0106,P63,outbound,H1,other,V5,taxi_conventionne,standard_assis,1
R0106,P63,outbound,H1,other,V6,taxi_conventionne,standard_assis,1
R0106,P63,outbound,H1,other,V7,taxi_conventionne,standard_assis,1
R0106,P63,outbound,H1,other,V8,taxi_conventionne,standard_assis,1
R0106,P63,outbound,H1,other,V9,vsl,standard_assis,1
R0106,P63,outbound,H1,other,V10,vsl,standard_assis,1
R0106,P63,outbound,H1,other,V11,vsl,standard_assis,1
R0106,P63,outbound,H1,other,V12,vsl,standard_assis,1
R0106,P63,outbound,H1,other,V13,vsl,standard_assis,1
R0106,P63,outbound,H1,other,V14,vtc_premium,standard_assis,1
R0106,P63,outbound,H1,other,V15,vtc_premium,standard_assis,1
R0107,P64,outbound,H2,dialysis,V1,taxi_conventionne,vsl_required,0
R0107,P64,outbound,H2,dialysis,V2,taxi_conventionne,vsl_required,0
R0107,P64,outbound,H2,dialysis,V3,taxi_conventionne,vsl_required,0
R0107,P64,outbound,H2,dialysis,V4,taxi_conventionne,vsl_required,0
R0107,P64,outbound,H2,dialysis,V5,taxi_conventionne,vsl_required,0
R0107,P64,outbound,H2,dialysis,V6,taxi_conventionne,vsl_required,0
R0107,P64,outbound,H2,dialysis,V7,taxi_conventionne,vsl_required,0
R0107,P64,outbound,H2,dialysis,V8,taxi_conventionne,vsl_required,0
R0107,P64,outbound,H2,dialysis,V9,vsl,vsl_required,1
R0107,P64,outbound,H2,dialysis,V10,vsl,vsl_required,1
R0107,P64,outbound,H2,dialysis,V11,vsl,vsl_required,1
R0107,P64,outbound,H2,dialysis,V12,vsl,vsl_required,1
R0107,P64,outbound,H2,dialysis,V13,vsl,vsl_required,1
R0107,P64,outbound,H2,dialysis,V14,vtc_premium,vsl_required,0
R0107,P64,outbound,H2,dialysis,V15,vtc_premium,vsl_required,0
R0108,P64,return,H2,dialysis,V1,taxi_conventionne,vsl_required,0
R0108,P64,return,H2,dialysis,V2,taxi_conventionne,vsl_required,0
R0108,P64,return,H2,dialysis,V3,taxi_conventionne,vsl_required,0
R0108,P64,return,H2,dialysis,V4,taxi_conventionne,vsl_required,0
R0108,P64,return,H2,dialysis,V5,taxi_conventionne,vsl_required,0
R0108,P64,return,H2,dialysis,V6,taxi_conventionne,vsl_required,0
R0108,P64,return,H2,dialysis,V7,taxi_conventionne,vsl_required,0
R0108,P64,return,H2,dialysis,V8,taxi_conventionne,vsl_required,0
R0108,P64,return,H2,dialysis,V9,vsl,vsl_required,1
R0108,P64,return,H2,dialysis,V10,vsl,vsl_required,1
R0108,P64,return,H2,dialysis,V11,vsl,vsl_required,1
R0108,P64,return,H2,dialysis,V12,vsl,vsl_required,1
R0108,P64,return,H2,dialysis,V13,vsl,vsl_required,1
R0108,P64,return,H2,dialysis,V14,vtc_premium,vsl_required,0
R0108,P64,return,H2,dialysis,V15,vtc_premium,vsl_required,0
R0109,P65,outbound,H2,dialysis,V1,taxi_conventionne,vsl_required,0
R0109,P65,outbound,H2,dialysis,V2,taxi_conventionne,vsl_required,0
R0109,P65,outbound,H2,dialysis,V3,taxi_conventionne,vsl_required,0
R0109,P65,outbound,H2,dialysis,V4,taxi_conventionne,vsl_required,0
R0109,P65,outbound,H2,dialysis,V5,taxi_conventionne,vsl_required,0
R0109,P65,outbound,H2,dialysis,V6,taxi_conventionne,vsl_required,0
R0109,P65,outbound,H2,dialysis,V7,taxi_conventionne,vsl_required,0
R0109,P65,outbound,H2,dialysis,V8,taxi_conventionne,vsl_required,0
R0109,P65,outbound,H2,dialysis,V9,vsl,vsl_required,1
R0109,P65,outbound,H2,dialysis,V10,vsl,vsl_required,1
R0109,P65,outbound,H2,dialysis,V11,vsl,vsl_required,1
R0109,P65,outbound,H2,dialysis,V12,vsl,vsl_required,1
R0109,P65,outbound,H2,dialysis,V13,vsl,vsl_required,1
R0109,P65,outbound,H2,dialysis,V14,vtc_premium,vsl_required,0
R0109,P65,outbound,H2,dialysis,V15,vtc_premium,vsl_required,0
R0110,P66,outbound,H1,dialysis,V1,taxi_conventionne,vsl_required,0
R0110,P66,outbound,H1,dialysis,V2,taxi_conventionne,vsl_required,0
R0110,P66,outbound,H1,dialysis,V3,taxi_conventionne,vsl_required,0
R0110,P66,outbound,H1,dialysis,V4,taxi_conventionne,vsl_required,0
R0110,P66,outbound,H1,dialysis,V5,taxi_conventionne,vsl_required,0
R0110,P66,outbound,H1,dialysis,V6,taxi_conventionne,vsl_required,0
R0110,P66,outbound,H1,dialysis,V7,taxi_conventionne,vsl_required,0
R0110,P66,outbound,H1,dialysis,V8,taxi_conventionne,vsl_required,0
R0110,P66,outbound,H1,dialysis,V9,vsl,vsl_required,1
R0110,P66,outbound,H1,dialysis,V10,vsl,vsl_required,1
R0110,P66,outbound,H1,dialysis,V11,vsl,vsl_required,1
R0110,P66,outbound,H1,dialysis,V12,vsl,vsl_required,1
R0110,P66,outbound,H1,dialysis,V13,vsl,vsl_required,1
R0110,P66,outbound,H1,dialysis,V14,vtc_premium,vsl_required,0
R0110,P66,outbound,H1,dialysis,V15,vtc_premium,vsl_required,0
R0111,P67,outbound,H1,other,V1,taxi_conventionne,standard_assis,1
R0111,P67,outbound,H1,other,V2,taxi_conventionne,standard_assis,1
R0111,P67,outbound,H1,other,V3,taxi_conventionne,standard_assis,1
R0111,P67,outbound,H1,other,V4,taxi_conventionne,standard_assis,1
R0111,P67,outbound,H1,other,V5,taxi_conventionne,standard_assis,1
R0111,P67,outbound,H1,other,V6,taxi_conventionne,standard_assis,1
R0111,P67,outbound,H1,other,V7,taxi_conventionne,standard_assis,1
R0111,P67,outbound,H1,other,V8,taxi_conventionne,standard_assis,1
R0111,P67,outbound,H1,other,V9,vsl,standard_assis,1
R0111,P67,outbound,H1,other,V10,vsl,standard_assis,1
R0111,P67,outbound,H1,other,V11,vsl,standard_assis,1
R0111,P67,outbound,H1,other,V12,vsl,standard_assis,1
R0111,P67,outbound,H1,other,V13,vsl,standard_assis,1
R0111,P67,outbound,H1,other,V14,vtc_premium,standard_assis,1
R0111,P67,outbound,H1,other,V15,vtc_premium,standard_assis,1
R0112,P67,return,H1,other,V1,taxi_conventionne,standard_assis,1
R0112,P67,return,H1,other,V2,taxi_conventionne,standard_assis,1
R0112,P67,return,H1,other,V3,taxi_conventionne,standard_assis,1
R0112,P67,return,H1,other,V4,taxi_conventionne,standard_assis,1
R0112,P67,return,H1,other,V5,taxi_conventionne,standard_assis,1
R0112,P67,return,H1,other,V6,taxi_conventionne,standard_assis,1
R0112,P67,return,H1,other,V7,taxi_conventionne,standard_assis,1
R0112,P67,return,H1,other,V8,taxi_conventionne,standard_assis,1
R0112,P67,return,H1,other,V9,vsl,standard_assis,1
R0112,P67,return,H1,other,V10,vsl,standard_assis,1
R0112,P67,return,H1,other,V11,vsl,standard_assis,1
R0112,P67,return,H1,other,V12,vsl,standard_assis,1
R0112,P67,return,H1,other,V13,vsl,standard_assis,1
R0112,P67,return,H1,other,V14,vtc_premium,standard_assis,1
R0112,P67,return,H1,other,V15,vtc_premium,standard_assis,1
R0113,P68,outbound,H1,other,V1,taxi_conventionne,standard_assis,1
R0113,P68,outbound,H1,other,V2,taxi_conventionne,standard_assis,1
R0113,P68,outbound,H1,other,V3,taxi_conventionne,standard_assis,1
R0113,P68,outbound,H1,other,V4,taxi_conventionne,standard_assis,1
R0113,P68,outbound,H1,other,V5,taxi_conventionne,standard_assis,1
R0113,P68,outbound,H1,other,V6,taxi_conventionne,standard_assis,1
R0113,P68,outbound,H1,other,V7,taxi_conventionne,standard_assis,1
R0113,P68,outbound,H1,other,V8,taxi_conventionne,standard_assis,1
R0113,P68,outbound,H1,other,V9,vsl,standard_assis,1
R0113,P68,outbound,H1,other,V10,vsl,standard_assis,1
R0113,P68,outbound,H1,other,V11,vsl,standard_assis,1
R0113,P68,outbound,H1,other,V12,vsl,standard_assis,1
R0113,P68,outbound,H1,other,V13,vsl,standard_assis,1
R0113,P68,outbound,H1,other,V14,vtc_premium,standard_assis,1
R0113,P68,outbound,H1,other,V15,vtc_premium,standard_assis,1
R0114,P68,return,H1,other,V1,taxi_conventionne,standard_assis,1
R0114,P68,return,H1,other,V2,taxi_conventionne,standard_assis,1
R0114,P68,return,H1,other,V3,taxi_conventionne,standard_assis,1
R0114,P68,return,H1,other,V4,taxi_conventionne,standard_assis,1
R0114,P68,return,H1,other,V5,taxi_conventionne,standard_assis,1
R0114,P68,return,H1,other,V6,taxi_conventionne,standard_assis,1
R0114,P68,return,H1,other,V7,taxi_conventionne,standard_assis,1
R0114,P68,return,H1,other,V8,taxi_conventionne,standard_assis,1
R0114,P68,return,H1,other,V9,vsl,standard_assis,1
R0114,P68,return,H1,other,V10,vsl,standard_assis,1
R0114,P68,return,H1,other,V11,vsl,standard_assis,1
R0114,P68,return,H1,other,V12,vsl,standard_assis,1
R0114,P68,return,H1,other,V13,vsl,standard_assis,1
R0114,P68,return,H1,other,V14,vtc_premium,standard_assis,1
R0114,P68,return,H1,other,V15,vtc_premium,standard_assis,1
R0115,P69,outbound,H2,dialysis,V1,taxi_conventionne,prescription_medicale,1
R0115,P69,outbound,H2,dialysis,V2,taxi_conventionne,prescription_medicale,1
R0115,P69,outbound,H2,dialysis,V3,taxi_conventionne,prescription_medicale,1
R0115,P69,outbound,H2,dialysis,V4,taxi_conventionne,prescription_medicale,1
R0115,P69,outbound,H2,dialysis,V5,taxi_conventionne,prescription_medicale,1
R0115,P69,outbound,H2,dialysis,V6,taxi_conventionne,prescription_medicale,1
R0115,P69,outbound,H2,dialysis,V7,taxi_conventionne,prescription_medicale,1
R0115,P69,outbound,H2,dialysis,V8,taxi_conventionne,prescription_medicale,1
R0115,P69,outbound,H2,dialysis,V9,vsl,prescription_medicale,1
R0115,P69,outbound,H2,dialysis,V10,vsl,prescription_medicale,1
R0115,P69,outbound,H2,dialysis,V11,vsl,prescription_medicale,1
R0115,P69,outbound,H2,dialysis,V12,vsl,prescription_medicale,1
R0115,P69,outbound,H2,dialysis,V13,vsl,prescription_medicale,1
R0115,P69,outbound,H2,dialysis,V14,vtc_premium,prescription_medicale,0
R0115,P69,outbound,H2,dialysis,V15,vtc_premium,prescription_medicale,0
R0116,P69,return,H2,dialysis,V1,taxi_conventionne,prescription_medicale,1
R0116,P69,return,H2,dialysis,V2,taxi_conventionne,prescription_medicale,1
R0116,P69,return,H2,dialysis,V3,taxi_conventionne,prescription_medicale,1
R0116,P69,return,H2,dialysis,V4,taxi_conventionne,prescription_medicale,1
R0116,P69,return,H2,dialysis,V5,taxi_conventionne,prescription_medicale,1
R0116,P69,return,H2,dialysis,V6,taxi_conventionne,prescription_medicale,1
R0116,P69,return,H2,dialysis,V7,taxi_conventionne,prescription_medicale,1
R0116,P69,return,H2,dialysis,V8,taxi_conventionne,prescription_medicale,1
R0116,P69,return,H2,dialysis,V9,vsl,prescription_medicale,1
R0116,P69,return,H2,dialysis,V10,vsl,prescription_medicale,1
R0116,P69,return,H2,dialysis,V11,vsl,prescription_medicale,1
R0116,P69,return,H2,dialysis,V12,vsl,prescription_medicale,1
R0116,P69,return,H2,dialysis,V13,vsl,prescription_medicale,1
R0116,P69,return,H2,dialysis,V14,vtc_premium,prescription_medicale,0
R0116,P69,return,H2,dialysis,V15,vtc_premium,prescription_medicale,0
R0117,P70,outbound,H1,external,V1,taxi_conventionne,standard_assis,1
R0117,P70,outbound,H1,external,V2,taxi_conventionne,standard_assis,1
R0117,P70,outbound,H1,external,V3,taxi_conventionne,standard_assis,1
R0117,P70,outbound,H1,external,V4,taxi_conventionne,standard_assis,1
R0117,P70,outbound,H1,external,V5,taxi_conventionne,standard_assis,1
R0117,P70,outbound,H1,external,V6,taxi_conventionne,standard_assis,1
R0117,P70,outbound,H1,external,V7,taxi_conventionne,standard_assis,1
R0117,P70,outbound,H1,external,V8,taxi_conventionne,standard_assis,1
R0117,P70,outbound,H1,external,V9,vsl,standard_assis,1
R0117,P70,outbound,H1,external,V10,vsl,standard_assis,1
R0117,P70,outbound,H1,external,V11,vsl,standard_assis,1
R0117,P70,outbound,H1,external,V12,vsl,standard_assis,1
R0117,P70,outbound,H1,external,V13,vsl,standard_assis,1
R0117,P70,outbound,H1,external,V14,vtc_premium,standard_assis,1
R0117,P70,outbound,H1,external,V15,vtc_premium,standard_assis,1
R0118,P70,return,H1,external,V1,taxi_conventionne,standard_assis,1
R0118,P70,return,H1,external,V2,taxi_conventionne,standard_assis,1
R0118,P70,return,H1,external,V3,taxi_conventionne,standard_assis,1
R0118,P70,return,H1,external,V4,taxi_conventionne,standard_assis,1
R0118,P70,return,H1,external,V5,taxi_conventionne,standard_assis,1
R0118,P70,return,H1,external,V6,taxi_conventionne,standard_assis,1
R0118,P70,return,H1,external,V7,taxi_conventionne,standard_assis,1
R0118,P70,return,H1,external,V8,taxi_conventionne,standard_assis,1
R0118,P70,return,H1,external,V9,vsl,standard_assis,1
R0118,P70,return,H1,external,V10,vsl,standard_assis,1
R0118,P70,return,H1,external,V11,vsl,standard_assis,1
R0118,P70,return,H1,external,V12,vsl,standard_assis,1
R0118,P70,return,H1,external,V13,vsl,standard_assis,1
R0118,P70,return,H1,external,V14,vtc_premium,standard_assis,1
R0118,P70,return,H1,external,V15,vtc_premium,standard_assis,1
R0119,P71,outbound,H1,external,V1,taxi_conventionne,standard_assis,1
R0119,P71,outbound,H1,external,V2,taxi_conventionne,standard_assis,1
R0119,P71,outbound,H1,external,V3,taxi_conventionne,standard_assis,1
R0119,P71,outbound,H1,external,V4,taxi_conventionne,standard_assis,1
R0119,P71,outbound,H1,external,V5,taxi_conventionne,standard_assis,1
R0119,P71,outbound,H1,external,V6,taxi_conventionne,standard_assis,1
R0119,P71,outbound,H1,external,V7,taxi_conventionne,standard_assis,1
R0119,P71,outbound,H1,external,V8,taxi_conventionne,standard_assis,1
R0119,P71,outbound,H1,external,V9,vsl,standard_assis,1
R0119,P71,outbound,H1,external,V10,vsl,standard_assis,1
R0119,P71,outbound,H1,external,V11,vsl,standard_assis,1
R0119,P71,outbound,H1,external,V12,vsl,standard_assis,1
R0119,P71,outbound,H1,external,V13,vsl,standard_assis,1
R0119,P71,outbound,H1,external,V14,vtc_premium,standard_assis,1
R0119,P71,outbound,H1,external,V15,vtc_premium,standard_assis,1
R0120,P71,return,H1,external,V1,taxi_conventionne,standard_assis,1
R0120,P71,return,H1,external,V2,taxi_conventionne,standard_assis,1
R0120,P71,return,H1,external,V3,taxi_conventionne,standard_assis,1
R0120,P71,return,H1,external,V4,taxi_conventionne,standard_assis,1
R0120,P71,return,H1,external,V5,taxi_conventionne,standard_assis,1
R0120,P71,return,H1,external,V6,taxi_conventionne,standard_assis,1
R0120,P71,return,H1,external,V7,taxi_conventionne,standard_assis,1
R0120,P71,return,H1,external,V8,taxi_conventionne,standard_assis,1
R0120,P71,return,H1,external,V9,vsl,standard_assis,1
R0120,P71,return,H1,external,V10,vsl,standard_assis,1
R0120,P71,return,H1,external,V11,vsl,standard_assis,1
R0120,P71,return,H1,external,V12,vsl,standard_assis,1
R0120,P71,return,H1,external,V13,vsl,standard_assis,1
R0120,P71,return,H1,external,V14,vtc_premium,standard_assis,1
R0120,P71,return,H1,external,V15,vtc_premium,standard_assis,1
R0121,P72,outbound,H1,dialysis,V1,taxi_conventionne,vsl_required,0
R0121,P72,outbound,H1,dialysis,V2,taxi_conventionne,vsl_required,0
R0121,P72,outbound,H1,dialysis,V3,taxi_conventionne,vsl_required,0
R0121,P72,outbound,H1,dialysis,V4,taxi_conventionne,vsl_required,0
R0121,P72,outbound,H1,dialysis,V5,taxi_conventionne,vsl_required,0
R0121,P72,outbound,H1,dialysis,V6,taxi_conventionne,vsl_required,0
R0121,P72,outbound,H1,dialysis,V7,taxi_conventionne,vsl_required,0
R0121,P72,outbound,H1,dialysis,V8,taxi_conventionne,vsl_required,0
R0121,P72,outbound,H1,dialysis,V9,vsl,vsl_required,1
R0121,P72,outbound,H1,dialysis,V10,vsl,vsl_required,1
R0121,P72,outbound,H1,dialysis,V11,vsl,vsl_required,1
R0121,P72,outbound,H1,dialysis,V12,vsl,vsl_required,1
R0121,P72,outbound,H1,dialysis,V13,vsl,vsl_required,1
R0121,P72,outbound,H1,dialysis,V14,vtc_premium,vsl_required,0
R0121,P72,outbound,H1,dialysis,V15,vtc_premium,vsl_required,0
R0122,P72,return,H1,dialysis,V1,taxi_conventionne,vsl_required,0
R0122,P72,return,H1,dialysis,V2,taxi_conventionne,vsl_required,0
R0122,P72,return,H1,dialysis,V3,taxi_conventionne,vsl_required,0
R0122,P72,return,H1,dialysis,V4,taxi_conventionne,vsl_required,0
R0122,P72,return,H1,dialysis,V5,taxi_conventionne,vsl_required,0
R0122,P72,return,H1,dialysis,V6,taxi_conventionne,vsl_required,0
R0122,P72,return,H1,dialysis,V7,taxi_conventionne,vsl_required,0
R0122,P72,return,H1,dialysis,V8,taxi_conventionne,vsl_required,0
R0122,P72,return,H1,dialysis,V9,vsl,vsl_required,1
R0122,P72,return,H1,dialysis,V10,vsl,vsl_required,1
R0122,P72,return,H1,dialysis,V11,vsl,vsl_required,1
R0122,P72,return,H1,dialysis,V12,vsl,vsl_required,1
R0122,P72,return,H1,dialysis,V13,vsl,vsl_required,1
R0122,P72,return,H1,dialysis,V14,vtc_premium,vsl_required,0
R0122,P72,return,H1,dialysis,V15,vtc_premium,vsl_required,0
R0123,P73,outbound,H1,other,V1,taxi_conventionne,prescription_medicale,1
R0123,P73,outbound,H1,other,V2,taxi_conventionne,prescription_medicale,1
R0123,P73,outbound,H1,other,V3,taxi_conventionne,prescription_medicale,1
R0123,P73,outbound,H1,other,V4,taxi_conventionne,prescription_medicale,1
R0123,P73,outbound,H1,other,V5,taxi_conventionne,prescription_medicale,1
R0123,P73,outbound,H1,other,V6,taxi_conventionne,prescription_medicale,1
R0123,P73,outbound,H1,other,V7,taxi_conventionne,prescription_medicale,1
R0123,P73,outbound,H1,other,V8,taxi_conventionne,prescription_medicale,1
R0123,P73,outbound,H1,other,V9,vsl,prescription_medicale,1
R0123,P73,outbound,H1,other,V10,vsl,prescription_medicale,1
R0123,P73,outbound,H1,other,V11,vsl,prescription_medicale,1
R0123,P73,outbound,H1,other,V12,vsl,prescription_medicale,1
R0123,P73,outbound,H1,other,V13,vsl,prescription_medicale,1
R0123,P73,outbound,H1,other,V14,vtc_premium,prescription_medicale,0
R0123,P73,outbound,H1,other,V15,vtc_premium,prescription_medicale,0
R0124,P73,return,H1,other,V1,taxi_conventionne,prescription_medicale,1
R0124,P73,return,H1,other,V2,taxi_conventionne,prescription_medicale,1
R0124,P73,return,H1,other,V3,taxi_conventionne,prescription_medicale,1
R0124,P73,return,H1,other,V4,taxi_conventionne,prescription_medicale,1
R0124,P73,return,H1,other,V5,taxi_conventionne,prescription_medicale,1
R0124,P73,return,H1,other,V6,taxi_conventionne,prescription_medicale,1
R0124,P73,return,H1,other,V7,taxi_conventionne,prescription_medicale,1
R0124,P73,return,H1,other,V8,taxi_conventionne,prescription_medicale,1
R0124,P73,return,H1,other,V9,vsl,prescription_medicale,1
R0124,P73,return,H1,other,V10,vsl,prescription_medicale,1
R0124,P73,return,H1,other,V11,vsl,prescription_medicale,1
R0124,P73,return,H1,other,V12,vsl,prescription_medicale,1
R0124,P73,return,H1,other,V13,vsl,prescription_medicale,1
R0124,P73,return,H1,other,V14,vtc_premium,prescription_medicale,0
R0124,P73,return,H1,other,V15,vtc_premium,prescription_medicale,0
R0125,P74,outbound,H1,other,V1,taxi_conventionne,vsl_required,0
R0125,P74,outbound,H1,other,V2,taxi_conventionne,vsl_required,0
R0125,P74,outbound,H1,other,V3,taxi_conventionne,vsl_required,0
R0125,P74,outbound,H1,other,V4,taxi_conventionne,vsl_required,0
R0125,P74,outbound,H1,other,V5,taxi_conventionne,vsl_required,0
R0125,P74,outbound,H1,other,V6,taxi_conventionne,vsl_required,0
R0125,P74,outbound,H1,other,V7,taxi_conventionne,vsl_required,0
R0125,P74,outbound,H1,other,V8,taxi_conventionne,vsl_required,0
R0125,P74,outbound,H1,other,V9,vsl,vsl_required,1
R0125,P74,outbound,H1,other,V10,vsl,vsl_required,1
R0125,P74,outbound,H1,other,V11,vsl,vsl_required,1
R0125,P74,outbound,H1,other,V12,vsl,vsl_required,1
R0125,P74,outbound,H1,other,V13,vsl,vsl_required,1
R0125,P74,outbound,H1,other,V14,vtc_premium,vsl_required,0
R0125,P74,outbound,H1,other,V15,vtc_premium,vsl_required,0
R0126,P74,return,H1,other,V1,taxi_conventionne,vsl_required,0
R0126,P74,return,H1,other,V2,taxi_conventionne,vsl_required,0
R0126,P74,return,H1,other,V3,taxi_conventionne,vsl_required,0
R0126,P74,return,H1,other,V4,taxi_conventionne,vsl_required,0
R0126,P74,return,H1,other,V5,taxi_conventionne,vsl_required,0
R0126,P74,return,H1,other,V6,taxi_conventionne,vsl_required,0
R0126,P74,return,H1,other,V7,taxi_conventionne,vsl_required,0
R0126,P74,return,H1,other,V8,taxi_conventionne,vsl_required,0
R0126,P74,return,H1,other,V9,vsl,vsl_required,1
R0126,P74,return,H1,other,V10,vsl,vsl_required,1
R0126,P74,return,H1,other,V11,vsl,vsl_required,1
R0126,P74,return,H1,other,V12,vsl,vsl_required,1
R0126,P74,return,H1,other,V13,vsl,vsl_required,1
R0126,P74,return,H1,other,V14,vtc_premium,vsl_required,0
R0126,P74,return,H1,other,V15,vtc_premium,vsl_required,0
R0127,P75,outbound,H1,other,V1,taxi_conventionne,standard_assis,1
R0127,P75,outbound,H1,other,V2,taxi_conventionne,standard_assis,1
R0127,P75,outbound,H1,other,V3,taxi_conventionne,standard_assis,1
R0127,P75,outbound,H1,other,V4,taxi_conventionne,standard_assis,1
R0127,P75,outbound,H1,other,V5,taxi_conventionne,standard_assis,1
R0127,P75,outbound,H1,other,V6,taxi_conventionne,standard_assis,1
R0127,P75,outbound,H1,other,V7,taxi_conventionne,standard_assis,1
R0127,P75,outbound,H1,other,V8,taxi_conventionne,standard_assis,1
R0127,P75,outbound,H1,other,V9,vsl,standard_assis,1
R0127,P75,outbound,H1,other,V10,vsl,standard_assis,1
R0127,P75,outbound,H1,other,V11,vsl,standard_assis,1
R0127,P75,outbound,H1,other,V12,vsl,standard_assis,1
R0127,P75,outbound,H1,other,V13,vsl,standard_assis,1
R0127,P75,outbound,H1,other,V14,vtc_premium,standard_assis,1
R0127,P75,outbound,H1,other,V15,vtc_premium,standard_assis,1
R0128,P75,return,H1,other,V1,taxi_conventionne,standard_assis,1
R0128,P75,return,H1,other,V2,taxi_conventionne,standard_assis,1
R0128,P75,return,H1,other,V3,taxi_conventionne,standard_assis,1
R0128,P75,return,H1,other,V4,taxi_conventionne,standard_assis,1
R0128,P75,return,H1,other,V5,taxi_conventionne,standard_assis,1
R0128,P75,return,H1,other,V6,taxi_conventionne,standard_assis,1
R0128,P75,return,H1,other,V7,taxi_conventionne,standard_assis,1
R0128,P75,return,H1,other,V8,taxi_conventionne,standard_assis,1
R0128,P75,return,H1,other,V9,vsl,standard_assis,1
R0128,P75,return,H1,other,V10,vsl,standard_assis,1
R0128,P75,return,H1,other,V11,vsl,standard_assis,1
R0128,P75,return,H1,other,V12,vsl,standard_assis,1
R0128,P75,return,H1,other,V13,vsl,standard_assis,1
R0128,P75,return,H1,other,V14,vtc_premium,standard_assis,1
R0128,P75,return,H1,other,V15,vtc_premium,standard_assis,1
R0129,P76,outbound,H1,external,V1,taxi_conventionne,prescription_medicale,1
R0129,P76,outbound,H1,external,V2,taxi_conventionne,prescription_medicale,1
R0129,P76,outbound,H1,external,V3,taxi_conventionne,prescription_medicale,1
R0129,P76,outbound,H1,external,V4,taxi_conventionne,prescription_medicale,1
R0129,P76,outbound,H1,external,V5,taxi_conventionne,prescription_medicale,1
R0129,P76,outbound,H1,external,V6,taxi_conventionne,prescription_medicale,1
R0129,P76,outbound,H1,external,V7,taxi_conventionne,prescription_medicale,1
R0129,P76,outbound,H1,external,V8,taxi_conventionne,prescription_medicale,1
R0129,P76,outbound,H1,external,V9,vsl,prescription_medicale,1
R0129,P76,outbound,H1,external,V10,vsl,prescription_medicale,1
R0129,P76,outbound,H1,external,V11,vsl,prescription_medicale,1
R0129,P76,outbound,H1,external,V12,vsl,prescription_medicale,1
R0129,P76,outbound,H1,external,V13,vsl,prescription_medicale,1
R0129,P76,outbound,H1,external,V14,vtc_premium,prescription_medicale,0
R0129,P76,outbound,H1,external,V15,vtc_premium,prescription_medicale,0
R0130,P76,return,H1,external,V1,taxi_conventionne,prescription_medicale,1
R0130,P76,return,H1,external,V2,taxi_conventionne,prescription_medicale,1
R0130,P76,return,H1,external,V3,taxi_conventionne,prescription_medicale,1
R0130,P76,return,H1,external,V4,taxi_conventionne,prescription_medicale,1
R0130,P76,return,H1,external,V5,taxi_conventionne,prescription_medicale,1
R0130,P76,return,H1,external,V6,taxi_conventionne,prescription_medicale,1
R0130,P76,return,H1,external,V7,taxi_conventionne,prescription_medicale,1
R0130,P76,return,H1,external,V8,taxi_conventionne,prescription_medicale,1
R0130,P76,return,H1,external,V9,vsl,prescription_medicale,1
R0130,P76,return,H1,external,V10,vsl,prescription_medicale,1
R0130,P76,return,H1,external,V11,vsl,prescription_medicale,1
R0130,P76,return,H1,external,V12,vsl,prescription_medicale,1
R0130,P76,return,H1,external,V13,vsl,prescription_medicale,1
R0130,P76,return,H1,external,V14,vtc_premium,prescription_medicale,0
R0130,P76,return,H1,external,V15,vtc_premium,prescription_medicale,0
R0131,P77,outbound,H2,other,V1,taxi_conventionne,prescription_medicale,1
R0131,P77,outbound,H2,other,V2,taxi_conventionne,prescription_medicale,1
R0131,P77,outbound,H2,other,V3,taxi_conventionne,prescription_medicale,1
R0131,P77,outbound,H2,other,V4,taxi_conventionne,prescription_medicale,1
R0131,P77,outbound,H2,other,V5,taxi_conventionne,prescription_medicale,1
R0131,P77,outbound,H2,other,V6,taxi_conventionne,prescription_medicale,1
R0131,P77,outbound,H2,other,V7,taxi_conventionne,prescription_medicale,1
R0131,P77,outbound,H2,other,V8,taxi_conventionne,prescription_medicale,1
R0131,P77,outbound,H2,other,V9,vsl,prescription_medicale,1
R0131,P77,outbound,H2,other,V10,vsl,prescription_medicale,1
R0131,P77,outbound,H2,other,V11,vsl,prescription_medicale,1
R0131,P77,outbound,H2,other,V12,vsl,prescription_medicale,1
R0131,P77,outbound,H2,other,V13,vsl,prescription_medicale,1
R0131,P77,outbound,H2,other,V14,vtc_premium,prescription_medicale,0
R0131,P77,outbound,H2,other,V15,vtc_premium,prescription_medicale,0
R0132,P77,return,H2,other,V1,taxi_conventionne,prescription_medicale,1
R0132,P77,return,H2,other,V2,taxi_conventionne,prescription_medicale,1
R0132,P77,return,H2,other,V3,taxi_conventionne,prescription_medicale,1
R0132,P77,return,H2,other,V4,taxi_conventionne,prescription_medicale,1
R0132,P77,return,H2,other,V5,taxi_conventionne,prescription_medicale,1
R0132,P77,return,H2,other,V6,taxi_conventionne,prescription_medicale,1
R0132,P77,return,H2,other,V7,taxi_conventionne,prescription_medicale,1
R0132,P77,return,H2,other,V8,taxi_conventionne,prescription_medicale,1
R0132,P77,return,H2,other,V9,vsl,prescription_medicale,1
R0132,P77,return,H2,other,V10,vsl,prescription_medicale,1
R0132,P77,return,H2,other,V11,vsl,prescription_medicale,1
R0132,P77,return,H2,other,V12,vsl,prescription_medicale,1
R0132,P77,return,H2,other,V13,vsl,prescription_medicale,1
R0132,P77,return,H2,other,V14,vtc_premium,prescription_medicale,0
R0132,P77,return,H2,other,V15,vtc_premium,prescription_medicale,0
R0133,P78,outbound,H1,dialysis,V1,taxi_conventionne,vsl_required,0
R0133,P78,outbound,H1,dialysis,V2,taxi_conventionne,vsl_required,0
R0133,P78,outbound,H1,dialysis,V3,taxi_conventionne,vsl_required,0
R0133,P78,outbound,H1,dialysis,V4,taxi_conventionne,vsl_required,0
R0133,P78,outbound,H1,dialysis,V5,taxi_conventionne,vsl_required,0
R0133,P78,outbound,H1,dialysis,V6,taxi_conventionne,vsl_required,0
R0133,P78,outbound,H1,dialysis,V7,taxi_conventionne,vsl_required,0
R0133,P78,outbound,H1,dialysis,V8,taxi_conventionne,vsl_required,0
R0133,P78,outbound,H1,dialysis,V9,vsl,vsl_required,1
R0133,P78,outbound,H1,dialysis,V10,vsl,vsl_required,1
R0133,P78,outbound,H1,dialysis,V11,vsl,vsl_required,1
R0133,P78,outbound,H1,dialysis,V12,vsl,vsl_required,1
R0133,P78,outbound,H1,dialysis,V13,vsl,vsl_required,1
R0133,P78,outbound,H1,dialysis,V14,vtc_premium,vsl_required,0
R0133,P78,outbound,H1,dialysis,V15,vtc_premium,vsl_required,0
R0134,P78,return,H1,dialysis,V1,taxi_conventionne,vsl_required,0
R0134,P78,return,H1,dialysis,V2,taxi_conventionne,vsl_required,0
R0134,P78,return,H1,dialysis,V3,taxi_conventionne,vsl_required,0
R0134,P78,return,H1,dialysis,V4,taxi_conventionne,vsl_required,0
R0134,P78,return,H1,dialysis,V5,taxi_conventionne,vsl_required,0
R0134,P78,return,H1,dialysis,V6,taxi_conventionne,vsl_required,0
R0134,P78,return,H1,dialysis,V7,taxi_conventionne,vsl_required,0
R0134,P78,return,H1,dialysis,V8,taxi_conventionne,vsl_required,0
R0134,P78,return,H1,dialysis,V9,vsl,vsl_required,1
R0134,P78,return,H1,dialysis,V10,vsl,vsl_required,1
R0134,P78,return,H1,dialysis,V11,vsl,vsl_required,1
R0134,P78,return,H1,dialysis,V12,vsl,vsl_required,1
R0134,P78,return,H1,dialysis,V13,vsl,vsl_required,1
R0134,P78,return,H1,dialysis,V14,vtc_premium,vsl_required,0
R0134,P78,return,H1,dialysis,V15,vtc_premium,vsl_required,0
R0135,P79,outbound,H2,dialysis,V1,taxi_conventionne,prescription_medicale,1
R0135,P79,outbound,H2,dialysis,V2,taxi_conventionne,prescription_medicale,1
R0135,P79,outbound,H2,dialysis,V3,taxi_conventionne,prescription_medicale,1
R0135,P79,outbound,H2,dialysis,V4,taxi_conventionne,prescription_medicale,1
R0135,P79,outbound,H2,dialysis,V5,taxi_conventionne,prescription_medicale,1
R0135,P79,outbound,H2,dialysis,V6,taxi_conventionne,prescription_medicale,1
R0135,P79,outbound,H2,dialysis,V7,taxi_conventionne,prescription_medicale,1
R0135,P79,outbound,H2,dialysis,V8,taxi_conventionne,prescription_medicale,1
R0135,P79,outbound,H2,dialysis,V9,vsl,prescription_medicale,1
R0135,P79,outbound,H2,dialysis,V10,vsl,prescription_medicale,1
R0135,P79,outbound,H2,dialysis,V11,vsl,prescription_medicale,1
R0135,P79,outbound,H2,dialysis,V12,vsl,prescription_medicale,1
R0135,P79,outbound,H2,dialysis,V13,vsl,prescription_medicale,1
R0135,P79,outbound,H2,dialysis,V14,vtc_premium,prescription_medicale,0
R0135,P79,outbound,H2,dialysis,V15,vtc_premium,prescription_medicale,0
R0136,P80,outbound,H1,other,V1,taxi_conventionne,standard_assis,1
R0136,P80,outbound,H1,other,V2,taxi_conventionne,standard_assis,1
R0136,P80,outbound,H1,other,V3,taxi_conventionne,standard_assis,1
R0136,P80,outbound,H1,other,V4,taxi_conventionne,standard_assis,1
R0136,P80,outbound,H1,other,V5,taxi_conventionne,standard_assis,1
R0136,P80,outbound,H1,other,V6,taxi_conventionne,standard_assis,1
R0136,P80,outbound,H1,other,V7,taxi_conventionne,standard_assis,1
R0136,P80,outbound,H1,other,V8,taxi_conventionne,standard_assis,1
R0136,P80,outbound,H1,other,V9,vsl,standard_assis,1
R0136,P80,outbound,H1,other,V10,vsl,standard_assis,1
R0136,P80,outbound,H1,other,V11,vsl,standard_assis,1
R0136,P80,outbound,H1,other,V12,vsl,standard_assis,1
R0136,P80,outbound,H1,other,V13,vsl,standard_assis,1
R0136,P80,outbound,H1,other,V14,vtc_premium,standard_assis,1
R0136,P80,outbound,H1,other,V15,vtc_premium,standard_assis,1
R0137,P80,return,H1,other,V1,taxi_conventionne,standard_assis,1
R0137,P80,return,H1,other,V2,taxi_conventionne,standard_assis,1
R0137,P80,return,H1,other,V3,taxi_conventionne,standard_assis,1
R0137,P80,return,H1,other,V4,taxi_conventionne,standard_assis,1
R0137,P80,return,H1,other,V5,taxi_conventionne,standard_assis,1
R0137,P80,return,H1,other,V6,taxi_conventionne,standard_assis,1
R0137,P80,return,H1,other,V7,taxi_conventionne,standard_assis,1
R0137,P80,return,H1,other,V8,taxi_conventionne,standard_assis,1
R0137,P80,return,H1,other,V9,vsl,standard_assis,1
R0137,P80,return,H1,other,V10,vsl,standard_assis,1
R0137,P80,return,H1,other,V11,vsl,standard_assis,1
R0137,P80,return,H1,other,V12,vsl,standard_assis,1
R0137,P80,return,H1,other,V13,vsl,standard_assis,1
R0137,P80,return,H1,other,V14,vtc_premium,standard_assis,1
R0137,P80,return,H1,other,V15,vtc_premium,standard_assis,1
R0138,P81,outbound,H2,other,V1,taxi_conventionne,standard_assis,1
R0138,P81,outbound,H2,other,V2,taxi_conventionne,standard_assis,1
R0138,P81,outbound,H2,other,V3,taxi_conventionne,standard_assis,1
R0138,P81,outbound,H2,other,V4,taxi_conventionne,standard_assis,1
R0138,P81,outbound,H2,other,V5,taxi_conventionne,standard_assis,1
R0138,P81,outbound,H2,other,V6,taxi_conventionne,standard_assis,1
R0138,P81,outbound,H2,other,V7,taxi_conventionne,standard_assis,1
R0138,P81,outbound,H2,other,V8,taxi_conventionne,standard_assis,1
R0138,P81,outbound,H2,other,V9,vsl,standard_assis,1
R0138,P81,outbound,H2,other,V10,vsl,standard_assis,1
R0138,P81,outbound,H2,other,V11,vsl,standard_assis,1
R0138,P81,outbound,H2,other,V12,vsl,standard_assis,1
R0138,P81,outbound,H2,other,V13,vsl,standard_assis,1
R0138,P81,outbound,H2,other,V14,vtc_premium,standard_assis,1
R0138,P81,outbound,H2,other,V15,vtc_premium,standard_assis,1
R0139,P81,return,H2,other,V1,taxi_conventionne,standard_assis,1
R0139,P81,return,H2,other,V2,taxi_conventionne,standard_assis,1
R0139,P81,return,H2,other,V3,taxi_conventionne,standard_assis,1
R0139,P81,return,H2,other,V4,taxi_conventionne,standard_assis,1
R0139,P81,return,H2,other,V5,taxi_conventionne,standard_assis,1
R0139,P81,return,H2,other,V6,taxi_conventionne,standard_assis,1
R0139,P81,return,H2,other,V7,taxi_conventionne,standard_assis,1
R0139,P81,return,H2,other,V8,taxi_conventionne,standard_assis,1
R0139,P81,return,H2,other,V9,vsl,standard_assis,1
R0139,P81,return,H2,other,V10,vsl,standard_assis,1
R0139,P81,return,H2,other,V11,vsl,standard_assis,1
R0139,P81,return,H2,other,V12,vsl,standard_assis,1
R0139,P81,return,H2,other,V13,vsl,standard_assis,1
R0139,P81,return,H2,other,V14,vtc_premium,standard_assis,1
R0139,P81,return,H2,other,V15,vtc_premium,standard_assis,1
R0140,P82,outbound,H1,oncology,V1,taxi_conventionne,prescription_medicale,1
R0140,P82,outbound,H1,oncology,V2,taxi_conventionne,prescription_medicale,1
R0140,P82,outbound,H1,oncology,V3,taxi_conventionne,prescription_medicale,1
R0140,P82,outbound,H1,oncology,V4,taxi_conventionne,prescription_medicale,1
R0140,P82,outbound,H1,oncology,V5,taxi_conventionne,prescription_medicale,1
R0140,P82,outbound,H1,oncology,V6,taxi_conventionne,prescription_medicale,1
R0140,P82,outbound,H1,oncology,V7,taxi_conventionne,prescription_medicale,1
R0140,P82,outbound,H1,oncology,V8,taxi_conventionne,prescription_medicale,1
R0140,P82,outbound,H1,oncology,V9,vsl,prescription_medicale,1
R0140,P82,outbound,H1,oncology,V10,vsl,prescription_medicale,1
R0140,P82,outbound,H1,oncology,V11,vsl,prescription_medicale,1
R0140,P82,outbound,H1,oncology,V12,vsl,prescription_medicale,1
R0140,P82,outbound,H1,oncology,V13,vsl,prescription_medicale,1
R0140,P82,outbound,H1,oncology,V14,vtc_premium,prescription_medicale,0
R0140,P82,outbound,H1,oncology,V15,vtc_premium,prescription_medicale,0
R0141,P82,return,H1,oncology,V1,taxi_conventionne,prescription_medicale,1
R0141,P82,return,H1,oncology,V2,taxi_conventionne,prescription_medicale,1
R0141,P82,return,H1,oncology,V3,taxi_conventionne,prescription_medicale,1
R0141,P82,return,H1,oncology,V4,taxi_conventionne,prescription_medicale,1
R0141,P82,return,H1,oncology,V5,taxi_conventionne,prescription_medicale,1
R0141,P82,return,H1,oncology,V6,taxi_conventionne,prescription_medicale,1
R0141,P82,return,H1,oncology,V7,taxi_conventionne,prescription_medicale,1
R0141,P82,return,H1,oncology,V8,taxi_conventionne,prescription_medicale,1
R0141,P82,return,H1,oncology,V9,vsl,prescription_medicale,1
R0141,P82,return,H1,oncology,V10,vsl,prescription_medicale,1
R0141,P82,return,H1,oncology,V11,vsl,prescription_medicale,1
R0141,P82,return,H1,oncology,V12,vsl,prescription_medicale,1
R0141,P82,return,H1,oncology,V13,vsl,prescription_medicale,1
R0141,P82,return,H1,oncology,V14,vtc_premium,prescription_medicale,0
R0141,P82,return,H1,oncology,V15,vtc_premium,prescription_medicale,0
R0142,P83,outbound,H2,dialysis,V1,taxi_conventionne,vsl_required,0
R0142,P83,outbound,H2,dialysis,V2,taxi_conventionne,vsl_required,0
R0142,P83,outbound,H2,dialysis,V3,taxi_conventionne,vsl_required,0
R0142,P83,outbound,H2,dialysis,V4,taxi_conventionne,vsl_required,0
R0142,P83,outbound,H2,dialysis,V5,taxi_conventionne,vsl_required,0
R0142,P83,outbound,H2,dialysis,V6,taxi_conventionne,vsl_required,0
R0142,P83,outbound,H2,dialysis,V7,taxi_conventionne,vsl_required,0
R0142,P83,outbound,H2,dialysis,V8,taxi_conventionne,vsl_required,0
R0142,P83,outbound,H2,dialysis,V9,vsl,vsl_required,1
R0142,P83,outbound,H2,dialysis,V10,vsl,vsl_required,1
R0142,P83,outbound,H2,dialysis,V11,vsl,vsl_required,1
R0142,P83,outbound,H2,dialysis,V12,vsl,vsl_required,1
R0142,P83,outbound,H2,dialysis,V13,vsl,vsl_required,1
R0142,P83,outbound,H2,dialysis,V14,vtc_premium,vsl_required,0
R0142,P83,outbound,H2,dialysis,V15,vtc_premium,vsl_required,0
R0143,P84,outbound,H1,oncology,V1,taxi_conventionne,vsl_required,0
R0143,P84,outbound,H1,oncology,V2,taxi_conventionne,vsl_required,0
R0143,P84,outbound,H1,oncology,V3,taxi_conventionne,vsl_required,0
R0143,P84,outbound,H1,oncology,V4,taxi_conventionne,vsl_required,0
R0143,P84,outbound,H1,oncology,V5,taxi_conventionne,vsl_required,0
R0143,P84,outbound,H1,oncology,V6,taxi_conventionne,vsl_required,0
R0143,P84,outbound,H1,oncology,V7,taxi_conventionne,vsl_required,0
R0143,P84,outbound,H1,oncology,V8,taxi_conventionne,vsl_required,0
R0143,P84,outbound,H1,oncology,V9,vsl,vsl_required,1
R0143,P84,outbound,H1,oncology,V10,vsl,vsl_required,1
R0143,P84,outbound,H1,oncology,V11,vsl,vsl_required,1
R0143,P84,outbound,H1,oncology,V12,vsl,vsl_required,1
R0143,P84,outbound,H1,oncology,V13,vsl,vsl_required,1
R0143,P84,outbound,H1,oncology,V14,vtc_premium,vsl_required,0
R0143,P84,outbound,H1,oncology,V15,vtc_premium,vsl_required,0
R0144,P84,return,H1,oncology,V1,taxi_conventionne,vsl_required,0
R0144,P84,return,H1,oncology,V2,taxi_conventionne,vsl_required,0
R0144,P84,return,H1,oncology,V3,taxi_conventionne,vsl_required,0
R0144,P84,return,H1,oncology,V4,taxi_conventionne,vsl_required,0
R0144,P84,return,H1,oncology,V5,taxi_conventionne,vsl_required,0
R0144,P84,return,H1,oncology,V6,taxi_conventionne,vsl_required,0
R0144,P84,return,H1,oncology,V7,taxi_conventionne,vsl_required,0
R0144,P84,return,H1,oncology,V8,taxi_conventionne,vsl_required,0
R0144,P84,return,H1,oncology,V9,vsl,vsl_required,1
R0144,P84,return,H1,oncology,V10,vsl,vsl_required,1
R0144,P84,return,H1,oncology,V11,vsl,vsl_required,1
R0144,P84,return,H1,oncology,V12,vsl,vsl_required,1
R0144,P84,return,H1,oncology,V13,vsl,vsl_required,1
R0144,P84,return,H1,oncology,V14,vtc_premium,vsl_required,0
R0144,P84,return,H1,oncology,V15,vtc_premium,vsl_required,0
R0145,P85,outbound,H1,dialysis,V1,taxi_conventionne,vsl_required,0
R0145,P85,outbound,H1,dialysis,V2,taxi_conventionne,vsl_required,0
R0145,P85,outbound,H1,dialysis,V3,taxi_conventionne,vsl_required,0
R0145,P85,outbound,H1,dialysis,V4,taxi_conventionne,vsl_required,0
R0145,P85,outbound,H1,dialysis,V5,taxi_conventionne,vsl_required,0
R0145,P85,outbound,H1,dialysis,V6,taxi_conventionne,vsl_required,0
R0145,P85,outbound,H1,dialysis,V7,taxi_conventionne,vsl_required,0
R0145,P85,outbound,H1,dialysis,V8,taxi_conventionne,vsl_required,0
R0145,P85,outbound,H1,dialysis,V9,vsl,vsl_required,1
R0145,P85,outbound,H1,dialysis,V10,vsl,vsl_required,1
R0145,P85,outbound,H1,dialysis,V11,vsl,vsl_required,1
R0145,P85,outbound,H1,dialysis,V12,vsl,vsl_required,1
R0145,P85,outbound,H1,dialysis,V13,vsl,vsl_required,1
R0145,P85,outbound,H1,dialysis,V14,vtc_premium,vsl_required,0
R0145,P85,outbound,H1,dialysis,V15,vtc_premium,vsl_required,0
R0146,P86,outbound,H2,other,V1,taxi_conventionne,standard_assis,1
R0146,P86,outbound,H2,other,V2,taxi_conventionne,standard_assis,1
R0146,P86,outbound,H2,other,V3,taxi_conventionne,standard_assis,1
R0146,P86,outbound,H2,other,V4,taxi_conventionne,standard_assis,1
R0146,P86,outbound,H2,other,V5,taxi_conventionne,standard_assis,1
R0146,P86,outbound,H2,other,V6,taxi_conventionne,standard_assis,1
R0146,P86,outbound,H2,other,V7,taxi_conventionne,standard_assis,1
R0146,P86,outbound,H2,other,V8,taxi_conventionne,standard_assis,1
R0146,P86,outbound,H2,other,V9,vsl,standard_assis,1
R0146,P86,outbound,H2,other,V10,vsl,standard_assis,1
R0146,P86,outbound,H2,other,V11,vsl,standard_assis,1
R0146,P86,outbound,H2,other,V12,vsl,standard_assis,1
R0146,P86,outbound,H2,other,V13,vsl,standard_assis,1
R0146,P86,outbound,H2,other,V14,vtc_premium,standard_assis,1
R0146,P86,outbound,H2,other,V15,vtc_premium,standard_assis,1
R0147,P87,outbound,H2,other,V1,taxi_conventionne,standard_assis,1
R0147,P87,outbound,H2,other,V2,taxi_conventionne,standard_assis,1
R0147,P87,outbound,H2,other,V3,taxi_conventionne,standard_assis,1
R0147,P87,outbound,H2,other,V4,taxi_conventionne,standard_assis,1
R0147,P87,outbound,H2,other,V5,taxi_conventionne,standard_assis,1
R0147,P87,outbound,H2,other,V6,taxi_conventionne,standard_assis,1
R0147,P87,outbound,H2,other,V7,taxi_conventionne,standard_assis,1
R0147,P87,outbound,H2,other,V8,taxi_conventionne,standard_assis,1
R0147,P87,outbound,H2,other,V9,vsl,standard_assis,1
R0147,P87,outbound,H2,other,V10,vsl,standard_assis,1
R0147,P87,outbound,H2,other,V11,vsl,standard_assis,1
R0147,P87,outbound,H2,other,V12,vsl,standard_assis,1
R0147,P87,outbound,H2,other,V13,vsl,standard_assis,1
R0147,P87,outbound,H2,other,V14,vtc_premium,standard_assis,1
R0147,P87,outbound,H2,other,V15,vtc_premium,standard_assis,1
R0148,P87,return,H2,other,V1,taxi_conventionne,standard_assis,1
R0148,P87,return,H2,other,V2,taxi_conventionne,standard_assis,1
R0148,P87,return,H2,other,V3,taxi_conventionne,standard_assis,1
R0148,P87,return,H2,other,V4,taxi_conventionne,standard_assis,1
R0148,P87,return,H2,other,V5,taxi_conventionne,standard_assis,1
R0148,P87,return,H2,other,V6,taxi_conventionne,standard_assis,1
R0148,P87,return,H2,other,V7,taxi_conventionne,standard_assis,1
R0148,P87,return,H2,other,V8,taxi_conventionne,standard_assis,1
R0148,P87,return,H2,other,V9,vsl,standard_assis,1
R0148,P87,return,H2,other,V10,vsl,standard_assis,1
R0148,P87,return,H2,other,V11,vsl,standard_assis,1
R0148,P87,return,H2,other,V12,vsl,standard_assis,1
R0148,P87,return,H2,other,V13,vsl,standard_assis,1
R0148,P87,return,H2,other,V14,vtc_premium,standard_assis,1
R0148,P87,return,H2,other,V15,vtc_premium,standard_assis,1
R0149,P88,outbound,H1,other,V1,taxi_conventionne,prescription_medicale,1
R0149,P88,outbound,H1,other,V2,taxi_conventionne,prescription_medicale,1
R0149,P88,outbound,H1,other,V3,taxi_conventionne,prescription_medicale,1
R0149,P88,outbound,H1,other,V4,taxi_conventionne,prescription_medicale,1
R0149,P88,outbound,H1,other,V5,taxi_conventionne,prescription_medicale,1
R0149,P88,outbound,H1,other,V6,taxi_conventionne,prescription_medicale,1
R0149,P88,outbound,H1,other,V7,taxi_conventionne,prescription_medicale,1
R0149,P88,outbound,H1,other,V8,taxi_conventionne,prescription_medicale,1
R0149,P88,outbound,H1,other,V9,vsl,prescription_medicale,1
R0149,P88,outbound,H1,other,V10,vsl,prescription_medicale,1
R0149,P88,outbound,H1,other,V11,vsl,prescription_medicale,1
R0149,P88,outbound,H1,other,V12,vsl,prescription_medicale,1
R0149,P88,outbound,H1,other,V13,vsl,prescription_medicale,1
R0149,P88,outbound,H1,other,V14,vtc_premium,prescription_medicale,0
R0149,P88,outbound,H1,other,V15,vtc_premium,prescription_medicale,0
R0150,P88,return,H1,other,V1,taxi_conventionne,prescription_medicale,1
R0150,P88,return,H1,other,V2,taxi_conventionne,prescription_medicale,1
R0150,P88,return,H1,other,V3,taxi_conventionne,prescription_medicale,1
R0150,P88,return,H1,other,V4,taxi_conventionne,prescription_medicale,1
R0150,P88,return,H1,other,V5,taxi_conventionne,prescription_medicale,1
R0150,P88,return,H1,other,V6,taxi_conventionne,prescription_medicale,1
R0150,P88,return,H1,other,V7,taxi_conventionne,prescription_medicale,1
R0150,P88,return,H1,other,V8,taxi_conventionne,prescription_medicale,1
R0150,P88,return,H1,other,V9,vsl,prescription_medicale,1
R0150,P88,return,H1,other,V10,vsl,prescription_medicale,1
R0150,P88,return,H1,other,V11,vsl,prescription_medicale,1
R0150,P88,return,H1,other,V12,vsl,prescription_medicale,1
R0150,P88,return,H1,other,V13,vsl,prescription_medicale,1
R0150,P88,return,H1,other,V14,vtc_premium,prescription_medicale,0
R0150,P88,return,H1,other,V15,vtc_premium,prescription_medicale,0
R0151,P89,outbound,H1,oncology,V1,taxi_conventionne,prescription_medicale,1
R0151,P89,outbound,H1,oncology,V2,taxi_conventionne,prescription_medicale,1
R0151,P89,outbound,H1,oncology,V3,taxi_conventionne,prescription_medicale,1
R0151,P89,outbound,H1,oncology,V4,taxi_conventionne,prescription_medicale,1
R0151,P89,outbound,H1,oncology,V5,taxi_conventionne,prescription_medicale,1
R0151,P89,outbound,H1,oncology,V6,taxi_conventionne,prescription_medicale,1
R0151,P89,outbound,H1,oncology,V7,taxi_conventionne,prescription_medicale,1
R0151,P89,outbound,H1,oncology,V8,taxi_conventionne,prescription_medicale,1
R0151,P89,outbound,H1,oncology,V9,vsl,prescription_medicale,1
R0151,P89,outbound,H1,oncology,V10,vsl,prescription_medicale,1
R0151,P89,outbound,H1,oncology,V11,vsl,prescription_medicale,1
R0151,P89,outbound,H1,oncology,V12,vsl,prescription_medicale,1
R0151,P89,outbound,H1,oncology,V13,vsl,prescription_medicale,1
R0151,P89,outbound,H1,oncology,V14,vtc_premium,prescription_medicale,0
R0151,P89,outbound,H1,oncology,V15,vtc_premium,prescription_medicale,0
R0152,P89,return,H1,oncology,V1,taxi_conventionne,prescription_medicale,1
R0152,P89,return,H1,oncology,V2,taxi_conventionne,prescription_medicale,1
R0152,P89,return,H1,oncology,V3,taxi_conventionne,prescription_medicale,1
R0152,P89,return,H1,oncology,V4,taxi_conventionne,prescription_medicale,1
R0152,P89,return,H1,oncology,V5,taxi_conventionne,prescription_medicale,1
R0152,P89,return,H1,oncology,V6,taxi_conventionne,prescription_medicale,1
R0152,P89,return,H1,oncology,V7,taxi_conventionne,prescription_medicale,1
R0152,P89,return,H1,oncology,V8,taxi_conventionne,prescription_medicale,1
R0152,P89,return,H1,oncology,V9,vsl,prescription_medicale,1
R0152,P89,return,H1,oncology,V10,vsl,prescription_medicale,1
R0152,P89,return,H1,oncology,V11,vsl,prescription_medicale,1
R0152,P89,return,H1,oncology,V12,vsl,prescription_medicale,1
R0152,P89,return,H1,oncology,V13,vsl,prescription_medicale,1
R0152,P89,return,H1,oncology,V14,vtc_premium,prescription_medicale,0
R0152,P89,return,H1,oncology,V15,vtc_premium,prescription_medicale,0
R0153,P90,outbound,H1,other,V1,taxi_conventionne,standard_assis,1
R0153,P90,outbound,H1,other,V2,taxi_conventionne,standard_assis,1
R0153,P90,outbound,H1,other,V3,taxi_conventionne,standard_assis,1
R0153,P90,outbound,H1,other,V4,taxi_conventionne,standard_assis,1
R0153,P90,outbound,H1,other,V5,taxi_conventionne,standard_assis,1
R0153,P90,outbound,H1,other,V6,taxi_conventionne,standard_assis,1
R0153,P90,outbound,H1,other,V7,taxi_conventionne,standard_assis,1
R0153,P90,outbound,H1,other,V8,taxi_conventionne,standard_assis,1
R0153,P90,outbound,H1,other,V9,vsl,standard_assis,1
R0153,P90,outbound,H1,other,V10,vsl,standard_assis,1
R0153,P90,outbound,H1,other,V11,vsl,standard_assis,1
R0153,P90,outbound,H1,other,V12,vsl,standard_assis,1
R0153,P90,outbound,H1,other,V13,vsl,standard_assis,1
R0153,P90,outbound,H1,other,V14,vtc_premium,standard_assis,1
R0153,P90,outbound,H1,other,V15,vtc_premium,standard_assis,1
R0154,P90,return,H1,other,V1,taxi_conventionne,standard_assis,1
R0154,P90,return,H1,other,V2,taxi_conventionne,standard_assis,1
R0154,P90,return,H1,other,V3,taxi_conventionne,standard_assis,1
R0154,P90,return,H1,other,V4,taxi_conventionne,standard_assis,1
R0154,P90,return,H1,other,V5,taxi_conventionne,standard_assis,1
R0154,P90,return,H1,other,V6,taxi_conventionne,standard_assis,1
R0154,P90,return,H1,other,V7,taxi_conventionne,standard_assis,1
R0154,P90,return,H1,other,V8,taxi_conventionne,standard_assis,1
R0154,P90,return,H1,other,V9,vsl,standard_assis,1
R0154,P90,return,H1,other,V10,vsl,standard_assis,1
R0154,P90,return,H1,other,V11,vsl,standard_assis,1
R0154,P90,return,H1,other,V12,vsl,standard_assis,1
R0154,P90,return,H1,other,V13,vsl,standard_assis,1
R0154,P90,return,H1,other,V14,vtc_premium,standard_assis,1
R0154,P90,return,H1,other,V15,vtc_premium,standard_assis,1
R0155,P91,outbound,H1,oncology,V1,taxi_conventionne,prescription_medicale,1
R0155,P91,outbound,H1,oncology,V2,taxi_conventionne,prescription_medicale,1
R0155,P91,outbound,H1,oncology,V3,taxi_conventionne,prescription_medicale,1
R0155,P91,outbound,H1,oncology,V4,taxi_conventionne,prescription_medicale,1
R0155,P91,outbound,H1,oncology,V5,taxi_conventionne,prescription_medicale,1
R0155,P91,outbound,H1,oncology,V6,taxi_conventionne,prescription_medicale,1
R0155,P91,outbound,H1,oncology,V7,taxi_conventionne,prescription_medicale,1
R0155,P91,outbound,H1,oncology,V8,taxi_conventionne,prescription_medicale,1
R0155,P91,outbound,H1,oncology,V9,vsl,prescription_medicale,1
R0155,P91,outbound,H1,oncology,V10,vsl,prescription_medicale,1
R0155,P91,outbound,H1,oncology,V11,vsl,prescription_medicale,1
R0155,P91,outbound,H1,oncology,V12,vsl,prescription_medicale,1
R0155,P91,outbound,H1,oncology,V13,vsl,prescription_medicale,1
R0155,P91,outbound,H1,oncology,V14,vtc_premium,prescription_medicale,0
R0155,P91,outbound,H1,oncology,V15,vtc_premium,prescription_medicale,0
R0156,P91,return,H1,oncology,V1,taxi_conventionne,prescription_medicale,1
R0156,P91,return,H1,oncology,V2,taxi_conventionne,prescription_medicale,1
R0156,P91,return,H1,oncology,V3,taxi_conventionne,prescription_medicale,1
R0156,P91,return,H1,oncology,V4,taxi_conventionne,prescription_medicale,1
R0156,P91,return,H1,oncology,V5,taxi_conventionne,prescription_medicale,1
R0156,P91,return,H1,oncology,V6,taxi_conventionne,prescription_medicale,1
R0156,P91,return,H1,oncology,V7,taxi_conventionne,prescription_medicale,1
R0156,P91,return,H1,oncology,V8,taxi_conventionne,prescription_medicale,1
R0156,P91,return,H1,oncology,V9,vsl,prescription_medicale,1
R0156,P91,return,H1,oncology,V10,vsl,prescription_medicale,1
R0156,P91,return,H1,oncology,V11,vsl,prescription_medicale,1
R0156,P91,return,H1,oncology,V12,vsl,prescription_medicale,1
R0156,P91,return,H1,oncology,V13,vsl,prescription_medicale,1
R0156,P91,return,H1,oncology,V14,vtc_premium,prescription_medicale,0
R0156,P91,return,H1,oncology,V15,vtc_premium,prescription_medicale,0
R0157,P92,outbound,H2,other,V1,taxi_conventionne,premium,1
R0157,P92,outbound,H2,other,V2,taxi_conventionne,premium,1
R0157,P92,outbound,H2,other,V3,taxi_conventionne,premium,1
R0157,P92,outbound,H2,other,V4,taxi_conventionne,premium,1
R0157,P92,outbound,H2,other,V5,taxi_conventionne,premium,1
R0157,P92,outbound,H2,other,V6,taxi_conventionne,premium,1
R0157,P92,outbound,H2,other,V7,taxi_conventionne,premium,1
R0157,P92,outbound,H2,other,V8,taxi_conventionne,premium,1
R0157,P92,outbound,H2,other,V9,vsl,premium,0
R0157,P92,outbound,H2,other,V10,vsl,premium,0
R0157,P92,outbound,H2,other,V11,vsl,premium,0
R0157,P92,outbound,H2,other,V12,vsl,premium,0
R0157,P92,outbound,H2,other,V13,vsl,premium,0
R0157,P92,outbound,H2,other,V14,vtc_premium,premium,1
R0157,P92,outbound,H2,other,V15,vtc_premium,premium,1
R0158,P92,return,H2,other,V1,taxi_conventionne,premium,1
R0158,P92,return,H2,other,V2,taxi_conventionne,premium,1
R0158,P92,return,H2,other,V3,taxi_conventionne,premium,1
R0158,P92,return,H2,other,V4,taxi_conventionne,premium,1
R0158,P92,return,H2,other,V5,taxi_conventionne,premium,1
R0158,P92,return,H2,other,V6,taxi_conventionne,premium,1
R0158,P92,return,H2,other,V7,taxi_conventionne,premium,1
R0158,P92,return,H2,other,V8,taxi_conventionne,premium,1
R0158,P92,return,H2,other,V9,vsl,premium,0
R0158,P92,return,H2,other,V10,vsl,premium,0
R0158,P92,return,H2,other,V11,vsl,premium,0
R0158,P92,return,H2,other,V12,vsl,premium,0
R0158,P92,return,H2,other,V13,vsl,premium,0
R0158,P92,return,H2,other,V14,vtc_premium,premium,1
R0158,P92,return,H2,other,V15,vtc_premium,premium,1
R0159,P93,outbound,H1,other,V1,taxi_conventionne,standard_assis,1
R0159,P93,outbound,H1,other,V2,taxi_conventionne,standard_assis,1
R0159,P93,outbound,H1,other,V3,taxi_conventionne,standard_assis,1
R0159,P93,outbound,H1,other,V4,taxi_conventionne,standard_assis,1
R0159,P93,outbound,H1,other,V5,taxi_conventionne,standard_assis,1
R0159,P93,outbound,H1,other,V6,taxi_conventionne,standard_assis,1
R0159,P93,outbound,H1,other,V7,taxi_conventionne,standard_assis,1
R0159,P93,outbound,H1,other,V8,taxi_conventionne,standard_assis,1
R0159,P93,outbound,H1,other,V9,vsl,standard_assis,1
R0159,P93,outbound,H1,other,V10,vsl,standard_assis,1
R0159,P93,outbound,H1,other,V11,vsl,standard_assis,1
R0159,P93,outbound,H1,other,V12,vsl,standard_assis,1
R0159,P93,outbound,H1,other,V13,vsl,standard_assis,1
R0159,P93,outbound,H1,other,V14,vtc_premium,standard_assis,1
R0159,P93,outbound,H1,other,V15,vtc_premium,standard_assis,1
R0160,P93,return,H1,other,V1,taxi_conventionne,standard_assis,1
R0160,P93,return,H1,other,V2,taxi_conventionne,standard_assis,1
R0160,P93,return,H1,other,V3,taxi_conventionne,standard_assis,1
R0160,P93,return,H1,other,V4,taxi_conventionne,standard_assis,1
R0160,P93,return,H1,other,V5,taxi_conventionne,standard_assis,1
R0160,P93,return,H1,other,V6,taxi_conventionne,standard_assis,1
R0160,P93,return,H1,other,V7,taxi_conventionne,standard_assis,1
R0160,P93,return,H1,other,V8,taxi_conventionne,standard_assis,1
R0160,P93,return,H1,other,V9,vsl,standard_assis,1
R0160,P93,return,H1,other,V10,vsl,standard_assis,1
R0160,P93,return,H1,other,V11,vsl,standard_assis,1
R0160,P93,return,H1,other,V12,vsl,standard_assis,1
R0160,P93,return,H1,other,V13,vsl,standard_assis,1
R0160,P93,return,H1,other,V14,vtc_premium,standard_assis,1
R0160,P93,return,H1,other,V15,vtc_premium,standard_assis,1
R0161,P94,outbound,H1,other,V1,taxi_conventionne,prescription_medicale,1
R0161,P94,outbound,H1,other,V2,taxi_conventionne,prescription_medicale,1
R0161,P94,outbound,H1,other,V3,taxi_conventionne,prescription_medicale,1
R0161,P94,outbound,H1,other,V4,taxi_conventionne,prescription_medicale,1
R0161,P94,outbound,H1,other,V5,taxi_conventionne,prescription_medicale,1
R0161,P94,outbound,H1,other,V6,taxi_conventionne,prescription_medicale,1
R0161,P94,outbound,H1,other,V7,taxi_conventionne,prescription_medicale,1
R0161,P94,outbound,H1,other,V8,taxi_conventionne,prescription_medicale,1
R0161,P94,outbound,H1,other,V9,vsl,prescription_medicale,1
R0161,P94,outbound,H1,other,V10,vsl,prescription_medicale,1
R0161,P94,outbound,H1,other,V11,vsl,prescription_medicale,1
R0161,P94,outbound,H1,other,V12,vsl,prescription_medicale,1
R0161,P94,outbound,H1,other,V13,vsl,prescription_medicale,1
R0161,P94,outbound,H1,other,V14,vtc_premium,prescription_medicale,0
R0161,P94,outbound,H1,other,V15,vtc_premium,prescription_medicale,0
R0162,P94,return,H1,other,V1,taxi_conventionne,prescription_medicale,1
R0162,P94,return,H1,other,V2,taxi_conventionne,prescription_medicale,1
R0162,P94,return,H1,other,V3,taxi_conventionne,prescription_medicale,1
R0162,P94,return,H1,other,V4,taxi_conventionne,prescription_medicale,1
R0162,P94,return,H1,other,V5,taxi_conventionne,prescription_medicale,1
R0162,P94,return,H1,other,V6,taxi_conventionne,prescription_medicale,1
R0162,P94,return,H1,other,V7,taxi_conventionne,prescription_medicale,1
R0162,P94,return,H1,other,V8,taxi_conventionne,prescription_medicale,1
R0162,P94,return,H1,other,V9,vsl,prescription_medicale,1
R0162,P94,return,H1,other,V10,vsl,prescription_medicale,1
R0162,P94,return,H1,other,V11,vsl,prescription_medicale,1
R0162,P94,return,H1,other,V12,vsl,prescription_medicale,1
R0162,P94,return,H1,other,V13,vsl,prescription_medicale,1
R0162,P94,return,H1,other,V14,vtc_premium,prescription_medicale,0
R0162,P94,return,H1,other,V15,vtc_premium,prescription_medicale,0
R0163,P95,outbound,H1,external,V1,taxi_conventionne,standard_assis,1
R0163,P95,outbound,H1,external,V2,taxi_conventionne,standard_assis,1
R0163,P95,outbound,H1,external,V3,taxi_conventionne,standard_assis,1
R0163,P95,outbound,H1,external,V4,taxi_conventionne,standard_assis,1
R0163,P95,outbound,H1,external,V5,taxi_conventionne,standard_assis,1
R0163,P95,outbound,H1,external,V6,taxi_conventionne,standard_assis,1
R0163,P95,outbound,H1,external,V7,taxi_conventionne,standard_assis,1
R0163,P95,outbound,H1,external,V8,taxi_conventionne,standard_assis,1
R0163,P95,outbound,H1,external,V9,vsl,standard_assis,1
R0163,P95,outbound,H1,external,V10,vsl,standard_assis,1
R0163,P95,outbound,H1,external,V11,vsl,standard_assis,1
R0163,P95,outbound,H1,external,V12,vsl,standard_assis,1
R0163,P95,outbound,H1,external,V13,vsl,standard_assis,1
R0163,P95,outbound,H1,external,V14,vtc_premium,standard_assis,1
R0163,P95,outbound,H1,external,V15,vtc_premium,standard_assis,1
R0164,P95,return,H1,external,V1,taxi_conventionne,standard_assis,1
R0164,P95,return,H1,external,V2,taxi_conventionne,standard_assis,1
R0164,P95,return,H1,external,V3,taxi_conventionne,standard_assis,1
R0164,P95,return,H1,external,V4,taxi_conventionne,standard_assis,1
R0164,P95,return,H1,external,V5,taxi_conventionne,standard_assis,1
R0164,P95,return,H1,external,V6,taxi_conventionne,standard_assis,1
R0164,P95,return,H1,external,V7,taxi_conventionne,standard_assis,1
R0164,P95,return,H1,external,V8,taxi_conventionne,standard_assis,1
R0164,P95,return,H1,external,V9,vsl,standard_assis,1
R0164,P95,return,H1,external,V10,vsl,standard_assis,1
R0164,P95,return,H1,external,V11,vsl,standard_assis,1
R0164,P95,return,H1,external,V12,vsl,standard_assis,1
R0164,P95,return,H1,external,V13,vsl,standard_assis,1
R0164,P95,return,H1,external,V14,vtc_premium,standard_assis,1
R0164,P95,return,H1,external,V15,vtc_premium,standard_assis,1
R0165,P96,outbound,H1,oncology,V1,taxi_conventionne,standard_assis,1
R0165,P96,outbound,H1,oncology,V2,taxi_conventionne,standard_assis,1
R0165,P96,outbound,H1,oncology,V3,taxi_conventionne,standard_assis,1
R0165,P96,outbound,H1,oncology,V4,taxi_conventionne,standard_assis,1
R0165,P96,outbound,H1,oncology,V5,taxi_conventionne,standard_assis,1
R0165,P96,outbound,H1,oncology,V6,taxi_conventionne,standard_assis,1
R0165,P96,outbound,H1,oncology,V7,taxi_conventionne,standard_assis,1
R0165,P96,outbound,H1,oncology,V8,taxi_conventionne,standard_assis,1
R0165,P96,outbound,H1,oncology,V9,vsl,standard_assis,1
R0165,P96,outbound,H1,oncology,V10,vsl,standard_assis,1
R0165,P96,outbound,H1,oncology,V11,vsl,standard_assis,1
R0165,P96,outbound,H1,oncology,V12,vsl,standard_assis,1
R0165,P96,outbound,H1,oncology,V13,vsl,standard_assis,1
R0165,P96,outbound,H1,oncology,V14,vtc_premium,standard_assis,1
R0165,P96,outbound,H1,oncology,V15,vtc_premium,standard_assis,1
R0166,P96,return,H1,oncology,V1,taxi_conventionne,standard_assis,1
R0166,P96,return,H1,oncology,V2,taxi_conventionne,standard_assis,1
R0166,P96,return,H1,oncology,V3,taxi_conventionne,standard_assis,1
R0166,P96,return,H1,oncology,V4,taxi_conventionne,standard_assis,1
R0166,P96,return,H1,oncology,V5,taxi_conventionne,standard_assis,1
R0166,P96,return,H1,oncology,V6,taxi_conventionne,standard_assis,1
R0166,P96,return,H1,oncology,V7,taxi_conventionne,standard_assis,1
R0166,P96,return,H1,oncology,V8,taxi_conventionne,standard_assis,1
R0166,P96,return,H1,oncology,V9,vsl,standard_assis,1
R0166,P96,return,H1,oncology,V10,vsl,standard_assis,1
R0166,P96,return,H1,oncology,V11,vsl,standard_assis,1
R0166,P96,return,H1,oncology,V12,vsl,standard_assis,1
R0166,P96,return,H1,oncology,V13,vsl,standard_assis,1
R0166,P96,return,H1,oncology,V14,vtc_premium,standard_assis,1
R0166,P96,return,H1,oncology,V15,vtc_premium,standard_assis,1
R0167,P97,outbound,H2,dialysis,V1,taxi_conventionne,vsl_required,0
R0167,P97,outbound,H2,dialysis,V2,taxi_conventionne,vsl_required,0
R0167,P97,outbound,H2,dialysis,V3,taxi_conventionne,vsl_required,0
R0167,P97,outbound,H2,dialysis,V4,taxi_conventionne,vsl_required,0
R0167,P97,outbound,H2,dialysis,V5,taxi_conventionne,vsl_required,0
R0167,P97,outbound,H2,dialysis,V6,taxi_conventionne,vsl_required,0
R0167,P97,outbound,H2,dialysis,V7,taxi_conventionne,vsl_required,0
R0167,P97,outbound,H2,dialysis,V8,taxi_conventionne,vsl_required,0
R0167,P97,outbound,H2,dialysis,V9,vsl,vsl_required,1
R0167,P97,outbound,H2,dialysis,V10,vsl,vsl_required,1
R0167,P97,outbound,H2,dialysis,V11,vsl,vsl_required,1
R0167,P97,outbound,H2,dialysis,V12,vsl,vsl_required,1
R0167,P97,outbound,H2,dialysis,V13,vsl,vsl_required,1
R0167,P97,outbound,H2,dialysis,V14,vtc_premium,vsl_required,0
R0167,P97,outbound,H2,dialysis,V15,vtc_premium,vsl_required,0
R0168,P97,return,H2,dialysis,V1,taxi_conventionne,vsl_required,0
R0168,P97,return,H2,dialysis,V2,taxi_conventionne,vsl_required,0
R0168,P97,return,H2,dialysis,V3,taxi_conventionne,vsl_required,0
R0168,P97,return,H2,dialysis,V4,taxi_conventionne,vsl_required,0
R0168,P97,return,H2,dialysis,V5,taxi_conventionne,vsl_required,0
R0168,P97,return,H2,dialysis,V6,taxi_conventionne,vsl_required,0
R0168,P97,return,H2,dialysis,V7,taxi_conventionne,vsl_required,0
R0168,P97,return,H2,dialysis,V8,taxi_conventionne,vsl_required,0
R0168,P97,return,H2,dialysis,V9,vsl,vsl_required,1
R0168,P97,return,H2,dialysis,V10,vsl,vsl_required,1
R0168,P97,return,H2,dialysis,V11,vsl,vsl_required,1
R0168,P97,return,H2,dialysis,V12,vsl,vsl_required,1
R0168,P97,return,H2,dialysis,V13,vsl,vsl_required,1
R0168,P97,return,H2,dialysis,V14,vtc_premium,vsl_required,0
R0168,P97,return,H2,dialysis,V15,vtc_premium,vsl_required,0
R0169,P98,outbound,H1,other,V1,taxi_conventionne,vsl_required,0
R0169,P98,outbound,H1,other,V2,taxi_conventionne,vsl_required,0
R0169,P98,outbound,H1,other,V3,taxi_conventionne,vsl_required,0
R0169,P98,outbound,H1,other,V4,taxi_conventionne,vsl_required,0
R0169,P98,outbound,H1,other,V5,taxi_conventionne,vsl_required,0
R0169,P98,outbound,H1,other,V6,taxi_conventionne,vsl_required,0
R0169,P98,outbound,H1,other,V7,taxi_conventionne,vsl_required,0
R0169,P98,outbound,H1,other,V8,taxi_conventionne,vsl_required,0
R0169,P98,outbound,H1,other,V9,vsl,vsl_required,1
R0169,P98,outbound,H1,other,V10,vsl,vsl_required,1
R0169,P98,outbound,H1,other,V11,vsl,vsl_required,1
R0169,P98,outbound,H1,other,V12,vsl,vsl_required,1
R0169,P98,outbound,H1,other,V13,vsl,vsl_required,1
R0169,P98,outbound,H1,other,V14,vtc_premium,vsl_required,0
R0169,P98,outbound,H1,other,V15,vtc_premium,vsl_required,0
R0170,P99,outbound,H1,oncology,V1,taxi_conventionne,vsl_required,0
R0170,P99,outbound,H1,oncology,V2,taxi_conventionne,vsl_required,0
R0170,P99,outbound,H1,oncology,V3,taxi_conventionne,vsl_required,0
R0170,P99,outbound,H1,oncology,V4,taxi_conventionne,vsl_required,0
R0170,P99,outbound,H1,oncology,V5,taxi_conventionne,vsl_required,0
R0170,P99,outbound,H1,oncology,V6,taxi_conventionne,vsl_required,0
R0170,P99,outbound,H1,oncology,V7,taxi_conventionne,vsl_required,0
R0170,P99,outbound,H1,oncology,V8,taxi_conventionne,vsl_required,0
R0170,P99,outbound,H1,oncology,V9,vsl,vsl_required,1
R0170,P99,outbound,H1,oncology,V10,vsl,vsl_required,1
R0170,P99,outbound,H1,oncology,V11,vsl,vsl_required,1
R0170,P99,outbound,H1,oncology,V12,vsl,vsl_required,1
R0170,P99,outbound,H1,oncology,V13,vsl,vsl_required,1
R0170,P99,outbound,H1,oncology,V14,vtc_premium,vsl_required,0
R0170,P99,outbound,H1,oncology,V15,vtc_premium,vsl_required,0
R0171,P99,return,H1,oncology,V1,taxi_conventionne,vsl_required,0
R0171,P99,return,H1,oncology,V2,taxi_conventionne,vsl_required,0
R0171,P99,return,H1,oncology,V3,taxi_conventionne,vsl_required,0
R0171,P99,return,H1,oncology,V4,taxi_conventionne,vsl_required,0
R0171,P99,return,H1,oncology,V5,taxi_conventionne,vsl_required,0
R0171,P99,return,H1,oncology,V6,taxi_conventionne,vsl_required,0
R0171,P99,return,H1,oncology,V7,taxi_conventionne,vsl_required,0
R0171,P99,return,H1,oncology,V8,taxi_conventionne,vsl_required,0
R0171,P99,return,H1,oncology,V9,vsl,vsl_required,1
R0171,P99,return,H1,oncology,V10,vsl,vsl_required,1
R0171,P99,return,H1,oncology,V11,vsl,vsl_required,1
R0171,P99,return,H1,oncology,V12,vsl,vsl_required,1
R0171,P99,return,H1,oncology,V13,vsl,vsl_required,1
R0171,P99,return,H1,oncology,V14,vtc_premium,vsl_required,0
R0171,P99,return,H1,oncology,V15,vtc_premium,vsl_required,0
R0172,P100,outbound,H2,oncology,V1,taxi_conventionne,vsl_required,0
R0172,P100,outbound,H2,oncology,V2,taxi_conventionne,vsl_required,0
R0172,P100,outbound,H2,oncology,V3,taxi_conventionne,vsl_required,0
R0172,P100,outbound,H2,oncology,V4,taxi_conventionne,vsl_required,0
R0172,P100,outbound,H2,oncology,V5,taxi_conventionne,vsl_required,0
R0172,P100,outbound,H2,oncology,V6,taxi_conventionne,vsl_required,0
R0172,P100,outbound,H2,oncology,V7,taxi_conventionne,vsl_required,0
R0172,P100,outbound,H2,oncology,V8,taxi_conventionne,vsl_required,0
R0172,P100,outbound,H2,oncology,V9,vsl,vsl_required,1
R0172,P100,outbound,H2,oncology,V10,vsl,vsl_required,1
R0172,P100,outbound,H2,oncology,V11,vsl,vsl_required,1
R0172,P100,outbound,H2,oncology,V12,vsl,vsl_required,1
R0172,P100,outbound,H2,oncology,V13,vsl,vsl_required,1
R0172,P100,outbound,H2,oncology,V14,vtc_premium,vsl_required,0
R0172,P100,outbound,H2,oncology,V15,vtc_premium,vsl_required,0
R0173,P100,return,H2,oncology,V1,taxi_conventionne,vsl_required,0
R0173,P100,return,H2,oncology,V2,taxi_conventionne,vsl_required,0
R0173,P100,return,H2,oncology,V3,taxi_conventionne,vsl_required,0
R0173,P100,return,H2,oncology,V4,taxi_conventionne,vsl_required,0
R0173,P100,return,H2,oncology,V5,taxi_conventionne,vsl_required,0
R0173,P100,return,H2,oncology,V6,taxi_conventionne,vsl_required,0
R0173,P100,return,H2,oncology,V7,taxi_conventionne,vsl_required,0
R0173,P100,return,H2,oncology,V8,taxi_conventionne,vsl_required,0
R0173,P100,return,H2,oncology,V9,vsl,vsl_required,1
R0173,P100,return,H2,oncology,V10,vsl,vsl_required,1
R0173,P100,return,H2,oncology,V11,vsl,vsl_required,1
R0173,P100,return,H2,oncology,V12,vsl,vsl_required,1
R0173,P100,return,H2,oncology,V13,vsl,vsl_required,1
R0173,P100,return,H2,oncology,V14,vtc_premium,vsl_required,0
R0173,P100,return,H2,oncology,V15,vtc_premium,vsl_required,0
