patient_id,home_point_id,home_lat,home_lon,hospital_id,activity_type,appointment_id,slot_time,priority_code,priority_class,theta_p,requirement,appointment_datetime,appointment_minute,appointment_time_hhmm,hospital_stay_min,return_ready_datetime,return_ready_minute,return_ready_time_hhmm,waiting_time_after_treatment_min,return_same_day,max_ride_time_min,direct_distance_est_km,direct_travel_time_est_min,distance_to_assigned_hospital_km,closest_hospital_id,closest_hospital_distance_km,assigned_hospital_is_coherent,home_generation_method,catchment_radius_km,source_quality,source_note
P1,HOME_P1,45.998372623622075,4.078527981193875,H1,dialysis,A0084,13:00,P1,high,2.0,vsl_required,2026-05-18 13:05:00,785,13:05,240,2026-05-18 17:05:00,1025,17:05,15,1,25,7.655,10.94,7.655,H2,6.645,1,catchment_near_assigned_hospital,8,observed_user_table,"CH Roanne dialysis: 53/day. 26 morning, 23 noon, 4 evening."
P2,HOME_P2,46.03017850360915,3.978037131823332,H1,dialysis,A0082,13:00,P1,high,2.0,vsl_required,2026-05-18 13:50:00,830,13:50,240,2026-05-18 17:50:00,1070,17:50,15,1,25,9.682,13.83,9.682,H2,9.019,1,catchment_near_assigned_hospital,8,observed_user_table,"CH Roanne dialysis: 53/day. 26 morning, 23 noon, 4 evening."
P3,HOME_P3,46.02745252698155,4.117334198590987,H1,other,A0168,08:30,P2,medium,1.5,standard_assis,2026-05-18 09:00:00,540,09:00,70,2026-05-18 10:10:00,610,10:10,25,1,35,5.608,8.01,5.608,H2,5.326,1,catchment_near_assigned_hospital,12,observed_user_table,CH Roanne other: 49/day.
P4,HOME_P4,46.03230417122986,4.1448892080851865,H1,other,A0176,08:30,P2,medium,1.5,standard_assis,2026-05-18 09:10:00,550,09:10,80,2026-05-18 10:30:00,630,10:30,25,1,35,7.551,10.79,7.551,H1,7.551,1,catchment_near_assigned_hospital,12,observed_user_table,CH Roanne other: 49/day.
P5,HOME_P5,46.086983772750095,4.0380339541056145,H1,dialysis,A0031,08:00,P1,high,2.0,prescription_medicale,2026-05-18 08:40:00,520,08:40,240,2026-05-18 12:40:00,760,12:40,15,1,25,5.753,8.22,5.753,H1,5.753,1,catchment_near_assigned_hospital,8,observed_user_table,"CH Roanne dialysis: 53/day. 26 morning, 23 noon, 4 evening."
P6,HOME_P6,45.996581674100675,4.0264983374280785,H2,dialysis,A0322,13:00,P1,high,2.0,vsl_required,2026-05-18 13:50:00,830,13:50,255,2026-05-18 18:05:00,1085,18:05,15,1,25,7.955,11.36,7.955,H2,7.955,1,catchment_near_assigned_hospital,8,assumption_to_validate,Renaison dialysis: assumed 30/day.
P7,HOME_P7,46.08996233253773,3.945274067647769,H2,other,A0418,14:00,P2,medium,1.5,prescription_medicale,2026-05-18 14:30:00,870,14:30,40,2026-05-18 15:10:00,910,15:10,25,1,35,13.407,19.15,13.407,H3,13.248,1,catchment_near_assigned_hospital,12,assumption_to_validate,Renaison other: assumed 36/day.
P8,HOME_P8,46.02775652747814,4.043740596736563,H2,other,A0403,10:30,P2,medium,1.5,prescription_medicale,2026-05-18 10:55:00,655,10:55,35,2026-05-18 11:30:00,690,11:30,25,1,35,3.474,5.0,3.474,H2,3.474,1,catchment_near_assigned_hospital,12,assumption_to_validate,Renaison other: assumed 36/day.
P9,HOME_P9,46.08379370169361,3.9611530450783636,H1,other,A0226,14:00,P2,medium,1.5,standard_assis,2026-05-18 14:40:00,880,14:40,85,2026-05-18 16:05:00,965,16:05,25,0,35,11.562,16.52,11.562,H3,11.5,1,catchment_near_assigned_hospital,12,observed_user_table,CH Roanne other: 49/day.
P10,HOME_P10,45.974052386609365,4.021641079397061,H2,other,A0393,10:30,P2,medium,1.5,standard_assis,2026-05-18 10:40:00,640,10:40,25,2026-05-18 11:05:00,665,11:05,25,1,35,10.95,15.64,10.95,H2,10.95,1,catchment_near_assigned_hospital,12,assumption_to_validate,Renaison other: assumed 36/day.
P11,HOME_P11,46.11661982381903,3.962555323804388,H1,other,A0182,08:30,P2,medium,1.5,prescription_medicale,2026-05-18 08:40:00,520,08:40,120,2026-05-18 10:40:00,640,10:40,25,1,35,13.792,19.7,13.792,H1,13.792,1,catchment_near_assigned_hospital,12,observed_user_table,CH Roanne other: 49/day.
P12,HOME_P12,46.06898158614885,4.155460090797375,H3,dialysis,A0453,13:00,P1,high,2.0,prescription_medicale,2026-05-18 13:45:00,825,13:45,220,2026-05-18 17:25:00,1045,17:25,15,1,25,8.655,12.36,8.655,H1,8.274,1,catchment_near_assigned_hospital,8,assumption_to_validate,Third dialysis center: assumed 24/day.
P13,HOME_P13,46.01452875526044,4.065658069343598,H3,dialysis,A0449,08:00,P1,high,2.0,prescription_medicale,2026-05-18 08:20:00,500,08:20,235,2026-05-18 12:15:00,735,12:15,15,1,25,4.948,7.07,4.948,H2,4.343,1,catchment_near_assigned_hospital,8,assumption_to_validate,Third dialysis center: assumed 24/day.
P14,HOME_P14,46.0136681501386,3.9806188704931365,H2,dialysis,A0281,08:00,P1,high,2.0,vsl_required,2026-05-18 08:45:00,525,08:45,220,2026-05-18 12:25:00,745,12:25,15,1,25,9.604,13.72,9.604,H2,9.604,1,catchment_near_assigned_hospital,8,assumption_to_validate,Renaison dialysis: assumed 30/day.
P15,HOME_P15,45.96961906712418,4.084717507108591,H2,other,A0388,10:30,P2,medium,1.5,standard_assis,2026-05-18 11:00:00,660,11:00,35,2026-05-18 11:35:00,695,11:35,25,1,35,10.686,15.27,10.686,H2,10.686,1,catchment_near_assigned_hospital,12,assumption_to_validate,Renaison other: assumed 36/day.
P16,HOME_P16,46.0568369127756,4.078547200178263,H1,dialysis,A0081,13:00,P1,high,2.0,vsl_required,2026-05-18 13:25:00,805,13:25,240,2026-05-18 17:25:00,1045,17:25,15,1,25,0.748,5.0,0.748,H1,0.748,1,catchment_near_assigned_hospital,8,observed_user_table,"CH Roanne dialysis: 53/day. 26 morning, 23 noon, 4 evening."
P17,HOME_P17,46.00598473137752,3.9988079056525896,H3,dialysis,A0473,13:00,P1,high,2.0,vsl_required,2026-05-18 13:05:00,785,13:05,270,2026-05-18 17:35:00,1055,17:35,15,1,25,9.199,13.14,9.199,H2,8.724,1,catchment_near_assigned_hospital,8,assumption_to_validate,Third dialysis center: assumed 24/day.
P18,HOME_P18,46.06194019458651,4.014952562929477,H2,oncology,A0348,08:00,P1,high,2.0,vsl_required,2026-05-18 08:20:00,500,08:20,150,2026-05-18 10:50:00,650,10:50,15,1,25,5.663,8.09,5.663,H3,5.563,1,catchment_near_assigned_hospital,10,assumption_to_validate,Renaison oncology: assumed 16/day.
P19,HOME_P19,46.05668858068946,4.143667616202074,H2,dialysis,A0325,13:00,P1,high,2.0,vsl_required,2026-05-18 13:30:00,810,13:30,235,2026-05-18 17:25:00,1045,17:25,15,1,25,7.382,10.55,7.382,H1,6.862,1,catchment_near_assigned_hospital,8,assumption_to_validate,Renaison dialysis: assumed 30/day.
P20,HOME_P20,46.032631526374146,4.107813748599216,H3,dialysis,A0440,08:00,P1,high,2.0,vsl_required,2026-05-18 08:35:00,515,08:35,240,2026-05-18 12:35:00,755,12:35,15,1,25,4.375,6.25,4.375,H2,4.18,1,catchment_near_assigned_hospital,8,assumption_to_validate,Third dialysis center: assumed 24/day.
P21,HOME_P21,46.11258696455403,4.058973599447816,H2,dialysis,A0278,08:00,P1,high,2.0,vsl_required,2026-05-18 08:40:00,520,08:40,235,2026-05-18 12:35:00,755,12:35,15,1,25,9.345,13.35,9.345,H1,8.346,1,catchment_near_assigned_hospital,8,assumption_to_validate,Renaison dialysis: assumed 30/day.
P22,HOME_P22,46.078435302988204,4.123303214235968,H2,dialysis,A0302,08:00,P1,high,2.0,vsl_required,2026-05-18 08:45:00,525,08:45,255,2026-05-18 13:00:00,780,13:00,15,1,25,6.952,9.93,6.952,H1,6.002,1,catchment_near_assigned_hospital,8,assumption_to_validate,Renaison dialysis: assumed 30/day.
P23,HOME_P23,45.96159433506959,4.151615068915679,H1,other,A0164,08:30,P2,medium,1.5,standard_assis,2026-05-18 09:40:00,580,09:40,70,2026-05-18 10:50:00,650,10:50,25,1,35,14.85,21.21,14.85,H2,14.163,1,catchment_near_assigned_hospital,12,observed_user_table,CH Roanne other: 49/day.
P24,HOME_P24,46.044995488534504,4.040322724861658,H1,dialysis,A0057,13:00,P1,high,2.0,vsl_required,2026-05-18 13:55:00,835,13:55,240,2026-05-18 17:55:00,1075,17:55,15,1,25,3.33,5.0,3.33,H2,2.749,1,catchment_near_assigned_hospital,8,observed_user_table,"CH Roanne dialysis: 53/day. 26 morning, 23 noon, 4 evening."
P25,HOME_P25,46.06099599173121,4.1026114142249455,H2,other,A0429,16:30,P2,medium,1.5,premium,2026-05-18 17:10:00,1030,17:10,25,2026-05-18 17:35:00,1055,17:35,25,1,35,3.893,5.56,3.893,H1,3.077,1,catchment_near_assigned_hospital,12,assumption_to_validate,Renaison other: assumed 36/day.
P26,HOME_P26,46.03403784488221,4.204915457154223,H1,other,A0238,14:00,P2,medium,1.5,vsl_required,2026-05-18 14:45:00,885,14:45,65,2026-05-18 15:50:00,950,15:50,25,1,35,13.034,18.62,13.034,H1,13.034,1,catchment_near_assigned_hospital,12,observed_user_table,CH Roanne other: 49/day.
P27,HOME_P27,46.051337672632485,3.970187254427021,H1,oncology,A0151,11:00,P1,high,2.0,prescription_medicale,2026-05-18 11:45:00,705,11:45,155,2026-05-18 14:20:00,860,14:20,15,1,25,9.892,14.13,9.892,H2,9.545,1,catchment_near_assigned_hospital,10,observed_user_table,CH Roanne chemotherapy: 30/day.
P28,HOME_P28,46.11848116192994,3.959740329005331,H1,other,A0206,10:30,P2,medium,1.5,prescription_medicale,2026-05-18 10:40:00,640,10:40,100,2026-05-18 12:20:00,740,12:20,25,1,35,14.166,20.24,14.166,H1,14.166,1,catchment_near_assigned_hospital,12,observed_user_table,CH Roanne other: 49/day.
P29,HOME_P29,45.97195907375426,3.9887827901367987,H1,other,A0194,08:30,P2,medium,1.5,vsl_required,2026-05-18 09:55:00,595,09:55,100,2026-05-18 11:35:00,695,11:35,25,1,35,13.908,19.87,13.908,H2,12.834,1,catchment_near_assigned_hospital,12,observed_user_table,CH Roanne other: 49/day.
P30,HOME_P30,46.069867313825426,3.9608884652451573,H2,other,A0395,10:30,P2,medium,1.5,premium,2026-05-18 11:00:00,660,11:00,35,2026-05-18 11:35:00,695,11:35,25,1,35,10.937,15.62,10.937,H3,10.88,1,catchment_near_assigned_hospital,12,assumption_to_validate,Renaison other: assumed 36/day.
P31,HOME_P31,46.011574647421874,4.129327947374523,H2,dialysis,A0315,13:00,P1,high,2.0,vsl_required,2026-05-18 13:50:00,830,13:50,210,2026-05-18 17:20:00,1040,17:20,15,1,25,7.524,10.75,7.524,H2,7.524,1,catchment_near_assigned_hospital,8,assumption_to_validate,Renaison dialysis: assumed 30/day.
P32,HOME_P32,46.150834270993336,4.1142220041775,H1,other,A0169,08:30,P2,medium,1.5,standard_assis,2026-05-18 08:50:00,530,08:50,80,2026-05-18 10:10:00,610,10:10,25,0,35,14.135,20.19,14.135,H1,14.135,1,catchment_near_assigned_hospital,12,observed_user_table,CH Roanne other: 49/day.
P33,HOME_P33,45.994948277652306,4.172845130137643,H1,other,A0220,10:30,P2,medium,1.5,prescription_medicale,2026-05-18 11:15:00,675,11:15,70,2026-05-18 12:25:00,745,12:25,25,1,35,12.617,18.02,12.617,H2,12.272,1,catchment_near_assigned_hospital,12,observed_user_table,CH Roanne other: 49/day.
P34,HOME_P34,46.02070608354538,4.1033500935701905,H1,other,A0230,14:00,P2,medium,1.5,standard_assis,2026-05-18 14:50:00,890,14:50,70,2026-05-18 16:00:00,960,16:00,25,1,35,5.41,7.73,5.41,H2,4.815,1,catchment_near_assigned_hospital,12,observed_user_table,CH Roanne other: 49/day.
P35,HOME_P35,46.04490884440113,4.170541777718288,H1,other,A0186,08:30,P2,medium,1.5,prescription_medicale,2026-05-18 08:50:00,530,08:50,95,2026-05-18 10:25:00,625,10:25,25,1,35,9.51,13.59,9.51,H1,9.51,1,catchment_near_assigned_hospital,12,observed_user_table,CH Roanne other: 49/day.
P36,HOME_P36,46.14361013839215,4.08293051169343,H2,other,A0367,08:30,P2,medium,1.5,standard_assis,2026-05-18 09:10:00,550,09:10,25,2026-05-18 09:35:00,575,09:35,25,1,35,13.677,19.54,13.677,H1,12.591,1,catchment_near_assigned_hospital,12,assumption_to_validate,Renaison other: assumed 36/day.
P37,HOME_P37,45.987580021265245,4.0221729743515375,H3,dialysis,A0450,08:00,P1,high,2.0,prescription_medicale,2026-05-18 08:55:00,535,08:55,245,2026-05-18 13:00:00,780,13:00,15,1,25,9.828,14.04,9.828,H2,9.247,1,catchment_near_assigned_hospital,8,assumption_to_validate,Third dialysis center: assumed 24/day.
P38,HOME_P38,46.105202952123705,4.037370470505675,H1,dialysis,A0036,08:00,P1,high,2.0,vsl_required,2026-05-18 08:10:00,490,08:10,240,2026-05-18 12:10:00,730,12:10,15,1,25,7.978,11.4,7.978,H1,7.978,1,catchment_near_assigned_hospital,8,observed_user_table,"CH Roanne dialysis: 53/day. 26 morning, 23 noon, 4 evening."
P39,HOME_P39,46.11629669150393,4.0462230101601735,H1,dialysis,A0100,17:00,P1,high,2.0,vsl_required,2026-05-18 17:10:00,1030,17:10,240,2026-05-18 21:10:00,1270,21:10,15,1,25,9.121,13.03,9.121,H1,9.121,1,catchment_near_assigned_hospital,8,observed_user_table,"CH Roanne dialysis: 53/day. 26 morning, 23 noon, 4 evening."
P40,HOME_P40,46.05496655326247,4.173650473175342,H1,dialysis,A0093,13:00,P1,high,2.0,vsl_required,2026-05-18 13:25:00,805,13:25,240,2026-05-18 17:25:00,1045,17:25,15,1,25,9.74,13.91,9.74,H1,9.74,1,catchment_near_assigned_hospital,8,observed_user_table,"CH Roanne dialysis: 53/day. 26 morning, 23 noon, 4 evening."
P41,HOME_P41,46.05768075256841,4.158314107932642,H3,dialysis,A0444,08:00,P1,high,2.0,vsl_required,2026-05-18 08:45:00,525,08:45,265,2026-05-18 13:10:00,790,13:10,15,1,25,8.585,12.26,8.585,H1,8.28,1,catchment_near_assigned_hospital,8,assumption_to_validate,Third dialysis center: assumed 24/day.
P42,HOME_P42,46.07686425306093,4.087188341484394,H3,dialysis,A0467,13:00,P1,high,2.0,vsl_required,2026-05-18 13:25:00,805,13:25,210,2026-05-18 16:55:00,1015,16:55,15,1,25,4.085,5.84,4.085,H1,3.561,1,catchment_near_assigned_hospital,8,assumption_to_validate,Third dialysis center: assumed 24/day.
P43,HOME_P43,46.10082183119265,4.096926354190947,H1,other,A0223,14:00,P2,medium,1.5,standard_assis,2026-05-18 14:35:00,875,14:35,105,2026-05-18 16:20:00,980,16:20,25,1,35,7.006,10.01,7.006,H1,7.006,1,catchment_near_assigned_hospital,12,observed_user_table,CH Roanne other: 49/day.
P44,HOME_P44,46.009154619550806,4.071354846002398,H1,dialysis,A0079,13:00,P1,high,2.0,vsl_required,2026-05-18 13:35:00,815,13:35,240,2026-05-18 17:35:00,1055,17:35,15,1,25,6.137,8.77,6.137,H2,5.086,1,catchment_near_assigned_hospital,8,observed_user_table,"CH Roanne dialysis: 53/day. 26 morning, 23 noon, 4 evening."
P45,HOME_P45,46.02628518270855,4.013797211218064,H2,dialysis,A0292,08:00,P1,high,2.0,vsl_required,2026-05-18 08:50:00,530,08:50,215,2026-05-18 12:25:00,745,12:25,15,1,25,5.954,8.51,5.954,H2,5.954,1,catchment_near_assigned_hospital,8,assumption_to_validate,Renaison dialysis: assumed 30/day.
P46,HOME_P46,45.95747375996597,4.063159020767478,H2,other,A0423,16:30,P2,medium,1.5,vsl_required,2026-05-18 17:50:00,1070,17:50,25,2026-05-18 18:15:00,1095,18:15,25,1,35,12.275,17.54,12.275,H2,12.275,1,catchment_near_assigned_hospital,12,assumption_to_validate,Renaison other: assumed 36/day.
P47,HOME_P47,46.09397663328331,4.149182485653954,H3,dialysis,A0469,13:00,P1,high,2.0,prescription_medicale,2026-05-18 13:25:00,805,13:25,235,2026-05-18 17:20:00,1040,17:20,15,1,25,9.781,13.97,9.781,H1,9.293,1,catchment_near_assigned_hospital,8,assumption_to_validate,Third dialysis center: assumed 24/day.
P48,HOME_P48,46.05748738211461,4.122854028225125,H1,dialysis,A0007,08:00,P1,high,2.0,vsl_required,2026-05-18 08:20:00,500,08:20,240,2026-05-18 12:20:00,740,12:20,15,1,25,4.873,6.96,4.873,H1,4.873,1,catchment_near_assigned_hospital,8,observed_user_table,"CH Roanne dialysis: 53/day. 26 morning, 23 noon, 4 evening."
P49,HOME_P49,46.12191668313226,4.047238493734279,H2,other,A0430,16:30,P2,medium,1.5,standard_assis,2026-05-18 16:50:00,1010,16:50,40,2026-05-18 17:30:00,1050,17:30,25,1,35,10.796,15.42,10.796,H1,9.848,1,catchment_near_assigned_hospital,12,assumption_to_validate,Renaison other: assumed 36/day.
P50,HOME_P50,46.10537844688623,4.0843385193304815,H1,dialysis,A0060,13:00,P1,high,2.0,vsl_required,2026-05-18 13:35:00,815,13:35,240,2026-05-18 17:35:00,1055,17:35,15,1,25,7.325,10.46,7.325,H1,7.325,1,catchment_near_assigned_hospital,8,observed_user_table,"CH Roanne dialysis: 53/day. 26 morning, 23 noon, 4 evening."
P51,HOME_P51,46.02220911127305,3.959306208157755,H1,oncology,A0114,08:00,P1,high,2.0,prescription_medicale,2026-05-18 08:30:00,510,08:30,175,2026-05-18 11:25:00,685,11:25,15,1,25,11.764,16.81,11.764,H2,11.058,1,catchment_near_assigned_hospital,10,observed_user_table,CH Roanne chemotherapy: 30/day.
P52,HOME_P52,46.01873011937672,4.1187220600305245,H1,dialysis,A0087,13:00,P1,high,2.0,vsl_required,2026-05-18 13:45:00,825,13:45,240,2026-05-18 17:45:00,1065,17:45,15,1,25,6.543,9.35,6.543,H2,6.104,1,catchment_near_assigned_hospital,8,observed_user_table,"CH Roanne dialysis: 53/day. 26 morning, 23 noon, 4 evening."
P53,HOME_P53,46.022684660589874,4.103162280473381,H1,dialysis,A0030,08:00,P1,high,2.0,vsl_required,2026-05-18 08:50:00,530,08:50,240,2026-05-18 12:50:00,770,12:50,15,1,25,5.172,7.39,5.172,H2,4.607,1,catchment_near_assigned_hospital,8,observed_user_table,"CH Roanne dialysis: 53/day. 26 morning, 23 noon, 4 evening."
P54,HOME_P54,46.05539257821861,4.048253059165356,H1,dialysis,A0022,08:00,P1,high,2.0,vsl_required,2026-05-18 08:40:00,520,08:40,240,2026-05-18 12:40:00,760,12:40,15,1,25,2.376,5.0,2.376,H3,2.228,1,catchment_near_assigned_hospital,8,observed_user_table,"CH Roanne dialysis: 53/day. 26 morning, 23 noon, 4 evening."
P55,HOME_P55,46.00776749896818,4.18050151321171,H1,oncology,A0125,08:00,P1,high,2.0,vsl_required,2026-05-18 08:50:00,530,08:50,175,2026-05-18 11:45:00,705,11:45,15,1,25,12.177,17.4,12.177,H2,12.0,1,catchment_near_assigned_hospital,10,observed_user_table,CH Roanne chemotherapy: 30/day.
P56,HOME_P56,46.02167816437592,4.082847133310265,H1,dialysis,A0024,08:00,P1,high,2.0,prescription_medicale,2026-05-18 08:40:00,520,08:40,240,2026-05-18 12:40:00,760,12:40,15,1,25,4.503,6.43,4.503,H2,3.604,1,catchment_near_assigned_hospital,8,observed_user_table,"CH Roanne dialysis: 53/day. 26 morning, 23 noon, 4 evening."
P57,HOME_P57,45.96274011170249,4.016902890182975,H2,other,A0363,08:30,P2,medium,1.5,prescription_medicale,2026-05-18 08:50:00,530,08:50,35,2026-05-18 09:25:00,565,09:25,25,1,35,12.572,17.96,12.572,H2,12.572,1,catchment_near_assigned_hospital,12,assumption_to_validate,Renaison other: assumed 36/day.
P58,HOME_P58,46.08863245065666,3.9983401103642273,H1,oncology,A0140,11:00,P1,high,2.0,prescription_medicale,2026-05-18 11:45:00,705,11:45,160,2026-05-18 14:25:00,865,14:25,15,1,25,8.691,12.42,8.691,H1,8.691,1,catchment_near_assigned_hospital,10,observed_user_table,CH Roanne chemotherapy: 30/day.
P59,HOME_P59,46.02970560810934,3.989349475632469,H2,other,A0424,16:30,P2,medium,1.5,vsl_required,2026-05-18 17:45:00,1065,17:45,25,2026-05-18 18:10:00,1090,18:10,25,1,35,7.982,11.4,7.982,H2,7.982,1,catchment_near_assigned_hospital,12,assumption_to_validate,Renaison other: assumed 36/day.
P60,HOME_P60,46.06178409443081,4.151587635483014,H2,dialysis,A0327,13:00,P1,high,2.0,vsl_required,2026-05-18 13:05:00,785,13:05,220,2026-05-18 16:45:00,1005,16:45,15,1,25,8.293,11.85,8.293,H1,7.7,1,catchment_near_assigned_hospital,8,assumption_to_validate,Renaison dialysis: assumed 30/day.
P61,HOME_P61,46.01114126211531,4.05942963442365,H2,oncology,A0347,08:00,P1,high,2.0,prescription_medicale,2026-05-18 08:00:00,480,08:00,360,2026-05-18 14:00:00,840,14:00,15,1,25,4.888,6.98,4.888,H2,4.888,1,catchment_near_assigned_hospital,10,assumption_to_validate,Renaison oncology: assumed 16/day.
P62,HOME_P62,46.10415342705016,4.027682054544173,H1,oncology,A0137,11:00,P1,high,2.0,vsl_required,2026-05-18 11:15:00,675,11:15,180,2026-05-18 14:15:00,855,14:15,15,1,25,8.295,11.85,8.295,H1,8.295,1,catchment_near_assigned_hospital,10,observed_user_table,CH Roanne chemotherapy: 30/day.
P63,HOME_P63,46.0900026497792,4.0755615520938235,H1,dialysis,A0041,08:00,P1,high,2.0,prescription_medicale,2026-05-18 08:30:00,510,08:30,240,2026-05-18 12:30:00,750,12:30,15,1,25,5.109,7.3,5.109,H1,5.109,1,catchment_near_assigned_hospital,8,observed_user_table,"CH Roanne dialysis: 53/day. 26 morning, 23 noon, 4 evening."
P64,HOME_P64,46.046699871992004,4.038767228141445,H2,dialysis,A0288,08:00,P1,high,2.0,prescription_medicale,2026-05-18 08:05:00,485,08:05,240,2026-05-18 12:05:00,725,12:05,15,1,25,2.901,5.0,2.901,H2,2.901,1,catchment_near_assigned_hospital,8,assumption_to_validate,Renaison dialysis: assumed 30/day.
P65,HOME_P65,45.990933147680465,4.092448083390218,H2,dialysis,A0287,08:00,P1,high,2.0,prescription_medicale,2026-05-18 08:25:00,505,08:25,265,2026-05-18 12:50:00,770,12:50,15,1,25,7.947,11.35,7.947,H2,7.947,1,catchment_near_assigned_hospital,8,assumption_to_validate,Renaison dialysis: assumed 30/day.
P66,HOME_P66,46.06577431197343,4.169472279592538,H2,other,A0400,10:30,P2,medium,1.5,standard_assis,2026-05-18 10:55:00,655,10:55,35,2026-05-18 11:30:00,690,11:30,25,1,35,10.103,14.43,10.103,H1,9.493,1,catchment_near_assigned_hospital,12,assumption_to_validate,Renaison other: assumed 36/day.
P67,HOME_P67,46.01784241342452,4.152313259130406,H2,other,A0422,16:30,P2,medium,1.5,prescription_medicale,2026-05-18 17:10:00,1030,17:10,35,2026-05-18 17:45:00,1065,17:45,25,1,35,8.941,12.77,8.941,H2,8.941,1,catchment_near_assigned_hospital,12,assumption_to_validate,Renaison other: assumed 36/day.
P68,HOME_P68,46.0357194984053,4.014348502289448,H2,other,A0377,08:30,P2,medium,1.5,prescription_medicale,2026-05-18 08:50:00,530,08:50,40,2026-05-18 09:30:00,570,09:30,25,1,35,5.434,7.76,5.434,H2,5.434,1,catchment_near_assigned_hospital,12,assumption_to_validate,Renaison other: assumed 36/day.
P69,HOME_P69,46.04904003155544,4.043947733766555,H2,other,A0396,10:30,P2,medium,1.5,prescription_medicale,2026-05-18 10:35:00,635,10:35,40,2026-05-18 11:15:00,675,11:15,25,1,35,2.442,5.0,2.442,H2,2.442,1,catchment_near_assigned_hospital,12,assumption_to_validate,Renaison other: assumed 36/day.
P70,HOME_P70,46.117712382946856,3.995830951801643,H2,other,A0419,14:00,P2,medium,1.5,standard_assis,2026-05-18 14:40:00,880,14:40,35,2026-05-18 15:15:00,915,15:15,25,1,35,12.234,17.48,12.234,H1,11.622,1,catchment_near_assigned_hospital,12,assumption_to_validate,Renaison other: assumed 36/day.
P71,HOME_P71,45.96462215576454,4.0714608492888,H1,oncology,A0146,11:00,P1,high,2.0,prescription_medicale,2026-05-18 11:20:00,680,11:20,160,2026-05-18 14:00:00,840,14:00,15,1,25,12.326,17.61,12.326,H2,11.272,1,catchment_near_assigned_hospital,10,observed_user_table,CH Roanne chemotherapy: 30/day.
P72,HOME_P72,45.96007112299169,4.118881544861562,H2,other,A0404,14:00,P2,medium,1.5,standard_assis,2026-05-18 14:30:00,870,14:30,35,2026-05-18 15:05:00,905,15:05,25,1,35,12.847,18.35,12.847,H2,12.847,1,catchment_near_assigned_hospital,12,assumption_to_validate,Renaison other: assumed 36/day.
P73,HOME_P73,46.05406109038503,3.8557423023016426,H1,external,A0254,08:30,P3,low,1.0,prescription_medicale,2026-05-18 09:15:00,555,09:15,30,2026-05-18 09:45:00,585,09:45,35,0,54,20.928,29.9,20.928,H2,20.586,1,catchment_near_assigned_hospital,18,computed_from_user_table,External visits: 75/day * 15% using fleet.
P74,HOME_P74,46.02944247772095,4.025190811937116,H1,dialysis,A0090,13:00,P1,high,2.0,vsl_required,2026-05-18 13:30:00,810,13:30,240,2026-05-18 17:30:00,1050,17:30,15,1,25,5.657,8.08,5.657,H2,4.776,1,catchment_near_assigned_hospital,8,observed_user_table,"CH Roanne dialysis: 53/day. 26 morning, 23 noon, 4 evening."
P75,HOME_P75,46.02216197821931,4.186468413665686,H2,oncology,A0355,13:00,P1,high,2.0,standard_assis,2026-05-18 13:30:00,810,13:30,210,2026-05-18 17:00:00,1020,17:00,15,1,25,11.816,16.88,11.816,H1,11.8,1,catchment_near_assigned_hospital,10,assumption_to_validate,Renaison oncology: assumed 16/day.
P76,HOME_P76,46.03135148157407,4.222332449486016,H1,other,A0189,08:30,P2,medium,1.5,standard_assis,2026-05-18 08:30:00,510,08:30,80,2026-05-18 09:50:00,590,09:50,25,1,35,14.755,21.08,14.755,H1,14.755,1,catchment_near_assigned_hospital,12,observed_user_table,CH Roanne other: 49/day.
P77,HOME_P77,46.08394296696518,4.1002451202278545,H2,dialysis,A0304,13:00,P1,high,2.0,vsl_required,2026-05-18 13:00:00,780,13:00,250,2026-05-18 17:10:00,1030,17:10,15,1,25,6.12,8.74,6.12,H1,5.02,1,catchment_near_assigned_hospital,8,assumption_to_validate,Renaison dialysis: assumed 30/day.
P78,HOME_P78,46.108714534974865,4.004490558336291,H2,other,A0421,16:30,P2,medium,1.5,standard_assis,2026-05-18 17:45:00,1065,17:45,25,2026-05-18 18:10:00,1090,18:10,25,1,35,10.731,15.33,10.731,H1,10.128,1,catchment_near_assigned_hospital,12,assumption_to_validate,Renaison other: assumed 36/day.
P79,HOME_P79,46.08721998395656,4.087772970395945,H1,oncology,A0113,08:00,P1,high,2.0,prescription_medicale,2026-05-18 08:50:00,530,08:50,160,2026-05-18 11:30:00,690,11:30,15,1,25,4.934,7.05,4.934,H1,4.934,1,catchment_near_assigned_hospital,10,observed_user_table,CH Roanne chemotherapy: 30/day.
P80,HOME_P80,46.06526972574561,4.1571256513103325,H2,dialysis,A0296,08:00,P1,high,2.0,prescription_medicale,2026-05-18 08:40:00,520,08:40,240,2026-05-18 12:40:00,760,12:40,15,1,25,8.943,12.78,8.943,H1,8.311,1,catchment_near_assigned_hospital,8,assumption_to_validate,Renaison dialysis: assumed 30/day.
P81,HOME_P81,46.110801113563326,4.066735640491512,H2,oncology,A0345,08:00,P1,high,2.0,prescription_medicale,2026-05-18 08:50:00,530,08:50,240,2026-05-18 12:50:00,770,12:50,15,1,25,9.051,12.93,9.051,H1,8.013,1,catchment_near_assigned_hospital,10,assumption_to_validate,Renaison oncology: assumed 16/day.
P82,HOME_P82,46.01121790728539,4.072668447535431,H2,oncology,A0334,08:00,P1,high,2.0,vsl_required,2026-05-18 08:35:00,515,08:35,240,2026-05-18 12:35:00,755,12:35,15,1,25,4.807,6.87,4.807,H2,4.807,1,catchment_near_assigned_hospital,10,assumption_to_validate,Renaison oncology: assumed 16/day.
P83,HOME_P83,46.11977071438575,4.174678136388547,H1,other,A0203,10:30,P2,medium,1.5,standard_assis,2026-05-18 10:50:00,650,10:50,95,2026-05-18 12:25:00,745,12:25,25,1,35,13.491,19.27,13.491,H1,13.491,1,catchment_near_assigned_hospital,12,observed_user_table,CH Roanne other: 49/day.
P84,HOME_P84,46.081962554252485,4.012471969010069,H1,oncology,A0102,08:00,P1,high,2.0,prescription_medicale,2026-05-18 08:00:00,480,08:00,170,2026-05-18 10:50:00,650,10:50,15,1,25,7.043,10.06,7.043,H1,7.043,1,catchment_near_assigned_hospital,10,observed_user_table,CH Roanne chemotherapy: 30/day.
P85,HOME_P85,46.14334559746937,4.139389421743008,H1,external,A0256,09:30,P3,low,1.0,standard_assis,2026-05-18 10:10:00,610,10:10,30,2026-05-18 10:40:00,640,10:40,35,1,45,14.07,20.1,14.07,H1,14.07,1,catchment_near_assigned_hospital,18,computed_from_user_table,External visits: 75/day * 15% using fleet.
P86,HOME_P86,46.128302401301774,4.051453425183462,H1,oncology,A0143,11:00,P1,high,2.0,prescription_medicale,2026-05-18 11:25:00,685,11:25,175,2026-05-18 14:20:00,860,14:20,15,1,25,10.624,15.18,10.624,H1,10.624,1,catchment_near_assigned_hospital,10,observed_user_table,CH Roanne chemotherapy: 30/day.
P87,HOME_P87,46.103913975849686,4.165329073153142,H1,other,A0247,16:00,P2,medium,1.5,prescription_medicale,2026-05-18 16:25:00,985,16:25,75,2026-05-18 17:40:00,1060,17:40,25,1,35,11.369,16.24,11.369,H1,11.369,1,catchment_near_assigned_hospital,12,observed_user_table,CH Roanne other: 49/day.
P88,HOME_P88,46.07151971436173,3.9776910502350433,H1,dialysis,A0099,17:00,P1,high,2.0,vsl_required,2026-05-18 17:30:00,1050,17:30,240,2026-05-18 21:30:00,1290,21:30,15,1,25,9.507,13.58,9.507,H3,9.392,1,catchment_near_assigned_hospital,8,observed_user_table,"CH Roanne dialysis: 53/day. 26 morning, 23 noon, 4 evening."
P89,HOME_P89,45.966752427264396,4.012684778968427,H1,other,A0250,16:00,P2,medium,1.5,prescription_medicale,2026-05-18 17:15:00,1035,17:15,70,2026-05-18 18:25:00,1105,18:25,25,1,35,13.352,19.07,13.352,H2,12.238,1,catchment_near_assigned_hospital,12,observed_user_table,CH Roanne other: 49/day.
P90,HOME_P90,45.96846530114646,4.073102540210275,H2,oncology,A0361,15:00,P1,high,2.0,standard_assis,2026-05-18 15:40:00,940,15:40,220,2026-05-18 19:20:00,1160,19:20,15,1,25,10.743,15.35,10.743,H2,10.743,1,catchment_near_assigned_hospital,10,assumption_to_validate,Renaison oncology: assumed 16/day.
P91,HOME_P91,45.9720272369462,4.174308799013854,H2,other,A0402,10:30,P2,medium,1.5,standard_assis,2026-05-18 10:45:00,645,10:45,40,2026-05-18 11:25:00,685,11:25,25,1,35,14.443,20.63,14.443,H2,14.443,1,catchment_near_assigned_hospital,12,assumption_to_validate,Renaison other: assumed 36/day.
P92,HOME_P92,46.022523640819095,4.15827506710597,H1,dialysis,A0062,13:00,P1,high,2.0,vsl_required,2026-05-18 13:00:00,780,13:00,240,2026-05-18 17:00:00,1020,17:00,15,1,25,9.299,13.28,9.299,H2,9.215,1,catchment_near_assigned_hospital,8,observed_user_table,"CH Roanne dialysis: 53/day. 26 morning, 23 noon, 4 evening."
P93,HOME_P93,46.02658762453741,3.976116616841952,H2,dialysis,A0290,08:00,P1,high,2.0,vsl_required,2026-05-18 08:50:00,530,08:50,240,2026-05-18 12:50:00,770,12:50,15,1,25,9.329,13.33,9.329,H2,9.329,1,catchment_near_assigned_hospital,8,assumption_to_validate,Renaison dialysis: assumed 30/day.
P94,HOME_P94,46.09557403390006,3.9622744806665784,H2,other,A0408,14:00,P2,medium,1.5,standard_assis,2026-05-18 14:20:00,860,14:20,30,2026-05-18 14:50:00,890,14:50,25,1,35,12.392,17.7,12.392,H1,12.161,1,catchment_near_assigned_hospital,12,assumption_to_validate,Renaison other: assumed 36/day.
P95,HOME_P95,46.070666066925064,4.182528925082285,H2,other,A0386,08:30,P2,medium,1.5,prescription_medicale,2026-05-18 09:40:00,580,09:40,40,2026-05-18 10:20:00,620,10:20,25,1,35,11.505,16.44,11.505,H1,10.864,1,catchment_near_assigned_hospital,12,assumption_to_validate,Renaison other: assumed 36/day.
P96,HOME_P96,46.01659484319761,3.984166901321897,H1,other,A0232,14:00,P2,medium,1.5,standard_assis,2026-05-18 14:25:00,865,14:25,85,2026-05-18 15:50:00,950,15:50,25,1,35,9.95,14.21,9.95,H2,9.114,1,catchment_near_assigned_hospital,12,observed_user_table,CH Roanne other: 49/day.
P97,HOME_P97,46.00956002361503,3.9717571358530672,H1,oncology,A0110,08:00,P1,high,2.0,vsl_required,2026-05-18 08:40:00,520,08:40,165,2026-05-18 11:25:00,685,11:25,15,1,25,11.482,16.4,11.482,H2,10.627,1,catchment_near_assigned_hospital,10,observed_user_table,CH Roanne chemotherapy: 30/day.
P98,HOME_P98,46.02505482496732,4.024298777810793,H1,other,A0209,10:30,P2,medium,1.5,standard_assis,2026-05-18 11:10:00,670,11:10,105,2026-05-18 12:55:00,775,12:55,25,1,35,6.101,8.72,6.101,H2,5.165,1,catchment_near_assigned_hospital,12,observed_user_table,CH Roanne other: 49/day.
P99,HOME_P99,46.06058357543403,4.052601229407176,H1,dialysis,A0009,08:00,P1,high,2.0,prescription_medicale,2026-05-18 08:25:00,505,08:25,240,2026-05-18 12:25:00,745,12:25,15,1,25,2.187,5.0,2.187,H1,2.187,1,catchment_near_assigned_hospital,8,observed_user_table,"CH Roanne dialysis: 53/day. 26 morning, 23 noon, 4 evening."
P100,HOME_P100,46.03141388542582,4.075544558906337,H2,other,A0406,14:00,P2,medium,1.5,prescription_medicale,2026-05-18 14:05:00,845,14:05,40,2026-05-18 14:45:00,885,14:45,25,1,35,2.09,5.0,2.09,H2,2.09,1,catchment_near_assigned_hospital,12,assumption_to_validate,Renaison other: assumed 36/day.
P101,HOME_P101,46.045632381469765,4.0113991255462285,H3,dialysis,A0459,13:00,P1,high,2.0,prescription_medicale,2026-05-18 13:25:00,805,13:25,245,2026-05-18 17:30:00,1050,17:30,15,1,25,5.686,8.12,5.686,H2,5.538,1,catchment_near_assigned_hospital,8,assumption_to_validate,Third dialysis center: assumed 24/day.
P102,HOME_P102,46.047610355188226,4.0678058586292,H3,dialysis,A0443,08:00,P1,high,2.0,vsl_required,2026-05-18 08:10:00,490,08:10,230,2026-05-18 12:00:00,720,12:00,15,1,25,0.394,5.0,0.394,H2,0.282,1,catchment_near_assigned_hospital,8,assumption_to_validate,Third dialysis center: assumed 24/day.
P103,HOME_P103,46.04795274732628,3.999440264469357,H2,dialysis,A0289,08:00,P1,high,2.0,prescription_medicale,2026-05-18 08:20:00,500,08:20,240,2026-05-18 12:20:00,740,12:20,15,1,25,6.699,9.57,6.699,H2,6.699,1,catchment_near_assigned_hospital,8,assumption_to_validate,Renaison dialysis: assumed 30/day.
P104,HOME_P104,46.09353508089313,4.0383454385616835,H1,oncology,A0127,08:00,P1,high,2.0,prescription_medicale,2026-05-18 08:10:00,490,08:10,180,2026-05-18 11:10:00,670,11:10,15,1,25,6.5,9.29,6.5,H1,6.5,1,catchment_near_assigned_hospital,10,observed_user_table,CH Roanne chemotherapy: 30/day.
P105,HOME_P105,46.023710681462106,3.9747472329176023,H3,dialysis,A0465,13:00,P1,high,2.0,vsl_required,2026-05-18 13:45:00,825,13:45,245,2026-05-18 17:50:00,1070,17:50,15,1,25,9.891,14.13,9.891,H2,9.576,1,catchment_near_assigned_hospital,8,assumption_to_validate,Third dialysis center: assumed 24/day.
P106,HOME_P106,46.08606977824711,4.117399415203429,H2,dialysis,A0310,13:00,P1,high,2.0,vsl_required,2026-05-18 13:45:00,825,13:45,240,2026-05-18 17:45:00,1065,17:45,15,1,25,7.311,10.44,7.311,H1,6.271,1,catchment_near_assigned_hospital,8,assumption_to_validate,Renaison dialysis: assumed 30/day.
P107,HOME_P107,46.05497169993498,4.052631324731754,H2,other,A0384,08:30,P2,medium,1.5,prescription_medicale,2026-05-18 08:30:00,510,08:30,25,2026-05-18 08:55:00,535,08:55,25,1,35,2.023,5.0,2.023,H3,1.812,1,catchment_near_assigned_hospital,12,assumption_to_validate,Renaison other: assumed 36/day.
P108,HOME_P108,45.97269395192263,4.023166804056907,H2,oncology,A0349,13:00,P1,high,2.0,prescription_medicale,2026-05-18 13:15:00,795,13:15,320,2026-05-18 18:35:00,1115,18:35,15,1,25,11.062,15.8,11.062,H2,11.062,1,catchment_near_assigned_hospital,10,assumption_to_validate,Renaison oncology: assumed 16/day.
P109,HOME_P109,46.08782984369563,4.141843732431199,H1,oncology,A0150,11:00,P1,high,2.0,prescription_medicale,2026-05-18 11:00:00,660,11:00,170,2026-05-18 13:50:00,830,13:50,15,1,25,8.215,11.74,8.215,H1,8.215,1,catchment_near_assigned_hospital,10,observed_user_table,CH Roanne chemotherapy: 30/day.
P110,HOME_P110,46.04443182558005,4.029531824892775,H1,other,A0178,08:30,P2,medium,1.5,prescription_medicale,2026-05-18 09:20:00,560,09:20,115,2026-05-18 11:15:00,675,11:15,25,1,35,4.343,6.2,4.343,H2,3.792,1,catchment_near_assigned_hospital,12,observed_user_table,CH Roanne other: 49/day.
P111,HOME_P111,46.019026317833905,4.173086946165395,H1,other,A0239,14:00,P2,medium,1.5,premium,2026-05-18 14:55:00,895,14:55,60,2026-05-18 15:55:00,955,15:55,25,1,35,10.794,15.42,10.794,H2,10.725,1,catchment_near_assigned_hospital,12,observed_user_table,CH Roanne other: 49/day.
P112,HOME_P112,46.05010419167917,3.963637337968597,H1,other,A0234,14:00,P2,medium,1.5,standard_assis,2026-05-18 14:55:00,895,14:55,85,2026-05-18 16:20:00,980,16:20,25,1,35,10.53,15.04,10.53,H2,10.163,1,catchment_near_assigned_hospital,12,observed_user_table,CH Roanne other: 49/day.
P113,HOME_P113,46.103806929056425,4.117688258831875,H2,dialysis,A0279,08:00,P1,high,2.0,vsl_required,2026-05-18 08:25:00,505,08:25,225,2026-05-18 12:10:00,730,12:10,15,1,25,9.352,13.36,9.352,H1,8.252,1,catchment_near_assigned_hospital,8,assumption_to_validate,Renaison dialysis: assumed 30/day.
P114,HOME_P114,46.11341605575848,4.029869432896475,H3,dialysis,A0451,08:00,P1,high,2.0,prescription_medicale,2026-05-18 08:15:00,495,08:15,270,2026-05-18 12:45:00,765,12:45,15,1,25,9.626,13.75,9.626,H1,9.32,1,catchment_near_assigned_hospital,8,assumption_to_validate,Third dialysis center: assumed 24/day.
P115,HOME_P115,46.066202751535485,4.170745519336703,H1,dialysis,A0012,08:00,P1,high,2.0,vsl_required,2026-05-18 08:55:00,535,08:55,240,2026-05-18 12:55:00,775,12:55,15,1,25,9.625,13.75,9.625,H1,9.625,1,catchment_near_assigned_hospital,8,observed_user_table,"CH Roanne dialysis: 53/day. 26 morning, 23 noon, 4 evening."
P116,HOME_P116,46.05534994668863,4.209882312650383,H2,other,A0415,14:00,P2,medium,1.5,standard_assis,2026-05-18 14:20:00,860,14:20,30,2026-05-18 14:50:00,890,14:50,25,1,35,13.675,19.54,13.675,H1,13.235,1,catchment_near_assigned_hospital,12,assumption_to_validate,Renaison other: assumed 36/day.
P117,HOME_P117,46.041391216474096,4.090608577290055,H2,dialysis,A0326,13:00,P1,high,2.0,vsl_required,2026-05-18 13:35:00,815,13:35,245,2026-05-18 17:40:00,1060,17:40,15,1,25,2.188,5.0,2.188,H2,2.188,1,catchment_near_assigned_hospital,8,assumption_to_validate,Renaison dialysis: assumed 30/day.
P118,HOME_P118,46.08909218572694,4.013531713244685,H2,dialysis,A0276,08:00,P1,high,2.0,vsl_required,2026-05-18 08:50:00,530,08:50,225,2026-05-18 12:35:00,755,12:35,15,1,25,8.049,11.5,8.049,H1,7.57,1,catchment_near_assigned_hospital,8,assumption_to_validate,Renaison dialysis: assumed 30/day.
P119,HOME_P119,46.09783569890587,4.139424853603559,H2,dialysis,A0328,13:00,P1,high,2.0,vsl_required,2026-05-18 13:40:00,820,13:40,255,2026-05-18 17:55:00,1075,17:55,15,1,25,9.944,14.21,9.944,H1,8.928,1,catchment_near_assigned_hospital,8,assumption_to_validate,Renaison dialysis: assumed 30/day.
P120,HOME_P120,45.96992869714757,4.09634386520257,H2,oncology,A0335,08:00,P1,high,2.0,prescription_medicale,2026-05-18 08:30:00,510,08:30,180,2026-05-18 11:30:00,690,11:30,15,1,25,10.862,15.52,10.862,H2,10.862,1,catchment_near_assigned_hospital,10,assumption_to_validate,Renaison oncology: assumed 16/day.
P121,HOME_P121,46.05139597131605,4.043628599904401,H3,dialysis,A0461,13:00,P1,high,2.0,vsl_required,2026-05-18 13:40:00,820,13:40,255,2026-05-18 17:55:00,1075,17:55,15,1,25,2.551,5.0,2.551,H3,2.551,1,catchment_near_assigned_hospital,8,assumption_to_validate,Third dialysis center: assumed 24/day.
P122,HOME_P122,46.053993065038206,4.159541040105109,H2,oncology,A0353,13:00,P1,high,2.0,standard_assis,2026-05-18 13:05:00,785,13:05,130,2026-05-18 15:15:00,915,15:15,15,1,25,8.829,12.61,8.829,H1,8.377,1,catchment_near_assigned_hospital,10,assumption_to_validate,Renaison oncology: assumed 16/day.
P123,HOME_P123,46.05461407341948,4.064966906328155,H1,dialysis,A0019,08:00,P1,high,2.0,vsl_required,2026-05-18 08:55:00,535,08:55,240,2026-05-18 12:55:00,775,12:55,15,1,25,0.768,5.0,0.768,H1,0.768,1,catchment_near_assigned_hospital,8,observed_user_table,"CH Roanne dialysis: 53/day. 26 morning, 23 noon, 4 evening."
P124,HOME_P124,46.082064720601636,4.022540064224801,H1,other,A0210,10:30,P2,medium,1.5,standard_assis,2026-05-18 11:40:00,700,11:40,65,2026-05-18 12:45:00,765,12:45,25,1,35,6.276,8.97,6.276,H1,6.276,1,catchment_near_assigned_hospital,12,observed_user_table,CH Roanne other: 49/day.
P125,HOME_P125,46.01205045681692,4.188310406639045,H1,other,A0197,10:30,P2,medium,1.5,prescription_medicale,2026-05-18 10:50:00,650,10:50,95,2026-05-18 12:25:00,745,12:25,25,1,35,12.543,17.92,12.543,H2,12.445,1,catchment_near_assigned_hospital,12,observed_user_table,CH Roanne other: 49/day.
P126,HOME_P126,46.03663887194389,4.000866677589088,H1,dialysis,A0076,13:00,P1,high,2.0,vsl_required,2026-05-18 13:25:00,805,13:25,240,2026-05-18 17:25:00,1045,17:25,15,1,25,7.307,10.44,7.307,H2,6.674,1,catchment_near_assigned_hospital,8,observed_user_table,"CH Roanne dialysis: 53/day. 26 morning, 23 noon, 4 evening."
P127,HOME_P127,45.98874569510783,4.078546630369667,H3,dialysis,A0466,13:00,P1,high,2.0,vsl_required,2026-05-18 13:25:00,805,13:25,220,2026-05-18 17:05:00,1025,17:05,15,1,25,8.554,12.22,8.554,H2,7.972,1,catchment_near_assigned_hospital,8,assumption_to_validate,Third dialysis center: assumed 24/day.
P128,HOME_P128,46.07910265353019,4.208833050587633,H1,other,A0184,08:30,P2,medium,1.5,standard_assis,2026-05-18 09:05:00,545,09:05,90,2026-05-18 10:35:00,635,10:35,25,1,35,13.609,19.44,13.609,H1,13.609,1,catchment_near_assigned_hospital,12,observed_user_table,CH Roanne other: 49/day.
P129,HOME_P129,46.03568148755306,3.9810014973827577,H1,other,A0212,10:30,P2,medium,1.5,prescription_medicale,2026-05-18 11:00:00,660,11:00,120,2026-05-18 13:00:00,780,13:00,25,1,35,9.179,13.11,9.179,H2,8.585,1,catchment_near_assigned_hospital,12,observed_user_table,CH Roanne other: 49/day.
P130,HOME_P130,45.95219236240703,3.900812259192807,H1,external,A0264,12:30,P3,low,1.0,standard_assis,2026-05-18 12:55:00,775,12:55,30,2026-05-18 13:25:00,805,13:25,35,1,56,21.746,31.07,21.746,H2,20.785,1,catchment_near_assigned_hospital,18,computed_from_user_table,External visits: 75/day * 15% using fleet.
P131,HOME_P131,46.05540369800308,4.164970586011659,H2,other,A0414,14:00,P2,medium,1.5,standard_assis,2026-05-18 15:15:00,915,15:15,35,2026-05-18 15:50:00,950,15:50,25,1,35,9.375,13.39,9.375,H1,8.905,1,catchment_near_assigned_hospital,12,assumption_to_validate,Renaison other: assumed 36/day.
P132,HOME_P132,46.12725138379638,4.0066556189063425,H1,other,A0237,14:00,P2,medium,1.5,prescription_medicale,2026-05-18 15:00:00,900,15:00,75,2026-05-18 16:15:00,975,16:15,25,1,35,12.091,17.27,12.091,H1,12.091,1,catchment_near_assigned_hospital,12,observed_user_table,CH Roanne other: 49/day.
P133,HOME_P133,45.97798671451505,4.07291370719613,H2,dialysis,A0323,13:00,P1,high,2.0,vsl_required,2026-05-18 13:50:00,830,13:50,245,2026-05-18 17:55:00,1075,17:55,15,1,25,9.42,13.46,9.42,H2,9.42,1,catchment_near_assigned_hospital,8,assumption_to_validate,Renaison dialysis: assumed 30/day.
P134,HOME_P134,46.01937772128455,3.9973940227320104,H2,other,A0366,08:30,P2,medium,1.5,standard_assis,2026-05-18 09:50:00,590,09:50,40,2026-05-18 10:30:00,630,10:30,25,1,35,7.801,11.14,7.801,H2,7.801,1,catchment_near_assigned_hospital,12,assumption_to_validate,Renaison other: assumed 36/day.
P135,HOME_P135,46.12120857466613,4.099758037546495,H1,dialysis,A0091,13:00,P1,high,2.0,vsl_required,2026-05-18 13:10:00,790,13:10,240,2026-05-18 17:10:00,1030,17:10,15,1,25,9.793,13.99,9.793,H1,9.793,1,catchment_near_assigned_hospital,8,observed_user_table,"CH Roanne dialysis: 53/day. 26 morning, 23 noon, 4 evening."
P136,HOME_P136,46.02695213154661,4.159719332655889,H3,dialysis,A0462,13:00,P1,high,2.0,vsl_required,2026-05-18 13:45:00,825,13:45,215,2026-05-18 17:20:00,1040,17:20,15,1,25,9.23,13.19,9.23,H2,9.152,1,catchment_near_assigned_hospital,8,assumption_to_validate,Third dialysis center: assumed 24/day.
P137,HOME_P137,46.0313459306105,4.039297036575272,H1,dialysis,A0026,08:00,P1,high,2.0,vsl_required,2026-05-18 08:45:00,525,08:45,240,2026-05-18 12:45:00,765,12:45,15,1,25,4.438,6.34,4.438,H2,3.476,1,catchment_near_assigned_hospital,8,observed_user_table,"CH Roanne dialysis: 53/day. 26 morning, 23 noon, 4 evening."
P138,HOME_P138,46.07437825628568,4.130928828535019,H2,dialysis,A0284,08:00,P1,high,2.0,vsl_required,2026-05-18 08:15:00,495,08:15,220,2026-05-18 11:55:00,715,11:55,15,1,25,7.197,10.28,7.197,H1,6.334,1,catchment_near_assigned_hospital,8,assumption_to_validate,Renaison dialysis: assumed 30/day.
P139,HOME_P139,46.12865776217681,4.116254370824367,H1,oncology,A0126,08:00,P1,high,2.0,vsl_required,2026-05-18 08:15:00,495,08:15,170,2026-05-18 11:05:00,665,11:05,15,1,25,11.284,16.12,11.284,H1,11.284,1,catchment_near_assigned_hospital,10,observed_user_table,CH Roanne chemotherapy: 30/day.
P140,HOME_P140,46.01167172610203,4.156206895665406,H1,other,A0200,10:30,P2,medium,1.5,vsl_required,2026-05-18 11:30:00,690,11:30,85,2026-05-18 12:55:00,775,12:55,25,1,35,9.92,14.17,9.92,H2,9.671,1,catchment_near_assigned_hospital,12,observed_user_table,CH Roanne other: 49/day.
P141,HOME_P141,46.074307541616385,4.064672953123807,H2,oncology,A0346,08:00,P1,high,2.0,prescription_medicale,2026-05-18 08:15:00,495,08:15,295,2026-05-18 13:10:00,790,13:10,15,1,25,3.996,5.71,3.996,H1,3.021,1,catchment_near_assigned_hospital,10,assumption_to_validate,Renaison oncology: assumed 16/day.
P142,HOME_P142,46.109533297451215,3.9464157809699625,H2,other,A0385,08:30,P2,medium,1.5,premium,2026-05-18 09:10:00,550,09:10,40,2026-05-18 09:50:00,590,09:50,25,1,35,14.763,21.09,14.763,H1,14.468,1,catchment_near_assigned_hospital,12,assumption_to_validate,Renaison other: assumed 36/day.
P143,HOME_P143,46.09771782992971,4.002725860641992,H3,dialysis,A0442,08:00,P1,high,2.0,prescription_medicale,2026-05-18 08:55:00,535,08:55,230,2026-05-18 12:45:00,765,12:45,15,1,25,9.277,13.25,9.277,H1,9.145,1,catchment_near_assigned_hospital,8,assumption_to_validate,Third dialysis center: assumed 24/day.
P144,HOME_P144,46.02124650906672,4.072222256395442,H2,dialysis,A0309,13:00,P1,high,2.0,prescription_medicale,2026-05-18 13:10:00,790,13:10,270,2026-05-18 17:40:00,1060,17:40,15,1,25,3.415,5.0,3.415,H2,3.415,1,catchment_near_assigned_hospital,8,assumption_to_validate,Renaison dialysis: assumed 30/day.
P145,HOME_P145,46.04405932367016,4.1577881130600165,H3,dialysis,A0472,13:00,P1,high,2.0,prescription_medicale,2026-05-18 13:30:00,810,13:30,270,2026-05-18 18:00:00,1080,18:00,15,1,25,8.509,12.16,8.509,H1,8.308,1,catchment_near_assigned_hospital,8,assumption_to_validate,Third dialysis center: assumed 24/day.
P146,HOME_P146,46.028236732059284,4.058616256654376,H2,dialysis,A0275,08:00,P1,high,2.0,vsl_required,2026-05-18 08:10:00,490,08:10,215,2026-05-18 11:45:00,705,11:45,15,1,25,2.619,5.0,2.619,H2,2.619,1,catchment_near_assigned_hospital,8,assumption_to_validate,Renaison dialysis: assumed 30/day.
P147,HOME_P147,46.07995289224437,4.000922608627961,H1,oncology,A0131,08:00,P1,high,2.0,prescription_medicale,2026-05-18 08:55:00,535,08:55,170,2026-05-18 11:45:00,705,11:45,15,1,25,7.851,11.22,7.851,H1,7.851,1,catchment_near_assigned_hospital,10,observed_user_table,CH Roanne chemotherapy: 30/day.
P148,HOME_P148,46.08974012956835,4.051013990379435,H1,dialysis,A0063,13:00,P1,high,2.0,vsl_required,2026-05-18 13:25:00,805,13:25,240,2026-05-18 17:25:00,1045,17:25,15,1,25,5.48,7.83,5.48,H1,5.48,1,catchment_near_assigned_hospital,8,observed_user_table,"CH Roanne dialysis: 53/day. 26 morning, 23 noon, 4 evening."
P149,HOME_P149,46.078087184492716,4.185423101657269,H1,oncology,A0111,08:00,P1,high,2.0,vsl_required,2026-05-18 08:55:00,535,08:55,155,2026-05-18 11:30:00,690,11:30,15,1,25,11.404,16.29,11.404,H1,11.404,1,catchment_near_assigned_hospital,10,observed_user_table,CH Roanne chemotherapy: 30/day.
P150,HOME_P150,46.06766648831689,4.068210212316441,H2,dialysis,A0318,13:00,P1,high,2.0,vsl_required,2026-05-18 13:10:00,790,13:10,240,2026-05-18 17:10:00,1030,17:10,15,1,25,3.054,5.0,3.054,H1,2.043,1,catchment_near_assigned_hospital,8,assumption_to_validate,Renaison dialysis: assumed 30/day.
P151,HOME_P151,45.989864325889044,4.090542066565627,H3,dialysis,A0445,08:00,P1,high,2.0,prescription_medicale,2026-05-18 08:45:00,525,08:45,220,2026-05-18 12:25:00,745,12:25,15,1,25,8.59,12.27,8.59,H2,8.04,1,catchment_near_assigned_hospital,8,assumption_to_validate,Third dialysis center: assumed 24/day.
P152,HOME_P152,46.070980814695204,4.035839703166113,H1,dialysis,A0072,13:00,P1,high,2.0,prescription_medicale,2026-05-18 13:15:00,795,13:15,240,2026-05-18 17:15:00,1035,17:15,15,1,25,4.322,6.17,4.322,H1,4.322,1,catchment_near_assigned_hospital,8,observed_user_table,"CH Roanne dialysis: 53/day. 26 morning, 23 noon, 4 evening."
P153,HOME_P153,45.99113712004619,4.046269809775499,H1,oncology,A0122,08:00,P1,high,2.0,standard_assis,2026-05-18 08:10:00,490,08:10,170,2026-05-18 11:00:00,660,11:00,15,1,25,9.009,12.87,9.009,H2,7.89,1,catchment_near_assigned_hospital,10,observed_user_table,CH Roanne chemotherapy: 30/day.
P154,HOME_P154,46.05154434658784,4.196369271388213,H2,other,A0364,08:30,P2,medium,1.5,standard_assis,2026-05-18 09:10:00,550,09:10,30,2026-05-18 09:40:00,580,09:40,25,1,35,12.333,17.62,12.333,H1,11.932,1,catchment_near_assigned_hospital,12,assumption_to_validate,Renaison other: assumed 36/day.
P155,HOME_P155,46.10417522955502,4.016070913520862,H1,dialysis,A0050,13:00,P1,high,2.0,vsl_required,2026-05-18 13:25:00,805,13:25,240,2026-05-18 17:25:00,1045,17:25,15,1,25,8.934,12.76,8.934,H1,8.934,1,catchment_near_assigned_hospital,8,observed_user_table,"CH Roanne dialysis: 53/day. 26 morning, 23 noon, 4 evening."
P156,HOME_P156,46.03363090231316,4.050609557868428,H1,dialysis,A0086,13:00,P1,high,2.0,prescription_medicale,2026-05-18 13:45:00,825,13:45,240,2026-05-18 17:45:00,1065,17:45,15,1,25,3.466,5.0,3.466,H2,2.428,1,catchment_near_assigned_hospital,8,observed_user_table,"CH Roanne dialysis: 53/day. 26 morning, 23 noon, 4 evening."
P157,HOME_P157,46.19405451441752,4.109601818023464,H1,external,A0269,15:30,P3,low,1.0,standard_assis,2026-05-18 17:20:00,1040,17:20,30,2026-05-18 17:50:00,1070,17:50,35,1,52,19.884,28.41,19.884,H1,19.884,1,catchment_near_assigned_hospital,18,computed_from_user_table,External visits: 75/day * 15% using fleet.
P158,HOME_P158,46.078516734994174,4.044968776323055,H2,dialysis,A0291,08:00,P1,high,2.0,vsl_required,2026-05-18 08:45:00,525,08:45,235,2026-05-18 12:40:00,760,12:40,15,1,25,5.108,7.3,5.108,H1,4.409,1,catchment_near_assigned_hospital,8,assumption_to_validate,Renaison dialysis: assumed 30/day.
P159,HOME_P159,46.12712840077582,4.127226130967633,H1,other,A0204,10:30,P2,medium,1.5,prescription_medicale,2026-05-18 11:30:00,690,11:30,100,2026-05-18 13:10:00,790,13:10,25,1,35,11.529,16.47,11.529,H1,11.529,1,catchment_near_assigned_hospital,12,observed_user_table,CH Roanne other: 49/day.
P160,HOME_P160,46.097686845804276,4.111369779469187,H1,oncology,A0135,11:00,P1,high,2.0,vsl_required,2026-05-18 11:30:00,690,11:30,155,2026-05-18 14:05:00,845,14:05,15,1,25,7.209,10.3,7.209,H1,7.209,1,catchment_near_assigned_hospital,10,observed_user_table,CH Roanne chemotherapy: 30/day.
P161,HOME_P161,45.99659826995154,4.059765185910627,H2,dialysis,A0329,13:00,P1,high,2.0,vsl_required,2026-05-18 13:10:00,790,13:10,220,2026-05-18 16:50:00,1010,16:50,15,1,25,6.88,9.83,6.88,H2,6.88,1,catchment_near_assigned_hospital,8,assumption_to_validate,Renaison dialysis: assumed 30/day.
P162,HOME_P162,46.01095261433698,4.144971456224293,H3,dialysis,A0474,17:00,P1,high,2.0,prescription_medicale,2026-05-18 17:05:00,1025,17:05,245,2026-05-18 21:10:00,1270,21:10,15,1,25,9.044,12.92,9.044,H2,8.795,1,catchment_near_assigned_hospital,8,assumption_to_validate,Third dialysis center: assumed 24/day.
P163,HOME_P163,46.0497013559078,4.102380924964325,H2,other,A0427,16:30,P2,medium,1.5,standard_assis,2026-05-18 17:20:00,1040,17:20,35,2026-05-18 17:55:00,1075,17:55,25,1,35,3.287,5.0,3.287,H1,2.906,1,catchment_near_assigned_hospital,12,assumption_to_validate,Renaison other: assumed 36/day.
P164,HOME_P164,46.032925919691394,4.017043998216936,H1,other,A0198,10:30,P2,medium,1.5,standard_assis,2026-05-18 11:25:00,685,11:25,75,2026-05-18 12:40:00,760,12:40,25,1,35,6.071,8.67,6.071,H2,5.3,1,catchment_near_assigned_hospital,12,observed_user_table,CH Roanne other: 49/day.
P165,HOME_P165,46.005383425580995,4.064918664287711,H1,oncology,A0124,08:00,P1,high,2.0,prescription_medicale,2026-05-18 08:35:00,515,08:35,155,2026-05-18 11:10:00,670,11:10,15,1,25,6.702,9.57,6.702,H2,5.616,1,catchment_near_assigned_hospital,10,observed_user_table,CH Roanne chemotherapy: 30/day.
P166,HOME_P166,46.00076557491592,4.037297731116236,H2,oncology,A0354,13:00,P1,high,2.0,standard_assis,2026-05-18 13:25:00,805,13:25,70,2026-05-18 14:35:00,875,14:35,15,1,25,6.946,9.92,6.946,H2,6.946,1,catchment_near_assigned_hospital,10,assumption_to_validate,Renaison oncology: assumed 16/day.
P167,HOME_P167,46.10170918309771,4.12438424743082,H1,dialysis,A0055,13:00,P1,high,2.0,vsl_required,2026-05-18 13:35:00,815,13:35,240,2026-05-18 17:35:00,1055,17:35,15,1,25,8.373,11.96,8.373,H1,8.373,1,catchment_near_assigned_hospital,8,observed_user_table,"CH Roanne dialysis: 53/day. 26 morning, 23 noon, 4 evening."
P168,HOME_P168,46.048853547994185,4.048640523333489,H1,other,A0244,16:00,P2,medium,1.5,standard_assis,2026-05-18 16:35:00,995,16:35,60,2026-05-18 17:35:00,1055,17:35,25,0,35,2.402,5.0,2.402,H2,1.994,1,catchment_near_assigned_hospital,12,observed_user_table,CH Roanne other: 49/day.
P169,HOME_P169,46.03052216213059,4.119117400275788,H2,dialysis,A0331,17:00,P1,high,2.0,prescription_medicale,2026-05-18 17:40:00,1060,17:40,225,2026-05-18 21:25:00,1285,21:25,15,1,25,5.293,7.56,5.293,H2,5.293,1,catchment_near_assigned_hospital,8,assumption_to_validate,Renaison dialysis: assumed 30/day.
P170,HOME_P170,46.11261594064361,4.133306301172757,H1,oncology,A0115,08:00,P1,high,2.0,vsl_required,2026-05-18 08:40:00,520,08:40,170,2026-05-18 11:30:00,690,11:30,15,1,25,10.105,14.44,10.105,H1,10.105,1,catchment_near_assigned_hospital,10,observed_user_table,CH Roanne chemotherapy: 30/day.
P171,HOME_P171,46.04128660310122,4.1357959985813855,H2,dialysis,A0301,08:00,P1,high,2.0,vsl_required,2026-05-18 08:00:00,480,08:00,245,2026-05-18 12:05:00,725,12:05,15,1,25,6.493,9.28,6.493,H1,6.312,1,catchment_near_assigned_hospital,8,assumption_to_validate,Renaison dialysis: assumed 30/day.
P172,HOME_P172,45.96663997313624,4.01083803986165,H2,oncology,A0350,13:00,P1,high,2.0,vsl_required,2026-05-18 13:45:00,825,13:45,60,2026-05-18 14:45:00,885,14:45,15,1,25,12.332,17.62,12.332,H2,12.332,1,catchment_near_assigned_hospital,10,assumption_to_validate,Renaison oncology: assumed 16/day.
P173,HOME_P173,45.99589353872169,4.008003782689679,H1,other,A0180,08:30,P2,medium,1.5,standard_assis,2026-05-18 09:50:00,590,09:50,95,2026-05-18 11:25:00,685,11:25,25,0,35,10.132,14.47,10.132,H2,9.075,1,catchment_near_assigned_hospital,12,observed_user_table,CH Roanne other: 49/day.
P174,HOME_P174,46.06524786675755,3.952800434248798,H1,oncology,A0134,11:00,P1,high,2.0,vsl_required,2026-05-18 11:15:00,675,11:15,160,2026-05-18 13:55:00,835,13:55,15,1,25,11.683,16.69,11.683,H3,11.501,1,catchment_near_assigned_hospital,10,observed_user_table,CH Roanne chemotherapy: 30/day.
P175,HOME_P175,46.05609207336092,3.8962167315087792,H1,external,A0257,09:30,P3,low,1.0,standard_assis,2026-05-18 10:20:00,620,10:20,25,2026-05-18 10:45:00,645,10:45,35,0,45,17.028,24.33,17.028,H2,16.711,1,catchment_near_assigned_hospital,18,computed_from_user_table,External visits: 75/day * 15% using fleet.
P176,HOME_P176,46.02726860618369,4.093196895590196,H2,dialysis,A0297,08:00,P1,high,2.0,vsl_required,2026-05-18 08:55:00,535,08:55,215,2026-05-18 12:30:00,750,12:30,15,1,25,3.479,5.0,3.479,H2,3.479,1,catchment_near_assigned_hospital,8,assumption_to_validate,Renaison dialysis: assumed 30/day.
P177,HOME_P177,46.06178361080304,4.134938417419076,H1,dialysis,A0068,13:00,P1,high,2.0,vsl_required,2026-05-18 13:05:00,785,13:05,240,2026-05-18 17:05:00,1025,17:05,15,1,25,6.118,8.74,6.118,H1,6.118,1,catchment_near_assigned_hospital,8,observed_user_table,"CH Roanne dialysis: 53/day. 26 morning, 23 noon, 4 evening."
P178,HOME_P178,46.098641694261964,4.09078331917741,H2,dialysis,A0294,08:00,P1,high,2.0,vsl_required,2026-05-18 08:10:00,490,08:10,220,2026-05-18 11:50:00,710,11:50,15,1,25,7.658,10.94,7.658,H1,6.539,1,catchment_near_assigned_hospital,8,assumption_to_validate,Renaison dialysis: assumed 30/day.
P179,HOME_P179,46.08048354154123,4.007405817023134,H3,dialysis,A0471,13:00,P1,high,2.0,prescription_medicale,2026-05-18 13:05:00,785,13:05,210,2026-05-18 16:35:00,995,16:35,15,1,25,7.375,10.54,7.375,H1,7.343,1,catchment_near_assigned_hospital,8,assumption_to_validate,Third dialysis center: assumed 24/day.
P180,HOME_P180,46.10275968282615,4.1211305864053465,H2,other,A0399,10:30,P2,medium,1.5,standard_assis,2026-05-18 10:40:00,640,10:40,30,2026-05-18 11:10:00,670,11:10,25,1,35,9.4,13.43,9.4,H1,8.31,1,catchment_near_assigned_hospital,12,assumption_to_validate,Renaison other: assumed 36/day.
P181,HOME_P181,46.07882934958737,4.1021286440957825,H3,dialysis,A0438,08:00,P1,high,2.0,vsl_required,2026-05-18 08:55:00,535,08:55,255,2026-05-18 13:10:00,790,13:10,15,1,25,5.065,7.24,5.065,H1,4.544,1,catchment_near_assigned_hospital,8,assumption_to_validate,Third dialysis center: assumed 24/day.
P182,HOME_P182,46.00465539182533,4.087592410193037,H1,dialysis,A0029,08:00,P1,high,2.0,vsl_required,2026-05-18 08:35:00,515,08:35,240,2026-05-18 12:35:00,755,12:35,15,1,25,6.912,9.87,6.912,H2,5.986,1,catchment_near_assigned_hospital,8,observed_user_table,"CH Roanne dialysis: 53/day. 26 morning, 23 noon, 4 evening."
P183,HOME_P183,46.09673136685713,4.149902607457468,H2,oncology,A0352,13:00,P1,high,2.0,vsl_required,2026-05-18 13:25:00,805,13:25,130,2026-05-18 15:35:00,935,15:35,15,1,25,10.558,15.08,10.558,H1,9.584,1,catchment_near_assigned_hospital,10,assumption_to_validate,Renaison oncology: assumed 16/day.
P184,HOME_P184,46.053299738876554,3.9947378837206444,H2,dialysis,A0285,08:00,P1,high,2.0,vsl_required,2026-05-18 08:55:00,535,08:55,265,2026-05-18 13:20:00,800,13:20,15,1,25,7.222,10.32,7.222,H2,7.222,1,catchment_near_assigned_hospital,8,assumption_to_validate,Renaison dialysis: assumed 30/day.
P185,HOME_P185,46.038972760525255,4.011797068025755,H2,dialysis,A0308,13:00,P1,high,2.0,vsl_required,2026-05-18 13:15:00,795,13:15,240,2026-05-18 17:15:00,1035,17:15,15,1,25,5.579,7.97,5.579,H2,5.579,1,catchment_near_assigned_hospital,8,assumption_to_validate,Renaison dialysis: assumed 30/day.
P186,HOME_P186,46.09681984508379,4.068713307475479,H1,dialysis,A0092,13:00,P1,high,2.0,prescription_medicale,2026-05-18 13:05:00,785,13:05,240,2026-05-18 17:05:00,1025,17:05,15,1,25,6.061,8.66,6.061,H1,6.061,1,catchment_near_assigned_hospital,8,observed_user_table,"CH Roanne dialysis: 53/day. 26 morning, 23 noon, 4 evening."
P187,HOME_P187,46.02708364376549,4.153082769381767,H2,dialysis,A0316,13:00,P1,high,2.0,vsl_required,2026-05-18 13:30:00,810,13:30,220,2026-05-18 17:10:00,1030,17:10,15,1,25,8.534,12.19,8.534,H2,8.534,1,catchment_near_assigned_hospital,8,assumption_to_validate,Renaison dialysis: assumed 30/day.
P188,HOME_P188,46.074666701274886,4.1362336453151975,H1,dialysis,A0077,13:00,P1,high,2.0,prescription_medicale,2026-05-18 13:40:00,820,13:40,240,2026-05-18 17:40:00,1060,17:40,15,1,25,6.809,9.73,6.809,H1,6.809,1,catchment_near_assigned_hospital,8,observed_user_table,"CH Roanne dialysis: 53/day. 26 morning, 23 noon, 4 evening."
P189,HOME_P189,46.076588372503196,4.000458019084295,H3,dialysis,A0470,13:00,P1,high,2.0,vsl_required,2026-05-18 13:05:00,785,13:05,235,2026-05-18 17:00:00,1020,17:00,15,1,25,7.658,10.94,7.658,H3,7.658,1,catchment_near_assigned_hospital,8,assumption_to_validate,Third dialysis center: assumed 24/day.
P190,HOME_P190,46.0318727470698,4.085802999967952,H2,other,A0390,10:30,P2,medium,1.5,standard_assis,2026-05-18 10:45:00,645,10:45,35,2026-05-18 11:20:00,680,11:20,25,1,35,2.527,5.0,2.527,H2,2.527,1,catchment_near_assigned_hospital,12,assumption_to_validate,Renaison other: assumed 36/day.
P191,HOME_P191,46.065257326811036,3.970696761221002,H2,other,A0365,08:30,P2,medium,1.5,premium,2026-05-18 09:25:00,565,09:25,35,2026-05-18 10:00:00,600,10:00,25,1,35,9.845,14.06,9.845,H3,9.81,1,catchment_near_assigned_hospital,12,assumption_to_validate,Renaison other: assumed 36/day.
P192,HOME_P192,45.99554307179277,4.097646293598372,H2,dialysis,A0303,13:00,P1,high,2.0,vsl_required,2026-05-18 13:50:00,830,13:50,245,2026-05-18 17:55:00,1075,17:55,15,1,25,7.507,10.72,7.507,H2,7.507,1,catchment_near_assigned_hospital,8,assumption_to_validate,Renaison dialysis: assumed 30/day.
P193,HOME_P193,46.13414129772935,4.079223817551365,H1,external,A0255,09:30,P3,low,1.0,standard_assis,2026-05-18 11:05:00,665,11:05,30,2026-05-18 11:35:00,695,11:35,35,1,45,11.254,16.08,11.254,H1,11.254,1,catchment_near_assigned_hospital,18,computed_from_user_table,External visits: 75/day * 15% using fleet.
P194,HOME_P194,46.05447631115498,3.970499308170785,H1,dialysis,A0043,08:00,P1,high,2.0,vsl_required,2026-05-18 08:20:00,500,08:20,240,2026-05-18 12:20:00,740,12:20,15,1,25,9.86,14.09,9.86,H2,9.561,1,catchment_near_assigned_hospital,8,observed_user_table,"CH Roanne dialysis: 53/day. 26 morning, 23 noon, 4 evening."
P195,HOME_P195,46.070737095539535,4.101308760004615,H1,dialysis,A0078,13:00,P1,high,2.0,prescription_medicale,2026-05-18 13:50:00,830,13:50,240,2026-05-18 17:50:00,1070,17:50,15,1,25,3.672,5.25,3.672,H1,3.672,1,catchment_near_assigned_hospital,8,observed_user_table,"CH Roanne dialysis: 53/day. 26 morning, 23 noon, 4 evening."
P196,HOME_P196,46.07276549732872,4.038756934629998,H1,dialysis,A0069,13:00,P1,high,2.0,vsl_required,2026-05-18 13:15:00,795,13:15,240,2026-05-18 17:15:00,1035,17:15,15,1,25,4.247,6.07,4.247,H1,4.247,1,catchment_near_assigned_hospital,8,observed_user_table,"CH Roanne dialysis: 53/day. 26 morning, 23 noon, 4 evening."
P197,HOME_P197,45.990340094607674,4.281290016548816,H1,external,A0252,08:30,P3,low,1.0,standard_assis,2026-05-18 10:05:00,605,10:05,20,2026-05-18 10:25:00,625,10:25,35,1,57,21.952,31.36,21.952,H2,21.906,1,catchment_near_assigned_hospital,18,computed_from_user_table,External visits: 75/day * 15% using fleet.
P198,HOME_P198,46.00907714950531,4.002691269947781,H1,dialysis,A0094,17:00,P1,high,2.0,vsl_required,2026-05-18 17:55:00,1075,17:55,240,2026-05-18 21:55:00,1315,21:55,15,1,25,9.134,13.05,9.134,H2,8.162,1,catchment_near_assigned_hospital,8,observed_user_table,"CH Roanne dialysis: 53/day. 26 morning, 23 noon, 4 evening."
P199,HOME_P199,46.04587248098119,3.9694263173273034,H3,dialysis,A0457,13:00,P1,high,2.0,vsl_required,2026-05-18 13:55:00,835,13:55,240,2026-05-18 17:55:00,1075,17:55,15,1,25,9.719,13.88,9.719,H2,9.587,1,catchment_near_assigned_hospital,8,assumption_to_validate,Third dialysis center: assumed 24/day.
P200,HOME_P200,46.03595492009892,4.0338067627869805,H2,other,A0391,10:30,P2,medium,1.5,standard_assis,2026-05-18 11:15:00,675,11:15,35,2026-05-18 11:50:00,710,11:50,25,1,35,3.638,5.2,3.638,H2,3.638,1,catchment_near_assigned_hospital,12,assumption_to_validate,Renaison other: assumed 36/day.
P201,HOME_P201,46.01258273023904,4.151870561558098,H1,oncology,A0108,08:00,P1,high,2.0,vsl_required,2026-05-18 08:45:00,525,08:45,180,2026-05-18 11:45:00,705,11:45,15,1,25,9.508,13.58,9.508,H2,9.244,1,catchment_near_assigned_hospital,10,observed_user_table,CH Roanne chemotherapy: 30/day.
P202,HOME_P202,46.08158507639722,4.11725627412081,H2,dialysis,A0282,08:00,P1,high,2.0,vsl_required,2026-05-18 08:00:00,480,08:00,220,2026-05-18 11:40:00,700,11:40,15,1,25,6.835,9.76,6.835,H1,5.824,1,catchment_near_assigned_hospital,8,assumption_to_validate,Renaison dialysis: assumed 30/day.
P203,HOME_P203,46.08820543631037,4.064801748496988,H1,dialysis,A0061,13:00,P1,high,2.0,vsl_required,2026-05-18 13:15:00,795,13:15,240,2026-05-18 17:15:00,1035,17:15,15,1,25,4.911,7.02,4.911,H1,4.911,1,catchment_near_assigned_hospital,8,observed_user_table,"CH Roanne dialysis: 53/day. 26 morning, 23 noon, 4 evening."
P204,HOME_P204,46.05430118252019,4.048652353501785,H1,dialysis,A0025,08:00,P1,high,2.0,vsl_required,2026-05-18 08:10:00,490,08:10,240,2026-05-18 12:10:00,730,12:10,15,1,25,2.324,5.0,2.324,H3,2.144,1,catchment_near_assigned_hospital,8,observed_user_table,"CH Roanne dialysis: 53/day. 26 morning, 23 noon, 4 evening."
P205,HOME_P205,46.05488639839758,4.12175617359322,H3,dialysis,A0441,08:00,P1,high,2.0,vsl_required,2026-05-18 08:50:00,530,08:50,225,2026-05-18 12:35:00,755,12:35,15,1,25,5.038,7.2,5.038,H1,4.737,1,catchment_near_assigned_hospital,8,assumption_to_validate,Third dialysis center: assumed 24/day.
P206,HOME_P206,46.08841761174934,4.112055734060557,H1,oncology,A0119,08:00,P1,high,2.0,vsl_required,2026-05-18 08:20:00,500,08:20,170,2026-05-18 11:10:00,670,11:10,15,1,25,6.183,8.83,6.183,H1,6.183,1,catchment_near_assigned_hospital,10,observed_user_table,CH Roanne chemotherapy: 30/day.
P207,HOME_P207,46.07423362747425,4.016005270643713,H3,dialysis,A0437,08:00,P1,high,2.0,vsl_required,2026-05-18 08:50:00,530,08:50,245,2026-05-18 12:55:00,775,12:55,15,1,25,6.202,8.86,6.202,H1,6.194,1,catchment_near_assigned_hospital,8,assumption_to_validate,Third dialysis center: assumed 24/day.
P208,HOME_P208,45.972437211450504,4.03287427589201,H1,oncology,A0116,08:00,P1,high,2.0,vsl_required,2026-05-18 08:25:00,505,08:25,175,2026-05-18 11:20:00,680,11:20,15,1,25,11.879,16.97,11.879,H2,10.757,1,catchment_near_assigned_hospital,10,observed_user_table,CH Roanne chemotherapy: 30/day.
P209,HOME_P209,46.0613472304852,4.033488226844389,H1,dialysis,A0033,08:00,P1,high,2.0,vsl_required,2026-05-18 08:35:00,515,08:35,240,2026-05-18 12:35:00,755,12:35,15,1,25,3.944,5.63,3.944,H3,3.859,1,catchment_near_assigned_hospital,8,observed_user_table,"CH Roanne dialysis: 53/day. 26 morning, 23 noon, 4 evening."
P210,HOME_P210,46.029123720412464,4.006155732402927,H3,dialysis,A0455,13:00,P1,high,2.0,vsl_required,2026-05-18 13:35:00,815,13:35,235,2026-05-18 17:30:00,1050,17:30,15,1,25,6.809,9.73,6.809,H2,6.469,1,catchment_near_assigned_hospital,8,assumption_to_validate,Third dialysis center: assumed 24/day.
P211,HOME_P211,46.045868238953254,4.038856769552005,H2,oncology,A0336,08:00,P1,high,2.0,vsl_required,2026-05-18 08:15:00,495,08:15,175,2026-05-18 11:10:00,670,11:10,15,1,25,2.889,5.0,2.889,H2,2.889,1,catchment_near_assigned_hospital,10,assumption_to_validate,Renaison oncology: assumed 16/day.
P212,HOME_P212,45.99432798302375,3.966326997510614,H2,oncology,A0357,13:00,P1,high,2.0,vsl_required,2026-05-18 13:45:00,825,13:45,90,2026-05-18 15:15:00,915,15:15,15,1,25,12.199,17.43,12.199,H2,12.199,1,catchment_near_assigned_hospital,10,assumption_to_validate,Renaison oncology: assumed 16/day.
P213,HOME_P213,46.045602275300986,4.064522353491541,H1,other,A0241,14:00,P2,medium,1.5,standard_assis,2026-05-18 15:00:00,900,15:00,115,2026-05-18 16:55:00,1015,16:55,25,1,35,1.329,5.0,1.329,H2,0.413,1,catchment_near_assigned_hospital,12,observed_user_table,CH Roanne other: 49/day.
P214,HOME_P214,46.076777205662545,4.2057795249936385,H1,other,A0229,14:00,P2,medium,1.5,standard_assis,2026-05-18 14:15:00,855,14:15,100,2026-05-18 15:55:00,955,15:55,25,1,35,13.242,18.92,13.242,H1,13.242,1,catchment_near_assigned_hospital,12,observed_user_table,CH Roanne other: 49/day.
P215,HOME_P215,46.023222356392175,4.103428538871608,H1,dialysis,A0046,08:00,P1,high,2.0,vsl_required,2026-05-18 08:10:00,490,08:10,240,2026-05-18 12:10:00,730,12:10,15,1,25,5.125,7.32,5.125,H2,4.574,1,catchment_near_assigned_hospital,8,observed_user_table,"CH Roanne dialysis: 53/day. 26 morning, 23 noon, 4 evening."
P216,HOME_P216,46.11094221942337,4.059045766823907,H1,dialysis,A0085,13:00,P1,high,2.0,vsl_required,2026-05-18 13:30:00,810,13:30,240,2026-05-18 17:30:00,1050,17:30,15,1,25,8.119,11.6,8.119,H1,8.119,1,catchment_near_assigned_hospital,8,observed_user_table,"CH Roanne dialysis: 53/day. 26 morning, 23 noon, 4 evening."
P217,HOME_P217,46.01285273914499,4.092392826499993,H3,dialysis,A0456,13:00,P1,high,2.0,vsl_required,2026-05-18 13:05:00,785,13:05,230,2026-05-18 16:55:00,1015,16:55,15,1,25,5.597,8.0,5.597,H2,5.102,1,catchment_near_assigned_hospital,8,assumption_to_validate,Third dialysis center: assumed 24/day.
P218,HOME_P218,46.034868326754314,4.039702026954485,H1,oncology,A0141,11:00,P1,high,2.0,vsl_required,2026-05-18 11:45:00,705,11:45,165,2026-05-18 14:30:00,870,14:30,15,1,25,4.086,5.84,4.086,H2,3.186,1,catchment_near_assigned_hospital,10,observed_user_table,CH Roanne chemotherapy: 30/day.
P219,HOME_P219,46.05851134804088,4.057633379781135,H1,dialysis,A0005,08:00,P1,high,2.0,vsl_required,2026-05-18 08:40:00,520,08:40,240,2026-05-18 12:40:00,760,12:40,15,1,25,1.624,5.0,1.624,H1,1.624,1,catchment_near_assigned_hospital,8,observed_user_table,"CH Roanne dialysis: 53/day. 26 morning, 23 noon, 4 evening."
P220,HOME_P220,46.06645299204845,4.141051081625536,H1,dialysis,A0001,08:00,P1,high,2.0,vsl_required,2026-05-18 08:30:00,510,08:30,240,2026-05-18 12:30:00,750,12:30,15,1,25,6.841,9.77,6.841,H1,6.841,1,catchment_near_assigned_hospital,8,observed_user_table,"CH Roanne dialysis: 53/day. 26 morning, 23 noon, 4 evening."
P221,HOME_P221,46.084258812096124,3.994914576894998,H2,oncology,A0343,08:00,P1,high,2.0,vsl_required,2026-05-18 08:00:00,480,08:00,135,2026-05-18 10:15:00,615,10:15,15,1,25,8.916,12.74,8.916,H1,8.648,1,catchment_near_assigned_hospital,10,assumption_to_validate,Renaison oncology: assumed 16/day.
P222,HOME_P222,46.0652787704054,4.188140185173655,H1,other,A0227,14:00,P2,medium,1.5,prescription_medicale,2026-05-18 15:20:00,920,15:20,65,2026-05-18 16:25:00,985,16:25,25,1,35,11.258,16.08,11.258,H1,11.258,1,catchment_near_assigned_hospital,12,observed_user_table,CH Roanne other: 49/day.
P223,HOME_P223,46.10051903417027,4.101608439999786,H2,dialysis,A0299,08:00,P1,high,2.0,vsl_required,2026-05-18 08:05:00,485,08:05,245,2026-05-18 12:10:00,730,12:10,15,1,25,8.25,11.79,8.25,H1,7.13,1,catchment_near_assigned_hospital,8,assumption_to_validate,Renaison dialysis: assumed 30/day.
P224,HOME_P224,45.99003201506028,4.110439095966323,H3,dialysis,A0463,13:00,P1,high,2.0,vsl_required,2026-05-18 13:10:00,790,13:10,220,2026-05-18 16:50:00,1010,16:50,15,1,25,9.204,13.15,9.204,H2,8.719,1,catchment_near_assigned_hospital,8,assumption_to_validate,Third dialysis center: assumed 24/day.
P225,HOME_P225,46.09160359951776,3.998435098304503,H1,oncology,A0121,08:00,P1,high,2.0,standard_assis,2026-05-18 08:30:00,510,08:30,175,2026-05-18 11:25:00,685,11:25,15,1,25,8.923,12.75,8.923,H1,8.923,1,catchment_near_assigned_hospital,10,observed_user_table,CH Roanne chemotherapy: 30/day.
P226,HOME_P226,46.06193163177883,3.978512058765793,H1,oncology,A0130,08:00,P1,high,2.0,vsl_required,2026-05-18 08:45:00,525,08:45,165,2026-05-18 11:30:00,690,11:30,15,1,25,9.164,13.09,9.164,H3,8.979,1,catchment_near_assigned_hospital,10,observed_user_table,CH Roanne chemotherapy: 30/day.
P227,HOME_P227,46.02526314095606,4.039069062701429,H1,dialysis,A0051,13:00,P1,high,2.0,vsl_required,2026-05-18 13:15:00,795,13:15,240,2026-05-18 17:15:00,1035,17:15,15,1,25,5.071,7.24,5.071,H2,4.037,1,catchment_near_assigned_hospital,8,observed_user_table,"CH Roanne dialysis: 53/day. 26 morning, 23 noon, 4 evening."
P228,HOME_P228,46.00249595471294,4.019392347914235,H2,dialysis,A0283,08:00,P1,high,2.0,vsl_required,2026-05-18 08:40:00,520,08:40,260,2026-05-18 13:00:00,780,13:00,15,1,25,7.668,10.95,7.668,H2,7.668,1,catchment_near_assigned_hospital,8,assumption_to_validate,Renaison dialysis: assumed 30/day.
P229,HOME_P229,45.95823345742438,4.027108766903565,H2,other,A0380,08:30,P2,medium,1.5,standard_assis,2026-05-18 08:55:00,535,08:55,25,2026-05-18 09:20:00,560,09:20,25,1,35,12.806,18.29,12.806,H2,12.806,1,catchment_near_assigned_hospital,12,assumption_to_validate,Renaison other: assumed 36/day.
P230,HOME_P230,46.00257270102438,4.120780760129842,H1,dialysis,A0010,08:00,P1,high,2.0,prescription_medicale,2026-05-18 08:55:00,535,08:55,240,2026-05-18 12:55:00,775,12:55,15,1,25,8.441,12.06,8.441,H2,7.817,1,catchment_near_assigned_hospital,8,observed_user_table,"CH Roanne dialysis: 53/day. 26 morning, 23 noon, 4 evening."
P231,HOME_P231,46.057290448856754,4.163451118859736,H2,dialysis,A0280,08:00,P1,high,2.0,vsl_required,2026-05-18 08:35:00,515,08:35,270,2026-05-18 13:05:00,785,13:05,15,1,25,9.271,13.24,9.271,H1,8.771,1,catchment_near_assigned_hospital,8,assumption_to_validate,Renaison dialysis: assumed 30/day.
P232,HOME_P232,46.103263535610225,4.017334524356361,H1,oncology,A0136,11:00,P1,high,2.0,vsl_required,2026-05-18 11:15:00,675,11:15,175,2026-05-18 14:10:00,850,14:10,15,1,25,8.759,12.51,8.759,H1,8.759,1,catchment_near_assigned_hospital,10,observed_user_table,CH Roanne chemotherapy: 30/day.
P233,HOME_P233,45.990805461622074,4.0166900169636905,H1,oncology,A0132,08:00,P1,high,2.0,prescription_medicale,2026-05-18 08:00:00,480,08:00,155,2026-05-18 10:35:00,635,10:35,15,1,25,10.231,14.62,10.231,H2,9.139,1,catchment_near_assigned_hospital,10,observed_user_table,CH Roanne chemotherapy: 30/day.
P234,HOME_P234,46.073268289266494,4.171930341113615,H1,dialysis,A0054,13:00,P1,high,2.0,prescription_medicale,2026-05-18 13:50:00,830,13:50,240,2026-05-18 17:50:00,1070,17:50,15,1,25,9.964,14.23,9.964,H1,9.964,1,catchment_near_assigned_hospital,8,observed_user_table,"CH Roanne dialysis: 53/day. 26 morning, 23 noon, 4 evening."
P235,HOME_P235,46.09726671168839,3.961792642724785,H1,oncology,A0109,08:00,P1,high,2.0,vsl_required,2026-05-18 08:20:00,500,08:20,155,2026-05-18 10:55:00,655,10:55,15,1,25,12.317,17.6,12.317,H1,12.317,1,catchment_near_assigned_hospital,10,observed_user_table,CH Roanne chemotherapy: 30/day.
P236,HOME_P236,46.10739426812782,4.07703559139117,H1,dialysis,A0097,17:00,P1,high,2.0,vsl_required,2026-05-18 17:25:00,1045,17:25,240,2026-05-18 21:25:00,1285,21:25,15,1,25,7.53,10.76,7.53,H1,7.53,1,catchment_near_assigned_hospital,8,observed_user_table,"CH Roanne dialysis: 53/day. 26 morning, 23 noon, 4 evening."
P237,HOME_P237,46.07343845118174,4.070446249340648,H1,oncology,A0129,08:00,P1,high,2.0,vsl_required,2026-05-18 08:15:00,495,08:15,170,2026-05-18 11:05:00,665,11:05,15,1,25,2.808,5.0,2.808,H1,2.808,1,catchment_near_assigned_hospital,10,observed_user_table,CH Roanne chemotherapy: 30/day.
P238,HOME_P238,45.994695303346816,4.007193896823539,H2,other,A0397,10:30,P2,medium,1.5,prescription_medicale,2026-05-18 10:35:00,635,10:35,35,2026-05-18 11:10:00,670,11:10,25,1,35,9.253,13.22,9.253,H2,9.253,1,catchment_near_assigned_hospital,12,assumption_to_validate,Renaison other: assumed 36/day.
P239,HOME_P239,46.04699593551483,4.120934897122055,H2,other,A0387,10:30,P2,medium,1.5,prescription_medicale,2026-05-18 10:55:00,655,10:55,25,2026-05-18 11:20:00,680,11:20,25,1,35,5.033,7.19,5.033,H1,4.735,1,catchment_near_assigned_hospital,12,assumption_to_validate,Renaison other: assumed 36/day.
P240,HOME_P240,46.129758115975854,4.029730843693181,H1,other,A0201,10:30,P2,medium,1.5,standard_assis,2026-05-18 11:00:00,660,11:00,105,2026-05-18 12:45:00,765,12:45,25,1,35,11.406,16.29,11.406,H1,11.406,1,catchment_near_assigned_hospital,12,observed_user_table,CH Roanne other: 49/day.
P241,HOME_P241,46.05657823762849,4.175604989584296,H1,dialysis,A0015,08:00,P1,high,2.0,vsl_required,2026-05-18 08:55:00,535,08:55,240,2026-05-18 12:55:00,775,12:55,15,1,25,9.936,14.19,9.936,H1,9.936,1,catchment_near_assigned_hospital,8,observed_user_table,"CH Roanne dialysis: 53/day. 26 morning, 23 noon, 4 evening."
P242,HOME_P242,45.99592985704727,4.121699472753458,H1,other,A0205,10:30,P2,medium,1.5,standard_assis,2026-05-18 10:40:00,640,10:40,95,2026-05-18 12:15:00,735,12:15,25,1,35,9.271,13.24,9.271,H2,8.598,1,catchment_near_assigned_hospital,12,observed_user_table,CH Roanne other: 49/day.
P243,HOME_P243,46.02803394026104,4.0239480783441355,H1,dialysis,A0008,08:00,P1,high,2.0,vsl_required,2026-05-18 08:10:00,490,08:10,240,2026-05-18 12:10:00,730,12:10,15,1,25,5.87,8.39,5.87,H2,4.976,1,catchment_near_assigned_hospital,8,observed_user_table,"CH Roanne dialysis: 53/day. 26 morning, 23 noon, 4 evening."
P244,HOME_P244,46.1296241396318,3.9993877994657376,H2,other,A0426,16:30,P2,medium,1.5,premium,2026-05-18 17:05:00,1025,17:05,35,2026-05-18 17:40:00,1060,17:40,25,0,35,13.448,19.21,13.448,H1,12.747,1,catchment_near_assigned_hospital,12,assumption_to_validate,Renaison other: assumed 36/day.
P245,HOME_P245,46.0147467489056,4.140653171057567,H1,dialysis,A0032,08:00,P1,high,2.0,vsl_required,2026-05-18 08:05:00,485,08:05,240,2026-05-18 12:05:00,725,12:05,15,1,25,8.468,12.1,8.468,H2,8.16,1,catchment_near_assigned_hospital,8,observed_user_table,"CH Roanne dialysis: 53/day. 26 morning, 23 noon, 4 evening."
P246,HOME_P246,46.09695037518535,4.094525973606297,H2,dialysis,A0286,08:00,P1,high,2.0,vsl_required,2026-05-18 08:25:00,505,08:25,220,2026-05-18 12:05:00,725,12:05,15,0,25,7.543,10.78,7.543,H1,6.422,1,catchment_near_assigned_hospital,8,assumption_to_validate,Renaison dialysis: assumed 30/day.
P247,HOME_P247,46.12205918059044,4.104230561612175,H2,other,A0381,08:30,P2,medium,1.5,standard_assis,2026-05-18 09:35:00,575,09:35,30,2026-05-18 10:05:00,605,10:05,25,1,35,11.15,15.93,11.15,H1,10.029,1,catchment_near_assigned_hospital,12,assumption_to_validate,Renaison other: assumed 36/day.
P248,HOME_P248,45.99567748507393,4.052284657006714,H2,oncology,A0338,08:00,P1,high,2.0,vsl_required,2026-05-18 08:55:00,535,08:55,310,2026-05-18 14:05:00,845,14:05,15,1,25,7.133,10.19,7.133,H2,7.133,1,catchment_near_assigned_hospital,10,assumption_to_validate,Renaison oncology: assumed 16/day.
P249,HOME_P249,46.20160524023963,4.083210341383314,H1,external,A0258,09:30,P3,low,1.0,standard_assis,2026-05-18 10:30:00,630,10:30,30,2026-05-18 11:00:00,660,11:00,35,1,54,20.638,29.48,20.638,H1,20.638,1,catchment_near_assigned_hospital,18,computed_from_user_table,External visits: 75/day * 15% using fleet.
P250,HOME_P250,46.0667405590002,4.046269264480488,H1,dialysis,A0070,13:00,P1,high,2.0,prescription_medicale,2026-05-18 13:55:00,835,13:55,240,2026-05-18 17:55:00,1075,17:55,15,1,25,3.16,5.0,3.16,H1,3.16,1,catchment_near_assigned_hospital,8,observed_user_table,"CH Roanne dialysis: 53/day. 26 morning, 23 noon, 4 evening."
P251,HOME_P251,46.02903404386443,4.040815148846714,H2,dialysis,A0314,13:00,P1,high,2.0,vsl_required,2026-05-18 13:35:00,815,13:35,225,2026-05-18 17:20:00,1040,17:20,15,1,25,3.558,5.08,3.558,H2,3.558,1,catchment_near_assigned_hospital,8,assumption_to_validate,Renaison dialysis: assumed 30/day.
P252,HOME_P252,46.07631650005543,4.20993800347242,H2,other,A0417,14:00,P2,medium,1.5,prescription_medicale,2026-05-18 14:15:00,855,14:15,30,2026-05-18 14:45:00,885,14:45,25,1,35,14.262,20.37,14.262,H1,13.616,1,catchment_near_assigned_hospital,12,assumption_to_validate,Renaison other: assumed 36/day.
P253,HOME_P253,46.07953924304691,4.007904725061727,H2,other,A0376,08:30,P2,medium,1.5,standard_assis,2026-05-18 08:55:00,535,08:55,40,2026-05-18 09:35:00,575,09:35,25,1,35,7.524,10.75,7.524,H1,7.235,1,catchment_near_assigned_hospital,12,assumption_to_validate,Renaison other: assumed 36/day.
P254,HOME_P254,46.13893778513813,4.126938858503137,H1,other,A0245,16:00,P2,medium,1.5,standard_assis,2026-05-18 16:25:00,985,16:25,80,2026-05-18 17:45:00,1065,17:45,25,0,35,13.001,18.57,13.001,H1,13.001,1,catchment_near_assigned_hospital,12,observed_user_table,CH Roanne other: 49/day.
P255,HOME_P255,46.10440164381884,4.179561174642742,H1,external,A0253,08:30,P3,low,1.0,standard_assis,2026-05-18 10:25:00,625,10:25,20,2026-05-18 10:45:00,645,10:45,35,1,45,12.514,17.88,12.514,H1,12.514,1,catchment_near_assigned_hospital,18,computed_from_user_table,External visits: 75/day * 15% using fleet.
P256,HOME_P256,46.0473374613669,4.166792469125844,H1,dialysis,A0071,13:00,P1,high,2.0,vsl_required,2026-05-18 13:50:00,830,13:50,240,2026-05-18 17:50:00,1070,17:50,15,1,25,9.114,13.02,9.114,H1,9.114,1,catchment_near_assigned_hospital,8,observed_user_table,"CH Roanne dialysis: 53/day. 26 morning, 23 noon, 4 evening."
P257,HOME_P257,46.098051515629095,4.025201162828627,H1,oncology,A0104,08:00,P1,high,2.0,prescription_medicale,2026-05-18 08:20:00,500,08:20,180,2026-05-18 11:20:00,680,11:20,15,1,25,7.724,11.03,7.724,H1,7.724,1,catchment_near_assigned_hospital,10,observed_user_table,CH Roanne chemotherapy: 30/day.
P258,HOME_P258,46.05686671387176,3.9687128304731893,H1,other,A0163,08:30,P2,medium,1.5,prescription_medicale,2026-05-18 09:50:00,590,09:50,80,2026-05-18 11:10:00,670,11:10,25,1,35,10.043,14.35,10.043,H2,9.779,1,catchment_near_assigned_hospital,12,observed_user_table,CH Roanne other: 49/day.
P259,HOME_P259,46.103102463957725,4.035500420959424,H1,dialysis,A0003,08:00,P1,high,2.0,prescription_medicale,2026-05-18 08:20:00,500,08:20,240,2026-05-18 12:20:00,740,12:20,15,1,25,7.796,11.14,7.796,H1,7.796,1,catchment_near_assigned_hospital,8,observed_user_table,"CH Roanne dialysis: 53/day. 26 morning, 23 noon, 4 evening."
P260,HOME_P260,46.015221315306135,4.155912543487131,H2,other,A0371,08:30,P2,medium,1.5,standard_assis,2026-05-18 09:35:00,575,09:35,35,2026-05-18 10:10:00,610,10:10,25,1,35,9.413,13.45,9.413,H2,9.413,1,catchment_near_assigned_hospital,12,assumption_to_validate,Renaison other: assumed 36/day.
P261,HOME_P261,46.13177356041618,4.1336644399796665,H1,other,A0160,08:30,P2,medium,1.5,standard_assis,2026-05-18 08:45:00,525,08:45,75,2026-05-18 10:00:00,600,10:00,25,1,35,12.39,17.7,12.39,H1,12.39,1,catchment_near_assigned_hospital,12,observed_user_table,CH Roanne other: 49/day.
P262,HOME_P262,46.12172159855686,4.002028673542705,H2,other,A0370,08:30,P2,medium,1.5,prescription_medicale,2026-05-18 09:25:00,565,09:25,30,2026-05-18 09:55:00,595,09:55,25,1,35,12.373,17.68,12.373,H1,11.699,1,catchment_near_assigned_hospital,12,assumption_to_validate,Renaison other: assumed 36/day.
P263,HOME_P263,46.01419443391458,4.207691814887557,H1,other,A0249,16:00,P2,medium,1.5,premium,2026-05-18 17:15:00,1035,17:15,115,2026-05-18 19:10:00,1150,19:10,25,1,35,14.114,20.16,14.114,H2,14.1,1,catchment_near_assigned_hospital,12,observed_user_table,CH Roanne other: 49/day.
P264,HOME_P264,46.18369430631014,4.114383182523587,H1,external,A0267,14:30,P3,low,1.0,standard_assis,2026-05-18 14:35:00,875,14:35,20,2026-05-18 14:55:00,895,14:55,35,0,48,18.564,26.52,18.564,H1,18.564,1,catchment_near_assigned_hospital,18,computed_from_user_table,External visits: 75/day * 15% using fleet.
P265,HOME_P265,46.04009622833077,4.114786742795728,H2,other,A0407,14:00,P2,medium,1.5,vsl_required,2026-05-18 14:00:00,840,14:00,35,2026-05-18 14:35:00,875,14:35,25,1,35,4.505,6.44,4.505,H1,4.456,1,catchment_near_assigned_hospital,12,assumption_to_validate,Renaison other: assumed 36/day.
P266,HOME_P266,46.048680577877136,3.980648946762002,H1,dialysis,A0096,17:00,P1,high,2.0,vsl_required,2026-05-18 17:50:00,1070,17:50,240,2026-05-18 21:50:00,1310,21:50,15,1,25,8.903,12.72,8.903,H2,8.514,1,catchment_near_assigned_hospital,8,observed_user_table,"CH Roanne dialysis: 53/day. 26 morning, 23 noon, 4 evening."
P267,HOME_P267,46.05584607244513,4.079885542947561,H1,dialysis,A0014,08:00,P1,high,2.0,vsl_required,2026-05-18 08:10:00,490,08:10,240,2026-05-18 12:10:00,730,12:10,15,1,25,0.778,5.0,0.778,H1,0.778,1,catchment_near_assigned_hospital,8,observed_user_table,"CH Roanne dialysis: 53/day. 26 morning, 23 noon, 4 evening."
P268,HOME_P268,46.10388190148454,4.151696630859098,H1,other,A0159,08:30,P2,medium,1.5,vsl_required,2026-05-18 09:20:00,560,09:20,80,2026-05-18 10:40:00,640,10:40,25,1,35,10.365,14.81,10.365,H1,10.365,1,catchment_near_assigned_hospital,12,observed_user_table,CH Roanne other: 49/day.
P269,HOME_P269,46.02230811008397,3.989401192356459,H2,oncology,A0360,15:00,P1,high,2.0,standard_assis,2026-05-18 15:50:00,950,15:50,120,2026-05-18 17:50:00,1070,17:50,15,1,25,8.323,11.89,8.323,H2,8.323,1,catchment_near_assigned_hospital,10,assumption_to_validate,Renaison oncology: assumed 16/day.
P270,HOME_P270,46.1402082513846,4.046394616761304,H1,external,A0262,11:30,P3,low,1.0,standard_assis,2026-05-18 11:30:00,690,11:30,25,2026-05-18 11:55:00,715,11:55,35,1,45,12.343,17.63,12.343,H1,12.343,1,catchment_near_assigned_hospital,18,computed_from_user_table,External visits: 75/day * 15% using fleet.
P271,HOME_P271,46.0586016432926,4.018012746446216,H1,other,A0181,08:30,P2,medium,1.5,prescription_medicale,2026-05-18 09:25:00,565,09:25,105,2026-05-18 11:10:00,670,11:10,25,1,35,5.326,7.61,5.326,H3,5.155,1,catchment_near_assigned_hospital,12,observed_user_table,CH Roanne other: 49/day.
P272,HOME_P272,45.98376079879034,4.099909002782646,H1,other,A0207,10:30,P2,medium,1.5,standard_assis,2026-05-18 11:05:00,665,11:05,60,2026-05-18 12:05:00,725,12:05,25,1,35,10.016,14.31,10.016,H2,9.118,1,catchment_near_assigned_hospital,12,observed_user_table,CH Roanne other: 49/day.
P273,HOME_P273,46.12091392443777,4.101261622157655,H1,dialysis,A0073,13:00,P1,high,2.0,prescription_medicale,2026-05-18 13:35:00,815,13:35,240,2026-05-18 17:35:00,1055,17:35,15,1,25,9.793,13.99,9.793,H1,9.793,1,catchment_near_assigned_hospital,8,observed_user_table,"CH Roanne dialysis: 53/day. 26 morning, 23 noon, 4 evening."
P274,HOME_P274,46.07986960967224,4.0132163633839655,H1,oncology,A0138,11:00,P1,high,2.0,standard_assis,2026-05-18 11:55:00,715,11:55,150,2026-05-18 14:25:00,865,14:25,15,1,25,6.822,9.75,6.822,H1,6.822,1,catchment_near_assigned_hospital,10,observed_user_table,CH Roanne chemotherapy: 30/day.
P275,HOME_P275,46.04966461732923,3.9658067491225633,H1,other,A0211,10:30,P2,medium,1.5,standard_assis,2026-05-18 10:55:00,655,10:55,95,2026-05-18 12:30:00,750,12:30,25,1,35,10.324,14.75,10.324,H2,9.951,1,catchment_near_assigned_hospital,12,observed_user_table,CH Roanne other: 49/day.
P276,HOME_P276,46.00144778800036,4.122427970519333,H1,oncology,A0128,08:00,P1,high,2.0,prescription_medicale,2026-05-18 08:30:00,510,08:30,150,2026-05-18 11:00:00,660,11:00,15,1,25,8.659,12.37,8.659,H2,8.039,1,catchment_near_assigned_hospital,10,observed_user_table,CH Roanne chemotherapy: 30/day.
P277,HOME_P277,46.124612291187056,4.074533516410332,H1,dialysis,A0058,13:00,P1,high,2.0,vsl_required,2026-05-18 13:05:00,785,13:05,240,2026-05-18 17:05:00,1025,17:05,15,1,25,9.914,14.16,9.914,H1,9.914,1,catchment_near_assigned_hospital,8,observed_user_table,"CH Roanne dialysis: 53/day. 26 morning, 23 noon, 4 evening."
P278,HOME_P278,46.00726693344424,3.9993532843447968,H2,oncology,A0359,15:00,P1,high,2.0,vsl_required,2026-05-18 15:00:00,900,15:00,80,2026-05-18 16:20:00,980,16:20,15,1,25,8.571,12.24,8.571,H2,8.571,1,catchment_near_assigned_hospital,10,assumption_to_validate,Renaison oncology: assumed 16/day.
P279,HOME_P279,46.05273575792385,4.022210681812976,H1,other,A0202,10:30,P2,medium,1.5,standard_assis,2026-05-18 11:50:00,710,11:50,90,2026-05-18 13:20:00,800,13:20,25,1,35,4.871,6.96,4.871,H2,4.6,1,catchment_near_assigned_hospital,12,observed_user_table,CH Roanne other: 49/day.
P280,HOME_P280,46.01968336216423,3.9298772468254257,H1,other,A0161,08:30,P2,medium,1.5,vsl_required,2026-05-18 09:30:00,570,09:30,100,2026-05-18 11:10:00,670,11:10,25,1,35,14.551,20.79,14.551,H2,13.885,1,catchment_near_assigned_hospital,12,observed_user_table,CH Roanne other: 49/day.
P281,HOME_P281,46.04366232285307,4.033500115478522,H2,other,A0369,08:30,P2,medium,1.5,prescription_medicale,2026-05-18 09:35:00,575,09:35,40,2026-05-18 10:15:00,615,10:15,25,1,35,3.417,5.0,3.417,H2,3.417,1,catchment_near_assigned_hospital,12,assumption_to_validate,Renaison other: assumed 36/day.
P282,HOME_P282,46.087138892718094,4.034175281202728,H1,other,A0246,16:00,P2,medium,1.5,standard_assis,2026-05-18 16:30:00,990,16:30,85,2026-05-18 17:55:00,1075,17:55,25,1,35,5.994,8.56,5.994,H1,5.994,1,catchment_near_assigned_hospital,12,observed_user_table,CH Roanne other: 49/day.
P283,HOME_P283,46.08487571250026,4.274488805924027,H1,external,A0266,13:30,P3,low,1.0,standard_assis,2026-05-18 15:15:00,915,15:15,25,2026-05-18 15:40:00,940,15:40,35,1,52,19.948,28.5,19.948,H1,19.948,1,catchment_near_assigned_hospital,18,computed_from_user_table,External visits: 75/day * 15% using fleet.
P284,HOME_P284,46.03905528572839,4.038505488086501,H1,oncology,A0142,11:00,P1,high,2.0,vsl_required,2026-05-18 11:40:00,700,11:40,160,2026-05-18 14:20:00,860,14:20,15,1,25,3.847,5.5,3.847,H2,3.065,1,catchment_near_assigned_hospital,10,observed_user_table,CH Roanne chemotherapy: 30/day.
P285,HOME_P285,46.03087521221891,4.145021813264302,H1,dialysis,A0066,13:00,P1,high,2.0,vsl_required,2026-05-18 13:25:00,805,13:25,240,2026-05-18 17:25:00,1045,17:25,15,1,25,7.642,10.92,7.642,H2,7.638,1,catchment_near_assigned_hospital,8,observed_user_table,"CH Roanne dialysis: 53/day. 26 morning, 23 noon, 4 evening."
P286,HOME_P286,46.145628987202976,4.110967421964061,H2,other,A0392,10:30,P2,medium,1.5,prescription_medicale,2026-05-18 11:45:00,705,11:45,35,2026-05-18 12:20:00,740,12:20,25,1,35,14.472,20.67,14.472,H1,13.353,1,catchment_near_assigned_hospital,12,assumption_to_validate,Renaison other: assumed 36/day.
P287,HOME_P287,46.116523959744484,4.100983780392278,H2,other,A0383,08:30,P2,medium,1.5,standard_assis,2026-05-18 09:45:00,585,09:45,35,2026-05-18 10:20:00,620,10:20,25,1,35,10.322,14.75,10.322,H1,9.201,1,catchment_near_assigned_hospital,12,assumption_to_validate,Renaison other: assumed 36/day.
P288,HOME_P288,46.087789515704685,3.9924560438807517,H2,oncology,A0339,08:00,P1,high,2.0,prescription_medicale,2026-05-18 08:20:00,500,08:20,335,2026-05-18 13:55:00,835,13:55,15,1,25,9.404,13.43,9.404,H1,9.103,1,catchment_near_assigned_hospital,10,assumption_to_validate,Renaison oncology: assumed 16/day.
P289,HOME_P289,46.06095603303367,3.964479687397096,H1,other,A0213,10:30,P2,medium,1.5,prescription_medicale,2026-05-18 11:10:00,670,11:10,105,2026-05-18 12:55:00,775,12:55,25,1,35,10.492,14.99,10.492,H2,10.284,1,catchment_near_assigned_hospital,12,observed_user_table,CH Roanne other: 49/day.
P290,HOME_P290,46.064958701498064,4.059609735211616,H2,dialysis,A0298,08:00,P1,high,2.0,vsl_required,2026-05-18 08:35:00,515,08:35,220,2026-05-18 12:15:00,735,12:15,15,1,25,2.82,5.0,2.82,H1,2.054,1,catchment_near_assigned_hospital,8,assumption_to_validate,Renaison dialysis: assumed 30/day.
P291,HOME_P291,46.0903277409573,4.053980760710366,H2,other,A0425,16:30,P2,medium,1.5,standard_assis,2026-05-18 17:20:00,1040,17:20,25,2026-05-18 17:45:00,1065,17:45,25,1,35,6.365,9.09,6.365,H1,5.454,1,catchment_near_assigned_hospital,12,assumption_to_validate,Renaison other: assumed 36/day.
P292,HOME_P292,46.104085841788134,4.1799341336038065,H1,other,A0218,10:30,P2,medium,1.5,standard_assis,2026-05-18 11:35:00,695,11:35,95,2026-05-18 13:10:00,790,13:10,25,1,35,12.519,17.88,12.519,H1,12.519,1,catchment_near_assigned_hospital,12,observed_user_table,CH Roanne other: 49/day.
P293,HOME_P293,46.00305659143594,4.067952840581403,H1,dialysis,A0045,08:00,P1,high,2.0,prescription_medicale,2026-05-18 08:05:00,485,08:05,240,2026-05-18 12:05:00,725,12:05,15,1,25,6.999,10.0,6.999,H2,5.928,1,catchment_near_assigned_hospital,8,observed_user_table,"CH Roanne dialysis: 53/day. 26 morning, 23 noon, 4 evening."
P294,HOME_P294,46.00258182817917,4.108022913304489,H1,dialysis,A0044,08:00,P1,high,2.0,vsl_required,2026-05-18 08:45:00,525,08:45,240,2026-05-18 12:45:00,765,12:45,15,1,25,7.83,11.19,7.83,H2,7.089,1,catchment_near_assigned_hospital,8,observed_user_table,"CH Roanne dialysis: 53/day. 26 morning, 23 noon, 4 evening."
P295,HOME_P295,45.94562398242459,4.191155598649189,H1,external,A0272,16:30,P3,low,1.0,standard_assis,2026-05-18 17:35:00,1055,17:35,30,2026-05-18 18:05:00,1085,18:05,35,1,49,18.836,26.91,18.836,H2,18.25,1,catchment_near_assigned_hospital,18,computed_from_user_table,External visits: 75/day * 15% using fleet.
P296,HOME_P296,46.120036369779456,4.041710156295906,H1,other,A0248,16:00,P2,medium,1.5,standard_assis,2026-05-18 16:00:00,960,16:00,75,2026-05-18 17:15:00,1035,17:15,25,1,35,9.745,13.92,9.745,H1,9.745,1,catchment_near_assigned_hospital,12,observed_user_table,CH Roanne other: 49/day.
P297,HOME_P297,46.01026313043085,4.094894391484606,H1,other,A0225,14:00,P2,medium,1.5,premium,2026-05-18 14:05:00,845,14:05,70,2026-05-18 15:15:00,915,15:15,25,1,35,6.354,9.08,6.354,H2,5.532,1,catchment_near_assigned_hospital,12,observed_user_table,CH Roanne other: 49/day.
P298,HOME_P298,46.07957447242443,4.033913010261355,H2,oncology,A0337,08:00,P1,high,2.0,prescription_medicale,2026-05-18 08:55:00,535,08:55,110,2026-05-18 10:45:00,645,10:45,15,1,25,5.787,8.27,5.787,H1,5.228,1,catchment_near_assigned_hospital,10,assumption_to_validate,Renaison oncology: assumed 16/day.
P299,HOME_P299,46.0945482130834,4.141928494026988,H1,dialysis,A0101,17:00,P1,high,2.0,vsl_required,2026-05-18 17:40:00,1060,17:40,240,2026-05-18 21:40:00,1300,21:40,15,1,25,8.799,12.57,8.799,H1,8.799,1,catchment_near_assigned_hospital,8,observed_user_table,"CH Roanne dialysis: 53/day. 26 morning, 23 noon, 4 evening."
P300,HOME_P300,46.09630254815823,4.143992618620329,H3,dialysis,A0436,08:00,P1,high,2.0,vsl_required,2026-05-18 08:05:00,485,08:05,230,2026-05-18 11:55:00,715,11:55,15,1,25,9.609,13.73,9.609,H1,9.109,1,catchment_near_assigned_hospital,8,assumption_to_validate,Third dialysis center: assumed 24/day.
P301,HOME_P301,46.10084217987282,4.0186670461099165,H2,dialysis,A0311,13:00,P1,high,2.0,vsl_required,2026-05-18 13:20:00,800,13:20,235,2026-05-18 17:15:00,1035,17:15,15,1,25,9.062,12.95,9.062,H1,8.415,1,catchment_near_assigned_hospital,8,assumption_to_validate,Renaison dialysis: assumed 30/day.
P302,HOME_P302,46.12836667692861,4.112813986745696,H1,other,A0215,10:30,P2,medium,1.5,standard_assis,2026-05-18 11:35:00,695,11:35,60,2026-05-18 12:35:00,755,12:35,25,1,35,11.127,15.9,11.127,H1,11.127,1,catchment_near_assigned_hospital,12,observed_user_table,CH Roanne other: 49/day.
P303,HOME_P303,46.022787459037765,4.1455543701880595,H1,dialysis,A0040,08:00,P1,high,2.0,prescription_medicale,2026-05-18 08:35:00,515,08:35,240,2026-05-18 12:35:00,755,12:35,15,1,25,8.21,11.73,8.21,H2,8.062,1,catchment_near_assigned_hospital,8,observed_user_table,"CH Roanne dialysis: 53/day. 26 morning, 23 noon, 4 evening."
P304,HOME_P304,46.10613428799233,4.075643113333579,H1,dialysis,A0053,13:00,P1,high,2.0,prescription_medicale,2026-05-18 13:20:00,800,13:20,240,2026-05-18 17:20:00,1040,17:20,15,1,25,7.349,10.5,7.349,H1,7.349,1,catchment_near_assigned_hospital,8,observed_user_table,"CH Roanne dialysis: 53/day. 26 morning, 23 noon, 4 evening."
P305,HOME_P305,45.99394572410566,4.138278167578314,H2,other,A0372,08:30,P2,medium,1.5,prescription_medicale,2026-05-18 09:00:00,540,09:00,40,2026-05-18 09:40:00,580,09:40,25,1,35,9.834,14.05,9.834,H2,9.834,1,catchment_near_assigned_hospital,12,assumption_to_validate,Renaison other: assumed 36/day.
P306,HOME_P306,46.123930089870036,4.170805477199932,H1,other,A0196,10:30,P2,medium,1.5,standard_assis,2026-05-18 11:00:00,660,11:00,60,2026-05-18 12:00:00,720,12:00,25,1,35,13.631,19.47,13.631,H1,13.631,1,catchment_near_assigned_hospital,12,observed_user_table,CH Roanne other: 49/day.
P307,HOME_P307,45.96655497866666,4.16382527373403,H1,other,A0219,10:30,P2,medium,1.5,standard_assis,2026-05-18 11:15:00,675,11:15,120,2026-05-18 13:15:00,795,13:15,25,1,35,14.925,21.32,14.925,H2,14.324,1,catchment_near_assigned_hospital,12,observed_user_table,CH Roanne other: 49/day.
P308,HOME_P308,46.03403663026581,4.053932446082298,H1,dialysis,A0011,08:00,P1,high,2.0,vsl_required,2026-05-18 08:20:00,500,08:20,240,2026-05-18 12:20:00,740,12:20,15,1,25,3.232,5.0,3.232,H2,2.165,1,catchment_near_assigned_hospital,8,observed_user_table,"CH Roanne dialysis: 53/day. 26 morning, 23 noon, 4 evening."
P309,HOME_P309,46.06484366915429,3.9936166290216253,H2,dialysis,A0313,13:00,P1,high,2.0,prescription_medicale,2026-05-18 13:20:00,800,13:20,220,2026-05-18 17:00:00,1020,17:00,15,1,25,7.725,11.04,7.725,H3,7.651,1,catchment_near_assigned_hospital,8,assumption_to_validate,Renaison dialysis: assumed 30/day.
P310,HOME_P310,46.09641709842567,4.082065203847968,H2,oncology,A0341,08:00,P1,high,2.0,prescription_medicale,2026-05-18 08:50:00,530,08:50,340,2026-05-18 14:30:00,870,14:30,15,1,25,7.164,10.23,7.164,H1,6.061,1,catchment_near_assigned_hospital,10,assumption_to_validate,Renaison oncology: assumed 16/day.
P311,HOME_P311,45.96376127141607,4.080310059229066,H2,oncology,A0351,13:00,P1,high,2.0,standard_assis,2026-05-18 13:50:00,830,13:50,310,2026-05-18 19:00:00,1140,19:00,15,1,25,11.443,16.35,11.443,H2,11.443,1,catchment_near_assigned_hospital,10,assumption_to_validate,Renaison oncology: assumed 16/day.
P312,HOME_P312,46.03145544886419,3.962725611535828,H2,other,A0401,10:30,P2,medium,1.5,prescription_medicale,2026-05-18 11:50:00,710,11:50,25,2026-05-18 12:15:00,735,12:15,25,1,35,10.424,14.89,10.424,H2,10.424,1,catchment_near_assigned_hospital,12,assumption_to_validate,Renaison other: assumed 36/day.
P313,HOME_P313,46.0373322853764,3.983740909581293,H1,dialysis,A0088,13:00,P1,high,2.0,vsl_required,2026-05-18 13:45:00,825,13:45,240,2026-05-18 17:45:00,1065,17:45,15,1,25,8.865,12.66,8.865,H2,8.289,1,catchment_near_assigned_hospital,8,observed_user_table,"CH Roanne dialysis: 53/day. 26 morning, 23 noon, 4 evening."
P314,HOME_P314,46.09238674908476,4.072120142073675,H1,dialysis,A0042,08:00,P1,high,2.0,vsl_required,2026-05-18 08:40:00,520,08:40,240,2026-05-18 12:40:00,760,12:40,15,1,25,5.433,7.76,5.433,H1,5.433,1,catchment_near_assigned_hospital,8,observed_user_table,"CH Roanne dialysis: 53/day. 26 morning, 23 noon, 4 evening."
P315,HOME_P315,46.07665487501573,4.115616158132036,H1,other,A0162,08:30,P2,medium,1.5,vsl_required,2026-05-18 08:40:00,520,08:40,80,2026-05-18 10:00:00,600,10:00,25,1,35,5.26,7.51,5.26,H1,5.26,1,catchment_near_assigned_hospital,12,observed_user_table,CH Roanne other: 49/day.
P316,HOME_P316,45.921789098822046,4.067134159382232,H1,external,A0268,14:30,P3,low,1.0,standard_assis,2026-05-18 15:10:00,910,15:10,25,2026-05-18 15:35:00,935,15:35,35,1,48,18.287,26.12,18.287,H2,17.224,1,catchment_near_assigned_hospital,18,computed_from_user_table,External visits: 75/day * 15% using fleet.
P317,HOME_P317,45.9722295673226,4.0000507376824475,H1,other,A0243,16:00,P2,medium,1.5,standard_assis,2026-05-18 16:10:00,970,16:10,90,2026-05-18 17:40:00,1060,17:40,25,1,35,13.272,18.96,13.272,H2,12.179,1,catchment_near_assigned_hospital,12,observed_user_table,CH Roanne other: 49/day.
P318,HOME_P318,46.064021504550304,4.019913808648268,H3,dialysis,A0439,08:00,P1,high,2.0,prescription_medicale,2026-05-18 08:05:00,485,08:05,250,2026-05-18 12:15:00,735,12:15,15,1,25,5.209,7.44,5.209,H3,5.209,1,catchment_near_assigned_hospital,8,assumption_to_validate,Third dialysis center: assumed 24/day.
P319,HOME_P319,46.037857755407764,4.06235357026727,H1,other,A0242,16:00,P2,medium,1.5,prescription_medicale,2026-05-18 16:50:00,1010,16:50,75,2026-05-18 18:05:00,1085,18:05,25,1,35,2.367,5.0,2.367,H2,1.255,1,catchment_near_assigned_hospital,12,observed_user_table,CH Roanne other: 49/day.
P320,HOME_P320,46.06035914920716,4.130002816776412,H1,dialysis,A0059,13:00,P1,high,2.0,prescription_medicale,2026-05-18 13:20:00,800,13:20,240,2026-05-18 17:20:00,1040,17:20,15,1,25,5.613,8.02,5.613,H1,5.613,1,catchment_near_assigned_hospital,8,observed_user_table,"CH Roanne dialysis: 53/day. 26 morning, 23 noon, 4 evening."
P321,HOME_P321,46.03583687075168,3.984061772836076,H1,dialysis,A0016,08:00,P1,high,2.0,prescription_medicale,2026-05-18 08:15:00,495,08:15,240,2026-05-18 12:15:00,735,12:15,15,1,25,8.889,12.7,8.889,H2,8.29,1,catchment_near_assigned_hospital,8,observed_user_table,"CH Roanne dialysis: 53/day. 26 morning, 23 noon, 4 evening."
P322,HOME_P322,46.019966910732045,3.9937484227302273,H1,dialysis,A0018,08:00,P1,high,2.0,vsl_required,2026-05-18 08:05:00,485,08:05,240,2026-05-18 12:05:00,725,12:05,15,1,25,8.916,12.74,8.916,H2,8.077,1,catchment_near_assigned_hospital,8,observed_user_table,"CH Roanne dialysis: 53/day. 26 morning, 23 noon, 4 evening."
P323,HOME_P323,45.95260784451558,4.0254764255289945,H1,other,A0175,08:30,P2,medium,1.5,vsl_required,2026-05-18 08:40:00,520,08:40,65,2026-05-18 09:45:00,585,09:45,25,1,35,14.719,21.03,14.719,H2,13.599,1,catchment_near_assigned_hospital,12,observed_user_table,CH Roanne other: 49/day.
P324,HOME_P324,46.0409011441339,4.1195123047334565,H1,oncology,A0147,11:00,P1,high,2.0,standard_assis,2026-05-18 11:50:00,710,11:50,160,2026-05-18 14:30:00,870,14:30,15,1,25,4.834,6.91,4.834,H1,4.834,1,catchment_near_assigned_hospital,10,observed_user_table,CH Roanne chemotherapy: 30/day.
P325,HOME_P325,46.06109932632956,4.196599687984882,H1,oncology,A0148,11:00,P1,high,2.0,standard_assis,2026-05-18 11:10:00,670,11:10,175,2026-05-18 14:05:00,845,14:05,15,1,25,12.0,17.14,12.0,H1,12.0,1,catchment_near_assigned_hospital,10,observed_user_table,CH Roanne chemotherapy: 30/day.
P326,HOME_P326,46.06237262314641,4.098226254028599,H3,dialysis,A0448,08:00,P1,high,2.0,vsl_required,2026-05-18 08:10:00,490,08:10,255,2026-05-18 12:25:00,745,12:25,15,1,25,3.22,5.0,3.22,H1,2.766,1,catchment_near_assigned_hospital,8,assumption_to_validate,Third dialysis center: assumed 24/day.
P327,HOME_P327,46.050129588655906,4.032256588183818,H2,other,A0368,08:30,P2,medium,1.5,standard_assis,2026-05-18 08:50:00,530,08:50,25,2026-05-18 09:15:00,555,09:15,25,1,35,3.579,5.11,3.579,H2,3.579,1,catchment_near_assigned_hospital,12,assumption_to_validate,Renaison other: assumed 36/day.
P328,HOME_P328,45.9836264743078,4.071223841629928,H2,other,A0378,08:30,P2,medium,1.5,standard_assis,2026-05-18 09:20:00,560,09:20,40,2026-05-18 10:00:00,600,10:00,25,1,35,8.631,12.33,8.631,H2,8.631,1,catchment_near_assigned_hospital,12,assumption_to_validate,Renaison other: assumed 36/day.
P329,HOME_P329,46.016127378082125,4.128208495990494,H1,external,A0273,17:30,P3,low,1.0,prescription_medicale,2026-05-18 17:30:00,1050,17:30,20,2026-05-18 17:50:00,1070,17:50,35,1,45,7.442,10.63,7.442,H2,7.054,1,catchment_near_assigned_hospital,18,computed_from_user_table,External visits: 75/day * 15% using fleet.
P330,HOME_P330,46.08441684916323,4.214136818765056,H1,other,A0199,10:30,P2,medium,1.5,standard_assis,2026-05-18 11:40:00,700,11:40,65,2026-05-18 12:45:00,765,12:45,25,1,35,14.308,20.44,14.308,H1,14.308,1,catchment_near_assigned_hospital,12,observed_user_table,CH Roanne other: 49/day.
P331,HOME_P331,45.98444907112736,4.104762186025438,H2,other,A0373,08:30,P2,medium,1.5,prescription_medicale,2026-05-18 08:45:00,525,08:45,25,2026-05-18 09:10:00,550,09:10,25,1,35,9.194,13.13,9.194,H2,9.194,1,catchment_near_assigned_hospital,12,assumption_to_validate,Renaison other: assumed 36/day.
P332,HOME_P332,46.017070807057074,4.158909511026203,H1,dialysis,A0098,17:00,P1,high,2.0,prescription_medicale,2026-05-18 17:15:00,1035,17:15,240,2026-05-18 21:15:00,1275,21:15,15,1,25,9.724,13.89,9.724,H2,9.563,1,catchment_near_assigned_hospital,8,observed_user_table,"CH Roanne dialysis: 53/day. 26 morning, 23 noon, 4 evening."
P333,HOME_P333,45.97498274877322,4.146478778681794,H2,other,A0416,14:00,P2,medium,1.5,standard_assis,2026-05-18 15:00:00,900,15:00,40,2026-05-18 15:40:00,940,15:40,25,1,35,12.363,17.66,12.363,H2,12.363,1,catchment_near_assigned_hospital,12,assumption_to_validate,Renaison other: assumed 36/day.
P334,HOME_P334,46.013110080738215,4.020165299419046,H1,other,A0233,14:00,P2,medium,1.5,standard_assis,2026-05-18 14:35:00,875,14:35,120,2026-05-18 16:35:00,995,16:35,25,1,35,7.543,10.78,7.543,H2,6.523,1,catchment_near_assigned_hospital,12,observed_user_table,CH Roanne other: 49/day.
P335,HOME_P335,46.06047862693656,4.121607320711254,H1,other,A0179,08:30,P2,medium,1.5,standard_assis,2026-05-18 08:55:00,535,08:55,80,2026-05-18 10:15:00,615,10:15,25,1,35,4.822,6.89,4.822,H1,4.822,1,catchment_near_assigned_hospital,12,observed_user_table,CH Roanne other: 49/day.
P336,HOME_P336,45.9792604384748,3.9344079529091696,H1,external,A0261,11:30,P3,low,1.0,prescription_medicale,2026-05-18 11:40:00,700,11:40,25,2026-05-18 12:05:00,725,12:05,35,1,45,16.855,24.08,16.855,H2,15.924,1,catchment_near_assigned_hospital,18,computed_from_user_table,External visits: 75/day * 15% using fleet.
P337,HOME_P337,46.01004152249812,4.1003826042746665,H1,dialysis,A0056,13:00,P1,high,2.0,vsl_required,2026-05-18 13:40:00,820,13:40,240,2026-05-18 17:40:00,1060,17:40,15,1,25,6.579,9.4,6.579,H2,5.818,1,catchment_near_assigned_hospital,8,observed_user_table,"CH Roanne dialysis: 53/day. 26 morning, 23 noon, 4 evening."
P338,HOME_P338,46.13774171506659,4.051008307340193,H2,other,A0374,08:30,P2,medium,1.5,standard_assis,2026-05-18 09:40:00,580,09:40,30,2026-05-18 10:10:00,610,10:10,25,0,35,12.908,18.44,12.908,H1,11.922,1,catchment_near_assigned_hospital,12,assumption_to_validate,Renaison other: assumed 36/day.
P339,HOME_P339,46.03605369605613,4.09356531660608,H3,dialysis,A0431,08:00,P1,high,2.0,vsl_required,2026-05-18 08:05:00,485,08:05,250,2026-05-18 12:15:00,735,12:15,15,1,25,2.988,5.0,2.988,H2,2.74,1,catchment_near_assigned_hospital,8,assumption_to_validate,Third dialysis center: assumed 24/day.
P340,HOME_P340,46.03525464650698,4.128232906637892,H3,dialysis,A0434,08:00,P1,high,2.0,vsl_required,2026-05-18 08:50:00,530,08:50,260,2026-05-18 13:10:00,790,13:10,15,1,25,5.98,8.54,5.98,H2,5.915,1,catchment_near_assigned_hospital,8,assumption_to_validate,Third dialysis center: assumed 24/day.
P341,HOME_P341,45.96964568756449,4.028001414631696,H1,other,A0165,08:30,P2,medium,1.5,standard_assis,2026-05-18 08:50:00,530,08:50,115,2026-05-18 10:45:00,645,10:45,25,1,35,12.402,17.72,12.402,H2,11.281,1,catchment_near_assigned_hospital,12,observed_user_table,CH Roanne other: 49/day.
P342,HOME_P342,46.006163906008254,4.1591601415455655,H1,oncology,A0139,11:00,P1,high,2.0,vsl_required,2026-05-18 11:25:00,685,11:25,150,2026-05-18 13:55:00,835,13:55,15,1,25,10.608,15.15,10.608,H2,10.307,1,catchment_near_assigned_hospital,10,observed_user_table,CH Roanne chemotherapy: 30/day.
P343,HOME_P343,46.06289474025573,4.096042478792417,H3,dialysis,A0458,13:00,P1,high,2.0,vsl_required,2026-05-18 13:15:00,795,13:15,230,2026-05-18 17:05:00,1025,17:05,15,1,25,3.086,5.0,3.086,H1,2.617,1,catchment_near_assigned_hospital,8,assumption_to_validate,Third dialysis center: assumed 24/day.
P344,HOME_P344,46.02585855084328,4.1501335690515155,H2,oncology,A0342,08:00,P1,high,2.0,vsl_required,2026-05-18 08:20:00,500,08:20,105,2026-05-18 10:05:00,605,10:05,15,1,25,8.318,11.88,8.318,H2,8.318,1,catchment_near_assigned_hospital,10,assumption_to_validate,Renaison oncology: assumed 16/day.
P345,HOME_P345,45.92105962963531,3.965798820107639,H1,external,A0271,16:30,P3,low,1.0,prescription_medicale,2026-05-18 17:20:00,1040,17:20,30,2026-05-18 17:50:00,1070,17:50,35,1,55,21.082,30.12,21.082,H2,19.977,1,catchment_near_assigned_hospital,18,computed_from_user_table,External visits: 75/day * 15% using fleet.
P346,HOME_P346,45.996850923202814,4.159868973254054,H1,oncology,A0118,08:00,P1,high,2.0,vsl_required,2026-05-18 08:35:00,515,08:35,160,2026-05-18 11:15:00,675,11:15,15,1,25,11.504,16.43,11.504,H2,11.107,1,catchment_near_assigned_hospital,10,observed_user_table,CH Roanne chemotherapy: 30/day.
P347,HOME_P347,46.004833053318876,4.058253734159815,H2,other,A0409,14:00,P2,medium,1.5,standard_assis,2026-05-18 14:40:00,880,14:40,40,2026-05-18 15:20:00,920,15:20,25,1,35,5.771,8.24,5.771,H2,5.771,1,catchment_near_assigned_hospital,12,assumption_to_validate,Renaison other: assumed 36/day.
P348,HOME_P348,46.03860522778201,4.114541424115996,H1,dialysis,A0049,08:00,P1,high,2.0,vsl_required,2026-05-18 08:10:00,490,08:10,240,2026-05-18 12:10:00,730,12:10,15,1,25,4.524,6.46,4.524,H2,4.522,1,catchment_near_assigned_hospital,8,observed_user_table,"CH Roanne dialysis: 53/day. 26 morning, 23 noon, 4 evening."
P349,HOME_P349,46.034735299553,4.08102947733566,H1,oncology,A0123,08:00,P1,high,2.0,vsl_required,2026-05-18 08:25:00,505,08:25,150,2026-05-18 10:55:00,655,10:55,15,1,25,2.703,5.0,2.703,H2,1.927,1,catchment_near_assigned_hospital,10,observed_user_table,CH Roanne chemotherapy: 30/day.
P350,HOME_P350,46.014698551954254,4.126276393246242,H2,other,A0411,14:00,P2,medium,1.5,prescription_medicale,2026-05-18 15:25:00,925,15:25,25,2026-05-18 15:50:00,950,15:50,25,1,35,7.024,10.03,7.024,H2,7.024,1,catchment_near_assigned_hospital,12,assumption_to_validate,Renaison other: assumed 36/day.
P351,HOME_P351,46.104604336398545,4.135268612051327,H1,oncology,A0133,08:00,P1,high,2.0,prescription_medicale,2026-05-18 08:20:00,500,08:20,175,2026-05-18 11:15:00,675,11:15,15,1,25,9.34,13.34,9.34,H1,9.34,1,catchment_near_assigned_hospital,10,observed_user_table,CH Roanne chemotherapy: 30/day.
P352,HOME_P352,46.10446827337045,4.08561726333524,H1,external,A0265,13:30,P3,low,1.0,prescription_medicale,2026-05-18 15:15:00,915,15:15,25,2026-05-18 15:40:00,940,15:40,35,1,45,7.22,10.31,7.22,H1,7.22,1,catchment_near_assigned_hospital,18,computed_from_user_table,External visits: 75/day * 15% using fleet.
P353,HOME_P353,46.057920863887794,4.115683504619795,H1,other,A0193,08:30,P2,medium,1.5,prescription_medicale,2026-05-18 08:55:00,535,08:55,110,2026-05-18 10:45:00,645,10:45,25,1,35,4.195,5.99,4.195,H1,4.195,1,catchment_near_assigned_hospital,12,observed_user_table,CH Roanne other: 49/day.
P354,HOME_P354,45.97406539238382,4.249549238762767,H1,external,A0260,10:30,P3,low,1.0,standard_assis,2026-05-18 11:55:00,715,11:55,25,2026-05-18 12:20:00,740,12:20,35,1,53,20.315,29.02,20.315,H2,20.09,1,catchment_near_assigned_hospital,18,computed_from_user_table,External visits: 75/day * 15% using fleet.
P355,HOME_P355,46.10864504531574,4.072244907837542,H2,dialysis,A0312,13:00,P1,high,2.0,vsl_required,2026-05-18 13:40:00,820,13:40,255,2026-05-18 17:55:00,1075,17:55,15,1,25,8.755,12.51,8.755,H1,7.693,1,catchment_near_assigned_hospital,8,assumption_to_validate,Renaison dialysis: assumed 30/day.
P356,HOME_P356,46.00403909335127,4.020747785683244,H3,dialysis,A0447,08:00,P1,high,2.0,prescription_medicale,2026-05-18 08:45:00,525,08:45,210,2026-05-18 12:15:00,735,12:15,15,1,25,7.963,11.38,7.963,H2,7.419,1,catchment_near_assigned_hospital,8,assumption_to_validate,Third dialysis center: assumed 24/day.
P357,HOME_P357,46.09076644179443,4.069665936030328,H2,dialysis,A0307,13:00,P1,high,2.0,vsl_required,2026-05-18 13:05:00,785,13:05,250,2026-05-18 17:15:00,1035,17:15,15,1,25,6.265,8.95,6.265,H1,5.216,1,catchment_near_assigned_hospital,8,assumption_to_validate,Renaison dialysis: assumed 30/day.
P358,HOME_P358,46.05926419075154,4.1774222121062365,H1,oncology,A0154,14:00,P1,high,2.0,prescription_medicale,2026-05-18 14:45:00,885,14:45,170,2026-05-18 17:35:00,1055,17:35,15,1,25,10.135,14.48,10.135,H1,10.135,1,catchment_near_assigned_hospital,10,observed_user_table,CH Roanne chemotherapy: 30/day.
P359,HOME_P359,46.12076170170619,3.970590147788184,H1,other,A0188,08:30,P2,medium,1.5,prescription_medicale,2026-05-18 09:40:00,580,09:40,90,2026-05-18 11:10:00,670,11:10,25,1,35,13.595,19.42,13.595,H1,13.595,1,catchment_near_assigned_hospital,12,observed_user_table,CH Roanne other: 49/day.
P360,HOME_P360,46.07873892154524,4.151137314132086,H1,dialysis,A0023,08:00,P1,high,2.0,prescription_medicale,2026-05-18 08:25:00,505,08:25,240,2026-05-18 12:25:00,745,12:25,15,1,25,8.35,11.93,8.35,H1,8.35,1,catchment_near_assigned_hospital,8,observed_user_table,"CH Roanne dialysis: 53/day. 26 morning, 23 noon, 4 evening."
P361,HOME_P361,45.987094238153965,4.1200842065894,H2,dialysis,A0320,13:00,P1,high,2.0,vsl_required,2026-05-18 13:55:00,835,13:55,220,2026-05-18 17:35:00,1055,17:35,15,1,25,9.532,13.62,9.532,H2,9.532,1,catchment_near_assigned_hospital,8,assumption_to_validate,Renaison dialysis: assumed 30/day.
P362,HOME_P362,46.0278900774911,4.093063618416381,H1,dialysis,A0027,08:00,P1,high,2.0,prescription_medicale,2026-05-18 08:35:00,515,08:35,240,2026-05-18 12:35:00,755,12:35,15,1,25,4.042,5.77,4.042,H2,3.407,1,catchment_near_assigned_hospital,8,observed_user_table,"CH Roanne dialysis: 53/day. 26 morning, 23 noon, 4 evening."
P363,HOME_P363,46.03008801974946,4.022169301276957,H2,other,A0394,10:30,P2,medium,1.5,standard_assis,2026-05-18 11:10:00,670,11:10,40,2026-05-18 11:50:00,710,11:50,25,1,35,4.995,7.14,4.995,H2,4.995,1,catchment_near_assigned_hospital,12,assumption_to_validate,Renaison other: assumed 36/day.
P364,HOME_P364,46.027612194329194,4.166024334833012,H1,dialysis,A0095,17:00,P1,high,2.0,vsl_required,2026-05-18 17:15:00,1035,17:15,240,2026-05-18 21:15:00,1275,21:15,15,1,25,9.686,13.84,9.686,H1,9.686,1,catchment_near_assigned_hospital,8,observed_user_table,"CH Roanne dialysis: 53/day. 26 morning, 23 noon, 4 evening."
P365,HOME_P365,46.04573796400673,4.149092971266128,H1,dialysis,A0034,08:00,P1,high,2.0,vsl_required,2026-05-18 08:55:00,535,08:55,240,2026-05-18 12:55:00,775,12:55,15,1,25,7.444,10.63,7.444,H1,7.444,1,catchment_near_assigned_hospital,8,observed_user_table,"CH Roanne dialysis: 53/day. 26 morning, 23 noon, 4 evening."
P366,HOME_P366,46.06390120308728,4.14426271928577,H2,dialysis,A0306,13:00,P1,high,2.0,vsl_required,2026-05-18 13:55:00,835,13:55,245,2026-05-18 18:00:00,1080,18:00,15,1,25,7.706,11.01,7.706,H1,7.058,1,catchment_near_assigned_hospital,8,assumption_to_validate,Renaison dialysis: assumed 30/day.
P367,HOME_P367,45.95870517367349,4.016735978153622,H1,other,A0235,14:00,P2,medium,1.5,standard_assis,2026-05-18 14:45:00,885,14:45,95,2026-05-18 16:20:00,980,16:20,25,1,35,14.215,20.31,14.215,H2,13.095,1,catchment_near_assigned_hospital,12,observed_user_table,CH Roanne other: 49/day.
P368,HOME_P368,46.04351778785559,3.9912756693880214,H1,dialysis,A0089,13:00,P1,high,2.0,vsl_required,2026-05-18 13:15:00,795,13:15,240,2026-05-18 17:15:00,1035,17:15,15,1,25,7.972,11.39,7.972,H2,7.485,1,catchment_near_assigned_hospital,8,observed_user_table,"CH Roanne dialysis: 53/day. 26 morning, 23 noon, 4 evening."
P369,HOME_P369,46.01526400701463,4.100250036415491,H2,other,A0382,08:30,P2,medium,1.5,prescription_medicale,2026-05-18 09:25:00,565,09:25,25,2026-05-18 09:50:00,590,09:50,25,1,35,5.206,7.44,5.206,H2,5.206,1,catchment_near_assigned_hospital,12,assumption_to_validate,Renaison other: assumed 36/day.
P370,HOME_P370,46.12038715443485,4.053768492341587,H3,dialysis,A0432,08:00,P1,high,2.0,vsl_required,2026-05-18 08:25:00,505,08:25,215,2026-05-18 12:00:00,720,12:00,15,1,25,9.908,14.15,9.908,H1,9.502,1,catchment_near_assigned_hospital,8,assumption_to_validate,Third dialysis center: assumed 24/day.
P371,HOME_P371,46.06926761379848,4.199273401261005,H1,oncology,A0120,08:00,P1,high,2.0,prescription_medicale,2026-05-18 08:15:00,495,08:15,150,2026-05-18 10:45:00,645,10:45,15,1,25,12.408,17.73,12.408,H1,12.408,1,catchment_near_assigned_hospital,10,observed_user_table,CH Roanne chemotherapy: 30/day.
P372,HOME_P372,46.11151838134919,4.1170996853300545,H3,dialysis,A0475,17:00,P1,high,2.0,vsl_required,2026-05-18 17:55:00,1075,17:55,270,2026-05-18 22:25:00,1345,22:25,15,1,25,9.682,13.83,9.682,H1,9.154,1,catchment_near_assigned_hospital,8,assumption_to_validate,Third dialysis center: assumed 24/day.
P373,HOME_P373,46.08347669531527,4.079636658289968,H3,dialysis,A0433,08:00,P1,high,2.0,vsl_required,2026-05-18 08:50:00,530,08:50,250,2026-05-18 13:00:00,780,13:00,15,1,25,4.745,6.78,4.745,H1,4.247,1,catchment_near_assigned_hospital,8,assumption_to_validate,Third dialysis center: assumed 24/day.
P374,HOME_P374,46.04573572626991,4.0734696363496905,H1,dialysis,A0038,08:00,P1,high,2.0,vsl_required,2026-05-18 08:35:00,515,08:35,240,2026-05-18 12:35:00,755,12:35,15,1,25,1.054,5.0,1.054,H2,0.451,1,catchment_near_assigned_hospital,8,observed_user_table,"CH Roanne dialysis: 53/day. 26 morning, 23 noon, 4 evening."
P375,HOME_P375,45.953070741653086,4.0363051589811905,H1,other,A0177,08:30,P2,medium,1.5,standard_assis,2026-05-18 09:10:00,550,09:10,80,2026-05-18 10:30:00,630,10:30,25,1,35,14.368,20.53,14.368,H2,13.252,1,catchment_near_assigned_hospital,12,observed_user_table,CH Roanne other: 49/day.
P376,HOME_P376,46.07599068318292,4.280704666015308,H1,external,A0263,12:30,P3,low,1.0,standard_assis,2026-05-18 14:00:00,840,14:00,25,2026-05-18 14:25:00,865,14:25,35,1,53,20.306,29.01,20.306,H1,20.306,1,catchment_near_assigned_hospital,18,computed_from_user_table,External visits: 75/day * 15% using fleet.
P377,HOME_P377,46.085199587643096,4.052778698204441,H1,dialysis,A0047,08:00,P1,high,2.0,vsl_required,2026-05-18 08:05:00,485,08:05,240,2026-05-18 12:05:00,725,12:05,15,1,25,4.832,6.9,4.832,H1,4.832,1,catchment_near_assigned_hospital,8,observed_user_table,"CH Roanne dialysis: 53/day. 26 morning, 23 noon, 4 evening."
P378,HOME_P378,45.990718892790476,4.1112902493834,H2,other,A0375,08:30,P2,medium,1.5,prescription_medicale,2026-05-18 09:30:00,570,09:30,40,2026-05-18 10:10:00,610,10:10,25,1,35,8.673,12.39,8.673,H2,8.673,1,catchment_near_assigned_hospital,12,assumption_to_validate,Renaison other: assumed 36/day.
P379,HOME_P379,46.11874427044834,4.026513742538877,H1,oncology,A0155,14:00,P1,high,2.0,vsl_required,2026-05-18 14:30:00,870,14:30,180,2026-05-18 17:30:00,1050,17:30,15,1,25,10.128,14.47,10.128,H1,10.128,1,catchment_near_assigned_hospital,10,observed_user_table,CH Roanne chemotherapy: 30/day.
P380,HOME_P380,46.10514497213431,4.05010201809299,H1,oncology,A0153,14:00,P1,high,2.0,prescription_medicale,2026-05-18 14:50:00,890,14:50,170,2026-05-18 17:40:00,1060,17:40,15,1,25,7.528,10.75,7.528,H1,7.528,1,catchment_near_assigned_hospital,10,observed_user_table,CH Roanne chemotherapy: 30/day.
P381,HOME_P381,46.0107883804007,4.131998456259584,H2,dialysis,A0317,13:00,P1,high,2.0,prescription_medicale,2026-05-18 13:40:00,820,13:40,255,2026-05-18 17:55:00,1075,17:55,15,1,25,7.794,11.13,7.794,H2,7.794,1,catchment_near_assigned_hospital,8,assumption_to_validate,Renaison dialysis: assumed 30/day.
P382,HOME_P382,46.08318179964618,4.092731928232531,H2,dialysis,A0300,08:00,P1,high,2.0,vsl_required,2026-05-18 08:30:00,510,08:30,240,2026-05-18 12:30:00,750,12:30,15,1,25,5.698,8.14,5.698,H1,4.581,1,catchment_near_assigned_hospital,8,assumption_to_validate,Renaison dialysis: assumed 30/day.
P383,HOME_P383,46.06696408456573,4.020589506408426,H1,dialysis,A0052,13:00,P1,high,2.0,vsl_required,2026-05-18 13:15:00,795,13:15,240,2026-05-18 17:15:00,1035,17:15,15,1,25,5.373,7.68,5.373,H3,5.317,1,catchment_near_assigned_hospital,8,observed_user_table,"CH Roanne dialysis: 53/day. 26 morning, 23 noon, 4 evening."
P384,HOME_P384,46.031354431724594,4.101779490613971,H2,dialysis,A0319,13:00,P1,high,2.0,vsl_required,2026-05-18 13:20:00,800,13:20,250,2026-05-18 17:30:00,1050,17:30,15,1,25,3.755,5.36,3.755,H2,3.755,1,catchment_near_assigned_hospital,8,assumption_to_validate,Renaison dialysis: assumed 30/day.
P385,HOME_P385,46.01033853557383,4.107142126956325,H1,dialysis,A0048,08:00,P1,high,2.0,vsl_required,2026-05-18 08:30:00,510,08:30,240,2026-05-18 12:30:00,750,12:30,15,1,25,6.834,9.76,6.834,H2,6.152,1,catchment_near_assigned_hospital,8,observed_user_table,"CH Roanne dialysis: 53/day. 26 morning, 23 noon, 4 evening."
P386,HOME_P386,46.02287673197192,4.126072238586986,H2,other,A0379,08:30,P2,medium,1.5,standard_assis,2026-05-18 09:20:00,560,09:20,25,2026-05-18 09:45:00,585,09:45,25,1,35,6.372,9.1,6.372,H2,6.372,1,catchment_near_assigned_hospital,12,assumption_to_validate,Renaison other: assumed 36/day.
P387,HOME_P387,46.02748908880654,4.078340044142423,H1,dialysis,A0067,13:00,P1,high,2.0,vsl_required,2026-05-18 13:40:00,820,13:40,240,2026-05-18 17:40:00,1060,17:40,15,1,25,3.629,5.18,3.629,H2,2.693,1,catchment_near_assigned_hospital,8,observed_user_table,"CH Roanne dialysis: 53/day. 26 morning, 23 noon, 4 evening."
P388,HOME_P388,46.13122765915883,4.114408316437936,H2,other,A0389,10:30,P2,medium,1.5,standard_assis,2026-05-18 11:55:00,715,11:55,35,2026-05-18 12:30:00,750,12:30,25,1,35,12.675,18.11,12.675,H1,11.554,1,catchment_near_assigned_hospital,12,assumption_to_validate,Renaison other: assumed 36/day.
P389,HOME_P389,45.95847044049632,4.049220545277173,H1,other,A0171,08:30,P2,medium,1.5,prescription_medicale,2026-05-18 09:20:00,560,09:20,110,2026-05-18 11:10:00,670,11:10,25,1,35,13.374,19.11,13.374,H2,12.271,1,catchment_near_assigned_hospital,12,observed_user_table,CH Roanne other: 49/day.
P390,HOME_P390,46.01548573483222,4.1827732850965305,H1,other,A0174,08:30,P2,medium,1.5,standard_assis,2026-05-18 09:25:00,565,09:25,100,2026-05-18 11:05:00,665,11:05,25,1,35,11.851,16.93,11.851,H2,11.773,1,catchment_near_assigned_hospital,12,observed_user_table,CH Roanne other: 49/day.
P391,HOME_P391,46.04320207354095,3.994235518889292,H1,oncology,A0106,08:00,P1,high,2.0,vsl_required,2026-05-18 08:25:00,505,08:25,175,2026-05-18 11:20:00,680,11:20,15,1,25,7.698,11.0,7.698,H2,7.202,1,catchment_near_assigned_hospital,10,observed_user_table,CH Roanne chemotherapy: 30/day.
P392,HOME_P392,46.031422191862895,3.996222830771165,H1,oncology,A0145,11:00,P1,high,2.0,vsl_required,2026-05-18 11:35:00,695,11:35,150,2026-05-18 14:05:00,845,14:05,15,1,25,7.981,11.4,7.981,H2,7.278,1,catchment_near_assigned_hospital,10,observed_user_table,CH Roanne chemotherapy: 30/day.
P393,HOME_P393,45.96206693983215,3.996181771523501,H1,other,A0185,08:30,P2,medium,1.5,standard_assis,2026-05-18 08:50:00,530,08:50,70,2026-05-18 10:00:00,600,10:00,25,1,35,14.676,20.97,14.676,H2,13.575,1,catchment_near_assigned_hospital,12,observed_user_table,CH Roanne other: 49/day.
P394,HOME_P394,46.07565576141121,4.186923069729992,H1,other,A0231,14:00,P2,medium,1.5,standard_assis,2026-05-18 14:30:00,870,14:30,65,2026-05-18 15:35:00,935,15:35,25,1,35,11.446,16.35,11.446,H1,11.446,1,catchment_near_assigned_hospital,12,observed_user_table,CH Roanne other: 49/day.
P395,HOME_P395,45.97298884107244,3.95542875104821,H2,other,A0410,14:00,P2,medium,1.5,prescription_medicale,2026-05-18 15:25:00,925,15:25,30,2026-05-18 15:55:00,955,15:55,25,1,35,14.897,21.28,14.897,H2,14.897,1,catchment_near_assigned_hospital,12,assumption_to_validate,Renaison other: assumed 36/day.
P396,HOME_P396,46.1088741623359,4.086366238663449,H1,other,A0187,08:30,P2,medium,1.5,standard_assis,2026-05-18 08:40:00,520,08:40,70,2026-05-18 09:50:00,590,09:50,25,1,35,7.836,11.19,7.836,H1,7.836,1,catchment_near_assigned_hospital,12,observed_user_table,CH Roanne other: 49/day.
P397,HOME_P397,46.020890213660905,3.9849130275504887,H2,other,A0405,14:00,P2,medium,1.5,standard_assis,2026-05-18 14:50:00,890,14:50,25,2026-05-18 15:15:00,915,15:15,25,1,35,8.799,12.57,8.799,H2,8.799,1,catchment_near_assigned_hospital,12,assumption_to_validate,Renaison other: assumed 36/day.
P398,HOME_P398,46.010364202523434,4.022120044534439,H1,other,A0191,08:30,P2,medium,1.5,standard_assis,2026-05-18 09:45:00,585,09:45,110,2026-05-18 11:35:00,695,11:35,25,1,35,7.71,11.01,7.71,H2,6.665,1,catchment_near_assigned_hospital,12,observed_user_table,CH Roanne other: 49/day.
P399,HOME_P399,46.030154578659086,4.165457792505024,H1,other,A0192,08:30,P2,medium,1.5,standard_assis,2026-05-18 09:55:00,595,09:55,75,2026-05-18 11:10:00,670,11:10,25,1,35,9.51,13.59,9.51,H1,9.51,1,catchment_near_assigned_hospital,12,observed_user_table,CH Roanne other: 49/day.
P400,HOME_P400,46.051961617537984,4.125588560094626,H1,dialysis,A0013,08:00,P1,high,2.0,vsl_required,2026-05-18 08:10:00,490,08:10,240,2026-05-18 12:10:00,730,12:10,15,1,25,5.105,7.29,5.105,H1,5.105,1,catchment_near_assigned_hospital,8,observed_user_table,"CH Roanne dialysis: 53/day. 26 morning, 23 noon, 4 evening."
P401,HOME_P401,46.10037361495305,4.134225529447125,H1,dialysis,A0028,08:00,P1,high,2.0,vsl_required,2026-05-18 08:50:00,530,08:50,240,2026-05-18 12:50:00,770,12:50,15,1,25,8.832,12.62,8.832,H1,8.832,1,catchment_near_assigned_hospital,8,observed_user_table,"CH Roanne dialysis: 53/day. 26 morning, 23 noon, 4 evening."
P402,HOME_P402,46.038574159764444,4.08861680411022,H1,dialysis,A0006,08:00,P1,high,2.0,vsl_required,2026-05-18 08:20:00,500,08:20,240,2026-05-18 12:20:00,740,12:20,15,1,25,2.559,5.0,2.559,H2,2.153,1,catchment_near_assigned_hospital,8,observed_user_table,"CH Roanne dialysis: 53/day. 26 morning, 23 noon, 4 evening."
P403,HOME_P403,45.99187010036466,4.051090372282689,H1,other,A0167,08:30,P2,medium,1.5,standard_assis,2026-05-18 08:55:00,535,08:55,90,2026-05-18 10:25:00,625,10:25,25,1,35,8.789,12.56,8.789,H2,7.675,1,catchment_near_assigned_hospital,12,observed_user_table,CH Roanne other: 49/day.
P404,HOME_P404,45.99553508878728,4.069109965492261,H3,dialysis,A0468,13:00,P1,high,2.0,vsl_required,2026-05-18 13:35:00,815,13:35,245,2026-05-18 17:40:00,1060,17:40,15,1,25,7.571,10.82,7.571,H2,6.973,1,catchment_near_assigned_hospital,8,assumption_to_validate,Third dialysis center: assumed 24/day.
P405,HOME_P405,46.05597568803514,3.9736797241576087,H1,other,A0214,10:30,P2,medium,1.5,prescription_medicale,2026-05-18 11:25:00,685,11:25,105,2026-05-18 13:10:00,790,13:10,25,1,35,9.559,13.66,9.559,H2,9.286,1,catchment_near_assigned_hospital,12,observed_user_table,CH Roanne other: 49/day.
P406,HOME_P406,46.11174903651039,4.072863727152182,H2,other,A0412,14:00,P2,medium,1.5,standard_assis,2026-05-18 15:20:00,920,15:20,40,2026-05-18 16:00:00,960,16:00,25,0,35,9.189,13.13,9.189,H1,8.124,1,catchment_near_assigned_hospital,12,assumption_to_validate,Renaison other: assumed 36/day.
P407,HOME_P407,46.05054052155248,4.004018037319496,H1,oncology,A0156,14:00,P1,high,2.0,vsl_required,2026-05-18 14:50:00,890,14:50,165,2026-05-18 17:35:00,1055,17:35,15,1,25,6.636,9.48,6.636,H2,6.286,1,catchment_near_assigned_hospital,10,observed_user_table,CH Roanne chemotherapy: 30/day.
P408,HOME_P408,46.11495459564597,4.071843208995448,H2,other,A0362,08:30,P2,medium,1.5,premium,2026-05-18 09:10:00,550,09:10,35,2026-05-18 09:45:00,585,09:45,25,1,35,9.63,13.76,9.63,H1,8.57,1,catchment_near_assigned_hospital,12,assumption_to_validate,Renaison other: assumed 36/day.
P409,HOME_P409,46.00347892788653,4.092090075553654,H2,dialysis,A0330,17:00,P1,high,2.0,vsl_required,2026-05-18 17:15:00,1035,17:15,220,2026-05-18 20:55:00,1255,20:55,15,1,25,6.284,8.98,6.284,H2,6.284,1,catchment_near_assigned_hospital,8,assumption_to_validate,Renaison dialysis: assumed 30/day.
P410,HOME_P410,45.99697151032208,4.04850822332239,H1,other,A0236,14:00,P2,medium,1.5,standard_assis,2026-05-18 14:10:00,850,14:10,80,2026-05-18 15:30:00,930,15:30,25,1,35,8.17,11.67,8.17,H2,7.05,1,catchment_near_assigned_hospital,12,observed_user_table,CH Roanne other: 49/day.
P411,HOME_P411,46.02451066499026,3.986995961976872,H1,dialysis,A0020,08:00,P1,high,2.0,vsl_required,2026-05-18 08:30:00,510,08:30,240,2026-05-18 12:30:00,750,12:30,15,1,25,9.186,13.12,9.186,H2,8.425,1,catchment_near_assigned_hospital,8,observed_user_table,"CH Roanne dialysis: 53/day. 26 morning, 23 noon, 4 evening."
P412,HOME_P412,46.06688053440293,3.9977247040963615,H2,other,A0428,16:30,P2,medium,1.5,standard_assis,2026-05-18 17:15:00,1035,17:15,25,2026-05-18 17:40:00,1060,17:40,25,1,35,7.461,10.66,7.461,H3,7.355,1,catchment_near_assigned_hospital,12,assumption_to_validate,Renaison other: assumed 36/day.
P413,HOME_P413,46.07523851903031,3.9111521728448775,H1,external,A0274,17:30,P3,low,1.0,standard_assis,2026-05-18 17:45:00,1065,17:45,30,2026-05-18 18:15:00,1095,18:15,35,1,45,15.875,22.68,15.875,H3,15.716,1,catchment_near_assigned_hospital,18,computed_from_user_table,External visits: 75/day * 15% using fleet.
P414,HOME_P414,46.03729175267977,3.9750530841279073,H1,other,A0170,08:30,P2,medium,1.5,standard_assis,2026-05-18 08:55:00,535,08:55,60,2026-05-18 09:55:00,595,09:55,25,0,35,9.68,13.83,9.68,H2,9.12,1,catchment_near_assigned_hospital,12,observed_user_table,CH Roanne other: 49/day.
P415,HOME_P415,46.14665752968265,4.087576590433624,H1,other,A0240,14:00,P2,medium,1.5,standard_assis,2026-05-18 14:20:00,860,14:20,75,2026-05-18 15:35:00,935,15:35,25,1,35,13.055,18.65,13.055,H1,13.055,1,catchment_near_assigned_hospital,12,observed_user_table,CH Roanne other: 49/day.
P416,HOME_P416,46.00466044615689,4.115500108081066,H1,dialysis,A0004,08:00,P1,high,2.0,vsl_required,2026-05-18 08:20:00,500,08:20,240,2026-05-18 12:20:00,740,12:20,15,1,25,7.922,11.32,7.922,H2,7.27,1,catchment_near_assigned_hospital,8,observed_user_table,"CH Roanne dialysis: 53/day. 26 morning, 23 noon, 4 evening."
P417,HOME_P417,46.06841512152231,4.101984583559302,H1,dialysis,A0035,08:00,P1,high,2.0,prescription_medicale,2026-05-18 08:35:00,515,08:35,240,2026-05-18 12:35:00,755,12:35,15,1,25,3.52,5.03,3.52,H1,3.52,1,catchment_near_assigned_hospital,8,observed_user_table,"CH Roanne dialysis: 53/day. 26 morning, 23 noon, 4 evening."
P418,HOME_P418,46.078206779128806,4.181622648381674,H2,oncology,A0358,15:00,P1,high,2.0,vsl_required,2026-05-18 15:10:00,910,15:10,230,2026-05-18 19:00:00,1140,19:00,15,1,25,11.782,16.83,11.782,H1,11.06,1,catchment_near_assigned_hospital,10,assumption_to_validate,Renaison oncology: assumed 16/day.
P419,HOME_P419,46.009225747476506,3.964754467711249,H2,other,A0420,14:00,P2,medium,1.5,prescription_medicale,2026-05-18 14:00:00,840,14:00,40,2026-05-18 14:40:00,880,14:40,25,1,35,11.248,16.07,11.248,H2,11.248,1,catchment_near_assigned_hospital,12,assumption_to_validate,Renaison other: assumed 36/day.
P420,HOME_P420,46.03521741311053,4.0345457896175585,H1,dialysis,A0037,08:00,P1,high,2.0,vsl_required,2026-05-18 08:55:00,535,08:55,240,2026-05-18 12:55:00,775,12:55,15,1,25,4.457,6.37,4.457,H2,3.612,1,catchment_near_assigned_hospital,8,observed_user_table,"CH Roanne dialysis: 53/day. 26 morning, 23 noon, 4 evening."
P421,HOME_P421,45.978683262173874,4.001331739842197,H1,other,A0183,08:30,P2,medium,1.5,prescription_medicale,2026-05-18 08:45:00,525,08:45,110,2026-05-18 10:35:00,635,10:35,25,1,35,12.451,17.79,12.451,H2,11.366,1,catchment_near_assigned_hospital,12,observed_user_table,CH Roanne other: 49/day.
P422,HOME_P422,46.050779606036194,4.1267770126926,H1,dialysis,A0039,08:00,P1,high,2.0,vsl_required,2026-05-18 08:50:00,530,08:50,240,2026-05-18 12:50:00,770,12:50,15,1,25,5.228,7.47,5.228,H1,5.228,1,catchment_near_assigned_hospital,8,observed_user_table,"CH Roanne dialysis: 53/day. 26 morning, 23 noon, 4 evening."
P423,HOME_P423,46.110513050194086,4.049147428143661,H2,dialysis,A0277,08:00,P1,high,2.0,vsl_required,2026-05-18 08:35:00,515,08:35,235,2026-05-18 12:30:00,750,12:30,15,1,25,9.206,13.15,9.206,H1,8.27,1,catchment_near_assigned_hospital,8,assumption_to_validate,Renaison dialysis: assumed 30/day.
P424,HOME_P424,46.01197481977982,4.124662860688035,H2,dialysis,A0321,13:00,P1,high,2.0,prescription_medicale,2026-05-18 13:15:00,795,13:15,245,2026-05-18 17:20:00,1040,17:20,15,1,25,7.144,10.21,7.144,H2,7.144,1,catchment_near_assigned_hospital,8,assumption_to_validate,Renaison dialysis: assumed 30/day.
P425,HOME_P425,46.09621165827495,3.9799269879623207,H1,other,A0166,08:30,P2,medium,1.5,standard_assis,2026-05-18 09:20:00,560,09:20,105,2026-05-18 11:05:00,665,11:05,25,1,35,10.752,15.36,10.752,H1,10.752,1,catchment_near_assigned_hospital,12,observed_user_table,CH Roanne other: 49/day.
P426,HOME_P426,46.109192370412835,4.018877803420919,H3,dialysis,A0454,13:00,P1,high,2.0,vsl_required,2026-05-18 13:15:00,795,13:15,270,2026-05-18 17:45:00,1065,17:45,15,1,25,9.591,13.7,9.591,H1,9.342,1,catchment_near_assigned_hospital,8,assumption_to_validate,Third dialysis center: assumed 24/day.
P427,HOME_P427,46.094915156825465,4.020746744736409,H1,dialysis,A0017,08:00,P1,high,2.0,vsl_required,2026-05-18 08:40:00,520,08:40,240,2026-05-18 12:40:00,760,12:40,15,1,25,7.652,10.93,7.652,H1,7.652,1,catchment_near_assigned_hospital,8,observed_user_table,"CH Roanne dialysis: 53/day. 26 morning, 23 noon, 4 evening."
P428,HOME_P428,45.98329621073522,3.965786020922443,H1,external,A0259,10:30,P3,low,1.0,prescription_medicale,2026-05-18 11:35:00,695,11:35,30,2026-05-18 12:05:00,725,12:05,35,1,45,14.183,20.26,14.183,H2,13.195,1,catchment_near_assigned_hospital,18,computed_from_user_table,External visits: 75/day * 15% using fleet.
P429,HOME_P429,46.042354835415765,4.151479794478805,H1,dialysis,A0021,08:00,P1,high,2.0,vsl_required,2026-05-18 08:45:00,525,08:45,240,2026-05-18 12:45:00,765,12:45,15,1,25,7.751,11.07,7.751,H1,7.751,1,catchment_near_assigned_hospital,8,observed_user_table,"CH Roanne dialysis: 53/day. 26 morning, 23 noon, 4 evening."
P430,HOME_P430,46.03744374964008,4.109585711597019,H3,dialysis,A0446,08:00,P1,high,2.0,vsl_required,2026-05-18 08:20:00,500,08:20,225,2026-05-18 12:05:00,725,12:05,15,1,25,4.199,6.0,4.199,H2,4.099,1,catchment_near_assigned_hospital,8,assumption_to_validate,Third dialysis center: assumed 24/day.
P431,HOME_P431,46.09749090557322,4.13817408687694,H3,dialysis,A0452,08:00,P1,high,2.0,prescription_medicale,2026-05-18 08:05:00,485,08:05,210,2026-05-18 11:35:00,695,11:35,15,1,25,9.316,13.31,9.316,H1,8.808,1,catchment_near_assigned_hospital,8,assumption_to_validate,Third dialysis center: assumed 24/day.
P432,HOME_P432,46.06242911855864,4.0755627791397,H1,dialysis,A0065,13:00,P1,high,2.0,vsl_required,2026-05-18 13:20:00,800,13:20,240,2026-05-18 17:20:00,1040,17:20,15,1,25,1.299,5.0,1.299,H1,1.299,1,catchment_near_assigned_hospital,8,observed_user_table,"CH Roanne dialysis: 53/day. 26 morning, 23 noon, 4 evening."
P433,HOME_P433,45.99920177689757,4.018479706557572,H1,oncology,A0157,14:00,P1,high,2.0,prescription_medicale,2026-05-18 14:30:00,870,14:30,165,2026-05-18 17:15:00,1035,17:15,15,1,25,9.161,13.09,9.161,H2,8.084,1,catchment_near_assigned_hospital,10,observed_user_table,CH Roanne chemotherapy: 30/day.
P434,HOME_P434,46.0001679712512,4.0437925177686935,H2,oncology,A0340,08:00,P1,high,2.0,vsl_required,2026-05-18 08:25:00,505,08:25,210,2026-05-18 11:55:00,715,11:55,15,1,25,6.773,9.68,6.773,H2,6.773,1,catchment_near_assigned_hospital,10,assumption_to_validate,Renaison oncology: assumed 16/day.
P435,HOME_P435,46.11276240067427,3.9441337882469307,H1,other,A0228,14:00,P2,medium,1.5,prescription_medicale,2026-05-18 14:35:00,875,14:35,75,2026-05-18 15:50:00,950,15:50,25,1,35,14.898,21.28,14.898,H1,14.898,1,catchment_near_assigned_hospital,12,observed_user_table,CH Roanne other: 49/day.
P436,HOME_P436,46.07383911591884,4.069701833219859,H2,oncology,A0333,08:00,P1,high,2.0,vsl_required,2026-05-18 08:50:00,530,08:50,260,2026-05-18 13:10:00,790,13:10,15,1,25,3.912,5.59,3.912,H1,2.869,1,catchment_near_assigned_hospital,10,assumption_to_validate,Renaison oncology: assumed 16/day.
P437,HOME_P437,46.02112003045414,3.9792587723023916,H2,other,A0398,10:30,P2,medium,1.5,standard_assis,2026-05-18 11:20:00,680,11:20,30,2026-05-18 11:50:00,710,11:50,25,1,35,9.291,13.27,9.291,H2,9.291,1,catchment_near_assigned_hospital,12,assumption_to_validate,Renaison other: assumed 36/day.
P438,HOME_P438,45.97710850906525,4.038593070096072,H2,dialysis,A0305,13:00,P1,high,2.0,vsl_required,2026-05-18 13:05:00,785,13:05,225,2026-05-18 16:50:00,1010,16:50,15,1,25,9.97,14.24,9.97,H2,9.97,1,catchment_near_assigned_hospital,8,assumption_to_validate,Renaison dialysis: assumed 30/day.
P439,HOME_P439,46.05894492808303,4.14541403155326,H1,oncology,A0144,11:00,P1,high,2.0,prescription_medicale,2026-05-18 11:30:00,690,11:30,160,2026-05-18 14:10:00,850,14:10,15,1,25,7.057,10.08,7.057,H1,7.057,1,catchment_near_assigned_hospital,10,observed_user_table,CH Roanne chemotherapy: 30/day.
P440,HOME_P440,46.020796689580465,4.15490191167259,H2,dialysis,A0295,08:00,P1,high,2.0,prescription_medicale,2026-05-18 08:20:00,500,08:20,220,2026-05-18 12:00:00,720,12:00,15,1,25,9.001,12.86,9.001,H2,9.001,1,catchment_near_assigned_hospital,8,assumption_to_validate,Renaison dialysis: assumed 30/day.
P441,HOME_P441,46.08326514707543,4.054777776513088,H2,oncology,A0356,13:00,P1,high,2.0,standard_assis,2026-05-18 13:30:00,810,13:30,160,2026-05-18 16:10:00,970,16:10,15,1,25,5.394,7.71,5.394,H1,4.509,1,catchment_near_assigned_hospital,10,assumption_to_validate,Renaison oncology: assumed 16/day.
P442,HOME_P442,46.05957746151651,4.119359501983858,H2,dialysis,A0293,08:00,P1,high,2.0,prescription_medicale,2026-05-18 08:45:00,525,08:45,230,2026-05-18 12:35:00,755,12:35,15,1,25,5.245,7.49,5.245,H1,4.584,1,catchment_near_assigned_hospital,8,assumption_to_validate,Renaison dialysis: assumed 30/day.
P443,HOME_P443,46.068379346106056,4.08854500640051,H1,oncology,A0103,08:00,P1,high,2.0,prescription_medicale,2026-05-18 08:00:00,480,08:00,160,2026-05-18 10:40:00,640,10:40,15,1,25,2.594,5.0,2.594,H1,2.594,1,catchment_near_assigned_hospital,10,observed_user_table,CH Roanne chemotherapy: 30/day.
P444,HOME_P444,45.981743732643956,4.0704550249765346,H1,oncology,A0158,14:00,P1,high,2.0,standard_assis,2026-05-18 14:25:00,865,14:25,165,2026-05-18 17:10:00,1030,17:10,15,1,25,9.948,14.21,9.948,H2,8.891,1,catchment_near_assigned_hospital,10,observed_user_table,CH Roanne chemotherapy: 30/day.
P445,HOME_P445,46.073230966006996,3.933457952408649,H1,other,A0222,10:30,P2,medium,1.5,standard_assis,2026-05-18 10:40:00,640,10:40,85,2026-05-18 12:05:00,725,12:05,25,1,35,13.712,19.59,13.712,H3,13.559,1,catchment_near_assigned_hospital,12,observed_user_table,CH Roanne other: 49/day.
P446,HOME_P446,45.9525658380627,4.078572406180877,H1,other,A0208,10:30,P2,medium,1.5,standard_assis,2026-05-18 10:50:00,650,10:50,85,2026-05-18 12:15:00,735,12:15,25,1,35,14.013,20.02,14.013,H2,12.979,1,catchment_near_assigned_hospital,12,observed_user_table,CH Roanne other: 49/day.
P447,HOME_P447,45.98473432244856,4.029597439078455,H1,other,A0224,14:00,P2,medium,1.5,standard_assis,2026-05-18 14:25:00,865,14:25,70,2026-05-18 15:35:00,935,15:35,25,1,35,10.399,14.86,10.399,H2,9.28,1,catchment_near_assigned_hospital,12,observed_user_table,CH Roanne other: 49/day.
P448,HOME_P448,46.027531304111875,4.085408915176142,H1,other,A0173,08:30,P2,medium,1.5,standard_assis,2026-05-18 09:25:00,565,09:25,110,2026-05-18 11:15:00,675,11:15,25,1,35,3.786,5.41,3.786,H2,2.991,1,catchment_near_assigned_hospital,12,observed_user_table,CH Roanne other: 49/day.
P449,HOME_P449,46.00830482055508,4.185378616304666,H1,other,A0172,08:30,P2,medium,1.5,vsl_required,2026-05-18 09:15:00,555,09:15,85,2026-05-18 10:40:00,640,10:40,25,1,35,12.544,17.92,12.544,H2,12.393,1,catchment_near_assigned_hospital,12,observed_user_table,CH Roanne other: 49/day.
P450,HOME_P450,46.07692300462934,4.0918486174918325,H2,other,A0413,14:00,P2,medium,1.5,prescription_medicale,2026-05-18 14:55:00,895,14:55,40,2026-05-18 15:35:00,935,15:35,25,1,35,4.876,6.97,4.876,H1,3.767,1,catchment_near_assigned_hospital,12,assumption_to_validate,Renaison other: assumed 36/day.
P451,HOME_P451,46.02648646883152,4.110022009483289,H3,dialysis,A0460,13:00,P1,high,2.0,prescription_medicale,2026-05-18 13:20:00,800,13:20,210,2026-05-18 16:50:00,1010,16:50,15,1,25,5.059,7.23,5.059,H2,4.791,1,catchment_near_assigned_hospital,8,assumption_to_validate,Third dialysis center: assumed 24/day.
P452,HOME_P452,46.084368441677135,4.136669432873985,H1,other,A0195,10:30,P2,medium,1.5,prescription_medicale,2026-05-18 10:30:00,630,10:30,60,2026-05-18 11:30:00,690,11:30,25,1,35,7.53,10.76,7.53,H1,7.53,1,catchment_near_assigned_hospital,12,observed_user_table,CH Roanne other: 49/day.
P453,HOME_P453,46.06248923580167,4.134030406076049,H1,dialysis,A0064,13:00,P1,high,2.0,prescription_medicale,2026-05-18 13:30:00,810,13:30,240,2026-05-18 17:30:00,1050,17:30,15,1,25,6.052,8.65,6.052,H1,6.052,1,catchment_near_assigned_hospital,8,observed_user_table,"CH Roanne dialysis: 53/day. 26 morning, 23 noon, 4 evening."
P454,HOME_P454,46.08150117430406,4.018146274166589,H1,oncology,A0117,08:00,P1,high,2.0,vsl_required,2026-05-18 08:35:00,515,08:35,180,2026-05-18 11:35:00,695,11:35,15,1,25,6.561,9.37,6.561,H1,6.561,1,catchment_near_assigned_hospital,10,observed_user_table,CH Roanne chemotherapy: 30/day.
P455,HOME_P455,46.01896840977817,3.9262521445312597,H1,other,A0251,16:00,P2,medium,1.5,standard_assis,2026-05-18 16:20:00,980,16:20,90,2026-05-18 17:50:00,1070,17:50,25,1,35,14.915,21.31,14.915,H2,14.248,1,catchment_near_assigned_hospital,12,observed_user_table,CH Roanne other: 49/day.
P456,HOME_P456,46.041609991787965,3.9713109605898858,H1,dialysis,A0074,13:00,P1,high,2.0,vsl_required,2026-05-18 13:15:00,795,13:15,240,2026-05-18 17:15:00,1035,17:15,15,1,25,9.915,14.16,9.915,H2,9.423,1,catchment_near_assigned_hospital,8,observed_user_table,"CH Roanne dialysis: 53/day. 26 morning, 23 noon, 4 evening."
P457,HOME_P457,46.08027791808745,4.013470105373455,H1,other,A0221,10:30,P2,medium,1.5,standard_assis,2026-05-18 11:35:00,695,11:35,70,2026-05-18 12:45:00,765,12:45,25,1,35,6.833,9.76,6.833,H1,6.833,1,catchment_near_assigned_hospital,12,observed_user_table,CH Roanne other: 49/day.
P458,HOME_P458,46.0463842459803,4.1069838565878545,H1,dialysis,A0080,13:00,P1,high,2.0,prescription_medicale,2026-05-18 13:35:00,815,13:35,240,2026-05-18 17:35:00,1055,17:35,15,1,25,3.444,5.0,3.444,H1,3.444,1,catchment_near_assigned_hospital,8,observed_user_table,"CH Roanne dialysis: 53/day. 26 morning, 23 noon, 4 evening."
P459,HOME_P459,46.0617373834069,4.072822465979543,H3,dialysis,A0435,08:00,P1,high,2.0,prescription_medicale,2026-05-18 08:45:00,525,08:45,250,2026-05-18 12:55:00,775,12:55,15,1,25,1.654,5.0,1.654,H1,1.173,1,catchment_near_assigned_hospital,8,assumption_to_validate,Third dialysis center: assumed 24/day.
P460,HOME_P460,46.06794714509261,4.047857391284267,H1,external,A0270,15:30,P3,low,1.0,standard_assis,2026-05-18 16:30:00,990,16:30,30,2026-05-18 17:00:00,1020,17:00,35,1,45,3.144,5.0,3.144,H1,3.144,1,catchment_near_assigned_hospital,18,computed_from_user_table,External visits: 75/day * 15% using fleet.
P461,HOME_P461,45.983837722541764,4.135384272203952,H1,oncology,A0112,08:00,P1,high,2.0,vsl_required,2026-05-18 08:25:00,505,08:25,155,2026-05-18 11:00:00,660,11:00,15,1,25,11.394,16.28,11.394,H2,10.735,1,catchment_near_assigned_hospital,10,observed_user_table,CH Roanne chemotherapy: 30/day.
P462,HOME_P462,46.077543171058046,4.110915214216976,H3,dialysis,A0464,13:00,P1,high,2.0,prescription_medicale,2026-05-18 13:40:00,820,13:40,230,2026-05-18 17:30:00,1050,17:30,15,1,25,5.498,7.85,5.498,H1,4.994,1,catchment_near_assigned_hospital,8,assumption_to_validate,Third dialysis center: assumed 24/day.
P463,HOME_P463,45.97899096937535,4.118126406155641,H2,oncology,A0332,08:00,P1,high,2.0,vsl_required,2026-05-18 08:40:00,520,08:40,295,2026-05-18 13:35:00,815,13:35,15,1,25,10.423,14.89,10.423,H2,10.423,1,catchment_near_assigned_hospital,10,assumption_to_validate,Renaison oncology: assumed 16/day.
P464,HOME_P464,46.04371776058533,4.191161249177439,H1,oncology,A0107,08:00,P1,high,2.0,vsl_required,2026-05-18 08:35:00,515,08:35,180,2026-05-18 11:35:00,695,11:35,15,1,25,11.505,16.44,11.505,H1,11.505,1,catchment_near_assigned_hospital,10,observed_user_table,CH Roanne chemotherapy: 30/day.
P465,HOME_P465,46.112169919264616,4.053494795958281,H1,other,A0216,10:30,P2,medium,1.5,prescription_medicale,2026-05-18 11:10:00,670,11:10,60,2026-05-18 12:10:00,730,12:10,25,1,35,8.389,11.98,8.389,H1,8.389,1,catchment_near_assigned_hospital,12,observed_user_table,CH Roanne other: 49/day.
P466,HOME_P466,46.04080371818132,4.108751944810832,H1,oncology,A0152,11:00,P1,high,2.0,prescription_medicale,2026-05-18 11:40:00,700,11:40,150,2026-05-18 14:10:00,850,14:10,15,1,25,3.888,5.55,3.888,H1,3.888,1,catchment_near_assigned_hospital,10,observed_user_table,CH Roanne chemotherapy: 30/day.
P467,HOME_P467,46.04370359818699,4.080913474544191,H1,dialysis,A0002,08:00,P1,high,2.0,vsl_required,2026-05-18 08:40:00,520,08:40,240,2026-05-18 12:40:00,760,12:40,15,1,25,1.551,5.0,1.551,H2,1.201,1,catchment_near_assigned_hospital,8,observed_user_table,"CH Roanne dialysis: 53/day. 26 morning, 23 noon, 4 evening."
P468,HOME_P468,46.03932264800698,3.95795727495633,H1,oncology,A0105,08:00,P1,high,2.0,prescription_medicale,2026-05-18 08:00:00,480,08:00,150,2026-05-18 10:30:00,630,10:30,15,1,25,11.239,16.06,11.239,H2,10.731,1,catchment_near_assigned_hospital,10,observed_user_table,CH Roanne chemotherapy: 30/day.
P469,HOME_P469,46.10847590657691,4.075239700750514,H1,dialysis,A0083,13:00,P1,high,2.0,vsl_required,2026-05-18 13:40:00,820,13:40,240,2026-05-18 17:40:00,1060,17:40,15,1,25,7.673,10.96,7.673,H1,7.673,1,catchment_near_assigned_hospital,8,observed_user_table,"CH Roanne dialysis: 53/day. 26 morning, 23 noon, 4 evening."
P470,HOME_P470,46.06920281752563,4.0378991301699365,H1,other,A0217,10:30,P2,medium,1.5,standard_assis,2026-05-18 11:25:00,685,11:25,75,2026-05-18 12:40:00,760,12:40,25,1,35,4.019,5.74,4.019,H1,4.019,1,catchment_near_assigned_hospital,12,observed_user_table,CH Roanne other: 49/day.
P471,HOME_P471,46.05643061495351,4.187364101988028,H1,oncology,A0149,11:00,P1,high,2.0,prescription_medicale,2026-05-18 11:35:00,695,11:35,150,2026-05-18 14:05:00,845,14:05,15,1,25,11.069,15.81,11.069,H1,11.069,1,catchment_near_assigned_hospital,10,observed_user_table,CH Roanne chemotherapy: 30/day.
P472,HOME_P472,45.9904420115854,4.040711119497486,H2,dialysis,A0324,13:00,P1,high,2.0,vsl_required,2026-05-18 13:50:00,830,13:50,225,2026-05-18 17:35:00,1055,17:35,15,1,25,8.145,11.64,8.145,H2,8.145,1,catchment_near_assigned_hospital,8,assumption_to_validate,Renaison dialysis: assumed 30/day.
P473,HOME_P473,46.03582721533279,4.162122550655957,H1,dialysis,A0075,13:00,P1,high,2.0,vsl_required,2026-05-18 13:25:00,805,13:25,240,2026-05-18 17:25:00,1045,17:25,15,1,25,8.962,12.8,8.962,H1,8.962,1,catchment_near_assigned_hospital,8,observed_user_table,"CH Roanne dialysis: 53/day. 26 morning, 23 noon, 4 evening."
P474,HOME_P474,46.03168155442901,4.079257135782447,H1,other,A0190,08:30,P2,medium,1.5,prescription_medicale,2026-05-18 09:10:00,550,09:10,115,2026-05-18 11:05:00,665,11:05,25,1,35,3.071,5.0,3.071,H2,2.194,1,catchment_near_assigned_hospital,12,observed_user_table,CH Roanne other: 49/day.
P475,HOME_P475,46.023172053121776,3.9535259911542044,H2,oncology,A0344,08:00,P1,high,2.0,vsl_required,2026-05-18 08:35:00,515,08:35,355,2026-05-18 14:30:00,870,14:30,15,1,25,11.555,16.51,11.555,H2,11.555,1,catchment_near_assigned_hospital,10,assumption_to_validate,Renaison oncology: assumed 16/day.
