patient_id,home_point_id,home_lat,home_lon,hospital_id,activity_type,appointment_id,slot_time,priority_code,priority_class,theta_p,requirement,appointment_datetime,appointment_minute,appointment_time_hhmm,hospital_stay_min,return_ready_datetime,return_ready_minute,return_ready_time_hhmm,waiting_time_after_treatment_min,return_same_day,max_ride_time_min,direct_distance_est_km,direct_travel_time_est_min,distance_to_assigned_hospital_km,closest_hospital_id,closest_hospital_distance_km,assigned_hospital_is_coherent,home_generation_method,catchment_radius_km,source_quality,source_note
P1,HOME_P1,46.103689512289144,3.9798657032090605,H1,other,A0269,10:30,P2,medium,1.5,prescription_medicale,2026-05-18 10:50:00,650,10:50,95,2026-05-18 12:25:00,745,12:25,25,1,35,11.365,16.24,11.365,H1,11.365,1,catchment_near_assigned_hospital,12,observed_user_table,CH Roanne other: 49/day.
P2,HOME_P2,46.102533694037035,4.112825401165825,H3,dialysis,A0618,08:00,P1,high,2.0,prescription_medicale,2026-05-18 08:35:00,515,08:35,230,2026-05-18 12:25:00,745,12:25,15,1,25,8.389,11.98,8.389,H1,7.861,1,catchment_near_assigned_hospital,8,assumption_to_validate,Third dialysis center: assumed 24/day.
P3,HOME_P3,46.03870630146255,4.042536407178507,H2,dialysis,A0386,08:00,P1,high,2.0,prescription_medicale,2026-05-18 08:40:00,520,08:40,235,2026-05-18 12:35:00,755,12:35,15,1,25,2.714,5.0,2.714,H2,2.714,1,catchment_near_assigned_hospital,8,assumption_to_validate,Renaison dialysis: assumed 30/day.
P4,HOME_P4,46.041783358946475,4.143086593195649,H1,dialysis,A0008,08:00,P1,high,2.0,vsl_required,2026-05-18 08:50:00,530,08:50,240,2026-05-18 12:50:00,770,12:50,15,1,25,6.976,9.97,6.976,H1,6.976,1,catchment_near_assigned_hospital,8,observed_user_table,"CH Roanne dialysis: 53/day. 26 morning, 23 noon, 4 evening."
P5,HOME_P5,46.05309938070803,4.159813340733483,H1,dialysis,A0131,17:00,P1,high,2.0,vsl_required,2026-05-18 17:35:00,1055,17:35,240,2026-05-18 21:35:00,1295,21:35,15,1,25,8.403,12.0,8.403,H1,8.403,1,catchment_near_assigned_hospital,8,observed_user_table,"CH Roanne dialysis: 53/day. 26 morning, 23 noon, 4 evening."
P6,HOME_P6,46.05846433301343,3.9973810088473156,H1,dialysis,A0135,17:00,P1,high,2.0,prescription_medicale,2026-05-18 17:55:00,1075,17:55,240,2026-05-18 21:55:00,1315,21:55,15,1,25,7.3,10.43,7.3,H3,7.103,1,catchment_near_assigned_hospital,8,observed_user_table,"CH Roanne dialysis: 53/day. 26 morning, 23 noon, 4 evening."
P7,HOME_P7,46.066556989869326,4.206776094584904,H1,other,A0343,16:00,P2,medium,1.5,standard_assis,2026-05-18 16:10:00,970,16:10,65,2026-05-18 17:15:00,1035,17:15,25,1,35,13.062,18.66,13.062,H1,13.062,1,catchment_near_assigned_hospital,12,observed_user_table,CH Roanne other: 49/day.
P8,HOME_P8,46.02050916885735,4.044606048441596,H2,oncology,A0465,08:00,P1,high,2.0,prescription_medicale,2026-05-18 08:10:00,490,08:10,185,2026-05-18 11:15:00,675,11:15,15,1,25,4.208,6.01,4.208,H2,4.208,1,catchment_near_assigned_hospital,10,assumption_to_validate,Renaison oncology: assumed 16/day.
P9,HOME_P9,46.077776245220036,4.06990740043555,H1,dialysis,A0104,13:00,P1,high,2.0,prescription_medicale,2026-05-18 13:10:00,790,13:10,240,2026-05-18 17:10:00,1030,17:10,15,1,25,3.413,5.0,3.413,H1,3.413,1,catchment_near_assigned_hospital,8,observed_user_table,"CH Roanne dialysis: 53/day. 26 morning, 23 noon, 4 evening."
P10,HOME_P10,46.01999667728137,4.096789036684975,H1,dialysis,A0127,13:00,P1,high,2.0,vsl_required,2026-05-18 13:20:00,800,13:20,240,2026-05-18 17:20:00,1040,17:20,15,1,25,5.18,7.4,5.18,H2,4.479,1,catchment_near_assigned_hospital,8,observed_user_table,"CH Roanne dialysis: 53/day. 26 morning, 23 noon, 4 evening."
P11,HOME_P11,46.055010741762096,4.066901930758476,H1,dialysis,A0013,08:00,P1,high,2.0,vsl_required,2026-05-18 08:20:00,500,08:20,240,2026-05-18 12:20:00,740,12:20,15,1,25,0.608,5.0,0.608,H1,0.608,1,catchment_near_assigned_hospital,8,observed_user_table,"CH Roanne dialysis: 53/day. 26 morning, 23 noon, 4 evening."
P12,HOME_P12,46.03992474337996,4.141576550503717,H1,dialysis,A0105,13:00,P1,high,2.0,vsl_required,2026-05-18 13:15:00,795,13:15,240,2026-05-18 17:15:00,1035,17:15,15,1,25,6.9,9.86,6.9,H1,6.9,1,catchment_near_assigned_hospital,8,observed_user_table,"CH Roanne dialysis: 53/day. 26 morning, 23 noon, 4 evening."
P13,HOME_P13,46.09311064457581,4.085366916583011,H1,oncology,A0163,08:00,P1,high,2.0,vsl_required,2026-05-18 08:30:00,510,08:30,150,2026-05-18 11:00:00,660,11:00,15,1,25,5.667,8.1,5.667,H1,5.667,1,catchment_near_assigned_hospital,10,observed_user_table,CH Roanne chemotherapy: 30/day.
P14,HOME_P14,46.021567510722384,4.011336308562248,H1,dialysis,A0034,08:00,P1,high,2.0,vsl_required,2026-05-18 08:35:00,515,08:35,240,2026-05-18 12:35:00,755,12:35,15,1,25,7.383,10.55,7.383,H2,6.481,1,catchment_near_assigned_hospital,8,observed_user_table,"CH Roanne dialysis: 53/day. 26 morning, 23 noon, 4 evening."
P15,HOME_P15,46.02010958493171,4.044537964469233,H1,dialysis,A0029,08:00,P1,high,2.0,vsl_required,2026-05-18 08:05:00,485,08:05,240,2026-05-18 12:05:00,725,12:05,15,1,25,5.354,7.65,5.354,H2,4.258,1,catchment_near_assigned_hospital,8,observed_user_table,"CH Roanne dialysis: 53/day. 26 morning, 23 noon, 4 evening."
P16,HOME_P16,45.98832457234164,4.052479341858348,H2,dialysis,A0380,08:00,P1,high,2.0,prescription_medicale,2026-05-18 08:55:00,535,08:55,255,2026-05-18 13:10:00,790,13:10,15,1,25,8.129,11.61,8.129,H2,8.129,1,catchment_near_assigned_hospital,8,assumption_to_validate,Renaison dialysis: assumed 30/day.
P17,HOME_P17,46.00854974442566,3.965708939715888,H1,other,A0278,10:30,P2,medium,1.5,standard_assis,2026-05-18 11:15:00,675,11:15,60,2026-05-18 12:15:00,735,12:15,25,1,35,12.053,17.22,12.053,H2,11.209,1,catchment_near_assigned_hospital,12,observed_user_table,CH Roanne other: 49/day.
P18,HOME_P18,46.066596791948996,4.0361012132477105,H1,dialysis,A0003,08:00,P1,high,2.0,vsl_required,2026-05-18 08:25:00,505,08:25,240,2026-05-18 12:25:00,745,12:25,15,1,25,3.984,5.69,3.984,H1,3.984,1,catchment_near_assigned_hospital,8,observed_user_table,"CH Roanne dialysis: 53/day. 26 morning, 23 noon, 4 evening."
P19,HOME_P19,45.96028479855438,3.995513042191406,H1,other,A0310,14:00,P2,medium,1.5,premium,2026-05-18 15:20:00,920,15:20,70,2026-05-18 16:30:00,990,16:30,25,1,35,14.922,21.32,14.922,H2,13.821,1,catchment_near_assigned_hospital,12,observed_user_table,CH Roanne other: 49/day.
P20,HOME_P20,46.01276362635131,4.021103630597169,H2,oncology,A0482,13:00,P1,high,2.0,vsl_required,2026-05-18 13:35:00,815,13:35,110,2026-05-18 15:25:00,925,15:25,15,1,25,6.492,9.27,6.492,H2,6.492,1,catchment_near_assigned_hospital,10,assumption_to_validate,Renaison oncology: assumed 16/day.
P21,HOME_P21,46.00321924490572,4.001665227865758,H2,other,A0510,08:30,P2,medium,1.5,standard_assis,2026-05-18 09:10:00,550,09:10,25,2026-05-18 09:35:00,575,09:35,25,1,35,8.766,12.52,8.766,H2,8.766,1,catchment_near_assigned_hospital,12,assumption_to_validate,Renaison other: assumed 36/day.
P22,HOME_P22,46.01532435988177,4.007888576569479,H2,dialysis,A0426,13:00,P1,high,2.0,vsl_required,2026-05-18 13:30:00,810,13:30,225,2026-05-18 17:15:00,1035,17:15,15,1,25,7.237,10.34,7.237,H2,7.237,1,catchment_near_assigned_hospital,8,assumption_to_validate,Renaison dialysis: assumed 30/day.
P23,HOME_P23,46.04905186296057,4.046607924554924,H1,oncology,A0202,11:00,P1,high,2.0,vsl_required,2026-05-18 11:10:00,670,11:10,155,2026-05-18 13:45:00,825,13:45,15,1,25,2.585,5.0,2.585,H2,2.191,1,catchment_near_assigned_hospital,10,observed_user_table,CH Roanne chemotherapy: 30/day.
P24,HOME_P24,46.03459840496268,4.1717599215836865,H2,other,A0507,08:30,P2,medium,1.5,standard_assis,2026-05-18 09:05:00,545,09:05,30,2026-05-18 09:35:00,575,09:35,25,1,35,10.053,14.36,10.053,H1,9.904,1,catchment_near_assigned_hospital,12,assumption_to_validate,Renaison other: assumed 36/day.
P25,HOME_P25,46.074659945141555,4.139753536643899,H1,dialysis,A0039,08:00,P1,high,2.0,prescription_medicale,2026-05-18 08:40:00,520,08:40,240,2026-05-18 12:40:00,760,12:40,15,1,25,7.116,10.17,7.116,H1,7.116,1,catchment_near_assigned_hospital,8,observed_user_table,"CH Roanne dialysis: 53/day. 26 morning, 23 noon, 4 evening."
P26,HOME_P26,46.03644474919553,4.070407726440259,H2,other,A0517,08:30,P2,medium,1.5,standard_assis,2026-05-18 09:30:00,570,09:30,25,2026-05-18 09:55:00,595,09:55,25,1,35,1.296,5.0,1.296,H2,1.296,1,catchment_near_assigned_hospital,12,assumption_to_validate,Renaison other: assumed 36/day.
P27,HOME_P27,46.1213799751391,4.081220768216071,H1,oncology,A0145,08:00,P1,high,2.0,vsl_required,2026-05-18 08:25:00,505,08:25,175,2026-05-18 11:20:00,680,11:20,15,1,25,9.498,13.57,9.498,H1,9.498,1,catchment_near_assigned_hospital,10,observed_user_table,CH Roanne chemotherapy: 30/day.
P28,HOME_P28,46.10392571884366,3.9845846291019704,H2,oncology,A0477,13:00,P1,high,2.0,standard_assis,2026-05-18 13:05:00,785,13:05,295,2026-05-18 18:00:00,1080,18:00,15,1,25,11.465,16.38,11.465,H1,11.031,1,catchment_near_assigned_hospital,10,assumption_to_validate,Renaison oncology: assumed 16/day.
P29,HOME_P29,45.9733323262124,4.111638939683677,H2,oncology,A0470,08:00,P1,high,2.0,vsl_required,2026-05-18 08:20:00,500,08:20,100,2026-05-18 10:00:00,600,10:00,15,1,25,10.876,15.54,10.876,H2,10.876,1,catchment_near_assigned_hospital,10,assumption_to_validate,Renaison oncology: assumed 16/day.
P30,HOME_P30,46.04114845048411,4.072147232464959,H2,dialysis,A0415,13:00,P1,high,2.0,vsl_required,2026-05-18 13:35:00,815,13:35,255,2026-05-18 17:50:00,1070,17:50,15,1,25,0.71,5.0,0.71,H2,0.71,1,catchment_near_assigned_hospital,8,assumption_to_validate,Renaison dialysis: assumed 30/day.
P31,HOME_P31,46.0221111544225,4.07819357574784,H1,other,A0270,10:30,P2,medium,1.5,prescription_medicale,2026-05-18 11:50:00,710,11:50,110,2026-05-18 13:40:00,820,13:40,25,1,35,4.367,6.24,4.367,H2,3.402,1,catchment_near_assigned_hospital,12,observed_user_table,CH Roanne other: 49/day.
P32,HOME_P32,46.07330656674606,4.0632665248051465,H1,oncology,A0207,11:00,P1,high,2.0,vsl_required,2026-05-18 11:15:00,675,11:15,175,2026-05-18 14:10:00,850,14:10,15,1,25,2.926,5.0,2.926,H1,2.926,1,catchment_near_assigned_hospital,10,observed_user_table,CH Roanne chemotherapy: 30/day.
P33,HOME_P33,46.08231520313019,4.1340393974440355,H1,oncology,A0167,08:00,P1,high,2.0,vsl_required,2026-05-18 08:35:00,515,08:35,150,2026-05-18 11:05:00,665,11:05,15,1,25,7.159,10.23,7.159,H1,7.159,1,catchment_near_assigned_hospital,10,observed_user_table,CH Roanne chemotherapy: 30/day.
P34,HOME_P34,46.07478242637925,4.0907910656867115,H1,other,A0330,14:00,P2,medium,1.5,premium,2026-05-18 14:45:00,885,14:45,65,2026-05-18 15:50:00,950,15:50,25,1,35,3.458,5.0,3.458,H1,3.458,1,catchment_near_assigned_hospital,12,observed_user_table,CH Roanne other: 49/day.
P35,HOME_P35,46.00498022269441,4.061431057455276,H3,dialysis,A0631,13:00,P1,high,2.0,prescription_medicale,2026-05-18 13:55:00,835,13:55,210,2026-05-18 17:25:00,1045,17:25,15,1,25,6.312,9.02,6.312,H2,5.704,1,catchment_near_assigned_hospital,8,assumption_to_validate,Third dialysis center: assumed 24/day.
P36,HOME_P36,46.08191765534646,4.129034094218257,H2,dialysis,A0444,13:00,P1,high,2.0,vsl_required,2026-05-18 13:05:00,785,13:05,215,2026-05-18 16:40:00,1000,16:40,15,1,25,7.687,10.98,7.687,H1,6.733,1,catchment_near_assigned_hospital,8,assumption_to_validate,Renaison dialysis: assumed 30/day.
P37,HOME_P37,46.02523768493014,4.054746114331988,H1,dialysis,A0137,17:00,P1,high,2.0,vsl_required,2026-05-18 17:00:00,1020,17:00,240,2026-05-18 21:00:00,1260,21:00,15,1,25,4.268,6.1,4.268,H2,3.151,1,catchment_near_assigned_hospital,8,observed_user_table,"CH Roanne dialysis: 53/day. 26 morning, 23 noon, 4 evening."
P38,HOME_P38,46.113850516386286,4.051616836645719,H1,other,A0256,08:30,P2,medium,1.5,standard_assis,2026-05-18 09:55:00,595,09:55,105,2026-05-18 11:40:00,700,11:40,25,1,35,8.658,12.37,8.658,H1,8.658,1,catchment_near_assigned_hospital,12,observed_user_table,CH Roanne other: 49/day.
P39,HOME_P39,46.0069698145529,4.034582905509944,H2,oncology,A0462,08:00,P1,high,2.0,vsl_required,2026-05-18 08:00:00,480,08:00,105,2026-05-18 09:45:00,585,09:45,15,1,25,6.315,9.02,6.315,H2,6.315,1,catchment_near_assigned_hospital,10,assumption_to_validate,Renaison oncology: assumed 16/day.
P40,HOME_P40,45.99595058877129,4.008237749760653,H2,dialysis,A0431,13:00,P1,high,2.0,prescription_medicale,2026-05-18 13:40:00,820,13:40,235,2026-05-18 17:35:00,1055,17:35,15,1,25,9.054,12.93,9.054,H2,9.054,1,catchment_near_assigned_hospital,8,assumption_to_validate,Renaison dialysis: assumed 30/day.
P41,HOME_P41,46.075413544911555,3.9864378505857156,H1,other,A0321,14:00,P2,medium,1.5,prescription_medicale,2026-05-18 15:15:00,915,15:15,115,2026-05-18 17:10:00,1030,17:10,25,1,35,8.869,12.67,8.869,H3,8.799,1,catchment_near_assigned_hospital,12,observed_user_table,CH Roanne other: 49/day.
P42,HOME_P42,46.08516089257865,4.062622990979155,H1,other,A0284,10:30,P2,medium,1.5,standard_assis,2026-05-18 10:45:00,645,10:45,75,2026-05-18 12:00:00,720,12:00,25,1,35,4.534,6.48,4.534,H1,4.534,1,catchment_near_assigned_hospital,12,observed_user_table,CH Roanne other: 49/day.
P43,HOME_P43,46.027646257991165,4.073354906094028,H2,other,A0557,14:00,P2,medium,1.5,standard_assis,2026-05-18 14:10:00,850,14:10,35,2026-05-18 14:45:00,885,14:45,25,1,35,2.548,5.0,2.548,H2,2.548,1,catchment_near_assigned_hospital,12,assumption_to_validate,Renaison other: assumed 36/day.
P44,HOME_P44,46.026238127650025,4.069646807647932,H2,dialysis,A0421,13:00,P1,high,2.0,vsl_required,2026-05-18 13:55:00,835,13:55,250,2026-05-18 18:05:00,1085,18:05,15,1,25,2.706,5.0,2.706,H2,2.706,1,catchment_near_assigned_hospital,8,assumption_to_validate,Renaison dialysis: assumed 30/day.
P45,HOME_P45,46.00577199436684,4.0707521816617,H1,oncology,A0187,11:00,P1,high,2.0,vsl_required,2026-05-18 11:45:00,705,11:45,170,2026-05-18 14:35:00,875,14:35,15,1,25,6.609,9.44,6.609,H2,5.553,1,catchment_near_assigned_hospital,10,observed_user_table,CH Roanne chemotherapy: 30/day.
P46,HOME_P46,46.11062444218201,4.197687968844425,H1,other,A0315,14:00,P2,medium,1.5,prescription_medicale,2026-05-18 15:15:00,915,15:15,115,2026-05-18 17:10:00,1030,17:10,25,1,35,14.446,20.64,14.446,H1,14.446,1,catchment_near_assigned_hospital,12,observed_user_table,CH Roanne other: 49/day.
P47,HOME_P47,46.1058393481147,4.11364095200377,H2,dialysis,A0393,08:00,P1,high,2.0,vsl_required,2026-05-18 08:50:00,530,08:50,235,2026-05-18 12:45:00,765,12:45,15,1,25,9.411,13.44,9.411,H1,8.301,1,catchment_near_assigned_hospital,8,assumption_to_validate,Renaison dialysis: assumed 30/day.
P48,HOME_P48,46.009030279571924,4.055757427622799,H3,dialysis,A0591,08:00,P1,high,2.0,prescription_medicale,2026-05-18 08:05:00,485,08:05,265,2026-05-18 12:30:00,750,12:30,15,1,25,5.858,8.37,5.858,H2,5.25,1,catchment_near_assigned_hospital,8,assumption_to_validate,Third dialysis center: assumed 24/day.
P49,HOME_P49,46.02846728004251,4.099351948786043,H1,other,A0222,08:30,P2,medium,1.5,vsl_required,2026-05-18 09:30:00,570,09:30,70,2026-05-18 10:40:00,640,10:40,25,1,35,4.304,6.15,4.304,H2,3.798,1,catchment_near_assigned_hospital,12,observed_user_table,CH Roanne other: 49/day.
P50,HOME_P50,46.08407847970989,4.0973029958984934,H3,dialysis,A0627,13:00,P1,high,2.0,vsl_required,2026-05-18 13:40:00,820,13:40,250,2026-05-18 17:50:00,1070,17:50,15,1,25,5.419,7.74,5.419,H1,4.892,1,catchment_near_assigned_hospital,8,assumption_to_validate,Third dialysis center: assumed 24/day.
P51,HOME_P51,46.07677797782894,3.9821015222311105,H3,dialysis,A0648,17:00,P1,high,2.0,vsl_required,2026-05-18 17:35:00,1055,17:35,220,2026-05-18 21:15:00,1275,21:15,15,1,25,9.258,13.23,9.258,H3,9.258,1,catchment_near_assigned_hospital,8,assumption_to_validate,Third dialysis center: assumed 24/day.
P52,HOME_P52,46.09286898395833,4.0063127605819195,H2,dialysis,A0418,13:00,P1,high,2.0,vsl_required,2026-05-18 13:25:00,805,13:25,235,2026-05-18 17:20:00,1040,17:20,15,1,25,8.905,12.72,8.905,H1,8.44,1,catchment_near_assigned_hospital,8,assumption_to_validate,Renaison dialysis: assumed 30/day.
P53,HOME_P53,46.004412172081466,4.1466786541561405,H1,other,A0238,08:30,P2,medium,1.5,standard_assis,2026-05-18 09:05:00,545,09:05,75,2026-05-18 10:20:00,620,10:20,25,1,35,9.856,14.08,9.856,H2,9.456,1,catchment_near_assigned_hospital,12,observed_user_table,CH Roanne other: 49/day.
P54,HOME_P54,45.96433549696001,4.098643523958647,H2,other,A0501,08:30,P2,medium,1.5,vsl_required,2026-05-18 09:55:00,595,09:55,25,2026-05-18 10:20:00,620,10:20,25,1,35,11.67,16.67,11.67,H2,11.67,1,catchment_near_assigned_hospital,12,assumption_to_validate,Renaison other: assumed 36/day.
P55,HOME_P55,46.008565121193314,4.136624516301219,H2,dialysis,A0384,08:00,P1,high,2.0,prescription_medicale,2026-05-18 08:35:00,515,08:35,250,2026-05-18 12:45:00,765,12:45,15,1,25,8.336,11.91,8.336,H2,8.336,1,catchment_near_assigned_hospital,8,assumption_to_validate,Renaison dialysis: assumed 30/day.
P56,HOME_P56,46.05291332628822,3.9833080714435165,H2,dialysis,A0449,13:00,P1,high,2.0,prescription_medicale,2026-05-18 13:20:00,800,13:20,235,2026-05-18 17:15:00,1035,17:15,15,1,25,8.308,11.87,8.308,H2,8.308,1,catchment_near_assigned_hospital,8,assumption_to_validate,Renaison dialysis: assumed 30/day.
P57,HOME_P57,46.0679139589947,4.109556488721313,H1,dialysis,A0061,08:00,P1,high,2.0,prescription_medicale,2026-05-18 08:35:00,515,08:35,240,2026-05-18 12:35:00,755,12:35,15,1,25,4.094,5.85,4.094,H1,4.094,1,catchment_near_assigned_hospital,8,observed_user_table,"CH Roanne dialysis: 53/day. 26 morning, 23 noon, 4 evening."
P58,HOME_P58,45.99213003889728,3.984435078579045,H1,oncology,A0184,11:00,P1,high,2.0,vsl_required,2026-05-18 11:15:00,675,11:15,170,2026-05-18 14:05:00,845,14:05,15,1,25,12.036,17.19,12.036,H2,11.034,1,catchment_near_assigned_hospital,10,observed_user_table,CH Roanne chemotherapy: 30/day.
P59,HOME_P59,46.05052318841525,3.965746651365263,H2,dialysis,A0448,13:00,P1,high,2.0,vsl_required,2026-05-18 13:05:00,785,13:05,235,2026-05-18 17:00:00,1020,17:00,15,1,25,9.964,14.23,9.964,H2,9.964,1,catchment_near_assigned_hospital,8,assumption_to_validate,Renaison dialysis: assumed 30/day.
P60,HOME_P60,46.03216870866139,4.041292128780162,H2,other,A0547,10:30,P2,medium,1.5,standard_assis,2026-05-18 11:10:00,670,11:10,40,2026-05-18 11:50:00,710,11:50,25,1,35,3.253,5.0,3.253,H2,3.253,1,catchment_near_assigned_hospital,12,assumption_to_validate,Renaison other: assumed 36/day.
P61,HOME_P61,46.10197001904368,4.050941666369648,H1,oncology,A0188,11:00,P1,high,2.0,vsl_required,2026-05-18 11:50:00,710,11:50,180,2026-05-18 14:50:00,890,14:50,15,1,25,7.083,10.12,7.083,H1,7.083,1,catchment_near_assigned_hospital,10,observed_user_table,CH Roanne chemotherapy: 30/day.
P62,HOME_P62,46.070642692629114,4.108426021073043,H1,dialysis,A0011,08:00,P1,high,2.0,vsl_required,2026-05-18 08:45:00,525,08:45,240,2026-05-18 12:45:00,765,12:45,15,1,25,4.205,6.01,4.205,H1,4.205,1,catchment_near_assigned_hospital,8,observed_user_table,"CH Roanne dialysis: 53/day. 26 morning, 23 noon, 4 evening."
P63,HOME_P63,46.09083495001205,4.010207834772587,H1,other,A0266,10:30,P2,medium,1.5,standard_assis,2026-05-18 10:35:00,635,10:35,85,2026-05-18 12:00:00,720,12:00,25,1,35,7.971,11.39,7.971,H1,7.971,1,catchment_near_assigned_hospital,12,observed_user_table,CH Roanne other: 49/day.
P64,HOME_P64,46.109839907187315,4.074847235797069,H2,dialysis,A0436,13:00,P1,high,2.0,vsl_required,2026-05-18 13:55:00,835,13:55,230,2026-05-18 17:45:00,1065,17:45,15,1,25,8.934,12.76,8.934,H1,7.861,1,catchment_near_assigned_hospital,8,assumption_to_validate,Renaison dialysis: assumed 30/day.
P65,HOME_P65,46.027672485506635,3.9519278490894894,H2,other,A0550,10:30,P2,medium,1.5,standard_assis,2026-05-18 11:40:00,700,11:40,35,2026-05-18 12:15:00,735,12:15,25,1,35,11.552,16.5,11.552,H2,11.552,1,catchment_near_assigned_hospital,12,assumption_to_validate,Renaison other: assumed 36/day.
P66,HOME_P66,46.08135070636555,4.162968763878084,H1,dialysis,A0069,13:00,P1,high,2.0,vsl_required,2026-05-18 13:30:00,810,13:30,240,2026-05-18 17:30:00,1050,17:30,15,1,25,9.538,13.63,9.538,H1,9.538,1,catchment_near_assigned_hospital,8,observed_user_table,"CH Roanne dialysis: 53/day. 26 morning, 23 noon, 4 evening."
P67,HOME_P67,46.002085230017784,3.915622034646045,H1,external,A0357,11:30,P3,low,1.0,standard_assis,2026-05-18 12:40:00,760,12:40,20,2026-05-18 13:00:00,780,13:00,35,1,45,16.747,23.92,16.747,H2,15.978,1,catchment_near_assigned_hospital,18,computed_from_user_table,External visits: 75/day * 15% using fleet.
P68,HOME_P68,46.0420032434017,3.993115767408292,H1,oncology,A0181,08:00,P1,high,2.0,prescription_medicale,2026-05-18 08:05:00,485,08:05,155,2026-05-18 10:40:00,640,10:40,15,1,25,7.836,11.19,7.836,H2,7.32,1,catchment_near_assigned_hospital,10,observed_user_table,CH Roanne chemotherapy: 30/day.
P69,HOME_P69,45.99029455264134,4.174437247725878,H1,other,A0249,08:30,P2,medium,1.5,prescription_medicale,2026-05-18 09:00:00,540,09:00,115,2026-05-18 10:55:00,655,10:55,25,1,35,13.157,18.8,13.157,H2,12.778,1,catchment_near_assigned_hospital,12,observed_user_table,CH Roanne other: 49/day.
P70,HOME_P70,46.06112953659275,4.05610912383136,H2,dialysis,A0428,13:00,P1,high,2.0,vsl_required,2026-05-18 13:15:00,795,13:15,240,2026-05-18 17:15:00,1035,17:15,15,1,25,2.469,5.0,2.469,H1,1.935,1,catchment_near_assigned_hospital,8,assumption_to_validate,Renaison dialysis: assumed 30/day.
P71,HOME_P71,46.07762740264271,3.9781004242366884,H2,oncology,A0459,08:00,P1,high,2.0,vsl_required,2026-05-18 08:50:00,530,08:50,220,2026-05-18 12:30:00,750,12:30,15,1,25,9.809,14.01,9.809,H3,9.659,1,catchment_near_assigned_hospital,10,assumption_to_validate,Renaison oncology: assumed 16/day.
P72,HOME_P72,46.06279530731986,3.9477191703703984,H2,other,A0582,16:30,P2,medium,1.5,prescription_medicale,2026-05-18 16:50:00,1010,16:50,30,2026-05-18 17:20:00,1040,17:20,25,1,35,11.919,17.03,11.919,H2,11.919,1,catchment_near_assigned_hospital,12,assumption_to_validate,Renaison other: assumed 36/day.
P73,HOME_P73,46.01798338968533,4.060356066465767,H1,dialysis,A0038,08:00,P1,high,2.0,vsl_required,2026-05-18 08:15:00,495,08:15,240,2026-05-18 12:15:00,735,12:15,15,1,25,5.051,7.22,5.051,H2,3.938,1,catchment_near_assigned_hospital,8,observed_user_table,"CH Roanne dialysis: 53/day. 26 morning, 23 noon, 4 evening."
P74,HOME_P74,46.05818077943246,4.057552227429613,H3,dialysis,A0595,08:00,P1,high,2.0,vsl_required,2026-05-18 08:20:00,500,08:20,230,2026-05-18 12:10:00,730,12:10,15,1,25,1.654,5.0,1.654,H1,1.611,1,catchment_near_assigned_hospital,8,assumption_to_validate,Third dialysis center: assumed 24/day.
P75,HOME_P75,46.086658266873584,4.061532260774761,H1,dialysis,A0014,08:00,P1,high,2.0,vsl_required,2026-05-18 08:40:00,520,08:40,240,2026-05-18 12:40:00,760,12:40,15,1,25,4.76,6.8,4.76,H1,4.76,1,catchment_near_assigned_hospital,8,observed_user_table,"CH Roanne dialysis: 53/day. 26 morning, 23 noon, 4 evening."
P76,HOME_P76,46.01154586116421,3.9906564187008304,H3,dialysis,A0593,08:00,P1,high,2.0,vsl_required,2026-05-18 08:50:00,530,08:50,245,2026-05-18 12:55:00,775,12:55,15,1,25,9.338,13.34,9.338,H2,8.911,1,catchment_near_assigned_hospital,8,assumption_to_validate,Third dialysis center: assumed 24/day.
P77,HOME_P77,46.070777135819554,4.071601412946041,H1,dialysis,A0090,13:00,P1,high,2.0,vsl_required,2026-05-18 13:05:00,785,13:05,240,2026-05-18 17:05:00,1025,17:05,15,1,25,2.432,5.0,2.432,H1,2.432,1,catchment_near_assigned_hospital,8,observed_user_table,"CH Roanne dialysis: 53/day. 26 morning, 23 noon, 4 evening."
P78,HOME_P78,46.0099663564716,4.013798897438231,H2,dialysis,A0406,08:00,P1,high,2.0,prescription_medicale,2026-05-18 08:20:00,500,08:20,210,2026-05-18 11:50:00,710,11:50,15,1,25,7.269,10.38,7.269,H2,7.269,1,catchment_near_assigned_hospital,8,assumption_to_validate,Renaison dialysis: assumed 30/day.
P79,HOME_P79,46.05481640594031,4.103474999610798,H2,dialysis,A0452,17:00,P1,high,2.0,vsl_required,2026-05-18 17:40:00,1060,17:40,240,2026-05-18 21:40:00,1300,21:40,15,1,25,3.577,5.11,3.577,H1,2.976,1,catchment_near_assigned_hospital,8,assumption_to_validate,Renaison dialysis: assumed 30/day.
P80,HOME_P80,45.991739318337444,4.156158167972975,H1,other,A0301,10:30,P2,medium,1.5,standard_assis,2026-05-18 10:50:00,650,10:50,120,2026-05-18 12:50:00,770,12:50,25,1,35,11.751,16.79,11.751,H2,11.285,1,catchment_near_assigned_hospital,12,observed_user_table,CH Roanne other: 49/day.
P81,HOME_P81,46.0662324967202,4.0974694661875555,H2,dialysis,A0438,13:00,P1,high,2.0,vsl_required,2026-05-18 13:35:00,815,13:35,250,2026-05-18 17:45:00,1065,17:45,15,1,25,3.974,5.68,3.974,H1,2.99,1,catchment_near_assigned_hospital,8,assumption_to_validate,Renaison dialysis: assumed 30/day.
P82,HOME_P82,46.05832423283845,4.063336338114674,H1,dialysis,A0079,13:00,P1,high,2.0,vsl_required,2026-05-18 13:50:00,830,13:50,240,2026-05-18 17:50:00,1070,17:50,15,1,25,1.142,5.0,1.142,H1,1.142,1,catchment_near_assigned_hospital,8,observed_user_table,"CH Roanne dialysis: 53/day. 26 morning, 23 noon, 4 evening."
P83,HOME_P83,46.038482742268506,4.224907511542381,H1,other,A0265,08:30,P2,medium,1.5,standard_assis,2026-05-18 09:05:00,545,09:05,110,2026-05-18 10:55:00,655,10:55,25,1,35,14.828,21.18,14.828,H1,14.828,1,catchment_near_assigned_hospital,12,observed_user_table,CH Roanne other: 49/day.
P84,HOME_P84,46.001879966329454,4.041552734076689,H1,dialysis,A0027,08:00,P1,high,2.0,vsl_required,2026-05-18 08:05:00,485,08:05,240,2026-05-18 12:05:00,725,12:05,15,1,25,7.753,11.08,7.753,H2,6.634,1,catchment_near_assigned_hospital,8,observed_user_table,"CH Roanne dialysis: 53/day. 26 morning, 23 noon, 4 evening."
P85,HOME_P85,46.06400741810424,4.106265324158048,H1,dialysis,A0068,08:00,P1,high,2.0,prescription_medicale,2026-05-18 08:20:00,500,08:20,240,2026-05-18 12:20:00,740,12:20,15,1,25,3.563,5.09,3.563,H1,3.563,1,catchment_near_assigned_hospital,8,observed_user_table,"CH Roanne dialysis: 53/day. 26 morning, 23 noon, 4 evening."
P86,HOME_P86,46.12203205292194,4.101081516399416,H2,other,A0496,08:30,P2,medium,1.5,standard_assis,2026-05-18 08:50:00,530,08:50,30,2026-05-18 09:20:00,560,09:20,25,1,35,11.057,15.8,11.057,H1,9.937,1,catchment_near_assigned_hospital,12,assumption_to_validate,Renaison other: assumed 36/day.
P87,HOME_P87,46.100054772907626,4.043513975945281,H3,dialysis,A0650,17:00,P1,high,2.0,prescription_medicale,2026-05-18 17:45:00,1065,17:45,240,2026-05-18 21:45:00,1305,21:45,15,1,25,7.411,10.59,7.411,H1,7.082,1,catchment_near_assigned_hospital,8,assumption_to_validate,Third dialysis center: assumed 24/day.
P88,HOME_P88,46.08611106540361,4.13127506487072,H1,other,A0298,10:30,P2,medium,1.5,prescription_medicale,2026-05-18 11:05:00,665,11:05,60,2026-05-18 12:05:00,725,12:05,25,1,35,7.26,10.37,7.26,H1,7.26,1,catchment_near_assigned_hospital,12,observed_user_table,CH Roanne other: 49/day.
P89,HOME_P89,46.11676814496996,4.098106288953031,H1,dialysis,A0035,08:00,P1,high,2.0,prescription_medicale,2026-05-18 08:10:00,490,08:10,240,2026-05-18 12:10:00,730,12:10,15,1,25,9.155,13.08,9.155,H1,9.155,1,catchment_near_assigned_hospital,8,observed_user_table,"CH Roanne dialysis: 53/day. 26 morning, 23 noon, 4 evening."
P90,HOME_P90,46.02155603746771,4.068060169954838,H3,dialysis,A0599,08:00,P1,high,2.0,vsl_required,2026-05-18 08:50:00,530,08:50,270,2026-05-18 13:20:00,800,13:20,15,1,25,3.958,5.65,3.958,H2,3.357,1,catchment_near_assigned_hospital,8,assumption_to_validate,Third dialysis center: assumed 24/day.
P91,HOME_P91,46.026568067383444,4.156020859559082,H2,dialysis,A0394,08:00,P1,high,2.0,prescription_medicale,2026-05-18 08:30:00,510,08:30,255,2026-05-18 12:45:00,765,12:45,15,1,25,8.826,12.61,8.826,H2,8.826,1,catchment_near_assigned_hospital,8,assumption_to_validate,Renaison dialysis: assumed 30/day.
P92,HOME_P92,46.053816506064855,3.930894026873624,H2,other,A0498,08:30,P2,medium,1.5,standard_assis,2026-05-18 09:55:00,595,09:55,30,2026-05-18 10:25:00,625,10:25,25,1,35,13.351,19.07,13.351,H2,13.351,1,catchment_near_assigned_hospital,12,assumption_to_validate,Renaison other: assumed 36/day.
P93,HOME_P93,45.994685910260905,4.105477942093594,H2,other,A0531,10:30,P2,medium,1.5,standard_assis,2026-05-18 11:25:00,685,11:25,25,2026-05-18 11:50:00,710,11:50,25,1,35,7.925,11.32,7.925,H2,7.925,1,catchment_near_assigned_hospital,12,assumption_to_validate,Renaison other: assumed 36/day.
P94,HOME_P94,46.09382592767519,4.19321439717454,H1,other,A0275,10:30,P2,medium,1.5,standard_assis,2026-05-18 11:15:00,675,11:15,110,2026-05-18 13:05:00,785,13:05,25,1,35,12.914,18.45,12.914,H1,12.914,1,catchment_near_assigned_hospital,12,observed_user_table,CH Roanne other: 49/day.
P95,HOME_P95,46.014693167330705,3.9872441568039174,H1,other,A0304,10:30,P2,medium,1.5,vsl_required,2026-05-18 10:55:00,655,10:55,75,2026-05-18 12:10:00,730,12:10,25,1,35,9.838,14.05,9.838,H2,8.973,1,catchment_near_assigned_hospital,12,observed_user_table,CH Roanne other: 49/day.
P96,HOME_P96,46.02908899348304,4.015273188930362,H1,dialysis,A0077,13:00,P1,high,2.0,vsl_required,2026-05-18 13:50:00,830,13:50,240,2026-05-18 17:50:00,1070,17:50,15,1,25,6.482,9.26,6.482,H2,5.657,1,catchment_near_assigned_hospital,8,observed_user_table,"CH Roanne dialysis: 53/day. 26 morning, 23 noon, 4 evening."
P97,HOME_P97,45.99609361442585,4.1240490104571865,H3,dialysis,A0640,13:00,P1,high,2.0,vsl_required,2026-05-18 13:05:00,785,13:05,225,2026-05-18 16:50:00,1010,16:50,15,1,25,9.13,13.04,9.13,H2,8.716,1,catchment_near_assigned_hospital,8,assumption_to_validate,Third dialysis center: assumed 24/day.
P98,HOME_P98,46.07080380735508,4.1661571252429574,H1,oncology,A0174,08:00,P1,high,2.0,vsl_required,2026-05-18 08:35:00,515,08:35,175,2026-05-18 11:30:00,690,11:30,15,1,25,9.336,13.34,9.336,H1,9.336,1,catchment_near_assigned_hospital,10,observed_user_table,CH Roanne chemotherapy: 30/day.
P99,HOME_P99,46.10095068118745,4.115886291855711,H2,dialysis,A0391,08:00,P1,high,2.0,vsl_required,2026-05-18 08:30:00,510,08:30,255,2026-05-18 12:45:00,765,12:45,15,1,25,8.921,12.74,8.921,H1,7.823,1,catchment_near_assigned_hospital,8,assumption_to_validate,Renaison dialysis: assumed 30/day.
P100,HOME_P100,46.11889252166879,4.036101868798611,H2,oncology,A0483,13:00,P1,high,2.0,standard_assis,2026-05-18 13:25:00,805,13:25,145,2026-05-18 15:50:00,950,15:50,15,1,25,10.651,15.22,10.651,H1,9.776,1,catchment_near_assigned_hospital,10,assumption_to_validate,Renaison oncology: assumed 16/day.
P101,HOME_P101,46.064484796312804,4.026117062331295,H1,dialysis,A0102,13:00,P1,high,2.0,prescription_medicale,2026-05-18 13:10:00,790,13:10,240,2026-05-18 17:10:00,1030,17:10,15,1,25,4.754,6.79,4.754,H3,4.687,1,catchment_near_assigned_hospital,8,observed_user_table,"CH Roanne dialysis: 53/day. 26 morning, 23 noon, 4 evening."
P102,HOME_P102,46.12332823655886,4.003061154100341,H2,other,A0583,16:30,P2,medium,1.5,standard_assis,2026-05-18 16:55:00,1015,16:55,30,2026-05-18 17:25:00,1045,17:25,25,1,35,12.513,17.88,12.513,H1,11.824,1,catchment_near_assigned_hospital,12,assumption_to_validate,Renaison other: assumed 36/day.
P103,HOME_P103,46.0870999535703,3.98486464944954,H2,oncology,A0458,08:00,P1,high,2.0,vsl_required,2026-05-18 08:50:00,530,08:50,260,2026-05-18 13:10:00,790,13:10,15,1,25,9.931,14.19,9.931,H1,9.686,1,catchment_near_assigned_hospital,10,assumption_to_validate,Renaison oncology: assumed 16/day.
P104,HOME_P104,46.03399865959403,3.889517594484635,H1,external,A0355,10:30,P3,low,1.0,standard_assis,2026-05-18 10:40:00,640,10:40,25,2026-05-18 11:05:00,665,11:05,35,1,46,17.875,25.54,17.875,H2,17.374,1,catchment_near_assigned_hospital,18,computed_from_user_table,External visits: 75/day * 15% using fleet.
P105,HOME_P105,46.07503931473204,4.0519678481047245,H1,dialysis,A0057,08:00,P1,high,2.0,vsl_required,2026-05-18 08:45:00,525,08:45,240,2026-05-18 12:45:00,765,12:45,15,1,25,3.623,5.18,3.623,H1,3.623,1,catchment_near_assigned_hospital,8,observed_user_table,"CH Roanne dialysis: 53/day. 26 morning, 23 noon, 4 evening."
P106,HOME_P106,46.09896451645115,4.141245303364142,H1,dialysis,A0049,08:00,P1,high,2.0,prescription_medicale,2026-05-18 08:55:00,535,08:55,240,2026-05-18 12:55:00,775,12:55,15,1,25,9.163,13.09,9.163,H1,9.163,1,catchment_near_assigned_hospital,8,observed_user_table,"CH Roanne dialysis: 53/day. 26 morning, 23 noon, 4 evening."
P107,HOME_P107,45.95452230239435,4.019024374732452,H1,other,A0305,14:00,P2,medium,1.5,prescription_medicale,2026-05-18 15:05:00,905,15:05,65,2026-05-18 16:10:00,970,16:10,25,1,35,14.675,20.96,14.675,H2,13.554,1,catchment_near_assigned_hospital,12,observed_user_table,CH Roanne other: 49/day.
P108,HOME_P108,46.126038385847835,3.9995946922535173,H1,other,A0235,08:30,P2,medium,1.5,prescription_medicale,2026-05-18 09:50:00,590,09:50,85,2026-05-18 11:15:00,675,11:15,25,1,35,12.324,17.61,12.324,H1,12.324,1,catchment_near_assigned_hospital,12,observed_user_table,CH Roanne other: 49/day.
P109,HOME_P109,46.021976614210935,4.03404944096062,H1,dialysis,A0103,13:00,P1,high,2.0,vsl_required,2026-05-18 13:50:00,830,13:50,240,2026-05-18 17:50:00,1070,17:50,15,1,25,5.733,8.19,5.733,H2,4.703,1,catchment_near_assigned_hospital,8,observed_user_table,"CH Roanne dialysis: 53/day. 26 morning, 23 noon, 4 evening."
P110,HOME_P110,46.05104013603853,4.201667992510306,H1,other,A0317,14:00,P2,medium,1.5,standard_assis,2026-05-18 15:15:00,915,15:15,80,2026-05-18 16:35:00,995,16:35,25,1,35,12.444,17.78,12.444,H1,12.444,1,catchment_near_assigned_hospital,12,observed_user_table,CH Roanne other: 49/day.
P111,HOME_P111,46.082578492925016,4.044957842729151,H1,other,A0258,08:30,P2,medium,1.5,prescription_medicale,2026-05-18 09:30:00,570,09:30,120,2026-05-18 11:30:00,690,11:30,25,1,35,4.87,6.96,4.87,H1,4.87,1,catchment_near_assigned_hospital,12,observed_user_table,CH Roanne other: 49/day.
P112,HOME_P112,46.011331131779436,4.080525034559772,H2,dialysis,A0383,08:00,P1,high,2.0,vsl_required,2026-05-18 08:45:00,525,08:45,260,2026-05-18 13:05:00,785,13:05,15,1,25,4.909,7.01,4.909,H2,4.909,1,catchment_near_assigned_hospital,8,assumption_to_validate,Renaison dialysis: assumed 30/day.
P113,HOME_P113,46.07009866073225,3.995857614693808,H3,dialysis,A0622,13:00,P1,high,2.0,prescription_medicale,2026-05-18 13:40:00,820,13:40,240,2026-05-18 17:40:00,1060,17:40,15,1,25,7.677,10.97,7.677,H3,7.677,1,catchment_near_assigned_hospital,8,assumption_to_validate,Third dialysis center: assumed 24/day.
P114,HOME_P114,46.05813517453661,4.00075799533762,H2,other,A0563,14:00,P2,medium,1.5,standard_assis,2026-05-18 14:25:00,865,14:25,40,2026-05-18 15:05:00,905,15:05,25,1,35,6.787,9.7,6.787,H3,6.774,1,catchment_near_assigned_hospital,12,assumption_to_validate,Renaison other: assumed 36/day.
P115,HOME_P115,46.090767535257434,4.002946931907712,H1,dialysis,A0093,13:00,P1,high,2.0,prescription_medicale,2026-05-18 13:25:00,805,13:25,240,2026-05-18 17:25:00,1045,17:25,15,1,25,8.507,12.15,8.507,H1,8.507,1,catchment_near_assigned_hospital,8,observed_user_table,"CH Roanne dialysis: 53/day. 26 morning, 23 noon, 4 evening."
P116,HOME_P116,46.10352280984997,4.098746413341791,H1,dialysis,A0081,13:00,P1,high,2.0,prescription_medicale,2026-05-18 13:40:00,820,13:40,240,2026-05-18 17:40:00,1060,17:40,15,1,25,7.419,10.6,7.419,H1,7.419,1,catchment_near_assigned_hospital,8,observed_user_table,"CH Roanne dialysis: 53/day. 26 morning, 23 noon, 4 evening."
P117,HOME_P117,46.11403975469111,4.069750126473423,H1,dialysis,A0091,13:00,P1,high,2.0,vsl_required,2026-05-18 13:10:00,790,13:10,240,2026-05-18 17:10:00,1030,17:10,15,1,25,8.447,12.07,8.447,H1,8.447,1,catchment_near_assigned_hospital,8,observed_user_table,"CH Roanne dialysis: 53/day. 26 morning, 23 noon, 4 evening."
P118,HOME_P118,46.07840304460735,4.054883936222927,H1,oncology,A0186,11:00,P1,high,2.0,prescription_medicale,2026-05-18 11:30:00,690,11:30,170,2026-05-18 14:20:00,860,14:20,15,1,25,3.889,5.56,3.889,H1,3.889,1,catchment_near_assigned_hospital,10,observed_user_table,CH Roanne chemotherapy: 30/day.
P119,HOME_P119,45.96997340473295,4.032202212627192,H1,other,A0309,14:00,P2,medium,1.5,prescription_medicale,2026-05-18 15:20:00,920,15:20,75,2026-05-18 16:35:00,995,16:35,25,1,35,12.224,17.46,12.224,H2,11.103,1,catchment_near_assigned_hospital,12,observed_user_table,CH Roanne other: 49/day.
P120,HOME_P120,45.98696095640071,4.099391144740489,H3,dialysis,A0596,08:00,P1,high,2.0,prescription_medicale,2026-05-18 08:25:00,505,08:25,215,2026-05-18 12:00:00,720,12:00,15,1,25,9.21,13.16,9.21,H2,8.682,1,catchment_near_assigned_hospital,8,assumption_to_validate,Third dialysis center: assumed 24/day.
P121,HOME_P121,46.116880531681986,4.040291212755095,H2,oncology,A0494,15:00,P1,high,2.0,standard_assis,2026-05-18 15:00:00,900,15:00,170,2026-05-18 17:50:00,1070,17:50,15,1,25,10.268,14.67,10.268,H1,9.373,1,catchment_near_assigned_hospital,10,assumption_to_validate,Renaison oncology: assumed 16/day.
P122,HOME_P122,46.04140111523364,4.062463885555973,H1,other,A0233,08:30,P2,medium,1.5,prescription_medicale,2026-05-18 09:30:00,570,09:30,100,2026-05-18 11:10:00,670,11:10,25,1,35,1.926,5.0,1.926,H2,0.855,1,catchment_near_assigned_hospital,12,observed_user_table,CH Roanne other: 49/day.
P123,HOME_P123,46.14649930360546,4.047049721645827,H1,external,A0350,09:30,P3,low,1.0,standard_assis,2026-05-18 09:35:00,575,09:35,30,2026-05-18 10:05:00,605,10:05,35,1,45,13.188,18.84,13.188,H1,13.188,1,catchment_near_assigned_hospital,18,computed_from_user_table,External visits: 75/day * 15% using fleet.
P124,HOME_P124,46.12109790189092,4.008022605224335,H1,external,A0363,13:30,P3,low,1.0,standard_assis,2026-05-18 14:55:00,895,14:55,20,2026-05-18 15:15:00,915,15:15,35,1,45,11.299,16.14,11.299,H1,11.299,1,catchment_near_assigned_hospital,18,computed_from_user_table,External visits: 75/day * 15% using fleet.
P125,HOME_P125,46.00603696442875,4.058372671371169,H1,other,A0324,14:00,P2,medium,1.5,premium,2026-05-18 15:05:00,905,15:05,60,2026-05-18 16:05:00,965,16:05,25,1,35,6.713,9.59,6.713,H2,5.604,1,catchment_near_assigned_hospital,12,observed_user_table,CH Roanne other: 49/day.
P126,HOME_P126,46.05843812074876,4.200142240571202,H1,other,A0307,14:00,P2,medium,1.5,standard_assis,2026-05-18 14:30:00,870,14:30,90,2026-05-18 16:00:00,960,16:00,25,1,35,12.313,17.59,12.313,H1,12.313,1,catchment_near_assigned_hospital,12,observed_user_table,CH Roanne other: 49/day.
P127,HOME_P127,45.94775999263907,4.146842111481384,H1,external,A0347,08:30,P3,low,1.0,standard_assis,2026-05-18 09:05:00,545,09:05,25,2026-05-18 09:30:00,570,09:30,35,1,45,16.323,23.32,16.323,H2,15.56,1,catchment_near_assigned_hospital,18,computed_from_user_table,External visits: 75/day * 15% using fleet.
P128,HOME_P128,46.08744524068982,4.010938827956501,H1,dialysis,A0056,08:00,P1,high,2.0,prescription_medicale,2026-05-18 08:40:00,520,08:40,240,2026-05-18 12:40:00,760,12:40,15,1,25,7.615,10.88,7.615,H1,7.615,1,catchment_near_assigned_hospital,8,observed_user_table,"CH Roanne dialysis: 53/day. 26 morning, 23 noon, 4 evening."
P129,HOME_P129,45.99399387421711,4.006945323228391,H1,oncology,A0205,11:00,P1,high,2.0,prescription_medicale,2026-05-18 11:35:00,695,11:35,180,2026-05-18 14:35:00,875,14:35,15,1,25,10.403,14.86,10.403,H2,9.343,1,catchment_near_assigned_hospital,10,observed_user_table,CH Roanne chemotherapy: 30/day.
P130,HOME_P130,45.97146333938716,4.025032960563216,H1,other,A0227,08:30,P2,medium,1.5,standard_assis,2026-05-18 09:05:00,545,09:05,110,2026-05-18 10:55:00,655,10:55,25,1,35,12.27,17.53,12.27,H2,11.15,1,catchment_near_assigned_hospital,12,observed_user_table,CH Roanne other: 49/day.
P131,HOME_P131,46.074727497780735,4.030000535863263,H1,oncology,A0212,14:00,P1,high,2.0,vsl_required,2026-05-18 14:55:00,895,14:55,155,2026-05-18 17:30:00,1050,17:30,15,1,25,5.082,7.26,5.082,H1,5.082,1,catchment_near_assigned_hospital,10,observed_user_table,CH Roanne chemotherapy: 30/day.
P132,HOME_P132,46.02922390428156,3.9689451150637516,H1,other,A0308,14:00,P2,medium,1.5,prescription_medicale,2026-05-18 14:55:00,895,14:55,90,2026-05-18 16:25:00,985,16:25,25,1,35,10.555,15.08,10.555,H2,9.903,1,catchment_near_assigned_hospital,12,observed_user_table,CH Roanne other: 49/day.
P133,HOME_P133,46.02590094250415,4.133828058484474,H2,dialysis,A0403,08:00,P1,high,2.0,vsl_required,2026-05-18 08:50:00,530,08:50,215,2026-05-18 12:25:00,745,12:25,15,1,25,6.852,9.79,6.852,H2,6.852,1,catchment_near_assigned_hospital,8,assumption_to_validate,Renaison dialysis: assumed 30/day.
P134,HOME_P134,46.00075534117883,4.1705360952249535,H1,oncology,A0200,11:00,P1,high,2.0,prescription_medicale,2026-05-18 11:45:00,705,11:45,155,2026-05-18 14:20:00,860,14:20,15,1,25,11.937,17.05,11.937,H2,11.638,1,catchment_near_assigned_hospital,10,observed_user_table,CH Roanne chemotherapy: 30/day.
P135,HOME_P135,45.96951257104426,4.0155975213919435,H1,other,A0264,08:30,P2,medium,1.5,premium,2026-05-18 09:10:00,550,09:10,70,2026-05-18 10:20:00,620,10:20,25,1,35,12.885,18.41,12.885,H2,11.769,1,catchment_near_assigned_hospital,12,observed_user_table,CH Roanne other: 49/day.
P136,HOME_P136,45.99343124288669,4.0061672807585005,H3,dialysis,A0645,13:00,P1,high,2.0,prescription_medicale,2026-05-18 13:50:00,830,13:50,210,2026-05-18 17:20:00,1040,17:20,15,1,25,9.989,14.27,9.989,H2,9.451,1,catchment_near_assigned_hospital,8,assumption_to_validate,Third dialysis center: assumed 24/day.
P137,HOME_P137,45.989549927297844,4.040562400619771,H3,dialysis,A0635,13:00,P1,high,2.0,vsl_required,2026-05-18 13:10:00,790,13:10,230,2026-05-18 17:00:00,1020,17:00,15,1,25,8.87,12.67,8.87,H2,8.267,1,catchment_near_assigned_hospital,8,assumption_to_validate,Third dialysis center: assumed 24/day.
P138,HOME_P138,46.001694253493014,4.017638338896528,H1,dialysis,A0005,08:00,P1,high,2.0,vsl_required,2026-05-18 08:15:00,495,08:15,240,2026-05-18 12:15:00,735,12:15,15,1,25,8.927,12.75,8.927,H2,7.861,1,catchment_near_assigned_hospital,8,observed_user_table,"CH Roanne dialysis: 53/day. 26 morning, 23 noon, 4 evening."
P139,HOME_P139,46.07602929816708,4.116429406799568,H1,dialysis,A0083,13:00,P1,high,2.0,prescription_medicale,2026-05-18 13:35:00,815,13:35,240,2026-05-18 17:35:00,1055,17:35,15,1,25,5.269,7.53,5.269,H1,5.269,1,catchment_near_assigned_hospital,8,observed_user_table,"CH Roanne dialysis: 53/day. 26 morning, 23 noon, 4 evening."
P140,HOME_P140,46.110001742914186,4.140583140857229,H1,other,A0229,08:30,P2,medium,1.5,prescription_medicale,2026-05-18 09:00:00,540,09:00,70,2026-05-18 10:10:00,610,10:10,25,1,35,10.244,14.63,10.244,H1,10.244,1,catchment_near_assigned_hospital,12,observed_user_table,CH Roanne other: 49/day.
P141,HOME_P141,46.0130536749748,4.059641676657985,H1,dialysis,A0015,08:00,P1,high,2.0,vsl_required,2026-05-18 08:55:00,535,08:55,240,2026-05-18 12:55:00,775,12:55,15,1,25,5.734,8.19,5.734,H2,4.623,1,catchment_near_assigned_hospital,8,observed_user_table,"CH Roanne dialysis: 53/day. 26 morning, 23 noon, 4 evening."
P142,HOME_P142,46.06988754740412,4.071154102239803,H3,dialysis,A0601,08:00,P1,high,2.0,vsl_required,2026-05-18 08:10:00,490,08:10,250,2026-05-18 12:20:00,740,12:20,15,1,25,2.766,5.0,2.766,H1,2.31,1,catchment_near_assigned_hospital,8,assumption_to_validate,Third dialysis center: assumed 24/day.
P143,HOME_P143,46.0117219086918,4.188748290936739,H1,other,A0326,14:00,P2,medium,1.5,prescription_medicale,2026-05-18 14:15:00,855,14:15,65,2026-05-18 15:20:00,920,15:20,25,1,35,12.602,18.0,12.602,H2,12.502,1,catchment_near_assigned_hospital,12,observed_user_table,CH Roanne other: 49/day.
P144,HOME_P144,46.04659525982599,4.027142504039608,H2,dialysis,A0446,13:00,P1,high,2.0,vsl_required,2026-05-18 13:35:00,815,13:35,220,2026-05-18 17:15:00,1035,17:15,15,1,25,4.021,5.74,4.021,H2,4.021,1,catchment_near_assigned_hospital,8,assumption_to_validate,Renaison dialysis: assumed 30/day.
P145,HOME_P145,46.124889745707215,3.9741059574561004,H1,other,A0319,14:00,P2,medium,1.5,standard_assis,2026-05-18 14:10:00,850,14:10,75,2026-05-18 15:25:00,925,15:25,25,0,35,13.76,19.66,13.76,H1,13.76,1,catchment_near_assigned_hospital,12,observed_user_table,CH Roanne other: 49/day.
P146,HOME_P146,46.01479077195111,4.176996108429668,H1,oncology,A0203,11:00,P1,high,2.0,prescription_medicale,2026-05-18 11:10:00,670,11:10,160,2026-05-18 13:50:00,830,13:50,15,1,25,11.399,16.28,11.399,H2,11.29,1,catchment_near_assigned_hospital,10,observed_user_table,CH Roanne chemotherapy: 30/day.
P147,HOME_P147,46.06982772932255,4.0224369604631764,H1,oncology,A0210,14:00,P1,high,2.0,standard_assis,2026-05-18 14:35:00,875,14:35,160,2026-05-18 17:15:00,1035,17:15,15,1,25,5.364,7.66,5.364,H3,5.352,1,catchment_near_assigned_hospital,10,observed_user_table,CH Roanne chemotherapy: 30/day.
P148,HOME_P148,46.04573052750582,4.054705146789169,H2,dialysis,A0382,08:00,P1,high,2.0,vsl_required,2026-05-18 08:55:00,535,08:55,235,2026-05-18 12:50:00,770,12:50,15,1,25,1.36,5.0,1.36,H2,1.36,1,catchment_near_assigned_hospital,8,assumption_to_validate,Renaison dialysis: assumed 30/day.
P149,HOME_P149,46.058604342428346,3.975190332874351,H2,other,A0515,08:30,P2,medium,1.5,vsl_required,2026-05-18 09:05:00,545,09:05,35,2026-05-18 09:40:00,580,09:40,25,1,35,9.206,13.15,9.206,H2,9.206,1,catchment_near_assigned_hospital,12,assumption_to_validate,Renaison other: assumed 36/day.
P150,HOME_P150,45.98767319837612,4.175627410013568,H1,other,A0243,08:30,P2,medium,1.5,prescription_medicale,2026-05-18 09:25:00,565,09:25,95,2026-05-18 11:00:00,660,11:00,25,1,35,13.487,19.27,13.487,H2,13.091,1,catchment_near_assigned_hospital,12,observed_user_table,CH Roanne other: 49/day.
P151,HOME_P151,46.04439817856009,4.112914142183601,H3,dialysis,A0632,13:00,P1,high,2.0,prescription_medicale,2026-05-18 13:00:00,780,13:00,210,2026-05-18 16:30:00,990,16:30,15,1,25,4.213,6.02,4.213,H1,4.072,1,catchment_near_assigned_hospital,8,assumption_to_validate,Third dialysis center: assumed 24/day.
P152,HOME_P152,46.081332990059266,3.9842797913099184,H3,dialysis,A0647,13:00,P1,high,2.0,vsl_required,2026-05-18 13:50:00,830,13:50,230,2026-05-18 17:40:00,1060,17:40,15,1,25,9.344,13.35,9.344,H3,9.344,1,catchment_near_assigned_hospital,8,assumption_to_validate,Third dialysis center: assumed 24/day.
P153,HOME_P153,45.98826992743972,4.028621324954056,H2,other,A0523,08:30,P2,medium,1.5,standard_assis,2026-05-18 09:10:00,550,09:10,30,2026-05-18 09:40:00,580,09:40,25,1,35,8.875,12.68,8.875,H2,8.875,1,catchment_near_assigned_hospital,12,assumption_to_validate,Renaison other: assumed 36/day.
P154,HOME_P154,45.99968606907913,4.014549144460306,H1,other,A0285,10:30,P2,medium,1.5,prescription_medicale,2026-05-18 11:15:00,675,11:15,85,2026-05-18 12:40:00,760,12:40,25,1,35,9.329,13.33,9.329,H2,8.266,1,catchment_near_assigned_hospital,12,observed_user_table,CH Roanne other: 49/day.
P155,HOME_P155,45.99851046690167,3.9989562149265714,H2,other,A0524,08:30,P2,medium,1.5,standard_assis,2026-05-18 09:20:00,560,09:20,35,2026-05-18 09:55:00,595,09:55,25,1,35,9.405,13.44,9.405,H2,9.405,1,catchment_near_assigned_hospital,12,assumption_to_validate,Renaison other: assumed 36/day.
P156,HOME_P156,46.0739515488031,3.9789916592058683,H1,oncology,A0192,11:00,P1,high,2.0,standard_assis,2026-05-18 11:10:00,670,11:10,170,2026-05-18 14:00:00,840,14:00,15,1,25,9.482,13.55,9.482,H3,9.387,1,catchment_near_assigned_hospital,10,observed_user_table,CH Roanne chemotherapy: 30/day.
P157,HOME_P157,46.09905065116739,4.100801125668963,H1,dialysis,A0120,13:00,P1,high,2.0,vsl_required,2026-05-18 13:35:00,815,13:35,240,2026-05-18 17:35:00,1055,17:35,15,1,25,6.912,9.87,6.912,H1,6.912,1,catchment_near_assigned_hospital,8,observed_user_table,"CH Roanne dialysis: 53/day. 26 morning, 23 noon, 4 evening."
P158,HOME_P158,46.000590016408346,4.062764198773857,H2,other,A0542,10:30,P2,medium,1.5,prescription_medicale,2026-05-18 11:45:00,705,11:45,40,2026-05-18 12:25:00,745,12:25,25,1,35,6.297,9.0,6.297,H2,6.297,1,catchment_near_assigned_hospital,12,assumption_to_validate,Renaison other: assumed 36/day.
P159,HOME_P159,46.06705436395487,3.9569343815838587,H2,other,A0566,14:00,P2,medium,1.5,prescription_medicale,2026-05-18 15:25:00,925,15:25,40,2026-05-18 16:05:00,965,16:05,25,1,35,11.191,15.99,11.191,H3,11.16,1,catchment_near_assigned_hospital,12,assumption_to_validate,Renaison other: assumed 36/day.
P160,HOME_P160,46.00673385050325,3.9984846250652084,H2,other,A0585,16:30,P2,medium,1.5,standard_assis,2026-05-18 17:35:00,1055,17:35,30,2026-05-18 18:05:00,1085,18:05,25,1,35,8.682,12.4,8.682,H2,8.682,1,catchment_near_assigned_hospital,12,assumption_to_validate,Renaison other: assumed 36/day.
P161,HOME_P161,46.052429467285954,4.036637796003136,H1,dialysis,A0012,08:00,P1,high,2.0,prescription_medicale,2026-05-18 08:45:00,525,08:45,240,2026-05-18 12:45:00,765,12:45,15,1,25,3.481,5.0,3.481,H3,3.236,1,catchment_near_assigned_hospital,8,observed_user_table,"CH Roanne dialysis: 53/day. 26 morning, 23 noon, 4 evening."
P162,HOME_P162,46.15374071118189,4.147399535713626,H1,external,A0373,17:30,P3,low,1.0,standard_assis,2026-05-18 17:40:00,1060,17:40,25,2026-05-18 18:05:00,1085,18:05,35,1,45,15.707,22.44,15.707,H1,15.707,1,catchment_near_assigned_hospital,18,computed_from_user_table,External visits: 75/day * 15% using fleet.
P163,HOME_P163,46.07531928362287,4.06410730990838,H3,dialysis,A0619,13:00,P1,high,2.0,vsl_required,2026-05-18 13:05:00,785,13:05,215,2026-05-18 16:40:00,1000,16:40,15,1,25,3.565,5.09,3.565,H1,3.171,1,catchment_near_assigned_hospital,8,assumption_to_validate,Third dialysis center: assumed 24/day.
P164,HOME_P164,46.09320962499388,4.024680468407163,H2,oncology,A0480,13:00,P1,high,2.0,vsl_required,2026-05-18 13:40:00,820,13:40,60,2026-05-18 14:40:00,880,14:40,15,1,25,7.855,11.22,7.855,H1,7.226,1,catchment_near_assigned_hospital,10,assumption_to_validate,Renaison oncology: assumed 16/day.
P165,HOME_P165,46.054053537011775,4.000077619422865,H1,dialysis,A0072,13:00,P1,high,2.0,vsl_required,2026-05-18 13:55:00,835,13:55,240,2026-05-18 17:55:00,1075,17:55,15,1,25,7.006,10.01,7.006,H2,6.73,1,catchment_near_assigned_hospital,8,observed_user_table,"CH Roanne dialysis: 53/day. 26 morning, 23 noon, 4 evening."
P166,HOME_P166,46.029987122067475,4.105666987508606,H2,dialysis,A0387,08:00,P1,high,2.0,vsl_required,2026-05-18 08:15:00,495,08:15,270,2026-05-18 12:45:00,765,12:45,15,1,25,4.174,5.96,4.174,H2,4.174,1,catchment_near_assigned_hospital,8,assumption_to_validate,Renaison dialysis: assumed 30/day.
P167,HOME_P167,46.00014912614262,4.082920933692265,H1,dialysis,A0121,13:00,P1,high,2.0,vsl_required,2026-05-18 13:10:00,790,13:10,240,2026-05-18 17:10:00,1030,17:10,15,1,25,7.453,10.65,7.453,H2,6.476,1,catchment_near_assigned_hospital,8,observed_user_table,"CH Roanne dialysis: 53/day. 26 morning, 23 noon, 4 evening."
P168,HOME_P168,46.0961174968534,3.9957510478478673,H1,oncology,A0185,11:00,P1,high,2.0,standard_assis,2026-05-18 11:10:00,670,11:10,180,2026-05-18 14:10:00,850,14:10,15,1,25,9.512,13.59,9.512,H1,9.512,1,catchment_near_assigned_hospital,10,observed_user_table,CH Roanne chemotherapy: 30/day.
P169,HOME_P169,46.08284007555555,3.891374268267284,H1,external,A0359,11:30,P3,low,1.0,standard_assis,2026-05-18 12:45:00,765,12:45,25,2026-05-18 13:10:00,790,13:10,35,1,47,17.962,25.66,17.962,H3,17.821,1,catchment_near_assigned_hospital,18,computed_from_user_table,External visits: 75/day * 15% using fleet.
P170,HOME_P170,46.07149009055801,4.129123130800811,H1,oncology,A0166,08:00,P1,high,2.0,vsl_required,2026-05-18 08:50:00,530,08:50,170,2026-05-18 11:40:00,700,11:40,15,1,25,6.0,8.57,6.0,H1,6.0,1,catchment_near_assigned_hospital,10,observed_user_table,CH Roanne chemotherapy: 30/day.
P171,HOME_P171,46.02403411368952,4.162999482697359,H3,dialysis,A0642,13:00,P1,high,2.0,vsl_required,2026-05-18 13:45:00,825,13:45,250,2026-05-18 17:55:00,1075,17:55,15,1,25,9.672,13.82,9.672,H2,9.575,1,catchment_near_assigned_hospital,8,assumption_to_validate,Third dialysis center: assumed 24/day.
P172,HOME_P172,46.11131280733494,4.042722572459315,H3,dialysis,A0623,13:00,P1,high,2.0,vsl_required,2026-05-18 13:35:00,815,13:35,255,2026-05-18 17:50:00,1070,17:50,15,1,25,8.919,12.74,8.919,H1,8.566,1,catchment_near_assigned_hospital,8,assumption_to_validate,Third dialysis center: assumed 24/day.
P173,HOME_P173,46.09333986645674,3.9705282234257506,H2,oncology,A0466,08:00,P1,high,2.0,vsl_required,2026-05-18 08:30:00,510,08:30,335,2026-05-18 14:05:00,845,14:05,15,1,25,11.561,16.52,11.561,H1,11.315,1,catchment_near_assigned_hospital,10,assumption_to_validate,Renaison oncology: assumed 16/day.
P174,HOME_P174,46.02395805451278,4.050002664250616,H1,dialysis,A0030,08:00,P1,high,2.0,prescription_medicale,2026-05-18 08:50:00,530,08:50,240,2026-05-18 12:50:00,770,12:50,15,1,25,4.629,6.61,4.629,H2,3.525,1,catchment_near_assigned_hospital,8,observed_user_table,"CH Roanne dialysis: 53/day. 26 morning, 23 noon, 4 evening."
P175,HOME_P175,45.99203941123738,4.058325905014754,H3,dialysis,A0614,08:00,P1,high,2.0,vsl_required,2026-05-18 08:00:00,480,08:00,235,2026-05-18 11:55:00,715,11:55,15,1,25,8.135,11.62,8.135,H2,7.527,1,catchment_near_assigned_hospital,8,assumption_to_validate,Third dialysis center: assumed 24/day.
P176,HOME_P176,46.068609937860664,4.021772610428107,H1,other,A0311,14:00,P2,medium,1.5,standard_assis,2026-05-18 14:25:00,865,14:25,80,2026-05-18 15:45:00,945,15:45,25,1,35,5.353,7.65,5.353,H3,5.322,1,catchment_near_assigned_hospital,12,observed_user_table,CH Roanne other: 49/day.
P177,HOME_P177,46.00748129778001,4.134180605159733,H1,dialysis,A0066,08:00,P1,high,2.0,vsl_required,2026-05-18 08:50:00,530,08:50,240,2026-05-18 12:50:00,770,12:50,15,1,25,8.704,12.43,8.704,H2,8.248,1,catchment_near_assigned_hospital,8,observed_user_table,"CH Roanne dialysis: 53/day. 26 morning, 23 noon, 4 evening."
P178,HOME_P178,46.0577942991198,4.219039770790998,H1,external,A0367,14:30,P3,low,1.0,premium,2026-05-18 16:05:00,965,16:05,20,2026-05-18 16:25:00,985,16:25,35,1,45,14.129,20.18,14.129,H1,14.129,1,catchment_near_assigned_hospital,18,computed_from_user_table,External visits: 75/day * 15% using fleet.
P179,HOME_P179,46.03264931221216,4.090674199185105,H2,other,A0525,08:30,P2,medium,1.5,standard_assis,2026-05-18 08:50:00,530,08:50,30,2026-05-18 09:20:00,560,09:20,25,1,35,2.783,5.0,2.783,H2,2.783,1,catchment_near_assigned_hospital,12,assumption_to_validate,Renaison other: assumed 36/day.
P180,HOME_P180,46.0688030990037,4.067850557252592,H1,other,A0314,14:00,P2,medium,1.5,standard_assis,2026-05-18 15:20:00,920,15:20,115,2026-05-18 17:15:00,1035,17:15,25,1,35,2.205,5.0,2.205,H1,2.205,1,catchment_near_assigned_hospital,12,observed_user_table,CH Roanne other: 49/day.
P181,HOME_P181,46.089674955326345,4.080918225667753,H3,dialysis,A0649,17:00,P1,high,2.0,vsl_required,2026-05-18 17:35:00,1055,17:35,240,2026-05-18 21:35:00,1295,21:35,15,1,25,5.614,8.02,5.614,H1,5.118,1,catchment_near_assigned_hospital,8,assumption_to_validate,Third dialysis center: assumed 24/day.
P182,HOME_P182,45.9396833413632,4.016223201381191,H1,external,A0348,08:30,P3,low,1.0,standard_assis,2026-05-18 09:50:00,590,09:50,30,2026-05-18 10:20:00,620,10:20,35,1,45,16.707,23.87,16.707,H2,15.586,1,catchment_near_assigned_hospital,18,computed_from_user_table,External visits: 75/day * 15% using fleet.
P183,HOME_P183,46.015956592971456,4.099216829655756,H2,dialysis,A0398,08:00,P1,high,2.0,vsl_required,2026-05-18 08:45:00,525,08:45,240,2026-05-18 12:45:00,765,12:45,15,1,25,5.07,7.24,5.07,H2,5.07,1,catchment_near_assigned_hospital,8,assumption_to_validate,Renaison dialysis: assumed 30/day.
P184,HOME_P184,46.030474566704555,3.9962580079735814,H1,other,A0296,10:30,P2,medium,1.5,standard_assis,2026-05-18 11:05:00,665,11:05,105,2026-05-18 12:50:00,770,12:50,25,1,35,8.029,11.47,8.029,H2,7.312,1,catchment_near_assigned_hospital,12,observed_user_table,CH Roanne other: 49/day.
P185,HOME_P185,46.111872514790164,4.065851354619645,H1,oncology,A0175,08:00,P1,high,2.0,vsl_required,2026-05-18 08:00:00,480,08:00,160,2026-05-18 10:40:00,640,10:40,15,1,25,8.168,11.67,8.168,H1,8.168,1,catchment_near_assigned_hospital,10,observed_user_table,CH Roanne chemotherapy: 30/day.
P186,HOME_P186,45.99668858796935,3.9800508040230733,H2,other,A0514,08:30,P2,medium,1.5,standard_assis,2026-05-18 08:50:00,530,08:50,35,2026-05-18 09:25:00,565,09:25,25,1,35,10.944,15.63,10.944,H2,10.944,1,catchment_near_assigned_hospital,12,assumption_to_validate,Renaison other: assumed 36/day.
P187,HOME_P187,46.01896654477881,4.007311597109249,H3,dialysis,A0628,13:00,P1,high,2.0,prescription_medicale,2026-05-18 13:15:00,795,13:15,225,2026-05-18 17:00:00,1020,17:00,15,1,25,7.429,10.61,7.429,H2,7.001,1,catchment_near_assigned_hospital,8,assumption_to_validate,Third dialysis center: assumed 24/day.
P188,HOME_P188,46.1209078283874,4.102838691440063,H2,other,A0536,10:30,P2,medium,1.5,standard_assis,2026-05-18 10:45:00,645,10:45,25,2026-05-18 11:10:00,670,11:10,25,1,35,10.956,15.65,10.956,H1,9.836,1,catchment_near_assigned_hospital,12,assumption_to_validate,Renaison other: assumed 36/day.
P189,HOME_P189,45.974074324262034,4.0241231453030135,H1,oncology,A0208,11:00,P1,high,2.0,vsl_required,2026-05-18 11:45:00,705,11:45,160,2026-05-18 14:25:00,865,14:25,15,1,25,11.969,17.1,11.969,H2,10.85,1,catchment_near_assigned_hospital,10,observed_user_table,CH Roanne chemotherapy: 30/day.
P190,HOME_P190,45.97199605060687,4.103277793879864,H2,other,A0575,16:30,P2,medium,1.5,standard_assis,2026-05-18 16:35:00,995,16:35,30,2026-05-18 17:05:00,1025,17:05,25,1,35,10.772,15.39,10.772,H2,10.772,1,catchment_near_assigned_hospital,12,assumption_to_validate,Renaison other: assumed 36/day.
P191,HOME_P191,46.154444805487756,4.045024295566632,H1,other,A0218,08:30,P2,medium,1.5,standard_assis,2026-05-18 08:35:00,515,08:35,60,2026-05-18 09:35:00,575,09:35,25,1,35,14.309,20.44,14.309,H1,14.309,1,catchment_near_assigned_hospital,12,observed_user_table,CH Roanne other: 49/day.
P192,HOME_P192,46.02563166981667,4.0804964161786135,H2,dialysis,A0417,13:00,P1,high,2.0,vsl_required,2026-05-18 13:45:00,825,13:45,210,2026-05-18 17:15:00,1035,17:15,15,1,25,3.009,5.0,3.009,H2,3.009,1,catchment_near_assigned_hospital,8,assumption_to_validate,Renaison dialysis: assumed 30/day.
P193,HOME_P193,46.03646914630122,4.013007428476127,H2,dialysis,A0400,08:00,P1,high,2.0,vsl_required,2026-05-18 08:15:00,495,08:15,240,2026-05-18 12:15:00,735,12:15,15,1,25,5.534,7.91,5.534,H2,5.534,1,catchment_near_assigned_hospital,8,assumption_to_validate,Renaison dialysis: assumed 30/day.
P194,HOME_P194,46.137442799358844,4.110898118357366,H1,other,A0244,08:30,P2,medium,1.5,standard_assis,2026-05-18 09:35:00,575,09:35,105,2026-05-18 11:20:00,680,11:20,25,1,35,12.261,17.52,12.261,H1,12.261,1,catchment_near_assigned_hospital,12,observed_user_table,CH Roanne other: 49/day.
P195,HOME_P195,46.062384759075115,3.9625965425853806,H1,other,A0276,10:30,P2,medium,1.5,standard_assis,2026-05-18 11:00:00,660,11:00,60,2026-05-18 12:00:00,720,12:00,25,1,35,10.695,15.28,10.695,H3,10.502,1,catchment_near_assigned_hospital,12,observed_user_table,CH Roanne other: 49/day.
P196,HOME_P196,46.12365665200594,4.079427585228468,H1,oncology,A0150,08:00,P1,high,2.0,standard_assis,2026-05-18 08:35:00,515,08:35,170,2026-05-18 11:25:00,685,11:25,15,1,25,9.801,14.0,9.801,H1,9.801,1,catchment_near_assigned_hospital,10,observed_user_table,CH Roanne chemotherapy: 30/day.
P197,HOME_P197,45.99948171246727,4.102468985624622,H1,other,A0318,14:00,P2,medium,1.5,standard_assis,2026-05-18 14:10:00,850,14:10,100,2026-05-18 15:50:00,950,15:50,25,1,35,8.013,11.45,8.013,H2,7.199,1,catchment_near_assigned_hospital,12,observed_user_table,CH Roanne other: 49/day.
P198,HOME_P198,46.03416320435859,4.127377017074336,H1,other,A0280,10:30,P2,medium,1.5,prescription_medicale,2026-05-18 11:05:00,665,11:05,60,2026-05-18 12:05:00,725,12:05,25,1,35,5.908,8.44,5.908,H2,5.875,1,catchment_near_assigned_hospital,12,observed_user_table,CH Roanne other: 49/day.
P199,HOME_P199,46.005346281537705,4.107958032424688,H3,dialysis,A0613,08:00,P1,high,2.0,vsl_required,2026-05-18 08:55:00,535,08:55,235,2026-05-18 12:50:00,770,12:50,15,1,25,7.207,10.3,7.207,H2,6.763,1,catchment_near_assigned_hospital,8,assumption_to_validate,Third dialysis center: assumed 24/day.
P200,HOME_P200,46.050805654664295,4.1553391412666345,H2,oncology,A0489,13:00,P1,high,2.0,vsl_required,2026-05-18 13:00:00,780,13:00,265,2026-05-18 17:25:00,1045,17:25,15,1,25,8.378,11.97,8.378,H1,7.979,1,catchment_near_assigned_hospital,10,assumption_to_validate,Renaison oncology: assumed 16/day.
P201,HOME_P201,45.96567573290933,4.140442424664583,H1,other,A0323,14:00,P2,medium,1.5,standard_assis,2026-05-18 14:35:00,875,14:35,85,2026-05-18 16:00:00,960,16:00,25,1,35,13.824,19.75,13.824,H2,13.098,1,catchment_near_assigned_hospital,12,observed_user_table,CH Roanne other: 49/day.
P202,HOME_P202,46.08914818553177,3.9755749312929045,H1,oncology,A0161,08:00,P1,high,2.0,prescription_medicale,2026-05-18 08:00:00,480,08:00,165,2026-05-18 10:45:00,645,10:45,15,1,25,10.609,15.16,10.609,H3,10.608,1,catchment_near_assigned_hospital,10,observed_user_table,CH Roanne chemotherapy: 30/day.
P203,HOME_P203,46.07502809184952,4.114023200201929,H2,dialysis,A0377,08:00,P1,high,2.0,vsl_required,2026-05-18 08:30:00,510,08:30,265,2026-05-18 12:55:00,775,12:55,15,1,25,5.97,8.53,5.97,H1,5.0,1,catchment_near_assigned_hospital,8,assumption_to_validate,Renaison dialysis: assumed 30/day.
P204,HOME_P204,46.09031360512202,4.003890705054041,H1,dialysis,A0098,13:00,P1,high,2.0,vsl_required,2026-05-18 13:30:00,810,13:30,240,2026-05-18 17:30:00,1050,17:30,15,1,25,8.396,11.99,8.396,H1,8.396,1,catchment_near_assigned_hospital,8,observed_user_table,"CH Roanne dialysis: 53/day. 26 morning, 23 noon, 4 evening."
P205,HOME_P205,46.03983845761742,4.035396526612928,H1,oncology,A0141,08:00,P1,high,2.0,prescription_medicale,2026-05-18 08:40:00,520,08:40,160,2026-05-18 11:20:00,680,11:20,15,1,25,4.056,5.79,4.056,H2,3.324,1,catchment_near_assigned_hospital,10,observed_user_table,CH Roanne chemotherapy: 30/day.
P206,HOME_P206,46.01331182815083,4.203680184711312,H1,other,A0259,08:30,P2,medium,1.5,standard_assis,2026-05-18 09:30:00,570,09:30,95,2026-05-18 11:05:00,665,11:05,25,1,35,13.807,19.72,13.807,H2,13.773,1,catchment_near_assigned_hospital,12,observed_user_table,CH Roanne other: 49/day.
P207,HOME_P207,46.08447644788806,4.066210956592093,H1,other,A0337,16:00,P2,medium,1.5,standard_assis,2026-05-18 16:00:00,960,16:00,85,2026-05-18 17:25:00,1045,17:25,25,1,35,4.378,6.25,4.378,H1,4.378,1,catchment_near_assigned_hospital,12,observed_user_table,CH Roanne other: 49/day.
P208,HOME_P208,45.978662001441535,4.084975675281635,H1,other,A0260,08:30,P2,medium,1.5,prescription_medicale,2026-05-18 09:45:00,585,09:45,75,2026-05-18 11:00:00,660,11:00,25,0,35,10.442,14.92,10.442,H2,9.448,1,catchment_near_assigned_hospital,12,observed_user_table,CH Roanne other: 49/day.
P209,HOME_P209,46.019100926506646,4.061872596512891,H1,dialysis,A0016,08:00,P1,high,2.0,vsl_required,2026-05-18 08:00:00,480,08:00,240,2026-05-18 12:00:00,720,12:00,15,1,25,4.867,6.95,4.867,H2,3.757,1,catchment_near_assigned_hospital,8,observed_user_table,"CH Roanne dialysis: 53/day. 26 morning, 23 noon, 4 evening."
P210,HOME_P210,46.092480424675806,4.067733450342812,H1,other,A0303,10:30,P2,medium,1.5,standard_assis,2026-05-18 11:05:00,665,11:05,60,2026-05-18 12:05:00,725,12:05,25,1,35,5.467,7.81,5.467,H1,5.467,1,catchment_near_assigned_hospital,12,observed_user_table,CH Roanne other: 49/day.
P211,HOME_P211,46.03928940806274,4.136635549947665,H1,dialysis,A0100,13:00,P1,high,2.0,prescription_medicale,2026-05-18 13:40:00,820,13:40,240,2026-05-18 17:40:00,1060,17:40,15,1,25,6.468,9.24,6.468,H1,6.468,1,catchment_near_assigned_hospital,8,observed_user_table,"CH Roanne dialysis: 53/day. 26 morning, 23 noon, 4 evening."
P212,HOME_P212,46.007872716131395,4.076136044683262,H2,dialysis,A0412,08:00,P1,high,2.0,vsl_required,2026-05-18 08:50:00,530,08:50,260,2026-05-18 13:10:00,790,13:10,15,1,25,5.305,7.58,5.305,H2,5.305,1,catchment_near_assigned_hospital,8,assumption_to_validate,Renaison dialysis: assumed 30/day.
P213,HOME_P213,46.08079194847123,4.122294251896398,H1,dialysis,A0045,08:00,P1,high,2.0,prescription_medicale,2026-05-18 08:00:00,480,08:00,240,2026-05-18 12:00:00,720,12:00,15,1,25,6.122,8.75,6.122,H1,6.122,1,catchment_near_assigned_hospital,8,observed_user_table,"CH Roanne dialysis: 53/day. 26 morning, 23 noon, 4 evening."
P214,HOME_P214,46.001859257178516,4.074214751767373,H2,oncology,A0479,13:00,P1,high,2.0,vsl_required,2026-05-18 13:15:00,795,13:15,230,2026-05-18 17:05:00,1025,17:05,15,1,25,6.116,8.74,6.116,H2,6.116,1,catchment_near_assigned_hospital,10,assumption_to_validate,Renaison oncology: assumed 16/day.
P215,HOME_P215,45.993509799189276,4.010384988363682,H2,oncology,A0457,08:00,P1,high,2.0,vsl_required,2026-05-18 08:25:00,505,08:25,255,2026-05-18 12:40:00,760,12:40,15,1,25,9.188,13.13,9.188,H2,9.188,1,catchment_near_assigned_hospital,10,assumption_to_validate,Renaison oncology: assumed 16/day.
P216,HOME_P216,46.020866860767754,4.0236705480561135,H2,oncology,A0488,13:00,P1,high,2.0,vsl_required,2026-05-18 13:35:00,815,13:35,180,2026-05-18 16:35:00,995,16:35,15,1,25,5.557,7.94,5.557,H2,5.557,1,catchment_near_assigned_hospital,10,assumption_to_validate,Renaison oncology: assumed 16/day.
P217,HOME_P217,46.04116328614996,4.064323369822814,H2,other,A0565,14:00,P2,medium,1.5,prescription_medicale,2026-05-18 14:10:00,850,14:10,40,2026-05-18 14:50:00,890,14:50,25,1,35,0.764,5.0,0.764,H2,0.764,1,catchment_near_assigned_hospital,12,assumption_to_validate,Renaison other: assumed 36/day.
P218,HOME_P218,45.98569011472833,4.138951386426531,H1,oncology,A0151,08:00,P1,high,2.0,vsl_required,2026-05-18 08:05:00,485,08:05,175,2026-05-18 11:00:00,660,11:00,15,1,25,11.367,16.24,11.367,H2,10.744,1,catchment_near_assigned_hospital,10,observed_user_table,CH Roanne chemotherapy: 30/day.
P219,HOME_P219,46.0951618557852,4.006189671979736,H1,dialysis,A0065,08:00,P1,high,2.0,vsl_required,2026-05-18 08:05:00,485,08:05,240,2026-05-18 12:05:00,725,12:05,15,1,25,8.659,12.37,8.659,H1,8.659,1,catchment_near_assigned_hospital,8,observed_user_table,"CH Roanne dialysis: 53/day. 26 morning, 23 noon, 4 evening."
P220,HOME_P220,46.10199300529193,4.107413108304774,H1,other,A0234,08:30,P2,medium,1.5,standard_assis,2026-05-18 09:50:00,590,09:50,60,2026-05-18 10:50:00,650,10:50,25,1,35,7.55,10.79,7.55,H1,7.55,1,catchment_near_assigned_hospital,12,observed_user_table,CH Roanne other: 49/day.
P221,HOME_P221,46.11542177261933,4.027523308502588,H1,oncology,A0211,14:00,P1,high,2.0,vsl_required,2026-05-18 14:45:00,885,14:45,155,2026-05-18 17:20:00,1040,17:20,15,1,25,9.671,13.82,9.671,H1,9.671,1,catchment_near_assigned_hospital,10,observed_user_table,CH Roanne chemotherapy: 30/day.
P222,HOME_P222,46.044896917949345,4.07587816204741,H3,dialysis,A0598,08:00,P1,high,2.0,vsl_required,2026-05-18 08:20:00,500,08:20,265,2026-05-18 12:45:00,765,12:45,15,1,25,0.908,5.0,0.908,H2,0.692,1,catchment_near_assigned_hospital,8,assumption_to_validate,Third dialysis center: assumed 24/day.
P223,HOME_P223,45.97004804960584,4.017907835057265,H2,other,A0543,10:30,P2,medium,1.5,vsl_required,2026-05-18 11:45:00,705,11:45,30,2026-05-18 12:15:00,735,12:15,25,1,35,11.606,16.58,11.606,H2,11.606,1,catchment_near_assigned_hospital,12,assumption_to_validate,Renaison other: assumed 36/day.
P224,HOME_P224,46.090693477637615,3.9966276316983937,H2,other,A0578,16:30,P2,medium,1.5,standard_assis,2026-05-18 17:15:00,1035,17:15,30,2026-05-18 17:45:00,1065,17:45,25,1,35,9.357,13.37,9.357,H1,8.99,1,catchment_near_assigned_hospital,12,assumption_to_validate,Renaison other: assumed 36/day.
P225,HOME_P225,46.06731772734482,4.039832933070355,H1,other,A0339,16:00,P2,medium,1.5,standard_assis,2026-05-18 16:05:00,965,16:05,120,2026-05-18 18:05:00,1085,18:05,25,1,35,3.721,5.32,3.721,H1,3.721,1,catchment_near_assigned_hospital,12,observed_user_table,CH Roanne other: 49/day.
P226,HOME_P226,46.05072053790731,4.07592792609485,H1,external,A0372,16:30,P3,low,1.0,prescription_medicale,2026-05-18 16:55:00,1015,16:55,30,2026-05-18 17:25:00,1045,17:25,35,1,45,0.475,5.0,0.475,H1,0.475,1,catchment_near_assigned_hospital,18,computed_from_user_table,External visits: 75/day * 15% using fleet.
P227,HOME_P227,46.00574801032283,4.174273129098658,H2,oncology,A0492,15:00,P1,high,2.0,vsl_required,2026-05-18 15:55:00,955,15:55,255,2026-05-18 20:10:00,1210,20:10,15,1,25,11.595,16.56,11.595,H2,11.595,1,catchment_near_assigned_hospital,10,assumption_to_validate,Renaison oncology: assumed 16/day.
P228,HOME_P228,46.12967089979799,4.039454336972937,H1,oncology,A0195,11:00,P1,high,2.0,prescription_medicale,2026-05-18 11:05:00,665,11:05,180,2026-05-18 14:05:00,845,14:05,15,1,25,11.088,15.84,11.088,H1,11.088,1,catchment_near_assigned_hospital,10,observed_user_table,CH Roanne chemotherapy: 30/day.
P229,HOME_P229,46.04115836683058,3.923147558543315,H1,other,A0224,08:30,P2,medium,1.5,standard_assis,2026-05-18 09:10:00,550,09:10,80,2026-05-18 10:30:00,630,10:30,25,1,35,14.526,20.75,14.526,H2,14.066,1,catchment_near_assigned_hospital,12,observed_user_table,CH Roanne other: 49/day.
P230,HOME_P230,46.042503399202445,4.044740370974971,H2,dialysis,A0388,08:00,P1,high,2.0,vsl_required,2026-05-18 08:55:00,535,08:55,225,2026-05-18 12:40:00,760,12:40,15,1,25,2.363,5.0,2.363,H2,2.363,1,catchment_near_assigned_hospital,8,assumption_to_validate,Renaison dialysis: assumed 30/day.
P231,HOME_P231,46.01746906402604,4.0873892073925875,H1,oncology,A0183,11:00,P1,high,2.0,prescription_medicale,2026-05-18 11:00:00,660,11:00,160,2026-05-18 13:40:00,820,13:40,15,1,25,5.178,7.4,5.178,H2,4.315,1,catchment_near_assigned_hospital,10,observed_user_table,CH Roanne chemotherapy: 30/day.
P232,HOME_P232,46.11620803769405,4.199108894113372,H1,other,A0313,14:00,P2,medium,1.5,standard_assis,2026-05-18 14:25:00,865,14:25,75,2026-05-18 15:40:00,940,15:40,25,1,35,14.999,21.43,14.999,H1,14.999,1,catchment_near_assigned_hospital,12,observed_user_table,CH Roanne other: 49/day.
P233,HOME_P233,46.09048716494935,4.1561950752678145,H1,dialysis,A0010,08:00,P1,high,2.0,prescription_medicale,2026-05-18 08:30:00,510,08:30,240,2026-05-18 12:30:00,750,12:30,15,1,25,9.568,13.67,9.568,H1,9.568,1,catchment_near_assigned_hospital,8,observed_user_table,"CH Roanne dialysis: 53/day. 26 morning, 23 noon, 4 evening."
P234,HOME_P234,46.0232901648416,4.071024522781159,H2,oncology,A0490,15:00,P1,high,2.0,vsl_required,2026-05-18 15:35:00,935,15:35,260,2026-05-18 19:55:00,1195,19:55,15,1,25,3.122,5.0,3.122,H2,3.122,1,catchment_near_assigned_hospital,10,assumption_to_validate,Renaison oncology: assumed 16/day.
P235,HOME_P235,46.05101183265915,4.15486018448765,H2,dialysis,A0445,13:00,P1,high,2.0,vsl_required,2026-05-18 13:20:00,800,13:20,245,2026-05-18 17:25:00,1045,17:25,15,1,25,8.335,11.91,8.335,H1,7.932,1,catchment_near_assigned_hospital,8,assumption_to_validate,Renaison dialysis: assumed 30/day.
P236,HOME_P236,45.91517345131728,4.095625272058717,H1,external,A0362,12:30,P3,low,1.0,standard_assis,2026-05-18 12:50:00,770,12:50,20,2026-05-18 13:10:00,790,13:10,35,0,50,19.326,27.61,19.326,H2,18.326,1,catchment_near_assigned_hospital,18,computed_from_user_table,External visits: 75/day * 15% using fleet.
P237,HOME_P237,46.11002012118546,4.110720558312343,H1,oncology,A0214,14:00,P1,high,2.0,prescription_medicale,2026-05-18 14:30:00,870,14:30,160,2026-05-18 17:10:00,1030,17:10,15,1,25,8.694,12.42,8.694,H1,8.694,1,catchment_near_assigned_hospital,10,observed_user_table,CH Roanne chemotherapy: 30/day.
P238,HOME_P238,46.00896549892287,4.127745186354154,H1,other,A0245,08:30,P2,medium,1.5,standard_assis,2026-05-18 09:30:00,570,09:30,100,2026-05-18 11:10:00,670,11:10,25,1,35,8.136,11.62,8.136,H2,7.644,1,catchment_near_assigned_hospital,12,observed_user_table,CH Roanne other: 49/day.
P239,HOME_P239,46.001740761450165,4.084544266787682,H1,dialysis,A0134,17:00,P1,high,2.0,vsl_required,2026-05-18 17:00:00,1020,17:00,240,2026-05-18 21:00:00,1260,21:00,15,1,25,7.257,10.37,7.257,H2,6.296,1,catchment_near_assigned_hospital,8,observed_user_table,"CH Roanne dialysis: 53/day. 26 morning, 23 noon, 4 evening."
P240,HOME_P240,45.95405358308765,4.055471997668066,H2,other,A0568,14:00,P2,medium,1.5,prescription_medicale,2026-05-18 15:20:00,920,15:20,35,2026-05-18 15:55:00,955,15:55,25,1,35,12.803,18.29,12.803,H2,12.803,1,catchment_near_assigned_hospital,12,assumption_to_validate,Renaison other: assumed 36/day.
P241,HOME_P241,46.11474626689841,4.099395339830377,H1,dialysis,A0041,08:00,P1,high,2.0,vsl_required,2026-05-18 08:15:00,495,08:15,240,2026-05-18 12:15:00,735,12:15,15,1,25,8.92,12.74,8.92,H1,8.92,1,catchment_near_assigned_hospital,8,observed_user_table,"CH Roanne dialysis: 53/day. 26 morning, 23 noon, 4 evening."
P242,HOME_P242,46.00885851290226,4.147538034554174,H1,dialysis,A0126,13:00,P1,high,2.0,vsl_required,2026-05-18 13:55:00,835,13:55,240,2026-05-18 17:55:00,1075,17:55,15,1,25,9.503,13.58,9.503,H2,9.163,1,catchment_near_assigned_hospital,8,observed_user_table,"CH Roanne dialysis: 53/day. 26 morning, 23 noon, 4 evening."
P243,HOME_P243,46.0981065364019,4.123157928368133,H2,other,A0559,14:00,P2,medium,1.5,standard_assis,2026-05-18 15:25:00,925,15:25,25,2026-05-18 15:50:00,950,15:50,25,1,35,8.974,12.82,8.974,H1,7.903,1,catchment_near_assigned_hospital,12,assumption_to_validate,Renaison other: assumed 36/day.
P244,HOME_P244,46.114067140733916,4.053002002769433,H1,oncology,A0160,08:00,P1,high,2.0,prescription_medicale,2026-05-18 08:30:00,510,08:30,175,2026-05-18 11:25:00,685,11:25,15,1,25,8.657,12.37,8.657,H1,8.657,1,catchment_near_assigned_hospital,10,observed_user_table,CH Roanne chemotherapy: 30/day.
P245,HOME_P245,45.968289590960374,4.053065358424061,H1,oncology,A0155,08:00,P1,high,2.0,prescription_medicale,2026-05-18 08:15:00,495,08:15,175,2026-05-18 11:10:00,670,11:10,15,1,25,11.967,17.1,11.967,H2,10.866,1,catchment_near_assigned_hospital,10,observed_user_table,CH Roanne chemotherapy: 30/day.
P246,HOME_P246,45.99329476813226,4.104692886076726,H1,dialysis,A0101,13:00,P1,high,2.0,prescription_medicale,2026-05-18 13:20:00,800,13:20,240,2026-05-18 17:20:00,1040,17:20,15,1,25,8.894,12.71,8.894,H2,8.066,1,catchment_near_assigned_hospital,8,observed_user_table,"CH Roanne dialysis: 53/day. 26 morning, 23 noon, 4 evening."
P247,HOME_P247,45.967128299596546,4.159505038689331,H1,external,A0354,10:30,P3,low,1.0,standard_assis,2026-05-18 11:05:00,665,11:05,25,2026-05-18 11:30:00,690,11:30,35,1,45,14.618,20.88,14.618,H2,13.998,1,catchment_near_assigned_hospital,18,computed_from_user_table,External visits: 75/day * 15% using fleet.
P248,HOME_P248,45.961565430190255,4.1588820565178235,H2,other,A0572,14:00,P2,medium,1.5,standard_assis,2026-05-18 14:10:00,850,14:10,25,2026-05-18 14:35:00,875,14:35,25,1,35,14.574,20.82,14.574,H2,14.574,1,catchment_near_assigned_hospital,12,assumption_to_validate,Renaison other: assumed 36/day.
P249,HOME_P249,46.08339403500132,3.9808024232883295,H1,oncology,A0196,11:00,P1,high,2.0,vsl_required,2026-05-18 11:05:00,665,11:05,160,2026-05-18 13:45:00,825,13:45,15,1,25,9.8,14.0,9.8,H3,9.774,1,catchment_near_assigned_hospital,10,observed_user_table,CH Roanne chemotherapy: 30/day.
P250,HOME_P250,46.0753897609507,3.984803666700344,H1,oncology,A0198,11:00,P1,high,2.0,vsl_required,2026-05-18 11:55:00,715,11:55,165,2026-05-18 14:40:00,880,14:40,15,1,25,9.016,12.88,9.016,H3,8.942,1,catchment_near_assigned_hospital,10,observed_user_table,CH Roanne chemotherapy: 30/day.
P251,HOME_P251,46.01451914758072,4.02756072692559,H3,dialysis,A0643,13:00,P1,high,2.0,vsl_required,2026-05-18 13:15:00,795,13:15,270,2026-05-18 17:45:00,1065,17:45,15,1,25,6.41,9.16,6.41,H2,5.884,1,catchment_near_assigned_hospital,8,assumption_to_validate,Third dialysis center: assumed 24/day.
P252,HOME_P252,46.10156747854214,4.011163233487167,H3,dialysis,A0633,13:00,P1,high,2.0,prescription_medicale,2026-05-18 13:55:00,835,13:55,230,2026-05-18 17:45:00,1065,17:45,15,1,25,9.141,13.06,9.141,H1,8.956,1,catchment_near_assigned_hospital,8,assumption_to_validate,Third dialysis center: assumed 24/day.
P253,HOME_P253,45.981464514541535,4.062511538043005,H2,other,A0526,08:30,P2,medium,1.5,standard_assis,2026-05-18 08:40:00,520,08:40,25,2026-05-18 09:05:00,545,09:05,25,1,35,8.949,12.78,8.949,H2,8.949,1,catchment_near_assigned_hospital,12,assumption_to_validate,Renaison other: assumed 36/day.
P254,HOME_P254,46.12267018015122,4.079966391131715,H1,dialysis,A0084,13:00,P1,high,2.0,vsl_required,2026-05-18 13:20:00,800,13:20,240,2026-05-18 17:20:00,1040,17:20,15,1,25,9.667,13.81,9.667,H1,9.667,1,catchment_near_assigned_hospital,8,observed_user_table,"CH Roanne dialysis: 53/day. 26 morning, 23 noon, 4 evening."
P255,HOME_P255,46.1059328515272,4.130147623161685,H1,oncology,A0140,08:00,P1,high,2.0,standard_assis,2026-05-18 08:25:00,505,08:25,160,2026-05-18 11:05:00,665,11:05,15,1,25,9.176,13.11,9.176,H1,9.176,1,catchment_near_assigned_hospital,10,observed_user_table,CH Roanne chemotherapy: 30/day.
P256,HOME_P256,46.10420890214425,4.110261074469626,H2,dialysis,A0416,13:00,P1,high,2.0,vsl_required,2026-05-18 13:40:00,820,13:40,235,2026-05-18 17:35:00,1055,17:35,15,1,25,9.062,12.95,9.062,H1,7.949,1,catchment_near_assigned_hospital,8,assumption_to_validate,Renaison dialysis: assumed 30/day.
P257,HOME_P257,46.00471836797183,4.064641605232377,H2,dialysis,A0409,08:00,P1,high,2.0,vsl_required,2026-05-18 08:15:00,495,08:15,265,2026-05-18 12:40:00,760,12:40,15,1,25,5.71,8.16,5.71,H2,5.71,1,catchment_near_assigned_hospital,8,assumption_to_validate,Renaison dialysis: assumed 30/day.
P258,HOME_P258,46.065054347684,3.92193533048869,H1,external,A0345,08:30,P3,low,1.0,standard_assis,2026-05-18 10:05:00,605,10:05,20,2026-05-18 10:25:00,625,10:25,35,1,45,14.633,20.9,14.633,H2,14.419,1,catchment_near_assigned_hospital,18,computed_from_user_table,External visits: 75/day * 15% using fleet.
P259,HOME_P259,46.07390382161359,3.9785514762332634,H1,dialysis,A0019,08:00,P1,high,2.0,prescription_medicale,2026-05-18 08:10:00,490,08:10,240,2026-05-18 12:10:00,730,12:10,15,1,25,9.521,13.6,9.521,H3,9.425,1,catchment_near_assigned_hospital,8,observed_user_table,"CH Roanne dialysis: 53/day. 26 morning, 23 noon, 4 evening."
P260,HOME_P260,46.06666355933051,4.183100534119933,H2,other,A0558,14:00,P2,medium,1.5,prescription_medicale,2026-05-18 14:10:00,850,14:10,25,2026-05-18 14:35:00,875,14:35,25,1,35,11.403,16.29,11.403,H1,10.809,1,catchment_near_assigned_hospital,12,assumption_to_validate,Renaison other: assumed 36/day.
P261,HOME_P261,46.01256829414905,4.020021159732313,H1,dialysis,A0117,13:00,P1,high,2.0,prescription_medicale,2026-05-18 13:40:00,820,13:40,240,2026-05-18 17:40:00,1060,17:40,15,1,25,7.609,10.87,7.609,H2,6.585,1,catchment_near_assigned_hospital,8,observed_user_table,"CH Roanne dialysis: 53/day. 26 morning, 23 noon, 4 evening."
P262,HOME_P262,46.08954843632378,4.040743601688115,H2,other,A0571,14:00,P2,medium,1.5,standard_assis,2026-05-18 14:05:00,845,14:05,30,2026-05-18 14:35:00,875,14:35,25,1,35,6.668,9.53,6.668,H1,5.906,1,catchment_near_assigned_hospital,12,assumption_to_validate,Renaison other: assumed 36/day.
P263,HOME_P263,45.99216918079714,4.026087045456285,H1,oncology,A0178,08:00,P1,high,2.0,vsl_required,2026-05-18 08:45:00,525,08:45,165,2026-05-18 11:30:00,690,11:30,15,1,25,9.614,13.73,9.614,H2,8.506,1,catchment_near_assigned_hospital,10,observed_user_table,CH Roanne chemotherapy: 30/day.
P264,HOME_P264,46.030370134931935,4.127814010361417,H1,other,A0231,08:30,P2,medium,1.5,prescription_medicale,2026-05-18 08:50:00,530,08:50,80,2026-05-18 10:10:00,610,10:10,25,1,35,6.199,8.86,6.199,H2,6.08,1,catchment_near_assigned_hospital,12,observed_user_table,CH Roanne other: 49/day.
P265,HOME_P265,46.006819768522206,4.010372830534347,H1,other,A0336,16:00,P2,medium,1.5,standard_assis,2026-05-18 16:20:00,980,16:20,110,2026-05-18 18:10:00,1090,18:10,25,1,35,8.827,12.61,8.827,H2,7.81,1,catchment_near_assigned_hospital,12,observed_user_table,CH Roanne other: 49/day.
P266,HOME_P266,46.01659521112219,4.14849508043799,H2,dialysis,A0407,08:00,P1,high,2.0,vsl_required,2026-05-18 08:05:00,485,08:05,260,2026-05-18 12:25:00,745,12:25,15,1,25,8.69,12.41,8.69,H2,8.69,1,catchment_near_assigned_hospital,8,assumption_to_validate,Renaison dialysis: assumed 30/day.
P267,HOME_P267,46.04536551122283,4.092009576401454,H2,other,A0587,16:30,P2,medium,1.5,vsl_required,2026-05-18 17:35:00,1055,17:35,30,2026-05-18 18:05:00,1085,18:05,25,1,35,2.24,5.0,2.24,H1,2.165,1,catchment_near_assigned_hospital,12,assumption_to_validate,Renaison other: assumed 36/day.
P268,HOME_P268,46.039933505660784,4.122330706546461,H1,dialysis,A0136,17:00,P1,high,2.0,prescription_medicale,2026-05-18 17:45:00,1065,17:45,240,2026-05-18 21:45:00,1305,21:45,15,1,25,5.136,7.34,5.136,H1,5.136,1,catchment_near_assigned_hospital,8,observed_user_table,"CH Roanne dialysis: 53/day. 26 morning, 23 noon, 4 evening."
P269,HOME_P269,46.09891967390814,3.936629510482639,H1,other,A0283,10:30,P2,medium,1.5,standard_assis,2026-05-18 10:30:00,630,10:30,80,2026-05-18 11:50:00,710,11:50,25,1,35,14.572,20.82,14.572,H3,14.547,1,catchment_near_assigned_hospital,12,observed_user_table,CH Roanne other: 49/day.
P270,HOME_P270,46.079170779423826,4.083335401621137,H1,dialysis,A0106,13:00,P1,high,2.0,vsl_required,2026-05-18 13:10:00,790,13:10,240,2026-05-18 17:10:00,1030,17:10,15,1,25,3.739,5.34,3.739,H1,3.739,1,catchment_near_assigned_hospital,8,observed_user_table,"CH Roanne dialysis: 53/day. 26 morning, 23 noon, 4 evening."
P271,HOME_P271,46.130111565508706,4.090024342479955,H2,other,A0497,08:30,P2,medium,1.5,premium,2026-05-18 09:20:00,560,09:20,30,2026-05-18 09:50:00,590,09:50,25,1,35,11.91,17.01,11.91,H1,10.806,1,catchment_near_assigned_hospital,12,assumption_to_validate,Renaison other: assumed 36/day.
P272,HOME_P272,46.106702905530916,4.099010663898905,H2,oncology,A0469,08:00,P1,high,2.0,standard_assis,2026-05-18 08:30:00,510,08:30,150,2026-05-18 11:00:00,660,11:00,15,1,25,8.965,12.81,8.965,H1,7.844,1,catchment_near_assigned_hospital,10,assumption_to_validate,Renaison oncology: assumed 16/day.
P273,HOME_P273,45.957281236214406,4.012849883079368,H1,other,A0306,14:00,P2,medium,1.5,standard_assis,2026-05-18 14:40:00,880,14:40,75,2026-05-18 15:55:00,955,15:55,25,1,35,14.543,20.78,14.543,H2,13.424,1,catchment_near_assigned_hospital,12,observed_user_table,CH Roanne other: 49/day.
P274,HOME_P274,46.099954032293894,4.179890525742534,H1,other,A0273,10:30,P2,medium,1.5,standard_assis,2026-05-18 11:15:00,675,11:15,105,2026-05-18 13:00:00,780,13:00,25,1,35,12.201,17.43,12.201,H1,12.201,1,catchment_near_assigned_hospital,12,observed_user_table,CH Roanne other: 49/day.
P275,HOME_P275,46.0443533835668,4.101149769911038,H1,oncology,A0190,11:00,P1,high,2.0,vsl_required,2026-05-18 11:45:00,705,11:45,160,2026-05-18 14:25:00,865,14:25,15,1,25,3.013,5.0,3.013,H1,3.013,1,catchment_near_assigned_hospital,10,observed_user_table,CH Roanne chemotherapy: 30/day.
P276,HOME_P276,46.07011899753155,4.20410420643927,H1,other,A0221,08:30,P2,medium,1.5,premium,2026-05-18 09:40:00,580,09:40,95,2026-05-18 11:15:00,675,11:15,25,1,35,12.887,18.41,12.887,H1,12.887,1,catchment_near_assigned_hospital,12,observed_user_table,CH Roanne other: 49/day.
P277,HOME_P277,46.0876406192153,4.138947030645644,H1,other,A0341,16:00,P2,medium,1.5,standard_assis,2026-05-18 16:55:00,1015,16:55,70,2026-05-18 18:05:00,1085,18:05,25,1,35,7.974,11.39,7.974,H1,7.974,1,catchment_near_assigned_hospital,12,observed_user_table,CH Roanne other: 49/day.
P278,HOME_P278,46.06616058872973,4.221558919260414,H2,other,A0505,08:30,P2,medium,1.5,standard_assis,2026-05-18 09:20:00,560,09:20,40,2026-05-18 10:00:00,600,10:00,25,1,35,15.006,21.44,15.006,H1,14.468,1,catchment_near_assigned_hospital,12,assumption_to_validate,Renaison other: assumed 36/day.
P279,HOME_P279,46.00329908425171,4.143576699570027,H2,other,A0534,10:30,P2,medium,1.5,vsl_required,2026-05-18 11:45:00,705,11:45,40,2026-05-18 12:25:00,745,12:25,25,1,35,9.317,13.31,9.317,H2,9.317,1,catchment_near_assigned_hospital,12,assumption_to_validate,Renaison other: assumed 36/day.
P280,HOME_P280,46.04875142231825,3.974996885325417,H1,other,A0268,10:30,P2,medium,1.5,standard_assis,2026-05-18 11:55:00,715,11:55,80,2026-05-18 13:15:00,795,13:15,25,1,35,9.446,13.49,9.446,H2,9.059,1,catchment_near_assigned_hospital,12,observed_user_table,CH Roanne other: 49/day.
P281,HOME_P281,46.0789178120027,4.113942338645809,H3,dialysis,A0604,08:00,P1,high,2.0,vsl_required,2026-05-18 08:55:00,535,08:55,270,2026-05-18 13:25:00,805,13:25,15,1,25,5.841,8.34,5.841,H1,5.338,1,catchment_near_assigned_hospital,8,assumption_to_validate,Third dialysis center: assumed 24/day.
P282,HOME_P282,46.04192636794023,4.0844801577540455,H3,dialysis,A0588,08:00,P1,high,2.0,vsl_required,2026-05-18 08:35:00,515,08:35,270,2026-05-18 13:05:00,785,13:05,15,1,25,1.792,5.0,1.792,H2,1.601,1,catchment_near_assigned_hospital,8,assumption_to_validate,Third dialysis center: assumed 24/day.
P283,HOME_P283,45.99127499984087,4.070400542844589,H2,dialysis,A0413,08:00,P1,high,2.0,vsl_required,2026-05-18 08:20:00,500,08:20,225,2026-05-18 12:05:00,725,12:05,15,1,25,7.566,10.81,7.566,H2,7.566,1,catchment_near_assigned_hospital,8,assumption_to_validate,Renaison dialysis: assumed 30/day.
P284,HOME_P284,46.041364873416015,3.970844435837153,H1,dialysis,A0118,13:00,P1,high,2.0,prescription_medicale,2026-05-18 13:50:00,830,13:50,240,2026-05-18 17:50:00,1070,17:50,15,1,25,9.965,14.24,9.965,H2,9.47,1,catchment_near_assigned_hospital,8,observed_user_table,"CH Roanne dialysis: 53/day. 26 morning, 23 noon, 4 evening."
P285,HOME_P285,45.98452052803063,4.142934515563944,H2,oncology,A0453,08:00,P1,high,2.0,prescription_medicale,2026-05-18 08:45:00,525,08:45,85,2026-05-18 10:10:00,610,10:10,15,1,25,11.114,15.88,11.114,H2,11.114,1,catchment_near_assigned_hospital,10,assumption_to_validate,Renaison oncology: assumed 16/day.
P286,HOME_P286,46.06078481731166,4.1186312699696055,H2,dialysis,A0440,13:00,P1,high,2.0,vsl_required,2026-05-18 13:15:00,795,13:15,210,2026-05-18 16:45:00,1005,16:45,15,1,25,5.244,7.49,5.244,H1,4.551,1,catchment_near_assigned_hospital,8,assumption_to_validate,Renaison dialysis: assumed 30/day.
P287,HOME_P287,46.03463706565543,4.144433163052182,H1,dialysis,A0048,08:00,P1,high,2.0,vsl_required,2026-05-18 08:15:00,495,08:15,240,2026-05-18 12:15:00,735,12:15,15,1,25,7.391,10.56,7.391,H1,7.391,1,catchment_near_assigned_hospital,8,observed_user_table,"CH Roanne dialysis: 53/day. 26 morning, 23 noon, 4 evening."
P288,HOME_P288,46.02881315503701,4.029843978825661,H2,other,A0549,10:30,P2,medium,1.5,prescription_medicale,2026-05-18 10:55:00,655,10:55,30,2026-05-18 11:25:00,685,11:25,25,1,35,4.431,6.33,4.431,H2,4.431,1,catchment_near_assigned_hospital,12,assumption_to_validate,Renaison other: assumed 36/day.
P289,HOME_P289,45.940988953687004,4.041121747102975,H2,other,A0529,10:30,P2,medium,1.5,standard_assis,2026-05-18 10:40:00,640,10:40,40,2026-05-18 11:20:00,680,11:20,25,1,35,14.798,21.14,14.798,H2,14.798,1,catchment_near_assigned_hospital,12,assumption_to_validate,Renaison other: assumed 36/day.
P290,HOME_P290,46.15297270264869,3.991998193997849,H1,external,A0374,17:30,P3,low,1.0,standard_assis,2026-05-18 17:50:00,1070,17:50,30,2026-05-18 18:20:00,1100,18:20,35,1,45,15.888,22.7,15.888,H1,15.888,1,catchment_near_assigned_hospital,18,computed_from_user_table,External visits: 75/day * 15% using fleet.
P291,HOME_P291,46.05983353876786,4.1521833154881715,H3,dialysis,A0590,08:00,P1,high,2.0,vsl_required,2026-05-18 08:50:00,530,08:50,250,2026-05-18 13:00:00,780,13:00,15,1,25,8.044,11.49,8.044,H1,7.72,1,catchment_near_assigned_hospital,8,assumption_to_validate,Third dialysis center: assumed 24/day.
P292,HOME_P292,46.03723342088978,4.184783032076321,H1,oncology,A0159,08:00,P1,high,2.0,prescription_medicale,2026-05-18 08:30:00,510,08:30,175,2026-05-18 11:25:00,685,11:25,15,1,25,11.041,15.77,11.041,H1,11.041,1,catchment_near_assigned_hospital,10,observed_user_table,CH Roanne chemotherapy: 30/day.
P293,HOME_P293,46.1157224482787,4.061334790684524,H2,dialysis,A0437,13:00,P1,high,2.0,vsl_required,2026-05-18 13:50:00,830,13:50,240,2026-05-18 17:50:00,1070,17:50,15,1,25,9.759,13.94,9.759,H1,8.745,1,catchment_near_assigned_hospital,8,assumption_to_validate,Renaison dialysis: assumed 30/day.
P294,HOME_P294,45.97480479760275,4.052083019083598,H1,other,A0325,14:00,P2,medium,1.5,vsl_required,2026-05-18 14:25:00,865,14:25,100,2026-05-18 16:05:00,965,16:05,25,1,35,11.09,15.84,11.09,H2,9.985,1,catchment_near_assigned_hospital,12,observed_user_table,CH Roanne other: 49/day.
P295,HOME_P295,46.0127655350569,4.118331265678914,H1,dialysis,A0051,08:00,P1,high,2.0,vsl_required,2026-05-18 08:15:00,495,08:15,240,2026-05-18 12:15:00,735,12:15,15,1,25,7.151,10.22,7.151,H2,6.618,1,catchment_near_assigned_hospital,8,observed_user_table,"CH Roanne dialysis: 53/day. 26 morning, 23 noon, 4 evening."
P296,HOME_P296,46.08628341744863,3.960407426967399,H2,other,A0509,08:30,P2,medium,1.5,standard_assis,2026-05-18 08:30:00,510,08:30,25,2026-05-18 08:55:00,535,08:55,25,1,35,11.878,16.97,11.878,H3,11.71,1,catchment_near_assigned_hospital,12,assumption_to_validate,Renaison other: assumed 36/day.
P297,HOME_P297,45.99970614190617,4.008821885417792,H1,oncology,A0189,11:00,P1,high,2.0,standard_assis,2026-05-18 11:30:00,690,11:30,160,2026-05-18 14:10:00,850,14:10,15,1,25,9.669,13.81,9.669,H2,8.624,1,catchment_near_assigned_hospital,10,observed_user_table,CH Roanne chemotherapy: 30/day.
P298,HOME_P298,46.002443373297545,4.04851401783233,H1,oncology,A0162,08:00,P1,high,2.0,vsl_required,2026-05-18 08:05:00,485,08:05,175,2026-05-18 11:00:00,660,11:00,15,1,25,7.444,10.63,7.444,H2,6.323,1,catchment_near_assigned_hospital,10,observed_user_table,CH Roanne chemotherapy: 30/day.
P299,HOME_P299,46.05843313700565,4.069923787930884,H1,other,A0328,14:00,P2,medium,1.5,standard_assis,2026-05-18 15:00:00,900,15:00,105,2026-05-18 16:45:00,1005,16:45,25,1,35,0.762,5.0,0.762,H1,0.762,1,catchment_near_assigned_hospital,12,observed_user_table,CH Roanne other: 49/day.
P300,HOME_P300,45.99971696113824,4.041449035035448,H1,dialysis,A0123,13:00,P1,high,2.0,vsl_required,2026-05-18 13:55:00,835,13:55,240,2026-05-18 17:55:00,1075,17:55,15,1,25,8.035,11.48,8.035,H2,6.915,1,catchment_near_assigned_hospital,8,observed_user_table,"CH Roanne dialysis: 53/day. 26 morning, 23 noon, 4 evening."
P301,HOME_P301,46.135546630405294,4.01282944913801,H2,other,A0539,10:30,P2,medium,1.5,vsl_required,2026-05-18 11:05:00,665,11:05,40,2026-05-18 11:45:00,705,11:45,25,1,35,13.604,19.43,13.604,H1,12.806,1,catchment_near_assigned_hospital,12,assumption_to_validate,Renaison other: assumed 36/day.
P302,HOME_P302,46.08880456539024,4.036874784498384,H2,dialysis,A0432,13:00,P1,high,2.0,vsl_required,2026-05-18 13:00:00,780,13:00,255,2026-05-18 17:15:00,1035,17:15,15,1,25,6.736,9.62,6.736,H1,6.024,1,catchment_near_assigned_hospital,8,assumption_to_validate,Renaison dialysis: assumed 30/day.
P303,HOME_P303,45.99590113571308,4.089685141077199,H1,other,A0232,08:30,P2,medium,1.5,standard_assis,2026-05-18 08:40:00,520,08:40,60,2026-05-18 09:40:00,580,09:40,25,1,35,8.145,11.64,8.145,H2,7.209,1,catchment_near_assigned_hospital,12,observed_user_table,CH Roanne other: 49/day.
P304,HOME_P304,46.03756207060217,3.9759138937079093,H2,dialysis,A0451,17:00,P1,high,2.0,prescription_medicale,2026-05-18 17:00:00,1020,17:00,225,2026-05-18 20:45:00,1245,20:45,15,1,25,9.033,12.9,9.033,H2,9.033,1,catchment_near_assigned_hospital,8,assumption_to_validate,Renaison dialysis: assumed 30/day.
P305,HOME_P305,46.074585835716164,4.114926468214849,H1,other,A0242,08:30,P2,medium,1.5,premium,2026-05-18 08:55:00,535,08:55,65,2026-05-18 10:00:00,600,10:00,25,1,35,5.034,7.19,5.034,H1,5.034,1,catchment_near_assigned_hospital,12,observed_user_table,CH Roanne other: 49/day.
P306,HOME_P306,46.07678424714385,4.068320051062585,H3,dialysis,A0638,13:00,P1,high,2.0,vsl_required,2026-05-18 13:35:00,815,13:35,270,2026-05-18 18:05:00,1085,18:05,15,1,25,3.726,5.32,3.726,H1,3.291,1,catchment_near_assigned_hospital,8,assumption_to_validate,Third dialysis center: assumed 24/day.
P307,HOME_P307,46.020291995628675,4.089302719519787,H2,dialysis,A0402,08:00,P1,high,2.0,prescription_medicale,2026-05-18 08:55:00,535,08:55,240,2026-05-18 12:55:00,775,12:55,15,1,25,4.048,5.78,4.048,H2,4.048,1,catchment_near_assigned_hospital,8,assumption_to_validate,Renaison dialysis: assumed 30/day.
P308,HOME_P308,46.02561019644748,4.037596973801075,H2,other,A0506,08:30,P2,medium,1.5,standard_assis,2026-05-18 08:30:00,510,08:30,35,2026-05-18 09:05:00,545,09:05,25,1,35,4.106,5.87,4.106,H2,4.106,1,catchment_near_assigned_hospital,12,assumption_to_validate,Renaison other: assumed 36/day.
P309,HOME_P309,46.002886549961154,4.112385463678779,H2,dialysis,A0399,08:00,P1,high,2.0,vsl_required,2026-05-18 08:10:00,490,08:10,235,2026-05-18 12:05:00,725,12:05,15,1,25,7.287,10.41,7.287,H2,7.287,1,catchment_near_assigned_hospital,8,assumption_to_validate,Renaison dialysis: assumed 30/day.
P310,HOME_P310,46.07847051179153,4.084949925687855,H3,dialysis,A0625,13:00,P1,high,2.0,vsl_required,2026-05-18 13:40:00,820,13:40,230,2026-05-18 17:30:00,1050,17:30,15,1,25,4.212,6.02,4.212,H1,3.693,1,catchment_near_assigned_hospital,8,assumption_to_validate,Third dialysis center: assumed 24/day.
P311,HOME_P311,46.020110385543006,3.984047382710909,H1,dialysis,A0002,08:00,P1,high,2.0,vsl_required,2026-05-18 08:05:00,485,08:05,240,2026-05-18 12:05:00,725,12:05,15,1,25,9.719,13.88,9.719,H2,8.918,1,catchment_near_assigned_hospital,8,observed_user_table,"CH Roanne dialysis: 53/day. 26 morning, 23 noon, 4 evening."
P312,HOME_P312,46.06664008697513,4.173031118083803,H1,dialysis,A0040,08:00,P1,high,2.0,vsl_required,2026-05-18 08:05:00,485,08:05,240,2026-05-18 12:05:00,725,12:05,15,1,25,9.853,14.08,9.853,H1,9.853,1,catchment_near_assigned_hospital,8,observed_user_table,"CH Roanne dialysis: 53/day. 26 morning, 23 noon, 4 evening."
P313,HOME_P313,46.1304719404736,4.030610161452852,H1,oncology,A0176,08:00,P1,high,2.0,standard_assis,2026-05-18 08:30:00,510,08:30,175,2026-05-18 11:25:00,685,11:25,15,1,25,11.468,16.38,11.468,H1,11.468,1,catchment_near_assigned_hospital,10,observed_user_table,CH Roanne chemotherapy: 30/day.
P314,HOME_P314,46.08783914021849,3.936151631188039,H2,other,A0508,08:30,P2,medium,1.5,standard_assis,2026-05-18 09:40:00,580,09:40,30,2026-05-18 10:10:00,610,10:10,25,1,35,14.069,20.1,14.069,H3,13.938,1,catchment_near_assigned_hospital,12,assumption_to_validate,Renaison other: assumed 36/day.
P315,HOME_P315,46.05465986272274,4.146676803533707,H1,other,A0281,10:30,P2,medium,1.5,prescription_medicale,2026-05-18 11:05:00,665,11:05,60,2026-05-18 12:05:00,725,12:05,25,1,35,7.138,10.2,7.138,H1,7.138,1,catchment_near_assigned_hospital,12,observed_user_table,CH Roanne other: 49/day.
P316,HOME_P316,46.04133110511493,4.022565642923549,H3,dialysis,A0646,13:00,P1,high,2.0,vsl_required,2026-05-18 13:50:00,830,13:50,210,2026-05-18 17:20:00,1040,17:20,15,1,25,4.732,6.76,4.732,H2,4.502,1,catchment_near_assigned_hospital,8,assumption_to_validate,Third dialysis center: assumed 24/day.
P317,HOME_P317,46.068344498694216,4.090844476063571,H1,dialysis,A0046,08:00,P1,high,2.0,vsl_required,2026-05-18 08:15:00,495,08:15,240,2026-05-18 12:15:00,735,12:15,15,1,25,2.727,5.0,2.727,H1,2.727,1,catchment_near_assigned_hospital,8,observed_user_table,"CH Roanne dialysis: 53/day. 26 morning, 23 noon, 4 evening."
P318,HOME_P318,46.06548786149941,4.004200945059027,H1,other,A0253,08:30,P2,medium,1.5,standard_assis,2026-05-18 08:35:00,515,08:35,110,2026-05-18 10:25:00,625,10:25,25,1,35,6.82,9.74,6.82,H3,6.702,1,catchment_near_assigned_hospital,12,observed_user_table,CH Roanne other: 49/day.
P319,HOME_P319,46.07103441204702,4.129725838317322,H1,dialysis,A0033,08:00,P1,high,2.0,vsl_required,2026-05-18 08:15:00,495,08:15,240,2026-05-18 12:15:00,735,12:15,15,1,25,6.027,8.61,6.027,H1,6.027,1,catchment_near_assigned_hospital,8,observed_user_table,"CH Roanne dialysis: 53/day. 26 morning, 23 noon, 4 evening."
P320,HOME_P320,46.031249855717554,4.113431123624291,H1,dialysis,A0110,13:00,P1,high,2.0,prescription_medicale,2026-05-18 13:35:00,815,13:35,240,2026-05-18 17:35:00,1055,17:35,15,1,25,4.984,7.12,4.984,H2,4.752,1,catchment_near_assigned_hospital,8,observed_user_table,"CH Roanne dialysis: 53/day. 26 morning, 23 noon, 4 evening."
P321,HOME_P321,46.059796905053624,3.9697433331735743,H1,other,A0279,10:30,P2,medium,1.5,prescription_medicale,2026-05-18 11:55:00,715,11:55,115,2026-05-18 13:50:00,830,13:50,25,1,35,9.972,14.25,9.972,H2,9.754,1,catchment_near_assigned_hospital,12,observed_user_table,CH Roanne other: 49/day.
P322,HOME_P322,46.1060221752338,3.98568960046375,H2,oncology,A0476,08:00,P1,high,2.0,vsl_required,2026-05-18 08:30:00,510,08:30,255,2026-05-18 12:45:00,765,12:45,15,1,25,11.598,16.57,11.598,H1,11.139,1,catchment_near_assigned_hospital,10,assumption_to_validate,Renaison oncology: assumed 16/day.
P323,HOME_P323,45.98250576275297,4.061527360036406,H1,dialysis,A0037,08:00,P1,high,2.0,vsl_required,2026-05-18 08:25:00,505,08:25,240,2026-05-18 12:25:00,745,12:25,15,1,25,9.899,14.14,9.899,H2,8.812,1,catchment_near_assigned_hospital,8,observed_user_table,"CH Roanne dialysis: 53/day. 26 morning, 23 noon, 4 evening."
P324,HOME_P324,46.006487330318656,4.091159097545279,H1,oncology,A0142,08:00,P1,high,2.0,standard_assis,2026-05-18 08:35:00,515,08:35,160,2026-05-18 11:15:00,675,11:15,15,1,25,6.746,9.64,6.746,H2,5.862,1,catchment_near_assigned_hospital,10,observed_user_table,CH Roanne chemotherapy: 30/day.
P325,HOME_P325,46.041431646100406,4.03910884419961,H2,oncology,A0474,08:00,P1,high,2.0,vsl_required,2026-05-18 08:45:00,525,08:45,340,2026-05-18 14:25:00,865,14:25,15,1,25,2.925,5.0,2.925,H2,2.925,1,catchment_near_assigned_hospital,10,assumption_to_validate,Renaison oncology: assumed 16/day.
P326,HOME_P326,46.05310580957144,4.054555105385086,H2,dialysis,A0442,13:00,P1,high,2.0,vsl_required,2026-05-18 13:05:00,785,13:05,255,2026-05-18 17:20:00,1040,17:20,15,1,25,1.717,5.0,1.717,H3,1.551,1,catchment_near_assigned_hospital,8,assumption_to_validate,Renaison dialysis: assumed 30/day.
P327,HOME_P327,46.16404463206558,3.9050889748182214,H1,external,A0369,15:30,P3,low,1.0,standard_assis,2026-05-18 16:00:00,960,16:00,30,2026-05-18 16:30:00,990,16:30,35,1,58,22.312,31.87,22.312,H1,22.312,1,catchment_near_assigned_hospital,18,computed_from_user_table,External visits: 75/day * 15% using fleet.
P328,HOME_P328,46.13547770684862,4.117088380691199,H1,other,A0240,08:30,P2,medium,1.5,standard_assis,2026-05-18 09:15:00,555,09:15,60,2026-05-18 10:15:00,615,10:15,25,1,35,12.197,17.42,12.197,H1,12.197,1,catchment_near_assigned_hospital,12,observed_user_table,CH Roanne other: 49/day.
P329,HOME_P329,46.10186138986881,3.9778445089578187,H1,oncology,A0213,14:00,P1,high,2.0,vsl_required,2026-05-18 14:40:00,880,14:40,150,2026-05-18 17:10:00,1030,17:10,15,1,25,11.367,16.24,11.367,H1,11.367,1,catchment_near_assigned_hospital,10,observed_user_table,CH Roanne chemotherapy: 30/day.
P330,HOME_P330,46.055953857431454,4.132714301351284,H2,other,A0581,16:30,P2,medium,1.5,standard_assis,2026-05-18 16:30:00,990,16:30,35,2026-05-18 17:05:00,1025,17:05,25,1,35,6.328,9.04,6.328,H1,5.801,1,catchment_near_assigned_hospital,12,assumption_to_validate,Renaison other: assumed 36/day.
P331,HOME_P331,46.0027122463262,4.142910494742195,H1,dialysis,A0113,13:00,P1,high,2.0,vsl_required,2026-05-18 13:05:00,785,13:05,240,2026-05-18 17:05:00,1025,17:05,15,1,25,9.765,13.95,9.765,H2,9.32,1,catchment_near_assigned_hospital,8,observed_user_table,"CH Roanne dialysis: 53/day. 26 morning, 23 noon, 4 evening."
P332,HOME_P332,46.12000344529309,4.127517481281811,H1,oncology,A0199,11:00,P1,high,2.0,vsl_required,2026-05-18 11:35:00,695,11:35,175,2026-05-18 14:30:00,870,14:30,15,1,25,10.672,15.25,10.672,H1,10.672,1,catchment_near_assigned_hospital,10,observed_user_table,CH Roanne chemotherapy: 30/day.
P333,HOME_P333,46.01484412201125,4.150656415131637,H2,dialysis,A0434,13:00,P1,high,2.0,vsl_required,2026-05-18 13:00:00,780,13:00,270,2026-05-18 17:30:00,1050,17:30,15,1,25,8.988,12.84,8.988,H2,8.988,1,catchment_near_assigned_hospital,8,assumption_to_validate,Renaison dialysis: assumed 30/day.
P334,HOME_P334,46.110126448333034,4.072394047368636,H1,dialysis,A0116,13:00,P1,high,2.0,prescription_medicale,2026-05-18 13:30:00,810,13:30,240,2026-05-18 17:30:00,1050,17:30,15,1,25,7.899,11.28,7.899,H1,7.899,1,catchment_near_assigned_hospital,8,observed_user_table,"CH Roanne dialysis: 53/day. 26 morning, 23 noon, 4 evening."
P335,HOME_P335,46.09918537808246,4.003239205864509,H1,dialysis,A0097,13:00,P1,high,2.0,vsl_required,2026-05-18 13:05:00,785,13:05,240,2026-05-18 17:05:00,1025,17:05,15,1,25,9.248,13.21,9.248,H1,9.248,1,catchment_near_assigned_hospital,8,observed_user_table,"CH Roanne dialysis: 53/day. 26 morning, 23 noon, 4 evening."
P336,HOME_P336,45.98570678584562,4.000136265932485,H2,oncology,A0491,15:00,P1,high,2.0,vsl_required,2026-05-18 15:20:00,920,15:20,75,2026-05-18 16:35:00,995,16:35,15,1,25,10.652,15.22,10.652,H2,10.652,1,catchment_near_assigned_hospital,10,assumption_to_validate,Renaison oncology: assumed 16/day.
P337,HOME_P337,46.17997249296868,4.190373370825668,H1,external,A0365,13:30,P3,low,1.0,standard_assis,2026-05-18 13:30:00,810,13:30,30,2026-05-18 14:00:00,840,14:00,35,1,54,20.941,29.92,20.941,H1,20.941,1,catchment_near_assigned_hospital,18,computed_from_user_table,External visits: 75/day * 15% using fleet.
P338,HOME_P338,46.08559602715808,4.077878401072272,H1,other,A0299,10:30,P2,medium,1.5,prescription_medicale,2026-05-18 11:55:00,715,11:55,100,2026-05-18 13:35:00,815,13:35,25,1,35,4.517,6.45,4.517,H1,4.517,1,catchment_near_assigned_hospital,12,observed_user_table,CH Roanne other: 49/day.
P339,HOME_P339,46.085623638231716,3.998458342977916,H1,dialysis,A0070,13:00,P1,high,2.0,vsl_required,2026-05-18 13:50:00,830,13:50,240,2026-05-18 17:50:00,1070,17:50,15,1,25,8.452,12.07,8.452,H1,8.452,1,catchment_near_assigned_hospital,8,observed_user_table,"CH Roanne dialysis: 53/day. 26 morning, 23 noon, 4 evening."
P340,HOME_P340,46.030251916406954,4.1567065613362475,H3,dialysis,A0629,13:00,P1,high,2.0,vsl_required,2026-05-18 13:30:00,810,13:30,265,2026-05-18 17:55:00,1075,17:55,15,1,25,8.805,12.58,8.805,H1,8.715,1,catchment_near_assigned_hospital,8,assumption_to_validate,Third dialysis center: assumed 24/day.
P341,HOME_P341,46.07871226070764,4.09454641592393,H1,dialysis,A0009,08:00,P1,high,2.0,vsl_required,2026-05-18 08:50:00,530,08:50,240,2026-05-18 12:50:00,770,12:50,15,1,25,4.113,5.88,4.113,H1,4.113,1,catchment_near_assigned_hospital,8,observed_user_table,"CH Roanne dialysis: 53/day. 26 morning, 23 noon, 4 evening."
P342,HOME_P342,45.97092969401628,3.9988379473641857,H1,other,A0250,08:30,P2,medium,1.5,standard_assis,2026-05-18 09:30:00,570,09:30,85,2026-05-18 10:55:00,655,10:55,25,1,35,13.488,19.27,13.488,H2,12.394,1,catchment_near_assigned_hospital,12,observed_user_table,CH Roanne other: 49/day.
P343,HOME_P343,46.040678867232835,4.125174386686189,H3,dialysis,A0630,13:00,P1,high,2.0,vsl_required,2026-05-18 13:20:00,800,13:20,260,2026-05-18 17:40:00,1060,17:40,15,1,25,5.478,7.83,5.478,H1,5.358,1,catchment_near_assigned_hospital,8,assumption_to_validate,Third dialysis center: assumed 24/day.
P344,HOME_P344,46.062314433892716,3.965892027013998,H2,other,A0538,10:30,P2,medium,1.5,vsl_required,2026-05-18 11:30:00,690,11:30,25,2026-05-18 11:55:00,715,11:55,25,1,35,10.191,14.56,10.191,H3,10.187,1,catchment_near_assigned_hospital,12,assumption_to_validate,Renaison other: assumed 36/day.
P345,HOME_P345,46.00324718607919,4.002550771887656,H2,oncology,A0475,08:00,P1,high,2.0,vsl_required,2026-05-18 08:05:00,485,08:05,265,2026-05-18 12:30:00,750,12:30,15,1,25,8.7,12.43,8.7,H2,8.7,1,catchment_near_assigned_hospital,10,assumption_to_validate,Renaison oncology: assumed 16/day.
P346,HOME_P346,46.097170750795755,4.097301996794127,H1,dialysis,A0080,13:00,P1,high,2.0,vsl_required,2026-05-18 13:55:00,835,13:55,240,2026-05-18 17:55:00,1075,17:55,15,1,25,6.543,9.35,6.543,H1,6.543,1,catchment_near_assigned_hospital,8,observed_user_table,"CH Roanne dialysis: 53/day. 26 morning, 23 noon, 4 evening."
P347,HOME_P347,46.04680632443993,4.1337893899844955,H1,dialysis,A0022,08:00,P1,high,2.0,vsl_required,2026-05-18 08:50:00,530,08:50,240,2026-05-18 12:50:00,770,12:50,15,1,25,5.962,8.52,5.962,H1,5.962,1,catchment_near_assigned_hospital,8,observed_user_table,"CH Roanne dialysis: 53/day. 26 morning, 23 noon, 4 evening."
P348,HOME_P348,46.00077864919331,4.095652554072758,H3,dialysis,A0609,08:00,P1,high,2.0,vsl_required,2026-05-18 08:20:00,500,08:20,235,2026-05-18 12:15:00,735,12:15,15,1,25,7.276,10.39,7.276,H2,6.76,1,catchment_near_assigned_hospital,8,assumption_to_validate,Third dialysis center: assumed 24/day.
P349,HOME_P349,46.07520752271444,3.9970041483606202,H2,dialysis,A0392,08:00,P1,high,2.0,prescription_medicale,2026-05-18 08:35:00,515,08:35,225,2026-05-18 12:20:00,740,12:20,15,1,25,8.048,11.5,8.048,H3,7.864,1,catchment_near_assigned_hospital,8,assumption_to_validate,Renaison dialysis: assumed 30/day.
P350,HOME_P350,46.125390620112505,4.024709308631581,H2,oncology,A0471,08:00,P1,high,2.0,vsl_required,2026-05-18 08:25:00,505,08:25,165,2026-05-18 11:10:00,670,11:10,15,1,25,11.864,16.95,11.864,H1,11.037,1,catchment_near_assigned_hospital,10,assumption_to_validate,Renaison oncology: assumed 16/day.
P351,HOME_P351,45.99504891781789,3.9472462120522374,H2,other,A0519,08:30,P2,medium,1.5,standard_assis,2026-05-18 09:50:00,590,09:50,30,2026-05-18 10:20:00,620,10:20,25,1,35,13.682,19.55,13.682,H2,13.682,1,catchment_near_assigned_hospital,12,assumption_to_validate,Renaison other: assumed 36/day.
P352,HOME_P352,46.07170650350146,4.060227733224679,H1,dialysis,A0017,08:00,P1,high,2.0,vsl_required,2026-05-18 08:45:00,525,08:45,240,2026-05-18 12:45:00,765,12:45,15,1,25,2.827,5.0,2.827,H1,2.827,1,catchment_near_assigned_hospital,8,observed_user_table,"CH Roanne dialysis: 53/day. 26 morning, 23 noon, 4 evening."
P353,HOME_P353,45.99682227632117,4.020064261482506,H1,dialysis,A0053,08:00,P1,high,2.0,vsl_required,2026-05-18 08:40:00,520,08:40,240,2026-05-18 12:40:00,760,12:40,15,1,25,9.35,13.36,9.35,H2,8.263,1,catchment_near_assigned_hospital,8,observed_user_table,"CH Roanne dialysis: 53/day. 26 morning, 23 noon, 4 evening."
P354,HOME_P354,45.957080255202385,4.100326861104461,H2,other,A0495,08:30,P2,medium,1.5,standard_assis,2026-05-18 09:30:00,570,09:30,35,2026-05-18 10:05:00,605,10:05,25,1,35,12.688,18.13,12.688,H2,12.688,1,catchment_near_assigned_hospital,12,assumption_to_validate,Renaison other: assumed 36/day.
P355,HOME_P355,46.035973678745506,4.165834073229818,H1,dialysis,A0067,08:00,P1,high,2.0,prescription_medicale,2026-05-18 08:30:00,510,08:30,240,2026-05-18 12:30:00,750,12:30,15,1,25,9.302,13.29,9.302,H1,9.302,1,catchment_near_assigned_hospital,8,observed_user_table,"CH Roanne dialysis: 53/day. 26 morning, 23 noon, 4 evening."
P356,HOME_P356,46.07094867561056,4.119214872272786,H1,dialysis,A0058,08:00,P1,high,2.0,vsl_required,2026-05-18 08:50:00,530,08:50,240,2026-05-18 12:50:00,770,12:50,15,1,25,5.113,7.3,5.113,H1,5.113,1,catchment_near_assigned_hospital,8,observed_user_table,"CH Roanne dialysis: 53/day. 26 morning, 23 noon, 4 evening."
P357,HOME_P357,46.026337909849026,4.091432671863133,H1,dialysis,A0086,13:00,P1,high,2.0,vsl_required,2026-05-18 13:20:00,800,13:20,240,2026-05-18 17:20:00,1040,17:20,15,1,25,4.161,5.94,4.161,H2,3.466,1,catchment_near_assigned_hospital,8,observed_user_table,"CH Roanne dialysis: 53/day. 26 morning, 23 noon, 4 evening."
P358,HOME_P358,46.03709976279073,4.104944294172689,H1,external,A0349,09:30,P3,low,1.0,standard_assis,2026-05-18 09:40:00,580,09:40,30,2026-05-18 10:10:00,610,10:10,35,1,45,3.84,5.49,3.84,H2,3.686,1,catchment_near_assigned_hospital,18,computed_from_user_table,External visits: 75/day * 15% using fleet.
P359,HOME_P359,46.01068999629342,3.9307109375034988,H2,other,A0511,08:30,P2,medium,1.5,standard_assis,2026-05-18 09:00:00,540,09:00,40,2026-05-18 09:40:00,580,09:40,25,1,35,14.187,20.27,14.187,H2,14.187,1,catchment_near_assigned_hospital,12,assumption_to_validate,Renaison other: assumed 36/day.
P360,HOME_P360,46.09228778538056,3.9765394887217433,H1,oncology,A0209,14:00,P1,high,2.0,vsl_required,2026-05-18 14:25:00,865,14:25,155,2026-05-18 17:00:00,1020,17:00,15,1,25,10.74,15.34,10.74,H1,10.74,1,catchment_near_assigned_hospital,10,observed_user_table,CH Roanne chemotherapy: 30/day.
P361,HOME_P361,46.043001504930736,4.159652744928108,H2,other,A0503,08:30,P2,medium,1.5,standard_assis,2026-05-18 08:30:00,510,08:30,40,2026-05-18 09:10:00,550,09:10,25,1,35,8.773,12.53,8.773,H1,8.51,1,catchment_near_assigned_hospital,12,assumption_to_validate,Renaison other: assumed 36/day.
P362,HOME_P362,46.073319392377016,4.04157706130954,H1,oncology,A0154,08:00,P1,high,2.0,standard_assis,2026-05-18 08:40:00,520,08:40,180,2026-05-18 11:40:00,700,11:40,15,1,25,4.093,5.85,4.093,H1,4.093,1,catchment_near_assigned_hospital,10,observed_user_table,CH Roanne chemotherapy: 30/day.
P363,HOME_P363,46.093215056437,4.048415953339161,H2,other,A0554,14:00,P2,medium,1.5,standard_assis,2026-05-18 15:05:00,905,15:05,30,2026-05-18 15:35:00,935,15:35,25,1,35,6.891,9.84,6.891,H1,6.022,1,catchment_near_assigned_hospital,12,assumption_to_validate,Renaison other: assumed 36/day.
P364,HOME_P364,46.03824204894454,3.9934225624645765,H1,dialysis,A0052,08:00,P1,high,2.0,vsl_required,2026-05-18 08:05:00,485,08:05,240,2026-05-18 12:05:00,725,12:05,15,0,25,7.929,11.33,7.929,H2,7.346,1,catchment_near_assigned_hospital,8,observed_user_table,"CH Roanne dialysis: 53/day. 26 morning, 23 noon, 4 evening."
P365,HOME_P365,46.078578899869804,4.171395433492681,H2,oncology,A0461,08:00,P1,high,2.0,prescription_medicale,2026-05-18 08:15:00,495,08:15,230,2026-05-18 12:05:00,725,12:05,15,1,25,10.899,15.57,10.899,H1,10.146,1,catchment_near_assigned_hospital,10,assumption_to_validate,Renaison oncology: assumed 16/day.
P366,HOME_P366,46.0586314090381,4.21938426950792,H2,other,A0540,10:30,P2,medium,1.5,standard_assis,2026-05-18 11:20:00,680,11:20,35,2026-05-18 11:55:00,715,11:55,25,1,35,14.636,20.91,14.636,H1,14.168,1,catchment_near_assigned_hospital,12,assumption_to_validate,Renaison other: assumed 36/day.
P367,HOME_P367,46.0344424656772,4.148341461361194,H1,external,A0361,12:30,P3,low,1.0,standard_assis,2026-05-18 13:15:00,795,13:15,30,2026-05-18 13:45:00,825,13:45,35,1,45,7.754,11.08,7.754,H1,7.754,1,catchment_near_assigned_hospital,18,computed_from_user_table,External visits: 75/day * 15% using fleet.
P368,HOME_P368,45.95637539217326,4.007052552045306,H1,other,A0274,10:30,P2,medium,1.5,prescription_medicale,2026-05-18 11:55:00,715,11:55,105,2026-05-18 13:40:00,820,13:40,25,1,35,14.888,21.27,14.888,H2,13.773,1,catchment_near_assigned_hospital,12,observed_user_table,CH Roanne other: 49/day.
P369,HOME_P369,46.155323489544166,4.065787389824693,H1,other,A0297,10:30,P2,medium,1.5,standard_assis,2026-05-18 11:35:00,695,11:35,60,2026-05-18 12:35:00,755,12:35,25,1,35,14.196,20.28,14.196,H1,14.196,1,catchment_near_assigned_hospital,12,observed_user_table,CH Roanne other: 49/day.
P370,HOME_P370,46.03580361550148,4.0235563942768735,H1,dialysis,A0059,08:00,P1,high,2.0,prescription_medicale,2026-05-18 08:30:00,510,08:30,240,2026-05-18 12:30:00,750,12:30,15,1,25,5.328,7.61,5.328,H2,4.577,1,catchment_near_assigned_hospital,8,observed_user_table,"CH Roanne dialysis: 53/day. 26 morning, 23 noon, 4 evening."
P371,HOME_P371,46.013048826312904,3.9944602766731925,H1,dialysis,A0060,08:00,P1,high,2.0,vsl_required,2026-05-18 08:40:00,520,08:40,240,2026-05-18 12:40:00,760,12:40,15,1,25,9.397,13.42,9.397,H2,8.489,1,catchment_near_assigned_hospital,8,observed_user_table,"CH Roanne dialysis: 53/day. 26 morning, 23 noon, 4 evening."
P372,HOME_P372,46.084445190011515,4.212008648404485,H1,other,A0246,08:30,P2,medium,1.5,standard_assis,2026-05-18 09:20:00,560,09:20,115,2026-05-18 11:15:00,675,11:15,25,1,35,14.114,20.16,14.114,H1,14.114,1,catchment_near_assigned_hospital,12,observed_user_table,CH Roanne other: 49/day.
P373,HOME_P373,46.04961027260026,4.102706670283226,H1,other,A0263,08:30,P2,medium,1.5,prescription_medicale,2026-05-18 09:40:00,580,09:40,80,2026-05-18 11:00:00,660,11:00,25,1,35,2.94,5.0,2.94,H1,2.94,1,catchment_near_assigned_hospital,12,observed_user_table,CH Roanne other: 49/day.
P374,HOME_P374,45.97720790929431,4.161747267510096,H2,other,A0556,14:00,P2,medium,1.5,standard_assis,2026-05-18 15:05:00,905,15:05,30,2026-05-18 15:35:00,935,15:35,25,1,35,13.082,18.69,13.082,H2,13.082,1,catchment_near_assigned_hospital,12,assumption_to_validate,Renaison other: assumed 36/day.
P375,HOME_P375,46.03594222496779,4.030650106605191,H2,oncology,A0472,08:00,P1,high,2.0,vsl_required,2026-05-18 08:50:00,530,08:50,225,2026-05-18 12:35:00,755,12:35,15,1,25,3.923,5.6,3.923,H2,3.923,1,catchment_near_assigned_hospital,10,assumption_to_validate,Renaison oncology: assumed 16/day.
P376,HOME_P376,46.09228358102421,4.130798359798714,H1,oncology,A0158,08:00,P1,high,2.0,standard_assis,2026-05-18 08:30:00,510,08:30,165,2026-05-18 11:15:00,675,11:15,15,1,25,7.794,11.13,7.794,H1,7.794,1,catchment_near_assigned_hospital,10,observed_user_table,CH Roanne chemotherapy: 30/day.
P377,HOME_P377,45.96955315389504,4.092639083061057,H1,oncology,A0147,08:00,P1,high,2.0,prescription_medicale,2026-05-18 08:10:00,490,08:10,175,2026-05-18 11:05:00,665,11:05,15,1,25,11.798,16.85,11.798,H2,10.831,1,catchment_near_assigned_hospital,10,observed_user_table,CH Roanne chemotherapy: 30/day.
P378,HOME_P378,46.03144670470526,4.078473878793676,H3,dialysis,A0605,08:00,P1,high,2.0,prescription_medicale,2026-05-18 08:50:00,530,08:50,240,2026-05-18 12:50:00,770,12:50,15,1,25,2.705,5.0,2.705,H2,2.19,1,catchment_near_assigned_hospital,8,assumption_to_validate,Third dialysis center: assumed 24/day.
P379,HOME_P379,46.07855882848875,3.983441464990894,H1,dialysis,A0094,13:00,P1,high,2.0,prescription_medicale,2026-05-18 13:45:00,825,13:45,240,2026-05-18 17:45:00,1065,17:45,15,1,25,9.296,13.28,9.296,H3,9.244,1,catchment_near_assigned_hospital,8,observed_user_table,"CH Roanne dialysis: 53/day. 26 morning, 23 noon, 4 evening."
P380,HOME_P380,46.000067648014706,4.027308180957999,H2,oncology,A0468,08:00,P1,high,2.0,vsl_required,2026-05-18 08:10:00,490,08:10,260,2026-05-18 12:30:00,750,12:30,15,1,25,7.501,10.72,7.501,H2,7.501,1,catchment_near_assigned_hospital,10,assumption_to_validate,Renaison oncology: assumed 16/day.
P381,HOME_P381,46.01697605821388,4.162201959914808,H2,dialysis,A0381,08:00,P1,high,2.0,prescription_medicale,2026-05-18 08:00:00,480,08:00,220,2026-05-18 11:40:00,700,11:40,15,1,25,9.858,14.08,9.858,H2,9.858,1,catchment_near_assigned_hospital,8,assumption_to_validate,Renaison dialysis: assumed 30/day.
P382,HOME_P382,46.101622991031604,4.066790080966381,H2,dialysis,A0390,08:00,P1,high,2.0,prescription_medicale,2026-05-18 08:10:00,490,08:10,240,2026-05-18 12:10:00,730,12:10,15,1,25,7.775,11.11,7.775,H1,6.741,1,catchment_near_assigned_hospital,8,assumption_to_validate,Renaison dialysis: assumed 30/day.
P383,HOME_P383,46.06015680255839,4.159302819577431,H1,oncology,A0170,08:00,P1,high,2.0,prescription_medicale,2026-05-18 08:20:00,500,08:20,150,2026-05-18 10:50:00,650,10:50,15,1,25,8.407,12.01,8.407,H1,8.407,1,catchment_near_assigned_hospital,10,observed_user_table,CH Roanne chemotherapy: 30/day.
P384,HOME_P384,46.122881660782895,4.014329634146927,H1,oncology,A0182,08:00,P1,high,2.0,vsl_required,2026-05-18 08:20:00,500,08:20,150,2026-05-18 10:50:00,650,10:50,15,1,25,11.189,15.98,11.189,H1,11.189,1,catchment_near_assigned_hospital,10,observed_user_table,CH Roanne chemotherapy: 30/day.
P385,HOME_P385,45.98100428522128,4.075271653464859,H1,oncology,A0148,08:00,P1,high,2.0,prescription_medicale,2026-05-18 08:20:00,500,08:20,170,2026-05-18 11:10:00,670,11:10,15,1,25,10.052,14.36,10.052,H2,9.014,1,catchment_near_assigned_hospital,10,observed_user_table,CH Roanne chemotherapy: 30/day.
P386,HOME_P386,46.0068053034346,4.153438635083596,H1,oncology,A0165,08:00,P1,high,2.0,vsl_required,2026-05-18 08:20:00,500,08:20,155,2026-05-18 10:55:00,655,10:55,15,1,25,10.123,14.46,10.123,H2,9.795,1,catchment_near_assigned_hospital,10,observed_user_table,CH Roanne chemotherapy: 30/day.
P387,HOME_P387,46.076405781284116,3.9749764786371586,H1,oncology,A0177,08:00,P1,high,2.0,vsl_required,2026-05-18 08:55:00,535,08:55,175,2026-05-18 11:50:00,710,11:50,15,1,25,9.957,14.22,9.957,H3,9.872,1,catchment_near_assigned_hospital,10,observed_user_table,CH Roanne chemotherapy: 30/day.
P388,HOME_P388,45.98734830519941,4.050230602165888,H2,dialysis,A0427,13:00,P1,high,2.0,prescription_medicale,2026-05-18 13:45:00,825,13:45,270,2026-05-18 18:15:00,1095,18:15,15,1,25,8.306,11.87,8.306,H2,8.306,1,catchment_near_assigned_hospital,8,assumption_to_validate,Renaison dialysis: assumed 30/day.
P389,HOME_P389,46.06986836644631,4.0456353782393135,H3,dialysis,A0624,13:00,P1,high,2.0,vsl_required,2026-05-18 13:10:00,790,13:10,255,2026-05-18 17:25:00,1045,17:25,15,1,25,3.626,5.18,3.626,H1,3.481,1,catchment_near_assigned_hospital,8,assumption_to_validate,Third dialysis center: assumed 24/day.
P390,HOME_P390,46.09365084820051,4.027088357629177,H2,dialysis,A0405,08:00,P1,high,2.0,vsl_required,2026-05-18 08:55:00,535,08:55,265,2026-05-18 13:20:00,800,13:20,15,1,25,7.785,11.12,7.785,H1,7.127,1,catchment_near_assigned_hospital,8,assumption_to_validate,Renaison dialysis: assumed 30/day.
P391,HOME_P391,46.029707818874364,3.937421987771119,H1,other,A0257,08:30,P2,medium,1.5,vsl_required,2026-05-18 08:30:00,510,08:30,60,2026-05-18 09:30:00,570,09:30,25,1,35,13.457,19.22,13.457,H2,12.87,1,catchment_near_assigned_hospital,12,observed_user_table,CH Roanne other: 49/day.
P392,HOME_P392,46.02700157066738,4.16086824727338,H1,external,A0358,11:30,P3,low,1.0,standard_assis,2026-05-18 12:25:00,745,12:25,30,2026-05-18 12:55:00,775,12:55,35,0,45,9.259,13.23,9.259,H2,9.256,1,catchment_near_assigned_hospital,18,computed_from_user_table,External visits: 75/day * 15% using fleet.
P393,HOME_P393,46.036587165604956,4.1277723866958596,H1,dialysis,A0020,08:00,P1,high,2.0,vsl_required,2026-05-18 08:40:00,520,08:40,240,2026-05-18 12:40:00,760,12:40,15,1,25,5.799,8.28,5.799,H1,5.799,1,catchment_near_assigned_hospital,8,observed_user_table,"CH Roanne dialysis: 53/day. 26 morning, 23 noon, 4 evening."
P394,HOME_P394,46.040273834236025,3.975271708098679,H3,dialysis,A0616,08:00,P1,high,2.0,prescription_medicale,2026-05-18 08:00:00,480,08:00,230,2026-05-18 11:50:00,710,11:50,15,1,25,9.238,13.2,9.238,H2,9.055,1,catchment_near_assigned_hospital,8,assumption_to_validate,Third dialysis center: assumed 24/day.
P395,HOME_P395,46.12237080737144,4.0951919367885035,H2,oncology,A0460,08:00,P1,high,2.0,prescription_medicale,2026-05-18 08:15:00,495,08:15,220,2026-05-18 11:55:00,715,11:55,15,1,25,10.956,15.65,10.956,H1,9.842,1,catchment_near_assigned_hospital,10,assumption_to_validate,Renaison oncology: assumed 16/day.
P396,HOME_P396,46.0119675127877,4.149423435317298,H2,dialysis,A0425,13:00,P1,high,2.0,vsl_required,2026-05-18 13:05:00,785,13:05,215,2026-05-18 16:40:00,1000,16:40,15,1,25,9.084,12.98,9.084,H2,9.084,1,catchment_near_assigned_hospital,8,assumption_to_validate,Renaison dialysis: assumed 30/day.
P397,HOME_P397,46.068546410088814,4.08033384285441,H2,dialysis,A0430,13:00,P1,high,2.0,vsl_required,2026-05-18 13:45:00,825,13:45,270,2026-05-18 18:15:00,1095,18:15,15,0,25,3.365,5.0,3.365,H1,2.243,1,catchment_near_assigned_hospital,8,assumption_to_validate,Renaison dialysis: assumed 30/day.
P398,HOME_P398,45.99440210618794,4.0630967780624845,H1,dialysis,A0092,13:00,P1,high,2.0,prescription_medicale,2026-05-18 13:00:00,780,13:00,240,2026-05-18 17:00:00,1020,17:00,15,1,25,8.239,11.77,8.239,H2,7.151,1,catchment_near_assigned_hospital,8,observed_user_table,"CH Roanne dialysis: 53/day. 26 morning, 23 noon, 4 evening."
P399,HOME_P399,46.09130915399489,3.994768325423989,H2,other,A0551,10:30,P2,medium,1.5,standard_assis,2026-05-18 11:40:00,700,11:40,25,2026-05-18 12:05:00,725,12:05,25,1,35,9.548,13.64,9.548,H1,9.186,1,catchment_near_assigned_hospital,12,assumption_to_validate,Renaison other: assumed 36/day.
P400,HOME_P400,46.0693091260768,4.017618371554645,H1,dialysis,A0130,17:00,P1,high,2.0,vsl_required,2026-05-18 17:40:00,1060,17:40,240,2026-05-18 21:40:00,1300,21:40,15,1,25,5.76,8.23,5.76,H3,5.721,1,catchment_near_assigned_hospital,8,observed_user_table,"CH Roanne dialysis: 53/day. 26 morning, 23 noon, 4 evening."
P401,HOME_P401,46.06778920143732,4.162525100079676,H2,oncology,A0481,13:00,P1,high,2.0,vsl_required,2026-05-18 13:10:00,790,13:10,305,2026-05-18 18:15:00,1095,18:15,15,1,25,9.547,13.64,9.547,H1,8.894,1,catchment_near_assigned_hospital,10,assumption_to_validate,Renaison oncology: assumed 16/day.
P402,HOME_P402,46.10298473039944,4.177851925500507,H1,external,A0360,12:30,P3,low,1.0,prescription_medicale,2026-05-18 13:45:00,825,13:45,20,2026-05-18 14:05:00,845,14:05,35,1,45,12.267,17.52,12.267,H1,12.267,1,catchment_near_assigned_hospital,18,computed_from_user_table,External visits: 75/day * 15% using fleet.
P403,HOME_P403,46.037776147173815,4.1157097962947065,H1,dialysis,A0099,13:00,P1,high,2.0,prescription_medicale,2026-05-18 13:00:00,780,13:00,240,2026-05-18 17:00:00,1020,17:00,15,1,25,4.677,6.68,4.677,H2,4.658,1,catchment_near_assigned_hospital,8,observed_user_table,"CH Roanne dialysis: 53/day. 26 morning, 23 noon, 4 evening."
P404,HOME_P404,46.103205407414194,4.048591374376179,H3,dialysis,A0606,08:00,P1,high,2.0,vsl_required,2026-05-18 08:55:00,535,08:55,220,2026-05-18 12:35:00,755,12:35,15,1,25,7.678,10.97,7.678,H1,7.316,1,catchment_near_assigned_hospital,8,assumption_to_validate,Third dialysis center: assumed 24/day.
P405,HOME_P405,46.03052117698329,4.170423894545321,H2,other,A0527,08:30,P2,medium,1.5,standard_assis,2026-05-18 09:40:00,580,09:40,35,2026-05-18 10:15:00,615,10:15,25,1,35,10.03,14.33,10.03,H1,9.946,1,catchment_near_assigned_hospital,12,assumption_to_validate,Renaison other: assumed 36/day.
P406,HOME_P406,46.05571174635243,4.081891031664396,H1,oncology,A0173,08:00,P1,high,2.0,vsl_required,2026-05-18 08:20:00,500,08:20,180,2026-05-18 11:20:00,680,11:20,15,1,25,0.948,5.0,0.948,H1,0.948,1,catchment_near_assigned_hospital,10,observed_user_table,CH Roanne chemotherapy: 30/day.
P407,HOME_P407,45.99055733127059,4.057175113263177,H1,dialysis,A0132,17:00,P1,high,2.0,vsl_required,2026-05-18 17:50:00,1070,17:50,240,2026-05-18 21:50:00,1310,21:50,15,1,25,8.849,12.64,8.849,H2,7.746,1,catchment_near_assigned_hospital,8,observed_user_table,"CH Roanne dialysis: 53/day. 26 morning, 23 noon, 4 evening."
P408,HOME_P408,46.027505760430294,4.154826182693931,H1,dialysis,A0122,13:00,P1,high,2.0,vsl_required,2026-05-18 13:35:00,815,13:35,240,2026-05-18 17:35:00,1055,17:35,15,1,25,8.697,12.42,8.697,H2,8.677,1,catchment_near_assigned_hospital,8,observed_user_table,"CH Roanne dialysis: 53/day. 26 morning, 23 noon, 4 evening."
P409,HOME_P409,46.06533564396976,4.013893408995968,H3,dialysis,A0592,08:00,P1,high,2.0,prescription_medicale,2026-05-18 08:00:00,480,08:00,260,2026-05-18 12:20:00,740,12:20,15,1,25,5.816,8.31,5.816,H3,5.816,1,catchment_near_assigned_hospital,8,assumption_to_validate,Third dialysis center: assumed 24/day.
P410,HOME_P410,46.132184960571294,4.144270765783385,H1,other,A0228,08:30,P2,medium,1.5,premium,2026-05-18 09:30:00,570,09:30,60,2026-05-18 10:30:00,630,10:30,25,1,35,12.954,18.51,12.954,H1,12.954,1,catchment_near_assigned_hospital,12,observed_user_table,CH Roanne other: 49/day.
P411,HOME_P411,46.04150891413205,4.1210941149245475,H1,oncology,A0191,11:00,P1,high,2.0,prescription_medicale,2026-05-18 11:15:00,675,11:15,180,2026-05-18 14:15:00,855,14:15,15,1,25,4.948,7.07,4.948,H1,4.948,1,catchment_near_assigned_hospital,10,observed_user_table,CH Roanne chemotherapy: 30/day.
P412,HOME_P412,45.953307052058065,4.059052416248501,H2,other,A0532,10:30,P2,medium,1.5,standard_assis,2026-05-18 10:35:00,635,10:35,30,2026-05-18 11:05:00,665,11:05,25,1,35,12.876,18.39,12.876,H2,12.876,1,catchment_near_assigned_hospital,12,assumption_to_validate,Renaison other: assumed 36/day.
P413,HOME_P413,46.01570457573496,4.069416463652266,H1,dialysis,A0128,13:00,P1,high,2.0,vsl_required,2026-05-18 13:35:00,815,13:35,240,2026-05-18 17:35:00,1055,17:35,15,1,25,5.235,7.48,5.235,H2,4.17,1,catchment_near_assigned_hospital,8,observed_user_table,"CH Roanne dialysis: 53/day. 26 morning, 23 noon, 4 evening."
P414,HOME_P414,46.109445991863225,3.9502921805222844,H2,other,A0502,08:30,P2,medium,1.5,standard_assis,2026-05-18 09:40:00,580,09:40,25,2026-05-18 10:05:00,605,10:05,25,1,35,14.459,20.66,14.459,H1,14.148,1,catchment_near_assigned_hospital,12,assumption_to_validate,Renaison other: assumed 36/day.
P415,HOME_P415,46.18359686691361,3.9751074308024124,H1,external,A0344,08:30,P3,low,1.0,prescription_medicale,2026-05-18 09:35:00,575,09:35,30,2026-05-18 10:05:00,605,10:05,35,1,53,20.406,29.15,20.406,H1,20.406,1,catchment_near_assigned_hospital,18,computed_from_user_table,External visits: 75/day * 15% using fleet.
P416,HOME_P416,46.065231060862345,4.0896912227049365,H3,dialysis,A0634,13:00,P1,high,2.0,vsl_required,2026-05-18 13:55:00,835,13:55,255,2026-05-18 18:10:00,1090,18:10,15,1,25,2.844,5.0,2.844,H1,2.331,1,catchment_near_assigned_hospital,8,assumption_to_validate,Third dialysis center: assumed 24/day.
P417,HOME_P417,46.06708548058138,4.072052364723957,H3,dialysis,A0612,08:00,P1,high,2.0,prescription_medicale,2026-05-18 08:30:00,510,08:30,235,2026-05-18 12:25:00,745,12:25,15,1,25,2.383,5.0,2.383,H1,1.917,1,catchment_near_assigned_hospital,8,assumption_to_validate,Third dialysis center: assumed 24/day.
P418,HOME_P418,46.08070406687653,4.011895454140351,H2,other,A0584,16:30,P2,medium,1.5,standard_assis,2026-05-18 17:25:00,1045,17:25,25,2026-05-18 17:50:00,1070,17:50,25,1,35,7.334,10.48,7.334,H1,6.992,1,catchment_near_assigned_hospital,12,assumption_to_validate,Renaison other: assumed 36/day.
P419,HOME_P419,46.00600628517633,4.2080567768631765,H1,other,A0286,10:30,P2,medium,1.5,standard_assis,2026-05-18 11:35:00,695,11:35,85,2026-05-18 13:00:00,780,13:00,25,1,35,14.623,20.89,14.623,H2,14.528,1,catchment_near_assigned_hospital,12,observed_user_table,CH Roanne other: 49/day.
P420,HOME_P420,46.088700765306456,4.1505509901868916,H1,dialysis,A0050,08:00,P1,high,2.0,prescription_medicale,2026-05-18 08:30:00,510,08:30,240,2026-05-18 12:30:00,750,12:30,15,1,25,8.976,12.82,8.976,H1,8.976,1,catchment_near_assigned_hospital,8,observed_user_table,"CH Roanne dialysis: 53/day. 26 morning, 23 noon, 4 evening."
P421,HOME_P421,46.01327662894439,4.029854081528813,H1,other,A0331,16:00,P2,medium,1.5,standard_assis,2026-05-18 16:40:00,1000,16:40,80,2026-05-18 18:00:00,1080,18:00,25,1,35,6.931,9.9,6.931,H2,5.868,1,catchment_near_assigned_hospital,12,observed_user_table,CH Roanne other: 49/day.
P422,HOME_P422,46.12192864035913,4.075512062064548,H1,other,A0267,10:30,P2,medium,1.5,prescription_medicale,2026-05-18 10:40:00,640,10:40,70,2026-05-18 11:50:00,710,11:50,25,1,35,9.543,13.63,9.543,H1,9.543,1,catchment_near_assigned_hospital,12,observed_user_table,CH Roanne other: 49/day.
P423,HOME_P423,46.06086685255943,4.055736099970844,H1,dialysis,A0114,13:00,P1,high,2.0,vsl_required,2026-05-18 13:45:00,825,13:45,240,2026-05-18 17:45:00,1065,17:45,15,1,25,1.945,5.0,1.945,H1,1.945,1,catchment_near_assigned_hospital,8,observed_user_table,"CH Roanne dialysis: 53/day. 26 morning, 23 noon, 4 evening."
P424,HOME_P424,46.04397117270352,3.9519078573684734,H2,oncology,A0484,13:00,P1,high,2.0,standard_assis,2026-05-18 13:35:00,815,13:35,145,2026-05-18 16:00:00,960,16:00,15,1,25,11.28,16.11,11.28,H2,11.28,1,catchment_near_assigned_hospital,10,assumption_to_validate,Renaison oncology: assumed 16/day.
P425,HOME_P425,46.073085206498305,4.033821709926518,H2,dialysis,A0424,13:00,P1,high,2.0,prescription_medicale,2026-05-18 13:25:00,805,13:25,255,2026-05-18 17:40:00,1060,17:40,15,1,25,5.086,7.27,5.086,H1,4.65,1,catchment_near_assigned_hospital,8,assumption_to_validate,Renaison dialysis: assumed 30/day.
P426,HOME_P426,46.009300766015215,4.040165702891368,H2,oncology,A0478,13:00,P1,high,2.0,standard_assis,2026-05-18 13:00:00,780,13:00,130,2026-05-18 15:10:00,910,15:10,15,1,25,5.765,8.24,5.765,H2,5.765,1,catchment_near_assigned_hospital,10,assumption_to_validate,Renaison oncology: assumed 16/day.
P427,HOME_P427,46.0324446147803,4.01147436094641,H3,dialysis,A0607,08:00,P1,high,2.0,prescription_medicale,2026-05-18 08:50:00,530,08:50,230,2026-05-18 12:40:00,760,12:40,15,1,25,6.151,8.79,6.151,H2,5.83,1,catchment_near_assigned_hospital,8,assumption_to_validate,Third dialysis center: assumed 24/day.
P428,HOME_P428,46.05706577045511,4.069463560438849,H1,other,A0239,08:30,P2,medium,1.5,prescription_medicale,2026-05-18 08:45:00,525,08:45,100,2026-05-18 10:25:00,625,10:25,25,1,35,0.609,5.0,0.609,H1,0.609,1,catchment_near_assigned_hospital,12,observed_user_table,CH Roanne other: 49/day.
P429,HOME_P429,46.029197191617,4.003048959117737,H1,oncology,A0171,08:00,P1,high,2.0,prescription_medicale,2026-05-18 08:05:00,485,08:05,170,2026-05-18 10:55:00,655,10:55,15,1,25,7.509,10.73,7.509,H2,6.746,1,catchment_near_assigned_hospital,10,observed_user_table,CH Roanne chemotherapy: 30/day.
P430,HOME_P430,45.9560603960998,4.115848722226008,H2,other,A0500,08:30,P2,medium,1.5,prescription_medicale,2026-05-18 09:10:00,550,09:10,40,2026-05-18 09:50:00,590,09:50,25,1,35,13.262,18.95,13.262,H2,13.262,1,catchment_near_assigned_hospital,12,assumption_to_validate,Renaison other: assumed 36/day.
P431,HOME_P431,46.05053879226307,4.071271761772822,H2,other,A0579,16:30,P2,medium,1.5,prescription_medicale,2026-05-18 17:50:00,1070,17:50,30,2026-05-18 18:20:00,1100,18:20,25,1,35,0.714,5.0,0.714,H3,0.144,1,catchment_near_assigned_hospital,12,assumption_to_validate,Renaison other: assumed 36/day.
P432,HOME_P432,46.072696056417556,4.095256361924762,H2,dialysis,A0443,13:00,P1,high,2.0,vsl_required,2026-05-18 13:00:00,780,13:00,220,2026-05-18 16:40:00,1000,16:40,15,1,25,4.538,6.48,4.538,H1,3.464,1,catchment_near_assigned_hospital,8,assumption_to_validate,Renaison dialysis: assumed 30/day.
P433,HOME_P433,46.04881955230538,3.992786678594232,H1,oncology,A0193,11:00,P1,high,2.0,vsl_required,2026-05-18 11:15:00,675,11:15,180,2026-05-18 14:15:00,855,14:15,15,1,25,7.734,11.05,7.734,H2,7.346,1,catchment_near_assigned_hospital,10,observed_user_table,CH Roanne chemotherapy: 30/day.
P434,HOME_P434,45.965340399727026,4.047627624683164,H2,other,A0499,08:30,P2,medium,1.5,vsl_required,2026-05-18 09:20:00,560,09:20,25,2026-05-18 09:45:00,585,09:45,25,1,35,11.355,16.22,11.355,H2,11.355,1,catchment_near_assigned_hospital,12,assumption_to_validate,Renaison other: assumed 36/day.
P435,HOME_P435,46.03011548941986,4.107260260340602,H1,dialysis,A0138,17:00,P1,high,2.0,prescription_medicale,2026-05-18 17:15:00,1035,17:15,240,2026-05-18 21:15:00,1275,21:15,15,1,25,4.637,6.62,4.637,H2,4.297,1,catchment_near_assigned_hospital,8,observed_user_table,"CH Roanne dialysis: 53/day. 26 morning, 23 noon, 4 evening."
P436,HOME_P436,46.046279647485235,4.096360033770138,H2,other,A0520,08:30,P2,medium,1.5,standard_assis,2026-05-18 08:55:00,535,08:55,35,2026-05-18 09:30:00,570,09:30,25,1,35,2.66,5.0,2.66,H1,2.482,1,catchment_near_assigned_hospital,12,assumption_to_validate,Renaison other: assumed 36/day.
P437,HOME_P437,46.03162840940842,4.071979004124644,H1,oncology,A0172,08:00,P1,high,2.0,standard_assis,2026-05-18 08:50:00,530,08:50,150,2026-05-18 11:20:00,680,11:20,15,1,25,3.013,5.0,3.013,H2,1.98,1,catchment_near_assigned_hospital,10,observed_user_table,CH Roanne chemotherapy: 30/day.
P438,HOME_P438,46.01522059880574,4.101377329895843,H2,other,A0569,14:00,P2,medium,1.5,prescription_medicale,2026-05-18 15:05:00,905,15:05,30,2026-05-18 15:35:00,935,15:35,25,1,35,5.275,7.54,5.275,H2,5.275,1,catchment_near_assigned_hospital,12,assumption_to_validate,Renaison other: assumed 36/day.
P439,HOME_P439,46.03505965364078,4.01968435102525,H2,dialysis,A0397,08:00,P1,high,2.0,vsl_required,2026-05-18 08:15:00,495,08:15,230,2026-05-18 12:05:00,725,12:05,15,1,25,4.964,7.09,4.964,H2,4.964,1,catchment_near_assigned_hospital,8,assumption_to_validate,Renaison dialysis: assumed 30/day.
P440,HOME_P440,46.06660957230557,3.9720511720756853,H2,dialysis,A0411,08:00,P1,high,2.0,vsl_required,2026-05-18 08:10:00,490,08:10,270,2026-05-18 12:40:00,760,12:40,15,1,25,9.774,13.96,9.774,H3,9.725,1,catchment_near_assigned_hospital,8,assumption_to_validate,Renaison dialysis: assumed 30/day.
P441,HOME_P441,46.07952344086114,4.000013781118142,H2,dialysis,A0404,08:00,P1,high,2.0,vsl_required,2026-05-18 08:30:00,510,08:30,215,2026-05-18 12:05:00,725,12:05,15,1,25,8.131,11.62,8.131,H3,7.899,1,catchment_near_assigned_hospital,8,assumption_to_validate,Renaison dialysis: assumed 30/day.
P442,HOME_P442,46.06107813091376,4.125993405200335,H1,other,A0302,10:30,P2,medium,1.5,standard_assis,2026-05-18 11:15:00,675,11:15,105,2026-05-18 13:00:00,780,13:00,25,1,35,5.253,7.5,5.253,H1,5.253,1,catchment_near_assigned_hospital,12,observed_user_table,CH Roanne other: 49/day.
P443,HOME_P443,46.060390003936234,4.100497359063549,H1,oncology,A0180,08:00,P1,high,2.0,prescription_medicale,2026-05-18 08:40:00,520,08:40,165,2026-05-18 11:25:00,685,11:25,15,1,25,2.857,5.0,2.857,H1,2.857,1,catchment_near_assigned_hospital,10,observed_user_table,CH Roanne chemotherapy: 30/day.
P444,HOME_P444,46.0008262543026,4.147646622055842,H2,dialysis,A0410,08:00,P1,high,2.0,vsl_required,2026-05-18 08:15:00,495,08:15,230,2026-05-18 12:05:00,725,12:05,15,1,25,9.839,14.06,9.839,H2,9.839,1,catchment_near_assigned_hospital,8,assumption_to_validate,Renaison dialysis: assumed 30/day.
P445,HOME_P445,46.061358508622924,4.058577539792982,H1,dialysis,A0124,13:00,P1,high,2.0,prescription_medicale,2026-05-18 13:10:00,790,13:10,240,2026-05-18 17:10:00,1030,17:10,15,1,25,1.764,5.0,1.764,H1,1.764,1,catchment_near_assigned_hospital,8,observed_user_table,"CH Roanne dialysis: 53/day. 26 morning, 23 noon, 4 evening."
P446,HOME_P446,46.008106103565254,4.188757438575754,H1,other,A0262,08:30,P2,medium,1.5,premium,2026-05-18 09:25:00,565,09:25,100,2026-05-18 11:05:00,665,11:05,25,1,35,12.841,18.34,12.841,H2,12.701,1,catchment_near_assigned_hospital,12,observed_user_table,CH Roanne other: 49/day.
P447,HOME_P447,45.97667763955262,4.167378751883814,H2,other,A0535,10:30,P2,medium,1.5,standard_assis,2026-05-18 11:30:00,690,11:30,30,2026-05-18 12:00:00,720,12:00,25,1,35,13.513,19.3,13.513,H2,13.513,1,catchment_near_assigned_hospital,12,assumption_to_validate,Renaison other: assumed 36/day.
P448,HOME_P448,46.009274923469086,3.9929054450878896,H1,other,A0236,08:30,P2,medium,1.5,standard_assis,2026-05-18 09:50:00,590,09:50,110,2026-05-18 11:40:00,700,11:40,25,0,35,9.835,14.05,9.835,H2,8.904,1,catchment_near_assigned_hospital,12,observed_user_table,CH Roanne other: 49/day.
P449,HOME_P449,46.11464207924402,4.09193215732754,H3,dialysis,A0610,08:00,P1,high,2.0,vsl_required,2026-05-18 08:50:00,530,08:50,215,2026-05-18 12:25:00,745,12:25,15,1,25,9.23,13.19,9.23,H1,8.725,1,catchment_near_assigned_hospital,8,assumption_to_validate,Third dialysis center: assumed 24/day.
P450,HOME_P450,46.08792233717375,4.116183684641754,H2,dialysis,A0422,13:00,P1,high,2.0,vsl_required,2026-05-18 13:00:00,780,13:00,250,2026-05-18 17:10:00,1030,17:10,15,1,25,7.438,10.63,7.438,H1,6.383,1,catchment_near_assigned_hospital,8,assumption_to_validate,Renaison dialysis: assumed 30/day.
P451,HOME_P451,46.11325582058423,4.032373399873806,H2,other,A0530,10:30,P2,medium,1.5,standard_assis,2026-05-18 11:15:00,675,11:15,30,2026-05-18 11:45:00,705,11:45,25,1,35,10.025,14.32,10.025,H1,9.196,1,catchment_near_assigned_hospital,12,assumption_to_validate,Renaison other: assumed 36/day.
P452,HOME_P452,46.019150091856396,4.0793547427623436,H1,dialysis,A0078,13:00,P1,high,2.0,vsl_required,2026-05-18 13:35:00,815,13:35,240,2026-05-18 17:35:00,1055,17:35,15,1,25,4.79,6.84,4.79,H2,3.828,1,catchment_near_assigned_hospital,8,observed_user_table,"CH Roanne dialysis: 53/day. 26 morning, 23 noon, 4 evening."
P453,HOME_P453,46.15476504726951,4.062314258009093,H1,other,A0316,14:00,P2,medium,1.5,standard_assis,2026-05-18 14:35:00,875,14:35,85,2026-05-18 16:00:00,960,16:00,25,1,35,14.138,20.2,14.138,H1,14.138,1,catchment_near_assigned_hospital,12,observed_user_table,CH Roanne other: 49/day.
P454,HOME_P454,46.116797824432474,4.064700843898856,H3,dialysis,A0597,08:00,P1,high,2.0,vsl_required,2026-05-18 08:20:00,500,08:20,220,2026-05-18 12:00:00,720,12:00,15,1,25,9.299,13.28,9.299,H1,8.859,1,catchment_near_assigned_hospital,8,assumption_to_validate,Third dialysis center: assumed 24/day.
P455,HOME_P455,46.004841102973685,4.176286875386249,H1,oncology,A0204,11:00,P1,high,2.0,prescription_medicale,2026-05-18 11:00:00,660,11:00,165,2026-05-18 13:45:00,825,13:45,15,1,25,12.054,17.22,12.054,H2,11.826,1,catchment_near_assigned_hospital,10,observed_user_table,CH Roanne chemotherapy: 30/day.
P456,HOME_P456,46.081080146768464,4.021144300935444,H1,other,A0237,08:30,P2,medium,1.5,prescription_medicale,2026-05-18 09:55:00,595,09:55,115,2026-05-18 11:50:00,710,11:50,25,1,35,6.295,8.99,6.295,H1,6.295,1,catchment_near_assigned_hospital,12,observed_user_table,CH Roanne other: 49/day.
P457,HOME_P457,46.05447515870411,3.9832562989098848,H3,dialysis,A0594,08:00,P1,high,2.0,vsl_required,2026-05-18 08:10:00,490,08:10,250,2026-05-18 12:20:00,740,12:20,15,1,25,8.391,11.99,8.391,H2,8.342,1,catchment_near_assigned_hospital,8,assumption_to_validate,Third dialysis center: assumed 24/day.
P458,HOME_P458,46.12343089702658,3.8981447888947587,H1,external,A0371,16:30,P3,low,1.0,standard_assis,2026-05-18 16:40:00,1000,16:40,30,2026-05-18 17:10:00,1030,17:10,35,1,51,19.446,27.78,19.446,H1,19.446,1,catchment_near_assigned_hospital,18,computed_from_user_table,External visits: 75/day * 15% using fleet.
P459,HOME_P459,46.08882721095914,4.095004719069396,H2,dialysis,A0439,13:00,P1,high,2.0,vsl_required,2026-05-18 13:35:00,815,13:35,270,2026-05-18 18:05:00,1085,18:05,15,1,25,6.505,9.29,6.505,H1,5.386,1,catchment_near_assigned_hospital,8,assumption_to_validate,Renaison dialysis: assumed 30/day.
P460,HOME_P460,46.07195437508063,4.1982945150095725,H2,other,A0567,14:00,P2,medium,1.5,standard_assis,2026-05-18 14:45:00,885,14:45,40,2026-05-18 15:25:00,925,15:25,25,1,35,13.012,18.59,13.012,H1,12.387,1,catchment_near_assigned_hospital,12,assumption_to_validate,Renaison other: assumed 36/day.
P461,HOME_P461,46.05594342205724,4.1358673668677906,H3,dialysis,A0589,08:00,P1,high,2.0,prescription_medicale,2026-05-18 08:20:00,500,08:20,225,2026-05-18 12:05:00,725,12:05,15,1,25,6.407,9.15,6.407,H1,6.104,1,catchment_near_assigned_hospital,8,assumption_to_validate,Third dialysis center: assumed 24/day.
P462,HOME_P462,46.08356358096419,4.11776713621485,H1,other,A0251,08:30,P2,medium,1.5,standard_assis,2026-05-18 08:40:00,520,08:40,120,2026-05-18 10:40:00,640,10:40,25,1,35,6.048,8.64,6.048,H1,6.048,1,catchment_near_assigned_hospital,12,observed_user_table,CH Roanne other: 49/day.
P463,HOME_P463,46.10809803408175,4.164990111175459,H1,oncology,A0153,08:00,P1,high,2.0,vsl_required,2026-05-18 08:20:00,500,08:20,170,2026-05-18 11:10:00,670,11:10,15,1,25,11.713,16.73,11.713,H1,11.713,1,catchment_near_assigned_hospital,10,observed_user_table,CH Roanne chemotherapy: 30/day.
P464,HOME_P464,46.002727566141246,4.20622117325728,H2,other,A0541,10:30,P2,medium,1.5,prescription_medicale,2026-05-18 11:10:00,670,11:10,40,2026-05-18 11:50:00,710,11:50,25,1,35,14.546,20.78,14.546,H2,14.546,1,catchment_near_assigned_hospital,12,assumption_to_validate,Renaison other: assumed 36/day.
P465,HOME_P465,46.010208247524915,4.110920952228945,H1,other,A0230,08:30,P2,medium,1.5,prescription_medicale,2026-05-18 09:25:00,565,09:25,115,2026-05-18 11:20:00,680,11:20,25,0,35,7.034,10.05,7.034,H2,6.392,1,catchment_near_assigned_hospital,12,observed_user_table,CH Roanne other: 49/day.
P466,HOME_P466,45.99969791411435,4.104710872709768,H2,dialysis,A0401,08:00,P1,high,2.0,prescription_medicale,2026-05-18 08:15:00,495,08:15,225,2026-05-18 12:00:00,720,12:00,15,1,25,7.273,10.39,7.273,H2,7.273,1,catchment_near_assigned_hospital,8,assumption_to_validate,Renaison dialysis: assumed 30/day.
P467,HOME_P467,46.010805302325174,4.010334748833588,H3,dialysis,A0639,13:00,P1,high,2.0,vsl_required,2026-05-18 13:30:00,810,13:30,255,2026-05-18 17:45:00,1065,17:45,15,1,25,7.927,11.32,7.927,H2,7.44,1,catchment_near_assigned_hospital,8,assumption_to_validate,Third dialysis center: assumed 24/day.
P468,HOME_P468,45.96107601921176,4.040730622831794,H1,other,A0217,08:30,P2,medium,1.5,prescription_medicale,2026-05-18 08:55:00,535,08:55,85,2026-05-18 10:20:00,620,10:20,25,1,35,13.185,18.84,13.185,H2,12.07,1,catchment_near_assigned_hospital,12,observed_user_table,CH Roanne other: 49/day.
P469,HOME_P469,46.039404416545274,4.11576434177706,H1,dialysis,A0074,13:00,P1,high,2.0,vsl_required,2026-05-18 13:55:00,835,13:55,240,2026-05-18 17:55:00,1075,17:55,15,1,25,4.582,6.55,4.582,H1,4.582,1,catchment_near_assigned_hospital,8,observed_user_table,"CH Roanne dialysis: 53/day. 26 morning, 23 noon, 4 evening."
P470,HOME_P470,46.01623811035604,4.089470593685341,H2,dialysis,A0435,13:00,P1,high,2.0,vsl_required,2026-05-18 13:50:00,830,13:50,270,2026-05-18 18:20:00,1100,18:20,15,1,25,4.555,6.51,4.555,H2,4.555,1,catchment_near_assigned_hospital,8,assumption_to_validate,Renaison dialysis: assumed 30/day.
P471,HOME_P471,46.08799189102563,4.108345492867366,H3,dialysis,A0637,13:00,P1,high,2.0,vsl_required,2026-05-18 13:05:00,785,13:05,220,2026-05-18 16:45:00,1005,16:45,15,1,25,6.447,9.21,6.447,H1,5.922,1,catchment_near_assigned_hospital,8,assumption_to_validate,Third dialysis center: assumed 24/day.
P472,HOME_P472,46.05180215121569,4.109440073836662,H2,dialysis,A0385,08:00,P1,high,2.0,vsl_required,2026-05-18 08:35:00,515,08:35,230,2026-05-18 12:25:00,745,12:25,15,1,25,4.011,5.73,4.011,H1,3.55,1,catchment_near_assigned_hospital,8,assumption_to_validate,Renaison dialysis: assumed 30/day.
P473,HOME_P473,45.9011066739265,4.034546496591013,H1,external,A0368,14:30,P3,low,1.0,standard_assis,2026-05-18 15:05:00,905,15:05,20,2026-05-18 15:25:00,925,15:25,35,1,56,21.473,30.68,21.473,H2,20.368,1,catchment_near_assigned_hospital,18,computed_from_user_table,External visits: 75/day * 15% using fleet.
P474,HOME_P474,46.04525078355322,4.122898719978886,H1,dialysis,A0082,13:00,P1,high,2.0,prescription_medicale,2026-05-18 13:00:00,780,13:00,240,2026-05-18 17:00:00,1020,17:00,15,1,25,4.97,7.1,4.97,H1,4.97,1,catchment_near_assigned_hospital,8,observed_user_table,"CH Roanne dialysis: 53/day. 26 morning, 23 noon, 4 evening."
P475,HOME_P475,45.984527910253476,4.046855105658479,H1,dialysis,A0021,08:00,P1,high,2.0,vsl_required,2026-05-18 08:00:00,480,08:00,240,2026-05-18 12:00:00,720,12:00,15,1,25,9.879,14.11,9.879,H2,8.762,1,catchment_near_assigned_hospital,8,observed_user_table,"CH Roanne dialysis: 53/day. 26 morning, 23 noon, 4 evening."
P476,HOME_P476,46.003908560837786,4.106399126496422,H2,other,A0577,16:30,P2,medium,1.5,standard_assis,2026-05-18 17:00:00,1020,17:00,40,2026-05-18 17:40:00,1060,17:40,25,1,35,6.849,9.78,6.849,H2,6.849,1,catchment_near_assigned_hospital,12,assumption_to_validate,Renaison other: assumed 36/day.
P477,HOME_P477,46.08541724656458,4.0556411488703015,H1,dialysis,A0115,13:00,P1,high,2.0,vsl_required,2026-05-18 13:25:00,805,13:25,240,2026-05-18 17:25:00,1045,17:25,15,1,25,4.758,6.8,4.758,H1,4.758,1,catchment_near_assigned_hospital,8,observed_user_table,"CH Roanne dialysis: 53/day. 26 morning, 23 noon, 4 evening."
P478,HOME_P478,46.002179010019006,4.137762294330271,H2,oncology,A0455,08:00,P1,high,2.0,vsl_required,2026-05-18 08:00:00,480,08:00,125,2026-05-18 10:05:00,605,10:05,15,1,25,8.994,12.85,8.994,H2,8.994,1,catchment_near_assigned_hospital,10,assumption_to_validate,Renaison oncology: assumed 16/day.
P479,HOME_P479,46.11838461233352,4.140336290340507,H2,oncology,A0464,08:00,P1,high,2.0,prescription_medicale,2026-05-18 08:35:00,515,08:35,60,2026-05-18 09:35:00,575,09:35,15,1,25,12.232,17.47,12.232,H1,11.151,1,catchment_near_assigned_hospital,10,assumption_to_validate,Renaison oncology: assumed 16/day.
P480,HOME_P480,45.98146498996466,3.9490249584533776,H2,other,A0512,08:30,P2,medium,1.5,standard_assis,2026-05-18 09:10:00,550,09:10,30,2026-05-18 09:40:00,580,09:40,25,1,35,14.608,20.87,14.608,H2,14.608,1,catchment_near_assigned_hospital,12,assumption_to_validate,Renaison other: assumed 36/day.
P481,HOME_P481,46.06107470896016,3.97880733270158,H1,dialysis,A0054,08:00,P1,high,2.0,vsl_required,2026-05-18 08:55:00,535,08:55,240,2026-05-18 12:55:00,775,12:55,15,1,25,9.12,13.03,9.12,H3,8.93,1,catchment_near_assigned_hospital,8,observed_user_table,"CH Roanne dialysis: 53/day. 26 morning, 23 noon, 4 evening."
P482,HOME_P482,46.04847088733076,4.061362767606544,H1,dialysis,A0055,08:00,P1,high,2.0,vsl_required,2026-05-18 08:35:00,515,08:35,240,2026-05-18 12:35:00,755,12:35,15,1,25,1.283,5.0,1.283,H2,0.814,1,catchment_near_assigned_hospital,8,observed_user_table,"CH Roanne dialysis: 53/day. 26 morning, 23 noon, 4 evening."
P483,HOME_P483,46.108618637166245,4.038463673132223,H2,oncology,A0473,08:00,P1,high,2.0,prescription_medicale,2026-05-18 08:00:00,480,08:00,275,2026-05-18 12:35:00,755,12:35,15,1,25,9.221,13.17,9.221,H1,8.367,1,catchment_near_assigned_hospital,10,assumption_to_validate,Renaison oncology: assumed 16/day.
P484,HOME_P484,45.997282543891345,3.9992075929614948,H2,dialysis,A0419,13:00,P1,high,2.0,vsl_required,2026-05-18 13:05:00,785,13:05,245,2026-05-18 17:10:00,1030,17:10,15,1,25,9.508,13.58,9.508,H2,9.508,1,catchment_near_assigned_hospital,8,assumption_to_validate,Renaison dialysis: assumed 30/day.
P485,HOME_P485,46.13236446738862,4.0194319418148226,H2,other,A0537,10:30,P2,medium,1.5,standard_assis,2026-05-18 11:15:00,675,11:15,40,2026-05-18 11:55:00,715,11:55,25,1,35,12.952,18.5,12.952,H1,12.13,1,catchment_near_assigned_hospital,12,assumption_to_validate,Renaison other: assumed 36/day.
P486,HOME_P486,46.06891264743484,4.091001187418031,H1,oncology,A0194,11:00,P1,high,2.0,standard_assis,2026-05-18 11:20:00,680,11:20,170,2026-05-18 14:10:00,850,14:10,15,1,25,2.797,5.0,2.797,H1,2.797,1,catchment_near_assigned_hospital,10,observed_user_table,CH Roanne chemotherapy: 30/day.
P487,HOME_P487,46.13400873133463,4.091475887922811,H2,other,A0576,16:30,P2,medium,1.5,standard_assis,2026-05-18 16:35:00,995,16:35,30,2026-05-18 17:05:00,1025,17:05,25,1,35,12.467,17.81,12.467,H1,11.363,1,catchment_near_assigned_hospital,12,assumption_to_validate,Renaison other: assumed 36/day.
P488,HOME_P488,46.06621886829084,3.971964441661266,H2,dialysis,A0375,08:00,P1,high,2.0,vsl_required,2026-05-18 08:55:00,535,08:55,255,2026-05-18 13:10:00,790,13:10,15,1,25,9.766,13.95,9.766,H3,9.721,1,catchment_near_assigned_hospital,8,assumption_to_validate,Renaison dialysis: assumed 30/day.
P489,HOME_P489,46.010029005753104,4.055157704049922,H2,oncology,A0463,08:00,P1,high,2.0,prescription_medicale,2026-05-18 08:50:00,530,08:50,295,2026-05-18 13:45:00,825,13:45,15,1,25,5.13,7.33,5.13,H2,5.13,1,catchment_near_assigned_hospital,10,assumption_to_validate,Renaison oncology: assumed 16/day.
P490,HOME_P490,46.04195248906847,4.0289565145585655,H1,other,A0335,16:00,P2,medium,1.5,vsl_required,2026-05-18 16:55:00,1015,16:55,80,2026-05-18 18:15:00,1095,18:15,25,1,35,4.505,6.44,4.505,H2,3.879,1,catchment_near_assigned_hospital,12,observed_user_table,CH Roanne other: 49/day.
P491,HOME_P491,46.061603808788014,4.048899047656957,H3,dialysis,A0626,13:00,P1,high,2.0,prescription_medicale,2026-05-18 13:55:00,835,13:55,235,2026-05-18 17:50:00,1070,17:50,15,1,25,2.597,5.0,2.597,H1,2.569,1,catchment_near_assigned_hospital,8,assumption_to_validate,Third dialysis center: assumed 24/day.
P492,HOME_P492,45.9869613018157,4.113470075121004,H2,other,A0521,08:30,P2,medium,1.5,standard_assis,2026-05-18 09:15:00,555,09:15,30,2026-05-18 09:45:00,585,09:45,25,1,35,9.233,13.19,9.233,H2,9.233,1,catchment_near_assigned_hospital,12,assumption_to_validate,Renaison other: assumed 36/day.
P493,HOME_P493,45.96681261332048,3.9985817558794325,H1,other,A0288,10:30,P2,medium,1.5,standard_assis,2026-05-18 10:40:00,640,10:40,75,2026-05-18 11:55:00,715,11:55,25,1,35,13.989,19.98,13.989,H2,12.891,1,catchment_near_assigned_hospital,12,observed_user_table,CH Roanne other: 49/day.
P494,HOME_P494,46.05883634871458,3.945380387386968,H2,other,A0564,14:00,P2,medium,1.5,prescription_medicale,2026-05-18 14:50:00,890,14:50,35,2026-05-18 15:25:00,925,15:25,25,1,35,12.044,17.21,12.044,H2,12.044,1,catchment_near_assigned_hospital,12,assumption_to_validate,Renaison other: assumed 36/day.
P495,HOME_P495,46.02890014559449,4.113502582405602,H2,dialysis,A0396,08:00,P1,high,2.0,vsl_required,2026-05-18 08:05:00,485,08:05,265,2026-05-18 12:30:00,750,12:30,15,1,25,4.905,7.01,4.905,H2,4.905,1,catchment_near_assigned_hospital,8,assumption_to_validate,Renaison dialysis: assumed 30/day.
P496,HOME_P496,46.058286304573635,4.120132174283886,H1,oncology,A0168,08:00,P1,high,2.0,prescription_medicale,2026-05-18 08:05:00,485,08:05,150,2026-05-18 10:35:00,635,10:35,15,1,25,4.627,6.61,4.627,H1,4.627,1,catchment_near_assigned_hospital,10,observed_user_table,CH Roanne chemotherapy: 30/day.
P497,HOME_P497,46.06944306922282,4.16062828426279,H2,dialysis,A0414,13:00,P1,high,2.0,vsl_required,2026-05-18 13:05:00,785,13:05,215,2026-05-18 16:40:00,1000,16:40,15,1,25,9.452,13.5,9.452,H1,8.772,1,catchment_near_assigned_hospital,8,assumption_to_validate,Renaison dialysis: assumed 30/day.
P498,HOME_P498,46.01744072914524,4.03499814822219,H1,other,A0290,10:30,P2,medium,1.5,standard_assis,2026-05-18 10:30:00,630,10:30,60,2026-05-18 11:30:00,690,11:30,25,1,35,6.171,8.82,6.171,H2,5.106,1,catchment_near_assigned_hospital,12,observed_user_table,CH Roanne other: 49/day.
P499,HOME_P499,46.00671949617093,4.101965387940984,H1,dialysis,A0025,08:00,P1,high,2.0,vsl_required,2026-05-18 08:05:00,485,08:05,240,2026-05-18 12:05:00,725,12:05,15,1,25,7.064,10.09,7.064,H2,6.293,1,catchment_near_assigned_hospital,8,observed_user_table,"CH Roanne dialysis: 53/day. 26 morning, 23 noon, 4 evening."
P500,HOME_P500,46.00410723147116,4.100673578891886,H2,dialysis,A0379,08:00,P1,high,2.0,prescription_medicale,2026-05-18 08:40:00,520,08:40,255,2026-05-18 12:55:00,775,12:55,15,1,25,6.549,9.36,6.549,H2,6.549,1,catchment_near_assigned_hospital,8,assumption_to_validate,Renaison dialysis: assumed 30/day.
P501,HOME_P501,46.104301391343554,4.125620336750676,H1,other,A0320,14:00,P2,medium,1.5,standard_assis,2026-05-18 15:05:00,905,15:05,110,2026-05-18 16:55:00,1015,16:55,25,1,35,8.734,12.48,8.734,H1,8.734,1,catchment_near_assigned_hospital,12,observed_user_table,CH Roanne other: 49/day.
P502,HOME_P502,46.084213642894376,4.031131032237205,H3,dialysis,A0611,08:00,P1,high,2.0,vsl_required,2026-05-18 08:35:00,515,08:35,215,2026-05-18 12:10:00,730,12:10,15,0,25,6.055,8.65,6.055,H1,5.876,1,catchment_near_assigned_hospital,8,assumption_to_validate,Third dialysis center: assumed 24/day.
P503,HOME_P503,46.06214177166693,4.000529182575078,H3,dialysis,A0636,13:00,P1,high,2.0,prescription_medicale,2026-05-18 13:00:00,780,13:00,270,2026-05-18 17:30:00,1050,17:30,15,1,25,6.91,9.87,6.91,H3,6.91,1,catchment_near_assigned_hospital,8,assumption_to_validate,Third dialysis center: assumed 24/day.
P504,HOME_P504,46.04117908948259,4.115082841005034,H1,dialysis,A0024,08:00,P1,high,2.0,vsl_required,2026-05-18 08:30:00,510,08:30,240,2026-05-18 12:30:00,750,12:30,15,1,25,4.422,6.32,4.422,H1,4.422,1,catchment_near_assigned_hospital,8,observed_user_table,"CH Roanne dialysis: 53/day. 26 morning, 23 noon, 4 evening."
P505,HOME_P505,46.07687484774627,4.181578514899112,H2,oncology,A0456,08:00,P1,high,2.0,vsl_required,2026-05-18 08:10:00,490,08:10,105,2026-05-18 09:55:00,595,09:55,15,1,25,11.708,16.73,11.708,H1,11.0,1,catchment_near_assigned_hospital,10,assumption_to_validate,Renaison oncology: assumed 16/day.
P506,HOME_P506,46.11930497453167,3.991906254562708,H2,other,A0513,08:30,P2,medium,1.5,standard_assis,2026-05-18 09:40:00,580,09:40,40,2026-05-18 10:20:00,620,10:20,25,1,35,12.634,18.05,12.634,H1,12.035,1,catchment_near_assigned_hospital,12,assumption_to_validate,Renaison other: assumed 36/day.
P507,HOME_P507,46.07014766212036,3.982417311551581,H3,dialysis,A0600,08:00,P1,high,2.0,vsl_required,2026-05-18 08:05:00,485,08:05,220,2026-05-18 11:45:00,705,11:45,15,1,25,8.899,12.71,8.899,H3,8.899,1,catchment_near_assigned_hospital,8,assumption_to_validate,Third dialysis center: assumed 24/day.
P508,HOME_P508,46.03652386807854,4.190713563098249,H1,other,A0338,16:00,P2,medium,1.5,prescription_medicale,2026-05-18 16:10:00,970,16:10,60,2026-05-18 17:10:00,1030,17:10,25,1,35,11.622,16.6,11.622,H1,11.622,1,catchment_near_assigned_hospital,12,observed_user_table,CH Roanne other: 49/day.
P509,HOME_P509,45.98557541010753,4.093990450940025,H1,dialysis,A0089,13:00,P1,high,2.0,vsl_required,2026-05-18 13:40:00,820,13:40,240,2026-05-18 17:40:00,1060,17:40,15,1,25,9.635,13.76,9.635,H2,8.703,1,catchment_near_assigned_hospital,8,observed_user_table,"CH Roanne dialysis: 53/day. 26 morning, 23 noon, 4 evening."
P510,HOME_P510,46.02860702274261,3.987873356326294,H1,dialysis,A0112,13:00,P1,high,2.0,vsl_required,2026-05-18 13:35:00,815,13:35,240,2026-05-18 17:35:00,1055,17:35,15,1,25,8.875,12.68,8.875,H2,8.162,1,catchment_near_assigned_hospital,8,observed_user_table,"CH Roanne dialysis: 53/day. 26 morning, 23 noon, 4 evening."
P511,HOME_P511,46.087397741837634,4.117461543428757,H1,dialysis,A0018,08:00,P1,high,2.0,prescription_medicale,2026-05-18 08:20:00,500,08:20,240,2026-05-18 12:20:00,740,12:20,15,1,25,6.41,9.16,6.41,H1,6.41,1,catchment_near_assigned_hospital,8,observed_user_table,"CH Roanne dialysis: 53/day. 26 morning, 23 noon, 4 evening."
P512,HOME_P512,46.04035388255637,4.191904033588961,H1,other,A0289,10:30,P2,medium,1.5,premium,2026-05-18 10:30:00,630,10:30,115,2026-05-18 12:25:00,745,12:25,25,1,35,11.64,16.63,11.64,H1,11.64,1,catchment_near_assigned_hospital,12,observed_user_table,CH Roanne other: 49/day.
P513,HOME_P513,46.02358523487613,3.9803275509451748,H1,oncology,A0206,11:00,P1,high,2.0,vsl_required,2026-05-18 11:35:00,695,11:35,175,2026-05-18 14:30:00,870,14:30,15,1,25,9.823,14.03,9.823,H2,9.073,1,catchment_near_assigned_hospital,10,observed_user_table,CH Roanne chemotherapy: 30/day.
P514,HOME_P514,46.07937213102926,4.089326393482515,H1,dialysis,A0088,13:00,P1,high,2.0,prescription_medicale,2026-05-18 13:55:00,835,13:55,240,2026-05-18 17:55:00,1075,17:55,15,1,25,3.963,5.66,3.963,H1,3.963,1,catchment_near_assigned_hospital,8,observed_user_table,"CH Roanne dialysis: 53/day. 26 morning, 23 noon, 4 evening."
P515,HOME_P515,46.08276936178412,4.065546862554199,H2,dialysis,A0433,13:00,P1,high,2.0,vsl_required,2026-05-18 13:55:00,835,13:55,225,2026-05-18 17:40:00,1060,17:40,15,1,25,5.162,7.37,5.162,H1,4.154,1,catchment_near_assigned_hospital,8,assumption_to_validate,Renaison dialysis: assumed 30/day.
P516,HOME_P516,46.021632979283666,4.058036031739241,H1,oncology,A0157,08:00,P1,high,2.0,vsl_required,2026-05-18 08:25:00,505,08:25,150,2026-05-18 10:55:00,655,10:55,15,1,25,4.623,6.6,4.623,H2,3.503,1,catchment_near_assigned_hospital,10,observed_user_table,CH Roanne chemotherapy: 30/day.
P517,HOME_P517,46.100335528851176,4.090384314362513,H1,oncology,A0146,08:00,P1,high,2.0,standard_assis,2026-05-18 08:50:00,530,08:50,160,2026-05-18 11:30:00,690,11:30,15,1,25,6.756,9.65,6.756,H1,6.756,1,catchment_near_assigned_hospital,10,observed_user_table,CH Roanne chemotherapy: 30/day.
P518,HOME_P518,46.04985531447534,3.9789847820530593,H3,dialysis,A0602,08:00,P1,high,2.0,vsl_required,2026-05-18 08:35:00,515,08:35,210,2026-05-18 12:05:00,725,12:05,15,1,25,8.78,12.54,8.78,H2,8.684,1,catchment_near_assigned_hospital,8,assumption_to_validate,Third dialysis center: assumed 24/day.
P519,HOME_P519,46.09347460382143,4.0172924323843375,H1,other,A0295,10:30,P2,medium,1.5,prescription_medicale,2026-05-18 11:30:00,690,11:30,105,2026-05-18 13:15:00,795,13:15,25,1,35,7.728,11.04,7.728,H1,7.728,1,catchment_near_assigned_hospital,12,observed_user_table,CH Roanne other: 49/day.
P520,HOME_P520,45.99589580577061,4.083403892157982,H1,dialysis,A0125,13:00,P1,high,2.0,vsl_required,2026-05-18 13:15:00,795,13:15,240,2026-05-18 17:15:00,1035,17:15,15,1,25,8.045,11.49,8.045,H2,7.065,1,catchment_near_assigned_hospital,8,observed_user_table,"CH Roanne dialysis: 53/day. 26 morning, 23 noon, 4 evening."
P521,HOME_P521,46.09056521256071,4.132981192490735,H1,dialysis,A0023,08:00,P1,high,2.0,prescription_medicale,2026-05-18 08:15:00,495,08:15,240,2026-05-18 12:15:00,735,12:15,15,1,25,7.786,11.12,7.786,H1,7.786,1,catchment_near_assigned_hospital,8,observed_user_table,"CH Roanne dialysis: 53/day. 26 morning, 23 noon, 4 evening."
P522,HOME_P522,46.050989367438426,4.068924363748777,H1,dialysis,A0036,08:00,P1,high,2.0,vsl_required,2026-05-18 08:05:00,485,08:05,240,2026-05-18 12:05:00,725,12:05,15,1,25,0.486,5.0,0.486,H3,0.172,1,catchment_near_assigned_hospital,8,observed_user_table,"CH Roanne dialysis: 53/day. 26 morning, 23 noon, 4 evening."
P523,HOME_P523,46.0335875861576,4.01160559888139,H1,other,A0226,08:30,P2,medium,1.5,standard_assis,2026-05-18 09:20:00,560,09:20,70,2026-05-18 10:30:00,630,10:30,25,1,35,6.5,9.29,6.5,H2,5.769,1,catchment_near_assigned_hospital,12,observed_user_table,CH Roanne other: 49/day.
P524,HOME_P524,46.022908956822675,4.159247540784937,H2,other,A0516,08:30,P2,medium,1.5,standard_assis,2026-05-18 09:05:00,545,09:05,40,2026-05-18 09:45:00,585,09:45,25,1,35,9.285,13.26,9.285,H2,9.285,1,catchment_near_assigned_hospital,12,assumption_to_validate,Renaison other: assumed 36/day.
P525,HOME_P525,46.02972721810501,4.091933932283472,H1,other,A0248,08:30,P2,medium,1.5,standard_assis,2026-05-18 08:45:00,525,08:45,85,2026-05-18 10:10:00,610,10:10,25,1,35,3.765,5.38,3.765,H2,3.148,1,catchment_near_assigned_hospital,12,observed_user_table,CH Roanne other: 49/day.
P526,HOME_P526,46.05891076954479,4.057156351898463,H1,dialysis,A0096,13:00,P1,high,2.0,vsl_required,2026-05-18 13:55:00,835,13:55,240,2026-05-18 17:55:00,1075,17:55,15,1,25,1.69,5.0,1.69,H1,1.69,1,catchment_near_assigned_hospital,8,observed_user_table,"CH Roanne dialysis: 53/day. 26 morning, 23 noon, 4 evening."
P527,HOME_P527,46.07668261058559,3.98166366756041,H1,dialysis,A0076,13:00,P1,high,2.0,vsl_required,2026-05-18 13:50:00,830,13:50,240,2026-05-18 17:50:00,1070,17:50,15,1,25,9.362,13.37,9.362,H3,9.292,1,catchment_near_assigned_hospital,8,observed_user_table,"CH Roanne dialysis: 53/day. 26 morning, 23 noon, 4 evening."
P528,HOME_P528,45.98595307961798,4.066064884015299,H2,dialysis,A0423,13:00,P1,high,2.0,prescription_medicale,2026-05-18 13:40:00,820,13:40,250,2026-05-18 17:50:00,1070,17:50,15,1,25,8.309,11.87,8.309,H2,8.309,1,catchment_near_assigned_hospital,8,assumption_to_validate,Renaison dialysis: assumed 30/day.
P529,HOME_P529,46.05971138179933,4.1481405614072715,H1,dialysis,A0004,08:00,P1,high,2.0,vsl_required,2026-05-18 08:55:00,535,08:55,240,2026-05-18 12:55:00,775,12:55,15,1,25,7.331,10.47,7.331,H1,7.331,1,catchment_near_assigned_hospital,8,observed_user_table,"CH Roanne dialysis: 53/day. 26 morning, 23 noon, 4 evening."
P530,HOME_P530,46.12896559491481,4.057065452340968,H2,other,A0545,10:30,P2,medium,1.5,standard_assis,2026-05-18 11:30:00,690,11:30,35,2026-05-18 12:05:00,725,12:05,25,1,35,11.629,16.61,11.629,H1,10.624,1,catchment_near_assigned_hospital,12,assumption_to_validate,Renaison other: assumed 36/day.
P531,HOME_P531,46.00083059928761,4.051749334715651,H1,dialysis,A0026,08:00,P1,high,2.0,vsl_required,2026-05-18 08:10:00,490,08:10,240,2026-05-18 12:10:00,730,12:10,15,1,25,7.568,10.81,7.568,H2,6.45,1,catchment_near_assigned_hospital,8,observed_user_table,"CH Roanne dialysis: 53/day. 26 morning, 23 noon, 4 evening."
P532,HOME_P532,46.003632528438324,4.0385219301377315,H2,dialysis,A0450,17:00,P1,high,2.0,vsl_required,2026-05-18 17:00:00,1020,17:00,270,2026-05-18 21:30:00,1290,21:30,15,1,25,6.537,9.34,6.537,H2,6.537,1,catchment_near_assigned_hospital,8,assumption_to_validate,Renaison dialysis: assumed 30/day.
P533,HOME_P533,46.01922487973921,4.147150301662987,H1,dialysis,A0085,13:00,P1,high,2.0,vsl_required,2026-05-18 13:50:00,830,13:50,240,2026-05-18 17:50:00,1070,17:50,15,1,25,8.604,12.29,8.604,H2,8.409,1,catchment_near_assigned_hospital,8,observed_user_table,"CH Roanne dialysis: 53/day. 26 morning, 23 noon, 4 evening."
P534,HOME_P534,46.09383299094117,4.1484432939685725,H1,oncology,A0143,08:00,P1,high,2.0,vsl_required,2026-05-18 08:25:00,505,08:25,155,2026-05-18 11:00:00,660,11:00,15,1,25,9.224,13.18,9.224,H1,9.224,1,catchment_near_assigned_hospital,10,observed_user_table,CH Roanne chemotherapy: 30/day.
P535,HOME_P535,46.06727301673641,4.060172943723638,H1,other,A0294,10:30,P2,medium,1.5,standard_assis,2026-05-18 11:25:00,685,11:25,65,2026-05-18 12:30:00,750,12:30,25,1,35,2.287,5.0,2.287,H1,2.287,1,catchment_near_assigned_hospital,12,observed_user_table,CH Roanne other: 49/day.
P536,HOME_P536,46.12912879632737,4.1053379386988444,H1,oncology,A0152,08:00,P1,high,2.0,vsl_required,2026-05-18 08:45:00,525,08:45,170,2026-05-18 11:35:00,695,11:35,15,1,25,10.999,15.71,10.999,H1,10.999,1,catchment_near_assigned_hospital,10,observed_user_table,CH Roanne chemotherapy: 30/day.
P537,HOME_P537,46.086696610019104,4.088828584345186,H2,dialysis,A0376,08:00,P1,high,2.0,vsl_required,2026-05-18 08:15:00,495,08:15,240,2026-05-18 12:15:00,735,12:15,15,1,25,6.017,8.6,6.017,H1,4.896,1,catchment_near_assigned_hospital,8,assumption_to_validate,Renaison dialysis: assumed 30/day.
P538,HOME_P538,45.99129439872288,4.085497182160706,H1,dialysis,A0042,08:00,P1,high,2.0,vsl_required,2026-05-18 08:45:00,525,08:45,240,2026-05-18 12:45:00,765,12:45,15,1,25,8.706,12.44,8.706,H2,7.732,1,catchment_near_assigned_hospital,8,observed_user_table,"CH Roanne dialysis: 53/day. 26 morning, 23 noon, 4 evening."
P539,HOME_P539,46.02068323984671,4.073754173972888,H1,oncology,A0179,08:00,P1,high,2.0,vsl_required,2026-05-18 08:05:00,485,08:05,180,2026-05-18 11:05:00,665,11:05,15,1,25,4.535,6.48,4.535,H2,3.51,1,catchment_near_assigned_hospital,10,observed_user_table,CH Roanne chemotherapy: 30/day.
P540,HOME_P540,46.05757314780898,3.9893342972628316,H2,other,A0562,14:00,P2,medium,1.5,standard_assis,2026-05-18 14:05:00,845,14:05,40,2026-05-18 14:45:00,885,14:45,25,1,35,7.841,11.2,7.841,H2,7.841,1,catchment_near_assigned_hospital,12,assumption_to_validate,Renaison other: assumed 36/day.
P541,HOME_P541,46.07206896916129,4.115085632602858,H2,other,A0518,08:30,P2,medium,1.5,standard_assis,2026-05-18 08:30:00,510,08:30,25,2026-05-18 08:55:00,535,08:55,25,1,35,5.776,8.25,5.776,H1,4.849,1,catchment_near_assigned_hospital,12,assumption_to_validate,Renaison other: assumed 36/day.
P542,HOME_P542,46.145189672110334,4.063566055125063,H2,other,A0533,10:30,P2,medium,1.5,vsl_required,2026-05-18 11:35:00,695,11:35,35,2026-05-18 12:10:00,730,12:10,25,1,35,13.838,19.77,13.838,H1,12.802,1,catchment_near_assigned_hospital,12,assumption_to_validate,Renaison other: assumed 36/day.
P543,HOME_P543,46.076915932952176,3.988586618190814,H1,other,A0329,14:00,P2,medium,1.5,prescription_medicale,2026-05-18 14:35:00,875,14:35,90,2026-05-18 16:05:00,965,16:05,25,0,35,8.751,12.5,8.751,H3,8.697,1,catchment_near_assigned_hospital,12,observed_user_table,CH Roanne other: 49/day.
P544,HOME_P544,46.02819541220427,4.010449527153781,H1,other,A0342,16:00,P2,medium,1.5,standard_assis,2026-05-18 17:20:00,1040,17:20,110,2026-05-18 19:10:00,1150,19:10,25,1,35,6.946,9.92,6.946,H2,6.133,1,catchment_near_assigned_hospital,12,observed_user_table,CH Roanne other: 49/day.
P545,HOME_P545,46.05127109531906,3.9984814519155685,H1,dialysis,A0028,08:00,P1,high,2.0,vsl_required,2026-05-18 08:30:00,510,08:30,240,2026-05-18 12:30:00,750,12:30,15,1,25,7.165,10.24,7.165,H2,6.828,1,catchment_near_assigned_hospital,8,observed_user_table,"CH Roanne dialysis: 53/day. 26 morning, 23 noon, 4 evening."
P546,HOME_P546,46.04857044905016,4.0818314802474145,H1,other,A0340,16:00,P2,medium,1.5,standard_assis,2026-05-18 16:15:00,975,16:15,105,2026-05-18 18:00:00,1080,18:00,25,1,35,1.099,5.0,1.099,H1,1.099,1,catchment_near_assigned_hospital,12,observed_user_table,CH Roanne other: 49/day.
P547,HOME_P547,46.011599124889784,3.9906386127655806,H1,oncology,A0149,08:00,P1,high,2.0,vsl_required,2026-05-18 08:55:00,535,08:55,170,2026-05-18 11:45:00,705,11:45,15,1,25,9.813,14.02,9.813,H2,8.908,1,catchment_near_assigned_hospital,10,observed_user_table,CH Roanne chemotherapy: 30/day.
P548,HOME_P548,46.135746386382586,4.063287429851758,H1,external,A0352,09:30,P3,low,1.0,standard_assis,2026-05-18 09:45:00,585,09:45,25,2026-05-18 10:10:00,610,10:10,35,1,45,11.495,16.42,11.495,H1,11.495,1,catchment_near_assigned_hospital,18,computed_from_user_table,External visits: 75/day * 15% using fleet.
P549,HOME_P549,46.07379687744,4.1679783121119565,H1,other,A0333,16:00,P2,medium,1.5,standard_assis,2026-05-18 16:25:00,985,16:25,70,2026-05-18 17:35:00,1055,17:35,25,1,35,9.62,13.74,9.62,H1,9.62,1,catchment_near_assigned_hospital,12,observed_user_table,CH Roanne other: 49/day.
P550,HOME_P550,46.072120090293936,3.9854781546561036,H1,other,A0241,08:30,P2,medium,1.5,standard_assis,2026-05-18 08:30:00,510,08:30,85,2026-05-18 09:55:00,595,09:55,25,1,35,8.809,12.58,8.809,H3,8.712,1,catchment_near_assigned_hospital,12,observed_user_table,CH Roanne other: 49/day.
P551,HOME_P551,45.989966074669404,4.170760296074531,H1,other,A0271,10:30,P2,medium,1.5,standard_assis,2026-05-18 11:45:00,705,11:45,105,2026-05-18 13:30:00,810,13:30,25,1,35,12.925,18.46,12.925,H2,12.525,1,catchment_near_assigned_hospital,12,observed_user_table,CH Roanne other: 49/day.
P552,HOME_P552,45.996612908610395,4.11102364761425,H2,oncology,A0486,13:00,P1,high,2.0,vsl_required,2026-05-18 13:20:00,800,13:20,155,2026-05-18 15:55:00,955,15:55,15,1,25,7.947,11.35,7.947,H2,7.947,1,catchment_near_assigned_hospital,10,assumption_to_validate,Renaison oncology: assumed 16/day.
P553,HOME_P553,46.12872713071946,4.169690978666231,H1,other,A0282,10:30,P2,medium,1.5,standard_assis,2026-05-18 10:50:00,650,10:50,85,2026-05-18 12:15:00,735,12:15,25,1,35,14.047,20.07,14.047,H1,14.047,1,catchment_near_assigned_hospital,12,observed_user_table,CH Roanne other: 49/day.
P554,HOME_P554,45.9933892791099,4.019320309578127,H1,dialysis,A0043,08:00,P1,high,2.0,prescription_medicale,2026-05-18 08:20:00,500,08:20,240,2026-05-18 12:20:00,740,12:20,15,1,25,9.792,13.99,9.792,H2,8.699,1,catchment_near_assigned_hospital,8,observed_user_table,"CH Roanne dialysis: 53/day. 26 morning, 23 noon, 4 evening."
P555,HOME_P555,46.084810170334265,3.987567948706309,H1,other,A0272,10:30,P2,medium,1.5,prescription_medicale,2026-05-18 11:55:00,715,11:55,75,2026-05-18 13:10:00,790,13:10,25,1,35,9.305,13.29,9.305,H1,9.305,1,catchment_near_assigned_hospital,12,observed_user_table,CH Roanne other: 49/day.
P556,HOME_P556,46.05655159856902,3.997357755956504,H1,dialysis,A0107,13:00,P1,high,2.0,vsl_required,2026-05-18 13:50:00,830,13:50,240,2026-05-18 17:50:00,1070,17:50,15,1,25,7.281,10.4,7.281,H2,7.055,1,catchment_near_assigned_hospital,8,observed_user_table,"CH Roanne dialysis: 53/day. 26 morning, 23 noon, 4 evening."
P557,HOME_P557,46.043629266910216,4.13395605255427,H2,other,A0546,10:30,P2,medium,1.5,prescription_medicale,2026-05-18 11:40:00,700,11:40,25,2026-05-18 12:05:00,725,12:05,25,1,35,6.293,8.99,6.293,H1,6.06,1,catchment_near_assigned_hospital,12,assumption_to_validate,Renaison other: assumed 36/day.
P558,HOME_P558,46.009580960231204,4.1095177257293125,H1,other,A0292,10:30,P2,medium,1.5,standard_assis,2026-05-18 10:45:00,645,10:45,110,2026-05-18 12:35:00,755,12:35,25,1,35,7.039,10.06,7.039,H2,6.375,1,catchment_near_assigned_hospital,12,observed_user_table,CH Roanne other: 49/day.
P559,HOME_P559,45.978946580787074,4.058500170070091,H1,other,A0322,14:00,P2,medium,1.5,standard_assis,2026-05-18 14:55:00,895,14:55,115,2026-05-18 16:50:00,1010,16:50,25,1,35,10.425,14.89,10.425,H2,9.331,1,catchment_near_assigned_hospital,12,observed_user_table,CH Roanne other: 49/day.
P560,HOME_P560,46.05079047512974,4.117416067119409,H1,dialysis,A0047,08:00,P1,high,2.0,prescription_medicale,2026-05-18 08:35:00,515,08:35,240,2026-05-18 12:35:00,755,12:35,15,1,25,4.327,6.18,4.327,H1,4.327,1,catchment_near_assigned_hospital,8,observed_user_table,"CH Roanne dialysis: 53/day. 26 morning, 23 noon, 4 evening."
P561,HOME_P561,46.08343963263424,4.1514911557064496,H3,dialysis,A0621,13:00,P1,high,2.0,vsl_required,2026-05-18 13:35:00,815,13:35,260,2026-05-18 17:55:00,1075,17:55,15,1,25,9.13,13.04,9.13,H1,8.676,1,catchment_near_assigned_hospital,8,assumption_to_validate,Third dialysis center: assumed 24/day.
P562,HOME_P562,46.03893278583114,4.124871586368794,H3,dialysis,A0603,08:00,P1,high,2.0,prescription_medicale,2026-05-18 08:20:00,500,08:20,240,2026-05-18 12:20:00,740,12:20,15,1,25,5.513,7.88,5.513,H1,5.415,1,catchment_near_assigned_hospital,8,assumption_to_validate,Third dialysis center: assumed 24/day.
P563,HOME_P563,46.08858491671779,3.9883835788992497,H1,oncology,A0156,08:00,P1,high,2.0,vsl_required,2026-05-18 08:25:00,505,08:25,150,2026-05-18 10:55:00,655,10:55,15,1,25,9.495,13.56,9.495,H1,9.495,1,catchment_near_assigned_hospital,10,observed_user_table,CH Roanne chemotherapy: 30/day.
P564,HOME_P564,46.09401442884608,4.025758911377583,H1,dialysis,A0133,17:00,P1,high,2.0,prescription_medicale,2026-05-18 17:30:00,1050,17:30,240,2026-05-18 21:30:00,1290,21:30,15,1,25,7.247,10.35,7.247,H1,7.247,1,catchment_near_assigned_hospital,8,observed_user_table,"CH Roanne dialysis: 53/day. 26 morning, 23 noon, 4 evening."
P565,HOME_P565,46.069462534167606,4.049710855724303,H1,other,A0254,08:30,P2,medium,1.5,prescription_medicale,2026-05-18 09:10:00,550,09:10,70,2026-05-18 10:20:00,620,10:20,25,1,35,3.156,5.0,3.156,H1,3.156,1,catchment_near_assigned_hospital,12,observed_user_table,CH Roanne other: 49/day.
P566,HOME_P566,46.07979287694573,4.151504032939533,H1,other,A0287,10:30,P2,medium,1.5,prescription_medicale,2026-05-18 11:05:00,665,11:05,95,2026-05-18 12:40:00,760,12:40,25,1,35,8.445,12.06,8.445,H1,8.445,1,catchment_near_assigned_hospital,12,observed_user_table,CH Roanne other: 49/day.
P567,HOME_P567,46.10969253273972,4.0080905652830054,H1,dialysis,A0063,08:00,P1,high,2.0,prescription_medicale,2026-05-18 08:25:00,505,08:25,240,2026-05-18 12:25:00,745,12:25,15,1,25,10.012,14.3,10.012,H1,10.012,1,catchment_near_assigned_hospital,8,observed_user_table,"CH Roanne dialysis: 53/day. 26 morning, 23 noon, 4 evening."
P568,HOME_P568,46.095736823379035,4.003727107769383,H2,oncology,A0454,08:00,P1,high,2.0,standard_assis,2026-05-18 08:20:00,500,08:20,95,2026-05-18 09:55:00,595,09:55,15,1,25,9.367,13.38,9.367,H1,8.889,1,catchment_near_assigned_hospital,10,assumption_to_validate,Renaison oncology: assumed 16/day.
P569,HOME_P569,46.12639248566976,4.1759467266142885,H1,other,A0219,08:30,P2,medium,1.5,standard_assis,2026-05-18 09:20:00,560,09:20,70,2026-05-18 10:30:00,630,10:30,25,1,35,14.222,20.32,14.222,H1,14.222,1,catchment_near_assigned_hospital,12,observed_user_table,CH Roanne other: 49/day.
P570,HOME_P570,46.07365915191883,4.008604416169894,H3,dialysis,A0615,08:00,P1,high,2.0,vsl_required,2026-05-18 08:50:00,530,08:50,230,2026-05-18 12:40:00,760,12:40,15,1,25,6.773,9.68,6.773,H3,6.773,1,catchment_near_assigned_hospital,8,assumption_to_validate,Third dialysis center: assumed 24/day.
P571,HOME_P571,46.02628144631732,4.132526377280107,H2,dialysis,A0420,13:00,P1,high,2.0,prescription_medicale,2026-05-18 13:10:00,790,13:10,230,2026-05-18 17:00:00,1020,17:00,15,1,25,6.715,9.59,6.715,H2,6.715,1,catchment_near_assigned_hospital,8,assumption_to_validate,Renaison dialysis: assumed 30/day.
P572,HOME_P572,46.04582035197376,4.103102830356225,H2,other,A0548,10:30,P2,medium,1.5,standard_assis,2026-05-18 11:45:00,705,11:45,25,2026-05-18 12:10:00,730,12:10,25,1,35,3.309,5.0,3.309,H1,3.112,1,catchment_near_assigned_hospital,12,assumption_to_validate,Renaison other: assumed 36/day.
P573,HOME_P573,46.0445786533947,3.9929539712818456,H1,other,A0300,10:30,P2,medium,1.5,standard_assis,2026-05-18 11:20:00,680,11:20,105,2026-05-18 13:05:00,785,13:05,25,1,35,7.788,11.13,7.788,H2,7.319,1,catchment_near_assigned_hospital,12,observed_user_table,CH Roanne other: 49/day.
P574,HOME_P574,46.00486796262524,4.044102642848602,H2,other,A0580,16:30,P2,medium,1.5,prescription_medicale,2026-05-18 17:25:00,1045,17:25,30,2026-05-18 17:55:00,1075,17:55,25,1,35,6.156,8.79,6.156,H2,6.156,1,catchment_near_assigned_hospital,12,assumption_to_validate,Renaison other: assumed 36/day.
P575,HOME_P575,46.10067450231474,4.0477900923667285,H1,dialysis,A0108,13:00,P1,high,2.0,prescription_medicale,2026-05-18 13:05:00,785,13:05,240,2026-05-18 17:05:00,1025,17:05,15,1,25,7.009,10.01,7.009,H1,7.009,1,catchment_near_assigned_hospital,8,observed_user_table,"CH Roanne dialysis: 53/day. 26 morning, 23 noon, 4 evening."
P576,HOME_P576,46.087299804545665,4.038152879455308,H1,dialysis,A0044,08:00,P1,high,2.0,vsl_required,2026-05-18 08:30:00,510,08:30,240,2026-05-18 12:30:00,750,12:30,15,1,25,5.782,8.26,5.782,H1,5.782,1,catchment_near_assigned_hospital,8,observed_user_table,"CH Roanne dialysis: 53/day. 26 morning, 23 noon, 4 evening."
P577,HOME_P577,46.083797890484426,4.141131300925315,H1,dialysis,A0001,08:00,P1,high,2.0,vsl_required,2026-05-18 08:40:00,520,08:40,240,2026-05-18 12:40:00,760,12:40,15,1,25,7.843,11.2,7.843,H1,7.843,1,catchment_near_assigned_hospital,8,observed_user_table,"CH Roanne dialysis: 53/day. 26 morning, 23 noon, 4 evening."
P578,HOME_P578,46.01115737022354,4.129342968122003,H2,dialysis,A0441,13:00,P1,high,2.0,vsl_required,2026-05-18 13:15:00,795,13:15,215,2026-05-18 16:50:00,1010,16:50,15,1,25,7.562,10.8,7.562,H2,7.562,1,catchment_near_assigned_hospital,8,assumption_to_validate,Renaison dialysis: assumed 30/day.
P579,HOME_P579,45.95135595302893,4.060725585265965,H1,other,A0247,08:30,P2,medium,1.5,standard_assis,2026-05-18 09:55:00,595,09:55,60,2026-05-18 10:55:00,655,10:55,25,1,35,14.217,20.31,14.217,H2,13.136,1,catchment_near_assigned_hospital,12,observed_user_table,CH Roanne other: 49/day.
P580,HOME_P580,46.054473787239324,4.1143266865907435,H1,oncology,A0197,11:00,P1,high,2.0,prescription_medicale,2026-05-18 11:45:00,705,11:45,180,2026-05-18 14:45:00,885,14:45,15,1,25,4.019,5.74,4.019,H1,4.019,1,catchment_near_assigned_hospital,10,observed_user_table,CH Roanne chemotherapy: 30/day.
P581,HOME_P581,46.09959188810828,4.088513165918874,H1,oncology,A0139,08:00,P1,high,2.0,prescription_medicale,2026-05-18 08:25:00,505,08:25,160,2026-05-18 11:05:00,665,11:05,15,1,25,6.612,9.45,6.612,H1,6.612,1,catchment_near_assigned_hospital,10,observed_user_table,CH Roanne chemotherapy: 30/day.
P582,HOME_P582,46.07252726314357,4.045926305459221,H1,oncology,A0216,14:00,P1,high,2.0,standard_assis,2026-05-18 14:40:00,880,14:40,160,2026-05-18 17:20:00,1040,17:20,15,1,25,3.716,5.31,3.716,H1,3.716,1,catchment_near_assigned_hospital,10,observed_user_table,CH Roanne chemotherapy: 30/day.
P583,HOME_P583,46.086518566634545,4.072094735664313,H1,dialysis,A0087,13:00,P1,high,2.0,vsl_required,2026-05-18 13:05:00,785,13:05,240,2026-05-18 17:05:00,1025,17:05,15,1,25,4.618,6.6,4.618,H1,4.618,1,catchment_near_assigned_hospital,8,observed_user_table,"CH Roanne dialysis: 53/day. 26 morning, 23 noon, 4 evening."
P584,HOME_P584,46.094048808454275,4.066277735838112,H1,dialysis,A0109,13:00,P1,high,2.0,vsl_required,2026-05-18 13:15:00,795,13:15,240,2026-05-18 17:15:00,1035,17:15,15,1,25,5.698,8.14,5.698,H1,5.698,1,catchment_near_assigned_hospital,8,observed_user_table,"CH Roanne dialysis: 53/day. 26 morning, 23 noon, 4 evening."
P585,HOME_P585,46.09758549463068,4.051029556751662,H1,external,A0356,10:30,P3,low,1.0,prescription_medicale,2026-05-18 11:10:00,670,11:10,20,2026-05-18 11:30:00,690,11:30,35,1,45,6.5,9.29,6.5,H1,6.5,1,catchment_near_assigned_hospital,18,computed_from_user_table,External visits: 75/day * 15% using fleet.
P586,HOME_P586,46.0313419149015,4.021098673915422,H1,dialysis,A0129,17:00,P1,high,2.0,prescription_medicale,2026-05-18 17:00:00,1020,17:00,240,2026-05-18 21:00:00,1260,21:00,15,1,25,5.84,8.34,5.84,H2,5.017,1,catchment_near_assigned_hospital,8,observed_user_table,"CH Roanne dialysis: 53/day. 26 morning, 23 noon, 4 evening."
P587,HOME_P587,46.11595589886967,4.126959670772742,H1,other,A0261,08:30,P2,medium,1.5,standard_assis,2026-05-18 09:05:00,545,09:05,70,2026-05-18 10:15:00,615,10:15,25,1,35,10.159,14.51,10.159,H1,10.159,1,catchment_near_assigned_hospital,12,observed_user_table,CH Roanne other: 49/day.
P588,HOME_P588,46.043431996162475,4.183004028076348,H1,other,A0312,14:00,P2,medium,1.5,standard_assis,2026-05-18 14:30:00,870,14:30,115,2026-05-18 16:25:00,985,16:25,25,1,35,10.729,15.33,10.729,H1,10.729,1,catchment_near_assigned_hospital,12,observed_user_table,CH Roanne other: 49/day.
P589,HOME_P589,45.97861149341336,4.167360603443129,H2,other,A0528,08:30,P2,medium,1.5,prescription_medicale,2026-05-18 09:15:00,555,09:15,40,2026-05-18 09:55:00,595,09:55,25,1,35,13.322,19.03,13.322,H2,13.322,1,catchment_near_assigned_hospital,12,assumption_to_validate,Renaison other: assumed 36/day.
P590,HOME_P590,46.09826248722677,3.941946012439474,H1,other,A0291,10:30,P2,medium,1.5,standard_assis,2026-05-18 11:50:00,710,11:50,80,2026-05-18 13:10:00,790,13:10,25,1,35,14.071,20.1,14.071,H3,14.052,1,catchment_near_assigned_hospital,12,observed_user_table,CH Roanne other: 49/day.
P591,HOME_P591,46.00680217920375,4.061932113425911,H2,dialysis,A0429,13:00,P1,high,2.0,vsl_required,2026-05-18 13:15:00,795,13:15,210,2026-05-18 16:45:00,1005,16:45,15,1,25,5.447,7.78,5.447,H2,5.447,1,catchment_near_assigned_hospital,8,assumption_to_validate,Renaison dialysis: assumed 30/day.
P592,HOME_P592,46.102325817789634,4.059181453299437,H3,dialysis,A0644,13:00,P1,high,2.0,vsl_required,2026-05-18 13:00:00,780,13:00,270,2026-05-18 17:30:00,1050,17:30,15,1,25,7.347,10.5,7.347,H1,6.938,1,catchment_near_assigned_hospital,8,assumption_to_validate,Third dialysis center: assumed 24/day.
P593,HOME_P593,46.001598936592565,4.201238056699947,H1,other,A0220,08:30,P2,medium,1.5,standard_assis,2026-05-18 08:50:00,530,08:50,65,2026-05-18 09:55:00,595,09:55,25,1,35,14.336,20.48,14.336,H2,14.176,1,catchment_near_assigned_hospital,12,observed_user_table,CH Roanne other: 49/day.
P594,HOME_P594,46.026760137307704,4.070456057096357,H1,dialysis,A0006,08:00,P1,high,2.0,prescription_medicale,2026-05-18 08:50:00,530,08:50,240,2026-05-18 12:50:00,770,12:50,15,1,25,3.695,5.28,3.695,H2,2.637,1,catchment_near_assigned_hospital,8,observed_user_table,"CH Roanne dialysis: 53/day. 26 morning, 23 noon, 4 evening."
P595,HOME_P595,46.02476920362915,4.147863170306482,H1,dialysis,A0075,13:00,P1,high,2.0,vsl_required,2026-05-18 13:00:00,780,13:00,240,2026-05-18 17:00:00,1020,17:00,15,1,25,8.266,11.81,8.266,H2,8.165,1,catchment_near_assigned_hospital,8,observed_user_table,"CH Roanne dialysis: 53/day. 26 morning, 23 noon, 4 evening."
P596,HOME_P596,46.075271973305696,4.054421609522744,H2,other,A0552,14:00,P2,medium,1.5,standard_assis,2026-05-18 14:05:00,845,14:05,30,2026-05-18 14:35:00,875,14:35,25,1,35,4.338,6.2,4.338,H1,3.526,1,catchment_near_assigned_hospital,12,assumption_to_validate,Renaison other: assumed 36/day.
P597,HOME_P597,46.07820828250191,3.980944276773379,H1,other,A0293,10:30,P2,medium,1.5,prescription_medicale,2026-05-18 11:35:00,695,11:35,105,2026-05-18 13:20:00,800,13:20,25,1,35,9.502,13.57,9.502,H3,9.441,1,catchment_near_assigned_hospital,12,observed_user_table,CH Roanne other: 49/day.
P598,HOME_P598,45.99697069980964,4.016669054864305,H1,other,A0223,08:30,P2,medium,1.5,premium,2026-05-18 09:00:00,540,09:00,85,2026-05-18 10:25:00,625,10:25,25,1,35,9.515,13.59,9.515,H2,8.437,1,catchment_near_assigned_hospital,12,observed_user_table,CH Roanne other: 49/day.
P599,HOME_P599,45.99831036672189,4.132786075267954,H1,dialysis,A0064,08:00,P1,high,2.0,vsl_required,2026-05-18 08:20:00,500,08:20,240,2026-05-18 12:20:00,740,12:20,15,1,25,9.594,13.71,9.594,H2,9.029,1,catchment_near_assigned_hospital,8,observed_user_table,"CH Roanne dialysis: 53/day. 26 morning, 23 noon, 4 evening."
P600,HOME_P600,46.06691286831376,3.9866043967991933,H1,dialysis,A0095,13:00,P1,high,2.0,prescription_medicale,2026-05-18 13:10:00,790,13:10,240,2026-05-18 17:10:00,1030,17:10,15,1,25,8.517,12.17,8.517,H3,8.38,1,catchment_near_assigned_hospital,8,observed_user_table,"CH Roanne dialysis: 53/day. 26 morning, 23 noon, 4 evening."
P601,HOME_P601,46.03683307548569,4.140859380147955,H1,dialysis,A0071,13:00,P1,high,2.0,prescription_medicale,2026-05-18 13:15:00,795,13:15,240,2026-05-18 17:15:00,1035,17:15,15,1,25,6.963,9.95,6.963,H1,6.963,1,catchment_near_assigned_hospital,8,observed_user_table,"CH Roanne dialysis: 53/day. 26 morning, 23 noon, 4 evening."
P602,HOME_P602,46.05310478013388,4.014980165393957,H2,dialysis,A0389,08:00,P1,high,2.0,prescription_medicale,2026-05-18 08:05:00,485,08:05,210,2026-05-18 11:35:00,695,11:35,15,1,25,5.293,7.56,5.293,H2,5.293,1,catchment_near_assigned_hospital,8,assumption_to_validate,Renaison dialysis: assumed 30/day.
P603,HOME_P603,45.99028448476402,4.065318869609959,H3,dialysis,A0608,08:00,P1,high,2.0,prescription_medicale,2026-05-18 08:20:00,500,08:20,220,2026-05-18 12:00:00,720,12:00,15,1,25,8.312,11.87,8.312,H2,7.71,1,catchment_near_assigned_hospital,8,assumption_to_validate,Third dialysis center: assumed 24/day.
P604,HOME_P604,46.131937322417386,4.094257562646218,H1,oncology,A0169,08:00,P1,high,2.0,prescription_medicale,2026-05-18 08:20:00,500,08:20,175,2026-05-18 11:15:00,675,11:15,15,1,25,11.126,15.89,11.126,H1,11.126,1,catchment_near_assigned_hospital,10,observed_user_table,CH Roanne chemotherapy: 30/day.
P605,HOME_P605,46.07778064864443,4.090691854790588,H1,oncology,A0215,14:00,P1,high,2.0,vsl_required,2026-05-18 14:25:00,865,14:25,180,2026-05-18 17:25:00,1045,17:25,15,1,25,3.82,5.46,3.82,H1,3.82,1,catchment_near_assigned_hospital,10,observed_user_table,CH Roanne chemotherapy: 30/day.
P606,HOME_P606,46.02101547554224,4.041290441773063,H1,dialysis,A0031,08:00,P1,high,2.0,prescription_medicale,2026-05-18 08:25:00,505,08:25,240,2026-05-18 12:25:00,745,12:25,15,1,25,5.415,7.74,5.415,H2,4.338,1,catchment_near_assigned_hospital,8,observed_user_table,"CH Roanne dialysis: 53/day. 26 morning, 23 noon, 4 evening."
P607,HOME_P607,46.041035498814644,3.9610401566794913,H1,other,A0327,14:00,P2,medium,1.5,standard_assis,2026-05-18 14:25:00,865,14:25,70,2026-05-18 15:35:00,935,15:35,25,1,35,10.906,15.58,10.906,H2,10.417,1,catchment_near_assigned_hospital,12,observed_user_table,CH Roanne other: 49/day.
P608,HOME_P608,46.01261857848564,4.088333868958274,H1,external,A0364,13:30,P3,low,1.0,standard_assis,2026-05-18 14:25:00,865,14:25,20,2026-05-18 14:45:00,885,14:45,35,1,45,5.852,8.36,5.852,H2,4.97,1,catchment_near_assigned_hospital,18,computed_from_user_table,External visits: 75/day * 15% using fleet.
P609,HOME_P609,45.95888746947814,4.094688691882769,H2,other,A0504,08:30,P2,medium,1.5,prescription_medicale,2026-05-18 08:40:00,520,08:40,25,2026-05-18 09:05:00,545,09:05,25,1,35,12.323,17.6,12.323,H2,12.323,1,catchment_near_assigned_hospital,12,assumption_to_validate,Renaison other: assumed 36/day.
P610,HOME_P610,46.10120687215401,4.193819332407079,H1,external,A0370,15:30,P3,low,1.0,standard_assis,2026-05-18 15:45:00,945,15:45,30,2026-05-18 16:15:00,975,16:15,35,1,45,13.443,19.2,13.443,H1,13.443,1,catchment_near_assigned_hospital,18,computed_from_user_table,External visits: 75/day * 15% using fleet.
P611,HOME_P611,46.02666569739894,4.051381457639838,H2,oncology,A0467,08:00,P1,high,2.0,prescription_medicale,2026-05-18 08:05:00,485,08:05,325,2026-05-18 13:30:00,810,13:30,15,1,25,3.134,5.0,3.134,H2,3.134,1,catchment_near_assigned_hospital,10,assumption_to_validate,Renaison oncology: assumed 16/day.
P612,HOME_P612,46.01692570963827,4.168891633581222,H1,external,A0366,14:30,P3,low,1.0,standard_assis,2026-05-18 15:35:00,935,15:35,20,2026-05-18 15:55:00,955,15:55,35,1,45,10.569,15.1,10.569,H2,10.454,1,catchment_near_assigned_hospital,18,computed_from_user_table,External visits: 75/day * 15% using fleet.
P613,HOME_P613,46.09407745420323,4.174699752051947,H2,other,A0561,14:00,P2,medium,1.5,prescription_medicale,2026-05-18 14:30:00,870,14:30,40,2026-05-18 15:10:00,910,15:10,25,1,35,12.227,17.47,12.227,H1,11.351,1,catchment_near_assigned_hospital,12,assumption_to_validate,Renaison other: assumed 36/day.
P614,HOME_P614,45.98613224325267,4.052933719285907,H1,other,A0332,16:00,P2,medium,1.5,standard_assis,2026-05-18 17:10:00,1030,17:10,90,2026-05-18 18:40:00,1120,18:40,25,1,35,9.529,13.61,9.529,H2,8.42,1,catchment_near_assigned_hospital,12,observed_user_table,CH Roanne other: 49/day.
P615,HOME_P615,46.093421666182145,3.9557114173153987,H2,other,A0544,10:30,P2,medium,1.5,prescription_medicale,2026-05-18 11:55:00,715,11:55,25,2026-05-18 12:20:00,740,12:20,25,1,35,12.764,18.23,12.764,H3,12.565,1,catchment_near_assigned_hospital,12,assumption_to_validate,Renaison other: assumed 36/day.
P616,HOME_P616,46.06840041178336,3.981492407806344,H1,dialysis,A0032,08:00,P1,high,2.0,prescription_medicale,2026-05-18 08:00:00,480,08:00,240,2026-05-18 12:00:00,720,12:00,15,1,25,9.044,12.92,9.044,H3,8.911,1,catchment_near_assigned_hospital,8,observed_user_table,"CH Roanne dialysis: 53/day. 26 morning, 23 noon, 4 evening."
P617,HOME_P617,46.00394504587194,4.0098992586814,H3,dialysis,A0641,13:00,P1,high,2.0,vsl_required,2026-05-18 13:40:00,820,13:40,230,2026-05-18 17:30:00,1050,17:30,15,1,25,8.638,12.34,8.638,H2,8.124,1,catchment_near_assigned_hospital,8,assumption_to_validate,Third dialysis center: assumed 24/day.
P618,HOME_P618,46.040244419339466,4.201742204872732,H2,other,A0560,14:00,P2,medium,1.5,standard_assis,2026-05-18 15:05:00,905,15:05,25,2026-05-18 15:30:00,930,15:30,25,1,35,12.848,18.35,12.848,H1,12.58,1,catchment_near_assigned_hospital,12,assumption_to_validate,Renaison other: assumed 36/day.
P619,HOME_P619,46.10449358329183,4.041924260232878,H2,other,A0586,16:30,P2,medium,1.5,vsl_required,2026-05-18 17:35:00,1055,17:35,40,2026-05-18 18:15:00,1095,18:15,25,1,35,8.573,12.25,8.573,H1,7.709,1,catchment_near_assigned_hospital,12,assumption_to_validate,Renaison other: assumed 36/day.
P620,HOME_P620,45.98136653558659,4.100266350858137,H2,dialysis,A0395,08:00,P1,high,2.0,vsl_required,2026-05-18 08:25:00,505,08:25,245,2026-05-18 12:30:00,750,12:30,15,1,25,9.444,13.49,9.444,H2,9.444,1,catchment_near_assigned_hospital,8,assumption_to_validate,Renaison dialysis: assumed 30/day.
P621,HOME_P621,46.11359433687085,4.01491283878617,H1,other,A0277,10:30,P2,medium,1.5,standard_assis,2026-05-18 11:30:00,690,11:30,115,2026-05-18 13:25:00,805,13:25,25,1,35,10.063,14.38,10.063,H1,10.063,1,catchment_near_assigned_hospital,12,observed_user_table,CH Roanne other: 49/day.
P622,HOME_P622,45.999380481537514,4.17736066658474,H2,other,A0570,14:00,P2,medium,1.5,standard_assis,2026-05-18 15:00:00,900,15:00,40,2026-05-18 15:40:00,940,15:40,25,1,35,12.298,17.57,12.298,H2,12.298,1,catchment_near_assigned_hospital,12,assumption_to_validate,Renaison other: assumed 36/day.
P623,HOME_P623,46.03656477399169,4.1213399098744725,H2,dialysis,A0447,13:00,P1,high,2.0,vsl_required,2026-05-18 13:05:00,785,13:05,240,2026-05-18 17:05:00,1025,17:05,15,1,25,5.226,7.47,5.226,H2,5.226,1,catchment_near_assigned_hospital,8,assumption_to_validate,Renaison dialysis: assumed 30/day.
P624,HOME_P624,46.061780310232855,4.172404609610951,H2,oncology,A0485,13:00,P1,high,2.0,vsl_required,2026-05-18 13:55:00,835,13:55,285,2026-05-18 18:40:00,1120,18:40,15,1,25,10.241,14.63,10.241,H1,9.689,1,catchment_near_assigned_hospital,10,assumption_to_validate,Renaison oncology: assumed 16/day.
P625,HOME_P625,46.09108598784568,4.0439567623116535,H2,dialysis,A0378,08:00,P1,high,2.0,vsl_required,2026-05-18 08:40:00,520,08:40,255,2026-05-18 12:55:00,775,12:55,15,1,25,6.748,9.64,6.748,H1,5.938,1,catchment_near_assigned_hospital,8,assumption_to_validate,Renaison dialysis: assumed 30/day.
P626,HOME_P626,46.03809294041862,3.9886369943271314,H2,other,A0574,14:00,P2,medium,1.5,standard_assis,2026-05-18 14:45:00,885,14:45,30,2026-05-18 15:15:00,915,15:15,25,1,35,7.806,11.15,7.806,H2,7.806,1,catchment_near_assigned_hospital,12,assumption_to_validate,Renaison other: assumed 36/day.
P627,HOME_P627,46.05793089022782,4.144374013424317,H2,oncology,A0493,15:00,P1,high,2.0,vsl_required,2026-05-18 15:30:00,930,15:30,255,2026-05-18 19:45:00,1185,19:45,15,1,25,7.486,10.69,7.486,H1,6.943,1,catchment_near_assigned_hospital,10,assumption_to_validate,Renaison oncology: assumed 16/day.
P628,HOME_P628,46.08068397688952,3.9912978534126844,H3,dialysis,A0617,08:00,P1,high,2.0,prescription_medicale,2026-05-18 08:50:00,530,08:50,265,2026-05-18 13:15:00,795,13:15,15,1,25,8.706,12.44,8.706,H3,8.706,1,catchment_near_assigned_hospital,8,assumption_to_validate,Third dialysis center: assumed 24/day.
P629,HOME_P629,46.15752518439364,4.011135124781697,H1,external,A0346,08:30,P3,low,1.0,prescription_medicale,2026-05-18 09:35:00,575,09:35,20,2026-05-18 09:55:00,595,09:55,35,1,45,15.654,22.36,15.654,H1,15.654,1,catchment_near_assigned_hospital,18,computed_from_user_table,External visits: 75/day * 15% using fleet.
P630,HOME_P630,46.065531261746116,4.0327922710078274,H3,dialysis,A0620,13:00,P1,high,2.0,vsl_required,2026-05-18 13:20:00,800,13:20,265,2026-05-18 17:45:00,1065,17:45,15,1,25,4.188,5.98,4.188,H3,4.188,1,catchment_near_assigned_hospital,8,assumption_to_validate,Third dialysis center: assumed 24/day.
P631,HOME_P631,46.02509487249928,4.089714612296688,H1,other,A0255,08:30,P2,medium,1.5,standard_assis,2026-05-18 09:40:00,580,09:40,90,2026-05-18 11:10:00,670,11:10,25,1,35,4.25,6.07,4.25,H2,3.504,1,catchment_near_assigned_hospital,12,observed_user_table,CH Roanne other: 49/day.
P632,HOME_P632,46.123842291064044,4.150265251851671,H1,external,A0351,09:30,P3,low,1.0,standard_assis,2026-05-18 10:10:00,610,10:10,25,2026-05-18 10:35:00,635,10:35,35,1,45,12.331,17.62,12.331,H1,12.331,1,catchment_near_assigned_hospital,18,computed_from_user_table,External visits: 75/day * 15% using fleet.
P633,HOME_P633,46.04394694156145,4.037087537565898,H1,dialysis,A0119,13:00,P1,high,2.0,vsl_required,2026-05-18 13:50:00,830,13:50,240,2026-05-18 17:50:00,1070,17:50,15,1,25,3.673,5.25,3.673,H2,3.069,1,catchment_near_assigned_hospital,8,observed_user_table,"CH Roanne dialysis: 53/day. 26 morning, 23 noon, 4 evening."
P634,HOME_P634,46.04933042915923,4.1224164666719485,H2,dialysis,A0408,08:00,P1,high,2.0,vsl_required,2026-05-18 08:05:00,485,08:05,265,2026-05-18 12:30:00,750,12:30,15,1,25,5.197,7.42,5.197,H1,4.827,1,catchment_near_assigned_hospital,8,assumption_to_validate,Renaison dialysis: assumed 30/day.
P635,HOME_P635,46.07052526232927,4.10696240572586,H1,dialysis,A0073,13:00,P1,high,2.0,vsl_required,2026-05-18 13:40:00,820,13:40,240,2026-05-18 17:40:00,1060,17:40,15,1,25,4.081,5.83,4.081,H1,4.081,1,catchment_near_assigned_hospital,8,observed_user_table,"CH Roanne dialysis: 53/day. 26 morning, 23 noon, 4 evening."
P636,HOME_P636,45.99595157716373,3.953670668276009,H2,other,A0553,14:00,P2,medium,1.5,standard_assis,2026-05-18 15:10:00,910,15:10,25,2026-05-18 15:35:00,935,15:35,25,1,35,13.088,18.7,13.088,H2,13.088,1,catchment_near_assigned_hospital,12,assumption_to_validate,Renaison other: assumed 36/day.
P637,HOME_P637,45.994882348547485,4.018251568189914,H1,oncology,A0164,08:00,P1,high,2.0,vsl_required,2026-05-18 08:15:00,495,08:15,180,2026-05-18 11:15:00,675,11:15,15,1,25,9.672,13.82,9.672,H2,8.584,1,catchment_near_assigned_hospital,10,observed_user_table,CH Roanne chemotherapy: 30/day.
P638,HOME_P638,46.060108384372285,4.065310518736331,H1,oncology,A0201,11:00,P1,high,2.0,prescription_medicale,2026-05-18 11:40:00,700,11:40,180,2026-05-18 14:40:00,880,14:40,15,1,25,1.185,5.0,1.185,H1,1.185,1,catchment_near_assigned_hospital,10,observed_user_table,CH Roanne chemotherapy: 30/day.
P639,HOME_P639,45.95723488815335,4.072283168105953,H2,other,A0555,14:00,P2,medium,1.5,vsl_required,2026-05-18 14:55:00,895,14:55,40,2026-05-18 15:35:00,935,15:35,25,1,35,12.301,17.57,12.301,H2,12.301,1,catchment_near_assigned_hospital,12,assumption_to_validate,Renaison other: assumed 36/day.
P640,HOME_P640,46.09999883456071,4.05427753438651,H1,dialysis,A0111,13:00,P1,high,2.0,vsl_required,2026-05-18 13:40:00,820,13:40,240,2026-05-18 17:40:00,1060,17:40,15,1,25,6.73,9.61,6.73,H1,6.73,1,catchment_near_assigned_hospital,8,observed_user_table,"CH Roanne dialysis: 53/day. 26 morning, 23 noon, 4 evening."
P641,HOME_P641,46.01056090055321,4.118032519650054,H1,dialysis,A0062,08:00,P1,high,2.0,prescription_medicale,2026-05-18 08:05:00,485,08:05,240,2026-05-18 12:05:00,725,12:05,15,1,25,7.377,10.54,7.377,H2,6.814,1,catchment_near_assigned_hospital,8,observed_user_table,"CH Roanne dialysis: 53/day. 26 morning, 23 noon, 4 evening."
P642,HOME_P642,46.04412054791025,4.0172388216841215,H1,other,A0225,08:30,P2,medium,1.5,standard_assis,2026-05-18 09:55:00,595,09:55,95,2026-05-18 11:30:00,690,11:30,25,1,35,5.5,7.86,5.5,H2,4.979,1,catchment_near_assigned_hospital,12,observed_user_table,CH Roanne other: 49/day.
P643,HOME_P643,45.99593284906905,4.137510933211331,H2,other,A0573,14:00,P2,medium,1.5,standard_assis,2026-05-18 14:40:00,880,14:40,30,2026-05-18 15:10:00,910,15:10,25,1,35,9.583,13.69,9.583,H2,9.583,1,catchment_near_assigned_hospital,12,assumption_to_validate,Renaison other: assumed 36/day.
P644,HOME_P644,46.01129585334307,4.205668920419161,H2,other,A0522,08:30,P2,medium,1.5,standard_assis,2026-05-18 09:05:00,545,09:05,25,2026-05-18 09:30:00,570,09:30,25,1,35,14.047,20.07,14.047,H2,14.047,1,catchment_near_assigned_hospital,12,assumption_to_validate,Renaison other: assumed 36/day.
P645,HOME_P645,46.112435971745434,4.183372881813484,H1,external,A0353,09:30,P3,low,1.0,standard_assis,2026-05-18 10:40:00,640,10:40,25,2026-05-18 11:05:00,665,11:05,35,1,45,13.469,19.24,13.469,H1,13.469,1,catchment_near_assigned_hospital,18,computed_from_user_table,External visits: 75/day * 15% using fleet.
P646,HOME_P646,46.03244898448503,4.031866703005037,H1,dialysis,A0007,08:00,P1,high,2.0,vsl_required,2026-05-18 08:30:00,510,08:30,240,2026-05-18 12:30:00,750,12:30,15,1,25,4.891,6.99,4.891,H2,4.011,1,catchment_near_assigned_hospital,8,observed_user_table,"CH Roanne dialysis: 53/day. 26 morning, 23 noon, 4 evening."
P647,HOME_P647,46.134558353025,4.168896503145061,H1,other,A0252,08:30,P2,medium,1.5,prescription_medicale,2026-05-18 09:30:00,570,09:30,65,2026-05-18 10:35:00,635,10:35,25,1,35,14.613,20.88,14.613,H1,14.613,1,catchment_near_assigned_hospital,12,observed_user_table,CH Roanne other: 49/day.
P648,HOME_P648,45.9810116972458,4.144005586606728,H1,oncology,A0144,08:00,P1,high,2.0,prescription_medicale,2026-05-18 08:25:00,505,08:25,150,2026-05-18 10:55:00,655,10:55,15,1,25,12.179,17.4,12.179,H2,11.556,1,catchment_near_assigned_hospital,10,observed_user_table,CH Roanne chemotherapy: 30/day.
P649,HOME_P649,46.04186501999721,4.0671055672537255,H1,other,A0334,16:00,P2,medium,1.5,prescription_medicale,2026-05-18 16:20:00,980,16:20,60,2026-05-18 17:20:00,1040,17:20,25,1,35,1.679,5.0,1.679,H2,0.558,1,catchment_near_assigned_hospital,12,observed_user_table,CH Roanne other: 49/day.
P650,HOME_P650,45.996305457275724,4.050518897384877,H2,oncology,A0487,13:00,P1,high,2.0,prescription_medicale,2026-05-18 13:35:00,815,13:35,235,2026-05-18 17:30:00,1050,17:30,15,1,25,7.089,10.13,7.089,H2,7.089,1,catchment_near_assigned_hospital,10,assumption_to_validate,Renaison oncology: assumed 16/day.
