patient_id,home_point_id,home_lat,home_lon,hospital_id,activity_type,appointment_id,slot_time,priority_code,priority_class,theta_p,requirement,appointment_datetime,appointment_minute,appointment_time_hhmm,hospital_stay_min,return_ready_datetime,return_ready_minute,return_ready_time_hhmm,waiting_time_after_treatment_min,return_same_day,max_ride_time_min,direct_distance_est_km,direct_travel_time_est_min,distance_to_assigned_hospital_km,closest_hospital_id,closest_hospital_distance_km,assigned_hospital_is_coherent,home_generation_method,catchment_radius_km,source_quality,source_note
P1,HOME_P1,46.09700728626632,3.967721503971984,H2,oncology,A0251,08:00,P1,high,2.0,vsl_required,2026-05-18 08:40:00,520,08:40,145,2026-05-18 11:05:00,665,11:05,15,1,25,12.077,17.25,12.077,H1,11.805,1,catchment_near_assigned_hospital,10,assumption_to_validate,Renaison oncology: assumed 16/day.
P2,HOME_P2,46.12562710831015,3.9239858942436476,H1,external,A0192,10:30,P3,low,1.0,standard_assis,2026-05-18 11:20:00,680,11:20,30,2026-05-18 11:50:00,710,11:50,35,1,46,17.509,25.01,17.509,H1,17.509,1,catchment_near_assigned_hospital,18,computed_from_user_table,External visits: 75/day * 15% using fleet.
P3,HOME_P3,46.06652823270152,4.073650722615061,H1,other,A0138,08:30,P2,medium,1.5,standard_assis,2026-05-18 09:10:00,550,09:10,110,2026-05-18 11:00:00,660,11:00,25,1,35,1.841,5.0,1.841,H1,1.841,1,catchment_near_assigned_hospital,12,observed_user_table,CH Roanne other: 49/day.
P4,HOME_P4,46.06354422634569,4.122089236326942,H1,dialysis,A0044,13:00,P1,high,2.0,vsl_required,2026-05-18 13:00:00,780,13:00,240,2026-05-18 17:00:00,1020,17:00,15,1,25,4.972,7.1,4.972,H1,4.972,1,catchment_near_assigned_hospital,8,observed_user_table,"CH Roanne dialysis: 53/day. 26 morning, 23 noon, 4 evening."
P5,HOME_P5,46.12614715210614,4.103141129625796,H1,other,A0181,16:00,P2,medium,1.5,standard_assis,2026-05-18 16:05:00,965,16:05,105,2026-05-18 17:50:00,1070,17:50,25,1,35,10.542,15.06,10.542,H1,10.542,1,catchment_near_assigned_hospital,12,observed_user_table,CH Roanne other: 49/day.
P6,HOME_P6,46.017242607698854,4.110298356013986,H1,dialysis,A0022,08:00,P1,high,2.0,vsl_required,2026-05-18 08:10:00,490,08:10,240,2026-05-18 12:10:00,730,12:10,15,1,25,6.187,8.84,6.187,H2,5.629,1,catchment_near_assigned_hospital,8,observed_user_table,"CH Roanne dialysis: 53/day. 26 morning, 23 noon, 4 evening."
P7,HOME_P7,46.10263970178744,4.14032964552889,H2,other,A0281,08:30,P2,medium,1.5,prescription_medicale,2026-05-18 08:55:00,535,08:55,40,2026-05-18 09:35:00,575,09:35,25,1,35,10.498,15.0,10.498,H1,9.463,1,catchment_near_assigned_hospital,12,assumption_to_validate,Renaison other: assumed 36/day.
P8,HOME_P8,46.0870732646004,4.07232997142791,H1,dialysis,A0069,17:00,P1,high,2.0,vsl_required,2026-05-18 17:15:00,1035,17:15,240,2026-05-18 21:15:00,1275,21:15,15,1,25,4.694,6.71,4.694,H1,4.694,1,catchment_near_assigned_hospital,8,observed_user_table,"CH Roanne dialysis: 53/day. 26 morning, 23 noon, 4 evening."
P9,HOME_P9,46.06786398950913,4.1895659521651,H1,oncology,A0112,11:00,P1,high,2.0,vsl_required,2026-05-18 11:55:00,715,11:55,150,2026-05-18 14:25:00,865,14:25,15,1,25,11.452,16.36,11.452,H1,11.452,1,catchment_near_assigned_hospital,10,observed_user_table,CH Roanne chemotherapy: 30/day.
P10,HOME_P10,45.9357714617457,4.167982286688663,H1,external,A0193,11:30,P3,low,1.0,standard_assis,2026-05-18 13:20:00,800,13:20,20,2026-05-18 13:40:00,820,13:40,35,1,49,18.749,26.78,18.749,H2,18.033,1,catchment_near_assigned_hospital,18,computed_from_user_table,External visits: 75/day * 15% using fleet.
P11,HOME_P11,46.015043495927486,4.117060986680448,H3,dialysis,A0334,13:00,P1,high,2.0,vsl_required,2026-05-18 13:30:00,810,13:30,235,2026-05-18 17:25:00,1045,17:25,15,1,25,6.651,9.5,6.651,H2,6.312,1,catchment_near_assigned_hospital,8,assumption_to_validate,Third dialysis center: assumed 24/day.
P12,HOME_P12,45.96636225288151,4.027608838445108,H2,other,A0291,10:30,P2,medium,1.5,vsl_required,2026-05-18 10:35:00,635,10:35,30,2026-05-18 11:05:00,665,11:05,25,1,35,11.723,16.75,11.723,H2,11.723,1,catchment_near_assigned_hospital,12,assumption_to_validate,Renaison other: assumed 36/day.
P13,HOME_P13,46.09030134290439,4.104495350412436,H2,oncology,A0250,08:00,P1,high,2.0,vsl_required,2026-05-18 08:45:00,525,08:45,270,2026-05-18 13:15:00,795,13:15,15,1,25,7.091,10.13,7.091,H1,5.987,1,catchment_near_assigned_hospital,10,assumption_to_validate,Renaison oncology: assumed 16/day.
P14,HOME_P14,46.085485979581534,3.9929487997766375,H3,dialysis,A0325,08:00,P1,high,2.0,vsl_required,2026-05-18 08:20:00,500,08:20,225,2026-05-18 12:05:00,725,12:05,15,1,25,8.918,12.74,8.918,H1,8.897,1,catchment_near_assigned_hospital,8,assumption_to_validate,Third dialysis center: assumed 24/day.
P15,HOME_P15,46.06048576097885,4.198415060577593,H2,other,A0279,08:30,P2,medium,1.5,standard_assis,2026-05-18 08:50:00,530,08:50,25,2026-05-18 09:15:00,555,09:15,25,1,35,12.671,18.1,12.671,H1,12.167,1,catchment_near_assigned_hospital,12,assumption_to_validate,Renaison other: assumed 36/day.
P16,HOME_P16,46.12018906306721,3.966624809388456,H1,other,A0159,10:30,P2,medium,1.5,prescription_medicale,2026-05-18 11:35:00,695,11:35,115,2026-05-18 13:30:00,810,13:30,25,1,35,13.82,19.74,13.82,H1,13.82,1,catchment_near_assigned_hospital,12,observed_user_table,CH Roanne other: 49/day.
P17,HOME_P17,46.02603517902907,4.139689289632153,H2,dialysis,A0212,08:00,P1,high,2.0,vsl_required,2026-05-18 08:30:00,510,08:30,265,2026-05-18 12:55:00,775,12:55,15,1,25,7.366,10.52,7.366,H2,7.366,1,catchment_near_assigned_hospital,8,assumption_to_validate,Renaison dialysis: assumed 30/day.
P18,HOME_P18,46.03737886383681,4.0783879387541155,H3,dialysis,A0332,08:00,P1,high,2.0,prescription_medicale,2026-05-18 08:25:00,505,08:25,215,2026-05-18 12:00:00,720,12:00,15,1,25,1.932,5.0,1.932,H2,1.481,1,catchment_near_assigned_hospital,8,assumption_to_validate,Third dialysis center: assumed 24/day.
P19,HOME_P19,46.03899636721437,4.024750377452864,H1,dialysis,A0050,13:00,P1,high,2.0,vsl_required,2026-05-18 13:10:00,790,13:10,240,2026-05-18 17:10:00,1030,17:10,15,1,25,5.035,7.19,5.035,H2,4.351,1,catchment_near_assigned_hospital,8,observed_user_table,"CH Roanne dialysis: 53/day. 26 morning, 23 noon, 4 evening."
P20,HOME_P20,46.1015279390216,4.169372304164051,H1,oncology,A0094,08:00,P1,high,2.0,prescription_medicale,2026-05-18 08:40:00,520,08:40,180,2026-05-18 11:40:00,700,11:40,15,1,25,11.481,16.4,11.481,H1,11.481,1,catchment_near_assigned_hospital,10,observed_user_table,CH Roanne chemotherapy: 30/day.
P21,HOME_P21,46.08886395048867,4.051144740367248,H2,dialysis,A0222,08:00,P1,high,2.0,vsl_required,2026-05-18 08:05:00,485,08:05,265,2026-05-18 12:30:00,750,12:30,15,1,25,6.236,8.91,6.236,H1,5.362,1,catchment_near_assigned_hospital,8,assumption_to_validate,Renaison dialysis: assumed 30/day.
P22,HOME_P22,45.95049497884173,4.070181468740235,H1,external,A0185,08:30,P3,low,1.0,standard_assis,2026-05-18 10:05:00,605,10:05,30,2026-05-18 10:35:00,635,10:35,35,1,45,14.291,20.42,14.291,H2,13.234,1,catchment_near_assigned_hospital,18,computed_from_user_table,External visits: 75/day * 15% using fleet.
P23,HOME_P23,46.06015685699663,4.2090745651701225,H1,other,A0121,08:30,P2,medium,1.5,prescription_medicale,2026-05-18 09:55:00,595,09:55,60,2026-05-18 10:55:00,655,10:55,25,1,35,13.188,18.84,13.188,H1,13.188,1,catchment_near_assigned_hospital,12,observed_user_table,CH Roanne other: 49/day.
P24,HOME_P24,46.01930307909962,4.005794414014421,H2,oncology,A0245,08:00,P1,high,2.0,vsl_required,2026-05-18 08:35:00,515,08:35,335,2026-05-18 14:10:00,850,14:10,15,1,25,7.101,10.14,7.101,H2,7.101,1,catchment_near_assigned_hospital,10,assumption_to_validate,Renaison oncology: assumed 16/day.
P25,HOME_P25,46.06186894995328,4.016927520661334,H1,dialysis,A0056,13:00,P1,high,2.0,vsl_required,2026-05-18 13:25:00,805,13:25,240,2026-05-18 17:25:00,1045,17:25,15,1,25,5.51,7.87,5.51,H3,5.378,1,catchment_near_assigned_hospital,8,observed_user_table,"CH Roanne dialysis: 53/day. 26 morning, 23 noon, 4 evening."
P26,HOME_P26,46.05994257126216,3.9949567206077345,H1,oncology,A0085,08:00,P1,high,2.0,vsl_required,2026-05-18 08:50:00,530,08:50,155,2026-05-18 11:25:00,685,11:25,15,1,25,7.555,10.79,7.555,H3,7.369,1,catchment_near_assigned_hospital,10,observed_user_table,CH Roanne chemotherapy: 30/day.
P27,HOME_P27,46.0580492076837,4.158451996629682,H1,oncology,A0084,08:00,P1,high,2.0,vsl_required,2026-05-18 08:05:00,485,08:05,170,2026-05-18 10:55:00,655,10:55,15,1,25,8.298,11.85,8.298,H1,8.298,1,catchment_near_assigned_hospital,10,observed_user_table,CH Roanne chemotherapy: 30/day.
P28,HOME_P28,46.093466585475845,4.101496882778124,H1,other,A0149,10:30,P2,medium,1.5,standard_assis,2026-05-18 11:05:00,665,11:05,70,2026-05-18 12:15:00,735,12:15,25,1,35,6.235,8.91,6.235,H1,6.235,1,catchment_near_assigned_hospital,12,observed_user_table,CH Roanne other: 49/day.
P29,HOME_P29,45.98556953389129,4.135592609060528,H2,other,A0266,08:30,P2,medium,1.5,standard_assis,2026-05-18 08:40:00,520,08:40,25,2026-05-18 09:05:00,545,09:05,25,1,35,10.555,15.08,10.555,H2,10.555,1,catchment_near_assigned_hospital,12,assumption_to_validate,Renaison other: assumed 36/day.
P30,HOME_P30,46.147899006724096,4.08284177225259,H1,other,A0156,10:30,P2,medium,1.5,prescription_medicale,2026-05-18 10:55:00,655,10:55,60,2026-05-18 11:55:00,715,11:55,25,1,35,13.185,18.84,13.185,H1,13.185,1,catchment_near_assigned_hospital,12,observed_user_table,CH Roanne other: 49/day.
P31,HOME_P31,46.0886878056437,4.150926029118321,H3,dialysis,A0329,08:00,P1,high,2.0,prescription_medicale,2026-05-18 08:40:00,520,08:40,255,2026-05-18 12:55:00,775,12:55,15,1,25,9.477,13.54,9.477,H1,9.005,1,catchment_near_assigned_hospital,8,assumption_to_validate,Third dialysis center: assumed 24/day.
P32,HOME_P32,46.0285523378575,4.029220946603424,H2,oncology,A0265,15:00,P1,high,2.0,vsl_required,2026-05-18 15:30:00,930,15:30,65,2026-05-18 16:35:00,995,16:35,15,1,25,4.502,6.43,4.502,H2,4.502,1,catchment_near_assigned_hospital,10,assumption_to_validate,Renaison oncology: assumed 16/day.
P33,HOME_P33,46.00736836737446,4.002971288791869,H3,dialysis,A0336,13:00,P1,high,2.0,vsl_required,2026-05-18 13:05:00,785,13:05,230,2026-05-18 16:55:00,1015,16:55,15,1,25,8.772,12.53,8.772,H2,8.291,1,catchment_near_assigned_hospital,8,assumption_to_validate,Third dialysis center: assumed 24/day.
P34,HOME_P34,46.05802903074401,4.20916617357498,H1,other,A0128,08:30,P2,medium,1.5,vsl_required,2026-05-18 09:50:00,590,09:50,115,2026-05-18 11:45:00,705,11:45,25,1,35,13.179,18.83,13.179,H1,13.179,1,catchment_near_assigned_hospital,12,observed_user_table,CH Roanne other: 49/day.
P35,HOME_P35,46.02471046400852,3.975402977959762,H3,dialysis,A0333,08:00,P1,high,2.0,vsl_required,2026-05-18 08:35:00,515,08:35,265,2026-05-18 13:00:00,780,13:00,15,1,25,9.781,13.97,9.781,H2,9.472,1,catchment_near_assigned_hospital,8,assumption_to_validate,Third dialysis center: assumed 24/day.
P36,HOME_P36,45.97947752171347,3.9864159720109953,H2,oncology,A0247,08:00,P1,high,2.0,vsl_required,2026-05-18 08:00:00,480,08:00,70,2026-05-18 09:10:00,550,09:10,15,1,25,12.164,17.38,12.164,H2,12.164,1,catchment_near_assigned_hospital,10,assumption_to_validate,Renaison oncology: assumed 16/day.
P37,HOME_P37,46.037031648030286,4.062484314568233,H2,dialysis,A0203,08:00,P1,high,2.0,prescription_medicale,2026-05-18 08:05:00,485,08:05,210,2026-05-18 11:35:00,695,11:35,15,1,25,1.35,5.0,1.35,H2,1.35,1,catchment_near_assigned_hospital,8,assumption_to_validate,Renaison dialysis: assumed 30/day.
P38,HOME_P38,46.04898370271126,4.108051665948642,H2,dialysis,A0236,13:00,P1,high,2.0,vsl_required,2026-05-18 13:50:00,830,13:50,240,2026-05-18 17:50:00,1070,17:50,15,1,25,3.814,5.45,3.814,H1,3.463,1,catchment_near_assigned_hospital,8,assumption_to_validate,Renaison dialysis: assumed 30/day.
P39,HOME_P39,46.1044843374404,4.116638316158143,H1,dialysis,A0034,08:00,P1,high,2.0,vsl_required,2026-05-18 08:30:00,510,08:30,240,2026-05-18 12:30:00,750,12:30,15,1,25,8.28,11.83,8.28,H1,8.28,1,catchment_near_assigned_hospital,8,observed_user_table,"CH Roanne dialysis: 53/day. 26 morning, 23 noon, 4 evening."
P40,HOME_P40,46.001546982155254,3.957872704442701,H1,other,A0169,14:00,P2,medium,1.5,prescription_medicale,2026-05-18 14:45:00,885,14:45,70,2026-05-18 15:55:00,955,15:55,25,1,35,13.211,18.87,13.211,H2,12.34,1,catchment_near_assigned_hospital,12,observed_user_table,CH Roanne other: 49/day.
P41,HOME_P41,45.98044563682713,4.068565875338409,H1,oncology,A0106,11:00,P1,high,2.0,prescription_medicale,2026-05-18 11:40:00,700,11:40,175,2026-05-18 14:35:00,875,14:35,15,1,25,10.134,14.48,10.134,H2,9.07,1,catchment_near_assigned_hospital,10,observed_user_table,CH Roanne chemotherapy: 30/day.
P42,HOME_P42,46.04500771434192,4.105308299755926,H3,dialysis,A0338,13:00,P1,high,2.0,vsl_required,2026-05-18 13:10:00,790,13:10,245,2026-05-18 17:15:00,1035,17:15,15,1,25,3.476,5.0,3.476,H1,3.35,1,catchment_near_assigned_hospital,8,assumption_to_validate,Third dialysis center: assumed 24/day.
P43,HOME_P43,46.00275925970051,4.011618035189382,H1,dialysis,A0045,13:00,P1,high,2.0,vsl_required,2026-05-18 13:55:00,835,13:55,240,2026-05-18 17:55:00,1075,17:55,15,1,25,9.17,13.1,9.17,H2,8.129,1,catchment_near_assigned_hospital,8,observed_user_table,"CH Roanne dialysis: 53/day. 26 morning, 23 noon, 4 evening."
P44,HOME_P44,46.053816174628594,4.181118930464794,H2,oncology,A0258,13:00,P1,high,2.0,vsl_required,2026-05-18 13:35:00,815,13:35,190,2026-05-18 16:45:00,1005,16:45,15,1,25,10.894,15.56,10.894,H1,10.458,1,catchment_near_assigned_hospital,10,assumption_to_validate,Renaison oncology: assumed 16/day.
P45,HOME_P45,46.02540883777548,4.104408000285482,H1,dialysis,A0012,08:00,P1,high,2.0,vsl_required,2026-05-18 08:55:00,535,08:55,240,2026-05-18 12:55:00,775,12:55,15,1,25,4.938,7.05,4.938,H2,4.445,1,catchment_near_assigned_hospital,8,observed_user_table,"CH Roanne dialysis: 53/day. 26 morning, 23 noon, 4 evening."
P46,HOME_P46,46.0657688032957,4.155631612178552,H1,dialysis,A0007,08:00,P1,high,2.0,prescription_medicale,2026-05-18 08:30:00,510,08:30,240,2026-05-18 12:30:00,750,12:30,15,1,25,8.184,11.69,8.184,H1,8.184,1,catchment_near_assigned_hospital,8,observed_user_table,"CH Roanne dialysis: 53/day. 26 morning, 23 noon, 4 evening."
P47,HOME_P47,45.95851557665338,3.953347827641207,H1,external,A0188,09:30,P3,low,1.0,standard_assis,2026-05-18 11:05:00,665,11:05,30,2026-05-18 11:35:00,695,11:35,35,1,46,17.502,25.0,17.502,H2,16.465,1,catchment_near_assigned_hospital,18,computed_from_user_table,External visits: 75/day * 15% using fleet.
P48,HOME_P48,46.0438919826733,4.0367222812232395,H3,dialysis,A0350,17:00,P1,high,2.0,vsl_required,2026-05-18 17:05:00,1025,17:05,220,2026-05-18 20:45:00,1245,20:45,15,1,25,3.321,5.0,3.321,H2,3.105,1,catchment_near_assigned_hospital,8,assumption_to_validate,Third dialysis center: assumed 24/day.
P49,HOME_P49,45.984372817904486,4.039772331797732,H2,other,A0315,16:30,P2,medium,1.5,prescription_medicale,2026-05-18 17:30:00,1050,17:30,30,2026-05-18 18:00:00,1080,18:00,25,0,35,8.973,12.82,8.973,H2,8.973,1,catchment_near_assigned_hospital,12,assumption_to_validate,Renaison other: assumed 36/day.
P50,HOME_P50,46.07589816360237,4.13245947867405,H1,dialysis,A0027,08:00,P1,high,2.0,vsl_required,2026-05-18 08:55:00,535,08:55,240,2026-05-18 12:55:00,775,12:55,15,1,25,6.564,9.38,6.564,H1,6.564,1,catchment_near_assigned_hospital,8,observed_user_table,"CH Roanne dialysis: 53/day. 26 morning, 23 noon, 4 evening."
P51,HOME_P51,46.14805366182683,4.013416154531729,H1,other,A0151,10:30,P2,medium,1.5,standard_assis,2026-05-18 11:45:00,705,11:45,100,2026-05-18 13:25:00,805,13:25,25,1,35,14.356,20.51,14.356,H1,14.356,1,catchment_near_assigned_hospital,12,observed_user_table,CH Roanne other: 49/day.
P52,HOME_P52,46.1207568161056,4.174026292230134,H1,other,A0170,14:00,P2,medium,1.5,standard_assis,2026-05-18 15:05:00,905,15:05,100,2026-05-18 16:45:00,1005,16:45,25,1,35,13.54,19.34,13.54,H1,13.54,1,catchment_near_assigned_hospital,12,observed_user_table,CH Roanne other: 49/day.
P53,HOME_P53,46.03995226605441,3.941015128636006,H2,oncology,A0255,08:00,P1,high,2.0,vsl_required,2026-05-18 08:50:00,530,08:50,295,2026-05-18 13:45:00,825,13:45,15,1,25,12.354,17.65,12.354,H2,12.354,1,catchment_near_assigned_hospital,10,assumption_to_validate,Renaison oncology: assumed 16/day.
P54,HOME_P54,46.132892520144566,4.066033036583506,H1,oncology,A0108,11:00,P1,high,2.0,vsl_required,2026-05-18 11:45:00,705,11:45,170,2026-05-18 14:35:00,875,14:35,15,1,25,11.082,15.83,11.082,H1,11.082,1,catchment_near_assigned_hospital,10,observed_user_table,CH Roanne chemotherapy: 30/day.
P55,HOME_P55,46.0632980843081,4.135492694822759,H1,oncology,A0107,11:00,P1,high,2.0,prescription_medicale,2026-05-18 11:50:00,710,11:50,170,2026-05-18 14:40:00,880,14:40,15,1,25,6.214,8.88,6.214,H1,6.214,1,catchment_near_assigned_hospital,10,observed_user_table,CH Roanne chemotherapy: 30/day.
P56,HOME_P56,46.11323061225856,4.015554982273733,H1,other,A0147,10:30,P2,medium,1.5,vsl_required,2026-05-18 11:20:00,680,11:20,70,2026-05-18 12:30:00,750,12:30,25,1,35,9.987,14.27,9.987,H1,9.987,1,catchment_near_assigned_hospital,12,observed_user_table,CH Roanne other: 49/day.
P57,HOME_P57,46.10346634111322,4.012069796329849,H1,oncology,A0091,08:00,P1,high,2.0,prescription_medicale,2026-05-18 08:05:00,485,08:05,170,2026-05-18 10:55:00,655,10:55,15,1,25,9.099,13.0,9.099,H1,9.099,1,catchment_near_assigned_hospital,10,observed_user_table,CH Roanne chemotherapy: 30/day.
P58,HOME_P58,46.00375646644395,4.072314604048367,H1,oncology,A0087,08:00,P1,high,2.0,vsl_required,2026-05-18 08:05:00,485,08:05,175,2026-05-18 11:00:00,660,11:00,15,1,25,6.886,9.84,6.886,H2,5.84,1,catchment_near_assigned_hospital,10,observed_user_table,CH Roanne chemotherapy: 30/day.
P59,HOME_P59,45.97120739362817,4.071383958319953,H2,other,A0306,14:00,P2,medium,1.5,standard_assis,2026-05-18 14:25:00,865,14:25,40,2026-05-18 15:05:00,905,15:05,25,1,35,10.357,14.8,10.357,H2,10.357,1,catchment_near_assigned_hospital,12,assumption_to_validate,Renaison other: assumed 36/day.
P60,HOME_P60,46.02955338118442,4.070779274884121,H3,dialysis,A0321,08:00,P1,high,2.0,vsl_required,2026-05-18 08:25:00,505,08:25,240,2026-05-18 12:25:00,745,12:25,15,1,25,2.843,5.0,2.843,H2,2.252,1,catchment_near_assigned_hospital,8,assumption_to_validate,Third dialysis center: assumed 24/day.
P61,HOME_P61,46.07513224056477,3.976870857701372,H1,other,A0175,14:00,P2,medium,1.5,standard_assis,2026-05-18 14:50:00,890,14:50,75,2026-05-18 16:05:00,965,16:05,25,1,35,9.727,13.9,9.727,H3,9.637,1,catchment_near_assigned_hospital,12,observed_user_table,CH Roanne other: 49/day.
P62,HOME_P62,46.04296339130332,4.0107845100241715,H1,dialysis,A0013,08:00,P1,high,2.0,vsl_required,2026-05-18 08:55:00,535,08:55,240,2026-05-18 12:55:00,775,12:55,15,1,25,6.143,8.78,6.143,H2,5.61,1,catchment_near_assigned_hospital,8,observed_user_table,"CH Roanne dialysis: 53/day. 26 morning, 23 noon, 4 evening."
P63,HOME_P63,46.00992673656932,4.016213423409901,H1,oncology,A0076,08:00,P1,high,2.0,standard_assis,2026-05-18 08:05:00,485,08:05,180,2026-05-18 11:05:00,665,11:05,15,1,25,8.127,11.61,8.127,H2,7.105,1,catchment_near_assigned_hospital,10,observed_user_table,CH Roanne chemotherapy: 30/day.
P64,HOME_P64,46.090065130210434,4.072245559462044,H1,dialysis,A0063,13:00,P1,high,2.0,vsl_required,2026-05-18 13:25:00,805,13:25,240,2026-05-18 17:25:00,1045,17:25,15,1,25,5.11,7.3,5.11,H1,5.11,1,catchment_near_assigned_hospital,8,observed_user_table,"CH Roanne dialysis: 53/day. 26 morning, 23 noon, 4 evening."
P65,HOME_P65,46.06884074015675,4.04640794610199,H1,oncology,A0097,08:00,P1,high,2.0,prescription_medicale,2026-05-18 08:20:00,500,08:20,160,2026-05-18 11:00:00,660,11:00,15,1,25,3.331,5.0,3.331,H1,3.331,1,catchment_near_assigned_hospital,10,observed_user_table,CH Roanne chemotherapy: 30/day.
P66,HOME_P66,46.081929639971236,4.153118196204395,H1,oncology,A0114,14:00,P1,high,2.0,standard_assis,2026-05-18 14:05:00,845,14:05,180,2026-05-18 17:05:00,1025,17:05,15,1,25,8.716,12.45,8.716,H1,8.716,1,catchment_near_assigned_hospital,10,observed_user_table,CH Roanne chemotherapy: 30/day.
P67,HOME_P67,46.02886986647562,4.1316301573114504,H1,dialysis,A0006,08:00,P1,high,2.0,vsl_required,2026-05-18 08:10:00,490,08:10,240,2026-05-18 12:10:00,730,12:10,15,0,25,6.622,9.46,6.622,H2,6.498,1,catchment_near_assigned_hospital,8,observed_user_table,"CH Roanne dialysis: 53/day. 26 morning, 23 noon, 4 evening."
P68,HOME_P68,46.07489457396997,4.056452950941985,H3,dialysis,A0335,13:00,P1,high,2.0,vsl_required,2026-05-18 13:45:00,825,13:45,240,2026-05-18 17:45:00,1065,17:45,15,1,25,3.699,5.28,3.699,H1,3.386,1,catchment_near_assigned_hospital,8,assumption_to_validate,Third dialysis center: assumed 24/day.
P69,HOME_P69,45.990905723716416,4.098387300520465,H3,dialysis,A0340,13:00,P1,high,2.0,vsl_required,2026-05-18 13:40:00,820,13:40,210,2026-05-18 17:10:00,1030,17:10,15,1,25,8.659,12.37,8.659,H2,8.134,1,catchment_near_assigned_hospital,8,assumption_to_validate,Third dialysis center: assumed 24/day.
P70,HOME_P70,46.00425570393126,4.111884027263315,H2,dialysis,A0241,13:00,P1,high,2.0,vsl_required,2026-05-18 13:45:00,825,13:45,225,2026-05-18 17:30:00,1050,17:30,15,1,25,7.104,10.15,7.104,H2,7.104,1,catchment_near_assigned_hospital,8,assumption_to_validate,Renaison dialysis: assumed 30/day.
P71,HOME_P71,46.02816135651147,4.110016186855569,H1,oncology,A0077,08:00,P1,high,2.0,prescription_medicale,2026-05-18 08:20:00,500,08:20,155,2026-05-18 10:55:00,655,10:55,15,1,25,5.017,7.17,5.017,H2,4.665,1,catchment_near_assigned_hospital,10,observed_user_table,CH Roanne chemotherapy: 30/day.
P72,HOME_P72,46.06465812441178,4.030706995056491,H3,dialysis,A0346,13:00,P1,high,2.0,prescription_medicale,2026-05-18 13:55:00,835,13:55,270,2026-05-18 18:25:00,1105,18:25,15,1,25,4.303,6.15,4.303,H3,4.303,1,catchment_near_assigned_hospital,8,assumption_to_validate,Third dialysis center: assumed 24/day.
P73,HOME_P73,45.9803735535832,3.967820847363456,H1,external,A0191,10:30,P3,low,1.0,standard_assis,2026-05-18 11:35:00,695,11:35,25,2026-05-18 12:00:00,720,12:00,35,1,45,14.326,20.47,14.326,H2,13.321,1,catchment_near_assigned_hospital,18,computed_from_user_table,External visits: 75/day * 15% using fleet.
P74,HOME_P74,46.1554019670538,4.060846136961266,H1,other,A0123,08:30,P2,medium,1.5,standard_assis,2026-05-18 09:20:00,560,09:20,100,2026-05-18 11:00:00,660,11:00,25,1,35,14.237,20.34,14.237,H1,14.237,1,catchment_near_assigned_hospital,12,observed_user_table,CH Roanne other: 49/day.
P75,HOME_P75,46.082342543837605,4.061910583861953,H2,dialysis,A0229,13:00,P1,high,2.0,vsl_required,2026-05-18 13:15:00,795,13:15,270,2026-05-18 17:45:00,1065,17:45,15,1,25,5.136,7.34,5.136,H1,4.169,1,catchment_near_assigned_hospital,8,assumption_to_validate,Renaison dialysis: assumed 30/day.
P76,HOME_P76,46.06567370194989,4.001934861266502,H1,other,A0168,14:00,P2,medium,1.5,standard_assis,2026-05-18 15:05:00,905,15:05,80,2026-05-18 16:25:00,985,16:25,25,1,35,7.039,10.06,7.039,H3,6.917,1,catchment_near_assigned_hospital,12,observed_user_table,CH Roanne other: 49/day.
P77,HOME_P77,46.05753167072098,4.076362847100902,H3,dialysis,A0342,13:00,P1,high,2.0,vsl_required,2026-05-18 13:10:00,790,13:10,220,2026-05-18 16:50:00,1010,16:50,15,1,25,1.214,5.0,1.214,H1,0.686,1,catchment_near_assigned_hospital,8,assumption_to_validate,Third dialysis center: assumed 24/day.
P78,HOME_P78,46.01426212277761,4.0791126331193395,H1,other,A0154,10:30,P2,medium,1.5,standard_assis,2026-05-18 10:45:00,645,10:45,120,2026-05-18 12:45:00,765,12:45,25,1,35,5.461,7.8,5.461,H2,4.482,1,catchment_near_assigned_hospital,12,observed_user_table,CH Roanne other: 49/day.
P79,HOME_P79,46.12311056887366,3.9915989270043544,H1,external,A0199,15:30,P3,low,1.0,prescription_medicale,2026-05-18 16:15:00,975,16:15,25,2026-05-18 16:40:00,1000,16:40,35,1,45,12.461,17.8,12.461,H1,12.461,1,catchment_near_assigned_hospital,18,computed_from_user_table,External visits: 75/day * 15% using fleet.
P80,HOME_P80,46.0791216411373,4.186858072300378,H2,other,A0292,10:30,P2,medium,1.5,prescription_medicale,2026-05-18 10:55:00,655,10:55,35,2026-05-18 11:30:00,690,11:30,25,1,35,12.297,17.57,12.297,H1,11.579,1,catchment_near_assigned_hospital,12,assumption_to_validate,Renaison other: assumed 36/day.
P81,HOME_P81,46.18213607504571,4.04900837781258,H1,external,A0198,14:30,P3,low,1.0,standard_assis,2026-05-18 16:20:00,980,16:20,30,2026-05-18 16:50:00,1010,16:50,35,1,47,18.052,25.79,18.052,H1,18.052,1,catchment_near_assigned_hospital,18,computed_from_user_table,External visits: 75/day * 15% using fleet.
P82,HOME_P82,46.07010616038705,4.031307934502956,H1,dialysis,A0072,17:00,P1,high,2.0,vsl_required,2026-05-18 17:15:00,1035,17:15,240,2026-05-18 21:15:00,1275,21:15,15,1,25,4.625,6.61,4.625,H1,4.625,1,catchment_near_assigned_hospital,8,observed_user_table,"CH Roanne dialysis: 53/day. 26 morning, 23 noon, 4 evening."
P83,HOME_P83,46.016036124089496,4.035033530033922,H1,dialysis,A0074,17:00,P1,high,2.0,vsl_required,2026-05-18 17:30:00,1050,17:30,240,2026-05-18 21:30:00,1290,21:30,15,1,25,6.327,9.04,6.327,H2,5.255,1,catchment_near_assigned_hospital,8,observed_user_table,"CH Roanne dialysis: 53/day. 26 morning, 23 noon, 4 evening."
P84,HOME_P84,46.007545727621206,4.087099629587541,H1,dialysis,A0030,08:00,P1,high,2.0,vsl_required,2026-05-18 08:05:00,485,08:05,240,2026-05-18 12:05:00,725,12:05,15,1,25,6.51,9.3,6.51,H2,5.59,1,catchment_near_assigned_hospital,8,observed_user_table,"CH Roanne dialysis: 53/day. 26 morning, 23 noon, 4 evening."
P85,HOME_P85,45.9481693818648,4.091536563727343,H1,other,A0137,08:30,P2,medium,1.5,standard_assis,2026-05-18 09:55:00,595,09:55,65,2026-05-18 11:00:00,660,11:00,25,1,35,14.725,21.04,14.725,H2,13.733,1,catchment_near_assigned_hospital,12,observed_user_table,CH Roanne other: 49/day.
P86,HOME_P86,46.03673012179471,4.001821143790847,H1,dialysis,A0024,08:00,P1,high,2.0,vsl_required,2026-05-18 08:40:00,520,08:40,240,2026-05-18 12:40:00,760,12:40,15,1,25,7.215,10.31,7.215,H2,6.581,1,catchment_near_assigned_hospital,8,observed_user_table,"CH Roanne dialysis: 53/day. 26 morning, 23 noon, 4 evening."
P87,HOME_P87,46.08827926901819,4.0795018922263395,H3,dialysis,A0349,13:00,P1,high,2.0,prescription_medicale,2026-05-18 13:20:00,800,13:20,235,2026-05-18 17:15:00,1035,17:15,15,1,25,5.399,7.71,5.399,H1,4.906,1,catchment_near_assigned_hospital,8,assumption_to_validate,Third dialysis center: assumed 24/day.
P88,HOME_P88,46.02259110088503,4.076074947324866,H2,oncology,A0261,13:00,P1,high,2.0,vsl_required,2026-05-18 13:40:00,820,13:40,345,2026-05-18 19:25:00,1165,19:25,15,1,25,3.288,5.0,3.288,H2,3.288,1,catchment_near_assigned_hospital,10,assumption_to_validate,Renaison oncology: assumed 16/day.
P89,HOME_P89,46.02456197943316,4.031138703262416,H2,dialysis,A0211,08:00,P1,high,2.0,vsl_required,2026-05-18 08:35:00,515,08:35,230,2026-05-18 12:25:00,745,12:25,15,1,25,4.673,6.68,4.673,H2,4.673,1,catchment_near_assigned_hospital,8,assumption_to_validate,Renaison dialysis: assumed 30/day.
P90,HOME_P90,46.038050027029755,4.028684608982226,H1,dialysis,A0015,08:00,P1,high,2.0,vsl_required,2026-05-18 08:35:00,515,08:35,240,2026-05-18 12:35:00,755,12:35,15,1,25,4.746,6.78,4.746,H2,4.014,1,catchment_near_assigned_hospital,8,observed_user_table,"CH Roanne dialysis: 53/day. 26 morning, 23 noon, 4 evening."
P91,HOME_P91,46.1020733586622,4.102767740478805,H2,other,A0293,10:30,P2,medium,1.5,prescription_medicale,2026-05-18 11:25:00,685,11:25,35,2026-05-18 12:00:00,720,12:00,25,1,35,8.493,12.13,8.493,H1,7.373,1,catchment_near_assigned_hospital,12,assumption_to_validate,Renaison other: assumed 36/day.
P92,HOME_P92,45.97170988166326,4.087942409156873,H2,oncology,A0253,08:00,P1,high,2.0,prescription_medicale,2026-05-18 08:55:00,535,08:55,120,2026-05-18 10:55:00,655,10:55,15,1,25,10.449,14.93,10.449,H2,10.449,1,catchment_near_assigned_hospital,10,assumption_to_validate,Renaison oncology: assumed 16/day.
P93,HOME_P93,46.04261723430037,4.117450147206764,H1,oncology,A0102,11:00,P1,high,2.0,prescription_medicale,2026-05-18 11:20:00,680,11:20,170,2026-05-18 14:10:00,850,14:10,15,1,25,4.565,6.52,4.565,H1,4.565,1,catchment_near_assigned_hospital,10,observed_user_table,CH Roanne chemotherapy: 30/day.
P94,HOME_P94,46.06090325297844,4.026507039084193,H1,dialysis,A0039,13:00,P1,high,2.0,vsl_required,2026-05-18 13:55:00,835,13:55,240,2026-05-18 17:55:00,1075,17:55,15,1,25,4.579,6.54,4.579,H3,4.461,1,catchment_near_assigned_hospital,8,observed_user_table,"CH Roanne dialysis: 53/day. 26 morning, 23 noon, 4 evening."
P95,HOME_P95,46.102780674642425,4.014830191626594,H2,dialysis,A0228,13:00,P1,high,2.0,prescription_medicale,2026-05-18 13:30:00,810,13:30,210,2026-05-18 17:00:00,1020,17:00,15,1,25,9.488,13.55,9.488,H1,8.856,1,catchment_near_assigned_hospital,8,assumption_to_validate,Renaison dialysis: assumed 30/day.
P96,HOME_P96,46.032643082507896,4.200376909865816,H1,other,A0119,08:30,P2,medium,1.5,prescription_medicale,2026-05-18 09:00:00,540,09:00,110,2026-05-18 10:50:00,650,10:50,25,1,35,12.648,18.07,12.648,H1,12.648,1,catchment_near_assigned_hospital,12,observed_user_table,CH Roanne other: 49/day.
P97,HOME_P97,46.11198309488158,4.068483379147142,H1,dialysis,A0070,17:00,P1,high,2.0,vsl_required,2026-05-18 17:50:00,1070,17:50,240,2026-05-18 21:50:00,1310,21:50,15,1,25,8.167,11.67,8.167,H1,8.167,1,catchment_near_assigned_hospital,8,observed_user_table,"CH Roanne dialysis: 53/day. 26 morning, 23 noon, 4 evening."
P98,HOME_P98,46.04256053616011,4.045238585868566,H3,dialysis,A0331,08:00,P1,high,2.0,vsl_required,2026-05-18 08:40:00,520,08:40,240,2026-05-18 12:40:00,760,12:40,15,1,25,2.603,5.0,2.603,H2,2.315,1,catchment_near_assigned_hospital,8,assumption_to_validate,Third dialysis center: assumed 24/day.
P99,HOME_P99,46.12751224204635,4.130270373078689,H1,other,A0161,10:30,P2,medium,1.5,standard_assis,2026-05-18 11:20:00,680,11:20,110,2026-05-18 13:10:00,790,13:10,25,1,35,11.713,16.73,11.713,H1,11.713,1,catchment_near_assigned_hospital,12,observed_user_table,CH Roanne other: 49/day.
P100,HOME_P100,46.050343275031516,4.005142384733895,H2,oncology,A0262,13:00,P1,high,2.0,vsl_required,2026-05-18 13:55:00,835,13:55,145,2026-05-18 16:20:00,980,16:20,15,1,25,6.175,8.82,6.175,H2,6.175,1,catchment_near_assigned_hospital,10,assumption_to_validate,Renaison oncology: assumed 16/day.
P101,HOME_P101,46.038297383164924,3.9757216636357824,H2,dialysis,A0220,08:00,P1,high,2.0,vsl_required,2026-05-18 08:40:00,520,08:40,260,2026-05-18 13:00:00,780,13:00,15,1,25,9.039,12.91,9.039,H2,9.039,1,catchment_near_assigned_hospital,8,assumption_to_validate,Renaison dialysis: assumed 30/day.
P102,HOME_P102,46.094494792067024,4.051591395571294,H1,dialysis,A0067,13:00,P1,high,2.0,prescription_medicale,2026-05-18 13:00:00,780,13:00,240,2026-05-18 17:00:00,1020,17:00,15,1,25,6.077,8.68,6.077,H1,6.077,1,catchment_near_assigned_hospital,8,observed_user_table,"CH Roanne dialysis: 53/day. 26 morning, 23 noon, 4 evening."
P103,HOME_P103,45.97536480006746,4.116734260514107,H1,oncology,A0103,11:00,P1,high,2.0,prescription_medicale,2026-05-18 11:35:00,695,11:35,160,2026-05-18 14:15:00,855,14:15,15,1,25,11.637,16.62,11.637,H2,10.816,1,catchment_near_assigned_hospital,10,observed_user_table,CH Roanne chemotherapy: 30/day.
P104,HOME_P104,46.05578271552549,4.040179246794512,H3,dialysis,A0318,08:00,P1,high,2.0,prescription_medicale,2026-05-18 08:25:00,505,08:25,255,2026-05-18 12:40:00,760,12:40,15,1,25,2.987,5.0,2.987,H3,2.987,1,catchment_near_assigned_hospital,8,assumption_to_validate,Third dialysis center: assumed 24/day.
P105,HOME_P105,46.07467527123918,3.977719016170211,H3,dialysis,A0341,13:00,P1,high,2.0,vsl_required,2026-05-18 13:25:00,805,13:25,255,2026-05-18 17:40:00,1060,17:40,15,1,25,9.538,13.63,9.538,H3,9.538,1,catchment_near_assigned_hospital,8,assumption_to_validate,Third dialysis center: assumed 24/day.
P106,HOME_P106,46.02341346438589,4.194375513227863,H1,oncology,A0092,08:00,P1,high,2.0,vsl_required,2026-05-18 08:30:00,510,08:30,170,2026-05-18 11:20:00,680,11:20,15,1,25,12.453,17.79,12.453,H1,12.453,1,catchment_near_assigned_hospital,10,observed_user_table,CH Roanne chemotherapy: 30/day.
P107,HOME_P107,46.065147880552054,3.9844131555473545,H1,other,A0133,08:30,P2,medium,1.5,prescription_medicale,2026-05-18 09:45:00,585,09:45,70,2026-05-18 10:55:00,655,10:55,25,1,35,8.673,12.39,8.673,H3,8.519,1,catchment_near_assigned_hospital,12,observed_user_table,CH Roanne other: 49/day.
P108,HOME_P108,46.07894735285224,4.099991853387424,H1,other,A0153,10:30,P2,medium,1.5,standard_assis,2026-05-18 11:45:00,705,11:45,115,2026-05-18 13:40:00,820,13:40,25,1,35,4.431,6.33,4.431,H1,4.431,1,catchment_near_assigned_hospital,12,observed_user_table,CH Roanne other: 49/day.
P109,HOME_P109,46.04737479520984,4.194931816752694,H1,oncology,A0099,11:00,P1,high,2.0,vsl_required,2026-05-18 11:55:00,715,11:55,155,2026-05-18 14:30:00,870,14:30,15,1,25,11.82,16.89,11.82,H1,11.82,1,catchment_near_assigned_hospital,10,observed_user_table,CH Roanne chemotherapy: 30/day.
P110,HOME_P110,46.05469021479127,4.1322713262526625,H1,dialysis,A0020,08:00,P1,high,2.0,prescription_medicale,2026-05-18 08:50:00,530,08:50,240,2026-05-18 12:50:00,770,12:50,15,1,25,5.749,8.21,5.749,H1,5.749,1,catchment_near_assigned_hospital,8,observed_user_table,"CH Roanne dialysis: 53/day. 26 morning, 23 noon, 4 evening."
P111,HOME_P111,46.05183395663536,4.025338430673347,H1,other,A0177,14:00,P2,medium,1.5,premium,2026-05-18 14:45:00,885,14:45,100,2026-05-18 16:25:00,985,16:25,25,1,35,4.573,6.53,4.573,H2,4.278,1,catchment_near_assigned_hospital,12,observed_user_table,CH Roanne other: 49/day.
P112,HOME_P112,46.043821224172575,4.031953024477459,H2,oncology,A0260,13:00,P1,high,2.0,prescription_medicale,2026-05-18 13:55:00,835,13:55,145,2026-05-18 16:20:00,980,16:20,15,1,25,3.564,5.09,3.564,H2,3.564,1,catchment_near_assigned_hospital,10,assumption_to_validate,Renaison oncology: assumed 16/day.
P113,HOME_P113,45.97420794324306,3.9788914194799396,H1,external,A0187,08:30,P3,low,1.0,standard_assis,2026-05-18 09:45:00,585,09:45,30,2026-05-18 10:15:00,615,10:15,35,1,45,14.243,20.35,14.243,H2,13.194,1,catchment_near_assigned_hospital,18,computed_from_user_table,External visits: 75/day * 15% using fleet.
P114,HOME_P114,45.97694351058269,4.125848795397984,H2,oncology,A0263,15:00,P1,high,2.0,vsl_required,2026-05-18 15:30:00,930,15:30,80,2026-05-18 16:50:00,1010,16:50,15,1,25,11.03,15.76,11.03,H2,11.03,1,catchment_near_assigned_hospital,10,assumption_to_validate,Renaison oncology: assumed 16/day.
P115,HOME_P115,45.98394312171822,4.131039164111509,H1,other,A0157,10:30,P2,medium,1.5,standard_assis,2026-05-18 10:40:00,640,10:40,85,2026-05-18 12:05:00,725,12:05,25,1,35,11.164,15.95,11.164,H2,10.477,1,catchment_near_assigned_hospital,12,observed_user_table,CH Roanne other: 49/day.
P116,HOME_P116,46.01375343951673,4.051578954696649,H3,dialysis,A0348,13:00,P1,high,2.0,vsl_required,2026-05-18 13:25:00,805,13:25,215,2026-05-18 17:00:00,1020,17:00,15,1,25,5.342,7.63,5.342,H2,4.741,1,catchment_near_assigned_hospital,8,assumption_to_validate,Third dialysis center: assumed 24/day.
P117,HOME_P117,45.98588372834748,4.050082895209108,H1,oncology,A0089,08:00,P1,high,2.0,prescription_medicale,2026-05-18 08:55:00,535,08:55,165,2026-05-18 11:40:00,700,11:40,15,1,25,9.621,13.74,9.621,H2,8.508,1,catchment_near_assigned_hospital,10,observed_user_table,CH Roanne chemotherapy: 30/day.
P118,HOME_P118,46.12335331107312,4.076287481701742,H1,dialysis,A0004,08:00,P1,high,2.0,vsl_required,2026-05-18 08:45:00,525,08:45,240,2026-05-18 12:45:00,765,12:45,15,1,25,9.743,13.92,9.743,H1,9.743,1,catchment_near_assigned_hospital,8,observed_user_table,"CH Roanne dialysis: 53/day. 26 morning, 23 noon, 4 evening."
P119,HOME_P119,46.09010507546968,4.116860464287356,H2,oncology,A0248,08:00,P1,high,2.0,vsl_required,2026-05-18 08:55:00,535,08:55,160,2026-05-18 11:35:00,695,11:35,15,1,25,7.718,11.03,7.718,H1,6.656,1,catchment_near_assigned_hospital,10,assumption_to_validate,Renaison oncology: assumed 16/day.
P120,HOME_P120,46.07496354534874,4.106435537781476,H1,other,A0142,08:30,P2,medium,1.5,standard_assis,2026-05-18 09:45:00,585,09:45,110,2026-05-18 11:35:00,695,11:35,25,1,35,4.433,6.33,4.433,H1,4.433,1,catchment_near_assigned_hospital,12,observed_user_table,CH Roanne other: 49/day.
P121,HOME_P121,46.04569065325659,3.9896292040719223,H1,dialysis,A0037,13:00,P1,high,2.0,vsl_required,2026-05-18 13:00:00,780,13:00,240,2026-05-18 17:00:00,1020,17:00,15,1,25,8.083,11.55,8.083,H2,7.638,1,catchment_near_assigned_hospital,8,observed_user_table,"CH Roanne dialysis: 53/day. 26 morning, 23 noon, 4 evening."
P122,HOME_P122,46.00819855870786,4.037230225330184,H2,other,A0271,08:30,P2,medium,1.5,standard_assis,2026-05-18 09:45:00,585,09:45,25,2026-05-18 10:10:00,610,10:10,25,1,35,6.038,8.63,6.038,H2,6.038,1,catchment_near_assigned_hospital,12,assumption_to_validate,Renaison other: assumed 36/day.
P123,HOME_P123,46.081694137563765,4.1464437467749145,H2,other,A0268,08:30,P2,medium,1.5,premium,2026-05-18 09:20:00,560,09:20,40,2026-05-18 10:00:00,600,10:00,25,1,35,9.006,12.87,9.006,H1,8.133,1,catchment_near_assigned_hospital,12,assumption_to_validate,Renaison other: assumed 36/day.
P124,HOME_P124,46.074523931382,4.136941692002585,H1,other,A0127,08:30,P2,medium,1.5,vsl_required,2026-05-18 08:50:00,530,08:50,100,2026-05-18 10:30:00,630,10:30,25,1,35,6.862,9.8,6.862,H1,6.862,1,catchment_near_assigned_hospital,12,observed_user_table,CH Roanne other: 49/day.
P125,HOME_P125,46.088198754680874,4.057729303834021,H1,dialysis,A0071,17:00,P1,high,2.0,vsl_required,2026-05-18 17:05:00,1025,17:05,240,2026-05-18 21:05:00,1265,21:05,15,1,25,5.061,7.23,5.061,H1,5.061,1,catchment_near_assigned_hospital,8,observed_user_table,"CH Roanne dialysis: 53/day. 26 morning, 23 noon, 4 evening."
P126,HOME_P126,46.02202566910276,4.1112706805557035,H1,dialysis,A0062,13:00,P1,high,2.0,vsl_required,2026-05-18 13:25:00,805,13:25,240,2026-05-18 17:25:00,1045,17:25,15,1,25,5.722,8.17,5.722,H2,5.256,1,catchment_near_assigned_hospital,8,observed_user_table,"CH Roanne dialysis: 53/day. 26 morning, 23 noon, 4 evening."
P127,HOME_P127,46.03699327523091,4.081573478045188,H1,dialysis,A0026,08:00,P1,high,2.0,vsl_required,2026-05-18 08:30:00,510,08:30,240,2026-05-18 12:30:00,750,12:30,15,1,25,2.423,5.0,2.423,H2,1.727,1,catchment_near_assigned_hospital,8,observed_user_table,"CH Roanne dialysis: 53/day. 26 morning, 23 noon, 4 evening."
P128,HOME_P128,45.9762293463404,4.064432243685303,H2,dialysis,A0217,08:00,P1,high,2.0,prescription_medicale,2026-05-18 08:55:00,535,08:55,265,2026-05-18 13:20:00,800,13:20,15,1,25,9.665,13.81,9.665,H2,9.665,1,catchment_near_assigned_hospital,8,assumption_to_validate,Renaison dialysis: assumed 30/day.
P129,HOME_P129,45.96593176721161,3.9865977100357632,H2,other,A0288,10:30,P2,medium,1.5,prescription_medicale,2026-05-18 11:30:00,690,11:30,25,2026-05-18 11:55:00,715,11:55,25,1,35,13.635,19.48,13.635,H2,13.635,1,catchment_near_assigned_hospital,12,assumption_to_validate,Renaison other: assumed 36/day.
P130,HOME_P130,46.05186451730535,4.169078000065934,H1,other,A0165,14:00,P2,medium,1.5,prescription_medicale,2026-05-18 15:10:00,910,15:10,65,2026-05-18 16:15:00,975,16:15,25,1,35,9.299,13.28,9.299,H1,9.299,1,catchment_near_assigned_hospital,12,observed_user_table,CH Roanne other: 49/day.
P131,HOME_P131,46.02569175886991,3.9366655641264265,H1,other,A0172,14:00,P2,medium,1.5,premium,2026-05-18 14:30:00,870,14:30,80,2026-05-18 15:50:00,950,15:50,25,1,35,13.675,19.54,13.675,H2,13.05,1,catchment_near_assigned_hospital,12,observed_user_table,CH Roanne other: 49/day.
P132,HOME_P132,46.06189969313866,4.036232539840717,H2,dialysis,A0240,13:00,P1,high,2.0,prescription_medicale,2026-05-18 13:15:00,795,13:15,265,2026-05-18 17:40:00,1060,17:40,15,1,25,3.865,5.52,3.865,H3,3.653,1,catchment_near_assigned_hospital,8,assumption_to_validate,Renaison dialysis: assumed 30/day.
P133,HOME_P133,46.11279024110697,4.024954956414712,H1,dialysis,A0002,08:00,P1,high,2.0,vsl_required,2026-05-18 08:00:00,480,08:00,240,2026-05-18 12:00:00,720,12:00,15,1,25,9.464,13.52,9.464,H1,9.464,1,catchment_near_assigned_hospital,8,observed_user_table,"CH Roanne dialysis: 53/day. 26 morning, 23 noon, 4 evening."
P134,HOME_P134,46.06618877931544,4.22407122005569,H1,other,A0176,14:00,P2,medium,1.5,standard_assis,2026-05-18 14:00:00,840,14:00,110,2026-05-18 15:50:00,950,15:50,25,1,35,14.709,21.01,14.709,H1,14.709,1,catchment_near_assigned_hospital,12,observed_user_table,CH Roanne other: 49/day.
P135,HOME_P135,46.06056833717571,4.070537718850881,H1,other,A0146,10:30,P2,medium,1.5,prescription_medicale,2026-05-18 10:50:00,650,10:50,100,2026-05-18 12:30:00,750,12:30,25,1,35,1.032,5.0,1.032,H1,1.032,1,catchment_near_assigned_hospital,12,observed_user_table,CH Roanne other: 49/day.
P136,HOME_P136,45.99329529000368,4.1641285984717085,H1,other,A0180,16:00,P2,medium,1.5,vsl_required,2026-05-18 16:35:00,995,16:35,100,2026-05-18 18:15:00,1095,18:15,25,1,35,12.142,17.35,12.142,H2,11.735,1,catchment_near_assigned_hospital,12,observed_user_table,CH Roanne other: 49/day.
P137,HOME_P137,46.0564845204435,4.200799750400015,H1,other,A0145,10:30,P2,medium,1.5,standard_assis,2026-05-18 10:50:00,650,10:50,105,2026-05-18 12:35:00,755,12:35,25,1,35,12.364,17.66,12.364,H1,12.364,1,catchment_near_assigned_hospital,12,observed_user_table,CH Roanne other: 49/day.
P138,HOME_P138,46.01408861940595,3.9818778340350667,H3,dialysis,A0322,08:00,P1,high,2.0,vsl_required,2026-05-18 08:10:00,490,08:10,270,2026-05-18 12:40:00,760,12:40,15,1,25,9.86,14.09,9.86,H2,9.469,1,catchment_near_assigned_hospital,8,assumption_to_validate,Third dialysis center: assumed 24/day.
P139,HOME_P139,46.06456722226276,4.087979851987412,H1,dialysis,A0040,13:00,P1,high,2.0,vsl_required,2026-05-18 13:15:00,795,13:15,240,2026-05-18 17:15:00,1035,17:15,15,1,25,2.15,5.0,2.15,H1,2.15,1,catchment_near_assigned_hospital,8,observed_user_table,"CH Roanne dialysis: 53/day. 26 morning, 23 noon, 4 evening."
P140,HOME_P140,46.108191033733064,4.187460791497809,H1,other,A0179,16:00,P2,medium,1.5,standard_assis,2026-05-18 16:05:00,965,16:05,95,2026-05-18 17:40:00,1060,17:40,25,1,35,13.44,19.2,13.44,H1,13.44,1,catchment_near_assigned_hospital,12,observed_user_table,CH Roanne other: 49/day.
P141,HOME_P141,46.07736734303658,3.999708171669992,H1,oncology,A0079,08:00,P1,high,2.0,standard_assis,2026-05-18 08:45:00,525,08:45,150,2026-05-18 11:15:00,675,11:15,15,1,25,7.794,11.13,7.794,H3,7.773,1,catchment_near_assigned_hospital,10,observed_user_table,CH Roanne chemotherapy: 30/day.
P142,HOME_P142,46.039650858444816,4.093954653547115,H1,oncology,A0104,11:00,P1,high,2.0,vsl_required,2026-05-18 11:10:00,670,11:10,175,2026-05-18 14:05:00,845,14:05,15,1,25,2.793,5.0,2.793,H2,2.568,1,catchment_near_assigned_hospital,10,observed_user_table,CH Roanne chemotherapy: 30/day.
P143,HOME_P143,45.98716020253754,4.00818456556473,H1,oncology,A0110,11:00,P1,high,2.0,prescription_medicale,2026-05-18 11:55:00,715,11:55,155,2026-05-18 14:30:00,870,14:30,15,1,25,11.103,15.86,11.103,H2,10.022,1,catchment_near_assigned_hospital,10,observed_user_table,CH Roanne chemotherapy: 30/day.
P144,HOME_P144,46.08182378815382,4.216022593985352,H1,other,A0152,10:30,P2,medium,1.5,standard_assis,2026-05-18 11:50:00,710,11:50,115,2026-05-18 13:45:00,825,13:45,25,1,35,14.379,20.54,14.379,H1,14.379,1,catchment_near_assigned_hospital,12,observed_user_table,CH Roanne other: 49/day.
P145,HOME_P145,46.016270632632065,4.079653002861063,H1,dialysis,A0001,08:00,P1,high,2.0,prescription_medicale,2026-05-18 08:15:00,495,08:15,240,2026-05-18 12:15:00,735,12:15,15,1,25,5.19,7.41,5.19,H2,4.222,1,catchment_near_assigned_hospital,8,observed_user_table,"CH Roanne dialysis: 53/day. 26 morning, 23 noon, 4 evening."
P146,HOME_P146,46.06386982338252,4.005255528569258,H2,dialysis,A0227,13:00,P1,high,2.0,vsl_required,2026-05-18 13:50:00,830,13:50,250,2026-05-18 18:00:00,1080,18:00,15,1,25,6.629,9.47,6.629,H3,6.536,1,catchment_near_assigned_hospital,8,assumption_to_validate,Renaison dialysis: assumed 30/day.
P147,HOME_P147,46.06797748048654,4.146798615426602,H1,dialysis,A0029,08:00,P1,high,2.0,vsl_required,2026-05-18 08:25:00,505,08:25,240,2026-05-18 12:25:00,745,12:25,15,1,25,7.432,10.62,7.432,H1,7.432,1,catchment_near_assigned_hospital,8,observed_user_table,"CH Roanne dialysis: 53/day. 26 morning, 23 noon, 4 evening."
P148,HOME_P148,46.02207208863293,4.075291198734845,H1,oncology,A0100,11:00,P1,high,2.0,vsl_required,2026-05-18 11:30:00,690,11:30,150,2026-05-18 14:00:00,840,14:00,15,1,25,4.348,6.21,4.348,H2,3.343,1,catchment_near_assigned_hospital,10,observed_user_table,CH Roanne chemotherapy: 30/day.
P149,HOME_P149,46.0861623159077,4.001737159978718,H1,other,A0182,16:00,P2,medium,1.5,standard_assis,2026-05-18 16:55:00,1015,16:55,110,2026-05-18 18:45:00,1125,18:45,25,1,35,8.227,11.75,8.227,H1,8.227,1,catchment_near_assigned_hospital,12,observed_user_table,CH Roanne other: 49/day.
P150,HOME_P150,45.97546883782984,4.018715607490475,H1,other,A0122,08:30,P2,medium,1.5,vsl_required,2026-05-18 09:10:00,550,09:10,85,2026-05-18 10:35:00,635,10:35,25,1,35,12.008,17.15,12.008,H2,10.893,1,catchment_near_assigned_hospital,12,observed_user_table,CH Roanne other: 49/day.
P151,HOME_P151,46.04312634622242,4.112974189307155,H2,dialysis,A0216,08:00,P1,high,2.0,vsl_required,2026-05-18 08:30:00,510,08:30,210,2026-05-18 12:00:00,720,12:00,15,1,25,4.277,6.11,4.277,H1,4.135,1,catchment_near_assigned_hospital,8,assumption_to_validate,Renaison dialysis: assumed 30/day.
P152,HOME_P152,46.05325682489159,4.152919177750784,H2,dialysis,A0209,08:00,P1,high,2.0,prescription_medicale,2026-05-18 08:30:00,510,08:30,240,2026-05-18 12:30:00,750,12:30,15,1,25,8.182,11.69,8.182,H1,7.738,1,catchment_near_assigned_hospital,8,assumption_to_validate,Renaison dialysis: assumed 30/day.
P153,HOME_P153,46.033232718342546,3.9632436623492553,H1,other,A0158,10:30,P2,medium,1.5,standard_assis,2026-05-18 11:40:00,700,11:40,90,2026-05-18 13:10:00,790,13:10,25,1,35,10.922,15.6,10.922,H2,10.331,1,catchment_near_assigned_hospital,12,observed_user_table,CH Roanne other: 49/day.
P154,HOME_P154,46.0998514932651,4.061637503543143,H1,dialysis,A0023,08:00,P1,high,2.0,vsl_required,2026-05-18 08:40:00,520,08:40,240,2026-05-18 12:40:00,760,12:40,15,1,25,6.558,9.37,6.558,H1,6.558,1,catchment_near_assigned_hospital,8,observed_user_table,"CH Roanne dialysis: 53/day. 26 morning, 23 noon, 4 evening."
P155,HOME_P155,46.02701211275605,4.028237001974086,H3,dialysis,A0324,08:00,P1,high,2.0,vsl_required,2026-05-18 08:15:00,495,08:15,265,2026-05-18 12:40:00,760,12:40,15,1,25,5.143,7.35,5.143,H2,4.697,1,catchment_near_assigned_hospital,8,assumption_to_validate,Third dialysis center: assumed 24/day.
P156,HOME_P156,46.01240224975989,4.082799896054885,H1,other,A0178,16:00,P2,medium,1.5,premium,2026-05-18 16:00:00,960,16:00,85,2026-05-18 17:25:00,1045,17:25,25,1,35,5.767,8.24,5.767,H2,4.821,1,catchment_near_assigned_hospital,12,observed_user_table,CH Roanne other: 49/day.
P157,HOME_P157,46.01943016973266,4.2110578569829045,H1,other,A0155,10:30,P2,medium,1.5,standard_assis,2026-05-18 10:45:00,645,10:45,110,2026-05-18 12:35:00,755,12:35,25,1,35,14.156,20.22,14.156,H1,14.156,1,catchment_near_assigned_hospital,12,observed_user_table,CH Roanne other: 49/day.
P158,HOME_P158,46.02726571815744,4.129472447982564,H2,dialysis,A0239,13:00,P1,high,2.0,prescription_medicale,2026-05-18 13:15:00,795,13:15,250,2026-05-18 17:25:00,1045,17:25,15,1,25,6.39,9.13,6.39,H2,6.39,1,catchment_near_assigned_hospital,8,assumption_to_validate,Renaison dialysis: assumed 30/day.
P159,HOME_P159,46.01507904855659,4.053382658657006,H2,dialysis,A0214,08:00,P1,high,2.0,prescription_medicale,2026-05-18 08:45:00,525,08:45,265,2026-05-18 13:10:00,790,13:10,15,1,25,4.509,6.44,4.509,H2,4.509,1,catchment_near_assigned_hospital,8,assumption_to_validate,Renaison dialysis: assumed 30/day.
P160,HOME_P160,46.040104063168755,3.944191931515407,H1,other,A0118,08:30,P2,medium,1.5,vsl_required,2026-05-18 09:35:00,575,09:35,95,2026-05-18 11:10:00,670,11:10,25,1,35,12.532,17.9,12.532,H2,12.047,1,catchment_near_assigned_hospital,12,observed_user_table,CH Roanne other: 49/day.
P161,HOME_P161,46.05790136548786,4.093808132661714,H1,oncology,A0105,11:00,P1,high,2.0,prescription_medicale,2026-05-18 11:50:00,710,11:50,160,2026-05-18 14:30:00,870,14:30,15,1,25,2.134,5.0,2.134,H1,2.134,1,catchment_near_assigned_hospital,10,observed_user_table,CH Roanne chemotherapy: 30/day.
P162,HOME_P162,46.01992026708397,4.043254678400384,H2,dialysis,A0219,08:00,P1,high,2.0,vsl_required,2026-05-18 08:45:00,525,08:45,270,2026-05-18 13:15:00,795,13:15,15,1,25,4.349,6.21,4.349,H2,4.349,1,catchment_near_assigned_hospital,8,assumption_to_validate,Renaison dialysis: assumed 30/day.
P163,HOME_P163,45.99745474763438,4.068692407589952,H3,dialysis,A0328,08:00,P1,high,2.0,vsl_required,2026-05-18 08:05:00,485,08:05,235,2026-05-18 12:00:00,720,12:00,15,1,25,7.305,10.44,7.305,H2,6.706,1,catchment_near_assigned_hospital,8,assumption_to_validate,Third dialysis center: assumed 24/day.
P164,HOME_P164,46.08719489469083,4.185262078326607,H1,other,A0132,08:30,P2,medium,1.5,standard_assis,2026-05-18 09:40:00,580,09:40,85,2026-05-18 11:05:00,665,11:05,25,1,35,11.833,16.9,11.833,H1,11.833,1,catchment_near_assigned_hospital,12,observed_user_table,CH Roanne other: 49/day.
P165,HOME_P165,45.99097617446498,4.0606398780689625,H1,dialysis,A0055,13:00,P1,high,2.0,vsl_required,2026-05-18 13:00:00,780,13:00,240,2026-05-18 17:00:00,1020,17:00,15,1,25,8.74,12.49,8.74,H2,7.647,1,catchment_near_assigned_hospital,8,observed_user_table,"CH Roanne dialysis: 53/day. 26 morning, 23 noon, 4 evening."
P166,HOME_P166,46.032641946765445,4.056632166938846,H2,oncology,A0256,13:00,P1,high,2.0,vsl_required,2026-05-18 13:35:00,815,13:35,350,2026-05-18 19:25:00,1165,19:25,15,1,25,2.162,5.0,2.162,H2,2.162,1,catchment_near_assigned_hospital,10,assumption_to_validate,Renaison oncology: assumed 16/day.
P167,HOME_P167,46.10180517541233,4.136753308227515,H2,oncology,A0259,13:00,P1,high,2.0,prescription_medicale,2026-05-18 13:10:00,790,13:10,305,2026-05-18 18:15:00,1095,18:15,15,1,25,10.186,14.55,10.186,H1,9.143,1,catchment_near_assigned_hospital,10,assumption_to_validate,Renaison oncology: assumed 16/day.
P168,HOME_P168,46.075873997498825,3.997705892616986,H2,dialysis,A0230,13:00,P1,high,2.0,vsl_required,2026-05-18 13:40:00,820,13:40,260,2026-05-18 18:00:00,1080,18:00,15,1,25,8.038,11.48,8.038,H3,7.845,1,catchment_near_assigned_hospital,8,assumption_to_validate,Renaison dialysis: assumed 30/day.
P169,HOME_P169,46.12347337334999,4.05023394798819,H2,other,A0295,10:30,P2,medium,1.5,vsl_required,2026-05-18 10:40:00,640,10:40,40,2026-05-18 11:20:00,680,11:20,25,1,35,10.957,15.65,10.957,H1,9.991,1,catchment_near_assigned_hospital,12,assumption_to_validate,Renaison other: assumed 36/day.
P170,HOME_P170,46.012723140783756,4.0364965142570215,H2,dialysis,A0204,08:00,P1,high,2.0,prescription_medicale,2026-05-18 08:50:00,530,08:50,240,2026-05-18 12:50:00,770,12:50,15,1,25,5.543,7.92,5.543,H2,5.543,1,catchment_near_assigned_hospital,8,assumption_to_validate,Renaison dialysis: assumed 30/day.
P171,HOME_P171,46.002239360728204,4.033212495606285,H2,oncology,A0264,15:00,P1,high,2.0,vsl_required,2026-05-18 15:45:00,945,15:45,95,2026-05-18 17:20:00,1040,17:20,15,1,25,6.949,9.93,6.949,H2,6.949,1,catchment_near_assigned_hospital,10,assumption_to_validate,Renaison oncology: assumed 16/day.
P172,HOME_P172,46.06292296437162,4.013310674681324,H1,oncology,A0113,14:00,P1,high,2.0,vsl_required,2026-05-18 14:50:00,890,14:50,175,2026-05-18 17:45:00,1065,17:45,15,1,25,5.882,8.4,5.882,H3,5.755,1,catchment_near_assigned_hospital,10,observed_user_table,CH Roanne chemotherapy: 30/day.
P173,HOME_P173,46.11388884335896,4.1142869028514975,H2,oncology,A0249,08:00,P1,high,2.0,vsl_required,2026-05-18 08:35:00,515,08:35,225,2026-05-18 12:20:00,740,12:20,15,1,25,10.443,14.92,10.443,H1,9.327,1,catchment_near_assigned_hospital,10,assumption_to_validate,Renaison oncology: assumed 16/day.
P174,HOME_P174,45.999627279356005,4.147057272243698,H1,other,A0148,10:30,P2,medium,1.5,standard_assis,2026-05-18 11:00:00,660,11:00,85,2026-05-18 12:25:00,745,12:25,25,1,35,10.351,14.79,10.351,H2,9.902,1,catchment_near_assigned_hospital,12,observed_user_table,CH Roanne other: 49/day.
P175,HOME_P175,46.09346078675282,4.092562956994612,H1,oncology,A0080,08:00,P1,high,2.0,vsl_required,2026-05-18 08:10:00,490,08:10,160,2026-05-18 10:50:00,650,10:50,15,1,25,5.902,8.43,5.902,H1,5.902,1,catchment_near_assigned_hospital,10,observed_user_table,CH Roanne chemotherapy: 30/day.
P176,HOME_P176,46.142915696041094,4.033079654961892,H2,other,A0272,08:30,P2,medium,1.5,standard_assis,2026-05-18 09:00:00,540,09:00,35,2026-05-18 09:35:00,575,09:35,25,1,35,13.944,19.92,13.944,H1,13.028,1,catchment_near_assigned_hospital,12,assumption_to_validate,Renaison other: assumed 36/day.
P177,HOME_P177,45.98188810899177,4.026564193568643,H2,other,A0310,16:30,P2,medium,1.5,standard_assis,2026-05-18 16:45:00,1005,16:45,40,2026-05-18 17:25:00,1045,17:25,25,1,35,9.762,13.95,9.762,H2,9.762,1,catchment_near_assigned_hospital,12,assumption_to_validate,Renaison other: assumed 36/day.
P178,HOME_P178,46.11131528315585,4.124044027752105,H1,dialysis,A0060,13:00,P1,high,2.0,prescription_medicale,2026-05-18 13:50:00,830,13:50,240,2026-05-18 17:50:00,1070,17:50,15,1,25,9.462,13.52,9.462,H1,9.462,1,catchment_near_assigned_hospital,8,observed_user_table,"CH Roanne dialysis: 53/day. 26 morning, 23 noon, 4 evening."
P179,HOME_P179,46.08571302301119,4.130531862949135,H2,other,A0302,14:00,P2,medium,1.5,standard_assis,2026-05-18 15:25:00,925,15:25,25,2026-05-18 15:50:00,950,15:50,25,1,35,8.147,11.64,8.147,H1,7.169,1,catchment_near_assigned_hospital,12,assumption_to_validate,Renaison other: assumed 36/day.
P180,HOME_P180,46.01812601483298,4.105163553164071,H2,dialysis,A0207,08:00,P1,high,2.0,prescription_medicale,2026-05-18 08:20:00,500,08:20,255,2026-05-18 12:35:00,755,12:35,15,1,25,5.196,7.42,5.196,H2,5.196,1,catchment_near_assigned_hospital,8,assumption_to_validate,Renaison dialysis: assumed 30/day.
P181,HOME_P181,46.11195125716931,4.097212335691105,H1,dialysis,A0005,08:00,P1,high,2.0,vsl_required,2026-05-18 08:35:00,515,08:35,240,2026-05-18 12:35:00,755,12:35,15,1,25,8.488,12.13,8.488,H1,8.488,1,catchment_near_assigned_hospital,8,observed_user_table,"CH Roanne dialysis: 53/day. 26 morning, 23 noon, 4 evening."
P182,HOME_P182,46.04491997054995,4.221909909539821,H1,other,A0120,08:30,P2,medium,1.5,prescription_medicale,2026-05-18 08:40:00,520,08:40,80,2026-05-18 10:00:00,600,10:00,25,1,35,14.441,20.63,14.441,H1,14.441,1,catchment_near_assigned_hospital,12,observed_user_table,CH Roanne other: 49/day.
P183,HOME_P183,46.03748669973896,4.082439875311138,H1,dialysis,A0031,08:00,P1,high,2.0,vsl_required,2026-05-18 08:15:00,495,08:15,240,2026-05-18 12:15:00,735,12:15,15,1,25,2.39,5.0,2.39,H2,1.742,1,catchment_near_assigned_hospital,8,observed_user_table,"CH Roanne dialysis: 53/day. 26 morning, 23 noon, 4 evening."
P184,HOME_P184,46.00390957322194,4.062772505324128,H1,other,A0162,10:30,P2,medium,1.5,standard_assis,2026-05-18 10:40:00,640,10:40,70,2026-05-18 11:50:00,710,11:50,25,1,35,6.931,9.9,6.931,H2,5.838,1,catchment_near_assigned_hospital,12,observed_user_table,CH Roanne other: 49/day.
P185,HOME_P185,46.005733268594064,4.036345934436866,H2,dialysis,A0243,17:00,P1,high,2.0,vsl_required,2026-05-18 17:35:00,1055,17:35,255,2026-05-18 21:50:00,1310,21:50,15,1,25,6.377,9.11,6.377,H2,6.377,1,catchment_near_assigned_hospital,8,assumption_to_validate,Renaison dialysis: assumed 30/day.
P186,HOME_P186,45.97249126786145,4.138097230402338,H2,other,A0312,16:30,P2,medium,1.5,prescription_medicale,2026-05-18 16:30:00,990,16:30,25,2026-05-18 16:55:00,1015,16:55,25,1,35,12.178,17.4,12.178,H2,12.178,1,catchment_near_assigned_hospital,12,assumption_to_validate,Renaison other: assumed 36/day.
P187,HOME_P187,46.09171893044855,4.055595394353127,H2,other,A0275,08:30,P2,medium,1.5,standard_assis,2026-05-18 09:50:00,590,09:50,30,2026-05-18 10:20:00,620,10:20,25,1,35,6.522,9.32,6.522,H1,5.589,1,catchment_near_assigned_hospital,12,assumption_to_validate,Renaison other: assumed 36/day.
P188,HOME_P188,46.1081383969943,4.113338456310661,H2,dialysis,A0231,13:00,P1,high,2.0,vsl_required,2026-05-18 13:40:00,820,13:40,270,2026-05-18 18:10:00,1090,18:10,15,1,25,9.683,13.83,9.683,H1,8.57,1,catchment_near_assigned_hospital,8,assumption_to_validate,Renaison dialysis: assumed 30/day.
P189,HOME_P189,46.03215430958527,4.104900284417591,H1,dialysis,A0019,08:00,P1,high,2.0,vsl_required,2026-05-18 08:00:00,480,08:00,240,2026-05-18 12:00:00,720,12:00,15,1,25,4.277,6.11,4.277,H2,3.959,1,catchment_near_assigned_hospital,8,observed_user_table,"CH Roanne dialysis: 53/day. 26 morning, 23 noon, 4 evening."
P190,HOME_P190,46.110359227974634,4.019991717819863,H3,dialysis,A0320,08:00,P1,high,2.0,vsl_required,2026-05-18 08:05:00,485,08:05,235,2026-05-18 12:00:00,720,12:00,15,1,25,9.676,13.82,9.676,H1,9.419,1,catchment_near_assigned_hospital,8,assumption_to_validate,Third dialysis center: assumed 24/day.
P191,HOME_P191,46.08590114076696,4.077612440190012,H3,dialysis,A0323,08:00,P1,high,2.0,vsl_required,2026-05-18 08:45:00,525,08:45,220,2026-05-18 12:25:00,745,12:25,15,1,25,5.044,7.21,5.044,H1,4.556,1,catchment_near_assigned_hospital,8,assumption_to_validate,Third dialysis center: assumed 24/day.
P192,HOME_P192,46.09919927561561,4.012195407484026,H2,other,A0277,08:30,P2,medium,1.5,vsl_required,2026-05-18 08:30:00,510,08:30,25,2026-05-18 08:55:00,535,08:55,25,1,35,9.224,13.18,9.224,H1,8.645,1,catchment_near_assigned_hospital,12,assumption_to_validate,Renaison other: assumed 36/day.
P193,HOME_P193,46.11619814277169,4.146318828405652,H2,other,A0284,10:30,P2,medium,1.5,standard_assis,2026-05-18 11:00:00,660,11:00,35,2026-05-18 11:35:00,695,11:35,25,1,35,12.324,17.61,12.324,H1,11.261,1,catchment_near_assigned_hospital,12,assumption_to_validate,Renaison other: assumed 36/day.
P194,HOME_P194,46.06505358558165,4.0665896622572495,H2,dialysis,A0202,08:00,P1,high,2.0,prescription_medicale,2026-05-18 08:10:00,490,08:10,245,2026-05-18 12:15:00,735,12:15,15,1,25,2.698,5.0,2.698,H1,1.737,1,catchment_near_assigned_hospital,8,assumption_to_validate,Renaison dialysis: assumed 30/day.
P195,HOME_P195,46.03943454765034,4.016982130919515,H2,dialysis,A0218,08:00,P1,high,2.0,prescription_medicale,2026-05-18 08:20:00,500,08:20,210,2026-05-18 11:50:00,710,11:50,15,1,25,5.075,7.25,5.075,H2,5.075,1,catchment_near_assigned_hospital,8,assumption_to_validate,Renaison dialysis: assumed 30/day.
P196,HOME_P196,46.10713039290503,4.0135323319619856,H2,other,A0300,14:00,P2,medium,1.5,prescription_medicale,2026-05-18 14:05:00,845,14:05,35,2026-05-18 14:40:00,880,14:40,25,1,35,10.065,14.38,10.065,H1,9.409,1,catchment_near_assigned_hospital,12,assumption_to_validate,Renaison other: assumed 36/day.
P197,HOME_P197,45.98570125398022,4.0328860629653045,H3,dialysis,A0317,08:00,P1,high,2.0,vsl_required,2026-05-18 08:50:00,530,08:50,230,2026-05-18 12:40:00,760,12:40,15,1,25,9.628,13.75,9.628,H2,9.031,1,catchment_near_assigned_hospital,8,assumption_to_validate,Third dialysis center: assumed 24/day.
P198,HOME_P198,46.04086902093529,4.0457269529750075,H3,dialysis,A0337,13:00,P1,high,2.0,vsl_required,2026-05-18 13:10:00,790,13:10,225,2026-05-18 16:55:00,1015,16:55,15,1,25,2.664,5.0,2.664,H2,2.325,1,catchment_near_assigned_hospital,8,assumption_to_validate,Third dialysis center: assumed 24/day.
P199,HOME_P199,46.08559721316145,4.0129407322343145,H1,dialysis,A0010,08:00,P1,high,2.0,vsl_required,2026-05-18 08:50:00,530,08:50,240,2026-05-18 12:50:00,770,12:50,15,1,25,7.305,10.44,7.305,H1,7.305,1,catchment_near_assigned_hospital,8,observed_user_table,"CH Roanne dialysis: 53/day. 26 morning, 23 noon, 4 evening."
P200,HOME_P200,45.99422259488064,4.02401923148242,H1,oncology,A0093,08:00,P1,high,2.0,standard_assis,2026-05-18 08:55:00,535,08:55,170,2026-05-18 11:45:00,705,11:45,15,1,25,9.46,13.51,9.46,H2,8.359,1,catchment_near_assigned_hospital,10,observed_user_table,CH Roanne chemotherapy: 30/day.
P201,HOME_P201,46.082938909781454,4.085763343014964,H3,dialysis,A0344,13:00,P1,high,2.0,prescription_medicale,2026-05-18 13:25:00,805,13:25,270,2026-05-18 17:55:00,1075,17:55,15,1,25,4.824,6.89,4.824,H1,4.308,1,catchment_near_assigned_hospital,8,assumption_to_validate,Third dialysis center: assumed 24/day.
P202,HOME_P202,46.09921025579983,4.078468340486362,H1,dialysis,A0057,13:00,P1,high,2.0,prescription_medicale,2026-05-18 13:45:00,825,13:45,240,2026-05-18 17:45:00,1065,17:45,15,1,25,6.405,9.15,6.405,H1,6.405,1,catchment_near_assigned_hospital,8,observed_user_table,"CH Roanne dialysis: 53/day. 26 morning, 23 noon, 4 evening."
P203,HOME_P203,45.97821742042202,4.08929790397424,H1,oncology,A0081,08:00,P1,high,2.0,vsl_required,2026-05-18 08:50:00,530,08:50,150,2026-05-18 11:20:00,680,11:20,15,1,25,10.558,15.08,10.558,H2,9.586,1,catchment_near_assigned_hospital,10,observed_user_table,CH Roanne chemotherapy: 30/day.
P204,HOME_P204,46.109725694946256,4.064563890422997,H1,dialysis,A0021,08:00,P1,high,2.0,prescription_medicale,2026-05-18 08:35:00,515,08:35,240,2026-05-18 12:35:00,755,12:35,15,1,25,7.882,11.26,7.882,H1,7.882,1,catchment_near_assigned_hospital,8,observed_user_table,"CH Roanne dialysis: 53/day. 26 morning, 23 noon, 4 evening."
P205,HOME_P205,45.97970354168796,4.125821119020743,H1,other,A0167,14:00,P2,medium,1.5,standard_assis,2026-05-18 15:00:00,900,15:00,95,2026-05-18 16:35:00,995,16:35,25,1,35,11.443,16.35,11.443,H2,10.698,1,catchment_near_assigned_hospital,12,observed_user_table,CH Roanne other: 49/day.
P206,HOME_P206,46.03008766911764,4.0094755855171424,H1,dialysis,A0025,08:00,P1,high,2.0,prescription_medicale,2026-05-18 08:30:00,510,08:30,240,2026-05-18 12:30:00,750,12:30,15,1,25,6.901,9.86,6.901,H2,6.122,1,catchment_near_assigned_hospital,8,observed_user_table,"CH Roanne dialysis: 53/day. 26 morning, 23 noon, 4 evening."
P207,HOME_P207,46.085378304206806,4.011569330690766,H3,dialysis,A0319,08:00,P1,high,2.0,prescription_medicale,2026-05-18 08:45:00,525,08:45,250,2026-05-18 12:55:00,775,12:55,15,1,25,7.479,10.68,7.479,H1,7.391,1,catchment_near_assigned_hospital,8,assumption_to_validate,Third dialysis center: assumed 24/day.
P208,HOME_P208,46.06376714672208,4.119769043430635,H1,dialysis,A0053,13:00,P1,high,2.0,vsl_required,2026-05-18 13:00:00,780,13:00,240,2026-05-18 17:00:00,1020,17:00,15,1,25,4.767,6.81,4.767,H1,4.767,1,catchment_near_assigned_hospital,8,observed_user_table,"CH Roanne dialysis: 53/day. 26 morning, 23 noon, 4 evening."
P209,HOME_P209,46.033031548691596,3.9273752090980434,H2,other,A0311,16:30,P2,medium,1.5,prescription_medicale,2026-05-18 17:25:00,1045,17:25,25,2026-05-18 17:50:00,1070,17:50,25,1,35,13.758,19.65,13.758,H2,13.758,1,catchment_near_assigned_hospital,12,assumption_to_validate,Renaison other: assumed 36/day.
P210,HOME_P210,46.06347463500755,3.9918857982589997,H1,external,A0186,08:30,P3,low,1.0,premium,2026-05-18 09:30:00,570,09:30,20,2026-05-18 09:50:00,590,09:50,35,1,45,7.922,11.32,7.922,H3,7.764,1,catchment_near_assigned_hospital,18,computed_from_user_table,External visits: 75/day * 15% using fleet.
P211,HOME_P211,45.99027245520969,4.131048981307407,H1,other,A0140,08:30,P2,medium,1.5,prescription_medicale,2026-05-18 09:50:00,590,09:50,65,2026-05-18 10:55:00,655,10:55,25,1,35,10.414,14.88,10.414,H2,9.77,1,catchment_near_assigned_hospital,12,observed_user_table,CH Roanne other: 49/day.
P212,HOME_P212,46.08160387755769,4.015093375552508,H2,oncology,A0244,08:00,P1,high,2.0,vsl_required,2026-05-18 08:10:00,490,08:10,180,2026-05-18 11:10:00,670,11:10,15,1,25,7.193,10.28,7.193,H1,6.807,1,catchment_near_assigned_hospital,10,assumption_to_validate,Renaison oncology: assumed 16/day.
P213,HOME_P213,45.946539328636185,4.059070080541219,H2,other,A0267,08:30,P2,medium,1.5,standard_assis,2026-05-18 09:15:00,555,09:15,30,2026-05-18 09:45:00,585,09:45,25,1,35,13.815,19.74,13.815,H2,13.815,1,catchment_near_assigned_hospital,12,assumption_to_validate,Renaison other: assumed 36/day.
P214,HOME_P214,46.135896676630146,4.074232692550892,H1,oncology,A0082,08:00,P1,high,2.0,prescription_medicale,2026-05-18 08:55:00,535,08:55,175,2026-05-18 11:50:00,710,11:50,15,1,25,11.481,16.4,11.481,H1,11.481,1,catchment_near_assigned_hospital,10,observed_user_table,CH Roanne chemotherapy: 30/day.
P215,HOME_P215,45.98867507874113,4.05572533714169,H1,other,A0117,08:30,P2,medium,1.5,prescription_medicale,2026-05-18 09:20:00,560,09:20,60,2026-05-18 10:20:00,620,10:20,25,0,35,9.131,13.04,9.131,H2,8.026,1,catchment_near_assigned_hospital,12,observed_user_table,CH Roanne other: 49/day.
P216,HOME_P216,46.03295170972547,3.930451318218272,H1,other,A0143,10:30,P2,medium,1.5,standard_assis,2026-05-18 11:55:00,715,11:55,120,2026-05-18 13:55:00,835,13:55,25,1,35,14.012,20.02,14.012,H2,13.466,1,catchment_near_assigned_hospital,12,observed_user_table,CH Roanne other: 49/day.
P217,HOME_P217,46.02585867663198,3.9625881226045494,H1,other,A0130,08:30,P2,medium,1.5,standard_assis,2026-05-18 09:50:00,590,09:50,115,2026-05-18 11:45:00,705,11:45,25,1,35,11.288,16.13,11.288,H2,10.613,1,catchment_near_assigned_hospital,12,observed_user_table,CH Roanne other: 49/day.
P218,HOME_P218,46.08516246312324,4.0617713572878085,H2,other,A0273,08:30,P2,medium,1.5,premium,2026-05-18 09:20:00,560,09:20,25,2026-05-18 09:45:00,585,09:45,25,1,35,5.527,7.9,5.527,H1,4.552,1,catchment_near_assigned_hospital,12,assumption_to_validate,Renaison other: assumed 36/day.
P219,HOME_P219,46.049635910771016,3.9432079133696405,H1,external,A0189,09:30,P3,low,1.0,standard_assis,2026-05-18 09:50:00,590,09:50,20,2026-05-18 10:10:00,610,10:10,35,1,45,12.502,17.86,12.502,H2,12.128,1,catchment_near_assigned_hospital,18,computed_from_user_table,External visits: 75/day * 15% using fleet.
P220,HOME_P220,45.94833528536972,4.127342605828796,H2,other,A0301,14:00,P2,medium,1.5,prescription_medicale,2026-05-18 14:35:00,875,14:35,30,2026-05-18 15:05:00,905,15:05,25,1,35,14.666,20.95,14.666,H2,14.666,1,catchment_near_assigned_hospital,12,assumption_to_validate,Renaison other: assumed 36/day.
P221,HOME_P221,46.13523510382115,3.9960347762936403,H1,other,A0163,10:30,P2,medium,1.5,standard_assis,2026-05-18 11:40:00,700,11:40,110,2026-05-18 13:30:00,810,13:30,25,1,35,13.576,19.39,13.576,H1,13.576,1,catchment_near_assigned_hospital,12,observed_user_table,CH Roanne other: 49/day.
P222,HOME_P222,46.01153596420789,4.072269539686702,H2,oncology,A0246,08:00,P1,high,2.0,standard_assis,2026-05-18 08:10:00,490,08:10,165,2026-05-18 10:55:00,655,10:55,15,1,25,4.76,6.8,4.76,H2,4.76,1,catchment_near_assigned_hospital,10,assumption_to_validate,Renaison oncology: assumed 16/day.
P223,HOME_P223,46.05374747562055,3.953411115036243,H2,other,A0294,10:30,P2,medium,1.5,standard_assis,2026-05-18 11:35:00,695,11:35,40,2026-05-18 12:15:00,735,12:15,25,1,35,11.187,15.98,11.187,H2,11.187,1,catchment_near_assigned_hospital,12,assumption_to_validate,Renaison other: assumed 36/day.
P224,HOME_P224,46.08172487058814,4.153899194327253,H2,dialysis,A0221,08:00,P1,high,2.0,vsl_required,2026-05-18 08:00:00,480,08:00,270,2026-05-18 12:30:00,750,12:30,15,1,25,9.614,13.73,9.614,H1,8.771,1,catchment_near_assigned_hospital,8,assumption_to_validate,Renaison dialysis: assumed 30/day.
P225,HOME_P225,46.02510704557695,4.118927924413101,H1,dialysis,A0036,08:00,P1,high,2.0,prescription_medicale,2026-05-18 08:35:00,515,08:35,240,2026-05-18 12:35:00,755,12:35,15,1,25,5.937,8.48,5.937,H2,5.62,1,catchment_near_assigned_hospital,8,observed_user_table,"CH Roanne dialysis: 53/day. 26 morning, 23 noon, 4 evening."
P226,HOME_P226,46.09171528621721,4.1018414633631695,H1,dialysis,A0046,13:00,P1,high,2.0,vsl_required,2026-05-18 13:25:00,805,13:25,240,2026-05-18 17:25:00,1045,17:25,15,1,25,6.034,8.62,6.034,H1,6.034,1,catchment_near_assigned_hospital,8,observed_user_table,"CH Roanne dialysis: 53/day. 26 morning, 23 noon, 4 evening."
P227,HOME_P227,46.11028197077581,4.0275422371643375,H3,dialysis,A0343,13:00,P1,high,2.0,vsl_required,2026-05-18 13:30:00,810,13:30,250,2026-05-18 17:40:00,1060,17:40,15,1,25,9.325,13.32,9.325,H1,9.038,1,catchment_near_assigned_hospital,8,assumption_to_validate,Third dialysis center: assumed 24/day.
P228,HOME_P228,46.13482688790912,4.058614966882029,H2,other,A0287,10:30,P2,medium,1.5,standard_assis,2026-05-18 11:00:00,660,11:00,30,2026-05-18 11:30:00,690,11:30,25,1,35,12.427,17.75,12.427,H1,11.413,1,catchment_near_assigned_hospital,12,assumption_to_validate,Renaison other: assumed 36/day.
P229,HOME_P229,46.012732053210854,4.1148591735200455,H2,dialysis,A0225,13:00,P1,high,2.0,vsl_required,2026-05-18 13:25:00,805,13:25,220,2026-05-18 17:05:00,1025,17:05,15,1,25,6.384,9.12,6.384,H2,6.384,1,catchment_near_assigned_hospital,8,assumption_to_validate,Renaison dialysis: assumed 30/day.
P230,HOME_P230,46.117435328898175,3.9886521444268115,H2,other,A0298,14:00,P2,medium,1.5,standard_assis,2026-05-18 14:45:00,885,14:45,35,2026-05-18 15:20:00,920,15:20,25,1,35,12.614,18.02,12.614,H1,12.046,1,catchment_near_assigned_hospital,12,assumption_to_validate,Renaison other: assumed 36/day.
P231,HOME_P231,46.03023361554034,4.163318812792615,H1,dialysis,A0042,13:00,P1,high,2.0,vsl_required,2026-05-18 13:25:00,805,13:25,240,2026-05-18 17:25:00,1045,17:25,15,0,25,9.312,13.3,9.312,H1,9.312,1,catchment_near_assigned_hospital,8,observed_user_table,"CH Roanne dialysis: 53/day. 26 morning, 23 noon, 4 evening."
P232,HOME_P232,45.998045320830904,3.963037235153786,H2,oncology,A0257,13:00,P1,high,2.0,prescription_medicale,2026-05-18 13:30:00,810,13:30,195,2026-05-18 16:45:00,1005,16:45,15,1,25,12.168,17.38,12.168,H2,12.168,1,catchment_near_assigned_hospital,10,assumption_to_validate,Renaison oncology: assumed 16/day.
P233,HOME_P233,45.972912309440076,4.009454845130876,H2,other,A0274,08:30,P2,medium,1.5,prescription_medicale,2026-05-18 09:05:00,545,09:05,25,2026-05-18 09:30:00,570,09:30,25,1,35,11.627,16.61,11.627,H2,11.627,1,catchment_near_assigned_hospital,12,assumption_to_validate,Renaison other: assumed 36/day.
P234,HOME_P234,46.04147274931381,3.940452711374627,H1,other,A0135,08:30,P2,medium,1.5,prescription_medicale,2026-05-18 08:50:00,530,08:50,100,2026-05-18 10:30:00,630,10:30,25,1,35,12.863,18.38,12.863,H2,12.396,1,catchment_near_assigned_hospital,12,observed_user_table,CH Roanne other: 49/day.
P235,HOME_P235,46.06415181806227,4.060808441862054,H1,dialysis,A0035,08:00,P1,high,2.0,prescription_medicale,2026-05-18 08:25:00,505,08:25,240,2026-05-18 12:25:00,745,12:25,15,1,25,1.895,5.0,1.895,H1,1.895,1,catchment_near_assigned_hospital,8,observed_user_table,"CH Roanne dialysis: 53/day. 26 morning, 23 noon, 4 evening."
P236,HOME_P236,45.97428153784931,4.082290921307125,H1,oncology,A0096,08:00,P1,high,2.0,vsl_required,2026-05-18 08:45:00,525,08:45,165,2026-05-18 11:30:00,690,11:30,15,1,25,11.022,15.75,11.022,H2,10.012,1,catchment_near_assigned_hospital,10,observed_user_table,CH Roanne chemotherapy: 30/day.
P237,HOME_P237,46.06660140627762,3.8547166741759633,H1,external,A0200,16:30,P3,low,1.0,standard_assis,2026-05-18 17:10:00,1030,17:10,25,2026-05-18 17:35:00,1055,17:35,35,0,55,21.105,30.15,21.105,H2,20.853,1,catchment_near_assigned_hospital,18,computed_from_user_table,External visits: 75/day * 15% using fleet.
P238,HOME_P238,46.06323724860453,4.050372453670729,H2,dialysis,A0234,13:00,P1,high,2.0,vsl_required,2026-05-18 13:00:00,780,13:00,255,2026-05-18 17:15:00,1035,17:15,15,1,25,3.017,5.0,3.017,H1,2.558,1,catchment_near_assigned_hospital,8,assumption_to_validate,Renaison dialysis: assumed 30/day.
P239,HOME_P239,45.975875981046585,4.129308698456386,H2,other,A0282,08:30,P2,medium,1.5,prescription_medicale,2026-05-18 08:55:00,535,08:55,35,2026-05-18 09:30:00,570,09:30,25,1,35,11.327,16.18,11.327,H2,11.327,1,catchment_near_assigned_hospital,12,assumption_to_validate,Renaison other: assumed 36/day.
P240,HOME_P240,46.065906528297496,4.073054497488643,H1,dialysis,A0017,08:00,P1,high,2.0,vsl_required,2026-05-18 08:10:00,490,08:10,240,2026-05-18 12:10:00,730,12:10,15,1,25,1.753,5.0,1.753,H1,1.753,1,catchment_near_assigned_hospital,8,observed_user_table,"CH Roanne dialysis: 53/day. 26 morning, 23 noon, 4 evening."
P241,HOME_P241,46.11009963716647,4.058351189734116,H2,dialysis,A0215,08:00,P1,high,2.0,vsl_required,2026-05-18 08:40:00,520,08:40,250,2026-05-18 12:50:00,770,12:50,15,1,25,9.008,12.87,9.008,H1,8.015,1,catchment_near_assigned_hospital,8,assumption_to_validate,Renaison dialysis: assumed 30/day.
P242,HOME_P242,46.057837165925406,3.997914063469178,H1,oncology,A0115,14:00,P1,high,2.0,standard_assis,2026-05-18 14:10:00,850,14:10,165,2026-05-18 16:55:00,1015,16:55,15,1,25,7.241,10.34,7.241,H3,7.038,1,catchment_near_assigned_hospital,10,observed_user_table,CH Roanne chemotherapy: 30/day.
P243,HOME_P243,46.09886995950603,4.021427749251628,H2,oncology,A0254,08:00,P1,high,2.0,vsl_required,2026-05-18 08:05:00,485,08:05,215,2026-05-18 11:40:00,700,11:40,15,1,25,8.688,12.41,8.688,H1,8.035,1,catchment_near_assigned_hospital,10,assumption_to_validate,Renaison oncology: assumed 16/day.
P244,HOME_P244,46.08278633795743,3.9312337443361027,H2,other,A0297,14:00,P2,medium,1.5,standard_assis,2026-05-18 14:30:00,870,14:30,35,2026-05-18 15:05:00,905,15:05,25,1,35,14.233,20.33,14.233,H3,14.137,1,catchment_near_assigned_hospital,12,assumption_to_validate,Renaison other: assumed 36/day.
P245,HOME_P245,46.036502653235296,4.266308149349374,H1,external,A0201,17:30,P3,low,1.0,prescription_medicale,2026-05-18 17:45:00,1065,17:45,20,2026-05-18 18:05:00,1085,18:05,35,1,49,18.824,26.89,18.824,H1,18.824,1,catchment_near_assigned_hospital,18,computed_from_user_table,External visits: 75/day * 15% using fleet.
P246,HOME_P246,46.09492496364851,4.039353502273822,H1,dialysis,A0003,08:00,P1,high,2.0,prescription_medicale,2026-05-18 08:40:00,520,08:40,240,2026-05-18 12:40:00,760,12:40,15,1,25,6.619,9.46,6.619,H1,6.619,1,catchment_near_assigned_hospital,8,observed_user_table,"CH Roanne dialysis: 53/day. 26 morning, 23 noon, 4 evening."
P247,HOME_P247,46.12378894170232,4.120612662404457,H1,other,A0126,08:30,P2,medium,1.5,standard_assis,2026-05-18 09:10:00,550,09:10,80,2026-05-18 10:30:00,630,10:30,25,1,35,10.832,15.47,10.832,H1,10.832,1,catchment_near_assigned_hospital,12,observed_user_table,CH Roanne other: 49/day.
P248,HOME_P248,46.07716118817672,4.058493513178534,H1,dialysis,A0028,08:00,P1,high,2.0,prescription_medicale,2026-05-18 08:00:00,480,08:00,240,2026-05-18 12:00:00,720,12:00,15,1,25,3.588,5.13,3.588,H1,3.588,1,catchment_near_assigned_hospital,8,observed_user_table,"CH Roanne dialysis: 53/day. 26 morning, 23 noon, 4 evening."
P249,HOME_P249,45.99907972321246,4.188442290573152,H1,other,A0184,16:00,P2,medium,1.5,standard_assis,2026-05-18 17:25:00,1045,17:25,80,2026-05-18 18:45:00,1125,18:45,25,1,35,13.475,19.25,13.475,H2,13.241,1,catchment_near_assigned_hospital,12,observed_user_table,CH Roanne other: 49/day.
P250,HOME_P250,46.07410038057668,4.092749617194149,H1,oncology,A0088,08:00,P1,high,2.0,vsl_required,2026-05-18 08:15:00,495,08:15,175,2026-05-18 11:10:00,670,11:10,15,1,25,3.478,5.0,3.478,H1,3.478,1,catchment_near_assigned_hospital,10,observed_user_table,CH Roanne chemotherapy: 30/day.
P251,HOME_P251,46.12336655505439,4.1339010790605615,H1,other,A0136,08:30,P2,medium,1.5,standard_assis,2026-05-18 09:35:00,575,09:35,80,2026-05-18 10:55:00,655,10:55,25,1,35,11.386,16.27,11.386,H1,11.386,1,catchment_near_assigned_hospital,12,observed_user_table,CH Roanne other: 49/day.
P252,HOME_P252,45.99440201400017,4.096098021096183,H2,dialysis,A0238,13:00,P1,high,2.0,vsl_required,2026-05-18 13:20:00,800,13:20,220,2026-05-18 17:00:00,1020,17:00,15,1,25,7.601,10.86,7.601,H2,7.601,1,catchment_near_assigned_hospital,8,assumption_to_validate,Renaison dialysis: assumed 30/day.
P253,HOME_P253,46.03366575627271,4.124227356764463,H2,other,A0303,14:00,P2,medium,1.5,standard_assis,2026-05-18 14:30:00,870,14:30,30,2026-05-18 15:00:00,900,15:00,25,1,35,5.603,8.0,5.603,H2,5.603,1,catchment_near_assigned_hospital,12,assumption_to_validate,Renaison other: assumed 36/day.
P254,HOME_P254,46.07948527660006,4.1420456076409256,H1,dialysis,A0033,08:00,P1,high,2.0,vsl_required,2026-05-18 08:45:00,525,08:45,240,2026-05-18 12:45:00,765,12:45,15,1,25,7.614,10.88,7.614,H1,7.614,1,catchment_near_assigned_hospital,8,observed_user_table,"CH Roanne dialysis: 53/day. 26 morning, 23 noon, 4 evening."
P255,HOME_P255,46.036045844028735,4.07760810200475,H3,dialysis,A0330,08:00,P1,high,2.0,prescription_medicale,2026-05-18 08:35:00,515,08:35,270,2026-05-18 13:05:00,785,13:05,15,1,25,2.074,5.0,2.074,H2,1.588,1,catchment_near_assigned_hospital,8,assumption_to_validate,Third dialysis center: assumed 24/day.
P256,HOME_P256,46.13840719554258,4.112281694790608,H1,oncology,A0083,08:00,P1,high,2.0,vsl_required,2026-05-18 08:40:00,520,08:40,160,2026-05-18 11:20:00,680,11:20,15,1,25,12.429,17.76,12.429,H1,12.429,1,catchment_near_assigned_hospital,10,observed_user_table,CH Roanne chemotherapy: 30/day.
P257,HOME_P257,46.032787882683316,4.140524061011218,H2,dialysis,A0237,13:00,P1,high,2.0,vsl_required,2026-05-18 13:20:00,800,13:20,245,2026-05-18 17:25:00,1045,17:25,15,1,25,7.149,10.21,7.149,H1,7.138,1,catchment_near_assigned_hospital,8,assumption_to_validate,Renaison dialysis: assumed 30/day.
P258,HOME_P258,46.10206126584655,4.246097317607388,H1,external,A0195,12:30,P3,low,1.0,prescription_medicale,2026-05-18 13:05:00,785,13:05,20,2026-05-18 13:25:00,805,13:25,35,0,47,18.04,25.77,18.04,H1,18.04,1,catchment_near_assigned_hospital,18,computed_from_user_table,External visits: 75/day * 15% using fleet.
P259,HOME_P259,45.98593332094513,4.080643785194126,H2,other,A0316,16:30,P2,medium,1.5,prescription_medicale,2026-05-18 17:30:00,1050,17:30,30,2026-05-18 18:00:00,1080,18:00,25,1,35,8.385,11.98,8.385,H2,8.385,1,catchment_near_assigned_hospital,12,assumption_to_validate,Renaison other: assumed 36/day.
P260,HOME_P260,46.06107881785041,4.1313360013346925,H1,dialysis,A0043,13:00,P1,high,2.0,prescription_medicale,2026-05-18 13:55:00,835,13:55,240,2026-05-18 17:55:00,1075,17:55,15,1,25,5.758,8.23,5.758,H1,5.758,1,catchment_near_assigned_hospital,8,observed_user_table,"CH Roanne dialysis: 53/day. 26 morning, 23 noon, 4 evening."
P261,HOME_P261,46.10231905827817,3.9853727129955794,H1,oncology,A0101,11:00,P1,high,2.0,prescription_medicale,2026-05-18 11:05:00,665,11:05,170,2026-05-18 13:55:00,835,13:55,15,1,25,10.831,15.47,10.831,H1,10.831,1,catchment_near_assigned_hospital,10,observed_user_table,CH Roanne chemotherapy: 30/day.
P262,HOME_P262,46.02667732486183,4.052745454161913,H1,external,A0190,09:30,P3,low,1.0,standard_assis,2026-05-18 10:50:00,650,10:50,25,2026-05-18 11:15:00,675,11:15,35,1,45,4.171,5.96,4.171,H2,3.064,1,catchment_near_assigned_hospital,18,computed_from_user_table,External visits: 75/day * 15% using fleet.
P263,HOME_P263,46.08337817370596,4.12264557248946,H2,other,A0270,08:30,P2,medium,1.5,standard_assis,2026-05-18 09:25:00,565,09:25,35,2026-05-18 10:00:00,600,10:00,25,1,35,7.375,10.54,7.375,H1,6.378,1,catchment_near_assigned_hospital,12,assumption_to_validate,Renaison other: assumed 36/day.
P264,HOME_P264,46.091163667100325,4.1089729122186505,H1,dialysis,A0064,13:00,P1,high,2.0,prescription_medicale,2026-05-18 13:55:00,835,13:55,240,2026-05-18 17:55:00,1075,17:55,15,1,25,6.319,9.03,6.319,H1,6.319,1,catchment_near_assigned_hospital,8,observed_user_table,"CH Roanne dialysis: 53/day. 26 morning, 23 noon, 4 evening."
P265,HOME_P265,46.02210890027009,4.107435103091132,H1,dialysis,A0032,08:00,P1,high,2.0,vsl_required,2026-05-18 08:40:00,520,08:40,240,2026-05-18 12:40:00,760,12:40,15,1,25,5.48,7.83,5.48,H2,4.965,1,catchment_near_assigned_hospital,8,observed_user_table,"CH Roanne dialysis: 53/day. 26 morning, 23 noon, 4 evening."
P266,HOME_P266,46.12628474590905,3.981254471273588,H2,other,A0280,08:30,P2,medium,1.5,standard_assis,2026-05-18 09:50:00,590,09:50,40,2026-05-18 10:30:00,630,10:30,25,1,35,14.024,20.03,14.024,H1,13.439,1,catchment_near_assigned_hospital,12,assumption_to_validate,Renaison other: assumed 36/day.
P267,HOME_P267,46.00999306551343,4.189836392450693,H1,other,A0134,08:30,P2,medium,1.5,standard_assis,2026-05-18 08:55:00,535,08:55,100,2026-05-18 10:35:00,635,10:35,25,1,35,12.806,18.29,12.806,H2,12.691,1,catchment_near_assigned_hospital,12,observed_user_table,CH Roanne other: 49/day.
P268,HOME_P268,46.09022346601414,4.006651438374691,H1,dialysis,A0011,08:00,P1,high,2.0,vsl_required,2026-05-18 08:25:00,505,08:25,240,2026-05-18 12:25:00,745,12:25,15,1,25,8.179,11.68,8.179,H1,8.179,1,catchment_near_assigned_hospital,8,observed_user_table,"CH Roanne dialysis: 53/day. 26 morning, 23 noon, 4 evening."
P269,HOME_P269,46.03328296764906,4.077746334977337,H1,dialysis,A0048,13:00,P1,high,2.0,vsl_required,2026-05-18 13:45:00,825,13:45,240,2026-05-18 17:45:00,1065,17:45,15,1,25,2.825,5.0,2.825,H2,1.93,1,catchment_near_assigned_hospital,8,observed_user_table,"CH Roanne dialysis: 53/day. 26 morning, 23 noon, 4 evening."
P270,HOME_P270,46.01909138919212,4.108504810361856,H3,dialysis,A0339,13:00,P1,high,2.0,vsl_required,2026-05-18 13:20:00,800,13:20,270,2026-05-18 17:50:00,1070,17:50,15,1,25,5.68,8.11,5.68,H2,5.325,1,catchment_near_assigned_hospital,8,assumption_to_validate,Third dialysis center: assumed 24/day.
P271,HOME_P271,45.96927811503508,4.154399904875295,H1,other,A0171,14:00,P2,medium,1.5,standard_assis,2026-05-18 14:30:00,870,14:30,60,2026-05-18 15:30:00,930,15:30,25,1,35,14.092,20.13,14.092,H2,13.458,1,catchment_near_assigned_hospital,12,observed_user_table,CH Roanne other: 49/day.
P272,HOME_P272,46.082926486333065,4.047224182379758,H1,oncology,A0090,08:00,P1,high,2.0,standard_assis,2026-05-18 08:05:00,485,08:05,165,2026-05-18 10:50:00,650,10:50,15,1,25,4.795,6.85,4.795,H1,4.795,1,catchment_near_assigned_hospital,10,observed_user_table,CH Roanne chemotherapy: 30/day.
P273,HOME_P273,46.07057640051661,4.166556528126033,H1,dialysis,A0066,13:00,P1,high,2.0,prescription_medicale,2026-05-18 13:45:00,825,13:45,240,2026-05-18 17:45:00,1065,17:45,15,1,25,9.365,13.38,9.365,H1,9.365,1,catchment_near_assigned_hospital,8,observed_user_table,"CH Roanne dialysis: 53/day. 26 morning, 23 noon, 4 evening."
P274,HOME_P274,46.02781638063374,3.9853697843454405,H3,dialysis,A0345,13:00,P1,high,2.0,vsl_required,2026-05-18 13:15:00,795,13:15,265,2026-05-18 17:40:00,1060,17:40,15,0,25,8.728,12.47,8.728,H2,8.425,1,catchment_near_assigned_hospital,8,assumption_to_validate,Third dialysis center: assumed 24/day.
P275,HOME_P275,46.09696528071284,4.068377043090283,H2,dialysis,A0206,08:00,P1,high,2.0,vsl_required,2026-05-18 08:00:00,480,08:00,270,2026-05-18 12:30:00,750,12:30,15,1,25,7.126,10.18,7.126,H1,6.083,1,catchment_near_assigned_hospital,8,assumption_to_validate,Renaison dialysis: assumed 30/day.
P276,HOME_P276,46.095191996331124,4.132896259626043,H3,dialysis,A0347,13:00,P1,high,2.0,vsl_required,2026-05-18 13:15:00,795,13:15,230,2026-05-18 17:05:00,1025,17:05,15,1,25,8.731,12.47,8.731,H1,8.222,1,catchment_near_assigned_hospital,8,assumption_to_validate,Third dialysis center: assumed 24/day.
P277,HOME_P277,45.986673622022955,3.9645383875924836,H2,other,A0305,14:00,P2,medium,1.5,standard_assis,2026-05-18 15:05:00,905,15:05,40,2026-05-18 15:45:00,945,15:45,25,1,35,12.984,18.55,12.984,H2,12.984,1,catchment_near_assigned_hospital,12,assumption_to_validate,Renaison other: assumed 36/day.
P278,HOME_P278,45.99027980870045,4.007716452119985,H1,oncology,A0111,11:00,P1,high,2.0,standard_assis,2026-05-18 11:40:00,700,11:40,180,2026-05-18 14:40:00,880,14:40,15,1,25,10.773,15.39,10.773,H2,9.7,1,catchment_near_assigned_hospital,10,observed_user_table,CH Roanne chemotherapy: 30/day.
P279,HOME_P279,46.069157562160505,4.0679734464113295,H1,dialysis,A0041,13:00,P1,high,2.0,vsl_required,2026-05-18 13:45:00,825,13:45,240,2026-05-18 17:45:00,1065,17:45,15,1,25,2.251,5.0,2.251,H1,2.251,1,catchment_near_assigned_hospital,8,observed_user_table,"CH Roanne dialysis: 53/day. 26 morning, 23 noon, 4 evening."
P280,HOME_P280,46.06063015868828,4.060887133483353,H1,dialysis,A0061,13:00,P1,high,2.0,vsl_required,2026-05-18 13:55:00,835,13:55,240,2026-05-18 17:55:00,1075,17:55,15,1,25,1.528,5.0,1.528,H1,1.528,1,catchment_near_assigned_hospital,8,observed_user_table,"CH Roanne dialysis: 53/day. 26 morning, 23 noon, 4 evening."
P281,HOME_P281,46.043559056221945,4.1645621447549495,H1,dialysis,A0058,13:00,P1,high,2.0,vsl_required,2026-05-18 13:55:00,835,13:55,240,2026-05-18 17:55:00,1075,17:55,15,1,25,8.965,12.81,8.965,H1,8.965,1,catchment_near_assigned_hospital,8,observed_user_table,"CH Roanne dialysis: 53/day. 26 morning, 23 noon, 4 evening."
P282,HOME_P282,46.00516692877293,4.012732446042544,H2,other,A0290,10:30,P2,medium,1.5,prescription_medicale,2026-05-18 11:55:00,715,11:55,30,2026-05-18 12:25:00,745,12:25,25,1,35,7.811,11.16,7.811,H2,7.811,1,catchment_near_assigned_hospital,12,assumption_to_validate,Renaison other: assumed 36/day.
P283,HOME_P283,46.109106587059856,4.138987912137848,H2,other,A0285,10:30,P2,medium,1.5,premium,2026-05-18 11:05:00,665,11:05,30,2026-05-18 11:35:00,695,11:35,25,1,35,11.112,15.87,11.112,H1,10.05,1,catchment_near_assigned_hospital,12,assumption_to_validate,Renaison other: assumed 36/day.
P284,HOME_P284,46.05454362765768,4.003227194977304,H1,other,A0139,08:30,P2,medium,1.5,standard_assis,2026-05-18 08:55:00,535,08:55,90,2026-05-18 10:25:00,625,10:25,25,1,35,6.704,9.58,6.704,H2,6.444,1,catchment_near_assigned_hospital,12,observed_user_table,CH Roanne other: 49/day.
P285,HOME_P285,46.09898229071265,4.110521454169055,H1,dialysis,A0052,13:00,P1,high,2.0,vsl_required,2026-05-18 13:30:00,810,13:30,240,2026-05-18 17:30:00,1050,17:30,15,1,25,7.322,10.46,7.322,H1,7.322,1,catchment_near_assigned_hospital,8,observed_user_table,"CH Roanne dialysis: 53/day. 26 morning, 23 noon, 4 evening."
P286,HOME_P286,46.08598152584368,4.18668640693636,H1,other,A0124,08:30,P2,medium,1.5,vsl_required,2026-05-18 08:35:00,515,08:35,75,2026-05-18 09:50:00,590,09:50,25,1,35,11.894,16.99,11.894,H1,11.894,1,catchment_near_assigned_hospital,12,observed_user_table,CH Roanne other: 49/day.
P287,HOME_P287,46.080511309674634,4.020321038049578,H1,other,A0129,08:30,P2,medium,1.5,standard_assis,2026-05-18 08:50:00,530,08:50,115,2026-05-18 10:45:00,645,10:45,25,0,35,6.31,9.01,6.31,H1,6.31,1,catchment_near_assigned_hospital,12,observed_user_table,CH Roanne other: 49/day.
P288,HOME_P288,46.02141225508756,4.050409043552727,H2,dialysis,A0213,08:00,P1,high,2.0,vsl_required,2026-05-18 08:30:00,510,08:30,255,2026-05-18 12:45:00,765,12:45,15,1,25,3.814,5.45,3.814,H2,3.814,1,catchment_near_assigned_hospital,8,assumption_to_validate,Renaison dialysis: assumed 30/day.
P289,HOME_P289,46.003791965191276,4.139427106620889,H3,dialysis,A0327,08:00,P1,high,2.0,vsl_required,2026-05-18 08:10:00,490,08:10,240,2026-05-18 12:10:00,730,12:10,15,1,25,9.281,13.26,9.281,H2,8.966,1,catchment_near_assigned_hospital,8,assumption_to_validate,Third dialysis center: assumed 24/day.
P290,HOME_P290,46.097958173177574,4.054426378936269,H2,other,A0296,10:30,P2,medium,1.5,vsl_required,2026-05-18 11:20:00,680,11:20,30,2026-05-18 11:50:00,710,11:50,25,0,35,7.395,10.56,7.395,H1,6.452,1,catchment_near_assigned_hospital,12,assumption_to_validate,Renaison other: assumed 36/day.
P291,HOME_P291,46.1068490970213,4.104346289686827,H1,external,A0197,13:30,P3,low,1.0,standard_assis,2026-05-18 14:00:00,840,14:00,25,2026-05-18 14:25:00,865,14:25,35,1,45,8.044,11.49,8.044,H1,8.044,1,catchment_near_assigned_hospital,18,computed_from_user_table,External visits: 75/day * 15% using fleet.
P292,HOME_P292,46.11770949558609,4.142309920598721,H1,oncology,A0086,08:00,P1,high,2.0,prescription_medicale,2026-05-18 08:35:00,515,08:35,175,2026-05-18 11:30:00,690,11:30,15,1,25,11.188,15.98,11.188,H1,11.188,1,catchment_near_assigned_hospital,10,observed_user_table,CH Roanne chemotherapy: 30/day.
P293,HOME_P293,46.13132691402609,4.16238057469439,H1,other,A0183,16:00,P2,medium,1.5,vsl_required,2026-05-18 16:30:00,990,16:30,85,2026-05-18 17:55:00,1075,17:55,25,1,35,13.869,19.81,13.869,H1,13.869,1,catchment_near_assigned_hospital,12,observed_user_table,CH Roanne other: 49/day.
P294,HOME_P294,45.95728852870166,4.068054083441897,H1,other,A0166,14:00,P2,medium,1.5,prescription_medicale,2026-05-18 14:30:00,870,14:30,70,2026-05-18 15:40:00,940,15:40,25,1,35,13.353,19.08,13.353,H2,12.289,1,catchment_near_assigned_hospital,12,observed_user_table,CH Roanne other: 49/day.
P295,HOME_P295,45.99743897062906,4.003477595036989,H2,dialysis,A0226,13:00,P1,high,2.0,prescription_medicale,2026-05-18 13:50:00,830,13:50,230,2026-05-18 17:40:00,1060,17:40,15,1,25,9.206,13.15,9.206,H2,9.206,1,catchment_near_assigned_hospital,8,assumption_to_validate,Renaison dialysis: assumed 30/day.
P296,HOME_P296,46.05800237058544,4.120331980006838,H1,oncology,A0078,08:00,P1,high,2.0,vsl_required,2026-05-18 08:10:00,490,08:10,150,2026-05-18 10:40:00,640,10:40,15,1,25,4.641,6.63,4.641,H1,4.641,1,catchment_near_assigned_hospital,10,observed_user_table,CH Roanne chemotherapy: 30/day.
P297,HOME_P297,45.992724426661816,4.008363291532366,H2,dialysis,A0235,13:00,P1,high,2.0,prescription_medicale,2026-05-18 13:15:00,795,13:15,240,2026-05-18 17:15:00,1035,17:15,15,1,25,9.394,13.42,9.394,H2,9.394,1,catchment_near_assigned_hospital,8,assumption_to_validate,Renaison dialysis: assumed 30/day.
P298,HOME_P298,46.10223854355781,4.155188084735632,H1,other,A0164,14:00,P2,medium,1.5,prescription_medicale,2026-05-18 14:40:00,880,14:40,110,2026-05-18 16:30:00,990,16:30,25,1,35,10.465,14.95,10.465,H1,10.465,1,catchment_near_assigned_hospital,12,observed_user_table,CH Roanne other: 49/day.
P299,HOME_P299,46.01075517126949,4.1257911458483045,H2,other,A0309,14:00,P2,medium,1.5,standard_assis,2026-05-18 14:30:00,870,14:30,35,2026-05-18 15:05:00,905,15:05,25,1,35,7.338,10.48,7.338,H2,7.338,1,catchment_near_assigned_hospital,12,assumption_to_validate,Renaison other: assumed 36/day.
P300,HOME_P300,46.05488965854245,3.9802320614883375,H1,dialysis,A0068,13:00,P1,high,2.0,vsl_required,2026-05-18 13:40:00,820,13:40,240,2026-05-18 17:40:00,1060,17:40,15,1,25,8.922,12.75,8.922,H2,8.639,1,catchment_near_assigned_hospital,8,observed_user_table,"CH Roanne dialysis: 53/day. 26 morning, 23 noon, 4 evening."
P301,HOME_P301,46.07132287958235,3.993822201519947,H2,other,A0304,14:00,P2,medium,1.5,prescription_medicale,2026-05-18 14:15:00,855,14:15,30,2026-05-18 14:45:00,885,14:45,25,1,35,8.061,11.52,8.061,H3,7.922,1,catchment_near_assigned_hospital,12,assumption_to_validate,Renaison other: assumed 36/day.
P302,HOME_P302,46.01144454047526,3.996448154157426,H2,dialysis,A0242,13:00,P1,high,2.0,prescription_medicale,2026-05-18 13:45:00,825,13:45,235,2026-05-18 17:40:00,1060,17:40,15,1,25,8.451,12.07,8.451,H2,8.451,1,catchment_near_assigned_hospital,8,assumption_to_validate,Renaison dialysis: assumed 30/day.
P303,HOME_P303,46.137615559742294,4.085606371310462,H2,other,A0314,16:30,P2,medium,1.5,standard_assis,2026-05-18 16:55:00,1015,16:55,35,2026-05-18 17:30:00,1050,17:30,25,1,35,12.878,18.4,12.878,H1,11.785,1,catchment_near_assigned_hospital,12,assumption_to_validate,Renaison other: assumed 36/day.
P304,HOME_P304,46.04336642688982,4.089308676332373,H1,dialysis,A0016,08:00,P1,high,2.0,vsl_required,2026-05-18 08:45:00,525,08:45,240,2026-05-18 12:45:00,765,12:45,15,1,25,2.115,5.0,2.115,H2,2.005,1,catchment_near_assigned_hospital,8,observed_user_table,"CH Roanne dialysis: 53/day. 26 morning, 23 noon, 4 evening."
P305,HOME_P305,46.130497901062505,4.084316885460496,H1,external,A0196,12:30,P3,low,1.0,prescription_medicale,2026-05-18 12:50:00,770,12:50,20,2026-05-18 13:10:00,790,13:10,35,1,45,10.788,15.41,10.788,H1,10.788,1,catchment_near_assigned_hospital,18,computed_from_user_table,External visits: 75/day * 15% using fleet.
P306,HOME_P306,46.016448522546064,3.9485291170148664,H2,other,A0269,08:30,P2,medium,1.5,standard_assis,2026-05-18 08:55:00,535,08:55,25,2026-05-18 09:20:00,560,09:20,25,1,35,12.298,17.57,12.298,H2,12.298,1,catchment_near_assigned_hospital,12,assumption_to_validate,Renaison other: assumed 36/day.
P307,HOME_P307,46.10495525909258,4.072745918032794,H2,oncology,A0252,08:00,P1,high,2.0,prescription_medicale,2026-05-18 08:45:00,525,08:45,300,2026-05-18 13:45:00,825,13:45,15,1,25,8.245,11.78,8.245,H1,7.18,1,catchment_near_assigned_hospital,10,assumption_to_validate,Renaison oncology: assumed 16/day.
P308,HOME_P308,46.03147363928324,4.091943079622531,H2,dialysis,A0205,08:00,P1,high,2.0,vsl_required,2026-05-18 08:25:00,505,08:25,260,2026-05-18 12:45:00,765,12:45,15,0,25,2.983,5.0,2.983,H2,2.983,1,catchment_near_assigned_hospital,8,assumption_to_validate,Renaison dialysis: assumed 30/day.
P309,HOME_P309,45.999939163656926,4.084233327822586,H2,other,A0313,16:30,P2,medium,1.5,standard_assis,2026-05-18 16:45:00,1005,16:45,30,2026-05-18 17:15:00,1035,17:15,25,1,35,6.533,9.33,6.533,H2,6.533,1,catchment_near_assigned_hospital,12,assumption_to_validate,Renaison other: assumed 36/day.
P310,HOME_P310,46.033771151424695,3.9445023784948137,H2,other,A0299,14:00,P2,medium,1.5,premium,2026-05-18 14:25:00,865,14:25,40,2026-05-18 15:05:00,905,15:05,25,1,35,12.107,17.3,12.107,H2,12.107,1,catchment_near_assigned_hospital,12,assumption_to_validate,Renaison other: assumed 36/day.
P311,HOME_P311,46.029982029824716,4.055337654922785,H1,dialysis,A0051,13:00,P1,high,2.0,vsl_required,2026-05-18 13:05:00,785,13:05,240,2026-05-18 17:05:00,1025,17:05,15,1,25,3.648,5.21,3.648,H2,2.542,1,catchment_near_assigned_hospital,8,observed_user_table,"CH Roanne dialysis: 53/day. 26 morning, 23 noon, 4 evening."
P312,HOME_P312,46.011980716203404,4.075449079024418,H2,dialysis,A0210,08:00,P1,high,2.0,vsl_required,2026-05-18 08:40:00,520,08:40,225,2026-05-18 12:25:00,745,12:25,15,1,25,4.73,6.76,4.73,H2,4.73,1,catchment_near_assigned_hospital,8,assumption_to_validate,Renaison dialysis: assumed 30/day.
P313,HOME_P313,46.04180084001795,4.040317966314851,H1,dialysis,A0059,13:00,P1,high,2.0,vsl_required,2026-05-18 13:40:00,820,13:40,240,2026-05-18 17:40:00,1060,17:40,15,1,25,3.509,5.01,3.509,H2,2.801,1,catchment_near_assigned_hospital,8,observed_user_table,"CH Roanne dialysis: 53/day. 26 morning, 23 noon, 4 evening."
P314,HOME_P314,46.00624177326115,4.031622277037262,H1,dialysis,A0014,08:00,P1,high,2.0,vsl_required,2026-05-18 08:20:00,500,08:20,240,2026-05-18 12:20:00,740,12:20,15,1,25,7.648,10.93,7.648,H2,6.554,1,catchment_near_assigned_hospital,8,observed_user_table,"CH Roanne dialysis: 53/day. 26 morning, 23 noon, 4 evening."
P315,HOME_P315,46.11533332235043,4.065996381232494,H2,other,A0307,14:00,P2,medium,1.5,standard_assis,2026-05-18 14:35:00,875,14:35,40,2026-05-18 15:15:00,915,15:15,25,1,35,9.682,13.83,9.682,H1,8.646,1,catchment_near_assigned_hospital,12,assumption_to_validate,Renaison other: assumed 36/day.
P316,HOME_P316,46.063698149338215,4.114497029320285,H1,oncology,A0116,14:00,P1,high,2.0,vsl_required,2026-05-18 14:30:00,870,14:30,160,2026-05-18 17:10:00,1030,17:10,15,1,25,4.283,6.12,4.283,H1,4.283,1,catchment_near_assigned_hospital,10,observed_user_table,CH Roanne chemotherapy: 30/day.
P317,HOME_P317,46.070174970616215,3.9919617048089204,H1,dialysis,A0049,13:00,P1,high,2.0,prescription_medicale,2026-05-18 13:05:00,785,13:05,240,2026-05-18 17:05:00,1025,17:05,15,1,25,8.132,11.62,8.132,H3,8.032,1,catchment_near_assigned_hospital,8,observed_user_table,"CH Roanne dialysis: 53/day. 26 morning, 23 noon, 4 evening."
P318,HOME_P318,46.03894121638195,4.061683603977459,H1,dialysis,A0038,13:00,P1,high,2.0,vsl_required,2026-05-18 13:40:00,820,13:40,240,2026-05-18 17:40:00,1060,17:40,15,1,25,2.261,5.0,2.261,H2,1.164,1,catchment_near_assigned_hospital,8,observed_user_table,"CH Roanne dialysis: 53/day. 26 morning, 23 noon, 4 evening."
P319,HOME_P319,46.06431540234991,4.0683416966495995,H1,dialysis,A0009,08:00,P1,high,2.0,vsl_required,2026-05-18 08:45:00,525,08:45,240,2026-05-18 12:45:00,765,12:45,15,1,25,1.588,5.0,1.588,H1,1.588,1,catchment_near_assigned_hospital,8,observed_user_table,"CH Roanne dialysis: 53/day. 26 morning, 23 noon, 4 evening."
P320,HOME_P320,46.083924571653846,3.982189944969708,H2,other,A0289,10:30,P2,medium,1.5,standard_assis,2026-05-18 10:55:00,655,10:55,25,2026-05-18 11:20:00,680,11:20,25,1,35,9.899,14.14,9.899,H3,9.692,1,catchment_near_assigned_hospital,12,assumption_to_validate,Renaison other: assumed 36/day.
P321,HOME_P321,46.13965307261607,4.107596488932251,H2,other,A0278,08:30,P2,medium,1.5,vsl_required,2026-05-18 09:20:00,560,09:20,25,2026-05-18 09:45:00,585,09:45,25,1,35,13.584,19.41,13.584,H1,12.465,1,catchment_near_assigned_hospital,12,assumption_to_validate,Renaison other: assumed 36/day.
P322,HOME_P322,45.992273963691616,4.136583987696127,H2,other,A0308,14:00,P2,medium,1.5,premium,2026-05-18 14:05:00,845,14:05,30,2026-05-18 14:35:00,875,14:35,25,1,35,9.897,14.14,9.897,H2,9.897,1,catchment_near_assigned_hospital,12,assumption_to_validate,Renaison other: assumed 36/day.
P323,HOME_P323,46.121275338920704,4.07037975922021,H1,other,A0173,14:00,P2,medium,1.5,prescription_medicale,2026-05-18 14:30:00,870,14:30,70,2026-05-18 15:40:00,940,15:40,25,1,35,9.451,13.5,9.451,H1,9.451,1,catchment_near_assigned_hospital,12,observed_user_table,CH Roanne other: 49/day.
P324,HOME_P324,46.01302185511534,4.156564314042841,H1,dialysis,A0073,17:00,P1,high,2.0,vsl_required,2026-05-18 17:20:00,1040,17:20,240,2026-05-18 21:20:00,1280,21:20,15,1,25,9.84,14.06,9.84,H2,9.61,1,catchment_near_assigned_hospital,8,observed_user_table,"CH Roanne dialysis: 53/day. 26 morning, 23 noon, 4 evening."
P325,HOME_P325,46.03952240441416,4.13406081247639,H2,dialysis,A0232,13:00,P1,high,2.0,vsl_required,2026-05-18 13:00:00,780,13:00,270,2026-05-18 17:30:00,1050,17:30,15,1,25,6.355,9.08,6.355,H1,6.222,1,catchment_near_assigned_hospital,8,assumption_to_validate,Renaison dialysis: assumed 30/day.
P326,HOME_P326,46.0781955125342,3.9848119614378312,H1,oncology,A0095,08:00,P1,high,2.0,vsl_required,2026-05-18 08:50:00,530,08:50,160,2026-05-18 11:30:00,690,11:30,15,1,25,9.155,13.08,9.155,H3,9.102,1,catchment_near_assigned_hospital,10,observed_user_table,CH Roanne chemotherapy: 30/day.
P327,HOME_P327,46.059694608642324,4.110036434307561,H1,dialysis,A0018,08:00,P1,high,2.0,vsl_required,2026-05-18 08:20:00,500,08:20,240,2026-05-18 12:20:00,740,12:20,15,1,25,3.709,5.3,3.709,H1,3.709,1,catchment_near_assigned_hospital,8,observed_user_table,"CH Roanne dialysis: 53/day. 26 morning, 23 noon, 4 evening."
P328,HOME_P328,46.024293086837275,4.1576534436364945,H2,dialysis,A0224,13:00,P1,high,2.0,prescription_medicale,2026-05-18 13:10:00,790,13:10,255,2026-05-18 17:25:00,1045,17:25,15,1,25,9.075,12.96,9.075,H2,9.075,1,catchment_near_assigned_hospital,8,assumption_to_validate,Renaison dialysis: assumed 30/day.
P329,HOME_P329,46.101183726141734,4.090535293281601,H1,oncology,A0098,08:00,P1,high,2.0,prescription_medicale,2026-05-18 08:55:00,535,08:55,155,2026-05-18 11:30:00,690,11:30,15,1,25,6.874,9.82,6.874,H1,6.874,1,catchment_near_assigned_hospital,10,observed_user_table,CH Roanne chemotherapy: 30/day.
P330,HOME_P330,46.142966199511704,4.120530103249033,H1,other,A0144,10:30,P2,medium,1.5,standard_assis,2026-05-18 10:35:00,635,10:35,110,2026-05-18 12:25:00,745,12:25,25,1,35,13.288,18.98,13.288,H1,13.288,1,catchment_near_assigned_hospital,12,observed_user_table,CH Roanne other: 49/day.
P331,HOME_P331,46.07910604246825,3.96336947570982,H1,other,A0131,08:30,P2,medium,1.5,standard_assis,2026-05-18 09:30:00,570,09:30,65,2026-05-18 10:35:00,635,10:35,25,1,35,11.137,15.91,11.137,H3,11.051,1,catchment_near_assigned_hospital,12,observed_user_table,CH Roanne other: 49/day.
P332,HOME_P332,45.990983023875756,3.976538497207119,H1,other,A0160,10:30,P2,medium,1.5,standard_assis,2026-05-18 11:05:00,665,11:05,100,2026-05-18 12:45:00,765,12:45,25,1,35,12.695,18.14,12.695,H2,11.711,1,catchment_near_assigned_hospital,12,observed_user_table,CH Roanne other: 49/day.
P333,HOME_P333,46.042843729424916,4.06732628653165,H2,dialysis,A0233,13:00,P1,high,2.0,prescription_medicale,2026-05-18 13:35:00,815,13:35,250,2026-05-18 17:45:00,1065,17:45,15,1,25,0.422,5.0,0.422,H2,0.422,1,catchment_near_assigned_hospital,8,assumption_to_validate,Renaison dialysis: assumed 30/day.
P334,HOME_P334,46.077382690863274,4.076512006908442,H1,oncology,A0109,11:00,P1,high,2.0,vsl_required,2026-05-18 11:50:00,710,11:50,165,2026-05-18 14:35:00,875,14:35,15,1,25,3.367,5.0,3.367,H1,3.367,1,catchment_near_assigned_hospital,10,observed_user_table,CH Roanne chemotherapy: 30/day.
P335,HOME_P335,46.046665256101285,3.9810667448496133,H1,dialysis,A0065,13:00,P1,high,2.0,vsl_required,2026-05-18 13:00:00,780,13:00,240,2026-05-18 17:00:00,1020,17:00,15,0,25,8.887,12.7,8.887,H2,8.465,1,catchment_near_assigned_hospital,8,observed_user_table,"CH Roanne dialysis: 53/day. 26 morning, 23 noon, 4 evening."
P336,HOME_P336,46.04409470760308,3.9729188695100923,H1,other,A0125,08:30,P2,medium,1.5,standard_assis,2026-05-18 09:30:00,570,09:30,90,2026-05-18 11:00:00,660,11:00,25,1,35,9.71,13.87,9.71,H2,9.253,1,catchment_near_assigned_hospital,12,observed_user_table,CH Roanne other: 49/day.
P337,HOME_P337,45.988960153338816,3.944894112390427,H1,external,A0194,11:30,P3,low,1.0,standard_assis,2026-05-18 11:40:00,700,11:40,20,2026-05-18 12:00:00,720,12:00,35,1,45,15.236,21.77,15.236,H2,14.326,1,catchment_near_assigned_hospital,18,computed_from_user_table,External visits: 75/day * 15% using fleet.
P338,HOME_P338,46.05774965953698,4.149458315287131,H1,dialysis,A0054,13:00,P1,high,2.0,prescription_medicale,2026-05-18 13:05:00,785,13:05,240,2026-05-18 17:05:00,1025,17:05,15,1,25,7.43,10.61,7.43,H1,7.43,1,catchment_near_assigned_hospital,8,observed_user_table,"CH Roanne dialysis: 53/day. 26 morning, 23 noon, 4 evening."
P339,HOME_P339,46.06926148317403,4.011930452365118,H1,other,A0141,08:30,P2,medium,1.5,standard_assis,2026-05-18 09:30:00,570,09:30,120,2026-05-18 11:30:00,690,11:30,25,1,35,6.267,8.95,6.267,H3,6.208,1,catchment_near_assigned_hospital,12,observed_user_table,CH Roanne other: 49/day.
P340,HOME_P340,45.99983814046051,4.0910564743126505,H1,other,A0174,14:00,P2,medium,1.5,prescription_medicale,2026-05-18 14:15:00,855,14:15,105,2026-05-18 16:00:00,960,16:00,25,1,35,7.639,10.91,7.639,H2,6.727,1,catchment_near_assigned_hospital,12,observed_user_table,CH Roanne other: 49/day.
P341,HOME_P341,45.9591101487604,4.025209198271009,H1,other,A0150,10:30,P2,medium,1.5,prescription_medicale,2026-05-18 11:55:00,715,11:55,120,2026-05-18 13:55:00,835,13:55,25,1,35,13.871,19.82,13.871,H2,12.75,1,catchment_near_assigned_hospital,12,observed_user_table,CH Roanne other: 49/day.
P342,HOME_P342,46.06243201140295,3.9570404911510337,H2,other,A0286,10:30,P2,medium,1.5,standard_assis,2026-05-18 11:25:00,685,11:25,40,2026-05-18 12:05:00,725,12:05,25,1,35,11.028,15.75,11.028,H2,11.028,1,catchment_near_assigned_hospital,12,assumption_to_validate,Renaison other: assumed 36/day.
P343,HOME_P343,46.07346263372716,4.0581323729304675,H1,dialysis,A0008,08:00,P1,high,2.0,vsl_required,2026-05-18 08:05:00,485,08:05,240,2026-05-18 12:05:00,725,12:05,15,1,25,3.135,5.0,3.135,H1,3.135,1,catchment_near_assigned_hospital,8,observed_user_table,"CH Roanne dialysis: 53/day. 26 morning, 23 noon, 4 evening."
P344,HOME_P344,46.058679982485664,3.9271240320506178,H2,other,A0283,08:30,P2,medium,1.5,standard_assis,2026-05-18 08:35:00,515,08:35,30,2026-05-18 09:05:00,545,09:05,25,1,35,13.785,19.69,13.785,H2,13.785,1,catchment_near_assigned_hospital,12,assumption_to_validate,Renaison other: assumed 36/day.
P345,HOME_P345,46.05138602588043,3.9867783080203223,H2,dialysis,A0208,08:00,P1,high,2.0,prescription_medicale,2026-05-18 08:35:00,515,08:35,215,2026-05-18 12:10:00,730,12:10,15,1,25,7.952,11.36,7.952,H2,7.952,1,catchment_near_assigned_hospital,8,assumption_to_validate,Renaison dialysis: assumed 30/day.
P346,HOME_P346,46.062188958555815,4.1600166598142385,H3,dialysis,A0326,08:00,P1,high,2.0,vsl_required,2026-05-18 08:15:00,495,08:15,225,2026-05-18 12:00:00,720,12:00,15,1,25,8.846,12.64,8.846,H1,8.512,1,catchment_near_assigned_hospital,8,assumption_to_validate,Third dialysis center: assumed 24/day.
P347,HOME_P347,46.007573197222044,4.004215718995758,H2,dialysis,A0223,13:00,P1,high,2.0,vsl_required,2026-05-18 13:05:00,785,13:05,255,2026-05-18 17:20:00,1040,17:20,15,1,25,8.181,11.69,8.181,H2,8.181,1,catchment_near_assigned_hospital,8,assumption_to_validate,Renaison dialysis: assumed 30/day.
P348,HOME_P348,46.068213138971544,4.091366377161771,H1,oncology,A0075,08:00,P1,high,2.0,vsl_required,2026-05-18 08:05:00,485,08:05,175,2026-05-18 11:00:00,660,11:00,15,1,25,2.746,5.0,2.746,H1,2.746,1,catchment_near_assigned_hospital,10,observed_user_table,CH Roanne chemotherapy: 30/day.
P349,HOME_P349,46.07421898799857,4.107114222435661,H1,dialysis,A0047,13:00,P1,high,2.0,vsl_required,2026-05-18 13:50:00,830,13:50,240,2026-05-18 17:50:00,1070,17:50,15,1,25,4.412,6.3,4.412,H1,4.412,1,catchment_near_assigned_hospital,8,observed_user_table,"CH Roanne dialysis: 53/day. 26 morning, 23 noon, 4 evening."
P350,HOME_P350,46.01059439325999,4.110330922206454,H2,other,A0276,08:30,P2,medium,1.5,premium,2026-05-18 09:05:00,545,09:05,30,2026-05-18 09:35:00,575,09:35,25,1,35,6.314,9.02,6.314,H2,6.314,1,catchment_near_assigned_hospital,12,assumption_to_validate,Renaison other: assumed 36/day.
