patient_id,home_point_id,home_lat,home_lon,hospital_id,activity_type,appointment_id,slot_time,priority_code,priority_class,theta_p,requirement,appointment_datetime,appointment_minute,appointment_time_hhmm,hospital_stay_min,return_ready_datetime,return_ready_minute,return_ready_time_hhmm,waiting_time_after_treatment_min,return_same_day,max_ride_time_min,direct_distance_est_km,direct_travel_time_est_min,distance_to_assigned_hospital_km,closest_hospital_id,closest_hospital_distance_km,assigned_hospital_is_coherent,home_generation_method,catchment_radius_km,source_quality,source_note
P1,HOME_P1,46.126870608888275,4.058526867583274,H2,other,A0335,10:30,P2,medium,1.5,standard_assis,2026-05-18 11:50:00,710,11:50,30,2026-05-18 12:20:00,740,12:20,25,1,35,11.326,16.18,11.326,H1,10.317,1,catchment_near_assigned_hospital,12,assumption_to_validate,Renaison other: assumed 36/day.
P2,HOME_P2,45.991987162492485,4.061948812002961,H2,dialysis,A0252,08:00,P1,high,2.0,prescription_medicale,2026-05-18 08:10:00,490,08:10,215,2026-05-18 11:45:00,705,11:45,15,1,25,7.495,10.71,7.495,H2,7.495,1,catchment_near_assigned_hospital,8,assumption_to_validate,Renaison dialysis: assumed 30/day.
P3,HOME_P3,46.07895377176476,4.181498978969894,H1,oncology,A0124,11:00,P1,high,2.0,standard_assis,2026-05-18 11:55:00,715,11:55,165,2026-05-18 14:40:00,880,14:40,15,1,25,11.082,15.83,11.082,H1,11.082,1,catchment_near_assigned_hospital,10,observed_user_table,CH Roanne chemotherapy: 30/day.
P4,HOME_P4,46.05420451844636,4.090983166230314,H1,other,A0167,10:30,P2,medium,1.5,standard_assis,2026-05-18 11:20:00,680,11:20,80,2026-05-18 12:40:00,760,12:40,25,1,35,1.768,5.0,1.768,H1,1.768,1,catchment_near_assigned_hospital,12,observed_user_table,CH Roanne other: 49/day.
P5,HOME_P5,46.09708886249715,4.113808657120399,H1,other,A0187,10:30,P2,medium,1.5,standard_assis,2026-05-18 11:20:00,680,11:20,90,2026-05-18 12:50:00,770,12:50,25,1,35,7.263,10.38,7.263,H1,7.263,1,catchment_near_assigned_hospital,12,observed_user_table,CH Roanne other: 49/day.
P6,HOME_P6,45.9873288618695,4.033578602966536,H1,external,A0226,13:30,P3,low,1.0,prescription_medicale,2026-05-18 15:20:00,920,15:20,20,2026-05-18 15:40:00,940,15:40,35,0,45,9.917,14.17,9.917,H2,8.797,1,catchment_near_assigned_hospital,18,computed_from_user_table,External visits: 75/day * 15% using fleet.
P7,HOME_P7,46.11396620113332,4.129889797490745,H2,other,A0358,16:30,P2,medium,1.5,prescription_medicale,2026-05-18 16:45:00,1005,16:45,25,2026-05-18 17:10:00,1030,17:10,25,1,35,11.168,15.95,11.168,H1,10.075,1,catchment_near_assigned_hospital,12,assumption_to_validate,Renaison other: assumed 36/day.
P8,HOME_P8,45.99267849721925,4.085344127930091,H3,dialysis,A0364,08:00,P1,high,2.0,vsl_required,2026-05-18 08:20:00,500,08:20,235,2026-05-18 12:15:00,735,12:15,15,1,25,8.104,11.58,8.104,H2,7.541,1,catchment_near_assigned_hospital,8,assumption_to_validate,Third dialysis center: assumed 24/day.
P9,HOME_P9,46.02247119273412,4.019497175873181,H2,dialysis,A0271,13:00,P1,high,2.0,prescription_medicale,2026-05-18 13:55:00,835,13:55,270,2026-05-18 18:25:00,1105,18:25,15,1,25,5.75,8.21,5.75,H2,5.75,1,catchment_near_assigned_hospital,8,assumption_to_validate,Renaison dialysis: assumed 30/day.
P10,HOME_P10,46.0037451359362,3.982321069922775,H1,oncology,A0123,11:00,P1,high,2.0,vsl_required,2026-05-18 11:00:00,660,11:00,175,2026-05-18 13:55:00,835,13:55,15,1,25,11.114,15.88,11.114,H2,10.181,1,catchment_near_assigned_hospital,10,observed_user_table,CH Roanne chemotherapy: 30/day.
P11,HOME_P11,46.00719199885795,4.094720480852712,H1,other,A0172,10:30,P2,medium,1.5,vsl_required,2026-05-18 11:55:00,715,11:55,85,2026-05-18 13:20:00,800,13:20,25,1,35,6.752,9.65,6.752,H2,5.908,1,catchment_near_assigned_hospital,12,observed_user_table,CH Roanne other: 49/day.
P12,HOME_P12,46.094327693672206,4.0652734480749935,H1,oncology,A0105,08:00,P1,high,2.0,vsl_required,2026-05-18 08:25:00,505,08:25,155,2026-05-18 11:00:00,660,11:00,15,1,25,5.747,8.21,5.747,H1,5.747,1,catchment_near_assigned_hospital,10,observed_user_table,CH Roanne chemotherapy: 30/day.
P13,HOME_P13,46.08163094507158,4.038139134269771,H2,dialysis,A0263,13:00,P1,high,2.0,vsl_required,2026-05-18 13:30:00,810,13:30,215,2026-05-18 17:05:00,1025,17:05,15,1,25,5.804,8.29,5.804,H1,5.159,1,catchment_near_assigned_hospital,8,assumption_to_validate,Renaison dialysis: assumed 30/day.
P14,HOME_P14,46.11106402871467,3.997975502138705,H1,oncology,A0121,11:00,P1,high,2.0,vsl_required,2026-05-18 11:30:00,690,11:30,165,2026-05-18 14:15:00,855,14:15,15,1,25,10.787,15.41,10.787,H1,10.787,1,catchment_near_assigned_hospital,10,observed_user_table,CH Roanne chemotherapy: 30/day.
P15,HOME_P15,46.16868619953205,3.956502752530001,H1,external,A0229,15:30,P3,low,1.0,standard_assis,2026-05-18 16:00:00,960,16:00,20,2026-05-18 16:20:00,980,16:20,35,1,51,19.56,27.94,19.56,H1,19.56,1,catchment_near_assigned_hospital,18,computed_from_user_table,External visits: 75/day * 15% using fleet.
P16,HOME_P16,46.09244343832507,4.004016468768341,H2,other,A0354,14:00,P2,medium,1.5,standard_assis,2026-05-18 14:55:00,895,14:55,40,2026-05-18 15:35:00,935,15:35,25,1,35,9.013,12.88,9.013,H1,8.571,1,catchment_near_assigned_hospital,12,assumption_to_validate,Renaison other: assumed 36/day.
P17,HOME_P17,46.04613851938518,3.9865198111325273,H1,oncology,A0088,08:00,P1,high,2.0,prescription_medicale,2026-05-18 08:10:00,490,08:10,155,2026-05-18 10:45:00,645,10:45,15,1,25,8.373,11.96,8.373,H2,7.938,1,catchment_near_assigned_hospital,10,observed_user_table,CH Roanne chemotherapy: 30/day.
P18,HOME_P18,45.980338574203586,4.088818101070891,H3,dialysis,A0386,13:00,P1,high,2.0,vsl_required,2026-05-18 13:55:00,835,13:55,255,2026-05-18 18:10:00,1090,18:10,15,1,25,9.851,14.07,9.851,H2,9.288,1,catchment_near_assigned_hospital,8,assumption_to_validate,Third dialysis center: assumed 24/day.
P19,HOME_P19,46.14713110434683,4.142825614611424,H1,other,A0207,16:00,P2,medium,1.5,standard_assis,2026-05-18 16:30:00,990,16:30,110,2026-05-18 18:20:00,1100,18:20,25,0,35,14.689,20.98,14.689,H1,14.689,1,catchment_near_assigned_hospital,12,observed_user_table,CH Roanne other: 49/day.
P20,HOME_P20,45.943992546555535,4.097630658428011,H2,other,A0325,08:30,P2,medium,1.5,prescription_medicale,2026-05-18 09:35:00,575,09:35,25,2026-05-18 10:00:00,600,10:00,25,1,35,14.408,20.58,14.408,H2,14.408,1,catchment_near_assigned_hospital,12,assumption_to_validate,Renaison other: assumed 36/day.
P21,HOME_P21,46.12016613391573,4.142546474858747,H1,oncology,A0107,08:00,P1,high,2.0,vsl_required,2026-05-18 08:20:00,500,08:20,180,2026-05-18 11:20:00,680,11:20,15,1,25,11.477,16.4,11.477,H1,11.477,1,catchment_near_assigned_hospital,10,observed_user_table,CH Roanne chemotherapy: 30/day.
P22,HOME_P22,46.0400650152343,4.057324076140537,H3,dialysis,A0389,13:00,P1,high,2.0,vsl_required,2026-05-18 13:40:00,820,13:40,215,2026-05-18 17:15:00,1035,17:15,15,1,25,1.845,5.0,1.845,H2,1.356,1,catchment_near_assigned_hospital,8,assumption_to_validate,Third dialysis center: assumed 24/day.
P23,HOME_P23,46.02167433359427,4.008958493558619,H1,dialysis,A0076,13:00,P1,high,2.0,prescription_medicale,2026-05-18 13:05:00,785,13:05,240,2026-05-18 17:05:00,1025,17:05,15,1,25,7.56,10.8,7.56,H2,6.67,1,catchment_near_assigned_hospital,8,observed_user_table,"CH Roanne dialysis: 53/day. 26 morning, 23 noon, 4 evening."
P24,HOME_P24,46.07337045988114,4.164753658682025,H2,oncology,A0296,13:00,P1,high,2.0,prescription_medicale,2026-05-18 13:15:00,795,13:15,210,2026-05-18 16:45:00,1005,16:45,15,1,25,10.022,14.32,10.022,H1,9.306,1,catchment_near_assigned_hospital,10,assumption_to_validate,Renaison oncology: assumed 16/day.
P25,HOME_P25,46.11636873143983,4.026240844709257,H1,oncology,A0086,08:00,P1,high,2.0,vsl_required,2026-05-18 08:15:00,495,08:15,150,2026-05-18 10:45:00,645,10:45,15,1,25,9.844,14.06,9.844,H1,9.844,1,catchment_near_assigned_hospital,10,observed_user_table,CH Roanne chemotherapy: 30/day.
P26,HOME_P26,46.02007268605822,3.9473997739057745,H1,other,A0153,08:30,P2,medium,1.5,standard_assis,2026-05-18 09:50:00,590,09:50,75,2026-05-18 11:05:00,665,11:05,25,1,35,12.942,18.49,12.942,H2,12.244,1,catchment_near_assigned_hospital,12,observed_user_table,CH Roanne other: 49/day.
P27,HOME_P27,46.04648884963928,4.048572230022205,H1,dialysis,A0082,17:00,P1,high,2.0,prescription_medicale,2026-05-18 17:10:00,1030,17:10,240,2026-05-18 21:10:00,1270,21:10,15,1,25,2.513,5.0,2.513,H2,1.955,1,catchment_near_assigned_hospital,8,observed_user_table,"CH Roanne dialysis: 53/day. 26 morning, 23 noon, 4 evening."
P28,HOME_P28,46.009607703942,3.9514685511844703,H1,other,A0147,08:30,P2,medium,1.5,standard_assis,2026-05-18 09:00:00,540,09:00,105,2026-05-18 10:45:00,645,10:45,25,1,35,13.181,18.83,13.181,H2,12.385,1,catchment_near_assigned_hospital,12,observed_user_table,CH Roanne other: 49/day.
P29,HOME_P29,46.064587378880034,4.126853228052025,H1,other,A0154,08:30,P2,medium,1.5,standard_assis,2026-05-18 09:05:00,545,09:05,80,2026-05-18 10:25:00,625,10:25,25,1,35,5.454,7.79,5.454,H1,5.454,1,catchment_near_assigned_hospital,12,observed_user_table,CH Roanne other: 49/day.
P30,HOME_P30,46.15350134872589,4.020714001562756,H1,other,A0169,10:30,P2,medium,1.5,standard_assis,2026-05-18 11:25:00,685,11:25,85,2026-05-18 12:50:00,770,12:50,25,1,35,14.801,21.14,14.801,H1,14.801,1,catchment_near_assigned_hospital,12,observed_user_table,CH Roanne other: 49/day.
P31,HOME_P31,46.04608807917509,4.003431553618183,H1,dialysis,A0035,08:00,P1,high,2.0,vsl_required,2026-05-18 08:05:00,485,08:05,240,2026-05-18 12:05:00,725,12:05,15,1,25,6.757,9.65,6.757,H2,6.307,1,catchment_near_assigned_hospital,8,observed_user_table,"CH Roanne dialysis: 53/day. 26 morning, 23 noon, 4 evening."
P32,HOME_P32,46.0591289242366,3.9725786285689444,H2,other,A0326,08:30,P2,medium,1.5,standard_assis,2026-05-18 09:55:00,595,09:55,25,2026-05-18 10:20:00,620,10:20,25,1,35,9.467,13.52,9.467,H2,9.467,1,catchment_near_assigned_hospital,12,assumption_to_validate,Renaison other: assumed 36/day.
P33,HOME_P33,46.13221767263447,4.043873414676151,H1,other,A0173,10:30,P2,medium,1.5,standard_assis,2026-05-18 11:40:00,700,11:40,115,2026-05-18 13:35:00,815,13:35,25,1,35,11.316,16.17,11.316,H1,11.316,1,catchment_near_assigned_hospital,12,observed_user_table,CH Roanne other: 49/day.
P34,HOME_P34,46.145138495679035,4.108652834563383,H1,other,A0192,14:00,P2,medium,1.5,prescription_medicale,2026-05-18 14:30:00,870,14:30,100,2026-05-18 16:10:00,970,16:10,25,1,35,13.227,18.9,13.227,H1,13.227,1,catchment_near_assigned_hospital,12,observed_user_table,CH Roanne other: 49/day.
P35,HOME_P35,45.98457012046263,4.030827539252248,H1,oncology,A0106,08:00,P1,high,2.0,prescription_medicale,2026-05-18 08:05:00,485,08:05,155,2026-05-18 10:40:00,640,10:40,15,1,25,10.373,14.82,10.373,H2,9.254,1,catchment_near_assigned_hospital,10,observed_user_table,CH Roanne chemotherapy: 30/day.
P36,HOME_P36,46.053268713747514,4.102552901588142,H2,other,A0352,14:00,P2,medium,1.5,prescription_medicale,2026-05-18 14:10:00,850,14:10,40,2026-05-18 14:50:00,890,14:50,25,1,35,3.422,5.0,3.422,H1,2.88,1,catchment_near_assigned_hospital,12,assumption_to_validate,Renaison other: assumed 36/day.
P37,HOME_P37,45.99924076870057,3.9906413232969626,H2,dialysis,A0258,13:00,P1,high,2.0,vsl_required,2026-05-18 13:30:00,810,13:30,225,2026-05-18 17:15:00,1035,17:15,15,1,25,9.93,14.19,9.93,H2,9.93,1,catchment_near_assigned_hospital,8,assumption_to_validate,Renaison dialysis: assumed 30/day.
P38,HOME_P38,46.0456518708541,4.14548160124721,H3,dialysis,A0378,08:00,P1,high,2.0,vsl_required,2026-05-18 08:30:00,510,08:30,250,2026-05-18 12:40:00,760,12:40,15,1,25,7.307,10.44,7.307,H1,7.101,1,catchment_near_assigned_hospital,8,assumption_to_validate,Third dialysis center: assumed 24/day.
P39,HOME_P39,46.02197099506975,4.079955611256508,H2,dialysis,A0255,08:00,P1,high,2.0,vsl_required,2026-05-18 08:30:00,510,08:30,225,2026-05-18 12:15:00,735,12:15,15,1,25,3.469,5.0,3.469,H2,3.469,1,catchment_near_assigned_hospital,8,assumption_to_validate,Renaison dialysis: assumed 30/day.
P40,HOME_P40,45.994407576808364,4.132276716809373,H1,other,A0178,10:30,P2,medium,1.5,standard_assis,2026-05-18 11:15:00,675,11:15,60,2026-05-18 12:15:00,735,12:15,25,0,35,10.003,14.29,10.003,H2,9.4,1,catchment_near_assigned_hospital,12,observed_user_table,CH Roanne other: 49/day.
P41,HOME_P41,46.01778599684415,4.027011585866792,H3,dialysis,A0376,08:00,P1,high,2.0,vsl_required,2026-05-18 08:35:00,515,08:35,240,2026-05-18 12:35:00,755,12:35,15,1,25,6.104,8.72,6.104,H2,5.596,1,catchment_near_assigned_hospital,8,assumption_to_validate,Third dialysis center: assumed 24/day.
P42,HOME_P42,46.146447070643916,4.051119113931457,H2,other,A0318,08:30,P2,medium,1.5,prescription_medicale,2026-05-18 08:35:00,515,08:35,25,2026-05-18 09:00:00,540,09:00,25,0,35,14.107,20.15,14.107,H1,13.113,1,catchment_near_assigned_hospital,12,assumption_to_validate,Renaison other: assumed 36/day.
P43,HOME_P43,46.04616358221066,4.18617593706104,H2,oncology,A0290,08:00,P1,high,2.0,vsl_required,2026-05-18 08:15:00,495,08:15,315,2026-05-18 13:30:00,810,13:30,15,1,25,11.324,16.18,11.324,H1,10.991,1,catchment_near_assigned_hospital,10,assumption_to_validate,Renaison oncology: assumed 16/day.
P44,HOME_P44,46.07249276334134,4.053337140719832,H2,dialysis,A0232,08:00,P1,high,2.0,vsl_required,2026-05-18 08:35:00,515,08:35,255,2026-05-18 12:50:00,770,12:50,15,1,25,4.012,5.73,4.012,H1,3.256,1,catchment_near_assigned_hospital,8,assumption_to_validate,Renaison dialysis: assumed 30/day.
P45,HOME_P45,46.01308480476463,4.04141379796898,H2,oncology,A0286,08:00,P1,high,2.0,vsl_required,2026-05-18 08:00:00,480,08:00,305,2026-05-18 13:05:00,785,13:05,15,1,25,5.247,7.5,5.247,H2,5.247,1,catchment_near_assigned_hospital,10,assumption_to_validate,Renaison oncology: assumed 16/day.
P46,HOME_P46,46.01505643109982,4.026200937004941,H1,oncology,A0097,08:00,P1,high,2.0,vsl_required,2026-05-18 08:15:00,495,08:15,150,2026-05-18 10:45:00,645,10:45,15,1,25,6.956,9.94,6.956,H2,5.919,1,catchment_near_assigned_hospital,10,observed_user_table,CH Roanne chemotherapy: 30/day.
P47,HOME_P47,45.98292149527825,4.044707719377459,H2,dialysis,A0260,13:00,P1,high,2.0,prescription_medicale,2026-05-18 13:40:00,820,13:40,240,2026-05-18 17:40:00,1060,17:40,15,1,25,9.03,12.9,9.03,H2,9.03,1,catchment_near_assigned_hospital,8,assumption_to_validate,Renaison dialysis: assumed 30/day.
P48,HOME_P48,46.04193684147618,4.03731861992165,H1,other,A0204,14:00,P2,medium,1.5,prescription_medicale,2026-05-18 15:10:00,910,15:10,70,2026-05-18 16:20:00,980,16:20,25,1,35,3.761,5.37,3.761,H2,3.082,1,catchment_near_assigned_hospital,12,observed_user_table,CH Roanne other: 49/day.
P49,HOME_P49,46.01262492472778,4.066957347837242,H1,dialysis,A0033,08:00,P1,high,2.0,vsl_required,2026-05-18 08:20:00,500,08:20,240,2026-05-18 12:20:00,740,12:20,15,1,25,5.681,8.12,5.681,H2,4.601,1,catchment_near_assigned_hospital,8,observed_user_table,"CH Roanne dialysis: 53/day. 26 morning, 23 noon, 4 evening."
P50,HOME_P50,45.94520306336921,4.035452921302129,H2,other,A0361,16:30,P2,medium,1.5,premium,2026-05-18 17:10:00,1030,17:10,35,2026-05-18 17:45:00,1065,17:45,25,1,35,14.335,20.48,14.335,H2,14.335,1,catchment_near_assigned_hospital,12,assumption_to_validate,Renaison other: assumed 36/day.
P51,HOME_P51,46.09662372072122,3.978414554796499,H1,other,A0151,08:30,P2,medium,1.5,standard_assis,2026-05-18 08:45:00,525,08:45,75,2026-05-18 10:00:00,600,10:00,25,1,35,10.905,15.58,10.905,H1,10.905,1,catchment_near_assigned_hospital,12,observed_user_table,CH Roanne other: 49/day.
P52,HOME_P52,46.018379307215554,4.07054021592963,H2,other,A0347,14:00,P2,medium,1.5,prescription_medicale,2026-05-18 14:25:00,865,14:25,40,2026-05-18 15:05:00,905,15:05,25,1,35,3.801,5.43,3.801,H2,3.801,1,catchment_near_assigned_hospital,12,assumption_to_validate,Renaison other: assumed 36/day.
P53,HOME_P53,46.04005622405683,4.06798174404371,H1,dialysis,A0027,08:00,P1,high,2.0,vsl_required,2026-05-18 08:45:00,525,08:45,240,2026-05-18 12:45:00,765,12:45,15,1,25,1.896,5.0,1.896,H2,0.788,1,catchment_near_assigned_hospital,8,observed_user_table,"CH Roanne dialysis: 53/day. 26 morning, 23 noon, 4 evening."
P54,HOME_P54,46.054966416443726,4.11606520729687,H1,other,A0136,08:30,P2,medium,1.5,standard_assis,2026-05-18 09:25:00,565,09:25,105,2026-05-18 11:10:00,670,11:10,25,1,35,4.189,5.98,4.189,H1,4.189,1,catchment_near_assigned_hospital,12,observed_user_table,CH Roanne other: 49/day.
P55,HOME_P55,46.09796446178907,4.065785672211531,H2,dialysis,A0278,17:00,P1,high,2.0,prescription_medicale,2026-05-18 17:40:00,1060,17:40,230,2026-05-18 21:30:00,1290,21:30,15,1,25,7.27,10.39,7.27,H1,6.244,1,catchment_near_assigned_hospital,8,assumption_to_validate,Renaison dialysis: assumed 30/day.
P56,HOME_P56,46.1262842866697,4.172191441562237,H1,other,A0171,10:30,P2,medium,1.5,vsl_required,2026-05-18 11:55:00,715,11:55,110,2026-05-18 13:45:00,825,13:45,25,1,35,13.96,19.94,13.96,H1,13.96,1,catchment_near_assigned_hospital,12,observed_user_table,CH Roanne other: 49/day.
P57,HOME_P57,46.0219943982892,4.0938425651811725,H2,dialysis,A0247,08:00,P1,high,2.0,vsl_required,2026-05-18 08:30:00,510,08:30,210,2026-05-18 12:00:00,720,12:00,15,1,25,4.086,5.84,4.086,H2,4.086,1,catchment_near_assigned_hospital,8,assumption_to_validate,Renaison dialysis: assumed 30/day.
P58,HOME_P58,46.0368383316341,4.161252564724327,H1,dialysis,A0005,08:00,P1,high,2.0,prescription_medicale,2026-05-18 08:25:00,505,08:25,240,2026-05-18 12:25:00,745,12:25,15,1,25,8.844,12.63,8.844,H1,8.844,1,catchment_near_assigned_hospital,8,observed_user_table,"CH Roanne dialysis: 53/day. 26 morning, 23 noon, 4 evening."
P59,HOME_P59,45.984627942397196,4.047435663614855,H1,oncology,A0111,08:00,P1,high,2.0,prescription_medicale,2026-05-18 08:15:00,495,08:15,165,2026-05-18 11:00:00,660,11:00,15,1,25,9.852,14.07,9.852,H2,8.736,1,catchment_near_assigned_hospital,10,observed_user_table,CH Roanne chemotherapy: 30/day.
P60,HOME_P60,45.98170291582248,4.083688354009259,H2,oncology,A0284,08:00,P1,high,2.0,vsl_required,2026-05-18 08:35:00,515,08:35,70,2026-05-18 09:45:00,585,09:45,15,1,25,9.011,12.87,9.011,H2,9.011,1,catchment_near_assigned_hospital,10,assumption_to_validate,Renaison oncology: assumed 16/day.
P61,HOME_P61,46.08167749188614,4.094518782301823,H1,dialysis,A0009,08:00,P1,high,2.0,prescription_medicale,2026-05-18 08:50:00,530,08:50,240,2026-05-18 12:50:00,770,12:50,15,1,25,4.47,6.39,4.47,H1,4.47,1,catchment_near_assigned_hospital,8,observed_user_table,"CH Roanne dialysis: 53/day. 26 morning, 23 noon, 4 evening."
P62,HOME_P62,46.11323454277942,4.123291713198884,H1,dialysis,A0084,17:00,P1,high,2.0,vsl_required,2026-05-18 17:05:00,1025,17:05,240,2026-05-18 21:05:00,1265,21:05,15,1,25,9.653,13.79,9.653,H1,9.653,1,catchment_near_assigned_hospital,8,observed_user_table,"CH Roanne dialysis: 53/day. 26 morning, 23 noon, 4 evening."
P63,HOME_P63,45.963823813643494,4.112386038913632,H1,other,A0180,10:30,P2,medium,1.5,standard_assis,2026-05-18 11:05:00,665,11:05,100,2026-05-18 12:45:00,765,12:45,25,1,35,13.013,18.59,13.013,H2,12.133,1,catchment_near_assigned_hospital,12,observed_user_table,CH Roanne other: 49/day.
P64,HOME_P64,46.05851997846353,4.1186959045356115,H2,dialysis,A0236,08:00,P1,high,2.0,vsl_required,2026-05-18 08:25:00,505,08:25,220,2026-05-18 12:05:00,725,12:05,15,1,25,5.132,7.33,5.132,H1,4.495,1,catchment_near_assigned_hospital,8,assumption_to_validate,Renaison dialysis: assumed 30/day.
P65,HOME_P65,46.104980531081935,4.142788556385966,H1,dialysis,A0007,08:00,P1,high,2.0,vsl_required,2026-05-18 08:55:00,535,08:55,240,2026-05-18 12:55:00,775,12:55,15,1,25,9.862,14.09,9.862,H1,9.862,1,catchment_near_assigned_hospital,8,observed_user_table,"CH Roanne dialysis: 53/day. 26 morning, 23 noon, 4 evening."
P66,HOME_P66,45.96821540749978,3.99382907841239,H1,other,A0209,16:00,P2,medium,1.5,standard_assis,2026-05-18 16:30:00,990,16:30,65,2026-05-18 17:35:00,1055,17:35,25,1,35,14.065,20.09,14.065,H2,12.976,1,catchment_near_assigned_hospital,12,observed_user_table,CH Roanne other: 49/day.
P67,HOME_P67,46.065125068608715,4.042740709595129,H2,dialysis,A0259,13:00,P1,high,2.0,vsl_required,2026-05-18 13:00:00,780,13:00,265,2026-05-18 17:25:00,1045,17:25,15,1,25,3.689,5.27,3.689,H1,3.324,1,catchment_near_assigned_hospital,8,assumption_to_validate,Renaison dialysis: assumed 30/day.
P68,HOME_P68,46.042508069130214,4.170789802067722,H1,other,A0203,14:00,P2,medium,1.5,standard_assis,2026-05-18 15:05:00,905,15:05,75,2026-05-18 16:20:00,980,16:20,25,1,35,9.581,13.69,9.581,H1,9.581,1,catchment_near_assigned_hospital,12,observed_user_table,CH Roanne other: 49/day.
P69,HOME_P69,46.13707697245058,4.053615038595851,H1,oncology,A0112,08:00,P1,high,2.0,vsl_required,2026-05-18 08:05:00,485,08:05,175,2026-05-18 11:00:00,660,11:00,15,1,25,11.789,16.84,11.789,H1,11.789,1,catchment_near_assigned_hospital,10,observed_user_table,CH Roanne chemotherapy: 30/day.
P70,HOME_P70,45.97856065060697,4.059897596097132,H2,other,A0360,16:30,P2,medium,1.5,vsl_required,2026-05-18 17:45:00,1065,17:45,35,2026-05-18 18:20:00,1100,18:20,25,1,35,9.371,13.39,9.371,H2,9.371,1,catchment_near_assigned_hospital,12,assumption_to_validate,Renaison other: assumed 36/day.
P71,HOME_P71,46.02974478695215,4.159690746860482,H3,dialysis,A0379,08:00,P1,high,2.0,vsl_required,2026-05-18 08:50:00,530,08:50,220,2026-05-18 12:30:00,750,12:30,15,1,25,9.1,13.0,9.1,H1,9.009,1,catchment_near_assigned_hospital,8,assumption_to_validate,Third dialysis center: assumed 24/day.
P72,HOME_P72,46.081186668089245,4.169401912211037,H1,other,A0159,08:30,P2,medium,1.5,standard_assis,2026-05-18 09:05:00,545,09:05,80,2026-05-18 10:25:00,625,10:25,25,1,35,10.099,14.43,10.099,H1,10.099,1,catchment_near_assigned_hospital,12,observed_user_table,CH Roanne other: 49/day.
P73,HOME_P73,46.089204788637204,4.028641071932653,H2,oncology,A0281,08:00,P1,high,2.0,prescription_medicale,2026-05-18 08:45:00,525,08:45,205,2026-05-18 12:10:00,730,12:10,15,1,25,7.181,10.26,7.181,H1,6.554,1,catchment_near_assigned_hospital,10,assumption_to_validate,Renaison oncology: assumed 16/day.
P74,HOME_P74,46.056531653379366,4.0724960379735835,H1,dialysis,A0073,13:00,P1,high,2.0,vsl_required,2026-05-18 13:55:00,835,13:55,240,2026-05-18 17:55:00,1075,17:55,15,1,25,0.45,5.0,0.45,H1,0.45,1,catchment_near_assigned_hospital,8,observed_user_table,"CH Roanne dialysis: 53/day. 26 morning, 23 noon, 4 evening."
P75,HOME_P75,46.02509425011165,4.0783076567978025,H1,external,A0228,14:30,P3,low,1.0,standard_assis,2026-05-18 16:10:00,970,16:10,20,2026-05-18 16:30:00,990,16:30,35,1,45,3.958,5.65,3.958,H2,3.007,1,catchment_near_assigned_hospital,18,computed_from_user_table,External visits: 75/day * 15% using fleet.
P76,HOME_P76,46.083266696599296,4.07845622125703,H1,dialysis,A0018,08:00,P1,high,2.0,vsl_required,2026-05-18 08:10:00,490,08:10,240,2026-05-18 12:10:00,730,12:10,15,1,25,4.202,6.0,4.202,H1,4.202,1,catchment_near_assigned_hospital,8,observed_user_table,"CH Roanne dialysis: 53/day. 26 morning, 23 noon, 4 evening."
P77,HOME_P77,46.0129184989373,4.021024976492829,H2,other,A0309,08:30,P2,medium,1.5,prescription_medicale,2026-05-18 08:45:00,525,08:45,35,2026-05-18 09:20:00,560,09:20,25,1,35,6.482,9.26,6.482,H2,6.482,1,catchment_near_assigned_hospital,12,assumption_to_validate,Renaison other: assumed 36/day.
P78,HOME_P78,46.03385670391735,4.123912630259776,H3,dialysis,A0377,08:00,P1,high,2.0,vsl_required,2026-05-18 08:40:00,520,08:40,250,2026-05-18 12:50:00,770,12:50,15,1,25,5.665,8.09,5.665,H2,5.566,1,catchment_near_assigned_hospital,8,assumption_to_validate,Third dialysis center: assumed 24/day.
P79,HOME_P79,45.97779016627184,3.976889183052408,H1,other,A0177,10:30,P2,medium,1.5,prescription_medicale,2026-05-18 11:20:00,680,11:20,75,2026-05-18 12:35:00,755,12:35,25,1,35,13.989,19.98,13.989,H2,12.954,1,catchment_near_assigned_hospital,12,observed_user_table,CH Roanne other: 49/day.
P80,HOME_P80,46.05692123501406,4.050002262062384,H1,oncology,A0117,11:00,P1,high,2.0,vsl_required,2026-05-18 11:35:00,695,11:35,165,2026-05-18 14:20:00,860,14:20,15,1,25,2.246,5.0,2.246,H3,2.156,1,catchment_near_assigned_hospital,10,observed_user_table,CH Roanne chemotherapy: 30/day.
P81,HOME_P81,46.11735923875725,4.068232897948711,H1,dialysis,A0056,13:00,P1,high,2.0,vsl_required,2026-05-18 13:40:00,820,13:40,240,2026-05-18 17:40:00,1060,17:40,15,1,25,8.914,12.73,8.914,H1,8.914,1,catchment_near_assigned_hospital,8,observed_user_table,"CH Roanne dialysis: 53/day. 26 morning, 23 noon, 4 evening."
P82,HOME_P82,45.98767533401979,4.077863992623995,H2,dialysis,A0264,13:00,P1,high,2.0,prescription_medicale,2026-05-18 13:35:00,815,13:35,270,2026-05-18 18:05:00,1085,18:05,15,1,25,8.112,11.59,8.112,H2,8.112,1,catchment_near_assigned_hospital,8,assumption_to_validate,Renaison dialysis: assumed 30/day.
P83,HOME_P83,46.071571268808675,3.9355943857953353,H2,other,A0320,08:30,P2,medium,1.5,premium,2026-05-18 09:10:00,550,09:10,25,2026-05-18 09:35:00,575,09:35,25,1,35,13.342,19.06,13.342,H3,13.305,1,catchment_near_assigned_hospital,12,assumption_to_validate,Renaison other: assumed 36/day.
P84,HOME_P84,46.03050705483427,4.193912246071919,H1,oncology,A0125,11:00,P1,high,2.0,prescription_medicale,2026-05-18 11:55:00,715,11:55,150,2026-05-18 14:25:00,865,14:25,15,1,25,12.116,17.31,12.116,H1,12.116,1,catchment_near_assigned_hospital,10,observed_user_table,CH Roanne chemotherapy: 30/day.
P85,HOME_P85,46.00156667881916,4.053065997008357,H1,other,A0190,14:00,P2,medium,1.5,standard_assis,2026-05-18 15:25:00,925,15:25,115,2026-05-18 17:20:00,1040,17:20,25,1,35,7.436,10.62,7.436,H2,6.319,1,catchment_near_assigned_hospital,12,observed_user_table,CH Roanne other: 49/day.
P86,HOME_P86,46.09447077038925,4.0530511359336066,H1,oncology,A0099,08:00,P1,high,2.0,vsl_required,2026-05-18 08:05:00,485,08:05,175,2026-05-18 11:00:00,660,11:00,15,1,25,6.028,8.61,6.028,H1,6.028,1,catchment_near_assigned_hospital,10,observed_user_table,CH Roanne chemotherapy: 30/day.
P87,HOME_P87,45.94596210136799,4.07889870441092,H2,other,A0333,10:30,P2,medium,1.5,standard_assis,2026-05-18 11:05:00,665,11:05,40,2026-05-18 11:45:00,705,11:45,25,1,35,13.897,19.85,13.897,H2,13.897,1,catchment_near_assigned_hospital,12,assumption_to_validate,Renaison other: assumed 36/day.
P88,HOME_P88,46.08828521373023,4.127821980748649,H2,other,A0330,10:30,P2,medium,1.5,standard_assis,2026-05-18 11:50:00,710,11:50,40,2026-05-18 12:30:00,750,12:30,25,0,35,8.212,11.73,8.212,H1,7.204,1,catchment_near_assigned_hospital,12,assumption_to_validate,Renaison other: assumed 36/day.
P89,HOME_P89,46.05281836317708,4.0893681815570195,H2,dialysis,A0276,13:00,P1,high,2.0,prescription_medicale,2026-05-18 13:45:00,825,13:45,215,2026-05-18 17:20:00,1040,17:20,15,1,25,2.217,5.0,2.217,H1,1.609,1,catchment_near_assigned_hospital,8,assumption_to_validate,Renaison dialysis: assumed 30/day.
P90,HOME_P90,46.049151026886726,4.0098660083428985,H1,dialysis,A0014,08:00,P1,high,2.0,vsl_required,2026-05-18 08:05:00,485,08:05,240,2026-05-18 12:05:00,725,12:05,15,1,25,6.089,8.7,6.089,H2,5.706,1,catchment_near_assigned_hospital,8,observed_user_table,"CH Roanne dialysis: 53/day. 26 morning, 23 noon, 4 evening."
P91,HOME_P91,46.036214829854345,4.017042226775469,H3,dialysis,A0372,08:00,P1,high,2.0,vsl_required,2026-05-18 08:10:00,490,08:10,270,2026-05-18 12:40:00,760,12:40,15,1,25,5.457,7.8,5.457,H2,5.165,1,catchment_near_assigned_hospital,8,assumption_to_validate,Third dialysis center: assumed 24/day.
P92,HOME_P92,46.038354064398135,4.084489690513676,H1,oncology,A0132,14:00,P1,high,2.0,prescription_medicale,2026-05-18 14:05:00,845,14:05,155,2026-05-18 16:40:00,1000,16:40,15,1,25,2.368,5.0,2.368,H2,1.826,1,catchment_near_assigned_hospital,10,observed_user_table,CH Roanne chemotherapy: 30/day.
P93,HOME_P93,46.03570603759651,4.068225082483158,H1,oncology,A0114,11:00,P1,high,2.0,vsl_required,2026-05-18 11:00:00,660,11:00,150,2026-05-18 13:30:00,810,13:30,15,1,25,2.483,5.0,2.483,H2,1.39,1,catchment_near_assigned_hospital,10,observed_user_table,CH Roanne chemotherapy: 30/day.
P94,HOME_P94,46.05908206710727,4.150897333271265,H2,dialysis,A0237,08:00,P1,high,2.0,prescription_medicale,2026-05-18 08:10:00,490,08:10,225,2026-05-18 11:55:00,715,11:55,15,1,25,8.135,11.62,8.135,H1,7.585,1,catchment_near_assigned_hospital,8,assumption_to_validate,Renaison dialysis: assumed 30/day.
P95,HOME_P95,46.10451381444999,4.08319035030285,H2,dialysis,A0277,13:00,P1,high,2.0,vsl_required,2026-05-18 13:45:00,825,13:45,230,2026-05-18 17:35:00,1055,17:35,15,1,25,8.292,11.85,8.292,H1,7.19,1,catchment_near_assigned_hospital,8,assumption_to_validate,Renaison dialysis: assumed 30/day.
P96,HOME_P96,46.08849075268004,4.216979545718123,H1,other,A0142,08:30,P2,medium,1.5,prescription_medicale,2026-05-18 09:50:00,590,09:50,60,2026-05-18 10:50:00,650,10:50,25,1,35,14.748,21.07,14.748,H1,14.748,1,catchment_near_assigned_hospital,12,observed_user_table,CH Roanne other: 49/day.
P97,HOME_P97,46.066567977467095,3.8431993929290815,H1,external,A0219,10:30,P3,low,1.0,standard_assis,2026-05-18 11:40:00,700,11:40,25,2026-05-18 12:05:00,725,12:05,35,1,58,22.212,31.73,22.212,H2,21.953,1,catchment_near_assigned_hospital,18,computed_from_user_table,External visits: 75/day * 15% using fleet.
P98,HOME_P98,45.9920891701933,4.09142294547792,H1,dialysis,A0070,13:00,P1,high,2.0,vsl_required,2026-05-18 13:15:00,795,13:15,240,2026-05-18 17:15:00,1035,17:15,15,1,25,8.698,12.43,8.698,H2,7.765,1,catchment_near_assigned_hospital,8,observed_user_table,"CH Roanne dialysis: 53/day. 26 morning, 23 noon, 4 evening."
P99,HOME_P99,46.107204039321324,4.006830312628201,H1,dialysis,A0044,13:00,P1,high,2.0,vsl_required,2026-05-18 13:30:00,810,13:30,240,2026-05-18 17:30:00,1050,17:30,15,1,25,9.822,14.03,9.822,H1,9.822,1,catchment_near_assigned_hospital,8,observed_user_table,"CH Roanne dialysis: 53/day. 26 morning, 23 noon, 4 evening."
P100,HOME_P100,46.10923001851166,4.135026544795724,H2,oncology,A0305,15:00,P1,high,2.0,prescription_medicale,2026-05-18 15:05:00,905,15:05,315,2026-05-18 20:20:00,1220,20:20,15,1,25,10.897,15.57,10.897,H1,9.826,1,catchment_near_assigned_hospital,10,assumption_to_validate,Renaison oncology: assumed 16/day.
P101,HOME_P101,46.025398519844515,4.076132228928169,H1,dialysis,A0083,17:00,P1,high,2.0,vsl_required,2026-05-18 17:35:00,1055,17:35,240,2026-05-18 21:35:00,1295,21:35,15,1,25,3.892,5.56,3.892,H2,2.909,1,catchment_near_assigned_hospital,8,observed_user_table,"CH Roanne dialysis: 53/day. 26 morning, 23 noon, 4 evening."
P102,HOME_P102,46.03501375161211,4.077494541358272,H2,dialysis,A0272,13:00,P1,high,2.0,vsl_required,2026-05-18 13:40:00,820,13:40,215,2026-05-18 17:15:00,1035,17:15,15,1,25,1.706,5.0,1.706,H2,1.706,1,catchment_near_assigned_hospital,8,assumption_to_validate,Renaison dialysis: assumed 30/day.
P103,HOME_P103,45.988604365058,4.082157873341217,H1,dialysis,A0052,13:00,P1,high,2.0,prescription_medicale,2026-05-18 13:10:00,790,13:10,240,2026-05-18 17:10:00,1030,17:10,15,1,25,9.038,12.91,9.038,H2,8.04,1,catchment_near_assigned_hospital,8,observed_user_table,"CH Roanne dialysis: 53/day. 26 morning, 23 noon, 4 evening."
P104,HOME_P104,46.031999999429424,3.967270788663756,H1,other,A0210,16:00,P2,medium,1.5,vsl_required,2026-05-18 16:50:00,1010,16:50,115,2026-05-18 18:45:00,1125,18:45,25,1,35,10.594,15.13,10.594,H2,9.979,1,catchment_near_assigned_hospital,12,observed_user_table,CH Roanne other: 49/day.
P105,HOME_P105,46.01476028949665,4.054477461186023,H1,dialysis,A0042,08:00,P1,high,2.0,vsl_required,2026-05-18 08:10:00,490,08:10,240,2026-05-18 12:10:00,730,12:10,15,1,25,5.638,8.05,5.638,H2,4.517,1,catchment_near_assigned_hospital,8,observed_user_table,"CH Roanne dialysis: 53/day. 26 morning, 23 noon, 4 evening."
P106,HOME_P106,46.06648623599003,4.003446411556824,H1,dialysis,A0081,17:00,P1,high,2.0,prescription_medicale,2026-05-18 17:30:00,1050,17:30,240,2026-05-18 21:30:00,1290,21:30,15,1,25,6.926,9.89,6.926,H3,6.816,1,catchment_near_assigned_hospital,8,observed_user_table,"CH Roanne dialysis: 53/day. 26 morning, 23 noon, 4 evening."
P107,HOME_P107,46.15065806823541,4.072957058891185,H1,other,A0140,08:30,P2,medium,1.5,prescription_medicale,2026-05-18 08:50:00,530,08:50,115,2026-05-18 10:45:00,645,10:45,25,1,35,13.532,19.33,13.532,H1,13.532,1,catchment_near_assigned_hospital,12,observed_user_table,CH Roanne other: 49/day.
P108,HOME_P108,46.067481327916184,4.059753826701064,H1,oncology,A0127,11:00,P1,high,2.0,vsl_required,2026-05-18 11:05:00,665,11:05,160,2026-05-18 13:45:00,825,13:45,15,1,25,2.333,5.0,2.333,H1,2.333,1,catchment_near_assigned_hospital,10,observed_user_table,CH Roanne chemotherapy: 30/day.
P109,HOME_P109,46.046140264910136,4.03744241535688,H1,other,A0179,10:30,P2,medium,1.5,standard_assis,2026-05-18 11:00:00,660,11:00,120,2026-05-18 13:00:00,780,13:00,25,1,35,3.544,5.06,3.544,H2,3.026,1,catchment_near_assigned_hospital,12,observed_user_table,CH Roanne other: 49/day.
P110,HOME_P110,46.10029802952138,4.105952956186694,H1,oncology,A0130,14:00,P1,high,2.0,vsl_required,2026-05-18 14:20:00,860,14:20,165,2026-05-18 17:05:00,1025,17:05,15,1,25,7.277,10.4,7.277,H1,7.277,1,catchment_near_assigned_hospital,10,observed_user_table,CH Roanne chemotherapy: 30/day.
P111,HOME_P111,46.05116492795363,4.155946475947771,H3,dialysis,A0381,08:00,P1,high,2.0,vsl_required,2026-05-18 08:25:00,505,08:25,225,2026-05-18 12:10:00,730,12:10,15,1,25,8.292,11.85,8.292,H1,8.036,1,catchment_near_assigned_hospital,8,assumption_to_validate,Third dialysis center: assumed 24/day.
P112,HOME_P112,46.09136954301317,4.052374689910317,H3,dialysis,A0399,17:00,P1,high,2.0,vsl_required,2026-05-18 17:20:00,1040,17:20,270,2026-05-18 21:50:00,1310,21:50,15,1,25,5.996,8.57,5.996,H1,5.643,1,catchment_near_assigned_hospital,8,assumption_to_validate,Third dialysis center: assumed 24/day.
P113,HOME_P113,46.01983183578308,4.140769446801427,H2,other,A0344,14:00,P2,medium,1.5,standard_assis,2026-05-18 14:00:00,840,14:00,40,2026-05-18 14:40:00,880,14:40,25,1,35,7.82,11.17,7.82,H2,7.82,1,catchment_near_assigned_hospital,12,assumption_to_validate,Renaison other: assumed 36/day.
P114,HOME_P114,46.02465751249772,4.0201131825789265,H2,dialysis,A0238,08:00,P1,high,2.0,vsl_required,2026-05-18 08:00:00,480,08:00,245,2026-05-18 12:05:00,725,12:05,15,1,25,5.534,7.91,5.534,H2,5.534,1,catchment_near_assigned_hospital,8,assumption_to_validate,Renaison dialysis: assumed 30/day.
P115,HOME_P115,46.109242446479136,4.153789186180083,H1,oncology,A0113,11:00,P1,high,2.0,vsl_required,2026-05-18 11:15:00,675,11:15,165,2026-05-18 14:00:00,840,14:00,15,1,25,11.026,15.75,11.026,H1,11.026,1,catchment_near_assigned_hospital,10,observed_user_table,CH Roanne chemotherapy: 30/day.
P116,HOME_P116,46.080024758547715,3.993796407883057,H1,dialysis,A0071,13:00,P1,high,2.0,vsl_required,2026-05-18 13:55:00,835,13:55,240,2026-05-18 17:55:00,1075,17:55,15,1,25,8.467,12.1,8.467,H3,8.451,1,catchment_near_assigned_hospital,8,observed_user_table,"CH Roanne dialysis: 53/day. 26 morning, 23 noon, 4 evening."
P117,HOME_P117,46.10210067411547,4.123703746727874,H1,dialysis,A0077,13:00,P1,high,2.0,vsl_required,2026-05-18 13:20:00,800,13:20,240,2026-05-18 17:20:00,1040,17:20,15,1,25,8.378,11.97,8.378,H1,8.378,1,catchment_near_assigned_hospital,8,observed_user_table,"CH Roanne dialysis: 53/day. 26 morning, 23 noon, 4 evening."
P118,HOME_P118,46.00898303746758,4.109685599626499,H1,dialysis,A0049,13:00,P1,high,2.0,vsl_required,2026-05-18 13:45:00,825,13:45,240,2026-05-18 17:45:00,1065,17:45,15,1,25,7.119,10.17,7.119,H2,6.451,1,catchment_near_assigned_hospital,8,observed_user_table,"CH Roanne dialysis: 53/day. 26 morning, 23 noon, 4 evening."
P119,HOME_P119,46.0064734495882,4.097814636356624,H2,dialysis,A0279,17:00,P1,high,2.0,prescription_medicale,2026-05-18 17:55:00,1075,17:55,220,2026-05-18 21:35:00,1295,21:35,15,1,25,6.129,8.76,6.129,H2,6.129,1,catchment_near_assigned_hospital,8,assumption_to_validate,Renaison dialysis: assumed 30/day.
P120,HOME_P120,46.11173011923138,4.022333792771589,H1,dialysis,A0053,13:00,P1,high,2.0,prescription_medicale,2026-05-18 13:40:00,820,13:40,240,2026-05-18 17:40:00,1060,17:40,15,1,25,9.462,13.52,9.462,H1,9.462,1,catchment_near_assigned_hospital,8,observed_user_table,"CH Roanne dialysis: 53/day. 26 morning, 23 noon, 4 evening."
P121,HOME_P121,46.049677666482154,4.197780856559566,H2,other,A0359,16:30,P2,medium,1.5,standard_assis,2026-05-18 17:30:00,1050,17:30,30,2026-05-18 18:00:00,1080,18:00,25,1,35,12.455,17.79,12.455,H1,12.076,1,catchment_near_assigned_hospital,12,assumption_to_validate,Renaison other: assumed 36/day.
P122,HOME_P122,46.08920078583404,4.04620973448136,H1,dialysis,A0069,13:00,P1,high,2.0,vsl_required,2026-05-18 13:10:00,790,13:10,240,2026-05-18 17:10:00,1030,17:10,15,1,25,5.606,8.01,5.606,H1,5.606,1,catchment_near_assigned_hospital,8,observed_user_table,"CH Roanne dialysis: 53/day. 26 morning, 23 noon, 4 evening."
P123,HOME_P123,46.09682091358402,4.052205447430759,H2,other,A0332,10:30,P2,medium,1.5,prescription_medicale,2026-05-18 11:25:00,685,11:25,25,2026-05-18 11:50:00,710,11:50,25,1,35,7.283,10.4,7.283,H1,6.364,1,catchment_near_assigned_hospital,12,assumption_to_validate,Renaison other: assumed 36/day.
P124,HOME_P124,46.01372811900041,4.088199011483071,H1,external,A0222,11:30,P3,low,1.0,prescription_medicale,2026-05-18 11:40:00,700,11:40,30,2026-05-18 12:10:00,730,12:10,35,1,45,5.7,8.14,5.7,H2,4.822,1,catchment_near_assigned_hospital,18,computed_from_user_table,External visits: 75/day * 15% using fleet.
P125,HOME_P125,45.98953144225801,4.084076002833437,H2,oncology,A0280,08:00,P1,high,2.0,vsl_required,2026-05-18 08:00:00,480,08:00,70,2026-05-18 09:10:00,550,09:10,15,1,25,7.945,11.35,7.945,H2,7.945,1,catchment_near_assigned_hospital,10,assumption_to_validate,Renaison oncology: assumed 16/day.
P126,HOME_P126,45.97261968335782,4.066009524112143,H1,other,A0188,10:30,P2,medium,1.5,prescription_medicale,2026-05-18 10:50:00,650,10:50,85,2026-05-18 12:15:00,735,12:15,25,1,35,11.233,16.05,11.233,H2,10.161,1,catchment_near_assigned_hospital,12,observed_user_table,CH Roanne other: 49/day.
P127,HOME_P127,45.989553682631964,4.097682650352548,H1,dialysis,A0047,13:00,P1,high,2.0,prescription_medicale,2026-05-18 13:50:00,830,13:50,240,2026-05-18 17:50:00,1070,17:50,15,1,25,9.183,13.12,9.183,H2,8.287,1,catchment_near_assigned_hospital,8,observed_user_table,"CH Roanne dialysis: 53/day. 26 morning, 23 noon, 4 evening."
P128,HOME_P128,46.11662205671483,4.010049475441314,H1,other,A0168,10:30,P2,medium,1.5,premium,2026-05-18 11:30:00,690,11:30,105,2026-05-18 13:15:00,795,13:15,25,1,35,10.674,15.25,10.674,H1,10.674,1,catchment_near_assigned_hospital,12,observed_user_table,CH Roanne other: 49/day.
P129,HOME_P129,46.064192957351445,4.026708523162888,H3,dialysis,A0391,13:00,P1,high,2.0,prescription_medicale,2026-05-18 13:35:00,815,13:35,255,2026-05-18 17:50:00,1070,17:50,15,1,25,4.618,6.6,4.618,H3,4.618,1,catchment_near_assigned_hospital,8,assumption_to_validate,Third dialysis center: assumed 24/day.
P130,HOME_P130,45.98140966731081,3.975127727377171,H1,other,A0160,08:30,P2,medium,1.5,standard_assis,2026-05-18 09:35:00,575,09:35,80,2026-05-18 10:55:00,655,10:55,25,1,35,13.731,19.62,13.731,H2,12.713,1,catchment_near_assigned_hospital,12,observed_user_table,CH Roanne other: 49/day.
P131,HOME_P131,46.12100193250636,4.039750214734358,H2,other,A0357,16:30,P2,medium,1.5,prescription_medicale,2026-05-18 17:40:00,1060,17:40,40,2026-05-18 18:20:00,1100,18:20,25,1,35,10.835,15.48,10.835,H1,9.932,1,catchment_near_assigned_hospital,12,assumption_to_validate,Renaison other: assumed 36/day.
P132,HOME_P132,46.018591528804464,4.0535921445001994,H3,dialysis,A0390,13:00,P1,high,2.0,prescription_medicale,2026-05-18 13:40:00,820,13:40,210,2026-05-18 17:10:00,1030,17:10,15,1,25,4.644,6.63,4.644,H2,4.044,1,catchment_near_assigned_hospital,8,assumption_to_validate,Third dialysis center: assumed 24/day.
P133,HOME_P133,46.078483987781105,4.090703164622685,H1,dialysis,A0008,08:00,P1,high,2.0,prescription_medicale,2026-05-18 08:15:00,495,08:15,240,2026-05-18 12:15:00,735,12:15,15,1,25,3.907,5.58,3.907,H1,3.907,1,catchment_near_assigned_hospital,8,observed_user_table,"CH Roanne dialysis: 53/day. 26 morning, 23 noon, 4 evening."
P134,HOME_P134,46.10128716867766,4.054677684857951,H2,dialysis,A0240,08:00,P1,high,2.0,vsl_required,2026-05-18 08:40:00,520,08:40,250,2026-05-18 12:50:00,770,12:50,15,1,25,7.845,11.21,7.845,H1,6.893,1,catchment_near_assigned_hospital,8,assumption_to_validate,Renaison dialysis: assumed 30/day.
P135,HOME_P135,46.04142626500911,4.047034913748036,H3,dialysis,A0387,13:00,P1,high,2.0,vsl_required,2026-05-18 13:35:00,815,13:35,210,2026-05-18 17:05:00,1025,17:05,15,1,25,2.516,5.0,2.516,H2,2.182,1,catchment_near_assigned_hospital,8,assumption_to_validate,Third dialysis center: assumed 24/day.
P136,HOME_P136,46.09504177105589,4.051513018825545,H3,dialysis,A0369,08:00,P1,high,2.0,vsl_required,2026-05-18 08:10:00,490,08:10,260,2026-05-18 12:30:00,750,12:30,15,1,25,6.509,9.3,6.509,H1,6.151,1,catchment_near_assigned_hospital,8,assumption_to_validate,Third dialysis center: assumed 24/day.
P137,HOME_P137,46.1096974265761,4.045029277235321,H3,dialysis,A0396,13:00,P1,high,2.0,vsl_required,2026-05-18 13:50:00,830,13:50,230,2026-05-18 17:40:00,1060,17:40,15,1,25,8.64,12.34,8.64,H1,8.28,1,catchment_near_assigned_hospital,8,assumption_to_validate,Third dialysis center: assumed 24/day.
P138,HOME_P138,46.031356006406064,4.046723140319692,H1,dialysis,A0066,13:00,P1,high,2.0,vsl_required,2026-05-18 13:15:00,795,13:15,240,2026-05-18 17:15:00,1035,17:15,15,1,25,3.948,5.64,3.948,H2,2.918,1,catchment_near_assigned_hospital,8,observed_user_table,"CH Roanne dialysis: 53/day. 26 morning, 23 noon, 4 evening."
P139,HOME_P139,46.0471854447028,4.091042334505856,H2,oncology,A0293,08:00,P1,high,2.0,prescription_medicale,2026-05-18 08:45:00,525,08:45,330,2026-05-18 14:15:00,855,14:15,15,1,25,2.156,5.0,2.156,H1,1.963,1,catchment_near_assigned_hospital,10,assumption_to_validate,Renaison oncology: assumed 16/day.
P140,HOME_P140,46.08629619655044,3.99394473169513,H1,other,A0145,08:30,P2,medium,1.5,standard_assis,2026-05-18 09:55:00,595,09:55,90,2026-05-18 11:25:00,685,11:25,25,1,35,8.872,12.67,8.872,H1,8.872,1,catchment_near_assigned_hospital,12,observed_user_table,CH Roanne other: 49/day.
P141,HOME_P141,45.98494637316192,4.009009157924414,H2,oncology,A0285,08:00,P1,high,2.0,standard_assis,2026-05-18 08:50:00,530,08:50,185,2026-05-18 11:55:00,715,11:55,15,1,25,10.228,14.61,10.228,H2,10.228,1,catchment_near_assigned_hospital,10,assumption_to_validate,Renaison oncology: assumed 16/day.
P142,HOME_P142,45.995687597201936,4.165147545615482,H1,oncology,A0096,08:00,P1,high,2.0,prescription_medicale,2026-05-18 08:10:00,490,08:10,180,2026-05-18 11:10:00,670,11:10,15,1,25,11.989,17.13,11.989,H2,11.61,1,catchment_near_assigned_hospital,10,observed_user_table,CH Roanne chemotherapy: 30/day.
P143,HOME_P143,46.18475816360307,3.979769835611148,H1,external,A0230,16:30,P3,low,1.0,standard_assis,2026-05-18 18:00:00,1080,18:00,30,2026-05-18 18:30:00,1110,18:30,35,1,53,20.348,29.07,20.348,H1,20.348,1,catchment_near_assigned_hospital,18,computed_from_user_table,External visits: 75/day * 15% using fleet.
P144,HOME_P144,45.95516506874359,4.018404336197762,H1,other,A0162,08:30,P2,medium,1.5,standard_assis,2026-05-18 08:35:00,515,08:35,120,2026-05-18 10:35:00,635,10:35,25,1,35,14.613,20.88,14.613,H2,13.492,1,catchment_near_assigned_hospital,12,observed_user_table,CH Roanne other: 49/day.
P145,HOME_P145,46.0563603436823,4.152861596317721,H2,oncology,A0294,08:00,P1,high,2.0,prescription_medicale,2026-05-18 08:25:00,505,08:25,340,2026-05-18 14:05:00,845,14:05,15,1,25,8.243,11.78,8.243,H1,7.744,1,catchment_near_assigned_hospital,10,assumption_to_validate,Renaison oncology: assumed 16/day.
P146,HOME_P146,46.078735885149065,4.040250405839559,H2,dialysis,A0256,13:00,P1,high,2.0,prescription_medicale,2026-05-18 13:55:00,835,13:55,245,2026-05-18 18:00:00,1080,18:00,15,1,25,5.354,7.65,5.354,H1,4.721,1,catchment_near_assigned_hospital,8,assumption_to_validate,Renaison dialysis: assumed 30/day.
P147,HOME_P147,46.012320360826855,4.019354961228436,H1,other,A0196,14:00,P2,medium,1.5,standard_assis,2026-05-18 14:00:00,840,14:00,75,2026-05-18 15:15:00,915,15:15,25,1,35,7.677,10.97,7.677,H2,6.655,1,catchment_near_assigned_hospital,12,observed_user_table,CH Roanne other: 49/day.
P148,HOME_P148,46.045978203337505,3.9831802988165035,H2,oncology,A0304,15:00,P1,high,2.0,prescription_medicale,2026-05-18 15:45:00,945,15:45,235,2026-05-18 19:40:00,1180,19:40,15,1,25,8.26,11.8,8.26,H2,8.26,1,catchment_near_assigned_hospital,10,assumption_to_validate,Renaison oncology: assumed 16/day.
P149,HOME_P149,46.028503729695956,3.95530186343198,H1,oncology,A0094,08:00,P1,high,2.0,prescription_medicale,2026-05-18 08:50:00,530,08:50,180,2026-05-18 11:50:00,710,11:50,15,1,25,11.84,16.91,11.84,H2,11.209,1,catchment_near_assigned_hospital,10,observed_user_table,CH Roanne chemotherapy: 30/day.
P150,HOME_P150,45.99848822300538,4.120297520621961,H2,dialysis,A0235,08:00,P1,high,2.0,vsl_required,2026-05-18 08:00:00,480,08:00,215,2026-05-18 11:35:00,695,11:35,15,1,25,8.232,11.76,8.232,H2,8.232,1,catchment_near_assigned_hospital,8,assumption_to_validate,Renaison dialysis: assumed 30/day.
P151,HOME_P151,46.01282027016482,4.039628823988105,H2,other,A0313,08:30,P2,medium,1.5,prescription_medicale,2026-05-18 09:00:00,540,09:00,40,2026-05-18 09:40:00,580,09:40,25,1,35,5.368,7.67,5.368,H2,5.368,1,catchment_near_assigned_hospital,12,assumption_to_validate,Renaison other: assumed 36/day.
P152,HOME_P152,46.05140213178732,4.0279447436075495,H1,other,A0176,10:30,P2,medium,1.5,standard_assis,2026-05-18 10:50:00,650,10:50,100,2026-05-18 12:30:00,750,12:30,25,1,35,4.325,6.18,4.325,H2,4.02,1,catchment_near_assigned_hospital,12,observed_user_table,CH Roanne other: 49/day.
P153,HOME_P153,46.087375531792944,4.019397994040119,H1,oncology,A0089,08:00,P1,high,2.0,prescription_medicale,2026-05-18 08:00:00,480,08:00,155,2026-05-18 10:35:00,635,10:35,15,1,25,6.989,9.98,6.989,H1,6.989,1,catchment_near_assigned_hospital,10,observed_user_table,CH Roanne chemotherapy: 30/day.
P154,HOME_P154,46.03166852991421,4.1402906950147536,H2,dialysis,A0274,13:00,P1,high,2.0,prescription_medicale,2026-05-18 13:20:00,800,13:20,270,2026-05-18 17:50:00,1070,17:50,15,1,25,7.168,10.24,7.168,H2,7.168,1,catchment_near_assigned_hospital,8,assumption_to_validate,Renaison dialysis: assumed 30/day.
P155,HOME_P155,46.02760533038123,4.218600189302616,H1,other,A0205,16:00,P2,medium,1.5,prescription_medicale,2026-05-18 16:30:00,990,16:30,115,2026-05-18 18:25:00,1105,18:25,25,1,35,14.523,20.75,14.523,H1,14.523,1,catchment_near_assigned_hospital,12,observed_user_table,CH Roanne other: 49/day.
P156,HOME_P156,46.119117994565,4.099466796475703,H1,dialysis,A0074,13:00,P1,high,2.0,vsl_required,2026-05-18 13:45:00,825,13:45,240,2026-05-18 17:45:00,1065,17:45,15,1,25,9.505,13.58,9.505,H1,9.505,1,catchment_near_assigned_hospital,8,observed_user_table,"CH Roanne dialysis: 53/day. 26 morning, 23 noon, 4 evening."
P157,HOME_P157,46.02507606934255,4.053802913059928,H1,dialysis,A0068,13:00,P1,high,2.0,vsl_required,2026-05-18 13:50:00,830,13:50,240,2026-05-18 17:50:00,1070,17:50,15,1,25,4.326,6.18,4.326,H2,3.211,1,catchment_near_assigned_hospital,8,observed_user_table,"CH Roanne dialysis: 53/day. 26 morning, 23 noon, 4 evening."
P158,HOME_P158,46.08893333086408,4.053565483292264,H2,oncology,A0297,13:00,P1,high,2.0,vsl_required,2026-05-18 13:35:00,815,13:35,240,2026-05-18 17:35:00,1055,17:35,15,1,25,6.186,8.84,6.186,H1,5.285,1,catchment_near_assigned_hospital,10,assumption_to_validate,Renaison oncology: assumed 16/day.
P159,HOME_P159,46.11833438941575,3.9973633174099668,H2,other,A0317,08:30,P2,medium,1.5,standard_assis,2026-05-18 09:55:00,595,09:55,40,2026-05-18 10:35:00,635,10:35,25,1,35,12.221,17.46,12.221,H1,11.596,1,catchment_near_assigned_hospital,12,assumption_to_validate,Renaison other: assumed 36/day.
P160,HOME_P160,46.01988932208193,4.216497151215986,H1,other,A0134,08:30,P2,medium,1.5,standard_assis,2026-05-18 09:00:00,540,09:00,105,2026-05-18 10:45:00,645,10:45,25,1,35,14.631,20.9,14.631,H1,14.631,1,catchment_near_assigned_hospital,12,observed_user_table,CH Roanne other: 49/day.
P161,HOME_P161,46.04602691038885,3.954363200437962,H1,oncology,A0118,11:00,P1,high,2.0,vsl_required,2026-05-18 11:00:00,660,11:00,165,2026-05-18 13:45:00,825,13:45,15,1,25,11.46,16.37,11.46,H2,11.04,1,catchment_near_assigned_hospital,10,observed_user_table,CH Roanne chemotherapy: 30/day.
P162,HOME_P162,46.00912852020982,4.035076096356076,H1,dialysis,A0019,08:00,P1,high,2.0,vsl_required,2026-05-18 08:45:00,525,08:45,240,2026-05-18 12:45:00,765,12:45,15,1,25,7.133,10.19,7.133,H2,6.036,1,catchment_near_assigned_hospital,8,observed_user_table,"CH Roanne dialysis: 53/day. 26 morning, 23 noon, 4 evening."
P163,HOME_P163,46.118824350678885,4.032788533654322,H1,other,A0152,08:30,P2,medium,1.5,standard_assis,2026-05-18 08:45:00,525,08:45,85,2026-05-18 10:10:00,610,10:10,25,1,35,9.887,14.12,9.887,H1,9.887,1,catchment_near_assigned_hospital,12,observed_user_table,CH Roanne other: 49/day.
P164,HOME_P164,45.99878151597439,4.101142258461434,H1,external,A0223,12:30,P3,low,1.0,standard_assis,2026-05-18 13:15:00,795,13:15,30,2026-05-18 13:45:00,825,13:45,35,1,45,8.06,11.51,8.06,H2,7.23,1,catchment_near_assigned_hospital,18,computed_from_user_table,External visits: 75/day * 15% using fleet.
P165,HOME_P165,46.04028667698923,4.0261826677135035,H2,oncology,A0303,15:00,P1,high,2.0,vsl_required,2026-05-18 15:30:00,930,15:30,165,2026-05-18 18:15:00,1095,18:15,15,1,25,4.18,5.97,4.18,H2,4.18,1,catchment_near_assigned_hospital,10,assumption_to_validate,Renaison oncology: assumed 16/day.
P166,HOME_P166,45.97209490348061,4.1173394976347675,H2,oncology,A0301,13:00,P1,high,2.0,vsl_required,2026-05-18 13:25:00,805,13:25,195,2026-05-18 16:40:00,1000,16:40,15,1,25,11.253,16.08,11.253,H2,11.253,1,catchment_near_assigned_hospital,10,assumption_to_validate,Renaison oncology: assumed 16/day.
P167,HOME_P167,45.979980865728066,4.070478201766066,H1,other,A0201,14:00,P2,medium,1.5,standard_assis,2026-05-18 15:25:00,925,15:25,70,2026-05-18 16:35:00,995,16:35,25,1,35,10.193,14.56,10.193,H2,9.136,1,catchment_near_assigned_hospital,12,observed_user_table,CH Roanne other: 49/day.
P168,HOME_P168,46.00310518671035,4.0695571791570675,H3,dialysis,A0374,08:00,P1,high,2.0,vsl_required,2026-05-18 08:45:00,525,08:45,210,2026-05-18 12:15:00,735,12:15,15,1,25,6.518,9.31,6.518,H2,5.921,1,catchment_near_assigned_hospital,8,assumption_to_validate,Third dialysis center: assumed 24/day.
P169,HOME_P169,46.08116290915246,4.006677064227985,H1,dialysis,A0059,13:00,P1,high,2.0,vsl_required,2026-05-18 13:40:00,820,13:40,240,2026-05-18 17:40:00,1060,17:40,15,1,25,7.452,10.65,7.452,H1,7.452,1,catchment_near_assigned_hospital,8,observed_user_table,"CH Roanne dialysis: 53/day. 26 morning, 23 noon, 4 evening."
P170,HOME_P170,46.078238923129724,4.115962839808589,H1,dialysis,A0015,08:00,P1,high,2.0,vsl_required,2026-05-18 08:45:00,525,08:45,240,2026-05-18 12:45:00,765,12:45,15,0,25,5.424,7.75,5.424,H1,5.424,1,catchment_near_assigned_hospital,8,observed_user_table,"CH Roanne dialysis: 53/day. 26 morning, 23 noon, 4 evening."
P171,HOME_P171,46.08018078616408,4.144039374110407,H1,dialysis,A0062,13:00,P1,high,2.0,prescription_medicale,2026-05-18 13:15:00,795,13:15,240,2026-05-18 17:15:00,1035,17:15,15,1,25,7.829,11.18,7.829,H1,7.829,1,catchment_near_assigned_hospital,8,observed_user_table,"CH Roanne dialysis: 53/day. 26 morning, 23 noon, 4 evening."
P172,HOME_P172,46.04783599820772,4.190581168583878,H1,external,A0218,09:30,P3,low,1.0,prescription_medicale,2026-05-18 11:25:00,685,11:25,20,2026-05-18 11:45:00,705,11:45,35,0,45,11.397,16.28,11.397,H1,11.397,1,catchment_near_assigned_hospital,18,computed_from_user_table,External visits: 75/day * 15% using fleet.
P173,HOME_P173,46.0274208144749,4.224649785687919,H1,external,A0214,08:30,P3,low,1.0,prescription_medicale,2026-05-18 09:15:00,555,09:15,20,2026-05-18 09:35:00,575,09:35,35,1,45,15.095,21.56,15.095,H1,15.095,1,catchment_near_assigned_hospital,18,computed_from_user_table,External visits: 75/day * 15% using fleet.
P174,HOME_P174,46.0298915432183,3.997609467229646,H2,dialysis,A0244,08:00,P1,high,2.0,prescription_medicale,2026-05-18 08:40:00,520,08:40,210,2026-05-18 12:10:00,730,12:10,15,1,25,7.212,10.3,7.212,H2,7.212,1,catchment_near_assigned_hospital,8,assumption_to_validate,Renaison dialysis: assumed 30/day.
P175,HOME_P175,46.0940116102244,4.128821578091831,H1,dialysis,A0013,08:00,P1,high,2.0,vsl_required,2026-05-18 08:55:00,535,08:55,240,2026-05-18 12:55:00,775,12:55,15,1,25,7.83,11.19,7.83,H1,7.83,1,catchment_near_assigned_hospital,8,observed_user_table,"CH Roanne dialysis: 53/day. 26 morning, 23 noon, 4 evening."
P176,HOME_P176,46.072979443091256,4.156838073430677,H2,dialysis,A0243,08:00,P1,high,2.0,vsl_required,2026-05-18 08:40:00,520,08:40,215,2026-05-18 12:15:00,735,12:15,15,1,25,9.299,13.28,9.299,H1,8.563,1,catchment_near_assigned_hospital,8,assumption_to_validate,Renaison dialysis: assumed 30/day.
P177,HOME_P177,46.02556917464633,4.0615473844980725,H1,dialysis,A0010,08:00,P1,high,2.0,vsl_required,2026-05-18 08:55:00,535,08:55,240,2026-05-18 12:55:00,775,12:55,15,1,25,4.002,5.72,4.002,H2,2.884,1,catchment_near_assigned_hospital,8,observed_user_table,"CH Roanne dialysis: 53/day. 26 morning, 23 noon, 4 evening."
P178,HOME_P178,46.026592934894936,3.9733653281863806,H1,oncology,A0120,11:00,P1,high,2.0,vsl_required,2026-05-18 11:35:00,695,11:35,170,2026-05-18 14:25:00,865,14:25,15,1,25,10.278,14.68,10.278,H2,9.584,1,catchment_near_assigned_hospital,10,observed_user_table,CH Roanne chemotherapy: 30/day.
P179,HOME_P179,46.02679336851942,4.130241591092719,H2,dialysis,A0239,08:00,P1,high,2.0,vsl_required,2026-05-18 08:55:00,535,08:55,235,2026-05-18 12:50:00,770,12:50,15,1,25,6.485,9.26,6.485,H2,6.485,1,catchment_near_assigned_hospital,8,assumption_to_validate,Renaison dialysis: assumed 30/day.
P180,HOME_P180,46.024606432732945,4.049692735360718,H3,dialysis,A0370,08:00,P1,high,2.0,prescription_medicale,2026-05-18 08:55:00,535,08:55,215,2026-05-18 12:30:00,750,12:30,15,1,25,4.037,5.77,4.037,H2,3.463,1,catchment_near_assigned_hospital,8,assumption_to_validate,Third dialysis center: assumed 24/day.
P181,HOME_P181,46.0573360311248,4.152838981730412,H1,dialysis,A0064,13:00,P1,high,2.0,prescription_medicale,2026-05-18 13:45:00,825,13:45,240,2026-05-18 17:45:00,1065,17:45,15,1,25,7.75,11.07,7.75,H1,7.75,1,catchment_near_assigned_hospital,8,observed_user_table,"CH Roanne dialysis: 53/day. 26 morning, 23 noon, 4 evening."
P182,HOME_P182,46.0419090586045,4.133381120537977,H2,dialysis,A0257,13:00,P1,high,2.0,vsl_required,2026-05-18 13:20:00,800,13:20,265,2026-05-18 17:45:00,1065,17:45,15,1,25,6.253,8.93,6.253,H1,6.064,1,catchment_near_assigned_hospital,8,assumption_to_validate,Renaison dialysis: assumed 30/day.
P183,HOME_P183,46.03975367166708,4.162219379641917,H3,dialysis,A0383,13:00,P1,high,2.0,vsl_required,2026-05-18 13:05:00,785,13:05,210,2026-05-18 16:35:00,995,16:35,15,1,25,9.01,12.87,9.01,H1,8.839,1,catchment_near_assigned_hospital,8,assumption_to_validate,Third dialysis center: assumed 24/day.
P184,HOME_P184,46.08500925144885,4.026088281078617,H3,dialysis,A0388,13:00,P1,high,2.0,vsl_required,2026-05-18 13:15:00,795,13:15,235,2026-05-18 17:10:00,1030,17:10,15,1,25,6.451,9.22,6.451,H1,6.295,1,catchment_near_assigned_hospital,8,assumption_to_validate,Third dialysis center: assumed 24/day.
P185,HOME_P185,46.02144358394889,3.972006085846614,H2,other,A0310,08:30,P2,medium,1.5,standard_assis,2026-05-18 09:50:00,590,09:50,35,2026-05-18 10:25:00,625,10:25,25,1,35,9.93,14.19,9.93,H2,9.93,1,catchment_near_assigned_hospital,12,assumption_to_validate,Renaison other: assumed 36/day.
P186,HOME_P186,46.11936886229886,4.142446795119855,H2,other,A0315,08:30,P2,medium,1.5,vsl_required,2026-05-18 09:00:00,540,09:00,25,2026-05-18 09:25:00,565,09:25,25,1,35,12.46,17.8,12.46,H1,11.382,1,catchment_near_assigned_hospital,12,assumption_to_validate,Renaison other: assumed 36/day.
P187,HOME_P187,46.05656888571444,4.0014960050455075,H1,dialysis,A0067,13:00,P1,high,2.0,vsl_required,2026-05-18 13:20:00,800,13:20,240,2026-05-18 17:20:00,1040,17:20,15,1,25,6.883,9.83,6.883,H2,6.666,1,catchment_near_assigned_hospital,8,observed_user_table,"CH Roanne dialysis: 53/day. 26 morning, 23 noon, 4 evening."
P188,HOME_P188,46.0896460478324,4.083718837890106,H1,dialysis,A0039,08:00,P1,high,2.0,vsl_required,2026-05-18 08:55:00,535,08:55,240,2026-05-18 12:55:00,775,12:55,15,1,25,5.162,7.37,5.162,H1,5.162,1,catchment_near_assigned_hospital,8,observed_user_table,"CH Roanne dialysis: 53/day. 26 morning, 23 noon, 4 evening."
P189,HOME_P189,46.04465749181798,4.098756927439475,H2,other,A0306,08:30,P2,medium,1.5,standard_assis,2026-05-18 09:15:00,555,09:15,30,2026-05-18 09:45:00,585,09:45,25,1,35,2.894,5.0,2.894,H1,2.786,1,catchment_near_assigned_hospital,12,assumption_to_validate,Renaison other: assumed 36/day.
P190,HOME_P190,46.066129847687634,4.097874328646187,H1,other,A0198,14:00,P2,medium,1.5,standard_assis,2026-05-18 15:15:00,915,15:15,65,2026-05-18 16:20:00,980,16:20,25,1,35,3.013,5.0,3.013,H1,3.013,1,catchment_near_assigned_hospital,12,observed_user_table,CH Roanne other: 49/day.
P191,HOME_P191,46.002408283408435,4.111213459081914,H2,other,A0351,14:00,P2,medium,1.5,prescription_medicale,2026-05-18 14:00:00,840,14:00,35,2026-05-18 14:35:00,875,14:35,25,1,35,7.278,10.4,7.278,H2,7.278,1,catchment_near_assigned_hospital,12,assumption_to_validate,Renaison other: assumed 36/day.
P192,HOME_P192,46.06764033396333,3.981885751696699,H1,dialysis,A0036,08:00,P1,high,2.0,prescription_medicale,2026-05-18 08:30:00,510,08:30,240,2026-05-18 12:30:00,750,12:30,15,1,25,8.983,12.83,8.983,H3,8.845,1,catchment_near_assigned_hospital,8,observed_user_table,"CH Roanne dialysis: 53/day. 26 morning, 23 noon, 4 evening."
P193,HOME_P193,45.99159025933063,4.0088643534935455,H1,oncology,A0110,08:00,P1,high,2.0,prescription_medicale,2026-05-18 08:15:00,495,08:15,180,2026-05-18 11:15:00,675,11:15,15,1,25,10.561,15.09,10.561,H2,9.488,1,catchment_near_assigned_hospital,10,observed_user_table,CH Roanne chemotherapy: 30/day.
P194,HOME_P194,46.18355751454622,3.9855765131810235,H1,external,A0231,17:30,P3,low,1.0,standard_assis,2026-05-18 17:50:00,1070,17:50,30,2026-05-18 18:20:00,1100,18:20,35,1,52,19.956,28.51,19.956,H1,19.956,1,catchment_near_assigned_hospital,18,computed_from_user_table,External visits: 75/day * 15% using fleet.
P195,HOME_P195,46.013297548731,4.020941239221094,H1,other,A0193,14:00,P2,medium,1.5,standard_assis,2026-05-18 14:40:00,880,14:40,115,2026-05-18 16:35:00,995,16:35,25,1,35,7.474,10.68,7.474,H2,6.451,1,catchment_near_assigned_hospital,12,observed_user_table,CH Roanne other: 49/day.
P196,HOME_P196,46.088206938850874,4.091516891629621,H2,other,A0336,10:30,P2,medium,1.5,standard_assis,2026-05-18 11:40:00,700,11:40,25,2026-05-18 12:05:00,725,12:05,25,1,35,6.301,9.0,6.301,H1,5.18,1,catchment_near_assigned_hospital,12,assumption_to_validate,Renaison other: assumed 36/day.
P197,HOME_P197,46.059285303910535,3.9833117549396313,H2,dialysis,A0273,13:00,P1,high,2.0,vsl_required,2026-05-18 13:20:00,800,13:20,235,2026-05-18 17:15:00,1035,17:15,15,1,25,8.46,12.09,8.46,H2,8.46,1,catchment_near_assigned_hospital,8,assumption_to_validate,Renaison dialysis: assumed 30/day.
P198,HOME_P198,46.01311124952963,4.165267552134393,H1,other,A0137,08:30,P2,medium,1.5,standard_assis,2026-05-18 09:00:00,540,09:00,65,2026-05-18 10:05:00,605,10:05,25,1,35,10.535,15.05,10.535,H2,10.353,1,catchment_near_assigned_hospital,12,observed_user_table,CH Roanne other: 49/day.
P199,HOME_P199,46.11682204293576,4.162741573753069,H1,other,A0185,10:30,P2,medium,1.5,prescription_medicale,2026-05-18 11:35:00,695,11:35,90,2026-05-18 13:05:00,785,13:05,25,1,35,12.382,17.69,12.382,H1,12.382,1,catchment_near_assigned_hospital,12,observed_user_table,CH Roanne other: 49/day.
P200,HOME_P200,46.0474791533253,4.022009449693718,H1,dialysis,A0078,13:00,P1,high,2.0,prescription_medicale,2026-05-18 13:10:00,790,13:10,240,2026-05-18 17:10:00,1030,17:10,15,1,25,4.956,7.08,4.956,H2,4.521,1,catchment_near_assigned_hospital,8,observed_user_table,"CH Roanne dialysis: 53/day. 26 morning, 23 noon, 4 evening."
P201,HOME_P201,45.99807354542248,4.188034164575608,H1,other,A0141,08:30,P2,medium,1.5,standard_assis,2026-05-18 09:00:00,540,09:00,80,2026-05-18 10:20:00,620,10:20,25,1,35,13.521,19.32,13.521,H2,13.276,1,catchment_near_assigned_hospital,12,observed_user_table,CH Roanne other: 49/day.
P202,HOME_P202,46.076444403789466,4.122440419368695,H1,dialysis,A0063,13:00,P1,high,2.0,prescription_medicale,2026-05-18 13:45:00,825,13:45,240,2026-05-18 17:45:00,1065,17:45,15,1,25,5.776,8.25,5.776,H1,5.776,1,catchment_near_assigned_hospital,8,observed_user_table,"CH Roanne dialysis: 53/day. 26 morning, 23 noon, 4 evening."
P203,HOME_P203,46.01069517220075,4.067674476199667,H3,dialysis,A0363,08:00,P1,high,2.0,prescription_medicale,2026-05-18 08:55:00,535,08:55,270,2026-05-18 13:25:00,805,13:25,15,1,25,5.468,7.81,5.468,H2,4.867,1,catchment_near_assigned_hospital,8,assumption_to_validate,Third dialysis center: assumed 24/day.
P204,HOME_P204,46.07267723622769,4.1330813119205505,H1,dialysis,A0075,13:00,P1,high,2.0,prescription_medicale,2026-05-18 13:20:00,800,13:20,240,2026-05-18 17:20:00,1040,17:20,15,1,25,6.416,9.17,6.416,H1,6.416,1,catchment_near_assigned_hospital,8,observed_user_table,"CH Roanne dialysis: 53/day. 26 morning, 23 noon, 4 evening."
P205,HOME_P205,46.00739714393819,4.047674826844429,H1,oncology,A0093,08:00,P1,high,2.0,vsl_required,2026-05-18 08:15:00,495,08:15,165,2026-05-18 11:00:00,660,11:00,15,1,25,6.822,9.75,6.822,H2,5.701,1,catchment_near_assigned_hospital,10,observed_user_table,CH Roanne chemotherapy: 30/day.
P206,HOME_P206,46.111010783035695,3.9970468706709186,H2,oncology,A0283,08:00,P1,high,2.0,vsl_required,2026-05-18 08:05:00,485,08:05,75,2026-05-18 09:20:00,560,09:20,15,1,25,11.413,16.3,11.413,H1,10.842,1,catchment_near_assigned_hospital,10,assumption_to_validate,Renaison oncology: assumed 16/day.
P207,HOME_P207,46.01938035971113,3.948797411482287,H1,other,A0135,08:30,P2,medium,1.5,prescription_medicale,2026-05-18 09:05:00,545,09:05,60,2026-05-18 10:05:00,605,10:05,25,1,35,12.851,18.36,12.851,H2,12.144,1,catchment_near_assigned_hospital,12,observed_user_table,CH Roanne other: 49/day.
P208,HOME_P208,46.04624815872335,4.147760614727248,H1,dialysis,A0023,08:00,P1,high,2.0,vsl_required,2026-05-18 08:10:00,490,08:10,240,2026-05-18 12:10:00,730,12:10,15,1,25,7.307,10.44,7.307,H1,7.307,1,catchment_near_assigned_hospital,8,observed_user_table,"CH Roanne dialysis: 53/day. 26 morning, 23 noon, 4 evening."
P209,HOME_P209,46.04575012640146,4.11020536982276,H1,dialysis,A0060,13:00,P1,high,2.0,vsl_required,2026-05-18 13:55:00,835,13:55,240,2026-05-18 17:55:00,1075,17:55,15,1,25,3.767,5.38,3.767,H1,3.767,1,catchment_near_assigned_hospital,8,observed_user_table,"CH Roanne dialysis: 53/day. 26 morning, 23 noon, 4 evening."
P210,HOME_P210,46.110907643822486,4.170422518467129,H1,other,A0158,08:30,P2,medium,1.5,prescription_medicale,2026-05-18 09:35:00,575,09:35,80,2026-05-18 10:55:00,655,10:55,25,1,35,12.364,17.66,12.364,H1,12.364,1,catchment_near_assigned_hospital,12,observed_user_table,CH Roanne other: 49/day.
P211,HOME_P211,46.0190858004264,4.04013366469834,H2,dialysis,A0267,13:00,P1,high,2.0,prescription_medicale,2026-05-18 13:25:00,805,13:25,260,2026-05-18 17:45:00,1065,17:45,15,1,25,4.619,6.6,4.619,H2,4.619,1,catchment_near_assigned_hospital,8,assumption_to_validate,Renaison dialysis: assumed 30/day.
P212,HOME_P212,46.04716894422721,4.188670521127044,H2,other,A0339,10:30,P2,medium,1.5,standard_assis,2026-05-18 11:35:00,695,11:35,25,2026-05-18 12:00:00,720,12:00,25,1,35,11.566,16.52,11.566,H1,11.22,1,catchment_near_assigned_hospital,12,assumption_to_validate,Renaison other: assumed 36/day.
P213,HOME_P213,46.0136209322086,3.980498028206048,H1,other,A0206,16:00,P2,medium,1.5,prescription_medicale,2026-05-18 17:05:00,1025,17:05,105,2026-05-18 18:50:00,1130,18:50,25,1,35,10.468,14.95,10.468,H2,9.617,1,catchment_near_assigned_hospital,12,observed_user_table,CH Roanne other: 49/day.
P214,HOME_P214,46.00975040788813,3.983240285613642,H2,dialysis,A0233,08:00,P1,high,2.0,vsl_required,2026-05-18 08:05:00,485,08:05,240,2026-05-18 12:05:00,725,12:05,15,1,25,9.651,13.79,9.651,H2,9.651,1,catchment_near_assigned_hospital,8,assumption_to_validate,Renaison dialysis: assumed 30/day.
P215,HOME_P215,46.02325561202837,4.17806114961871,H2,oncology,A0287,08:00,P1,high,2.0,vsl_required,2026-05-18 08:25:00,505,08:25,330,2026-05-18 13:55:00,835,13:55,15,1,25,10.995,15.71,10.995,H1,10.99,1,catchment_near_assigned_hospital,10,assumption_to_validate,Renaison oncology: assumed 16/day.
P216,HOME_P216,46.11394459684173,4.158729967164413,H1,other,A0148,08:30,P2,medium,1.5,standard_assis,2026-05-18 08:30:00,510,08:30,120,2026-05-18 10:30:00,630,10:30,25,1,35,11.825,16.89,11.825,H1,11.825,1,catchment_near_assigned_hospital,12,observed_user_table,CH Roanne other: 49/day.
P217,HOME_P217,46.03426429317753,4.014772528461852,H2,dialysis,A0234,08:00,P1,high,2.0,prescription_medicale,2026-05-18 08:10:00,490,08:10,245,2026-05-18 12:15:00,735,12:15,15,1,25,5.45,7.79,5.45,H2,5.45,1,catchment_near_assigned_hospital,8,assumption_to_validate,Renaison dialysis: assumed 30/day.
P218,HOME_P218,46.031126363222036,4.079848966151468,H1,dialysis,A0031,08:00,P1,high,2.0,prescription_medicale,2026-05-18 08:50:00,530,08:50,240,2026-05-18 12:50:00,770,12:50,15,1,25,3.158,5.0,3.158,H2,2.289,1,catchment_near_assigned_hospital,8,observed_user_table,"CH Roanne dialysis: 53/day. 26 morning, 23 noon, 4 evening."
P219,HOME_P219,46.01434685128753,4.178365920582068,H1,oncology,A0131,14:00,P1,high,2.0,vsl_required,2026-05-18 14:00:00,840,14:00,175,2026-05-18 16:55:00,1015,16:55,15,1,25,11.544,16.49,11.544,H2,11.436,1,catchment_near_assigned_hospital,10,observed_user_table,CH Roanne chemotherapy: 30/day.
P220,HOME_P220,46.12395116736217,3.9919154128078107,H2,other,A0341,14:00,P2,medium,1.5,standard_assis,2026-05-18 14:05:00,845,14:05,40,2026-05-18 14:45:00,885,14:45,25,1,35,13.162,18.8,13.162,H1,12.533,1,catchment_near_assigned_hospital,12,assumption_to_validate,Renaison other: assumed 36/day.
P221,HOME_P221,46.05072556026841,3.995112743723545,H1,dialysis,A0012,08:00,P1,high,2.0,vsl_required,2026-05-18 08:05:00,485,08:05,240,2026-05-18 12:05:00,725,12:05,15,1,25,7.493,10.7,7.493,H2,7.143,1,catchment_near_assigned_hospital,8,observed_user_table,"CH Roanne dialysis: 53/day. 26 morning, 23 noon, 4 evening."
P222,HOME_P222,46.079597732698716,4.031562168934461,H1,dialysis,A0079,13:00,P1,high,2.0,prescription_medicale,2026-05-18 13:55:00,835,13:55,240,2026-05-18 17:55:00,1075,17:55,15,1,25,5.394,7.71,5.394,H1,5.394,1,catchment_near_assigned_hospital,8,observed_user_table,"CH Roanne dialysis: 53/day. 26 morning, 23 noon, 4 evening."
P223,HOME_P223,46.049042271512995,4.179096339801511,H2,oncology,A0300,13:00,P1,high,2.0,vsl_required,2026-05-18 13:00:00,780,13:00,230,2026-05-18 16:50:00,1010,16:50,15,1,25,10.65,15.21,10.65,H1,10.28,1,catchment_near_assigned_hospital,10,assumption_to_validate,Renaison oncology: assumed 16/day.
P224,HOME_P224,46.045315576399595,3.9538792535455123,H2,other,A0323,08:30,P2,medium,1.5,prescription_medicale,2026-05-18 09:05:00,545,09:05,40,2026-05-18 09:45:00,585,09:45,25,1,35,11.087,15.84,11.087,H2,11.087,1,catchment_near_assigned_hospital,12,assumption_to_validate,Renaison other: assumed 36/day.
P225,HOME_P225,46.029775102766756,3.9610095082742407,H1,oncology,A0098,08:00,P1,high,2.0,vsl_required,2026-05-18 08:50:00,530,08:50,165,2026-05-18 11:35:00,695,11:35,15,1,25,11.261,16.09,11.261,H2,10.633,1,catchment_near_assigned_hospital,10,observed_user_table,CH Roanne chemotherapy: 30/day.
P226,HOME_P226,46.06210762439542,4.105054774537853,H3,dialysis,A0375,08:00,P1,high,2.0,vsl_required,2026-05-18 08:10:00,490,08:10,220,2026-05-18 11:50:00,710,11:50,15,1,25,3.777,5.4,3.777,H1,3.352,1,catchment_near_assigned_hospital,8,assumption_to_validate,Third dialysis center: assumed 24/day.
P227,HOME_P227,46.10749395077524,4.128735065722352,H1,other,A0143,08:30,P2,medium,1.5,prescription_medicale,2026-05-18 09:35:00,575,09:35,115,2026-05-18 11:30:00,690,11:30,25,1,35,9.27,13.24,9.27,H1,9.27,1,catchment_near_assigned_hospital,12,observed_user_table,CH Roanne other: 49/day.
P228,HOME_P228,45.99142951771724,4.113878417895617,H1,dialysis,A0037,08:00,P1,high,2.0,vsl_required,2026-05-18 08:50:00,530,08:50,240,2026-05-18 12:50:00,770,12:50,15,1,25,9.474,13.53,9.474,H2,8.708,1,catchment_near_assigned_hospital,8,observed_user_table,"CH Roanne dialysis: 53/day. 26 morning, 23 noon, 4 evening."
P229,HOME_P229,46.07959610539485,4.148619775077885,H2,oncology,A0299,13:00,P1,high,2.0,prescription_medicale,2026-05-18 13:45:00,825,13:45,120,2026-05-18 15:45:00,945,15:45,15,1,25,9.025,12.89,9.025,H1,8.183,1,catchment_near_assigned_hospital,10,assumption_to_validate,Renaison oncology: assumed 16/day.
P230,HOME_P230,45.995541755689445,4.040729525577968,H3,dialysis,A0367,08:00,P1,high,2.0,vsl_required,2026-05-18 08:25:00,505,08:25,210,2026-05-18 11:55:00,715,11:55,15,1,25,8.079,11.54,8.079,H2,7.48,1,catchment_near_assigned_hospital,8,assumption_to_validate,Third dialysis center: assumed 24/day.
P231,HOME_P231,46.118020092682634,4.159217219832353,H1,external,A0221,11:30,P3,low,1.0,standard_assis,2026-05-18 11:50:00,710,11:50,25,2026-05-18 12:15:00,735,12:15,35,0,45,12.267,17.52,12.267,H1,12.267,1,catchment_near_assigned_hospital,18,computed_from_user_table,External visits: 75/day * 15% using fleet.
P232,HOME_P232,46.0279099983554,4.1381980333793456,H2,other,A0312,08:30,P2,medium,1.5,prescription_medicale,2026-05-18 09:20:00,560,09:20,25,2026-05-18 09:45:00,585,09:45,25,1,35,7.138,10.2,7.138,H2,7.138,1,catchment_near_assigned_hospital,12,assumption_to_validate,Renaison other: assumed 36/day.
P233,HOME_P233,46.08367720932253,4.1305161242156805,H1,dialysis,A0061,13:00,P1,high,2.0,vsl_required,2026-05-18 13:30:00,810,13:30,240,2026-05-18 17:30:00,1050,17:30,15,1,25,6.994,9.99,6.994,H1,6.994,1,catchment_near_assigned_hospital,8,observed_user_table,"CH Roanne dialysis: 53/day. 26 morning, 23 noon, 4 evening."
P234,HOME_P234,45.991544919274645,4.022603342421928,H2,other,A0337,10:30,P2,medium,1.5,standard_assis,2026-05-18 10:45:00,645,10:45,40,2026-05-18 11:25:00,685,11:25,25,1,35,8.749,12.5,8.749,H2,8.749,1,catchment_near_assigned_hospital,12,assumption_to_validate,Renaison other: assumed 36/day.
P235,HOME_P235,46.070573883573175,4.059592642818646,H1,dialysis,A0016,08:00,P1,high,2.0,vsl_required,2026-05-18 08:35:00,515,08:35,240,2026-05-18 12:35:00,755,12:35,15,1,25,2.713,5.0,2.713,H1,2.713,1,catchment_near_assigned_hospital,8,observed_user_table,"CH Roanne dialysis: 53/day. 26 morning, 23 noon, 4 evening."
P236,HOME_P236,46.039388773231835,3.992817328823662,H2,oncology,A0295,13:00,P1,high,2.0,prescription_medicale,2026-05-18 13:20:00,800,13:20,230,2026-05-18 17:10:00,1030,17:10,15,1,25,7.383,10.55,7.383,H2,7.383,1,catchment_near_assigned_hospital,10,assumption_to_validate,Renaison oncology: assumed 16/day.
P237,HOME_P237,46.01341198074718,4.159375314063813,H1,oncology,A0100,08:00,P1,high,2.0,vsl_required,2026-05-18 08:40:00,520,08:40,165,2026-05-18 11:25:00,685,11:25,15,1,25,10.034,14.33,10.034,H2,9.825,1,catchment_near_assigned_hospital,10,observed_user_table,CH Roanne chemotherapy: 30/day.
P238,HOME_P238,45.986485737062104,4.110048502618926,H1,other,A0166,10:30,P2,medium,1.5,standard_assis,2026-05-18 10:55:00,655,10:55,60,2026-05-18 11:55:00,715,11:55,25,1,35,9.962,14.23,9.962,H2,9.143,1,catchment_near_assigned_hospital,12,observed_user_table,CH Roanne other: 49/day.
P239,HOME_P239,46.00872661909965,4.154815149211434,H1,oncology,A0129,14:00,P1,high,2.0,prescription_medicale,2026-05-18 14:35:00,875,14:35,150,2026-05-18 17:05:00,1025,17:05,15,1,25,10.058,14.37,10.058,H2,9.763,1,catchment_near_assigned_hospital,10,observed_user_table,CH Roanne chemotherapy: 30/day.
P240,HOME_P240,46.02458011237402,4.126906023483035,H2,other,A0350,14:00,P2,medium,1.5,vsl_required,2026-05-18 15:05:00,905,15:05,35,2026-05-18 15:40:00,940,15:40,25,1,35,6.329,9.04,6.329,H2,6.329,1,catchment_near_assigned_hospital,12,assumption_to_validate,Renaison other: assumed 36/day.
P241,HOME_P241,46.143077262493634,4.024234773305901,H2,other,A0308,08:30,P2,medium,1.5,standard_assis,2026-05-18 09:40:00,580,09:40,25,2026-05-18 10:05:00,605,10:05,25,1,35,14.2,20.29,14.2,H1,13.324,1,catchment_near_assigned_hospital,12,assumption_to_validate,Renaison other: assumed 36/day.
P242,HOME_P242,46.09694540900076,4.01686388352153,H3,dialysis,A0400,17:00,P1,high,2.0,vsl_required,2026-05-18 17:35:00,1055,17:35,230,2026-05-18 21:25:00,1285,21:25,15,1,25,8.296,11.85,8.296,H1,8.111,1,catchment_near_assigned_hospital,8,assumption_to_validate,Third dialysis center: assumed 24/day.
P243,HOME_P243,46.10596513749317,4.0942444109417515,H2,dialysis,A0242,08:00,P1,high,2.0,prescription_medicale,2026-05-18 08:05:00,485,08:05,225,2026-05-18 11:50:00,710,11:50,15,1,25,8.728,12.47,8.728,H1,7.609,1,catchment_near_assigned_hospital,8,assumption_to_validate,Renaison dialysis: assumed 30/day.
P244,HOME_P244,46.07746391567577,4.103111052842051,H1,dialysis,A0017,08:00,P1,high,2.0,vsl_required,2026-05-18 08:15:00,495,08:15,240,2026-05-18 12:15:00,735,12:15,15,1,25,4.459,6.37,4.459,H1,4.459,1,catchment_near_assigned_hospital,8,observed_user_table,"CH Roanne dialysis: 53/day. 26 morning, 23 noon, 4 evening."
P245,HOME_P245,46.05474505921056,4.054307060464813,H1,external,A0220,10:30,P3,low,1.0,prescription_medicale,2026-05-18 11:00:00,660,11:00,30,2026-05-18 11:30:00,690,11:30,35,1,45,1.785,5.0,1.785,H3,1.651,1,catchment_near_assigned_hospital,18,computed_from_user_table,External visits: 75/day * 15% using fleet.
P246,HOME_P246,46.032537644160016,4.078479945873329,H2,other,A0345,14:00,P2,medium,1.5,standard_assis,2026-05-18 15:05:00,905,15:05,40,2026-05-18 15:45:00,945,15:45,25,1,35,2.054,5.0,2.054,H2,2.054,1,catchment_near_assigned_hospital,12,assumption_to_validate,Renaison other: assumed 36/day.
P247,HOME_P247,46.08091069477783,4.135406310793828,H1,other,A0155,08:30,P2,medium,1.5,prescription_medicale,2026-05-18 09:30:00,570,09:30,90,2026-05-18 11:00:00,660,11:00,25,1,35,7.162,10.23,7.162,H1,7.162,1,catchment_near_assigned_hospital,12,observed_user_table,CH Roanne other: 49/day.
P248,HOME_P248,46.08199055658157,4.135073496701272,H1,other,A0146,08:30,P2,medium,1.5,prescription_medicale,2026-05-18 08:35:00,515,08:35,85,2026-05-18 10:00:00,600,10:00,25,1,35,7.217,10.31,7.217,H1,7.217,1,catchment_near_assigned_hospital,12,observed_user_table,CH Roanne other: 49/day.
P249,HOME_P249,46.0677056212482,4.172049413441227,H1,other,A0200,14:00,P2,medium,1.5,prescription_medicale,2026-05-18 14:50:00,890,14:50,105,2026-05-18 16:35:00,995,16:35,25,1,35,9.789,13.98,9.789,H1,9.789,1,catchment_near_assigned_hospital,12,observed_user_table,CH Roanne other: 49/day.
P250,HOME_P250,46.05991434378874,3.983275858327867,H2,dialysis,A0265,13:00,P1,high,2.0,vsl_required,2026-05-18 13:55:00,835,13:55,240,2026-05-18 17:55:00,1075,17:55,15,1,25,8.483,12.12,8.483,H3,8.478,1,catchment_near_assigned_hospital,8,assumption_to_validate,Renaison dialysis: assumed 30/day.
P251,HOME_P251,46.03257685536098,4.192407030035799,H1,other,A0144,08:30,P2,medium,1.5,vsl_required,2026-05-18 09:30:00,570,09:30,105,2026-05-18 11:15:00,675,11:15,25,1,35,11.903,17.0,11.903,H1,11.903,1,catchment_near_assigned_hospital,12,observed_user_table,CH Roanne other: 49/day.
P252,HOME_P252,46.00405882628472,4.121850931900814,H1,oncology,A0102,08:00,P1,high,2.0,standard_assis,2026-05-18 08:25:00,505,08:25,160,2026-05-18 11:05:00,665,11:05,15,1,25,8.327,11.9,8.327,H2,7.727,1,catchment_near_assigned_hospital,10,observed_user_table,CH Roanne chemotherapy: 30/day.
P253,HOME_P253,46.09410758233298,4.083060673714298,H2,dialysis,A0254,08:00,P1,high,2.0,vsl_required,2026-05-18 08:20:00,500,08:20,210,2026-05-18 11:50:00,710,11:50,15,1,25,6.867,9.81,6.867,H1,5.759,1,catchment_near_assigned_hospital,8,assumption_to_validate,Renaison dialysis: assumed 30/day.
P254,HOME_P254,46.08966708760166,4.063247946443202,H3,dialysis,A0395,13:00,P1,high,2.0,vsl_required,2026-05-18 13:55:00,835,13:55,240,2026-05-18 17:55:00,1075,17:55,15,1,25,5.552,7.93,5.552,H1,5.136,1,catchment_near_assigned_hospital,8,assumption_to_validate,Third dialysis center: assumed 24/day.
P255,HOME_P255,46.08582556869413,3.940743159390651,H2,other,A0334,10:30,P2,medium,1.5,standard_assis,2026-05-18 11:50:00,710,11:50,30,2026-05-18 12:20:00,740,12:20,25,1,35,13.551,19.36,13.551,H3,13.423,1,catchment_near_assigned_hospital,12,assumption_to_validate,Renaison other: assumed 36/day.
P256,HOME_P256,45.98432467650904,4.190931405067686,H2,other,A0314,08:30,P2,medium,1.5,standard_assis,2026-05-18 08:50:00,530,08:50,35,2026-05-18 09:25:00,565,09:25,25,1,35,14.552,20.79,14.552,H2,14.552,1,catchment_near_assigned_hospital,12,assumption_to_validate,Renaison other: assumed 36/day.
P257,HOME_P257,46.01576903902903,3.9900195889082646,H2,other,A0328,10:30,P2,medium,1.5,vsl_required,2026-05-18 11:10:00,670,11:10,35,2026-05-18 11:45:00,705,11:45,25,1,35,8.666,12.38,8.666,H2,8.666,1,catchment_near_assigned_hospital,12,assumption_to_validate,Renaison other: assumed 36/day.
P258,HOME_P258,46.03204531440665,4.132717121313691,H1,dialysis,A0051,13:00,P1,high,2.0,prescription_medicale,2026-05-18 13:55:00,835,13:55,240,2026-05-18 17:55:00,1075,17:55,15,1,25,6.5,9.29,6.5,H2,6.452,1,catchment_near_assigned_hospital,8,observed_user_table,"CH Roanne dialysis: 53/day. 26 morning, 23 noon, 4 evening."
P259,HOME_P259,46.107959921076684,4.069283449482642,H2,oncology,A0282,08:00,P1,high,2.0,prescription_medicale,2026-05-18 08:55:00,535,08:55,285,2026-05-18 13:40:00,820,13:40,15,1,25,8.654,12.36,8.654,H1,7.605,1,catchment_near_assigned_hospital,10,assumption_to_validate,Renaison oncology: assumed 16/day.
P260,HOME_P260,46.02466329442873,4.06199229968317,H1,other,A0189,14:00,P2,medium,1.5,premium,2026-05-18 15:05:00,905,15:05,95,2026-05-18 16:40:00,1000,16:40,25,1,35,4.112,5.87,4.112,H2,2.997,1,catchment_near_assigned_hospital,12,observed_user_table,CH Roanne other: 49/day.
P261,HOME_P261,46.055998137772846,4.088651417825933,H1,dialysis,A0003,08:00,P1,high,2.0,vsl_required,2026-05-18 08:50:00,530,08:50,240,2026-05-18 12:50:00,770,12:50,15,1,25,1.584,5.0,1.584,H1,1.584,1,catchment_near_assigned_hospital,8,observed_user_table,"CH Roanne dialysis: 53/day. 26 morning, 23 noon, 4 evening."
P262,HOME_P262,46.027328749973975,4.052909262083466,H1,dialysis,A0045,13:00,P1,high,2.0,vsl_required,2026-05-18 13:35:00,815,13:35,240,2026-05-18 17:35:00,1055,17:35,15,1,25,4.084,5.83,4.084,H2,2.978,1,catchment_near_assigned_hospital,8,observed_user_table,"CH Roanne dialysis: 53/day. 26 morning, 23 noon, 4 evening."
P263,HOME_P263,46.072920304933234,3.9348547244356675,H1,other,A0186,10:30,P2,medium,1.5,premium,2026-05-18 11:00:00,660,11:00,60,2026-05-18 12:00:00,720,12:00,25,1,35,13.571,19.39,13.571,H3,13.418,1,catchment_near_assigned_hospital,12,observed_user_table,CH Roanne other: 49/day.
P264,HOME_P264,46.07401605783854,3.963236722214404,H1,other,A0139,08:30,P2,medium,1.5,standard_assis,2026-05-18 09:20:00,560,09:20,60,2026-05-18 10:20:00,620,10:20,25,1,35,10.942,15.63,10.942,H3,10.824,1,catchment_near_assigned_hospital,12,observed_user_table,CH Roanne other: 49/day.
P265,HOME_P265,46.08362500666561,4.020461926723615,H2,oncology,A0302,13:00,P1,high,2.0,vsl_required,2026-05-18 13:50:00,830,13:50,155,2026-05-18 16:25:00,985,16:25,15,1,25,7.037,10.05,7.037,H1,6.568,1,catchment_near_assigned_hospital,10,assumption_to_validate,Renaison oncology: assumed 16/day.
P266,HOME_P266,45.935455715255955,4.203948853748108,H1,external,A0213,08:30,P3,low,1.0,prescription_medicale,2026-05-18 10:15:00,615,10:15,20,2026-05-18 10:35:00,635,10:35,35,1,54,20.71,29.59,20.71,H2,20.128,1,catchment_near_assigned_hospital,18,computed_from_user_table,External visits: 75/day * 15% using fleet.
P267,HOME_P267,46.051395375887864,4.050990145652333,H1,other,A0149,08:30,P2,medium,1.5,prescription_medicale,2026-05-18 09:10:00,550,09:10,100,2026-05-18 10:50:00,650,10:50,25,1,35,2.111,5.0,2.111,H3,1.844,1,catchment_near_assigned_hospital,12,observed_user_table,CH Roanne other: 49/day.
P268,HOME_P268,46.12449725192129,4.053641745749063,H1,other,A0183,10:30,P2,medium,1.5,prescription_medicale,2026-05-18 11:55:00,715,11:55,120,2026-05-18 13:55:00,835,13:55,25,1,35,10.065,14.38,10.065,H1,10.065,1,catchment_near_assigned_hospital,12,observed_user_table,CH Roanne other: 49/day.
P269,HOME_P269,45.9810000214554,4.096279630384109,H2,other,A0343,14:00,P2,medium,1.5,standard_assis,2026-05-18 15:00:00,900,15:00,40,2026-05-18 15:40:00,940,15:40,25,1,35,9.376,13.39,9.376,H2,9.376,1,catchment_near_assigned_hospital,12,assumption_to_validate,Renaison other: assumed 36/day.
P270,HOME_P270,46.08183844016208,4.057314541091086,H2,dialysis,A0269,13:00,P1,high,2.0,vsl_required,2026-05-18 13:10:00,790,13:10,235,2026-05-18 17:05:00,1025,17:05,15,1,25,5.144,7.35,5.144,H1,4.235,1,catchment_near_assigned_hospital,8,assumption_to_validate,Renaison dialysis: assumed 30/day.
P271,HOME_P271,46.064967697897856,4.0923673819855395,H2,oncology,A0291,08:00,P1,high,2.0,vsl_required,2026-05-18 08:25:00,505,08:25,250,2026-05-18 12:35:00,755,12:35,15,1,25,3.513,5.02,3.513,H1,2.496,1,catchment_near_assigned_hospital,10,assumption_to_validate,Renaison oncology: assumed 16/day.
P272,HOME_P272,46.1297148883063,4.031776169796179,H1,other,A0211,16:00,P2,medium,1.5,standard_assis,2026-05-18 16:25:00,985,16:25,105,2026-05-18 18:10:00,1090,18:10,25,1,35,11.33,16.19,11.33,H1,11.33,1,catchment_near_assigned_hospital,12,observed_user_table,CH Roanne other: 49/day.
P273,HOME_P273,46.02877827604984,3.9592905417192363,H2,other,A0355,16:30,P2,medium,1.5,standard_assis,2026-05-18 17:20:00,1040,17:20,25,2026-05-18 17:45:00,1065,17:45,25,1,35,10.825,15.46,10.825,H2,10.825,1,catchment_near_assigned_hospital,12,assumption_to_validate,Renaison other: assumed 36/day.
P274,HOME_P274,46.05310091777812,4.035060501016182,H1,dialysis,A0002,08:00,P1,high,2.0,vsl_required,2026-05-18 08:10:00,490,08:10,240,2026-05-18 12:10:00,730,12:10,15,1,25,3.631,5.19,3.631,H3,3.398,1,catchment_near_assigned_hospital,8,observed_user_table,"CH Roanne dialysis: 53/day. 26 morning, 23 noon, 4 evening."
P275,HOME_P275,46.062500540077124,3.99418243502009,H1,external,A0227,14:30,P3,low,1.0,standard_assis,2026-05-18 16:10:00,970,16:10,30,2026-05-18 16:40:00,1000,16:40,35,0,45,7.68,10.97,7.68,H3,7.517,1,catchment_near_assigned_hospital,18,computed_from_user_table,External visits: 75/day * 15% using fleet.
P276,HOME_P276,45.99434547303559,4.104085798504126,H1,other,A0194,14:00,P2,medium,1.5,standard_assis,2026-05-18 14:40:00,880,14:40,110,2026-05-18 16:30:00,990,16:30,25,1,35,8.736,12.48,8.736,H2,7.909,1,catchment_near_assigned_hospital,12,observed_user_table,CH Roanne other: 49/day.
P277,HOME_P277,46.01719214739038,4.0031131305195355,H1,dialysis,A0021,08:00,P1,high,2.0,prescription_medicale,2026-05-18 08:20:00,500,08:20,240,2026-05-18 12:20:00,740,12:20,15,1,25,8.383,11.98,8.383,H2,7.475,1,catchment_near_assigned_hospital,8,observed_user_table,"CH Roanne dialysis: 53/day. 26 morning, 23 noon, 4 evening."
P278,HOME_P278,45.99667609105159,4.068257795087462,H3,dialysis,A0382,13:00,P1,high,2.0,prescription_medicale,2026-05-18 13:05:00,785,13:05,210,2026-05-18 16:35:00,995,16:35,15,1,25,7.414,10.59,7.414,H2,6.814,1,catchment_near_assigned_hospital,8,assumption_to_validate,Third dialysis center: assumed 24/day.
P279,HOME_P279,46.077267965163664,3.989082270872763,H1,dialysis,A0011,08:00,P1,high,2.0,vsl_required,2026-05-18 08:25:00,505,08:25,240,2026-05-18 12:25:00,745,12:25,15,1,25,8.725,12.46,8.725,H3,8.676,1,catchment_near_assigned_hospital,8,observed_user_table,"CH Roanne dialysis: 53/day. 26 morning, 23 noon, 4 evening."
P280,HOME_P280,46.09262575880416,4.145899433034171,H1,dialysis,A0029,08:00,P1,high,2.0,vsl_required,2026-05-18 08:50:00,530,08:50,240,2026-05-18 12:50:00,770,12:50,15,1,25,8.927,12.75,8.927,H1,8.927,1,catchment_near_assigned_hospital,8,observed_user_table,"CH Roanne dialysis: 53/day. 26 morning, 23 noon, 4 evening."
P281,HOME_P281,46.14453836867998,4.050181101705351,H2,other,A0329,10:30,P2,medium,1.5,prescription_medicale,2026-05-18 10:35:00,635,10:35,30,2026-05-18 11:05:00,665,11:05,25,1,35,13.855,19.79,13.855,H1,12.866,1,catchment_near_assigned_hospital,12,assumption_to_validate,Renaison other: assumed 36/day.
P282,HOME_P282,46.05064861703848,4.091995489092521,H1,oncology,A0091,08:00,P1,high,2.0,standard_assis,2026-05-18 08:45:00,525,08:45,155,2026-05-18 11:20:00,680,11:20,15,1,25,1.897,5.0,1.897,H1,1.897,1,catchment_near_assigned_hospital,10,observed_user_table,CH Roanne chemotherapy: 30/day.
P283,HOME_P283,46.10813478429962,4.136251714631993,H1,dialysis,A0034,08:00,P1,high,2.0,vsl_required,2026-05-18 08:35:00,515,08:35,240,2026-05-18 12:35:00,755,12:35,15,1,25,9.779,13.97,9.779,H1,9.779,1,catchment_near_assigned_hospital,8,observed_user_table,"CH Roanne dialysis: 53/day. 26 morning, 23 noon, 4 evening."
P284,HOME_P284,46.09856599005405,4.043564111506701,H1,oncology,A0109,08:00,P1,high,2.0,vsl_required,2026-05-18 08:35:00,515,08:35,170,2026-05-18 11:25:00,685,11:25,15,1,25,6.89,9.84,6.89,H1,6.89,1,catchment_near_assigned_hospital,10,observed_user_table,CH Roanne chemotherapy: 30/day.
P285,HOME_P285,46.05541833491354,4.115519945769427,H1,dialysis,A0024,08:00,P1,high,2.0,prescription_medicale,2026-05-18 08:00:00,480,08:00,240,2026-05-18 12:00:00,720,12:00,15,1,25,4.141,5.92,4.141,H1,4.141,1,catchment_near_assigned_hospital,8,observed_user_table,"CH Roanne dialysis: 53/day. 26 morning, 23 noon, 4 evening."
P286,HOME_P286,46.051979457914605,4.099734893246609,H1,dialysis,A0085,17:00,P1,high,2.0,prescription_medicale,2026-05-18 17:45:00,1065,17:45,240,2026-05-18 21:45:00,1305,21:45,15,1,25,2.614,5.0,2.614,H1,2.614,1,catchment_near_assigned_hospital,8,observed_user_table,"CH Roanne dialysis: 53/day. 26 morning, 23 noon, 4 evening."
P287,HOME_P287,46.02590679384967,4.01188499323809,H1,other,A0208,16:00,P2,medium,1.5,prescription_medicale,2026-05-18 16:30:00,990,16:30,60,2026-05-18 17:30:00,1050,17:30,25,1,35,6.995,9.99,6.995,H2,6.142,1,catchment_near_assigned_hospital,12,observed_user_table,CH Roanne other: 49/day.
P288,HOME_P288,46.05650554096176,4.185631699863077,H1,oncology,A0116,11:00,P1,high,2.0,standard_assis,2026-05-18 11:45:00,705,11:45,165,2026-05-18 14:30:00,870,14:30,15,1,25,10.902,15.57,10.902,H1,10.902,1,catchment_near_assigned_hospital,10,observed_user_table,CH Roanne chemotherapy: 30/day.
P289,HOME_P289,46.05786823877081,4.108176385942796,H1,oncology,A0101,08:00,P1,high,2.0,standard_assis,2026-05-18 08:45:00,525,08:45,160,2026-05-18 11:25:00,685,11:25,15,1,25,3.48,5.0,3.48,H1,3.48,1,catchment_near_assigned_hospital,10,observed_user_table,CH Roanne chemotherapy: 30/day.
P290,HOME_P290,46.05308680645324,4.020249854650553,H1,oncology,A0128,11:00,P1,high,2.0,prescription_medicale,2026-05-18 11:30:00,690,11:30,175,2026-05-18 14:25:00,865,14:25,15,1,25,5.059,7.23,5.059,H2,4.795,1,catchment_near_assigned_hospital,10,observed_user_table,CH Roanne chemotherapy: 30/day.
P291,HOME_P291,46.02328287662607,3.9530587359519416,H2,other,A0362,16:30,P2,medium,1.5,prescription_medicale,2026-05-18 17:45:00,1065,17:45,40,2026-05-18 18:25:00,1105,18:25,25,1,35,11.595,16.56,11.595,H2,11.595,1,catchment_near_assigned_hospital,12,assumption_to_validate,Renaison other: assumed 36/day.
P292,HOME_P292,45.996607471654656,4.030693847544483,H1,dialysis,A0025,08:00,P1,high,2.0,vsl_required,2026-05-18 08:55:00,535,08:55,240,2026-05-18 12:55:00,775,12:55,15,1,25,8.862,12.66,8.862,H2,7.752,1,catchment_near_assigned_hospital,8,observed_user_table,"CH Roanne dialysis: 53/day. 26 morning, 23 noon, 4 evening."
P293,HOME_P293,46.030144055568286,4.162924295143945,H2,dialysis,A0270,13:00,P1,high,2.0,prescription_medicale,2026-05-18 13:05:00,785,13:05,250,2026-05-18 17:15:00,1035,17:15,15,1,25,9.336,13.34,9.336,H1,9.281,1,catchment_near_assigned_hospital,8,assumption_to_validate,Renaison dialysis: assumed 30/day.
P294,HOME_P294,46.040479854645724,4.098795178030169,H2,oncology,A0289,08:00,P1,high,2.0,prescription_medicale,2026-05-18 08:10:00,490,08:10,280,2026-05-18 12:50:00,770,12:50,15,1,25,2.983,5.0,2.983,H2,2.983,1,catchment_near_assigned_hospital,10,assumption_to_validate,Renaison oncology: assumed 16/day.
P295,HOME_P295,46.05466679736229,3.9912613877345775,H1,dialysis,A0072,13:00,P1,high,2.0,vsl_required,2026-05-18 13:30:00,810,13:30,240,2026-05-18 17:30:00,1050,17:30,15,1,25,7.858,11.23,7.858,H2,7.583,1,catchment_near_assigned_hospital,8,observed_user_table,"CH Roanne dialysis: 53/day. 26 morning, 23 noon, 4 evening."
P296,HOME_P296,46.038206208942846,4.125225428434683,H3,dialysis,A0371,08:00,P1,high,2.0,vsl_required,2026-05-18 08:30:00,510,08:30,250,2026-05-18 12:40:00,760,12:40,15,1,25,5.574,7.96,5.574,H1,5.484,1,catchment_near_assigned_hospital,8,assumption_to_validate,Third dialysis center: assumed 24/day.
P297,HOME_P297,46.109859838311735,4.117295555316003,H1,dialysis,A0058,13:00,P1,high,2.0,prescription_medicale,2026-05-18 13:35:00,815,13:35,240,2026-05-18 17:35:00,1055,17:35,15,1,25,8.96,12.8,8.96,H1,8.96,1,catchment_near_assigned_hospital,8,observed_user_table,"CH Roanne dialysis: 53/day. 26 morning, 23 noon, 4 evening."
P298,HOME_P298,46.09626072058311,4.141253583983603,H2,other,A0340,10:30,P2,medium,1.5,standard_assis,2026-05-18 10:55:00,655,10:55,40,2026-05-18 11:35:00,695,11:35,25,1,35,9.91,14.16,9.91,H1,8.908,1,catchment_near_assigned_hospital,12,assumption_to_validate,Renaison other: assumed 36/day.
P299,HOME_P299,46.03317365209813,4.183898243180901,H1,external,A0217,09:30,P3,low,1.0,prescription_medicale,2026-05-18 10:50:00,650,10:50,25,2026-05-18 11:15:00,675,11:15,35,0,45,11.087,15.84,11.087,H1,11.087,1,catchment_near_assigned_hospital,18,computed_from_user_table,External visits: 75/day * 15% using fleet.
P300,HOME_P300,46.05936774857883,3.9419555798938104,H2,other,A0311,08:30,P2,medium,1.5,standard_assis,2026-05-18 09:20:00,560,09:20,30,2026-05-18 09:50:00,590,09:50,25,1,35,12.382,17.69,12.382,H2,12.382,1,catchment_near_assigned_hospital,12,assumption_to_validate,Renaison other: assumed 36/day.
P301,HOME_P301,46.06400724410604,3.971513628166686,H1,oncology,A0122,11:00,P1,high,2.0,prescription_medicale,2026-05-18 11:40:00,700,11:40,155,2026-05-18 14:15:00,855,14:15,15,1,25,9.872,14.1,9.872,H3,9.697,1,catchment_near_assigned_hospital,10,observed_user_table,CH Roanne chemotherapy: 30/day.
P302,HOME_P302,45.91252370080063,3.9589298738583207,H1,external,A0224,12:30,P3,low,1.0,prescription_medicale,2026-05-18 12:50:00,770,12:50,25,2026-05-18 13:15:00,795,13:15,35,1,58,22.441,32.06,22.441,H2,21.337,1,catchment_near_assigned_hospital,18,computed_from_user_table,External visits: 75/day * 15% using fleet.
P303,HOME_P303,46.067995409286205,4.065213527558933,H1,dialysis,A0055,13:00,P1,high,2.0,vsl_required,2026-05-18 13:55:00,835,13:55,240,2026-05-18 17:55:00,1075,17:55,15,0,25,2.166,5.0,2.166,H1,2.166,1,catchment_near_assigned_hospital,8,observed_user_table,"CH Roanne dialysis: 53/day. 26 morning, 23 noon, 4 evening."
P304,HOME_P304,46.08870242583163,4.032846412583926,H1,dialysis,A0046,13:00,P1,high,2.0,vsl_required,2026-05-18 13:40:00,820,13:40,240,2026-05-18 17:40:00,1060,17:40,15,1,25,6.244,8.92,6.244,H1,6.244,1,catchment_near_assigned_hospital,8,observed_user_table,"CH Roanne dialysis: 53/day. 26 morning, 23 noon, 4 evening."
P305,HOME_P305,45.983858821325555,4.085444207673153,H3,dialysis,A0366,08:00,P1,high,2.0,prescription_medicale,2026-05-18 08:15:00,495,08:15,245,2026-05-18 12:20:00,740,12:20,15,1,25,9.313,13.3,9.313,H2,8.744,1,catchment_near_assigned_hospital,8,assumption_to_validate,Third dialysis center: assumed 24/day.
P306,HOME_P306,46.02171294061789,4.125232775059099,H2,other,A0349,14:00,P2,medium,1.5,standard_assis,2026-05-18 15:00:00,900,15:00,40,2026-05-18 15:40:00,940,15:40,25,1,35,6.385,9.12,6.385,H2,6.385,1,catchment_near_assigned_hospital,12,assumption_to_validate,Renaison other: assumed 36/day.
P307,HOME_P307,46.113355503931416,4.097250872891039,H1,other,A0191,14:00,P2,medium,1.5,standard_assis,2026-05-18 15:10:00,910,15:10,115,2026-05-18 17:05:00,1025,17:05,25,1,35,8.676,12.39,8.676,H1,8.676,1,catchment_near_assigned_hospital,12,observed_user_table,CH Roanne other: 49/day.
P308,HOME_P308,46.02952083404703,4.032256186418125,H2,other,A0324,08:30,P2,medium,1.5,prescription_medicale,2026-05-18 09:45:00,585,09:45,35,2026-05-18 10:20:00,620,10:20,25,1,35,4.182,5.97,4.182,H2,4.182,1,catchment_near_assigned_hospital,12,assumption_to_validate,Renaison other: assumed 36/day.
P309,HOME_P309,45.978424617434094,4.142789127796664,H1,other,A0184,10:30,P2,medium,1.5,vsl_required,2026-05-18 11:50:00,710,11:50,120,2026-05-18 13:50:00,830,13:50,25,1,35,12.413,17.73,12.413,H2,11.767,1,catchment_near_assigned_hospital,12,observed_user_table,CH Roanne other: 49/day.
P310,HOME_P310,45.973294638146854,4.160871971438957,H2,other,A0322,08:30,P2,medium,1.5,prescription_medicale,2026-05-18 09:15:00,555,09:15,40,2026-05-18 09:55:00,595,09:55,25,1,35,13.427,19.18,13.427,H2,13.427,1,catchment_near_assigned_hospital,12,assumption_to_validate,Renaison other: assumed 36/day.
P311,HOME_P311,46.06297660625729,4.084995165787474,H1,other,A0165,10:30,P2,medium,1.5,vsl_required,2026-05-18 10:50:00,650,10:50,75,2026-05-18 12:05:00,725,12:05,25,1,35,1.793,5.0,1.793,H1,1.793,1,catchment_near_assigned_hospital,12,observed_user_table,CH Roanne other: 49/day.
P312,HOME_P312,46.00689140263553,3.961635854812135,H1,oncology,A0115,11:00,P1,high,2.0,prescription_medicale,2026-05-18 11:55:00,715,11:55,170,2026-05-18 14:45:00,885,14:45,15,1,25,12.509,17.87,12.509,H2,11.664,1,catchment_near_assigned_hospital,10,observed_user_table,CH Roanne chemotherapy: 30/day.
P313,HOME_P313,46.1062654169291,4.085210347117619,H2,dialysis,A0253,08:00,P1,high,2.0,prescription_medicale,2026-05-18 08:00:00,480,08:00,270,2026-05-18 12:30:00,750,12:30,15,1,25,8.566,12.24,8.566,H1,7.46,1,catchment_near_assigned_hospital,8,assumption_to_validate,Renaison dialysis: assumed 30/day.
P314,HOME_P314,46.102613840802135,4.061271018347364,H2,other,A0353,14:00,P2,medium,1.5,prescription_medicale,2026-05-18 14:35:00,875,14:35,35,2026-05-18 15:10:00,910,15:10,25,1,35,7.944,11.35,7.944,H1,6.942,1,catchment_near_assigned_hospital,12,assumption_to_validate,Renaison other: assumed 36/day.
P315,HOME_P315,46.067710705354656,3.9736586224192414,H2,dialysis,A0245,08:00,P1,high,2.0,vsl_required,2026-05-18 08:50:00,530,08:50,225,2026-05-18 12:35:00,755,12:35,15,1,25,9.673,13.82,9.673,H3,9.613,1,catchment_near_assigned_hospital,8,assumption_to_validate,Renaison dialysis: assumed 30/day.
P316,HOME_P316,46.02041255739903,3.9866016046292154,H2,dialysis,A0249,08:00,P1,high,2.0,vsl_required,2026-05-18 08:50:00,530,08:50,210,2026-05-18 12:20:00,740,12:20,15,1,25,8.676,12.39,8.676,H2,8.676,1,catchment_near_assigned_hospital,8,assumption_to_validate,Renaison dialysis: assumed 30/day.
P317,HOME_P317,46.07743370641039,4.012742660397887,H1,other,A0181,10:30,P2,medium,1.5,standard_assis,2026-05-18 10:45:00,645,10:45,65,2026-05-18 11:50:00,710,11:50,25,0,35,6.685,9.55,6.685,H1,6.685,1,catchment_near_assigned_hospital,12,observed_user_table,CH Roanne other: 49/day.
P318,HOME_P318,45.94432192590671,4.242500550860051,H1,external,A0216,09:30,P3,low,1.0,standard_assis,2026-05-18 10:30:00,630,10:30,25,2026-05-18 10:55:00,655,10:55,35,1,58,22.321,31.89,22.321,H2,21.906,1,catchment_near_assigned_hospital,18,computed_from_user_table,External visits: 75/day * 15% using fleet.
P319,HOME_P319,46.06985975668972,4.2141781502381495,H2,other,A0321,08:30,P2,medium,1.5,standard_assis,2026-05-18 08:30:00,510,08:30,30,2026-05-18 09:00:00,540,09:00,25,1,35,14.419,20.6,14.419,H1,13.838,1,catchment_near_assigned_hospital,12,assumption_to_validate,Renaison other: assumed 36/day.
P320,HOME_P320,46.02089776773913,3.9899789187000336,H1,dialysis,A0057,13:00,P1,high,2.0,vsl_required,2026-05-18 13:20:00,800,13:20,240,2026-05-18 17:20:00,1040,17:20,15,1,25,9.165,13.09,9.165,H2,8.351,1,catchment_near_assigned_hospital,8,observed_user_table,"CH Roanne dialysis: 53/day. 26 morning, 23 noon, 4 evening."
P321,HOME_P321,46.09433180968323,4.0110699033261925,H1,dialysis,A0028,08:00,P1,high,2.0,vsl_required,2026-05-18 08:35:00,515,08:35,240,2026-05-18 12:35:00,755,12:35,15,1,25,8.237,11.77,8.237,H1,8.237,1,catchment_near_assigned_hospital,8,observed_user_table,"CH Roanne dialysis: 53/day. 26 morning, 23 noon, 4 evening."
P322,HOME_P322,46.003212821316026,4.066823199009207,H3,dialysis,A0398,13:00,P1,high,2.0,prescription_medicale,2026-05-18 13:05:00,785,13:05,255,2026-05-18 17:20:00,1040,17:20,15,1,25,6.51,9.3,6.51,H2,5.909,1,catchment_near_assigned_hospital,8,assumption_to_validate,Third dialysis center: assumed 24/day.
P323,HOME_P323,46.116379510246254,4.075145164529039,H1,dialysis,A0065,13:00,P1,high,2.0,vsl_required,2026-05-18 13:10:00,790,13:10,240,2026-05-18 17:10:00,1030,17:10,15,1,25,8.771,12.53,8.771,H1,8.771,1,catchment_near_assigned_hospital,8,observed_user_table,"CH Roanne dialysis: 53/day. 26 morning, 23 noon, 4 evening."
P324,HOME_P324,46.09920317545136,4.006455445153571,H2,other,A0327,10:30,P2,medium,1.5,standard_assis,2026-05-18 10:45:00,645,10:45,40,2026-05-18 11:25:00,685,11:25,25,1,35,9.563,13.66,9.563,H1,9.028,1,catchment_near_assigned_hospital,12,assumption_to_validate,Renaison other: assumed 36/day.
P325,HOME_P325,46.04672688720616,4.020759804368238,H2,dialysis,A0261,13:00,P1,high,2.0,vsl_required,2026-05-18 13:40:00,820,13:40,250,2026-05-18 17:50:00,1070,17:50,15,1,25,4.637,6.62,4.637,H2,4.637,1,catchment_near_assigned_hospital,8,assumption_to_validate,Renaison dialysis: assumed 30/day.
P326,HOME_P326,46.04891938348027,3.9477605498201402,H1,other,A0197,14:00,P2,medium,1.5,premium,2026-05-18 14:45:00,885,14:45,95,2026-05-18 16:20:00,980,16:20,25,1,35,12.068,17.24,12.068,H2,11.685,1,catchment_near_assigned_hospital,12,observed_user_table,CH Roanne other: 49/day.
P327,HOME_P327,46.11607659528948,3.9563910526140518,H2,other,A0346,14:00,P2,medium,1.5,standard_assis,2026-05-18 14:10:00,850,14:10,40,2026-05-18 14:50:00,890,14:50,25,1,35,14.599,20.86,14.599,H1,14.208,1,catchment_near_assigned_hospital,12,assumption_to_validate,Renaison other: assumed 36/day.
P328,HOME_P328,46.06937711775575,4.1263293938755865,H3,dialysis,A0385,13:00,P1,high,2.0,vsl_required,2026-05-18 13:20:00,800,13:20,250,2026-05-18 17:30:00,1050,17:30,15,1,25,6.064,8.66,6.064,H1,5.634,1,catchment_near_assigned_hospital,8,assumption_to_validate,Third dialysis center: assumed 24/day.
P329,HOME_P329,46.010947611432954,4.151415558556886,H1,other,A0212,16:00,P2,medium,1.5,standard_assis,2026-05-18 17:10:00,1030,17:10,70,2026-05-18 18:20:00,1100,18:20,25,1,35,9.61,13.73,9.61,H2,9.322,1,catchment_near_assigned_hospital,12,observed_user_table,CH Roanne other: 49/day.
P330,HOME_P330,45.98974941308209,4.0061991462740325,H2,dialysis,A0262,13:00,P1,high,2.0,vsl_required,2026-05-18 13:10:00,790,13:10,255,2026-05-18 17:25:00,1045,17:25,15,1,25,9.848,14.07,9.848,H2,9.848,1,catchment_near_assigned_hospital,8,assumption_to_validate,Renaison dialysis: assumed 30/day.
P331,HOME_P331,46.04277076087396,4.049995583047876,H1,dialysis,A0020,08:00,P1,high,2.0,vsl_required,2026-05-18 08:20:00,500,08:20,240,2026-05-18 12:20:00,740,12:20,15,1,25,2.634,5.0,2.634,H2,1.859,1,catchment_near_assigned_hospital,8,observed_user_table,"CH Roanne dialysis: 53/day. 26 morning, 23 noon, 4 evening."
P332,HOME_P332,46.07144554543968,4.020193538160695,H1,dialysis,A0006,08:00,P1,high,2.0,vsl_required,2026-05-18 08:30:00,510,08:30,240,2026-05-18 12:30:00,750,12:30,15,1,25,5.657,8.08,5.657,H3,5.653,1,catchment_near_assigned_hospital,8,observed_user_table,"CH Roanne dialysis: 53/day. 26 morning, 23 noon, 4 evening."
P333,HOME_P333,46.059526866841644,4.092110889413778,H3,dialysis,A0380,08:00,P1,high,2.0,vsl_required,2026-05-18 08:10:00,490,08:10,270,2026-05-18 12:40:00,760,12:40,15,1,25,2.51,5.0,2.51,H1,2.063,1,catchment_near_assigned_hospital,8,assumption_to_validate,Third dialysis center: assumed 24/day.
P334,HOME_P334,46.052102662665355,4.071814760057126,H1,dialysis,A0048,13:00,P1,high,2.0,vsl_required,2026-05-18 13:10:00,790,13:10,240,2026-05-18 17:10:00,1030,17:10,15,1,25,0.187,5.0,0.187,H1,0.187,1,catchment_near_assigned_hospital,8,observed_user_table,"CH Roanne dialysis: 53/day. 26 morning, 23 noon, 4 evening."
P335,HOME_P335,46.04420344589721,4.065904385085247,H1,other,A0174,10:30,P2,medium,1.5,standard_assis,2026-05-18 11:15:00,675,11:15,65,2026-05-18 12:20:00,740,12:20,25,0,35,1.424,5.0,1.424,H2,0.348,1,catchment_near_assigned_hospital,12,observed_user_table,CH Roanne other: 49/day.
P336,HOME_P336,45.98995250858782,4.003239328434935,H1,oncology,A0092,08:00,P1,high,2.0,vsl_required,2026-05-18 08:05:00,485,08:05,165,2026-05-18 10:50:00,650,10:50,15,1,25,11.067,15.81,11.067,H2,10.004,1,catchment_near_assigned_hospital,10,observed_user_table,CH Roanne chemotherapy: 30/day.
P337,HOME_P337,46.048548392160285,4.089266819546715,H2,dialysis,A0275,13:00,P1,high,2.0,vsl_required,2026-05-18 13:35:00,815,13:35,220,2026-05-18 17:15:00,1035,17:15,15,1,25,2.014,5.0,2.014,H1,1.729,1,catchment_near_assigned_hospital,8,assumption_to_validate,Renaison dialysis: assumed 30/day.
P338,HOME_P338,46.02826777506378,3.989144257950337,H3,dialysis,A0392,13:00,P1,high,2.0,prescription_medicale,2026-05-18 13:15:00,795,13:15,255,2026-05-18 17:30:00,1050,17:30,15,1,25,8.366,11.95,8.366,H2,8.059,1,catchment_near_assigned_hospital,8,assumption_to_validate,Third dialysis center: assumed 24/day.
P339,HOME_P339,46.04352968935389,4.15261424633803,H3,dialysis,A0365,08:00,P1,high,2.0,vsl_required,2026-05-18 08:15:00,495,08:15,240,2026-05-18 12:15:00,735,12:15,15,1,25,8.02,11.46,8.02,H1,7.828,1,catchment_near_assigned_hospital,8,assumption_to_validate,Third dialysis center: assumed 24/day.
P340,HOME_P340,46.027669590985965,4.144150703946936,H3,dialysis,A0368,08:00,P1,high,2.0,prescription_medicale,2026-05-18 08:00:00,480,08:00,235,2026-05-18 11:55:00,715,11:55,15,1,25,7.799,11.14,7.799,H2,7.69,1,catchment_near_assigned_hospital,8,assumption_to_validate,Third dialysis center: assumed 24/day.
P341,HOME_P341,46.09081307361353,4.008049956823057,H1,other,A0195,14:00,P2,medium,1.5,prescription_medicale,2026-05-18 15:25:00,925,15:25,115,2026-05-18 17:20:00,1040,17:20,25,1,35,8.127,11.61,8.127,H1,8.127,1,catchment_near_assigned_hospital,12,observed_user_table,CH Roanne other: 49/day.
P342,HOME_P342,46.07899970369028,4.187067424859598,H1,other,A0182,10:30,P2,medium,1.5,vsl_required,2026-05-18 10:55:00,655,10:55,60,2026-05-18 11:55:00,715,11:55,25,1,35,11.593,16.56,11.593,H1,11.593,1,catchment_near_assigned_hospital,12,observed_user_table,CH Roanne other: 49/day.
P343,HOME_P343,46.06971136036992,4.19250742573073,H1,oncology,A0090,08:00,P1,high,2.0,vsl_required,2026-05-18 08:10:00,490,08:10,165,2026-05-18 10:55:00,655,10:55,15,1,25,11.778,16.83,11.778,H1,11.778,1,catchment_near_assigned_hospital,10,observed_user_table,CH Roanne chemotherapy: 30/day.
P344,HOME_P344,46.0556536954827,4.0190001751844635,H2,other,A0316,08:30,P2,medium,1.5,standard_assis,2026-05-18 09:45:00,585,09:45,40,2026-05-18 10:25:00,625,10:25,25,1,35,4.999,7.14,4.999,H3,4.982,1,catchment_near_assigned_hospital,12,assumption_to_validate,Renaison other: assumed 36/day.
P345,HOME_P345,46.05268963545382,4.038654943055549,H3,dialysis,A0384,13:00,P1,high,2.0,prescription_medicale,2026-05-18 13:05:00,785,13:05,260,2026-05-18 17:25:00,1045,17:25,15,1,25,3.047,5.0,3.047,H3,3.047,1,catchment_near_assigned_hospital,8,assumption_to_validate,Third dialysis center: assumed 24/day.
P346,HOME_P346,46.00518136507736,3.8969820907420716,H1,external,A0225,13:30,P3,low,1.0,prescription_medicale,2026-05-18 14:00:00,840,14:00,20,2026-05-18 14:20:00,860,14:20,35,1,47,18.228,26.04,18.228,H2,17.512,1,catchment_near_assigned_hospital,18,computed_from_user_table,External visits: 75/day * 15% using fleet.
P347,HOME_P347,46.019898493616694,3.9560116935726506,H1,oncology,A0087,08:00,P1,high,2.0,prescription_medicale,2026-05-18 08:50:00,530,08:50,160,2026-05-18 11:30:00,690,11:30,15,1,25,12.179,17.4,12.179,H2,11.459,1,catchment_near_assigned_hospital,10,observed_user_table,CH Roanne chemotherapy: 30/day.
P348,HOME_P348,46.084428136475815,4.0886391820555135,H1,dialysis,A0001,08:00,P1,high,2.0,vsl_required,2026-05-18 08:45:00,525,08:45,240,2026-05-18 12:45:00,765,12:45,15,1,25,4.592,6.56,4.592,H1,4.592,1,catchment_near_assigned_hospital,8,observed_user_table,"CH Roanne dialysis: 53/day. 26 morning, 23 noon, 4 evening."
P349,HOME_P349,46.02769887351522,4.094956529057613,H1,dialysis,A0030,08:00,P1,high,2.0,vsl_required,2026-05-18 08:55:00,535,08:55,240,2026-05-18 12:55:00,775,12:55,15,1,25,4.156,5.94,4.156,H2,3.554,1,catchment_near_assigned_hospital,8,observed_user_table,"CH Roanne dialysis: 53/day. 26 morning, 23 noon, 4 evening."
P350,HOME_P350,46.09330889669459,4.099252381537033,H1,dialysis,A0004,08:00,P1,high,2.0,vsl_required,2026-05-18 08:40:00,520,08:40,240,2026-05-18 12:40:00,760,12:40,15,1,25,6.122,8.75,6.122,H1,6.122,1,catchment_near_assigned_hospital,8,observed_user_table,"CH Roanne dialysis: 53/day. 26 morning, 23 noon, 4 evening."
P351,HOME_P351,45.99739976871323,4.0486123716880345,H1,other,A0175,10:30,P2,medium,1.5,standard_assis,2026-05-18 10:40:00,640,10:40,105,2026-05-18 12:25:00,745,12:25,25,0,35,8.11,11.59,8.11,H2,6.99,1,catchment_near_assigned_hospital,12,observed_user_table,CH Roanne other: 49/day.
P352,HOME_P352,46.05227641267825,4.095680648893785,H3,dialysis,A0394,13:00,P1,high,2.0,prescription_medicale,2026-05-18 13:00:00,780,13:00,210,2026-05-18 16:30:00,990,16:30,15,1,25,2.497,5.0,2.497,H1,2.221,1,catchment_near_assigned_hospital,8,assumption_to_validate,Third dialysis center: assumed 24/day.
P353,HOME_P353,46.072043257909336,4.102380055691308,H1,oncology,A0119,11:00,P1,high,2.0,vsl_required,2026-05-18 11:55:00,715,11:55,160,2026-05-18 14:35:00,875,14:35,15,1,25,3.87,5.53,3.87,H1,3.87,1,catchment_near_assigned_hospital,10,observed_user_table,CH Roanne chemotherapy: 30/day.
P354,HOME_P354,45.996451503093645,3.9834183186867,H1,other,A0156,08:30,P2,medium,1.5,standard_assis,2026-05-18 09:45:00,585,09:45,75,2026-05-18 11:00:00,660,11:00,25,1,35,11.691,16.7,11.691,H2,10.713,1,catchment_near_assigned_hospital,12,observed_user_table,CH Roanne other: 49/day.
P355,HOME_P355,46.117696242079774,4.071904278352067,H2,dialysis,A0246,08:00,P1,high,2.0,vsl_required,2026-05-18 08:05:00,485,08:05,250,2026-05-18 12:15:00,735,12:15,15,1,25,10.011,14.3,10.011,H1,8.951,1,catchment_near_assigned_hospital,8,assumption_to_validate,Renaison dialysis: assumed 30/day.
P356,HOME_P356,46.08945791332771,4.054252987201289,H2,dialysis,A0241,08:00,P1,high,2.0,vsl_required,2026-05-18 08:35:00,515,08:35,225,2026-05-18 12:20:00,740,12:20,15,1,25,6.242,8.92,6.242,H1,5.331,1,catchment_near_assigned_hospital,8,assumption_to_validate,Renaison dialysis: assumed 30/day.
P357,HOME_P357,46.00636426889657,4.006978087161214,H1,dialysis,A0050,13:00,P1,high,2.0,prescription_medicale,2026-05-18 13:35:00,815,13:35,240,2026-05-18 17:35:00,1055,17:35,15,1,25,9.099,13.0,9.099,H2,8.093,1,catchment_near_assigned_hospital,8,observed_user_table,"CH Roanne dialysis: 53/day. 26 morning, 23 noon, 4 evening."
P358,HOME_P358,46.02830056841056,3.9416908502191395,H1,other,A0161,08:30,P2,medium,1.5,standard_assis,2026-05-18 09:45:00,585,09:45,90,2026-05-18 11:15:00,675,11:15,25,1,35,13.109,18.73,13.109,H2,12.501,1,catchment_near_assigned_hospital,12,observed_user_table,CH Roanne other: 49/day.
P359,HOME_P359,45.99150108558251,4.0118166252942045,H2,oncology,A0292,08:00,P1,high,2.0,prescription_medicale,2026-05-18 08:10:00,490,08:10,200,2026-05-18 11:30:00,690,11:30,15,1,25,9.327,13.32,9.327,H2,9.327,1,catchment_near_assigned_hospital,10,assumption_to_validate,Renaison oncology: assumed 16/day.
P360,HOME_P360,46.01239312537057,4.033872707113525,H2,other,A0338,10:30,P2,medium,1.5,standard_assis,2026-05-18 11:15:00,675,11:15,30,2026-05-18 11:45:00,705,11:45,25,1,35,5.726,8.18,5.726,H2,5.726,1,catchment_near_assigned_hospital,12,assumption_to_validate,Renaison other: assumed 36/day.
P361,HOME_P361,45.9728343819254,4.064234558854729,H1,other,A0150,08:30,P2,medium,1.5,standard_assis,2026-05-18 08:45:00,525,08:45,70,2026-05-18 09:55:00,595,09:55,25,1,35,11.214,16.02,11.214,H2,10.137,1,catchment_near_assigned_hospital,12,observed_user_table,CH Roanne other: 49/day.
P362,HOME_P362,46.016142695609865,4.031991335473153,H3,dialysis,A0397,13:00,P1,high,2.0,vsl_required,2026-05-18 13:40:00,820,13:40,265,2026-05-18 18:05:00,1085,18:05,15,1,25,5.966,8.52,5.966,H2,5.431,1,catchment_near_assigned_hospital,8,assumption_to_validate,Third dialysis center: assumed 24/day.
P363,HOME_P363,46.034969725695056,4.194320619241762,H2,other,A0342,14:00,P2,medium,1.5,standard_assis,2026-05-18 14:30:00,870,14:30,35,2026-05-18 15:05:00,905,15:05,25,1,35,12.202,17.43,12.202,H1,12.007,1,catchment_near_assigned_hospital,12,assumption_to_validate,Renaison other: assumed 36/day.
P364,HOME_P364,46.07121223904869,4.122605072690438,H1,oncology,A0104,08:00,P1,high,2.0,prescription_medicale,2026-05-18 08:20:00,500,08:20,170,2026-05-18 11:10:00,670,11:10,15,1,25,5.419,7.74,5.419,H1,5.419,1,catchment_near_assigned_hospital,10,observed_user_table,CH Roanne chemotherapy: 30/day.
P365,HOME_P365,46.068452200235036,4.13989912514671,H2,oncology,A0298,13:00,P1,high,2.0,prescription_medicale,2026-05-18 13:50:00,830,13:50,190,2026-05-18 17:00:00,1020,17:00,15,1,25,7.552,10.79,7.552,H1,6.815,1,catchment_near_assigned_hospital,10,assumption_to_validate,Renaison oncology: assumed 16/day.
P366,HOME_P366,46.06881128748191,3.9890293187514345,H1,external,A0215,08:30,P3,low,1.0,standard_assis,2026-05-18 10:25:00,625,10:25,25,2026-05-18 10:50:00,650,10:50,35,1,45,8.353,11.93,8.353,H3,8.236,1,catchment_near_assigned_hospital,18,computed_from_user_table,External visits: 75/day * 15% using fleet.
P367,HOME_P367,46.030485345250696,4.129093463935922,H2,dialysis,A0250,08:00,P1,high,2.0,vsl_required,2026-05-18 08:25:00,505,08:25,230,2026-05-18 12:15:00,735,12:15,15,1,25,6.19,8.84,6.19,H2,6.19,1,catchment_near_assigned_hospital,8,assumption_to_validate,Renaison dialysis: assumed 30/day.
P368,HOME_P368,46.01873177061793,4.048515978761703,H1,other,A0170,10:30,P2,medium,1.5,vsl_required,2026-05-18 10:55:00,655,10:55,105,2026-05-18 12:40:00,760,12:40,25,1,35,5.341,7.63,5.341,H2,4.229,1,catchment_near_assigned_hospital,12,observed_user_table,CH Roanne other: 49/day.
P369,HOME_P369,46.07147711317638,4.117271054584966,H1,oncology,A0103,08:00,P1,high,2.0,prescription_medicale,2026-05-18 08:55:00,535,08:55,170,2026-05-18 11:45:00,705,11:45,15,1,25,4.986,7.12,4.986,H1,4.986,1,catchment_near_assigned_hospital,10,observed_user_table,CH Roanne chemotherapy: 30/day.
P370,HOME_P370,46.03933581114048,4.1357471370200445,H2,dialysis,A0248,08:00,P1,high,2.0,vsl_required,2026-05-18 08:55:00,535,08:55,245,2026-05-18 13:00:00,780,13:00,15,1,25,6.519,9.31,6.519,H1,6.384,1,catchment_near_assigned_hospital,8,assumption_to_validate,Renaison dialysis: assumed 30/day.
P371,HOME_P371,46.072117773042635,4.062265932844635,H1,oncology,A0108,08:00,P1,high,2.0,vsl_required,2026-05-18 08:40:00,520,08:40,180,2026-05-18 11:40:00,700,11:40,15,1,25,2.802,5.0,2.802,H1,2.802,1,catchment_near_assigned_hospital,10,observed_user_table,CH Roanne chemotherapy: 30/day.
P372,HOME_P372,46.12512617626131,4.0648571253067125,H1,dialysis,A0080,17:00,P1,high,2.0,prescription_medicale,2026-05-18 17:45:00,1065,17:45,240,2026-05-18 21:45:00,1305,21:45,15,1,25,10.012,14.3,10.012,H1,10.012,1,catchment_near_assigned_hospital,8,observed_user_table,"CH Roanne dialysis: 53/day. 26 morning, 23 noon, 4 evening."
P373,HOME_P373,46.14586545628812,4.033334475138826,H1,other,A0199,14:00,P2,medium,1.5,vsl_required,2026-05-18 15:15:00,915,15:15,85,2026-05-18 16:40:00,1000,16:40,25,1,35,13.414,19.16,13.414,H1,13.414,1,catchment_near_assigned_hospital,12,observed_user_table,CH Roanne other: 49/day.
P374,HOME_P374,46.07078803955404,4.032893666421961,H1,dialysis,A0026,08:00,P1,high,2.0,prescription_medicale,2026-05-18 08:40:00,520,08:40,240,2026-05-18 12:40:00,760,12:40,15,1,25,4.544,6.49,4.544,H1,4.544,1,catchment_near_assigned_hospital,8,observed_user_table,"CH Roanne dialysis: 53/day. 26 morning, 23 noon, 4 evening."
P375,HOME_P375,46.116146315807164,4.176496859886833,H1,other,A0163,08:30,P2,medium,1.5,standard_assis,2026-05-18 08:55:00,535,08:55,100,2026-05-18 10:35:00,635,10:35,25,1,35,13.283,18.98,13.283,H1,13.283,1,catchment_near_assigned_hospital,12,observed_user_table,CH Roanne other: 49/day.
P376,HOME_P376,46.03500241109251,4.118010146796374,H3,dialysis,A0373,08:00,P1,high,2.0,vsl_required,2026-05-18 08:55:00,535,08:55,220,2026-05-18 12:35:00,755,12:35,15,1,25,5.079,7.26,5.079,H2,4.975,1,catchment_near_assigned_hospital,8,assumption_to_validate,Third dialysis center: assumed 24/day.
P377,HOME_P377,46.05090534109352,4.05634651804824,H1,dialysis,A0043,13:00,P1,high,2.0,vsl_required,2026-05-18 13:50:00,830,13:50,240,2026-05-18 17:50:00,1070,17:50,15,1,25,1.612,5.0,1.612,H3,1.323,1,catchment_near_assigned_hospital,8,observed_user_table,"CH Roanne dialysis: 53/day. 26 morning, 23 noon, 4 evening."
P378,HOME_P378,46.06726977559951,4.17013892311915,H1,dialysis,A0022,08:00,P1,high,2.0,prescription_medicale,2026-05-18 08:40:00,520,08:40,240,2026-05-18 12:40:00,760,12:40,15,1,25,9.596,13.71,9.596,H1,9.596,1,catchment_near_assigned_hospital,8,observed_user_table,"CH Roanne dialysis: 53/day. 26 morning, 23 noon, 4 evening."
P379,HOME_P379,46.03093421998994,3.9976717346522657,H1,dialysis,A0032,08:00,P1,high,2.0,vsl_required,2026-05-18 08:05:00,485,08:05,240,2026-05-18 12:05:00,725,12:05,15,1,25,7.878,11.25,7.878,H2,7.163,1,catchment_near_assigned_hospital,8,observed_user_table,"CH Roanne dialysis: 53/day. 26 morning, 23 noon, 4 evening."
P380,HOME_P380,46.08770305644057,4.04700620475214,H2,dialysis,A0251,08:00,P1,high,2.0,prescription_medicale,2026-05-18 08:30:00,510,08:30,215,2026-05-18 12:05:00,725,12:05,15,1,25,6.205,8.86,6.205,H1,5.386,1,catchment_near_assigned_hospital,8,assumption_to_validate,Renaison dialysis: assumed 30/day.
P381,HOME_P381,46.067753114782896,4.042111705467102,H1,dialysis,A0040,08:00,P1,high,2.0,vsl_required,2026-05-18 08:55:00,535,08:55,240,2026-05-18 12:55:00,775,12:55,15,1,25,3.569,5.1,3.569,H1,3.569,1,catchment_near_assigned_hospital,8,observed_user_table,"CH Roanne dialysis: 53/day. 26 morning, 23 noon, 4 evening."
P382,HOME_P382,46.022029810066655,4.108484766965961,H2,other,A0356,16:30,P2,medium,1.5,standard_assis,2026-05-18 16:55:00,1015,16:55,25,2026-05-18 17:20:00,1040,17:20,25,0,35,5.049,7.21,5.049,H2,5.049,1,catchment_near_assigned_hospital,12,assumption_to_validate,Renaison other: assumed 36/day.
P383,HOME_P383,46.00912126624095,4.212804739195436,H2,other,A0307,08:30,P2,medium,1.5,standard_assis,2026-05-18 09:35:00,575,09:35,40,2026-05-18 10:15:00,615,10:15,25,1,35,14.798,21.14,14.798,H2,14.798,1,catchment_near_assigned_hospital,12,assumption_to_validate,Renaison other: assumed 36/day.
P384,HOME_P384,45.98613665781135,4.066337488540488,H1,oncology,A0126,11:00,P1,high,2.0,vsl_required,2026-05-18 11:00:00,660,11:00,175,2026-05-18 13:55:00,835,13:55,15,1,25,9.355,13.36,9.355,H2,8.282,1,catchment_near_assigned_hospital,10,observed_user_table,CH Roanne chemotherapy: 30/day.
P385,HOME_P385,46.09979526090861,4.098973000037829,H1,dialysis,A0054,13:00,P1,high,2.0,vsl_required,2026-05-18 13:20:00,800,13:20,240,2026-05-18 17:20:00,1040,17:20,15,1,25,6.941,9.92,6.941,H1,6.941,1,catchment_near_assigned_hospital,8,observed_user_table,"CH Roanne dialysis: 53/day. 26 morning, 23 noon, 4 evening."
P386,HOME_P386,46.01242634332328,4.102891735107679,H3,dialysis,A0393,13:00,P1,high,2.0,prescription_medicale,2026-05-18 13:25:00,805,13:25,240,2026-05-18 17:25:00,1045,17:25,15,1,25,6.111,8.73,6.111,H2,5.676,1,catchment_near_assigned_hospital,8,assumption_to_validate,Third dialysis center: assumed 24/day.
P387,HOME_P387,46.069926451722765,4.068638017031265,H1,oncology,A0095,08:00,P1,high,2.0,vsl_required,2026-05-18 08:10:00,490,08:10,150,2026-05-18 10:40:00,640,10:40,15,1,25,2.344,5.0,2.344,H1,2.344,1,catchment_near_assigned_hospital,10,observed_user_table,CH Roanne chemotherapy: 30/day.
P388,HOME_P388,46.04841125900024,4.131519735504843,H2,other,A0331,10:30,P2,medium,1.5,standard_assis,2026-05-18 11:15:00,675,11:15,40,2026-05-18 11:55:00,715,11:55,25,1,35,6.062,8.66,6.062,H1,5.715,1,catchment_near_assigned_hospital,12,assumption_to_validate,Renaison other: assumed 36/day.
P389,HOME_P389,45.9915479946848,4.092398963656316,H1,dialysis,A0041,08:00,P1,high,2.0,vsl_required,2026-05-18 08:15:00,495,08:15,240,2026-05-18 12:15:00,735,12:15,15,1,25,8.791,12.56,8.791,H2,7.864,1,catchment_near_assigned_hospital,8,observed_user_table,"CH Roanne dialysis: 53/day. 26 morning, 23 noon, 4 evening."
P390,HOME_P390,45.998965051090494,3.938543570915032,H1,other,A0164,08:30,P2,medium,1.5,standard_assis,2026-05-18 09:40:00,580,09:40,115,2026-05-18 11:35:00,695,11:35,25,1,35,14.989,21.41,14.989,H2,14.151,1,catchment_near_assigned_hospital,12,observed_user_table,CH Roanne other: 49/day.
P391,HOME_P391,46.06737835015635,3.990767805992173,H2,oncology,A0288,08:00,P1,high,2.0,vsl_required,2026-05-18 08:35:00,515,08:35,225,2026-05-18 12:20:00,740,12:20,15,1,25,8.107,11.58,8.107,H3,8.015,1,catchment_near_assigned_hospital,10,assumption_to_validate,Renaison oncology: assumed 16/day.
P392,HOME_P392,46.017703243379884,4.005586426975666,H2,dialysis,A0268,13:00,P1,high,2.0,vsl_required,2026-05-18 13:55:00,835,13:55,270,2026-05-18 18:25:00,1105,18:25,15,1,25,7.235,10.34,7.235,H2,7.235,1,catchment_near_assigned_hospital,8,assumption_to_validate,Renaison dialysis: assumed 30/day.
P393,HOME_P393,46.07685137258589,4.087055951663866,H1,dialysis,A0038,08:00,P1,high,2.0,prescription_medicale,2026-05-18 08:00:00,480,08:00,240,2026-05-18 12:00:00,720,12:00,15,1,25,3.554,5.08,3.554,H1,3.554,1,catchment_near_assigned_hospital,8,observed_user_table,"CH Roanne dialysis: 53/day. 26 morning, 23 noon, 4 evening."
P394,HOME_P394,45.95314716771581,4.082047797437999,H1,other,A0157,08:30,P2,medium,1.5,standard_assis,2026-05-18 09:55:00,595,09:55,90,2026-05-18 11:25:00,685,11:25,25,0,35,13.95,19.93,13.95,H2,12.928,1,catchment_near_assigned_hospital,12,observed_user_table,CH Roanne other: 49/day.
P395,HOME_P395,46.07479643765133,4.100311822465614,H2,dialysis,A0266,13:00,P1,high,2.0,vsl_required,2026-05-18 13:05:00,785,13:05,215,2026-05-18 16:40:00,1000,16:40,15,1,25,5.059,7.23,5.059,H1,4.002,1,catchment_near_assigned_hospital,8,assumption_to_validate,Renaison dialysis: assumed 30/day.
P396,HOME_P396,45.982527748702,4.068653956804197,H1,oncology,A0133,14:00,P1,high,2.0,vsl_required,2026-05-18 14:35:00,875,14:35,175,2026-05-18 17:30:00,1050,17:30,15,1,25,9.845,14.06,9.845,H2,8.781,1,catchment_near_assigned_hospital,10,observed_user_table,CH Roanne chemotherapy: 30/day.
P397,HOME_P397,46.093714929340614,4.161566806976237,H2,other,A0319,08:30,P2,medium,1.5,standard_assis,2026-05-18 09:15:00,555,09:15,35,2026-05-18 09:50:00,590,09:50,25,1,35,11.161,15.94,11.161,H1,10.246,1,catchment_near_assigned_hospital,12,assumption_to_validate,Renaison other: assumed 36/day.
P398,HOME_P398,46.00574083371613,4.035806147373683,H1,other,A0202,14:00,P2,medium,1.5,standard_assis,2026-05-18 14:55:00,895,14:55,60,2026-05-18 15:55:00,955,15:55,25,1,35,7.508,10.73,7.508,H2,6.402,1,catchment_near_assigned_hospital,12,observed_user_table,CH Roanne other: 49/day.
P399,HOME_P399,46.02788804556145,4.089617601975386,H1,other,A0138,08:30,P2,medium,1.5,standard_assis,2026-05-18 09:00:00,540,09:00,75,2026-05-18 10:15:00,615,10:15,25,1,35,3.891,5.56,3.891,H2,3.188,1,catchment_near_assigned_hospital,12,observed_user_table,CH Roanne other: 49/day.
P400,HOME_P400,46.03889913722367,4.128846214684291,H2,other,A0348,14:00,P2,medium,1.5,prescription_medicale,2026-05-18 15:00:00,900,15:00,35,2026-05-18 15:35:00,935,15:35,25,1,35,5.87,8.39,5.87,H1,5.775,1,catchment_near_assigned_hospital,12,assumption_to_validate,Renaison other: assumed 36/day.
