request_id,patient_id,trip_type,hospital_id,activity_type,vehicle_id,vehicle_type,requirement,compatible
R0001,P1,outbound,H1,other,V1,taxi_conventionne,standard_assis,1
R0001,P1,outbound,H1,other,V2,taxi_conventionne,standard_assis,1
R0001,P1,outbound,H1,other,V3,taxi_conventionne,standard_assis,1
R0001,P1,outbound,H1,other,V4,taxi_conventionne,standard_assis,1
R0001,P1,outbound,H1,other,V5,taxi_conventionne,standard_assis,1
R0001,P1,outbound,H1,other,V6,taxi_conventionne,standard_assis,1
R0001,P1,outbound,H1,other,V7,taxi_conventionne,standard_assis,1
R0001,P1,outbound,H1,other,V8,taxi_conventionne,standard_assis,1
R0001,P1,outbound,H1,other,V9,taxi_conventionne,standard_assis,1
R0001,P1,outbound,H1,other,V10,taxi_conventionne,standard_assis,1
R0001,P1,outbound,H1,other,V11,vsl,standard_assis,1
R0001,P1,outbound,H1,other,V12,vsl,standard_assis,1
R0001,P1,outbound,H1,other,V13,vsl,standard_assis,1
R0001,P1,outbound,H1,other,V14,vsl,standard_assis,1
R0001,P1,outbound,H1,other,V15,vsl,standard_assis,1
R0001,P1,outbound,H1,other,V16,vsl,standard_assis,1
R0001,P1,outbound,H1,other,V17,vsl,standard_assis,1
R0001,P1,outbound,H1,other,V18,vtc_premium,standard_assis,1
R0001,P1,outbound,H1,other,V19,vtc_premium,standard_assis,1
R0001,P1,outbound,H1,other,V20,vtc_premium,standard_assis,1
R0002,P1,return,H1,other,V1,taxi_conventionne,standard_assis,1
R0002,P1,return,H1,other,V2,taxi_conventionne,standard_assis,1
R0002,P1,return,H1,other,V3,taxi_conventionne,standard_assis,1
R0002,P1,return,H1,other,V4,taxi_conventionne,standard_assis,1
R0002,P1,return,H1,other,V5,taxi_conventionne,standard_assis,1
R0002,P1,return,H1,other,V6,taxi_conventionne,standard_assis,1
R0002,P1,return,H1,other,V7,taxi_conventionne,standard_assis,1
R0002,P1,return,H1,other,V8,taxi_conventionne,standard_assis,1
R0002,P1,return,H1,other,V9,taxi_conventionne,standard_assis,1
R0002,P1,return,H1,other,V10,taxi_conventionne,standard_assis,1
R0002,P1,return,H1,other,V11,vsl,standard_assis,1
R0002,P1,return,H1,other,V12,vsl,standard_assis,1
R0002,P1,return,H1,other,V13,vsl,standard_assis,1
R0002,P1,return,H1,other,V14,vsl,standard_assis,1
R0002,P1,return,H1,other,V15,vsl,standard_assis,1
R0002,P1,return,H1,other,V16,vsl,standard_assis,1
R0002,P1,return,H1,other,V17,vsl,standard_assis,1
R0002,P1,return,H1,other,V18,vtc_premium,standard_assis,1
R0002,P1,return,H1,other,V19,vtc_premium,standard_assis,1
R0002,P1,return,H1,other,V20,vtc_premium,standard_assis,1
R0003,P2,outbound,H2,dialysis,V1,taxi_conventionne,vsl_required,0
R0003,P2,outbound,H2,dialysis,V2,taxi_conventionne,vsl_required,0
R0003,P2,outbound,H2,dialysis,V3,taxi_conventionne,vsl_required,0
R0003,P2,outbound,H2,dialysis,V4,taxi_conventionne,vsl_required,0
R0003,P2,outbound,H2,dialysis,V5,taxi_conventionne,vsl_required,0
R0003,P2,outbound,H2,dialysis,V6,taxi_conventionne,vsl_required,0
R0003,P2,outbound,H2,dialysis,V7,taxi_conventionne,vsl_required,0
R0003,P2,outbound,H2,dialysis,V8,taxi_conventionne,vsl_required,0
R0003,P2,outbound,H2,dialysis,V9,taxi_conventionne,vsl_required,0
R0003,P2,outbound,H2,dialysis,V10,taxi_conventionne,vsl_required,0
R0003,P2,outbound,H2,dialysis,V11,vsl,vsl_required,1
R0003,P2,outbound,H2,dialysis,V12,vsl,vsl_required,1
R0003,P2,outbound,H2,dialysis,V13,vsl,vsl_required,1
R0003,P2,outbound,H2,dialysis,V14,vsl,vsl_required,1
R0003,P2,outbound,H2,dialysis,V15,vsl,vsl_required,1
R0003,P2,outbound,H2,dialysis,V16,vsl,vsl_required,1
R0003,P2,outbound,H2,dialysis,V17,vsl,vsl_required,1
R0003,P2,outbound,H2,dialysis,V18,vtc_premium,vsl_required,0
R0003,P2,outbound,H2,dialysis,V19,vtc_premium,vsl_required,0
R0003,P2,outbound,H2,dialysis,V20,vtc_premium,vsl_required,0
R0004,P2,return,H2,dialysis,V1,taxi_conventionne,vsl_required,0
R0004,P2,return,H2,dialysis,V2,taxi_conventionne,vsl_required,0
R0004,P2,return,H2,dialysis,V3,taxi_conventionne,vsl_required,0
R0004,P2,return,H2,dialysis,V4,taxi_conventionne,vsl_required,0
R0004,P2,return,H2,dialysis,V5,taxi_conventionne,vsl_required,0
R0004,P2,return,H2,dialysis,V6,taxi_conventionne,vsl_required,0
R0004,P2,return,H2,dialysis,V7,taxi_conventionne,vsl_required,0
R0004,P2,return,H2,dialysis,V8,taxi_conventionne,vsl_required,0
R0004,P2,return,H2,dialysis,V9,taxi_conventionne,vsl_required,0
R0004,P2,return,H2,dialysis,V10,taxi_conventionne,vsl_required,0
R0004,P2,return,H2,dialysis,V11,vsl,vsl_required,1
R0004,P2,return,H2,dialysis,V12,vsl,vsl_required,1
R0004,P2,return,H2,dialysis,V13,vsl,vsl_required,1
R0004,P2,return,H2,dialysis,V14,vsl,vsl_required,1
R0004,P2,return,H2,dialysis,V15,vsl,vsl_required,1
R0004,P2,return,H2,dialysis,V16,vsl,vsl_required,1
R0004,P2,return,H2,dialysis,V17,vsl,vsl_required,1
R0004,P2,return,H2,dialysis,V18,vtc_premium,vsl_required,0
R0004,P2,return,H2,dialysis,V19,vtc_premium,vsl_required,0
R0004,P2,return,H2,dialysis,V20,vtc_premium,vsl_required,0
R0005,P3,outbound,H1,dialysis,V1,taxi_conventionne,vsl_required,0
R0005,P3,outbound,H1,dialysis,V2,taxi_conventionne,vsl_required,0
R0005,P3,outbound,H1,dialysis,V3,taxi_conventionne,vsl_required,0
R0005,P3,outbound,H1,dialysis,V4,taxi_conventionne,vsl_required,0
R0005,P3,outbound,H1,dialysis,V5,taxi_conventionne,vsl_required,0
R0005,P3,outbound,H1,dialysis,V6,taxi_conventionne,vsl_required,0
R0005,P3,outbound,H1,dialysis,V7,taxi_conventionne,vsl_required,0
R0005,P3,outbound,H1,dialysis,V8,taxi_conventionne,vsl_required,0
R0005,P3,outbound,H1,dialysis,V9,taxi_conventionne,vsl_required,0
R0005,P3,outbound,H1,dialysis,V10,taxi_conventionne,vsl_required,0
R0005,P3,outbound,H1,dialysis,V11,vsl,vsl_required,1
R0005,P3,outbound,H1,dialysis,V12,vsl,vsl_required,1
R0005,P3,outbound,H1,dialysis,V13,vsl,vsl_required,1
R0005,P3,outbound,H1,dialysis,V14,vsl,vsl_required,1
R0005,P3,outbound,H1,dialysis,V15,vsl,vsl_required,1
R0005,P3,outbound,H1,dialysis,V16,vsl,vsl_required,1
R0005,P3,outbound,H1,dialysis,V17,vsl,vsl_required,1
R0005,P3,outbound,H1,dialysis,V18,vtc_premium,vsl_required,0
R0005,P3,outbound,H1,dialysis,V19,vtc_premium,vsl_required,0
R0005,P3,outbound,H1,dialysis,V20,vtc_premium,vsl_required,0
R0006,P3,return,H1,dialysis,V1,taxi_conventionne,vsl_required,0
R0006,P3,return,H1,dialysis,V2,taxi_conventionne,vsl_required,0
R0006,P3,return,H1,dialysis,V3,taxi_conventionne,vsl_required,0
R0006,P3,return,H1,dialysis,V4,taxi_conventionne,vsl_required,0
R0006,P3,return,H1,dialysis,V5,taxi_conventionne,vsl_required,0
R0006,P3,return,H1,dialysis,V6,taxi_conventionne,vsl_required,0
R0006,P3,return,H1,dialysis,V7,taxi_conventionne,vsl_required,0
R0006,P3,return,H1,dialysis,V8,taxi_conventionne,vsl_required,0
R0006,P3,return,H1,dialysis,V9,taxi_conventionne,vsl_required,0
R0006,P3,return,H1,dialysis,V10,taxi_conventionne,vsl_required,0
R0006,P3,return,H1,dialysis,V11,vsl,vsl_required,1
R0006,P3,return,H1,dialysis,V12,vsl,vsl_required,1
R0006,P3,return,H1,dialysis,V13,vsl,vsl_required,1
R0006,P3,return,H1,dialysis,V14,vsl,vsl_required,1
R0006,P3,return,H1,dialysis,V15,vsl,vsl_required,1
R0006,P3,return,H1,dialysis,V16,vsl,vsl_required,1
R0006,P3,return,H1,dialysis,V17,vsl,vsl_required,1
R0006,P3,return,H1,dialysis,V18,vtc_premium,vsl_required,0
R0006,P3,return,H1,dialysis,V19,vtc_premium,vsl_required,0
R0006,P3,return,H1,dialysis,V20,vtc_premium,vsl_required,0
R0007,P4,outbound,H1,oncology,V1,taxi_conventionne,vsl_required,0
R0007,P4,outbound,H1,oncology,V2,taxi_conventionne,vsl_required,0
R0007,P4,outbound,H1,oncology,V3,taxi_conventionne,vsl_required,0
R0007,P4,outbound,H1,oncology,V4,taxi_conventionne,vsl_required,0
R0007,P4,outbound,H1,oncology,V5,taxi_conventionne,vsl_required,0
R0007,P4,outbound,H1,oncology,V6,taxi_conventionne,vsl_required,0
R0007,P4,outbound,H1,oncology,V7,taxi_conventionne,vsl_required,0
R0007,P4,outbound,H1,oncology,V8,taxi_conventionne,vsl_required,0
R0007,P4,outbound,H1,oncology,V9,taxi_conventionne,vsl_required,0
R0007,P4,outbound,H1,oncology,V10,taxi_conventionne,vsl_required,0
R0007,P4,outbound,H1,oncology,V11,vsl,vsl_required,1
R0007,P4,outbound,H1,oncology,V12,vsl,vsl_required,1
R0007,P4,outbound,H1,oncology,V13,vsl,vsl_required,1
R0007,P4,outbound,H1,oncology,V14,vsl,vsl_required,1
R0007,P4,outbound,H1,oncology,V15,vsl,vsl_required,1
R0007,P4,outbound,H1,oncology,V16,vsl,vsl_required,1
R0007,P4,outbound,H1,oncology,V17,vsl,vsl_required,1
R0007,P4,outbound,H1,oncology,V18,vtc_premium,vsl_required,0
R0007,P4,outbound,H1,oncology,V19,vtc_premium,vsl_required,0
R0007,P4,outbound,H1,oncology,V20,vtc_premium,vsl_required,0
R0008,P4,return,H1,oncology,V1,taxi_conventionne,vsl_required,0
R0008,P4,return,H1,oncology,V2,taxi_conventionne,vsl_required,0
R0008,P4,return,H1,oncology,V3,taxi_conventionne,vsl_required,0
R0008,P4,return,H1,oncology,V4,taxi_conventionne,vsl_required,0
R0008,P4,return,H1,oncology,V5,taxi_conventionne,vsl_required,0
R0008,P4,return,H1,oncology,V6,taxi_conventionne,vsl_required,0
R0008,P4,return,H1,oncology,V7,taxi_conventionne,vsl_required,0
R0008,P4,return,H1,oncology,V8,taxi_conventionne,vsl_required,0
R0008,P4,return,H1,oncology,V9,taxi_conventionne,vsl_required,0
R0008,P4,return,H1,oncology,V10,taxi_conventionne,vsl_required,0
R0008,P4,return,H1,oncology,V11,vsl,vsl_required,1
R0008,P4,return,H1,oncology,V12,vsl,vsl_required,1
R0008,P4,return,H1,oncology,V13,vsl,vsl_required,1
R0008,P4,return,H1,oncology,V14,vsl,vsl_required,1
R0008,P4,return,H1,oncology,V15,vsl,vsl_required,1
R0008,P4,return,H1,oncology,V16,vsl,vsl_required,1
R0008,P4,return,H1,oncology,V17,vsl,vsl_required,1
R0008,P4,return,H1,oncology,V18,vtc_premium,vsl_required,0
R0008,P4,return,H1,oncology,V19,vtc_premium,vsl_required,0
R0008,P4,return,H1,oncology,V20,vtc_premium,vsl_required,0
R0009,P5,outbound,H2,oncology,V1,taxi_conventionne,prescription_medicale,1
R0009,P5,outbound,H2,oncology,V2,taxi_conventionne,prescription_medicale,1
R0009,P5,outbound,H2,oncology,V3,taxi_conventionne,prescription_medicale,1
R0009,P5,outbound,H2,oncology,V4,taxi_conventionne,prescription_medicale,1
R0009,P5,outbound,H2,oncology,V5,taxi_conventionne,prescription_medicale,1
R0009,P5,outbound,H2,oncology,V6,taxi_conventionne,prescription_medicale,1
R0009,P5,outbound,H2,oncology,V7,taxi_conventionne,prescription_medicale,1
R0009,P5,outbound,H2,oncology,V8,taxi_conventionne,prescription_medicale,1
R0009,P5,outbound,H2,oncology,V9,taxi_conventionne,prescription_medicale,1
R0009,P5,outbound,H2,oncology,V10,taxi_conventionne,prescription_medicale,1
R0009,P5,outbound,H2,oncology,V11,vsl,prescription_medicale,1
R0009,P5,outbound,H2,oncology,V12,vsl,prescription_medicale,1
R0009,P5,outbound,H2,oncology,V13,vsl,prescription_medicale,1
R0009,P5,outbound,H2,oncology,V14,vsl,prescription_medicale,1
R0009,P5,outbound,H2,oncology,V15,vsl,prescription_medicale,1
R0009,P5,outbound,H2,oncology,V16,vsl,prescription_medicale,1
R0009,P5,outbound,H2,oncology,V17,vsl,prescription_medicale,1
R0009,P5,outbound,H2,oncology,V18,vtc_premium,prescription_medicale,0
R0009,P5,outbound,H2,oncology,V19,vtc_premium,prescription_medicale,0
R0009,P5,outbound,H2,oncology,V20,vtc_premium,prescription_medicale,0
R0010,P5,return,H2,oncology,V1,taxi_conventionne,prescription_medicale,1
R0010,P5,return,H2,oncology,V2,taxi_conventionne,prescription_medicale,1
R0010,P5,return,H2,oncology,V3,taxi_conventionne,prescription_medicale,1
R0010,P5,return,H2,oncology,V4,taxi_conventionne,prescription_medicale,1
R0010,P5,return,H2,oncology,V5,taxi_conventionne,prescription_medicale,1
R0010,P5,return,H2,oncology,V6,taxi_conventionne,prescription_medicale,1
R0010,P5,return,H2,oncology,V7,taxi_conventionne,prescription_medicale,1
R0010,P5,return,H2,oncology,V8,taxi_conventionne,prescription_medicale,1
R0010,P5,return,H2,oncology,V9,taxi_conventionne,prescription_medicale,1
R0010,P5,return,H2,oncology,V10,taxi_conventionne,prescription_medicale,1
R0010,P5,return,H2,oncology,V11,vsl,prescription_medicale,1
R0010,P5,return,H2,oncology,V12,vsl,prescription_medicale,1
R0010,P5,return,H2,oncology,V13,vsl,prescription_medicale,1
R0010,P5,return,H2,oncology,V14,vsl,prescription_medicale,1
R0010,P5,return,H2,oncology,V15,vsl,prescription_medicale,1
R0010,P5,return,H2,oncology,V16,vsl,prescription_medicale,1
R0010,P5,return,H2,oncology,V17,vsl,prescription_medicale,1
R0010,P5,return,H2,oncology,V18,vtc_premium,prescription_medicale,0
R0010,P5,return,H2,oncology,V19,vtc_premium,prescription_medicale,0
R0010,P5,return,H2,oncology,V20,vtc_premium,prescription_medicale,0
R0011,P6,outbound,H1,other,V1,taxi_conventionne,standard_assis,1
R0011,P6,outbound,H1,other,V2,taxi_conventionne,standard_assis,1
R0011,P6,outbound,H1,other,V3,taxi_conventionne,standard_assis,1
R0011,P6,outbound,H1,other,V4,taxi_conventionne,standard_assis,1
R0011,P6,outbound,H1,other,V5,taxi_conventionne,standard_assis,1
R0011,P6,outbound,H1,other,V6,taxi_conventionne,standard_assis,1
R0011,P6,outbound,H1,other,V7,taxi_conventionne,standard_assis,1
R0011,P6,outbound,H1,other,V8,taxi_conventionne,standard_assis,1
R0011,P6,outbound,H1,other,V9,taxi_conventionne,standard_assis,1
R0011,P6,outbound,H1,other,V10,taxi_conventionne,standard_assis,1
R0011,P6,outbound,H1,other,V11,vsl,standard_assis,1
R0011,P6,outbound,H1,other,V12,vsl,standard_assis,1
R0011,P6,outbound,H1,other,V13,vsl,standard_assis,1
R0011,P6,outbound,H1,other,V14,vsl,standard_assis,1
R0011,P6,outbound,H1,other,V15,vsl,standard_assis,1
R0011,P6,outbound,H1,other,V16,vsl,standard_assis,1
R0011,P6,outbound,H1,other,V17,vsl,standard_assis,1
R0011,P6,outbound,H1,other,V18,vtc_premium,standard_assis,1
R0011,P6,outbound,H1,other,V19,vtc_premium,standard_assis,1
R0011,P6,outbound,H1,other,V20,vtc_premium,standard_assis,1
R0012,P6,return,H1,other,V1,taxi_conventionne,standard_assis,1
R0012,P6,return,H1,other,V2,taxi_conventionne,standard_assis,1
R0012,P6,return,H1,other,V3,taxi_conventionne,standard_assis,1
R0012,P6,return,H1,other,V4,taxi_conventionne,standard_assis,1
R0012,P6,return,H1,other,V5,taxi_conventionne,standard_assis,1
R0012,P6,return,H1,other,V6,taxi_conventionne,standard_assis,1
R0012,P6,return,H1,other,V7,taxi_conventionne,standard_assis,1
R0012,P6,return,H1,other,V8,taxi_conventionne,standard_assis,1
R0012,P6,return,H1,other,V9,taxi_conventionne,standard_assis,1
R0012,P6,return,H1,other,V10,taxi_conventionne,standard_assis,1
R0012,P6,return,H1,other,V11,vsl,standard_assis,1
R0012,P6,return,H1,other,V12,vsl,standard_assis,1
R0012,P6,return,H1,other,V13,vsl,standard_assis,1
R0012,P6,return,H1,other,V14,vsl,standard_assis,1
R0012,P6,return,H1,other,V15,vsl,standard_assis,1
R0012,P6,return,H1,other,V16,vsl,standard_assis,1
R0012,P6,return,H1,other,V17,vsl,standard_assis,1
R0012,P6,return,H1,other,V18,vtc_premium,standard_assis,1
R0012,P6,return,H1,other,V19,vtc_premium,standard_assis,1
R0012,P6,return,H1,other,V20,vtc_premium,standard_assis,1
R0013,P7,outbound,H2,dialysis,V1,taxi_conventionne,vsl_required,0
R0013,P7,outbound,H2,dialysis,V2,taxi_conventionne,vsl_required,0
R0013,P7,outbound,H2,dialysis,V3,taxi_conventionne,vsl_required,0
R0013,P7,outbound,H2,dialysis,V4,taxi_conventionne,vsl_required,0
R0013,P7,outbound,H2,dialysis,V5,taxi_conventionne,vsl_required,0
R0013,P7,outbound,H2,dialysis,V6,taxi_conventionne,vsl_required,0
R0013,P7,outbound,H2,dialysis,V7,taxi_conventionne,vsl_required,0
R0013,P7,outbound,H2,dialysis,V8,taxi_conventionne,vsl_required,0
R0013,P7,outbound,H2,dialysis,V9,taxi_conventionne,vsl_required,0
R0013,P7,outbound,H2,dialysis,V10,taxi_conventionne,vsl_required,0
R0013,P7,outbound,H2,dialysis,V11,vsl,vsl_required,1
R0013,P7,outbound,H2,dialysis,V12,vsl,vsl_required,1
R0013,P7,outbound,H2,dialysis,V13,vsl,vsl_required,1
R0013,P7,outbound,H2,dialysis,V14,vsl,vsl_required,1
R0013,P7,outbound,H2,dialysis,V15,vsl,vsl_required,1
R0013,P7,outbound,H2,dialysis,V16,vsl,vsl_required,1
R0013,P7,outbound,H2,dialysis,V17,vsl,vsl_required,1
R0013,P7,outbound,H2,dialysis,V18,vtc_premium,vsl_required,0
R0013,P7,outbound,H2,dialysis,V19,vtc_premium,vsl_required,0
R0013,P7,outbound,H2,dialysis,V20,vtc_premium,vsl_required,0
R0014,P8,outbound,H3,dialysis,V1,taxi_conventionne,vsl_required,0
R0014,P8,outbound,H3,dialysis,V2,taxi_conventionne,vsl_required,0
R0014,P8,outbound,H3,dialysis,V3,taxi_conventionne,vsl_required,0
R0014,P8,outbound,H3,dialysis,V4,taxi_conventionne,vsl_required,0
R0014,P8,outbound,H3,dialysis,V5,taxi_conventionne,vsl_required,0
R0014,P8,outbound,H3,dialysis,V6,taxi_conventionne,vsl_required,0
R0014,P8,outbound,H3,dialysis,V7,taxi_conventionne,vsl_required,0
R0014,P8,outbound,H3,dialysis,V8,taxi_conventionne,vsl_required,0
R0014,P8,outbound,H3,dialysis,V9,taxi_conventionne,vsl_required,0
R0014,P8,outbound,H3,dialysis,V10,taxi_conventionne,vsl_required,0
R0014,P8,outbound,H3,dialysis,V11,vsl,vsl_required,1
R0014,P8,outbound,H3,dialysis,V12,vsl,vsl_required,1
R0014,P8,outbound,H3,dialysis,V13,vsl,vsl_required,1
R0014,P8,outbound,H3,dialysis,V14,vsl,vsl_required,1
R0014,P8,outbound,H3,dialysis,V15,vsl,vsl_required,1
R0014,P8,outbound,H3,dialysis,V16,vsl,vsl_required,1
R0014,P8,outbound,H3,dialysis,V17,vsl,vsl_required,1
R0014,P8,outbound,H3,dialysis,V18,vtc_premium,vsl_required,0
R0014,P8,outbound,H3,dialysis,V19,vtc_premium,vsl_required,0
R0014,P8,outbound,H3,dialysis,V20,vtc_premium,vsl_required,0
R0015,P8,return,H3,dialysis,V1,taxi_conventionne,vsl_required,0
R0015,P8,return,H3,dialysis,V2,taxi_conventionne,vsl_required,0
R0015,P8,return,H3,dialysis,V3,taxi_conventionne,vsl_required,0
R0015,P8,return,H3,dialysis,V4,taxi_conventionne,vsl_required,0
R0015,P8,return,H3,dialysis,V5,taxi_conventionne,vsl_required,0
R0015,P8,return,H3,dialysis,V6,taxi_conventionne,vsl_required,0
R0015,P8,return,H3,dialysis,V7,taxi_conventionne,vsl_required,0
R0015,P8,return,H3,dialysis,V8,taxi_conventionne,vsl_required,0
R0015,P8,return,H3,dialysis,V9,taxi_conventionne,vsl_required,0
R0015,P8,return,H3,dialysis,V10,taxi_conventionne,vsl_required,0
R0015,P8,return,H3,dialysis,V11,vsl,vsl_required,1
R0015,P8,return,H3,dialysis,V12,vsl,vsl_required,1
R0015,P8,return,H3,dialysis,V13,vsl,vsl_required,1
R0015,P8,return,H3,dialysis,V14,vsl,vsl_required,1
R0015,P8,return,H3,dialysis,V15,vsl,vsl_required,1
R0015,P8,return,H3,dialysis,V16,vsl,vsl_required,1
R0015,P8,return,H3,dialysis,V17,vsl,vsl_required,1
R0015,P8,return,H3,dialysis,V18,vtc_premium,vsl_required,0
R0015,P8,return,H3,dialysis,V19,vtc_premium,vsl_required,0
R0015,P8,return,H3,dialysis,V20,vtc_premium,vsl_required,0
R0016,P9,outbound,H1,other,V1,taxi_conventionne,prescription_medicale,1
R0016,P9,outbound,H1,other,V2,taxi_conventionne,prescription_medicale,1
R0016,P9,outbound,H1,other,V3,taxi_conventionne,prescription_medicale,1
R0016,P9,outbound,H1,other,V4,taxi_conventionne,prescription_medicale,1
R0016,P9,outbound,H1,other,V5,taxi_conventionne,prescription_medicale,1
R0016,P9,outbound,H1,other,V6,taxi_conventionne,prescription_medicale,1
R0016,P9,outbound,H1,other,V7,taxi_conventionne,prescription_medicale,1
R0016,P9,outbound,H1,other,V8,taxi_conventionne,prescription_medicale,1
R0016,P9,outbound,H1,other,V9,taxi_conventionne,prescription_medicale,1
R0016,P9,outbound,H1,other,V10,taxi_conventionne,prescription_medicale,1
R0016,P9,outbound,H1,other,V11,vsl,prescription_medicale,1
R0016,P9,outbound,H1,other,V12,vsl,prescription_medicale,1
R0016,P9,outbound,H1,other,V13,vsl,prescription_medicale,1
R0016,P9,outbound,H1,other,V14,vsl,prescription_medicale,1
R0016,P9,outbound,H1,other,V15,vsl,prescription_medicale,1
R0016,P9,outbound,H1,other,V16,vsl,prescription_medicale,1
R0016,P9,outbound,H1,other,V17,vsl,prescription_medicale,1
R0016,P9,outbound,H1,other,V18,vtc_premium,prescription_medicale,0
R0016,P9,outbound,H1,other,V19,vtc_premium,prescription_medicale,0
R0016,P9,outbound,H1,other,V20,vtc_premium,prescription_medicale,0
R0017,P9,return,H1,other,V1,taxi_conventionne,prescription_medicale,1
R0017,P9,return,H1,other,V2,taxi_conventionne,prescription_medicale,1
R0017,P9,return,H1,other,V3,taxi_conventionne,prescription_medicale,1
R0017,P9,return,H1,other,V4,taxi_conventionne,prescription_medicale,1
R0017,P9,return,H1,other,V5,taxi_conventionne,prescription_medicale,1
R0017,P9,return,H1,other,V6,taxi_conventionne,prescription_medicale,1
R0017,P9,return,H1,other,V7,taxi_conventionne,prescription_medicale,1
R0017,P9,return,H1,other,V8,taxi_conventionne,prescription_medicale,1
R0017,P9,return,H1,other,V9,taxi_conventionne,prescription_medicale,1
R0017,P9,return,H1,other,V10,taxi_conventionne,prescription_medicale,1
R0017,P9,return,H1,other,V11,vsl,prescription_medicale,1
R0017,P9,return,H1,other,V12,vsl,prescription_medicale,1
R0017,P9,return,H1,other,V13,vsl,prescription_medicale,1
R0017,P9,return,H1,other,V14,vsl,prescription_medicale,1
R0017,P9,return,H1,other,V15,vsl,prescription_medicale,1
R0017,P9,return,H1,other,V16,vsl,prescription_medicale,1
R0017,P9,return,H1,other,V17,vsl,prescription_medicale,1
R0017,P9,return,H1,other,V18,vtc_premium,prescription_medicale,0
R0017,P9,return,H1,other,V19,vtc_premium,prescription_medicale,0
R0017,P9,return,H1,other,V20,vtc_premium,prescription_medicale,0
R0018,P10,outbound,H1,dialysis,V1,taxi_conventionne,prescription_medicale,1
R0018,P10,outbound,H1,dialysis,V2,taxi_conventionne,prescription_medicale,1
R0018,P10,outbound,H1,dialysis,V3,taxi_conventionne,prescription_medicale,1
R0018,P10,outbound,H1,dialysis,V4,taxi_conventionne,prescription_medicale,1
R0018,P10,outbound,H1,dialysis,V5,taxi_conventionne,prescription_medicale,1
R0018,P10,outbound,H1,dialysis,V6,taxi_conventionne,prescription_medicale,1
R0018,P10,outbound,H1,dialysis,V7,taxi_conventionne,prescription_medicale,1
R0018,P10,outbound,H1,dialysis,V8,taxi_conventionne,prescription_medicale,1
R0018,P10,outbound,H1,dialysis,V9,taxi_conventionne,prescription_medicale,1
R0018,P10,outbound,H1,dialysis,V10,taxi_conventionne,prescription_medicale,1
R0018,P10,outbound,H1,dialysis,V11,vsl,prescription_medicale,1
R0018,P10,outbound,H1,dialysis,V12,vsl,prescription_medicale,1
R0018,P10,outbound,H1,dialysis,V13,vsl,prescription_medicale,1
R0018,P10,outbound,H1,dialysis,V14,vsl,prescription_medicale,1
R0018,P10,outbound,H1,dialysis,V15,vsl,prescription_medicale,1
R0018,P10,outbound,H1,dialysis,V16,vsl,prescription_medicale,1
R0018,P10,outbound,H1,dialysis,V17,vsl,prescription_medicale,1
R0018,P10,outbound,H1,dialysis,V18,vtc_premium,prescription_medicale,0
R0018,P10,outbound,H1,dialysis,V19,vtc_premium,prescription_medicale,0
R0018,P10,outbound,H1,dialysis,V20,vtc_premium,prescription_medicale,0
R0019,P10,return,H1,dialysis,V1,taxi_conventionne,prescription_medicale,1
R0019,P10,return,H1,dialysis,V2,taxi_conventionne,prescription_medicale,1
R0019,P10,return,H1,dialysis,V3,taxi_conventionne,prescription_medicale,1
R0019,P10,return,H1,dialysis,V4,taxi_conventionne,prescription_medicale,1
R0019,P10,return,H1,dialysis,V5,taxi_conventionne,prescription_medicale,1
R0019,P10,return,H1,dialysis,V6,taxi_conventionne,prescription_medicale,1
R0019,P10,return,H1,dialysis,V7,taxi_conventionne,prescription_medicale,1
R0019,P10,return,H1,dialysis,V8,taxi_conventionne,prescription_medicale,1
R0019,P10,return,H1,dialysis,V9,taxi_conventionne,prescription_medicale,1
R0019,P10,return,H1,dialysis,V10,taxi_conventionne,prescription_medicale,1
R0019,P10,return,H1,dialysis,V11,vsl,prescription_medicale,1
R0019,P10,return,H1,dialysis,V12,vsl,prescription_medicale,1
R0019,P10,return,H1,dialysis,V13,vsl,prescription_medicale,1
R0019,P10,return,H1,dialysis,V14,vsl,prescription_medicale,1
R0019,P10,return,H1,dialysis,V15,vsl,prescription_medicale,1
R0019,P10,return,H1,dialysis,V16,vsl,prescription_medicale,1
R0019,P10,return,H1,dialysis,V17,vsl,prescription_medicale,1
R0019,P10,return,H1,dialysis,V18,vtc_premium,prescription_medicale,0
R0019,P10,return,H1,dialysis,V19,vtc_premium,prescription_medicale,0
R0019,P10,return,H1,dialysis,V20,vtc_premium,prescription_medicale,0
R0020,P11,outbound,H1,dialysis,V1,taxi_conventionne,prescription_medicale,1
R0020,P11,outbound,H1,dialysis,V2,taxi_conventionne,prescription_medicale,1
R0020,P11,outbound,H1,dialysis,V3,taxi_conventionne,prescription_medicale,1
R0020,P11,outbound,H1,dialysis,V4,taxi_conventionne,prescription_medicale,1
R0020,P11,outbound,H1,dialysis,V5,taxi_conventionne,prescription_medicale,1
R0020,P11,outbound,H1,dialysis,V6,taxi_conventionne,prescription_medicale,1
R0020,P11,outbound,H1,dialysis,V7,taxi_conventionne,prescription_medicale,1
R0020,P11,outbound,H1,dialysis,V8,taxi_conventionne,prescription_medicale,1
R0020,P11,outbound,H1,dialysis,V9,taxi_conventionne,prescription_medicale,1
R0020,P11,outbound,H1,dialysis,V10,taxi_conventionne,prescription_medicale,1
R0020,P11,outbound,H1,dialysis,V11,vsl,prescription_medicale,1
R0020,P11,outbound,H1,dialysis,V12,vsl,prescription_medicale,1
R0020,P11,outbound,H1,dialysis,V13,vsl,prescription_medicale,1
R0020,P11,outbound,H1,dialysis,V14,vsl,prescription_medicale,1
R0020,P11,outbound,H1,dialysis,V15,vsl,prescription_medicale,1
R0020,P11,outbound,H1,dialysis,V16,vsl,prescription_medicale,1
R0020,P11,outbound,H1,dialysis,V17,vsl,prescription_medicale,1
R0020,P11,outbound,H1,dialysis,V18,vtc_premium,prescription_medicale,0
R0020,P11,outbound,H1,dialysis,V19,vtc_premium,prescription_medicale,0
R0020,P11,outbound,H1,dialysis,V20,vtc_premium,prescription_medicale,0
R0021,P12,outbound,H1,other,V1,taxi_conventionne,standard_assis,1
R0021,P12,outbound,H1,other,V2,taxi_conventionne,standard_assis,1
R0021,P12,outbound,H1,other,V3,taxi_conventionne,standard_assis,1
R0021,P12,outbound,H1,other,V4,taxi_conventionne,standard_assis,1
R0021,P12,outbound,H1,other,V5,taxi_conventionne,standard_assis,1
R0021,P12,outbound,H1,other,V6,taxi_conventionne,standard_assis,1
R0021,P12,outbound,H1,other,V7,taxi_conventionne,standard_assis,1
R0021,P12,outbound,H1,other,V8,taxi_conventionne,standard_assis,1
R0021,P12,outbound,H1,other,V9,taxi_conventionne,standard_assis,1
R0021,P12,outbound,H1,other,V10,taxi_conventionne,standard_assis,1
R0021,P12,outbound,H1,other,V11,vsl,standard_assis,1
R0021,P12,outbound,H1,other,V12,vsl,standard_assis,1
R0021,P12,outbound,H1,other,V13,vsl,standard_assis,1
R0021,P12,outbound,H1,other,V14,vsl,standard_assis,1
R0021,P12,outbound,H1,other,V15,vsl,standard_assis,1
R0021,P12,outbound,H1,other,V16,vsl,standard_assis,1
R0021,P12,outbound,H1,other,V17,vsl,standard_assis,1
R0021,P12,outbound,H1,other,V18,vtc_premium,standard_assis,1
R0021,P12,outbound,H1,other,V19,vtc_premium,standard_assis,1
R0021,P12,outbound,H1,other,V20,vtc_premium,standard_assis,1
R0022,P12,return,H1,other,V1,taxi_conventionne,standard_assis,1
R0022,P12,return,H1,other,V2,taxi_conventionne,standard_assis,1
R0022,P12,return,H1,other,V3,taxi_conventionne,standard_assis,1
R0022,P12,return,H1,other,V4,taxi_conventionne,standard_assis,1
R0022,P12,return,H1,other,V5,taxi_conventionne,standard_assis,1
R0022,P12,return,H1,other,V6,taxi_conventionne,standard_assis,1
R0022,P12,return,H1,other,V7,taxi_conventionne,standard_assis,1
R0022,P12,return,H1,other,V8,taxi_conventionne,standard_assis,1
R0022,P12,return,H1,other,V9,taxi_conventionne,standard_assis,1
R0022,P12,return,H1,other,V10,taxi_conventionne,standard_assis,1
R0022,P12,return,H1,other,V11,vsl,standard_assis,1
R0022,P12,return,H1,other,V12,vsl,standard_assis,1
R0022,P12,return,H1,other,V13,vsl,standard_assis,1
R0022,P12,return,H1,other,V14,vsl,standard_assis,1
R0022,P12,return,H1,other,V15,vsl,standard_assis,1
R0022,P12,return,H1,other,V16,vsl,standard_assis,1
R0022,P12,return,H1,other,V17,vsl,standard_assis,1
R0022,P12,return,H1,other,V18,vtc_premium,standard_assis,1
R0022,P12,return,H1,other,V19,vtc_premium,standard_assis,1
R0022,P12,return,H1,other,V20,vtc_premium,standard_assis,1
R0023,P13,outbound,H2,other,V1,taxi_conventionne,standard_assis,1
R0023,P13,outbound,H2,other,V2,taxi_conventionne,standard_assis,1
R0023,P13,outbound,H2,other,V3,taxi_conventionne,standard_assis,1
R0023,P13,outbound,H2,other,V4,taxi_conventionne,standard_assis,1
R0023,P13,outbound,H2,other,V5,taxi_conventionne,standard_assis,1
R0023,P13,outbound,H2,other,V6,taxi_conventionne,standard_assis,1
R0023,P13,outbound,H2,other,V7,taxi_conventionne,standard_assis,1
R0023,P13,outbound,H2,other,V8,taxi_conventionne,standard_assis,1
R0023,P13,outbound,H2,other,V9,taxi_conventionne,standard_assis,1
R0023,P13,outbound,H2,other,V10,taxi_conventionne,standard_assis,1
R0023,P13,outbound,H2,other,V11,vsl,standard_assis,1
R0023,P13,outbound,H2,other,V12,vsl,standard_assis,1
R0023,P13,outbound,H2,other,V13,vsl,standard_assis,1
R0023,P13,outbound,H2,other,V14,vsl,standard_assis,1
R0023,P13,outbound,H2,other,V15,vsl,standard_assis,1
R0023,P13,outbound,H2,other,V16,vsl,standard_assis,1
R0023,P13,outbound,H2,other,V17,vsl,standard_assis,1
R0023,P13,outbound,H2,other,V18,vtc_premium,standard_assis,1
R0023,P13,outbound,H2,other,V19,vtc_premium,standard_assis,1
R0023,P13,outbound,H2,other,V20,vtc_premium,standard_assis,1
R0024,P13,return,H2,other,V1,taxi_conventionne,standard_assis,1
R0024,P13,return,H2,other,V2,taxi_conventionne,standard_assis,1
R0024,P13,return,H2,other,V3,taxi_conventionne,standard_assis,1
R0024,P13,return,H2,other,V4,taxi_conventionne,standard_assis,1
R0024,P13,return,H2,other,V5,taxi_conventionne,standard_assis,1
R0024,P13,return,H2,other,V6,taxi_conventionne,standard_assis,1
R0024,P13,return,H2,other,V7,taxi_conventionne,standard_assis,1
R0024,P13,return,H2,other,V8,taxi_conventionne,standard_assis,1
R0024,P13,return,H2,other,V9,taxi_conventionne,standard_assis,1
R0024,P13,return,H2,other,V10,taxi_conventionne,standard_assis,1
R0024,P13,return,H2,other,V11,vsl,standard_assis,1
R0024,P13,return,H2,other,V12,vsl,standard_assis,1
R0024,P13,return,H2,other,V13,vsl,standard_assis,1
R0024,P13,return,H2,other,V14,vsl,standard_assis,1
R0024,P13,return,H2,other,V15,vsl,standard_assis,1
R0024,P13,return,H2,other,V16,vsl,standard_assis,1
R0024,P13,return,H2,other,V17,vsl,standard_assis,1
R0024,P13,return,H2,other,V18,vtc_premium,standard_assis,1
R0024,P13,return,H2,other,V19,vtc_premium,standard_assis,1
R0024,P13,return,H2,other,V20,vtc_premium,standard_assis,1
R0025,P14,outbound,H1,external,V1,taxi_conventionne,standard_assis,1
R0025,P14,outbound,H1,external,V2,taxi_conventionne,standard_assis,1
R0025,P14,outbound,H1,external,V3,taxi_conventionne,standard_assis,1
R0025,P14,outbound,H1,external,V4,taxi_conventionne,standard_assis,1
R0025,P14,outbound,H1,external,V5,taxi_conventionne,standard_assis,1
R0025,P14,outbound,H1,external,V6,taxi_conventionne,standard_assis,1
R0025,P14,outbound,H1,external,V7,taxi_conventionne,standard_assis,1
R0025,P14,outbound,H1,external,V8,taxi_conventionne,standard_assis,1
R0025,P14,outbound,H1,external,V9,taxi_conventionne,standard_assis,1
R0025,P14,outbound,H1,external,V10,taxi_conventionne,standard_assis,1
R0025,P14,outbound,H1,external,V11,vsl,standard_assis,1
R0025,P14,outbound,H1,external,V12,vsl,standard_assis,1
R0025,P14,outbound,H1,external,V13,vsl,standard_assis,1
R0025,P14,outbound,H1,external,V14,vsl,standard_assis,1
R0025,P14,outbound,H1,external,V15,vsl,standard_assis,1
R0025,P14,outbound,H1,external,V16,vsl,standard_assis,1
R0025,P14,outbound,H1,external,V17,vsl,standard_assis,1
R0025,P14,outbound,H1,external,V18,vtc_premium,standard_assis,1
R0025,P14,outbound,H1,external,V19,vtc_premium,standard_assis,1
R0025,P14,outbound,H1,external,V20,vtc_premium,standard_assis,1
R0026,P14,return,H1,external,V1,taxi_conventionne,standard_assis,1
R0026,P14,return,H1,external,V2,taxi_conventionne,standard_assis,1
R0026,P14,return,H1,external,V3,taxi_conventionne,standard_assis,1
R0026,P14,return,H1,external,V4,taxi_conventionne,standard_assis,1
R0026,P14,return,H1,external,V5,taxi_conventionne,standard_assis,1
R0026,P14,return,H1,external,V6,taxi_conventionne,standard_assis,1
R0026,P14,return,H1,external,V7,taxi_conventionne,standard_assis,1
R0026,P14,return,H1,external,V8,taxi_conventionne,standard_assis,1
R0026,P14,return,H1,external,V9,taxi_conventionne,standard_assis,1
R0026,P14,return,H1,external,V10,taxi_conventionne,standard_assis,1
R0026,P14,return,H1,external,V11,vsl,standard_assis,1
R0026,P14,return,H1,external,V12,vsl,standard_assis,1
R0026,P14,return,H1,external,V13,vsl,standard_assis,1
R0026,P14,return,H1,external,V14,vsl,standard_assis,1
R0026,P14,return,H1,external,V15,vsl,standard_assis,1
R0026,P14,return,H1,external,V16,vsl,standard_assis,1
R0026,P14,return,H1,external,V17,vsl,standard_assis,1
R0026,P14,return,H1,external,V18,vtc_premium,standard_assis,1
R0026,P14,return,H1,external,V19,vtc_premium,standard_assis,1
R0026,P14,return,H1,external,V20,vtc_premium,standard_assis,1
R0027,P15,outbound,H1,external,V1,taxi_conventionne,prescription_medicale,1
R0027,P15,outbound,H1,external,V2,taxi_conventionne,prescription_medicale,1
R0027,P15,outbound,H1,external,V3,taxi_conventionne,prescription_medicale,1
R0027,P15,outbound,H1,external,V4,taxi_conventionne,prescription_medicale,1
R0027,P15,outbound,H1,external,V5,taxi_conventionne,prescription_medicale,1
R0027,P15,outbound,H1,external,V6,taxi_conventionne,prescription_medicale,1
R0027,P15,outbound,H1,external,V7,taxi_conventionne,prescription_medicale,1
R0027,P15,outbound,H1,external,V8,taxi_conventionne,prescription_medicale,1
R0027,P15,outbound,H1,external,V9,taxi_conventionne,prescription_medicale,1
R0027,P15,outbound,H1,external,V10,taxi_conventionne,prescription_medicale,1
R0027,P15,outbound,H1,external,V11,vsl,prescription_medicale,1
R0027,P15,outbound,H1,external,V12,vsl,prescription_medicale,1
R0027,P15,outbound,H1,external,V13,vsl,prescription_medicale,1
R0027,P15,outbound,H1,external,V14,vsl,prescription_medicale,1
R0027,P15,outbound,H1,external,V15,vsl,prescription_medicale,1
R0027,P15,outbound,H1,external,V16,vsl,prescription_medicale,1
R0027,P15,outbound,H1,external,V17,vsl,prescription_medicale,1
R0027,P15,outbound,H1,external,V18,vtc_premium,prescription_medicale,0
R0027,P15,outbound,H1,external,V19,vtc_premium,prescription_medicale,0
R0027,P15,outbound,H1,external,V20,vtc_premium,prescription_medicale,0
R0028,P15,return,H1,external,V1,taxi_conventionne,prescription_medicale,1
R0028,P15,return,H1,external,V2,taxi_conventionne,prescription_medicale,1
R0028,P15,return,H1,external,V3,taxi_conventionne,prescription_medicale,1
R0028,P15,return,H1,external,V4,taxi_conventionne,prescription_medicale,1
R0028,P15,return,H1,external,V5,taxi_conventionne,prescription_medicale,1
R0028,P15,return,H1,external,V6,taxi_conventionne,prescription_medicale,1
R0028,P15,return,H1,external,V7,taxi_conventionne,prescription_medicale,1
R0028,P15,return,H1,external,V8,taxi_conventionne,prescription_medicale,1
R0028,P15,return,H1,external,V9,taxi_conventionne,prescription_medicale,1
R0028,P15,return,H1,external,V10,taxi_conventionne,prescription_medicale,1
R0028,P15,return,H1,external,V11,vsl,prescription_medicale,1
R0028,P15,return,H1,external,V12,vsl,prescription_medicale,1
R0028,P15,return,H1,external,V13,vsl,prescription_medicale,1
R0028,P15,return,H1,external,V14,vsl,prescription_medicale,1
R0028,P15,return,H1,external,V15,vsl,prescription_medicale,1
R0028,P15,return,H1,external,V16,vsl,prescription_medicale,1
R0028,P15,return,H1,external,V17,vsl,prescription_medicale,1
R0028,P15,return,H1,external,V18,vtc_premium,prescription_medicale,0
R0028,P15,return,H1,external,V19,vtc_premium,prescription_medicale,0
R0028,P15,return,H1,external,V20,vtc_premium,prescription_medicale,0
R0029,P16,outbound,H1,oncology,V1,taxi_conventionne,vsl_required,0
R0029,P16,outbound,H1,oncology,V2,taxi_conventionne,vsl_required,0
R0029,P16,outbound,H1,oncology,V3,taxi_conventionne,vsl_required,0
R0029,P16,outbound,H1,oncology,V4,taxi_conventionne,vsl_required,0
R0029,P16,outbound,H1,oncology,V5,taxi_conventionne,vsl_required,0
R0029,P16,outbound,H1,oncology,V6,taxi_conventionne,vsl_required,0
R0029,P16,outbound,H1,oncology,V7,taxi_conventionne,vsl_required,0
R0029,P16,outbound,H1,oncology,V8,taxi_conventionne,vsl_required,0
R0029,P16,outbound,H1,oncology,V9,taxi_conventionne,vsl_required,0
R0029,P16,outbound,H1,oncology,V10,taxi_conventionne,vsl_required,0
R0029,P16,outbound,H1,oncology,V11,vsl,vsl_required,1
R0029,P16,outbound,H1,oncology,V12,vsl,vsl_required,1
R0029,P16,outbound,H1,oncology,V13,vsl,vsl_required,1
R0029,P16,outbound,H1,oncology,V14,vsl,vsl_required,1
R0029,P16,outbound,H1,oncology,V15,vsl,vsl_required,1
R0029,P16,outbound,H1,oncology,V16,vsl,vsl_required,1
R0029,P16,outbound,H1,oncology,V17,vsl,vsl_required,1
R0029,P16,outbound,H1,oncology,V18,vtc_premium,vsl_required,0
R0029,P16,outbound,H1,oncology,V19,vtc_premium,vsl_required,0
R0029,P16,outbound,H1,oncology,V20,vtc_premium,vsl_required,0
R0030,P16,return,H1,oncology,V1,taxi_conventionne,vsl_required,0
R0030,P16,return,H1,oncology,V2,taxi_conventionne,vsl_required,0
R0030,P16,return,H1,oncology,V3,taxi_conventionne,vsl_required,0
R0030,P16,return,H1,oncology,V4,taxi_conventionne,vsl_required,0
R0030,P16,return,H1,oncology,V5,taxi_conventionne,vsl_required,0
R0030,P16,return,H1,oncology,V6,taxi_conventionne,vsl_required,0
R0030,P16,return,H1,oncology,V7,taxi_conventionne,vsl_required,0
R0030,P16,return,H1,oncology,V8,taxi_conventionne,vsl_required,0
R0030,P16,return,H1,oncology,V9,taxi_conventionne,vsl_required,0
R0030,P16,return,H1,oncology,V10,taxi_conventionne,vsl_required,0
R0030,P16,return,H1,oncology,V11,vsl,vsl_required,1
R0030,P16,return,H1,oncology,V12,vsl,vsl_required,1
R0030,P16,return,H1,oncology,V13,vsl,vsl_required,1
R0030,P16,return,H1,oncology,V14,vsl,vsl_required,1
R0030,P16,return,H1,oncology,V15,vsl,vsl_required,1
R0030,P16,return,H1,oncology,V16,vsl,vsl_required,1
R0030,P16,return,H1,oncology,V17,vsl,vsl_required,1
R0030,P16,return,H1,oncology,V18,vtc_premium,vsl_required,0
R0030,P16,return,H1,oncology,V19,vtc_premium,vsl_required,0
R0030,P16,return,H1,oncology,V20,vtc_premium,vsl_required,0
R0031,P17,outbound,H2,other,V1,taxi_conventionne,prescription_medicale,1
R0031,P17,outbound,H2,other,V2,taxi_conventionne,prescription_medicale,1
R0031,P17,outbound,H2,other,V3,taxi_conventionne,prescription_medicale,1
R0031,P17,outbound,H2,other,V4,taxi_conventionne,prescription_medicale,1
R0031,P17,outbound,H2,other,V5,taxi_conventionne,prescription_medicale,1
R0031,P17,outbound,H2,other,V6,taxi_conventionne,prescription_medicale,1
R0031,P17,outbound,H2,other,V7,taxi_conventionne,prescription_medicale,1
R0031,P17,outbound,H2,other,V8,taxi_conventionne,prescription_medicale,1
R0031,P17,outbound,H2,other,V9,taxi_conventionne,prescription_medicale,1
R0031,P17,outbound,H2,other,V10,taxi_conventionne,prescription_medicale,1
R0031,P17,outbound,H2,other,V11,vsl,prescription_medicale,1
R0031,P17,outbound,H2,other,V12,vsl,prescription_medicale,1
R0031,P17,outbound,H2,other,V13,vsl,prescription_medicale,1
R0031,P17,outbound,H2,other,V14,vsl,prescription_medicale,1
R0031,P17,outbound,H2,other,V15,vsl,prescription_medicale,1
R0031,P17,outbound,H2,other,V16,vsl,prescription_medicale,1
R0031,P17,outbound,H2,other,V17,vsl,prescription_medicale,1
R0031,P17,outbound,H2,other,V18,vtc_premium,prescription_medicale,0
R0031,P17,outbound,H2,other,V19,vtc_premium,prescription_medicale,0
R0031,P17,outbound,H2,other,V20,vtc_premium,prescription_medicale,0
R0032,P17,return,H2,other,V1,taxi_conventionne,prescription_medicale,1
R0032,P17,return,H2,other,V2,taxi_conventionne,prescription_medicale,1
R0032,P17,return,H2,other,V3,taxi_conventionne,prescription_medicale,1
R0032,P17,return,H2,other,V4,taxi_conventionne,prescription_medicale,1
R0032,P17,return,H2,other,V5,taxi_conventionne,prescription_medicale,1
R0032,P17,return,H2,other,V6,taxi_conventionne,prescription_medicale,1
R0032,P17,return,H2,other,V7,taxi_conventionne,prescription_medicale,1
R0032,P17,return,H2,other,V8,taxi_conventionne,prescription_medicale,1
R0032,P17,return,H2,other,V9,taxi_conventionne,prescription_medicale,1
R0032,P17,return,H2,other,V10,taxi_conventionne,prescription_medicale,1
R0032,P17,return,H2,other,V11,vsl,prescription_medicale,1
R0032,P17,return,H2,other,V12,vsl,prescription_medicale,1
R0032,P17,return,H2,other,V13,vsl,prescription_medicale,1
R0032,P17,return,H2,other,V14,vsl,prescription_medicale,1
R0032,P17,return,H2,other,V15,vsl,prescription_medicale,1
R0032,P17,return,H2,other,V16,vsl,prescription_medicale,1
R0032,P17,return,H2,other,V17,vsl,prescription_medicale,1
R0032,P17,return,H2,other,V18,vtc_premium,prescription_medicale,0
R0032,P17,return,H2,other,V19,vtc_premium,prescription_medicale,0
R0032,P17,return,H2,other,V20,vtc_premium,prescription_medicale,0
R0033,P18,outbound,H2,dialysis,V1,taxi_conventionne,vsl_required,0
R0033,P18,outbound,H2,dialysis,V2,taxi_conventionne,vsl_required,0
R0033,P18,outbound,H2,dialysis,V3,taxi_conventionne,vsl_required,0
R0033,P18,outbound,H2,dialysis,V4,taxi_conventionne,vsl_required,0
R0033,P18,outbound,H2,dialysis,V5,taxi_conventionne,vsl_required,0
R0033,P18,outbound,H2,dialysis,V6,taxi_conventionne,vsl_required,0
R0033,P18,outbound,H2,dialysis,V7,taxi_conventionne,vsl_required,0
R0033,P18,outbound,H2,dialysis,V8,taxi_conventionne,vsl_required,0
R0033,P18,outbound,H2,dialysis,V9,taxi_conventionne,vsl_required,0
R0033,P18,outbound,H2,dialysis,V10,taxi_conventionne,vsl_required,0
R0033,P18,outbound,H2,dialysis,V11,vsl,vsl_required,1
R0033,P18,outbound,H2,dialysis,V12,vsl,vsl_required,1
R0033,P18,outbound,H2,dialysis,V13,vsl,vsl_required,1
R0033,P18,outbound,H2,dialysis,V14,vsl,vsl_required,1
R0033,P18,outbound,H2,dialysis,V15,vsl,vsl_required,1
R0033,P18,outbound,H2,dialysis,V16,vsl,vsl_required,1
R0033,P18,outbound,H2,dialysis,V17,vsl,vsl_required,1
R0033,P18,outbound,H2,dialysis,V18,vtc_premium,vsl_required,0
R0033,P18,outbound,H2,dialysis,V19,vtc_premium,vsl_required,0
R0033,P18,outbound,H2,dialysis,V20,vtc_premium,vsl_required,0
R0034,P18,return,H2,dialysis,V1,taxi_conventionne,vsl_required,0
R0034,P18,return,H2,dialysis,V2,taxi_conventionne,vsl_required,0
R0034,P18,return,H2,dialysis,V3,taxi_conventionne,vsl_required,0
R0034,P18,return,H2,dialysis,V4,taxi_conventionne,vsl_required,0
R0034,P18,return,H2,dialysis,V5,taxi_conventionne,vsl_required,0
R0034,P18,return,H2,dialysis,V6,taxi_conventionne,vsl_required,0
R0034,P18,return,H2,dialysis,V7,taxi_conventionne,vsl_required,0
R0034,P18,return,H2,dialysis,V8,taxi_conventionne,vsl_required,0
R0034,P18,return,H2,dialysis,V9,taxi_conventionne,vsl_required,0
R0034,P18,return,H2,dialysis,V10,taxi_conventionne,vsl_required,0
R0034,P18,return,H2,dialysis,V11,vsl,vsl_required,1
R0034,P18,return,H2,dialysis,V12,vsl,vsl_required,1
R0034,P18,return,H2,dialysis,V13,vsl,vsl_required,1
R0034,P18,return,H2,dialysis,V14,vsl,vsl_required,1
R0034,P18,return,H2,dialysis,V15,vsl,vsl_required,1
R0034,P18,return,H2,dialysis,V16,vsl,vsl_required,1
R0034,P18,return,H2,dialysis,V17,vsl,vsl_required,1
R0034,P18,return,H2,dialysis,V18,vtc_premium,vsl_required,0
R0034,P18,return,H2,dialysis,V19,vtc_premium,vsl_required,0
R0034,P18,return,H2,dialysis,V20,vtc_premium,vsl_required,0
R0035,P19,outbound,H1,dialysis,V1,taxi_conventionne,vsl_required,0
R0035,P19,outbound,H1,dialysis,V2,taxi_conventionne,vsl_required,0
R0035,P19,outbound,H1,dialysis,V3,taxi_conventionne,vsl_required,0
R0035,P19,outbound,H1,dialysis,V4,taxi_conventionne,vsl_required,0
R0035,P19,outbound,H1,dialysis,V5,taxi_conventionne,vsl_required,0
R0035,P19,outbound,H1,dialysis,V6,taxi_conventionne,vsl_required,0
R0035,P19,outbound,H1,dialysis,V7,taxi_conventionne,vsl_required,0
R0035,P19,outbound,H1,dialysis,V8,taxi_conventionne,vsl_required,0
R0035,P19,outbound,H1,dialysis,V9,taxi_conventionne,vsl_required,0
R0035,P19,outbound,H1,dialysis,V10,taxi_conventionne,vsl_required,0
R0035,P19,outbound,H1,dialysis,V11,vsl,vsl_required,1
R0035,P19,outbound,H1,dialysis,V12,vsl,vsl_required,1
R0035,P19,outbound,H1,dialysis,V13,vsl,vsl_required,1
R0035,P19,outbound,H1,dialysis,V14,vsl,vsl_required,1
R0035,P19,outbound,H1,dialysis,V15,vsl,vsl_required,1
R0035,P19,outbound,H1,dialysis,V16,vsl,vsl_required,1
R0035,P19,outbound,H1,dialysis,V17,vsl,vsl_required,1
R0035,P19,outbound,H1,dialysis,V18,vtc_premium,vsl_required,0
R0035,P19,outbound,H1,dialysis,V19,vtc_premium,vsl_required,0
R0035,P19,outbound,H1,dialysis,V20,vtc_premium,vsl_required,0
R0036,P20,outbound,H2,other,V1,taxi_conventionne,vsl_required,0
R0036,P20,outbound,H2,other,V2,taxi_conventionne,vsl_required,0
R0036,P20,outbound,H2,other,V3,taxi_conventionne,vsl_required,0
R0036,P20,outbound,H2,other,V4,taxi_conventionne,vsl_required,0
R0036,P20,outbound,H2,other,V5,taxi_conventionne,vsl_required,0
R0036,P20,outbound,H2,other,V6,taxi_conventionne,vsl_required,0
R0036,P20,outbound,H2,other,V7,taxi_conventionne,vsl_required,0
R0036,P20,outbound,H2,other,V8,taxi_conventionne,vsl_required,0
R0036,P20,outbound,H2,other,V9,taxi_conventionne,vsl_required,0
R0036,P20,outbound,H2,other,V10,taxi_conventionne,vsl_required,0
R0036,P20,outbound,H2,other,V11,vsl,vsl_required,1
R0036,P20,outbound,H2,other,V12,vsl,vsl_required,1
R0036,P20,outbound,H2,other,V13,vsl,vsl_required,1
R0036,P20,outbound,H2,other,V14,vsl,vsl_required,1
R0036,P20,outbound,H2,other,V15,vsl,vsl_required,1
R0036,P20,outbound,H2,other,V16,vsl,vsl_required,1
R0036,P20,outbound,H2,other,V17,vsl,vsl_required,1
R0036,P20,outbound,H2,other,V18,vtc_premium,vsl_required,0
R0036,P20,outbound,H2,other,V19,vtc_premium,vsl_required,0
R0036,P20,outbound,H2,other,V20,vtc_premium,vsl_required,0
R0037,P20,return,H2,other,V1,taxi_conventionne,vsl_required,0
R0037,P20,return,H2,other,V2,taxi_conventionne,vsl_required,0
R0037,P20,return,H2,other,V3,taxi_conventionne,vsl_required,0
R0037,P20,return,H2,other,V4,taxi_conventionne,vsl_required,0
R0037,P20,return,H2,other,V5,taxi_conventionne,vsl_required,0
R0037,P20,return,H2,other,V6,taxi_conventionne,vsl_required,0
R0037,P20,return,H2,other,V7,taxi_conventionne,vsl_required,0
R0037,P20,return,H2,other,V8,taxi_conventionne,vsl_required,0
R0037,P20,return,H2,other,V9,taxi_conventionne,vsl_required,0
R0037,P20,return,H2,other,V10,taxi_conventionne,vsl_required,0
R0037,P20,return,H2,other,V11,vsl,vsl_required,1
R0037,P20,return,H2,other,V12,vsl,vsl_required,1
R0037,P20,return,H2,other,V13,vsl,vsl_required,1
R0037,P20,return,H2,other,V14,vsl,vsl_required,1
R0037,P20,return,H2,other,V15,vsl,vsl_required,1
R0037,P20,return,H2,other,V16,vsl,vsl_required,1
R0037,P20,return,H2,other,V17,vsl,vsl_required,1
R0037,P20,return,H2,other,V18,vtc_premium,vsl_required,0
R0037,P20,return,H2,other,V19,vtc_premium,vsl_required,0
R0037,P20,return,H2,other,V20,vtc_premium,vsl_required,0
R0038,P21,outbound,H1,dialysis,V1,taxi_conventionne,vsl_required,0
R0038,P21,outbound,H1,dialysis,V2,taxi_conventionne,vsl_required,0
R0038,P21,outbound,H1,dialysis,V3,taxi_conventionne,vsl_required,0
R0038,P21,outbound,H1,dialysis,V4,taxi_conventionne,vsl_required,0
R0038,P21,outbound,H1,dialysis,V5,taxi_conventionne,vsl_required,0
R0038,P21,outbound,H1,dialysis,V6,taxi_conventionne,vsl_required,0
R0038,P21,outbound,H1,dialysis,V7,taxi_conventionne,vsl_required,0
R0038,P21,outbound,H1,dialysis,V8,taxi_conventionne,vsl_required,0
R0038,P21,outbound,H1,dialysis,V9,taxi_conventionne,vsl_required,0
R0038,P21,outbound,H1,dialysis,V10,taxi_conventionne,vsl_required,0
R0038,P21,outbound,H1,dialysis,V11,vsl,vsl_required,1
R0038,P21,outbound,H1,dialysis,V12,vsl,vsl_required,1
R0038,P21,outbound,H1,dialysis,V13,vsl,vsl_required,1
R0038,P21,outbound,H1,dialysis,V14,vsl,vsl_required,1
R0038,P21,outbound,H1,dialysis,V15,vsl,vsl_required,1
R0038,P21,outbound,H1,dialysis,V16,vsl,vsl_required,1
R0038,P21,outbound,H1,dialysis,V17,vsl,vsl_required,1
R0038,P21,outbound,H1,dialysis,V18,vtc_premium,vsl_required,0
R0038,P21,outbound,H1,dialysis,V19,vtc_premium,vsl_required,0
R0038,P21,outbound,H1,dialysis,V20,vtc_premium,vsl_required,0
R0039,P22,outbound,H2,oncology,V1,taxi_conventionne,vsl_required,0
R0039,P22,outbound,H2,oncology,V2,taxi_conventionne,vsl_required,0
R0039,P22,outbound,H2,oncology,V3,taxi_conventionne,vsl_required,0
R0039,P22,outbound,H2,oncology,V4,taxi_conventionne,vsl_required,0
R0039,P22,outbound,H2,oncology,V5,taxi_conventionne,vsl_required,0
R0039,P22,outbound,H2,oncology,V6,taxi_conventionne,vsl_required,0
R0039,P22,outbound,H2,oncology,V7,taxi_conventionne,vsl_required,0
R0039,P22,outbound,H2,oncology,V8,taxi_conventionne,vsl_required,0
R0039,P22,outbound,H2,oncology,V9,taxi_conventionne,vsl_required,0
R0039,P22,outbound,H2,oncology,V10,taxi_conventionne,vsl_required,0
R0039,P22,outbound,H2,oncology,V11,vsl,vsl_required,1
R0039,P22,outbound,H2,oncology,V12,vsl,vsl_required,1
R0039,P22,outbound,H2,oncology,V13,vsl,vsl_required,1
R0039,P22,outbound,H2,oncology,V14,vsl,vsl_required,1
R0039,P22,outbound,H2,oncology,V15,vsl,vsl_required,1
R0039,P22,outbound,H2,oncology,V16,vsl,vsl_required,1
R0039,P22,outbound,H2,oncology,V17,vsl,vsl_required,1
R0039,P22,outbound,H2,oncology,V18,vtc_premium,vsl_required,0
R0039,P22,outbound,H2,oncology,V19,vtc_premium,vsl_required,0
R0039,P22,outbound,H2,oncology,V20,vtc_premium,vsl_required,0
R0040,P22,return,H2,oncology,V1,taxi_conventionne,vsl_required,0
R0040,P22,return,H2,oncology,V2,taxi_conventionne,vsl_required,0
R0040,P22,return,H2,oncology,V3,taxi_conventionne,vsl_required,0
R0040,P22,return,H2,oncology,V4,taxi_conventionne,vsl_required,0
R0040,P22,return,H2,oncology,V5,taxi_conventionne,vsl_required,0
R0040,P22,return,H2,oncology,V6,taxi_conventionne,vsl_required,0
R0040,P22,return,H2,oncology,V7,taxi_conventionne,vsl_required,0
R0040,P22,return,H2,oncology,V8,taxi_conventionne,vsl_required,0
R0040,P22,return,H2,oncology,V9,taxi_conventionne,vsl_required,0
R0040,P22,return,H2,oncology,V10,taxi_conventionne,vsl_required,0
R0040,P22,return,H2,oncology,V11,vsl,vsl_required,1
R0040,P22,return,H2,oncology,V12,vsl,vsl_required,1
R0040,P22,return,H2,oncology,V13,vsl,vsl_required,1
R0040,P22,return,H2,oncology,V14,vsl,vsl_required,1
R0040,P22,return,H2,oncology,V15,vsl,vsl_required,1
R0040,P22,return,H2,oncology,V16,vsl,vsl_required,1
R0040,P22,return,H2,oncology,V17,vsl,vsl_required,1
R0040,P22,return,H2,oncology,V18,vtc_premium,vsl_required,0
R0040,P22,return,H2,oncology,V19,vtc_premium,vsl_required,0
R0040,P22,return,H2,oncology,V20,vtc_premium,vsl_required,0
R0041,P23,outbound,H1,oncology,V1,taxi_conventionne,prescription_medicale,1
R0041,P23,outbound,H1,oncology,V2,taxi_conventionne,prescription_medicale,1
R0041,P23,outbound,H1,oncology,V3,taxi_conventionne,prescription_medicale,1
R0041,P23,outbound,H1,oncology,V4,taxi_conventionne,prescription_medicale,1
R0041,P23,outbound,H1,oncology,V5,taxi_conventionne,prescription_medicale,1
R0041,P23,outbound,H1,oncology,V6,taxi_conventionne,prescription_medicale,1
R0041,P23,outbound,H1,oncology,V7,taxi_conventionne,prescription_medicale,1
R0041,P23,outbound,H1,oncology,V8,taxi_conventionne,prescription_medicale,1
R0041,P23,outbound,H1,oncology,V9,taxi_conventionne,prescription_medicale,1
R0041,P23,outbound,H1,oncology,V10,taxi_conventionne,prescription_medicale,1
R0041,P23,outbound,H1,oncology,V11,vsl,prescription_medicale,1
R0041,P23,outbound,H1,oncology,V12,vsl,prescription_medicale,1
R0041,P23,outbound,H1,oncology,V13,vsl,prescription_medicale,1
R0041,P23,outbound,H1,oncology,V14,vsl,prescription_medicale,1
R0041,P23,outbound,H1,oncology,V15,vsl,prescription_medicale,1
R0041,P23,outbound,H1,oncology,V16,vsl,prescription_medicale,1
R0041,P23,outbound,H1,oncology,V17,vsl,prescription_medicale,1
R0041,P23,outbound,H1,oncology,V18,vtc_premium,prescription_medicale,0
R0041,P23,outbound,H1,oncology,V19,vtc_premium,prescription_medicale,0
R0041,P23,outbound,H1,oncology,V20,vtc_premium,prescription_medicale,0
R0042,P24,outbound,H1,dialysis,V1,taxi_conventionne,vsl_required,0
R0042,P24,outbound,H1,dialysis,V2,taxi_conventionne,vsl_required,0
R0042,P24,outbound,H1,dialysis,V3,taxi_conventionne,vsl_required,0
R0042,P24,outbound,H1,dialysis,V4,taxi_conventionne,vsl_required,0
R0042,P24,outbound,H1,dialysis,V5,taxi_conventionne,vsl_required,0
R0042,P24,outbound,H1,dialysis,V6,taxi_conventionne,vsl_required,0
R0042,P24,outbound,H1,dialysis,V7,taxi_conventionne,vsl_required,0
R0042,P24,outbound,H1,dialysis,V8,taxi_conventionne,vsl_required,0
R0042,P24,outbound,H1,dialysis,V9,taxi_conventionne,vsl_required,0
R0042,P24,outbound,H1,dialysis,V10,taxi_conventionne,vsl_required,0
R0042,P24,outbound,H1,dialysis,V11,vsl,vsl_required,1
R0042,P24,outbound,H1,dialysis,V12,vsl,vsl_required,1
R0042,P24,outbound,H1,dialysis,V13,vsl,vsl_required,1
R0042,P24,outbound,H1,dialysis,V14,vsl,vsl_required,1
R0042,P24,outbound,H1,dialysis,V15,vsl,vsl_required,1
R0042,P24,outbound,H1,dialysis,V16,vsl,vsl_required,1
R0042,P24,outbound,H1,dialysis,V17,vsl,vsl_required,1
R0042,P24,outbound,H1,dialysis,V18,vtc_premium,vsl_required,0
R0042,P24,outbound,H1,dialysis,V19,vtc_premium,vsl_required,0
R0042,P24,outbound,H1,dialysis,V20,vtc_premium,vsl_required,0
R0043,P25,outbound,H2,other,V1,taxi_conventionne,standard_assis,1
R0043,P25,outbound,H2,other,V2,taxi_conventionne,standard_assis,1
R0043,P25,outbound,H2,other,V3,taxi_conventionne,standard_assis,1
R0043,P25,outbound,H2,other,V4,taxi_conventionne,standard_assis,1
R0043,P25,outbound,H2,other,V5,taxi_conventionne,standard_assis,1
R0043,P25,outbound,H2,other,V6,taxi_conventionne,standard_assis,1
R0043,P25,outbound,H2,other,V7,taxi_conventionne,standard_assis,1
R0043,P25,outbound,H2,other,V8,taxi_conventionne,standard_assis,1
R0043,P25,outbound,H2,other,V9,taxi_conventionne,standard_assis,1
R0043,P25,outbound,H2,other,V10,taxi_conventionne,standard_assis,1
R0043,P25,outbound,H2,other,V11,vsl,standard_assis,1
R0043,P25,outbound,H2,other,V12,vsl,standard_assis,1
R0043,P25,outbound,H2,other,V13,vsl,standard_assis,1
R0043,P25,outbound,H2,other,V14,vsl,standard_assis,1
R0043,P25,outbound,H2,other,V15,vsl,standard_assis,1
R0043,P25,outbound,H2,other,V16,vsl,standard_assis,1
R0043,P25,outbound,H2,other,V17,vsl,standard_assis,1
R0043,P25,outbound,H2,other,V18,vtc_premium,standard_assis,1
R0043,P25,outbound,H2,other,V19,vtc_premium,standard_assis,1
R0043,P25,outbound,H2,other,V20,vtc_premium,standard_assis,1
R0044,P25,return,H2,other,V1,taxi_conventionne,standard_assis,1
R0044,P25,return,H2,other,V2,taxi_conventionne,standard_assis,1
R0044,P25,return,H2,other,V3,taxi_conventionne,standard_assis,1
R0044,P25,return,H2,other,V4,taxi_conventionne,standard_assis,1
R0044,P25,return,H2,other,V5,taxi_conventionne,standard_assis,1
R0044,P25,return,H2,other,V6,taxi_conventionne,standard_assis,1
R0044,P25,return,H2,other,V7,taxi_conventionne,standard_assis,1
R0044,P25,return,H2,other,V8,taxi_conventionne,standard_assis,1
R0044,P25,return,H2,other,V9,taxi_conventionne,standard_assis,1
R0044,P25,return,H2,other,V10,taxi_conventionne,standard_assis,1
R0044,P25,return,H2,other,V11,vsl,standard_assis,1
R0044,P25,return,H2,other,V12,vsl,standard_assis,1
R0044,P25,return,H2,other,V13,vsl,standard_assis,1
R0044,P25,return,H2,other,V14,vsl,standard_assis,1
R0044,P25,return,H2,other,V15,vsl,standard_assis,1
R0044,P25,return,H2,other,V16,vsl,standard_assis,1
R0044,P25,return,H2,other,V17,vsl,standard_assis,1
R0044,P25,return,H2,other,V18,vtc_premium,standard_assis,1
R0044,P25,return,H2,other,V19,vtc_premium,standard_assis,1
R0044,P25,return,H2,other,V20,vtc_premium,standard_assis,1
R0045,P26,outbound,H2,dialysis,V1,taxi_conventionne,vsl_required,0
R0045,P26,outbound,H2,dialysis,V2,taxi_conventionne,vsl_required,0
R0045,P26,outbound,H2,dialysis,V3,taxi_conventionne,vsl_required,0
R0045,P26,outbound,H2,dialysis,V4,taxi_conventionne,vsl_required,0
R0045,P26,outbound,H2,dialysis,V5,taxi_conventionne,vsl_required,0
R0045,P26,outbound,H2,dialysis,V6,taxi_conventionne,vsl_required,0
R0045,P26,outbound,H2,dialysis,V7,taxi_conventionne,vsl_required,0
R0045,P26,outbound,H2,dialysis,V8,taxi_conventionne,vsl_required,0
R0045,P26,outbound,H2,dialysis,V9,taxi_conventionne,vsl_required,0
R0045,P26,outbound,H2,dialysis,V10,taxi_conventionne,vsl_required,0
R0045,P26,outbound,H2,dialysis,V11,vsl,vsl_required,1
R0045,P26,outbound,H2,dialysis,V12,vsl,vsl_required,1
R0045,P26,outbound,H2,dialysis,V13,vsl,vsl_required,1
R0045,P26,outbound,H2,dialysis,V14,vsl,vsl_required,1
R0045,P26,outbound,H2,dialysis,V15,vsl,vsl_required,1
R0045,P26,outbound,H2,dialysis,V16,vsl,vsl_required,1
R0045,P26,outbound,H2,dialysis,V17,vsl,vsl_required,1
R0045,P26,outbound,H2,dialysis,V18,vtc_premium,vsl_required,0
R0045,P26,outbound,H2,dialysis,V19,vtc_premium,vsl_required,0
R0045,P26,outbound,H2,dialysis,V20,vtc_premium,vsl_required,0
R0046,P27,outbound,H1,oncology,V1,taxi_conventionne,prescription_medicale,1
R0046,P27,outbound,H1,oncology,V2,taxi_conventionne,prescription_medicale,1
R0046,P27,outbound,H1,oncology,V3,taxi_conventionne,prescription_medicale,1
R0046,P27,outbound,H1,oncology,V4,taxi_conventionne,prescription_medicale,1
R0046,P27,outbound,H1,oncology,V5,taxi_conventionne,prescription_medicale,1
R0046,P27,outbound,H1,oncology,V6,taxi_conventionne,prescription_medicale,1
R0046,P27,outbound,H1,oncology,V7,taxi_conventionne,prescription_medicale,1
R0046,P27,outbound,H1,oncology,V8,taxi_conventionne,prescription_medicale,1
R0046,P27,outbound,H1,oncology,V9,taxi_conventionne,prescription_medicale,1
R0046,P27,outbound,H1,oncology,V10,taxi_conventionne,prescription_medicale,1
R0046,P27,outbound,H1,oncology,V11,vsl,prescription_medicale,1
R0046,P27,outbound,H1,oncology,V12,vsl,prescription_medicale,1
R0046,P27,outbound,H1,oncology,V13,vsl,prescription_medicale,1
R0046,P27,outbound,H1,oncology,V14,vsl,prescription_medicale,1
R0046,P27,outbound,H1,oncology,V15,vsl,prescription_medicale,1
R0046,P27,outbound,H1,oncology,V16,vsl,prescription_medicale,1
R0046,P27,outbound,H1,oncology,V17,vsl,prescription_medicale,1
R0046,P27,outbound,H1,oncology,V18,vtc_premium,prescription_medicale,0
R0046,P27,outbound,H1,oncology,V19,vtc_premium,prescription_medicale,0
R0046,P27,outbound,H1,oncology,V20,vtc_premium,prescription_medicale,0
R0047,P27,return,H1,oncology,V1,taxi_conventionne,prescription_medicale,1
R0047,P27,return,H1,oncology,V2,taxi_conventionne,prescription_medicale,1
R0047,P27,return,H1,oncology,V3,taxi_conventionne,prescription_medicale,1
R0047,P27,return,H1,oncology,V4,taxi_conventionne,prescription_medicale,1
R0047,P27,return,H1,oncology,V5,taxi_conventionne,prescription_medicale,1
R0047,P27,return,H1,oncology,V6,taxi_conventionne,prescription_medicale,1
R0047,P27,return,H1,oncology,V7,taxi_conventionne,prescription_medicale,1
R0047,P27,return,H1,oncology,V8,taxi_conventionne,prescription_medicale,1
R0047,P27,return,H1,oncology,V9,taxi_conventionne,prescription_medicale,1
R0047,P27,return,H1,oncology,V10,taxi_conventionne,prescription_medicale,1
R0047,P27,return,H1,oncology,V11,vsl,prescription_medicale,1
R0047,P27,return,H1,oncology,V12,vsl,prescription_medicale,1
R0047,P27,return,H1,oncology,V13,vsl,prescription_medicale,1
R0047,P27,return,H1,oncology,V14,vsl,prescription_medicale,1
R0047,P27,return,H1,oncology,V15,vsl,prescription_medicale,1
R0047,P27,return,H1,oncology,V16,vsl,prescription_medicale,1
R0047,P27,return,H1,oncology,V17,vsl,prescription_medicale,1
R0047,P27,return,H1,oncology,V18,vtc_premium,prescription_medicale,0
R0047,P27,return,H1,oncology,V19,vtc_premium,prescription_medicale,0
R0047,P27,return,H1,oncology,V20,vtc_premium,prescription_medicale,0
R0048,P28,outbound,H1,dialysis,V1,taxi_conventionne,vsl_required,0
R0048,P28,outbound,H1,dialysis,V2,taxi_conventionne,vsl_required,0
R0048,P28,outbound,H1,dialysis,V3,taxi_conventionne,vsl_required,0
R0048,P28,outbound,H1,dialysis,V4,taxi_conventionne,vsl_required,0
R0048,P28,outbound,H1,dialysis,V5,taxi_conventionne,vsl_required,0
R0048,P28,outbound,H1,dialysis,V6,taxi_conventionne,vsl_required,0
R0048,P28,outbound,H1,dialysis,V7,taxi_conventionne,vsl_required,0
R0048,P28,outbound,H1,dialysis,V8,taxi_conventionne,vsl_required,0
R0048,P28,outbound,H1,dialysis,V9,taxi_conventionne,vsl_required,0
R0048,P28,outbound,H1,dialysis,V10,taxi_conventionne,vsl_required,0
R0048,P28,outbound,H1,dialysis,V11,vsl,vsl_required,1
R0048,P28,outbound,H1,dialysis,V12,vsl,vsl_required,1
R0048,P28,outbound,H1,dialysis,V13,vsl,vsl_required,1
R0048,P28,outbound,H1,dialysis,V14,vsl,vsl_required,1
R0048,P28,outbound,H1,dialysis,V15,vsl,vsl_required,1
R0048,P28,outbound,H1,dialysis,V16,vsl,vsl_required,1
R0048,P28,outbound,H1,dialysis,V17,vsl,vsl_required,1
R0048,P28,outbound,H1,dialysis,V18,vtc_premium,vsl_required,0
R0048,P28,outbound,H1,dialysis,V19,vtc_premium,vsl_required,0
R0048,P28,outbound,H1,dialysis,V20,vtc_premium,vsl_required,0
R0049,P29,outbound,H1,dialysis,V1,taxi_conventionne,vsl_required,0
R0049,P29,outbound,H1,dialysis,V2,taxi_conventionne,vsl_required,0
R0049,P29,outbound,H1,dialysis,V3,taxi_conventionne,vsl_required,0
R0049,P29,outbound,H1,dialysis,V4,taxi_conventionne,vsl_required,0
R0049,P29,outbound,H1,dialysis,V5,taxi_conventionne,vsl_required,0
R0049,P29,outbound,H1,dialysis,V6,taxi_conventionne,vsl_required,0
R0049,P29,outbound,H1,dialysis,V7,taxi_conventionne,vsl_required,0
R0049,P29,outbound,H1,dialysis,V8,taxi_conventionne,vsl_required,0
R0049,P29,outbound,H1,dialysis,V9,taxi_conventionne,vsl_required,0
R0049,P29,outbound,H1,dialysis,V10,taxi_conventionne,vsl_required,0
R0049,P29,outbound,H1,dialysis,V11,vsl,vsl_required,1
R0049,P29,outbound,H1,dialysis,V12,vsl,vsl_required,1
R0049,P29,outbound,H1,dialysis,V13,vsl,vsl_required,1
R0049,P29,outbound,H1,dialysis,V14,vsl,vsl_required,1
R0049,P29,outbound,H1,dialysis,V15,vsl,vsl_required,1
R0049,P29,outbound,H1,dialysis,V16,vsl,vsl_required,1
R0049,P29,outbound,H1,dialysis,V17,vsl,vsl_required,1
R0049,P29,outbound,H1,dialysis,V18,vtc_premium,vsl_required,0
R0049,P29,outbound,H1,dialysis,V19,vtc_premium,vsl_required,0
R0049,P29,outbound,H1,dialysis,V20,vtc_premium,vsl_required,0
R0050,P29,return,H1,dialysis,V1,taxi_conventionne,vsl_required,0
R0050,P29,return,H1,dialysis,V2,taxi_conventionne,vsl_required,0
R0050,P29,return,H1,dialysis,V3,taxi_conventionne,vsl_required,0
R0050,P29,return,H1,dialysis,V4,taxi_conventionne,vsl_required,0
R0050,P29,return,H1,dialysis,V5,taxi_conventionne,vsl_required,0
R0050,P29,return,H1,dialysis,V6,taxi_conventionne,vsl_required,0
R0050,P29,return,H1,dialysis,V7,taxi_conventionne,vsl_required,0
R0050,P29,return,H1,dialysis,V8,taxi_conventionne,vsl_required,0
R0050,P29,return,H1,dialysis,V9,taxi_conventionne,vsl_required,0
R0050,P29,return,H1,dialysis,V10,taxi_conventionne,vsl_required,0
R0050,P29,return,H1,dialysis,V11,vsl,vsl_required,1
R0050,P29,return,H1,dialysis,V12,vsl,vsl_required,1
R0050,P29,return,H1,dialysis,V13,vsl,vsl_required,1
R0050,P29,return,H1,dialysis,V14,vsl,vsl_required,1
R0050,P29,return,H1,dialysis,V15,vsl,vsl_required,1
R0050,P29,return,H1,dialysis,V16,vsl,vsl_required,1
R0050,P29,return,H1,dialysis,V17,vsl,vsl_required,1
R0050,P29,return,H1,dialysis,V18,vtc_premium,vsl_required,0
R0050,P29,return,H1,dialysis,V19,vtc_premium,vsl_required,0
R0050,P29,return,H1,dialysis,V20,vtc_premium,vsl_required,0
R0051,P30,outbound,H1,external,V1,taxi_conventionne,standard_assis,1
R0051,P30,outbound,H1,external,V2,taxi_conventionne,standard_assis,1
R0051,P30,outbound,H1,external,V3,taxi_conventionne,standard_assis,1
R0051,P30,outbound,H1,external,V4,taxi_conventionne,standard_assis,1
R0051,P30,outbound,H1,external,V5,taxi_conventionne,standard_assis,1
R0051,P30,outbound,H1,external,V6,taxi_conventionne,standard_assis,1
R0051,P30,outbound,H1,external,V7,taxi_conventionne,standard_assis,1
R0051,P30,outbound,H1,external,V8,taxi_conventionne,standard_assis,1
R0051,P30,outbound,H1,external,V9,taxi_conventionne,standard_assis,1
R0051,P30,outbound,H1,external,V10,taxi_conventionne,standard_assis,1
R0051,P30,outbound,H1,external,V11,vsl,standard_assis,1
R0051,P30,outbound,H1,external,V12,vsl,standard_assis,1
R0051,P30,outbound,H1,external,V13,vsl,standard_assis,1
R0051,P30,outbound,H1,external,V14,vsl,standard_assis,1
R0051,P30,outbound,H1,external,V15,vsl,standard_assis,1
R0051,P30,outbound,H1,external,V16,vsl,standard_assis,1
R0051,P30,outbound,H1,external,V17,vsl,standard_assis,1
R0051,P30,outbound,H1,external,V18,vtc_premium,standard_assis,1
R0051,P30,outbound,H1,external,V19,vtc_premium,standard_assis,1
R0051,P30,outbound,H1,external,V20,vtc_premium,standard_assis,1
R0052,P30,return,H1,external,V1,taxi_conventionne,standard_assis,1
R0052,P30,return,H1,external,V2,taxi_conventionne,standard_assis,1
R0052,P30,return,H1,external,V3,taxi_conventionne,standard_assis,1
R0052,P30,return,H1,external,V4,taxi_conventionne,standard_assis,1
R0052,P30,return,H1,external,V5,taxi_conventionne,standard_assis,1
R0052,P30,return,H1,external,V6,taxi_conventionne,standard_assis,1
R0052,P30,return,H1,external,V7,taxi_conventionne,standard_assis,1
R0052,P30,return,H1,external,V8,taxi_conventionne,standard_assis,1
R0052,P30,return,H1,external,V9,taxi_conventionne,standard_assis,1
R0052,P30,return,H1,external,V10,taxi_conventionne,standard_assis,1
R0052,P30,return,H1,external,V11,vsl,standard_assis,1
R0052,P30,return,H1,external,V12,vsl,standard_assis,1
R0052,P30,return,H1,external,V13,vsl,standard_assis,1
R0052,P30,return,H1,external,V14,vsl,standard_assis,1
R0052,P30,return,H1,external,V15,vsl,standard_assis,1
R0052,P30,return,H1,external,V16,vsl,standard_assis,1
R0052,P30,return,H1,external,V17,vsl,standard_assis,1
R0052,P30,return,H1,external,V18,vtc_premium,standard_assis,1
R0052,P30,return,H1,external,V19,vtc_premium,standard_assis,1
R0052,P30,return,H1,external,V20,vtc_premium,standard_assis,1
R0053,P31,outbound,H1,dialysis,V1,taxi_conventionne,vsl_required,0
R0053,P31,outbound,H1,dialysis,V2,taxi_conventionne,vsl_required,0
R0053,P31,outbound,H1,dialysis,V3,taxi_conventionne,vsl_required,0
R0053,P31,outbound,H1,dialysis,V4,taxi_conventionne,vsl_required,0
R0053,P31,outbound,H1,dialysis,V5,taxi_conventionne,vsl_required,0
R0053,P31,outbound,H1,dialysis,V6,taxi_conventionne,vsl_required,0
R0053,P31,outbound,H1,dialysis,V7,taxi_conventionne,vsl_required,0
R0053,P31,outbound,H1,dialysis,V8,taxi_conventionne,vsl_required,0
R0053,P31,outbound,H1,dialysis,V9,taxi_conventionne,vsl_required,0
R0053,P31,outbound,H1,dialysis,V10,taxi_conventionne,vsl_required,0
R0053,P31,outbound,H1,dialysis,V11,vsl,vsl_required,1
R0053,P31,outbound,H1,dialysis,V12,vsl,vsl_required,1
R0053,P31,outbound,H1,dialysis,V13,vsl,vsl_required,1
R0053,P31,outbound,H1,dialysis,V14,vsl,vsl_required,1
R0053,P31,outbound,H1,dialysis,V15,vsl,vsl_required,1
R0053,P31,outbound,H1,dialysis,V16,vsl,vsl_required,1
R0053,P31,outbound,H1,dialysis,V17,vsl,vsl_required,1
R0053,P31,outbound,H1,dialysis,V18,vtc_premium,vsl_required,0
R0053,P31,outbound,H1,dialysis,V19,vtc_premium,vsl_required,0
R0053,P31,outbound,H1,dialysis,V20,vtc_premium,vsl_required,0
R0054,P31,return,H1,dialysis,V1,taxi_conventionne,vsl_required,0
R0054,P31,return,H1,dialysis,V2,taxi_conventionne,vsl_required,0
R0054,P31,return,H1,dialysis,V3,taxi_conventionne,vsl_required,0
R0054,P31,return,H1,dialysis,V4,taxi_conventionne,vsl_required,0
R0054,P31,return,H1,dialysis,V5,taxi_conventionne,vsl_required,0
R0054,P31,return,H1,dialysis,V6,taxi_conventionne,vsl_required,0
R0054,P31,return,H1,dialysis,V7,taxi_conventionne,vsl_required,0
R0054,P31,return,H1,dialysis,V8,taxi_conventionne,vsl_required,0
R0054,P31,return,H1,dialysis,V9,taxi_conventionne,vsl_required,0
R0054,P31,return,H1,dialysis,V10,taxi_conventionne,vsl_required,0
R0054,P31,return,H1,dialysis,V11,vsl,vsl_required,1
R0054,P31,return,H1,dialysis,V12,vsl,vsl_required,1
R0054,P31,return,H1,dialysis,V13,vsl,vsl_required,1
R0054,P31,return,H1,dialysis,V14,vsl,vsl_required,1
R0054,P31,return,H1,dialysis,V15,vsl,vsl_required,1
R0054,P31,return,H1,dialysis,V16,vsl,vsl_required,1
R0054,P31,return,H1,dialysis,V17,vsl,vsl_required,1
R0054,P31,return,H1,dialysis,V18,vtc_premium,vsl_required,0
R0054,P31,return,H1,dialysis,V19,vtc_premium,vsl_required,0
R0054,P31,return,H1,dialysis,V20,vtc_premium,vsl_required,0
R0055,P32,outbound,H3,dialysis,V1,taxi_conventionne,vsl_required,0
R0055,P32,outbound,H3,dialysis,V2,taxi_conventionne,vsl_required,0
R0055,P32,outbound,H3,dialysis,V3,taxi_conventionne,vsl_required,0
R0055,P32,outbound,H3,dialysis,V4,taxi_conventionne,vsl_required,0
R0055,P32,outbound,H3,dialysis,V5,taxi_conventionne,vsl_required,0
R0055,P32,outbound,H3,dialysis,V6,taxi_conventionne,vsl_required,0
R0055,P32,outbound,H3,dialysis,V7,taxi_conventionne,vsl_required,0
R0055,P32,outbound,H3,dialysis,V8,taxi_conventionne,vsl_required,0
R0055,P32,outbound,H3,dialysis,V9,taxi_conventionne,vsl_required,0
R0055,P32,outbound,H3,dialysis,V10,taxi_conventionne,vsl_required,0
R0055,P32,outbound,H3,dialysis,V11,vsl,vsl_required,1
R0055,P32,outbound,H3,dialysis,V12,vsl,vsl_required,1
R0055,P32,outbound,H3,dialysis,V13,vsl,vsl_required,1
R0055,P32,outbound,H3,dialysis,V14,vsl,vsl_required,1
R0055,P32,outbound,H3,dialysis,V15,vsl,vsl_required,1
R0055,P32,outbound,H3,dialysis,V16,vsl,vsl_required,1
R0055,P32,outbound,H3,dialysis,V17,vsl,vsl_required,1
R0055,P32,outbound,H3,dialysis,V18,vtc_premium,vsl_required,0
R0055,P32,outbound,H3,dialysis,V19,vtc_premium,vsl_required,0
R0055,P32,outbound,H3,dialysis,V20,vtc_premium,vsl_required,0
R0056,P32,return,H3,dialysis,V1,taxi_conventionne,vsl_required,0
R0056,P32,return,H3,dialysis,V2,taxi_conventionne,vsl_required,0
R0056,P32,return,H3,dialysis,V3,taxi_conventionne,vsl_required,0
R0056,P32,return,H3,dialysis,V4,taxi_conventionne,vsl_required,0
R0056,P32,return,H3,dialysis,V5,taxi_conventionne,vsl_required,0
R0056,P32,return,H3,dialysis,V6,taxi_conventionne,vsl_required,0
R0056,P32,return,H3,dialysis,V7,taxi_conventionne,vsl_required,0
R0056,P32,return,H3,dialysis,V8,taxi_conventionne,vsl_required,0
R0056,P32,return,H3,dialysis,V9,taxi_conventionne,vsl_required,0
R0056,P32,return,H3,dialysis,V10,taxi_conventionne,vsl_required,0
R0056,P32,return,H3,dialysis,V11,vsl,vsl_required,1
R0056,P32,return,H3,dialysis,V12,vsl,vsl_required,1
R0056,P32,return,H3,dialysis,V13,vsl,vsl_required,1
R0056,P32,return,H3,dialysis,V14,vsl,vsl_required,1
R0056,P32,return,H3,dialysis,V15,vsl,vsl_required,1
R0056,P32,return,H3,dialysis,V16,vsl,vsl_required,1
R0056,P32,return,H3,dialysis,V17,vsl,vsl_required,1
R0056,P32,return,H3,dialysis,V18,vtc_premium,vsl_required,0
R0056,P32,return,H3,dialysis,V19,vtc_premium,vsl_required,0
R0056,P32,return,H3,dialysis,V20,vtc_premium,vsl_required,0
R0057,P33,outbound,H3,dialysis,V1,taxi_conventionne,vsl_required,0
R0057,P33,outbound,H3,dialysis,V2,taxi_conventionne,vsl_required,0
R0057,P33,outbound,H3,dialysis,V3,taxi_conventionne,vsl_required,0
R0057,P33,outbound,H3,dialysis,V4,taxi_conventionne,vsl_required,0
R0057,P33,outbound,H3,dialysis,V5,taxi_conventionne,vsl_required,0
R0057,P33,outbound,H3,dialysis,V6,taxi_conventionne,vsl_required,0
R0057,P33,outbound,H3,dialysis,V7,taxi_conventionne,vsl_required,0
R0057,P33,outbound,H3,dialysis,V8,taxi_conventionne,vsl_required,0
R0057,P33,outbound,H3,dialysis,V9,taxi_conventionne,vsl_required,0
R0057,P33,outbound,H3,dialysis,V10,taxi_conventionne,vsl_required,0
R0057,P33,outbound,H3,dialysis,V11,vsl,vsl_required,1
R0057,P33,outbound,H3,dialysis,V12,vsl,vsl_required,1
R0057,P33,outbound,H3,dialysis,V13,vsl,vsl_required,1
R0057,P33,outbound,H3,dialysis,V14,vsl,vsl_required,1
R0057,P33,outbound,H3,dialysis,V15,vsl,vsl_required,1
R0057,P33,outbound,H3,dialysis,V16,vsl,vsl_required,1
R0057,P33,outbound,H3,dialysis,V17,vsl,vsl_required,1
R0057,P33,outbound,H3,dialysis,V18,vtc_premium,vsl_required,0
R0057,P33,outbound,H3,dialysis,V19,vtc_premium,vsl_required,0
R0057,P33,outbound,H3,dialysis,V20,vtc_premium,vsl_required,0
R0058,P34,outbound,H2,oncology,V1,taxi_conventionne,vsl_required,0
R0058,P34,outbound,H2,oncology,V2,taxi_conventionne,vsl_required,0
R0058,P34,outbound,H2,oncology,V3,taxi_conventionne,vsl_required,0
R0058,P34,outbound,H2,oncology,V4,taxi_conventionne,vsl_required,0
R0058,P34,outbound,H2,oncology,V5,taxi_conventionne,vsl_required,0
R0058,P34,outbound,H2,oncology,V6,taxi_conventionne,vsl_required,0
R0058,P34,outbound,H2,oncology,V7,taxi_conventionne,vsl_required,0
R0058,P34,outbound,H2,oncology,V8,taxi_conventionne,vsl_required,0
R0058,P34,outbound,H2,oncology,V9,taxi_conventionne,vsl_required,0
R0058,P34,outbound,H2,oncology,V10,taxi_conventionne,vsl_required,0
R0058,P34,outbound,H2,oncology,V11,vsl,vsl_required,1
R0058,P34,outbound,H2,oncology,V12,vsl,vsl_required,1
R0058,P34,outbound,H2,oncology,V13,vsl,vsl_required,1
R0058,P34,outbound,H2,oncology,V14,vsl,vsl_required,1
R0058,P34,outbound,H2,oncology,V15,vsl,vsl_required,1
R0058,P34,outbound,H2,oncology,V16,vsl,vsl_required,1
R0058,P34,outbound,H2,oncology,V17,vsl,vsl_required,1
R0058,P34,outbound,H2,oncology,V18,vtc_premium,vsl_required,0
R0058,P34,outbound,H2,oncology,V19,vtc_premium,vsl_required,0
R0058,P34,outbound,H2,oncology,V20,vtc_premium,vsl_required,0
R0059,P34,return,H2,oncology,V1,taxi_conventionne,vsl_required,0
R0059,P34,return,H2,oncology,V2,taxi_conventionne,vsl_required,0
R0059,P34,return,H2,oncology,V3,taxi_conventionne,vsl_required,0
R0059,P34,return,H2,oncology,V4,taxi_conventionne,vsl_required,0
R0059,P34,return,H2,oncology,V5,taxi_conventionne,vsl_required,0
R0059,P34,return,H2,oncology,V6,taxi_conventionne,vsl_required,0
R0059,P34,return,H2,oncology,V7,taxi_conventionne,vsl_required,0
R0059,P34,return,H2,oncology,V8,taxi_conventionne,vsl_required,0
R0059,P34,return,H2,oncology,V9,taxi_conventionne,vsl_required,0
R0059,P34,return,H2,oncology,V10,taxi_conventionne,vsl_required,0
R0059,P34,return,H2,oncology,V11,vsl,vsl_required,1
R0059,P34,return,H2,oncology,V12,vsl,vsl_required,1
R0059,P34,return,H2,oncology,V13,vsl,vsl_required,1
R0059,P34,return,H2,oncology,V14,vsl,vsl_required,1
R0059,P34,return,H2,oncology,V15,vsl,vsl_required,1
R0059,P34,return,H2,oncology,V16,vsl,vsl_required,1
R0059,P34,return,H2,oncology,V17,vsl,vsl_required,1
R0059,P34,return,H2,oncology,V18,vtc_premium,vsl_required,0
R0059,P34,return,H2,oncology,V19,vtc_premium,vsl_required,0
R0059,P34,return,H2,oncology,V20,vtc_premium,vsl_required,0
R0060,P35,outbound,H1,oncology,V1,taxi_conventionne,vsl_required,0
R0060,P35,outbound,H1,oncology,V2,taxi_conventionne,vsl_required,0
R0060,P35,outbound,H1,oncology,V3,taxi_conventionne,vsl_required,0
R0060,P35,outbound,H1,oncology,V4,taxi_conventionne,vsl_required,0
R0060,P35,outbound,H1,oncology,V5,taxi_conventionne,vsl_required,0
R0060,P35,outbound,H1,oncology,V6,taxi_conventionne,vsl_required,0
R0060,P35,outbound,H1,oncology,V7,taxi_conventionne,vsl_required,0
R0060,P35,outbound,H1,oncology,V8,taxi_conventionne,vsl_required,0
R0060,P35,outbound,H1,oncology,V9,taxi_conventionne,vsl_required,0
R0060,P35,outbound,H1,oncology,V10,taxi_conventionne,vsl_required,0
R0060,P35,outbound,H1,oncology,V11,vsl,vsl_required,1
R0060,P35,outbound,H1,oncology,V12,vsl,vsl_required,1
R0060,P35,outbound,H1,oncology,V13,vsl,vsl_required,1
R0060,P35,outbound,H1,oncology,V14,vsl,vsl_required,1
R0060,P35,outbound,H1,oncology,V15,vsl,vsl_required,1
R0060,P35,outbound,H1,oncology,V16,vsl,vsl_required,1
R0060,P35,outbound,H1,oncology,V17,vsl,vsl_required,1
R0060,P35,outbound,H1,oncology,V18,vtc_premium,vsl_required,0
R0060,P35,outbound,H1,oncology,V19,vtc_premium,vsl_required,0
R0060,P35,outbound,H1,oncology,V20,vtc_premium,vsl_required,0
R0061,P35,return,H1,oncology,V1,taxi_conventionne,vsl_required,0
R0061,P35,return,H1,oncology,V2,taxi_conventionne,vsl_required,0
R0061,P35,return,H1,oncology,V3,taxi_conventionne,vsl_required,0
R0061,P35,return,H1,oncology,V4,taxi_conventionne,vsl_required,0
R0061,P35,return,H1,oncology,V5,taxi_conventionne,vsl_required,0
R0061,P35,return,H1,oncology,V6,taxi_conventionne,vsl_required,0
R0061,P35,return,H1,oncology,V7,taxi_conventionne,vsl_required,0
R0061,P35,return,H1,oncology,V8,taxi_conventionne,vsl_required,0
R0061,P35,return,H1,oncology,V9,taxi_conventionne,vsl_required,0
R0061,P35,return,H1,oncology,V10,taxi_conventionne,vsl_required,0
R0061,P35,return,H1,oncology,V11,vsl,vsl_required,1
R0061,P35,return,H1,oncology,V12,vsl,vsl_required,1
R0061,P35,return,H1,oncology,V13,vsl,vsl_required,1
R0061,P35,return,H1,oncology,V14,vsl,vsl_required,1
R0061,P35,return,H1,oncology,V15,vsl,vsl_required,1
R0061,P35,return,H1,oncology,V16,vsl,vsl_required,1
R0061,P35,return,H1,oncology,V17,vsl,vsl_required,1
R0061,P35,return,H1,oncology,V18,vtc_premium,vsl_required,0
R0061,P35,return,H1,oncology,V19,vtc_premium,vsl_required,0
R0061,P35,return,H1,oncology,V20,vtc_premium,vsl_required,0
R0062,P36,outbound,H1,dialysis,V1,taxi_conventionne,vsl_required,0
R0062,P36,outbound,H1,dialysis,V2,taxi_conventionne,vsl_required,0
R0062,P36,outbound,H1,dialysis,V3,taxi_conventionne,vsl_required,0
R0062,P36,outbound,H1,dialysis,V4,taxi_conventionne,vsl_required,0
R0062,P36,outbound,H1,dialysis,V5,taxi_conventionne,vsl_required,0
R0062,P36,outbound,H1,dialysis,V6,taxi_conventionne,vsl_required,0
R0062,P36,outbound,H1,dialysis,V7,taxi_conventionne,vsl_required,0
R0062,P36,outbound,H1,dialysis,V8,taxi_conventionne,vsl_required,0
R0062,P36,outbound,H1,dialysis,V9,taxi_conventionne,vsl_required,0
R0062,P36,outbound,H1,dialysis,V10,taxi_conventionne,vsl_required,0
R0062,P36,outbound,H1,dialysis,V11,vsl,vsl_required,1
R0062,P36,outbound,H1,dialysis,V12,vsl,vsl_required,1
R0062,P36,outbound,H1,dialysis,V13,vsl,vsl_required,1
R0062,P36,outbound,H1,dialysis,V14,vsl,vsl_required,1
R0062,P36,outbound,H1,dialysis,V15,vsl,vsl_required,1
R0062,P36,outbound,H1,dialysis,V16,vsl,vsl_required,1
R0062,P36,outbound,H1,dialysis,V17,vsl,vsl_required,1
R0062,P36,outbound,H1,dialysis,V18,vtc_premium,vsl_required,0
R0062,P36,outbound,H1,dialysis,V19,vtc_premium,vsl_required,0
R0062,P36,outbound,H1,dialysis,V20,vtc_premium,vsl_required,0
R0063,P37,outbound,H1,external,V1,taxi_conventionne,standard_assis,1
R0063,P37,outbound,H1,external,V2,taxi_conventionne,standard_assis,1
R0063,P37,outbound,H1,external,V3,taxi_conventionne,standard_assis,1
R0063,P37,outbound,H1,external,V4,taxi_conventionne,standard_assis,1
R0063,P37,outbound,H1,external,V5,taxi_conventionne,standard_assis,1
R0063,P37,outbound,H1,external,V6,taxi_conventionne,standard_assis,1
R0063,P37,outbound,H1,external,V7,taxi_conventionne,standard_assis,1
R0063,P37,outbound,H1,external,V8,taxi_conventionne,standard_assis,1
R0063,P37,outbound,H1,external,V9,taxi_conventionne,standard_assis,1
R0063,P37,outbound,H1,external,V10,taxi_conventionne,standard_assis,1
R0063,P37,outbound,H1,external,V11,vsl,standard_assis,1
R0063,P37,outbound,H1,external,V12,vsl,standard_assis,1
R0063,P37,outbound,H1,external,V13,vsl,standard_assis,1
R0063,P37,outbound,H1,external,V14,vsl,standard_assis,1
R0063,P37,outbound,H1,external,V15,vsl,standard_assis,1
R0063,P37,outbound,H1,external,V16,vsl,standard_assis,1
R0063,P37,outbound,H1,external,V17,vsl,standard_assis,1
R0063,P37,outbound,H1,external,V18,vtc_premium,standard_assis,1
R0063,P37,outbound,H1,external,V19,vtc_premium,standard_assis,1
R0063,P37,outbound,H1,external,V20,vtc_premium,standard_assis,1
R0064,P37,return,H1,external,V1,taxi_conventionne,standard_assis,1
R0064,P37,return,H1,external,V2,taxi_conventionne,standard_assis,1
R0064,P37,return,H1,external,V3,taxi_conventionne,standard_assis,1
R0064,P37,return,H1,external,V4,taxi_conventionne,standard_assis,1
R0064,P37,return,H1,external,V5,taxi_conventionne,standard_assis,1
R0064,P37,return,H1,external,V6,taxi_conventionne,standard_assis,1
R0064,P37,return,H1,external,V7,taxi_conventionne,standard_assis,1
R0064,P37,return,H1,external,V8,taxi_conventionne,standard_assis,1
R0064,P37,return,H1,external,V9,taxi_conventionne,standard_assis,1
R0064,P37,return,H1,external,V10,taxi_conventionne,standard_assis,1
R0064,P37,return,H1,external,V11,vsl,standard_assis,1
R0064,P37,return,H1,external,V12,vsl,standard_assis,1
R0064,P37,return,H1,external,V13,vsl,standard_assis,1
R0064,P37,return,H1,external,V14,vsl,standard_assis,1
R0064,P37,return,H1,external,V15,vsl,standard_assis,1
R0064,P37,return,H1,external,V16,vsl,standard_assis,1
R0064,P37,return,H1,external,V17,vsl,standard_assis,1
R0064,P37,return,H1,external,V18,vtc_premium,standard_assis,1
R0064,P37,return,H1,external,V19,vtc_premium,standard_assis,1
R0064,P37,return,H1,external,V20,vtc_premium,standard_assis,1
R0065,P38,outbound,H1,dialysis,V1,taxi_conventionne,vsl_required,0
R0065,P38,outbound,H1,dialysis,V2,taxi_conventionne,vsl_required,0
R0065,P38,outbound,H1,dialysis,V3,taxi_conventionne,vsl_required,0
R0065,P38,outbound,H1,dialysis,V4,taxi_conventionne,vsl_required,0
R0065,P38,outbound,H1,dialysis,V5,taxi_conventionne,vsl_required,0
R0065,P38,outbound,H1,dialysis,V6,taxi_conventionne,vsl_required,0
R0065,P38,outbound,H1,dialysis,V7,taxi_conventionne,vsl_required,0
R0065,P38,outbound,H1,dialysis,V8,taxi_conventionne,vsl_required,0
R0065,P38,outbound,H1,dialysis,V9,taxi_conventionne,vsl_required,0
R0065,P38,outbound,H1,dialysis,V10,taxi_conventionne,vsl_required,0
R0065,P38,outbound,H1,dialysis,V11,vsl,vsl_required,1
R0065,P38,outbound,H1,dialysis,V12,vsl,vsl_required,1
R0065,P38,outbound,H1,dialysis,V13,vsl,vsl_required,1
R0065,P38,outbound,H1,dialysis,V14,vsl,vsl_required,1
R0065,P38,outbound,H1,dialysis,V15,vsl,vsl_required,1
R0065,P38,outbound,H1,dialysis,V16,vsl,vsl_required,1
R0065,P38,outbound,H1,dialysis,V17,vsl,vsl_required,1
R0065,P38,outbound,H1,dialysis,V18,vtc_premium,vsl_required,0
R0065,P38,outbound,H1,dialysis,V19,vtc_premium,vsl_required,0
R0065,P38,outbound,H1,dialysis,V20,vtc_premium,vsl_required,0
R0066,P38,return,H1,dialysis,V1,taxi_conventionne,vsl_required,0
R0066,P38,return,H1,dialysis,V2,taxi_conventionne,vsl_required,0
R0066,P38,return,H1,dialysis,V3,taxi_conventionne,vsl_required,0
R0066,P38,return,H1,dialysis,V4,taxi_conventionne,vsl_required,0
R0066,P38,return,H1,dialysis,V5,taxi_conventionne,vsl_required,0
R0066,P38,return,H1,dialysis,V6,taxi_conventionne,vsl_required,0
R0066,P38,return,H1,dialysis,V7,taxi_conventionne,vsl_required,0
R0066,P38,return,H1,dialysis,V8,taxi_conventionne,vsl_required,0
R0066,P38,return,H1,dialysis,V9,taxi_conventionne,vsl_required,0
R0066,P38,return,H1,dialysis,V10,taxi_conventionne,vsl_required,0
R0066,P38,return,H1,dialysis,V11,vsl,vsl_required,1
R0066,P38,return,H1,dialysis,V12,vsl,vsl_required,1
R0066,P38,return,H1,dialysis,V13,vsl,vsl_required,1
R0066,P38,return,H1,dialysis,V14,vsl,vsl_required,1
R0066,P38,return,H1,dialysis,V15,vsl,vsl_required,1
R0066,P38,return,H1,dialysis,V16,vsl,vsl_required,1
R0066,P38,return,H1,dialysis,V17,vsl,vsl_required,1
R0066,P38,return,H1,dialysis,V18,vtc_premium,vsl_required,0
R0066,P38,return,H1,dialysis,V19,vtc_premium,vsl_required,0
R0066,P38,return,H1,dialysis,V20,vtc_premium,vsl_required,0
R0067,P39,outbound,H1,dialysis,V1,taxi_conventionne,vsl_required,0
R0067,P39,outbound,H1,dialysis,V2,taxi_conventionne,vsl_required,0
R0067,P39,outbound,H1,dialysis,V3,taxi_conventionne,vsl_required,0
R0067,P39,outbound,H1,dialysis,V4,taxi_conventionne,vsl_required,0
R0067,P39,outbound,H1,dialysis,V5,taxi_conventionne,vsl_required,0
R0067,P39,outbound,H1,dialysis,V6,taxi_conventionne,vsl_required,0
R0067,P39,outbound,H1,dialysis,V7,taxi_conventionne,vsl_required,0
R0067,P39,outbound,H1,dialysis,V8,taxi_conventionne,vsl_required,0
R0067,P39,outbound,H1,dialysis,V9,taxi_conventionne,vsl_required,0
R0067,P39,outbound,H1,dialysis,V10,taxi_conventionne,vsl_required,0
R0067,P39,outbound,H1,dialysis,V11,vsl,vsl_required,1
R0067,P39,outbound,H1,dialysis,V12,vsl,vsl_required,1
R0067,P39,outbound,H1,dialysis,V13,vsl,vsl_required,1
R0067,P39,outbound,H1,dialysis,V14,vsl,vsl_required,1
R0067,P39,outbound,H1,dialysis,V15,vsl,vsl_required,1
R0067,P39,outbound,H1,dialysis,V16,vsl,vsl_required,1
R0067,P39,outbound,H1,dialysis,V17,vsl,vsl_required,1
R0067,P39,outbound,H1,dialysis,V18,vtc_premium,vsl_required,0
R0067,P39,outbound,H1,dialysis,V19,vtc_premium,vsl_required,0
R0067,P39,outbound,H1,dialysis,V20,vtc_premium,vsl_required,0
R0068,P39,return,H1,dialysis,V1,taxi_conventionne,vsl_required,0
R0068,P39,return,H1,dialysis,V2,taxi_conventionne,vsl_required,0
R0068,P39,return,H1,dialysis,V3,taxi_conventionne,vsl_required,0
R0068,P39,return,H1,dialysis,V4,taxi_conventionne,vsl_required,0
R0068,P39,return,H1,dialysis,V5,taxi_conventionne,vsl_required,0
R0068,P39,return,H1,dialysis,V6,taxi_conventionne,vsl_required,0
R0068,P39,return,H1,dialysis,V7,taxi_conventionne,vsl_required,0
R0068,P39,return,H1,dialysis,V8,taxi_conventionne,vsl_required,0
R0068,P39,return,H1,dialysis,V9,taxi_conventionne,vsl_required,0
R0068,P39,return,H1,dialysis,V10,taxi_conventionne,vsl_required,0
R0068,P39,return,H1,dialysis,V11,vsl,vsl_required,1
R0068,P39,return,H1,dialysis,V12,vsl,vsl_required,1
R0068,P39,return,H1,dialysis,V13,vsl,vsl_required,1
R0068,P39,return,H1,dialysis,V14,vsl,vsl_required,1
R0068,P39,return,H1,dialysis,V15,vsl,vsl_required,1
R0068,P39,return,H1,dialysis,V16,vsl,vsl_required,1
R0068,P39,return,H1,dialysis,V17,vsl,vsl_required,1
R0068,P39,return,H1,dialysis,V18,vtc_premium,vsl_required,0
R0068,P39,return,H1,dialysis,V19,vtc_premium,vsl_required,0
R0068,P39,return,H1,dialysis,V20,vtc_premium,vsl_required,0
R0069,P40,outbound,H2,other,V1,taxi_conventionne,prescription_medicale,1
R0069,P40,outbound,H2,other,V2,taxi_conventionne,prescription_medicale,1
R0069,P40,outbound,H2,other,V3,taxi_conventionne,prescription_medicale,1
R0069,P40,outbound,H2,other,V4,taxi_conventionne,prescription_medicale,1
R0069,P40,outbound,H2,other,V5,taxi_conventionne,prescription_medicale,1
R0069,P40,outbound,H2,other,V6,taxi_conventionne,prescription_medicale,1
R0069,P40,outbound,H2,other,V7,taxi_conventionne,prescription_medicale,1
R0069,P40,outbound,H2,other,V8,taxi_conventionne,prescription_medicale,1
R0069,P40,outbound,H2,other,V9,taxi_conventionne,prescription_medicale,1
R0069,P40,outbound,H2,other,V10,taxi_conventionne,prescription_medicale,1
R0069,P40,outbound,H2,other,V11,vsl,prescription_medicale,1
R0069,P40,outbound,H2,other,V12,vsl,prescription_medicale,1
R0069,P40,outbound,H2,other,V13,vsl,prescription_medicale,1
R0069,P40,outbound,H2,other,V14,vsl,prescription_medicale,1
R0069,P40,outbound,H2,other,V15,vsl,prescription_medicale,1
R0069,P40,outbound,H2,other,V16,vsl,prescription_medicale,1
R0069,P40,outbound,H2,other,V17,vsl,prescription_medicale,1
R0069,P40,outbound,H2,other,V18,vtc_premium,prescription_medicale,0
R0069,P40,outbound,H2,other,V19,vtc_premium,prescription_medicale,0
R0069,P40,outbound,H2,other,V20,vtc_premium,prescription_medicale,0
R0070,P40,return,H2,other,V1,taxi_conventionne,prescription_medicale,1
R0070,P40,return,H2,other,V2,taxi_conventionne,prescription_medicale,1
R0070,P40,return,H2,other,V3,taxi_conventionne,prescription_medicale,1
R0070,P40,return,H2,other,V4,taxi_conventionne,prescription_medicale,1
R0070,P40,return,H2,other,V5,taxi_conventionne,prescription_medicale,1
R0070,P40,return,H2,other,V6,taxi_conventionne,prescription_medicale,1
R0070,P40,return,H2,other,V7,taxi_conventionne,prescription_medicale,1
R0070,P40,return,H2,other,V8,taxi_conventionne,prescription_medicale,1
R0070,P40,return,H2,other,V9,taxi_conventionne,prescription_medicale,1
R0070,P40,return,H2,other,V10,taxi_conventionne,prescription_medicale,1
R0070,P40,return,H2,other,V11,vsl,prescription_medicale,1
R0070,P40,return,H2,other,V12,vsl,prescription_medicale,1
R0070,P40,return,H2,other,V13,vsl,prescription_medicale,1
R0070,P40,return,H2,other,V14,vsl,prescription_medicale,1
R0070,P40,return,H2,other,V15,vsl,prescription_medicale,1
R0070,P40,return,H2,other,V16,vsl,prescription_medicale,1
R0070,P40,return,H2,other,V17,vsl,prescription_medicale,1
R0070,P40,return,H2,other,V18,vtc_premium,prescription_medicale,0
R0070,P40,return,H2,other,V19,vtc_premium,prescription_medicale,0
R0070,P40,return,H2,other,V20,vtc_premium,prescription_medicale,0
R0071,P41,outbound,H2,dialysis,V1,taxi_conventionne,vsl_required,0
R0071,P41,outbound,H2,dialysis,V2,taxi_conventionne,vsl_required,0
R0071,P41,outbound,H2,dialysis,V3,taxi_conventionne,vsl_required,0
R0071,P41,outbound,H2,dialysis,V4,taxi_conventionne,vsl_required,0
R0071,P41,outbound,H2,dialysis,V5,taxi_conventionne,vsl_required,0
R0071,P41,outbound,H2,dialysis,V6,taxi_conventionne,vsl_required,0
R0071,P41,outbound,H2,dialysis,V7,taxi_conventionne,vsl_required,0
R0071,P41,outbound,H2,dialysis,V8,taxi_conventionne,vsl_required,0
R0071,P41,outbound,H2,dialysis,V9,taxi_conventionne,vsl_required,0
R0071,P41,outbound,H2,dialysis,V10,taxi_conventionne,vsl_required,0
R0071,P41,outbound,H2,dialysis,V11,vsl,vsl_required,1
R0071,P41,outbound,H2,dialysis,V12,vsl,vsl_required,1
R0071,P41,outbound,H2,dialysis,V13,vsl,vsl_required,1
R0071,P41,outbound,H2,dialysis,V14,vsl,vsl_required,1
R0071,P41,outbound,H2,dialysis,V15,vsl,vsl_required,1
R0071,P41,outbound,H2,dialysis,V16,vsl,vsl_required,1
R0071,P41,outbound,H2,dialysis,V17,vsl,vsl_required,1
R0071,P41,outbound,H2,dialysis,V18,vtc_premium,vsl_required,0
R0071,P41,outbound,H2,dialysis,V19,vtc_premium,vsl_required,0
R0071,P41,outbound,H2,dialysis,V20,vtc_premium,vsl_required,0
R0072,P41,return,H2,dialysis,V1,taxi_conventionne,vsl_required,0
R0072,P41,return,H2,dialysis,V2,taxi_conventionne,vsl_required,0
R0072,P41,return,H2,dialysis,V3,taxi_conventionne,vsl_required,0
R0072,P41,return,H2,dialysis,V4,taxi_conventionne,vsl_required,0
R0072,P41,return,H2,dialysis,V5,taxi_conventionne,vsl_required,0
R0072,P41,return,H2,dialysis,V6,taxi_conventionne,vsl_required,0
R0072,P41,return,H2,dialysis,V7,taxi_conventionne,vsl_required,0
R0072,P41,return,H2,dialysis,V8,taxi_conventionne,vsl_required,0
R0072,P41,return,H2,dialysis,V9,taxi_conventionne,vsl_required,0
R0072,P41,return,H2,dialysis,V10,taxi_conventionne,vsl_required,0
R0072,P41,return,H2,dialysis,V11,vsl,vsl_required,1
R0072,P41,return,H2,dialysis,V12,vsl,vsl_required,1
R0072,P41,return,H2,dialysis,V13,vsl,vsl_required,1
R0072,P41,return,H2,dialysis,V14,vsl,vsl_required,1
R0072,P41,return,H2,dialysis,V15,vsl,vsl_required,1
R0072,P41,return,H2,dialysis,V16,vsl,vsl_required,1
R0072,P41,return,H2,dialysis,V17,vsl,vsl_required,1
R0072,P41,return,H2,dialysis,V18,vtc_premium,vsl_required,0
R0072,P41,return,H2,dialysis,V19,vtc_premium,vsl_required,0
R0072,P41,return,H2,dialysis,V20,vtc_premium,vsl_required,0
R0073,P42,outbound,H1,other,V1,taxi_conventionne,standard_assis,1
R0073,P42,outbound,H1,other,V2,taxi_conventionne,standard_assis,1
R0073,P42,outbound,H1,other,V3,taxi_conventionne,standard_assis,1
R0073,P42,outbound,H1,other,V4,taxi_conventionne,standard_assis,1
R0073,P42,outbound,H1,other,V5,taxi_conventionne,standard_assis,1
R0073,P42,outbound,H1,other,V6,taxi_conventionne,standard_assis,1
R0073,P42,outbound,H1,other,V7,taxi_conventionne,standard_assis,1
R0073,P42,outbound,H1,other,V8,taxi_conventionne,standard_assis,1
R0073,P42,outbound,H1,other,V9,taxi_conventionne,standard_assis,1
R0073,P42,outbound,H1,other,V10,taxi_conventionne,standard_assis,1
R0073,P42,outbound,H1,other,V11,vsl,standard_assis,1
R0073,P42,outbound,H1,other,V12,vsl,standard_assis,1
R0073,P42,outbound,H1,other,V13,vsl,standard_assis,1
R0073,P42,outbound,H1,other,V14,vsl,standard_assis,1
R0073,P42,outbound,H1,other,V15,vsl,standard_assis,1
R0073,P42,outbound,H1,other,V16,vsl,standard_assis,1
R0073,P42,outbound,H1,other,V17,vsl,standard_assis,1
R0073,P42,outbound,H1,other,V18,vtc_premium,standard_assis,1
R0073,P42,outbound,H1,other,V19,vtc_premium,standard_assis,1
R0073,P42,outbound,H1,other,V20,vtc_premium,standard_assis,1
R0074,P42,return,H1,other,V1,taxi_conventionne,standard_assis,1
R0074,P42,return,H1,other,V2,taxi_conventionne,standard_assis,1
R0074,P42,return,H1,other,V3,taxi_conventionne,standard_assis,1
R0074,P42,return,H1,other,V4,taxi_conventionne,standard_assis,1
R0074,P42,return,H1,other,V5,taxi_conventionne,standard_assis,1
R0074,P42,return,H1,other,V6,taxi_conventionne,standard_assis,1
R0074,P42,return,H1,other,V7,taxi_conventionne,standard_assis,1
R0074,P42,return,H1,other,V8,taxi_conventionne,standard_assis,1
R0074,P42,return,H1,other,V9,taxi_conventionne,standard_assis,1
R0074,P42,return,H1,other,V10,taxi_conventionne,standard_assis,1
R0074,P42,return,H1,other,V11,vsl,standard_assis,1
R0074,P42,return,H1,other,V12,vsl,standard_assis,1
R0074,P42,return,H1,other,V13,vsl,standard_assis,1
R0074,P42,return,H1,other,V14,vsl,standard_assis,1
R0074,P42,return,H1,other,V15,vsl,standard_assis,1
R0074,P42,return,H1,other,V16,vsl,standard_assis,1
R0074,P42,return,H1,other,V17,vsl,standard_assis,1
R0074,P42,return,H1,other,V18,vtc_premium,standard_assis,1
R0074,P42,return,H1,other,V19,vtc_premium,standard_assis,1
R0074,P42,return,H1,other,V20,vtc_premium,standard_assis,1
R0075,P43,outbound,H1,dialysis,V1,taxi_conventionne,vsl_required,0
R0075,P43,outbound,H1,dialysis,V2,taxi_conventionne,vsl_required,0
R0075,P43,outbound,H1,dialysis,V3,taxi_conventionne,vsl_required,0
R0075,P43,outbound,H1,dialysis,V4,taxi_conventionne,vsl_required,0
R0075,P43,outbound,H1,dialysis,V5,taxi_conventionne,vsl_required,0
R0075,P43,outbound,H1,dialysis,V6,taxi_conventionne,vsl_required,0
R0075,P43,outbound,H1,dialysis,V7,taxi_conventionne,vsl_required,0
R0075,P43,outbound,H1,dialysis,V8,taxi_conventionne,vsl_required,0
R0075,P43,outbound,H1,dialysis,V9,taxi_conventionne,vsl_required,0
R0075,P43,outbound,H1,dialysis,V10,taxi_conventionne,vsl_required,0
R0075,P43,outbound,H1,dialysis,V11,vsl,vsl_required,1
R0075,P43,outbound,H1,dialysis,V12,vsl,vsl_required,1
R0075,P43,outbound,H1,dialysis,V13,vsl,vsl_required,1
R0075,P43,outbound,H1,dialysis,V14,vsl,vsl_required,1
R0075,P43,outbound,H1,dialysis,V15,vsl,vsl_required,1
R0075,P43,outbound,H1,dialysis,V16,vsl,vsl_required,1
R0075,P43,outbound,H1,dialysis,V17,vsl,vsl_required,1
R0075,P43,outbound,H1,dialysis,V18,vtc_premium,vsl_required,0
R0075,P43,outbound,H1,dialysis,V19,vtc_premium,vsl_required,0
R0075,P43,outbound,H1,dialysis,V20,vtc_premium,vsl_required,0
R0076,P43,return,H1,dialysis,V1,taxi_conventionne,vsl_required,0
R0076,P43,return,H1,dialysis,V2,taxi_conventionne,vsl_required,0
R0076,P43,return,H1,dialysis,V3,taxi_conventionne,vsl_required,0
R0076,P43,return,H1,dialysis,V4,taxi_conventionne,vsl_required,0
R0076,P43,return,H1,dialysis,V5,taxi_conventionne,vsl_required,0
R0076,P43,return,H1,dialysis,V6,taxi_conventionne,vsl_required,0
R0076,P43,return,H1,dialysis,V7,taxi_conventionne,vsl_required,0
R0076,P43,return,H1,dialysis,V8,taxi_conventionne,vsl_required,0
R0076,P43,return,H1,dialysis,V9,taxi_conventionne,vsl_required,0
R0076,P43,return,H1,dialysis,V10,taxi_conventionne,vsl_required,0
R0076,P43,return,H1,dialysis,V11,vsl,vsl_required,1
R0076,P43,return,H1,dialysis,V12,vsl,vsl_required,1
R0076,P43,return,H1,dialysis,V13,vsl,vsl_required,1
R0076,P43,return,H1,dialysis,V14,vsl,vsl_required,1
R0076,P43,return,H1,dialysis,V15,vsl,vsl_required,1
R0076,P43,return,H1,dialysis,V16,vsl,vsl_required,1
R0076,P43,return,H1,dialysis,V17,vsl,vsl_required,1
R0076,P43,return,H1,dialysis,V18,vtc_premium,vsl_required,0
R0076,P43,return,H1,dialysis,V19,vtc_premium,vsl_required,0
R0076,P43,return,H1,dialysis,V20,vtc_premium,vsl_required,0
R0077,P44,outbound,H2,other,V1,taxi_conventionne,standard_assis,1
R0077,P44,outbound,H2,other,V2,taxi_conventionne,standard_assis,1
R0077,P44,outbound,H2,other,V3,taxi_conventionne,standard_assis,1
R0077,P44,outbound,H2,other,V4,taxi_conventionne,standard_assis,1
R0077,P44,outbound,H2,other,V5,taxi_conventionne,standard_assis,1
R0077,P44,outbound,H2,other,V6,taxi_conventionne,standard_assis,1
R0077,P44,outbound,H2,other,V7,taxi_conventionne,standard_assis,1
R0077,P44,outbound,H2,other,V8,taxi_conventionne,standard_assis,1
R0077,P44,outbound,H2,other,V9,taxi_conventionne,standard_assis,1
R0077,P44,outbound,H2,other,V10,taxi_conventionne,standard_assis,1
R0077,P44,outbound,H2,other,V11,vsl,standard_assis,1
R0077,P44,outbound,H2,other,V12,vsl,standard_assis,1
R0077,P44,outbound,H2,other,V13,vsl,standard_assis,1
R0077,P44,outbound,H2,other,V14,vsl,standard_assis,1
R0077,P44,outbound,H2,other,V15,vsl,standard_assis,1
R0077,P44,outbound,H2,other,V16,vsl,standard_assis,1
R0077,P44,outbound,H2,other,V17,vsl,standard_assis,1
R0077,P44,outbound,H2,other,V18,vtc_premium,standard_assis,1
R0077,P44,outbound,H2,other,V19,vtc_premium,standard_assis,1
R0077,P44,outbound,H2,other,V20,vtc_premium,standard_assis,1
R0078,P45,outbound,H1,other,V1,taxi_conventionne,prescription_medicale,1
R0078,P45,outbound,H1,other,V2,taxi_conventionne,prescription_medicale,1
R0078,P45,outbound,H1,other,V3,taxi_conventionne,prescription_medicale,1
R0078,P45,outbound,H1,other,V4,taxi_conventionne,prescription_medicale,1
R0078,P45,outbound,H1,other,V5,taxi_conventionne,prescription_medicale,1
R0078,P45,outbound,H1,other,V6,taxi_conventionne,prescription_medicale,1
R0078,P45,outbound,H1,other,V7,taxi_conventionne,prescription_medicale,1
R0078,P45,outbound,H1,other,V8,taxi_conventionne,prescription_medicale,1
R0078,P45,outbound,H1,other,V9,taxi_conventionne,prescription_medicale,1
R0078,P45,outbound,H1,other,V10,taxi_conventionne,prescription_medicale,1
R0078,P45,outbound,H1,other,V11,vsl,prescription_medicale,1
R0078,P45,outbound,H1,other,V12,vsl,prescription_medicale,1
R0078,P45,outbound,H1,other,V13,vsl,prescription_medicale,1
R0078,P45,outbound,H1,other,V14,vsl,prescription_medicale,1
R0078,P45,outbound,H1,other,V15,vsl,prescription_medicale,1
R0078,P45,outbound,H1,other,V16,vsl,prescription_medicale,1
R0078,P45,outbound,H1,other,V17,vsl,prescription_medicale,1
R0078,P45,outbound,H1,other,V18,vtc_premium,prescription_medicale,0
R0078,P45,outbound,H1,other,V19,vtc_premium,prescription_medicale,0
R0078,P45,outbound,H1,other,V20,vtc_premium,prescription_medicale,0
R0079,P45,return,H1,other,V1,taxi_conventionne,prescription_medicale,1
R0079,P45,return,H1,other,V2,taxi_conventionne,prescription_medicale,1
R0079,P45,return,H1,other,V3,taxi_conventionne,prescription_medicale,1
R0079,P45,return,H1,other,V4,taxi_conventionne,prescription_medicale,1
R0079,P45,return,H1,other,V5,taxi_conventionne,prescription_medicale,1
R0079,P45,return,H1,other,V6,taxi_conventionne,prescription_medicale,1
R0079,P45,return,H1,other,V7,taxi_conventionne,prescription_medicale,1
R0079,P45,return,H1,other,V8,taxi_conventionne,prescription_medicale,1
R0079,P45,return,H1,other,V9,taxi_conventionne,prescription_medicale,1
R0079,P45,return,H1,other,V10,taxi_conventionne,prescription_medicale,1
R0079,P45,return,H1,other,V11,vsl,prescription_medicale,1
R0079,P45,return,H1,other,V12,vsl,prescription_medicale,1
R0079,P45,return,H1,other,V13,vsl,prescription_medicale,1
R0079,P45,return,H1,other,V14,vsl,prescription_medicale,1
R0079,P45,return,H1,other,V15,vsl,prescription_medicale,1
R0079,P45,return,H1,other,V16,vsl,prescription_medicale,1
R0079,P45,return,H1,other,V17,vsl,prescription_medicale,1
R0079,P45,return,H1,other,V18,vtc_premium,prescription_medicale,0
R0079,P45,return,H1,other,V19,vtc_premium,prescription_medicale,0
R0079,P45,return,H1,other,V20,vtc_premium,prescription_medicale,0
R0080,P46,outbound,H1,other,V1,taxi_conventionne,standard_assis,1
R0080,P46,outbound,H1,other,V2,taxi_conventionne,standard_assis,1
R0080,P46,outbound,H1,other,V3,taxi_conventionne,standard_assis,1
R0080,P46,outbound,H1,other,V4,taxi_conventionne,standard_assis,1
R0080,P46,outbound,H1,other,V5,taxi_conventionne,standard_assis,1
R0080,P46,outbound,H1,other,V6,taxi_conventionne,standard_assis,1
R0080,P46,outbound,H1,other,V7,taxi_conventionne,standard_assis,1
R0080,P46,outbound,H1,other,V8,taxi_conventionne,standard_assis,1
R0080,P46,outbound,H1,other,V9,taxi_conventionne,standard_assis,1
R0080,P46,outbound,H1,other,V10,taxi_conventionne,standard_assis,1
R0080,P46,outbound,H1,other,V11,vsl,standard_assis,1
R0080,P46,outbound,H1,other,V12,vsl,standard_assis,1
R0080,P46,outbound,H1,other,V13,vsl,standard_assis,1
R0080,P46,outbound,H1,other,V14,vsl,standard_assis,1
R0080,P46,outbound,H1,other,V15,vsl,standard_assis,1
R0080,P46,outbound,H1,other,V16,vsl,standard_assis,1
R0080,P46,outbound,H1,other,V17,vsl,standard_assis,1
R0080,P46,outbound,H1,other,V18,vtc_premium,standard_assis,1
R0080,P46,outbound,H1,other,V19,vtc_premium,standard_assis,1
R0080,P46,outbound,H1,other,V20,vtc_premium,standard_assis,1
R0081,P46,return,H1,other,V1,taxi_conventionne,standard_assis,1
R0081,P46,return,H1,other,V2,taxi_conventionne,standard_assis,1
R0081,P46,return,H1,other,V3,taxi_conventionne,standard_assis,1
R0081,P46,return,H1,other,V4,taxi_conventionne,standard_assis,1
R0081,P46,return,H1,other,V5,taxi_conventionne,standard_assis,1
R0081,P46,return,H1,other,V6,taxi_conventionne,standard_assis,1
R0081,P46,return,H1,other,V7,taxi_conventionne,standard_assis,1
R0081,P46,return,H1,other,V8,taxi_conventionne,standard_assis,1
R0081,P46,return,H1,other,V9,taxi_conventionne,standard_assis,1
R0081,P46,return,H1,other,V10,taxi_conventionne,standard_assis,1
R0081,P46,return,H1,other,V11,vsl,standard_assis,1
R0081,P46,return,H1,other,V12,vsl,standard_assis,1
R0081,P46,return,H1,other,V13,vsl,standard_assis,1
R0081,P46,return,H1,other,V14,vsl,standard_assis,1
R0081,P46,return,H1,other,V15,vsl,standard_assis,1
R0081,P46,return,H1,other,V16,vsl,standard_assis,1
R0081,P46,return,H1,other,V17,vsl,standard_assis,1
R0081,P46,return,H1,other,V18,vtc_premium,standard_assis,1
R0081,P46,return,H1,other,V19,vtc_premium,standard_assis,1
R0081,P46,return,H1,other,V20,vtc_premium,standard_assis,1
R0082,P47,outbound,H1,other,V1,taxi_conventionne,prescription_medicale,1
R0082,P47,outbound,H1,other,V2,taxi_conventionne,prescription_medicale,1
R0082,P47,outbound,H1,other,V3,taxi_conventionne,prescription_medicale,1
R0082,P47,outbound,H1,other,V4,taxi_conventionne,prescription_medicale,1
R0082,P47,outbound,H1,other,V5,taxi_conventionne,prescription_medicale,1
R0082,P47,outbound,H1,other,V6,taxi_conventionne,prescription_medicale,1
R0082,P47,outbound,H1,other,V7,taxi_conventionne,prescription_medicale,1
R0082,P47,outbound,H1,other,V8,taxi_conventionne,prescription_medicale,1
R0082,P47,outbound,H1,other,V9,taxi_conventionne,prescription_medicale,1
R0082,P47,outbound,H1,other,V10,taxi_conventionne,prescription_medicale,1
R0082,P47,outbound,H1,other,V11,vsl,prescription_medicale,1
R0082,P47,outbound,H1,other,V12,vsl,prescription_medicale,1
R0082,P47,outbound,H1,other,V13,vsl,prescription_medicale,1
R0082,P47,outbound,H1,other,V14,vsl,prescription_medicale,1
R0082,P47,outbound,H1,other,V15,vsl,prescription_medicale,1
R0082,P47,outbound,H1,other,V16,vsl,prescription_medicale,1
R0082,P47,outbound,H1,other,V17,vsl,prescription_medicale,1
R0082,P47,outbound,H1,other,V18,vtc_premium,prescription_medicale,0
R0082,P47,outbound,H1,other,V19,vtc_premium,prescription_medicale,0
R0082,P47,outbound,H1,other,V20,vtc_premium,prescription_medicale,0
R0083,P47,return,H1,other,V1,taxi_conventionne,prescription_medicale,1
R0083,P47,return,H1,other,V2,taxi_conventionne,prescription_medicale,1
R0083,P47,return,H1,other,V3,taxi_conventionne,prescription_medicale,1
R0083,P47,return,H1,other,V4,taxi_conventionne,prescription_medicale,1
R0083,P47,return,H1,other,V5,taxi_conventionne,prescription_medicale,1
R0083,P47,return,H1,other,V6,taxi_conventionne,prescription_medicale,1
R0083,P47,return,H1,other,V7,taxi_conventionne,prescription_medicale,1
R0083,P47,return,H1,other,V8,taxi_conventionne,prescription_medicale,1
R0083,P47,return,H1,other,V9,taxi_conventionne,prescription_medicale,1
R0083,P47,return,H1,other,V10,taxi_conventionne,prescription_medicale,1
R0083,P47,return,H1,other,V11,vsl,prescription_medicale,1
R0083,P47,return,H1,other,V12,vsl,prescription_medicale,1
R0083,P47,return,H1,other,V13,vsl,prescription_medicale,1
R0083,P47,return,H1,other,V14,vsl,prescription_medicale,1
R0083,P47,return,H1,other,V15,vsl,prescription_medicale,1
R0083,P47,return,H1,other,V16,vsl,prescription_medicale,1
R0083,P47,return,H1,other,V17,vsl,prescription_medicale,1
R0083,P47,return,H1,other,V18,vtc_premium,prescription_medicale,0
R0083,P47,return,H1,other,V19,vtc_premium,prescription_medicale,0
R0083,P47,return,H1,other,V20,vtc_premium,prescription_medicale,0
R0084,P48,outbound,H1,other,V1,taxi_conventionne,vsl_required,0
R0084,P48,outbound,H1,other,V2,taxi_conventionne,vsl_required,0
R0084,P48,outbound,H1,other,V3,taxi_conventionne,vsl_required,0
R0084,P48,outbound,H1,other,V4,taxi_conventionne,vsl_required,0
R0084,P48,outbound,H1,other,V5,taxi_conventionne,vsl_required,0
R0084,P48,outbound,H1,other,V6,taxi_conventionne,vsl_required,0
R0084,P48,outbound,H1,other,V7,taxi_conventionne,vsl_required,0
R0084,P48,outbound,H1,other,V8,taxi_conventionne,vsl_required,0
R0084,P48,outbound,H1,other,V9,taxi_conventionne,vsl_required,0
R0084,P48,outbound,H1,other,V10,taxi_conventionne,vsl_required,0
R0084,P48,outbound,H1,other,V11,vsl,vsl_required,1
R0084,P48,outbound,H1,other,V12,vsl,vsl_required,1
R0084,P48,outbound,H1,other,V13,vsl,vsl_required,1
R0084,P48,outbound,H1,other,V14,vsl,vsl_required,1
R0084,P48,outbound,H1,other,V15,vsl,vsl_required,1
R0084,P48,outbound,H1,other,V16,vsl,vsl_required,1
R0084,P48,outbound,H1,other,V17,vsl,vsl_required,1
R0084,P48,outbound,H1,other,V18,vtc_premium,vsl_required,0
R0084,P48,outbound,H1,other,V19,vtc_premium,vsl_required,0
R0084,P48,outbound,H1,other,V20,vtc_premium,vsl_required,0
R0085,P48,return,H1,other,V1,taxi_conventionne,vsl_required,0
R0085,P48,return,H1,other,V2,taxi_conventionne,vsl_required,0
R0085,P48,return,H1,other,V3,taxi_conventionne,vsl_required,0
R0085,P48,return,H1,other,V4,taxi_conventionne,vsl_required,0
R0085,P48,return,H1,other,V5,taxi_conventionne,vsl_required,0
R0085,P48,return,H1,other,V6,taxi_conventionne,vsl_required,0
R0085,P48,return,H1,other,V7,taxi_conventionne,vsl_required,0
R0085,P48,return,H1,other,V8,taxi_conventionne,vsl_required,0
R0085,P48,return,H1,other,V9,taxi_conventionne,vsl_required,0
R0085,P48,return,H1,other,V10,taxi_conventionne,vsl_required,0
R0085,P48,return,H1,other,V11,vsl,vsl_required,1
R0085,P48,return,H1,other,V12,vsl,vsl_required,1
R0085,P48,return,H1,other,V13,vsl,vsl_required,1
R0085,P48,return,H1,other,V14,vsl,vsl_required,1
R0085,P48,return,H1,other,V15,vsl,vsl_required,1
R0085,P48,return,H1,other,V16,vsl,vsl_required,1
R0085,P48,return,H1,other,V17,vsl,vsl_required,1
R0085,P48,return,H1,other,V18,vtc_premium,vsl_required,0
R0085,P48,return,H1,other,V19,vtc_premium,vsl_required,0
R0085,P48,return,H1,other,V20,vtc_premium,vsl_required,0
R0086,P49,outbound,H3,dialysis,V1,taxi_conventionne,vsl_required,0
R0086,P49,outbound,H3,dialysis,V2,taxi_conventionne,vsl_required,0
R0086,P49,outbound,H3,dialysis,V3,taxi_conventionne,vsl_required,0
R0086,P49,outbound,H3,dialysis,V4,taxi_conventionne,vsl_required,0
R0086,P49,outbound,H3,dialysis,V5,taxi_conventionne,vsl_required,0
R0086,P49,outbound,H3,dialysis,V6,taxi_conventionne,vsl_required,0
R0086,P49,outbound,H3,dialysis,V7,taxi_conventionne,vsl_required,0
R0086,P49,outbound,H3,dialysis,V8,taxi_conventionne,vsl_required,0
R0086,P49,outbound,H3,dialysis,V9,taxi_conventionne,vsl_required,0
R0086,P49,outbound,H3,dialysis,V10,taxi_conventionne,vsl_required,0
R0086,P49,outbound,H3,dialysis,V11,vsl,vsl_required,1
R0086,P49,outbound,H3,dialysis,V12,vsl,vsl_required,1
R0086,P49,outbound,H3,dialysis,V13,vsl,vsl_required,1
R0086,P49,outbound,H3,dialysis,V14,vsl,vsl_required,1
R0086,P49,outbound,H3,dialysis,V15,vsl,vsl_required,1
R0086,P49,outbound,H3,dialysis,V16,vsl,vsl_required,1
R0086,P49,outbound,H3,dialysis,V17,vsl,vsl_required,1
R0086,P49,outbound,H3,dialysis,V18,vtc_premium,vsl_required,0
R0086,P49,outbound,H3,dialysis,V19,vtc_premium,vsl_required,0
R0086,P49,outbound,H3,dialysis,V20,vtc_premium,vsl_required,0
R0087,P50,outbound,H3,dialysis,V1,taxi_conventionne,prescription_medicale,1
R0087,P50,outbound,H3,dialysis,V2,taxi_conventionne,prescription_medicale,1
R0087,P50,outbound,H3,dialysis,V3,taxi_conventionne,prescription_medicale,1
R0087,P50,outbound,H3,dialysis,V4,taxi_conventionne,prescription_medicale,1
R0087,P50,outbound,H3,dialysis,V5,taxi_conventionne,prescription_medicale,1
R0087,P50,outbound,H3,dialysis,V6,taxi_conventionne,prescription_medicale,1
R0087,P50,outbound,H3,dialysis,V7,taxi_conventionne,prescription_medicale,1
R0087,P50,outbound,H3,dialysis,V8,taxi_conventionne,prescription_medicale,1
R0087,P50,outbound,H3,dialysis,V9,taxi_conventionne,prescription_medicale,1
R0087,P50,outbound,H3,dialysis,V10,taxi_conventionne,prescription_medicale,1
R0087,P50,outbound,H3,dialysis,V11,vsl,prescription_medicale,1
R0087,P50,outbound,H3,dialysis,V12,vsl,prescription_medicale,1
R0087,P50,outbound,H3,dialysis,V13,vsl,prescription_medicale,1
R0087,P50,outbound,H3,dialysis,V14,vsl,prescription_medicale,1
R0087,P50,outbound,H3,dialysis,V15,vsl,prescription_medicale,1
R0087,P50,outbound,H3,dialysis,V16,vsl,prescription_medicale,1
R0087,P50,outbound,H3,dialysis,V17,vsl,prescription_medicale,1
R0087,P50,outbound,H3,dialysis,V18,vtc_premium,prescription_medicale,0
R0087,P50,outbound,H3,dialysis,V19,vtc_premium,prescription_medicale,0
R0087,P50,outbound,H3,dialysis,V20,vtc_premium,prescription_medicale,0
R0088,P50,return,H3,dialysis,V1,taxi_conventionne,prescription_medicale,1
R0088,P50,return,H3,dialysis,V2,taxi_conventionne,prescription_medicale,1
R0088,P50,return,H3,dialysis,V3,taxi_conventionne,prescription_medicale,1
R0088,P50,return,H3,dialysis,V4,taxi_conventionne,prescription_medicale,1
R0088,P50,return,H3,dialysis,V5,taxi_conventionne,prescription_medicale,1
R0088,P50,return,H3,dialysis,V6,taxi_conventionne,prescription_medicale,1
R0088,P50,return,H3,dialysis,V7,taxi_conventionne,prescription_medicale,1
R0088,P50,return,H3,dialysis,V8,taxi_conventionne,prescription_medicale,1
R0088,P50,return,H3,dialysis,V9,taxi_conventionne,prescription_medicale,1
R0088,P50,return,H3,dialysis,V10,taxi_conventionne,prescription_medicale,1
R0088,P50,return,H3,dialysis,V11,vsl,prescription_medicale,1
R0088,P50,return,H3,dialysis,V12,vsl,prescription_medicale,1
R0088,P50,return,H3,dialysis,V13,vsl,prescription_medicale,1
R0088,P50,return,H3,dialysis,V14,vsl,prescription_medicale,1
R0088,P50,return,H3,dialysis,V15,vsl,prescription_medicale,1
R0088,P50,return,H3,dialysis,V16,vsl,prescription_medicale,1
R0088,P50,return,H3,dialysis,V17,vsl,prescription_medicale,1
R0088,P50,return,H3,dialysis,V18,vtc_premium,prescription_medicale,0
R0088,P50,return,H3,dialysis,V19,vtc_premium,prescription_medicale,0
R0088,P50,return,H3,dialysis,V20,vtc_premium,prescription_medicale,0
R0089,P51,outbound,H3,dialysis,V1,taxi_conventionne,prescription_medicale,1
R0089,P51,outbound,H3,dialysis,V2,taxi_conventionne,prescription_medicale,1
R0089,P51,outbound,H3,dialysis,V3,taxi_conventionne,prescription_medicale,1
R0089,P51,outbound,H3,dialysis,V4,taxi_conventionne,prescription_medicale,1
R0089,P51,outbound,H3,dialysis,V5,taxi_conventionne,prescription_medicale,1
R0089,P51,outbound,H3,dialysis,V6,taxi_conventionne,prescription_medicale,1
R0089,P51,outbound,H3,dialysis,V7,taxi_conventionne,prescription_medicale,1
R0089,P51,outbound,H3,dialysis,V8,taxi_conventionne,prescription_medicale,1
R0089,P51,outbound,H3,dialysis,V9,taxi_conventionne,prescription_medicale,1
R0089,P51,outbound,H3,dialysis,V10,taxi_conventionne,prescription_medicale,1
R0089,P51,outbound,H3,dialysis,V11,vsl,prescription_medicale,1
R0089,P51,outbound,H3,dialysis,V12,vsl,prescription_medicale,1
R0089,P51,outbound,H3,dialysis,V13,vsl,prescription_medicale,1
R0089,P51,outbound,H3,dialysis,V14,vsl,prescription_medicale,1
R0089,P51,outbound,H3,dialysis,V15,vsl,prescription_medicale,1
R0089,P51,outbound,H3,dialysis,V16,vsl,prescription_medicale,1
R0089,P51,outbound,H3,dialysis,V17,vsl,prescription_medicale,1
R0089,P51,outbound,H3,dialysis,V18,vtc_premium,prescription_medicale,0
R0089,P51,outbound,H3,dialysis,V19,vtc_premium,prescription_medicale,0
R0089,P51,outbound,H3,dialysis,V20,vtc_premium,prescription_medicale,0
R0090,P51,return,H3,dialysis,V1,taxi_conventionne,prescription_medicale,1
R0090,P51,return,H3,dialysis,V2,taxi_conventionne,prescription_medicale,1
R0090,P51,return,H3,dialysis,V3,taxi_conventionne,prescription_medicale,1
R0090,P51,return,H3,dialysis,V4,taxi_conventionne,prescription_medicale,1
R0090,P51,return,H3,dialysis,V5,taxi_conventionne,prescription_medicale,1
R0090,P51,return,H3,dialysis,V6,taxi_conventionne,prescription_medicale,1
R0090,P51,return,H3,dialysis,V7,taxi_conventionne,prescription_medicale,1
R0090,P51,return,H3,dialysis,V8,taxi_conventionne,prescription_medicale,1
R0090,P51,return,H3,dialysis,V9,taxi_conventionne,prescription_medicale,1
R0090,P51,return,H3,dialysis,V10,taxi_conventionne,prescription_medicale,1
R0090,P51,return,H3,dialysis,V11,vsl,prescription_medicale,1
R0090,P51,return,H3,dialysis,V12,vsl,prescription_medicale,1
R0090,P51,return,H3,dialysis,V13,vsl,prescription_medicale,1
R0090,P51,return,H3,dialysis,V14,vsl,prescription_medicale,1
R0090,P51,return,H3,dialysis,V15,vsl,prescription_medicale,1
R0090,P51,return,H3,dialysis,V16,vsl,prescription_medicale,1
R0090,P51,return,H3,dialysis,V17,vsl,prescription_medicale,1
R0090,P51,return,H3,dialysis,V18,vtc_premium,prescription_medicale,0
R0090,P51,return,H3,dialysis,V19,vtc_premium,prescription_medicale,0
R0090,P51,return,H3,dialysis,V20,vtc_premium,prescription_medicale,0
R0091,P52,outbound,H1,other,V1,taxi_conventionne,standard_assis,1
R0091,P52,outbound,H1,other,V2,taxi_conventionne,standard_assis,1
R0091,P52,outbound,H1,other,V3,taxi_conventionne,standard_assis,1
R0091,P52,outbound,H1,other,V4,taxi_conventionne,standard_assis,1
R0091,P52,outbound,H1,other,V5,taxi_conventionne,standard_assis,1
R0091,P52,outbound,H1,other,V6,taxi_conventionne,standard_assis,1
R0091,P52,outbound,H1,other,V7,taxi_conventionne,standard_assis,1
R0091,P52,outbound,H1,other,V8,taxi_conventionne,standard_assis,1
R0091,P52,outbound,H1,other,V9,taxi_conventionne,standard_assis,1
R0091,P52,outbound,H1,other,V10,taxi_conventionne,standard_assis,1
R0091,P52,outbound,H1,other,V11,vsl,standard_assis,1
R0091,P52,outbound,H1,other,V12,vsl,standard_assis,1
R0091,P52,outbound,H1,other,V13,vsl,standard_assis,1
R0091,P52,outbound,H1,other,V14,vsl,standard_assis,1
R0091,P52,outbound,H1,other,V15,vsl,standard_assis,1
R0091,P52,outbound,H1,other,V16,vsl,standard_assis,1
R0091,P52,outbound,H1,other,V17,vsl,standard_assis,1
R0091,P52,outbound,H1,other,V18,vtc_premium,standard_assis,1
R0091,P52,outbound,H1,other,V19,vtc_premium,standard_assis,1
R0091,P52,outbound,H1,other,V20,vtc_premium,standard_assis,1
R0092,P53,outbound,H1,oncology,V1,taxi_conventionne,standard_assis,1
R0092,P53,outbound,H1,oncology,V2,taxi_conventionne,standard_assis,1
R0092,P53,outbound,H1,oncology,V3,taxi_conventionne,standard_assis,1
R0092,P53,outbound,H1,oncology,V4,taxi_conventionne,standard_assis,1
R0092,P53,outbound,H1,oncology,V5,taxi_conventionne,standard_assis,1
R0092,P53,outbound,H1,oncology,V6,taxi_conventionne,standard_assis,1
R0092,P53,outbound,H1,oncology,V7,taxi_conventionne,standard_assis,1
R0092,P53,outbound,H1,oncology,V8,taxi_conventionne,standard_assis,1
R0092,P53,outbound,H1,oncology,V9,taxi_conventionne,standard_assis,1
R0092,P53,outbound,H1,oncology,V10,taxi_conventionne,standard_assis,1
R0092,P53,outbound,H1,oncology,V11,vsl,standard_assis,1
R0092,P53,outbound,H1,oncology,V12,vsl,standard_assis,1
R0092,P53,outbound,H1,oncology,V13,vsl,standard_assis,1
R0092,P53,outbound,H1,oncology,V14,vsl,standard_assis,1
R0092,P53,outbound,H1,oncology,V15,vsl,standard_assis,1
R0092,P53,outbound,H1,oncology,V16,vsl,standard_assis,1
R0092,P53,outbound,H1,oncology,V17,vsl,standard_assis,1
R0092,P53,outbound,H1,oncology,V18,vtc_premium,standard_assis,1
R0092,P53,outbound,H1,oncology,V19,vtc_premium,standard_assis,1
R0092,P53,outbound,H1,oncology,V20,vtc_premium,standard_assis,1
R0093,P53,return,H1,oncology,V1,taxi_conventionne,standard_assis,1
R0093,P53,return,H1,oncology,V2,taxi_conventionne,standard_assis,1
R0093,P53,return,H1,oncology,V3,taxi_conventionne,standard_assis,1
R0093,P53,return,H1,oncology,V4,taxi_conventionne,standard_assis,1
R0093,P53,return,H1,oncology,V5,taxi_conventionne,standard_assis,1
R0093,P53,return,H1,oncology,V6,taxi_conventionne,standard_assis,1
R0093,P53,return,H1,oncology,V7,taxi_conventionne,standard_assis,1
R0093,P53,return,H1,oncology,V8,taxi_conventionne,standard_assis,1
R0093,P53,return,H1,oncology,V9,taxi_conventionne,standard_assis,1
R0093,P53,return,H1,oncology,V10,taxi_conventionne,standard_assis,1
R0093,P53,return,H1,oncology,V11,vsl,standard_assis,1
R0093,P53,return,H1,oncology,V12,vsl,standard_assis,1
R0093,P53,return,H1,oncology,V13,vsl,standard_assis,1
R0093,P53,return,H1,oncology,V14,vsl,standard_assis,1
R0093,P53,return,H1,oncology,V15,vsl,standard_assis,1
R0093,P53,return,H1,oncology,V16,vsl,standard_assis,1
R0093,P53,return,H1,oncology,V17,vsl,standard_assis,1
R0093,P53,return,H1,oncology,V18,vtc_premium,standard_assis,1
R0093,P53,return,H1,oncology,V19,vtc_premium,standard_assis,1
R0093,P53,return,H1,oncology,V20,vtc_premium,standard_assis,1
R0094,P54,outbound,H2,other,V1,taxi_conventionne,standard_assis,1
R0094,P54,outbound,H2,other,V2,taxi_conventionne,standard_assis,1
R0094,P54,outbound,H2,other,V3,taxi_conventionne,standard_assis,1
R0094,P54,outbound,H2,other,V4,taxi_conventionne,standard_assis,1
R0094,P54,outbound,H2,other,V5,taxi_conventionne,standard_assis,1
R0094,P54,outbound,H2,other,V6,taxi_conventionne,standard_assis,1
R0094,P54,outbound,H2,other,V7,taxi_conventionne,standard_assis,1
R0094,P54,outbound,H2,other,V8,taxi_conventionne,standard_assis,1
R0094,P54,outbound,H2,other,V9,taxi_conventionne,standard_assis,1
R0094,P54,outbound,H2,other,V10,taxi_conventionne,standard_assis,1
R0094,P54,outbound,H2,other,V11,vsl,standard_assis,1
R0094,P54,outbound,H2,other,V12,vsl,standard_assis,1
R0094,P54,outbound,H2,other,V13,vsl,standard_assis,1
R0094,P54,outbound,H2,other,V14,vsl,standard_assis,1
R0094,P54,outbound,H2,other,V15,vsl,standard_assis,1
R0094,P54,outbound,H2,other,V16,vsl,standard_assis,1
R0094,P54,outbound,H2,other,V17,vsl,standard_assis,1
R0094,P54,outbound,H2,other,V18,vtc_premium,standard_assis,1
R0094,P54,outbound,H2,other,V19,vtc_premium,standard_assis,1
R0094,P54,outbound,H2,other,V20,vtc_premium,standard_assis,1
R0095,P54,return,H2,other,V1,taxi_conventionne,standard_assis,1
R0095,P54,return,H2,other,V2,taxi_conventionne,standard_assis,1
R0095,P54,return,H2,other,V3,taxi_conventionne,standard_assis,1
R0095,P54,return,H2,other,V4,taxi_conventionne,standard_assis,1
R0095,P54,return,H2,other,V5,taxi_conventionne,standard_assis,1
R0095,P54,return,H2,other,V6,taxi_conventionne,standard_assis,1
R0095,P54,return,H2,other,V7,taxi_conventionne,standard_assis,1
R0095,P54,return,H2,other,V8,taxi_conventionne,standard_assis,1
R0095,P54,return,H2,other,V9,taxi_conventionne,standard_assis,1
R0095,P54,return,H2,other,V10,taxi_conventionne,standard_assis,1
R0095,P54,return,H2,other,V11,vsl,standard_assis,1
R0095,P54,return,H2,other,V12,vsl,standard_assis,1
R0095,P54,return,H2,other,V13,vsl,standard_assis,1
R0095,P54,return,H2,other,V14,vsl,standard_assis,1
R0095,P54,return,H2,other,V15,vsl,standard_assis,1
R0095,P54,return,H2,other,V16,vsl,standard_assis,1
R0095,P54,return,H2,other,V17,vsl,standard_assis,1
R0095,P54,return,H2,other,V18,vtc_premium,standard_assis,1
R0095,P54,return,H2,other,V19,vtc_premium,standard_assis,1
R0095,P54,return,H2,other,V20,vtc_premium,standard_assis,1
R0096,P55,outbound,H2,other,V1,taxi_conventionne,standard_assis,1
R0096,P55,outbound,H2,other,V2,taxi_conventionne,standard_assis,1
R0096,P55,outbound,H2,other,V3,taxi_conventionne,standard_assis,1
R0096,P55,outbound,H2,other,V4,taxi_conventionne,standard_assis,1
R0096,P55,outbound,H2,other,V5,taxi_conventionne,standard_assis,1
R0096,P55,outbound,H2,other,V6,taxi_conventionne,standard_assis,1
R0096,P55,outbound,H2,other,V7,taxi_conventionne,standard_assis,1
R0096,P55,outbound,H2,other,V8,taxi_conventionne,standard_assis,1
R0096,P55,outbound,H2,other,V9,taxi_conventionne,standard_assis,1
R0096,P55,outbound,H2,other,V10,taxi_conventionne,standard_assis,1
R0096,P55,outbound,H2,other,V11,vsl,standard_assis,1
R0096,P55,outbound,H2,other,V12,vsl,standard_assis,1
R0096,P55,outbound,H2,other,V13,vsl,standard_assis,1
R0096,P55,outbound,H2,other,V14,vsl,standard_assis,1
R0096,P55,outbound,H2,other,V15,vsl,standard_assis,1
R0096,P55,outbound,H2,other,V16,vsl,standard_assis,1
R0096,P55,outbound,H2,other,V17,vsl,standard_assis,1
R0096,P55,outbound,H2,other,V18,vtc_premium,standard_assis,1
R0096,P55,outbound,H2,other,V19,vtc_premium,standard_assis,1
R0096,P55,outbound,H2,other,V20,vtc_premium,standard_assis,1
R0097,P55,return,H2,other,V1,taxi_conventionne,standard_assis,1
R0097,P55,return,H2,other,V2,taxi_conventionne,standard_assis,1
R0097,P55,return,H2,other,V3,taxi_conventionne,standard_assis,1
R0097,P55,return,H2,other,V4,taxi_conventionne,standard_assis,1
R0097,P55,return,H2,other,V5,taxi_conventionne,standard_assis,1
R0097,P55,return,H2,other,V6,taxi_conventionne,standard_assis,1
R0097,P55,return,H2,other,V7,taxi_conventionne,standard_assis,1
R0097,P55,return,H2,other,V8,taxi_conventionne,standard_assis,1
R0097,P55,return,H2,other,V9,taxi_conventionne,standard_assis,1
R0097,P55,return,H2,other,V10,taxi_conventionne,standard_assis,1
R0097,P55,return,H2,other,V11,vsl,standard_assis,1
R0097,P55,return,H2,other,V12,vsl,standard_assis,1
R0097,P55,return,H2,other,V13,vsl,standard_assis,1
R0097,P55,return,H2,other,V14,vsl,standard_assis,1
R0097,P55,return,H2,other,V15,vsl,standard_assis,1
R0097,P55,return,H2,other,V16,vsl,standard_assis,1
R0097,P55,return,H2,other,V17,vsl,standard_assis,1
R0097,P55,return,H2,other,V18,vtc_premium,standard_assis,1
R0097,P55,return,H2,other,V19,vtc_premium,standard_assis,1
R0097,P55,return,H2,other,V20,vtc_premium,standard_assis,1
R0098,P56,outbound,H1,dialysis,V1,taxi_conventionne,vsl_required,0
R0098,P56,outbound,H1,dialysis,V2,taxi_conventionne,vsl_required,0
R0098,P56,outbound,H1,dialysis,V3,taxi_conventionne,vsl_required,0
R0098,P56,outbound,H1,dialysis,V4,taxi_conventionne,vsl_required,0
R0098,P56,outbound,H1,dialysis,V5,taxi_conventionne,vsl_required,0
R0098,P56,outbound,H1,dialysis,V6,taxi_conventionne,vsl_required,0
R0098,P56,outbound,H1,dialysis,V7,taxi_conventionne,vsl_required,0
R0098,P56,outbound,H1,dialysis,V8,taxi_conventionne,vsl_required,0
R0098,P56,outbound,H1,dialysis,V9,taxi_conventionne,vsl_required,0
R0098,P56,outbound,H1,dialysis,V10,taxi_conventionne,vsl_required,0
R0098,P56,outbound,H1,dialysis,V11,vsl,vsl_required,1
R0098,P56,outbound,H1,dialysis,V12,vsl,vsl_required,1
R0098,P56,outbound,H1,dialysis,V13,vsl,vsl_required,1
R0098,P56,outbound,H1,dialysis,V14,vsl,vsl_required,1
R0098,P56,outbound,H1,dialysis,V15,vsl,vsl_required,1
R0098,P56,outbound,H1,dialysis,V16,vsl,vsl_required,1
R0098,P56,outbound,H1,dialysis,V17,vsl,vsl_required,1
R0098,P56,outbound,H1,dialysis,V18,vtc_premium,vsl_required,0
R0098,P56,outbound,H1,dialysis,V19,vtc_premium,vsl_required,0
R0098,P56,outbound,H1,dialysis,V20,vtc_premium,vsl_required,0
R0099,P56,return,H1,dialysis,V1,taxi_conventionne,vsl_required,0
R0099,P56,return,H1,dialysis,V2,taxi_conventionne,vsl_required,0
R0099,P56,return,H1,dialysis,V3,taxi_conventionne,vsl_required,0
R0099,P56,return,H1,dialysis,V4,taxi_conventionne,vsl_required,0
R0099,P56,return,H1,dialysis,V5,taxi_conventionne,vsl_required,0
R0099,P56,return,H1,dialysis,V6,taxi_conventionne,vsl_required,0
R0099,P56,return,H1,dialysis,V7,taxi_conventionne,vsl_required,0
R0099,P56,return,H1,dialysis,V8,taxi_conventionne,vsl_required,0
R0099,P56,return,H1,dialysis,V9,taxi_conventionne,vsl_required,0
R0099,P56,return,H1,dialysis,V10,taxi_conventionne,vsl_required,0
R0099,P56,return,H1,dialysis,V11,vsl,vsl_required,1
R0099,P56,return,H1,dialysis,V12,vsl,vsl_required,1
R0099,P56,return,H1,dialysis,V13,vsl,vsl_required,1
R0099,P56,return,H1,dialysis,V14,vsl,vsl_required,1
R0099,P56,return,H1,dialysis,V15,vsl,vsl_required,1
R0099,P56,return,H1,dialysis,V16,vsl,vsl_required,1
R0099,P56,return,H1,dialysis,V17,vsl,vsl_required,1
R0099,P56,return,H1,dialysis,V18,vtc_premium,vsl_required,0
R0099,P56,return,H1,dialysis,V19,vtc_premium,vsl_required,0
R0099,P56,return,H1,dialysis,V20,vtc_premium,vsl_required,0
R0100,P57,outbound,H2,dialysis,V1,taxi_conventionne,prescription_medicale,1
R0100,P57,outbound,H2,dialysis,V2,taxi_conventionne,prescription_medicale,1
R0100,P57,outbound,H2,dialysis,V3,taxi_conventionne,prescription_medicale,1
R0100,P57,outbound,H2,dialysis,V4,taxi_conventionne,prescription_medicale,1
R0100,P57,outbound,H2,dialysis,V5,taxi_conventionne,prescription_medicale,1
R0100,P57,outbound,H2,dialysis,V6,taxi_conventionne,prescription_medicale,1
R0100,P57,outbound,H2,dialysis,V7,taxi_conventionne,prescription_medicale,1
R0100,P57,outbound,H2,dialysis,V8,taxi_conventionne,prescription_medicale,1
R0100,P57,outbound,H2,dialysis,V9,taxi_conventionne,prescription_medicale,1
R0100,P57,outbound,H2,dialysis,V10,taxi_conventionne,prescription_medicale,1
R0100,P57,outbound,H2,dialysis,V11,vsl,prescription_medicale,1
R0100,P57,outbound,H2,dialysis,V12,vsl,prescription_medicale,1
R0100,P57,outbound,H2,dialysis,V13,vsl,prescription_medicale,1
R0100,P57,outbound,H2,dialysis,V14,vsl,prescription_medicale,1
R0100,P57,outbound,H2,dialysis,V15,vsl,prescription_medicale,1
R0100,P57,outbound,H2,dialysis,V16,vsl,prescription_medicale,1
R0100,P57,outbound,H2,dialysis,V17,vsl,prescription_medicale,1
R0100,P57,outbound,H2,dialysis,V18,vtc_premium,prescription_medicale,0
R0100,P57,outbound,H2,dialysis,V19,vtc_premium,prescription_medicale,0
R0100,P57,outbound,H2,dialysis,V20,vtc_premium,prescription_medicale,0
R0101,P58,outbound,H1,dialysis,V1,taxi_conventionne,prescription_medicale,1
R0101,P58,outbound,H1,dialysis,V2,taxi_conventionne,prescription_medicale,1
R0101,P58,outbound,H1,dialysis,V3,taxi_conventionne,prescription_medicale,1
R0101,P58,outbound,H1,dialysis,V4,taxi_conventionne,prescription_medicale,1
R0101,P58,outbound,H1,dialysis,V5,taxi_conventionne,prescription_medicale,1
R0101,P58,outbound,H1,dialysis,V6,taxi_conventionne,prescription_medicale,1
R0101,P58,outbound,H1,dialysis,V7,taxi_conventionne,prescription_medicale,1
R0101,P58,outbound,H1,dialysis,V8,taxi_conventionne,prescription_medicale,1
R0101,P58,outbound,H1,dialysis,V9,taxi_conventionne,prescription_medicale,1
R0101,P58,outbound,H1,dialysis,V10,taxi_conventionne,prescription_medicale,1
R0101,P58,outbound,H1,dialysis,V11,vsl,prescription_medicale,1
R0101,P58,outbound,H1,dialysis,V12,vsl,prescription_medicale,1
R0101,P58,outbound,H1,dialysis,V13,vsl,prescription_medicale,1
R0101,P58,outbound,H1,dialysis,V14,vsl,prescription_medicale,1
R0101,P58,outbound,H1,dialysis,V15,vsl,prescription_medicale,1
R0101,P58,outbound,H1,dialysis,V16,vsl,prescription_medicale,1
R0101,P58,outbound,H1,dialysis,V17,vsl,prescription_medicale,1
R0101,P58,outbound,H1,dialysis,V18,vtc_premium,prescription_medicale,0
R0101,P58,outbound,H1,dialysis,V19,vtc_premium,prescription_medicale,0
R0101,P58,outbound,H1,dialysis,V20,vtc_premium,prescription_medicale,0
R0102,P59,outbound,H1,dialysis,V1,taxi_conventionne,vsl_required,0
R0102,P59,outbound,H1,dialysis,V2,taxi_conventionne,vsl_required,0
R0102,P59,outbound,H1,dialysis,V3,taxi_conventionne,vsl_required,0
R0102,P59,outbound,H1,dialysis,V4,taxi_conventionne,vsl_required,0
R0102,P59,outbound,H1,dialysis,V5,taxi_conventionne,vsl_required,0
R0102,P59,outbound,H1,dialysis,V6,taxi_conventionne,vsl_required,0
R0102,P59,outbound,H1,dialysis,V7,taxi_conventionne,vsl_required,0
R0102,P59,outbound,H1,dialysis,V8,taxi_conventionne,vsl_required,0
R0102,P59,outbound,H1,dialysis,V9,taxi_conventionne,vsl_required,0
R0102,P59,outbound,H1,dialysis,V10,taxi_conventionne,vsl_required,0
R0102,P59,outbound,H1,dialysis,V11,vsl,vsl_required,1
R0102,P59,outbound,H1,dialysis,V12,vsl,vsl_required,1
R0102,P59,outbound,H1,dialysis,V13,vsl,vsl_required,1
R0102,P59,outbound,H1,dialysis,V14,vsl,vsl_required,1
R0102,P59,outbound,H1,dialysis,V15,vsl,vsl_required,1
R0102,P59,outbound,H1,dialysis,V16,vsl,vsl_required,1
R0102,P59,outbound,H1,dialysis,V17,vsl,vsl_required,1
R0102,P59,outbound,H1,dialysis,V18,vtc_premium,vsl_required,0
R0102,P59,outbound,H1,dialysis,V19,vtc_premium,vsl_required,0
R0102,P59,outbound,H1,dialysis,V20,vtc_premium,vsl_required,0
R0103,P60,outbound,H2,oncology,V1,taxi_conventionne,vsl_required,0
R0103,P60,outbound,H2,oncology,V2,taxi_conventionne,vsl_required,0
R0103,P60,outbound,H2,oncology,V3,taxi_conventionne,vsl_required,0
R0103,P60,outbound,H2,oncology,V4,taxi_conventionne,vsl_required,0
R0103,P60,outbound,H2,oncology,V5,taxi_conventionne,vsl_required,0
R0103,P60,outbound,H2,oncology,V6,taxi_conventionne,vsl_required,0
R0103,P60,outbound,H2,oncology,V7,taxi_conventionne,vsl_required,0
R0103,P60,outbound,H2,oncology,V8,taxi_conventionne,vsl_required,0
R0103,P60,outbound,H2,oncology,V9,taxi_conventionne,vsl_required,0
R0103,P60,outbound,H2,oncology,V10,taxi_conventionne,vsl_required,0
R0103,P60,outbound,H2,oncology,V11,vsl,vsl_required,1
R0103,P60,outbound,H2,oncology,V12,vsl,vsl_required,1
R0103,P60,outbound,H2,oncology,V13,vsl,vsl_required,1
R0103,P60,outbound,H2,oncology,V14,vsl,vsl_required,1
R0103,P60,outbound,H2,oncology,V15,vsl,vsl_required,1
R0103,P60,outbound,H2,oncology,V16,vsl,vsl_required,1
R0103,P60,outbound,H2,oncology,V17,vsl,vsl_required,1
R0103,P60,outbound,H2,oncology,V18,vtc_premium,vsl_required,0
R0103,P60,outbound,H2,oncology,V19,vtc_premium,vsl_required,0
R0103,P60,outbound,H2,oncology,V20,vtc_premium,vsl_required,0
R0104,P61,outbound,H2,other,V1,taxi_conventionne,standard_assis,1
R0104,P61,outbound,H2,other,V2,taxi_conventionne,standard_assis,1
R0104,P61,outbound,H2,other,V3,taxi_conventionne,standard_assis,1
R0104,P61,outbound,H2,other,V4,taxi_conventionne,standard_assis,1
R0104,P61,outbound,H2,other,V5,taxi_conventionne,standard_assis,1
R0104,P61,outbound,H2,other,V6,taxi_conventionne,standard_assis,1
R0104,P61,outbound,H2,other,V7,taxi_conventionne,standard_assis,1
R0104,P61,outbound,H2,other,V8,taxi_conventionne,standard_assis,1
R0104,P61,outbound,H2,other,V9,taxi_conventionne,standard_assis,1
R0104,P61,outbound,H2,other,V10,taxi_conventionne,standard_assis,1
R0104,P61,outbound,H2,other,V11,vsl,standard_assis,1
R0104,P61,outbound,H2,other,V12,vsl,standard_assis,1
R0104,P61,outbound,H2,other,V13,vsl,standard_assis,1
R0104,P61,outbound,H2,other,V14,vsl,standard_assis,1
R0104,P61,outbound,H2,other,V15,vsl,standard_assis,1
R0104,P61,outbound,H2,other,V16,vsl,standard_assis,1
R0104,P61,outbound,H2,other,V17,vsl,standard_assis,1
R0104,P61,outbound,H2,other,V18,vtc_premium,standard_assis,1
R0104,P61,outbound,H2,other,V19,vtc_premium,standard_assis,1
R0104,P61,outbound,H2,other,V20,vtc_premium,standard_assis,1
R0105,P61,return,H2,other,V1,taxi_conventionne,standard_assis,1
R0105,P61,return,H2,other,V2,taxi_conventionne,standard_assis,1
R0105,P61,return,H2,other,V3,taxi_conventionne,standard_assis,1
R0105,P61,return,H2,other,V4,taxi_conventionne,standard_assis,1
R0105,P61,return,H2,other,V5,taxi_conventionne,standard_assis,1
R0105,P61,return,H2,other,V6,taxi_conventionne,standard_assis,1
R0105,P61,return,H2,other,V7,taxi_conventionne,standard_assis,1
R0105,P61,return,H2,other,V8,taxi_conventionne,standard_assis,1
R0105,P61,return,H2,other,V9,taxi_conventionne,standard_assis,1
R0105,P61,return,H2,other,V10,taxi_conventionne,standard_assis,1
R0105,P61,return,H2,other,V11,vsl,standard_assis,1
R0105,P61,return,H2,other,V12,vsl,standard_assis,1
R0105,P61,return,H2,other,V13,vsl,standard_assis,1
R0105,P61,return,H2,other,V14,vsl,standard_assis,1
R0105,P61,return,H2,other,V15,vsl,standard_assis,1
R0105,P61,return,H2,other,V16,vsl,standard_assis,1
R0105,P61,return,H2,other,V17,vsl,standard_assis,1
R0105,P61,return,H2,other,V18,vtc_premium,standard_assis,1
R0105,P61,return,H2,other,V19,vtc_premium,standard_assis,1
R0105,P61,return,H2,other,V20,vtc_premium,standard_assis,1
R0106,P62,outbound,H3,dialysis,V1,taxi_conventionne,prescription_medicale,1
R0106,P62,outbound,H3,dialysis,V2,taxi_conventionne,prescription_medicale,1
R0106,P62,outbound,H3,dialysis,V3,taxi_conventionne,prescription_medicale,1
R0106,P62,outbound,H3,dialysis,V4,taxi_conventionne,prescription_medicale,1
R0106,P62,outbound,H3,dialysis,V5,taxi_conventionne,prescription_medicale,1
R0106,P62,outbound,H3,dialysis,V6,taxi_conventionne,prescription_medicale,1
R0106,P62,outbound,H3,dialysis,V7,taxi_conventionne,prescription_medicale,1
R0106,P62,outbound,H3,dialysis,V8,taxi_conventionne,prescription_medicale,1
R0106,P62,outbound,H3,dialysis,V9,taxi_conventionne,prescription_medicale,1
R0106,P62,outbound,H3,dialysis,V10,taxi_conventionne,prescription_medicale,1
R0106,P62,outbound,H3,dialysis,V11,vsl,prescription_medicale,1
R0106,P62,outbound,H3,dialysis,V12,vsl,prescription_medicale,1
R0106,P62,outbound,H3,dialysis,V13,vsl,prescription_medicale,1
R0106,P62,outbound,H3,dialysis,V14,vsl,prescription_medicale,1
R0106,P62,outbound,H3,dialysis,V15,vsl,prescription_medicale,1
R0106,P62,outbound,H3,dialysis,V16,vsl,prescription_medicale,1
R0106,P62,outbound,H3,dialysis,V17,vsl,prescription_medicale,1
R0106,P62,outbound,H3,dialysis,V18,vtc_premium,prescription_medicale,0
R0106,P62,outbound,H3,dialysis,V19,vtc_premium,prescription_medicale,0
R0106,P62,outbound,H3,dialysis,V20,vtc_premium,prescription_medicale,0
R0107,P62,return,H3,dialysis,V1,taxi_conventionne,prescription_medicale,1
R0107,P62,return,H3,dialysis,V2,taxi_conventionne,prescription_medicale,1
R0107,P62,return,H3,dialysis,V3,taxi_conventionne,prescription_medicale,1
R0107,P62,return,H3,dialysis,V4,taxi_conventionne,prescription_medicale,1
R0107,P62,return,H3,dialysis,V5,taxi_conventionne,prescription_medicale,1
R0107,P62,return,H3,dialysis,V6,taxi_conventionne,prescription_medicale,1
R0107,P62,return,H3,dialysis,V7,taxi_conventionne,prescription_medicale,1
R0107,P62,return,H3,dialysis,V8,taxi_conventionne,prescription_medicale,1
R0107,P62,return,H3,dialysis,V9,taxi_conventionne,prescription_medicale,1
R0107,P62,return,H3,dialysis,V10,taxi_conventionne,prescription_medicale,1
R0107,P62,return,H3,dialysis,V11,vsl,prescription_medicale,1
R0107,P62,return,H3,dialysis,V12,vsl,prescription_medicale,1
R0107,P62,return,H3,dialysis,V13,vsl,prescription_medicale,1
R0107,P62,return,H3,dialysis,V14,vsl,prescription_medicale,1
R0107,P62,return,H3,dialysis,V15,vsl,prescription_medicale,1
R0107,P62,return,H3,dialysis,V16,vsl,prescription_medicale,1
R0107,P62,return,H3,dialysis,V17,vsl,prescription_medicale,1
R0107,P62,return,H3,dialysis,V18,vtc_premium,prescription_medicale,0
R0107,P62,return,H3,dialysis,V19,vtc_premium,prescription_medicale,0
R0107,P62,return,H3,dialysis,V20,vtc_premium,prescription_medicale,0
R0108,P63,outbound,H2,other,V1,taxi_conventionne,standard_assis,1
R0108,P63,outbound,H2,other,V2,taxi_conventionne,standard_assis,1
R0108,P63,outbound,H2,other,V3,taxi_conventionne,standard_assis,1
R0108,P63,outbound,H2,other,V4,taxi_conventionne,standard_assis,1
R0108,P63,outbound,H2,other,V5,taxi_conventionne,standard_assis,1
R0108,P63,outbound,H2,other,V6,taxi_conventionne,standard_assis,1
R0108,P63,outbound,H2,other,V7,taxi_conventionne,standard_assis,1
R0108,P63,outbound,H2,other,V8,taxi_conventionne,standard_assis,1
R0108,P63,outbound,H2,other,V9,taxi_conventionne,standard_assis,1
R0108,P63,outbound,H2,other,V10,taxi_conventionne,standard_assis,1
R0108,P63,outbound,H2,other,V11,vsl,standard_assis,1
R0108,P63,outbound,H2,other,V12,vsl,standard_assis,1
R0108,P63,outbound,H2,other,V13,vsl,standard_assis,1
R0108,P63,outbound,H2,other,V14,vsl,standard_assis,1
R0108,P63,outbound,H2,other,V15,vsl,standard_assis,1
R0108,P63,outbound,H2,other,V16,vsl,standard_assis,1
R0108,P63,outbound,H2,other,V17,vsl,standard_assis,1
R0108,P63,outbound,H2,other,V18,vtc_premium,standard_assis,1
R0108,P63,outbound,H2,other,V19,vtc_premium,standard_assis,1
R0108,P63,outbound,H2,other,V20,vtc_premium,standard_assis,1
R0109,P63,return,H2,other,V1,taxi_conventionne,standard_assis,1
R0109,P63,return,H2,other,V2,taxi_conventionne,standard_assis,1
R0109,P63,return,H2,other,V3,taxi_conventionne,standard_assis,1
R0109,P63,return,H2,other,V4,taxi_conventionne,standard_assis,1
R0109,P63,return,H2,other,V5,taxi_conventionne,standard_assis,1
R0109,P63,return,H2,other,V6,taxi_conventionne,standard_assis,1
R0109,P63,return,H2,other,V7,taxi_conventionne,standard_assis,1
R0109,P63,return,H2,other,V8,taxi_conventionne,standard_assis,1
R0109,P63,return,H2,other,V9,taxi_conventionne,standard_assis,1
R0109,P63,return,H2,other,V10,taxi_conventionne,standard_assis,1
R0109,P63,return,H2,other,V11,vsl,standard_assis,1
R0109,P63,return,H2,other,V12,vsl,standard_assis,1
R0109,P63,return,H2,other,V13,vsl,standard_assis,1
R0109,P63,return,H2,other,V14,vsl,standard_assis,1
R0109,P63,return,H2,other,V15,vsl,standard_assis,1
R0109,P63,return,H2,other,V16,vsl,standard_assis,1
R0109,P63,return,H2,other,V17,vsl,standard_assis,1
R0109,P63,return,H2,other,V18,vtc_premium,standard_assis,1
R0109,P63,return,H2,other,V19,vtc_premium,standard_assis,1
R0109,P63,return,H2,other,V20,vtc_premium,standard_assis,1
R0110,P64,outbound,H2,other,V1,taxi_conventionne,standard_assis,1
R0110,P64,outbound,H2,other,V2,taxi_conventionne,standard_assis,1
R0110,P64,outbound,H2,other,V3,taxi_conventionne,standard_assis,1
R0110,P64,outbound,H2,other,V4,taxi_conventionne,standard_assis,1
R0110,P64,outbound,H2,other,V5,taxi_conventionne,standard_assis,1
R0110,P64,outbound,H2,other,V6,taxi_conventionne,standard_assis,1
R0110,P64,outbound,H2,other,V7,taxi_conventionne,standard_assis,1
R0110,P64,outbound,H2,other,V8,taxi_conventionne,standard_assis,1
R0110,P64,outbound,H2,other,V9,taxi_conventionne,standard_assis,1
R0110,P64,outbound,H2,other,V10,taxi_conventionne,standard_assis,1
R0110,P64,outbound,H2,other,V11,vsl,standard_assis,1
R0110,P64,outbound,H2,other,V12,vsl,standard_assis,1
R0110,P64,outbound,H2,other,V13,vsl,standard_assis,1
R0110,P64,outbound,H2,other,V14,vsl,standard_assis,1
R0110,P64,outbound,H2,other,V15,vsl,standard_assis,1
R0110,P64,outbound,H2,other,V16,vsl,standard_assis,1
R0110,P64,outbound,H2,other,V17,vsl,standard_assis,1
R0110,P64,outbound,H2,other,V18,vtc_premium,standard_assis,1
R0110,P64,outbound,H2,other,V19,vtc_premium,standard_assis,1
R0110,P64,outbound,H2,other,V20,vtc_premium,standard_assis,1
R0111,P64,return,H2,other,V1,taxi_conventionne,standard_assis,1
R0111,P64,return,H2,other,V2,taxi_conventionne,standard_assis,1
R0111,P64,return,H2,other,V3,taxi_conventionne,standard_assis,1
R0111,P64,return,H2,other,V4,taxi_conventionne,standard_assis,1
R0111,P64,return,H2,other,V5,taxi_conventionne,standard_assis,1
R0111,P64,return,H2,other,V6,taxi_conventionne,standard_assis,1
R0111,P64,return,H2,other,V7,taxi_conventionne,standard_assis,1
R0111,P64,return,H2,other,V8,taxi_conventionne,standard_assis,1
R0111,P64,return,H2,other,V9,taxi_conventionne,standard_assis,1
R0111,P64,return,H2,other,V10,taxi_conventionne,standard_assis,1
R0111,P64,return,H2,other,V11,vsl,standard_assis,1
R0111,P64,return,H2,other,V12,vsl,standard_assis,1
R0111,P64,return,H2,other,V13,vsl,standard_assis,1
R0111,P64,return,H2,other,V14,vsl,standard_assis,1
R0111,P64,return,H2,other,V15,vsl,standard_assis,1
R0111,P64,return,H2,other,V16,vsl,standard_assis,1
R0111,P64,return,H2,other,V17,vsl,standard_assis,1
R0111,P64,return,H2,other,V18,vtc_premium,standard_assis,1
R0111,P64,return,H2,other,V19,vtc_premium,standard_assis,1
R0111,P64,return,H2,other,V20,vtc_premium,standard_assis,1
R0112,P65,outbound,H1,dialysis,V1,taxi_conventionne,prescription_medicale,1
R0112,P65,outbound,H1,dialysis,V2,taxi_conventionne,prescription_medicale,1
R0112,P65,outbound,H1,dialysis,V3,taxi_conventionne,prescription_medicale,1
R0112,P65,outbound,H1,dialysis,V4,taxi_conventionne,prescription_medicale,1
R0112,P65,outbound,H1,dialysis,V5,taxi_conventionne,prescription_medicale,1
R0112,P65,outbound,H1,dialysis,V6,taxi_conventionne,prescription_medicale,1
R0112,P65,outbound,H1,dialysis,V7,taxi_conventionne,prescription_medicale,1
R0112,P65,outbound,H1,dialysis,V8,taxi_conventionne,prescription_medicale,1
R0112,P65,outbound,H1,dialysis,V9,taxi_conventionne,prescription_medicale,1
R0112,P65,outbound,H1,dialysis,V10,taxi_conventionne,prescription_medicale,1
R0112,P65,outbound,H1,dialysis,V11,vsl,prescription_medicale,1
R0112,P65,outbound,H1,dialysis,V12,vsl,prescription_medicale,1
R0112,P65,outbound,H1,dialysis,V13,vsl,prescription_medicale,1
R0112,P65,outbound,H1,dialysis,V14,vsl,prescription_medicale,1
R0112,P65,outbound,H1,dialysis,V15,vsl,prescription_medicale,1
R0112,P65,outbound,H1,dialysis,V16,vsl,prescription_medicale,1
R0112,P65,outbound,H1,dialysis,V17,vsl,prescription_medicale,1
R0112,P65,outbound,H1,dialysis,V18,vtc_premium,prescription_medicale,0
R0112,P65,outbound,H1,dialysis,V19,vtc_premium,prescription_medicale,0
R0112,P65,outbound,H1,dialysis,V20,vtc_premium,prescription_medicale,0
R0113,P65,return,H1,dialysis,V1,taxi_conventionne,prescription_medicale,1
R0113,P65,return,H1,dialysis,V2,taxi_conventionne,prescription_medicale,1
R0113,P65,return,H1,dialysis,V3,taxi_conventionne,prescription_medicale,1
R0113,P65,return,H1,dialysis,V4,taxi_conventionne,prescription_medicale,1
R0113,P65,return,H1,dialysis,V5,taxi_conventionne,prescription_medicale,1
R0113,P65,return,H1,dialysis,V6,taxi_conventionne,prescription_medicale,1
R0113,P65,return,H1,dialysis,V7,taxi_conventionne,prescription_medicale,1
R0113,P65,return,H1,dialysis,V8,taxi_conventionne,prescription_medicale,1
R0113,P65,return,H1,dialysis,V9,taxi_conventionne,prescription_medicale,1
R0113,P65,return,H1,dialysis,V10,taxi_conventionne,prescription_medicale,1
R0113,P65,return,H1,dialysis,V11,vsl,prescription_medicale,1
R0113,P65,return,H1,dialysis,V12,vsl,prescription_medicale,1
R0113,P65,return,H1,dialysis,V13,vsl,prescription_medicale,1
R0113,P65,return,H1,dialysis,V14,vsl,prescription_medicale,1
R0113,P65,return,H1,dialysis,V15,vsl,prescription_medicale,1
R0113,P65,return,H1,dialysis,V16,vsl,prescription_medicale,1
R0113,P65,return,H1,dialysis,V17,vsl,prescription_medicale,1
R0113,P65,return,H1,dialysis,V18,vtc_premium,prescription_medicale,0
R0113,P65,return,H1,dialysis,V19,vtc_premium,prescription_medicale,0
R0113,P65,return,H1,dialysis,V20,vtc_premium,prescription_medicale,0
R0114,P66,outbound,H1,oncology,V1,taxi_conventionne,prescription_medicale,1
R0114,P66,outbound,H1,oncology,V2,taxi_conventionne,prescription_medicale,1
R0114,P66,outbound,H1,oncology,V3,taxi_conventionne,prescription_medicale,1
R0114,P66,outbound,H1,oncology,V4,taxi_conventionne,prescription_medicale,1
R0114,P66,outbound,H1,oncology,V5,taxi_conventionne,prescription_medicale,1
R0114,P66,outbound,H1,oncology,V6,taxi_conventionne,prescription_medicale,1
R0114,P66,outbound,H1,oncology,V7,taxi_conventionne,prescription_medicale,1
R0114,P66,outbound,H1,oncology,V8,taxi_conventionne,prescription_medicale,1
R0114,P66,outbound,H1,oncology,V9,taxi_conventionne,prescription_medicale,1
R0114,P66,outbound,H1,oncology,V10,taxi_conventionne,prescription_medicale,1
R0114,P66,outbound,H1,oncology,V11,vsl,prescription_medicale,1
R0114,P66,outbound,H1,oncology,V12,vsl,prescription_medicale,1
R0114,P66,outbound,H1,oncology,V13,vsl,prescription_medicale,1
R0114,P66,outbound,H1,oncology,V14,vsl,prescription_medicale,1
R0114,P66,outbound,H1,oncology,V15,vsl,prescription_medicale,1
R0114,P66,outbound,H1,oncology,V16,vsl,prescription_medicale,1
R0114,P66,outbound,H1,oncology,V17,vsl,prescription_medicale,1
R0114,P66,outbound,H1,oncology,V18,vtc_premium,prescription_medicale,0
R0114,P66,outbound,H1,oncology,V19,vtc_premium,prescription_medicale,0
R0114,P66,outbound,H1,oncology,V20,vtc_premium,prescription_medicale,0
R0115,P66,return,H1,oncology,V1,taxi_conventionne,prescription_medicale,1
R0115,P66,return,H1,oncology,V2,taxi_conventionne,prescription_medicale,1
R0115,P66,return,H1,oncology,V3,taxi_conventionne,prescription_medicale,1
R0115,P66,return,H1,oncology,V4,taxi_conventionne,prescription_medicale,1
R0115,P66,return,H1,oncology,V5,taxi_conventionne,prescription_medicale,1
R0115,P66,return,H1,oncology,V6,taxi_conventionne,prescription_medicale,1
R0115,P66,return,H1,oncology,V7,taxi_conventionne,prescription_medicale,1
R0115,P66,return,H1,oncology,V8,taxi_conventionne,prescription_medicale,1
R0115,P66,return,H1,oncology,V9,taxi_conventionne,prescription_medicale,1
R0115,P66,return,H1,oncology,V10,taxi_conventionne,prescription_medicale,1
R0115,P66,return,H1,oncology,V11,vsl,prescription_medicale,1
R0115,P66,return,H1,oncology,V12,vsl,prescription_medicale,1
R0115,P66,return,H1,oncology,V13,vsl,prescription_medicale,1
R0115,P66,return,H1,oncology,V14,vsl,prescription_medicale,1
R0115,P66,return,H1,oncology,V15,vsl,prescription_medicale,1
R0115,P66,return,H1,oncology,V16,vsl,prescription_medicale,1
R0115,P66,return,H1,oncology,V17,vsl,prescription_medicale,1
R0115,P66,return,H1,oncology,V18,vtc_premium,prescription_medicale,0
R0115,P66,return,H1,oncology,V19,vtc_premium,prescription_medicale,0
R0115,P66,return,H1,oncology,V20,vtc_premium,prescription_medicale,0
R0116,P67,outbound,H1,external,V1,taxi_conventionne,prescription_medicale,1
R0116,P67,outbound,H1,external,V2,taxi_conventionne,prescription_medicale,1
R0116,P67,outbound,H1,external,V3,taxi_conventionne,prescription_medicale,1
R0116,P67,outbound,H1,external,V4,taxi_conventionne,prescription_medicale,1
R0116,P67,outbound,H1,external,V5,taxi_conventionne,prescription_medicale,1
R0116,P67,outbound,H1,external,V6,taxi_conventionne,prescription_medicale,1
R0116,P67,outbound,H1,external,V7,taxi_conventionne,prescription_medicale,1
R0116,P67,outbound,H1,external,V8,taxi_conventionne,prescription_medicale,1
R0116,P67,outbound,H1,external,V9,taxi_conventionne,prescription_medicale,1
R0116,P67,outbound,H1,external,V10,taxi_conventionne,prescription_medicale,1
R0116,P67,outbound,H1,external,V11,vsl,prescription_medicale,1
R0116,P67,outbound,H1,external,V12,vsl,prescription_medicale,1
R0116,P67,outbound,H1,external,V13,vsl,prescription_medicale,1
R0116,P67,outbound,H1,external,V14,vsl,prescription_medicale,1
R0116,P67,outbound,H1,external,V15,vsl,prescription_medicale,1
R0116,P67,outbound,H1,external,V16,vsl,prescription_medicale,1
R0116,P67,outbound,H1,external,V17,vsl,prescription_medicale,1
R0116,P67,outbound,H1,external,V18,vtc_premium,prescription_medicale,0
R0116,P67,outbound,H1,external,V19,vtc_premium,prescription_medicale,0
R0116,P67,outbound,H1,external,V20,vtc_premium,prescription_medicale,0
R0117,P67,return,H1,external,V1,taxi_conventionne,prescription_medicale,1
R0117,P67,return,H1,external,V2,taxi_conventionne,prescription_medicale,1
R0117,P67,return,H1,external,V3,taxi_conventionne,prescription_medicale,1
R0117,P67,return,H1,external,V4,taxi_conventionne,prescription_medicale,1
R0117,P67,return,H1,external,V5,taxi_conventionne,prescription_medicale,1
R0117,P67,return,H1,external,V6,taxi_conventionne,prescription_medicale,1
R0117,P67,return,H1,external,V7,taxi_conventionne,prescription_medicale,1
R0117,P67,return,H1,external,V8,taxi_conventionne,prescription_medicale,1
R0117,P67,return,H1,external,V9,taxi_conventionne,prescription_medicale,1
R0117,P67,return,H1,external,V10,taxi_conventionne,prescription_medicale,1
R0117,P67,return,H1,external,V11,vsl,prescription_medicale,1
R0117,P67,return,H1,external,V12,vsl,prescription_medicale,1
R0117,P67,return,H1,external,V13,vsl,prescription_medicale,1
R0117,P67,return,H1,external,V14,vsl,prescription_medicale,1
R0117,P67,return,H1,external,V15,vsl,prescription_medicale,1
R0117,P67,return,H1,external,V16,vsl,prescription_medicale,1
R0117,P67,return,H1,external,V17,vsl,prescription_medicale,1
R0117,P67,return,H1,external,V18,vtc_premium,prescription_medicale,0
R0117,P67,return,H1,external,V19,vtc_premium,prescription_medicale,0
R0117,P67,return,H1,external,V20,vtc_premium,prescription_medicale,0
R0118,P68,outbound,H2,dialysis,V1,taxi_conventionne,vsl_required,0
R0118,P68,outbound,H2,dialysis,V2,taxi_conventionne,vsl_required,0
R0118,P68,outbound,H2,dialysis,V3,taxi_conventionne,vsl_required,0
R0118,P68,outbound,H2,dialysis,V4,taxi_conventionne,vsl_required,0
R0118,P68,outbound,H2,dialysis,V5,taxi_conventionne,vsl_required,0
R0118,P68,outbound,H2,dialysis,V6,taxi_conventionne,vsl_required,0
R0118,P68,outbound,H2,dialysis,V7,taxi_conventionne,vsl_required,0
R0118,P68,outbound,H2,dialysis,V8,taxi_conventionne,vsl_required,0
R0118,P68,outbound,H2,dialysis,V9,taxi_conventionne,vsl_required,0
R0118,P68,outbound,H2,dialysis,V10,taxi_conventionne,vsl_required,0
R0118,P68,outbound,H2,dialysis,V11,vsl,vsl_required,1
R0118,P68,outbound,H2,dialysis,V12,vsl,vsl_required,1
R0118,P68,outbound,H2,dialysis,V13,vsl,vsl_required,1
R0118,P68,outbound,H2,dialysis,V14,vsl,vsl_required,1
R0118,P68,outbound,H2,dialysis,V15,vsl,vsl_required,1
R0118,P68,outbound,H2,dialysis,V16,vsl,vsl_required,1
R0118,P68,outbound,H2,dialysis,V17,vsl,vsl_required,1
R0118,P68,outbound,H2,dialysis,V18,vtc_premium,vsl_required,0
R0118,P68,outbound,H2,dialysis,V19,vtc_premium,vsl_required,0
R0118,P68,outbound,H2,dialysis,V20,vtc_premium,vsl_required,0
R0119,P68,return,H2,dialysis,V1,taxi_conventionne,vsl_required,0
R0119,P68,return,H2,dialysis,V2,taxi_conventionne,vsl_required,0
R0119,P68,return,H2,dialysis,V3,taxi_conventionne,vsl_required,0
R0119,P68,return,H2,dialysis,V4,taxi_conventionne,vsl_required,0
R0119,P68,return,H2,dialysis,V5,taxi_conventionne,vsl_required,0
R0119,P68,return,H2,dialysis,V6,taxi_conventionne,vsl_required,0
R0119,P68,return,H2,dialysis,V7,taxi_conventionne,vsl_required,0
R0119,P68,return,H2,dialysis,V8,taxi_conventionne,vsl_required,0
R0119,P68,return,H2,dialysis,V9,taxi_conventionne,vsl_required,0
R0119,P68,return,H2,dialysis,V10,taxi_conventionne,vsl_required,0
R0119,P68,return,H2,dialysis,V11,vsl,vsl_required,1
R0119,P68,return,H2,dialysis,V12,vsl,vsl_required,1
R0119,P68,return,H2,dialysis,V13,vsl,vsl_required,1
R0119,P68,return,H2,dialysis,V14,vsl,vsl_required,1
R0119,P68,return,H2,dialysis,V15,vsl,vsl_required,1
R0119,P68,return,H2,dialysis,V16,vsl,vsl_required,1
R0119,P68,return,H2,dialysis,V17,vsl,vsl_required,1
R0119,P68,return,H2,dialysis,V18,vtc_premium,vsl_required,0
R0119,P68,return,H2,dialysis,V19,vtc_premium,vsl_required,0
R0119,P68,return,H2,dialysis,V20,vtc_premium,vsl_required,0
R0120,P69,outbound,H2,dialysis,V1,taxi_conventionne,vsl_required,0
R0120,P69,outbound,H2,dialysis,V2,taxi_conventionne,vsl_required,0
R0120,P69,outbound,H2,dialysis,V3,taxi_conventionne,vsl_required,0
R0120,P69,outbound,H2,dialysis,V4,taxi_conventionne,vsl_required,0
R0120,P69,outbound,H2,dialysis,V5,taxi_conventionne,vsl_required,0
R0120,P69,outbound,H2,dialysis,V6,taxi_conventionne,vsl_required,0
R0120,P69,outbound,H2,dialysis,V7,taxi_conventionne,vsl_required,0
R0120,P69,outbound,H2,dialysis,V8,taxi_conventionne,vsl_required,0
R0120,P69,outbound,H2,dialysis,V9,taxi_conventionne,vsl_required,0
R0120,P69,outbound,H2,dialysis,V10,taxi_conventionne,vsl_required,0
R0120,P69,outbound,H2,dialysis,V11,vsl,vsl_required,1
R0120,P69,outbound,H2,dialysis,V12,vsl,vsl_required,1
R0120,P69,outbound,H2,dialysis,V13,vsl,vsl_required,1
R0120,P69,outbound,H2,dialysis,V14,vsl,vsl_required,1
R0120,P69,outbound,H2,dialysis,V15,vsl,vsl_required,1
R0120,P69,outbound,H2,dialysis,V16,vsl,vsl_required,1
R0120,P69,outbound,H2,dialysis,V17,vsl,vsl_required,1
R0120,P69,outbound,H2,dialysis,V18,vtc_premium,vsl_required,0
R0120,P69,outbound,H2,dialysis,V19,vtc_premium,vsl_required,0
R0120,P69,outbound,H2,dialysis,V20,vtc_premium,vsl_required,0
R0121,P70,outbound,H2,oncology,V1,taxi_conventionne,vsl_required,0
R0121,P70,outbound,H2,oncology,V2,taxi_conventionne,vsl_required,0
R0121,P70,outbound,H2,oncology,V3,taxi_conventionne,vsl_required,0
R0121,P70,outbound,H2,oncology,V4,taxi_conventionne,vsl_required,0
R0121,P70,outbound,H2,oncology,V5,taxi_conventionne,vsl_required,0
R0121,P70,outbound,H2,oncology,V6,taxi_conventionne,vsl_required,0
R0121,P70,outbound,H2,oncology,V7,taxi_conventionne,vsl_required,0
R0121,P70,outbound,H2,oncology,V8,taxi_conventionne,vsl_required,0
R0121,P70,outbound,H2,oncology,V9,taxi_conventionne,vsl_required,0
R0121,P70,outbound,H2,oncology,V10,taxi_conventionne,vsl_required,0
R0121,P70,outbound,H2,oncology,V11,vsl,vsl_required,1
R0121,P70,outbound,H2,oncology,V12,vsl,vsl_required,1
R0121,P70,outbound,H2,oncology,V13,vsl,vsl_required,1
R0121,P70,outbound,H2,oncology,V14,vsl,vsl_required,1
R0121,P70,outbound,H2,oncology,V15,vsl,vsl_required,1
R0121,P70,outbound,H2,oncology,V16,vsl,vsl_required,1
R0121,P70,outbound,H2,oncology,V17,vsl,vsl_required,1
R0121,P70,outbound,H2,oncology,V18,vtc_premium,vsl_required,0
R0121,P70,outbound,H2,oncology,V19,vtc_premium,vsl_required,0
R0121,P70,outbound,H2,oncology,V20,vtc_premium,vsl_required,0
R0122,P71,outbound,H2,other,V1,taxi_conventionne,standard_assis,1
R0122,P71,outbound,H2,other,V2,taxi_conventionne,standard_assis,1
R0122,P71,outbound,H2,other,V3,taxi_conventionne,standard_assis,1
R0122,P71,outbound,H2,other,V4,taxi_conventionne,standard_assis,1
R0122,P71,outbound,H2,other,V5,taxi_conventionne,standard_assis,1
R0122,P71,outbound,H2,other,V6,taxi_conventionne,standard_assis,1
R0122,P71,outbound,H2,other,V7,taxi_conventionne,standard_assis,1
R0122,P71,outbound,H2,other,V8,taxi_conventionne,standard_assis,1
R0122,P71,outbound,H2,other,V9,taxi_conventionne,standard_assis,1
R0122,P71,outbound,H2,other,V10,taxi_conventionne,standard_assis,1
R0122,P71,outbound,H2,other,V11,vsl,standard_assis,1
R0122,P71,outbound,H2,other,V12,vsl,standard_assis,1
R0122,P71,outbound,H2,other,V13,vsl,standard_assis,1
R0122,P71,outbound,H2,other,V14,vsl,standard_assis,1
R0122,P71,outbound,H2,other,V15,vsl,standard_assis,1
R0122,P71,outbound,H2,other,V16,vsl,standard_assis,1
R0122,P71,outbound,H2,other,V17,vsl,standard_assis,1
R0122,P71,outbound,H2,other,V18,vtc_premium,standard_assis,1
R0122,P71,outbound,H2,other,V19,vtc_premium,standard_assis,1
R0122,P71,outbound,H2,other,V20,vtc_premium,standard_assis,1
R0123,P71,return,H2,other,V1,taxi_conventionne,standard_assis,1
R0123,P71,return,H2,other,V2,taxi_conventionne,standard_assis,1
R0123,P71,return,H2,other,V3,taxi_conventionne,standard_assis,1
R0123,P71,return,H2,other,V4,taxi_conventionne,standard_assis,1
R0123,P71,return,H2,other,V5,taxi_conventionne,standard_assis,1
R0123,P71,return,H2,other,V6,taxi_conventionne,standard_assis,1
R0123,P71,return,H2,other,V7,taxi_conventionne,standard_assis,1
R0123,P71,return,H2,other,V8,taxi_conventionne,standard_assis,1
R0123,P71,return,H2,other,V9,taxi_conventionne,standard_assis,1
R0123,P71,return,H2,other,V10,taxi_conventionne,standard_assis,1
R0123,P71,return,H2,other,V11,vsl,standard_assis,1
R0123,P71,return,H2,other,V12,vsl,standard_assis,1
R0123,P71,return,H2,other,V13,vsl,standard_assis,1
R0123,P71,return,H2,other,V14,vsl,standard_assis,1
R0123,P71,return,H2,other,V15,vsl,standard_assis,1
R0123,P71,return,H2,other,V16,vsl,standard_assis,1
R0123,P71,return,H2,other,V17,vsl,standard_assis,1
R0123,P71,return,H2,other,V18,vtc_premium,standard_assis,1
R0123,P71,return,H2,other,V19,vtc_premium,standard_assis,1
R0123,P71,return,H2,other,V20,vtc_premium,standard_assis,1
R0124,P72,outbound,H1,other,V1,taxi_conventionne,standard_assis,1
R0124,P72,outbound,H1,other,V2,taxi_conventionne,standard_assis,1
R0124,P72,outbound,H1,other,V3,taxi_conventionne,standard_assis,1
R0124,P72,outbound,H1,other,V4,taxi_conventionne,standard_assis,1
R0124,P72,outbound,H1,other,V5,taxi_conventionne,standard_assis,1
R0124,P72,outbound,H1,other,V6,taxi_conventionne,standard_assis,1
R0124,P72,outbound,H1,other,V7,taxi_conventionne,standard_assis,1
R0124,P72,outbound,H1,other,V8,taxi_conventionne,standard_assis,1
R0124,P72,outbound,H1,other,V9,taxi_conventionne,standard_assis,1
R0124,P72,outbound,H1,other,V10,taxi_conventionne,standard_assis,1
R0124,P72,outbound,H1,other,V11,vsl,standard_assis,1
R0124,P72,outbound,H1,other,V12,vsl,standard_assis,1
R0124,P72,outbound,H1,other,V13,vsl,standard_assis,1
R0124,P72,outbound,H1,other,V14,vsl,standard_assis,1
R0124,P72,outbound,H1,other,V15,vsl,standard_assis,1
R0124,P72,outbound,H1,other,V16,vsl,standard_assis,1
R0124,P72,outbound,H1,other,V17,vsl,standard_assis,1
R0124,P72,outbound,H1,other,V18,vtc_premium,standard_assis,1
R0124,P72,outbound,H1,other,V19,vtc_premium,standard_assis,1
R0124,P72,outbound,H1,other,V20,vtc_premium,standard_assis,1
R0125,P72,return,H1,other,V1,taxi_conventionne,standard_assis,1
R0125,P72,return,H1,other,V2,taxi_conventionne,standard_assis,1
R0125,P72,return,H1,other,V3,taxi_conventionne,standard_assis,1
R0125,P72,return,H1,other,V4,taxi_conventionne,standard_assis,1
R0125,P72,return,H1,other,V5,taxi_conventionne,standard_assis,1
R0125,P72,return,H1,other,V6,taxi_conventionne,standard_assis,1
R0125,P72,return,H1,other,V7,taxi_conventionne,standard_assis,1
R0125,P72,return,H1,other,V8,taxi_conventionne,standard_assis,1
R0125,P72,return,H1,other,V9,taxi_conventionne,standard_assis,1
R0125,P72,return,H1,other,V10,taxi_conventionne,standard_assis,1
R0125,P72,return,H1,other,V11,vsl,standard_assis,1
R0125,P72,return,H1,other,V12,vsl,standard_assis,1
R0125,P72,return,H1,other,V13,vsl,standard_assis,1
R0125,P72,return,H1,other,V14,vsl,standard_assis,1
R0125,P72,return,H1,other,V15,vsl,standard_assis,1
R0125,P72,return,H1,other,V16,vsl,standard_assis,1
R0125,P72,return,H1,other,V17,vsl,standard_assis,1
R0125,P72,return,H1,other,V18,vtc_premium,standard_assis,1
R0125,P72,return,H1,other,V19,vtc_premium,standard_assis,1
R0125,P72,return,H1,other,V20,vtc_premium,standard_assis,1
R0126,P73,outbound,H2,dialysis,V1,taxi_conventionne,vsl_required,0
R0126,P73,outbound,H2,dialysis,V2,taxi_conventionne,vsl_required,0
R0126,P73,outbound,H2,dialysis,V3,taxi_conventionne,vsl_required,0
R0126,P73,outbound,H2,dialysis,V4,taxi_conventionne,vsl_required,0
R0126,P73,outbound,H2,dialysis,V5,taxi_conventionne,vsl_required,0
R0126,P73,outbound,H2,dialysis,V6,taxi_conventionne,vsl_required,0
R0126,P73,outbound,H2,dialysis,V7,taxi_conventionne,vsl_required,0
R0126,P73,outbound,H2,dialysis,V8,taxi_conventionne,vsl_required,0
R0126,P73,outbound,H2,dialysis,V9,taxi_conventionne,vsl_required,0
R0126,P73,outbound,H2,dialysis,V10,taxi_conventionne,vsl_required,0
R0126,P73,outbound,H2,dialysis,V11,vsl,vsl_required,1
R0126,P73,outbound,H2,dialysis,V12,vsl,vsl_required,1
R0126,P73,outbound,H2,dialysis,V13,vsl,vsl_required,1
R0126,P73,outbound,H2,dialysis,V14,vsl,vsl_required,1
R0126,P73,outbound,H2,dialysis,V15,vsl,vsl_required,1
R0126,P73,outbound,H2,dialysis,V16,vsl,vsl_required,1
R0126,P73,outbound,H2,dialysis,V17,vsl,vsl_required,1
R0126,P73,outbound,H2,dialysis,V18,vtc_premium,vsl_required,0
R0126,P73,outbound,H2,dialysis,V19,vtc_premium,vsl_required,0
R0126,P73,outbound,H2,dialysis,V20,vtc_premium,vsl_required,0
R0127,P73,return,H2,dialysis,V1,taxi_conventionne,vsl_required,0
R0127,P73,return,H2,dialysis,V2,taxi_conventionne,vsl_required,0
R0127,P73,return,H2,dialysis,V3,taxi_conventionne,vsl_required,0
R0127,P73,return,H2,dialysis,V4,taxi_conventionne,vsl_required,0
R0127,P73,return,H2,dialysis,V5,taxi_conventionne,vsl_required,0
R0127,P73,return,H2,dialysis,V6,taxi_conventionne,vsl_required,0
R0127,P73,return,H2,dialysis,V7,taxi_conventionne,vsl_required,0
R0127,P73,return,H2,dialysis,V8,taxi_conventionne,vsl_required,0
R0127,P73,return,H2,dialysis,V9,taxi_conventionne,vsl_required,0
R0127,P73,return,H2,dialysis,V10,taxi_conventionne,vsl_required,0
R0127,P73,return,H2,dialysis,V11,vsl,vsl_required,1
R0127,P73,return,H2,dialysis,V12,vsl,vsl_required,1
R0127,P73,return,H2,dialysis,V13,vsl,vsl_required,1
R0127,P73,return,H2,dialysis,V14,vsl,vsl_required,1
R0127,P73,return,H2,dialysis,V15,vsl,vsl_required,1
R0127,P73,return,H2,dialysis,V16,vsl,vsl_required,1
R0127,P73,return,H2,dialysis,V17,vsl,vsl_required,1
R0127,P73,return,H2,dialysis,V18,vtc_premium,vsl_required,0
R0127,P73,return,H2,dialysis,V19,vtc_premium,vsl_required,0
R0127,P73,return,H2,dialysis,V20,vtc_premium,vsl_required,0
R0128,P74,outbound,H1,other,V1,taxi_conventionne,vsl_required,0
R0128,P74,outbound,H1,other,V2,taxi_conventionne,vsl_required,0
R0128,P74,outbound,H1,other,V3,taxi_conventionne,vsl_required,0
R0128,P74,outbound,H1,other,V4,taxi_conventionne,vsl_required,0
R0128,P74,outbound,H1,other,V5,taxi_conventionne,vsl_required,0
R0128,P74,outbound,H1,other,V6,taxi_conventionne,vsl_required,0
R0128,P74,outbound,H1,other,V7,taxi_conventionne,vsl_required,0
R0128,P74,outbound,H1,other,V8,taxi_conventionne,vsl_required,0
R0128,P74,outbound,H1,other,V9,taxi_conventionne,vsl_required,0
R0128,P74,outbound,H1,other,V10,taxi_conventionne,vsl_required,0
R0128,P74,outbound,H1,other,V11,vsl,vsl_required,1
R0128,P74,outbound,H1,other,V12,vsl,vsl_required,1
R0128,P74,outbound,H1,other,V13,vsl,vsl_required,1
R0128,P74,outbound,H1,other,V14,vsl,vsl_required,1
R0128,P74,outbound,H1,other,V15,vsl,vsl_required,1
R0128,P74,outbound,H1,other,V16,vsl,vsl_required,1
R0128,P74,outbound,H1,other,V17,vsl,vsl_required,1
R0128,P74,outbound,H1,other,V18,vtc_premium,vsl_required,0
R0128,P74,outbound,H1,other,V19,vtc_premium,vsl_required,0
R0128,P74,outbound,H1,other,V20,vtc_premium,vsl_required,0
R0129,P74,return,H1,other,V1,taxi_conventionne,vsl_required,0
R0129,P74,return,H1,other,V2,taxi_conventionne,vsl_required,0
R0129,P74,return,H1,other,V3,taxi_conventionne,vsl_required,0
R0129,P74,return,H1,other,V4,taxi_conventionne,vsl_required,0
R0129,P74,return,H1,other,V5,taxi_conventionne,vsl_required,0
R0129,P74,return,H1,other,V6,taxi_conventionne,vsl_required,0
R0129,P74,return,H1,other,V7,taxi_conventionne,vsl_required,0
R0129,P74,return,H1,other,V8,taxi_conventionne,vsl_required,0
R0129,P74,return,H1,other,V9,taxi_conventionne,vsl_required,0
R0129,P74,return,H1,other,V10,taxi_conventionne,vsl_required,0
R0129,P74,return,H1,other,V11,vsl,vsl_required,1
R0129,P74,return,H1,other,V12,vsl,vsl_required,1
R0129,P74,return,H1,other,V13,vsl,vsl_required,1
R0129,P74,return,H1,other,V14,vsl,vsl_required,1
R0129,P74,return,H1,other,V15,vsl,vsl_required,1
R0129,P74,return,H1,other,V16,vsl,vsl_required,1
R0129,P74,return,H1,other,V17,vsl,vsl_required,1
R0129,P74,return,H1,other,V18,vtc_premium,vsl_required,0
R0129,P74,return,H1,other,V19,vtc_premium,vsl_required,0
R0129,P74,return,H1,other,V20,vtc_premium,vsl_required,0
R0130,P75,outbound,H2,dialysis,V1,taxi_conventionne,vsl_required,0
R0130,P75,outbound,H2,dialysis,V2,taxi_conventionne,vsl_required,0
R0130,P75,outbound,H2,dialysis,V3,taxi_conventionne,vsl_required,0
R0130,P75,outbound,H2,dialysis,V4,taxi_conventionne,vsl_required,0
R0130,P75,outbound,H2,dialysis,V5,taxi_conventionne,vsl_required,0
R0130,P75,outbound,H2,dialysis,V6,taxi_conventionne,vsl_required,0
R0130,P75,outbound,H2,dialysis,V7,taxi_conventionne,vsl_required,0
R0130,P75,outbound,H2,dialysis,V8,taxi_conventionne,vsl_required,0
R0130,P75,outbound,H2,dialysis,V9,taxi_conventionne,vsl_required,0
R0130,P75,outbound,H2,dialysis,V10,taxi_conventionne,vsl_required,0
R0130,P75,outbound,H2,dialysis,V11,vsl,vsl_required,1
R0130,P75,outbound,H2,dialysis,V12,vsl,vsl_required,1
R0130,P75,outbound,H2,dialysis,V13,vsl,vsl_required,1
R0130,P75,outbound,H2,dialysis,V14,vsl,vsl_required,1
R0130,P75,outbound,H2,dialysis,V15,vsl,vsl_required,1
R0130,P75,outbound,H2,dialysis,V16,vsl,vsl_required,1
R0130,P75,outbound,H2,dialysis,V17,vsl,vsl_required,1
R0130,P75,outbound,H2,dialysis,V18,vtc_premium,vsl_required,0
R0130,P75,outbound,H2,dialysis,V19,vtc_premium,vsl_required,0
R0130,P75,outbound,H2,dialysis,V20,vtc_premium,vsl_required,0
R0131,P75,return,H2,dialysis,V1,taxi_conventionne,vsl_required,0
R0131,P75,return,H2,dialysis,V2,taxi_conventionne,vsl_required,0
R0131,P75,return,H2,dialysis,V3,taxi_conventionne,vsl_required,0
R0131,P75,return,H2,dialysis,V4,taxi_conventionne,vsl_required,0
R0131,P75,return,H2,dialysis,V5,taxi_conventionne,vsl_required,0
R0131,P75,return,H2,dialysis,V6,taxi_conventionne,vsl_required,0
R0131,P75,return,H2,dialysis,V7,taxi_conventionne,vsl_required,0
R0131,P75,return,H2,dialysis,V8,taxi_conventionne,vsl_required,0
R0131,P75,return,H2,dialysis,V9,taxi_conventionne,vsl_required,0
R0131,P75,return,H2,dialysis,V10,taxi_conventionne,vsl_required,0
R0131,P75,return,H2,dialysis,V11,vsl,vsl_required,1
R0131,P75,return,H2,dialysis,V12,vsl,vsl_required,1
R0131,P75,return,H2,dialysis,V13,vsl,vsl_required,1
R0131,P75,return,H2,dialysis,V14,vsl,vsl_required,1
R0131,P75,return,H2,dialysis,V15,vsl,vsl_required,1
R0131,P75,return,H2,dialysis,V16,vsl,vsl_required,1
R0131,P75,return,H2,dialysis,V17,vsl,vsl_required,1
R0131,P75,return,H2,dialysis,V18,vtc_premium,vsl_required,0
R0131,P75,return,H2,dialysis,V19,vtc_premium,vsl_required,0
R0131,P75,return,H2,dialysis,V20,vtc_premium,vsl_required,0
R0132,P76,outbound,H1,other,V1,taxi_conventionne,standard_assis,1
R0132,P76,outbound,H1,other,V2,taxi_conventionne,standard_assis,1
R0132,P76,outbound,H1,other,V3,taxi_conventionne,standard_assis,1
R0132,P76,outbound,H1,other,V4,taxi_conventionne,standard_assis,1
R0132,P76,outbound,H1,other,V5,taxi_conventionne,standard_assis,1
R0132,P76,outbound,H1,other,V6,taxi_conventionne,standard_assis,1
R0132,P76,outbound,H1,other,V7,taxi_conventionne,standard_assis,1
R0132,P76,outbound,H1,other,V8,taxi_conventionne,standard_assis,1
R0132,P76,outbound,H1,other,V9,taxi_conventionne,standard_assis,1
R0132,P76,outbound,H1,other,V10,taxi_conventionne,standard_assis,1
R0132,P76,outbound,H1,other,V11,vsl,standard_assis,1
R0132,P76,outbound,H1,other,V12,vsl,standard_assis,1
R0132,P76,outbound,H1,other,V13,vsl,standard_assis,1
R0132,P76,outbound,H1,other,V14,vsl,standard_assis,1
R0132,P76,outbound,H1,other,V15,vsl,standard_assis,1
R0132,P76,outbound,H1,other,V16,vsl,standard_assis,1
R0132,P76,outbound,H1,other,V17,vsl,standard_assis,1
R0132,P76,outbound,H1,other,V18,vtc_premium,standard_assis,1
R0132,P76,outbound,H1,other,V19,vtc_premium,standard_assis,1
R0132,P76,outbound,H1,other,V20,vtc_premium,standard_assis,1
R0133,P76,return,H1,other,V1,taxi_conventionne,standard_assis,1
R0133,P76,return,H1,other,V2,taxi_conventionne,standard_assis,1
R0133,P76,return,H1,other,V3,taxi_conventionne,standard_assis,1
R0133,P76,return,H1,other,V4,taxi_conventionne,standard_assis,1
R0133,P76,return,H1,other,V5,taxi_conventionne,standard_assis,1
R0133,P76,return,H1,other,V6,taxi_conventionne,standard_assis,1
R0133,P76,return,H1,other,V7,taxi_conventionne,standard_assis,1
R0133,P76,return,H1,other,V8,taxi_conventionne,standard_assis,1
R0133,P76,return,H1,other,V9,taxi_conventionne,standard_assis,1
R0133,P76,return,H1,other,V10,taxi_conventionne,standard_assis,1
R0133,P76,return,H1,other,V11,vsl,standard_assis,1
R0133,P76,return,H1,other,V12,vsl,standard_assis,1
R0133,P76,return,H1,other,V13,vsl,standard_assis,1
R0133,P76,return,H1,other,V14,vsl,standard_assis,1
R0133,P76,return,H1,other,V15,vsl,standard_assis,1
R0133,P76,return,H1,other,V16,vsl,standard_assis,1
R0133,P76,return,H1,other,V17,vsl,standard_assis,1
R0133,P76,return,H1,other,V18,vtc_premium,standard_assis,1
R0133,P76,return,H1,other,V19,vtc_premium,standard_assis,1
R0133,P76,return,H1,other,V20,vtc_premium,standard_assis,1
R0134,P77,outbound,H1,oncology,V1,taxi_conventionne,prescription_medicale,1
R0134,P77,outbound,H1,oncology,V2,taxi_conventionne,prescription_medicale,1
R0134,P77,outbound,H1,oncology,V3,taxi_conventionne,prescription_medicale,1
R0134,P77,outbound,H1,oncology,V4,taxi_conventionne,prescription_medicale,1
R0134,P77,outbound,H1,oncology,V5,taxi_conventionne,prescription_medicale,1
R0134,P77,outbound,H1,oncology,V6,taxi_conventionne,prescription_medicale,1
R0134,P77,outbound,H1,oncology,V7,taxi_conventionne,prescription_medicale,1
R0134,P77,outbound,H1,oncology,V8,taxi_conventionne,prescription_medicale,1
R0134,P77,outbound,H1,oncology,V9,taxi_conventionne,prescription_medicale,1
R0134,P77,outbound,H1,oncology,V10,taxi_conventionne,prescription_medicale,1
R0134,P77,outbound,H1,oncology,V11,vsl,prescription_medicale,1
R0134,P77,outbound,H1,oncology,V12,vsl,prescription_medicale,1
R0134,P77,outbound,H1,oncology,V13,vsl,prescription_medicale,1
R0134,P77,outbound,H1,oncology,V14,vsl,prescription_medicale,1
R0134,P77,outbound,H1,oncology,V15,vsl,prescription_medicale,1
R0134,P77,outbound,H1,oncology,V16,vsl,prescription_medicale,1
R0134,P77,outbound,H1,oncology,V17,vsl,prescription_medicale,1
R0134,P77,outbound,H1,oncology,V18,vtc_premium,prescription_medicale,0
R0134,P77,outbound,H1,oncology,V19,vtc_premium,prescription_medicale,0
R0134,P77,outbound,H1,oncology,V20,vtc_premium,prescription_medicale,0
R0135,P77,return,H1,oncology,V1,taxi_conventionne,prescription_medicale,1
R0135,P77,return,H1,oncology,V2,taxi_conventionne,prescription_medicale,1
R0135,P77,return,H1,oncology,V3,taxi_conventionne,prescription_medicale,1
R0135,P77,return,H1,oncology,V4,taxi_conventionne,prescription_medicale,1
R0135,P77,return,H1,oncology,V5,taxi_conventionne,prescription_medicale,1
R0135,P77,return,H1,oncology,V6,taxi_conventionne,prescription_medicale,1
R0135,P77,return,H1,oncology,V7,taxi_conventionne,prescription_medicale,1
R0135,P77,return,H1,oncology,V8,taxi_conventionne,prescription_medicale,1
R0135,P77,return,H1,oncology,V9,taxi_conventionne,prescription_medicale,1
R0135,P77,return,H1,oncology,V10,taxi_conventionne,prescription_medicale,1
R0135,P77,return,H1,oncology,V11,vsl,prescription_medicale,1
R0135,P77,return,H1,oncology,V12,vsl,prescription_medicale,1
R0135,P77,return,H1,oncology,V13,vsl,prescription_medicale,1
R0135,P77,return,H1,oncology,V14,vsl,prescription_medicale,1
R0135,P77,return,H1,oncology,V15,vsl,prescription_medicale,1
R0135,P77,return,H1,oncology,V16,vsl,prescription_medicale,1
R0135,P77,return,H1,oncology,V17,vsl,prescription_medicale,1
R0135,P77,return,H1,oncology,V18,vtc_premium,prescription_medicale,0
R0135,P77,return,H1,oncology,V19,vtc_premium,prescription_medicale,0
R0135,P77,return,H1,oncology,V20,vtc_premium,prescription_medicale,0
R0136,P78,outbound,H1,other,V1,taxi_conventionne,standard_assis,1
R0136,P78,outbound,H1,other,V2,taxi_conventionne,standard_assis,1
R0136,P78,outbound,H1,other,V3,taxi_conventionne,standard_assis,1
R0136,P78,outbound,H1,other,V4,taxi_conventionne,standard_assis,1
R0136,P78,outbound,H1,other,V5,taxi_conventionne,standard_assis,1
R0136,P78,outbound,H1,other,V6,taxi_conventionne,standard_assis,1
R0136,P78,outbound,H1,other,V7,taxi_conventionne,standard_assis,1
R0136,P78,outbound,H1,other,V8,taxi_conventionne,standard_assis,1
R0136,P78,outbound,H1,other,V9,taxi_conventionne,standard_assis,1
R0136,P78,outbound,H1,other,V10,taxi_conventionne,standard_assis,1
R0136,P78,outbound,H1,other,V11,vsl,standard_assis,1
R0136,P78,outbound,H1,other,V12,vsl,standard_assis,1
R0136,P78,outbound,H1,other,V13,vsl,standard_assis,1
R0136,P78,outbound,H1,other,V14,vsl,standard_assis,1
R0136,P78,outbound,H1,other,V15,vsl,standard_assis,1
R0136,P78,outbound,H1,other,V16,vsl,standard_assis,1
R0136,P78,outbound,H1,other,V17,vsl,standard_assis,1
R0136,P78,outbound,H1,other,V18,vtc_premium,standard_assis,1
R0136,P78,outbound,H1,other,V19,vtc_premium,standard_assis,1
R0136,P78,outbound,H1,other,V20,vtc_premium,standard_assis,1
R0137,P78,return,H1,other,V1,taxi_conventionne,standard_assis,1
R0137,P78,return,H1,other,V2,taxi_conventionne,standard_assis,1
R0137,P78,return,H1,other,V3,taxi_conventionne,standard_assis,1
R0137,P78,return,H1,other,V4,taxi_conventionne,standard_assis,1
R0137,P78,return,H1,other,V5,taxi_conventionne,standard_assis,1
R0137,P78,return,H1,other,V6,taxi_conventionne,standard_assis,1
R0137,P78,return,H1,other,V7,taxi_conventionne,standard_assis,1
R0137,P78,return,H1,other,V8,taxi_conventionne,standard_assis,1
R0137,P78,return,H1,other,V9,taxi_conventionne,standard_assis,1
R0137,P78,return,H1,other,V10,taxi_conventionne,standard_assis,1
R0137,P78,return,H1,other,V11,vsl,standard_assis,1
R0137,P78,return,H1,other,V12,vsl,standard_assis,1
R0137,P78,return,H1,other,V13,vsl,standard_assis,1
R0137,P78,return,H1,other,V14,vsl,standard_assis,1
R0137,P78,return,H1,other,V15,vsl,standard_assis,1
R0137,P78,return,H1,other,V16,vsl,standard_assis,1
R0137,P78,return,H1,other,V17,vsl,standard_assis,1
R0137,P78,return,H1,other,V18,vtc_premium,standard_assis,1
R0137,P78,return,H1,other,V19,vtc_premium,standard_assis,1
R0137,P78,return,H1,other,V20,vtc_premium,standard_assis,1
R0138,P79,outbound,H1,other,V1,taxi_conventionne,vsl_required,0
R0138,P79,outbound,H1,other,V2,taxi_conventionne,vsl_required,0
R0138,P79,outbound,H1,other,V3,taxi_conventionne,vsl_required,0
R0138,P79,outbound,H1,other,V4,taxi_conventionne,vsl_required,0
R0138,P79,outbound,H1,other,V5,taxi_conventionne,vsl_required,0
R0138,P79,outbound,H1,other,V6,taxi_conventionne,vsl_required,0
R0138,P79,outbound,H1,other,V7,taxi_conventionne,vsl_required,0
R0138,P79,outbound,H1,other,V8,taxi_conventionne,vsl_required,0
R0138,P79,outbound,H1,other,V9,taxi_conventionne,vsl_required,0
R0138,P79,outbound,H1,other,V10,taxi_conventionne,vsl_required,0
R0138,P79,outbound,H1,other,V11,vsl,vsl_required,1
R0138,P79,outbound,H1,other,V12,vsl,vsl_required,1
R0138,P79,outbound,H1,other,V13,vsl,vsl_required,1
R0138,P79,outbound,H1,other,V14,vsl,vsl_required,1
R0138,P79,outbound,H1,other,V15,vsl,vsl_required,1
R0138,P79,outbound,H1,other,V16,vsl,vsl_required,1
R0138,P79,outbound,H1,other,V17,vsl,vsl_required,1
R0138,P79,outbound,H1,other,V18,vtc_premium,vsl_required,0
R0138,P79,outbound,H1,other,V19,vtc_premium,vsl_required,0
R0138,P79,outbound,H1,other,V20,vtc_premium,vsl_required,0
R0139,P79,return,H1,other,V1,taxi_conventionne,vsl_required,0
R0139,P79,return,H1,other,V2,taxi_conventionne,vsl_required,0
R0139,P79,return,H1,other,V3,taxi_conventionne,vsl_required,0
R0139,P79,return,H1,other,V4,taxi_conventionne,vsl_required,0
R0139,P79,return,H1,other,V5,taxi_conventionne,vsl_required,0
R0139,P79,return,H1,other,V6,taxi_conventionne,vsl_required,0
R0139,P79,return,H1,other,V7,taxi_conventionne,vsl_required,0
R0139,P79,return,H1,other,V8,taxi_conventionne,vsl_required,0
R0139,P79,return,H1,other,V9,taxi_conventionne,vsl_required,0
R0139,P79,return,H1,other,V10,taxi_conventionne,vsl_required,0
R0139,P79,return,H1,other,V11,vsl,vsl_required,1
R0139,P79,return,H1,other,V12,vsl,vsl_required,1
R0139,P79,return,H1,other,V13,vsl,vsl_required,1
R0139,P79,return,H1,other,V14,vsl,vsl_required,1
R0139,P79,return,H1,other,V15,vsl,vsl_required,1
R0139,P79,return,H1,other,V16,vsl,vsl_required,1
R0139,P79,return,H1,other,V17,vsl,vsl_required,1
R0139,P79,return,H1,other,V18,vtc_premium,vsl_required,0
R0139,P79,return,H1,other,V19,vtc_premium,vsl_required,0
R0139,P79,return,H1,other,V20,vtc_premium,vsl_required,0
R0140,P80,outbound,H2,oncology,V1,taxi_conventionne,prescription_medicale,1
R0140,P80,outbound,H2,oncology,V2,taxi_conventionne,prescription_medicale,1
R0140,P80,outbound,H2,oncology,V3,taxi_conventionne,prescription_medicale,1
R0140,P80,outbound,H2,oncology,V4,taxi_conventionne,prescription_medicale,1
R0140,P80,outbound,H2,oncology,V5,taxi_conventionne,prescription_medicale,1
R0140,P80,outbound,H2,oncology,V6,taxi_conventionne,prescription_medicale,1
R0140,P80,outbound,H2,oncology,V7,taxi_conventionne,prescription_medicale,1
R0140,P80,outbound,H2,oncology,V8,taxi_conventionne,prescription_medicale,1
R0140,P80,outbound,H2,oncology,V9,taxi_conventionne,prescription_medicale,1
R0140,P80,outbound,H2,oncology,V10,taxi_conventionne,prescription_medicale,1
R0140,P80,outbound,H2,oncology,V11,vsl,prescription_medicale,1
R0140,P80,outbound,H2,oncology,V12,vsl,prescription_medicale,1
R0140,P80,outbound,H2,oncology,V13,vsl,prescription_medicale,1
R0140,P80,outbound,H2,oncology,V14,vsl,prescription_medicale,1
R0140,P80,outbound,H2,oncology,V15,vsl,prescription_medicale,1
R0140,P80,outbound,H2,oncology,V16,vsl,prescription_medicale,1
R0140,P80,outbound,H2,oncology,V17,vsl,prescription_medicale,1
R0140,P80,outbound,H2,oncology,V18,vtc_premium,prescription_medicale,0
R0140,P80,outbound,H2,oncology,V19,vtc_premium,prescription_medicale,0
R0140,P80,outbound,H2,oncology,V20,vtc_premium,prescription_medicale,0
R0141,P80,return,H2,oncology,V1,taxi_conventionne,prescription_medicale,1
R0141,P80,return,H2,oncology,V2,taxi_conventionne,prescription_medicale,1
R0141,P80,return,H2,oncology,V3,taxi_conventionne,prescription_medicale,1
R0141,P80,return,H2,oncology,V4,taxi_conventionne,prescription_medicale,1
R0141,P80,return,H2,oncology,V5,taxi_conventionne,prescription_medicale,1
R0141,P80,return,H2,oncology,V6,taxi_conventionne,prescription_medicale,1
R0141,P80,return,H2,oncology,V7,taxi_conventionne,prescription_medicale,1
R0141,P80,return,H2,oncology,V8,taxi_conventionne,prescription_medicale,1
R0141,P80,return,H2,oncology,V9,taxi_conventionne,prescription_medicale,1
R0141,P80,return,H2,oncology,V10,taxi_conventionne,prescription_medicale,1
R0141,P80,return,H2,oncology,V11,vsl,prescription_medicale,1
R0141,P80,return,H2,oncology,V12,vsl,prescription_medicale,1
R0141,P80,return,H2,oncology,V13,vsl,prescription_medicale,1
R0141,P80,return,H2,oncology,V14,vsl,prescription_medicale,1
R0141,P80,return,H2,oncology,V15,vsl,prescription_medicale,1
R0141,P80,return,H2,oncology,V16,vsl,prescription_medicale,1
R0141,P80,return,H2,oncology,V17,vsl,prescription_medicale,1
R0141,P80,return,H2,oncology,V18,vtc_premium,prescription_medicale,0
R0141,P80,return,H2,oncology,V19,vtc_premium,prescription_medicale,0
R0141,P80,return,H2,oncology,V20,vtc_premium,prescription_medicale,0
R0142,P81,outbound,H1,other,V1,taxi_conventionne,prescription_medicale,1
R0142,P81,outbound,H1,other,V2,taxi_conventionne,prescription_medicale,1
R0142,P81,outbound,H1,other,V3,taxi_conventionne,prescription_medicale,1
R0142,P81,outbound,H1,other,V4,taxi_conventionne,prescription_medicale,1
R0142,P81,outbound,H1,other,V5,taxi_conventionne,prescription_medicale,1
R0142,P81,outbound,H1,other,V6,taxi_conventionne,prescription_medicale,1
R0142,P81,outbound,H1,other,V7,taxi_conventionne,prescription_medicale,1
R0142,P81,outbound,H1,other,V8,taxi_conventionne,prescription_medicale,1
R0142,P81,outbound,H1,other,V9,taxi_conventionne,prescription_medicale,1
R0142,P81,outbound,H1,other,V10,taxi_conventionne,prescription_medicale,1
R0142,P81,outbound,H1,other,V11,vsl,prescription_medicale,1
R0142,P81,outbound,H1,other,V12,vsl,prescription_medicale,1
R0142,P81,outbound,H1,other,V13,vsl,prescription_medicale,1
R0142,P81,outbound,H1,other,V14,vsl,prescription_medicale,1
R0142,P81,outbound,H1,other,V15,vsl,prescription_medicale,1
R0142,P81,outbound,H1,other,V16,vsl,prescription_medicale,1
R0142,P81,outbound,H1,other,V17,vsl,prescription_medicale,1
R0142,P81,outbound,H1,other,V18,vtc_premium,prescription_medicale,0
R0142,P81,outbound,H1,other,V19,vtc_premium,prescription_medicale,0
R0142,P81,outbound,H1,other,V20,vtc_premium,prescription_medicale,0
R0143,P82,outbound,H1,dialysis,V1,taxi_conventionne,prescription_medicale,1
R0143,P82,outbound,H1,dialysis,V2,taxi_conventionne,prescription_medicale,1
R0143,P82,outbound,H1,dialysis,V3,taxi_conventionne,prescription_medicale,1
R0143,P82,outbound,H1,dialysis,V4,taxi_conventionne,prescription_medicale,1
R0143,P82,outbound,H1,dialysis,V5,taxi_conventionne,prescription_medicale,1
R0143,P82,outbound,H1,dialysis,V6,taxi_conventionne,prescription_medicale,1
R0143,P82,outbound,H1,dialysis,V7,taxi_conventionne,prescription_medicale,1
R0143,P82,outbound,H1,dialysis,V8,taxi_conventionne,prescription_medicale,1
R0143,P82,outbound,H1,dialysis,V9,taxi_conventionne,prescription_medicale,1
R0143,P82,outbound,H1,dialysis,V10,taxi_conventionne,prescription_medicale,1
R0143,P82,outbound,H1,dialysis,V11,vsl,prescription_medicale,1
R0143,P82,outbound,H1,dialysis,V12,vsl,prescription_medicale,1
R0143,P82,outbound,H1,dialysis,V13,vsl,prescription_medicale,1
R0143,P82,outbound,H1,dialysis,V14,vsl,prescription_medicale,1
R0143,P82,outbound,H1,dialysis,V15,vsl,prescription_medicale,1
R0143,P82,outbound,H1,dialysis,V16,vsl,prescription_medicale,1
R0143,P82,outbound,H1,dialysis,V17,vsl,prescription_medicale,1
R0143,P82,outbound,H1,dialysis,V18,vtc_premium,prescription_medicale,0
R0143,P82,outbound,H1,dialysis,V19,vtc_premium,prescription_medicale,0
R0143,P82,outbound,H1,dialysis,V20,vtc_premium,prescription_medicale,0
R0144,P83,outbound,H1,other,V1,taxi_conventionne,standard_assis,1
R0144,P83,outbound,H1,other,V2,taxi_conventionne,standard_assis,1
R0144,P83,outbound,H1,other,V3,taxi_conventionne,standard_assis,1
R0144,P83,outbound,H1,other,V4,taxi_conventionne,standard_assis,1
R0144,P83,outbound,H1,other,V5,taxi_conventionne,standard_assis,1
R0144,P83,outbound,H1,other,V6,taxi_conventionne,standard_assis,1
R0144,P83,outbound,H1,other,V7,taxi_conventionne,standard_assis,1
R0144,P83,outbound,H1,other,V8,taxi_conventionne,standard_assis,1
R0144,P83,outbound,H1,other,V9,taxi_conventionne,standard_assis,1
R0144,P83,outbound,H1,other,V10,taxi_conventionne,standard_assis,1
R0144,P83,outbound,H1,other,V11,vsl,standard_assis,1
R0144,P83,outbound,H1,other,V12,vsl,standard_assis,1
R0144,P83,outbound,H1,other,V13,vsl,standard_assis,1
R0144,P83,outbound,H1,other,V14,vsl,standard_assis,1
R0144,P83,outbound,H1,other,V15,vsl,standard_assis,1
R0144,P83,outbound,H1,other,V16,vsl,standard_assis,1
R0144,P83,outbound,H1,other,V17,vsl,standard_assis,1
R0144,P83,outbound,H1,other,V18,vtc_premium,standard_assis,1
R0144,P83,outbound,H1,other,V19,vtc_premium,standard_assis,1
R0144,P83,outbound,H1,other,V20,vtc_premium,standard_assis,1
R0145,P83,return,H1,other,V1,taxi_conventionne,standard_assis,1
R0145,P83,return,H1,other,V2,taxi_conventionne,standard_assis,1
R0145,P83,return,H1,other,V3,taxi_conventionne,standard_assis,1
R0145,P83,return,H1,other,V4,taxi_conventionne,standard_assis,1
R0145,P83,return,H1,other,V5,taxi_conventionne,standard_assis,1
R0145,P83,return,H1,other,V6,taxi_conventionne,standard_assis,1
R0145,P83,return,H1,other,V7,taxi_conventionne,standard_assis,1
R0145,P83,return,H1,other,V8,taxi_conventionne,standard_assis,1
R0145,P83,return,H1,other,V9,taxi_conventionne,standard_assis,1
R0145,P83,return,H1,other,V10,taxi_conventionne,standard_assis,1
R0145,P83,return,H1,other,V11,vsl,standard_assis,1
R0145,P83,return,H1,other,V12,vsl,standard_assis,1
R0145,P83,return,H1,other,V13,vsl,standard_assis,1
R0145,P83,return,H1,other,V14,vsl,standard_assis,1
R0145,P83,return,H1,other,V15,vsl,standard_assis,1
R0145,P83,return,H1,other,V16,vsl,standard_assis,1
R0145,P83,return,H1,other,V17,vsl,standard_assis,1
R0145,P83,return,H1,other,V18,vtc_premium,standard_assis,1
R0145,P83,return,H1,other,V19,vtc_premium,standard_assis,1
R0145,P83,return,H1,other,V20,vtc_premium,standard_assis,1
R0146,P84,outbound,H1,dialysis,V1,taxi_conventionne,vsl_required,0
R0146,P84,outbound,H1,dialysis,V2,taxi_conventionne,vsl_required,0
R0146,P84,outbound,H1,dialysis,V3,taxi_conventionne,vsl_required,0
R0146,P84,outbound,H1,dialysis,V4,taxi_conventionne,vsl_required,0
R0146,P84,outbound,H1,dialysis,V5,taxi_conventionne,vsl_required,0
R0146,P84,outbound,H1,dialysis,V6,taxi_conventionne,vsl_required,0
R0146,P84,outbound,H1,dialysis,V7,taxi_conventionne,vsl_required,0
R0146,P84,outbound,H1,dialysis,V8,taxi_conventionne,vsl_required,0
R0146,P84,outbound,H1,dialysis,V9,taxi_conventionne,vsl_required,0
R0146,P84,outbound,H1,dialysis,V10,taxi_conventionne,vsl_required,0
R0146,P84,outbound,H1,dialysis,V11,vsl,vsl_required,1
R0146,P84,outbound,H1,dialysis,V12,vsl,vsl_required,1
R0146,P84,outbound,H1,dialysis,V13,vsl,vsl_required,1
R0146,P84,outbound,H1,dialysis,V14,vsl,vsl_required,1
R0146,P84,outbound,H1,dialysis,V15,vsl,vsl_required,1
R0146,P84,outbound,H1,dialysis,V16,vsl,vsl_required,1
R0146,P84,outbound,H1,dialysis,V17,vsl,vsl_required,1
R0146,P84,outbound,H1,dialysis,V18,vtc_premium,vsl_required,0
R0146,P84,outbound,H1,dialysis,V19,vtc_premium,vsl_required,0
R0146,P84,outbound,H1,dialysis,V20,vtc_premium,vsl_required,0
R0147,P84,return,H1,dialysis,V1,taxi_conventionne,vsl_required,0
R0147,P84,return,H1,dialysis,V2,taxi_conventionne,vsl_required,0
R0147,P84,return,H1,dialysis,V3,taxi_conventionne,vsl_required,0
R0147,P84,return,H1,dialysis,V4,taxi_conventionne,vsl_required,0
R0147,P84,return,H1,dialysis,V5,taxi_conventionne,vsl_required,0
R0147,P84,return,H1,dialysis,V6,taxi_conventionne,vsl_required,0
R0147,P84,return,H1,dialysis,V7,taxi_conventionne,vsl_required,0
R0147,P84,return,H1,dialysis,V8,taxi_conventionne,vsl_required,0
R0147,P84,return,H1,dialysis,V9,taxi_conventionne,vsl_required,0
R0147,P84,return,H1,dialysis,V10,taxi_conventionne,vsl_required,0
R0147,P84,return,H1,dialysis,V11,vsl,vsl_required,1
R0147,P84,return,H1,dialysis,V12,vsl,vsl_required,1
R0147,P84,return,H1,dialysis,V13,vsl,vsl_required,1
R0147,P84,return,H1,dialysis,V14,vsl,vsl_required,1
R0147,P84,return,H1,dialysis,V15,vsl,vsl_required,1
R0147,P84,return,H1,dialysis,V16,vsl,vsl_required,1
R0147,P84,return,H1,dialysis,V17,vsl,vsl_required,1
R0147,P84,return,H1,dialysis,V18,vtc_premium,vsl_required,0
R0147,P84,return,H1,dialysis,V19,vtc_premium,vsl_required,0
R0147,P84,return,H1,dialysis,V20,vtc_premium,vsl_required,0
R0148,P85,outbound,H2,other,V1,taxi_conventionne,prescription_medicale,1
R0148,P85,outbound,H2,other,V2,taxi_conventionne,prescription_medicale,1
R0148,P85,outbound,H2,other,V3,taxi_conventionne,prescription_medicale,1
R0148,P85,outbound,H2,other,V4,taxi_conventionne,prescription_medicale,1
R0148,P85,outbound,H2,other,V5,taxi_conventionne,prescription_medicale,1
R0148,P85,outbound,H2,other,V6,taxi_conventionne,prescription_medicale,1
R0148,P85,outbound,H2,other,V7,taxi_conventionne,prescription_medicale,1
R0148,P85,outbound,H2,other,V8,taxi_conventionne,prescription_medicale,1
R0148,P85,outbound,H2,other,V9,taxi_conventionne,prescription_medicale,1
R0148,P85,outbound,H2,other,V10,taxi_conventionne,prescription_medicale,1
R0148,P85,outbound,H2,other,V11,vsl,prescription_medicale,1
R0148,P85,outbound,H2,other,V12,vsl,prescription_medicale,1
R0148,P85,outbound,H2,other,V13,vsl,prescription_medicale,1
R0148,P85,outbound,H2,other,V14,vsl,prescription_medicale,1
R0148,P85,outbound,H2,other,V15,vsl,prescription_medicale,1
R0148,P85,outbound,H2,other,V16,vsl,prescription_medicale,1
R0148,P85,outbound,H2,other,V17,vsl,prescription_medicale,1
R0148,P85,outbound,H2,other,V18,vtc_premium,prescription_medicale,0
R0148,P85,outbound,H2,other,V19,vtc_premium,prescription_medicale,0
R0148,P85,outbound,H2,other,V20,vtc_premium,prescription_medicale,0
R0149,P85,return,H2,other,V1,taxi_conventionne,prescription_medicale,1
R0149,P85,return,H2,other,V2,taxi_conventionne,prescription_medicale,1
R0149,P85,return,H2,other,V3,taxi_conventionne,prescription_medicale,1
R0149,P85,return,H2,other,V4,taxi_conventionne,prescription_medicale,1
R0149,P85,return,H2,other,V5,taxi_conventionne,prescription_medicale,1
R0149,P85,return,H2,other,V6,taxi_conventionne,prescription_medicale,1
R0149,P85,return,H2,other,V7,taxi_conventionne,prescription_medicale,1
R0149,P85,return,H2,other,V8,taxi_conventionne,prescription_medicale,1
R0149,P85,return,H2,other,V9,taxi_conventionne,prescription_medicale,1
R0149,P85,return,H2,other,V10,taxi_conventionne,prescription_medicale,1
R0149,P85,return,H2,other,V11,vsl,prescription_medicale,1
R0149,P85,return,H2,other,V12,vsl,prescription_medicale,1
R0149,P85,return,H2,other,V13,vsl,prescription_medicale,1
R0149,P85,return,H2,other,V14,vsl,prescription_medicale,1
R0149,P85,return,H2,other,V15,vsl,prescription_medicale,1
R0149,P85,return,H2,other,V16,vsl,prescription_medicale,1
R0149,P85,return,H2,other,V17,vsl,prescription_medicale,1
R0149,P85,return,H2,other,V18,vtc_premium,prescription_medicale,0
R0149,P85,return,H2,other,V19,vtc_premium,prescription_medicale,0
R0149,P85,return,H2,other,V20,vtc_premium,prescription_medicale,0
R0150,P86,outbound,H2,dialysis,V1,taxi_conventionne,vsl_required,0
R0150,P86,outbound,H2,dialysis,V2,taxi_conventionne,vsl_required,0
R0150,P86,outbound,H2,dialysis,V3,taxi_conventionne,vsl_required,0
R0150,P86,outbound,H2,dialysis,V4,taxi_conventionne,vsl_required,0
R0150,P86,outbound,H2,dialysis,V5,taxi_conventionne,vsl_required,0
R0150,P86,outbound,H2,dialysis,V6,taxi_conventionne,vsl_required,0
R0150,P86,outbound,H2,dialysis,V7,taxi_conventionne,vsl_required,0
R0150,P86,outbound,H2,dialysis,V8,taxi_conventionne,vsl_required,0
R0150,P86,outbound,H2,dialysis,V9,taxi_conventionne,vsl_required,0
R0150,P86,outbound,H2,dialysis,V10,taxi_conventionne,vsl_required,0
R0150,P86,outbound,H2,dialysis,V11,vsl,vsl_required,1
R0150,P86,outbound,H2,dialysis,V12,vsl,vsl_required,1
R0150,P86,outbound,H2,dialysis,V13,vsl,vsl_required,1
R0150,P86,outbound,H2,dialysis,V14,vsl,vsl_required,1
R0150,P86,outbound,H2,dialysis,V15,vsl,vsl_required,1
R0150,P86,outbound,H2,dialysis,V16,vsl,vsl_required,1
R0150,P86,outbound,H2,dialysis,V17,vsl,vsl_required,1
R0150,P86,outbound,H2,dialysis,V18,vtc_premium,vsl_required,0
R0150,P86,outbound,H2,dialysis,V19,vtc_premium,vsl_required,0
R0150,P86,outbound,H2,dialysis,V20,vtc_premium,vsl_required,0
R0151,P87,outbound,H2,dialysis,V1,taxi_conventionne,vsl_required,0
R0151,P87,outbound,H2,dialysis,V2,taxi_conventionne,vsl_required,0
R0151,P87,outbound,H2,dialysis,V3,taxi_conventionne,vsl_required,0
R0151,P87,outbound,H2,dialysis,V4,taxi_conventionne,vsl_required,0
R0151,P87,outbound,H2,dialysis,V5,taxi_conventionne,vsl_required,0
R0151,P87,outbound,H2,dialysis,V6,taxi_conventionne,vsl_required,0
R0151,P87,outbound,H2,dialysis,V7,taxi_conventionne,vsl_required,0
R0151,P87,outbound,H2,dialysis,V8,taxi_conventionne,vsl_required,0
R0151,P87,outbound,H2,dialysis,V9,taxi_conventionne,vsl_required,0
R0151,P87,outbound,H2,dialysis,V10,taxi_conventionne,vsl_required,0
R0151,P87,outbound,H2,dialysis,V11,vsl,vsl_required,1
R0151,P87,outbound,H2,dialysis,V12,vsl,vsl_required,1
R0151,P87,outbound,H2,dialysis,V13,vsl,vsl_required,1
R0151,P87,outbound,H2,dialysis,V14,vsl,vsl_required,1
R0151,P87,outbound,H2,dialysis,V15,vsl,vsl_required,1
R0151,P87,outbound,H2,dialysis,V16,vsl,vsl_required,1
R0151,P87,outbound,H2,dialysis,V17,vsl,vsl_required,1
R0151,P87,outbound,H2,dialysis,V18,vtc_premium,vsl_required,0
R0151,P87,outbound,H2,dialysis,V19,vtc_premium,vsl_required,0
R0151,P87,outbound,H2,dialysis,V20,vtc_premium,vsl_required,0
R0152,P87,return,H2,dialysis,V1,taxi_conventionne,vsl_required,0
R0152,P87,return,H2,dialysis,V2,taxi_conventionne,vsl_required,0
R0152,P87,return,H2,dialysis,V3,taxi_conventionne,vsl_required,0
R0152,P87,return,H2,dialysis,V4,taxi_conventionne,vsl_required,0
R0152,P87,return,H2,dialysis,V5,taxi_conventionne,vsl_required,0
R0152,P87,return,H2,dialysis,V6,taxi_conventionne,vsl_required,0
R0152,P87,return,H2,dialysis,V7,taxi_conventionne,vsl_required,0
R0152,P87,return,H2,dialysis,V8,taxi_conventionne,vsl_required,0
R0152,P87,return,H2,dialysis,V9,taxi_conventionne,vsl_required,0
R0152,P87,return,H2,dialysis,V10,taxi_conventionne,vsl_required,0
R0152,P87,return,H2,dialysis,V11,vsl,vsl_required,1
R0152,P87,return,H2,dialysis,V12,vsl,vsl_required,1
R0152,P87,return,H2,dialysis,V13,vsl,vsl_required,1
R0152,P87,return,H2,dialysis,V14,vsl,vsl_required,1
R0152,P87,return,H2,dialysis,V15,vsl,vsl_required,1
R0152,P87,return,H2,dialysis,V16,vsl,vsl_required,1
R0152,P87,return,H2,dialysis,V17,vsl,vsl_required,1
R0152,P87,return,H2,dialysis,V18,vtc_premium,vsl_required,0
R0152,P87,return,H2,dialysis,V19,vtc_premium,vsl_required,0
R0152,P87,return,H2,dialysis,V20,vtc_premium,vsl_required,0
R0153,P88,outbound,H2,other,V1,taxi_conventionne,standard_assis,1
R0153,P88,outbound,H2,other,V2,taxi_conventionne,standard_assis,1
R0153,P88,outbound,H2,other,V3,taxi_conventionne,standard_assis,1
R0153,P88,outbound,H2,other,V4,taxi_conventionne,standard_assis,1
R0153,P88,outbound,H2,other,V5,taxi_conventionne,standard_assis,1
R0153,P88,outbound,H2,other,V6,taxi_conventionne,standard_assis,1
R0153,P88,outbound,H2,other,V7,taxi_conventionne,standard_assis,1
R0153,P88,outbound,H2,other,V8,taxi_conventionne,standard_assis,1
R0153,P88,outbound,H2,other,V9,taxi_conventionne,standard_assis,1
R0153,P88,outbound,H2,other,V10,taxi_conventionne,standard_assis,1
R0153,P88,outbound,H2,other,V11,vsl,standard_assis,1
R0153,P88,outbound,H2,other,V12,vsl,standard_assis,1
R0153,P88,outbound,H2,other,V13,vsl,standard_assis,1
R0153,P88,outbound,H2,other,V14,vsl,standard_assis,1
R0153,P88,outbound,H2,other,V15,vsl,standard_assis,1
R0153,P88,outbound,H2,other,V16,vsl,standard_assis,1
R0153,P88,outbound,H2,other,V17,vsl,standard_assis,1
R0153,P88,outbound,H2,other,V18,vtc_premium,standard_assis,1
R0153,P88,outbound,H2,other,V19,vtc_premium,standard_assis,1
R0153,P88,outbound,H2,other,V20,vtc_premium,standard_assis,1
R0154,P88,return,H2,other,V1,taxi_conventionne,standard_assis,1
R0154,P88,return,H2,other,V2,taxi_conventionne,standard_assis,1
R0154,P88,return,H2,other,V3,taxi_conventionne,standard_assis,1
R0154,P88,return,H2,other,V4,taxi_conventionne,standard_assis,1
R0154,P88,return,H2,other,V5,taxi_conventionne,standard_assis,1
R0154,P88,return,H2,other,V6,taxi_conventionne,standard_assis,1
R0154,P88,return,H2,other,V7,taxi_conventionne,standard_assis,1
R0154,P88,return,H2,other,V8,taxi_conventionne,standard_assis,1
R0154,P88,return,H2,other,V9,taxi_conventionne,standard_assis,1
R0154,P88,return,H2,other,V10,taxi_conventionne,standard_assis,1
R0154,P88,return,H2,other,V11,vsl,standard_assis,1
R0154,P88,return,H2,other,V12,vsl,standard_assis,1
R0154,P88,return,H2,other,V13,vsl,standard_assis,1
R0154,P88,return,H2,other,V14,vsl,standard_assis,1
R0154,P88,return,H2,other,V15,vsl,standard_assis,1
R0154,P88,return,H2,other,V16,vsl,standard_assis,1
R0154,P88,return,H2,other,V17,vsl,standard_assis,1
R0154,P88,return,H2,other,V18,vtc_premium,standard_assis,1
R0154,P88,return,H2,other,V19,vtc_premium,standard_assis,1
R0154,P88,return,H2,other,V20,vtc_premium,standard_assis,1
R0155,P89,outbound,H1,dialysis,V1,taxi_conventionne,vsl_required,0
R0155,P89,outbound,H1,dialysis,V2,taxi_conventionne,vsl_required,0
R0155,P89,outbound,H1,dialysis,V3,taxi_conventionne,vsl_required,0
R0155,P89,outbound,H1,dialysis,V4,taxi_conventionne,vsl_required,0
R0155,P89,outbound,H1,dialysis,V5,taxi_conventionne,vsl_required,0
R0155,P89,outbound,H1,dialysis,V6,taxi_conventionne,vsl_required,0
R0155,P89,outbound,H1,dialysis,V7,taxi_conventionne,vsl_required,0
R0155,P89,outbound,H1,dialysis,V8,taxi_conventionne,vsl_required,0
R0155,P89,outbound,H1,dialysis,V9,taxi_conventionne,vsl_required,0
R0155,P89,outbound,H1,dialysis,V10,taxi_conventionne,vsl_required,0
R0155,P89,outbound,H1,dialysis,V11,vsl,vsl_required,1
R0155,P89,outbound,H1,dialysis,V12,vsl,vsl_required,1
R0155,P89,outbound,H1,dialysis,V13,vsl,vsl_required,1
R0155,P89,outbound,H1,dialysis,V14,vsl,vsl_required,1
R0155,P89,outbound,H1,dialysis,V15,vsl,vsl_required,1
R0155,P89,outbound,H1,dialysis,V16,vsl,vsl_required,1
R0155,P89,outbound,H1,dialysis,V17,vsl,vsl_required,1
R0155,P89,outbound,H1,dialysis,V18,vtc_premium,vsl_required,0
R0155,P89,outbound,H1,dialysis,V19,vtc_premium,vsl_required,0
R0155,P89,outbound,H1,dialysis,V20,vtc_premium,vsl_required,0
R0156,P89,return,H1,dialysis,V1,taxi_conventionne,vsl_required,0
R0156,P89,return,H1,dialysis,V2,taxi_conventionne,vsl_required,0
R0156,P89,return,H1,dialysis,V3,taxi_conventionne,vsl_required,0
R0156,P89,return,H1,dialysis,V4,taxi_conventionne,vsl_required,0
R0156,P89,return,H1,dialysis,V5,taxi_conventionne,vsl_required,0
R0156,P89,return,H1,dialysis,V6,taxi_conventionne,vsl_required,0
R0156,P89,return,H1,dialysis,V7,taxi_conventionne,vsl_required,0
R0156,P89,return,H1,dialysis,V8,taxi_conventionne,vsl_required,0
R0156,P89,return,H1,dialysis,V9,taxi_conventionne,vsl_required,0
R0156,P89,return,H1,dialysis,V10,taxi_conventionne,vsl_required,0
R0156,P89,return,H1,dialysis,V11,vsl,vsl_required,1
R0156,P89,return,H1,dialysis,V12,vsl,vsl_required,1
R0156,P89,return,H1,dialysis,V13,vsl,vsl_required,1
R0156,P89,return,H1,dialysis,V14,vsl,vsl_required,1
R0156,P89,return,H1,dialysis,V15,vsl,vsl_required,1
R0156,P89,return,H1,dialysis,V16,vsl,vsl_required,1
R0156,P89,return,H1,dialysis,V17,vsl,vsl_required,1
R0156,P89,return,H1,dialysis,V18,vtc_premium,vsl_required,0
R0156,P89,return,H1,dialysis,V19,vtc_premium,vsl_required,0
R0156,P89,return,H1,dialysis,V20,vtc_premium,vsl_required,0
R0157,P90,outbound,H1,other,V1,taxi_conventionne,prescription_medicale,1
R0157,P90,outbound,H1,other,V2,taxi_conventionne,prescription_medicale,1
R0157,P90,outbound,H1,other,V3,taxi_conventionne,prescription_medicale,1
R0157,P90,outbound,H1,other,V4,taxi_conventionne,prescription_medicale,1
R0157,P90,outbound,H1,other,V5,taxi_conventionne,prescription_medicale,1
R0157,P90,outbound,H1,other,V6,taxi_conventionne,prescription_medicale,1
R0157,P90,outbound,H1,other,V7,taxi_conventionne,prescription_medicale,1
R0157,P90,outbound,H1,other,V8,taxi_conventionne,prescription_medicale,1
R0157,P90,outbound,H1,other,V9,taxi_conventionne,prescription_medicale,1
R0157,P90,outbound,H1,other,V10,taxi_conventionne,prescription_medicale,1
R0157,P90,outbound,H1,other,V11,vsl,prescription_medicale,1
R0157,P90,outbound,H1,other,V12,vsl,prescription_medicale,1
R0157,P90,outbound,H1,other,V13,vsl,prescription_medicale,1
R0157,P90,outbound,H1,other,V14,vsl,prescription_medicale,1
R0157,P90,outbound,H1,other,V15,vsl,prescription_medicale,1
R0157,P90,outbound,H1,other,V16,vsl,prescription_medicale,1
R0157,P90,outbound,H1,other,V17,vsl,prescription_medicale,1
R0157,P90,outbound,H1,other,V18,vtc_premium,prescription_medicale,0
R0157,P90,outbound,H1,other,V19,vtc_premium,prescription_medicale,0
R0157,P90,outbound,H1,other,V20,vtc_premium,prescription_medicale,0
R0158,P90,return,H1,other,V1,taxi_conventionne,prescription_medicale,1
R0158,P90,return,H1,other,V2,taxi_conventionne,prescription_medicale,1
R0158,P90,return,H1,other,V3,taxi_conventionne,prescription_medicale,1
R0158,P90,return,H1,other,V4,taxi_conventionne,prescription_medicale,1
R0158,P90,return,H1,other,V5,taxi_conventionne,prescription_medicale,1
R0158,P90,return,H1,other,V6,taxi_conventionne,prescription_medicale,1
R0158,P90,return,H1,other,V7,taxi_conventionne,prescription_medicale,1
R0158,P90,return,H1,other,V8,taxi_conventionne,prescription_medicale,1
R0158,P90,return,H1,other,V9,taxi_conventionne,prescription_medicale,1
R0158,P90,return,H1,other,V10,taxi_conventionne,prescription_medicale,1
R0158,P90,return,H1,other,V11,vsl,prescription_medicale,1
R0158,P90,return,H1,other,V12,vsl,prescription_medicale,1
R0158,P90,return,H1,other,V13,vsl,prescription_medicale,1
R0158,P90,return,H1,other,V14,vsl,prescription_medicale,1
R0158,P90,return,H1,other,V15,vsl,prescription_medicale,1
R0158,P90,return,H1,other,V16,vsl,prescription_medicale,1
R0158,P90,return,H1,other,V17,vsl,prescription_medicale,1
R0158,P90,return,H1,other,V18,vtc_premium,prescription_medicale,0
R0158,P90,return,H1,other,V19,vtc_premium,prescription_medicale,0
R0158,P90,return,H1,other,V20,vtc_premium,prescription_medicale,0
R0159,P91,outbound,H2,other,V1,taxi_conventionne,premium,1
R0159,P91,outbound,H2,other,V2,taxi_conventionne,premium,1
R0159,P91,outbound,H2,other,V3,taxi_conventionne,premium,1
R0159,P91,outbound,H2,other,V4,taxi_conventionne,premium,1
R0159,P91,outbound,H2,other,V5,taxi_conventionne,premium,1
R0159,P91,outbound,H2,other,V6,taxi_conventionne,premium,1
R0159,P91,outbound,H2,other,V7,taxi_conventionne,premium,1
R0159,P91,outbound,H2,other,V8,taxi_conventionne,premium,1
R0159,P91,outbound,H2,other,V9,taxi_conventionne,premium,1
R0159,P91,outbound,H2,other,V10,taxi_conventionne,premium,1
R0159,P91,outbound,H2,other,V11,vsl,premium,0
R0159,P91,outbound,H2,other,V12,vsl,premium,0
R0159,P91,outbound,H2,other,V13,vsl,premium,0
R0159,P91,outbound,H2,other,V14,vsl,premium,0
R0159,P91,outbound,H2,other,V15,vsl,premium,0
R0159,P91,outbound,H2,other,V16,vsl,premium,0
R0159,P91,outbound,H2,other,V17,vsl,premium,0
R0159,P91,outbound,H2,other,V18,vtc_premium,premium,1
R0159,P91,outbound,H2,other,V19,vtc_premium,premium,1
R0159,P91,outbound,H2,other,V20,vtc_premium,premium,1
R0160,P92,outbound,H1,other,V1,taxi_conventionne,standard_assis,1
R0160,P92,outbound,H1,other,V2,taxi_conventionne,standard_assis,1
R0160,P92,outbound,H1,other,V3,taxi_conventionne,standard_assis,1
R0160,P92,outbound,H1,other,V4,taxi_conventionne,standard_assis,1
R0160,P92,outbound,H1,other,V5,taxi_conventionne,standard_assis,1
R0160,P92,outbound,H1,other,V6,taxi_conventionne,standard_assis,1
R0160,P92,outbound,H1,other,V7,taxi_conventionne,standard_assis,1
R0160,P92,outbound,H1,other,V8,taxi_conventionne,standard_assis,1
R0160,P92,outbound,H1,other,V9,taxi_conventionne,standard_assis,1
R0160,P92,outbound,H1,other,V10,taxi_conventionne,standard_assis,1
R0160,P92,outbound,H1,other,V11,vsl,standard_assis,1
R0160,P92,outbound,H1,other,V12,vsl,standard_assis,1
R0160,P92,outbound,H1,other,V13,vsl,standard_assis,1
R0160,P92,outbound,H1,other,V14,vsl,standard_assis,1
R0160,P92,outbound,H1,other,V15,vsl,standard_assis,1
R0160,P92,outbound,H1,other,V16,vsl,standard_assis,1
R0160,P92,outbound,H1,other,V17,vsl,standard_assis,1
R0160,P92,outbound,H1,other,V18,vtc_premium,standard_assis,1
R0160,P92,outbound,H1,other,V19,vtc_premium,standard_assis,1
R0160,P92,outbound,H1,other,V20,vtc_premium,standard_assis,1
R0161,P92,return,H1,other,V1,taxi_conventionne,standard_assis,1
R0161,P92,return,H1,other,V2,taxi_conventionne,standard_assis,1
R0161,P92,return,H1,other,V3,taxi_conventionne,standard_assis,1
R0161,P92,return,H1,other,V4,taxi_conventionne,standard_assis,1
R0161,P92,return,H1,other,V5,taxi_conventionne,standard_assis,1
R0161,P92,return,H1,other,V6,taxi_conventionne,standard_assis,1
R0161,P92,return,H1,other,V7,taxi_conventionne,standard_assis,1
R0161,P92,return,H1,other,V8,taxi_conventionne,standard_assis,1
R0161,P92,return,H1,other,V9,taxi_conventionne,standard_assis,1
R0161,P92,return,H1,other,V10,taxi_conventionne,standard_assis,1
R0161,P92,return,H1,other,V11,vsl,standard_assis,1
R0161,P92,return,H1,other,V12,vsl,standard_assis,1
R0161,P92,return,H1,other,V13,vsl,standard_assis,1
R0161,P92,return,H1,other,V14,vsl,standard_assis,1
R0161,P92,return,H1,other,V15,vsl,standard_assis,1
R0161,P92,return,H1,other,V16,vsl,standard_assis,1
R0161,P92,return,H1,other,V17,vsl,standard_assis,1
R0161,P92,return,H1,other,V18,vtc_premium,standard_assis,1
R0161,P92,return,H1,other,V19,vtc_premium,standard_assis,1
R0161,P92,return,H1,other,V20,vtc_premium,standard_assis,1
R0162,P93,outbound,H3,dialysis,V1,taxi_conventionne,vsl_required,0
R0162,P93,outbound,H3,dialysis,V2,taxi_conventionne,vsl_required,0
R0162,P93,outbound,H3,dialysis,V3,taxi_conventionne,vsl_required,0
R0162,P93,outbound,H3,dialysis,V4,taxi_conventionne,vsl_required,0
R0162,P93,outbound,H3,dialysis,V5,taxi_conventionne,vsl_required,0
R0162,P93,outbound,H3,dialysis,V6,taxi_conventionne,vsl_required,0
R0162,P93,outbound,H3,dialysis,V7,taxi_conventionne,vsl_required,0
R0162,P93,outbound,H3,dialysis,V8,taxi_conventionne,vsl_required,0
R0162,P93,outbound,H3,dialysis,V9,taxi_conventionne,vsl_required,0
R0162,P93,outbound,H3,dialysis,V10,taxi_conventionne,vsl_required,0
R0162,P93,outbound,H3,dialysis,V11,vsl,vsl_required,1
R0162,P93,outbound,H3,dialysis,V12,vsl,vsl_required,1
R0162,P93,outbound,H3,dialysis,V13,vsl,vsl_required,1
R0162,P93,outbound,H3,dialysis,V14,vsl,vsl_required,1
R0162,P93,outbound,H3,dialysis,V15,vsl,vsl_required,1
R0162,P93,outbound,H3,dialysis,V16,vsl,vsl_required,1
R0162,P93,outbound,H3,dialysis,V17,vsl,vsl_required,1
R0162,P93,outbound,H3,dialysis,V18,vtc_premium,vsl_required,0
R0162,P93,outbound,H3,dialysis,V19,vtc_premium,vsl_required,0
R0162,P93,outbound,H3,dialysis,V20,vtc_premium,vsl_required,0
R0163,P93,return,H3,dialysis,V1,taxi_conventionne,vsl_required,0
R0163,P93,return,H3,dialysis,V2,taxi_conventionne,vsl_required,0
R0163,P93,return,H3,dialysis,V3,taxi_conventionne,vsl_required,0
R0163,P93,return,H3,dialysis,V4,taxi_conventionne,vsl_required,0
R0163,P93,return,H3,dialysis,V5,taxi_conventionne,vsl_required,0
R0163,P93,return,H3,dialysis,V6,taxi_conventionne,vsl_required,0
R0163,P93,return,H3,dialysis,V7,taxi_conventionne,vsl_required,0
R0163,P93,return,H3,dialysis,V8,taxi_conventionne,vsl_required,0
R0163,P93,return,H3,dialysis,V9,taxi_conventionne,vsl_required,0
R0163,P93,return,H3,dialysis,V10,taxi_conventionne,vsl_required,0
R0163,P93,return,H3,dialysis,V11,vsl,vsl_required,1
R0163,P93,return,H3,dialysis,V12,vsl,vsl_required,1
R0163,P93,return,H3,dialysis,V13,vsl,vsl_required,1
R0163,P93,return,H3,dialysis,V14,vsl,vsl_required,1
R0163,P93,return,H3,dialysis,V15,vsl,vsl_required,1
R0163,P93,return,H3,dialysis,V16,vsl,vsl_required,1
R0163,P93,return,H3,dialysis,V17,vsl,vsl_required,1
R0163,P93,return,H3,dialysis,V18,vtc_premium,vsl_required,0
R0163,P93,return,H3,dialysis,V19,vtc_premium,vsl_required,0
R0163,P93,return,H3,dialysis,V20,vtc_premium,vsl_required,0
R0164,P94,outbound,H3,dialysis,V1,taxi_conventionne,vsl_required,0
R0164,P94,outbound,H3,dialysis,V2,taxi_conventionne,vsl_required,0
R0164,P94,outbound,H3,dialysis,V3,taxi_conventionne,vsl_required,0
R0164,P94,outbound,H3,dialysis,V4,taxi_conventionne,vsl_required,0
R0164,P94,outbound,H3,dialysis,V5,taxi_conventionne,vsl_required,0
R0164,P94,outbound,H3,dialysis,V6,taxi_conventionne,vsl_required,0
R0164,P94,outbound,H3,dialysis,V7,taxi_conventionne,vsl_required,0
R0164,P94,outbound,H3,dialysis,V8,taxi_conventionne,vsl_required,0
R0164,P94,outbound,H3,dialysis,V9,taxi_conventionne,vsl_required,0
R0164,P94,outbound,H3,dialysis,V10,taxi_conventionne,vsl_required,0
R0164,P94,outbound,H3,dialysis,V11,vsl,vsl_required,1
R0164,P94,outbound,H3,dialysis,V12,vsl,vsl_required,1
R0164,P94,outbound,H3,dialysis,V13,vsl,vsl_required,1
R0164,P94,outbound,H3,dialysis,V14,vsl,vsl_required,1
R0164,P94,outbound,H3,dialysis,V15,vsl,vsl_required,1
R0164,P94,outbound,H3,dialysis,V16,vsl,vsl_required,1
R0164,P94,outbound,H3,dialysis,V17,vsl,vsl_required,1
R0164,P94,outbound,H3,dialysis,V18,vtc_premium,vsl_required,0
R0164,P94,outbound,H3,dialysis,V19,vtc_premium,vsl_required,0
R0164,P94,outbound,H3,dialysis,V20,vtc_premium,vsl_required,0
R0165,P95,outbound,H1,oncology,V1,taxi_conventionne,prescription_medicale,1
R0165,P95,outbound,H1,oncology,V2,taxi_conventionne,prescription_medicale,1
R0165,P95,outbound,H1,oncology,V3,taxi_conventionne,prescription_medicale,1
R0165,P95,outbound,H1,oncology,V4,taxi_conventionne,prescription_medicale,1
R0165,P95,outbound,H1,oncology,V5,taxi_conventionne,prescription_medicale,1
R0165,P95,outbound,H1,oncology,V6,taxi_conventionne,prescription_medicale,1
R0165,P95,outbound,H1,oncology,V7,taxi_conventionne,prescription_medicale,1
R0165,P95,outbound,H1,oncology,V8,taxi_conventionne,prescription_medicale,1
R0165,P95,outbound,H1,oncology,V9,taxi_conventionne,prescription_medicale,1
R0165,P95,outbound,H1,oncology,V10,taxi_conventionne,prescription_medicale,1
R0165,P95,outbound,H1,oncology,V11,vsl,prescription_medicale,1
R0165,P95,outbound,H1,oncology,V12,vsl,prescription_medicale,1
R0165,P95,outbound,H1,oncology,V13,vsl,prescription_medicale,1
R0165,P95,outbound,H1,oncology,V14,vsl,prescription_medicale,1
R0165,P95,outbound,H1,oncology,V15,vsl,prescription_medicale,1
R0165,P95,outbound,H1,oncology,V16,vsl,prescription_medicale,1
R0165,P95,outbound,H1,oncology,V17,vsl,prescription_medicale,1
R0165,P95,outbound,H1,oncology,V18,vtc_premium,prescription_medicale,0
R0165,P95,outbound,H1,oncology,V19,vtc_premium,prescription_medicale,0
R0165,P95,outbound,H1,oncology,V20,vtc_premium,prescription_medicale,0
R0166,P95,return,H1,oncology,V1,taxi_conventionne,prescription_medicale,1
R0166,P95,return,H1,oncology,V2,taxi_conventionne,prescription_medicale,1
R0166,P95,return,H1,oncology,V3,taxi_conventionne,prescription_medicale,1
R0166,P95,return,H1,oncology,V4,taxi_conventionne,prescription_medicale,1
R0166,P95,return,H1,oncology,V5,taxi_conventionne,prescription_medicale,1
R0166,P95,return,H1,oncology,V6,taxi_conventionne,prescription_medicale,1
R0166,P95,return,H1,oncology,V7,taxi_conventionne,prescription_medicale,1
R0166,P95,return,H1,oncology,V8,taxi_conventionne,prescription_medicale,1
R0166,P95,return,H1,oncology,V9,taxi_conventionne,prescription_medicale,1
R0166,P95,return,H1,oncology,V10,taxi_conventionne,prescription_medicale,1
R0166,P95,return,H1,oncology,V11,vsl,prescription_medicale,1
R0166,P95,return,H1,oncology,V12,vsl,prescription_medicale,1
R0166,P95,return,H1,oncology,V13,vsl,prescription_medicale,1
R0166,P95,return,H1,oncology,V14,vsl,prescription_medicale,1
R0166,P95,return,H1,oncology,V15,vsl,prescription_medicale,1
R0166,P95,return,H1,oncology,V16,vsl,prescription_medicale,1
R0166,P95,return,H1,oncology,V17,vsl,prescription_medicale,1
R0166,P95,return,H1,oncology,V18,vtc_premium,prescription_medicale,0
R0166,P95,return,H1,oncology,V19,vtc_premium,prescription_medicale,0
R0166,P95,return,H1,oncology,V20,vtc_premium,prescription_medicale,0
R0167,P96,outbound,H1,dialysis,V1,taxi_conventionne,vsl_required,0
R0167,P96,outbound,H1,dialysis,V2,taxi_conventionne,vsl_required,0
R0167,P96,outbound,H1,dialysis,V3,taxi_conventionne,vsl_required,0
R0167,P96,outbound,H1,dialysis,V4,taxi_conventionne,vsl_required,0
R0167,P96,outbound,H1,dialysis,V5,taxi_conventionne,vsl_required,0
R0167,P96,outbound,H1,dialysis,V6,taxi_conventionne,vsl_required,0
R0167,P96,outbound,H1,dialysis,V7,taxi_conventionne,vsl_required,0
R0167,P96,outbound,H1,dialysis,V8,taxi_conventionne,vsl_required,0
R0167,P96,outbound,H1,dialysis,V9,taxi_conventionne,vsl_required,0
R0167,P96,outbound,H1,dialysis,V10,taxi_conventionne,vsl_required,0
R0167,P96,outbound,H1,dialysis,V11,vsl,vsl_required,1
R0167,P96,outbound,H1,dialysis,V12,vsl,vsl_required,1
R0167,P96,outbound,H1,dialysis,V13,vsl,vsl_required,1
R0167,P96,outbound,H1,dialysis,V14,vsl,vsl_required,1
R0167,P96,outbound,H1,dialysis,V15,vsl,vsl_required,1
R0167,P96,outbound,H1,dialysis,V16,vsl,vsl_required,1
R0167,P96,outbound,H1,dialysis,V17,vsl,vsl_required,1
R0167,P96,outbound,H1,dialysis,V18,vtc_premium,vsl_required,0
R0167,P96,outbound,H1,dialysis,V19,vtc_premium,vsl_required,0
R0167,P96,outbound,H1,dialysis,V20,vtc_premium,vsl_required,0
R0168,P97,outbound,H1,oncology,V1,taxi_conventionne,standard_assis,1
R0168,P97,outbound,H1,oncology,V2,taxi_conventionne,standard_assis,1
R0168,P97,outbound,H1,oncology,V3,taxi_conventionne,standard_assis,1
R0168,P97,outbound,H1,oncology,V4,taxi_conventionne,standard_assis,1
R0168,P97,outbound,H1,oncology,V5,taxi_conventionne,standard_assis,1
R0168,P97,outbound,H1,oncology,V6,taxi_conventionne,standard_assis,1
R0168,P97,outbound,H1,oncology,V7,taxi_conventionne,standard_assis,1
R0168,P97,outbound,H1,oncology,V8,taxi_conventionne,standard_assis,1
R0168,P97,outbound,H1,oncology,V9,taxi_conventionne,standard_assis,1
R0168,P97,outbound,H1,oncology,V10,taxi_conventionne,standard_assis,1
R0168,P97,outbound,H1,oncology,V11,vsl,standard_assis,1
R0168,P97,outbound,H1,oncology,V12,vsl,standard_assis,1
R0168,P97,outbound,H1,oncology,V13,vsl,standard_assis,1
R0168,P97,outbound,H1,oncology,V14,vsl,standard_assis,1
R0168,P97,outbound,H1,oncology,V15,vsl,standard_assis,1
R0168,P97,outbound,H1,oncology,V16,vsl,standard_assis,1
R0168,P97,outbound,H1,oncology,V17,vsl,standard_assis,1
R0168,P97,outbound,H1,oncology,V18,vtc_premium,standard_assis,1
R0168,P97,outbound,H1,oncology,V19,vtc_premium,standard_assis,1
R0168,P97,outbound,H1,oncology,V20,vtc_premium,standard_assis,1
R0169,P97,return,H1,oncology,V1,taxi_conventionne,standard_assis,1
R0169,P97,return,H1,oncology,V2,taxi_conventionne,standard_assis,1
R0169,P97,return,H1,oncology,V3,taxi_conventionne,standard_assis,1
R0169,P97,return,H1,oncology,V4,taxi_conventionne,standard_assis,1
R0169,P97,return,H1,oncology,V5,taxi_conventionne,standard_assis,1
R0169,P97,return,H1,oncology,V6,taxi_conventionne,standard_assis,1
R0169,P97,return,H1,oncology,V7,taxi_conventionne,standard_assis,1
R0169,P97,return,H1,oncology,V8,taxi_conventionne,standard_assis,1
R0169,P97,return,H1,oncology,V9,taxi_conventionne,standard_assis,1
R0169,P97,return,H1,oncology,V10,taxi_conventionne,standard_assis,1
R0169,P97,return,H1,oncology,V11,vsl,standard_assis,1
R0169,P97,return,H1,oncology,V12,vsl,standard_assis,1
R0169,P97,return,H1,oncology,V13,vsl,standard_assis,1
R0169,P97,return,H1,oncology,V14,vsl,standard_assis,1
R0169,P97,return,H1,oncology,V15,vsl,standard_assis,1
R0169,P97,return,H1,oncology,V16,vsl,standard_assis,1
R0169,P97,return,H1,oncology,V17,vsl,standard_assis,1
R0169,P97,return,H1,oncology,V18,vtc_premium,standard_assis,1
R0169,P97,return,H1,oncology,V19,vtc_premium,standard_assis,1
R0169,P97,return,H1,oncology,V20,vtc_premium,standard_assis,1
R0170,P98,outbound,H1,oncology,V1,taxi_conventionne,vsl_required,0
R0170,P98,outbound,H1,oncology,V2,taxi_conventionne,vsl_required,0
R0170,P98,outbound,H1,oncology,V3,taxi_conventionne,vsl_required,0
R0170,P98,outbound,H1,oncology,V4,taxi_conventionne,vsl_required,0
R0170,P98,outbound,H1,oncology,V5,taxi_conventionne,vsl_required,0
R0170,P98,outbound,H1,oncology,V6,taxi_conventionne,vsl_required,0
R0170,P98,outbound,H1,oncology,V7,taxi_conventionne,vsl_required,0
R0170,P98,outbound,H1,oncology,V8,taxi_conventionne,vsl_required,0
R0170,P98,outbound,H1,oncology,V9,taxi_conventionne,vsl_required,0
R0170,P98,outbound,H1,oncology,V10,taxi_conventionne,vsl_required,0
R0170,P98,outbound,H1,oncology,V11,vsl,vsl_required,1
R0170,P98,outbound,H1,oncology,V12,vsl,vsl_required,1
R0170,P98,outbound,H1,oncology,V13,vsl,vsl_required,1
R0170,P98,outbound,H1,oncology,V14,vsl,vsl_required,1
R0170,P98,outbound,H1,oncology,V15,vsl,vsl_required,1
R0170,P98,outbound,H1,oncology,V16,vsl,vsl_required,1
R0170,P98,outbound,H1,oncology,V17,vsl,vsl_required,1
R0170,P98,outbound,H1,oncology,V18,vtc_premium,vsl_required,0
R0170,P98,outbound,H1,oncology,V19,vtc_premium,vsl_required,0
R0170,P98,outbound,H1,oncology,V20,vtc_premium,vsl_required,0
R0171,P98,return,H1,oncology,V1,taxi_conventionne,vsl_required,0
R0171,P98,return,H1,oncology,V2,taxi_conventionne,vsl_required,0
R0171,P98,return,H1,oncology,V3,taxi_conventionne,vsl_required,0
R0171,P98,return,H1,oncology,V4,taxi_conventionne,vsl_required,0
R0171,P98,return,H1,oncology,V5,taxi_conventionne,vsl_required,0
R0171,P98,return,H1,oncology,V6,taxi_conventionne,vsl_required,0
R0171,P98,return,H1,oncology,V7,taxi_conventionne,vsl_required,0
R0171,P98,return,H1,oncology,V8,taxi_conventionne,vsl_required,0
R0171,P98,return,H1,oncology,V9,taxi_conventionne,vsl_required,0
R0171,P98,return,H1,oncology,V10,taxi_conventionne,vsl_required,0
R0171,P98,return,H1,oncology,V11,vsl,vsl_required,1
R0171,P98,return,H1,oncology,V12,vsl,vsl_required,1
R0171,P98,return,H1,oncology,V13,vsl,vsl_required,1
R0171,P98,return,H1,oncology,V14,vsl,vsl_required,1
R0171,P98,return,H1,oncology,V15,vsl,vsl_required,1
R0171,P98,return,H1,oncology,V16,vsl,vsl_required,1
R0171,P98,return,H1,oncology,V17,vsl,vsl_required,1
R0171,P98,return,H1,oncology,V18,vtc_premium,vsl_required,0
R0171,P98,return,H1,oncology,V19,vtc_premium,vsl_required,0
R0171,P98,return,H1,oncology,V20,vtc_premium,vsl_required,0
R0172,P99,outbound,H1,oncology,V1,taxi_conventionne,vsl_required,0
R0172,P99,outbound,H1,oncology,V2,taxi_conventionne,vsl_required,0
R0172,P99,outbound,H1,oncology,V3,taxi_conventionne,vsl_required,0
R0172,P99,outbound,H1,oncology,V4,taxi_conventionne,vsl_required,0
R0172,P99,outbound,H1,oncology,V5,taxi_conventionne,vsl_required,0
R0172,P99,outbound,H1,oncology,V6,taxi_conventionne,vsl_required,0
R0172,P99,outbound,H1,oncology,V7,taxi_conventionne,vsl_required,0
R0172,P99,outbound,H1,oncology,V8,taxi_conventionne,vsl_required,0
R0172,P99,outbound,H1,oncology,V9,taxi_conventionne,vsl_required,0
R0172,P99,outbound,H1,oncology,V10,taxi_conventionne,vsl_required,0
R0172,P99,outbound,H1,oncology,V11,vsl,vsl_required,1
R0172,P99,outbound,H1,oncology,V12,vsl,vsl_required,1
R0172,P99,outbound,H1,oncology,V13,vsl,vsl_required,1
R0172,P99,outbound,H1,oncology,V14,vsl,vsl_required,1
R0172,P99,outbound,H1,oncology,V15,vsl,vsl_required,1
R0172,P99,outbound,H1,oncology,V16,vsl,vsl_required,1
R0172,P99,outbound,H1,oncology,V17,vsl,vsl_required,1
R0172,P99,outbound,H1,oncology,V18,vtc_premium,vsl_required,0
R0172,P99,outbound,H1,oncology,V19,vtc_premium,vsl_required,0
R0172,P99,outbound,H1,oncology,V20,vtc_premium,vsl_required,0
R0173,P99,return,H1,oncology,V1,taxi_conventionne,vsl_required,0
R0173,P99,return,H1,oncology,V2,taxi_conventionne,vsl_required,0
R0173,P99,return,H1,oncology,V3,taxi_conventionne,vsl_required,0
R0173,P99,return,H1,oncology,V4,taxi_conventionne,vsl_required,0
R0173,P99,return,H1,oncology,V5,taxi_conventionne,vsl_required,0
R0173,P99,return,H1,oncology,V6,taxi_conventionne,vsl_required,0
R0173,P99,return,H1,oncology,V7,taxi_conventionne,vsl_required,0
R0173,P99,return,H1,oncology,V8,taxi_conventionne,vsl_required,0
R0173,P99,return,H1,oncology,V9,taxi_conventionne,vsl_required,0
R0173,P99,return,H1,oncology,V10,taxi_conventionne,vsl_required,0
R0173,P99,return,H1,oncology,V11,vsl,vsl_required,1
R0173,P99,return,H1,oncology,V12,vsl,vsl_required,1
R0173,P99,return,H1,oncology,V13,vsl,vsl_required,1
R0173,P99,return,H1,oncology,V14,vsl,vsl_required,1
R0173,P99,return,H1,oncology,V15,vsl,vsl_required,1
R0173,P99,return,H1,oncology,V16,vsl,vsl_required,1
R0173,P99,return,H1,oncology,V17,vsl,vsl_required,1
R0173,P99,return,H1,oncology,V18,vtc_premium,vsl_required,0
R0173,P99,return,H1,oncology,V19,vtc_premium,vsl_required,0
R0173,P99,return,H1,oncology,V20,vtc_premium,vsl_required,0
R0174,P100,outbound,H1,other,V1,taxi_conventionne,standard_assis,1
R0174,P100,outbound,H1,other,V2,taxi_conventionne,standard_assis,1
R0174,P100,outbound,H1,other,V3,taxi_conventionne,standard_assis,1
R0174,P100,outbound,H1,other,V4,taxi_conventionne,standard_assis,1
R0174,P100,outbound,H1,other,V5,taxi_conventionne,standard_assis,1
R0174,P100,outbound,H1,other,V6,taxi_conventionne,standard_assis,1
R0174,P100,outbound,H1,other,V7,taxi_conventionne,standard_assis,1
R0174,P100,outbound,H1,other,V8,taxi_conventionne,standard_assis,1
R0174,P100,outbound,H1,other,V9,taxi_conventionne,standard_assis,1
R0174,P100,outbound,H1,other,V10,taxi_conventionne,standard_assis,1
R0174,P100,outbound,H1,other,V11,vsl,standard_assis,1
R0174,P100,outbound,H1,other,V12,vsl,standard_assis,1
R0174,P100,outbound,H1,other,V13,vsl,standard_assis,1
R0174,P100,outbound,H1,other,V14,vsl,standard_assis,1
R0174,P100,outbound,H1,other,V15,vsl,standard_assis,1
R0174,P100,outbound,H1,other,V16,vsl,standard_assis,1
R0174,P100,outbound,H1,other,V17,vsl,standard_assis,1
R0174,P100,outbound,H1,other,V18,vtc_premium,standard_assis,1
R0174,P100,outbound,H1,other,V19,vtc_premium,standard_assis,1
R0174,P100,outbound,H1,other,V20,vtc_premium,standard_assis,1
R0175,P100,return,H1,other,V1,taxi_conventionne,standard_assis,1
R0175,P100,return,H1,other,V2,taxi_conventionne,standard_assis,1
R0175,P100,return,H1,other,V3,taxi_conventionne,standard_assis,1
R0175,P100,return,H1,other,V4,taxi_conventionne,standard_assis,1
R0175,P100,return,H1,other,V5,taxi_conventionne,standard_assis,1
R0175,P100,return,H1,other,V6,taxi_conventionne,standard_assis,1
R0175,P100,return,H1,other,V7,taxi_conventionne,standard_assis,1
R0175,P100,return,H1,other,V8,taxi_conventionne,standard_assis,1
R0175,P100,return,H1,other,V9,taxi_conventionne,standard_assis,1
R0175,P100,return,H1,other,V10,taxi_conventionne,standard_assis,1
R0175,P100,return,H1,other,V11,vsl,standard_assis,1
R0175,P100,return,H1,other,V12,vsl,standard_assis,1
R0175,P100,return,H1,other,V13,vsl,standard_assis,1
R0175,P100,return,H1,other,V14,vsl,standard_assis,1
R0175,P100,return,H1,other,V15,vsl,standard_assis,1
R0175,P100,return,H1,other,V16,vsl,standard_assis,1
R0175,P100,return,H1,other,V17,vsl,standard_assis,1
R0175,P100,return,H1,other,V18,vtc_premium,standard_assis,1
R0175,P100,return,H1,other,V19,vtc_premium,standard_assis,1
R0175,P100,return,H1,other,V20,vtc_premium,standard_assis,1
